sub	subl	prop	propl	obj	obj_t	obj_l
http://rdf.freebase.com/ns/m.0qwjr	Dover	http://rdf.freebase.com/key/authority.gnis	gnis	79133	http://www.w3.org/2001/XMLSchema#string	
http://rdf.freebase.com/ns/m.0qwjr	Dover	http://rdf.freebase.com/key/authority.hud.countyplace	countyplace	0511519600	http://www.w3.org/2001/XMLSchema#string	
http://rdf.freebase.com/ns/m.0qwjr	Dover	http://rdf.freebase.com/key/authority.nist.fips.55	55	0519600	http://www.w3.org/2001/XMLSchema#string	
http://rdf.freebase.com/ns/m.0qwjr	Dover	http://rdf.freebase.com/key/base.dspl.us_census.population.place	place	0519600	http://www.w3.org/2001/XMLSchema#string	
http://rdf.freebase.com/ns/m.0qwjr	Dover	http://rdf.freebase.com/key/en	com/key/en	dover_arkansas	http://www.w3.org/2001/XMLSchema#string	
http://rdf.freebase.com/ns/m.0qwjr	Dover	http://rdf.freebase.com/key/wikipedia.en	en	Dover,_AR	http://www.w3.org/2001/XMLSchema#string	
http://rdf.freebase.com/ns/m.0qwjr	Dover	http://rdf.freebase.com/key/wikipedia.en	en	Dover,_Ar	http://www.w3.org/2001/XMLSchema#string	
http://rdf.freebase.com/ns/m.0qwjr	Dover	http://rdf.freebase.com/key/wikipedia.en	en	Dover,_Arkansas	http://www.w3.org/2001/XMLSchema#string	
http://rdf.freebase.com/ns/m.0qwjr	Dover	http://rdf.freebase.com/key/wikipedia.en_id	en_id	107205	http://www.w3.org/2001/XMLSchema#string	
http://rdf.freebase.com/ns/m.0qwjr	Dover	http://rdf.freebase.com/key/wikipedia.en_title	en_title	Dover,_Arkansas	http://www.w3.org/2001/XMLSchema#string	
http://rdf.freebase.com/ns/m.0qwjr	Dover	http://rdf.freebase.com/ns/base.wikipedia_infobox.settlement.area_code	Area code	http://rdf.freebase.com/ns/m.0f9w55	entity	Area code 479
http://rdf.freebase.com/ns/m.0qwjr	Dover	http://rdf.freebase.com/ns/common.topic.alias	Also known as	Dover, Arkansas	http://www.w3.org/1999/02/22-rdf-syntax-ns#langString	
http://rdf.freebase.com/ns/m.0qwjr	Dover	http://rdf.freebase.com/ns/common.topic.alias	Also known as	Pope County / Dover city	http://www.w3.org/1999/02/22-rdf-syntax-ns#langString	
http://rdf.freebase.com/ns/m.0qwjr	Dover	http://rdf.freebase.com/ns/common.topic.article	Article	Dover is a small town in Pope County, Arkansas, United States. The population was 1,329 at the 2000 census. It is part of the Russellville Micropolitan Statistical Area. Dover is located at 35°24′2″N 93°6′45″W﻿ / ﻿35.40056°N 93.1125°W﻿ / 35.40056; -93.1125 (35.400597, -93.112534). According to the United States Census Bureau, the city has a total area of 1.8 square miles (4.7 km), all land. As of the census of 2000, there were 1,329 people, 529 households, and 372 families residing in the city. The population density was 732.7 people per square mile (283.5/km²). There were 579 housing units at an average density of 319.2 per square mile (123.5/km²). The racial makeup of the city was 97.37% White, 0.23% Black or African American, 0.68% Native American, 0.15% Asian, 0.60% from other races, and 0.98% from two or more races. 1.96% of the population were Hispanic or Latino of any race. There were 529 households out of which 37.4% had children under the age of 18 living with them, 48.6% were married couples living together, 16.6% had a female householder with no husband present, and 29.5% were non-families. 26.8% of all households were made up of individuals and 14.2% had someone living	http://www.w3.org/1999/02/22-rdf-syntax-ns#langString	
http://rdf.freebase.com/ns/m.0qwjr	Dover	http://rdf.freebase.com/ns/common.topic.description	Description	Dover is a small town in Pope County, Arkansas, United States. The population was 1,329 at the 2000 census. It is part of the Russellville Micropolitan Statistical Area.	http://www.w3.org/1999/02/22-rdf-syntax-ns#langString	
http://rdf.freebase.com/ns/m.0qwjr	Dover	http://rdf.freebase.com/ns/common.topic.image	Image	http://rdf.freebase.com/ns/m.0294d9_	entity	Location of Dover, Arkansas
http://rdf.freebase.com/ns/m.0qwjr	Dover	http://rdf.freebase.com/ns/common.topic.image	Image	http://rdf.freebase.com/ns/m.05pm090	entity	"main street" Dover
http://rdf.freebase.com/ns/m.0qwjr	Dover	http://rdf.freebase.com/ns/common.topic.notable_for	Notable for	City/Town/Village	http://www.w3.org/1999/02/22-rdf-syntax-ns#langString	
http://rdf.freebase.com/ns/m.0qwjr	Dover	http://rdf.freebase.com/ns/common.topic.notable_types	Notable types	http://rdf.freebase.com/ns/m.01m9	entity	City/Town/Village
http://rdf.freebase.com/ns/m.0qwjr	Dover	http://rdf.freebase.com/ns/common.topic.topic_equivalent_webpage	Topic equivalent webpage	http://ar.wikipedia.org/wiki/%2F%48%41%31_(%23%31%43%46%33%27%33)	uri	null
http://rdf.freebase.com/ns/m.0qwjr	Dover	http://rdf.freebase.com/ns/common.topic.topic_equivalent_webpage	Topic equivalent webpage	http://ar.wikipedia.org/wiki/index.html?curid=1962494	uri	null
http://rdf.freebase.com/ns/m.0qwjr	Dover	http://rdf.freebase.com/ns/common.topic.topic_equivalent_webpage	Topic equivalent webpage	http://ca.wikipedia.org/wiki/Dover_(Arkansas)	uri	null
http://rdf.freebase.com/ns/m.0qwjr	Dover	http://rdf.freebase.com/ns/common.topic.topic_equivalent_webpage	Topic equivalent webpage	http://ca.wikipedia.org/wiki/index.html?curid=675011	uri	null
http://rdf.freebase.com/ns/m.0qwjr	Dover	http://rdf.freebase.com/ns/common.topic.topic_equivalent_webpage	Topic equivalent webpage	http://en.wikipedia.org/wiki/Dover,_Arkansas	uri	null
http://rdf.freebase.com/ns/m.0qwjr	Dover	http://rdf.freebase.com/ns/common.topic.topic_equivalent_webpage	Topic equivalent webpage	http://en.wikipedia.org/wiki/index.html?curid=107205	uri	null
http://rdf.freebase.com/ns/m.0qwjr	Dover	http://rdf.freebase.com/ns/common.topic.topic_equivalent_webpage	Topic equivalent webpage	http://es.wikipedia.org/wiki/Dover_(Arkansas)	uri	null
http://rdf.freebase.com/ns/m.0qwjr	Dover	http://rdf.freebase.com/ns/common.topic.topic_equivalent_webpage	Topic equivalent webpage	http://es.wikipedia.org/wiki/index.html?curid=1305807	uri	null
http://rdf.freebase.com/ns/m.0qwjr	Dover	http://rdf.freebase.com/ns/common.topic.topic_equivalent_webpage	Topic equivalent webpage	http://fa.wikipedia.org/wiki/%2F%48%48%31_(%22%31%A9%27%46%32%27%33)	uri	null
http://rdf.freebase.com/ns/m.0qwjr	Dover	http://rdf.freebase.com/ns/common.topic.topic_equivalent_webpage	Topic equivalent webpage	http://fa.wikipedia.org/wiki/index.html?curid=2350846	uri	null
http://rdf.freebase.com/ns/m.0qwjr	Dover	http://rdf.freebase.com/ns/common.topic.topic_equivalent_webpage	Topic equivalent webpage	http://fr.wikipedia.org/wiki/Dover_(Arkansas)	uri	null
http://rdf.freebase.com/ns/m.0qwjr	Dover	http://rdf.freebase.com/ns/common.topic.topic_equivalent_webpage	Topic equivalent webpage	http://fr.wikipedia.org/wiki/index.html?curid=1648677	uri	null
http://rdf.freebase.com/ns/m.0qwjr	Dover	http://rdf.freebase.com/ns/common.topic.topic_equivalent_webpage	Topic equivalent webpage	http://geonames.usgs.gov/pls/gnispublic/f?p=gnispq:3:::NO::P3_FID:79133	uri	null
http://rdf.freebase.com/ns/m.0qwjr	Dover	http://rdf.freebase.com/ns/common.topic.topic_equivalent_webpage	Topic equivalent webpage	http://it.wikipedia.org/wiki/Dover_(Arkansas)	uri	null
http://rdf.freebase.com/ns/m.0qwjr	Dover	http://rdf.freebase.com/ns/common.topic.topic_equivalent_webpage	Topic equivalent webpage	http://it.wikipedia.org/wiki/index.html?curid=5279538	uri	null
http://rdf.freebase.com/ns/m.0qwjr	Dover	http://rdf.freebase.com/ns/common.topic.topic_equivalent_webpage	Topic equivalent webpage	http://nl.wikipedia.org/wiki/Dover_(Arkansas)	uri	null
http://rdf.freebase.com/ns/m.0qwjr	Dover	http://rdf.freebase.com/ns/common.topic.topic_equivalent_webpage	Topic equivalent webpage	http://nl.wikipedia.org/wiki/index.html?curid=997547	uri	null
http://rdf.freebase.com/ns/m.0qwjr	Dover	http://rdf.freebase.com/ns/common.topic.topic_equivalent_webpage	Topic equivalent webpage	http://pl.wikipedia.org/wiki/Dover_(Arkansas)	uri	null
http://rdf.freebase.com/ns/m.0qwjr	Dover	http://rdf.freebase.com/ns/common.topic.topic_equivalent_webpage	Topic equivalent webpage	http://pl.wikipedia.org/wiki/index.html?curid=3287290	uri	null
http://rdf.freebase.com/ns/m.0qwjr	Dover	http://rdf.freebase.com/ns/common.topic.topic_equivalent_webpage	Topic equivalent webpage	http://pt.wikipedia.org/wiki/Dover_(Arkansas)	uri	null
http://rdf.freebase.com/ns/m.0qwjr	Dover	http://rdf.freebase.com/ns/common.topic.topic_equivalent_webpage	Topic equivalent webpage	http://pt.wikipedia.org/wiki/index.html?curid=1355092	uri	null
http://rdf.freebase.com/ns/m.0qwjr	Dover	http://rdf.freebase.com/ns/common.topic.topic_equivalent_webpage	Topic equivalent webpage	http://sr.wikipedia.org/wiki/%14%3E%32%35%40_(%10%40%3A%30%3D%37%30%41)	uri	null
http://rdf.freebase.com/ns/m.0qwjr	Dover	http://rdf.freebase.com/ns/common.topic.topic_equivalent_webpage	Topic equivalent webpage	http://sr.wikipedia.org/wiki/index.html?curid=757108	uri	null
http://rdf.freebase.com/ns/m.0qwjr	Dover	http://rdf.freebase.com/ns/common.topic.topic_equivalent_webpage	Topic equivalent webpage	http://vi.wikipedia.org/wiki/Dover,_Arkansas	uri	null
http://rdf.freebase.com/ns/m.0qwjr	Dover	http://rdf.freebase.com/ns/common.topic.topic_equivalent_webpage	Topic equivalent webpage	http://vi.wikipedia.org/wiki/index.html?curid=1581519	uri	null
http://rdf.freebase.com/ns/m.0qwjr	Dover	http://rdf.freebase.com/ns/kg.object_profile.prominent_type	prominent type	http://rdf.freebase.com/ns/location.citytown	entity	City/Town/Village
http://rdf.freebase.com/ns/m.0qwjr	Dover	http://rdf.freebase.com/ns/location.citytown.postal_codes	Postal codes	http://rdf.freebase.com/ns/m.03dn811	entity	72837
http://rdf.freebase.com/ns/m.0qwjr	Dover	http://rdf.freebase.com/ns/location.hud_county_place.county	County	http://rdf.freebase.com/ns/m.0p2sb	entity	Pope County
http://rdf.freebase.com/ns/m.0qwjr	Dover	http://rdf.freebase.com/ns/location.hud_county_place.countyplace_id	County Place ID	0511519600	http://www.w3.org/2001/XMLSchema#string	
http://rdf.freebase.com/ns/m.0qwjr	Dover	http://rdf.freebase.com/ns/location.hud_county_place.place	Place	http://rdf.freebase.com/ns/m.0qwjr	entity	Dover
http://rdf.freebase.com/ns/m.0qwjr	Dover	http://rdf.freebase.com/ns/location.hud_foreclosure_area.bls_unemployment_rate	BLS Unemployment Rate (%)	0.0516	http://www.w3.org/2001/XMLSchema#string	
http://rdf.freebase.com/ns/m.0qwjr	Dover	http://rdf.freebase.com/ns/location.hud_foreclosure_area.estimated_number_foreclosures	Estimated Number of Foreclosures	8	http://www.w3.org/2001/XMLSchema#string	
http://rdf.freebase.com/ns/m.0qwjr	Dover	http://rdf.freebase.com/ns/location.hud_foreclosure_area.estimated_number_of_mortgages	Estimated Number of Mortgages	237	http://www.w3.org/2001/XMLSchema#string	
http://rdf.freebase.com/ns/m.0qwjr	Dover	http://rdf.freebase.com/ns/location.hud_foreclosure_area.hhuniv	Household Count	541	http://www.w3.org/2001/XMLSchema#string	
http://rdf.freebase.com/ns/m.0qwjr	Dover	http://rdf.freebase.com/ns/location.hud_foreclosure_area.ofheo_price_change	OFHEO Price Change (%)	0.0	http://www.w3.org/2001/XMLSchema#string	
http://rdf.freebase.com/ns/m.0qwjr	Dover	http://rdf.freebase.com/ns/location.hud_foreclosure_area.total_90_day_vacant_residential_addresses	90-Day Vacant Residential Addresses	2	http://www.w3.org/2001/XMLSchema#string	
http://rdf.freebase.com/ns/m.0qwjr	Dover	http://rdf.freebase.com/ns/location.hud_foreclosure_area.total_residential_addresses	Total Residential Addresses	542	http://www.w3.org/2001/XMLSchema#string	
http://rdf.freebase.com/ns/m.0qwjr	Dover	http://rdf.freebase.com/ns/location.location.area	Area	4.6619785986	http://www.w3.org/2001/XMLSchema#string	
http://rdf.freebase.com/ns/m.0qwjr	Dover	http://rdf.freebase.com/ns/location.location.containedby	Contained by	http://rdf.freebase.com/ns/m.09c7w0	entity	United States of America
http://rdf.freebase.com/ns/m.0qwjr	Dover	http://rdf.freebase.com/ns/location.location.containedby	Contained by	http://rdf.freebase.com/ns/m.0p2sb	entity	Pope County
http://rdf.freebase.com/ns/m.0qwjr	Dover	http://rdf.freebase.com/ns/location.location.containedby	Contained by	http://rdf.freebase.com/ns/m.0vbk	entity	Arkansas
http://rdf.freebase.com/ns/m.0qwjr	Dover	http://rdf.freebase.com/ns/location.location.gnis_feature_id	GNIS ID	79133	http://www.w3.org/2001/XMLSchema#string	
http://rdf.freebase.com/ns/m.0qwjr	Dover	http://rdf.freebase.com/ns/location.location.time_zones	Time zone(s)	http://rdf.freebase.com/ns/m.02fqwt	entity	Central Time Zone
http://rdf.freebase.com/ns/m.0qwjr	Dover	http://rdf.freebase.com/ns/location.statistical_region.population	Population	1250	http://www.w3.org/2001/XMLSchema#string	
http://rdf.freebase.com/ns/m.0qwjr	Dover	http://rdf.freebase.com/ns/location.statistical_region.population	Population	1271	http://www.w3.org/2001/XMLSchema#string	
http://rdf.freebase.com/ns/m.0qwjr	Dover	http://rdf.freebase.com/ns/location.statistical_region.population	Population	1286	http://www.w3.org/2001/XMLSchema#string	
http://rdf.freebase.com/ns/m.0qwjr	Dover	http://rdf.freebase.com/ns/location.statistical_region.population	Population	1299	http://www.w3.org/2001/XMLSchema#string	
http://rdf.freebase.com/ns/m.0qwjr	Dover	http://rdf.freebase.com/ns/location.statistical_region.population	Population	1314	http://www.w3.org/2001/XMLSchema#string	
http://rdf.freebase.com/ns/m.0qwjr	Dover	http://rdf.freebase.com/ns/location.statistical_region.population	Population	1329	http://www.w3.org/2001/XMLSchema#string	
http://rdf.freebase.com/ns/m.0qwjr	Dover	http://rdf.freebase.com/ns/location.statistical_region.population	Population	1339	http://www.w3.org/2001/XMLSchema#string	
http://rdf.freebase.com/ns/m.0qwjr	Dover	http://rdf.freebase.com/ns/location.statistical_region.population	Population	1344	http://www.w3.org/2001/XMLSchema#string	
http://rdf.freebase.com/ns/m.0qwjr	Dover	http://rdf.freebase.com/ns/location.statistical_region.population	Population	1349	http://www.w3.org/2001/XMLSchema#string	
http://rdf.freebase.com/ns/m.0qwjr	Dover	http://rdf.freebase.com/ns/location.statistical_region.population	Population	1354	http://www.w3.org/2001/XMLSchema#string	
http://rdf.freebase.com/ns/m.0qwjr	Dover	http://rdf.freebase.com/ns/location.statistical_region.population	Population	1362	http://www.w3.org/2001/XMLSchema#string	
http://rdf.freebase.com/ns/m.0qwjr	Dover	http://rdf.freebase.com/ns/location.statistical_region.population	Population	1364	http://www.w3.org/2001/XMLSchema#string	
http://rdf.freebase.com/ns/m.0qwjr	Dover	http://rdf.freebase.com/ns/location.statistical_region.population	Population	1374	http://www.w3.org/2001/XMLSchema#string	
http://rdf.freebase.com/ns/m.0qwjr	Dover	http://rdf.freebase.com/ns/location.statistical_region.population	Population	1376	http://www.w3.org/2001/XMLSchema#string	
http://rdf.freebase.com/ns/m.0qwjr	Dover	http://rdf.freebase.com/ns/location.statistical_region.population	Population	1381	http://www.w3.org/2001/XMLSchema#string	
http://rdf.freebase.com/ns/m.0qwjr	Dover	http://rdf.freebase.com/ns/location.statistical_region.population	Population	1382	http://www.w3.org/2001/XMLSchema#string	
http://rdf.freebase.com/ns/m.0qwjr	Dover	http://rdf.freebase.com/ns/location.statistical_region.population	Population	1387	http://www.w3.org/2001/XMLSchema#string	
http://rdf.freebase.com/ns/m.0qwjr	Dover	http://rdf.freebase.com/ns/location.statistical_region.population	Population	1388	http://www.w3.org/2001/XMLSchema#string	
http://rdf.freebase.com/ns/m.0qwjr	Dover	http://rdf.freebase.com/ns/location.statistical_region.population	Population	1390	http://www.w3.org/2001/XMLSchema#string	
http://rdf.freebase.com/ns/m.0qwjr	Dover	http://rdf.freebase.com/ns/location.statistical_region.population	Population	1391	http://www.w3.org/2001/XMLSchema#string	
http://rdf.freebase.com/ns/m.0qwjr	Dover	http://rdf.freebase.com/ns/location.statistical_region.population	Population	1396	http://www.w3.org/2001/XMLSchema#string	
http://rdf.freebase.com/ns/m.0qwjr	Dover	http://rdf.freebase.com/ns/location.statistical_region.population	Population	1404	http://www.w3.org/2001/XMLSchema#string	
http://rdf.freebase.com/ns/m.0qwjr	Dover	http://rdf.freebase.com/ns/location.statistical_region.population	Population	1407	http://www.w3.org/2001/XMLSchema#string	
http://rdf.freebase.com/ns/m.0qwjr	Dover	http://rdf.freebase.com/ns/location.statistical_region.population	Population	1440	http://www.w3.org/2001/XMLSchema#string	
http://rdf.freebase.com/ns/m.0qwjr	Dover	http://rdf.freebase.com/ns/topic_server.population_number	population number	1250	http://www.w3.org/2001/XMLSchema#string	
http://rdf.freebase.com/ns/m.0qwjr	Dover	http://rdf.freebase.com/ns/topic_server.population_number	population number	1271	http://www.w3.org/2001/XMLSchema#string	
http://rdf.freebase.com/ns/m.0qwjr	Dover	http://rdf.freebase.com/ns/topic_server.population_number	population number	1286	http://www.w3.org/2001/XMLSchema#string	
http://rdf.freebase.com/ns/m.0qwjr	Dover	http://rdf.freebase.com/ns/topic_server.population_number	population number	1299	http://www.w3.org/2001/XMLSchema#string	
http://rdf.freebase.com/ns/m.0qwjr	Dover	http://rdf.freebase.com/ns/topic_server.population_number	population number	1314	http://www.w3.org/2001/XMLSchema#string	
http://rdf.freebase.com/ns/m.0qwjr	Dover	http://rdf.freebase.com/ns/topic_server.population_number	population number	1329	http://www.w3.org/2001/XMLSchema#string	
http://rdf.freebase.com/ns/m.0qwjr	Dover	http://rdf.freebase.com/ns/topic_server.population_number	population number	1339	http://www.w3.org/2001/XMLSchema#string	
http://rdf.freebase.com/ns/m.0qwjr	Dover	http://rdf.freebase.com/ns/topic_server.population_number	population number	1344	http://www.w3.org/2001/XMLSchema#string	
http://rdf.freebase.com/ns/m.0qwjr	Dover	http://rdf.freebase.com/ns/topic_server.population_number	population number	1349	http://www.w3.org/2001/XMLSchema#string	
http://rdf.freebase.com/ns/m.0qwjr	Dover	http://rdf.freebase.com/ns/topic_server.population_number	population number	1354	http://www.w3.org/2001/XMLSchema#string	
http://rdf.freebase.com/ns/m.0qwjr	Dover	http://rdf.freebase.com/ns/topic_server.population_number	population number	1362	http://www.w3.org/2001/XMLSchema#string	
http://rdf.freebase.com/ns/m.0qwjr	Dover	http://rdf.freebase.com/ns/topic_server.population_number	population number	1364	http://www.w3.org/2001/XMLSchema#string	
http://rdf.freebase.com/ns/m.0qwjr	Dover	http://rdf.freebase.com/ns/topic_server.population_number	population number	1374	http://www.w3.org/2001/XMLSchema#string	
http://rdf.freebase.com/ns/m.0qwjr	Dover	http://rdf.freebase.com/ns/topic_server.population_number	population number	1376	http://www.w3.org/2001/XMLSchema#string	
http://rdf.freebase.com/ns/m.0qwjr	Dover	http://rdf.freebase.com/ns/topic_server.population_number	population number	1381	http://www.w3.org/2001/XMLSchema#string	
http://rdf.freebase.com/ns/m.0qwjr	Dover	http://rdf.freebase.com/ns/topic_server.population_number	population number	1387	http://www.w3.org/2001/XMLSchema#string	
http://rdf.freebase.com/ns/m.0qwjr	Dover	http://rdf.freebase.com/ns/topic_server.population_number	population number	1388	http://www.w3.org/2001/XMLSchema#string	
http://rdf.freebase.com/ns/m.0qwjr	Dover	http://rdf.freebase.com/ns/topic_server.population_number	population number	1390	http://www.w3.org/2001/XMLSchema#string	
http://rdf.freebase.com/ns/m.0qwjr	Dover	http://rdf.freebase.com/ns/topic_server.population_number	population number	1391	http://www.w3.org/2001/XMLSchema#string	
http://rdf.freebase.com/ns/m.0qwjr	Dover	http://rdf.freebase.com/ns/topic_server.population_number	population number	1396	http://www.w3.org/2001/XMLSchema#string	
http://rdf.freebase.com/ns/m.0qwjr	Dover	http://rdf.freebase.com/ns/topic_server.population_number	population number	1404	http://www.w3.org/2001/XMLSchema#string	
http://rdf.freebase.com/ns/m.0qwjr	Dover	http://rdf.freebase.com/ns/topic_server.population_number	population number	1407	http://www.w3.org/2001/XMLSchema#string	
http://rdf.freebase.com/ns/m.0qwjr	Dover	http://rdf.freebase.com/ns/topic_server.population_number	population number	1440	http://www.w3.org/2001/XMLSchema#string	
http://rdf.freebase.com/ns/m.0qwjr	Dover	http://rdf.freebase.com/ns/type.object.key	Key	/authority/gnis/79133	http://www.w3.org/2001/XMLSchema#string	
http://rdf.freebase.com/ns/m.0qwjr	Dover	http://rdf.freebase.com/ns/type.object.key	Key	/authority/hud/countyplace/0511519600	http://www.w3.org/2001/XMLSchema#string	
http://rdf.freebase.com/ns/m.0qwjr	Dover	http://rdf.freebase.com/ns/type.object.key	Key	/authority/nist/fips/55/0519600	http://www.w3.org/2001/XMLSchema#string	
http://rdf.freebase.com/ns/m.0qwjr	Dover	http://rdf.freebase.com/ns/type.object.key	Key	/base/dspl/us_census/population/place/0519600	http://www.w3.org/2001/XMLSchema#string	
http://rdf.freebase.com/ns/m.0qwjr	Dover	http://rdf.freebase.com/ns/type.object.key	Key	/en/dover_arkansas	http://www.w3.org/2001/XMLSchema#string	
http://rdf.freebase.com/ns/m.0qwjr	Dover	http://rdf.freebase.com/ns/type.object.key	Key	/wikipedia/ar/Dover,_Arkansas	http://www.w3.org/2001/XMLSchema#string	
http://rdf.freebase.com/ns/m.0qwjr	Dover	http://rdf.freebase.com/ns/type.object.key	Key	/wikipedia/ar/دوفر_(أركنساس)	http://www.w3.org/2001/XMLSchema#string	
http://rdf.freebase.com/ns/m.0qwjr	Dover	http://rdf.freebase.com/ns/type.object.key	Key	/wikipedia/ar_id/1962494	http://www.w3.org/2001/XMLSchema#string	
http://rdf.freebase.com/ns/m.0qwjr	Dover	http://rdf.freebase.com/ns/type.object.key	Key	/wikipedia/ar_title/دوفر_(أركنساس)	http://www.w3.org/2001/XMLSchema#string	
http://rdf.freebase.com/ns/m.0qwjr	Dover	http://rdf.freebase.com/ns/type.object.key	Key	/wikipedia/ca/Dover_(Arkansas)	http://www.w3.org/2001/XMLSchema#string	
http://rdf.freebase.com/ns/m.0qwjr	Dover	http://rdf.freebase.com/ns/type.object.key	Key	/wikipedia/ca_id/675011	http://www.w3.org/2001/XMLSchema#string	
http://rdf.freebase.com/ns/m.0qwjr	Dover	http://rdf.freebase.com/ns/type.object.key	Key	/wikipedia/ca_title/Dover_(Arkansas)	http://www.w3.org/2001/XMLSchema#string	
http://rdf.freebase.com/ns/m.0qwjr	Dover	http://rdf.freebase.com/ns/type.object.key	Key	/wikipedia/en/Dover,_AR	http://www.w3.org/2001/XMLSchema#string	
http://rdf.freebase.com/ns/m.0qwjr	Dover	http://rdf.freebase.com/ns/type.object.key	Key	/wikipedia/en/Dover,_Ar	http://www.w3.org/2001/XMLSchema#string	
http://rdf.freebase.com/ns/m.0qwjr	Dover	http://rdf.freebase.com/ns/type.object.key	Key	/wikipedia/en/Dover,_Arkansas	http://www.w3.org/2001/XMLSchema#string	
http://rdf.freebase.com/ns/m.0qwjr	Dover	http://rdf.freebase.com/ns/type.object.key	Key	/wikipedia/en_id/107205	http://www.w3.org/2001/XMLSchema#string	
http://rdf.freebase.com/ns/m.0qwjr	Dover	http://rdf.freebase.com/ns/type.object.key	Key	/wikipedia/en_title/Dover,_Arkansas	http://www.w3.org/2001/XMLSchema#string	
http://rdf.freebase.com/ns/m.0qwjr	Dover	http://rdf.freebase.com/ns/type.object.key	Key	/wikipedia/es/Dover_(Arkansas)	http://www.w3.org/2001/XMLSchema#string	
http://rdf.freebase.com/ns/m.0qwjr	Dover	http://rdf.freebase.com/ns/type.object.key	Key	/wikipedia/es_id/1305807	http://www.w3.org/2001/XMLSchema#string	
http://rdf.freebase.com/ns/m.0qwjr	Dover	http://rdf.freebase.com/ns/type.object.key	Key	/wikipedia/es_title/Dover_(Arkansas)	http://www.w3.org/2001/XMLSchema#string	
http://rdf.freebase.com/ns/m.0qwjr	Dover	http://rdf.freebase.com/ns/type.object.key	Key	/wikipedia/fa/دوور_(آركانزاس)	http://www.w3.org/2001/XMLSchema#string	
http://rdf.freebase.com/ns/m.0qwjr	Dover	http://rdf.freebase.com/ns/type.object.key	Key	/wikipedia/fa/دوور_(آرکانزاس)	http://www.w3.org/2001/XMLSchema#string	
http://rdf.freebase.com/ns/m.0qwjr	Dover	http://rdf.freebase.com/ns/type.object.key	Key	/wikipedia/fa/دوور_(اركانزاس)	http://www.w3.org/2001/XMLSchema#string	
http://rdf.freebase.com/ns/m.0qwjr	Dover	http://rdf.freebase.com/ns/type.object.key	Key	/wikipedia/fa/دوور_(ارکانزاس)	http://www.w3.org/2001/XMLSchema#string	
http://rdf.freebase.com/ns/m.0qwjr	Dover	http://rdf.freebase.com/ns/type.object.key	Key	/wikipedia/fa_id/2350846	http://www.w3.org/2001/XMLSchema#string	
http://rdf.freebase.com/ns/m.0qwjr	Dover	http://rdf.freebase.com/ns/type.object.key	Key	/wikipedia/fa_title/دوور_(آرکانزاس)	http://www.w3.org/2001/XMLSchema#string	
http://rdf.freebase.com/ns/m.0qwjr	Dover	http://rdf.freebase.com/ns/type.object.key	Key	/wikipedia/fr/Dover_(Arkansas)	http://www.w3.org/2001/XMLSchema#string	
http://rdf.freebase.com/ns/m.0qwjr	Dover	http://rdf.freebase.com/ns/type.object.key	Key	/wikipedia/fr_id/1648677	http://www.w3.org/2001/XMLSchema#string	
http://rdf.freebase.com/ns/m.0qwjr	Dover	http://rdf.freebase.com/ns/type.object.key	Key	/wikipedia/fr_title/Dover_(Arkansas)	http://www.w3.org/2001/XMLSchema#string	
http://rdf.freebase.com/ns/m.0qwjr	Dover	http://rdf.freebase.com/ns/type.object.key	Key	/wikipedia/it/Dover_(Arkansas)	http://www.w3.org/2001/XMLSchema#string	
http://rdf.freebase.com/ns/m.0qwjr	Dover	http://rdf.freebase.com/ns/type.object.key	Key	/wikipedia/it_id/5279538	http://www.w3.org/2001/XMLSchema#string	
http://rdf.freebase.com/ns/m.0qwjr	Dover	http://rdf.freebase.com/ns/type.object.key	Key	/wikipedia/it_title/Dover_(Arkansas)	http://www.w3.org/2001/XMLSchema#string	
http://rdf.freebase.com/ns/m.0qwjr	Dover	http://rdf.freebase.com/ns/type.object.key	Key	/wikipedia/nl/Dover_(Arkansas)	http://www.w3.org/2001/XMLSchema#string	
http://rdf.freebase.com/ns/m.0qwjr	Dover	http://rdf.freebase.com/ns/type.object.key	Key	/wikipedia/nl_id/997547	http://www.w3.org/2001/XMLSchema#string	
http://rdf.freebase.com/ns/m.0qwjr	Dover	http://rdf.freebase.com/ns/type.object.key	Key	/wikipedia/nl_title/Dover_(Arkansas)	http://www.w3.org/2001/XMLSchema#string	
http://rdf.freebase.com/ns/m.0qwjr	Dover	http://rdf.freebase.com/ns/type.object.key	Key	/wikipedia/pl/Dover_(Arkansas)	http://www.w3.org/2001/XMLSchema#string	
http://rdf.freebase.com/ns/m.0qwjr	Dover	http://rdf.freebase.com/ns/type.object.key	Key	/wikipedia/pl_id/3287290	http://www.w3.org/2001/XMLSchema#string	
http://rdf.freebase.com/ns/m.0qwjr	Dover	http://rdf.freebase.com/ns/type.object.key	Key	/wikipedia/pl_title/Dover_(Arkansas)	http://www.w3.org/2001/XMLSchema#string	
http://rdf.freebase.com/ns/m.0qwjr	Dover	http://rdf.freebase.com/ns/type.object.key	Key	/wikipedia/pt/Dover_(Arkansas)	http://www.w3.org/2001/XMLSchema#string	
http://rdf.freebase.com/ns/m.0qwjr	Dover	http://rdf.freebase.com/ns/type.object.key	Key	/wikipedia/pt_id/1355092	http://www.w3.org/2001/XMLSchema#string	
http://rdf.freebase.com/ns/m.0qwjr	Dover	http://rdf.freebase.com/ns/type.object.key	Key	/wikipedia/pt_title/Dover_(Arkansas)	http://www.w3.org/2001/XMLSchema#string	
http://rdf.freebase.com/ns/m.0qwjr	Dover	http://rdf.freebase.com/ns/type.object.key	Key	/wikipedia/sr/Dover,_AR	http://www.w3.org/2001/XMLSchema#string	
http://rdf.freebase.com/ns/m.0qwjr	Dover	http://rdf.freebase.com/ns/type.object.key	Key	/wikipedia/sr/Dover,_Arkansas	http://www.w3.org/2001/XMLSchema#string	
http://rdf.freebase.com/ns/m.0qwjr	Dover	http://rdf.freebase.com/ns/type.object.key	Key	/wikipedia/sr/Dover_(AR)	http://www.w3.org/2001/XMLSchema#string	
http://rdf.freebase.com/ns/m.0qwjr	Dover	http://rdf.freebase.com/ns/type.object.key	Key	/wikipedia/sr/Dover_(Arkansas)	http://www.w3.org/2001/XMLSchema#string	
http://rdf.freebase.com/ns/m.0qwjr	Dover	http://rdf.freebase.com/ns/type.object.key	Key	/wikipedia/sr/Довер,_AR	http://www.w3.org/2001/XMLSchema#string	
http://rdf.freebase.com/ns/m.0qwjr	Dover	http://rdf.freebase.com/ns/type.object.key	Key	/wikipedia/sr/Довер,_Арканзас	http://www.w3.org/2001/XMLSchema#string	
http://rdf.freebase.com/ns/m.0qwjr	Dover	http://rdf.freebase.com/ns/type.object.key	Key	/wikipedia/sr/Довер_(AR)	http://www.w3.org/2001/XMLSchema#string	
http://rdf.freebase.com/ns/m.0qwjr	Dover	http://rdf.freebase.com/ns/type.object.key	Key	/wikipedia/sr/Довер_(Арканзас)	http://www.w3.org/2001/XMLSchema#string	
http://rdf.freebase.com/ns/m.0qwjr	Dover	http://rdf.freebase.com/ns/type.object.key	Key	/wikipedia/sr_id/757108	http://www.w3.org/2001/XMLSchema#string	
http://rdf.freebase.com/ns/m.0qwjr	Dover	http://rdf.freebase.com/ns/type.object.key	Key	/wikipedia/sr_title/Довер_(Арканзас)	http://www.w3.org/2001/XMLSchema#string	
http://rdf.freebase.com/ns/m.0qwjr	Dover	http://rdf.freebase.com/ns/type.object.key	Key	/wikipedia/vi/Dover,_Arkansas	http://www.w3.org/2001/XMLSchema#string	
http://rdf.freebase.com/ns/m.0qwjr	Dover	http://rdf.freebase.com/ns/type.object.key	Key	/wikipedia/vi_id/1581519	http://www.w3.org/2001/XMLSchema#string	
http://rdf.freebase.com/ns/m.0qwjr	Dover	http://rdf.freebase.com/ns/type.object.key	Key	/wikipedia/vi_title/Dover,_Arkansas	http://www.w3.org/2001/XMLSchema#string	
http://rdf.freebase.com/ns/m.0qwjr	Dover	http://rdf.freebase.com/ns/type.object.name	Name	Dover	http://www.w3.org/1999/02/22-rdf-syntax-ns#langString	
http://rdf.freebase.com/ns/m.0qwjr	Dover	http://rdf.freebase.com/ns/type.object.type	Type	http://rdf.freebase.com/ns/base.aareas.schema.administrative_area	entity	Administrative Area
http://rdf.freebase.com/ns/m.0qwjr	Dover	http://rdf.freebase.com/ns/type.object.type	Type	http://rdf.freebase.com/ns/base.aareas.schema.earth.citytown	entity	City/Town/Village
http://rdf.freebase.com/ns/m.0qwjr	Dover	http://rdf.freebase.com/ns/type.object.type	Type	http://rdf.freebase.com/ns/base.type_ontology.abstract	entity	Abstract
http://rdf.freebase.com/ns/m.0qwjr	Dover	http://rdf.freebase.com/ns/type.object.type	Type	http://rdf.freebase.com/ns/base.type_ontology.agent	entity	Agent
http://rdf.freebase.com/ns/m.0qwjr	Dover	http://rdf.freebase.com/ns/type.object.type	Type	http://rdf.freebase.com/ns/base.type_ontology.inanimate	entity	Inanimate
http://rdf.freebase.com/ns/m.0qwjr	Dover	http://rdf.freebase.com/ns/type.object.type	Type	http://rdf.freebase.com/ns/base.wikipedia_infobox.settlement	entity	Settlement
http://rdf.freebase.com/ns/m.0qwjr	Dover	http://rdf.freebase.com/ns/type.object.type	Type	http://rdf.freebase.com/ns/common.topic	entity	Topic
http://rdf.freebase.com/ns/m.0qwjr	Dover	http://rdf.freebase.com/ns/type.object.type	Type	http://rdf.freebase.com/ns/location.citytown	entity	City/Town/Village
http://rdf.freebase.com/ns/m.0qwjr	Dover	http://rdf.freebase.com/ns/type.object.type	Type	http://rdf.freebase.com/ns/location.dated_location	entity	Dated location
http://rdf.freebase.com/ns/m.0qwjr	Dover	http://rdf.freebase.com/ns/type.object.type	Type	http://rdf.freebase.com/ns/location.hud_county_place	entity	HUD County Place
http://rdf.freebase.com/ns/m.0qwjr	Dover	http://rdf.freebase.com/ns/type.object.type	Type	http://rdf.freebase.com/ns/location.hud_foreclosure_area	entity	HUD Foreclosure Area
http://rdf.freebase.com/ns/m.0qwjr	Dover	http://rdf.freebase.com/ns/type.object.type	Type	http://rdf.freebase.com/ns/location.location	entity	Location
http://rdf.freebase.com/ns/m.0qwjr	Dover	http://rdf.freebase.com/ns/type.object.type	Type	http://rdf.freebase.com/ns/location.statistical_region	entity	Statistical region
http://rdf.freebase.com/ns/m.0qwjr	Dover	http://www.w3.org/1999/02/22-rdf-syntax-ns#type	type	http://rdf.freebase.com/ns/base.aareas.schema.administrative_area	entity	Administrative Area
http://rdf.freebase.com/ns/m.0qwjr	Dover	http://www.w3.org/1999/02/22-rdf-syntax-ns#type	type	http://rdf.freebase.com/ns/base.aareas.schema.earth.citytown	entity	City/Town/Village
http://rdf.freebase.com/ns/m.0qwjr	Dover	http://www.w3.org/1999/02/22-rdf-syntax-ns#type	type	http://rdf.freebase.com/ns/base.type_ontology.abstract	entity	Abstract
http://rdf.freebase.com/ns/m.0qwjr	Dover	http://www.w3.org/1999/02/22-rdf-syntax-ns#type	type	http://rdf.freebase.com/ns/base.type_ontology.agent	entity	Agent
http://rdf.freebase.com/ns/m.0qwjr	Dover	http://www.w3.org/1999/02/22-rdf-syntax-ns#type	type	http://rdf.freebase.com/ns/base.type_ontology.inanimate	entity	Inanimate
http://rdf.freebase.com/ns/m.0qwjr	Dover	http://www.w3.org/1999/02/22-rdf-syntax-ns#type	type	http://rdf.freebase.com/ns/base.wikipedia_infobox.settlement	entity	Settlement
http://rdf.freebase.com/ns/m.0qwjr	Dover	http://www.w3.org/1999/02/22-rdf-syntax-ns#type	type	http://rdf.freebase.com/ns/common.topic	entity	Topic
http://rdf.freebase.com/ns/m.0qwjr	Dover	http://www.w3.org/1999/02/22-rdf-syntax-ns#type	type	http://rdf.freebase.com/ns/location.citytown	entity	City/Town/Village
http://rdf.freebase.com/ns/m.0qwjr	Dover	http://www.w3.org/1999/02/22-rdf-syntax-ns#type	type	http://rdf.freebase.com/ns/location.dated_location	entity	Dated location
http://rdf.freebase.com/ns/m.0qwjr	Dover	http://www.w3.org/1999/02/22-rdf-syntax-ns#type	type	http://rdf.freebase.com/ns/location.hud_county_place	entity	HUD County Place
http://rdf.freebase.com/ns/m.0qwjr	Dover	http://www.w3.org/1999/02/22-rdf-syntax-ns#type	type	http://rdf.freebase.com/ns/location.hud_foreclosure_area	entity	HUD Foreclosure Area
http://rdf.freebase.com/ns/m.0qwjr	Dover	http://www.w3.org/1999/02/22-rdf-syntax-ns#type	type	http://rdf.freebase.com/ns/location.location	entity	Location
http://rdf.freebase.com/ns/m.0qwjr	Dover	http://www.w3.org/1999/02/22-rdf-syntax-ns#type	type	http://rdf.freebase.com/ns/location.statistical_region	entity	Statistical region
http://rdf.freebase.com/ns/m.0qwjr	Dover	http://www.w3.org/2000/01/rdf-schema#label	label	Dover	http://www.w3.org/1999/02/22-rdf-syntax-ns#langString	
http://rdf.freebase.com/ns/m.0qwjr	Dover	http://www.w3.org/2000/01/rdf-schema#label	label	Dover, Arkansas	http://www.w3.org/2001/XMLSchema#string	
http://rdf.freebase.com/ns/m.0qwjr	Dover	http://www.w3.org/2003/01/geo/wgs84_pos#lat	latitude	35.400556	http://www.w3.org/2001/XMLSchema#float	
http://rdf.freebase.com/ns/m.0qwjr	Dover	http://www.w3.org/2003/01/geo/wgs84_pos#long	longitude	-93.1125	http://www.w3.org/2001/XMLSchema#float	
