sub	subl	prop	propl	obj	obj_t	obj_l
http://www.wikidata.org/entity/Q33518	Dover	http://schema.org/description	description	capital of Delaware and county seat of Kent County	http://www.w3.org/1999/02/22-rdf-syntax-ns#langString	
http://www.wikidata.org/entity/Q33518	Dover	http://www.w3.org/1999/02/22-rdf-syntax-ns#type	type	http://www.wikidata.org/entity/Q515	entity	city
http://www.wikidata.org/entity/Q33518	Dover	http://www.w3.org/1999/02/22-rdf-syntax-ns#type	type	http://www.wikidata.org/entity/Q62049	entity	county seat
http://www.wikidata.org/entity/Q33518	Dover	http://www.w3.org/1999/02/22-rdf-syntax-ns#type	type	http://www.wikidata.org/ontology#Item	entity	Item
http://www.wikidata.org/entity/Q33518	Dover	http://www.w3.org/2000/01/rdf-schema#label	label	Dover	http://www.w3.org/1999/02/22-rdf-syntax-ns#langString	
http://www.wikidata.org/entity/Q33518	Dover	http://www.w3.org/2003/01/geo/wgs84_pos#lat	latitude	39.1619	http://www.w3.org/2001/XMLSchema#float	
http://www.wikidata.org/entity/Q33518	Dover	http://www.w3.org/2003/01/geo/wgs84_pos#long	longitude	-75.5267	http://www.w3.org/2001/XMLSchema#float	
http://www.wikidata.org/entity/Q33518	Dover	http://www.w3.org/2004/02/skos/core#altLabel	alternative label	Dover, Delaware	http://www.w3.org/1999/02/22-rdf-syntax-ns#langString	
http://www.wikidata.org/entity/Q33518	Dover	http://www.wikidata.org/entity/P131c	located in the administrative territorial entity	http://www.wikidata.org/entity/Q128137	entity	Kent County
http://www.wikidata.org/entity/Q33518	Dover	http://www.wikidata.org/entity/P1376c	capital of	http://www.wikidata.org/entity/Q128137	entity	Kent County
http://www.wikidata.org/entity/Q33518	Dover	http://www.wikidata.org/entity/P1376c	capital of	http://www.wikidata.org/entity/Q1393	entity	Delaware
http://www.wikidata.org/entity/Q33518	Dover	http://www.wikidata.org/entity/P1566c	GeoNames ID	4142290	http://www.w3.org/2001/XMLSchema#string	
http://www.wikidata.org/entity/Q33518	Dover	http://www.wikidata.org/entity/P1792c	category of associated people	http://www.wikidata.org/entity/Q14419803	entity	Category:People from Dover, Delaware
http://www.wikidata.org/entity/Q33518	Dover	http://www.wikidata.org/entity/P17c	country	http://www.wikidata.org/entity/Q30	entity	United States of America
http://www.wikidata.org/entity/Q33518	Dover	http://www.wikidata.org/entity/P1997c	Facebook Places ID	112348422111140	http://www.w3.org/2001/XMLSchema#string	
http://www.wikidata.org/entity/Q33518	Dover	http://www.wikidata.org/entity/P214c	VIAF ID	236604486	http://www.w3.org/2001/XMLSchema#string	
http://www.wikidata.org/entity/Q33518	Dover	http://www.wikidata.org/entity/P227c	GND ID	7661842-0	http://www.w3.org/2001/XMLSchema#string	
http://www.wikidata.org/entity/Q33518	Dover	http://www.wikidata.org/entity/P244c	LCAuth ID	n81084390	http://www.w3.org/2001/XMLSchema#string	
http://www.wikidata.org/entity/Q33518	Dover	http://www.wikidata.org/entity/P268c	BnF ID	12035954p	http://www.w3.org/2001/XMLSchema#string	
http://www.wikidata.org/entity/Q33518	Dover	http://www.wikidata.org/entity/P31c	instance of	http://www.wikidata.org/entity/Q515	entity	city
http://www.wikidata.org/entity/Q33518	Dover	http://www.wikidata.org/entity/P31c	instance of	http://www.wikidata.org/entity/Q62049	entity	county seat
http://www.wikidata.org/entity/Q33518	Dover	http://www.wikidata.org/entity/P373c	Commons category	Dover, Delaware	http://www.w3.org/2001/XMLSchema#string	
http://www.wikidata.org/entity/Q33518	Dover	http://www.wikidata.org/entity/P646-freebase	Freebase ID	http://rdf.freebase.com/ns/m.0fttz	entity	Dover
http://www.wikidata.org/entity/Q33518	Dover	http://www.wikidata.org/entity/P646c	Freebase ID	/m/0fttz	http://www.w3.org/2001/XMLSchema#string	
http://www.wikidata.org/entity/Q33518	Dover	http://www.wikidata.org/entity/P774c	FIPS 55-3 (locations in the US)	10-21200	http://www.w3.org/2001/XMLSchema#string	
http://www.wikidata.org/entity/Q33518	Dover	http://www.wikidata.org/entity/P856c	official website	http://www.cityofdover.com/	uri	null
http://www.wikidata.org/entity/Q33518	Dover	http://www.wikidata.org/entity/P910c	topic's main category	http://www.wikidata.org/entity/Q8388940	entity	Category:Dover, Delaware
http://www.wikidata.org/entity/Q33518	Dover	http://www.wikidata.org/entity/P948c	Wikivoyage banner	http://commons.wikimedia.org/wiki/File:Dover_Delavare_banner.jpg	uri	null
http://www.wikidata.org/entity/Q33518	Dover	http://www.wikidata.org/entity/P982c	MusicBrainz area ID	04f7aa6d-9f59-4d7a-91ad-717ffecf793f	http://www.w3.org/2001/XMLSchema#string	
