sub	subl	prop	propl	obj	obj_t	obj_l
http://rdf.freebase.com/ns/m.0fttz	Dover	http://rdf.freebase.com/key/authority.gnis	gnis	217882	http://www.w3.org/2001/XMLSchema#string	
http://rdf.freebase.com/ns/m.0fttz	Dover	http://rdf.freebase.com/key/authority.hud.countyplace	countyplace	100090	http://www.w3.org/2001/XMLSchema#string	
http://rdf.freebase.com/ns/m.0fttz	Dover	http://rdf.freebase.com/key/authority.nist.fips.55	55	1021200	http://www.w3.org/2001/XMLSchema#string	
http://rdf.freebase.com/ns/m.0fttz	Dover	http://rdf.freebase.com/key/base.dspl.us_bls.unemployment.city	city	CT1021200000000	http://www.w3.org/2001/XMLSchema#string	
http://rdf.freebase.com/ns/m.0fttz	Dover	http://rdf.freebase.com/key/base.dspl.us_census.population.place	place	1021200	http://www.w3.org/2001/XMLSchema#string	
http://rdf.freebase.com/ns/m.0fttz	Dover	http://rdf.freebase.com/key/en	com/key/en	dover_delaware	http://www.w3.org/2001/XMLSchema#string	
http://rdf.freebase.com/ns/m.0fttz	Dover	http://rdf.freebase.com/key/user.avh.ellerdale	ellerdale	009a-0967	http://www.w3.org/2001/XMLSchema#string	
http://rdf.freebase.com/ns/m.0fttz	Dover	http://rdf.freebase.com/key/user.metaweb.datasource.geonames	geonames	4142290	http://www.w3.org/2001/XMLSchema#string	
http://rdf.freebase.com/ns/m.0fttz	Dover	http://rdf.freebase.com/key/wikipedia.en	en	Capital_of_Delaware	http://www.w3.org/2001/XMLSchema#string	
http://rdf.freebase.com/ns/m.0fttz	Dover	http://rdf.freebase.com/key/wikipedia.en	en	Dover,_DE	http://www.w3.org/2001/XMLSchema#string	
http://rdf.freebase.com/ns/m.0fttz	Dover	http://rdf.freebase.com/key/wikipedia.en	en	Dover,_Delaware	http://www.w3.org/2001/XMLSchema#string	
http://rdf.freebase.com/ns/m.0fttz	Dover	http://rdf.freebase.com/key/wikipedia.en	en	Dover_(Delaware)	http://www.w3.org/2001/XMLSchema#string	
http://rdf.freebase.com/ns/m.0fttz	Dover	http://rdf.freebase.com/key/wikipedia.en	en	Downtown_Dover,_Delaware	http://www.w3.org/2001/XMLSchema#string	
http://rdf.freebase.com/ns/m.0fttz	Dover	http://rdf.freebase.com/key/wikipedia.en	en	North_Dover,_Delaware	http://www.w3.org/2001/XMLSchema#string	
http://rdf.freebase.com/ns/m.0fttz	Dover	http://rdf.freebase.com/key/wikipedia.en	en	South_Dover,_Delaware	http://www.w3.org/2001/XMLSchema#string	
http://rdf.freebase.com/ns/m.0fttz	Dover	http://rdf.freebase.com/key/wikipedia.en	en	UN/LOCODE:USXEZ	http://www.w3.org/2001/XMLSchema#string	
http://rdf.freebase.com/ns/m.0fttz	Dover	http://rdf.freebase.com/key/wikipedia.en_id	en_id	57694	http://www.w3.org/2001/XMLSchema#string	
http://rdf.freebase.com/ns/m.0fttz	Dover	http://rdf.freebase.com/key/wikipedia.en_title	en_title	Dover,_Delaware	http://www.w3.org/2001/XMLSchema#string	
http://rdf.freebase.com/ns/m.0fttz	Dover	http://rdf.freebase.com/ns/common.topic.alias	Also known as	Dover, Delaware	http://www.w3.org/1999/02/22-rdf-syntax-ns#langString	
http://rdf.freebase.com/ns/m.0fttz	Dover	http://rdf.freebase.com/ns/common.topic.alias	Also known as	Kent County / Dover city	http://www.w3.org/1999/02/22-rdf-syntax-ns#langString	
http://rdf.freebase.com/ns/m.0fttz	Dover	http://rdf.freebase.com/ns/common.topic.article	Article	The city of Dover is the capital and second largest city in the U.S. state of Delaware. It is also the county seat of Kent County, and the principal city of the Dover, Delaware Metropolitan Statistical Area, which encompasses all of Kent County. It is located on the St. Jones River in the Delaware River coastal plain. It was named by William Penn for Dover in Kent, England. As of 2010, the city had a population of 36,047. Dover was founded as the court town for newly established Kent County in 1683 by William Penn, the proprietor of the territory generally known as the "Lower Counties on the Delaware." Later, in 1717, the city was officially laid out by a special commission of the Delaware General Assembly. The capital of the state of Delaware was moved here from Newcastle in 1777 because of its central location and relative safety from British raiders on the Delaware River. Because of an act passed in October 1779, the assembly elected to meet at any place in the state they saw fit, meeting successively in Wilmington, Lewes, Dover, New Castle, and Lewes again, until it finally settled down permanently in Dover in October 1781. The city's central square, known as The Green, was the	http://www.w3.org/1999/02/22-rdf-syntax-ns#langString	
http://rdf.freebase.com/ns/m.0fttz	Dover	http://rdf.freebase.com/ns/common.topic.description	Description	Dover is the capital and second largest city in the U.S. state of Delaware. It is also the county seat of Kent County, and the principal city of the Dover, DE Metropolitan Statistical Area, which encompasses all of Kent County and is part of the Philadelphia-Reading-Camden, PA-NJ-DE-MD Combined Statistical Area. It is located on the St. Jones River in the Delaware River coastal plain. It was named by William Penn for Dover in Kent, England. As of 2010, the city had a population of 36,047.	http://www.w3.org/1999/02/22-rdf-syntax-ns#langString	
http://rdf.freebase.com/ns/m.0fttz	Dover	http://rdf.freebase.com/ns/common.topic.image	Image	http://rdf.freebase.com/ns/m.0292kxf	entity	DEMap-doton-Dover
http://rdf.freebase.com/ns/m.0fttz	Dover	http://rdf.freebase.com/ns/common.topic.image	Image	http://rdf.freebase.com/ns/m.042hwp3	entity	none West Loockerman Street in downtown Dover in 2006
http://rdf.freebase.com/ns/m.0fttz	Dover	http://rdf.freebase.com/ns/common.topic.notable_for	Notable for	City/Town/Village	http://www.w3.org/1999/02/22-rdf-syntax-ns#langString	
http://rdf.freebase.com/ns/m.0fttz	Dover	http://rdf.freebase.com/ns/common.topic.notable_types	Notable types	http://rdf.freebase.com/ns/m.01m9	entity	City/Town/Village
http://rdf.freebase.com/ns/m.0fttz	Dover	http://rdf.freebase.com/ns/common.topic.official_website	Official website	http://www.cityofdover.com/	uri	null
http://rdf.freebase.com/ns/m.0fttz	Dover	http://rdf.freebase.com/ns/common.topic.topic_equivalent_webpage	Topic equivalent webpage	http://ar.wikipedia.org/wiki/%2F%48%41%31_(%2F%4A%44%27%48%4A%31)	uri	null
http://rdf.freebase.com/ns/m.0fttz	Dover	http://rdf.freebase.com/ns/common.topic.topic_equivalent_webpage	Topic equivalent webpage	http://ar.wikipedia.org/wiki/index.html?curid=243165	uri	null
http://rdf.freebase.com/ns/m.0fttz	Dover	http://rdf.freebase.com/ns/common.topic.topic_equivalent_webpage	Topic equivalent webpage	http://bg.wikipedia.org/wiki/%14%3E%43%32%4A%40_(%14%35%3B%30%43%35%4A%40)	uri	null
http://rdf.freebase.com/ns/m.0fttz	Dover	http://rdf.freebase.com/ns/common.topic.topic_equivalent_webpage	Topic equivalent webpage	http://bg.wikipedia.org/wiki/index.html?curid=124769	uri	null
http://rdf.freebase.com/ns/m.0fttz	Dover	http://rdf.freebase.com/ns/common.topic.topic_equivalent_webpage	Topic equivalent webpage	http://ca.wikipedia.org/wiki/Dover_(Delaware)	uri	null
http://rdf.freebase.com/ns/m.0fttz	Dover	http://rdf.freebase.com/ns/common.topic.topic_equivalent_webpage	Topic equivalent webpage	http://ca.wikipedia.org/wiki/index.html?curid=188371	uri	null
http://rdf.freebase.com/ns/m.0fttz	Dover	http://rdf.freebase.com/ns/common.topic.topic_equivalent_webpage	Topic equivalent webpage	http://cs.wikipedia.org/wiki/Dover_(Delaware)	uri	null
http://rdf.freebase.com/ns/m.0fttz	Dover	http://rdf.freebase.com/ns/common.topic.topic_equivalent_webpage	Topic equivalent webpage	http://cs.wikipedia.org/wiki/index.html?curid=375684	uri	null
http://rdf.freebase.com/ns/m.0fttz	Dover	http://rdf.freebase.com/ns/common.topic.topic_equivalent_webpage	Topic equivalent webpage	http://da.wikipedia.org/wiki/Dover_(Delaware)	uri	null
http://rdf.freebase.com/ns/m.0fttz	Dover	http://rdf.freebase.com/ns/common.topic.topic_equivalent_webpage	Topic equivalent webpage	http://da.wikipedia.org/wiki/index.html?curid=39445	uri	null
http://rdf.freebase.com/ns/m.0fttz	Dover	http://rdf.freebase.com/ns/common.topic.topic_equivalent_webpage	Topic equivalent webpage	http://de.wikipedia.org/wiki/Dover_(Delaware)	uri	null
http://rdf.freebase.com/ns/m.0fttz	Dover	http://rdf.freebase.com/ns/common.topic.topic_equivalent_webpage	Topic equivalent webpage	http://de.wikipedia.org/wiki/index.html?curid=165993	uri	null
http://rdf.freebase.com/ns/m.0fttz	Dover	http://rdf.freebase.com/ns/common.topic.topic_equivalent_webpage	Topic equivalent webpage	http://el.wikipedia.org/wiki/%9D%C4%CC%B2%B5%C1_(%9D%C4%AD%BB%B1%B3%BF%C5%B5%C1)	uri	null
http://rdf.freebase.com/ns/m.0fttz	Dover	http://rdf.freebase.com/ns/common.topic.topic_equivalent_webpage	Topic equivalent webpage	http://el.wikipedia.org/wiki/index.html?curid=315602	uri	null
http://rdf.freebase.com/ns/m.0fttz	Dover	http://rdf.freebase.com/ns/common.topic.topic_equivalent_webpage	Topic equivalent webpage	http://en.wikipedia.org/wiki/Dover,_Delaware	uri	null
http://rdf.freebase.com/ns/m.0fttz	Dover	http://rdf.freebase.com/ns/common.topic.topic_equivalent_webpage	Topic equivalent webpage	http://en.wikipedia.org/wiki/index.html?curid=57694	uri	null
http://rdf.freebase.com/ns/m.0fttz	Dover	http://rdf.freebase.com/ns/common.topic.topic_equivalent_webpage	Topic equivalent webpage	http://es.wikipedia.org/wiki/Dover_(Delaware)	uri	null
http://rdf.freebase.com/ns/m.0fttz	Dover	http://rdf.freebase.com/ns/common.topic.topic_equivalent_webpage	Topic equivalent webpage	http://es.wikipedia.org/wiki/index.html?curid=187116	uri	null
http://rdf.freebase.com/ns/m.0fttz	Dover	http://rdf.freebase.com/ns/common.topic.topic_equivalent_webpage	Topic equivalent webpage	http://et.wikipedia.org/wiki/Dover_(Delaware)	uri	null
http://rdf.freebase.com/ns/m.0fttz	Dover	http://rdf.freebase.com/ns/common.topic.topic_equivalent_webpage	Topic equivalent webpage	http://et.wikipedia.org/wiki/index.html?curid=47020	uri	null
http://rdf.freebase.com/ns/m.0fttz	Dover	http://rdf.freebase.com/ns/common.topic.topic_equivalent_webpage	Topic equivalent webpage	http://fa.wikipedia.org/wiki/%2F%48%48%31%0C_%2F%44%27%48%31	uri	null
http://rdf.freebase.com/ns/m.0fttz	Dover	http://rdf.freebase.com/ns/common.topic.topic_equivalent_webpage	Topic equivalent webpage	http://fa.wikipedia.org/wiki/index.html?curid=143755	uri	null
http://rdf.freebase.com/ns/m.0fttz	Dover	http://rdf.freebase.com/ns/common.topic.topic_equivalent_webpage	Topic equivalent webpage	http://fi.wikipedia.org/wiki/Dover_(Delaware)	uri	null
http://rdf.freebase.com/ns/m.0fttz	Dover	http://rdf.freebase.com/ns/common.topic.topic_equivalent_webpage	Topic equivalent webpage	http://fi.wikipedia.org/wiki/index.html?curid=82151	uri	null
http://rdf.freebase.com/ns/m.0fttz	Dover	http://rdf.freebase.com/ns/common.topic.topic_equivalent_webpage	Topic equivalent webpage	http://fr.wikipedia.org/wiki/Dover_(Delaware)	uri	null
http://rdf.freebase.com/ns/m.0fttz	Dover	http://rdf.freebase.com/ns/common.topic.topic_equivalent_webpage	Topic equivalent webpage	http://fr.wikipedia.org/wiki/index.html?curid=12628	uri	null
http://rdf.freebase.com/ns/m.0fttz	Dover	http://rdf.freebase.com/ns/common.topic.topic_equivalent_webpage	Topic equivalent webpage	http://geonames.usgs.gov/pls/gnispublic/f?p=gnispq:3:::NO::P3_FID:217882	uri	null
http://rdf.freebase.com/ns/m.0fttz	Dover	http://rdf.freebase.com/ns/common.topic.topic_equivalent_webpage	Topic equivalent webpage	http://he.wikipedia.org/wiki/%D3%D5%D1%E8_(%D3%DC%D0%D5%D5%E8)	uri	null
http://rdf.freebase.com/ns/m.0fttz	Dover	http://rdf.freebase.com/ns/common.topic.topic_equivalent_webpage	Topic equivalent webpage	http://he.wikipedia.org/wiki/index.html?curid=90234	uri	null
http://rdf.freebase.com/ns/m.0fttz	Dover	http://rdf.freebase.com/ns/common.topic.topic_equivalent_webpage	Topic equivalent webpage	http://hu.wikipedia.org/wiki/Dover_(Delaware)	uri	null
http://rdf.freebase.com/ns/m.0fttz	Dover	http://rdf.freebase.com/ns/common.topic.topic_equivalent_webpage	Topic equivalent webpage	http://hu.wikipedia.org/wiki/index.html?curid=169700	uri	null
http://rdf.freebase.com/ns/m.0fttz	Dover	http://rdf.freebase.com/ns/common.topic.topic_equivalent_webpage	Topic equivalent webpage	http://id.wikipedia.org/wiki/Dover,_Delaware	uri	null
http://rdf.freebase.com/ns/m.0fttz	Dover	http://rdf.freebase.com/ns/common.topic.topic_equivalent_webpage	Topic equivalent webpage	http://id.wikipedia.org/wiki/index.html?curid=463987	uri	null
http://rdf.freebase.com/ns/m.0fttz	Dover	http://rdf.freebase.com/ns/common.topic.topic_equivalent_webpage	Topic equivalent webpage	http://it.wikipedia.org/wiki/Dover_(Delaware)	uri	null
http://rdf.freebase.com/ns/m.0fttz	Dover	http://rdf.freebase.com/ns/common.topic.topic_equivalent_webpage	Topic equivalent webpage	http://it.wikipedia.org/wiki/index.html?curid=445295	uri	null
http://rdf.freebase.com/ns/m.0fttz	Dover	http://rdf.freebase.com/ns/common.topic.topic_equivalent_webpage	Topic equivalent webpage	http://ja.wikipedia.org/wiki/%C9%FC%D0%FC_(%C7%E9%A6%A7%A2%DE)	uri	null
http://rdf.freebase.com/ns/m.0fttz	Dover	http://rdf.freebase.com/ns/common.topic.topic_equivalent_webpage	Topic equivalent webpage	http://ja.wikipedia.org/wiki/index.html?curid=428317	uri	null
http://rdf.freebase.com/ns/m.0fttz	Dover	http://rdf.freebase.com/ns/common.topic.topic_equivalent_webpage	Topic equivalent webpage	http://ko.wikipedia.org/wiki/%C4%84_(%78%7C%E8%B4_%FC)	uri	null
http://rdf.freebase.com/ns/m.0fttz	Dover	http://rdf.freebase.com/ns/common.topic.topic_equivalent_webpage	Topic equivalent webpage	http://ko.wikipedia.org/wiki/index.html?curid=105366	uri	null
http://rdf.freebase.com/ns/m.0fttz	Dover	http://rdf.freebase.com/ns/common.topic.topic_equivalent_webpage	Topic equivalent webpage	http://lt.wikipedia.org/wiki/Doveris_(JAV)	uri	null
http://rdf.freebase.com/ns/m.0fttz	Dover	http://rdf.freebase.com/ns/common.topic.topic_equivalent_webpage	Topic equivalent webpage	http://lt.wikipedia.org/wiki/index.html?curid=196479	uri	null
http://rdf.freebase.com/ns/m.0fttz	Dover	http://rdf.freebase.com/ns/common.topic.topic_equivalent_webpage	Topic equivalent webpage	http://lv.wikipedia.org/wiki/Dovera	uri	null
http://rdf.freebase.com/ns/m.0fttz	Dover	http://rdf.freebase.com/ns/common.topic.topic_equivalent_webpage	Topic equivalent webpage	http://lv.wikipedia.org/wiki/index.html?curid=169177	uri	null
http://rdf.freebase.com/ns/m.0fttz	Dover	http://rdf.freebase.com/ns/common.topic.topic_equivalent_webpage	Topic equivalent webpage	http://nl.wikipedia.org/wiki/Dover_(Delaware)	uri	null
http://rdf.freebase.com/ns/m.0fttz	Dover	http://rdf.freebase.com/ns/common.topic.topic_equivalent_webpage	Topic equivalent webpage	http://nl.wikipedia.org/wiki/index.html?curid=159147	uri	null
http://rdf.freebase.com/ns/m.0fttz	Dover	http://rdf.freebase.com/ns/common.topic.topic_equivalent_webpage	Topic equivalent webpage	http://no.wikipedia.org/wiki/Dover_(Delaware)	uri	null
http://rdf.freebase.com/ns/m.0fttz	Dover	http://rdf.freebase.com/ns/common.topic.topic_equivalent_webpage	Topic equivalent webpage	http://no.wikipedia.org/wiki/index.html?curid=195653	uri	null
http://rdf.freebase.com/ns/m.0fttz	Dover	http://rdf.freebase.com/ns/common.topic.topic_equivalent_webpage	Topic equivalent webpage	http://pl.wikipedia.org/wiki/Dover_(Delaware)	uri	null
http://rdf.freebase.com/ns/m.0fttz	Dover	http://rdf.freebase.com/ns/common.topic.topic_equivalent_webpage	Topic equivalent webpage	http://pl.wikipedia.org/wiki/index.html?curid=114372	uri	null
http://rdf.freebase.com/ns/m.0fttz	Dover	http://rdf.freebase.com/ns/common.topic.topic_equivalent_webpage	Topic equivalent webpage	http://pt.wikipedia.org/wiki/Dover_(Delaware)	uri	null
http://rdf.freebase.com/ns/m.0fttz	Dover	http://rdf.freebase.com/ns/common.topic.topic_equivalent_webpage	Topic equivalent webpage	http://pt.wikipedia.org/wiki/index.html?curid=77342	uri	null
http://rdf.freebase.com/ns/m.0fttz	Dover	http://rdf.freebase.com/ns/common.topic.topic_equivalent_webpage	Topic equivalent webpage	http://ro.wikipedia.org/wiki/Dover,_Delaware	uri	null
http://rdf.freebase.com/ns/m.0fttz	Dover	http://rdf.freebase.com/ns/common.topic.topic_equivalent_webpage	Topic equivalent webpage	http://ro.wikipedia.org/wiki/index.html?curid=182295	uri	null
http://rdf.freebase.com/ns/m.0fttz	Dover	http://rdf.freebase.com/ns/common.topic.topic_equivalent_webpage	Topic equivalent webpage	http://ru.wikipedia.org/wiki/%14%3E%32%35%40_(%14%35%3B%30%32%4D%40)	uri	null
http://rdf.freebase.com/ns/m.0fttz	Dover	http://rdf.freebase.com/ns/common.topic.topic_equivalent_webpage	Topic equivalent webpage	http://ru.wikipedia.org/wiki/index.html?curid=1048630	uri	null
http://rdf.freebase.com/ns/m.0fttz	Dover	http://rdf.freebase.com/ns/common.topic.topic_equivalent_webpage	Topic equivalent webpage	http://sk.wikipedia.org/wiki/Dover_(Delaware)	uri	null
http://rdf.freebase.com/ns/m.0fttz	Dover	http://rdf.freebase.com/ns/common.topic.topic_equivalent_webpage	Topic equivalent webpage	http://sk.wikipedia.org/wiki/index.html?curid=162639	uri	null
http://rdf.freebase.com/ns/m.0fttz	Dover	http://rdf.freebase.com/ns/common.topic.topic_equivalent_webpage	Topic equivalent webpage	http://sr.wikipedia.org/wiki/%14%3E%32%35%40_(%14%35%3B%30%32%35%40)	uri	null
http://rdf.freebase.com/ns/m.0fttz	Dover	http://rdf.freebase.com/ns/common.topic.topic_equivalent_webpage	Topic equivalent webpage	http://sr.wikipedia.org/wiki/index.html?curid=443654	uri	null
http://rdf.freebase.com/ns/m.0fttz	Dover	http://rdf.freebase.com/ns/common.topic.topic_equivalent_webpage	Topic equivalent webpage	http://sv.wikipedia.org/wiki/Dover,_Delaware	uri	null
http://rdf.freebase.com/ns/m.0fttz	Dover	http://rdf.freebase.com/ns/common.topic.topic_equivalent_webpage	Topic equivalent webpage	http://sv.wikipedia.org/wiki/index.html?curid=7882	uri	null
http://rdf.freebase.com/ns/m.0fttz	Dover	http://rdf.freebase.com/ns/common.topic.topic_equivalent_webpage	Topic equivalent webpage	http://tl.wikipedia.org/wiki/Dover,_Delaware	uri	null
http://rdf.freebase.com/ns/m.0fttz	Dover	http://rdf.freebase.com/ns/common.topic.topic_equivalent_webpage	Topic equivalent webpage	http://tl.wikipedia.org/wiki/index.html?curid=25908	uri	null
http://rdf.freebase.com/ns/m.0fttz	Dover	http://rdf.freebase.com/ns/common.topic.topic_equivalent_webpage	Topic equivalent webpage	http://tr.wikipedia.org/wiki/Dover,_Delaware	uri	null
http://rdf.freebase.com/ns/m.0fttz	Dover	http://rdf.freebase.com/ns/common.topic.topic_equivalent_webpage	Topic equivalent webpage	http://tr.wikipedia.org/wiki/index.html?curid=1662053	uri	null
http://rdf.freebase.com/ns/m.0fttz	Dover	http://rdf.freebase.com/ns/common.topic.topic_equivalent_webpage	Topic equivalent webpage	http://uk.wikipedia.org/wiki/%14%3E%32%35%40_(%14%35%3B%30%32%35%40)	uri	null
http://rdf.freebase.com/ns/m.0fttz	Dover	http://rdf.freebase.com/ns/common.topic.topic_equivalent_webpage	Topic equivalent webpage	http://uk.wikipedia.org/wiki/index.html?curid=640499	uri	null
http://rdf.freebase.com/ns/m.0fttz	Dover	http://rdf.freebase.com/ns/common.topic.topic_equivalent_webpage	Topic equivalent webpage	http://vi.wikipedia.org/wiki/Dover,_Delaware	uri	null
http://rdf.freebase.com/ns/m.0fttz	Dover	http://rdf.freebase.com/ns/common.topic.topic_equivalent_webpage	Topic equivalent webpage	http://vi.wikipedia.org/wiki/index.html?curid=820241	uri	null
http://rdf.freebase.com/ns/m.0fttz	Dover	http://rdf.freebase.com/ns/common.topic.topic_equivalent_webpage	Topic equivalent webpage	http://www.geonames.org/4142290/	uri	null
http://rdf.freebase.com/ns/m.0fttz	Dover	http://rdf.freebase.com/ns/common.topic.topic_equivalent_webpage	Topic equivalent webpage	http://zh.wikipedia.org/wiki/index.html?curid=395269	uri	null
http://rdf.freebase.com/ns/m.0fttz	Dover	http://rdf.freebase.com/ns/common.topic.topic_equivalent_webpage	Topic equivalent webpage	http://zh.wikipedia.org/zh-cn/%1A%5B_(%79%C9%4E%DE)	uri	null
http://rdf.freebase.com/ns/m.0fttz	Dover	http://rdf.freebase.com/ns/common.topic.topic_equivalent_webpage	Topic equivalent webpage	http://zh.wikipedia.org/zh-tw/%1A%5B_(%79%C9%4E%DE)	uri	null
http://rdf.freebase.com/ns/m.0fttz	Dover	http://rdf.freebase.com/ns/common.topic.webpage	Web Link(s)	http://rdf.freebase.com/ns/m.03lnddv	uri	null
http://rdf.freebase.com/ns/m.0fttz	Dover	http://rdf.freebase.com/ns/government.governmental_jurisdiction.governing_officials	Governing officials	http://rdf.freebase.com/ns/m.0101hv8z	entity	Mayor of Dover
http://rdf.freebase.com/ns/m.0fttz	Dover	http://rdf.freebase.com/ns/kg.object_profile.prominent_type	prominent type	http://rdf.freebase.com/ns/location.citytown	entity	City/Town/Village
http://rdf.freebase.com/ns/m.0fttz	Dover	http://rdf.freebase.com/ns/location.capital_of_administrative_division.capital_of	Capital of	http://rdf.freebase.com/ns/m.0jvvrsz	entity	Kent County
http://rdf.freebase.com/ns/m.0fttz	Dover	http://rdf.freebase.com/ns/location.capital_of_administrative_division.capital_of	Capital of	http://rdf.freebase.com/ns/m.0jvw4l8	entity	Delaware
http://rdf.freebase.com/ns/m.0fttz	Dover	http://rdf.freebase.com/ns/location.citytown.postal_codes	Postal codes	http://rdf.freebase.com/ns/m.01zxw1c	entity	19904
http://rdf.freebase.com/ns/m.0fttz	Dover	http://rdf.freebase.com/ns/location.citytown.postal_codes	Postal codes	http://rdf.freebase.com/ns/m.01zxw27	entity	19901
http://rdf.freebase.com/ns/m.0fttz	Dover	http://rdf.freebase.com/ns/location.citytown.postal_codes	Postal codes	http://rdf.freebase.com/ns/m.07nrhv9	entity	19906
http://rdf.freebase.com/ns/m.0fttz	Dover	http://rdf.freebase.com/ns/location.citytown.postal_codes	Postal codes	http://rdf.freebase.com/ns/m.07nrhvj	entity	19905
http://rdf.freebase.com/ns/m.0fttz	Dover	http://rdf.freebase.com/ns/location.citytown.postal_codes	Postal codes	http://rdf.freebase.com/ns/m.07nrhvr	entity	19903
http://rdf.freebase.com/ns/m.0fttz	Dover	http://rdf.freebase.com/ns/location.hud_county_place.county	County	http://rdf.freebase.com/ns/m.0m2kw	entity	Kent County
http://rdf.freebase.com/ns/m.0fttz	Dover	http://rdf.freebase.com/ns/location.hud_county_place.countyplace_id	County Place ID	100090	http://www.w3.org/2001/XMLSchema#string	
http://rdf.freebase.com/ns/m.0fttz	Dover	http://rdf.freebase.com/ns/location.hud_county_place.place	Place	http://rdf.freebase.com/ns/m.0fttz	entity	Dover
http://rdf.freebase.com/ns/m.0fttz	Dover	http://rdf.freebase.com/ns/location.hud_foreclosure_area.bls_unemployment_rate	BLS Unemployment Rate (%)	0.0458	http://www.w3.org/2001/XMLSchema#string	
http://rdf.freebase.com/ns/m.0fttz	Dover	http://rdf.freebase.com/ns/location.hud_foreclosure_area.estimated_number_foreclosures	Estimated Number of Foreclosures	226	http://www.w3.org/2001/XMLSchema#string	
http://rdf.freebase.com/ns/m.0fttz	Dover	http://rdf.freebase.com/ns/location.hud_foreclosure_area.estimated_number_of_mortgages	Estimated Number of Mortgages	6219	http://www.w3.org/2001/XMLSchema#string	
http://rdf.freebase.com/ns/m.0fttz	Dover	http://rdf.freebase.com/ns/location.hud_foreclosure_area.hhuniv	Household Count	12460	http://www.w3.org/2001/XMLSchema#string	
http://rdf.freebase.com/ns/m.0fttz	Dover	http://rdf.freebase.com/ns/location.hud_foreclosure_area.ofheo_price_change	OFHEO Price Change (%)	0.0	http://www.w3.org/2001/XMLSchema#string	
http://rdf.freebase.com/ns/m.0fttz	Dover	http://rdf.freebase.com/ns/location.hud_foreclosure_area.total_90_day_vacant_residential_addresses	90-Day Vacant Residential Addresses	417	http://www.w3.org/2001/XMLSchema#string	
http://rdf.freebase.com/ns/m.0fttz	Dover	http://rdf.freebase.com/ns/location.hud_foreclosure_area.total_residential_addresses	Total Residential Addresses	14671	http://www.w3.org/2001/XMLSchema#string	
http://rdf.freebase.com/ns/m.0fttz	Dover	http://rdf.freebase.com/ns/location.location.area	Area	58.8	http://www.w3.org/2001/XMLSchema#string	
http://rdf.freebase.com/ns/m.0fttz	Dover	http://rdf.freebase.com/ns/location.location.containedby	Contained by	http://rdf.freebase.com/ns/m.026mj	entity	Delaware
http://rdf.freebase.com/ns/m.0fttz	Dover	http://rdf.freebase.com/ns/location.location.containedby	Contained by	http://rdf.freebase.com/ns/m.09c7w0	entity	United States of America
http://rdf.freebase.com/ns/m.0fttz	Dover	http://rdf.freebase.com/ns/location.location.containedby	Contained by	http://rdf.freebase.com/ns/m.0m2kw	entity	Kent County
http://rdf.freebase.com/ns/m.0fttz	Dover	http://rdf.freebase.com/ns/location.location.contains	Contains	http://rdf.freebase.com/ns/m.02hkrz	entity	Delaware State University
http://rdf.freebase.com/ns/m.0fttz	Dover	http://rdf.freebase.com/ns/location.location.contains	Contains	http://rdf.freebase.com/ns/m.032m_v	entity	Dover International Speedway
http://rdf.freebase.com/ns/m.0fttz	Dover	http://rdf.freebase.com/ns/location.location.contains	Contains	http://rdf.freebase.com/ns/m.03p1_6b	entity	Dover Downs Gaming & Entertainment Inc
http://rdf.freebase.com/ns/m.0fttz	Dover	http://rdf.freebase.com/ns/location.location.contains	Contains	http://rdf.freebase.com/ns/m.06_0cpk	entity	Old Statehouse
http://rdf.freebase.com/ns/m.0fttz	Dover	http://rdf.freebase.com/ns/location.location.contains	Contains	http://rdf.freebase.com/ns/m.06_8j14	entity	Bradford-Loockerman House
http://rdf.freebase.com/ns/m.0fttz	Dover	http://rdf.freebase.com/ns/location.location.contains	Contains	http://rdf.freebase.com/ns/m.06_8j4n	entity	Loockerman Hall
http://rdf.freebase.com/ns/m.0fttz	Dover	http://rdf.freebase.com/ns/location.location.contains	Contains	http://rdf.freebase.com/ns/m.06_8j6v	entity	Greenwold
http://rdf.freebase.com/ns/m.0fttz	Dover	http://rdf.freebase.com/ns/location.location.contains	Contains	http://rdf.freebase.com/ns/m.06_8j80	entity	Governor's House
http://rdf.freebase.com/ns/m.0fttz	Dover	http://rdf.freebase.com/ns/location.location.contains	Contains	http://rdf.freebase.com/ns/m.06_8j96	entity	Delaware State Museum Buildings
http://rdf.freebase.com/ns/m.0fttz	Dover	http://rdf.freebase.com/ns/location.location.contains	Contains	http://rdf.freebase.com/ns/m.06_8k3p	entity	Town Point
http://rdf.freebase.com/ns/m.0fttz	Dover	http://rdf.freebase.com/ns/location.location.contains	Contains	http://rdf.freebase.com/ns/m.06_8nrr	entity	Victorian Dover Historic District
http://rdf.freebase.com/ns/m.0fttz	Dover	http://rdf.freebase.com/ns/location.location.contains	Contains	http://rdf.freebase.com/ns/m.07tc0g	entity	Wesley College
http://rdf.freebase.com/ns/m.0fttz	Dover	http://rdf.freebase.com/ns/location.location.contains	Contains	http://rdf.freebase.com/ns/m.0bwjncg	entity	Christ Church
http://rdf.freebase.com/ns/m.0fttz	Dover	http://rdf.freebase.com/ns/location.location.contains	Contains	http://rdf.freebase.com/ns/m.0clw64h	entity	Harris School of Business-Dover
http://rdf.freebase.com/ns/m.0fttz	Dover	http://rdf.freebase.com/ns/location.location.contains	Contains	http://rdf.freebase.com/ns/m.0cmc8hc	entity	Delaware Technical and Community College-Terry
http://rdf.freebase.com/ns/m.0fttz	Dover	http://rdf.freebase.com/ns/location.location.contains	Contains	http://rdf.freebase.com/ns/m.0dfx5g	entity	Delaware Technical Community College
http://rdf.freebase.com/ns/m.0fttz	Dover	http://rdf.freebase.com/ns/location.location.contains	Contains	http://rdf.freebase.com/ns/m.0f15nv	entity	Alumni Stadium
http://rdf.freebase.com/ns/m.0fttz	Dover	http://rdf.freebase.com/ns/location.location.contains	Contains	http://rdf.freebase.com/ns/m.0kxd9rm	entity	Carmike 14
http://rdf.freebase.com/ns/m.0fttz	Dover	http://rdf.freebase.com/ns/location.location.contains	Contains	http://rdf.freebase.com/ns/m.0n7vphx	entity	Biggs Museum of American Art
http://rdf.freebase.com/ns/m.0fttz	Dover	http://rdf.freebase.com/ns/location.location.contains	Contains	http://rdf.freebase.com/ns/m.0q39wsb	entity	Eden Hill
http://rdf.freebase.com/ns/m.0fttz	Dover	http://rdf.freebase.com/ns/location.location.contains	Contains	http://rdf.freebase.com/ns/m.0q3_n2q	entity	Palmer Home
http://rdf.freebase.com/ns/m.0fttz	Dover	http://rdf.freebase.com/ns/location.location.contains	Contains	http://rdf.freebase.com/ns/m.0q3_w_7	entity	John Bullen House
http://rdf.freebase.com/ns/m.0fttz	Dover	http://rdf.freebase.com/ns/location.location.contains	Contains	http://rdf.freebase.com/ns/m.0q3y448	entity	Macomb Farm
http://rdf.freebase.com/ns/m.0fttz	Dover	http://rdf.freebase.com/ns/location.location.contains	Contains	http://rdf.freebase.com/ns/m.0q40y9z	entity	Dover Green Historic District
http://rdf.freebase.com/ns/m.0fttz	Dover	http://rdf.freebase.com/ns/location.location.contains	Contains	http://rdf.freebase.com/ns/m.0qky8ks	entity	Mifflin-Marim Agricultural Complex
http://rdf.freebase.com/ns/m.0fttz	Dover	http://rdf.freebase.com/ns/location.location.events	Events	http://rdf.freebase.com/ns/m.010wz0c6	entity	2014 Firefly Music Festival
http://rdf.freebase.com/ns/m.0fttz	Dover	http://rdf.freebase.com/ns/location.location.events	Events	http://rdf.freebase.com/ns/m.03c3dsc	entity	Delaware State University shooting
http://rdf.freebase.com/ns/m.0fttz	Dover	http://rdf.freebase.com/ns/location.location.gnis_feature_id	GNIS ID	217882	http://www.w3.org/2001/XMLSchema#string	
http://rdf.freebase.com/ns/m.0fttz	Dover	http://rdf.freebase.com/ns/location.location.nearby_airports	Nearby airports	http://rdf.freebase.com/ns/m.03d_b9	entity	Dover Air Force Base
http://rdf.freebase.com/ns/m.0fttz	Dover	http://rdf.freebase.com/ns/location.location.nearby_airports	Nearby airports	http://rdf.freebase.com/ns/m.06611gg	entity	Chandelle Estates Airport
http://rdf.freebase.com/ns/m.0fttz	Dover	http://rdf.freebase.com/ns/location.location.nearby_airports	Nearby airports	http://rdf.freebase.com/ns/m.0cjcx4	entity	Delaware Airpark
http://rdf.freebase.com/ns/m.0fttz	Dover	http://rdf.freebase.com/ns/location.location.people_born_here	People born here	http://rdf.freebase.com/ns/m.0102g8nx	entity	Tex Warrington
http://rdf.freebase.com/ns/m.0fttz	Dover	http://rdf.freebase.com/ns/location.location.people_born_here	People born here	http://rdf.freebase.com/ns/m.0123nj92	entity	Anthony Myles
http://rdf.freebase.com/ns/m.0fttz	Dover	http://rdf.freebase.com/ns/location.location.people_born_here	People born here	http://rdf.freebase.com/ns/m.01mrj6	entity	Caesar Rodney
http://rdf.freebase.com/ns/m.0fttz	Dover	http://rdf.freebase.com/ns/location.location.people_born_here	People born here	http://rdf.freebase.com/ns/m.01rr4j	entity	Annie Jump Cannon
http://rdf.freebase.com/ns/m.0fttz	Dover	http://rdf.freebase.com/ns/location.location.people_born_here	People born here	http://rdf.freebase.com/ns/m.025yw7t	entity	William L. Nelson
http://rdf.freebase.com/ns/m.0fttz	Dover	http://rdf.freebase.com/ns/location.location.people_born_here	People born here	http://rdf.freebase.com/ns/m.0262g03	entity	Nathaniel B. Smithers
http://rdf.freebase.com/ns/m.0fttz	Dover	http://rdf.freebase.com/ns/location.location.people_born_here	People born here	http://rdf.freebase.com/ns/m.02k_mw8	entity	Gerry Lawrence
http://rdf.freebase.com/ns/m.0fttz	Dover	http://rdf.freebase.com/ns/location.location.people_born_here	People born here	http://rdf.freebase.com/ns/m.03cg64d	entity	Cyrus Cassells
http://rdf.freebase.com/ns/m.0fttz	Dover	http://rdf.freebase.com/ns/location.location.people_born_here	People born here	http://rdf.freebase.com/ns/m.03d7r6w	entity	Madison Brengle
http://rdf.freebase.com/ns/m.0fttz	Dover	http://rdf.freebase.com/ns/location.location.people_born_here	People born here	http://rdf.freebase.com/ns/m.047bq2r	entity	Murphy Guyer
http://rdf.freebase.com/ns/m.0fttz	Dover	http://rdf.freebase.com/ns/location.location.people_born_here	People born here	http://rdf.freebase.com/ns/m.04mpqv	entity	John Vining
http://rdf.freebase.com/ns/m.0fttz	Dover	http://rdf.freebase.com/ns/location.location.people_born_here	People born here	http://rdf.freebase.com/ns/m.04q7g1k	entity	Renie Martin
http://rdf.freebase.com/ns/m.0fttz	Dover	http://rdf.freebase.com/ns/location.location.people_born_here	People born here	http://rdf.freebase.com/ns/m.04v4qz	entity	James Sykes
http://rdf.freebase.com/ns/m.0fttz	Dover	http://rdf.freebase.com/ns/location.location.people_born_here	People born here	http://rdf.freebase.com/ns/m.04yqlk	entity	Teri Polo
http://rdf.freebase.com/ns/m.0fttz	Dover	http://rdf.freebase.com/ns/location.location.people_born_here	People born here	http://rdf.freebase.com/ns/m.056ddfc	entity	Rube Vinson
http://rdf.freebase.com/ns/m.0fttz	Dover	http://rdf.freebase.com/ns/location.location.people_born_here	People born here	http://rdf.freebase.com/ns/m.056xp3	entity	George Sykes
http://rdf.freebase.com/ns/m.0fttz	Dover	http://rdf.freebase.com/ns/location.location.people_born_here	People born here	http://rdf.freebase.com/ns/m.0623xc	entity	Arnold Naudain
http://rdf.freebase.com/ns/m.0fttz	Dover	http://rdf.freebase.com/ns/location.location.people_born_here	People born here	http://rdf.freebase.com/ns/m.06vs0l	entity	Josiah O. Wolcott
http://rdf.freebase.com/ns/m.0fttz	Dover	http://rdf.freebase.com/ns/location.location.people_born_here	People born here	http://rdf.freebase.com/ns/m.079pqb	entity	Ian Snell
http://rdf.freebase.com/ns/m.0fttz	Dover	http://rdf.freebase.com/ns/location.location.people_born_here	People born here	http://rdf.freebase.com/ns/m.07g98q	entity	William D. Denney
http://rdf.freebase.com/ns/m.0fttz	Dover	http://rdf.freebase.com/ns/location.location.people_born_here	People born here	http://rdf.freebase.com/ns/m.07nx29	entity	J. Frank Allee
http://rdf.freebase.com/ns/m.0fttz	Dover	http://rdf.freebase.com/ns/location.location.people_born_here	People born here	http://rdf.freebase.com/ns/m.080d_ds	entity	James H. Hazel
http://rdf.freebase.com/ns/m.0fttz	Dover	http://rdf.freebase.com/ns/location.location.people_born_here	People born here	http://rdf.freebase.com/ns/m.08j5kv	entity	Gove Saulsbury
http://rdf.freebase.com/ns/m.0fttz	Dover	http://rdf.freebase.com/ns/location.location.people_born_here	People born here	http://rdf.freebase.com/ns/m.0914yp	entity	Bryan Gordan
http://rdf.freebase.com/ns/m.0fttz	Dover	http://rdf.freebase.com/ns/location.location.people_born_here	People born here	http://rdf.freebase.com/ns/m.097jf7	entity	Joseph P. Comegys
http://rdf.freebase.com/ns/m.0fttz	Dover	http://rdf.freebase.com/ns/location.location.people_born_here	People born here	http://rdf.freebase.com/ns/m.097jkq	entity	Henry M. Ridgely
http://rdf.freebase.com/ns/m.0fttz	Dover	http://rdf.freebase.com/ns/location.location.people_born_here	People born here	http://rdf.freebase.com/ns/m.0b10t7	entity	Doug Hutchison
http://rdf.freebase.com/ns/m.0fttz	Dover	http://rdf.freebase.com/ns/location.location.people_born_here	People born here	http://rdf.freebase.com/ns/m.0b3v8xq	entity	Brice Patton
http://rdf.freebase.com/ns/m.0fttz	Dover	http://rdf.freebase.com/ns/location.location.people_born_here	People born here	http://rdf.freebase.com/ns/m.0d_8l1	entity	Allison Rosati
http://rdf.freebase.com/ns/m.0fttz	Dover	http://rdf.freebase.com/ns/location.location.people_born_here	People born here	http://rdf.freebase.com/ns/m.0dstb2	entity	Ronnie Murphy
http://rdf.freebase.com/ns/m.0fttz	Dover	http://rdf.freebase.com/ns/location.location.people_born_here	People born here	http://rdf.freebase.com/ns/m.0f0w69	entity	William Paine Lord
http://rdf.freebase.com/ns/m.0fttz	Dover	http://rdf.freebase.com/ns/location.location.people_born_here	People born here	http://rdf.freebase.com/ns/m.0fm3pd	entity	Randy Bush
http://rdf.freebase.com/ns/m.0fttz	Dover	http://rdf.freebase.com/ns/location.location.people_born_here	People born here	http://rdf.freebase.com/ns/m.0h7n6kv	entity	Carleton Carey
http://rdf.freebase.com/ns/m.0fttz	Dover	http://rdf.freebase.com/ns/location.location.people_born_here	People born here	http://rdf.freebase.com/ns/m.0j9mckc	entity	Daniel Woodall
http://rdf.freebase.com/ns/m.0fttz	Dover	http://rdf.freebase.com/ns/location.location.people_born_here	People born here	http://rdf.freebase.com/ns/m.0k9drth	entity	Reginald Jackson
http://rdf.freebase.com/ns/m.0fttz	Dover	http://rdf.freebase.com/ns/location.location.people_born_here	People born here	http://rdf.freebase.com/ns/m.0w4cyll	entity	Anthony Myles
http://rdf.freebase.com/ns/m.0fttz	Dover	http://rdf.freebase.com/ns/location.location.people_born_here	People born here	http://rdf.freebase.com/ns/m.0yt1b5n	entity	W. Charles Paradee
http://rdf.freebase.com/ns/m.0fttz	Dover	http://rdf.freebase.com/ns/location.location.people_born_here	People born here	http://rdf.freebase.com/ns/m.0z2n9t_	entity	William Carson, Jr.
http://rdf.freebase.com/ns/m.0fttz	Dover	http://rdf.freebase.com/ns/location.location.people_born_here	People born here	http://rdf.freebase.com/ns/m.0z8y9y3	entity	Bruce Ennis
http://rdf.freebase.com/ns/m.0fttz	Dover	http://rdf.freebase.com/ns/location.location.people_born_here	People born here	http://rdf.freebase.com/ns/m.0zmqlpz	entity	Darren Helwig
http://rdf.freebase.com/ns/m.0fttz	Dover	http://rdf.freebase.com/ns/location.statistical_region.population	Population	28930	http://www.w3.org/2001/XMLSchema#string	
http://rdf.freebase.com/ns/m.0fttz	Dover	http://rdf.freebase.com/ns/location.statistical_region.population	Population	29665	http://www.w3.org/2001/XMLSchema#string	
http://rdf.freebase.com/ns/m.0fttz	Dover	http://rdf.freebase.com/ns/location.statistical_region.population	Population	30027	http://www.w3.org/2001/XMLSchema#string	
http://rdf.freebase.com/ns/m.0fttz	Dover	http://rdf.freebase.com/ns/location.statistical_region.population	Population	30770	http://www.w3.org/2001/XMLSchema#string	
http://rdf.freebase.com/ns/m.0fttz	Dover	http://rdf.freebase.com/ns/location.statistical_region.population	Population	30842	http://www.w3.org/2001/XMLSchema#string	
http://rdf.freebase.com/ns/m.0fttz	Dover	http://rdf.freebase.com/ns/location.statistical_region.population	Population	31391	http://www.w3.org/2001/XMLSchema#string	
http://rdf.freebase.com/ns/m.0fttz	Dover	http://rdf.freebase.com/ns/location.statistical_region.population	Population	31476	http://www.w3.org/2001/XMLSchema#string	
http://rdf.freebase.com/ns/m.0fttz	Dover	http://rdf.freebase.com/ns/location.statistical_region.population	Population	31559	http://www.w3.org/2001/XMLSchema#string	
http://rdf.freebase.com/ns/m.0fttz	Dover	http://rdf.freebase.com/ns/location.statistical_region.population	Population	31807	http://www.w3.org/2001/XMLSchema#string	
http://rdf.freebase.com/ns/m.0fttz	Dover	http://rdf.freebase.com/ns/location.statistical_region.population	Population	32099	http://www.w3.org/2001/XMLSchema#string	
http://rdf.freebase.com/ns/m.0fttz	Dover	http://rdf.freebase.com/ns/location.statistical_region.population	Population	32158	http://www.w3.org/2001/XMLSchema#string	
http://rdf.freebase.com/ns/m.0fttz	Dover	http://rdf.freebase.com/ns/location.statistical_region.population	Population	32196	http://www.w3.org/2001/XMLSchema#string	
http://rdf.freebase.com/ns/m.0fttz	Dover	http://rdf.freebase.com/ns/location.statistical_region.population	Population	32518	http://www.w3.org/2001/XMLSchema#string	
http://rdf.freebase.com/ns/m.0fttz	Dover	http://rdf.freebase.com/ns/location.statistical_region.population	Population	32694	http://www.w3.org/2001/XMLSchema#string	
http://rdf.freebase.com/ns/m.0fttz	Dover	http://rdf.freebase.com/ns/location.statistical_region.population	Population	33389	http://www.w3.org/2001/XMLSchema#string	
http://rdf.freebase.com/ns/m.0fttz	Dover	http://rdf.freebase.com/ns/location.statistical_region.population	Population	33965	http://www.w3.org/2001/XMLSchema#string	
http://rdf.freebase.com/ns/m.0fttz	Dover	http://rdf.freebase.com/ns/location.statistical_region.population	Population	34687	http://www.w3.org/2001/XMLSchema#string	
http://rdf.freebase.com/ns/m.0fttz	Dover	http://rdf.freebase.com/ns/location.statistical_region.population	Population	35502	http://www.w3.org/2001/XMLSchema#string	
http://rdf.freebase.com/ns/m.0fttz	Dover	http://rdf.freebase.com/ns/location.statistical_region.population	Population	36000	http://www.w3.org/2001/XMLSchema#string	
http://rdf.freebase.com/ns/m.0fttz	Dover	http://rdf.freebase.com/ns/location.statistical_region.population	Population	36159	http://www.w3.org/2001/XMLSchema#string	
http://rdf.freebase.com/ns/m.0fttz	Dover	http://rdf.freebase.com/ns/location.statistical_region.population	Population	36173	http://www.w3.org/2001/XMLSchema#string	
http://rdf.freebase.com/ns/m.0fttz	Dover	http://rdf.freebase.com/ns/location.statistical_region.population	Population	36560	http://www.w3.org/2001/XMLSchema#string	
http://rdf.freebase.com/ns/m.0fttz	Dover	http://rdf.freebase.com/ns/location.statistical_region.population	Population	36688	http://www.w3.org/2001/XMLSchema#string	
http://rdf.freebase.com/ns/m.0fttz	Dover	http://rdf.freebase.com/ns/location.statistical_region.population	Population	37236	http://www.w3.org/2001/XMLSchema#string	
http://rdf.freebase.com/ns/m.0fttz	Dover	http://rdf.freebase.com/ns/location.statistical_region.population	Population	37366	http://www.w3.org/2001/XMLSchema#string	
http://rdf.freebase.com/ns/m.0fttz	Dover	http://rdf.freebase.com/ns/location.statistical_region.unemployment_rate	Unemployment Rate	10	http://www.w3.org/2001/XMLSchema#string	
http://rdf.freebase.com/ns/m.0fttz	Dover	http://rdf.freebase.com/ns/location.statistical_region.unemployment_rate	Unemployment Rate	10.1	http://www.w3.org/2001/XMLSchema#string	
http://rdf.freebase.com/ns/m.0fttz	Dover	http://rdf.freebase.com/ns/location.statistical_region.unemployment_rate	Unemployment Rate	10.2	http://www.w3.org/2001/XMLSchema#string	
http://rdf.freebase.com/ns/m.0fttz	Dover	http://rdf.freebase.com/ns/location.statistical_region.unemployment_rate	Unemployment Rate	10.4	http://www.w3.org/2001/XMLSchema#string	
http://rdf.freebase.com/ns/m.0fttz	Dover	http://rdf.freebase.com/ns/location.statistical_region.unemployment_rate	Unemployment Rate	10.5	http://www.w3.org/2001/XMLSchema#string	
http://rdf.freebase.com/ns/m.0fttz	Dover	http://rdf.freebase.com/ns/location.statistical_region.unemployment_rate	Unemployment Rate	10.6	http://www.w3.org/2001/XMLSchema#string	
http://rdf.freebase.com/ns/m.0fttz	Dover	http://rdf.freebase.com/ns/location.statistical_region.unemployment_rate	Unemployment Rate	10.8	http://www.w3.org/2001/XMLSchema#string	
http://rdf.freebase.com/ns/m.0fttz	Dover	http://rdf.freebase.com/ns/location.statistical_region.unemployment_rate	Unemployment Rate	10.9	http://www.w3.org/2001/XMLSchema#string	
http://rdf.freebase.com/ns/m.0fttz	Dover	http://rdf.freebase.com/ns/location.statistical_region.unemployment_rate	Unemployment Rate	11	http://www.w3.org/2001/XMLSchema#string	
http://rdf.freebase.com/ns/m.0fttz	Dover	http://rdf.freebase.com/ns/location.statistical_region.unemployment_rate	Unemployment Rate	11.1	http://www.w3.org/2001/XMLSchema#string	
http://rdf.freebase.com/ns/m.0fttz	Dover	http://rdf.freebase.com/ns/location.statistical_region.unemployment_rate	Unemployment Rate	11.2	http://www.w3.org/2001/XMLSchema#string	
http://rdf.freebase.com/ns/m.0fttz	Dover	http://rdf.freebase.com/ns/location.statistical_region.unemployment_rate	Unemployment Rate	11.3	http://www.w3.org/2001/XMLSchema#string	
http://rdf.freebase.com/ns/m.0fttz	Dover	http://rdf.freebase.com/ns/location.statistical_region.unemployment_rate	Unemployment Rate	11.5	http://www.w3.org/2001/XMLSchema#string	
http://rdf.freebase.com/ns/m.0fttz	Dover	http://rdf.freebase.com/ns/location.statistical_region.unemployment_rate	Unemployment Rate	2.7	http://www.w3.org/2001/XMLSchema#string	
http://rdf.freebase.com/ns/m.0fttz	Dover	http://rdf.freebase.com/ns/location.statistical_region.unemployment_rate	Unemployment Rate	2.8	http://www.w3.org/2001/XMLSchema#string	
http://rdf.freebase.com/ns/m.0fttz	Dover	http://rdf.freebase.com/ns/location.statistical_region.unemployment_rate	Unemployment Rate	2.9	http://www.w3.org/2001/XMLSchema#string	
http://rdf.freebase.com/ns/m.0fttz	Dover	http://rdf.freebase.com/ns/location.statistical_region.unemployment_rate	Unemployment Rate	3	http://www.w3.org/2001/XMLSchema#string	
http://rdf.freebase.com/ns/m.0fttz	Dover	http://rdf.freebase.com/ns/location.statistical_region.unemployment_rate	Unemployment Rate	3.1	http://www.w3.org/2001/XMLSchema#string	
http://rdf.freebase.com/ns/m.0fttz	Dover	http://rdf.freebase.com/ns/location.statistical_region.unemployment_rate	Unemployment Rate	3.2	http://www.w3.org/2001/XMLSchema#string	
http://rdf.freebase.com/ns/m.0fttz	Dover	http://rdf.freebase.com/ns/location.statistical_region.unemployment_rate	Unemployment Rate	3.3	http://www.w3.org/2001/XMLSchema#string	
http://rdf.freebase.com/ns/m.0fttz	Dover	http://rdf.freebase.com/ns/location.statistical_region.unemployment_rate	Unemployment Rate	3.4	http://www.w3.org/2001/XMLSchema#string	
http://rdf.freebase.com/ns/m.0fttz	Dover	http://rdf.freebase.com/ns/location.statistical_region.unemployment_rate	Unemployment Rate	3.5	http://www.w3.org/2001/XMLSchema#string	
http://rdf.freebase.com/ns/m.0fttz	Dover	http://rdf.freebase.com/ns/location.statistical_region.unemployment_rate	Unemployment Rate	3.6	http://www.w3.org/2001/XMLSchema#string	
http://rdf.freebase.com/ns/m.0fttz	Dover	http://rdf.freebase.com/ns/location.statistical_region.unemployment_rate	Unemployment Rate	3.7	http://www.w3.org/2001/XMLSchema#string	
http://rdf.freebase.com/ns/m.0fttz	Dover	http://rdf.freebase.com/ns/location.statistical_region.unemployment_rate	Unemployment Rate	3.8	http://www.w3.org/2001/XMLSchema#string	
http://rdf.freebase.com/ns/m.0fttz	Dover	http://rdf.freebase.com/ns/location.statistical_region.unemployment_rate	Unemployment Rate	3.9	http://www.w3.org/2001/XMLSchema#string	
http://rdf.freebase.com/ns/m.0fttz	Dover	http://rdf.freebase.com/ns/location.statistical_region.unemployment_rate	Unemployment Rate	4	http://www.w3.org/2001/XMLSchema#string	
http://rdf.freebase.com/ns/m.0fttz	Dover	http://rdf.freebase.com/ns/location.statistical_region.unemployment_rate	Unemployment Rate	4.1	http://www.w3.org/2001/XMLSchema#string	
http://rdf.freebase.com/ns/m.0fttz	Dover	http://rdf.freebase.com/ns/location.statistical_region.unemployment_rate	Unemployment Rate	4.2	http://www.w3.org/2001/XMLSchema#string	
http://rdf.freebase.com/ns/m.0fttz	Dover	http://rdf.freebase.com/ns/location.statistical_region.unemployment_rate	Unemployment Rate	4.3	http://www.w3.org/2001/XMLSchema#string	
http://rdf.freebase.com/ns/m.0fttz	Dover	http://rdf.freebase.com/ns/location.statistical_region.unemployment_rate	Unemployment Rate	4.4	http://www.w3.org/2001/XMLSchema#string	
http://rdf.freebase.com/ns/m.0fttz	Dover	http://rdf.freebase.com/ns/location.statistical_region.unemployment_rate	Unemployment Rate	4.5	http://www.w3.org/2001/XMLSchema#string	
http://rdf.freebase.com/ns/m.0fttz	Dover	http://rdf.freebase.com/ns/location.statistical_region.unemployment_rate	Unemployment Rate	4.6	http://www.w3.org/2001/XMLSchema#string	
http://rdf.freebase.com/ns/m.0fttz	Dover	http://rdf.freebase.com/ns/location.statistical_region.unemployment_rate	Unemployment Rate	4.7	http://www.w3.org/2001/XMLSchema#string	
http://rdf.freebase.com/ns/m.0fttz	Dover	http://rdf.freebase.com/ns/location.statistical_region.unemployment_rate	Unemployment Rate	4.8	http://www.w3.org/2001/XMLSchema#string	
http://rdf.freebase.com/ns/m.0fttz	Dover	http://rdf.freebase.com/ns/location.statistical_region.unemployment_rate	Unemployment Rate	4.9	http://www.w3.org/2001/XMLSchema#string	
http://rdf.freebase.com/ns/m.0fttz	Dover	http://rdf.freebase.com/ns/location.statistical_region.unemployment_rate	Unemployment Rate	5	http://www.w3.org/2001/XMLSchema#string	
http://rdf.freebase.com/ns/m.0fttz	Dover	http://rdf.freebase.com/ns/location.statistical_region.unemployment_rate	Unemployment Rate	5.1	http://www.w3.org/2001/XMLSchema#string	
http://rdf.freebase.com/ns/m.0fttz	Dover	http://rdf.freebase.com/ns/location.statistical_region.unemployment_rate	Unemployment Rate	5.2	http://www.w3.org/2001/XMLSchema#string	
http://rdf.freebase.com/ns/m.0fttz	Dover	http://rdf.freebase.com/ns/location.statistical_region.unemployment_rate	Unemployment Rate	5.3	http://www.w3.org/2001/XMLSchema#string	
http://rdf.freebase.com/ns/m.0fttz	Dover	http://rdf.freebase.com/ns/location.statistical_region.unemployment_rate	Unemployment Rate	5.4	http://www.w3.org/2001/XMLSchema#string	
http://rdf.freebase.com/ns/m.0fttz	Dover	http://rdf.freebase.com/ns/location.statistical_region.unemployment_rate	Unemployment Rate	5.5	http://www.w3.org/2001/XMLSchema#string	
http://rdf.freebase.com/ns/m.0fttz	Dover	http://rdf.freebase.com/ns/location.statistical_region.unemployment_rate	Unemployment Rate	5.6	http://www.w3.org/2001/XMLSchema#string	
http://rdf.freebase.com/ns/m.0fttz	Dover	http://rdf.freebase.com/ns/location.statistical_region.unemployment_rate	Unemployment Rate	5.7	http://www.w3.org/2001/XMLSchema#string	
http://rdf.freebase.com/ns/m.0fttz	Dover	http://rdf.freebase.com/ns/location.statistical_region.unemployment_rate	Unemployment Rate	5.8	http://www.w3.org/2001/XMLSchema#string	
http://rdf.freebase.com/ns/m.0fttz	Dover	http://rdf.freebase.com/ns/location.statistical_region.unemployment_rate	Unemployment Rate	5.9	http://www.w3.org/2001/XMLSchema#string	
http://rdf.freebase.com/ns/m.0fttz	Dover	http://rdf.freebase.com/ns/location.statistical_region.unemployment_rate	Unemployment Rate	6	http://www.w3.org/2001/XMLSchema#string	
http://rdf.freebase.com/ns/m.0fttz	Dover	http://rdf.freebase.com/ns/location.statistical_region.unemployment_rate	Unemployment Rate	6.1	http://www.w3.org/2001/XMLSchema#string	
http://rdf.freebase.com/ns/m.0fttz	Dover	http://rdf.freebase.com/ns/location.statistical_region.unemployment_rate	Unemployment Rate	6.2	http://www.w3.org/2001/XMLSchema#string	
http://rdf.freebase.com/ns/m.0fttz	Dover	http://rdf.freebase.com/ns/location.statistical_region.unemployment_rate	Unemployment Rate	6.3	http://www.w3.org/2001/XMLSchema#string	
http://rdf.freebase.com/ns/m.0fttz	Dover	http://rdf.freebase.com/ns/location.statistical_region.unemployment_rate	Unemployment Rate	6.4	http://www.w3.org/2001/XMLSchema#string	
http://rdf.freebase.com/ns/m.0fttz	Dover	http://rdf.freebase.com/ns/location.statistical_region.unemployment_rate	Unemployment Rate	6.5	http://www.w3.org/2001/XMLSchema#string	
http://rdf.freebase.com/ns/m.0fttz	Dover	http://rdf.freebase.com/ns/location.statistical_region.unemployment_rate	Unemployment Rate	6.7	http://www.w3.org/2001/XMLSchema#string	
http://rdf.freebase.com/ns/m.0fttz	Dover	http://rdf.freebase.com/ns/location.statistical_region.unemployment_rate	Unemployment Rate	6.8	http://www.w3.org/2001/XMLSchema#string	
http://rdf.freebase.com/ns/m.0fttz	Dover	http://rdf.freebase.com/ns/location.statistical_region.unemployment_rate	Unemployment Rate	7	http://www.w3.org/2001/XMLSchema#string	
http://rdf.freebase.com/ns/m.0fttz	Dover	http://rdf.freebase.com/ns/location.statistical_region.unemployment_rate	Unemployment Rate	7.3	http://www.w3.org/2001/XMLSchema#string	
http://rdf.freebase.com/ns/m.0fttz	Dover	http://rdf.freebase.com/ns/location.statistical_region.unemployment_rate	Unemployment Rate	7.4	http://www.w3.org/2001/XMLSchema#string	
http://rdf.freebase.com/ns/m.0fttz	Dover	http://rdf.freebase.com/ns/location.statistical_region.unemployment_rate	Unemployment Rate	7.6	http://www.w3.org/2001/XMLSchema#string	
http://rdf.freebase.com/ns/m.0fttz	Dover	http://rdf.freebase.com/ns/location.statistical_region.unemployment_rate	Unemployment Rate	7.7	http://www.w3.org/2001/XMLSchema#string	
http://rdf.freebase.com/ns/m.0fttz	Dover	http://rdf.freebase.com/ns/location.statistical_region.unemployment_rate	Unemployment Rate	7.8	http://www.w3.org/2001/XMLSchema#string	
http://rdf.freebase.com/ns/m.0fttz	Dover	http://rdf.freebase.com/ns/location.statistical_region.unemployment_rate	Unemployment Rate	7.9	http://www.w3.org/2001/XMLSchema#string	
http://rdf.freebase.com/ns/m.0fttz	Dover	http://rdf.freebase.com/ns/location.statistical_region.unemployment_rate	Unemployment Rate	8.2	http://www.w3.org/2001/XMLSchema#string	
http://rdf.freebase.com/ns/m.0fttz	Dover	http://rdf.freebase.com/ns/location.statistical_region.unemployment_rate	Unemployment Rate	8.3	http://www.w3.org/2001/XMLSchema#string	
http://rdf.freebase.com/ns/m.0fttz	Dover	http://rdf.freebase.com/ns/location.statistical_region.unemployment_rate	Unemployment Rate	8.4	http://www.w3.org/2001/XMLSchema#string	
http://rdf.freebase.com/ns/m.0fttz	Dover	http://rdf.freebase.com/ns/location.statistical_region.unemployment_rate	Unemployment Rate	8.5	http://www.w3.org/2001/XMLSchema#string	
http://rdf.freebase.com/ns/m.0fttz	Dover	http://rdf.freebase.com/ns/location.statistical_region.unemployment_rate	Unemployment Rate	8.6	http://www.w3.org/2001/XMLSchema#string	
http://rdf.freebase.com/ns/m.0fttz	Dover	http://rdf.freebase.com/ns/location.statistical_region.unemployment_rate	Unemployment Rate	8.7	http://www.w3.org/2001/XMLSchema#string	
http://rdf.freebase.com/ns/m.0fttz	Dover	http://rdf.freebase.com/ns/location.statistical_region.unemployment_rate	Unemployment Rate	8.8	http://www.w3.org/2001/XMLSchema#string	
http://rdf.freebase.com/ns/m.0fttz	Dover	http://rdf.freebase.com/ns/location.statistical_region.unemployment_rate	Unemployment Rate	8.9	http://www.w3.org/2001/XMLSchema#string	
http://rdf.freebase.com/ns/m.0fttz	Dover	http://rdf.freebase.com/ns/location.statistical_region.unemployment_rate	Unemployment Rate	9	http://www.w3.org/2001/XMLSchema#string	
http://rdf.freebase.com/ns/m.0fttz	Dover	http://rdf.freebase.com/ns/location.statistical_region.unemployment_rate	Unemployment Rate	9.1	http://www.w3.org/2001/XMLSchema#string	
http://rdf.freebase.com/ns/m.0fttz	Dover	http://rdf.freebase.com/ns/location.statistical_region.unemployment_rate	Unemployment Rate	9.2	http://www.w3.org/2001/XMLSchema#string	
http://rdf.freebase.com/ns/m.0fttz	Dover	http://rdf.freebase.com/ns/location.statistical_region.unemployment_rate	Unemployment Rate	9.3	http://www.w3.org/2001/XMLSchema#string	
http://rdf.freebase.com/ns/m.0fttz	Dover	http://rdf.freebase.com/ns/location.statistical_region.unemployment_rate	Unemployment Rate	9.4	http://www.w3.org/2001/XMLSchema#string	
http://rdf.freebase.com/ns/m.0fttz	Dover	http://rdf.freebase.com/ns/location.statistical_region.unemployment_rate	Unemployment Rate	9.5	http://www.w3.org/2001/XMLSchema#string	
http://rdf.freebase.com/ns/m.0fttz	Dover	http://rdf.freebase.com/ns/location.statistical_region.unemployment_rate	Unemployment Rate	9.6	http://www.w3.org/2001/XMLSchema#string	
http://rdf.freebase.com/ns/m.0fttz	Dover	http://rdf.freebase.com/ns/location.statistical_region.unemployment_rate	Unemployment Rate	9.7	http://www.w3.org/2001/XMLSchema#string	
http://rdf.freebase.com/ns/m.0fttz	Dover	http://rdf.freebase.com/ns/location.statistical_region.unemployment_rate	Unemployment Rate	9.8	http://www.w3.org/2001/XMLSchema#string	
http://rdf.freebase.com/ns/m.0fttz	Dover	http://rdf.freebase.com/ns/location.statistical_region.unemployment_rate	Unemployment Rate	9.9	http://www.w3.org/2001/XMLSchema#string	
http://rdf.freebase.com/ns/m.0fttz	Dover	http://rdf.freebase.com/ns/sports.sports_team_location.teams	Teams	http://rdf.freebase.com/ns/m.05dbhsk	entity	Delaware State Hornets men's basketball
http://rdf.freebase.com/ns/m.0fttz	Dover	http://rdf.freebase.com/ns/topic_server.population_number	population number	28930	http://www.w3.org/2001/XMLSchema#string	
http://rdf.freebase.com/ns/m.0fttz	Dover	http://rdf.freebase.com/ns/topic_server.population_number	population number	29665	http://www.w3.org/2001/XMLSchema#string	
http://rdf.freebase.com/ns/m.0fttz	Dover	http://rdf.freebase.com/ns/topic_server.population_number	population number	30027	http://www.w3.org/2001/XMLSchema#string	
http://rdf.freebase.com/ns/m.0fttz	Dover	http://rdf.freebase.com/ns/topic_server.population_number	population number	30770	http://www.w3.org/2001/XMLSchema#string	
http://rdf.freebase.com/ns/m.0fttz	Dover	http://rdf.freebase.com/ns/topic_server.population_number	population number	30842	http://www.w3.org/2001/XMLSchema#string	
http://rdf.freebase.com/ns/m.0fttz	Dover	http://rdf.freebase.com/ns/topic_server.population_number	population number	31391	http://www.w3.org/2001/XMLSchema#string	
http://rdf.freebase.com/ns/m.0fttz	Dover	http://rdf.freebase.com/ns/topic_server.population_number	population number	31476	http://www.w3.org/2001/XMLSchema#string	
http://rdf.freebase.com/ns/m.0fttz	Dover	http://rdf.freebase.com/ns/topic_server.population_number	population number	31559	http://www.w3.org/2001/XMLSchema#string	
http://rdf.freebase.com/ns/m.0fttz	Dover	http://rdf.freebase.com/ns/topic_server.population_number	population number	31807	http://www.w3.org/2001/XMLSchema#string	
http://rdf.freebase.com/ns/m.0fttz	Dover	http://rdf.freebase.com/ns/topic_server.population_number	population number	32099	http://www.w3.org/2001/XMLSchema#string	
http://rdf.freebase.com/ns/m.0fttz	Dover	http://rdf.freebase.com/ns/topic_server.population_number	population number	32158	http://www.w3.org/2001/XMLSchema#string	
http://rdf.freebase.com/ns/m.0fttz	Dover	http://rdf.freebase.com/ns/topic_server.population_number	population number	32196	http://www.w3.org/2001/XMLSchema#string	
http://rdf.freebase.com/ns/m.0fttz	Dover	http://rdf.freebase.com/ns/topic_server.population_number	population number	32518	http://www.w3.org/2001/XMLSchema#string	
http://rdf.freebase.com/ns/m.0fttz	Dover	http://rdf.freebase.com/ns/topic_server.population_number	population number	32694	http://www.w3.org/2001/XMLSchema#string	
http://rdf.freebase.com/ns/m.0fttz	Dover	http://rdf.freebase.com/ns/topic_server.population_number	population number	33389	http://www.w3.org/2001/XMLSchema#string	
http://rdf.freebase.com/ns/m.0fttz	Dover	http://rdf.freebase.com/ns/topic_server.population_number	population number	33965	http://www.w3.org/2001/XMLSchema#string	
http://rdf.freebase.com/ns/m.0fttz	Dover	http://rdf.freebase.com/ns/topic_server.population_number	population number	34687	http://www.w3.org/2001/XMLSchema#string	
http://rdf.freebase.com/ns/m.0fttz	Dover	http://rdf.freebase.com/ns/topic_server.population_number	population number	35502	http://www.w3.org/2001/XMLSchema#string	
http://rdf.freebase.com/ns/m.0fttz	Dover	http://rdf.freebase.com/ns/topic_server.population_number	population number	36000	http://www.w3.org/2001/XMLSchema#string	
http://rdf.freebase.com/ns/m.0fttz	Dover	http://rdf.freebase.com/ns/topic_server.population_number	population number	36173	http://www.w3.org/2001/XMLSchema#string	
http://rdf.freebase.com/ns/m.0fttz	Dover	http://rdf.freebase.com/ns/topic_server.population_number	population number	36560	http://www.w3.org/2001/XMLSchema#string	
http://rdf.freebase.com/ns/m.0fttz	Dover	http://rdf.freebase.com/ns/topic_server.population_number	population number	36688	http://www.w3.org/2001/XMLSchema#string	
http://rdf.freebase.com/ns/m.0fttz	Dover	http://rdf.freebase.com/ns/topic_server.population_number	population number	37236	http://www.w3.org/2001/XMLSchema#string	
http://rdf.freebase.com/ns/m.0fttz	Dover	http://rdf.freebase.com/ns/topic_server.population_number	population number	37366	http://www.w3.org/2001/XMLSchema#string	
http://rdf.freebase.com/ns/m.0fttz	Dover	http://rdf.freebase.com/ns/travel.travel_destination.tourist_attractions	Tourist attractions	http://rdf.freebase.com/ns/m.0fpc2k7	entity	Delaware Agricultural Museum and Village
http://rdf.freebase.com/ns/m.0fttz	Dover	http://rdf.freebase.com/ns/type.object.key	Key	/authority/gnis/217882	http://www.w3.org/2001/XMLSchema#string	
http://rdf.freebase.com/ns/m.0fttz	Dover	http://rdf.freebase.com/ns/type.object.key	Key	/authority/hud/countyplace/100090	http://www.w3.org/2001/XMLSchema#string	
http://rdf.freebase.com/ns/m.0fttz	Dover	http://rdf.freebase.com/ns/type.object.key	Key	/authority/nist/fips/55/1021200	http://www.w3.org/2001/XMLSchema#string	
http://rdf.freebase.com/ns/m.0fttz	Dover	http://rdf.freebase.com/ns/type.object.key	Key	/base/dspl/us_bls/unemployment/city/CT1021200000000	http://www.w3.org/2001/XMLSchema#string	
http://rdf.freebase.com/ns/m.0fttz	Dover	http://rdf.freebase.com/ns/type.object.key	Key	/base/dspl/us_census/population/place/1021200	http://www.w3.org/2001/XMLSchema#string	
http://rdf.freebase.com/ns/m.0fttz	Dover	http://rdf.freebase.com/ns/type.object.key	Key	/en/dover_delaware	http://www.w3.org/2001/XMLSchema#string	
http://rdf.freebase.com/ns/m.0fttz	Dover	http://rdf.freebase.com/ns/type.object.key	Key	/user/avh/ellerdale/009a-0967	http://www.w3.org/2001/XMLSchema#string	
http://rdf.freebase.com/ns/m.0fttz	Dover	http://rdf.freebase.com/ns/type.object.key	Key	/user/metaweb/datasource/geonames/4142290	http://www.w3.org/2001/XMLSchema#string	
http://rdf.freebase.com/ns/m.0fttz	Dover	http://rdf.freebase.com/ns/type.object.key	Key	/wikipedia/ar/دوفر_(ديلاوير)	http://www.w3.org/2001/XMLSchema#string	
http://rdf.freebase.com/ns/m.0fttz	Dover	http://rdf.freebase.com/ns/type.object.key	Key	/wikipedia/ar/دوفر،_دلاوير	http://www.w3.org/2001/XMLSchema#string	
http://rdf.freebase.com/ns/m.0fttz	Dover	http://rdf.freebase.com/ns/type.object.key	Key	/wikipedia/ar/دوفر،_ديلاوير	http://www.w3.org/2001/XMLSchema#string	
http://rdf.freebase.com/ns/m.0fttz	Dover	http://rdf.freebase.com/ns/type.object.key	Key	/wikipedia/ar/دوڤر،_دلاوير	http://www.w3.org/2001/XMLSchema#string	
http://rdf.freebase.com/ns/m.0fttz	Dover	http://rdf.freebase.com/ns/type.object.key	Key	/wikipedia/ar_id/243165	http://www.w3.org/2001/XMLSchema#string	
http://rdf.freebase.com/ns/m.0fttz	Dover	http://rdf.freebase.com/ns/type.object.key	Key	/wikipedia/ar_title/دوفر_(ديلاوير)	http://www.w3.org/2001/XMLSchema#string	
http://rdf.freebase.com/ns/m.0fttz	Dover	http://rdf.freebase.com/ns/type.object.key	Key	/wikipedia/bg/Доувър_(Делауеър)	http://www.w3.org/2001/XMLSchema#string	
http://rdf.freebase.com/ns/m.0fttz	Dover	http://rdf.freebase.com/ns/type.object.key	Key	/wikipedia/bg_id/124769	http://www.w3.org/2001/XMLSchema#string	
http://rdf.freebase.com/ns/m.0fttz	Dover	http://rdf.freebase.com/ns/type.object.key	Key	/wikipedia/bg_title/Доувър_(Делауеър)	http://www.w3.org/2001/XMLSchema#string	
http://rdf.freebase.com/ns/m.0fttz	Dover	http://rdf.freebase.com/ns/type.object.key	Key	/wikipedia/ca/Dover_(Delaware)	http://www.w3.org/2001/XMLSchema#string	
http://rdf.freebase.com/ns/m.0fttz	Dover	http://rdf.freebase.com/ns/type.object.key	Key	/wikipedia/ca_id/188371	http://www.w3.org/2001/XMLSchema#string	
http://rdf.freebase.com/ns/m.0fttz	Dover	http://rdf.freebase.com/ns/type.object.key	Key	/wikipedia/ca_title/Dover_(Delaware)	http://www.w3.org/2001/XMLSchema#string	
http://rdf.freebase.com/ns/m.0fttz	Dover	http://rdf.freebase.com/ns/type.object.key	Key	/wikipedia/cs/Dover_(Delaware)	http://www.w3.org/2001/XMLSchema#string	
http://rdf.freebase.com/ns/m.0fttz	Dover	http://rdf.freebase.com/ns/type.object.key	Key	/wikipedia/cs_id/375684	http://www.w3.org/2001/XMLSchema#string	
http://rdf.freebase.com/ns/m.0fttz	Dover	http://rdf.freebase.com/ns/type.object.key	Key	/wikipedia/cs_title/Dover_(Delaware)	http://www.w3.org/2001/XMLSchema#string	
http://rdf.freebase.com/ns/m.0fttz	Dover	http://rdf.freebase.com/ns/type.object.key	Key	/wikipedia/da/Dover,_Delaware	http://www.w3.org/2001/XMLSchema#string	
http://rdf.freebase.com/ns/m.0fttz	Dover	http://rdf.freebase.com/ns/type.object.key	Key	/wikipedia/da/Dover_(Delaware)	http://www.w3.org/2001/XMLSchema#string	
http://rdf.freebase.com/ns/m.0fttz	Dover	http://rdf.freebase.com/ns/type.object.key	Key	/wikipedia/da_id/39445	http://www.w3.org/2001/XMLSchema#string	
http://rdf.freebase.com/ns/m.0fttz	Dover	http://rdf.freebase.com/ns/type.object.key	Key	/wikipedia/da_title/Dover_(Delaware)	http://www.w3.org/2001/XMLSchema#string	
http://rdf.freebase.com/ns/m.0fttz	Dover	http://rdf.freebase.com/ns/type.object.key	Key	/wikipedia/de/Dover_(Delaware)	http://www.w3.org/2001/XMLSchema#string	
http://rdf.freebase.com/ns/m.0fttz	Dover	http://rdf.freebase.com/ns/type.object.key	Key	/wikipedia/de_id/165993	http://www.w3.org/2001/XMLSchema#string	
http://rdf.freebase.com/ns/m.0fttz	Dover	http://rdf.freebase.com/ns/type.object.key	Key	/wikipedia/de_title/Dover_(Delaware)	http://www.w3.org/2001/XMLSchema#string	
http://rdf.freebase.com/ns/m.0fttz	Dover	http://rdf.freebase.com/ns/type.object.key	Key	/wikipedia/el/Ντόβερ_(Ντέλαγουερ)	http://www.w3.org/2001/XMLSchema#string	
http://rdf.freebase.com/ns/m.0fttz	Dover	http://rdf.freebase.com/ns/type.object.key	Key	/wikipedia/el_id/315602	http://www.w3.org/2001/XMLSchema#string	
http://rdf.freebase.com/ns/m.0fttz	Dover	http://rdf.freebase.com/ns/type.object.key	Key	/wikipedia/el_title/Ντόβερ_(Ντέλαγουερ)	http://www.w3.org/2001/XMLSchema#string	
http://rdf.freebase.com/ns/m.0fttz	Dover	http://rdf.freebase.com/ns/type.object.key	Key	/wikipedia/en/Capital_of_Delaware	http://www.w3.org/2001/XMLSchema#string	
http://rdf.freebase.com/ns/m.0fttz	Dover	http://rdf.freebase.com/ns/type.object.key	Key	/wikipedia/en/Dover,_DE	http://www.w3.org/2001/XMLSchema#string	
http://rdf.freebase.com/ns/m.0fttz	Dover	http://rdf.freebase.com/ns/type.object.key	Key	/wikipedia/en/Dover,_Delaware	http://www.w3.org/2001/XMLSchema#string	
http://rdf.freebase.com/ns/m.0fttz	Dover	http://rdf.freebase.com/ns/type.object.key	Key	/wikipedia/en/Dover_(Delaware)	http://www.w3.org/2001/XMLSchema#string	
http://rdf.freebase.com/ns/m.0fttz	Dover	http://rdf.freebase.com/ns/type.object.key	Key	/wikipedia/en/Downtown_Dover,_Delaware	http://www.w3.org/2001/XMLSchema#string	
http://rdf.freebase.com/ns/m.0fttz	Dover	http://rdf.freebase.com/ns/type.object.key	Key	/wikipedia/en/North_Dover,_Delaware	http://www.w3.org/2001/XMLSchema#string	
http://rdf.freebase.com/ns/m.0fttz	Dover	http://rdf.freebase.com/ns/type.object.key	Key	/wikipedia/en/South_Dover,_Delaware	http://www.w3.org/2001/XMLSchema#string	
http://rdf.freebase.com/ns/m.0fttz	Dover	http://rdf.freebase.com/ns/type.object.key	Key	/wikipedia/en/UN/LOCODE:USXEZ	http://www.w3.org/2001/XMLSchema#string	
http://rdf.freebase.com/ns/m.0fttz	Dover	http://rdf.freebase.com/ns/type.object.key	Key	/wikipedia/en_id/57694	http://www.w3.org/2001/XMLSchema#string	
http://rdf.freebase.com/ns/m.0fttz	Dover	http://rdf.freebase.com/ns/type.object.key	Key	/wikipedia/en_title/Dover,_Delaware	http://www.w3.org/2001/XMLSchema#string	
http://rdf.freebase.com/ns/m.0fttz	Dover	http://rdf.freebase.com/ns/type.object.key	Key	/wikipedia/es/Dover,_Delaware	http://www.w3.org/2001/XMLSchema#string	
http://rdf.freebase.com/ns/m.0fttz	Dover	http://rdf.freebase.com/ns/type.object.key	Key	/wikipedia/es/Dover_(Delaware)	http://www.w3.org/2001/XMLSchema#string	
http://rdf.freebase.com/ns/m.0fttz	Dover	http://rdf.freebase.com/ns/type.object.key	Key	/wikipedia/es/Dover_Delaware	http://www.w3.org/2001/XMLSchema#string	
http://rdf.freebase.com/ns/m.0fttz	Dover	http://rdf.freebase.com/ns/type.object.key	Key	/wikipedia/es_id/187116	http://www.w3.org/2001/XMLSchema#string	
http://rdf.freebase.com/ns/m.0fttz	Dover	http://rdf.freebase.com/ns/type.object.key	Key	/wikipedia/es_title/Dover_(Delaware)	http://www.w3.org/2001/XMLSchema#string	
http://rdf.freebase.com/ns/m.0fttz	Dover	http://rdf.freebase.com/ns/type.object.key	Key	/wikipedia/et/Dover_(Delaware)	http://www.w3.org/2001/XMLSchema#string	
http://rdf.freebase.com/ns/m.0fttz	Dover	http://rdf.freebase.com/ns/type.object.key	Key	/wikipedia/et_id/47020	http://www.w3.org/2001/XMLSchema#string	
http://rdf.freebase.com/ns/m.0fttz	Dover	http://rdf.freebase.com/ns/type.object.key	Key	/wikipedia/et_title/Dover_(Delaware)	http://www.w3.org/2001/XMLSchema#string	
http://rdf.freebase.com/ns/m.0fttz	Dover	http://rdf.freebase.com/ns/type.object.key	Key	/wikipedia/fa/دوور	http://www.w3.org/2001/XMLSchema#string	
http://rdf.freebase.com/ns/m.0fttz	Dover	http://rdf.freebase.com/ns/type.object.key	Key	/wikipedia/fa/دوور،_دلاور	http://www.w3.org/2001/XMLSchema#string	
http://rdf.freebase.com/ns/m.0fttz	Dover	http://rdf.freebase.com/ns/type.object.key	Key	/wikipedia/fa_id/143755	http://www.w3.org/2001/XMLSchema#string	
http://rdf.freebase.com/ns/m.0fttz	Dover	http://rdf.freebase.com/ns/type.object.key	Key	/wikipedia/fa_title/دوور،_دلاور	http://www.w3.org/2001/XMLSchema#string	
http://rdf.freebase.com/ns/m.0fttz	Dover	http://rdf.freebase.com/ns/type.object.key	Key	/wikipedia/fi/Dover,_Delaware	http://www.w3.org/2001/XMLSchema#string	
http://rdf.freebase.com/ns/m.0fttz	Dover	http://rdf.freebase.com/ns/type.object.key	Key	/wikipedia/fi/Dover_(Delaware)	http://www.w3.org/2001/XMLSchema#string	
http://rdf.freebase.com/ns/m.0fttz	Dover	http://rdf.freebase.com/ns/type.object.key	Key	/wikipedia/fi_id/82151	http://www.w3.org/2001/XMLSchema#string	
http://rdf.freebase.com/ns/m.0fttz	Dover	http://rdf.freebase.com/ns/type.object.key	Key	/wikipedia/fi_title/Dover_(Delaware)	http://www.w3.org/2001/XMLSchema#string	
http://rdf.freebase.com/ns/m.0fttz	Dover	http://rdf.freebase.com/ns/type.object.key	Key	/wikipedia/fr/Dover_(Delaware)	http://www.w3.org/2001/XMLSchema#string	
http://rdf.freebase.com/ns/m.0fttz	Dover	http://rdf.freebase.com/ns/type.object.key	Key	/wikipedia/fr_id/12628	http://www.w3.org/2001/XMLSchema#string	
http://rdf.freebase.com/ns/m.0fttz	Dover	http://rdf.freebase.com/ns/type.object.key	Key	/wikipedia/fr_title/Dover_(Delaware)	http://www.w3.org/2001/XMLSchema#string	
http://rdf.freebase.com/ns/m.0fttz	Dover	http://rdf.freebase.com/ns/type.object.key	Key	/wikipedia/he/דובר_(דלאוור)	http://www.w3.org/2001/XMLSchema#string	
http://rdf.freebase.com/ns/m.0fttz	Dover	http://rdf.freebase.com/ns/type.object.key	Key	/wikipedia/he/דובר_(דלוור)	http://www.w3.org/2001/XMLSchema#string	
http://rdf.freebase.com/ns/m.0fttz	Dover	http://rdf.freebase.com/ns/type.object.key	Key	/wikipedia/he_id/90234	http://www.w3.org/2001/XMLSchema#string	
http://rdf.freebase.com/ns/m.0fttz	Dover	http://rdf.freebase.com/ns/type.object.key	Key	/wikipedia/he_title/דובר_(דלאוור)	http://www.w3.org/2001/XMLSchema#string	
http://rdf.freebase.com/ns/m.0fttz	Dover	http://rdf.freebase.com/ns/type.object.key	Key	/wikipedia/hu/Dover,_Delaware	http://www.w3.org/2001/XMLSchema#string	
http://rdf.freebase.com/ns/m.0fttz	Dover	http://rdf.freebase.com/ns/type.object.key	Key	/wikipedia/hu/Dover_(Delaware)	http://www.w3.org/2001/XMLSchema#string	
http://rdf.freebase.com/ns/m.0fttz	Dover	http://rdf.freebase.com/ns/type.object.key	Key	/wikipedia/hu_id/169700	http://www.w3.org/2001/XMLSchema#string	
http://rdf.freebase.com/ns/m.0fttz	Dover	http://rdf.freebase.com/ns/type.object.key	Key	/wikipedia/hu_title/Dover_(Delaware)	http://www.w3.org/2001/XMLSchema#string	
http://rdf.freebase.com/ns/m.0fttz	Dover	http://rdf.freebase.com/ns/type.object.key	Key	/wikipedia/id/Dover,_Delaware	http://www.w3.org/2001/XMLSchema#string	
http://rdf.freebase.com/ns/m.0fttz	Dover	http://rdf.freebase.com/ns/type.object.key	Key	/wikipedia/id/Dover,_delaware	http://www.w3.org/2001/XMLSchema#string	
http://rdf.freebase.com/ns/m.0fttz	Dover	http://rdf.freebase.com/ns/type.object.key	Key	/wikipedia/id_id/463987	http://www.w3.org/2001/XMLSchema#string	
http://rdf.freebase.com/ns/m.0fttz	Dover	http://rdf.freebase.com/ns/type.object.key	Key	/wikipedia/id_title/Dover,_Delaware	http://www.w3.org/2001/XMLSchema#string	
http://rdf.freebase.com/ns/m.0fttz	Dover	http://rdf.freebase.com/ns/type.object.key	Key	/wikipedia/it/Dover,_Delaware	http://www.w3.org/2001/XMLSchema#string	
http://rdf.freebase.com/ns/m.0fttz	Dover	http://rdf.freebase.com/ns/type.object.key	Key	/wikipedia/it/Dover_(Delaware)	http://www.w3.org/2001/XMLSchema#string	
http://rdf.freebase.com/ns/m.0fttz	Dover	http://rdf.freebase.com/ns/type.object.key	Key	/wikipedia/it_id/445295	http://www.w3.org/2001/XMLSchema#string	
http://rdf.freebase.com/ns/m.0fttz	Dover	http://rdf.freebase.com/ns/type.object.key	Key	/wikipedia/it_title/Dover_(Delaware)	http://www.w3.org/2001/XMLSchema#string	
http://rdf.freebase.com/ns/m.0fttz	Dover	http://rdf.freebase.com/ns/type.object.key	Key	/wikipedia/ja/ドーバー_(デラウェア州)	http://www.w3.org/2001/XMLSchema#string	
http://rdf.freebase.com/ns/m.0fttz	Dover	http://rdf.freebase.com/ns/type.object.key	Key	/wikipedia/ja_id/428317	http://www.w3.org/2001/XMLSchema#string	
http://rdf.freebase.com/ns/m.0fttz	Dover	http://rdf.freebase.com/ns/type.object.key	Key	/wikipedia/ja_title/ドーバー_(デラウェア州)	http://www.w3.org/2001/XMLSchema#string	
http://rdf.freebase.com/ns/m.0fttz	Dover	http://rdf.freebase.com/ns/type.object.key	Key	/wikipedia/ko/도버_(델라웨어_주)	http://www.w3.org/2001/XMLSchema#string	
http://rdf.freebase.com/ns/m.0fttz	Dover	http://rdf.freebase.com/ns/type.object.key	Key	/wikipedia/ko_id/105366	http://www.w3.org/2001/XMLSchema#string	
http://rdf.freebase.com/ns/m.0fttz	Dover	http://rdf.freebase.com/ns/type.object.key	Key	/wikipedia/ko_title/도버_(델라웨어_주)	http://www.w3.org/2001/XMLSchema#string	
http://rdf.freebase.com/ns/m.0fttz	Dover	http://rdf.freebase.com/ns/type.object.key	Key	/wikipedia/lt/Doveris	http://www.w3.org/2001/XMLSchema#string	
http://rdf.freebase.com/ns/m.0fttz	Dover	http://rdf.freebase.com/ns/type.object.key	Key	/wikipedia/lt/Doveris_(JAV)	http://www.w3.org/2001/XMLSchema#string	
http://rdf.freebase.com/ns/m.0fttz	Dover	http://rdf.freebase.com/ns/type.object.key	Key	/wikipedia/lt_id/196479	http://www.w3.org/2001/XMLSchema#string	
http://rdf.freebase.com/ns/m.0fttz	Dover	http://rdf.freebase.com/ns/type.object.key	Key	/wikipedia/lt_title/Doveris_(JAV)	http://www.w3.org/2001/XMLSchema#string	
http://rdf.freebase.com/ns/m.0fttz	Dover	http://rdf.freebase.com/ns/type.object.key	Key	/wikipedia/lv/Dovera	http://www.w3.org/2001/XMLSchema#string	
http://rdf.freebase.com/ns/m.0fttz	Dover	http://rdf.freebase.com/ns/type.object.key	Key	/wikipedia/lv/Dovera_(Delavēra)	http://www.w3.org/2001/XMLSchema#string	
http://rdf.freebase.com/ns/m.0fttz	Dover	http://rdf.freebase.com/ns/type.object.key	Key	/wikipedia/lv_id/169177	http://www.w3.org/2001/XMLSchema#string	
http://rdf.freebase.com/ns/m.0fttz	Dover	http://rdf.freebase.com/ns/type.object.key	Key	/wikipedia/lv_title/Dovera	http://www.w3.org/2001/XMLSchema#string	
http://rdf.freebase.com/ns/m.0fttz	Dover	http://rdf.freebase.com/ns/type.object.key	Key	/wikipedia/nl/Dover,_Delaware	http://www.w3.org/2001/XMLSchema#string	
http://rdf.freebase.com/ns/m.0fttz	Dover	http://rdf.freebase.com/ns/type.object.key	Key	/wikipedia/nl/Dover_(Delaware)	http://www.w3.org/2001/XMLSchema#string	
http://rdf.freebase.com/ns/m.0fttz	Dover	http://rdf.freebase.com/ns/type.object.key	Key	/wikipedia/nl_id/159147	http://www.w3.org/2001/XMLSchema#string	
http://rdf.freebase.com/ns/m.0fttz	Dover	http://rdf.freebase.com/ns/type.object.key	Key	/wikipedia/nl_title/Dover_(Delaware)	http://www.w3.org/2001/XMLSchema#string	
http://rdf.freebase.com/ns/m.0fttz	Dover	http://rdf.freebase.com/ns/type.object.key	Key	/wikipedia/no/Dover,_Delaware	http://www.w3.org/2001/XMLSchema#string	
http://rdf.freebase.com/ns/m.0fttz	Dover	http://rdf.freebase.com/ns/type.object.key	Key	/wikipedia/no/Dover_(Delaware)	http://www.w3.org/2001/XMLSchema#string	
http://rdf.freebase.com/ns/m.0fttz	Dover	http://rdf.freebase.com/ns/type.object.key	Key	/wikipedia/no_id/195653	http://www.w3.org/2001/XMLSchema#string	
http://rdf.freebase.com/ns/m.0fttz	Dover	http://rdf.freebase.com/ns/type.object.key	Key	/wikipedia/no_title/Dover_(Delaware)	http://www.w3.org/2001/XMLSchema#string	
http://rdf.freebase.com/ns/m.0fttz	Dover	http://rdf.freebase.com/ns/type.object.key	Key	/wikipedia/pl/Dover,_Delaware	http://www.w3.org/2001/XMLSchema#string	
http://rdf.freebase.com/ns/m.0fttz	Dover	http://rdf.freebase.com/ns/type.object.key	Key	/wikipedia/pl/Dover_(Delaware)	http://www.w3.org/2001/XMLSchema#string	
http://rdf.freebase.com/ns/m.0fttz	Dover	http://rdf.freebase.com/ns/type.object.key	Key	/wikipedia/pl_id/114372	http://www.w3.org/2001/XMLSchema#string	
http://rdf.freebase.com/ns/m.0fttz	Dover	http://rdf.freebase.com/ns/type.object.key	Key	/wikipedia/pl_title/Dover_(Delaware)	http://www.w3.org/2001/XMLSchema#string	
http://rdf.freebase.com/ns/m.0fttz	Dover	http://rdf.freebase.com/ns/type.object.key	Key	/wikipedia/pt/Dover_(Delaware)	http://www.w3.org/2001/XMLSchema#string	
http://rdf.freebase.com/ns/m.0fttz	Dover	http://rdf.freebase.com/ns/type.object.key	Key	/wikipedia/pt/Dover_(delaware)	http://www.w3.org/2001/XMLSchema#string	
http://rdf.freebase.com/ns/m.0fttz	Dover	http://rdf.freebase.com/ns/type.object.key	Key	/wikipedia/pt_id/77342	http://www.w3.org/2001/XMLSchema#string	
http://rdf.freebase.com/ns/m.0fttz	Dover	http://rdf.freebase.com/ns/type.object.key	Key	/wikipedia/pt_title/Dover_(Delaware)	http://www.w3.org/2001/XMLSchema#string	
http://rdf.freebase.com/ns/m.0fttz	Dover	http://rdf.freebase.com/ns/type.object.key	Key	/wikipedia/ro/Dover,_Delaware	http://www.w3.org/2001/XMLSchema#string	
http://rdf.freebase.com/ns/m.0fttz	Dover	http://rdf.freebase.com/ns/type.object.key	Key	/wikipedia/ro/Dover,_delaware	http://www.w3.org/2001/XMLSchema#string	
http://rdf.freebase.com/ns/m.0fttz	Dover	http://rdf.freebase.com/ns/type.object.key	Key	/wikipedia/ro_id/182295	http://www.w3.org/2001/XMLSchema#string	
http://rdf.freebase.com/ns/m.0fttz	Dover	http://rdf.freebase.com/ns/type.object.key	Key	/wikipedia/ro_title/Dover,_Delaware	http://www.w3.org/2001/XMLSchema#string	
http://rdf.freebase.com/ns/m.0fttz	Dover	http://rdf.freebase.com/ns/type.object.key	Key	/wikipedia/ru/Довер_(Делавэр)	http://www.w3.org/2001/XMLSchema#string	
http://rdf.freebase.com/ns/m.0fttz	Dover	http://rdf.freebase.com/ns/type.object.key	Key	/wikipedia/ru_id/1048630	http://www.w3.org/2001/XMLSchema#string	
http://rdf.freebase.com/ns/m.0fttz	Dover	http://rdf.freebase.com/ns/type.object.key	Key	/wikipedia/ru_title/Довер_(Делавэр)	http://www.w3.org/2001/XMLSchema#string	
http://rdf.freebase.com/ns/m.0fttz	Dover	http://rdf.freebase.com/ns/type.object.key	Key	/wikipedia/sk/Dover_(Delaware)	http://www.w3.org/2001/XMLSchema#string	
http://rdf.freebase.com/ns/m.0fttz	Dover	http://rdf.freebase.com/ns/type.object.key	Key	/wikipedia/sk_id/162639	http://www.w3.org/2001/XMLSchema#string	
http://rdf.freebase.com/ns/m.0fttz	Dover	http://rdf.freebase.com/ns/type.object.key	Key	/wikipedia/sk_title/Dover_(Delaware)	http://www.w3.org/2001/XMLSchema#string	
http://rdf.freebase.com/ns/m.0fttz	Dover	http://rdf.freebase.com/ns/type.object.key	Key	/wikipedia/sr/Dover,_DE	http://www.w3.org/2001/XMLSchema#string	
http://rdf.freebase.com/ns/m.0fttz	Dover	http://rdf.freebase.com/ns/type.object.key	Key	/wikipedia/sr/Dover,_Delaware	http://www.w3.org/2001/XMLSchema#string	
http://rdf.freebase.com/ns/m.0fttz	Dover	http://rdf.freebase.com/ns/type.object.key	Key	/wikipedia/sr/Dover_(DE)	http://www.w3.org/2001/XMLSchema#string	
http://rdf.freebase.com/ns/m.0fttz	Dover	http://rdf.freebase.com/ns/type.object.key	Key	/wikipedia/sr/Dover_(Delaware)	http://www.w3.org/2001/XMLSchema#string	
http://rdf.freebase.com/ns/m.0fttz	Dover	http://rdf.freebase.com/ns/type.object.key	Key	/wikipedia/sr/Довер,_DE	http://www.w3.org/2001/XMLSchema#string	
http://rdf.freebase.com/ns/m.0fttz	Dover	http://rdf.freebase.com/ns/type.object.key	Key	/wikipedia/sr/Довер,_Делавер	http://www.w3.org/2001/XMLSchema#string	
http://rdf.freebase.com/ns/m.0fttz	Dover	http://rdf.freebase.com/ns/type.object.key	Key	/wikipedia/sr/Довер_(DE)	http://www.w3.org/2001/XMLSchema#string	
http://rdf.freebase.com/ns/m.0fttz	Dover	http://rdf.freebase.com/ns/type.object.key	Key	/wikipedia/sr/Довер_(Делавер)	http://www.w3.org/2001/XMLSchema#string	
http://rdf.freebase.com/ns/m.0fttz	Dover	http://rdf.freebase.com/ns/type.object.key	Key	/wikipedia/sr/Довер_(САД)	http://www.w3.org/2001/XMLSchema#string	
http://rdf.freebase.com/ns/m.0fttz	Dover	http://rdf.freebase.com/ns/type.object.key	Key	/wikipedia/sr_id/443654	http://www.w3.org/2001/XMLSchema#string	
http://rdf.freebase.com/ns/m.0fttz	Dover	http://rdf.freebase.com/ns/type.object.key	Key	/wikipedia/sr_title/Довер_(Делавер)	http://www.w3.org/2001/XMLSchema#string	
http://rdf.freebase.com/ns/m.0fttz	Dover	http://rdf.freebase.com/ns/type.object.key	Key	/wikipedia/sv/Dover,_Delaware	http://www.w3.org/2001/XMLSchema#string	
http://rdf.freebase.com/ns/m.0fttz	Dover	http://rdf.freebase.com/ns/type.object.key	Key	/wikipedia/sv_id/7882	http://www.w3.org/2001/XMLSchema#string	
http://rdf.freebase.com/ns/m.0fttz	Dover	http://rdf.freebase.com/ns/type.object.key	Key	/wikipedia/sv_title/Dover,_Delaware	http://www.w3.org/2001/XMLSchema#string	
http://rdf.freebase.com/ns/m.0fttz	Dover	http://rdf.freebase.com/ns/type.object.key	Key	/wikipedia/tl/Dover,_Delaware	http://www.w3.org/2001/XMLSchema#string	
http://rdf.freebase.com/ns/m.0fttz	Dover	http://rdf.freebase.com/ns/type.object.key	Key	/wikipedia/tl_id/25908	http://www.w3.org/2001/XMLSchema#string	
http://rdf.freebase.com/ns/m.0fttz	Dover	http://rdf.freebase.com/ns/type.object.key	Key	/wikipedia/tl_title/Dover,_Delaware	http://www.w3.org/2001/XMLSchema#string	
http://rdf.freebase.com/ns/m.0fttz	Dover	http://rdf.freebase.com/ns/type.object.key	Key	/wikipedia/tr/Dover,_Delaware	http://www.w3.org/2001/XMLSchema#string	
http://rdf.freebase.com/ns/m.0fttz	Dover	http://rdf.freebase.com/ns/type.object.key	Key	/wikipedia/tr_id/1662053	http://www.w3.org/2001/XMLSchema#string	
http://rdf.freebase.com/ns/m.0fttz	Dover	http://rdf.freebase.com/ns/type.object.key	Key	/wikipedia/tr_title/Dover,_Delaware	http://www.w3.org/2001/XMLSchema#string	
http://rdf.freebase.com/ns/m.0fttz	Dover	http://rdf.freebase.com/ns/type.object.key	Key	/wikipedia/uk/Довер_(Делавер)	http://www.w3.org/2001/XMLSchema#string	
http://rdf.freebase.com/ns/m.0fttz	Dover	http://rdf.freebase.com/ns/type.object.key	Key	/wikipedia/uk_id/640499	http://www.w3.org/2001/XMLSchema#string	
http://rdf.freebase.com/ns/m.0fttz	Dover	http://rdf.freebase.com/ns/type.object.key	Key	/wikipedia/uk_title/Довер_(Делавер)	http://www.w3.org/2001/XMLSchema#string	
http://rdf.freebase.com/ns/m.0fttz	Dover	http://rdf.freebase.com/ns/type.object.key	Key	/wikipedia/vi/Dover,_Delaware	http://www.w3.org/2001/XMLSchema#string	
http://rdf.freebase.com/ns/m.0fttz	Dover	http://rdf.freebase.com/ns/type.object.key	Key	/wikipedia/vi_id/820241	http://www.w3.org/2001/XMLSchema#string	
http://rdf.freebase.com/ns/m.0fttz	Dover	http://rdf.freebase.com/ns/type.object.key	Key	/wikipedia/vi_title/Dover,_Delaware	http://www.w3.org/2001/XMLSchema#string	
http://rdf.freebase.com/ns/m.0fttz	Dover	http://rdf.freebase.com/ns/type.object.key	Key	/wikipedia/zh-cn/多佛_(特拉华州)	http://www.w3.org/2001/XMLSchema#string	
http://rdf.freebase.com/ns/m.0fttz	Dover	http://rdf.freebase.com/ns/type.object.key	Key	/wikipedia/zh-cn/多佛_(特拉華州)	http://www.w3.org/2001/XMLSchema#string	
http://rdf.freebase.com/ns/m.0fttz	Dover	http://rdf.freebase.com/ns/type.object.key	Key	/wikipedia/zh-cn_id/395269	http://www.w3.org/2001/XMLSchema#string	
http://rdf.freebase.com/ns/m.0fttz	Dover	http://rdf.freebase.com/ns/type.object.key	Key	/wikipedia/zh-cn_title/多佛_(特拉华州)	http://www.w3.org/2001/XMLSchema#string	
http://rdf.freebase.com/ns/m.0fttz	Dover	http://rdf.freebase.com/ns/type.object.key	Key	/wikipedia/zh-tw/多佛_(特拉华州)	http://www.w3.org/2001/XMLSchema#string	
http://rdf.freebase.com/ns/m.0fttz	Dover	http://rdf.freebase.com/ns/type.object.key	Key	/wikipedia/zh-tw/多佛_(特拉華州)	http://www.w3.org/2001/XMLSchema#string	
http://rdf.freebase.com/ns/m.0fttz	Dover	http://rdf.freebase.com/ns/type.object.key	Key	/wikipedia/zh-tw_id/395269	http://www.w3.org/2001/XMLSchema#string	
http://rdf.freebase.com/ns/m.0fttz	Dover	http://rdf.freebase.com/ns/type.object.key	Key	/wikipedia/zh-tw_title/多佛_(特拉华州)	http://www.w3.org/2001/XMLSchema#string	
http://rdf.freebase.com/ns/m.0fttz	Dover	http://rdf.freebase.com/ns/type.object.name	Name	Dover	http://www.w3.org/1999/02/22-rdf-syntax-ns#langString	
http://rdf.freebase.com/ns/m.0fttz	Dover	http://rdf.freebase.com/ns/type.object.type	Type	http://rdf.freebase.com/ns/base.aareas.schema.administrative_area	entity	Administrative Area
http://rdf.freebase.com/ns/m.0fttz	Dover	http://rdf.freebase.com/ns/type.object.type	Type	http://rdf.freebase.com/ns/base.aareas.schema.earth.citytown	entity	City/Town/Village
http://rdf.freebase.com/ns/m.0fttz	Dover	http://rdf.freebase.com/ns/type.object.type	Type	http://rdf.freebase.com/ns/base.type_ontology.abstract	entity	Abstract
http://rdf.freebase.com/ns/m.0fttz	Dover	http://rdf.freebase.com/ns/type.object.type	Type	http://rdf.freebase.com/ns/base.type_ontology.agent	entity	Agent
http://rdf.freebase.com/ns/m.0fttz	Dover	http://rdf.freebase.com/ns/type.object.type	Type	http://rdf.freebase.com/ns/base.type_ontology.inanimate	entity	Inanimate
http://rdf.freebase.com/ns/m.0fttz	Dover	http://rdf.freebase.com/ns/type.object.type	Type	http://rdf.freebase.com/ns/common.topic	entity	Topic
http://rdf.freebase.com/ns/m.0fttz	Dover	http://rdf.freebase.com/ns/type.object.type	Type	http://rdf.freebase.com/ns/government.governmental_jurisdiction	entity	Governmental Jurisdiction
http://rdf.freebase.com/ns/m.0fttz	Dover	http://rdf.freebase.com/ns/type.object.type	Type	http://rdf.freebase.com/ns/location.capital_of_administrative_division	entity	Capital of administrative division
http://rdf.freebase.com/ns/m.0fttz	Dover	http://rdf.freebase.com/ns/type.object.type	Type	http://rdf.freebase.com/ns/location.citytown	entity	City/Town/Village
http://rdf.freebase.com/ns/m.0fttz	Dover	http://rdf.freebase.com/ns/type.object.type	Type	http://rdf.freebase.com/ns/location.dated_location	entity	Dated location
http://rdf.freebase.com/ns/m.0fttz	Dover	http://rdf.freebase.com/ns/type.object.type	Type	http://rdf.freebase.com/ns/location.hud_county_place	entity	HUD County Place
http://rdf.freebase.com/ns/m.0fttz	Dover	http://rdf.freebase.com/ns/type.object.type	Type	http://rdf.freebase.com/ns/location.hud_foreclosure_area	entity	HUD Foreclosure Area
http://rdf.freebase.com/ns/m.0fttz	Dover	http://rdf.freebase.com/ns/type.object.type	Type	http://rdf.freebase.com/ns/location.location	entity	Location
http://rdf.freebase.com/ns/m.0fttz	Dover	http://rdf.freebase.com/ns/type.object.type	Type	http://rdf.freebase.com/ns/location.statistical_region	entity	Statistical region
http://rdf.freebase.com/ns/m.0fttz	Dover	http://rdf.freebase.com/ns/type.object.type	Type	http://rdf.freebase.com/ns/sports.sports_team_location	entity	Sports Team Location
http://rdf.freebase.com/ns/m.0fttz	Dover	http://rdf.freebase.com/ns/type.object.type	Type	http://rdf.freebase.com/ns/travel.travel_destination	entity	Travel destination
http://rdf.freebase.com/ns/m.0fttz	Dover	http://rdf.freebase.com/ns/user.avh.default_domain.ellerdale_topic.ellerdale_id	Ellerdale ID	009a-0967	http://www.w3.org/2001/XMLSchema#string	
http://rdf.freebase.com/ns/m.0fttz	Dover	http://www.w3.org/1999/02/22-rdf-syntax-ns#type	type	http://rdf.freebase.com/ns/base.aareas.schema.administrative_area	entity	Administrative Area
http://rdf.freebase.com/ns/m.0fttz	Dover	http://www.w3.org/1999/02/22-rdf-syntax-ns#type	type	http://rdf.freebase.com/ns/base.aareas.schema.earth.citytown	entity	City/Town/Village
http://rdf.freebase.com/ns/m.0fttz	Dover	http://www.w3.org/1999/02/22-rdf-syntax-ns#type	type	http://rdf.freebase.com/ns/base.type_ontology.abstract	entity	Abstract
http://rdf.freebase.com/ns/m.0fttz	Dover	http://www.w3.org/1999/02/22-rdf-syntax-ns#type	type	http://rdf.freebase.com/ns/base.type_ontology.agent	entity	Agent
http://rdf.freebase.com/ns/m.0fttz	Dover	http://www.w3.org/1999/02/22-rdf-syntax-ns#type	type	http://rdf.freebase.com/ns/base.type_ontology.inanimate	entity	Inanimate
http://rdf.freebase.com/ns/m.0fttz	Dover	http://www.w3.org/1999/02/22-rdf-syntax-ns#type	type	http://rdf.freebase.com/ns/common.topic	entity	Topic
http://rdf.freebase.com/ns/m.0fttz	Dover	http://www.w3.org/1999/02/22-rdf-syntax-ns#type	type	http://rdf.freebase.com/ns/government.governmental_jurisdiction	entity	Governmental Jurisdiction
http://rdf.freebase.com/ns/m.0fttz	Dover	http://www.w3.org/1999/02/22-rdf-syntax-ns#type	type	http://rdf.freebase.com/ns/location.capital_of_administrative_division	entity	Capital of administrative division
http://rdf.freebase.com/ns/m.0fttz	Dover	http://www.w3.org/1999/02/22-rdf-syntax-ns#type	type	http://rdf.freebase.com/ns/location.citytown	entity	City/Town/Village
http://rdf.freebase.com/ns/m.0fttz	Dover	http://www.w3.org/1999/02/22-rdf-syntax-ns#type	type	http://rdf.freebase.com/ns/location.dated_location	entity	Dated location
http://rdf.freebase.com/ns/m.0fttz	Dover	http://www.w3.org/1999/02/22-rdf-syntax-ns#type	type	http://rdf.freebase.com/ns/location.hud_county_place	entity	HUD County Place
http://rdf.freebase.com/ns/m.0fttz	Dover	http://www.w3.org/1999/02/22-rdf-syntax-ns#type	type	http://rdf.freebase.com/ns/location.hud_foreclosure_area	entity	HUD Foreclosure Area
http://rdf.freebase.com/ns/m.0fttz	Dover	http://www.w3.org/1999/02/22-rdf-syntax-ns#type	type	http://rdf.freebase.com/ns/location.location	entity	Location
http://rdf.freebase.com/ns/m.0fttz	Dover	http://www.w3.org/1999/02/22-rdf-syntax-ns#type	type	http://rdf.freebase.com/ns/location.statistical_region	entity	Statistical region
http://rdf.freebase.com/ns/m.0fttz	Dover	http://www.w3.org/1999/02/22-rdf-syntax-ns#type	type	http://rdf.freebase.com/ns/sports.sports_team_location	entity	Sports Team Location
http://rdf.freebase.com/ns/m.0fttz	Dover	http://www.w3.org/1999/02/22-rdf-syntax-ns#type	type	http://rdf.freebase.com/ns/travel.travel_destination	entity	Travel destination
http://rdf.freebase.com/ns/m.0fttz	Dover	http://www.w3.org/2000/01/rdf-schema#label	label	Dover	http://www.w3.org/1999/02/22-rdf-syntax-ns#langString	
http://rdf.freebase.com/ns/m.0fttz	Dover	http://www.w3.org/2000/01/rdf-schema#label	label	ドーバー	http://www.w3.org/2001/XMLSchema#string	
http://rdf.freebase.com/ns/m.0fttz	Dover	http://www.w3.org/2003/01/geo/wgs84_pos#lat	latitude	39.161944	http://www.w3.org/2001/XMLSchema#float	
http://rdf.freebase.com/ns/m.0fttz	Dover	http://www.w3.org/2003/01/geo/wgs84_pos#long	longitude	-75.526667	http://www.w3.org/2001/XMLSchema#float	
