sub	subl	prop	propl	obj	obj_t	obj_l
http://www.wikidata.org/entity/Q733687	Dover	http://schema.org/description	description	city	http://www.w3.org/1999/02/22-rdf-syntax-ns#langString	
http://www.wikidata.org/entity/Q733687	Dover	http://www.w3.org/1999/02/22-rdf-syntax-ns#type	type	http://www.wikidata.org/entity/Q515	entity	city
http://www.wikidata.org/entity/Q733687	Dover	http://www.w3.org/1999/02/22-rdf-syntax-ns#type	type	http://www.wikidata.org/ontology#Item	entity	Item
http://www.wikidata.org/entity/Q733687	Dover	http://www.w3.org/2000/01/rdf-schema#label	label	Dover	http://www.w3.org/1999/02/22-rdf-syntax-ns#langString	
http://www.wikidata.org/entity/Q733687	Dover	http://www.w3.org/2003/01/geo/wgs84_pos#lat	latitude	48.2536	http://www.w3.org/2001/XMLSchema#float	
http://www.wikidata.org/entity/Q733687	Dover	http://www.w3.org/2003/01/geo/wgs84_pos#long	longitude	-116.6	http://www.w3.org/2001/XMLSchema#float	
http://www.wikidata.org/entity/Q733687	Dover	http://www.w3.org/2004/02/skos/core#altLabel	alternative label	Dover, Idaho	http://www.w3.org/1999/02/22-rdf-syntax-ns#langString	
http://www.wikidata.org/entity/Q733687	Dover	http://www.wikidata.org/entity/P131c	located in the administrative territorial entity	http://www.wikidata.org/entity/Q483932	entity	Bonner County
http://www.wikidata.org/entity/Q733687	Dover	http://www.wikidata.org/entity/P1566c	GeoNames ID	5591362	http://www.w3.org/2001/XMLSchema#string	
http://www.wikidata.org/entity/Q733687	Dover	http://www.wikidata.org/entity/P17c	country	http://www.wikidata.org/entity/Q30	entity	United States of America
http://www.wikidata.org/entity/Q733687	Dover	http://www.wikidata.org/entity/P2046c	area	8391561	http://www.w3.org/2001/XMLSchema#decimal	
http://www.wikidata.org/entity/Q733687	Dover	http://www.wikidata.org/entity/P214c	VIAF ID	189391817	http://www.w3.org/2001/XMLSchema#string	
http://www.wikidata.org/entity/Q733687	Dover	http://www.wikidata.org/entity/P242c	locator map image	http://commons.wikimedia.org/wiki/File:IDMap-doton-Dover.PNG	uri	null
http://www.wikidata.org/entity/Q733687	Dover	http://www.wikidata.org/entity/P31c	instance of	http://www.wikidata.org/entity/Q515	entity	city
http://www.wikidata.org/entity/Q733687	Dover	http://www.wikidata.org/entity/P590c	GNIS ID	397637	http://www.w3.org/2001/XMLSchema#string	
http://www.wikidata.org/entity/Q733687	Dover	http://www.wikidata.org/entity/P646-freebase	Freebase ID	http://rdf.freebase.com/ns/m.0s12r	entity	Dover
http://www.wikidata.org/entity/Q733687	Dover	http://www.wikidata.org/entity/P646c	Freebase ID	/m/0s12r	http://www.w3.org/2001/XMLSchema#string	
