sub	subl	prop	propl	obj	obj_t	obj_l
http://dbpedia.org/resource/Dover,_Idaho	Dover, Idaho	http://dbpedia.org/ontology/PopulatedPlace/areaTotal	area total (km2)	8.39	http://dbpedia.org/datatype/squareKilometre	
http://dbpedia.org/resource/Dover,_Idaho	Dover, Idaho	http://dbpedia.org/ontology/PopulatedPlace/areaTotal	area total (km2)	8.39156147748864	http://dbpedia.org/datatype/squareKilometre	
http://dbpedia.org/resource/Dover,_Idaho	Dover, Idaho	http://dbpedia.org/ontology/PopulatedPlace/populationDensity	population density (/sqkm)	66.67984278028041	http://dbpedia.org/datatype/inhabitantsPerSquareKilometre	
http://dbpedia.org/resource/Dover,_Idaho	Dover, Idaho	http://dbpedia.org/ontology/PopulatedPlace/populationDensity	population density (/sqkm)	66.7	http://dbpedia.org/datatype/inhabitantsPerSquareKilometre	
http://dbpedia.org/resource/Dover,_Idaho	Dover, Idaho	http://dbpedia.org/ontology/abstract	has abstract	Dover is a city in Bonner County, Idaho. The population was 556 at the 2010 census.	http://www.w3.org/1999/02/22-rdf-syntax-ns#langString	
http://dbpedia.org/resource/Dover,_Idaho	Dover, Idaho	http://dbpedia.org/ontology/areaCode	area code	208	http://www.w3.org/2001/XMLSchema#string	
http://dbpedia.org/resource/Dover,_Idaho	Dover, Idaho	http://dbpedia.org/ontology/areaLand	area land (m2)	8.33976e+06	http://www.w3.org/2001/XMLSchema#double	
http://dbpedia.org/resource/Dover,_Idaho	Dover, Idaho	http://dbpedia.org/ontology/areaLand	area land (m2)	8.34e+06	http://www.w3.org/2001/XMLSchema#double	
http://dbpedia.org/resource/Dover,_Idaho	Dover, Idaho	http://dbpedia.org/ontology/areaTotal	area total (m2)	8.39156e+06	http://www.w3.org/2001/XMLSchema#double	
http://dbpedia.org/resource/Dover,_Idaho	Dover, Idaho	http://dbpedia.org/ontology/areaTotal	area total (m2)	8.39e+06	http://www.w3.org/2001/XMLSchema#double	
http://dbpedia.org/resource/Dover,_Idaho	Dover, Idaho	http://dbpedia.org/ontology/areaWater	area water (m2)	50000.0	http://www.w3.org/2001/XMLSchema#double	
http://dbpedia.org/resource/Dover,_Idaho	Dover, Idaho	http://dbpedia.org/ontology/areaWater	area water (m2)	51799.8	http://www.w3.org/2001/XMLSchema#double	
http://dbpedia.org/resource/Dover,_Idaho	Dover, Idaho	http://dbpedia.org/ontology/country	country	http://dbpedia.org/resource/United_States	entity	United States
http://dbpedia.org/resource/Dover,_Idaho	Dover, Idaho	http://dbpedia.org/ontology/elevation	elevation (μ)	630.936	http://www.w3.org/2001/XMLSchema#double	
http://dbpedia.org/resource/Dover,_Idaho	Dover, Idaho	http://dbpedia.org/ontology/elevation	elevation (μ)	631.0	http://www.w3.org/2001/XMLSchema#double	
http://dbpedia.org/resource/Dover,_Idaho	Dover, Idaho	http://dbpedia.org/ontology/isPartOf	is part of	http://dbpedia.org/resource/Bonner_County,_Idaho	entity	Bonner County, Idaho
http://dbpedia.org/resource/Dover,_Idaho	Dover, Idaho	http://dbpedia.org/ontology/isPartOf	is part of	http://dbpedia.org/resource/Idaho	entity	Idaho
http://dbpedia.org/resource/Dover,_Idaho	Dover, Idaho	http://dbpedia.org/ontology/populationDensity	population density (/sqkm)	66.6798	http://www.w3.org/2001/XMLSchema#double	
http://dbpedia.org/resource/Dover,_Idaho	Dover, Idaho	http://dbpedia.org/ontology/populationDensity	population density (/sqkm)	66.7	http://www.w3.org/2001/XMLSchema#double	
http://dbpedia.org/resource/Dover,_Idaho	Dover, Idaho	http://dbpedia.org/ontology/populationTotal	population total	556	http://www.w3.org/2001/XMLSchema#nonNegativeInteger	
http://dbpedia.org/resource/Dover,_Idaho	Dover, Idaho	http://dbpedia.org/ontology/postalCode	postal code	83825	http://www.w3.org/2001/XMLSchema#string	
http://dbpedia.org/resource/Dover,_Idaho	Dover, Idaho	http://dbpedia.org/ontology/thumbnail	thumbnail	http://commons.wikimedia.org/wiki/Special:FilePath/Bonner_County_Idaho_Incorporated_and_Unincorporated_areas_Dover_Highlighted.svg?width=300	uri	null
http://dbpedia.org/resource/Dover,_Idaho	Dover, Idaho	http://dbpedia.org/ontology/timeZone	time zone	http://dbpedia.org/resource/Pacific_Time_Zone	entity	Pacific Time Zone
http://dbpedia.org/resource/Dover,_Idaho	Dover, Idaho	http://dbpedia.org/ontology/type	type	http://dbpedia.org/resource/City	entity	City
http://dbpedia.org/resource/Dover,_Idaho	Dover, Idaho	http://dbpedia.org/ontology/utcOffset	UTC offset	-7	http://www.w3.org/2001/XMLSchema#string	
http://dbpedia.org/resource/Dover,_Idaho	Dover, Idaho	http://dbpedia.org/ontology/utcOffset	UTC offset	-8	http://www.w3.org/2001/XMLSchema#string	
http://dbpedia.org/resource/Dover,_Idaho	Dover, Idaho	http://dbpedia.org/ontology/wikiPageExternalLink	Link from a Wikipage to an external page	http://www.doveridaho.org	uri	null
http://dbpedia.org/resource/Dover,_Idaho	Dover, Idaho	http://dbpedia.org/ontology/wikiPageID	Wikipage page ID	110630	http://www.w3.org/2001/XMLSchema#integer	
http://dbpedia.org/resource/Dover,_Idaho	Dover, Idaho	http://dbpedia.org/ontology/wikiPageLength	page length (characters) of wiki page	10072	http://www.w3.org/2001/XMLSchema#nonNegativeInteger	
http://dbpedia.org/resource/Dover,_Idaho	Dover, Idaho	http://dbpedia.org/ontology/wikiPageOutDegree	Wiki page out degree	39	http://www.w3.org/2001/XMLSchema#nonNegativeInteger	
http://dbpedia.org/resource/Dover,_Idaho	Dover, Idaho	http://dbpedia.org/ontology/wikiPageRevisionID	Wikipage revision ID	729093218	http://www.w3.org/2001/XMLSchema#integer	
http://dbpedia.org/resource/Dover,_Idaho	Dover, Idaho	http://purl.org/dc/terms/subject	Subject	http://dbpedia.org/resource/Category:Cities_in_Bonner_County,_Idaho	entity	Cities in Bonner County, Idaho
http://dbpedia.org/resource/Dover,_Idaho	Dover, Idaho	http://purl.org/dc/terms/subject	Subject	http://dbpedia.org/resource/Category:Cities_in_Idaho	entity	Cities in Idaho
http://dbpedia.org/resource/Dover,_Idaho	Dover, Idaho	http://www.georss.org/georss/point	null	48.25361111111111 -116.60027777777778	http://www.w3.org/2001/XMLSchema#string	
http://dbpedia.org/resource/Dover,_Idaho	Dover, Idaho	http://www.w3.org/1999/02/22-rdf-syntax-ns#type	type	http://dbpedia.org/ontology/City	entity	city
http://dbpedia.org/resource/Dover,_Idaho	Dover, Idaho	http://www.w3.org/1999/02/22-rdf-syntax-ns#type	type	http://dbpedia.org/ontology/Location	uri	null
http://dbpedia.org/resource/Dover,_Idaho	Dover, Idaho	http://www.w3.org/1999/02/22-rdf-syntax-ns#type	type	http://dbpedia.org/ontology/Place	entity	place
http://dbpedia.org/resource/Dover,_Idaho	Dover, Idaho	http://www.w3.org/1999/02/22-rdf-syntax-ns#type	type	http://dbpedia.org/ontology/PopulatedPlace	entity	populated place
http://dbpedia.org/resource/Dover,_Idaho	Dover, Idaho	http://www.w3.org/1999/02/22-rdf-syntax-ns#type	type	http://dbpedia.org/ontology/Settlement	entity	municipality
http://dbpedia.org/resource/Dover,_Idaho	Dover, Idaho	http://www.w3.org/1999/02/22-rdf-syntax-ns#type	type	http://schema.org/City	entity	City
http://dbpedia.org/resource/Dover,_Idaho	Dover, Idaho	http://www.w3.org/1999/02/22-rdf-syntax-ns#type	type	http://schema.org/Place	entity	Place
http://dbpedia.org/resource/Dover,_Idaho	Dover, Idaho	http://www.w3.org/1999/02/22-rdf-syntax-ns#type	type	http://www.w3.org/2002/07/owl#Thing	entity	Thing
http://dbpedia.org/resource/Dover,_Idaho	Dover, Idaho	http://www.w3.org/1999/02/22-rdf-syntax-ns#type	type	http://www.w3.org/2003/01/geo/wgs84_pos#SpatialThing	entity	Spatial Thing
http://dbpedia.org/resource/Dover,_Idaho	Dover, Idaho	http://www.w3.org/1999/02/22-rdf-syntax-ns#type	type	http://www.wikidata.org/entity/Q486972	entity	human settlement
http://dbpedia.org/resource/Dover,_Idaho	Dover, Idaho	http://www.w3.org/1999/02/22-rdf-syntax-ns#type	type	http://www.wikidata.org/entity/Q515	entity	city
http://dbpedia.org/resource/Dover,_Idaho	Dover, Idaho	http://www.w3.org/2000/01/rdf-schema#comment	comment	Dover is a city in Bonner County, Idaho. The population was 556 at the 2010 census.	http://www.w3.org/1999/02/22-rdf-syntax-ns#langString	
http://dbpedia.org/resource/Dover,_Idaho	Dover, Idaho	http://www.w3.org/2000/01/rdf-schema#label	label	Dover, Idaho	http://www.w3.org/1999/02/22-rdf-syntax-ns#langString	
http://dbpedia.org/resource/Dover,_Idaho	Dover, Idaho	http://www.w3.org/2002/07/owl#sameAs	sameAs	http://dbpedia.org/resource/Dover,_Idaho	entity	Dover, Idaho
http://dbpedia.org/resource/Dover,_Idaho	Dover, Idaho	http://www.w3.org/2002/07/owl#sameAs	sameAs	http://rdf.freebase.com/ns/m.0s12r	entity	Dover
http://dbpedia.org/resource/Dover,_Idaho	Dover, Idaho	http://www.w3.org/2002/07/owl#sameAs	sameAs	http://sws.geonames.org/5591362/	entity	Dover
http://dbpedia.org/resource/Dover,_Idaho	Dover, Idaho	http://www.w3.org/2002/07/owl#sameAs	sameAs	http://www.wikidata.org/entity/Q733687	entity	Dover
http://dbpedia.org/resource/Dover,_Idaho	Dover, Idaho	http://www.w3.org/2003/01/geo/wgs84_pos#lat	latitude	48.2536	http://www.w3.org/2001/XMLSchema#float	
http://dbpedia.org/resource/Dover,_Idaho	Dover, Idaho	http://www.w3.org/2003/01/geo/wgs84_pos#long	longtitude	-116.6	http://www.w3.org/2001/XMLSchema#float	
http://dbpedia.org/resource/Dover,_Idaho	Dover, Idaho	http://www.w3.org/ns/prov#wasDerivedFrom	wasDerivedFrom	http://en.wikipedia.org/wiki/Dover,_Idaho?oldid=729093218	uri	null
http://dbpedia.org/resource/Dover,_Idaho	Dover, Idaho	http://xmlns.com/foaf/0.1/depiction	depiction	http://commons.wikimedia.org/wiki/Special:FilePath/Bonner_County_Idaho_Incorporated_and_Unincorporated_areas_Dover_Highlighted.svg	uri	null
http://dbpedia.org/resource/Dover,_Idaho	Dover, Idaho	http://xmlns.com/foaf/0.1/isPrimaryTopicOf	is primary topic of	http://en.wikipedia.org/wiki/Dover,_Idaho	uri	null
http://dbpedia.org/resource/Dover,_Idaho	Dover, Idaho	http://xmlns.com/foaf/0.1/name	name	Dover, Idaho	http://www.w3.org/1999/02/22-rdf-syntax-ns#langString	
