sub	subl	prop	propl	obj	obj_t	obj_l
http://rdf.freebase.com/ns/m.0s12r	Dover	http://rdf.freebase.com/key/authority.gnis	gnis	397637	http://www.w3.org/2001/XMLSchema#string	
http://rdf.freebase.com/ns/m.0s12r	Dover	http://rdf.freebase.com/key/authority.hud.countyplace	countyplace	1601722510	http://www.w3.org/2001/XMLSchema#string	
http://rdf.freebase.com/ns/m.0s12r	Dover	http://rdf.freebase.com/key/authority.nist.fips.55	55	1622510	http://www.w3.org/2001/XMLSchema#string	
http://rdf.freebase.com/ns/m.0s12r	Dover	http://rdf.freebase.com/key/base.dspl.us_census.population.place	place	1622510	http://www.w3.org/2001/XMLSchema#string	
http://rdf.freebase.com/ns/m.0s12r	Dover	http://rdf.freebase.com/key/en	com/key/en	dover_idaho	http://www.w3.org/2001/XMLSchema#string	
http://rdf.freebase.com/ns/m.0s12r	Dover	http://rdf.freebase.com/key/wikipedia.en	en	Dover,_ID	http://www.w3.org/2001/XMLSchema#string	
http://rdf.freebase.com/ns/m.0s12r	Dover	http://rdf.freebase.com/key/wikipedia.en	en	Dover,_Id	http://www.w3.org/2001/XMLSchema#string	
http://rdf.freebase.com/ns/m.0s12r	Dover	http://rdf.freebase.com/key/wikipedia.en	en	Dover,_Idaho	http://www.w3.org/2001/XMLSchema#string	
http://rdf.freebase.com/ns/m.0s12r	Dover	http://rdf.freebase.com/key/wikipedia.en_id	en_id	110630	http://www.w3.org/2001/XMLSchema#string	
http://rdf.freebase.com/ns/m.0s12r	Dover	http://rdf.freebase.com/key/wikipedia.en_title	en_title	Dover,_Idaho	http://www.w3.org/2001/XMLSchema#string	
http://rdf.freebase.com/ns/m.0s12r	Dover	http://rdf.freebase.com/ns/base.wikipedia_infobox.settlement.area_code	Area code	http://rdf.freebase.com/ns/m.08btlc	entity	Area code 208
http://rdf.freebase.com/ns/m.0s12r	Dover	http://rdf.freebase.com/ns/common.topic.alias	Also known as	Bonner County / Dover city	http://www.w3.org/1999/02/22-rdf-syntax-ns#langString	
http://rdf.freebase.com/ns/m.0s12r	Dover	http://rdf.freebase.com/ns/common.topic.alias	Also known as	Dover, Idaho	http://www.w3.org/1999/02/22-rdf-syntax-ns#langString	
http://rdf.freebase.com/ns/m.0s12r	Dover	http://rdf.freebase.com/ns/common.topic.article	Article	Dover is a city in Bonner County, Idaho. The population was 556 at the 2010 census. Dover is located at 48°15′13″N 116°36′1″W﻿ / ﻿48.25361°N 116.60028°W﻿ / 48.25361; -116.60028 (48.253583, -116.600309). According to the United States Census Bureau, the city has a total area of 1.3 square miles (3.4 km), all land. As of the census of 2000, there were 342 people, 147 households, and 95 families residing in the city. The population density was 255.6 people per square mile (98.5/km²). There were 157 housing units at an average density of 117.3 per square mile (45.2/km²). The racial makeup of the city was 96.20% White, 0.88% Native American, and 2.92% from two or more races. Hispanic or Latino of any race were 0.58% of the population. There were 147 households out of which 26.5% had children under the age of 18 living with them, 54.4% were married couples living together, 7.5% had a female householder with no husband present, and 34.7% were non-families. 26.5% of all households were made up of individuals and 10.2% had someone living alone who was 65 years of age or older. The average household size was 2.33 and the average family size was 2.79. In the city the population was spread out	http://www.w3.org/1999/02/22-rdf-syntax-ns#langString	
http://rdf.freebase.com/ns/m.0s12r	Dover	http://rdf.freebase.com/ns/common.topic.description	Description	Dover is a city in Bonner County, Idaho. The population was 556 at the 2010 census.	http://www.w3.org/1999/02/22-rdf-syntax-ns#langString	
http://rdf.freebase.com/ns/m.0s12r	Dover	http://rdf.freebase.com/ns/common.topic.image	Image	http://rdf.freebase.com/ns/m.0295ncc	entity	Location of Dover, Idaho
http://rdf.freebase.com/ns/m.0s12r	Dover	http://rdf.freebase.com/ns/common.topic.notable_for	Notable for	City/Town/Village	http://www.w3.org/1999/02/22-rdf-syntax-ns#langString	
http://rdf.freebase.com/ns/m.0s12r	Dover	http://rdf.freebase.com/ns/common.topic.notable_types	Notable types	http://rdf.freebase.com/ns/m.01m9	entity	City/Town/Village
http://rdf.freebase.com/ns/m.0s12r	Dover	http://rdf.freebase.com/ns/common.topic.topic_equivalent_webpage	Topic equivalent webpage	http://ar.wikipedia.org/wiki/%2F%48%41%4A%31_(%23%4A%2F%27%47%48)	uri	null
http://rdf.freebase.com/ns/m.0s12r	Dover	http://rdf.freebase.com/ns/common.topic.topic_equivalent_webpage	Topic equivalent webpage	http://ar.wikipedia.org/wiki/index.html?curid=1363318	uri	null
http://rdf.freebase.com/ns/m.0s12r	Dover	http://rdf.freebase.com/ns/common.topic.topic_equivalent_webpage	Topic equivalent webpage	http://bg.wikipedia.org/wiki/%14%3E%43%32%4A%40_(%10%39%34%30%45%3E)	uri	null
http://rdf.freebase.com/ns/m.0s12r	Dover	http://rdf.freebase.com/ns/common.topic.topic_equivalent_webpage	Topic equivalent webpage	http://bg.wikipedia.org/wiki/index.html?curid=268782	uri	null
http://rdf.freebase.com/ns/m.0s12r	Dover	http://rdf.freebase.com/ns/common.topic.topic_equivalent_webpage	Topic equivalent webpage	http://ca.wikipedia.org/wiki/Dover_(Idaho)	uri	null
http://rdf.freebase.com/ns/m.0s12r	Dover	http://rdf.freebase.com/ns/common.topic.topic_equivalent_webpage	Topic equivalent webpage	http://ca.wikipedia.org/wiki/index.html?curid=685802	uri	null
http://rdf.freebase.com/ns/m.0s12r	Dover	http://rdf.freebase.com/ns/common.topic.topic_equivalent_webpage	Topic equivalent webpage	http://en.wikipedia.org/wiki/Dover,_Idaho	uri	null
http://rdf.freebase.com/ns/m.0s12r	Dover	http://rdf.freebase.com/ns/common.topic.topic_equivalent_webpage	Topic equivalent webpage	http://en.wikipedia.org/wiki/index.html?curid=110630	uri	null
http://rdf.freebase.com/ns/m.0s12r	Dover	http://rdf.freebase.com/ns/common.topic.topic_equivalent_webpage	Topic equivalent webpage	http://es.wikipedia.org/wiki/Dover_(Idaho)	uri	null
http://rdf.freebase.com/ns/m.0s12r	Dover	http://rdf.freebase.com/ns/common.topic.topic_equivalent_webpage	Topic equivalent webpage	http://es.wikipedia.org/wiki/index.html?curid=4648276	uri	null
http://rdf.freebase.com/ns/m.0s12r	Dover	http://rdf.freebase.com/ns/common.topic.topic_equivalent_webpage	Topic equivalent webpage	http://et.wikipedia.org/wiki/Dover_(Idaho)	uri	null
http://rdf.freebase.com/ns/m.0s12r	Dover	http://rdf.freebase.com/ns/common.topic.topic_equivalent_webpage	Topic equivalent webpage	http://et.wikipedia.org/wiki/index.html?curid=325478	uri	null
http://rdf.freebase.com/ns/m.0s12r	Dover	http://rdf.freebase.com/ns/common.topic.topic_equivalent_webpage	Topic equivalent webpage	http://fa.wikipedia.org/wiki/%2F%48%48%31%0C_%22%CC%2F%27%47%48	uri	null
http://rdf.freebase.com/ns/m.0s12r	Dover	http://rdf.freebase.com/ns/common.topic.topic_equivalent_webpage	Topic equivalent webpage	http://fa.wikipedia.org/wiki/index.html?curid=1159500	uri	null
http://rdf.freebase.com/ns/m.0s12r	Dover	http://rdf.freebase.com/ns/common.topic.topic_equivalent_webpage	Topic equivalent webpage	http://fr.wikipedia.org/wiki/Dover_(Idaho)	uri	null
http://rdf.freebase.com/ns/m.0s12r	Dover	http://rdf.freebase.com/ns/common.topic.topic_equivalent_webpage	Topic equivalent webpage	http://fr.wikipedia.org/wiki/index.html?curid=1649446	uri	null
http://rdf.freebase.com/ns/m.0s12r	Dover	http://rdf.freebase.com/ns/common.topic.topic_equivalent_webpage	Topic equivalent webpage	http://geonames.usgs.gov/pls/gnispublic/f?p=gnispq:3:::NO::P3_FID:397637	uri	null
http://rdf.freebase.com/ns/m.0s12r	Dover	http://rdf.freebase.com/ns/common.topic.topic_equivalent_webpage	Topic equivalent webpage	http://it.wikipedia.org/wiki/Dover_(Idaho)	uri	null
http://rdf.freebase.com/ns/m.0s12r	Dover	http://rdf.freebase.com/ns/common.topic.topic_equivalent_webpage	Topic equivalent webpage	http://it.wikipedia.org/wiki/index.html?curid=5142743	uri	null
http://rdf.freebase.com/ns/m.0s12r	Dover	http://rdf.freebase.com/ns/common.topic.topic_equivalent_webpage	Topic equivalent webpage	http://nl.wikipedia.org/wiki/Dover_(Idaho)	uri	null
http://rdf.freebase.com/ns/m.0s12r	Dover	http://rdf.freebase.com/ns/common.topic.topic_equivalent_webpage	Topic equivalent webpage	http://nl.wikipedia.org/wiki/index.html?curid=1006432	uri	null
http://rdf.freebase.com/ns/m.0s12r	Dover	http://rdf.freebase.com/ns/common.topic.topic_equivalent_webpage	Topic equivalent webpage	http://pl.wikipedia.org/wiki/Dover_(Idaho)	uri	null
http://rdf.freebase.com/ns/m.0s12r	Dover	http://rdf.freebase.com/ns/common.topic.topic_equivalent_webpage	Topic equivalent webpage	http://pl.wikipedia.org/wiki/index.html?curid=3287295	uri	null
http://rdf.freebase.com/ns/m.0s12r	Dover	http://rdf.freebase.com/ns/common.topic.topic_equivalent_webpage	Topic equivalent webpage	http://pt.wikipedia.org/wiki/Dover_(Idaho)	uri	null
http://rdf.freebase.com/ns/m.0s12r	Dover	http://rdf.freebase.com/ns/common.topic.topic_equivalent_webpage	Topic equivalent webpage	http://pt.wikipedia.org/wiki/index.html?curid=1353199	uri	null
http://rdf.freebase.com/ns/m.0s12r	Dover	http://rdf.freebase.com/ns/common.topic.topic_equivalent_webpage	Topic equivalent webpage	http://sr.wikipedia.org/wiki/%14%3E%32%35%40_(%10%58%34%30%45%3E)	uri	null
http://rdf.freebase.com/ns/m.0s12r	Dover	http://rdf.freebase.com/ns/common.topic.topic_equivalent_webpage	Topic equivalent webpage	http://sr.wikipedia.org/wiki/index.html?curid=760378	uri	null
http://rdf.freebase.com/ns/m.0s12r	Dover	http://rdf.freebase.com/ns/kg.object_profile.prominent_type	prominent type	http://rdf.freebase.com/ns/location.citytown	entity	City/Town/Village
http://rdf.freebase.com/ns/m.0s12r	Dover	http://rdf.freebase.com/ns/location.citytown.postal_codes	Postal codes	http://rdf.freebase.com/ns/m.07nq7qd	entity	83825
http://rdf.freebase.com/ns/m.0s12r	Dover	http://rdf.freebase.com/ns/location.hud_county_place.county	County	http://rdf.freebase.com/ns/m.0nwfw	entity	Bonner County
http://rdf.freebase.com/ns/m.0s12r	Dover	http://rdf.freebase.com/ns/location.hud_county_place.countyplace_id	County Place ID	1601722510	http://www.w3.org/2001/XMLSchema#string	
http://rdf.freebase.com/ns/m.0s12r	Dover	http://rdf.freebase.com/ns/location.hud_county_place.place	Place	http://rdf.freebase.com/ns/m.0s12r	entity	Dover
http://rdf.freebase.com/ns/m.0s12r	Dover	http://rdf.freebase.com/ns/location.hud_foreclosure_area.bls_unemployment_rate	BLS Unemployment Rate (%)	0.0418	http://www.w3.org/2001/XMLSchema#string	
http://rdf.freebase.com/ns/m.0s12r	Dover	http://rdf.freebase.com/ns/location.hud_foreclosure_area.estimated_number_foreclosures	Estimated Number of Foreclosures	1	http://www.w3.org/2001/XMLSchema#string	
http://rdf.freebase.com/ns/m.0s12r	Dover	http://rdf.freebase.com/ns/location.hud_foreclosure_area.estimated_number_of_mortgages	Estimated Number of Mortgages	103	http://www.w3.org/2001/XMLSchema#string	
http://rdf.freebase.com/ns/m.0s12r	Dover	http://rdf.freebase.com/ns/location.hud_foreclosure_area.hhuniv	Household Count	155	http://www.w3.org/2001/XMLSchema#string	
http://rdf.freebase.com/ns/m.0s12r	Dover	http://rdf.freebase.com/ns/location.hud_foreclosure_area.ofheo_price_change	OFHEO Price Change (%)	0.0	http://www.w3.org/2001/XMLSchema#string	
http://rdf.freebase.com/ns/m.0s12r	Dover	http://rdf.freebase.com/ns/location.hud_foreclosure_area.total_90_day_vacant_residential_addresses	90-Day Vacant Residential Addresses	1	http://www.w3.org/2001/XMLSchema#string	
http://rdf.freebase.com/ns/m.0s12r	Dover	http://rdf.freebase.com/ns/location.hud_foreclosure_area.total_residential_addresses	Total Residential Addresses	145	http://www.w3.org/2001/XMLSchema#string	
http://rdf.freebase.com/ns/m.0s12r	Dover	http://rdf.freebase.com/ns/location.location.area	Area	8.39	http://www.w3.org/2001/XMLSchema#string	
http://rdf.freebase.com/ns/m.0s12r	Dover	http://rdf.freebase.com/ns/location.location.containedby	Contained by	http://rdf.freebase.com/ns/m.03s5t	entity	Idaho
http://rdf.freebase.com/ns/m.0s12r	Dover	http://rdf.freebase.com/ns/location.location.containedby	Contained by	http://rdf.freebase.com/ns/m.09c7w0	entity	United States of America
http://rdf.freebase.com/ns/m.0s12r	Dover	http://rdf.freebase.com/ns/location.location.containedby	Contained by	http://rdf.freebase.com/ns/m.0nwfw	entity	Bonner County
http://rdf.freebase.com/ns/m.0s12r	Dover	http://rdf.freebase.com/ns/location.location.contains	Contains	http://rdf.freebase.com/ns/m.0k28_bd	entity	Dover Church
http://rdf.freebase.com/ns/m.0s12r	Dover	http://rdf.freebase.com/ns/location.location.gnis_feature_id	GNIS ID	397637	http://www.w3.org/2001/XMLSchema#string	
http://rdf.freebase.com/ns/m.0s12r	Dover	http://rdf.freebase.com/ns/location.location.people_born_here	People born here	http://rdf.freebase.com/ns/m.02png3t	entity	G. C. Danielson
http://rdf.freebase.com/ns/m.0s12r	Dover	http://rdf.freebase.com/ns/location.location.time_zones	Time zone(s)	http://rdf.freebase.com/ns/m.02lcqs	entity	Pacific Time Zone
http://rdf.freebase.com/ns/m.0s12r	Dover	http://rdf.freebase.com/ns/location.statistical_region.population	Population	309	http://www.w3.org/2001/XMLSchema#string	
http://rdf.freebase.com/ns/m.0s12r	Dover	http://rdf.freebase.com/ns/location.statistical_region.population	Population	321	http://www.w3.org/2001/XMLSchema#string	
http://rdf.freebase.com/ns/m.0s12r	Dover	http://rdf.freebase.com/ns/location.statistical_region.population	Population	333	http://www.w3.org/2001/XMLSchema#string	
http://rdf.freebase.com/ns/m.0s12r	Dover	http://rdf.freebase.com/ns/location.statistical_region.population	Population	347	http://www.w3.org/2001/XMLSchema#string	
http://rdf.freebase.com/ns/m.0s12r	Dover	http://rdf.freebase.com/ns/location.statistical_region.population	Population	364	http://www.w3.org/2001/XMLSchema#string	
http://rdf.freebase.com/ns/m.0s12r	Dover	http://rdf.freebase.com/ns/location.statistical_region.population	Population	377	http://www.w3.org/2001/XMLSchema#string	
http://rdf.freebase.com/ns/m.0s12r	Dover	http://rdf.freebase.com/ns/location.statistical_region.population	Population	388	http://www.w3.org/2001/XMLSchema#string	
http://rdf.freebase.com/ns/m.0s12r	Dover	http://rdf.freebase.com/ns/location.statistical_region.population	Population	396	http://www.w3.org/2001/XMLSchema#string	
http://rdf.freebase.com/ns/m.0s12r	Dover	http://rdf.freebase.com/ns/location.statistical_region.population	Population	399	http://www.w3.org/2001/XMLSchema#string	
http://rdf.freebase.com/ns/m.0s12r	Dover	http://rdf.freebase.com/ns/location.statistical_region.population	Population	405	http://www.w3.org/2001/XMLSchema#string	
http://rdf.freebase.com/ns/m.0s12r	Dover	http://rdf.freebase.com/ns/location.statistical_region.population	Population	461	http://www.w3.org/2001/XMLSchema#string	
http://rdf.freebase.com/ns/m.0s12r	Dover	http://rdf.freebase.com/ns/location.statistical_region.population	Population	462	http://www.w3.org/2001/XMLSchema#string	
http://rdf.freebase.com/ns/m.0s12r	Dover	http://rdf.freebase.com/ns/location.statistical_region.population	Population	469	http://www.w3.org/2001/XMLSchema#string	
http://rdf.freebase.com/ns/m.0s12r	Dover	http://rdf.freebase.com/ns/location.statistical_region.population	Population	478	http://www.w3.org/2001/XMLSchema#string	
http://rdf.freebase.com/ns/m.0s12r	Dover	http://rdf.freebase.com/ns/location.statistical_region.population	Population	482	http://www.w3.org/2001/XMLSchema#string	
http://rdf.freebase.com/ns/m.0s12r	Dover	http://rdf.freebase.com/ns/location.statistical_region.population	Population	487	http://www.w3.org/2001/XMLSchema#string	
http://rdf.freebase.com/ns/m.0s12r	Dover	http://rdf.freebase.com/ns/location.statistical_region.population	Population	495	http://www.w3.org/2001/XMLSchema#string	
http://rdf.freebase.com/ns/m.0s12r	Dover	http://rdf.freebase.com/ns/location.statistical_region.population	Population	502	http://www.w3.org/2001/XMLSchema#string	
http://rdf.freebase.com/ns/m.0s12r	Dover	http://rdf.freebase.com/ns/location.statistical_region.population	Population	503	http://www.w3.org/2001/XMLSchema#string	
http://rdf.freebase.com/ns/m.0s12r	Dover	http://rdf.freebase.com/ns/location.statistical_region.population	Population	504	http://www.w3.org/2001/XMLSchema#string	
http://rdf.freebase.com/ns/m.0s12r	Dover	http://rdf.freebase.com/ns/location.statistical_region.population	Population	550	http://www.w3.org/2001/XMLSchema#string	
http://rdf.freebase.com/ns/m.0s12r	Dover	http://rdf.freebase.com/ns/location.statistical_region.population	Population	553	http://www.w3.org/2001/XMLSchema#string	
http://rdf.freebase.com/ns/m.0s12r	Dover	http://rdf.freebase.com/ns/location.statistical_region.population	Population	555	http://www.w3.org/2001/XMLSchema#string	
http://rdf.freebase.com/ns/m.0s12r	Dover	http://rdf.freebase.com/ns/location.statistical_region.population	Population	556	http://www.w3.org/2001/XMLSchema#string	
http://rdf.freebase.com/ns/m.0s12r	Dover	http://rdf.freebase.com/ns/location.statistical_region.population	Population	557	http://www.w3.org/2001/XMLSchema#string	
http://rdf.freebase.com/ns/m.0s12r	Dover	http://rdf.freebase.com/ns/topic_server.population_number	population number	309	http://www.w3.org/2001/XMLSchema#string	
http://rdf.freebase.com/ns/m.0s12r	Dover	http://rdf.freebase.com/ns/topic_server.population_number	population number	321	http://www.w3.org/2001/XMLSchema#string	
http://rdf.freebase.com/ns/m.0s12r	Dover	http://rdf.freebase.com/ns/topic_server.population_number	population number	333	http://www.w3.org/2001/XMLSchema#string	
http://rdf.freebase.com/ns/m.0s12r	Dover	http://rdf.freebase.com/ns/topic_server.population_number	population number	347	http://www.w3.org/2001/XMLSchema#string	
http://rdf.freebase.com/ns/m.0s12r	Dover	http://rdf.freebase.com/ns/topic_server.population_number	population number	364	http://www.w3.org/2001/XMLSchema#string	
http://rdf.freebase.com/ns/m.0s12r	Dover	http://rdf.freebase.com/ns/topic_server.population_number	population number	377	http://www.w3.org/2001/XMLSchema#string	
http://rdf.freebase.com/ns/m.0s12r	Dover	http://rdf.freebase.com/ns/topic_server.population_number	population number	388	http://www.w3.org/2001/XMLSchema#string	
http://rdf.freebase.com/ns/m.0s12r	Dover	http://rdf.freebase.com/ns/topic_server.population_number	population number	396	http://www.w3.org/2001/XMLSchema#string	
http://rdf.freebase.com/ns/m.0s12r	Dover	http://rdf.freebase.com/ns/topic_server.population_number	population number	399	http://www.w3.org/2001/XMLSchema#string	
http://rdf.freebase.com/ns/m.0s12r	Dover	http://rdf.freebase.com/ns/topic_server.population_number	population number	405	http://www.w3.org/2001/XMLSchema#string	
http://rdf.freebase.com/ns/m.0s12r	Dover	http://rdf.freebase.com/ns/topic_server.population_number	population number	461	http://www.w3.org/2001/XMLSchema#string	
http://rdf.freebase.com/ns/m.0s12r	Dover	http://rdf.freebase.com/ns/topic_server.population_number	population number	462	http://www.w3.org/2001/XMLSchema#string	
http://rdf.freebase.com/ns/m.0s12r	Dover	http://rdf.freebase.com/ns/topic_server.population_number	population number	469	http://www.w3.org/2001/XMLSchema#string	
http://rdf.freebase.com/ns/m.0s12r	Dover	http://rdf.freebase.com/ns/topic_server.population_number	population number	478	http://www.w3.org/2001/XMLSchema#string	
http://rdf.freebase.com/ns/m.0s12r	Dover	http://rdf.freebase.com/ns/topic_server.population_number	population number	482	http://www.w3.org/2001/XMLSchema#string	
http://rdf.freebase.com/ns/m.0s12r	Dover	http://rdf.freebase.com/ns/topic_server.population_number	population number	487	http://www.w3.org/2001/XMLSchema#string	
http://rdf.freebase.com/ns/m.0s12r	Dover	http://rdf.freebase.com/ns/topic_server.population_number	population number	495	http://www.w3.org/2001/XMLSchema#string	
http://rdf.freebase.com/ns/m.0s12r	Dover	http://rdf.freebase.com/ns/topic_server.population_number	population number	502	http://www.w3.org/2001/XMLSchema#string	
http://rdf.freebase.com/ns/m.0s12r	Dover	http://rdf.freebase.com/ns/topic_server.population_number	population number	503	http://www.w3.org/2001/XMLSchema#string	
http://rdf.freebase.com/ns/m.0s12r	Dover	http://rdf.freebase.com/ns/topic_server.population_number	population number	504	http://www.w3.org/2001/XMLSchema#string	
http://rdf.freebase.com/ns/m.0s12r	Dover	http://rdf.freebase.com/ns/topic_server.population_number	population number	550	http://www.w3.org/2001/XMLSchema#string	
http://rdf.freebase.com/ns/m.0s12r	Dover	http://rdf.freebase.com/ns/topic_server.population_number	population number	553	http://www.w3.org/2001/XMLSchema#string	
http://rdf.freebase.com/ns/m.0s12r	Dover	http://rdf.freebase.com/ns/topic_server.population_number	population number	556	http://www.w3.org/2001/XMLSchema#string	
http://rdf.freebase.com/ns/m.0s12r	Dover	http://rdf.freebase.com/ns/topic_server.population_number	population number	557	http://www.w3.org/2001/XMLSchema#string	
http://rdf.freebase.com/ns/m.0s12r	Dover	http://rdf.freebase.com/ns/type.object.key	Key	/authority/gnis/397637	http://www.w3.org/2001/XMLSchema#string	
http://rdf.freebase.com/ns/m.0s12r	Dover	http://rdf.freebase.com/ns/type.object.key	Key	/authority/hud/countyplace/1601722510	http://www.w3.org/2001/XMLSchema#string	
http://rdf.freebase.com/ns/m.0s12r	Dover	http://rdf.freebase.com/ns/type.object.key	Key	/authority/nist/fips/55/1622510	http://www.w3.org/2001/XMLSchema#string	
http://rdf.freebase.com/ns/m.0s12r	Dover	http://rdf.freebase.com/ns/type.object.key	Key	/base/dspl/us_census/population/place/1622510	http://www.w3.org/2001/XMLSchema#string	
http://rdf.freebase.com/ns/m.0s12r	Dover	http://rdf.freebase.com/ns/type.object.key	Key	/en/dover_idaho	http://www.w3.org/2001/XMLSchema#string	
http://rdf.freebase.com/ns/m.0s12r	Dover	http://rdf.freebase.com/ns/type.object.key	Key	/wikipedia/ar/دوفير_(أيداهو)	http://www.w3.org/2001/XMLSchema#string	
http://rdf.freebase.com/ns/m.0s12r	Dover	http://rdf.freebase.com/ns/type.object.key	Key	/wikipedia/ar/دوفير،_أيداهو	http://www.w3.org/2001/XMLSchema#string	
http://rdf.freebase.com/ns/m.0s12r	Dover	http://rdf.freebase.com/ns/type.object.key	Key	/wikipedia/ar_id/1363318	http://www.w3.org/2001/XMLSchema#string	
http://rdf.freebase.com/ns/m.0s12r	Dover	http://rdf.freebase.com/ns/type.object.key	Key	/wikipedia/ar_title/دوفير_(أيداهو)	http://www.w3.org/2001/XMLSchema#string	
http://rdf.freebase.com/ns/m.0s12r	Dover	http://rdf.freebase.com/ns/type.object.key	Key	/wikipedia/bg/Доувър_(Айдахо)	http://www.w3.org/2001/XMLSchema#string	
http://rdf.freebase.com/ns/m.0s12r	Dover	http://rdf.freebase.com/ns/type.object.key	Key	/wikipedia/bg_id/268782	http://www.w3.org/2001/XMLSchema#string	
http://rdf.freebase.com/ns/m.0s12r	Dover	http://rdf.freebase.com/ns/type.object.key	Key	/wikipedia/bg_title/Доувър_(Айдахо)	http://www.w3.org/2001/XMLSchema#string	
http://rdf.freebase.com/ns/m.0s12r	Dover	http://rdf.freebase.com/ns/type.object.key	Key	/wikipedia/ca/Dover_(Idaho)	http://www.w3.org/2001/XMLSchema#string	
http://rdf.freebase.com/ns/m.0s12r	Dover	http://rdf.freebase.com/ns/type.object.key	Key	/wikipedia/ca_id/685802	http://www.w3.org/2001/XMLSchema#string	
http://rdf.freebase.com/ns/m.0s12r	Dover	http://rdf.freebase.com/ns/type.object.key	Key	/wikipedia/ca_title/Dover_(Idaho)	http://www.w3.org/2001/XMLSchema#string	
http://rdf.freebase.com/ns/m.0s12r	Dover	http://rdf.freebase.com/ns/type.object.key	Key	/wikipedia/en/Dover,_ID	http://www.w3.org/2001/XMLSchema#string	
http://rdf.freebase.com/ns/m.0s12r	Dover	http://rdf.freebase.com/ns/type.object.key	Key	/wikipedia/en/Dover,_Id	http://www.w3.org/2001/XMLSchema#string	
http://rdf.freebase.com/ns/m.0s12r	Dover	http://rdf.freebase.com/ns/type.object.key	Key	/wikipedia/en/Dover,_Idaho	http://www.w3.org/2001/XMLSchema#string	
http://rdf.freebase.com/ns/m.0s12r	Dover	http://rdf.freebase.com/ns/type.object.key	Key	/wikipedia/en_id/110630	http://www.w3.org/2001/XMLSchema#string	
http://rdf.freebase.com/ns/m.0s12r	Dover	http://rdf.freebase.com/ns/type.object.key	Key	/wikipedia/en_title/Dover,_Idaho	http://www.w3.org/2001/XMLSchema#string	
http://rdf.freebase.com/ns/m.0s12r	Dover	http://rdf.freebase.com/ns/type.object.key	Key	/wikipedia/es/Dover_(Idaho)	http://www.w3.org/2001/XMLSchema#string	
http://rdf.freebase.com/ns/m.0s12r	Dover	http://rdf.freebase.com/ns/type.object.key	Key	/wikipedia/es_id/4648276	http://www.w3.org/2001/XMLSchema#string	
http://rdf.freebase.com/ns/m.0s12r	Dover	http://rdf.freebase.com/ns/type.object.key	Key	/wikipedia/es_title/Dover_(Idaho)	http://www.w3.org/2001/XMLSchema#string	
http://rdf.freebase.com/ns/m.0s12r	Dover	http://rdf.freebase.com/ns/type.object.key	Key	/wikipedia/et/Dover_(Idaho)	http://www.w3.org/2001/XMLSchema#string	
http://rdf.freebase.com/ns/m.0s12r	Dover	http://rdf.freebase.com/ns/type.object.key	Key	/wikipedia/et_id/325478	http://www.w3.org/2001/XMLSchema#string	
http://rdf.freebase.com/ns/m.0s12r	Dover	http://rdf.freebase.com/ns/type.object.key	Key	/wikipedia/et_title/Dover_(Idaho)	http://www.w3.org/2001/XMLSchema#string	
http://rdf.freebase.com/ns/m.0s12r	Dover	http://rdf.freebase.com/ns/type.object.key	Key	/wikipedia/fa/دوور،_آيداهو	http://www.w3.org/2001/XMLSchema#string	
http://rdf.freebase.com/ns/m.0s12r	Dover	http://rdf.freebase.com/ns/type.object.key	Key	/wikipedia/fa/دوور،_آیداهو	http://www.w3.org/2001/XMLSchema#string	
http://rdf.freebase.com/ns/m.0s12r	Dover	http://rdf.freebase.com/ns/type.object.key	Key	/wikipedia/fa/دوور،_ايداهو	http://www.w3.org/2001/XMLSchema#string	
http://rdf.freebase.com/ns/m.0s12r	Dover	http://rdf.freebase.com/ns/type.object.key	Key	/wikipedia/fa/دوور،_ایداهو	http://www.w3.org/2001/XMLSchema#string	
http://rdf.freebase.com/ns/m.0s12r	Dover	http://rdf.freebase.com/ns/type.object.key	Key	/wikipedia/fa_id/1159500	http://www.w3.org/2001/XMLSchema#string	
http://rdf.freebase.com/ns/m.0s12r	Dover	http://rdf.freebase.com/ns/type.object.key	Key	/wikipedia/fa_title/دوور،_آیداهو	http://www.w3.org/2001/XMLSchema#string	
http://rdf.freebase.com/ns/m.0s12r	Dover	http://rdf.freebase.com/ns/type.object.key	Key	/wikipedia/fr/Dover_(Idaho)	http://www.w3.org/2001/XMLSchema#string	
http://rdf.freebase.com/ns/m.0s12r	Dover	http://rdf.freebase.com/ns/type.object.key	Key	/wikipedia/fr_id/1649446	http://www.w3.org/2001/XMLSchema#string	
http://rdf.freebase.com/ns/m.0s12r	Dover	http://rdf.freebase.com/ns/type.object.key	Key	/wikipedia/fr_title/Dover_(Idaho)	http://www.w3.org/2001/XMLSchema#string	
http://rdf.freebase.com/ns/m.0s12r	Dover	http://rdf.freebase.com/ns/type.object.key	Key	/wikipedia/it/Dover_(Idaho)	http://www.w3.org/2001/XMLSchema#string	
http://rdf.freebase.com/ns/m.0s12r	Dover	http://rdf.freebase.com/ns/type.object.key	Key	/wikipedia/it_id/5142743	http://www.w3.org/2001/XMLSchema#string	
http://rdf.freebase.com/ns/m.0s12r	Dover	http://rdf.freebase.com/ns/type.object.key	Key	/wikipedia/it_title/Dover_(Idaho)	http://www.w3.org/2001/XMLSchema#string	
http://rdf.freebase.com/ns/m.0s12r	Dover	http://rdf.freebase.com/ns/type.object.key	Key	/wikipedia/nl/Dover_(Idaho)	http://www.w3.org/2001/XMLSchema#string	
http://rdf.freebase.com/ns/m.0s12r	Dover	http://rdf.freebase.com/ns/type.object.key	Key	/wikipedia/nl_id/1006432	http://www.w3.org/2001/XMLSchema#string	
http://rdf.freebase.com/ns/m.0s12r	Dover	http://rdf.freebase.com/ns/type.object.key	Key	/wikipedia/nl_title/Dover_(Idaho)	http://www.w3.org/2001/XMLSchema#string	
http://rdf.freebase.com/ns/m.0s12r	Dover	http://rdf.freebase.com/ns/type.object.key	Key	/wikipedia/pl/Dover_(Idaho)	http://www.w3.org/2001/XMLSchema#string	
http://rdf.freebase.com/ns/m.0s12r	Dover	http://rdf.freebase.com/ns/type.object.key	Key	/wikipedia/pl_id/3287295	http://www.w3.org/2001/XMLSchema#string	
http://rdf.freebase.com/ns/m.0s12r	Dover	http://rdf.freebase.com/ns/type.object.key	Key	/wikipedia/pl_title/Dover_(Idaho)	http://www.w3.org/2001/XMLSchema#string	
http://rdf.freebase.com/ns/m.0s12r	Dover	http://rdf.freebase.com/ns/type.object.key	Key	/wikipedia/pt/Dover_(Idaho)	http://www.w3.org/2001/XMLSchema#string	
http://rdf.freebase.com/ns/m.0s12r	Dover	http://rdf.freebase.com/ns/type.object.key	Key	/wikipedia/pt_id/1353199	http://www.w3.org/2001/XMLSchema#string	
http://rdf.freebase.com/ns/m.0s12r	Dover	http://rdf.freebase.com/ns/type.object.key	Key	/wikipedia/pt_title/Dover_(Idaho)	http://www.w3.org/2001/XMLSchema#string	
http://rdf.freebase.com/ns/m.0s12r	Dover	http://rdf.freebase.com/ns/type.object.key	Key	/wikipedia/sr/Dover,_ID	http://www.w3.org/2001/XMLSchema#string	
http://rdf.freebase.com/ns/m.0s12r	Dover	http://rdf.freebase.com/ns/type.object.key	Key	/wikipedia/sr/Dover,_Idaho	http://www.w3.org/2001/XMLSchema#string	
http://rdf.freebase.com/ns/m.0s12r	Dover	http://rdf.freebase.com/ns/type.object.key	Key	/wikipedia/sr/Dover_(ID)	http://www.w3.org/2001/XMLSchema#string	
http://rdf.freebase.com/ns/m.0s12r	Dover	http://rdf.freebase.com/ns/type.object.key	Key	/wikipedia/sr/Dover_(Idaho)	http://www.w3.org/2001/XMLSchema#string	
http://rdf.freebase.com/ns/m.0s12r	Dover	http://rdf.freebase.com/ns/type.object.key	Key	/wikipedia/sr/Довер,_ID	http://www.w3.org/2001/XMLSchema#string	
http://rdf.freebase.com/ns/m.0s12r	Dover	http://rdf.freebase.com/ns/type.object.key	Key	/wikipedia/sr/Довер,_Ајдахо	http://www.w3.org/2001/XMLSchema#string	
http://rdf.freebase.com/ns/m.0s12r	Dover	http://rdf.freebase.com/ns/type.object.key	Key	/wikipedia/sr/Довер_(ID)	http://www.w3.org/2001/XMLSchema#string	
http://rdf.freebase.com/ns/m.0s12r	Dover	http://rdf.freebase.com/ns/type.object.key	Key	/wikipedia/sr/Довер_(Ајдахо)	http://www.w3.org/2001/XMLSchema#string	
http://rdf.freebase.com/ns/m.0s12r	Dover	http://rdf.freebase.com/ns/type.object.key	Key	/wikipedia/sr_id/760378	http://www.w3.org/2001/XMLSchema#string	
http://rdf.freebase.com/ns/m.0s12r	Dover	http://rdf.freebase.com/ns/type.object.key	Key	/wikipedia/sr_title/Довер_(Ајдахо)	http://www.w3.org/2001/XMLSchema#string	
http://rdf.freebase.com/ns/m.0s12r	Dover	http://rdf.freebase.com/ns/type.object.name	Name	Dover	http://www.w3.org/1999/02/22-rdf-syntax-ns#langString	
http://rdf.freebase.com/ns/m.0s12r	Dover	http://rdf.freebase.com/ns/type.object.type	Type	http://rdf.freebase.com/ns/base.type_ontology.abstract	entity	Abstract
http://rdf.freebase.com/ns/m.0s12r	Dover	http://rdf.freebase.com/ns/type.object.type	Type	http://rdf.freebase.com/ns/base.type_ontology.agent	entity	Agent
http://rdf.freebase.com/ns/m.0s12r	Dover	http://rdf.freebase.com/ns/type.object.type	Type	http://rdf.freebase.com/ns/base.type_ontology.inanimate	entity	Inanimate
http://rdf.freebase.com/ns/m.0s12r	Dover	http://rdf.freebase.com/ns/type.object.type	Type	http://rdf.freebase.com/ns/base.wikipedia_infobox.settlement	entity	Settlement
http://rdf.freebase.com/ns/m.0s12r	Dover	http://rdf.freebase.com/ns/type.object.type	Type	http://rdf.freebase.com/ns/common.topic	entity	Topic
http://rdf.freebase.com/ns/m.0s12r	Dover	http://rdf.freebase.com/ns/type.object.type	Type	http://rdf.freebase.com/ns/location.citytown	entity	City/Town/Village
http://rdf.freebase.com/ns/m.0s12r	Dover	http://rdf.freebase.com/ns/type.object.type	Type	http://rdf.freebase.com/ns/location.dated_location	entity	Dated location
http://rdf.freebase.com/ns/m.0s12r	Dover	http://rdf.freebase.com/ns/type.object.type	Type	http://rdf.freebase.com/ns/location.hud_county_place	entity	HUD County Place
http://rdf.freebase.com/ns/m.0s12r	Dover	http://rdf.freebase.com/ns/type.object.type	Type	http://rdf.freebase.com/ns/location.hud_foreclosure_area	entity	HUD Foreclosure Area
http://rdf.freebase.com/ns/m.0s12r	Dover	http://rdf.freebase.com/ns/type.object.type	Type	http://rdf.freebase.com/ns/location.location	entity	Location
http://rdf.freebase.com/ns/m.0s12r	Dover	http://rdf.freebase.com/ns/type.object.type	Type	http://rdf.freebase.com/ns/location.statistical_region	entity	Statistical region
http://rdf.freebase.com/ns/m.0s12r	Dover	http://www.w3.org/1999/02/22-rdf-syntax-ns#type	type	http://rdf.freebase.com/ns/base.type_ontology.abstract	entity	Abstract
http://rdf.freebase.com/ns/m.0s12r	Dover	http://www.w3.org/1999/02/22-rdf-syntax-ns#type	type	http://rdf.freebase.com/ns/base.type_ontology.agent	entity	Agent
http://rdf.freebase.com/ns/m.0s12r	Dover	http://www.w3.org/1999/02/22-rdf-syntax-ns#type	type	http://rdf.freebase.com/ns/base.type_ontology.inanimate	entity	Inanimate
http://rdf.freebase.com/ns/m.0s12r	Dover	http://www.w3.org/1999/02/22-rdf-syntax-ns#type	type	http://rdf.freebase.com/ns/base.wikipedia_infobox.settlement	entity	Settlement
http://rdf.freebase.com/ns/m.0s12r	Dover	http://www.w3.org/1999/02/22-rdf-syntax-ns#type	type	http://rdf.freebase.com/ns/common.topic	entity	Topic
http://rdf.freebase.com/ns/m.0s12r	Dover	http://www.w3.org/1999/02/22-rdf-syntax-ns#type	type	http://rdf.freebase.com/ns/location.citytown	entity	City/Town/Village
http://rdf.freebase.com/ns/m.0s12r	Dover	http://www.w3.org/1999/02/22-rdf-syntax-ns#type	type	http://rdf.freebase.com/ns/location.dated_location	entity	Dated location
http://rdf.freebase.com/ns/m.0s12r	Dover	http://www.w3.org/1999/02/22-rdf-syntax-ns#type	type	http://rdf.freebase.com/ns/location.hud_county_place	entity	HUD County Place
http://rdf.freebase.com/ns/m.0s12r	Dover	http://www.w3.org/1999/02/22-rdf-syntax-ns#type	type	http://rdf.freebase.com/ns/location.hud_foreclosure_area	entity	HUD Foreclosure Area
http://rdf.freebase.com/ns/m.0s12r	Dover	http://www.w3.org/1999/02/22-rdf-syntax-ns#type	type	http://rdf.freebase.com/ns/location.location	entity	Location
http://rdf.freebase.com/ns/m.0s12r	Dover	http://www.w3.org/1999/02/22-rdf-syntax-ns#type	type	http://rdf.freebase.com/ns/location.statistical_region	entity	Statistical region
http://rdf.freebase.com/ns/m.0s12r	Dover	http://www.w3.org/2000/01/rdf-schema#label	label	Dover	http://www.w3.org/1999/02/22-rdf-syntax-ns#langString	
http://rdf.freebase.com/ns/m.0s12r	Dover	http://www.w3.org/2000/01/rdf-schema#label	label	Доувър	http://www.w3.org/2001/XMLSchema#string	
http://rdf.freebase.com/ns/m.0s12r	Dover	http://www.w3.org/2003/01/geo/wgs84_pos#lat	latitude	48.253611	http://www.w3.org/2001/XMLSchema#float	
http://rdf.freebase.com/ns/m.0s12r	Dover	http://www.w3.org/2003/01/geo/wgs84_pos#long	longitude	-116.600278	http://www.w3.org/2001/XMLSchema#float	
