sub	subl	prop	propl	obj	obj_t	obj_l
http://dbpedia.org/resource/The_Cube_(restaurant)	The Cube (restaurant)	http://dbpedia.org/ontology/abstract	has abstract	The Cube is a pop-up restaurant created by Electrolux. Since 2011, two versions of the restaurant have been located in different cities in Europe, where a number of guest celebrity chefs have brought teams and dishes from their own restaurants to cook in the spaces.	http://www.w3.org/1999/02/22-rdf-syntax-ns#langString	
http://dbpedia.org/resource/The_Cube_(restaurant)	The Cube (restaurant)	http://dbpedia.org/ontology/cuisine	cuisine	Varies	http://www.w3.org/2001/XMLSchema#string	
http://dbpedia.org/resource/The_Cube_(restaurant)	The Cube (restaurant)	http://dbpedia.org/ontology/owner	owner	http://dbpedia.org/resource/Electrolux	entity	Electrolux
http://dbpedia.org/resource/The_Cube_(restaurant)	The Cube (restaurant)	http://dbpedia.org/ontology/seatingCapacity	seating capacity	18	http://www.w3.org/2001/XMLSchema#nonNegativeInteger	
http://dbpedia.org/resource/The_Cube_(restaurant)	The Cube (restaurant)	http://dbpedia.org/ontology/thumbnail	thumbnail	http://en.wikipedia.org/wiki/Special:FilePath/The_Cube_at_Milan_2.jpg?width=300	uri	null
http://dbpedia.org/resource/The_Cube_(restaurant)	The Cube (restaurant)	http://dbpedia.org/ontology/wikiPageExternalLink	Link from a Wikipage to an external page	http://www.electrolux.co.uk/Cube/	uri	null
http://dbpedia.org/resource/The_Cube_(restaurant)	The Cube (restaurant)	http://dbpedia.org/ontology/wikiPageID	Wikipage page ID	37034791	http://www.w3.org/2001/XMLSchema#integer	
http://dbpedia.org/resource/The_Cube_(restaurant)	The Cube (restaurant)	http://dbpedia.org/ontology/wikiPageLength	page length (characters) of wiki page	6519	http://www.w3.org/2001/XMLSchema#nonNegativeInteger	
http://dbpedia.org/resource/The_Cube_(restaurant)	The Cube (restaurant)	http://dbpedia.org/ontology/wikiPageOutDegree	Wiki page out degree	36	http://www.w3.org/2001/XMLSchema#nonNegativeInteger	
http://dbpedia.org/resource/The_Cube_(restaurant)	The Cube (restaurant)	http://dbpedia.org/ontology/wikiPageRevisionID	Wikipage revision ID	723478973	http://www.w3.org/2001/XMLSchema#integer	
http://dbpedia.org/resource/The_Cube_(restaurant)	The Cube (restaurant)	http://purl.org/dc/terms/subject	Subject	http://dbpedia.org/resource/Category:2012_in_Belgium	entity	2012 in Belgium
http://dbpedia.org/resource/The_Cube_(restaurant)	The Cube (restaurant)	http://purl.org/dc/terms/subject	Subject	http://dbpedia.org/resource/Category:2012_in_Italy	entity	2012 in Italy
http://dbpedia.org/resource/The_Cube_(restaurant)	The Cube (restaurant)	http://purl.org/dc/terms/subject	Subject	http://dbpedia.org/resource/Category:2012_in_London	entity	2012 in London
http://dbpedia.org/resource/The_Cube_(restaurant)	The Cube (restaurant)	http://purl.org/dc/terms/subject	Subject	http://dbpedia.org/resource/Category:2012_in_Sweden	entity	2012 in Sweden
http://dbpedia.org/resource/The_Cube_(restaurant)	The Cube (restaurant)	http://purl.org/dc/terms/subject	Subject	http://dbpedia.org/resource/Category:Electrolux	entity	Electrolux
http://dbpedia.org/resource/The_Cube_(restaurant)	The Cube (restaurant)	http://purl.org/dc/terms/subject	Subject	http://dbpedia.org/resource/Category:Restaurants_established_in_2011	entity	Restaurants established in 2011
http://dbpedia.org/resource/The_Cube_(restaurant)	The Cube (restaurant)	http://purl.org/dc/terms/subject	Subject	http://dbpedia.org/resource/Category:Restaurants_in_Brussels	entity	Restaurants in Brussels
http://dbpedia.org/resource/The_Cube_(restaurant)	The Cube (restaurant)	http://purl.org/dc/terms/subject	Subject	http://dbpedia.org/resource/Category:Restaurants_in_Italy	entity	Restaurants in Italy
http://dbpedia.org/resource/The_Cube_(restaurant)	The Cube (restaurant)	http://purl.org/dc/terms/subject	Subject	http://dbpedia.org/resource/Category:Restaurants_in_London	entity	Restaurants in London
http://dbpedia.org/resource/The_Cube_(restaurant)	The Cube (restaurant)	http://purl.org/dc/terms/subject	Subject	http://dbpedia.org/resource/Category:Restaurants_in_Stockholm	entity	Restaurants in Stockholm
http://dbpedia.org/resource/The_Cube_(restaurant)	The Cube (restaurant)	http://www.w3.org/1999/02/22-rdf-syntax-ns#type	type	http://dbpedia.org/ontology/ArchitecturalStructure	entity	architectural structure
http://dbpedia.org/resource/The_Cube_(restaurant)	The Cube (restaurant)	http://www.w3.org/1999/02/22-rdf-syntax-ns#type	type	http://dbpedia.org/ontology/Building	entity	building
http://dbpedia.org/resource/The_Cube_(restaurant)	The Cube (restaurant)	http://www.w3.org/1999/02/22-rdf-syntax-ns#type	type	http://dbpedia.org/ontology/Location	uri	null
http://dbpedia.org/resource/The_Cube_(restaurant)	The Cube (restaurant)	http://www.w3.org/1999/02/22-rdf-syntax-ns#type	type	http://dbpedia.org/ontology/Place	entity	place
http://dbpedia.org/resource/The_Cube_(restaurant)	The Cube (restaurant)	http://www.w3.org/1999/02/22-rdf-syntax-ns#type	type	http://dbpedia.org/ontology/Restaurant	entity	restaurant
http://dbpedia.org/resource/The_Cube_(restaurant)	The Cube (restaurant)	http://www.w3.org/1999/02/22-rdf-syntax-ns#type	type	http://schema.org/Place	entity	Place
http://dbpedia.org/resource/The_Cube_(restaurant)	The Cube (restaurant)	http://www.w3.org/1999/02/22-rdf-syntax-ns#type	type	http://schema.org/Restaurant	entity	Restaurant
http://dbpedia.org/resource/The_Cube_(restaurant)	The Cube (restaurant)	http://www.w3.org/1999/02/22-rdf-syntax-ns#type	type	http://www.w3.org/2002/07/owl#Thing	entity	Thing
http://dbpedia.org/resource/The_Cube_(restaurant)	The Cube (restaurant)	http://www.w3.org/1999/02/22-rdf-syntax-ns#type	type	http://www.wikidata.org/entity/Q11707	entity	restaurant
http://dbpedia.org/resource/The_Cube_(restaurant)	The Cube (restaurant)	http://www.w3.org/1999/02/22-rdf-syntax-ns#type	type	http://www.wikidata.org/entity/Q41176	entity	building
http://dbpedia.org/resource/The_Cube_(restaurant)	The Cube (restaurant)	http://www.w3.org/2000/01/rdf-schema#comment	comment	The Cube is a pop-up restaurant created by Electrolux. Since 2011, two versions of the restaurant have been located in different cities in Europe, where a number of guest celebrity chefs have brought teams and dishes from their own restaurants to cook in the spaces.	http://www.w3.org/1999/02/22-rdf-syntax-ns#langString	
http://dbpedia.org/resource/The_Cube_(restaurant)	The Cube (restaurant)	http://www.w3.org/2000/01/rdf-schema#label	label	The Cube (restaurant)	http://www.w3.org/1999/02/22-rdf-syntax-ns#langString	
http://dbpedia.org/resource/The_Cube_(restaurant)	The Cube (restaurant)	http://www.w3.org/2002/07/owl#sameAs	sameAs	http://dbpedia.org/resource/The_Cube_(restaurant)	entity	The Cube (restaurant)
http://dbpedia.org/resource/The_Cube_(restaurant)	The Cube (restaurant)	http://www.w3.org/2002/07/owl#sameAs	sameAs	http://rdf.freebase.com/ns/m.0n413sc	entity	The Cube
http://dbpedia.org/resource/The_Cube_(restaurant)	The Cube (restaurant)	http://www.w3.org/2002/07/owl#sameAs	sameAs	http://www.wikidata.org/entity/Q4358835	entity	The Cube
http://dbpedia.org/resource/The_Cube_(restaurant)	The Cube (restaurant)	http://www.w3.org/ns/prov#wasDerivedFrom	wasDerivedFrom	http://en.wikipedia.org/wiki/The_Cube_(restaurant)?oldid=723478973	uri	null
http://dbpedia.org/resource/The_Cube_(restaurant)	The Cube (restaurant)	http://xmlns.com/foaf/0.1/depiction	depiction	http://en.wikipedia.org/wiki/Special:FilePath/The_Cube_at_Milan_2.jpg	uri	null
http://dbpedia.org/resource/The_Cube_(restaurant)	The Cube (restaurant)	http://xmlns.com/foaf/0.1/homepage	homepage	http://www.electrolux.co.uk/Cube/	uri	null
http://dbpedia.org/resource/The_Cube_(restaurant)	The Cube (restaurant)	http://xmlns.com/foaf/0.1/isPrimaryTopicOf	is primary topic of	http://en.wikipedia.org/wiki/The_Cube_(restaurant)	uri	null
http://dbpedia.org/resource/The_Cube_(restaurant)	The Cube (restaurant)	http://xmlns.com/foaf/0.1/name	name	The Cube	http://www.w3.org/1999/02/22-rdf-syntax-ns#langString	
