sub	subl	prop	propl	obj	obj_t	obj_l
http://rdf.freebase.com/ns/m.0n413sc	The Cube	http://rdf.freebase.com/key/wikipedia.en	en	The_Cube_(restaurant)	http://www.w3.org/2001/XMLSchema#string	
http://rdf.freebase.com/ns/m.0n413sc	The Cube	http://rdf.freebase.com/key/wikipedia.en_id	en_id	37034791	http://www.w3.org/2001/XMLSchema#string	
http://rdf.freebase.com/ns/m.0n413sc	The Cube	http://rdf.freebase.com/key/wikipedia.en_title	en_title	The_Cube_(restaurant)	http://www.w3.org/2001/XMLSchema#string	
http://rdf.freebase.com/ns/m.0n413sc	The Cube	http://rdf.freebase.com/ns/business.business_operation.industry	Industry	http://rdf.freebase.com/ns/m.06l8d	entity	Restaurant
http://rdf.freebase.com/ns/m.0n413sc	The Cube	http://rdf.freebase.com/ns/common.topic.article	Article	http://rdf.freebase.com/ns/m.0n413sh	uri	null
http://rdf.freebase.com/ns/m.0n413sc	The Cube	http://rdf.freebase.com/ns/common.topic.description	Description	The Cube is a pop-up restaurant created by Electrolux. Since 2011, two versions of the restaurant have been located in different cities in Europe, where a number of guest celebrity chefs have brought teams and dishes from their own restaurants to cook in the spaces.	http://www.w3.org/1999/02/22-rdf-syntax-ns#langString	
http://rdf.freebase.com/ns/m.0n413sc	The Cube	http://rdf.freebase.com/ns/common.topic.notable_for	Notable for	Business Operation	http://www.w3.org/1999/02/22-rdf-syntax-ns#langString	
http://rdf.freebase.com/ns/m.0n413sc	The Cube	http://rdf.freebase.com/ns/common.topic.notable_types	Notable types	http://rdf.freebase.com/ns/m.07vr92g	entity	Business Operation
http://rdf.freebase.com/ns/m.0n413sc	The Cube	http://rdf.freebase.com/ns/common.topic.topic_equivalent_webpage	Topic equivalent webpage	http://en.wikipedia.org/wiki/The_Cube_(restaurant)	uri	null
http://rdf.freebase.com/ns/m.0n413sc	The Cube	http://rdf.freebase.com/ns/common.topic.topic_equivalent_webpage	Topic equivalent webpage	http://en.wikipedia.org/wiki/index.html?curid=37034791	uri	null
http://rdf.freebase.com/ns/m.0n413sc	The Cube	http://rdf.freebase.com/ns/common.topic.topic_equivalent_webpage	Topic equivalent webpage	http://it.wikipedia.org/wiki/The_Cube_(ristorante)	uri	null
http://rdf.freebase.com/ns/m.0n413sc	The Cube	http://rdf.freebase.com/ns/common.topic.topic_equivalent_webpage	Topic equivalent webpage	http://it.wikipedia.org/wiki/index.html?curid=4402368	uri	null
http://rdf.freebase.com/ns/m.0n413sc	The Cube	http://rdf.freebase.com/ns/freebase.valuenotation.has_value	Has value	http://rdf.freebase.com/ns/m.01xxxwd	entity	Number of employees
http://rdf.freebase.com/ns/m.0n413sc	The Cube	http://rdf.freebase.com/ns/kg.object_profile.prominent_type	prominent type	http://rdf.freebase.com/ns/business.business_operation	entity	Business Operation
http://rdf.freebase.com/ns/m.0n413sc	The Cube	http://rdf.freebase.com/ns/organization.organization.date_founded	Date founded	2011	http://www.w3.org/2001/XMLSchema#gYear	
http://rdf.freebase.com/ns/m.0n413sc	The Cube	http://rdf.freebase.com/ns/organization.organization.place_founded	Place founded	http://rdf.freebase.com/ns/m.06mxs	entity	Stockholm
http://rdf.freebase.com/ns/m.0n413sc	The Cube	http://rdf.freebase.com/ns/type.object.key	Key	/wikipedia/en/The_Cube_(restaurant)	http://www.w3.org/2001/XMLSchema#string	
http://rdf.freebase.com/ns/m.0n413sc	The Cube	http://rdf.freebase.com/ns/type.object.key	Key	/wikipedia/en_id/37034791	http://www.w3.org/2001/XMLSchema#string	
http://rdf.freebase.com/ns/m.0n413sc	The Cube	http://rdf.freebase.com/ns/type.object.key	Key	/wikipedia/en_title/The_Cube_(restaurant)	http://www.w3.org/2001/XMLSchema#string	
http://rdf.freebase.com/ns/m.0n413sc	The Cube	http://rdf.freebase.com/ns/type.object.key	Key	/wikipedia/it/The_Cube_(ristorante)	http://www.w3.org/2001/XMLSchema#string	
http://rdf.freebase.com/ns/m.0n413sc	The Cube	http://rdf.freebase.com/ns/type.object.key	Key	/wikipedia/it_id/4402368	http://www.w3.org/2001/XMLSchema#string	
http://rdf.freebase.com/ns/m.0n413sc	The Cube	http://rdf.freebase.com/ns/type.object.key	Key	/wikipedia/it_title/The_Cube_(ristorante)	http://www.w3.org/2001/XMLSchema#string	
http://rdf.freebase.com/ns/m.0n413sc	The Cube	http://rdf.freebase.com/ns/type.object.name	Name	The Cube	http://www.w3.org/1999/02/22-rdf-syntax-ns#langString	
http://rdf.freebase.com/ns/m.0n413sc	The Cube	http://rdf.freebase.com/ns/type.object.type	Type	http://rdf.freebase.com/ns/base.type_ontology.abstract	entity	Abstract
http://rdf.freebase.com/ns/m.0n413sc	The Cube	http://rdf.freebase.com/ns/type.object.type	Type	http://rdf.freebase.com/ns/base.type_ontology.agent	entity	Agent
http://rdf.freebase.com/ns/m.0n413sc	The Cube	http://rdf.freebase.com/ns/type.object.type	Type	http://rdf.freebase.com/ns/base.type_ontology.inanimate	entity	Inanimate
http://rdf.freebase.com/ns/m.0n413sc	The Cube	http://rdf.freebase.com/ns/type.object.type	Type	http://rdf.freebase.com/ns/business.business_location	entity	Organization Location
http://rdf.freebase.com/ns/m.0n413sc	The Cube	http://rdf.freebase.com/ns/type.object.type	Type	http://rdf.freebase.com/ns/business.business_operation	entity	Business Operation
http://rdf.freebase.com/ns/m.0n413sc	The Cube	http://rdf.freebase.com/ns/type.object.type	Type	http://rdf.freebase.com/ns/business.employer	entity	Employer
http://rdf.freebase.com/ns/m.0n413sc	The Cube	http://rdf.freebase.com/ns/type.object.type	Type	http://rdf.freebase.com/ns/common.topic	entity	Topic
http://rdf.freebase.com/ns/m.0n413sc	The Cube	http://rdf.freebase.com/ns/type.object.type	Type	http://rdf.freebase.com/ns/dining.restaurant	entity	Restaurant
http://rdf.freebase.com/ns/m.0n413sc	The Cube	http://rdf.freebase.com/ns/type.object.type	Type	http://rdf.freebase.com/ns/organization.organization	entity	Organization
http://rdf.freebase.com/ns/m.0n413sc	The Cube	http://www.w3.org/1999/02/22-rdf-syntax-ns#type	type	http://rdf.freebase.com/ns/base.type_ontology.abstract	entity	Abstract
http://rdf.freebase.com/ns/m.0n413sc	The Cube	http://www.w3.org/1999/02/22-rdf-syntax-ns#type	type	http://rdf.freebase.com/ns/base.type_ontology.agent	entity	Agent
http://rdf.freebase.com/ns/m.0n413sc	The Cube	http://www.w3.org/1999/02/22-rdf-syntax-ns#type	type	http://rdf.freebase.com/ns/base.type_ontology.inanimate	entity	Inanimate
http://rdf.freebase.com/ns/m.0n413sc	The Cube	http://www.w3.org/1999/02/22-rdf-syntax-ns#type	type	http://rdf.freebase.com/ns/business.business_location	entity	Organization Location
http://rdf.freebase.com/ns/m.0n413sc	The Cube	http://www.w3.org/1999/02/22-rdf-syntax-ns#type	type	http://rdf.freebase.com/ns/business.business_operation	entity	Business Operation
http://rdf.freebase.com/ns/m.0n413sc	The Cube	http://www.w3.org/1999/02/22-rdf-syntax-ns#type	type	http://rdf.freebase.com/ns/business.employer	entity	Employer
http://rdf.freebase.com/ns/m.0n413sc	The Cube	http://www.w3.org/1999/02/22-rdf-syntax-ns#type	type	http://rdf.freebase.com/ns/common.topic	entity	Topic
http://rdf.freebase.com/ns/m.0n413sc	The Cube	http://www.w3.org/1999/02/22-rdf-syntax-ns#type	type	http://rdf.freebase.com/ns/dining.restaurant	entity	Restaurant
http://rdf.freebase.com/ns/m.0n413sc	The Cube	http://www.w3.org/1999/02/22-rdf-syntax-ns#type	type	http://rdf.freebase.com/ns/organization.organization	entity	Organization
http://rdf.freebase.com/ns/m.0n413sc	The Cube	http://www.w3.org/2000/01/rdf-schema#label	label	The Cube	http://www.w3.org/1999/02/22-rdf-syntax-ns#langString	
