sub	subl	prop	propl	obj	obj_t	obj_l
http://yago-knowledge.org/resource/The_Cube_(building)	The Cube (building)	http://www.w3.org/1999/02/22-rdf-syntax-ns#type	type	http://www.w3.org/2002/07/owl#Thing	entity	Thing
http://yago-knowledge.org/resource/The_Cube_(building)	The Cube (building)	http://www.w3.org/1999/02/22-rdf-syntax-ns#type	type	http://yago-knowledge.org/resource/wikicat_Buildings_and_structures_in_Birmingham,_West_Midlands	entity	Buildings and structures in Birmingham, West Midlands
http://yago-knowledge.org/resource/The_Cube_(building)	The Cube (building)	http://www.w3.org/1999/02/22-rdf-syntax-ns#type	type	http://yago-knowledge.org/resource/wordnet_artifact_100021939	entity	artifact
http://yago-knowledge.org/resource/The_Cube_(building)	The Cube (building)	http://www.w3.org/1999/02/22-rdf-syntax-ns#type	type	http://yago-knowledge.org/resource/wordnet_building_102913152	entity	building
http://yago-knowledge.org/resource/The_Cube_(building)	The Cube (building)	http://www.w3.org/1999/02/22-rdf-syntax-ns#type	type	http://yago-knowledge.org/resource/wordnet_object_100002684	entity	object
http://yago-knowledge.org/resource/The_Cube_(building)	The Cube (building)	http://www.w3.org/1999/02/22-rdf-syntax-ns#type	type	http://yago-knowledge.org/resource/wordnet_physical_entity_100001930	entity	physical entity
http://yago-knowledge.org/resource/The_Cube_(building)	The Cube (building)	http://www.w3.org/1999/02/22-rdf-syntax-ns#type	type	http://yago-knowledge.org/resource/wordnet_structure_104341686	entity	structure
http://yago-knowledge.org/resource/The_Cube_(building)	The Cube (building)	http://www.w3.org/1999/02/22-rdf-syntax-ns#type	type	http://yago-knowledge.org/resource/wordnet_whole_100003553	entity	whole
http://yago-knowledge.org/resource/The_Cube_(building)	The Cube (building)	http://www.w3.org/1999/02/22-rdf-syntax-ns#type	type	http://yago-knowledge.org/resource/yagoGeoEntity	entity	geographical entity
http://yago-knowledge.org/resource/The_Cube_(building)	The Cube (building)	http://www.w3.org/1999/02/22-rdf-syntax-ns#type	type	http://yago-knowledge.org/resource/yagoPermanentlyLocatedEntity	entity	yagoPermanentlyLocatedEntity
http://yago-knowledge.org/resource/The_Cube_(building)	The Cube (building)	http://www.w3.org/2000/01/rdf-schema#label	label	The Cube	http://www.w3.org/1999/02/22-rdf-syntax-ns#langString	
http://yago-knowledge.org/resource/The_Cube_(building)	The Cube (building)	http://www.w3.org/2000/01/rdf-schema#label	label	The Cube (building)	http://www.w3.org/1999/02/22-rdf-syntax-ns#langString	
http://yago-knowledge.org/resource/The_Cube_(building)	The Cube (building)	http://www.w3.org/2002/07/owl#sameAs	sameAs	http://dbpedia.org/resource/The_Cube_(building)	entity	The Cube (building)
http://yago-knowledge.org/resource/The_Cube_(building)	The Cube (building)	http://www.w3.org/2004/02/skos/core#prefLabel	preferred label	The Cube (building)	http://www.w3.org/1999/02/22-rdf-syntax-ns#langString	
http://yago-knowledge.org/resource/The_Cube_(building)	The Cube (building)	http://yago-knowledge.org/resource/hasCitationTitle	null	Bachy Soletanche - Adds levels to The Cube in Birmingham	http://www.w3.org/1999/02/22-rdf-syntax-ns#langString	
http://yago-knowledge.org/resource/The_Cube_(building)	The Cube (building)	http://yago-knowledge.org/resource/hasCitationTitle	null	Birmingham Development Company Limited and Build Ability Limited - Both in Administration	http://www.w3.org/1999/02/22-rdf-syntax-ns#langString	
http://yago-knowledge.org/resource/The_Cube_(building)	The Cube (building)	http://yago-knowledge.org/resource/hasCitationTitle	null	Birmingham's Cube builder goes into administration	http://www.w3.org/1999/02/22-rdf-syntax-ns#langString	
http://yago-knowledge.org/resource/The_Cube_(building)	The Cube (building)	http://yago-knowledge.org/resource/hasCitationTitle	null	Building success at The Cube	http://www.w3.org/1999/02/22-rdf-syntax-ns#langString	
http://yago-knowledge.org/resource/The_Cube_(building)	The Cube (building)	http://yago-knowledge.org/resource/hasCitationTitle	null	Cars park themselves in Birmingham Cube complex	http://www.w3.org/1999/02/22-rdf-syntax-ns#langString	
http://yago-knowledge.org/resource/The_Cube_(building)	The Cube (building)	http://yago-knowledge.org/resource/hasCitationTitle	null	Cube client goes it alone and offers staff profit share	http://www.w3.org/1999/02/22-rdf-syntax-ns#langString	
http://yago-knowledge.org/resource/The_Cube_(building)	The Cube (building)	http://yago-knowledge.org/resource/hasCitationTitle	null	Cube developer takes on Britain's biggest DIY job	http://www.w3.org/1999/02/22-rdf-syntax-ns#langString	
http://yago-knowledge.org/resource/The_Cube_(building)	The Cube (building)	http://yago-knowledge.org/resource/hasCitationTitle	null	Cube to go on despite developer's collapse	http://www.w3.org/1999/02/22-rdf-syntax-ns#langString	
http://yago-knowledge.org/resource/The_Cube_(building)	The Cube (building)	http://yago-knowledge.org/resource/hasCitationTitle	null	HATTERSLEY HOOKS UP THE CUBE	http://www.w3.org/1999/02/22-rdf-syntax-ns#langString	
http://yago-knowledge.org/resource/The_Cube_(building)	The Cube (building)	http://yago-knowledge.org/resource/hasCitationTitle	null	Haga adds final touch to The Cube	http://www.w3.org/1999/02/22-rdf-syntax-ns#langString	
http://yago-knowledge.org/resource/The_Cube_(building)	The Cube (building)	http://yago-knowledge.org/resource/hasCitationTitle	null	Hell's Kitchen star Marco Pierre White to open Birmingham restaurant	http://www.w3.org/1999/02/22-rdf-syntax-ns#langString	
http://yago-knowledge.org/resource/The_Cube_(building)	The Cube (building)	http://yago-knowledge.org/resource/hasCitationTitle	null	Lloyds calls in administrators for developer	http://www.w3.org/1999/02/22-rdf-syntax-ns#langString	
http://yago-knowledge.org/resource/The_Cube_(building)	The Cube (building)	http://yago-knowledge.org/resource/hasCitationTitle	null	Marco Pierre White's Birmingham restaurant opens at The Cube	http://www.w3.org/1999/02/22-rdf-syntax-ns#langString	
http://yago-knowledge.org/resource/The_Cube_(building)	The Cube (building)	http://yago-knowledge.org/resource/hasCitationTitle	null	Models wanted for sculpture at The Mailbox	http://www.w3.org/1999/02/22-rdf-syntax-ns#langString	
http://yago-knowledge.org/resource/The_Cube_(building)	The Cube (building)	http://yago-knowledge.org/resource/hasCitationTitle	null	POLYPIPE VENTILATION SUPPLIES SPECIALIST PRODUCT FOR THE CUBE	http://www.w3.org/1999/02/22-rdf-syntax-ns#langString	
http://yago-knowledge.org/resource/The_Cube_(building)	The Cube (building)	http://yago-knowledge.org/resource/hasCitationTitle	null	Residential :: The Cube	http://www.w3.org/1999/02/22-rdf-syntax-ns#langString	
http://yago-knowledge.org/resource/The_Cube_(building)	The Cube (building)	http://yago-knowledge.org/resource/hasCitationTitle	null	Steel crown for the Cube	http://www.w3.org/1999/02/22-rdf-syntax-ns#langString	
http://yago-knowledge.org/resource/The_Cube_(building)	The Cube (building)	http://yago-knowledge.org/resource/hasCitationTitle	null	THE CUBE, BIRMINGHAM	http://www.w3.org/1999/02/22-rdf-syntax-ns#langString	
http://yago-knowledge.org/resource/The_Cube_(building)	The Cube (building)	http://yago-knowledge.org/resource/hasCitationTitle	null	Taywood closes in on the Cube	http://www.w3.org/1999/02/22-rdf-syntax-ns#langString	
http://yago-knowledge.org/resource/The_Cube_(building)	The Cube (building)	http://yago-knowledge.org/resource/hasCitationTitle	null	Team behind The Cube in Birmingham say they'll finish the job	http://www.w3.org/1999/02/22-rdf-syntax-ns#langString	
http://yago-knowledge.org/resource/The_Cube_(building)	The Cube (building)	http://yago-knowledge.org/resource/hasCitationTitle	null	The Cube Planning Permission Granted	http://www.w3.org/1999/02/22-rdf-syntax-ns#langString	
http://yago-knowledge.org/resource/The_Cube_(building)	The Cube (building)	http://yago-knowledge.org/resource/hasCitationTitle	null	The Cube is coming!	http://www.w3.org/1999/02/22-rdf-syntax-ns#langString	
http://yago-knowledge.org/resource/The_Cube_(building)	The Cube (building)	http://yago-knowledge.org/resource/hasCitationTitle	null	The cube with seven sides	http://www.w3.org/1999/02/22-rdf-syntax-ns#langString	
http://yago-knowledge.org/resource/The_Cube_(building)	The Cube (building)	http://yago-knowledge.org/resource/hasCitationTitle	null	The final phase of Birmingham's luxury development gets underway	http://www.w3.org/1999/02/22-rdf-syntax-ns#langString	
http://yago-knowledge.org/resource/The_Cube_(building)	The Cube (building)	http://yago-knowledge.org/resource/hasCitationTitle	null	When developer becomes contractor	http://www.w3.org/1999/02/22-rdf-syntax-ns#langString	
http://yago-knowledge.org/resource/The_Cube_(building)	The Cube (building)	http://yago-knowledge.org/resource/hasCitationTitle	null	Wicona - The Cube	http://www.w3.org/1999/02/22-rdf-syntax-ns#langString	
http://yago-knowledge.org/resource/The_Cube_(building)	The Cube (building)	http://yago-knowledge.org/resource/hasCitationTitle	null	Wöhr Multiparker for The Cube at Birmingham	http://www.w3.org/1999/02/22-rdf-syntax-ns#langString	
http://yago-knowledge.org/resource/The_Cube_(building)	The Cube (building)	http://yago-knowledge.org/resource/hasCitationTitle	null	You Give Us 100% We Give You 60% (recruitment leaflet)	http://www.w3.org/1999/02/22-rdf-syntax-ns#langString	
http://yago-knowledge.org/resource/The_Cube_(building)	The Cube (building)	http://yago-knowledge.org/resource/hasHeight	height	70.4	http://yago-knowledge.org/resource/m	
http://yago-knowledge.org/resource/The_Cube_(building)	The Cube (building)	http://yago-knowledge.org/resource/hasWikipediaAnchorText	null	Birmingham	http://www.w3.org/1999/02/22-rdf-syntax-ns#langString	
http://yago-knowledge.org/resource/The_Cube_(building)	The Cube (building)	http://yago-knowledge.org/resource/hasWikipediaAnchorText	null	Birmingham Post	http://www.w3.org/1999/02/22-rdf-syntax-ns#langString	
http://yago-knowledge.org/resource/The_Cube_(building)	The Cube (building)	http://yago-knowledge.org/resource/hasWikipediaAnchorText	null	Buro Happold	http://www.w3.org/1999/02/22-rdf-syntax-ns#langString	
http://yago-knowledge.org/resource/The_Cube_(building)	The Cube (building)	http://yago-knowledge.org/resource/hasWikipediaAnchorText	null	Emporis.com entry	http://www.w3.org/1999/02/22-rdf-syntax-ns#langString	
http://yago-knowledge.org/resource/The_Cube_(building)	The Cube (building)	http://yago-knowledge.org/resource/hasWikipediaAnchorText	null	Encyclopædia Britannica	http://www.w3.org/1999/02/22-rdf-syntax-ns#langString	
http://yago-knowledge.org/resource/The_Cube_(building)	The Cube (building)	http://yago-knowledge.org/resource/hasWikipediaAnchorText	null	Five Ways	http://www.w3.org/1999/02/22-rdf-syntax-ns#langString	
http://yago-knowledge.org/resource/The_Cube_(building)	The Cube (building)	http://yago-knowledge.org/resource/hasWikipediaAnchorText	null	Gherkin	http://www.w3.org/1999/02/22-rdf-syntax-ns#langString	
http://yago-knowledge.org/resource/The_Cube_(building)	The Cube (building)	http://yago-knowledge.org/resource/hasWikipediaAnchorText	null	Hotel Indigo	http://www.w3.org/1999/02/22-rdf-syntax-ns#langString	
http://yago-knowledge.org/resource/The_Cube_(building)	The Cube (building)	http://yago-knowledge.org/resource/hasWikipediaAnchorText	null	Ken Shuttleworth	http://www.w3.org/1999/02/22-rdf-syntax-ns#langString	
http://yago-knowledge.org/resource/The_Cube_(building)	The Cube (building)	http://yago-knowledge.org/resource/hasWikipediaAnchorText	null	Lloyds TSB	http://www.w3.org/1999/02/22-rdf-syntax-ns#langString	
http://yago-knowledge.org/resource/The_Cube_(building)	The Cube (building)	http://yago-knowledge.org/resource/hasWikipediaAnchorText	null	London	http://www.w3.org/1999/02/22-rdf-syntax-ns#langString	
http://yago-knowledge.org/resource/The_Cube_(building)	The Cube (building)	http://yago-knowledge.org/resource/hasWikipediaAnchorText	null	MAKE Architects	http://www.w3.org/1999/02/22-rdf-syntax-ns#langString	
http://yago-knowledge.org/resource/The_Cube_(building)	The Cube (building)	http://yago-knowledge.org/resource/hasWikipediaAnchorText	null	Marco Pierre White	http://www.w3.org/1999/02/22-rdf-syntax-ns#langString	
http://yago-knowledge.org/resource/The_Cube_(building)	The Cube (building)	http://yago-knowledge.org/resource/hasWikipediaAnchorText	null	Norman Foster	http://www.w3.org/1999/02/22-rdf-syntax-ns#langString	
http://yago-knowledge.org/resource/The_Cube_(building)	The Cube (building)	http://yago-knowledge.org/resource/hasWikipediaAnchorText	null	PricewaterhouseCoopers	http://www.w3.org/1999/02/22-rdf-syntax-ns#langString	
http://yago-knowledge.org/resource/The_Cube_(building)	The Cube (building)	http://yago-knowledge.org/resource/hasWikipediaAnchorText	null	Sanguine Hospitality Limited	http://www.w3.org/1999/02/22-rdf-syntax-ns#langString	
http://yago-knowledge.org/resource/The_Cube_(building)	The Cube (building)	http://yago-knowledge.org/resource/hasWikipediaAnchorText	null	Sir Robert McAlpine	http://www.w3.org/1999/02/22-rdf-syntax-ns#langString	
http://yago-knowledge.org/resource/The_Cube_(building)	The Cube (building)	http://yago-knowledge.org/resource/hasWikipediaAnchorText	null	Taylor Woodrow	http://www.w3.org/1999/02/22-rdf-syntax-ns#langString	
http://yago-knowledge.org/resource/The_Cube_(building)	The Cube (building)	http://yago-knowledge.org/resource/hasWikipediaAnchorText	null	The Birmingham Post	http://www.w3.org/1999/02/22-rdf-syntax-ns#langString	
http://yago-knowledge.org/resource/The_Cube_(building)	The Cube (building)	http://yago-knowledge.org/resource/hasWikipediaAnchorText	null	The Cube	http://www.w3.org/1999/02/22-rdf-syntax-ns#langString	
http://yago-knowledge.org/resource/The_Cube_(building)	The Cube (building)	http://yago-knowledge.org/resource/hasWikipediaAnchorText	null	The Cube from the Mailbox August 2010	http://www.w3.org/1999/02/22-rdf-syntax-ns#langString	
http://yago-knowledge.org/resource/The_Cube_(building)	The Cube (building)	http://yago-knowledge.org/resource/hasWikipediaAnchorText	null	The Cube panoramic image July 2010	http://www.w3.org/1999/02/22-rdf-syntax-ns#langString	
http://yago-knowledge.org/resource/The_Cube_(building)	The Cube (building)	http://yago-knowledge.org/resource/hasWikipediaAnchorText	null	The Mailbox	http://www.w3.org/1999/02/22-rdf-syntax-ns#langString	
http://yago-knowledge.org/resource/The_Cube_(building)	The Cube (building)	http://yago-knowledge.org/resource/hasWikipediaAnchorText	null	West Midlands	http://www.w3.org/1999/02/22-rdf-syntax-ns#langString	
http://yago-knowledge.org/resource/The_Cube_(building)	The Cube (building)	http://yago-knowledge.org/resource/hasWikipediaAnchorText	null	Wicona	http://www.w3.org/1999/02/22-rdf-syntax-ns#langString	
http://yago-knowledge.org/resource/The_Cube_(building)	The Cube (building)	http://yago-knowledge.org/resource/hasWikipediaAnchorText	null	Wolverhampton	http://www.w3.org/1999/02/22-rdf-syntax-ns#langString	
http://yago-knowledge.org/resource/The_Cube_(building)	The Cube (building)	http://yago-knowledge.org/resource/hasWikipediaAnchorText	null	Worcester and Birmingham Canal	http://www.w3.org/1999/02/22-rdf-syntax-ns#langString	
http://yago-knowledge.org/resource/The_Cube_(building)	The Cube (building)	http://yago-knowledge.org/resource/hasWikipediaAnchorText	null	concierge	http://www.w3.org/1999/02/22-rdf-syntax-ns#langString	
http://yago-knowledge.org/resource/The_Cube_(building)	The Cube (building)	http://yago-knowledge.org/resource/hasWikipediaAnchorText	null	cubic dimensions	http://www.w3.org/1999/02/22-rdf-syntax-ns#langString	
http://yago-knowledge.org/resource/The_Cube_(building)	The Cube (building)	http://yago-knowledge.org/resource/hasWikipediaAnchorText	null	jewellery side of Birmingham	http://www.w3.org/1999/02/22-rdf-syntax-ns#langString	
http://yago-knowledge.org/resource/The_Cube_(building)	The Cube (building)	http://yago-knowledge.org/resource/hasWikipediaAnchorText	null	mixed-use development	http://www.w3.org/1999/02/22-rdf-syntax-ns#langString	
http://yago-knowledge.org/resource/The_Cube_(building)	The Cube (building)	http://yago-knowledge.org/resource/hasWikipediaArticleLength	null	24941	http://www.w3.org/2001/XMLSchema#integer	
http://yago-knowledge.org/resource/The_Cube_(building)	The Cube (building)	http://yago-knowledge.org/resource/hasWikipediaUrl	null	http://en.wikipedia.org/wiki/The_Cube_%28building%29	uri	null
http://yago-knowledge.org/resource/The_Cube_(building)	The Cube (building)	http://yago-knowledge.org/resource/isLocatedIn	Administrative parent	http://yago-knowledge.org/resource/Birmingham	entity	Birmingham
http://yago-knowledge.org/resource/The_Cube_(building)	The Cube (building)	http://yago-knowledge.org/resource/isLocatedIn	Administrative parent	http://yago-knowledge.org/resource/West_Midlands_(county)	entity	West Midlands (county)
http://yago-knowledge.org/resource/The_Cube_(building)	The Cube (building)	http://yago-knowledge.org/resource/linksTo	null	http://yago-knowledge.org/resource/30_St_Mary_Axe	entity	30 St Mary Axe
http://yago-knowledge.org/resource/The_Cube_(building)	The Cube (building)	http://yago-knowledge.org/resource/linksTo	null	http://yago-knowledge.org/resource/Birmingham	entity	Birmingham
http://yago-knowledge.org/resource/The_Cube_(building)	The Cube (building)	http://yago-knowledge.org/resource/linksTo	null	http://yago-knowledge.org/resource/Birmingham_Post	entity	Birmingham Post
http://yago-knowledge.org/resource/The_Cube_(building)	The Cube (building)	http://yago-knowledge.org/resource/linksTo	null	http://yago-knowledge.org/resource/Buro_Happold	entity	Buro Happold
http://yago-knowledge.org/resource/The_Cube_(building)	The Cube (building)	http://yago-knowledge.org/resource/linksTo	null	http://yago-knowledge.org/resource/Encyclopædia_Britannica	entity	Encyclopædia Britannica
http://yago-knowledge.org/resource/The_Cube_(building)	The Cube (building)	http://yago-knowledge.org/resource/linksTo	null	http://yago-knowledge.org/resource/Five_Ways,_Birmingham	entity	Five Ways, Birmingham
http://yago-knowledge.org/resource/The_Cube_(building)	The Cube (building)	http://yago-knowledge.org/resource/linksTo	null	http://yago-knowledge.org/resource/Hotel_Indigo	entity	Hotel Indigo
http://yago-knowledge.org/resource/The_Cube_(building)	The Cube (building)	http://yago-knowledge.org/resource/linksTo	null	http://yago-knowledge.org/resource/Jewellery_Quarter	entity	Jewellery Quarter
http://yago-knowledge.org/resource/The_Cube_(building)	The Cube (building)	http://yago-knowledge.org/resource/linksTo	null	http://yago-knowledge.org/resource/Ken_Shuttleworth_(architect)	entity	Ken Shuttleworth (architect)
http://yago-knowledge.org/resource/The_Cube_(building)	The Cube (building)	http://yago-knowledge.org/resource/linksTo	null	http://yago-knowledge.org/resource/Lloyds_TSB	entity	Lloyds TSB
http://yago-knowledge.org/resource/The_Cube_(building)	The Cube (building)	http://yago-knowledge.org/resource/linksTo	null	http://yago-knowledge.org/resource/London	entity	London
http://yago-knowledge.org/resource/The_Cube_(building)	The Cube (building)	http://yago-knowledge.org/resource/linksTo	null	http://yago-knowledge.org/resource/MAKE_Architects	entity	MAKE Architects
http://yago-knowledge.org/resource/The_Cube_(building)	The Cube (building)	http://yago-knowledge.org/resource/linksTo	null	http://yago-knowledge.org/resource/Marco_Pierre_White	entity	Marco Pierre White
http://yago-knowledge.org/resource/The_Cube_(building)	The Cube (building)	http://yago-knowledge.org/resource/linksTo	null	http://yago-knowledge.org/resource/Norman_Foster_(architect)	entity	Norman Foster (architect)
http://yago-knowledge.org/resource/The_Cube_(building)	The Cube (building)	http://yago-knowledge.org/resource/linksTo	null	http://yago-knowledge.org/resource/PricewaterhouseCoopers	entity	PricewaterhouseCoopers
http://yago-knowledge.org/resource/The_Cube_(building)	The Cube (building)	http://yago-knowledge.org/resource/linksTo	null	http://yago-knowledge.org/resource/Sir_Robert_McAlpine	entity	Sir Robert McAlpine
http://yago-knowledge.org/resource/The_Cube_(building)	The Cube (building)	http://yago-knowledge.org/resource/linksTo	null	http://yago-knowledge.org/resource/Taylor_Woodrow	entity	Taylor Woodrow
http://yago-knowledge.org/resource/The_Cube_(building)	The Cube (building)	http://yago-knowledge.org/resource/linksTo	null	http://yago-knowledge.org/resource/The_Mailbox	entity	The Mailbox
http://yago-knowledge.org/resource/The_Cube_(building)	The Cube (building)	http://yago-knowledge.org/resource/linksTo	null	http://yago-knowledge.org/resource/West_Midlands_(county)	entity	West Midlands (county)
http://yago-knowledge.org/resource/The_Cube_(building)	The Cube (building)	http://yago-knowledge.org/resource/linksTo	null	http://yago-knowledge.org/resource/Wolverhampton	entity	Wolverhampton
