sub	subl	prop	propl	obj	obj_t	obj_l
http://yago-knowledge.org/resource/Oakland_Plantation_(Carvers,_North_Carolina)	Oakland Plantation (Carvers, North Carolina)	http://www.w3.org/1999/02/22-rdf-syntax-ns#type	type	http://www.w3.org/2002/07/owl#Thing	entity	Thing
http://yago-knowledge.org/resource/Oakland_Plantation_(Carvers,_North_Carolina)	Oakland Plantation (Carvers, North Carolina)	http://www.w3.org/1999/02/22-rdf-syntax-ns#type	type	http://yago-knowledge.org/resource/wikicat_Buildings_and_structures_in_Bladen_County,_North_Carolina	entity	Buildings and structures in Bladen County, North Carolina
http://yago-knowledge.org/resource/Oakland_Plantation_(Carvers,_North_Carolina)	Oakland Plantation (Carvers, North Carolina)	http://www.w3.org/1999/02/22-rdf-syntax-ns#type	type	http://yago-knowledge.org/resource/wikicat_Houses_completed_in_1780	entity	Houses completed in 1780
http://yago-knowledge.org/resource/Oakland_Plantation_(Carvers,_North_Carolina)	Oakland Plantation (Carvers, North Carolina)	http://www.w3.org/1999/02/22-rdf-syntax-ns#type	type	http://yago-knowledge.org/resource/wordnet_artifact_100021939	entity	artifact
http://yago-knowledge.org/resource/Oakland_Plantation_(Carvers,_North_Carolina)	Oakland Plantation (Carvers, North Carolina)	http://www.w3.org/1999/02/22-rdf-syntax-ns#type	type	http://yago-knowledge.org/resource/wordnet_building_102913152	entity	building
http://yago-knowledge.org/resource/Oakland_Plantation_(Carvers,_North_Carolina)	Oakland Plantation (Carvers, North Carolina)	http://www.w3.org/1999/02/22-rdf-syntax-ns#type	type	http://yago-knowledge.org/resource/wordnet_dwelling_103259505	entity	dwelling
http://yago-knowledge.org/resource/Oakland_Plantation_(Carvers,_North_Carolina)	Oakland Plantation (Carvers, North Carolina)	http://www.w3.org/1999/02/22-rdf-syntax-ns#type	type	http://yago-knowledge.org/resource/wordnet_house_103544360	entity	house
http://yago-knowledge.org/resource/Oakland_Plantation_(Carvers,_North_Carolina)	Oakland Plantation (Carvers, North Carolina)	http://www.w3.org/1999/02/22-rdf-syntax-ns#type	type	http://yago-knowledge.org/resource/wordnet_housing_103546340	entity	housing
http://yago-knowledge.org/resource/Oakland_Plantation_(Carvers,_North_Carolina)	Oakland Plantation (Carvers, North Carolina)	http://www.w3.org/1999/02/22-rdf-syntax-ns#type	type	http://yago-knowledge.org/resource/wordnet_object_100002684	entity	object
http://yago-knowledge.org/resource/Oakland_Plantation_(Carvers,_North_Carolina)	Oakland Plantation (Carvers, North Carolina)	http://www.w3.org/1999/02/22-rdf-syntax-ns#type	type	http://yago-knowledge.org/resource/wordnet_physical_entity_100001930	entity	physical entity
http://yago-knowledge.org/resource/Oakland_Plantation_(Carvers,_North_Carolina)	Oakland Plantation (Carvers, North Carolina)	http://www.w3.org/1999/02/22-rdf-syntax-ns#type	type	http://yago-knowledge.org/resource/wordnet_structure_104341686	entity	structure
http://yago-knowledge.org/resource/Oakland_Plantation_(Carvers,_North_Carolina)	Oakland Plantation (Carvers, North Carolina)	http://www.w3.org/1999/02/22-rdf-syntax-ns#type	type	http://yago-knowledge.org/resource/wordnet_whole_100003553	entity	whole
http://yago-knowledge.org/resource/Oakland_Plantation_(Carvers,_North_Carolina)	Oakland Plantation (Carvers, North Carolina)	http://www.w3.org/1999/02/22-rdf-syntax-ns#type	type	http://yago-knowledge.org/resource/yagoGeoEntity	entity	geographical entity
http://yago-knowledge.org/resource/Oakland_Plantation_(Carvers,_North_Carolina)	Oakland Plantation (Carvers, North Carolina)	http://www.w3.org/1999/02/22-rdf-syntax-ns#type	type	http://yago-knowledge.org/resource/yagoPermanentlyLocatedEntity	entity	yagoPermanentlyLocatedEntity
http://yago-knowledge.org/resource/Oakland_Plantation_(Carvers,_North_Carolina)	Oakland Plantation (Carvers, North Carolina)	http://www.w3.org/2000/01/rdf-schema#label	label	Oakland	http://www.w3.org/1999/02/22-rdf-syntax-ns#langString	
http://yago-knowledge.org/resource/Oakland_Plantation_(Carvers,_North_Carolina)	Oakland Plantation (Carvers, North Carolina)	http://www.w3.org/2000/01/rdf-schema#label	label	Oakland Plantation	http://www.w3.org/1999/02/22-rdf-syntax-ns#langString	
http://yago-knowledge.org/resource/Oakland_Plantation_(Carvers,_North_Carolina)	Oakland Plantation (Carvers, North Carolina)	http://www.w3.org/2000/01/rdf-schema#label	label	Oakland Plantation (Carvers, North Carolina)	http://www.w3.org/1999/02/22-rdf-syntax-ns#langString	
http://yago-knowledge.org/resource/Oakland_Plantation_(Carvers,_North_Carolina)	Oakland Plantation (Carvers, North Carolina)	http://www.w3.org/2002/07/owl#sameAs	sameAs	http://dbpedia.org/resource/Oakland_Plantation_(Carvers,_North_Carolina)	entity	Oakland Plantation (Carvers, North Carolina)
http://yago-knowledge.org/resource/Oakland_Plantation_(Carvers,_North_Carolina)	Oakland Plantation (Carvers, North Carolina)	http://www.w3.org/2004/02/skos/core#prefLabel	preferred label	Oakland Plantation (Carvers, North Carolina)	http://www.w3.org/1999/02/22-rdf-syntax-ns#langString	
http://yago-knowledge.org/resource/Oakland_Plantation_(Carvers,_North_Carolina)	Oakland Plantation (Carvers, North Carolina)	http://yago-knowledge.org/resource/hasWikipediaAnchorText	null	American Revolutionary War	http://www.w3.org/1999/02/22-rdf-syntax-ns#langString	
http://yago-knowledge.org/resource/Oakland_Plantation_(Carvers,_North_Carolina)	Oakland Plantation (Carvers, North Carolina)	http://yago-knowledge.org/resource/hasWikipediaAnchorText	null	Bladen County, North Carolina	http://www.w3.org/1999/02/22-rdf-syntax-ns#langString	
http://yago-knowledge.org/resource/Oakland_Plantation_(Carvers,_North_Carolina)	Oakland Plantation (Carvers, North Carolina)	http://yago-knowledge.org/resource/hasWikipediaAnchorText	null	Cape Fear River	http://www.w3.org/1999/02/22-rdf-syntax-ns#langString	
http://yago-knowledge.org/resource/Oakland_Plantation_(Carvers,_North_Carolina)	Oakland Plantation (Carvers, North Carolina)	http://yago-knowledge.org/resource/hasWikipediaAnchorText	null	Carvers, North Carolina	http://www.w3.org/1999/02/22-rdf-syntax-ns#langString	
http://yago-knowledge.org/resource/Oakland_Plantation_(Carvers,_North_Carolina)	Oakland Plantation (Carvers, North Carolina)	http://yago-knowledge.org/resource/hasWikipediaAnchorText	null	Flemish bond	http://www.w3.org/1999/02/22-rdf-syntax-ns#langString	
http://yago-knowledge.org/resource/Oakland_Plantation_(Carvers,_North_Carolina)	Oakland Plantation (Carvers, North Carolina)	http://yago-knowledge.org/resource/hasWikipediaAnchorText	null	List of Registered Historic Places in North Carolina	http://www.w3.org/1999/02/22-rdf-syntax-ns#langString	
http://yago-knowledge.org/resource/Oakland_Plantation_(Carvers,_North_Carolina)	Oakland Plantation (Carvers, North Carolina)	http://yago-knowledge.org/resource/hasWikipediaAnchorText	null	National Register of Historic Places	http://www.w3.org/1999/02/22-rdf-syntax-ns#langString	
http://yago-knowledge.org/resource/Oakland_Plantation_(Carvers,_North_Carolina)	Oakland Plantation (Carvers, North Carolina)	http://yago-knowledge.org/resource/hasWikipediaAnchorText	null	North Carolina	http://www.w3.org/1999/02/22-rdf-syntax-ns#langString	
http://yago-knowledge.org/resource/Oakland_Plantation_(Carvers,_North_Carolina)	Oakland Plantation (Carvers, North Carolina)	http://yago-knowledge.org/resource/hasWikipediaAnchorText	null	ballast	http://www.w3.org/1999/02/22-rdf-syntax-ns#langString	
http://yago-knowledge.org/resource/Oakland_Plantation_(Carvers,_North_Carolina)	Oakland Plantation (Carvers, North Carolina)	http://yago-knowledge.org/resource/hasWikipediaArticleLength	null	1631	http://www.w3.org/2001/XMLSchema#integer	
http://yago-knowledge.org/resource/Oakland_Plantation_(Carvers,_North_Carolina)	Oakland Plantation (Carvers, North Carolina)	http://yago-knowledge.org/resource/hasWikipediaUrl	null	http://en.wikipedia.org/wiki/Oakland_Plantation_%28Carvers%2C_North_Carolina%29	uri	null
http://yago-knowledge.org/resource/Oakland_Plantation_(Carvers,_North_Carolina)	Oakland Plantation (Carvers, North Carolina)	http://yago-knowledge.org/resource/linksTo	null	http://yago-knowledge.org/resource/American_Revolutionary_War	entity	American Revolutionary War
http://yago-knowledge.org/resource/Oakland_Plantation_(Carvers,_North_Carolina)	Oakland Plantation (Carvers, North Carolina)	http://yago-knowledge.org/resource/linksTo	null	http://yago-knowledge.org/resource/Bladen_County,_North_Carolina	entity	Bladen County, North Carolina
http://yago-knowledge.org/resource/Oakland_Plantation_(Carvers,_North_Carolina)	Oakland Plantation (Carvers, North Carolina)	http://yago-knowledge.org/resource/linksTo	null	http://yago-knowledge.org/resource/Cape_Fear_River	entity	Cape Fear River
http://yago-knowledge.org/resource/Oakland_Plantation_(Carvers,_North_Carolina)	Oakland Plantation (Carvers, North Carolina)	http://yago-knowledge.org/resource/linksTo	null	http://yago-knowledge.org/resource/National_Register_of_Historic_Places	entity	National Register of Historic Places
http://yago-knowledge.org/resource/Oakland_Plantation_(Carvers,_North_Carolina)	Oakland Plantation (Carvers, North Carolina)	http://yago-knowledge.org/resource/linksTo	null	http://yago-knowledge.org/resource/North_Carolina	entity	North Carolina
http://yago-knowledge.org/resource/Oakland_Plantation_(Carvers,_North_Carolina)	Oakland Plantation (Carvers, North Carolina)	http://yago-knowledge.org/resource/linksTo	null	http://yago-knowledge.org/resource/Sailing_ballast	entity	Sailing ballast
http://yago-knowledge.org/resource/Oakland_Plantation_(Carvers,_North_Carolina)	Oakland Plantation (Carvers, North Carolina)	http://yago-knowledge.org/resource/wasCreatedOnDate	startDate	1780-01-01	http://www.w3.org/2001/XMLSchema#date	
