sub	subl	prop	propl	obj	obj_t	obj_l
http://www.wikidata.org/entity/Q7073953	Oakland	http://schema.org/description	description	historic home located at Parkersburg, Wood County, West Virginia	http://www.w3.org/1999/02/22-rdf-syntax-ns#langString	
http://www.wikidata.org/entity/Q7073953	Oakland	http://www.w3.org/1999/02/22-rdf-syntax-ns#type	type	http://www.wikidata.org/entity/Q41176	entity	building
http://www.wikidata.org/entity/Q7073953	Oakland	http://www.w3.org/1999/02/22-rdf-syntax-ns#type	type	http://www.wikidata.org/ontology#Item	entity	Item
http://www.wikidata.org/entity/Q7073953	Oakland	http://www.w3.org/2000/01/rdf-schema#label	label	Oakland	http://www.w3.org/1999/02/22-rdf-syntax-ns#langString	
http://www.wikidata.org/entity/Q7073953	Oakland	http://www.w3.org/2003/01/geo/wgs84_pos#lat	latitude	39.2644	http://www.w3.org/2001/XMLSchema#float	
http://www.wikidata.org/entity/Q7073953	Oakland	http://www.w3.org/2003/01/geo/wgs84_pos#long	longitude	-81.5433	http://www.w3.org/2001/XMLSchema#float	
http://www.wikidata.org/entity/Q7073953	Oakland	http://www.wikidata.org/entity/P1435c	heritage status	http://www.wikidata.org/entity/Q19558910	entity	place listed on the National Register of Historic Places
http://www.wikidata.org/entity/Q7073953	Oakland	http://www.wikidata.org/entity/P149c	architectural style	http://www.wikidata.org/entity/Q1513688	entity	Greek Revival architecture
http://www.wikidata.org/entity/Q7073953	Oakland	http://www.wikidata.org/entity/P17c	country	http://www.wikidata.org/entity/Q30	entity	United States of America
http://www.wikidata.org/entity/Q7073953	Oakland	http://www.wikidata.org/entity/P18c	image	http://commons.wikimedia.org/wiki/File:Stephenson_House,_Parkersburg,_West_Virginia.jpg	uri	null
http://www.wikidata.org/entity/Q7073953	Oakland	http://www.wikidata.org/entity/P31c	instance of	http://www.wikidata.org/entity/Q41176	entity	building
http://www.wikidata.org/entity/Q7073953	Oakland	http://www.wikidata.org/entity/P649c	NRHP reference number	79002604	http://www.w3.org/2001/XMLSchema#string	
