sub	subl	prop	propl	obj	obj_t	obj_l
http://dbpedia.org/resource/Oakland_Plantation_(Beech_Island,_South_Carolina)	Oakland Plantation (Beech Island, South Carolina)	http://dbpedia.org/ontology/abstract	has abstract	Oakland Plantation, also known as the Wade Glover House, is a historic plantation home located near Beech Island, Aiken County, South Carolina. It was built in 1824-1826, and is a Carolina I-house with minimal mid-19th century and early-20th century additions and alterations. It has a central hall two-over-two floor plan with gable-end chimneys, one-story gallery on the facade, and shed room on the rear elevation. Also on the property are two contributing outbuildings: a frame one-story gable-end dairy house (c. 1850) and a frame one-story gable-end garage (c. 1920). It was listed in the National Register of Historic Places in 2011.	http://www.w3.org/1999/02/22-rdf-syntax-ns#langString	
http://dbpedia.org/resource/Oakland_Plantation_(Beech_Island,_South_Carolina)	Oakland Plantation (Beech Island, South Carolina)	http://dbpedia.org/ontology/added	added	2011-08-19	http://www.w3.org/2001/XMLSchema#date	
http://dbpedia.org/resource/Oakland_Plantation_(Beech_Island,_South_Carolina)	Oakland Plantation (Beech Island, South Carolina)	http://dbpedia.org/ontology/architecturalStyle	architectural style	http://dbpedia.org/resource/I-house	entity	I-house
http://dbpedia.org/resource/Oakland_Plantation_(Beech_Island,_South_Carolina)	Oakland Plantation (Beech Island, South Carolina)	http://dbpedia.org/ontology/area	area (m2)	20477.1	http://www.w3.org/2001/XMLSchema#double	
http://dbpedia.org/resource/Oakland_Plantation_(Beech_Island,_South_Carolina)	Oakland Plantation (Beech Island, South Carolina)	http://dbpedia.org/ontology/location	location	http://dbpedia.org/resource/Beech_Island,_South_Carolina	entity	Beech Island, South Carolina
http://dbpedia.org/resource/Oakland_Plantation_(Beech_Island,_South_Carolina)	Oakland Plantation (Beech Island, South Carolina)	http://dbpedia.org/ontology/nrhpReferenceNumber	NRHP Reference Number	10001219	http://www.w3.org/2001/XMLSchema#string	
http://dbpedia.org/resource/Oakland_Plantation_(Beech_Island,_South_Carolina)	Oakland Plantation (Beech Island, South Carolina)	http://dbpedia.org/ontology/thumbnail	thumbnail	http://commons.wikimedia.org/wiki/Special:FilePath/Oakland_Plantation.jpg?width=300	uri	null
http://dbpedia.org/resource/Oakland_Plantation_(Beech_Island,_South_Carolina)	Oakland Plantation (Beech Island, South Carolina)	http://dbpedia.org/ontology/wikiPageID	Wikipage page ID	42099143	http://www.w3.org/2001/XMLSchema#integer	
http://dbpedia.org/resource/Oakland_Plantation_(Beech_Island,_South_Carolina)	Oakland Plantation (Beech Island, South Carolina)	http://dbpedia.org/ontology/wikiPageLength	page length (characters) of wiki page	2625	http://www.w3.org/2001/XMLSchema#nonNegativeInteger	
http://dbpedia.org/resource/Oakland_Plantation_(Beech_Island,_South_Carolina)	Oakland Plantation (Beech Island, South Carolina)	http://dbpedia.org/ontology/wikiPageOutDegree	Wiki page out degree	10	http://www.w3.org/2001/XMLSchema#nonNegativeInteger	
http://dbpedia.org/resource/Oakland_Plantation_(Beech_Island,_South_Carolina)	Oakland Plantation (Beech Island, South Carolina)	http://dbpedia.org/ontology/wikiPageRevisionID	Wikipage revision ID	726293064	http://www.w3.org/2001/XMLSchema#integer	
http://dbpedia.org/resource/Oakland_Plantation_(Beech_Island,_South_Carolina)	Oakland Plantation (Beech Island, South Carolina)	http://dbpedia.org/ontology/yearOfConstruction	year of construction	1824	http://www.w3.org/2001/XMLSchema#gYear	
http://dbpedia.org/resource/Oakland_Plantation_(Beech_Island,_South_Carolina)	Oakland Plantation (Beech Island, South Carolina)	http://purl.org/dc/terms/subject	Subject	http://dbpedia.org/resource/Category:1826_establishments_in_South_Carolina	entity	1826 establishments in South Carolina
http://dbpedia.org/resource/Oakland_Plantation_(Beech_Island,_South_Carolina)	Oakland Plantation (Beech Island, South Carolina)	http://purl.org/dc/terms/subject	Subject	http://dbpedia.org/resource/Category:Houses_completed_in_1826	entity	Houses completed in 1826
http://dbpedia.org/resource/Oakland_Plantation_(Beech_Island,_South_Carolina)	Oakland Plantation (Beech Island, South Carolina)	http://purl.org/dc/terms/subject	Subject	http://dbpedia.org/resource/Category:Houses_in_Aiken_County,_South_Carolina	entity	Houses in Aiken County, South Carolina
http://dbpedia.org/resource/Oakland_Plantation_(Beech_Island,_South_Carolina)	Oakland Plantation (Beech Island, South Carolina)	http://purl.org/dc/terms/subject	Subject	http://dbpedia.org/resource/Category:Houses_on_the_National_Register_of_Historic_Places_in_South_Carolina	entity	Houses on the National Register of Historic Places in South Carolina
http://dbpedia.org/resource/Oakland_Plantation_(Beech_Island,_South_Carolina)	Oakland Plantation (Beech Island, South Carolina)	http://purl.org/dc/terms/subject	Subject	http://dbpedia.org/resource/Category:National_Register_of_Historic_Places_in_Aiken_County,_South_Carolina	entity	National Register of Historic Places in Aiken County, South Carolina
http://dbpedia.org/resource/Oakland_Plantation_(Beech_Island,_South_Carolina)	Oakland Plantation (Beech Island, South Carolina)	http://www.georss.org/georss/point	null	33.44972222222222 -80.83805555555556	http://www.w3.org/2001/XMLSchema#string	
http://dbpedia.org/resource/Oakland_Plantation_(Beech_Island,_South_Carolina)	Oakland Plantation (Beech Island, South Carolina)	http://www.w3.org/1999/02/22-rdf-syntax-ns#type	type	http://dbpedia.org/ontology/ArchitecturalStructure	entity	architectural structure
http://dbpedia.org/resource/Oakland_Plantation_(Beech_Island,_South_Carolina)	Oakland Plantation (Beech Island, South Carolina)	http://www.w3.org/1999/02/22-rdf-syntax-ns#type	type	http://dbpedia.org/ontology/Building	entity	building
http://dbpedia.org/resource/Oakland_Plantation_(Beech_Island,_South_Carolina)	Oakland Plantation (Beech Island, South Carolina)	http://www.w3.org/1999/02/22-rdf-syntax-ns#type	type	http://dbpedia.org/ontology/Location	uri	null
http://dbpedia.org/resource/Oakland_Plantation_(Beech_Island,_South_Carolina)	Oakland Plantation (Beech Island, South Carolina)	http://www.w3.org/1999/02/22-rdf-syntax-ns#type	type	http://dbpedia.org/ontology/Place	entity	place
http://dbpedia.org/resource/Oakland_Plantation_(Beech_Island,_South_Carolina)	Oakland Plantation (Beech Island, South Carolina)	http://www.w3.org/1999/02/22-rdf-syntax-ns#type	type	http://schema.org/Place	entity	Place
http://dbpedia.org/resource/Oakland_Plantation_(Beech_Island,_South_Carolina)	Oakland Plantation (Beech Island, South Carolina)	http://www.w3.org/1999/02/22-rdf-syntax-ns#type	type	http://www.w3.org/2002/07/owl#Thing	entity	Thing
http://dbpedia.org/resource/Oakland_Plantation_(Beech_Island,_South_Carolina)	Oakland Plantation (Beech Island, South Carolina)	http://www.w3.org/1999/02/22-rdf-syntax-ns#type	type	http://www.w3.org/2003/01/geo/wgs84_pos#SpatialThing	entity	Spatial Thing
http://dbpedia.org/resource/Oakland_Plantation_(Beech_Island,_South_Carolina)	Oakland Plantation (Beech Island, South Carolina)	http://www.w3.org/1999/02/22-rdf-syntax-ns#type	type	http://www.wikidata.org/entity/Q41176	entity	building
http://dbpedia.org/resource/Oakland_Plantation_(Beech_Island,_South_Carolina)	Oakland Plantation (Beech Island, South Carolina)	http://www.w3.org/2000/01/rdf-schema#comment	comment	Oakland Plantation, also known as the Wade Glover House, is a historic plantation home located near Beech Island, Aiken County, South Carolina. It was built in 1824-1826, and is a Carolina I-house with minimal mid-19th century and early-20th century additions and alterations. It has a central hall two-over-two floor plan with gable-end chimneys, one-story gallery on the facade, and shed room on the rear elevation. Also on the property are two contributing outbuildings: a frame one-story gable-end dairy house (c. 1850) and a frame one-story gable-end garage (c. 1920).	http://www.w3.org/1999/02/22-rdf-syntax-ns#langString	
http://dbpedia.org/resource/Oakland_Plantation_(Beech_Island,_South_Carolina)	Oakland Plantation (Beech Island, South Carolina)	http://www.w3.org/2000/01/rdf-schema#label	label	Oakland Plantation (Beech Island, South Carolina)	http://www.w3.org/1999/02/22-rdf-syntax-ns#langString	
http://dbpedia.org/resource/Oakland_Plantation_(Beech_Island,_South_Carolina)	Oakland Plantation (Beech Island, South Carolina)	http://www.w3.org/2002/07/owl#sameAs	sameAs	http://dbpedia.org/resource/Oakland_Plantation_(Beech_Island,_South_Carolina)	entity	Oakland Plantation (Beech Island, South Carolina)
http://dbpedia.org/resource/Oakland_Plantation_(Beech_Island,_South_Carolina)	Oakland Plantation (Beech Island, South Carolina)	http://www.w3.org/2002/07/owl#sameAs	sameAs	http://rdf.freebase.com/ns/m.0_x7l7r	entity	Oakland Plantation
http://dbpedia.org/resource/Oakland_Plantation_(Beech_Island,_South_Carolina)	Oakland Plantation (Beech Island, South Carolina)	http://www.w3.org/2002/07/owl#sameAs	sameAs	http://www.wikidata.org/entity/Q16896063	entity	Oakland Plantation (Beech Island, South Carolina)
http://dbpedia.org/resource/Oakland_Plantation_(Beech_Island,_South_Carolina)	Oakland Plantation (Beech Island, South Carolina)	http://www.w3.org/2003/01/geo/wgs84_pos#lat	latitude	33.4497	http://www.w3.org/2001/XMLSchema#float	
http://dbpedia.org/resource/Oakland_Plantation_(Beech_Island,_South_Carolina)	Oakland Plantation (Beech Island, South Carolina)	http://www.w3.org/2003/01/geo/wgs84_pos#long	longtitude	-80.8381	http://www.w3.org/2001/XMLSchema#float	
http://dbpedia.org/resource/Oakland_Plantation_(Beech_Island,_South_Carolina)	Oakland Plantation (Beech Island, South Carolina)	http://www.w3.org/ns/prov#wasDerivedFrom	wasDerivedFrom	http://en.wikipedia.org/wiki/Oakland_Plantation_(Beech_Island,_South_Carolina)?oldid=726293064	uri	null
http://dbpedia.org/resource/Oakland_Plantation_(Beech_Island,_South_Carolina)	Oakland Plantation (Beech Island, South Carolina)	http://xmlns.com/foaf/0.1/depiction	depiction	http://commons.wikimedia.org/wiki/Special:FilePath/Oakland_Plantation.jpg	uri	null
http://dbpedia.org/resource/Oakland_Plantation_(Beech_Island,_South_Carolina)	Oakland Plantation (Beech Island, South Carolina)	http://xmlns.com/foaf/0.1/isPrimaryTopicOf	is primary topic of	http://en.wikipedia.org/wiki/Oakland_Plantation_(Beech_Island,_South_Carolina)	uri	null
http://dbpedia.org/resource/Oakland_Plantation_(Beech_Island,_South_Carolina)	Oakland Plantation (Beech Island, South Carolina)	http://xmlns.com/foaf/0.1/name	name	Oakland Plantation	http://www.w3.org/1999/02/22-rdf-syntax-ns#langString	
