sub	subl	prop	propl	obj	obj_t	obj_l
http://rdf.freebase.com/ns/m.0_x7l7r	Oakland Plantation	http://rdf.freebase.com/key/dataworld.freeq	freeq	job_f65d4108-1222-4bb4-8297-92ad701a1241_var_en_wikipedia_org_wiki_Oakland_Plantation_(Beech_Island,_South_Carolina)	http://www.w3.org/2001/XMLSchema#string	
http://rdf.freebase.com/ns/m.0_x7l7r	Oakland Plantation	http://rdf.freebase.com/key/wikipedia.en	en	Oakland_Plantation_(Beech_Island,_South_Carolina)	http://www.w3.org/2001/XMLSchema#string	
http://rdf.freebase.com/ns/m.0_x7l7r	Oakland Plantation	http://rdf.freebase.com/key/wikipedia.en_id	en_id	42099143	http://www.w3.org/2001/XMLSchema#string	
http://rdf.freebase.com/ns/m.0_x7l7r	Oakland Plantation	http://rdf.freebase.com/key/wikipedia.en_title	en_title	Oakland_Plantation_(Beech_Island,_South_Carolina)	http://www.w3.org/2001/XMLSchema#string	
http://rdf.freebase.com/ns/m.0_x7l7r	Oakland Plantation	http://rdf.freebase.com/ns/architecture.structure.architectural_style	Architectural Style	http://rdf.freebase.com/ns/m.0c7mpc	entity	I-house
http://rdf.freebase.com/ns/m.0_x7l7r	Oakland Plantation	http://rdf.freebase.com/ns/common.topic.alias	Also known as	Wade Glover House	http://www.w3.org/1999/02/22-rdf-syntax-ns#langString	
http://rdf.freebase.com/ns/m.0_x7l7r	Oakland Plantation	http://rdf.freebase.com/ns/common.topic.description	Description	Oakland Plantation, also known as the Wade Glover House, is a historic plantation home located near Beech Island, Aiken County, South Carolina. It was built in 1824-1826, and is a Carolina I-house with minimal mid-19th century and early-20th century additions and alterations. It has a central hall two-over-two floor plan with gable-end chimneys, one-story gallery on the facade, and shed room on the rear elevation. Also on the property are two contributing outbuildings: a frame one-story gable-end dairy house and a frame one-story gable-end garage. It was listed in the National Register of Historic Places in 2011.	http://www.w3.org/1999/02/22-rdf-syntax-ns#langString	
http://rdf.freebase.com/ns/m.0_x7l7r	Oakland Plantation	http://rdf.freebase.com/ns/common.topic.notable_for	Notable for	National Register of Historic Places Location	http://www.w3.org/1999/02/22-rdf-syntax-ns#langString	
http://rdf.freebase.com/ns/m.0_x7l7r	Oakland Plantation	http://rdf.freebase.com/ns/common.topic.notable_types	Notable types	http://rdf.freebase.com/ns/m.01xljym	entity	Building
http://rdf.freebase.com/ns/m.0_x7l7r	Oakland Plantation	http://rdf.freebase.com/ns/common.topic.topic_equivalent_webpage	Topic equivalent webpage	http://en.wikipedia.org/wiki/Oakland_Plantation_(Beech_Island,_South_Carolina)	uri	null
http://rdf.freebase.com/ns/m.0_x7l7r	Oakland Plantation	http://rdf.freebase.com/ns/common.topic.topic_equivalent_webpage	Topic equivalent webpage	http://en.wikipedia.org/wiki/index.html?curid=42099143	uri	null
http://rdf.freebase.com/ns/m.0_x7l7r	Oakland Plantation	http://rdf.freebase.com/ns/kg.object_profile.prominent_type	prominent type	http://rdf.freebase.com/ns/architecture.building	entity	Building
http://rdf.freebase.com/ns/m.0_x7l7r	Oakland Plantation	http://rdf.freebase.com/ns/location.location.containedby	Contained by	http://rdf.freebase.com/ns/m.06yxd	entity	South Carolina
http://rdf.freebase.com/ns/m.0_x7l7r	Oakland Plantation	http://rdf.freebase.com/ns/location.location.containedby	Contained by	http://rdf.freebase.com/ns/m.09c7w0	entity	United States of America
http://rdf.freebase.com/ns/m.0_x7l7r	Oakland Plantation	http://rdf.freebase.com/ns/location.location.containedby	Contained by	http://rdf.freebase.com/ns/m.0mw4c	entity	Aiken County
http://rdf.freebase.com/ns/m.0_x7l7r	Oakland Plantation	http://rdf.freebase.com/ns/protected_sites.listed_site.designation_as_natural_or_cultural_site	Designation as Natural or Cultural Site	http://rdf.freebase.com/ns/m.0_z78cr	uri	null
http://rdf.freebase.com/ns/m.0_x7l7r	Oakland Plantation	http://rdf.freebase.com/ns/type.object.key	Key	/dataworld/freeq/job_f65d4108-1222-4bb4-8297-92ad701a1241_var_en_wikipedia_org_wiki_Oakland_Plantation_(Beech_Island,_South_Carolina)	http://www.w3.org/2001/XMLSchema#string	
http://rdf.freebase.com/ns/m.0_x7l7r	Oakland Plantation	http://rdf.freebase.com/ns/type.object.key	Key	/wikipedia/en/Oakland_Plantation_(Beech_Island,_South_Carolina)	http://www.w3.org/2001/XMLSchema#string	
http://rdf.freebase.com/ns/m.0_x7l7r	Oakland Plantation	http://rdf.freebase.com/ns/type.object.key	Key	/wikipedia/en_id/42099143	http://www.w3.org/2001/XMLSchema#string	
http://rdf.freebase.com/ns/m.0_x7l7r	Oakland Plantation	http://rdf.freebase.com/ns/type.object.key	Key	/wikipedia/en_title/Oakland_Plantation_(Beech_Island,_South_Carolina)	http://www.w3.org/2001/XMLSchema#string	
http://rdf.freebase.com/ns/m.0_x7l7r	Oakland Plantation	http://rdf.freebase.com/ns/type.object.name	Name	Oakland Plantation	http://www.w3.org/1999/02/22-rdf-syntax-ns#langString	
http://rdf.freebase.com/ns/m.0_x7l7r	Oakland Plantation	http://rdf.freebase.com/ns/type.object.type	Type	http://rdf.freebase.com/ns/architecture.building	entity	Building
http://rdf.freebase.com/ns/m.0_x7l7r	Oakland Plantation	http://rdf.freebase.com/ns/type.object.type	Type	http://rdf.freebase.com/ns/architecture.structure	entity	Structure
http://rdf.freebase.com/ns/m.0_x7l7r	Oakland Plantation	http://rdf.freebase.com/ns/type.object.type	Type	http://rdf.freebase.com/ns/base.type_ontology.inanimate	entity	Inanimate
http://rdf.freebase.com/ns/m.0_x7l7r	Oakland Plantation	http://rdf.freebase.com/ns/type.object.type	Type	http://rdf.freebase.com/ns/base.type_ontology.non_agent	entity	Non-Agent
http://rdf.freebase.com/ns/m.0_x7l7r	Oakland Plantation	http://rdf.freebase.com/ns/type.object.type	Type	http://rdf.freebase.com/ns/base.type_ontology.physically_instantiable	entity	Physically Instantiable
http://rdf.freebase.com/ns/m.0_x7l7r	Oakland Plantation	http://rdf.freebase.com/ns/type.object.type	Type	http://rdf.freebase.com/ns/common.topic	entity	Topic
http://rdf.freebase.com/ns/m.0_x7l7r	Oakland Plantation	http://rdf.freebase.com/ns/type.object.type	Type	http://rdf.freebase.com/ns/location.location	entity	Location
http://rdf.freebase.com/ns/m.0_x7l7r	Oakland Plantation	http://rdf.freebase.com/ns/type.object.type	Type	http://rdf.freebase.com/ns/protected_sites.listed_site	entity	Listed Site
http://rdf.freebase.com/ns/m.0_x7l7r	Oakland Plantation	http://www.w3.org/1999/02/22-rdf-syntax-ns#type	type	http://rdf.freebase.com/ns/architecture.building	entity	Building
http://rdf.freebase.com/ns/m.0_x7l7r	Oakland Plantation	http://www.w3.org/1999/02/22-rdf-syntax-ns#type	type	http://rdf.freebase.com/ns/architecture.structure	entity	Structure
http://rdf.freebase.com/ns/m.0_x7l7r	Oakland Plantation	http://www.w3.org/1999/02/22-rdf-syntax-ns#type	type	http://rdf.freebase.com/ns/base.type_ontology.inanimate	entity	Inanimate
http://rdf.freebase.com/ns/m.0_x7l7r	Oakland Plantation	http://www.w3.org/1999/02/22-rdf-syntax-ns#type	type	http://rdf.freebase.com/ns/base.type_ontology.non_agent	entity	Non-Agent
http://rdf.freebase.com/ns/m.0_x7l7r	Oakland Plantation	http://www.w3.org/1999/02/22-rdf-syntax-ns#type	type	http://rdf.freebase.com/ns/base.type_ontology.physically_instantiable	entity	Physically Instantiable
http://rdf.freebase.com/ns/m.0_x7l7r	Oakland Plantation	http://www.w3.org/1999/02/22-rdf-syntax-ns#type	type	http://rdf.freebase.com/ns/common.topic	entity	Topic
http://rdf.freebase.com/ns/m.0_x7l7r	Oakland Plantation	http://www.w3.org/1999/02/22-rdf-syntax-ns#type	type	http://rdf.freebase.com/ns/location.location	entity	Location
http://rdf.freebase.com/ns/m.0_x7l7r	Oakland Plantation	http://www.w3.org/1999/02/22-rdf-syntax-ns#type	type	http://rdf.freebase.com/ns/protected_sites.listed_site	entity	Listed Site
http://rdf.freebase.com/ns/m.0_x7l7r	Oakland Plantation	http://www.w3.org/2000/01/rdf-schema#label	label	Oakland Plantation	http://www.w3.org/1999/02/22-rdf-syntax-ns#langString	
http://rdf.freebase.com/ns/m.0_x7l7r	Oakland Plantation	http://www.w3.org/2003/01/geo/wgs84_pos#lat	latitude	33.449722	http://www.w3.org/2001/XMLSchema#float	
http://rdf.freebase.com/ns/m.0_x7l7r	Oakland Plantation	http://www.w3.org/2003/01/geo/wgs84_pos#long	longitude	-80.838056	http://www.w3.org/2001/XMLSchema#float	
