sub	subl	prop	propl	obj	obj_t	obj_l
http://www.wikidata.org/entity/Q16896063	Oakland Plantation (Beech Island, South Carolina)	http://www.w3.org/1999/02/22-rdf-syntax-ns#type	type	http://www.wikidata.org/entity/Q41176	entity	building
http://www.wikidata.org/entity/Q16896063	Oakland Plantation (Beech Island, South Carolina)	http://www.w3.org/1999/02/22-rdf-syntax-ns#type	type	http://www.wikidata.org/ontology#Item	entity	Item
http://www.wikidata.org/entity/Q16896063	Oakland Plantation (Beech Island, South Carolina)	http://www.w3.org/2000/01/rdf-schema#label	label	Oakland Plantation (Beech Island, South Carolina)	http://www.w3.org/1999/02/22-rdf-syntax-ns#langString	
http://www.wikidata.org/entity/Q16896063	Oakland Plantation (Beech Island, South Carolina)	http://www.w3.org/2003/01/geo/wgs84_pos#lat	latitude	33.4497	http://www.w3.org/2001/XMLSchema#float	
http://www.wikidata.org/entity/Q16896063	Oakland Plantation (Beech Island, South Carolina)	http://www.w3.org/2003/01/geo/wgs84_pos#long	longitude	-80.8381	http://www.w3.org/2001/XMLSchema#float	
http://www.wikidata.org/entity/Q16896063	Oakland Plantation (Beech Island, South Carolina)	http://www.wikidata.org/entity/P1435c	heritage status	http://www.wikidata.org/entity/Q19558910	entity	place listed on the National Register of Historic Places
http://www.wikidata.org/entity/Q16896063	Oakland Plantation (Beech Island, South Carolina)	http://www.wikidata.org/entity/P17c	country	http://www.wikidata.org/entity/Q30	entity	United States of America
http://www.wikidata.org/entity/Q16896063	Oakland Plantation (Beech Island, South Carolina)	http://www.wikidata.org/entity/P18c	image	http://commons.wikimedia.org/wiki/File:Oakland_Plantation.jpg	uri	null
http://www.wikidata.org/entity/Q16896063	Oakland Plantation (Beech Island, South Carolina)	http://www.wikidata.org/entity/P31c	instance of	http://www.wikidata.org/entity/Q41176	entity	building
http://www.wikidata.org/entity/Q16896063	Oakland Plantation (Beech Island, South Carolina)	http://www.wikidata.org/entity/P649c	NRHP reference number	10001219	http://www.w3.org/2001/XMLSchema#string	
