sub	subl	prop	propl	obj	obj_t	obj_l
http://dbpedia.org/resource/Jasper,_Arkansas	Jasper, Arkansas	http://dbpedia.org/ontology/PopulatedPlace/areaTotal	area total (km2)	1.294994055168	http://dbpedia.org/datatype/squareKilometre	
http://dbpedia.org/resource/Jasper,_Arkansas	Jasper, Arkansas	http://dbpedia.org/ontology/PopulatedPlace/areaTotal	area total (km2)	1.4	http://dbpedia.org/datatype/squareKilometre	
http://dbpedia.org/resource/Jasper,_Arkansas	Jasper, Arkansas	http://dbpedia.org/ontology/PopulatedPlace/populationDensity	population density (/sqkm)	355.7	http://dbpedia.org/datatype/inhabitantsPerSquareKilometre	
http://dbpedia.org/resource/Jasper,_Arkansas	Jasper, Arkansas	http://dbpedia.org/ontology/PopulatedPlace/populationDensity	population density (/sqkm)	384.5577499082761	http://dbpedia.org/datatype/inhabitantsPerSquareKilometre	
http://dbpedia.org/resource/Jasper,_Arkansas	Jasper, Arkansas	http://dbpedia.org/ontology/abstract	has abstract	Jasper is a city in Newton County, Arkansas, United States. The population was 466 at the 2010 census. The city is the county seat of Newton County. Jasper is part of the Harrison Micropolitan Statistical Area.	http://www.w3.org/1999/02/22-rdf-syntax-ns#langString	
http://dbpedia.org/resource/Jasper,_Arkansas	Jasper, Arkansas	http://dbpedia.org/ontology/areaCode	area code	870	http://www.w3.org/2001/XMLSchema#string	
http://dbpedia.org/resource/Jasper,_Arkansas	Jasper, Arkansas	http://dbpedia.org/ontology/areaLand	area land (m2)	1.29499e+06	http://www.w3.org/2001/XMLSchema#double	
http://dbpedia.org/resource/Jasper,_Arkansas	Jasper, Arkansas	http://dbpedia.org/ontology/areaLand	area land (m2)	1.4e+06	http://www.w3.org/2001/XMLSchema#double	
http://dbpedia.org/resource/Jasper,_Arkansas	Jasper, Arkansas	http://dbpedia.org/ontology/areaTotal	area total (m2)	1.29499e+06	http://www.w3.org/2001/XMLSchema#double	
http://dbpedia.org/resource/Jasper,_Arkansas	Jasper, Arkansas	http://dbpedia.org/ontology/areaTotal	area total (m2)	1.4e+06	http://www.w3.org/2001/XMLSchema#double	
http://dbpedia.org/resource/Jasper,_Arkansas	Jasper, Arkansas	http://dbpedia.org/ontology/areaWater	area water (m2)	0.0	http://www.w3.org/2001/XMLSchema#double	
http://dbpedia.org/resource/Jasper,_Arkansas	Jasper, Arkansas	http://dbpedia.org/ontology/country	country	http://dbpedia.org/resource/United_States	entity	United States
http://dbpedia.org/resource/Jasper,_Arkansas	Jasper, Arkansas	http://dbpedia.org/ontology/elevation	elevation (μ)	257.861	http://www.w3.org/2001/XMLSchema#double	
http://dbpedia.org/resource/Jasper,_Arkansas	Jasper, Arkansas	http://dbpedia.org/ontology/elevation	elevation (μ)	258.0	http://www.w3.org/2001/XMLSchema#double	
http://dbpedia.org/resource/Jasper,_Arkansas	Jasper, Arkansas	http://dbpedia.org/ontology/isPartOf	is part of	http://dbpedia.org/resource/Arkansas	entity	Arkansas
http://dbpedia.org/resource/Jasper,_Arkansas	Jasper, Arkansas	http://dbpedia.org/ontology/isPartOf	is part of	http://dbpedia.org/resource/Newton_County,_Arkansas	entity	Newton County, Arkansas
http://dbpedia.org/resource/Jasper,_Arkansas	Jasper, Arkansas	http://dbpedia.org/ontology/populationDensity	population density (/sqkm)	355.7	http://www.w3.org/2001/XMLSchema#double	
http://dbpedia.org/resource/Jasper,_Arkansas	Jasper, Arkansas	http://dbpedia.org/ontology/populationDensity	population density (/sqkm)	384.558	http://www.w3.org/2001/XMLSchema#double	
http://dbpedia.org/resource/Jasper,_Arkansas	Jasper, Arkansas	http://dbpedia.org/ontology/populationTotal	population total	466	http://www.w3.org/2001/XMLSchema#nonNegativeInteger	
http://dbpedia.org/resource/Jasper,_Arkansas	Jasper, Arkansas	http://dbpedia.org/ontology/postalCode	postal code	72641	http://www.w3.org/2001/XMLSchema#string	
http://dbpedia.org/resource/Jasper,_Arkansas	Jasper, Arkansas	http://dbpedia.org/ontology/thumbnail	thumbnail	http://commons.wikimedia.org/wiki/Special:FilePath/Jasper,_Arkansas.jpg?width=300	uri	null
http://dbpedia.org/resource/Jasper,_Arkansas	Jasper, Arkansas	http://dbpedia.org/ontology/timeZone	time zone	http://dbpedia.org/resource/North_American_Central_Time_Zone	entity	North American Central Time Zone
http://dbpedia.org/resource/Jasper,_Arkansas	Jasper, Arkansas	http://dbpedia.org/ontology/type	type	http://dbpedia.org/resource/City	entity	City
http://dbpedia.org/resource/Jasper,_Arkansas	Jasper, Arkansas	http://dbpedia.org/ontology/utcOffset	UTC offset	-5	http://www.w3.org/2001/XMLSchema#string	
http://dbpedia.org/resource/Jasper,_Arkansas	Jasper, Arkansas	http://dbpedia.org/ontology/utcOffset	UTC offset	-6	http://www.w3.org/2001/XMLSchema#string	
http://dbpedia.org/resource/Jasper,_Arkansas	Jasper, Arkansas	http://dbpedia.org/ontology/wikiPageExternalLink	Link from a Wikipage to an external page	http://www.encyclopediaofarkansas.net/encyclopedia/entry-detail.aspx?search=1&entryID=365	uri	null
http://dbpedia.org/resource/Jasper,_Arkansas	Jasper, Arkansas	http://dbpedia.org/ontology/wikiPageExternalLink	Link from a Wikipage to an external page	http://www.jasper.k12.ar.us/index.php	uri	null
http://dbpedia.org/resource/Jasper,_Arkansas	Jasper, Arkansas	http://dbpedia.org/ontology/wikiPageExternalLink	Link from a Wikipage to an external page	http://www.newtoncountyar.com/	uri	null
http://dbpedia.org/resource/Jasper,_Arkansas	Jasper, Arkansas	http://dbpedia.org/ontology/wikiPageExternalLink	Link from a Wikipage to an external page	http://www.newtoncountytimes.com	uri	null
http://dbpedia.org/resource/Jasper,_Arkansas	Jasper, Arkansas	http://dbpedia.org/ontology/wikiPageExternalLink	Link from a Wikipage to an external page	http://www.theozarkmountains.com/	uri	null
http://dbpedia.org/resource/Jasper,_Arkansas	Jasper, Arkansas	http://dbpedia.org/ontology/wikiPageExternalLink	Link from a Wikipage to an external page	http://www2.census.gov/geo/pvs/bas/bas11/st05_ar/incplace/p0534900_jasper/BAS11P10500034900_001.pdf	uri	null
http://dbpedia.org/resource/Jasper,_Arkansas	Jasper, Arkansas	http://dbpedia.org/ontology/wikiPageID	Wikipage page ID	107164	http://www.w3.org/2001/XMLSchema#integer	
http://dbpedia.org/resource/Jasper,_Arkansas	Jasper, Arkansas	http://dbpedia.org/ontology/wikiPageLength	page length (characters) of wiki page	7330	http://www.w3.org/2001/XMLSchema#nonNegativeInteger	
http://dbpedia.org/resource/Jasper,_Arkansas	Jasper, Arkansas	http://dbpedia.org/ontology/wikiPageOutDegree	Wiki page out degree	41	http://www.w3.org/2001/XMLSchema#nonNegativeInteger	
http://dbpedia.org/resource/Jasper,_Arkansas	Jasper, Arkansas	http://dbpedia.org/ontology/wikiPageRevisionID	Wikipage revision ID	728957147	http://www.w3.org/2001/XMLSchema#integer	
http://dbpedia.org/resource/Jasper,_Arkansas	Jasper, Arkansas	http://purl.org/dc/terms/subject	Subject	http://dbpedia.org/resource/Category:Cities_in_Arkansas	entity	Cities in Arkansas
http://dbpedia.org/resource/Jasper,_Arkansas	Jasper, Arkansas	http://purl.org/dc/terms/subject	Subject	http://dbpedia.org/resource/Category:Cities_in_Newton_County,_Arkansas	entity	Cities in Newton County, Arkansas
http://dbpedia.org/resource/Jasper,_Arkansas	Jasper, Arkansas	http://purl.org/dc/terms/subject	Subject	http://dbpedia.org/resource/Category:County_seats_in_Arkansas	entity	County seats in Arkansas
http://dbpedia.org/resource/Jasper,_Arkansas	Jasper, Arkansas	http://purl.org/dc/terms/subject	Subject	http://dbpedia.org/resource/Category:Harrison,_Arkansas_micropolitan_area	entity	Harrison, Arkansas micropolitan area
http://dbpedia.org/resource/Jasper,_Arkansas	Jasper, Arkansas	http://www.georss.org/georss/point	null	36.00861111111111 -93.18555555555555	http://www.w3.org/2001/XMLSchema#string	
http://dbpedia.org/resource/Jasper,_Arkansas	Jasper, Arkansas	http://www.w3.org/1999/02/22-rdf-syntax-ns#type	type	http://dbpedia.org/ontology/City	entity	city
http://dbpedia.org/resource/Jasper,_Arkansas	Jasper, Arkansas	http://www.w3.org/1999/02/22-rdf-syntax-ns#type	type	http://dbpedia.org/ontology/Location	uri	null
http://dbpedia.org/resource/Jasper,_Arkansas	Jasper, Arkansas	http://www.w3.org/1999/02/22-rdf-syntax-ns#type	type	http://dbpedia.org/ontology/Place	entity	place
http://dbpedia.org/resource/Jasper,_Arkansas	Jasper, Arkansas	http://www.w3.org/1999/02/22-rdf-syntax-ns#type	type	http://dbpedia.org/ontology/PopulatedPlace	entity	populated place
http://dbpedia.org/resource/Jasper,_Arkansas	Jasper, Arkansas	http://www.w3.org/1999/02/22-rdf-syntax-ns#type	type	http://dbpedia.org/ontology/Settlement	entity	municipality
http://dbpedia.org/resource/Jasper,_Arkansas	Jasper, Arkansas	http://www.w3.org/1999/02/22-rdf-syntax-ns#type	type	http://schema.org/City	entity	City
http://dbpedia.org/resource/Jasper,_Arkansas	Jasper, Arkansas	http://www.w3.org/1999/02/22-rdf-syntax-ns#type	type	http://schema.org/Place	entity	Place
http://dbpedia.org/resource/Jasper,_Arkansas	Jasper, Arkansas	http://www.w3.org/1999/02/22-rdf-syntax-ns#type	type	http://www.w3.org/2002/07/owl#Thing	entity	Thing
http://dbpedia.org/resource/Jasper,_Arkansas	Jasper, Arkansas	http://www.w3.org/1999/02/22-rdf-syntax-ns#type	type	http://www.w3.org/2003/01/geo/wgs84_pos#SpatialThing	entity	Spatial Thing
http://dbpedia.org/resource/Jasper,_Arkansas	Jasper, Arkansas	http://www.w3.org/1999/02/22-rdf-syntax-ns#type	type	http://www.wikidata.org/entity/Q486972	entity	human settlement
http://dbpedia.org/resource/Jasper,_Arkansas	Jasper, Arkansas	http://www.w3.org/1999/02/22-rdf-syntax-ns#type	type	http://www.wikidata.org/entity/Q515	entity	city
http://dbpedia.org/resource/Jasper,_Arkansas	Jasper, Arkansas	http://www.w3.org/2000/01/rdf-schema#comment	comment	Jasper is a city in Newton County, Arkansas, United States. The population was 466 at the 2010 census. The city is the county seat of Newton County. Jasper is part of the Harrison Micropolitan Statistical Area.	http://www.w3.org/1999/02/22-rdf-syntax-ns#langString	
http://dbpedia.org/resource/Jasper,_Arkansas	Jasper, Arkansas	http://www.w3.org/2000/01/rdf-schema#label	label	Jasper, Arkansas	http://www.w3.org/1999/02/22-rdf-syntax-ns#langString	
http://dbpedia.org/resource/Jasper,_Arkansas	Jasper, Arkansas	http://www.w3.org/2002/07/owl#sameAs	sameAs	http://dbpedia.org/resource/Jasper,_Arkansas	entity	Jasper, Arkansas
http://dbpedia.org/resource/Jasper,_Arkansas	Jasper, Arkansas	http://www.w3.org/2002/07/owl#sameAs	sameAs	http://rdf.freebase.com/ns/m.0qw2j	entity	Jasper
http://dbpedia.org/resource/Jasper,_Arkansas	Jasper, Arkansas	http://www.w3.org/2002/07/owl#sameAs	sameAs	http://sws.geonames.org/4116400/	entity	Jasper
http://dbpedia.org/resource/Jasper,_Arkansas	Jasper, Arkansas	http://www.w3.org/2002/07/owl#sameAs	sameAs	http://www.wikidata.org/entity/Q79592	entity	Jasper
http://dbpedia.org/resource/Jasper,_Arkansas	Jasper, Arkansas	http://www.w3.org/2003/01/geo/wgs84_pos#lat	latitude	36.0086	http://www.w3.org/2001/XMLSchema#float	
http://dbpedia.org/resource/Jasper,_Arkansas	Jasper, Arkansas	http://www.w3.org/2003/01/geo/wgs84_pos#long	longtitude	-93.1856	http://www.w3.org/2001/XMLSchema#float	
http://dbpedia.org/resource/Jasper,_Arkansas	Jasper, Arkansas	http://www.w3.org/ns/prov#wasDerivedFrom	wasDerivedFrom	http://en.wikipedia.org/wiki/Jasper,_Arkansas?oldid=728957147	uri	null
http://dbpedia.org/resource/Jasper,_Arkansas	Jasper, Arkansas	http://xmlns.com/foaf/0.1/depiction	depiction	http://commons.wikimedia.org/wiki/Special:FilePath/Jasper,_Arkansas.jpg	uri	null
http://dbpedia.org/resource/Jasper,_Arkansas	Jasper, Arkansas	http://xmlns.com/foaf/0.1/isPrimaryTopicOf	is primary topic of	http://en.wikipedia.org/wiki/Jasper,_Arkansas	uri	null
http://dbpedia.org/resource/Jasper,_Arkansas	Jasper, Arkansas	http://xmlns.com/foaf/0.1/name	name	Jasper, Arkansas	http://www.w3.org/1999/02/22-rdf-syntax-ns#langString	
