sub	subl	prop	propl	obj	obj_t	obj_l
http://rdf.freebase.com/ns/m.0qw2j	Jasper	http://rdf.freebase.com/key/authority.gnis	gnis	72172	http://www.w3.org/2001/XMLSchema#string	
http://rdf.freebase.com/ns/m.0qw2j	Jasper	http://rdf.freebase.com/key/authority.hud.countyplace	countyplace	0510134900	http://www.w3.org/2001/XMLSchema#string	
http://rdf.freebase.com/ns/m.0qw2j	Jasper	http://rdf.freebase.com/key/authority.nist.fips.55	55	0534900	http://www.w3.org/2001/XMLSchema#string	
http://rdf.freebase.com/ns/m.0qw2j	Jasper	http://rdf.freebase.com/key/base.dspl.us_census.population.place	place	0534900	http://www.w3.org/2001/XMLSchema#string	
http://rdf.freebase.com/ns/m.0qw2j	Jasper	http://rdf.freebase.com/key/en	com/key/en	jasper_arkansas	http://www.w3.org/2001/XMLSchema#string	
http://rdf.freebase.com/ns/m.0qw2j	Jasper	http://rdf.freebase.com/key/wikipedia.en	en	Jasper,_AR	http://www.w3.org/2001/XMLSchema#string	
http://rdf.freebase.com/ns/m.0qw2j	Jasper	http://rdf.freebase.com/key/wikipedia.en	en	Jasper,_Ar	http://www.w3.org/2001/XMLSchema#string	
http://rdf.freebase.com/ns/m.0qw2j	Jasper	http://rdf.freebase.com/key/wikipedia.en	en	Jasper,_Arkansas	http://www.w3.org/2001/XMLSchema#string	
http://rdf.freebase.com/ns/m.0qw2j	Jasper	http://rdf.freebase.com/key/wikipedia.en_id	en_id	107164	http://www.w3.org/2001/XMLSchema#string	
http://rdf.freebase.com/ns/m.0qw2j	Jasper	http://rdf.freebase.com/key/wikipedia.en_title	en_title	Jasper,_Arkansas	http://www.w3.org/2001/XMLSchema#string	
http://rdf.freebase.com/ns/m.0qw2j	Jasper	http://rdf.freebase.com/ns/base.wikipedia_infobox.settlement.area_code	Area code	http://rdf.freebase.com/ns/m.0f9w4v	entity	Area code 870
http://rdf.freebase.com/ns/m.0qw2j	Jasper	http://rdf.freebase.com/ns/common.topic.alias	Also known as	Jasper, Arkansas	http://www.w3.org/1999/02/22-rdf-syntax-ns#langString	
http://rdf.freebase.com/ns/m.0qw2j	Jasper	http://rdf.freebase.com/ns/common.topic.alias	Also known as	Newton County / Jasper city	http://www.w3.org/1999/02/22-rdf-syntax-ns#langString	
http://rdf.freebase.com/ns/m.0qw2j	Jasper	http://rdf.freebase.com/ns/common.topic.article	Article	Jasper is a city in Newton County, Arkansas, United States. The population was 466 at the 2010 census. The city is the county seat of Newton County. Jasper is part of the Harrison Micropolitan Statistical Area. Jasper is located at 36°0′31″N 93°11′8″W﻿ / ﻿36.00861°N 93.18556°W﻿ / 36.00861; -93.18556 (36.008558, -93.185660). According to the United States Census Bureau, the city has a total area of 0.5 square miles (1.3 km), all land. As of the census of 2000, there were 498 people, 231 households, and 115 families residing in the city. The population density was 940.4 people per square mile (362.8/km²). There were 261 housing units at an average density of 492.9/sq mi (190.1/km²). The racial makeup of the city was 99.98% White, 0.01% Native American, 0.01% from other races, and 0.00% from two or more races. 0.00% of the population were Hispanic or Latino of any race. There were 233 households out of which 24.8% had children under the age of 18 living with them, 32.5% were married couples living together, 15.2% had a female householder with no husband present, and 49.8% were non-families. 48.5% of all households were made up of individuals and 27.8% had someone living alone who was	http://www.w3.org/1999/02/22-rdf-syntax-ns#langString	
http://rdf.freebase.com/ns/m.0qw2j	Jasper	http://rdf.freebase.com/ns/common.topic.description	Description	Jasper is a city in Newton County, Arkansas, United States. The population was 466 at the 2010 census. The city is the county seat of Newton County. Jasper is part of the Harrison Micropolitan Statistical Area.	http://www.w3.org/1999/02/22-rdf-syntax-ns#langString	
http://rdf.freebase.com/ns/m.0qw2j	Jasper	http://rdf.freebase.com/ns/common.topic.image	Image	http://rdf.freebase.com/ns/m.0294ckh	entity	Location of Jasper, Arkansas
http://rdf.freebase.com/ns/m.0qw2j	Jasper	http://rdf.freebase.com/ns/common.topic.image	Image	http://rdf.freebase.com/ns/m.05pjwl3	entity	Historic downtown Jasper
http://rdf.freebase.com/ns/m.0qw2j	Jasper	http://rdf.freebase.com/ns/common.topic.notable_for	Notable for	City/Town/Village	http://www.w3.org/1999/02/22-rdf-syntax-ns#langString	
http://rdf.freebase.com/ns/m.0qw2j	Jasper	http://rdf.freebase.com/ns/common.topic.notable_types	Notable types	http://rdf.freebase.com/ns/m.01m9	entity	City/Town/Village
http://rdf.freebase.com/ns/m.0qw2j	Jasper	http://rdf.freebase.com/ns/common.topic.topic_equivalent_webpage	Topic equivalent webpage	http://ar.wikipedia.org/wiki/%2C%27%33%28%31	uri	null
http://rdf.freebase.com/ns/m.0qw2j	Jasper	http://rdf.freebase.com/ns/common.topic.topic_equivalent_webpage	Topic equivalent webpage	http://ar.wikipedia.org/wiki/index.html?curid=820153	uri	null
http://rdf.freebase.com/ns/m.0qw2j	Jasper	http://rdf.freebase.com/ns/common.topic.topic_equivalent_webpage	Topic equivalent webpage	http://ca.wikipedia.org/wiki/Jasper_(Arkansas)	uri	null
http://rdf.freebase.com/ns/m.0qw2j	Jasper	http://rdf.freebase.com/ns/common.topic.topic_equivalent_webpage	Topic equivalent webpage	http://ca.wikipedia.org/wiki/index.html?curid=675045	uri	null
http://rdf.freebase.com/ns/m.0qw2j	Jasper	http://rdf.freebase.com/ns/common.topic.topic_equivalent_webpage	Topic equivalent webpage	http://en.wikipedia.org/wiki/Jasper,_Arkansas	uri	null
http://rdf.freebase.com/ns/m.0qw2j	Jasper	http://rdf.freebase.com/ns/common.topic.topic_equivalent_webpage	Topic equivalent webpage	http://en.wikipedia.org/wiki/index.html?curid=107164	uri	null
http://rdf.freebase.com/ns/m.0qw2j	Jasper	http://rdf.freebase.com/ns/common.topic.topic_equivalent_webpage	Topic equivalent webpage	http://es.wikipedia.org/wiki/Jasper_(Arkansas)	uri	null
http://rdf.freebase.com/ns/m.0qw2j	Jasper	http://rdf.freebase.com/ns/common.topic.topic_equivalent_webpage	Topic equivalent webpage	http://es.wikipedia.org/wiki/index.html?curid=2328184	uri	null
http://rdf.freebase.com/ns/m.0qw2j	Jasper	http://rdf.freebase.com/ns/common.topic.topic_equivalent_webpage	Topic equivalent webpage	http://fa.wikipedia.org/wiki/%2C%27%33%7E%31_(%22%31%A9%27%46%32%27%33)	uri	null
http://rdf.freebase.com/ns/m.0qw2j	Jasper	http://rdf.freebase.com/ns/common.topic.topic_equivalent_webpage	Topic equivalent webpage	http://fa.wikipedia.org/wiki/index.html?curid=2350956	uri	null
http://rdf.freebase.com/ns/m.0qw2j	Jasper	http://rdf.freebase.com/ns/common.topic.topic_equivalent_webpage	Topic equivalent webpage	http://fr.wikipedia.org/wiki/Jasper_(Arkansas)	uri	null
http://rdf.freebase.com/ns/m.0qw2j	Jasper	http://rdf.freebase.com/ns/common.topic.topic_equivalent_webpage	Topic equivalent webpage	http://fr.wikipedia.org/wiki/index.html?curid=757312	uri	null
http://rdf.freebase.com/ns/m.0qw2j	Jasper	http://rdf.freebase.com/ns/common.topic.topic_equivalent_webpage	Topic equivalent webpage	http://geonames.usgs.gov/pls/gnispublic/f?p=gnispq:3:::NO::P3_FID:72172	uri	null
http://rdf.freebase.com/ns/m.0qw2j	Jasper	http://rdf.freebase.com/ns/common.topic.topic_equivalent_webpage	Topic equivalent webpage	http://it.wikipedia.org/wiki/Jasper_(Arkansas)	uri	null
http://rdf.freebase.com/ns/m.0qw2j	Jasper	http://rdf.freebase.com/ns/common.topic.topic_equivalent_webpage	Topic equivalent webpage	http://it.wikipedia.org/wiki/index.html?curid=4374417	uri	null
http://rdf.freebase.com/ns/m.0qw2j	Jasper	http://rdf.freebase.com/ns/common.topic.topic_equivalent_webpage	Topic equivalent webpage	http://nl.wikipedia.org/wiki/Jasper_(Arkansas)	uri	null
http://rdf.freebase.com/ns/m.0qw2j	Jasper	http://rdf.freebase.com/ns/common.topic.topic_equivalent_webpage	Topic equivalent webpage	http://nl.wikipedia.org/wiki/index.html?curid=997672	uri	null
http://rdf.freebase.com/ns/m.0qw2j	Jasper	http://rdf.freebase.com/ns/common.topic.topic_equivalent_webpage	Topic equivalent webpage	http://pl.wikipedia.org/wiki/Jasper_(Arkansas)	uri	null
http://rdf.freebase.com/ns/m.0qw2j	Jasper	http://rdf.freebase.com/ns/common.topic.topic_equivalent_webpage	Topic equivalent webpage	http://pl.wikipedia.org/wiki/index.html?curid=3280226	uri	null
http://rdf.freebase.com/ns/m.0qw2j	Jasper	http://rdf.freebase.com/ns/common.topic.topic_equivalent_webpage	Topic equivalent webpage	http://pt.wikipedia.org/wiki/Jasper_(Arkansas)	uri	null
http://rdf.freebase.com/ns/m.0qw2j	Jasper	http://rdf.freebase.com/ns/common.topic.topic_equivalent_webpage	Topic equivalent webpage	http://pt.wikipedia.org/wiki/index.html?curid=1354607	uri	null
http://rdf.freebase.com/ns/m.0qw2j	Jasper	http://rdf.freebase.com/ns/common.topic.topic_equivalent_webpage	Topic equivalent webpage	http://sr.wikipedia.org/wiki/%0F%30%41%3F%35%40_(%10%40%3A%30%3D%37%30%41)	uri	null
http://rdf.freebase.com/ns/m.0qw2j	Jasper	http://rdf.freebase.com/ns/common.topic.topic_equivalent_webpage	Topic equivalent webpage	http://sr.wikipedia.org/wiki/index.html?curid=757229	uri	null
http://rdf.freebase.com/ns/m.0qw2j	Jasper	http://rdf.freebase.com/ns/common.topic.topic_equivalent_webpage	Topic equivalent webpage	http://vi.wikipedia.org/wiki/Jasper,_Arkansas	uri	null
http://rdf.freebase.com/ns/m.0qw2j	Jasper	http://rdf.freebase.com/ns/common.topic.topic_equivalent_webpage	Topic equivalent webpage	http://vi.wikipedia.org/wiki/index.html?curid=1581583	uri	null
http://rdf.freebase.com/ns/m.0qw2j	Jasper	http://rdf.freebase.com/ns/kg.object_profile.prominent_type	prominent type	http://rdf.freebase.com/ns/location.citytown	entity	City/Town/Village
http://rdf.freebase.com/ns/m.0qw2j	Jasper	http://rdf.freebase.com/ns/location.capital_of_administrative_division.capital_of	Capital of	http://rdf.freebase.com/ns/m.0jvw0wr	entity	Newton County
http://rdf.freebase.com/ns/m.0qw2j	Jasper	http://rdf.freebase.com/ns/location.citytown.postal_codes	Postal codes	http://rdf.freebase.com/ns/m.03dn702	entity	72641
http://rdf.freebase.com/ns/m.0qw2j	Jasper	http://rdf.freebase.com/ns/location.hud_county_place.county	County	http://rdf.freebase.com/ns/m.0p2w0	entity	Newton County
http://rdf.freebase.com/ns/m.0qw2j	Jasper	http://rdf.freebase.com/ns/location.hud_county_place.countyplace_id	County Place ID	0510134900	http://www.w3.org/2001/XMLSchema#string	
http://rdf.freebase.com/ns/m.0qw2j	Jasper	http://rdf.freebase.com/ns/location.hud_county_place.place	Place	http://rdf.freebase.com/ns/m.0qw2j	entity	Jasper
http://rdf.freebase.com/ns/m.0qw2j	Jasper	http://rdf.freebase.com/ns/location.hud_foreclosure_area.bls_unemployment_rate	BLS Unemployment Rate (%)	0.0508	http://www.w3.org/2001/XMLSchema#string	
http://rdf.freebase.com/ns/m.0qw2j	Jasper	http://rdf.freebase.com/ns/location.hud_foreclosure_area.estimated_number_foreclosures	Estimated Number of Foreclosures	9	http://www.w3.org/2001/XMLSchema#string	
http://rdf.freebase.com/ns/m.0qw2j	Jasper	http://rdf.freebase.com/ns/location.hud_foreclosure_area.estimated_number_of_mortgages	Estimated Number of Mortgages	130	http://www.w3.org/2001/XMLSchema#string	
http://rdf.freebase.com/ns/m.0qw2j	Jasper	http://rdf.freebase.com/ns/location.hud_foreclosure_area.hhuniv	Household Count	231	http://www.w3.org/2001/XMLSchema#string	
http://rdf.freebase.com/ns/m.0qw2j	Jasper	http://rdf.freebase.com/ns/location.hud_foreclosure_area.ofheo_price_change	OFHEO Price Change (%)	0.0	http://www.w3.org/2001/XMLSchema#string	
http://rdf.freebase.com/ns/m.0qw2j	Jasper	http://rdf.freebase.com/ns/location.hud_foreclosure_area.total_90_day_vacant_residential_addresses	90-Day Vacant Residential Addresses	0	http://www.w3.org/2001/XMLSchema#string	
http://rdf.freebase.com/ns/m.0qw2j	Jasper	http://rdf.freebase.com/ns/location.hud_foreclosure_area.total_residential_addresses	Total Residential Addresses	276	http://www.w3.org/2001/XMLSchema#string	
http://rdf.freebase.com/ns/m.0qw2j	Jasper	http://rdf.freebase.com/ns/location.location.area	Area	1.29499405517	http://www.w3.org/2001/XMLSchema#string	
http://rdf.freebase.com/ns/m.0qw2j	Jasper	http://rdf.freebase.com/ns/location.location.containedby	Contained by	http://rdf.freebase.com/ns/m.09c7w0	entity	United States of America
http://rdf.freebase.com/ns/m.0qw2j	Jasper	http://rdf.freebase.com/ns/location.location.containedby	Contained by	http://rdf.freebase.com/ns/m.0p2w0	entity	Newton County
http://rdf.freebase.com/ns/m.0qw2j	Jasper	http://rdf.freebase.com/ns/location.location.containedby	Contained by	http://rdf.freebase.com/ns/m.0vbk	entity	Arkansas
http://rdf.freebase.com/ns/m.0qw2j	Jasper	http://rdf.freebase.com/ns/location.location.gnis_feature_id	GNIS ID	72172	http://www.w3.org/2001/XMLSchema#string	
http://rdf.freebase.com/ns/m.0qw2j	Jasper	http://rdf.freebase.com/ns/location.location.time_zones	Time zone(s)	http://rdf.freebase.com/ns/m.02fqwt	entity	Central Time Zone
http://rdf.freebase.com/ns/m.0qw2j	Jasper	http://rdf.freebase.com/ns/location.statistical_region.population	Population	353	http://www.w3.org/2001/XMLSchema#string	
http://rdf.freebase.com/ns/m.0qw2j	Jasper	http://rdf.freebase.com/ns/location.statistical_region.population	Population	355	http://www.w3.org/2001/XMLSchema#string	
http://rdf.freebase.com/ns/m.0qw2j	Jasper	http://rdf.freebase.com/ns/location.statistical_region.population	Population	358	http://www.w3.org/2001/XMLSchema#string	
http://rdf.freebase.com/ns/m.0qw2j	Jasper	http://rdf.freebase.com/ns/location.statistical_region.population	Population	362	http://www.w3.org/2001/XMLSchema#string	
http://rdf.freebase.com/ns/m.0qw2j	Jasper	http://rdf.freebase.com/ns/location.statistical_region.population	Population	369	http://www.w3.org/2001/XMLSchema#string	
http://rdf.freebase.com/ns/m.0qw2j	Jasper	http://rdf.freebase.com/ns/location.statistical_region.population	Population	429	http://www.w3.org/2001/XMLSchema#string	
http://rdf.freebase.com/ns/m.0qw2j	Jasper	http://rdf.freebase.com/ns/location.statistical_region.population	Population	453	http://www.w3.org/2001/XMLSchema#string	
http://rdf.freebase.com/ns/m.0qw2j	Jasper	http://rdf.freebase.com/ns/location.statistical_region.population	Population	458	http://www.w3.org/2001/XMLSchema#string	
http://rdf.freebase.com/ns/m.0qw2j	Jasper	http://rdf.freebase.com/ns/location.statistical_region.population	Population	461	http://www.w3.org/2001/XMLSchema#string	
http://rdf.freebase.com/ns/m.0qw2j	Jasper	http://rdf.freebase.com/ns/location.statistical_region.population	Population	464	http://www.w3.org/2001/XMLSchema#string	
http://rdf.freebase.com/ns/m.0qw2j	Jasper	http://rdf.freebase.com/ns/location.statistical_region.population	Population	466	http://www.w3.org/2001/XMLSchema#string	
http://rdf.freebase.com/ns/m.0qw2j	Jasper	http://rdf.freebase.com/ns/location.statistical_region.population	Population	475	http://www.w3.org/2001/XMLSchema#string	
http://rdf.freebase.com/ns/m.0qw2j	Jasper	http://rdf.freebase.com/ns/location.statistical_region.population	Population	484	http://www.w3.org/2001/XMLSchema#string	
http://rdf.freebase.com/ns/m.0qw2j	Jasper	http://rdf.freebase.com/ns/location.statistical_region.population	Population	490	http://www.w3.org/2001/XMLSchema#string	
http://rdf.freebase.com/ns/m.0qw2j	Jasper	http://rdf.freebase.com/ns/location.statistical_region.population	Population	493	http://www.w3.org/2001/XMLSchema#string	
http://rdf.freebase.com/ns/m.0qw2j	Jasper	http://rdf.freebase.com/ns/location.statistical_region.population	Population	497	http://www.w3.org/2001/XMLSchema#string	
http://rdf.freebase.com/ns/m.0qw2j	Jasper	http://rdf.freebase.com/ns/location.statistical_region.population	Population	500	http://www.w3.org/2001/XMLSchema#string	
http://rdf.freebase.com/ns/m.0qw2j	Jasper	http://rdf.freebase.com/ns/location.statistical_region.population	Population	502	http://www.w3.org/2001/XMLSchema#string	
http://rdf.freebase.com/ns/m.0qw2j	Jasper	http://rdf.freebase.com/ns/location.statistical_region.population	Population	505	http://www.w3.org/2001/XMLSchema#string	
http://rdf.freebase.com/ns/m.0qw2j	Jasper	http://rdf.freebase.com/ns/location.statistical_region.population	Population	508	http://www.w3.org/2001/XMLSchema#string	
http://rdf.freebase.com/ns/m.0qw2j	Jasper	http://rdf.freebase.com/ns/location.statistical_region.population	Population	510	http://www.w3.org/2001/XMLSchema#string	
http://rdf.freebase.com/ns/m.0qw2j	Jasper	http://rdf.freebase.com/ns/location.statistical_region.population	Population	513	http://www.w3.org/2001/XMLSchema#string	
http://rdf.freebase.com/ns/m.0qw2j	Jasper	http://rdf.freebase.com/ns/location.statistical_region.population	Population	544	http://www.w3.org/2001/XMLSchema#string	
http://rdf.freebase.com/ns/m.0qw2j	Jasper	http://rdf.freebase.com/ns/location.statistical_region.population	Population	556	http://www.w3.org/2001/XMLSchema#string	
http://rdf.freebase.com/ns/m.0qw2j	Jasper	http://rdf.freebase.com/ns/topic_server.population_number	population number	353	http://www.w3.org/2001/XMLSchema#string	
http://rdf.freebase.com/ns/m.0qw2j	Jasper	http://rdf.freebase.com/ns/topic_server.population_number	population number	355	http://www.w3.org/2001/XMLSchema#string	
http://rdf.freebase.com/ns/m.0qw2j	Jasper	http://rdf.freebase.com/ns/topic_server.population_number	population number	358	http://www.w3.org/2001/XMLSchema#string	
http://rdf.freebase.com/ns/m.0qw2j	Jasper	http://rdf.freebase.com/ns/topic_server.population_number	population number	362	http://www.w3.org/2001/XMLSchema#string	
http://rdf.freebase.com/ns/m.0qw2j	Jasper	http://rdf.freebase.com/ns/topic_server.population_number	population number	369	http://www.w3.org/2001/XMLSchema#string	
http://rdf.freebase.com/ns/m.0qw2j	Jasper	http://rdf.freebase.com/ns/topic_server.population_number	population number	429	http://www.w3.org/2001/XMLSchema#string	
http://rdf.freebase.com/ns/m.0qw2j	Jasper	http://rdf.freebase.com/ns/topic_server.population_number	population number	453	http://www.w3.org/2001/XMLSchema#string	
http://rdf.freebase.com/ns/m.0qw2j	Jasper	http://rdf.freebase.com/ns/topic_server.population_number	population number	461	http://www.w3.org/2001/XMLSchema#string	
http://rdf.freebase.com/ns/m.0qw2j	Jasper	http://rdf.freebase.com/ns/topic_server.population_number	population number	464	http://www.w3.org/2001/XMLSchema#string	
http://rdf.freebase.com/ns/m.0qw2j	Jasper	http://rdf.freebase.com/ns/topic_server.population_number	population number	466	http://www.w3.org/2001/XMLSchema#string	
http://rdf.freebase.com/ns/m.0qw2j	Jasper	http://rdf.freebase.com/ns/topic_server.population_number	population number	475	http://www.w3.org/2001/XMLSchema#string	
http://rdf.freebase.com/ns/m.0qw2j	Jasper	http://rdf.freebase.com/ns/topic_server.population_number	population number	484	http://www.w3.org/2001/XMLSchema#string	
http://rdf.freebase.com/ns/m.0qw2j	Jasper	http://rdf.freebase.com/ns/topic_server.population_number	population number	490	http://www.w3.org/2001/XMLSchema#string	
http://rdf.freebase.com/ns/m.0qw2j	Jasper	http://rdf.freebase.com/ns/topic_server.population_number	population number	493	http://www.w3.org/2001/XMLSchema#string	
http://rdf.freebase.com/ns/m.0qw2j	Jasper	http://rdf.freebase.com/ns/topic_server.population_number	population number	497	http://www.w3.org/2001/XMLSchema#string	
http://rdf.freebase.com/ns/m.0qw2j	Jasper	http://rdf.freebase.com/ns/topic_server.population_number	population number	500	http://www.w3.org/2001/XMLSchema#string	
http://rdf.freebase.com/ns/m.0qw2j	Jasper	http://rdf.freebase.com/ns/topic_server.population_number	population number	502	http://www.w3.org/2001/XMLSchema#string	
http://rdf.freebase.com/ns/m.0qw2j	Jasper	http://rdf.freebase.com/ns/topic_server.population_number	population number	505	http://www.w3.org/2001/XMLSchema#string	
http://rdf.freebase.com/ns/m.0qw2j	Jasper	http://rdf.freebase.com/ns/topic_server.population_number	population number	508	http://www.w3.org/2001/XMLSchema#string	
http://rdf.freebase.com/ns/m.0qw2j	Jasper	http://rdf.freebase.com/ns/topic_server.population_number	population number	510	http://www.w3.org/2001/XMLSchema#string	
http://rdf.freebase.com/ns/m.0qw2j	Jasper	http://rdf.freebase.com/ns/topic_server.population_number	population number	513	http://www.w3.org/2001/XMLSchema#string	
http://rdf.freebase.com/ns/m.0qw2j	Jasper	http://rdf.freebase.com/ns/topic_server.population_number	population number	544	http://www.w3.org/2001/XMLSchema#string	
http://rdf.freebase.com/ns/m.0qw2j	Jasper	http://rdf.freebase.com/ns/topic_server.population_number	population number	556	http://www.w3.org/2001/XMLSchema#string	
http://rdf.freebase.com/ns/m.0qw2j	Jasper	http://rdf.freebase.com/ns/type.object.key	Key	/authority/gnis/72172	http://www.w3.org/2001/XMLSchema#string	
http://rdf.freebase.com/ns/m.0qw2j	Jasper	http://rdf.freebase.com/ns/type.object.key	Key	/authority/hud/countyplace/0510134900	http://www.w3.org/2001/XMLSchema#string	
http://rdf.freebase.com/ns/m.0qw2j	Jasper	http://rdf.freebase.com/ns/type.object.key	Key	/authority/nist/fips/55/0534900	http://www.w3.org/2001/XMLSchema#string	
http://rdf.freebase.com/ns/m.0qw2j	Jasper	http://rdf.freebase.com/ns/type.object.key	Key	/base/dspl/us_census/population/place/0534900	http://www.w3.org/2001/XMLSchema#string	
http://rdf.freebase.com/ns/m.0qw2j	Jasper	http://rdf.freebase.com/ns/type.object.key	Key	/en/jasper_arkansas	http://www.w3.org/2001/XMLSchema#string	
http://rdf.freebase.com/ns/m.0qw2j	Jasper	http://rdf.freebase.com/ns/type.object.key	Key	/wikipedia/ar/جاسبر	http://www.w3.org/2001/XMLSchema#string	
http://rdf.freebase.com/ns/m.0qw2j	Jasper	http://rdf.freebase.com/ns/type.object.key	Key	/wikipedia/ar/جاسبر_(أركنساس)	http://www.w3.org/2001/XMLSchema#string	
http://rdf.freebase.com/ns/m.0qw2j	Jasper	http://rdf.freebase.com/ns/type.object.key	Key	/wikipedia/ar_id/820153	http://www.w3.org/2001/XMLSchema#string	
http://rdf.freebase.com/ns/m.0qw2j	Jasper	http://rdf.freebase.com/ns/type.object.key	Key	/wikipedia/ar_title/جاسبر	http://www.w3.org/2001/XMLSchema#string	
http://rdf.freebase.com/ns/m.0qw2j	Jasper	http://rdf.freebase.com/ns/type.object.key	Key	/wikipedia/ca/Jasper_(Arkansas)	http://www.w3.org/2001/XMLSchema#string	
http://rdf.freebase.com/ns/m.0qw2j	Jasper	http://rdf.freebase.com/ns/type.object.key	Key	/wikipedia/ca_id/675045	http://www.w3.org/2001/XMLSchema#string	
http://rdf.freebase.com/ns/m.0qw2j	Jasper	http://rdf.freebase.com/ns/type.object.key	Key	/wikipedia/ca_title/Jasper_(Arkansas)	http://www.w3.org/2001/XMLSchema#string	
http://rdf.freebase.com/ns/m.0qw2j	Jasper	http://rdf.freebase.com/ns/type.object.key	Key	/wikipedia/en/Jasper,_AR	http://www.w3.org/2001/XMLSchema#string	
http://rdf.freebase.com/ns/m.0qw2j	Jasper	http://rdf.freebase.com/ns/type.object.key	Key	/wikipedia/en/Jasper,_Ar	http://www.w3.org/2001/XMLSchema#string	
http://rdf.freebase.com/ns/m.0qw2j	Jasper	http://rdf.freebase.com/ns/type.object.key	Key	/wikipedia/en/Jasper,_Arkansas	http://www.w3.org/2001/XMLSchema#string	
http://rdf.freebase.com/ns/m.0qw2j	Jasper	http://rdf.freebase.com/ns/type.object.key	Key	/wikipedia/en_id/107164	http://www.w3.org/2001/XMLSchema#string	
http://rdf.freebase.com/ns/m.0qw2j	Jasper	http://rdf.freebase.com/ns/type.object.key	Key	/wikipedia/en_title/Jasper,_Arkansas	http://www.w3.org/2001/XMLSchema#string	
http://rdf.freebase.com/ns/m.0qw2j	Jasper	http://rdf.freebase.com/ns/type.object.key	Key	/wikipedia/es/Jasper_(Arkansas)	http://www.w3.org/2001/XMLSchema#string	
http://rdf.freebase.com/ns/m.0qw2j	Jasper	http://rdf.freebase.com/ns/type.object.key	Key	/wikipedia/es_id/2328184	http://www.w3.org/2001/XMLSchema#string	
http://rdf.freebase.com/ns/m.0qw2j	Jasper	http://rdf.freebase.com/ns/type.object.key	Key	/wikipedia/es_title/Jasper_(Arkansas)	http://www.w3.org/2001/XMLSchema#string	
http://rdf.freebase.com/ns/m.0qw2j	Jasper	http://rdf.freebase.com/ns/type.object.key	Key	/wikipedia/fa/جاسپر_(آركانزاس)	http://www.w3.org/2001/XMLSchema#string	
http://rdf.freebase.com/ns/m.0qw2j	Jasper	http://rdf.freebase.com/ns/type.object.key	Key	/wikipedia/fa/جاسپر_(آرکانزاس)	http://www.w3.org/2001/XMLSchema#string	
http://rdf.freebase.com/ns/m.0qw2j	Jasper	http://rdf.freebase.com/ns/type.object.key	Key	/wikipedia/fa/جاسپر_(اركانزاس)	http://www.w3.org/2001/XMLSchema#string	
http://rdf.freebase.com/ns/m.0qw2j	Jasper	http://rdf.freebase.com/ns/type.object.key	Key	/wikipedia/fa/جاسپر_(ارکانزاس)	http://www.w3.org/2001/XMLSchema#string	
http://rdf.freebase.com/ns/m.0qw2j	Jasper	http://rdf.freebase.com/ns/type.object.key	Key	/wikipedia/fa_id/2350956	http://www.w3.org/2001/XMLSchema#string	
http://rdf.freebase.com/ns/m.0qw2j	Jasper	http://rdf.freebase.com/ns/type.object.key	Key	/wikipedia/fa_title/جاسپر_(آرکانزاس)	http://www.w3.org/2001/XMLSchema#string	
http://rdf.freebase.com/ns/m.0qw2j	Jasper	http://rdf.freebase.com/ns/type.object.key	Key	/wikipedia/fr/Jasper_(Arkansas)	http://www.w3.org/2001/XMLSchema#string	
http://rdf.freebase.com/ns/m.0qw2j	Jasper	http://rdf.freebase.com/ns/type.object.key	Key	/wikipedia/fr_id/757312	http://www.w3.org/2001/XMLSchema#string	
http://rdf.freebase.com/ns/m.0qw2j	Jasper	http://rdf.freebase.com/ns/type.object.key	Key	/wikipedia/fr_title/Jasper_(Arkansas)	http://www.w3.org/2001/XMLSchema#string	
http://rdf.freebase.com/ns/m.0qw2j	Jasper	http://rdf.freebase.com/ns/type.object.key	Key	/wikipedia/it/Jasper_(Arkansas)	http://www.w3.org/2001/XMLSchema#string	
http://rdf.freebase.com/ns/m.0qw2j	Jasper	http://rdf.freebase.com/ns/type.object.key	Key	/wikipedia/it_id/4374417	http://www.w3.org/2001/XMLSchema#string	
http://rdf.freebase.com/ns/m.0qw2j	Jasper	http://rdf.freebase.com/ns/type.object.key	Key	/wikipedia/it_title/Jasper_(Arkansas)	http://www.w3.org/2001/XMLSchema#string	
http://rdf.freebase.com/ns/m.0qw2j	Jasper	http://rdf.freebase.com/ns/type.object.key	Key	/wikipedia/nl/Jasper_(Arkansas)	http://www.w3.org/2001/XMLSchema#string	
http://rdf.freebase.com/ns/m.0qw2j	Jasper	http://rdf.freebase.com/ns/type.object.key	Key	/wikipedia/nl_id/997672	http://www.w3.org/2001/XMLSchema#string	
http://rdf.freebase.com/ns/m.0qw2j	Jasper	http://rdf.freebase.com/ns/type.object.key	Key	/wikipedia/nl_title/Jasper_(Arkansas)	http://www.w3.org/2001/XMLSchema#string	
http://rdf.freebase.com/ns/m.0qw2j	Jasper	http://rdf.freebase.com/ns/type.object.key	Key	/wikipedia/pl/Jasper_(Arkansas)	http://www.w3.org/2001/XMLSchema#string	
http://rdf.freebase.com/ns/m.0qw2j	Jasper	http://rdf.freebase.com/ns/type.object.key	Key	/wikipedia/pl_id/3280226	http://www.w3.org/2001/XMLSchema#string	
http://rdf.freebase.com/ns/m.0qw2j	Jasper	http://rdf.freebase.com/ns/type.object.key	Key	/wikipedia/pl_title/Jasper_(Arkansas)	http://www.w3.org/2001/XMLSchema#string	
http://rdf.freebase.com/ns/m.0qw2j	Jasper	http://rdf.freebase.com/ns/type.object.key	Key	/wikipedia/pt/Jasper_(Arkansas)	http://www.w3.org/2001/XMLSchema#string	
http://rdf.freebase.com/ns/m.0qw2j	Jasper	http://rdf.freebase.com/ns/type.object.key	Key	/wikipedia/pt_id/1354607	http://www.w3.org/2001/XMLSchema#string	
http://rdf.freebase.com/ns/m.0qw2j	Jasper	http://rdf.freebase.com/ns/type.object.key	Key	/wikipedia/pt_title/Jasper_(Arkansas)	http://www.w3.org/2001/XMLSchema#string	
http://rdf.freebase.com/ns/m.0qw2j	Jasper	http://rdf.freebase.com/ns/type.object.key	Key	/wikipedia/sr/Jasper,_AR	http://www.w3.org/2001/XMLSchema#string	
http://rdf.freebase.com/ns/m.0qw2j	Jasper	http://rdf.freebase.com/ns/type.object.key	Key	/wikipedia/sr/Jasper,_Arkansas	http://www.w3.org/2001/XMLSchema#string	
http://rdf.freebase.com/ns/m.0qw2j	Jasper	http://rdf.freebase.com/ns/type.object.key	Key	/wikipedia/sr/Jasper_(AR)	http://www.w3.org/2001/XMLSchema#string	
http://rdf.freebase.com/ns/m.0qw2j	Jasper	http://rdf.freebase.com/ns/type.object.key	Key	/wikipedia/sr/Jasper_(Arkansas)	http://www.w3.org/2001/XMLSchema#string	
http://rdf.freebase.com/ns/m.0qw2j	Jasper	http://rdf.freebase.com/ns/type.object.key	Key	/wikipedia/sr/Џаспер,_AR	http://www.w3.org/2001/XMLSchema#string	
http://rdf.freebase.com/ns/m.0qw2j	Jasper	http://rdf.freebase.com/ns/type.object.key	Key	/wikipedia/sr/Џаспер,_Арканзас	http://www.w3.org/2001/XMLSchema#string	
http://rdf.freebase.com/ns/m.0qw2j	Jasper	http://rdf.freebase.com/ns/type.object.key	Key	/wikipedia/sr/Џаспер_(AR)	http://www.w3.org/2001/XMLSchema#string	
http://rdf.freebase.com/ns/m.0qw2j	Jasper	http://rdf.freebase.com/ns/type.object.key	Key	/wikipedia/sr/Џаспер_(Арканзас)	http://www.w3.org/2001/XMLSchema#string	
http://rdf.freebase.com/ns/m.0qw2j	Jasper	http://rdf.freebase.com/ns/type.object.key	Key	/wikipedia/sr_id/757229	http://www.w3.org/2001/XMLSchema#string	
http://rdf.freebase.com/ns/m.0qw2j	Jasper	http://rdf.freebase.com/ns/type.object.key	Key	/wikipedia/sr_title/Џаспер_(Арканзас)	http://www.w3.org/2001/XMLSchema#string	
http://rdf.freebase.com/ns/m.0qw2j	Jasper	http://rdf.freebase.com/ns/type.object.key	Key	/wikipedia/vi/Jasper,_Arkansas	http://www.w3.org/2001/XMLSchema#string	
http://rdf.freebase.com/ns/m.0qw2j	Jasper	http://rdf.freebase.com/ns/type.object.key	Key	/wikipedia/vi_id/1581583	http://www.w3.org/2001/XMLSchema#string	
http://rdf.freebase.com/ns/m.0qw2j	Jasper	http://rdf.freebase.com/ns/type.object.key	Key	/wikipedia/vi_title/Jasper,_Arkansas	http://www.w3.org/2001/XMLSchema#string	
http://rdf.freebase.com/ns/m.0qw2j	Jasper	http://rdf.freebase.com/ns/type.object.name	Name	Jasper	http://www.w3.org/1999/02/22-rdf-syntax-ns#langString	
http://rdf.freebase.com/ns/m.0qw2j	Jasper	http://rdf.freebase.com/ns/type.object.type	Type	http://rdf.freebase.com/ns/base.aareas.schema.administrative_area	entity	Administrative Area
http://rdf.freebase.com/ns/m.0qw2j	Jasper	http://rdf.freebase.com/ns/type.object.type	Type	http://rdf.freebase.com/ns/base.aareas.schema.earth.citytown	entity	City/Town/Village
http://rdf.freebase.com/ns/m.0qw2j	Jasper	http://rdf.freebase.com/ns/type.object.type	Type	http://rdf.freebase.com/ns/base.type_ontology.abstract	entity	Abstract
http://rdf.freebase.com/ns/m.0qw2j	Jasper	http://rdf.freebase.com/ns/type.object.type	Type	http://rdf.freebase.com/ns/base.type_ontology.agent	entity	Agent
http://rdf.freebase.com/ns/m.0qw2j	Jasper	http://rdf.freebase.com/ns/type.object.type	Type	http://rdf.freebase.com/ns/base.type_ontology.inanimate	entity	Inanimate
http://rdf.freebase.com/ns/m.0qw2j	Jasper	http://rdf.freebase.com/ns/type.object.type	Type	http://rdf.freebase.com/ns/base.wikipedia_infobox.settlement	entity	Settlement
http://rdf.freebase.com/ns/m.0qw2j	Jasper	http://rdf.freebase.com/ns/type.object.type	Type	http://rdf.freebase.com/ns/common.topic	entity	Topic
http://rdf.freebase.com/ns/m.0qw2j	Jasper	http://rdf.freebase.com/ns/type.object.type	Type	http://rdf.freebase.com/ns/location.capital_of_administrative_division	entity	Capital of administrative division
http://rdf.freebase.com/ns/m.0qw2j	Jasper	http://rdf.freebase.com/ns/type.object.type	Type	http://rdf.freebase.com/ns/location.citytown	entity	City/Town/Village
http://rdf.freebase.com/ns/m.0qw2j	Jasper	http://rdf.freebase.com/ns/type.object.type	Type	http://rdf.freebase.com/ns/location.dated_location	entity	Dated location
http://rdf.freebase.com/ns/m.0qw2j	Jasper	http://rdf.freebase.com/ns/type.object.type	Type	http://rdf.freebase.com/ns/location.hud_county_place	entity	HUD County Place
http://rdf.freebase.com/ns/m.0qw2j	Jasper	http://rdf.freebase.com/ns/type.object.type	Type	http://rdf.freebase.com/ns/location.hud_foreclosure_area	entity	HUD Foreclosure Area
http://rdf.freebase.com/ns/m.0qw2j	Jasper	http://rdf.freebase.com/ns/type.object.type	Type	http://rdf.freebase.com/ns/location.location	entity	Location
http://rdf.freebase.com/ns/m.0qw2j	Jasper	http://rdf.freebase.com/ns/type.object.type	Type	http://rdf.freebase.com/ns/location.statistical_region	entity	Statistical region
http://rdf.freebase.com/ns/m.0qw2j	Jasper	http://www.w3.org/1999/02/22-rdf-syntax-ns#type	type	http://rdf.freebase.com/ns/base.aareas.schema.administrative_area	entity	Administrative Area
http://rdf.freebase.com/ns/m.0qw2j	Jasper	http://www.w3.org/1999/02/22-rdf-syntax-ns#type	type	http://rdf.freebase.com/ns/base.aareas.schema.earth.citytown	entity	City/Town/Village
http://rdf.freebase.com/ns/m.0qw2j	Jasper	http://www.w3.org/1999/02/22-rdf-syntax-ns#type	type	http://rdf.freebase.com/ns/base.type_ontology.abstract	entity	Abstract
http://rdf.freebase.com/ns/m.0qw2j	Jasper	http://www.w3.org/1999/02/22-rdf-syntax-ns#type	type	http://rdf.freebase.com/ns/base.type_ontology.agent	entity	Agent
http://rdf.freebase.com/ns/m.0qw2j	Jasper	http://www.w3.org/1999/02/22-rdf-syntax-ns#type	type	http://rdf.freebase.com/ns/base.type_ontology.inanimate	entity	Inanimate
http://rdf.freebase.com/ns/m.0qw2j	Jasper	http://www.w3.org/1999/02/22-rdf-syntax-ns#type	type	http://rdf.freebase.com/ns/base.wikipedia_infobox.settlement	entity	Settlement
http://rdf.freebase.com/ns/m.0qw2j	Jasper	http://www.w3.org/1999/02/22-rdf-syntax-ns#type	type	http://rdf.freebase.com/ns/common.topic	entity	Topic
http://rdf.freebase.com/ns/m.0qw2j	Jasper	http://www.w3.org/1999/02/22-rdf-syntax-ns#type	type	http://rdf.freebase.com/ns/location.capital_of_administrative_division	entity	Capital of administrative division
http://rdf.freebase.com/ns/m.0qw2j	Jasper	http://www.w3.org/1999/02/22-rdf-syntax-ns#type	type	http://rdf.freebase.com/ns/location.citytown	entity	City/Town/Village
http://rdf.freebase.com/ns/m.0qw2j	Jasper	http://www.w3.org/1999/02/22-rdf-syntax-ns#type	type	http://rdf.freebase.com/ns/location.dated_location	entity	Dated location
http://rdf.freebase.com/ns/m.0qw2j	Jasper	http://www.w3.org/1999/02/22-rdf-syntax-ns#type	type	http://rdf.freebase.com/ns/location.hud_county_place	entity	HUD County Place
http://rdf.freebase.com/ns/m.0qw2j	Jasper	http://www.w3.org/1999/02/22-rdf-syntax-ns#type	type	http://rdf.freebase.com/ns/location.hud_foreclosure_area	entity	HUD Foreclosure Area
http://rdf.freebase.com/ns/m.0qw2j	Jasper	http://www.w3.org/1999/02/22-rdf-syntax-ns#type	type	http://rdf.freebase.com/ns/location.location	entity	Location
http://rdf.freebase.com/ns/m.0qw2j	Jasper	http://www.w3.org/1999/02/22-rdf-syntax-ns#type	type	http://rdf.freebase.com/ns/location.statistical_region	entity	Statistical region
http://rdf.freebase.com/ns/m.0qw2j	Jasper	http://www.w3.org/2000/01/rdf-schema#label	label	Jasper	http://www.w3.org/1999/02/22-rdf-syntax-ns#langString	
http://rdf.freebase.com/ns/m.0qw2j	Jasper	http://www.w3.org/2000/01/rdf-schema#label	label	Jasper	http://www.w3.org/2001/XMLSchema#string	
http://rdf.freebase.com/ns/m.0qw2j	Jasper	http://www.w3.org/2003/01/geo/wgs84_pos#lat	latitude	36.008611	http://www.w3.org/2001/XMLSchema#float	
http://rdf.freebase.com/ns/m.0qw2j	Jasper	http://www.w3.org/2003/01/geo/wgs84_pos#long	longitude	-93.185556	http://www.w3.org/2001/XMLSchema#float	
