sub	subl	prop	propl	obj	obj_t	obj_l
http://www.wikidata.org/entity/Q79592	Jasper	http://schema.org/description	description	city in Newton County, Arkansas, United States	http://www.w3.org/1999/02/22-rdf-syntax-ns#langString	
http://www.wikidata.org/entity/Q79592	Jasper	http://www.w3.org/1999/02/22-rdf-syntax-ns#type	type	http://www.wikidata.org/entity/Q515	entity	city
http://www.wikidata.org/entity/Q79592	Jasper	http://www.w3.org/1999/02/22-rdf-syntax-ns#type	type	http://www.wikidata.org/ontology#Item	entity	Item
http://www.wikidata.org/entity/Q79592	Jasper	http://www.w3.org/2000/01/rdf-schema#label	label	Jasper	http://www.w3.org/1999/02/22-rdf-syntax-ns#langString	
http://www.wikidata.org/entity/Q79592	Jasper	http://www.w3.org/2003/01/geo/wgs84_pos#lat	latitude	36.0086	http://www.w3.org/2001/XMLSchema#float	
http://www.wikidata.org/entity/Q79592	Jasper	http://www.w3.org/2003/01/geo/wgs84_pos#long	longitude	-93.1856	http://www.w3.org/2001/XMLSchema#float	
http://www.wikidata.org/entity/Q79592	Jasper	http://www.wikidata.org/entity/P131c	located in the administrative territorial entity	http://www.wikidata.org/entity/Q61370	entity	Newton County
http://www.wikidata.org/entity/Q79592	Jasper	http://www.wikidata.org/entity/P1566c	GeoNames ID	4116400	http://www.w3.org/2001/XMLSchema#string	
http://www.wikidata.org/entity/Q79592	Jasper	http://www.wikidata.org/entity/P17c	country	http://www.wikidata.org/entity/Q30	entity	United States of America
http://www.wikidata.org/entity/Q79592	Jasper	http://www.wikidata.org/entity/P18c	image	http://commons.wikimedia.org/wiki/File:Jasper,_Arkansas.jpg	uri	null
http://www.wikidata.org/entity/Q79592	Jasper	http://www.wikidata.org/entity/P2044c	elevation above sea level	258	http://www.w3.org/2001/XMLSchema#decimal	
http://www.wikidata.org/entity/Q79592	Jasper	http://www.wikidata.org/entity/P2046c	area	1400000	http://www.w3.org/2001/XMLSchema#decimal	
http://www.wikidata.org/entity/Q79592	Jasper	http://www.wikidata.org/entity/P31c	instance of	http://www.wikidata.org/entity/Q515	entity	city
http://www.wikidata.org/entity/Q79592	Jasper	http://www.wikidata.org/entity/P590c	GNIS ID	72172	http://www.w3.org/2001/XMLSchema#string	
http://www.wikidata.org/entity/Q79592	Jasper	http://www.wikidata.org/entity/P646-freebase	Freebase ID	http://rdf.freebase.com/ns/m.0qw2j	entity	Jasper
http://www.wikidata.org/entity/Q79592	Jasper	http://www.wikidata.org/entity/P646c	Freebase ID	/m/0qw2j	http://www.w3.org/2001/XMLSchema#string	
http://www.wikidata.org/entity/Q79592	Jasper	http://www.wikidata.org/entity/P998c	dmoz ID	Regional/North_America/United_States/Arkansas/Localities/J/Jasper/	http://www.w3.org/2001/XMLSchema#string	
