sub	subl	prop	propl	obj	obj_t	obj_l
http://www.wikidata.org/entity/Q1909831	Jasper	http://schema.org/description	description	city in Hamilton County, Florida, USA	http://www.w3.org/1999/02/22-rdf-syntax-ns#langString	
http://www.wikidata.org/entity/Q1909831	Jasper	http://www.w3.org/1999/02/22-rdf-syntax-ns#type	type	http://www.wikidata.org/entity/Q515	entity	city
http://www.wikidata.org/entity/Q1909831	Jasper	http://www.w3.org/1999/02/22-rdf-syntax-ns#type	type	http://www.wikidata.org/ontology#Item	entity	Item
http://www.wikidata.org/entity/Q1909831	Jasper	http://www.w3.org/2000/01/rdf-schema#label	label	Jasper	http://www.w3.org/1999/02/22-rdf-syntax-ns#langString	
http://www.wikidata.org/entity/Q1909831	Jasper	http://www.w3.org/2003/01/geo/wgs84_pos#lat	latitude	30.5189	http://www.w3.org/2001/XMLSchema#float	
http://www.wikidata.org/entity/Q1909831	Jasper	http://www.w3.org/2003/01/geo/wgs84_pos#long	longitude	-82.9511	http://www.w3.org/2001/XMLSchema#float	
http://www.wikidata.org/entity/Q1909831	Jasper	http://www.w3.org/2004/02/skos/core#altLabel	alternative label	Jasper, Florida	http://www.w3.org/1999/02/22-rdf-syntax-ns#langString	
http://www.wikidata.org/entity/Q1909831	Jasper	http://www.wikidata.org/entity/P1036c	Dewey Decimal Classification	2--75984	http://www.w3.org/2001/XMLSchema#string	
http://www.wikidata.org/entity/Q1909831	Jasper	http://www.wikidata.org/entity/P131c	located in the administrative territorial entity	http://www.wikidata.org/entity/Q257311	entity	Hamilton County
http://www.wikidata.org/entity/Q1909831	Jasper	http://www.wikidata.org/entity/P1566c	GeoNames ID	4160102	http://www.w3.org/2001/XMLSchema#string	
http://www.wikidata.org/entity/Q1909831	Jasper	http://www.wikidata.org/entity/P17c	country	http://www.wikidata.org/entity/Q30	entity	United States of America
http://www.wikidata.org/entity/Q1909831	Jasper	http://www.wikidata.org/entity/P18c	image	http://commons.wikimedia.org/wiki/File:JasperFLColl14.png	uri	null
http://www.wikidata.org/entity/Q1909831	Jasper	http://www.wikidata.org/entity/P2046c	area	5179976	http://www.w3.org/2001/XMLSchema#decimal	
http://www.wikidata.org/entity/Q1909831	Jasper	http://www.wikidata.org/entity/P281c	postal code	32052	http://www.w3.org/2001/XMLSchema#string	
http://www.wikidata.org/entity/Q1909831	Jasper	http://www.wikidata.org/entity/P31c	instance of	http://www.wikidata.org/entity/Q515	entity	city
http://www.wikidata.org/entity/Q1909831	Jasper	http://www.wikidata.org/entity/P373c	Commons category	Jasper, Florida	http://www.w3.org/2001/XMLSchema#string	
http://www.wikidata.org/entity/Q1909831	Jasper	http://www.wikidata.org/entity/P590c	GNIS ID	284730	http://www.w3.org/2001/XMLSchema#string	
http://www.wikidata.org/entity/Q1909831	Jasper	http://www.wikidata.org/entity/P646-freebase	Freebase ID	http://rdf.freebase.com/ns/m.0rkvq	entity	Jasper
http://www.wikidata.org/entity/Q1909831	Jasper	http://www.wikidata.org/entity/P646c	Freebase ID	/m/0rkvq	http://www.w3.org/2001/XMLSchema#string	
http://www.wikidata.org/entity/Q1909831	Jasper	http://www.wikidata.org/entity/P774c	FIPS 55-3 (locations in the US)	12-35375	http://www.w3.org/2001/XMLSchema#string	
http://www.wikidata.org/entity/Q1909831	Jasper	http://www.wikidata.org/entity/P856c	official website	http://www.jasperflonline.com	uri	null
