sub	subl	prop	propl	obj	obj_t	obj_l
http://dbpedia.org/resource/Troll_2	Troll 2	http://dbpedia.org/ontology/Work/runtime	runtime (m)	94.0	http://dbpedia.org/datatype/minute	
http://dbpedia.org/resource/Troll_2	Troll 2	http://dbpedia.org/ontology/abstract	has abstract	Troll 2 is a 1990 B-horror comedy movie directed by Claudio Fragasso (under the pseudonym Drake Floyd) and starring Michael Stephenson, George Hardy, Margo Prey, Connie McFarland, Deborah Reed and Jason Wright. The plot concerns a family pursued by vegetarian goblins who seek to transform them into plants so that they can eat them. Although produced under the title Goblins, United States distributors were skeptical about the film's chances to succeed as an indie film and renamed it Troll 2 in an attempt to market it as a sequel to the 1986 Empire Pictures film Troll. The two films, however, have no connection, and no trolls are actually depicted in Troll 2. The film's production was rife with difficulties, largely revolving around a language barrier between the Italian-speaking crew and English-speaking cast, and producer Joe D'Amato's approach to low-budget film making. The resulting film is generally considered to be of exceptionally poor quality. Despite being released in relative obscurity, Troll 2 has since been rediscovered by the public and evaluated as one of the worst films ever made. It gained a cult following, leading to a critically acclaimed documentary produced by one of the actors (Stephenson), humorously titled Best Worst Movie. Released in 2010, the documentary chronicled the film's large fanbase.	http://www.w3.org/1999/02/22-rdf-syntax-ns#langString	
http://dbpedia.org/resource/Troll_2	Troll 2	http://dbpedia.org/ontology/budget	budget ($)	200000.0	http://dbpedia.org/datatype/usDollar	
http://dbpedia.org/resource/Troll_2	Troll 2	http://dbpedia.org/ontology/director	film director	http://dbpedia.org/resource/Claudio_Fragasso	entity	Claudio Fragasso
http://dbpedia.org/resource/Troll_2	Troll 2	http://dbpedia.org/ontology/producer	producer	http://dbpedia.org/resource/Joe_D'Amato	entity	Joe D'Amato
http://dbpedia.org/resource/Troll_2	Troll 2	http://dbpedia.org/ontology/runtime	runtime (s)	5640.0	http://www.w3.org/2001/XMLSchema#double	
http://dbpedia.org/resource/Troll_2	Troll 2	http://dbpedia.org/ontology/starring	starring	http://dbpedia.org/resource/Connie_Young	entity	Connie Young
http://dbpedia.org/resource/Troll_2	Troll 2	http://dbpedia.org/ontology/starring	starring	http://dbpedia.org/resource/George_Hardy_(actor)	entity	George Hardy (actor)
http://dbpedia.org/resource/Troll_2	Troll 2	http://dbpedia.org/ontology/starring	starring	http://dbpedia.org/resource/Jason_F._Wright	entity	Jason F. Wright
http://dbpedia.org/resource/Troll_2	Troll 2	http://dbpedia.org/ontology/starring	starring	http://dbpedia.org/resource/Michael_Stephenson_(actor)	entity	Michael Stephenson (actor)
http://dbpedia.org/resource/Troll_2	Troll 2	http://dbpedia.org/ontology/wikiPageID	Wikipage page ID	2786477	http://www.w3.org/2001/XMLSchema#integer	
http://dbpedia.org/resource/Troll_2	Troll 2	http://dbpedia.org/ontology/wikiPageLength	page length (characters) of wiki page	19557	http://www.w3.org/2001/XMLSchema#nonNegativeInteger	
http://dbpedia.org/resource/Troll_2	Troll 2	http://dbpedia.org/ontology/wikiPageOutDegree	Wiki page out degree	86	http://www.w3.org/2001/XMLSchema#nonNegativeInteger	
http://dbpedia.org/resource/Troll_2	Troll 2	http://dbpedia.org/ontology/wikiPageRevisionID	Wikipage revision ID	735478295	http://www.w3.org/2001/XMLSchema#integer	
http://dbpedia.org/resource/Troll_2	Troll 2	http://dbpedia.org/ontology/writer	writer	http://dbpedia.org/resource/Claudio_Fragasso	entity	Claudio Fragasso
http://dbpedia.org/resource/Troll_2	Troll 2	http://purl.org/dc/terms/subject	Subject	http://dbpedia.org/resource/Category:1990_direct-to-video_films	entity	1990 direct-to-video films
http://dbpedia.org/resource/Troll_2	Troll 2	http://purl.org/dc/terms/subject	Subject	http://dbpedia.org/resource/Category:1990_films	entity	1990 films
http://dbpedia.org/resource/Troll_2	Troll 2	http://purl.org/dc/terms/subject	Subject	http://dbpedia.org/resource/Category:1990_horror_films	entity	1990 horror films
http://dbpedia.org/resource/Troll_2	Troll 2	http://purl.org/dc/terms/subject	Subject	http://dbpedia.org/resource/Category:American_films	entity	American films
http://dbpedia.org/resource/Troll_2	Troll 2	http://purl.org/dc/terms/subject	Subject	http://dbpedia.org/resource/Category:Films_directed_by_Claudio_Fragasso	entity	Films directed by Claudio Fragasso
http://dbpedia.org/resource/Troll_2	Troll 2	http://purl.org/dc/terms/subject	Subject	http://dbpedia.org/resource/Category:Films_shot_in_Utah	entity	Films shot in Utah
http://dbpedia.org/resource/Troll_2	Troll 2	http://purl.org/dc/terms/subject	Subject	http://dbpedia.org/resource/Category:Internet_memes	entity	Internet memes
http://dbpedia.org/resource/Troll_2	Troll 2	http://purl.org/dc/terms/subject	Subject	http://dbpedia.org/resource/Category:Italian_films	entity	Italian films
http://dbpedia.org/resource/Troll_2	Troll 2	http://purl.org/dc/terms/subject	Subject	http://dbpedia.org/resource/Category:Monster_movies	entity	Monster movies
http://dbpedia.org/resource/Troll_2	Troll 2	http://www.w3.org/1999/02/22-rdf-syntax-ns#type	type	http://dbpedia.org/ontology/Film	entity	movie
http://dbpedia.org/resource/Troll_2	Troll 2	http://www.w3.org/1999/02/22-rdf-syntax-ns#type	type	http://dbpedia.org/ontology/Wikidata:Q11424	uri	null
http://dbpedia.org/resource/Troll_2	Troll 2	http://www.w3.org/1999/02/22-rdf-syntax-ns#type	type	http://dbpedia.org/ontology/Work	entity	work
http://dbpedia.org/resource/Troll_2	Troll 2	http://www.w3.org/1999/02/22-rdf-syntax-ns#type	type	http://schema.org/CreativeWork	entity	CreativeWork
http://dbpedia.org/resource/Troll_2	Troll 2	http://www.w3.org/1999/02/22-rdf-syntax-ns#type	type	http://schema.org/Movie	entity	Movie
http://dbpedia.org/resource/Troll_2	Troll 2	http://www.w3.org/1999/02/22-rdf-syntax-ns#type	type	http://www.w3.org/2002/07/owl#Thing	entity	Thing
http://dbpedia.org/resource/Troll_2	Troll 2	http://www.w3.org/1999/02/22-rdf-syntax-ns#type	type	http://www.wikidata.org/entity/Q386724	entity	work
http://dbpedia.org/resource/Troll_2	Troll 2	http://www.w3.org/2000/01/rdf-schema#comment	comment	Troll 2 is a 1990 B-horror comedy movie directed by Claudio Fragasso (under the pseudonym Drake Floyd) and starring Michael Stephenson, George Hardy, Margo Prey, Connie McFarland, Deborah Reed and Jason Wright. The plot concerns a family pursued by vegetarian goblins who seek to transform them into plants so that they can eat them.	http://www.w3.org/1999/02/22-rdf-syntax-ns#langString	
http://dbpedia.org/resource/Troll_2	Troll 2	http://www.w3.org/2000/01/rdf-schema#label	label	Troll 2	http://www.w3.org/1999/02/22-rdf-syntax-ns#langString	
http://dbpedia.org/resource/Troll_2	Troll 2	http://www.w3.org/2002/07/owl#sameAs	sameAs	http://dbpedia.org/resource/Troll_2	entity	Troll 2
http://dbpedia.org/resource/Troll_2	Troll 2	http://www.w3.org/2002/07/owl#sameAs	sameAs	http://rdf.freebase.com/ns/m.082pyx	entity	Troll 2
http://dbpedia.org/resource/Troll_2	Troll 2	http://www.w3.org/2002/07/owl#sameAs	sameAs	http://www.wikidata.org/entity/Q771485	entity	Troll 2
http://dbpedia.org/resource/Troll_2	Troll 2	http://www.w3.org/ns/prov#wasDerivedFrom	wasDerivedFrom	http://en.wikipedia.org/wiki/Troll_2?oldid=735478295	uri	null
http://dbpedia.org/resource/Troll_2	Troll 2	http://xmlns.com/foaf/0.1/isPrimaryTopicOf	is primary topic of	http://en.wikipedia.org/wiki/Troll_2	uri	null
http://dbpedia.org/resource/Troll_2	Troll 2	http://xmlns.com/foaf/0.1/name	name	Troll 2	http://www.w3.org/1999/02/22-rdf-syntax-ns#langString	
