sub	subl	prop	propl	obj	obj_t	obj_l
http://www.wikidata.org/entity/Q121525	Wilhelm Troll	http://schema.org/description	description	German botanist	http://www.w3.org/1999/02/22-rdf-syntax-ns#langString	
http://www.wikidata.org/entity/Q121525	Wilhelm Troll	http://www.w3.org/1999/02/22-rdf-syntax-ns#type	type	http://www.wikidata.org/entity/Q5	entity	human
http://www.wikidata.org/entity/Q121525	Wilhelm Troll	http://www.w3.org/1999/02/22-rdf-syntax-ns#type	type	http://www.wikidata.org/ontology#Item	entity	Item
http://www.wikidata.org/entity/Q121525	Wilhelm Troll	http://www.w3.org/2000/01/rdf-schema#label	label	Wilhelm Troll	http://www.w3.org/1999/02/22-rdf-syntax-ns#langString	
http://www.wikidata.org/entity/Q121525	Wilhelm Troll	http://www.w3.org/2004/02/skos/core#altLabel	alternative label	Troll	http://www.w3.org/1999/02/22-rdf-syntax-ns#langString	
http://www.wikidata.org/entity/Q121525	Wilhelm Troll	http://www.wikidata.org/entity/P1006c	National Thesaurus for Author Names ID	12633479X	http://www.w3.org/2001/XMLSchema#string	
http://www.wikidata.org/entity/Q121525	Wilhelm Troll	http://www.wikidata.org/entity/P106c	occupation	http://www.wikidata.org/entity/Q1622272	entity	university teacher
http://www.wikidata.org/entity/Q121525	Wilhelm Troll	http://www.wikidata.org/entity/P106c	occupation	http://www.wikidata.org/entity/Q2374149	entity	botanist
http://www.wikidata.org/entity/Q121525	Wilhelm Troll	http://www.wikidata.org/entity/P108c	employer	http://www.wikidata.org/entity/Q161982	entity	University of Mainz
http://www.wikidata.org/entity/Q121525	Wilhelm Troll	http://www.wikidata.org/entity/P108c	employer	http://www.wikidata.org/entity/Q32120	entity	University of Halle-Wittenberg
http://www.wikidata.org/entity/Q121525	Wilhelm Troll	http://www.wikidata.org/entity/P1412c	languages spoken, written or signed	http://www.wikidata.org/entity/Q188	entity	German
http://www.wikidata.org/entity/Q121525	Wilhelm Troll	http://www.wikidata.org/entity/P166c	award received	http://www.wikidata.org/entity/Q20924782	entity	Knight in the Order of the Holy Sepulchre
http://www.wikidata.org/entity/Q121525	Wilhelm Troll	http://www.wikidata.org/entity/P19c	place of birth	http://www.wikidata.org/entity/Q1726	entity	Munich
http://www.wikidata.org/entity/Q121525	Wilhelm Troll	http://www.wikidata.org/entity/P2005c	Catalogus Professorum Halensis	trollwilhelm	http://www.w3.org/2001/XMLSchema#string	
http://www.wikidata.org/entity/Q121525	Wilhelm Troll	http://www.wikidata.org/entity/P20c	place of death	http://www.wikidata.org/entity/Q1720	entity	Mainz
http://www.wikidata.org/entity/Q121525	Wilhelm Troll	http://www.wikidata.org/entity/P213c	ISNI	0000 0001 0878 1882	http://www.w3.org/2001/XMLSchema#string	
http://www.wikidata.org/entity/Q121525	Wilhelm Troll	http://www.wikidata.org/entity/P214c	VIAF ID	22222266	http://www.w3.org/2001/XMLSchema#string	
http://www.wikidata.org/entity/Q121525	Wilhelm Troll	http://www.wikidata.org/entity/P21c	sex or gender	http://www.wikidata.org/entity/Q6581097	entity	male
http://www.wikidata.org/entity/Q121525	Wilhelm Troll	http://www.wikidata.org/entity/P2273c	Heidelberg Academy for Sciences and Humanities member ID	614	http://www.w3.org/2001/XMLSchema#string	
http://www.wikidata.org/entity/Q121525	Wilhelm Troll	http://www.wikidata.org/entity/P227c	GND ID	118624075	http://www.w3.org/2001/XMLSchema#string	
http://www.wikidata.org/entity/Q121525	Wilhelm Troll	http://www.wikidata.org/entity/P244c	LCAuth ID	n82059449	http://www.w3.org/2001/XMLSchema#string	
http://www.wikidata.org/entity/Q121525	Wilhelm Troll	http://www.wikidata.org/entity/P268c	BnF ID	123798730	http://www.w3.org/2001/XMLSchema#string	
http://www.wikidata.org/entity/Q121525	Wilhelm Troll	http://www.wikidata.org/entity/P269c	SUDOC authorities	03284882X	http://www.w3.org/2001/XMLSchema#string	
http://www.wikidata.org/entity/Q121525	Wilhelm Troll	http://www.wikidata.org/entity/P27c	country of citizenship	http://www.wikidata.org/entity/Q183	entity	Germany
http://www.wikidata.org/entity/Q121525	Wilhelm Troll	http://www.wikidata.org/entity/P31c	instance of	http://www.wikidata.org/entity/Q5	entity	human
http://www.wikidata.org/entity/Q121525	Wilhelm Troll	http://www.wikidata.org/entity/P428c	botanist author abbreviation	Troll	http://www.w3.org/2001/XMLSchema#string	
http://www.wikidata.org/entity/Q121525	Wilhelm Troll	http://www.wikidata.org/entity/P463c	member of	http://www.wikidata.org/entity/Q414163	entity	Academy of Sciences and Literature
http://www.wikidata.org/entity/Q121525	Wilhelm Troll	http://www.wikidata.org/entity/P463c	member of	http://www.wikidata.org/entity/Q543804	entity	German Academy of Sciences Leopoldina
http://www.wikidata.org/entity/Q121525	Wilhelm Troll	http://www.wikidata.org/entity/P569c	date of birth	1897-11-03	http://www.w3.org/2001/XMLSchema#date	
http://www.wikidata.org/entity/Q121525	Wilhelm Troll	http://www.wikidata.org/entity/P570c	date of death	1978-12-28	http://www.w3.org/2001/XMLSchema#date	
http://www.wikidata.org/entity/Q121525	Wilhelm Troll	http://www.wikidata.org/entity/P586c	IPNI author ID	10843-1	http://www.w3.org/2001/XMLSchema#string	
http://www.wikidata.org/entity/Q121525	Wilhelm Troll	http://www.wikidata.org/entity/P69c	educated at	http://www.wikidata.org/entity/Q55044	entity	Ludwig Maximilian University of Munich
http://www.wikidata.org/entity/Q121525	Wilhelm Troll	http://www.wikidata.org/entity/P735c	given name	http://www.wikidata.org/entity/Q11027623	entity	Wilhelm
