sub	subl	prop	propl	obj	obj_t	obj_l
http://dbpedia.org/resource/Wilhelm_Troll	Wilhelm Troll	http://dbpedia.org/ontology/abstract	has abstract	Julius Georg Hubertus Wilhelm Troll (3 November 1897, Munich – 28 December 1978, Mainz) was a German botanist, known for his studies in the field of plant morphology. He advocated a morphological biology that was rooted in the nature philosophy of Goethe. He was an older brother to geographer Carl Troll (1899–1975).	http://www.w3.org/1999/02/22-rdf-syntax-ns#langString	
http://dbpedia.org/resource/Wilhelm_Troll	Wilhelm Troll	http://dbpedia.org/ontology/birthDate	birth date	1897-11-03	http://www.w3.org/2001/XMLSchema#date	
http://dbpedia.org/resource/Wilhelm_Troll	Wilhelm Troll	http://dbpedia.org/ontology/birthPlace	birth place	http://dbpedia.org/resource/Munich	entity	Munich
http://dbpedia.org/resource/Wilhelm_Troll	Wilhelm Troll	http://dbpedia.org/ontology/deathDate	death date	1978-12-28	http://www.w3.org/2001/XMLSchema#date	
http://dbpedia.org/resource/Wilhelm_Troll	Wilhelm Troll	http://dbpedia.org/ontology/deathPlace	death place	http://dbpedia.org/resource/Mainz	entity	Mainz
http://dbpedia.org/resource/Wilhelm_Troll	Wilhelm Troll	http://dbpedia.org/ontology/wikiPageID	Wikipage page ID	46275607	http://www.w3.org/2001/XMLSchema#integer	
http://dbpedia.org/resource/Wilhelm_Troll	Wilhelm Troll	http://dbpedia.org/ontology/wikiPageLength	page length (characters) of wiki page	4153	http://www.w3.org/2001/XMLSchema#nonNegativeInteger	
http://dbpedia.org/resource/Wilhelm_Troll	Wilhelm Troll	http://dbpedia.org/ontology/wikiPageOutDegree	Wiki page out degree	25	http://www.w3.org/2001/XMLSchema#nonNegativeInteger	
http://dbpedia.org/resource/Wilhelm_Troll	Wilhelm Troll	http://dbpedia.org/ontology/wikiPageRevisionID	Wikipage revision ID	742049299	http://www.w3.org/2001/XMLSchema#integer	
http://dbpedia.org/resource/Wilhelm_Troll	Wilhelm Troll	http://purl.org/dc/terms/description	Description	German botanist	http://www.w3.org/1999/02/22-rdf-syntax-ns#langString	
http://dbpedia.org/resource/Wilhelm_Troll	Wilhelm Troll	http://purl.org/dc/terms/subject	Subject	http://dbpedia.org/resource/Category:1897_births	entity	1897 births
http://dbpedia.org/resource/Wilhelm_Troll	Wilhelm Troll	http://purl.org/dc/terms/subject	Subject	http://dbpedia.org/resource/Category:1978_deaths	entity	1978 deaths
http://dbpedia.org/resource/Wilhelm_Troll	Wilhelm Troll	http://purl.org/dc/terms/subject	Subject	http://dbpedia.org/resource/Category:German_botanists	entity	German botanists
http://dbpedia.org/resource/Wilhelm_Troll	Wilhelm Troll	http://purl.org/dc/terms/subject	Subject	http://dbpedia.org/resource/Category:Knights_of_the_Holy_Sepulchre	entity	Knights of the Holy Sepulchre
http://dbpedia.org/resource/Wilhelm_Troll	Wilhelm Troll	http://purl.org/dc/terms/subject	Subject	http://dbpedia.org/resource/Category:Ludwig_Maximilian_University_of_Munich_alumni	entity	Ludwig Maximilian University of Munich alumni
http://dbpedia.org/resource/Wilhelm_Troll	Wilhelm Troll	http://purl.org/dc/terms/subject	Subject	http://dbpedia.org/resource/Category:People_from_Munich	entity	People from Munich
http://dbpedia.org/resource/Wilhelm_Troll	Wilhelm Troll	http://purl.org/dc/terms/subject	Subject	http://dbpedia.org/resource/Category:University_of_Halle_faculty	entity	University of Halle faculty
http://dbpedia.org/resource/Wilhelm_Troll	Wilhelm Troll	http://purl.org/dc/terms/subject	Subject	http://dbpedia.org/resource/Category:University_of_Mainz_faculty	entity	University of Mainz faculty
http://dbpedia.org/resource/Wilhelm_Troll	Wilhelm Troll	http://www.w3.org/1999/02/22-rdf-syntax-ns#type	type	http://dbpedia.org/ontology/Person	entity	person
http://dbpedia.org/resource/Wilhelm_Troll	Wilhelm Troll	http://www.w3.org/1999/02/22-rdf-syntax-ns#type	type	http://www.w3.org/2002/07/owl#Thing	entity	Thing
http://dbpedia.org/resource/Wilhelm_Troll	Wilhelm Troll	http://www.w3.org/2000/01/rdf-schema#comment	comment	Julius Georg Hubertus Wilhelm Troll (3 November 1897, Munich – 28 December 1978, Mainz) was a German botanist, known for his studies in the field of plant morphology. He advocated a morphological biology that was rooted in the nature philosophy of Goethe. He was an older brother to geographer Carl Troll (1899–1975).	http://www.w3.org/1999/02/22-rdf-syntax-ns#langString	
http://dbpedia.org/resource/Wilhelm_Troll	Wilhelm Troll	http://www.w3.org/2000/01/rdf-schema#label	label	Wilhelm Troll	http://www.w3.org/1999/02/22-rdf-syntax-ns#langString	
http://dbpedia.org/resource/Wilhelm_Troll	Wilhelm Troll	http://www.w3.org/2002/07/owl#sameAs	sameAs	http://dbpedia.org/resource/Wilhelm_Troll	entity	Wilhelm Troll
http://dbpedia.org/resource/Wilhelm_Troll	Wilhelm Troll	http://www.w3.org/2002/07/owl#sameAs	sameAs	http://rdf.freebase.com/ns/m.01317pxs	entity	Wilhelm Troll
http://dbpedia.org/resource/Wilhelm_Troll	Wilhelm Troll	http://www.w3.org/2002/07/owl#sameAs	sameAs	http://www.wikidata.org/entity/Q121525	entity	Wilhelm Troll
http://dbpedia.org/resource/Wilhelm_Troll	Wilhelm Troll	http://www.w3.org/ns/prov#wasDerivedFrom	wasDerivedFrom	http://en.wikipedia.org/wiki/Wilhelm_Troll?oldid=742049299	uri	null
http://dbpedia.org/resource/Wilhelm_Troll	Wilhelm Troll	http://xmlns.com/foaf/0.1/gender	gender	male	http://www.w3.org/1999/02/22-rdf-syntax-ns#langString	
http://dbpedia.org/resource/Wilhelm_Troll	Wilhelm Troll	http://xmlns.com/foaf/0.1/givenName	Given name	Wilhelm	http://www.w3.org/1999/02/22-rdf-syntax-ns#langString	
http://dbpedia.org/resource/Wilhelm_Troll	Wilhelm Troll	http://xmlns.com/foaf/0.1/isPrimaryTopicOf	is primary topic of	http://en.wikipedia.org/wiki/Wilhelm_Troll	uri	null
http://dbpedia.org/resource/Wilhelm_Troll	Wilhelm Troll	http://xmlns.com/foaf/0.1/name	name	Wilhelm Troll	http://www.w3.org/1999/02/22-rdf-syntax-ns#langString	
http://dbpedia.org/resource/Wilhelm_Troll	Wilhelm Troll	http://xmlns.com/foaf/0.1/surname	Surname	Troll	http://www.w3.org/1999/02/22-rdf-syntax-ns#langString	
