sub	subl	prop	propl	obj	obj_t	obj_l
http://rdf.freebase.com/ns/m.01317pxs	Wilhelm Troll	http://rdf.freebase.com/key/dataworld.freeq	freeq	job_aef0184a-8226-468a-b9fd-3cd2209eb6b7_var_wikipedia_en_46275607	http://www.w3.org/2001/XMLSchema#string	
http://rdf.freebase.com/ns/m.01317pxs	Wilhelm Troll	http://rdf.freebase.com/key/wikipedia.en	en	Wilhelm_Troll	http://www.w3.org/2001/XMLSchema#string	
http://rdf.freebase.com/ns/m.01317pxs	Wilhelm Troll	http://rdf.freebase.com/key/wikipedia.en_id	en_id	46275607	http://www.w3.org/2001/XMLSchema#string	
http://rdf.freebase.com/ns/m.01317pxs	Wilhelm Troll	http://rdf.freebase.com/key/wikipedia.en_title	en_title	Wilhelm_Troll	http://www.w3.org/2001/XMLSchema#string	
http://rdf.freebase.com/ns/m.01317pxs	Wilhelm Troll	http://rdf.freebase.com/ns/common.topic.description	Description	Julius Georg Hubertus Wilhelm Troll was a German botanist, known for his studies in the field of plant morphology. He advocated a morphological biology that was rooted in the nature philosophy of Goethe. He was an older brother to geographer Carl Troll.	http://www.w3.org/1999/02/22-rdf-syntax-ns#langString	
http://rdf.freebase.com/ns/m.01317pxs	Wilhelm Troll	http://rdf.freebase.com/ns/common.topic.topic_equivalent_webpage	Topic equivalent webpage	http://de.wikipedia.org/wiki/Wilhelm_Troll	uri	null
http://rdf.freebase.com/ns/m.01317pxs	Wilhelm Troll	http://rdf.freebase.com/ns/common.topic.topic_equivalent_webpage	Topic equivalent webpage	http://de.wikipedia.org/wiki/index.html?curid=429482	uri	null
http://rdf.freebase.com/ns/m.01317pxs	Wilhelm Troll	http://rdf.freebase.com/ns/common.topic.topic_equivalent_webpage	Topic equivalent webpage	http://en.wikipedia.org/wiki/Wilhelm_Troll	uri	null
http://rdf.freebase.com/ns/m.01317pxs	Wilhelm Troll	http://rdf.freebase.com/ns/common.topic.topic_equivalent_webpage	Topic equivalent webpage	http://en.wikipedia.org/wiki/index.html?curid=46275607	uri	null
http://rdf.freebase.com/ns/m.01317pxs	Wilhelm Troll	http://rdf.freebase.com/ns/common.topic.topic_equivalent_webpage	Topic equivalent webpage	http://es.wikipedia.org/wiki/Wilhelm_Troll	uri	null
http://rdf.freebase.com/ns/m.01317pxs	Wilhelm Troll	http://rdf.freebase.com/ns/common.topic.topic_equivalent_webpage	Topic equivalent webpage	http://es.wikipedia.org/wiki/index.html?curid=5098695	uri	null
http://rdf.freebase.com/ns/m.01317pxs	Wilhelm Troll	http://rdf.freebase.com/ns/people.person.date_of_birth	Date of birth	1897	http://www.w3.org/2001/XMLSchema#gYear	
http://rdf.freebase.com/ns/m.01317pxs	Wilhelm Troll	http://rdf.freebase.com/ns/people.person.places_lived	Places lived	http://rdf.freebase.com/ns/m.0131yz4k	entity	Munich
http://rdf.freebase.com/ns/m.01317pxs	Wilhelm Troll	http://rdf.freebase.com/ns/type.object.key	Key	/dataworld/freeq/job_aef0184a-8226-468a-b9fd-3cd2209eb6b7_var_wikipedia_en_46275607	http://www.w3.org/2001/XMLSchema#string	
http://rdf.freebase.com/ns/m.01317pxs	Wilhelm Troll	http://rdf.freebase.com/ns/type.object.key	Key	/wikipedia/de/Wilhelm_Troll	http://www.w3.org/2001/XMLSchema#string	
http://rdf.freebase.com/ns/m.01317pxs	Wilhelm Troll	http://rdf.freebase.com/ns/type.object.key	Key	/wikipedia/de_id/429482	http://www.w3.org/2001/XMLSchema#string	
http://rdf.freebase.com/ns/m.01317pxs	Wilhelm Troll	http://rdf.freebase.com/ns/type.object.key	Key	/wikipedia/de_title/Wilhelm_Troll	http://www.w3.org/2001/XMLSchema#string	
http://rdf.freebase.com/ns/m.01317pxs	Wilhelm Troll	http://rdf.freebase.com/ns/type.object.key	Key	/wikipedia/en/Wilhelm_Troll	http://www.w3.org/2001/XMLSchema#string	
http://rdf.freebase.com/ns/m.01317pxs	Wilhelm Troll	http://rdf.freebase.com/ns/type.object.key	Key	/wikipedia/en_id/46275607	http://www.w3.org/2001/XMLSchema#string	
http://rdf.freebase.com/ns/m.01317pxs	Wilhelm Troll	http://rdf.freebase.com/ns/type.object.key	Key	/wikipedia/en_title/Wilhelm_Troll	http://www.w3.org/2001/XMLSchema#string	
http://rdf.freebase.com/ns/m.01317pxs	Wilhelm Troll	http://rdf.freebase.com/ns/type.object.key	Key	/wikipedia/es/Julius_Georg_Hubertus_Wilhelm_Troll	http://www.w3.org/2001/XMLSchema#string	
http://rdf.freebase.com/ns/m.01317pxs	Wilhelm Troll	http://rdf.freebase.com/ns/type.object.key	Key	/wikipedia/es/Wilhelm_Troll	http://www.w3.org/2001/XMLSchema#string	
http://rdf.freebase.com/ns/m.01317pxs	Wilhelm Troll	http://rdf.freebase.com/ns/type.object.key	Key	/wikipedia/es_id/5098695	http://www.w3.org/2001/XMLSchema#string	
http://rdf.freebase.com/ns/m.01317pxs	Wilhelm Troll	http://rdf.freebase.com/ns/type.object.key	Key	/wikipedia/es_title/Wilhelm_Troll	http://www.w3.org/2001/XMLSchema#string	
http://rdf.freebase.com/ns/m.01317pxs	Wilhelm Troll	http://rdf.freebase.com/ns/type.object.name	Name	Wilhelm Troll	http://www.w3.org/1999/02/22-rdf-syntax-ns#langString	
http://rdf.freebase.com/ns/m.01317pxs	Wilhelm Troll	http://rdf.freebase.com/ns/type.object.type	Type	http://rdf.freebase.com/ns/base.type_ontology.agent	entity	Agent
http://rdf.freebase.com/ns/m.01317pxs	Wilhelm Troll	http://rdf.freebase.com/ns/type.object.type	Type	http://rdf.freebase.com/ns/base.type_ontology.animate	entity	Animate
http://rdf.freebase.com/ns/m.01317pxs	Wilhelm Troll	http://rdf.freebase.com/ns/type.object.type	Type	http://rdf.freebase.com/ns/base.type_ontology.physically_instantiable	entity	Physically Instantiable
http://rdf.freebase.com/ns/m.01317pxs	Wilhelm Troll	http://rdf.freebase.com/ns/type.object.type	Type	http://rdf.freebase.com/ns/common.topic	entity	Topic
http://rdf.freebase.com/ns/m.01317pxs	Wilhelm Troll	http://rdf.freebase.com/ns/type.object.type	Type	http://rdf.freebase.com/ns/people.person	entity	Person
http://rdf.freebase.com/ns/m.01317pxs	Wilhelm Troll	http://www.w3.org/1999/02/22-rdf-syntax-ns#type	type	http://rdf.freebase.com/ns/base.type_ontology.agent	entity	Agent
http://rdf.freebase.com/ns/m.01317pxs	Wilhelm Troll	http://www.w3.org/1999/02/22-rdf-syntax-ns#type	type	http://rdf.freebase.com/ns/base.type_ontology.animate	entity	Animate
http://rdf.freebase.com/ns/m.01317pxs	Wilhelm Troll	http://www.w3.org/1999/02/22-rdf-syntax-ns#type	type	http://rdf.freebase.com/ns/base.type_ontology.physically_instantiable	entity	Physically Instantiable
http://rdf.freebase.com/ns/m.01317pxs	Wilhelm Troll	http://www.w3.org/1999/02/22-rdf-syntax-ns#type	type	http://rdf.freebase.com/ns/common.topic	entity	Topic
http://rdf.freebase.com/ns/m.01317pxs	Wilhelm Troll	http://www.w3.org/1999/02/22-rdf-syntax-ns#type	type	http://rdf.freebase.com/ns/people.person	entity	Person
http://rdf.freebase.com/ns/m.01317pxs	Wilhelm Troll	http://www.w3.org/2000/01/rdf-schema#label	label	Wilhelm Troll	http://www.w3.org/1999/02/22-rdf-syntax-ns#langString	
