sub	subl	prop	propl	obj	obj_t	obj_l
http://rdf.freebase.com/ns/m.04169pj	Ben Woollaston	http://rdf.freebase.com/key/en	com/key/en	ben_woollaston	http://www.w3.org/2001/XMLSchema#string	
http://rdf.freebase.com/ns/m.04169pj	Ben Woollaston	http://rdf.freebase.com/key/source.videosurf	videosurf	189760	http://www.w3.org/2001/XMLSchema#string	
http://rdf.freebase.com/ns/m.04169pj	Ben Woollaston	http://rdf.freebase.com/key/wikipedia.en	en	Ben_Woollaston	http://www.w3.org/2001/XMLSchema#string	
http://rdf.freebase.com/ns/m.04169pj	Ben Woollaston	http://rdf.freebase.com/key/wikipedia.en_id	en_id	17035745	http://www.w3.org/2001/XMLSchema#string	
http://rdf.freebase.com/ns/m.04169pj	Ben Woollaston	http://rdf.freebase.com/key/wikipedia.en_title	en_title	Ben_Woollaston	http://www.w3.org/2001/XMLSchema#string	
http://rdf.freebase.com/ns/m.04169pj	Ben Woollaston	http://rdf.freebase.com/ns/common.topic.article	Article	Ben Woollaston (born 14 May 1987) is an English professional snooker player from Leicester. He first entered the professional tour for the 2004/2005 season, but was unable to retain his place for the following season's tour. He regained his place for 2006/2007 by winning the European Under-19 Championship. He was awarded a concessionary place for the 2007/08 tour. Woollaston has twice reached the final group stages of the Grand Prix in 2006 and 2007, enjoying a marginally better tournament in 2006 by winning two matches compared to none in 2007. He also reached the final stages of the 2007 Welsh Open beating David Gray to reach the second round where he lost 2–5 to seven times World Champion Stephen Hendry. Woollaston's first professional title was Event 3 of the Players Tour Championship in the 2011/2012 season. He defeated former World Champion Graeme Dott 4–2 in the final. His performances in the other 11 PTC's, including a quarter-final run in Event 8, saw him claim ninth place in the Order of Merit and therefore qualify for the 2012 Finals. It was the first time he made it to the main stages of a ranking event since 2007. He played Ding Junhui in the opening round and lost	http://www.w3.org/1999/02/22-rdf-syntax-ns#langString	
http://rdf.freebase.com/ns/m.04169pj	Ben Woollaston	http://rdf.freebase.com/ns/common.topic.description	Description	Ben Woollaston is an English professional snooker player from Leicester. His sole professional title came at the minor-ranking third Players Tour Championship event in 2011. Woollaston's one full ranking event final came at the 2015 Welsh Open, where he lost to John Higgins.	http://www.w3.org/1999/02/22-rdf-syntax-ns#langString	
http://rdf.freebase.com/ns/m.04169pj	Ben Woollaston	http://rdf.freebase.com/ns/common.topic.notable_for	Notable for	Man	http://www.w3.org/1999/02/22-rdf-syntax-ns#langString	
http://rdf.freebase.com/ns/m.04169pj	Ben Woollaston	http://rdf.freebase.com/ns/common.topic.notable_types	Notable types	http://rdf.freebase.com/ns/m.04kr	entity	Person
http://rdf.freebase.com/ns/m.04169pj	Ben Woollaston	http://rdf.freebase.com/ns/common.topic.topic_equivalent_webpage	Topic equivalent webpage	http://de.wikipedia.org/wiki/Ben_Woollaston	uri	null
http://rdf.freebase.com/ns/m.04169pj	Ben Woollaston	http://rdf.freebase.com/ns/common.topic.topic_equivalent_webpage	Topic equivalent webpage	http://de.wikipedia.org/wiki/index.html?curid=6409691	uri	null
http://rdf.freebase.com/ns/m.04169pj	Ben Woollaston	http://rdf.freebase.com/ns/common.topic.topic_equivalent_webpage	Topic equivalent webpage	http://en.wikipedia.org/wiki/Ben_Woollaston	uri	null
http://rdf.freebase.com/ns/m.04169pj	Ben Woollaston	http://rdf.freebase.com/ns/common.topic.topic_equivalent_webpage	Topic equivalent webpage	http://en.wikipedia.org/wiki/index.html?curid=17035745	uri	null
http://rdf.freebase.com/ns/m.04169pj	Ben Woollaston	http://rdf.freebase.com/ns/common.topic.topic_equivalent_webpage	Topic equivalent webpage	http://fr.wikipedia.org/wiki/Ben_Woollaston	uri	null
http://rdf.freebase.com/ns/m.04169pj	Ben Woollaston	http://rdf.freebase.com/ns/common.topic.topic_equivalent_webpage	Topic equivalent webpage	http://fr.wikipedia.org/wiki/index.html?curid=7061379	uri	null
http://rdf.freebase.com/ns/m.04169pj	Ben Woollaston	http://rdf.freebase.com/ns/common.topic.topic_equivalent_webpage	Topic equivalent webpage	http://pl.wikipedia.org/wiki/Ben_Woollaston	uri	null
http://rdf.freebase.com/ns/m.04169pj	Ben Woollaston	http://rdf.freebase.com/ns/common.topic.topic_equivalent_webpage	Topic equivalent webpage	http://pl.wikipedia.org/wiki/index.html?curid=1876592	uri	null
http://rdf.freebase.com/ns/m.04169pj	Ben Woollaston	http://rdf.freebase.com/ns/common.topic.topic_equivalent_webpage	Topic equivalent webpage	http://ru.wikipedia.org/wiki/%12%43%3B%3B%30%41%42%3E%3D,_%11%35%3D	uri	null
http://rdf.freebase.com/ns/m.04169pj	Ben Woollaston	http://rdf.freebase.com/ns/common.topic.topic_equivalent_webpage	Topic equivalent webpage	http://ru.wikipedia.org/wiki/index.html?curid=2227166	uri	null
http://rdf.freebase.com/ns/m.04169pj	Ben Woollaston	http://rdf.freebase.com/ns/common.topic.topic_equivalent_webpage	Topic equivalent webpage	http://sl.wikipedia.org/wiki/Ben_Woollaston	uri	null
http://rdf.freebase.com/ns/m.04169pj	Ben Woollaston	http://rdf.freebase.com/ns/common.topic.topic_equivalent_webpage	Topic equivalent webpage	http://sl.wikipedia.org/wiki/index.html?curid=231586	uri	null
http://rdf.freebase.com/ns/m.04169pj	Ben Woollaston	http://rdf.freebase.com/ns/common.topic.topic_equivalent_webpage	Topic equivalent webpage	http://sv.wikipedia.org/wiki/Ben_Woollaston	uri	null
http://rdf.freebase.com/ns/m.04169pj	Ben Woollaston	http://rdf.freebase.com/ns/common.topic.topic_equivalent_webpage	Topic equivalent webpage	http://sv.wikipedia.org/wiki/index.html?curid=1486410	uri	null
http://rdf.freebase.com/ns/m.04169pj	Ben Woollaston	http://rdf.freebase.com/ns/common.topic.topic_equivalent_webpage	Topic equivalent webpage	http://th.wikipedia.org/wiki/%40%1A%19_%27%39%25%25%32%2A%15%31%19	uri	null
http://rdf.freebase.com/ns/m.04169pj	Ben Woollaston	http://rdf.freebase.com/ns/common.topic.topic_equivalent_webpage	Topic equivalent webpage	http://th.wikipedia.org/wiki/index.html?curid=704392	uri	null
http://rdf.freebase.com/ns/m.04169pj	Ben Woollaston	http://rdf.freebase.com/ns/common.topic.topic_equivalent_webpage	Topic equivalent webpage	http://uk.wikipedia.org/wiki/%11%35%3D_%12%43%3B%3B%30%41%42%3E%3D	uri	null
http://rdf.freebase.com/ns/m.04169pj	Ben Woollaston	http://rdf.freebase.com/ns/common.topic.topic_equivalent_webpage	Topic equivalent webpage	http://uk.wikipedia.org/wiki/index.html?curid=1065103	uri	null
http://rdf.freebase.com/ns/m.04169pj	Ben Woollaston	http://rdf.freebase.com/ns/kg.object_profile.prominent_type	prominent type	http://rdf.freebase.com/ns/people.person	entity	Person
http://rdf.freebase.com/ns/m.04169pj	Ben Woollaston	http://rdf.freebase.com/ns/people.person.date_of_birth	Date of birth	1987-05-14	http://www.w3.org/2001/XMLSchema#date	
http://rdf.freebase.com/ns/m.04169pj	Ben Woollaston	http://rdf.freebase.com/ns/people.person.gender	Gender	http://rdf.freebase.com/ns/m.05zppz	entity	Male
http://rdf.freebase.com/ns/m.04169pj	Ben Woollaston	http://rdf.freebase.com/ns/people.person.nationality	Country of nationality	http://rdf.freebase.com/ns/m.02jx1	entity	England
http://rdf.freebase.com/ns/m.04169pj	Ben Woollaston	http://rdf.freebase.com/ns/people.person.place_of_birth	Place of birth	http://rdf.freebase.com/ns/m.0dhdp	entity	Leicester
http://rdf.freebase.com/ns/m.04169pj	Ben Woollaston	http://rdf.freebase.com/ns/type.object.key	Key	/en/ben_woollaston	http://www.w3.org/2001/XMLSchema#string	
http://rdf.freebase.com/ns/m.04169pj	Ben Woollaston	http://rdf.freebase.com/ns/type.object.key	Key	/source/videosurf/189760	http://www.w3.org/2001/XMLSchema#string	
http://rdf.freebase.com/ns/m.04169pj	Ben Woollaston	http://rdf.freebase.com/ns/type.object.key	Key	/wikipedia/de/Ben_Woollaston	http://www.w3.org/2001/XMLSchema#string	
http://rdf.freebase.com/ns/m.04169pj	Ben Woollaston	http://rdf.freebase.com/ns/type.object.key	Key	/wikipedia/de/Woollaston	http://www.w3.org/2001/XMLSchema#string	
http://rdf.freebase.com/ns/m.04169pj	Ben Woollaston	http://rdf.freebase.com/ns/type.object.key	Key	/wikipedia/de_id/6409691	http://www.w3.org/2001/XMLSchema#string	
http://rdf.freebase.com/ns/m.04169pj	Ben Woollaston	http://rdf.freebase.com/ns/type.object.key	Key	/wikipedia/de_title/Ben_Woollaston	http://www.w3.org/2001/XMLSchema#string	
http://rdf.freebase.com/ns/m.04169pj	Ben Woollaston	http://rdf.freebase.com/ns/type.object.key	Key	/wikipedia/en/Ben_Woollaston	http://www.w3.org/2001/XMLSchema#string	
http://rdf.freebase.com/ns/m.04169pj	Ben Woollaston	http://rdf.freebase.com/ns/type.object.key	Key	/wikipedia/en_id/17035745	http://www.w3.org/2001/XMLSchema#string	
http://rdf.freebase.com/ns/m.04169pj	Ben Woollaston	http://rdf.freebase.com/ns/type.object.key	Key	/wikipedia/en_title/Ben_Woollaston	http://www.w3.org/2001/XMLSchema#string	
http://rdf.freebase.com/ns/m.04169pj	Ben Woollaston	http://rdf.freebase.com/ns/type.object.key	Key	/wikipedia/fr/Ben_Woollaston	http://www.w3.org/2001/XMLSchema#string	
http://rdf.freebase.com/ns/m.04169pj	Ben Woollaston	http://rdf.freebase.com/ns/type.object.key	Key	/wikipedia/fr_id/7061379	http://www.w3.org/2001/XMLSchema#string	
http://rdf.freebase.com/ns/m.04169pj	Ben Woollaston	http://rdf.freebase.com/ns/type.object.key	Key	/wikipedia/fr_title/Ben_Woollaston	http://www.w3.org/2001/XMLSchema#string	
http://rdf.freebase.com/ns/m.04169pj	Ben Woollaston	http://rdf.freebase.com/ns/type.object.key	Key	/wikipedia/pl/Ben_Woollaston	http://www.w3.org/2001/XMLSchema#string	
http://rdf.freebase.com/ns/m.04169pj	Ben Woollaston	http://rdf.freebase.com/ns/type.object.key	Key	/wikipedia/pl_id/1876592	http://www.w3.org/2001/XMLSchema#string	
http://rdf.freebase.com/ns/m.04169pj	Ben Woollaston	http://rdf.freebase.com/ns/type.object.key	Key	/wikipedia/pl_title/Ben_Woollaston	http://www.w3.org/2001/XMLSchema#string	
http://rdf.freebase.com/ns/m.04169pj	Ben Woollaston	http://rdf.freebase.com/ns/type.object.key	Key	/wikipedia/ru/Бен_Вулластон	http://www.w3.org/2001/XMLSchema#string	
http://rdf.freebase.com/ns/m.04169pj	Ben Woollaston	http://rdf.freebase.com/ns/type.object.key	Key	/wikipedia/ru/Бен_Уолластон	http://www.w3.org/2001/XMLSchema#string	
http://rdf.freebase.com/ns/m.04169pj	Ben Woollaston	http://rdf.freebase.com/ns/type.object.key	Key	/wikipedia/ru/Бен_Уоллестон	http://www.w3.org/2001/XMLSchema#string	
http://rdf.freebase.com/ns/m.04169pj	Ben Woollaston	http://rdf.freebase.com/ns/type.object.key	Key	/wikipedia/ru/Вулластон,_Бен	http://www.w3.org/2001/XMLSchema#string	
http://rdf.freebase.com/ns/m.04169pj	Ben Woollaston	http://rdf.freebase.com/ns/type.object.key	Key	/wikipedia/ru/Уоллестон,_Бен	http://www.w3.org/2001/XMLSchema#string	
http://rdf.freebase.com/ns/m.04169pj	Ben Woollaston	http://rdf.freebase.com/ns/type.object.key	Key	/wikipedia/ru_id/2227166	http://www.w3.org/2001/XMLSchema#string	
http://rdf.freebase.com/ns/m.04169pj	Ben Woollaston	http://rdf.freebase.com/ns/type.object.key	Key	/wikipedia/ru_title/Вулластон,_Бен	http://www.w3.org/2001/XMLSchema#string	
http://rdf.freebase.com/ns/m.04169pj	Ben Woollaston	http://rdf.freebase.com/ns/type.object.key	Key	/wikipedia/sl/Ben_Woollaston	http://www.w3.org/2001/XMLSchema#string	
http://rdf.freebase.com/ns/m.04169pj	Ben Woollaston	http://rdf.freebase.com/ns/type.object.key	Key	/wikipedia/sl_id/231586	http://www.w3.org/2001/XMLSchema#string	
http://rdf.freebase.com/ns/m.04169pj	Ben Woollaston	http://rdf.freebase.com/ns/type.object.key	Key	/wikipedia/sl_title/Ben_Woollaston	http://www.w3.org/2001/XMLSchema#string	
http://rdf.freebase.com/ns/m.04169pj	Ben Woollaston	http://rdf.freebase.com/ns/type.object.key	Key	/wikipedia/sv/Ben_Woollaston	http://www.w3.org/2001/XMLSchema#string	
http://rdf.freebase.com/ns/m.04169pj	Ben Woollaston	http://rdf.freebase.com/ns/type.object.key	Key	/wikipedia/sv_id/1486410	http://www.w3.org/2001/XMLSchema#string	
http://rdf.freebase.com/ns/m.04169pj	Ben Woollaston	http://rdf.freebase.com/ns/type.object.key	Key	/wikipedia/sv_title/Ben_Woollaston	http://www.w3.org/2001/XMLSchema#string	
http://rdf.freebase.com/ns/m.04169pj	Ben Woollaston	http://rdf.freebase.com/ns/type.object.key	Key	/wikipedia/th/Ben_Woollaston	http://www.w3.org/2001/XMLSchema#string	
http://rdf.freebase.com/ns/m.04169pj	Ben Woollaston	http://rdf.freebase.com/ns/type.object.key	Key	/wikipedia/th/เบน_วูลลาสตัน	http://www.w3.org/2001/XMLSchema#string	
http://rdf.freebase.com/ns/m.04169pj	Ben Woollaston	http://rdf.freebase.com/ns/type.object.key	Key	/wikipedia/th_id/704392	http://www.w3.org/2001/XMLSchema#string	
http://rdf.freebase.com/ns/m.04169pj	Ben Woollaston	http://rdf.freebase.com/ns/type.object.key	Key	/wikipedia/th_title/เบน_วูลลาสตัน	http://www.w3.org/2001/XMLSchema#string	
http://rdf.freebase.com/ns/m.04169pj	Ben Woollaston	http://rdf.freebase.com/ns/type.object.key	Key	/wikipedia/uk/Бен_Вулластон	http://www.w3.org/2001/XMLSchema#string	
http://rdf.freebase.com/ns/m.04169pj	Ben Woollaston	http://rdf.freebase.com/ns/type.object.key	Key	/wikipedia/uk_id/1065103	http://www.w3.org/2001/XMLSchema#string	
http://rdf.freebase.com/ns/m.04169pj	Ben Woollaston	http://rdf.freebase.com/ns/type.object.key	Key	/wikipedia/uk_title/Бен_Вулластон	http://www.w3.org/2001/XMLSchema#string	
http://rdf.freebase.com/ns/m.04169pj	Ben Woollaston	http://rdf.freebase.com/ns/type.object.name	Name	Ben Woollaston	http://www.w3.org/1999/02/22-rdf-syntax-ns#langString	
http://rdf.freebase.com/ns/m.04169pj	Ben Woollaston	http://rdf.freebase.com/ns/type.object.type	Type	http://rdf.freebase.com/ns/base.leicester.topic	entity	Topic
http://rdf.freebase.com/ns/m.04169pj	Ben Woollaston	http://rdf.freebase.com/ns/type.object.type	Type	http://rdf.freebase.com/ns/base.type_ontology.agent	entity	Agent
http://rdf.freebase.com/ns/m.04169pj	Ben Woollaston	http://rdf.freebase.com/ns/type.object.type	Type	http://rdf.freebase.com/ns/base.type_ontology.animate	entity	Animate
http://rdf.freebase.com/ns/m.04169pj	Ben Woollaston	http://rdf.freebase.com/ns/type.object.type	Type	http://rdf.freebase.com/ns/base.type_ontology.physically_instantiable	entity	Physically Instantiable
http://rdf.freebase.com/ns/m.04169pj	Ben Woollaston	http://rdf.freebase.com/ns/type.object.type	Type	http://rdf.freebase.com/ns/common.topic	entity	Topic
http://rdf.freebase.com/ns/m.04169pj	Ben Woollaston	http://rdf.freebase.com/ns/type.object.type	Type	http://rdf.freebase.com/ns/people.person	entity	Person
http://rdf.freebase.com/ns/m.04169pj	Ben Woollaston	http://www.w3.org/1999/02/22-rdf-syntax-ns#type	type	http://rdf.freebase.com/ns/base.leicester.topic	entity	Topic
http://rdf.freebase.com/ns/m.04169pj	Ben Woollaston	http://www.w3.org/1999/02/22-rdf-syntax-ns#type	type	http://rdf.freebase.com/ns/base.type_ontology.agent	entity	Agent
http://rdf.freebase.com/ns/m.04169pj	Ben Woollaston	http://www.w3.org/1999/02/22-rdf-syntax-ns#type	type	http://rdf.freebase.com/ns/base.type_ontology.animate	entity	Animate
http://rdf.freebase.com/ns/m.04169pj	Ben Woollaston	http://www.w3.org/1999/02/22-rdf-syntax-ns#type	type	http://rdf.freebase.com/ns/base.type_ontology.physically_instantiable	entity	Physically Instantiable
http://rdf.freebase.com/ns/m.04169pj	Ben Woollaston	http://www.w3.org/1999/02/22-rdf-syntax-ns#type	type	http://rdf.freebase.com/ns/common.topic	entity	Topic
http://rdf.freebase.com/ns/m.04169pj	Ben Woollaston	http://www.w3.org/1999/02/22-rdf-syntax-ns#type	type	http://rdf.freebase.com/ns/people.person	entity	Person
http://rdf.freebase.com/ns/m.04169pj	Ben Woollaston	http://www.w3.org/2000/01/rdf-schema#label	label	Ben Woollaston	http://www.w3.org/1999/02/22-rdf-syntax-ns#langString	
