sub	subl	prop	propl	obj	obj_t	obj_l
http://rdf.freebase.com/ns/m.03b_2n1	Philip Woollaston	http://rdf.freebase.com/key/en	com/key/en	philip_woollaston	http://www.w3.org/2001/XMLSchema#string	
http://rdf.freebase.com/ns/m.03b_2n1	Philip Woollaston	http://rdf.freebase.com/key/wikipedia.en	en	Philip_Woolaston	http://www.w3.org/2001/XMLSchema#string	
http://rdf.freebase.com/ns/m.03b_2n1	Philip Woollaston	http://rdf.freebase.com/key/wikipedia.en	en	Philip_Woollaston	http://www.w3.org/2001/XMLSchema#string	
http://rdf.freebase.com/ns/m.03b_2n1	Philip Woollaston	http://rdf.freebase.com/key/wikipedia.en_id	en_id	13245146	http://www.w3.org/2001/XMLSchema#string	
http://rdf.freebase.com/ns/m.03b_2n1	Philip Woollaston	http://rdf.freebase.com/key/wikipedia.en_title	en_title	Philip_Woollaston	http://www.w3.org/2001/XMLSchema#string	
http://rdf.freebase.com/ns/m.03b_2n1	Philip Woollaston	http://rdf.freebase.com/ns/common.topic.article	Article	Hon Philip Tosswill Edmond Woollaston (born 1944) was a New Zealand member of Parliament of the Labour Party from 1981 to 1990 and Mayor of Nelson, New Zealand from 1992 to 1998. Woollaston was born at Motueka on 17 August 1944. He is the son of New Zealand artist Sir Mountford Tosswill Woollaston and Edith Winifred Alexander. He is married with two children. Woollaston attended Greymouth Main Primary School and Cobden Primary School. While his parents were overseas he attended St. Andrew's College (New Zealand) (1958–1962) as a boarder. He graduated from Canterbury University with a Batchelor of Science (1971) and Christchurch Teachers College with a Diploma in Teaching (1971). Woollaston taught at Linwood High School (1972–1974), lectured at University (1975), and taught at both Collingwood District High School (1976–1977) and Collingwood Area School (1977-1980 before embarking on a political career. Woollaston joined the New Zealand Labour Party in 1975. He was Secretary of the Labour Party Policy Council from 1982 to 1984. He was a Golden Bay County Councillor and on the Nelson Regional Airport Authority from 1977 to 1980. Woollaston was also on the Nelson Bays United Council	http://www.w3.org/1999/02/22-rdf-syntax-ns#langString	
http://rdf.freebase.com/ns/m.03b_2n1	Philip Woollaston	http://rdf.freebase.com/ns/common.topic.description	Description	Philip Tosswill Edmond Woollaston is a former New Zealand Labour Party politician. He was Member of Parliament for Nelson from 1981 to 1990 and Mayor of Nelson from 1992 to 1998.	http://www.w3.org/1999/02/22-rdf-syntax-ns#langString	
http://rdf.freebase.com/ns/m.03b_2n1	Philip Woollaston	http://rdf.freebase.com/ns/common.topic.notable_for	Notable for	Politician	http://www.w3.org/1999/02/22-rdf-syntax-ns#langString	
http://rdf.freebase.com/ns/m.03b_2n1	Philip Woollaston	http://rdf.freebase.com/ns/common.topic.notable_types	Notable types	http://rdf.freebase.com/ns/m.02xlh55	entity	Politician
http://rdf.freebase.com/ns/m.03b_2n1	Philip Woollaston	http://rdf.freebase.com/ns/common.topic.topic_equivalent_webpage	Topic equivalent webpage	http://en.wikipedia.org/wiki/Philip_Woollaston	uri	null
http://rdf.freebase.com/ns/m.03b_2n1	Philip Woollaston	http://rdf.freebase.com/ns/common.topic.topic_equivalent_webpage	Topic equivalent webpage	http://en.wikipedia.org/wiki/index.html?curid=13245146	uri	null
http://rdf.freebase.com/ns/m.03b_2n1	Philip Woollaston	http://rdf.freebase.com/ns/kg.object_profile.prominent_type	prominent type	http://rdf.freebase.com/ns/government.politician	entity	Politician
http://rdf.freebase.com/ns/m.03b_2n1	Philip Woollaston	http://rdf.freebase.com/ns/people.person.date_of_birth	Date of birth	1944-08-17	http://www.w3.org/2001/XMLSchema#date	
http://rdf.freebase.com/ns/m.03b_2n1	Philip Woollaston	http://rdf.freebase.com/ns/people.person.education	Education	http://rdf.freebase.com/ns/m.0_l1hz_	entity	University of Canterbury
http://rdf.freebase.com/ns/m.03b_2n1	Philip Woollaston	http://rdf.freebase.com/ns/people.person.gender	Gender	http://rdf.freebase.com/ns/m.05zppz	entity	Male
http://rdf.freebase.com/ns/m.03b_2n1	Philip Woollaston	http://rdf.freebase.com/ns/people.person.place_of_birth	Place of birth	http://rdf.freebase.com/ns/m.0ctw_b	entity	New Zealand
http://rdf.freebase.com/ns/m.03b_2n1	Philip Woollaston	http://rdf.freebase.com/ns/type.object.key	Key	/en/philip_woollaston	http://www.w3.org/2001/XMLSchema#string	
http://rdf.freebase.com/ns/m.03b_2n1	Philip Woollaston	http://rdf.freebase.com/ns/type.object.key	Key	/wikipedia/en/Philip_Woolaston	http://www.w3.org/2001/XMLSchema#string	
http://rdf.freebase.com/ns/m.03b_2n1	Philip Woollaston	http://rdf.freebase.com/ns/type.object.key	Key	/wikipedia/en/Philip_Woollaston	http://www.w3.org/2001/XMLSchema#string	
http://rdf.freebase.com/ns/m.03b_2n1	Philip Woollaston	http://rdf.freebase.com/ns/type.object.key	Key	/wikipedia/en_id/13245146	http://www.w3.org/2001/XMLSchema#string	
http://rdf.freebase.com/ns/m.03b_2n1	Philip Woollaston	http://rdf.freebase.com/ns/type.object.key	Key	/wikipedia/en_title/Philip_Woollaston	http://www.w3.org/2001/XMLSchema#string	
http://rdf.freebase.com/ns/m.03b_2n1	Philip Woollaston	http://rdf.freebase.com/ns/type.object.name	Name	Philip Woollaston	http://www.w3.org/1999/02/22-rdf-syntax-ns#langString	
http://rdf.freebase.com/ns/m.03b_2n1	Philip Woollaston	http://rdf.freebase.com/ns/type.object.type	Type	http://rdf.freebase.com/ns/base.type_ontology.agent	entity	Agent
http://rdf.freebase.com/ns/m.03b_2n1	Philip Woollaston	http://rdf.freebase.com/ns/type.object.type	Type	http://rdf.freebase.com/ns/base.type_ontology.animate	entity	Animate
http://rdf.freebase.com/ns/m.03b_2n1	Philip Woollaston	http://rdf.freebase.com/ns/type.object.type	Type	http://rdf.freebase.com/ns/base.type_ontology.physically_instantiable	entity	Physically Instantiable
http://rdf.freebase.com/ns/m.03b_2n1	Philip Woollaston	http://rdf.freebase.com/ns/type.object.type	Type	http://rdf.freebase.com/ns/common.topic	entity	Topic
http://rdf.freebase.com/ns/m.03b_2n1	Philip Woollaston	http://rdf.freebase.com/ns/type.object.type	Type	http://rdf.freebase.com/ns/government.politician	entity	Politician
http://rdf.freebase.com/ns/m.03b_2n1	Philip Woollaston	http://rdf.freebase.com/ns/type.object.type	Type	http://rdf.freebase.com/ns/people.person	entity	Person
http://rdf.freebase.com/ns/m.03b_2n1	Philip Woollaston	http://www.w3.org/1999/02/22-rdf-syntax-ns#type	type	http://rdf.freebase.com/ns/base.type_ontology.agent	entity	Agent
http://rdf.freebase.com/ns/m.03b_2n1	Philip Woollaston	http://www.w3.org/1999/02/22-rdf-syntax-ns#type	type	http://rdf.freebase.com/ns/base.type_ontology.animate	entity	Animate
http://rdf.freebase.com/ns/m.03b_2n1	Philip Woollaston	http://www.w3.org/1999/02/22-rdf-syntax-ns#type	type	http://rdf.freebase.com/ns/base.type_ontology.physically_instantiable	entity	Physically Instantiable
http://rdf.freebase.com/ns/m.03b_2n1	Philip Woollaston	http://www.w3.org/1999/02/22-rdf-syntax-ns#type	type	http://rdf.freebase.com/ns/common.topic	entity	Topic
http://rdf.freebase.com/ns/m.03b_2n1	Philip Woollaston	http://www.w3.org/1999/02/22-rdf-syntax-ns#type	type	http://rdf.freebase.com/ns/government.politician	entity	Politician
http://rdf.freebase.com/ns/m.03b_2n1	Philip Woollaston	http://www.w3.org/1999/02/22-rdf-syntax-ns#type	type	http://rdf.freebase.com/ns/people.person	entity	Person
http://rdf.freebase.com/ns/m.03b_2n1	Philip Woollaston	http://www.w3.org/2000/01/rdf-schema#label	label	Philip Woollaston	http://www.w3.org/1999/02/22-rdf-syntax-ns#langString	
