sub	subl	prop	propl	obj	obj_t	obj_l
http://www.wikidata.org/entity/Q5129262	Claudia Severa	http://schema.org/description	description	Roman writer	http://www.w3.org/1999/02/22-rdf-syntax-ns#langString	
http://www.wikidata.org/entity/Q5129262	Claudia Severa	http://www.w3.org/1999/02/22-rdf-syntax-ns#type	type	http://www.wikidata.org/entity/Q5	entity	human
http://www.wikidata.org/entity/Q5129262	Claudia Severa	http://www.w3.org/1999/02/22-rdf-syntax-ns#type	type	http://www.wikidata.org/ontology#Item	entity	Item
http://www.wikidata.org/entity/Q5129262	Claudia Severa	http://www.w3.org/2000/01/rdf-schema#label	label	Claudia Severa	http://www.w3.org/1999/02/22-rdf-syntax-ns#langString	
http://www.wikidata.org/entity/Q5129262	Claudia Severa	http://www.wikidata.org/entity/P1415c	Oxford Biography Index Number	101095669	http://www.w3.org/2001/XMLSchema#string	
http://www.wikidata.org/entity/Q5129262	Claudia Severa	http://www.wikidata.org/entity/P21c	sex or gender	http://www.wikidata.org/entity/Q6581072	entity	female
http://www.wikidata.org/entity/Q5129262	Claudia Severa	http://www.wikidata.org/entity/P2348c	period	http://www.wikidata.org/entity/Q2277	entity	Roman Empire
http://www.wikidata.org/entity/Q5129262	Claudia Severa	http://www.wikidata.org/entity/P31c	instance of	http://www.wikidata.org/entity/Q5	entity	human
http://www.wikidata.org/entity/Q5129262	Claudia Severa	http://www.wikidata.org/entity/P735c	given name	http://www.wikidata.org/entity/Q2936353	entity	Claudia
