sub	subl	prop	propl	obj	obj_t	obj_l
http://www.wikidata.org/entity/Q5395138	Ernst Severa	http://schema.org/description	description	Austrian canoeist	http://www.w3.org/1999/02/22-rdf-syntax-ns#langString	
http://www.wikidata.org/entity/Q5395138	Ernst Severa	http://www.w3.org/1999/02/22-rdf-syntax-ns#type	type	http://www.wikidata.org/entity/Q5	entity	human
http://www.wikidata.org/entity/Q5395138	Ernst Severa	http://www.w3.org/1999/02/22-rdf-syntax-ns#type	type	http://www.wikidata.org/ontology#Item	entity	Item
http://www.wikidata.org/entity/Q5395138	Ernst Severa	http://www.w3.org/2000/01/rdf-schema#label	label	Ernst Severa	http://www.w3.org/1999/02/22-rdf-syntax-ns#langString	
http://www.wikidata.org/entity/Q5395138	Ernst Severa	http://www.wikidata.org/entity/P106c	occupation	http://www.wikidata.org/entity/Q13382566	entity	canoer
http://www.wikidata.org/entity/Q5395138	Ernst Severa	http://www.wikidata.org/entity/P1344c	participant of	http://www.wikidata.org/entity/Q8420	entity	1964 Summer Olympics
http://www.wikidata.org/entity/Q5395138	Ernst Severa	http://www.wikidata.org/entity/P1447c	Sports Reference ID	se/ernst-severa-1	http://www.w3.org/2001/XMLSchema#string	
http://www.wikidata.org/entity/Q5395138	Ernst Severa	http://www.wikidata.org/entity/P21c	sex or gender	http://www.wikidata.org/entity/Q6581097	entity	male
http://www.wikidata.org/entity/Q5395138	Ernst Severa	http://www.wikidata.org/entity/P27c	country of citizenship	http://www.wikidata.org/entity/Q40	entity	Austria
http://www.wikidata.org/entity/Q5395138	Ernst Severa	http://www.wikidata.org/entity/P31c	instance of	http://www.wikidata.org/entity/Q5	entity	human
http://www.wikidata.org/entity/Q5395138	Ernst Severa	http://www.wikidata.org/entity/P569c	date of birth	1934-09-21	http://www.w3.org/2001/XMLSchema#date	
http://www.wikidata.org/entity/Q5395138	Ernst Severa	http://www.wikidata.org/entity/P641c	sport	http://www.wikidata.org/entity/Q213934	entity	canoeing and kayaking
http://www.wikidata.org/entity/Q5395138	Ernst Severa	http://www.wikidata.org/entity/P735c	given name	http://www.wikidata.org/entity/Q292691	entity	Ernst
