sub	subl	prop	propl	obj	obj_t	obj_l
http://dbpedia.org/resource/Ernst_Severa	Ernst Severa	http://dbpedia.org/ontology/abstract	has abstract	Ernst Severa (born September 21, 1934) is an Austrian who competed in the four man kayak and who competed in the mid-1960s. He was eliminated in the semifinals of the K-4 1000 m event at the 1964 Summer Olympics in Tokyo.	http://www.w3.org/1999/02/22-rdf-syntax-ns#langString	
http://dbpedia.org/resource/Ernst_Severa	Ernst Severa	http://dbpedia.org/ontology/birthDate	birth date	1934-09-21	http://www.w3.org/2001/XMLSchema#date	
http://dbpedia.org/resource/Ernst_Severa	Ernst Severa	http://dbpedia.org/ontology/wikiPageExternalLink	Link from a Wikipage to an external page	http://www.sports-reference.com/olympics/athletes/se/ernst-severa-1.html	uri	null
http://dbpedia.org/resource/Ernst_Severa	Ernst Severa	http://dbpedia.org/ontology/wikiPageID	Wikipage page ID	24244410	http://www.w3.org/2001/XMLSchema#integer	
http://dbpedia.org/resource/Ernst_Severa	Ernst Severa	http://dbpedia.org/ontology/wikiPageLength	page length (characters) of wiki page	663	http://www.w3.org/2001/XMLSchema#nonNegativeInteger	
http://dbpedia.org/resource/Ernst_Severa	Ernst Severa	http://dbpedia.org/ontology/wikiPageOutDegree	Wiki page out degree	8	http://www.w3.org/2001/XMLSchema#nonNegativeInteger	
http://dbpedia.org/resource/Ernst_Severa	Ernst Severa	http://dbpedia.org/ontology/wikiPageRevisionID	Wikipage revision ID	743186879	http://www.w3.org/2001/XMLSchema#integer	
http://dbpedia.org/resource/Ernst_Severa	Ernst Severa	http://purl.org/dc/terms/description	Description	Austrian canoeist	http://www.w3.org/1999/02/22-rdf-syntax-ns#langString	
http://dbpedia.org/resource/Ernst_Severa	Ernst Severa	http://purl.org/dc/terms/subject	Subject	http://dbpedia.org/resource/Category:1934_births	entity	1934 births
http://dbpedia.org/resource/Ernst_Severa	Ernst Severa	http://purl.org/dc/terms/subject	Subject	http://dbpedia.org/resource/Category:Austrian_male_canoeists	entity	Austrian male canoeists
http://dbpedia.org/resource/Ernst_Severa	Ernst Severa	http://purl.org/dc/terms/subject	Subject	http://dbpedia.org/resource/Category:Canoeists_at_the_1964_Summer_Olympics	entity	Canoeists at the 1964 Summer Olympics
http://dbpedia.org/resource/Ernst_Severa	Ernst Severa	http://purl.org/dc/terms/subject	Subject	http://dbpedia.org/resource/Category:Living_people	entity	Living people
http://dbpedia.org/resource/Ernst_Severa	Ernst Severa	http://purl.org/dc/terms/subject	Subject	http://dbpedia.org/resource/Category:Olympic_canoeists_of_Austria	entity	Olympic canoeists of Austria
http://dbpedia.org/resource/Ernst_Severa	Ernst Severa	http://www.w3.org/1999/02/22-rdf-syntax-ns#type	type	http://dbpedia.org/ontology/Person	entity	person
http://dbpedia.org/resource/Ernst_Severa	Ernst Severa	http://www.w3.org/2000/01/rdf-schema#comment	comment	Ernst Severa (born September 21, 1934) is an Austrian who competed in the four man kayak and who competed in the mid-1960s. He was eliminated in the semifinals of the K-4 1000 m event at the 1964 Summer Olympics in Tokyo.	http://www.w3.org/1999/02/22-rdf-syntax-ns#langString	
http://dbpedia.org/resource/Ernst_Severa	Ernst Severa	http://www.w3.org/2000/01/rdf-schema#label	label	Ernst Severa	http://www.w3.org/1999/02/22-rdf-syntax-ns#langString	
http://dbpedia.org/resource/Ernst_Severa	Ernst Severa	http://www.w3.org/2002/07/owl#sameAs	sameAs	http://dbpedia.org/resource/Ernst_Severa	entity	Ernst Severa
http://dbpedia.org/resource/Ernst_Severa	Ernst Severa	http://www.w3.org/2002/07/owl#sameAs	sameAs	http://rdf.freebase.com/ns/m.07s5tcl	entity	Ernst Severa
http://dbpedia.org/resource/Ernst_Severa	Ernst Severa	http://www.w3.org/2002/07/owl#sameAs	sameAs	http://www.wikidata.org/entity/Q5395138	entity	Ernst Severa
http://dbpedia.org/resource/Ernst_Severa	Ernst Severa	http://www.w3.org/ns/prov#wasDerivedFrom	wasDerivedFrom	http://en.wikipedia.org/wiki/Ernst_Severa?oldid=743186879	uri	null
http://dbpedia.org/resource/Ernst_Severa	Ernst Severa	http://xmlns.com/foaf/0.1/gender	gender	male	http://www.w3.org/1999/02/22-rdf-syntax-ns#langString	
http://dbpedia.org/resource/Ernst_Severa	Ernst Severa	http://xmlns.com/foaf/0.1/givenName	Given name	Ernst	http://www.w3.org/1999/02/22-rdf-syntax-ns#langString	
http://dbpedia.org/resource/Ernst_Severa	Ernst Severa	http://xmlns.com/foaf/0.1/isPrimaryTopicOf	is primary topic of	http://en.wikipedia.org/wiki/Ernst_Severa	uri	null
http://dbpedia.org/resource/Ernst_Severa	Ernst Severa	http://xmlns.com/foaf/0.1/name	name	Ernst Severa	http://www.w3.org/1999/02/22-rdf-syntax-ns#langString	
http://dbpedia.org/resource/Ernst_Severa	Ernst Severa	http://xmlns.com/foaf/0.1/surname	Surname	Severa	http://www.w3.org/1999/02/22-rdf-syntax-ns#langString	
