sub	subl	prop	propl	obj	obj_t	obj_l
http://yago-knowledge.org/resource/Ernst_Severa	Ernst Severa	http://www.w3.org/1999/02/22-rdf-syntax-ns#type	type	http://www.w3.org/2002/07/owl#Thing	entity	Thing
http://yago-knowledge.org/resource/Ernst_Severa	Ernst Severa	http://www.w3.org/1999/02/22-rdf-syntax-ns#type	type	http://yago-knowledge.org/resource/wikicat_Austrian_canoeists	entity	Austrian canoeists
http://yago-knowledge.org/resource/Ernst_Severa	Ernst Severa	http://www.w3.org/1999/02/22-rdf-syntax-ns#type	type	http://yago-knowledge.org/resource/wikicat_Canoeists_at_the_1964_Summer_Olympics	entity	Canoeists at the 1964 Summer Olympics
http://yago-knowledge.org/resource/Ernst_Severa	Ernst Severa	http://www.w3.org/1999/02/22-rdf-syntax-ns#type	type	http://yago-knowledge.org/resource/wikicat_Living_people	entity	Living people
http://yago-knowledge.org/resource/Ernst_Severa	Ernst Severa	http://www.w3.org/1999/02/22-rdf-syntax-ns#type	type	http://yago-knowledge.org/resource/wikicat_Olympic_canoeists_of_Austria	entity	Olympic canoeists of Austria
http://yago-knowledge.org/resource/Ernst_Severa	Ernst Severa	http://www.w3.org/1999/02/22-rdf-syntax-ns#type	type	http://yago-knowledge.org/resource/wordnet_boatman_109861946	entity	boatman
http://yago-knowledge.org/resource/Ernst_Severa	Ernst Severa	http://www.w3.org/1999/02/22-rdf-syntax-ns#type	type	http://yago-knowledge.org/resource/wordnet_canoeist_109891470	entity	canoeist
http://yago-knowledge.org/resource/Ernst_Severa	Ernst Severa	http://www.w3.org/1999/02/22-rdf-syntax-ns#type	type	http://yago-knowledge.org/resource/wordnet_causal_agent_100007347	entity	causal agent
http://yago-knowledge.org/resource/Ernst_Severa	Ernst Severa	http://www.w3.org/1999/02/22-rdf-syntax-ns#type	type	http://yago-knowledge.org/resource/wordnet_living_thing_100004258	entity	living thing
http://yago-knowledge.org/resource/Ernst_Severa	Ernst Severa	http://www.w3.org/1999/02/22-rdf-syntax-ns#type	type	http://yago-knowledge.org/resource/wordnet_object_100002684	entity	object
http://yago-knowledge.org/resource/Ernst_Severa	Ernst Severa	http://www.w3.org/1999/02/22-rdf-syntax-ns#type	type	http://yago-knowledge.org/resource/wordnet_organism_100004475	entity	organism
http://yago-knowledge.org/resource/Ernst_Severa	Ernst Severa	http://www.w3.org/1999/02/22-rdf-syntax-ns#type	type	http://yago-knowledge.org/resource/wordnet_person_100007846	entity	person
http://yago-knowledge.org/resource/Ernst_Severa	Ernst Severa	http://www.w3.org/1999/02/22-rdf-syntax-ns#type	type	http://yago-knowledge.org/resource/wordnet_physical_entity_100001930	entity	physical entity
http://yago-knowledge.org/resource/Ernst_Severa	Ernst Severa	http://www.w3.org/1999/02/22-rdf-syntax-ns#type	type	http://yago-knowledge.org/resource/wordnet_whole_100003553	entity	whole
http://yago-knowledge.org/resource/Ernst_Severa	Ernst Severa	http://www.w3.org/1999/02/22-rdf-syntax-ns#type	type	http://yago-knowledge.org/resource/wordnet_worker_109632518	entity	worker
http://yago-knowledge.org/resource/Ernst_Severa	Ernst Severa	http://www.w3.org/1999/02/22-rdf-syntax-ns#type	type	http://yago-knowledge.org/resource/yagoLegalActor	entity	legal actor
http://yago-knowledge.org/resource/Ernst_Severa	Ernst Severa	http://www.w3.org/1999/02/22-rdf-syntax-ns#type	type	http://yago-knowledge.org/resource/yagoLegalActorGeo	entity	legal actor or geographic entity
http://yago-knowledge.org/resource/Ernst_Severa	Ernst Severa	http://www.w3.org/2000/01/rdf-schema#label	label	Ernst Severa	http://www.w3.org/1999/02/22-rdf-syntax-ns#langString	
http://yago-knowledge.org/resource/Ernst_Severa	Ernst Severa	http://www.w3.org/2000/01/rdf-schema#label	label	Ernst Severa	http://www.w3.org/2001/XMLSchema#string	
http://yago-knowledge.org/resource/Ernst_Severa	Ernst Severa	http://www.w3.org/2002/07/owl#sameAs	sameAs	http://dbpedia.org/resource/Ernst_Severa	entity	Ernst Severa
http://yago-knowledge.org/resource/Ernst_Severa	Ernst Severa	http://www.w3.org/2004/02/skos/core#prefLabel	preferred label	Ernst Severa	http://www.w3.org/1999/02/22-rdf-syntax-ns#langString	
http://yago-knowledge.org/resource/Ernst_Severa	Ernst Severa	http://yago-knowledge.org/resource/hasFamilyName	Surname	Severa	http://www.w3.org/2001/XMLSchema#string	
http://yago-knowledge.org/resource/Ernst_Severa	Ernst Severa	http://yago-knowledge.org/resource/hasGender	sex or gender	http://yago-knowledge.org/resource/male	entity	male
http://yago-knowledge.org/resource/Ernst_Severa	Ernst Severa	http://yago-knowledge.org/resource/hasGivenName	given name	Ernst	http://www.w3.org/2001/XMLSchema#string	
http://yago-knowledge.org/resource/Ernst_Severa	Ernst Severa	http://yago-knowledge.org/resource/hasWikipediaAnchorText	null	1964 Summer Olympics	http://www.w3.org/1999/02/22-rdf-syntax-ns#langString	
http://yago-knowledge.org/resource/Ernst_Severa	Ernst Severa	http://yago-knowledge.org/resource/hasWikipediaAnchorText	null	Austria	http://www.w3.org/1999/02/22-rdf-syntax-ns#langString	
http://yago-knowledge.org/resource/Ernst_Severa	Ernst Severa	http://yago-knowledge.org/resource/hasWikipediaAnchorText	null	K-4 1000 m	http://www.w3.org/1999/02/22-rdf-syntax-ns#langString	
http://yago-knowledge.org/resource/Ernst_Severa	Ernst Severa	http://yago-knowledge.org/resource/hasWikipediaAnchorText	null	Sports-reference.com profile	http://www.w3.org/1999/02/22-rdf-syntax-ns#langString	
http://yago-knowledge.org/resource/Ernst_Severa	Ernst Severa	http://yago-knowledge.org/resource/hasWikipediaAnchorText	null	Tokyo	http://www.w3.org/1999/02/22-rdf-syntax-ns#langString	
http://yago-knowledge.org/resource/Ernst_Severa	Ernst Severa	http://yago-knowledge.org/resource/hasWikipediaAnchorText	null	sprint canoer	http://www.w3.org/1999/02/22-rdf-syntax-ns#langString	
http://yago-knowledge.org/resource/Ernst_Severa	Ernst Severa	http://yago-knowledge.org/resource/wasBornOnDate	date of birth	1934-01-01	http://www.w3.org/2001/XMLSchema#date	
