sub	subl	prop	propl	obj	obj_t	obj_l
http://dbpedia.org/resource/Marcia_Otacilia_Severa	Marcia Otacilia Severa	http://dbpedia.org/ontology/abstract	has abstract	Marcia Otacilia Severa or Otacilia Severa was the Empress of Rome and wife of Emperor Marcus Julius Philippus or Philip the Arab, who reigned over the Roman Empire from 244 to 249. She was a member of the ancient gens Otacilia, of consular and senatorial rank. Her father was Otacilius Severus or Severianus, who served as Roman Governor of Macedonia and Moesia, while her mother was a member of gens Marcius or was related to the gens. According to sources she had a brother called Severianus, who served as Roman Governor of Lower Moesia between 246–247.	http://www.w3.org/1999/02/22-rdf-syntax-ns#langString	
http://dbpedia.org/resource/Marcia_Otacilia_Severa	Marcia Otacilia Severa	http://dbpedia.org/ontology/birthDate	birth date	300-01-01	http://www.w3.org/2001/XMLSchema#date	
http://dbpedia.org/resource/Marcia_Otacilia_Severa	Marcia Otacilia Severa	http://dbpedia.org/ontology/deathDate	death date	300-01-01	http://www.w3.org/2001/XMLSchema#date	
http://dbpedia.org/resource/Marcia_Otacilia_Severa	Marcia Otacilia Severa	http://dbpedia.org/ontology/thumbnail	thumbnail	http://commons.wikimedia.org/wiki/Special:FilePath/Otacilia_Severa_Musei_Capitolini_MC2765.jpg?width=300	uri	null
http://dbpedia.org/resource/Marcia_Otacilia_Severa	Marcia Otacilia Severa	http://dbpedia.org/ontology/wikiPageExternalLink	Link from a Wikipage to an external page	http://ettuantiquities.com/Philip_1/Otacilia-index.htm	uri	null
http://dbpedia.org/resource/Marcia_Otacilia_Severa	Marcia Otacilia Severa	http://dbpedia.org/ontology/wikiPageExternalLink	Link from a Wikipage to an external page	http://www.forumancientcoins.com/NumisWiki/view.asp?key=Otacilia%20Severa	uri	null
http://dbpedia.org/resource/Marcia_Otacilia_Severa	Marcia Otacilia Severa	http://dbpedia.org/ontology/wikiPageExternalLink	Link from a Wikipage to an external page	http://www.forumancientcoins.com/catalog/roman-and-greek-coins.asp?vpar=718	uri	null
http://dbpedia.org/resource/Marcia_Otacilia_Severa	Marcia Otacilia Severa	http://dbpedia.org/ontology/wikiPageExternalLink	Link from a Wikipage to an external page	http://www.livius.org/on-oz/otacilia/otacilia.html	uri	null
http://dbpedia.org/resource/Marcia_Otacilia_Severa	Marcia Otacilia Severa	http://dbpedia.org/ontology/wikiPageExternalLink	Link from a Wikipage to an external page	http://www.wildwinds.com/coins/ric/otacilia_severa/t.html	uri	null
http://dbpedia.org/resource/Marcia_Otacilia_Severa	Marcia Otacilia Severa	http://dbpedia.org/ontology/wikiPageID	Wikipage page ID	12246233	http://www.w3.org/2001/XMLSchema#integer	
http://dbpedia.org/resource/Marcia_Otacilia_Severa	Marcia Otacilia Severa	http://dbpedia.org/ontology/wikiPageLength	page length (characters) of wiki page	4588	http://www.w3.org/2001/XMLSchema#nonNegativeInteger	
http://dbpedia.org/resource/Marcia_Otacilia_Severa	Marcia Otacilia Severa	http://dbpedia.org/ontology/wikiPageOutDegree	Wiki page out degree	38	http://www.w3.org/2001/XMLSchema#nonNegativeInteger	
http://dbpedia.org/resource/Marcia_Otacilia_Severa	Marcia Otacilia Severa	http://dbpedia.org/ontology/wikiPageRevisionID	Wikipage revision ID	742534832	http://www.w3.org/2001/XMLSchema#integer	
http://dbpedia.org/resource/Marcia_Otacilia_Severa	Marcia Otacilia Severa	http://purl.org/dc/terms/description	Description	Empress	http://www.w3.org/1999/02/22-rdf-syntax-ns#langString	
http://dbpedia.org/resource/Marcia_Otacilia_Severa	Marcia Otacilia Severa	http://purl.org/dc/terms/subject	Subject	http://dbpedia.org/resource/Category:3rd-century_Romans	entity	3rd-century Romans
http://dbpedia.org/resource/Marcia_Otacilia_Severa	Marcia Otacilia Severa	http://purl.org/dc/terms/subject	Subject	http://dbpedia.org/resource/Category:3rd-century_women	entity	3rd-century women
http://dbpedia.org/resource/Marcia_Otacilia_Severa	Marcia Otacilia Severa	http://purl.org/dc/terms/subject	Subject	http://dbpedia.org/resource/Category:Augustae	entity	Augustae
http://dbpedia.org/resource/Marcia_Otacilia_Severa	Marcia Otacilia Severa	http://purl.org/dc/terms/subject	Subject	http://dbpedia.org/resource/Category:Crisis_of_the_Third_Century	entity	Crisis of the Third Century
http://dbpedia.org/resource/Marcia_Otacilia_Severa	Marcia Otacilia Severa	http://purl.org/dc/terms/subject	Subject	http://dbpedia.org/resource/Category:Marcii	entity	Marcii
http://dbpedia.org/resource/Marcia_Otacilia_Severa	Marcia Otacilia Severa	http://purl.org/dc/terms/subject	Subject	http://dbpedia.org/resource/Category:Philip_the_Arab	entity	Philip the Arab
http://dbpedia.org/resource/Marcia_Otacilia_Severa	Marcia Otacilia Severa	http://purl.org/dc/terms/subject	Subject	http://dbpedia.org/resource/Category:Roman_empresses	entity	Roman empresses
http://dbpedia.org/resource/Marcia_Otacilia_Severa	Marcia Otacilia Severa	http://purl.org/dc/terms/subject	Subject	http://dbpedia.org/resource/Category:Year_of_birth_unknown	entity	Year of birth unknown
http://dbpedia.org/resource/Marcia_Otacilia_Severa	Marcia Otacilia Severa	http://purl.org/dc/terms/subject	Subject	http://dbpedia.org/resource/Category:Year_of_death_unknown	entity	Year of death unknown
http://dbpedia.org/resource/Marcia_Otacilia_Severa	Marcia Otacilia Severa	http://www.w3.org/1999/02/22-rdf-syntax-ns#type	type	http://dbpedia.org/ontology/Person	entity	person
http://dbpedia.org/resource/Marcia_Otacilia_Severa	Marcia Otacilia Severa	http://www.w3.org/2000/01/rdf-schema#comment	comment	Marcia Otacilia Severa or Otacilia Severa was the Empress of Rome and wife of Emperor Marcus Julius Philippus or Philip the Arab, who reigned over the Roman Empire from 244 to 249. She was a member of the ancient gens Otacilia, of consular and senatorial rank. Her father was Otacilius Severus or Severianus, who served as Roman Governor of Macedonia and Moesia, while her mother was a member of gens Marcius or was related to the gens. According to sources she had a brother called Severianus, who served as Roman Governor of Lower Moesia between 246–247.	http://www.w3.org/1999/02/22-rdf-syntax-ns#langString	
http://dbpedia.org/resource/Marcia_Otacilia_Severa	Marcia Otacilia Severa	http://www.w3.org/2000/01/rdf-schema#label	label	Marcia Otacilia Severa	http://www.w3.org/1999/02/22-rdf-syntax-ns#langString	
http://dbpedia.org/resource/Marcia_Otacilia_Severa	Marcia Otacilia Severa	http://www.w3.org/2002/07/owl#sameAs	sameAs	http://dbpedia.org/resource/Marcia_Otacilia_Severa	entity	Marcia Otacilia Severa
http://dbpedia.org/resource/Marcia_Otacilia_Severa	Marcia Otacilia Severa	http://www.w3.org/2002/07/owl#sameAs	sameAs	http://rdf.freebase.com/ns/m.02vxdzf	entity	Marcia Otacilia Severa
http://dbpedia.org/resource/Marcia_Otacilia_Severa	Marcia Otacilia Severa	http://www.w3.org/2002/07/owl#sameAs	sameAs	http://www.wikidata.org/entity/Q241474	entity	Marcia Otacilia Severa
http://dbpedia.org/resource/Marcia_Otacilia_Severa	Marcia Otacilia Severa	http://www.w3.org/ns/prov#wasDerivedFrom	wasDerivedFrom	http://en.wikipedia.org/wiki/Marcia_Otacilia_Severa?oldid=742534832	uri	null
http://dbpedia.org/resource/Marcia_Otacilia_Severa	Marcia Otacilia Severa	http://xmlns.com/foaf/0.1/depiction	depiction	http://commons.wikimedia.org/wiki/Special:FilePath/Otacilia_Severa_Musei_Capitolini_MC2765.jpg	uri	null
http://dbpedia.org/resource/Marcia_Otacilia_Severa	Marcia Otacilia Severa	http://xmlns.com/foaf/0.1/gender	gender	female	http://www.w3.org/1999/02/22-rdf-syntax-ns#langString	
http://dbpedia.org/resource/Marcia_Otacilia_Severa	Marcia Otacilia Severa	http://xmlns.com/foaf/0.1/isPrimaryTopicOf	is primary topic of	http://en.wikipedia.org/wiki/Marcia_Otacilia_Severa	uri	null
http://dbpedia.org/resource/Marcia_Otacilia_Severa	Marcia Otacilia Severa	http://xmlns.com/foaf/0.1/name	name	Marcia Otacilia Severa	http://www.w3.org/1999/02/22-rdf-syntax-ns#langString	
