sub	subl	prop	propl	obj	obj_t	obj_l
http://dbpedia.org/resource/The_Pyramids_(Indianapolis)	The Pyramids (Indianapolis)	http://dbpedia.org/ontology/Building/floorArea	floor area (m2)	32516.064	http://dbpedia.org/datatype/squareMetre	
http://dbpedia.org/resource/The_Pyramids_(Indianapolis)	The Pyramids (Indianapolis)	http://dbpedia.org/ontology/abstract	has abstract	The Pyramids are three pyramid-shaped office buildings that are part of a 200-acre (810,000 m2) commercial development in College Park, Indianapolis, Indiana, USA. The structures occupy 45 acres (180,000 m2) of land situated next to a 25-acre (100,000 m2) lake. They were constructed between 1967 and 1972 by the College Life Insurance Company using a design by famed architect Kevin Roche. They are noted for their abstract quality of the opacity of the concrete walls which face the nearby highway and the reflectivity of the glass curtain walls that face the landscaped grounds.	http://www.w3.org/1999/02/22-rdf-syntax-ns#langString	
http://dbpedia.org/resource/The_Pyramids_(Indianapolis)	The Pyramids (Indianapolis)	http://dbpedia.org/ontology/architect	architect	http://dbpedia.org/resource/Roche-Dinkeloo	entity	Roche-Dinkeloo
http://dbpedia.org/resource/The_Pyramids_(Indianapolis)	The Pyramids (Indianapolis)	http://dbpedia.org/ontology/buildingEndDate	building end date	1972	http://www.w3.org/2001/XMLSchema#string	
http://dbpedia.org/resource/The_Pyramids_(Indianapolis)	The Pyramids (Indianapolis)	http://dbpedia.org/ontology/floorArea	floor area (m2)	32516.1	http://www.w3.org/2001/XMLSchema#double	
http://dbpedia.org/resource/The_Pyramids_(Indianapolis)	The Pyramids (Indianapolis)	http://dbpedia.org/ontology/floorCount	floor count	11	http://www.w3.org/2001/XMLSchema#positiveInteger	
http://dbpedia.org/resource/The_Pyramids_(Indianapolis)	The Pyramids (Indianapolis)	http://dbpedia.org/ontology/location	location	http://dbpedia.org/resource/Indianapolis	entity	Indianapolis
http://dbpedia.org/resource/The_Pyramids_(Indianapolis)	The Pyramids (Indianapolis)	http://dbpedia.org/ontology/thumbnail	thumbnail	http://commons.wikimedia.org/wiki/Special:FilePath/Indianapolis_Pyramids.jpg?width=300	uri	null
http://dbpedia.org/resource/The_Pyramids_(Indianapolis)	The Pyramids (Indianapolis)	http://dbpedia.org/ontology/wikiPageExternalLink	Link from a Wikipage to an external page	http://skyscraperpage.com/cities/?buildingID=16827	uri	null
http://dbpedia.org/resource/The_Pyramids_(Indianapolis)	The Pyramids (Indianapolis)	http://dbpedia.org/ontology/wikiPageExternalLink	Link from a Wikipage to an external page	http://www.emporis.com/en/wm/bu?id=streetpyramidsi-indianapolis-in-usa	uri	null
http://dbpedia.org/resource/The_Pyramids_(Indianapolis)	The Pyramids (Indianapolis)	http://dbpedia.org/ontology/wikiPageExternalLink	Link from a Wikipage to an external page	http://www.indypyramids.com/	uri	null
http://dbpedia.org/resource/The_Pyramids_(Indianapolis)	The Pyramids (Indianapolis)	http://dbpedia.org/ontology/wikiPageID	Wikipage page ID	27716136	http://www.w3.org/2001/XMLSchema#integer	
http://dbpedia.org/resource/The_Pyramids_(Indianapolis)	The Pyramids (Indianapolis)	http://dbpedia.org/ontology/wikiPageLength	page length (characters) of wiki page	5409	http://www.w3.org/2001/XMLSchema#nonNegativeInteger	
http://dbpedia.org/resource/The_Pyramids_(Indianapolis)	The Pyramids (Indianapolis)	http://dbpedia.org/ontology/wikiPageOutDegree	Wiki page out degree	14	http://www.w3.org/2001/XMLSchema#nonNegativeInteger	
http://dbpedia.org/resource/The_Pyramids_(Indianapolis)	The Pyramids (Indianapolis)	http://dbpedia.org/ontology/wikiPageRevisionID	Wikipage revision ID	743481650	http://www.w3.org/2001/XMLSchema#integer	
http://dbpedia.org/resource/The_Pyramids_(Indianapolis)	The Pyramids (Indianapolis)	http://purl.org/dc/terms/subject	Subject	http://dbpedia.org/resource/Category:Office_buildings_completed_in_1972	entity	Office buildings completed in 1972
http://dbpedia.org/resource/The_Pyramids_(Indianapolis)	The Pyramids (Indianapolis)	http://purl.org/dc/terms/subject	Subject	http://dbpedia.org/resource/Category:Office_buildings_in_Indianapolis	entity	Office buildings in Indianapolis
http://dbpedia.org/resource/The_Pyramids_(Indianapolis)	The Pyramids (Indianapolis)	http://purl.org/dc/terms/subject	Subject	http://dbpedia.org/resource/Category:Pyramids_in_the_United_States	entity	Pyramids in the United States
http://dbpedia.org/resource/The_Pyramids_(Indianapolis)	The Pyramids (Indianapolis)	http://purl.org/dc/terms/subject	Subject	http://dbpedia.org/resource/Category:Roche-Dinkeloo_buildings	entity	Roche-Dinkeloo buildings
http://dbpedia.org/resource/The_Pyramids_(Indianapolis)	The Pyramids (Indianapolis)	http://purl.org/dc/terms/subject	Subject	http://dbpedia.org/resource/Category:Skyscrapers_in_Indianapolis	entity	Skyscrapers in Indianapolis
http://dbpedia.org/resource/The_Pyramids_(Indianapolis)	The Pyramids (Indianapolis)	http://www.georss.org/georss/point	null	39.9201 -86.2209	http://www.w3.org/2001/XMLSchema#string	
http://dbpedia.org/resource/The_Pyramids_(Indianapolis)	The Pyramids (Indianapolis)	http://www.w3.org/1999/02/22-rdf-syntax-ns#type	type	http://dbpedia.org/ontology/ArchitecturalStructure	entity	architectural structure
http://dbpedia.org/resource/The_Pyramids_(Indianapolis)	The Pyramids (Indianapolis)	http://www.w3.org/1999/02/22-rdf-syntax-ns#type	type	http://dbpedia.org/ontology/Building	entity	building
http://dbpedia.org/resource/The_Pyramids_(Indianapolis)	The Pyramids (Indianapolis)	http://www.w3.org/1999/02/22-rdf-syntax-ns#type	type	http://dbpedia.org/ontology/Location	uri	null
http://dbpedia.org/resource/The_Pyramids_(Indianapolis)	The Pyramids (Indianapolis)	http://www.w3.org/1999/02/22-rdf-syntax-ns#type	type	http://dbpedia.org/ontology/Place	entity	place
http://dbpedia.org/resource/The_Pyramids_(Indianapolis)	The Pyramids (Indianapolis)	http://www.w3.org/1999/02/22-rdf-syntax-ns#type	type	http://schema.org/Place	entity	Place
http://dbpedia.org/resource/The_Pyramids_(Indianapolis)	The Pyramids (Indianapolis)	http://www.w3.org/1999/02/22-rdf-syntax-ns#type	type	http://www.w3.org/2002/07/owl#Thing	entity	Thing
http://dbpedia.org/resource/The_Pyramids_(Indianapolis)	The Pyramids (Indianapolis)	http://www.w3.org/1999/02/22-rdf-syntax-ns#type	type	http://www.w3.org/2003/01/geo/wgs84_pos#SpatialThing	entity	Spatial Thing
http://dbpedia.org/resource/The_Pyramids_(Indianapolis)	The Pyramids (Indianapolis)	http://www.w3.org/1999/02/22-rdf-syntax-ns#type	type	http://www.wikidata.org/entity/Q41176	entity	building
http://dbpedia.org/resource/The_Pyramids_(Indianapolis)	The Pyramids (Indianapolis)	http://www.w3.org/2000/01/rdf-schema#comment	comment	The Pyramids are three pyramid-shaped office buildings that are part of a 200-acre (810,000 m2) commercial development in College Park, Indianapolis, Indiana, USA. The structures occupy 45 acres (180,000 m2) of land situated next to a 25-acre (100,000 m2) lake. They were constructed between 1967 and 1972 by the College Life Insurance Company using a design by famed architect Kevin Roche. They are noted for their abstract quality of the opacity of the concrete walls which face the nearby highway and the reflectivity of the glass curtain walls that face the landscaped grounds.	http://www.w3.org/1999/02/22-rdf-syntax-ns#langString	
http://dbpedia.org/resource/The_Pyramids_(Indianapolis)	The Pyramids (Indianapolis)	http://www.w3.org/2000/01/rdf-schema#label	label	The Pyramids (Indianapolis)	http://www.w3.org/1999/02/22-rdf-syntax-ns#langString	
http://dbpedia.org/resource/The_Pyramids_(Indianapolis)	The Pyramids (Indianapolis)	http://www.w3.org/2002/07/owl#sameAs	sameAs	http://dbpedia.org/resource/The_Pyramids_(Indianapolis)	entity	The Pyramids (Indianapolis)
http://dbpedia.org/resource/The_Pyramids_(Indianapolis)	The Pyramids (Indianapolis)	http://www.w3.org/2002/07/owl#sameAs	sameAs	http://rdf.freebase.com/ns/m.04mzlh2	entity	The Pyramids
http://dbpedia.org/resource/The_Pyramids_(Indianapolis)	The Pyramids (Indianapolis)	http://www.w3.org/2002/07/owl#sameAs	sameAs	http://www.wikidata.org/entity/Q1136354	entity	The Pyramids
http://dbpedia.org/resource/The_Pyramids_(Indianapolis)	The Pyramids (Indianapolis)	http://www.w3.org/2003/01/geo/wgs84_pos#lat	latitude	39.9201	http://www.w3.org/2001/XMLSchema#float	
http://dbpedia.org/resource/The_Pyramids_(Indianapolis)	The Pyramids (Indianapolis)	http://www.w3.org/2003/01/geo/wgs84_pos#long	longtitude	-86.2209	http://www.w3.org/2001/XMLSchema#float	
http://dbpedia.org/resource/The_Pyramids_(Indianapolis)	The Pyramids (Indianapolis)	http://www.w3.org/ns/prov#wasDerivedFrom	wasDerivedFrom	http://en.wikipedia.org/wiki/The_Pyramids_(Indianapolis)?oldid=743481650	uri	null
http://dbpedia.org/resource/The_Pyramids_(Indianapolis)	The Pyramids (Indianapolis)	http://xmlns.com/foaf/0.1/depiction	depiction	http://commons.wikimedia.org/wiki/Special:FilePath/Indianapolis_Pyramids.jpg	uri	null
http://dbpedia.org/resource/The_Pyramids_(Indianapolis)	The Pyramids (Indianapolis)	http://xmlns.com/foaf/0.1/homepage	homepage	http://www.indypyramids.com/	uri	null
http://dbpedia.org/resource/The_Pyramids_(Indianapolis)	The Pyramids (Indianapolis)	http://xmlns.com/foaf/0.1/isPrimaryTopicOf	is primary topic of	http://en.wikipedia.org/wiki/The_Pyramids_(Indianapolis)	uri	null
http://dbpedia.org/resource/The_Pyramids_(Indianapolis)	The Pyramids (Indianapolis)	http://xmlns.com/foaf/0.1/name	name	The Pyramids	http://www.w3.org/1999/02/22-rdf-syntax-ns#langString	
