sub	subl	prop	propl	obj	obj_t	obj_l
http://rdf.freebase.com/ns/m.02y9hg	Memphis Pyramid	http://rdf.freebase.com/key/en	com/key/en	pyramid_arena	http://www.w3.org/2001/XMLSchema#string	
http://rdf.freebase.com/ns/m.02y9hg	Memphis Pyramid	http://rdf.freebase.com/key/user.avh.ellerdale	ellerdale	0081-3158	http://www.w3.org/2001/XMLSchema#string	
http://rdf.freebase.com/ns/m.02y9hg	Memphis Pyramid	http://rdf.freebase.com/key/wikipedia.en	en	Great_American_Pyramid	http://www.w3.org/2001/XMLSchema#string	
http://rdf.freebase.com/ns/m.02y9hg	Memphis Pyramid	http://rdf.freebase.com/key/wikipedia.en	en	Memphis_Pyramid	http://www.w3.org/2001/XMLSchema#string	
http://rdf.freebase.com/ns/m.02y9hg	Memphis Pyramid	http://rdf.freebase.com/key/wikipedia.en	en	Pyramid_(Memphis)	http://www.w3.org/2001/XMLSchema#string	
http://rdf.freebase.com/ns/m.02y9hg	Memphis Pyramid	http://rdf.freebase.com/key/wikipedia.en	en	Pyramid_Arena	http://www.w3.org/2001/XMLSchema#string	
http://rdf.freebase.com/ns/m.02y9hg	Memphis Pyramid	http://rdf.freebase.com/key/wikipedia.en	en	Pyramid_Arena_(Memphis,_TN)	http://www.w3.org/2001/XMLSchema#string	
http://rdf.freebase.com/ns/m.02y9hg	Memphis Pyramid	http://rdf.freebase.com/key/wikipedia.en	en	The_Memphis_Pyramid	http://www.w3.org/2001/XMLSchema#string	
http://rdf.freebase.com/ns/m.02y9hg	Memphis Pyramid	http://rdf.freebase.com/key/wikipedia.en_id	en_id	628208	http://www.w3.org/2001/XMLSchema#string	
http://rdf.freebase.com/ns/m.02y9hg	Memphis Pyramid	http://rdf.freebase.com/key/wikipedia.en_title	en_title	Memphis_Pyramid	http://www.w3.org/2001/XMLSchema#string	
http://rdf.freebase.com/ns/m.02y9hg	Memphis Pyramid	http://rdf.freebase.com/ns/architecture.structure.architectural_style	Architectural Style	http://rdf.freebase.com/ns/m.02kjhr	entity	Egyptian Revival architecture
http://rdf.freebase.com/ns/m.02y9hg	Memphis Pyramid	http://rdf.freebase.com/ns/architecture.structure.closed	Closed	2004	http://www.w3.org/2001/XMLSchema#gYear	
http://rdf.freebase.com/ns/m.02y9hg	Memphis Pyramid	http://rdf.freebase.com/ns/architecture.structure.height_meters	Structural Height	98.0	http://www.w3.org/2001/XMLSchema#string	
http://rdf.freebase.com/ns/m.02y9hg	Memphis Pyramid	http://rdf.freebase.com/ns/architecture.structure.opened	Opened	1991	http://www.w3.org/2001/XMLSchema#gYear	
http://rdf.freebase.com/ns/m.02y9hg	Memphis Pyramid	http://rdf.freebase.com/ns/common.topic.alias	Also known as	Great American Pyramid	http://www.w3.org/1999/02/22-rdf-syntax-ns#langString	
http://rdf.freebase.com/ns/m.02y9hg	Memphis Pyramid	http://rdf.freebase.com/ns/common.topic.alias	Also known as	Pyramid Arena, Memphis	http://www.w3.org/1999/02/22-rdf-syntax-ns#langString	
http://rdf.freebase.com/ns/m.02y9hg	Memphis Pyramid	http://rdf.freebase.com/ns/common.topic.alias	Also known as	Tomb of Doom	http://www.w3.org/1999/02/22-rdf-syntax-ns#langString	
http://rdf.freebase.com/ns/m.02y9hg	Memphis Pyramid	http://rdf.freebase.com/ns/common.topic.article	Article	The Pyramid Arena, initially known as the Great American Pyramid was originally built as a 20,142-seat arena located in downtown Memphis at the banks of the Mississippi River. The facility was built in 1991 and was originally owned and operated jointly by the city of Memphis and Shelby County; Shelby County sold its share to Memphis in April 2009. Its unique structure plays on the city's namesake in Egypt, known for its ancient pyramids. It is 321 feet (98m, about 32 stories) tall and has base sides of 591 ft; it is by some measures the seventh largest pyramid in the world behind the Great Pyramid of Giza (456 ft), Khafre's Pyramid (448 ft), Luxor Hotel (348 ft), the Red Pyramid (341 ft), the Bent Pyramid (332 ft), both in Dahshur and the Shard London Bridge. It is also slightly (about 16 feet) taller than the Statue of Liberty. A statue of Ramesses the Great stood in front of the pyramid, which was created from a mold of the actual statue in Egypt. In 2011, this statue was leased to the University of Memphis for the cost of $1 and was moved to the campus in April 2012. The Pyramid Arena has not been regularly used as a sports venue since 2004. The facility is currently being	http://www.w3.org/1999/02/22-rdf-syntax-ns#langString	
http://rdf.freebase.com/ns/m.02y9hg	Memphis Pyramid	http://rdf.freebase.com/ns/common.topic.description	Description	The Memphis Pyramid, initially known as the Great American Pyramid, formerly referred to as the Pyramid Arena and locally referred to as The Pyramid, was originally built as a 20,142-seat arena located in downtown Memphis at the banks of the Mississippi River. The facility was built in 1991 and was originally owned and operated jointly by the city of Memphis and Shelby County; Shelby County sold its share to Memphis in April 2009. Its structure plays on the city's namesake in Egypt, known for its ancient pyramids. It is 321 feet tall and has base sides of 591 ft; it is by some measures the tenth tallest pyramid in the world behind the Ryugyong Hotel, The Shard, Al Faisaliyah Center, the Transamerica Pyramid, the Great Pyramid of Giza, Khafre's Pyramid, the Luxor Hotel, the Red Pyramid, and the Bent Pyramid. It is also slightly taller than the Statue of Liberty. The Memphis Pyramid has not been regularly used as a sports or entertainment venue since 2004. In 2015, the Pyramid re-opened as a Bass Pro Shops "megastore", which includes shopping, a hotel, restaurants, a bowling alley, and an archery range with an outdoor observation deck at its apex.	http://www.w3.org/1999/02/22-rdf-syntax-ns#langString	
http://rdf.freebase.com/ns/m.02y9hg	Memphis Pyramid	http://rdf.freebase.com/ns/common.topic.image	Image	http://rdf.freebase.com/ns/m.042kc8t	entity	The Pyramid Arena, photographed from Auction Avenue bridge.
http://rdf.freebase.com/ns/m.02y9hg	Memphis Pyramid	http://rdf.freebase.com/ns/common.topic.notable_for	Notable for	Sports Facility	http://www.w3.org/1999/02/22-rdf-syntax-ns#langString	
http://rdf.freebase.com/ns/m.02y9hg	Memphis Pyramid	http://rdf.freebase.com/ns/common.topic.notable_types	Notable types	http://rdf.freebase.com/ns/m.025672b	entity	Sports Facility
http://rdf.freebase.com/ns/m.02y9hg	Memphis Pyramid	http://rdf.freebase.com/ns/common.topic.topic_equivalent_webpage	Topic equivalent webpage	http://en.wikipedia.org/wiki/Memphis_Pyramid	uri	null
http://rdf.freebase.com/ns/m.02y9hg	Memphis Pyramid	http://rdf.freebase.com/ns/common.topic.topic_equivalent_webpage	Topic equivalent webpage	http://en.wikipedia.org/wiki/index.html?curid=628208	uri	null
http://rdf.freebase.com/ns/m.02y9hg	Memphis Pyramid	http://rdf.freebase.com/ns/common.topic.topic_equivalent_webpage	Topic equivalent webpage	http://es.wikipedia.org/wiki/Pyramid_Arena	uri	null
http://rdf.freebase.com/ns/m.02y9hg	Memphis Pyramid	http://rdf.freebase.com/ns/common.topic.topic_equivalent_webpage	Topic equivalent webpage	http://es.wikipedia.org/wiki/index.html?curid=352237	uri	null
http://rdf.freebase.com/ns/m.02y9hg	Memphis Pyramid	http://rdf.freebase.com/ns/common.topic.topic_equivalent_webpage	Topic equivalent webpage	http://fr.wikipedia.org/wiki/Pyramid_Arena	uri	null
http://rdf.freebase.com/ns/m.02y9hg	Memphis Pyramid	http://rdf.freebase.com/ns/common.topic.topic_equivalent_webpage	Topic equivalent webpage	http://fr.wikipedia.org/wiki/index.html?curid=1061287	uri	null
http://rdf.freebase.com/ns/m.02y9hg	Memphis Pyramid	http://rdf.freebase.com/ns/common.topic.topic_equivalent_webpage	Topic equivalent webpage	http://it.wikipedia.org/wiki/Pyramid_Arena	uri	null
http://rdf.freebase.com/ns/m.02y9hg	Memphis Pyramid	http://rdf.freebase.com/ns/common.topic.topic_equivalent_webpage	Topic equivalent webpage	http://it.wikipedia.org/wiki/index.html?curid=1817634	uri	null
http://rdf.freebase.com/ns/m.02y9hg	Memphis Pyramid	http://rdf.freebase.com/ns/common.topic.topic_equivalent_webpage	Topic equivalent webpage	http://ko.wikipedia.org/wiki/%64%3C%A4_%3C%7C%F8%DC	uri	null
http://rdf.freebase.com/ns/m.02y9hg	Memphis Pyramid	http://rdf.freebase.com/ns/common.topic.topic_equivalent_webpage	Topic equivalent webpage	http://ko.wikipedia.org/wiki/index.html?curid=1315232	uri	null
http://rdf.freebase.com/ns/m.02y9hg	Memphis Pyramid	http://rdf.freebase.com/ns/common.topic.topic_equivalent_webpage	Topic equivalent webpage	http://pt.wikipedia.org/wiki/Pyramid_Arena	uri	null
http://rdf.freebase.com/ns/m.02y9hg	Memphis Pyramid	http://rdf.freebase.com/ns/common.topic.topic_equivalent_webpage	Topic equivalent webpage	http://pt.wikipedia.org/wiki/index.html?curid=2432830	uri	null
http://rdf.freebase.com/ns/m.02y9hg	Memphis Pyramid	http://rdf.freebase.com/ns/common.topic.topic_equivalent_webpage	Topic equivalent webpage	http://ru.wikipedia.org/wiki/%1F%38%40%30%3C%38%34-%30%40%35%3D%30	uri	null
http://rdf.freebase.com/ns/m.02y9hg	Memphis Pyramid	http://rdf.freebase.com/ns/common.topic.topic_equivalent_webpage	Topic equivalent webpage	http://ru.wikipedia.org/wiki/index.html?curid=4923490	uri	null
http://rdf.freebase.com/ns/m.02y9hg	Memphis Pyramid	http://rdf.freebase.com/ns/common.topic.topic_equivalent_webpage	Topic equivalent webpage	http://vi.wikipedia.org/wiki/Kim_t%F1_th%E1p_Arena	uri	null
http://rdf.freebase.com/ns/m.02y9hg	Memphis Pyramid	http://rdf.freebase.com/ns/common.topic.topic_equivalent_webpage	Topic equivalent webpage	http://vi.wikipedia.org/wiki/index.html?curid=74358	uri	null
http://rdf.freebase.com/ns/m.02y9hg	Memphis Pyramid	http://rdf.freebase.com/ns/kg.object_profile.prominent_type	prominent type	http://rdf.freebase.com/ns/sports.sports_facility	entity	Sports Facility
http://rdf.freebase.com/ns/m.02y9hg	Memphis Pyramid	http://rdf.freebase.com/ns/location.location.containedby	Contained by	http://rdf.freebase.com/ns/m.0c_m3	entity	Memphis
http://rdf.freebase.com/ns/m.02y9hg	Memphis Pyramid	http://rdf.freebase.com/ns/location.location.events	Events	http://rdf.freebase.com/ns/m.05d07zj	entity	2001 NCAA Men's Division I Basketball Tournament- South Regional First Round
http://rdf.freebase.com/ns/m.02y9hg	Memphis Pyramid	http://rdf.freebase.com/ns/location.location.events	Events	http://rdf.freebase.com/ns/m.05d08xx	entity	2001 NCAA Men's Division I Basketball Tournament- South Regional Second Round
http://rdf.freebase.com/ns/m.02y9hg	Memphis Pyramid	http://rdf.freebase.com/ns/location.location.events	Events	http://rdf.freebase.com/ns/m.05fdvqn	entity	Arizona-South Alabama 1997 NCAA Men's Division I   Basketball Tournament Game
http://rdf.freebase.com/ns/m.02y9hg	Memphis Pyramid	http://rdf.freebase.com/ns/location.location.events	Events	http://rdf.freebase.com/ns/m.05fdvqx	entity	Kansas-Jackson St 1997 NCAA Men's Division I   Basketball Tournament Game
http://rdf.freebase.com/ns/m.02y9hg	Memphis Pyramid	http://rdf.freebase.com/ns/location.location.events	Events	http://rdf.freebase.com/ns/m.05fdvr4	entity	Purdue-Rhode Island 1997 NCAA Men's Division I   Basketball Tournament Game
http://rdf.freebase.com/ns/m.02y9hg	Memphis Pyramid	http://rdf.freebase.com/ns/location.location.events	Events	http://rdf.freebase.com/ns/m.05fdvrd	entity	College of Charleston-Maryland 1997 NCAA Men's Division I   Basketball Tournament Game
http://rdf.freebase.com/ns/m.02y9hg	Memphis Pyramid	http://rdf.freebase.com/ns/location.location.events	Events	http://rdf.freebase.com/ns/m.05ggrft	entity	Arizona-College of Charleston 1997 NCAA Men's Division I Basketball Tournament Game
http://rdf.freebase.com/ns/m.02y9hg	Memphis Pyramid	http://rdf.freebase.com/ns/location.location.events	Events	http://rdf.freebase.com/ns/m.05ggrgk	entity	Kansas-Purdue 1997 NCAA Men's Division I Basketball Tournament Game
http://rdf.freebase.com/ns/m.02y9hg	Memphis Pyramid	http://rdf.freebase.com/ns/location.location.events	Events	http://rdf.freebase.com/ns/m.05gj66b	entity	Michigan State-Fresno State 2001 NCAA Men's Division I Basketball Tournament Game
http://rdf.freebase.com/ns/m.02y9hg	Memphis Pyramid	http://rdf.freebase.com/ns/location.location.events	Events	http://rdf.freebase.com/ns/m.05gj6_7	entity	Gonzaga-Virginia 2001 NCAA Men's Division I Basketball Tournament Game
http://rdf.freebase.com/ns/m.02y9hg	Memphis Pyramid	http://rdf.freebase.com/ns/location.location.events	Events	http://rdf.freebase.com/ns/m.05gj6_m	entity	Indiana State-Oklahoma 2001 NCAA Men's Division I Basketball Tournament Game
http://rdf.freebase.com/ns/m.02y9hg	Memphis Pyramid	http://rdf.freebase.com/ns/location.location.events	Events	http://rdf.freebase.com/ns/m.05gj6cl	entity	Gonzaga-Indiana State 2001 NCAA Men's Division I Basketball Tournament Game
http://rdf.freebase.com/ns/m.02y9hg	Memphis Pyramid	http://rdf.freebase.com/ns/location.location.events	Events	http://rdf.freebase.com/ns/m.05gj6zh	entity	Fresno State-California  2001 NCAA Men's Division I Basketball Tournament Game
http://rdf.freebase.com/ns/m.02y9hg	Memphis Pyramid	http://rdf.freebase.com/ns/location.location.events	Events	http://rdf.freebase.com/ns/m.05gj70c	entity	Michigan State-Alabama State 2001 NCAA Men's Division I Basketball Tournament Game
http://rdf.freebase.com/ns/m.02y9hg	Memphis Pyramid	http://rdf.freebase.com/ns/location.location.events	Events	http://rdf.freebase.com/ns/m.0b_770	entity	2001 NCAA Men's Division I Basketball Tournament
http://rdf.freebase.com/ns/m.02y9hg	Memphis Pyramid	http://rdf.freebase.com/ns/location.location.events	Events	http://rdf.freebase.com/ns/m.0h3v82v	entity	NSYNC in Concert
http://rdf.freebase.com/ns/m.02y9hg	Memphis Pyramid	http://rdf.freebase.com/ns/type.object.key	Key	/en/pyramid_arena	http://www.w3.org/2001/XMLSchema#string	
http://rdf.freebase.com/ns/m.02y9hg	Memphis Pyramid	http://rdf.freebase.com/ns/type.object.key	Key	/user/avh/ellerdale/0081-3158	http://www.w3.org/2001/XMLSchema#string	
http://rdf.freebase.com/ns/m.02y9hg	Memphis Pyramid	http://rdf.freebase.com/ns/type.object.key	Key	/wikipedia/en/Great_American_Pyramid	http://www.w3.org/2001/XMLSchema#string	
http://rdf.freebase.com/ns/m.02y9hg	Memphis Pyramid	http://rdf.freebase.com/ns/type.object.key	Key	/wikipedia/en/Memphis_Pyramid	http://www.w3.org/2001/XMLSchema#string	
http://rdf.freebase.com/ns/m.02y9hg	Memphis Pyramid	http://rdf.freebase.com/ns/type.object.key	Key	/wikipedia/en/Pyramid_(Memphis)	http://www.w3.org/2001/XMLSchema#string	
http://rdf.freebase.com/ns/m.02y9hg	Memphis Pyramid	http://rdf.freebase.com/ns/type.object.key	Key	/wikipedia/en/Pyramid_Arena	http://www.w3.org/2001/XMLSchema#string	
http://rdf.freebase.com/ns/m.02y9hg	Memphis Pyramid	http://rdf.freebase.com/ns/type.object.key	Key	/wikipedia/en/Pyramid_Arena_(Memphis,_TN)	http://www.w3.org/2001/XMLSchema#string	
http://rdf.freebase.com/ns/m.02y9hg	Memphis Pyramid	http://rdf.freebase.com/ns/type.object.key	Key	/wikipedia/en/The_Memphis_Pyramid	http://www.w3.org/2001/XMLSchema#string	
http://rdf.freebase.com/ns/m.02y9hg	Memphis Pyramid	http://rdf.freebase.com/ns/type.object.key	Key	/wikipedia/en_id/628208	http://www.w3.org/2001/XMLSchema#string	
http://rdf.freebase.com/ns/m.02y9hg	Memphis Pyramid	http://rdf.freebase.com/ns/type.object.key	Key	/wikipedia/en_title/Memphis_Pyramid	http://www.w3.org/2001/XMLSchema#string	
http://rdf.freebase.com/ns/m.02y9hg	Memphis Pyramid	http://rdf.freebase.com/ns/type.object.key	Key	/wikipedia/es/Pyramid_Arena	http://www.w3.org/2001/XMLSchema#string	
http://rdf.freebase.com/ns/m.02y9hg	Memphis Pyramid	http://rdf.freebase.com/ns/type.object.key	Key	/wikipedia/es_id/352237	http://www.w3.org/2001/XMLSchema#string	
http://rdf.freebase.com/ns/m.02y9hg	Memphis Pyramid	http://rdf.freebase.com/ns/type.object.key	Key	/wikipedia/es_title/Pyramid_Arena	http://www.w3.org/2001/XMLSchema#string	
http://rdf.freebase.com/ns/m.02y9hg	Memphis Pyramid	http://rdf.freebase.com/ns/type.object.key	Key	/wikipedia/fr/Pyramid_Arena	http://www.w3.org/2001/XMLSchema#string	
http://rdf.freebase.com/ns/m.02y9hg	Memphis Pyramid	http://rdf.freebase.com/ns/type.object.key	Key	/wikipedia/fr_id/1061287	http://www.w3.org/2001/XMLSchema#string	
http://rdf.freebase.com/ns/m.02y9hg	Memphis Pyramid	http://rdf.freebase.com/ns/type.object.key	Key	/wikipedia/fr_title/Pyramid_Arena	http://www.w3.org/2001/XMLSchema#string	
http://rdf.freebase.com/ns/m.02y9hg	Memphis Pyramid	http://rdf.freebase.com/ns/type.object.key	Key	/wikipedia/it/Pyramid_Arena	http://www.w3.org/2001/XMLSchema#string	
http://rdf.freebase.com/ns/m.02y9hg	Memphis Pyramid	http://rdf.freebase.com/ns/type.object.key	Key	/wikipedia/it_id/1817634	http://www.w3.org/2001/XMLSchema#string	
http://rdf.freebase.com/ns/m.02y9hg	Memphis Pyramid	http://rdf.freebase.com/ns/type.object.key	Key	/wikipedia/it_title/Pyramid_Arena	http://www.w3.org/2001/XMLSchema#string	
http://rdf.freebase.com/ns/m.02y9hg	Memphis Pyramid	http://rdf.freebase.com/ns/type.object.key	Key	/wikipedia/ko/멤피스_피라미드	http://www.w3.org/2001/XMLSchema#string	
http://rdf.freebase.com/ns/m.02y9hg	Memphis Pyramid	http://rdf.freebase.com/ns/type.object.key	Key	/wikipedia/ko_id/1315232	http://www.w3.org/2001/XMLSchema#string	
http://rdf.freebase.com/ns/m.02y9hg	Memphis Pyramid	http://rdf.freebase.com/ns/type.object.key	Key	/wikipedia/ko_title/멤피스_피라미드	http://www.w3.org/2001/XMLSchema#string	
http://rdf.freebase.com/ns/m.02y9hg	Memphis Pyramid	http://rdf.freebase.com/ns/type.object.key	Key	/wikipedia/pt/Pyramid_Arena	http://www.w3.org/2001/XMLSchema#string	
http://rdf.freebase.com/ns/m.02y9hg	Memphis Pyramid	http://rdf.freebase.com/ns/type.object.key	Key	/wikipedia/pt_id/2432830	http://www.w3.org/2001/XMLSchema#string	
http://rdf.freebase.com/ns/m.02y9hg	Memphis Pyramid	http://rdf.freebase.com/ns/type.object.key	Key	/wikipedia/pt_title/Pyramid_Arena	http://www.w3.org/2001/XMLSchema#string	
http://rdf.freebase.com/ns/m.02y9hg	Memphis Pyramid	http://rdf.freebase.com/ns/type.object.key	Key	/wikipedia/ru/Pyramid_Arena	http://www.w3.org/2001/XMLSchema#string	
http://rdf.freebase.com/ns/m.02y9hg	Memphis Pyramid	http://rdf.freebase.com/ns/type.object.key	Key	/wikipedia/ru/Пирамид-арена	http://www.w3.org/2001/XMLSchema#string	
http://rdf.freebase.com/ns/m.02y9hg	Memphis Pyramid	http://rdf.freebase.com/ns/type.object.key	Key	/wikipedia/ru/Пирамид–Арена	http://www.w3.org/2001/XMLSchema#string	
http://rdf.freebase.com/ns/m.02y9hg	Memphis Pyramid	http://rdf.freebase.com/ns/type.object.key	Key	/wikipedia/ru_id/4923490	http://www.w3.org/2001/XMLSchema#string	
http://rdf.freebase.com/ns/m.02y9hg	Memphis Pyramid	http://rdf.freebase.com/ns/type.object.key	Key	/wikipedia/ru_title/Пирамид-арена	http://www.w3.org/2001/XMLSchema#string	
http://rdf.freebase.com/ns/m.02y9hg	Memphis Pyramid	http://rdf.freebase.com/ns/type.object.key	Key	/wikipedia/vi/Kim_tự_tháp_Arena	http://www.w3.org/2001/XMLSchema#string	
http://rdf.freebase.com/ns/m.02y9hg	Memphis Pyramid	http://rdf.freebase.com/ns/type.object.key	Key	/wikipedia/vi_id/74358	http://www.w3.org/2001/XMLSchema#string	
http://rdf.freebase.com/ns/m.02y9hg	Memphis Pyramid	http://rdf.freebase.com/ns/type.object.key	Key	/wikipedia/vi_title/Kim_tự_tháp_Arena	http://www.w3.org/2001/XMLSchema#string	
http://rdf.freebase.com/ns/m.02y9hg	Memphis Pyramid	http://rdf.freebase.com/ns/type.object.name	Name	Memphis Pyramid	http://www.w3.org/1999/02/22-rdf-syntax-ns#langString	
http://rdf.freebase.com/ns/m.02y9hg	Memphis Pyramid	http://rdf.freebase.com/ns/type.object.type	Type	http://rdf.freebase.com/ns/architecture.building	entity	Building
http://rdf.freebase.com/ns/m.02y9hg	Memphis Pyramid	http://rdf.freebase.com/ns/type.object.type	Type	http://rdf.freebase.com/ns/architecture.structure	entity	Structure
http://rdf.freebase.com/ns/m.02y9hg	Memphis Pyramid	http://rdf.freebase.com/ns/type.object.type	Type	http://rdf.freebase.com/ns/architecture.venue	entity	Venue
http://rdf.freebase.com/ns/m.02y9hg	Memphis Pyramid	http://rdf.freebase.com/ns/type.object.type	Type	http://rdf.freebase.com/ns/base.type_ontology.inanimate	entity	Inanimate
http://rdf.freebase.com/ns/m.02y9hg	Memphis Pyramid	http://rdf.freebase.com/ns/type.object.type	Type	http://rdf.freebase.com/ns/base.type_ontology.non_agent	entity	Non-Agent
http://rdf.freebase.com/ns/m.02y9hg	Memphis Pyramid	http://rdf.freebase.com/ns/type.object.type	Type	http://rdf.freebase.com/ns/base.type_ontology.physically_instantiable	entity	Physically Instantiable
http://rdf.freebase.com/ns/m.02y9hg	Memphis Pyramid	http://rdf.freebase.com/ns/type.object.type	Type	http://rdf.freebase.com/ns/common.topic	entity	Topic
http://rdf.freebase.com/ns/m.02y9hg	Memphis Pyramid	http://rdf.freebase.com/ns/type.object.type	Type	http://rdf.freebase.com/ns/location.location	entity	Location
http://rdf.freebase.com/ns/m.02y9hg	Memphis Pyramid	http://rdf.freebase.com/ns/type.object.type	Type	http://rdf.freebase.com/ns/projects.project_focus	entity	Project focus
http://rdf.freebase.com/ns/m.02y9hg	Memphis Pyramid	http://rdf.freebase.com/ns/type.object.type	Type	http://rdf.freebase.com/ns/sports.sports_facility	entity	Sports Facility
http://rdf.freebase.com/ns/m.02y9hg	Memphis Pyramid	http://rdf.freebase.com/ns/type.object.type	Type	http://rdf.freebase.com/ns/travel.tourist_attraction	entity	Tourist attraction
http://rdf.freebase.com/ns/m.02y9hg	Memphis Pyramid	http://rdf.freebase.com/ns/user.avh.default_domain.ellerdale_topic.ellerdale_id	Ellerdale ID	0081-3158	http://www.w3.org/2001/XMLSchema#string	
http://rdf.freebase.com/ns/m.02y9hg	Memphis Pyramid	http://www.w3.org/1999/02/22-rdf-syntax-ns#type	type	http://rdf.freebase.com/ns/architecture.building	entity	Building
http://rdf.freebase.com/ns/m.02y9hg	Memphis Pyramid	http://www.w3.org/1999/02/22-rdf-syntax-ns#type	type	http://rdf.freebase.com/ns/architecture.structure	entity	Structure
http://rdf.freebase.com/ns/m.02y9hg	Memphis Pyramid	http://www.w3.org/1999/02/22-rdf-syntax-ns#type	type	http://rdf.freebase.com/ns/architecture.venue	entity	Venue
http://rdf.freebase.com/ns/m.02y9hg	Memphis Pyramid	http://www.w3.org/1999/02/22-rdf-syntax-ns#type	type	http://rdf.freebase.com/ns/base.type_ontology.inanimate	entity	Inanimate
http://rdf.freebase.com/ns/m.02y9hg	Memphis Pyramid	http://www.w3.org/1999/02/22-rdf-syntax-ns#type	type	http://rdf.freebase.com/ns/base.type_ontology.non_agent	entity	Non-Agent
http://rdf.freebase.com/ns/m.02y9hg	Memphis Pyramid	http://www.w3.org/1999/02/22-rdf-syntax-ns#type	type	http://rdf.freebase.com/ns/base.type_ontology.physically_instantiable	entity	Physically Instantiable
http://rdf.freebase.com/ns/m.02y9hg	Memphis Pyramid	http://www.w3.org/1999/02/22-rdf-syntax-ns#type	type	http://rdf.freebase.com/ns/common.topic	entity	Topic
http://rdf.freebase.com/ns/m.02y9hg	Memphis Pyramid	http://www.w3.org/1999/02/22-rdf-syntax-ns#type	type	http://rdf.freebase.com/ns/location.location	entity	Location
http://rdf.freebase.com/ns/m.02y9hg	Memphis Pyramid	http://www.w3.org/1999/02/22-rdf-syntax-ns#type	type	http://rdf.freebase.com/ns/projects.project_focus	entity	Project focus
http://rdf.freebase.com/ns/m.02y9hg	Memphis Pyramid	http://www.w3.org/1999/02/22-rdf-syntax-ns#type	type	http://rdf.freebase.com/ns/sports.sports_facility	entity	Sports Facility
http://rdf.freebase.com/ns/m.02y9hg	Memphis Pyramid	http://www.w3.org/1999/02/22-rdf-syntax-ns#type	type	http://rdf.freebase.com/ns/travel.tourist_attraction	entity	Tourist attraction
http://rdf.freebase.com/ns/m.02y9hg	Memphis Pyramid	http://www.w3.org/2000/01/rdf-schema#label	label	Memphis Pyramid	http://www.w3.org/1999/02/22-rdf-syntax-ns#langString	
http://rdf.freebase.com/ns/m.02y9hg	Memphis Pyramid	http://www.w3.org/2003/01/geo/wgs84_pos#lat	latitude	35.155556	http://www.w3.org/2001/XMLSchema#float	
http://rdf.freebase.com/ns/m.02y9hg	Memphis Pyramid	http://www.w3.org/2003/01/geo/wgs84_pos#long	longitude	-90.051944	http://www.w3.org/2001/XMLSchema#float	
