sub	subl	prop	propl	obj	obj_t	obj_l
http://yago-knowledge.org/resource/Erasmus_Darwin	Erasmus Darwin	http://www.w3.org/1999/02/22-rdf-syntax-ns#type	type	http://www.w3.org/2002/07/owl#Thing	entity	Thing
http://yago-knowledge.org/resource/Erasmus_Darwin	Erasmus Darwin	http://www.w3.org/1999/02/22-rdf-syntax-ns#type	type	http://yago-knowledge.org/resource/wikicat_18th-century_botanists	entity	18th-century botanists
http://yago-knowledge.org/resource/Erasmus_Darwin	Erasmus Darwin	http://www.w3.org/1999/02/22-rdf-syntax-ns#type	type	http://yago-knowledge.org/resource/wikicat_18th-century_physicians	entity	18th-century physicians
http://yago-knowledge.org/resource/Erasmus_Darwin	Erasmus Darwin	http://www.w3.org/1999/02/22-rdf-syntax-ns#type	type	http://yago-knowledge.org/resource/wikicat_Alumni_of_St_John's_College,_Cambridge	entity	Alumni of St John's College, Cambridge
http://yago-knowledge.org/resource/Erasmus_Darwin	Erasmus Darwin	http://www.w3.org/1999/02/22-rdf-syntax-ns#type	type	http://yago-knowledge.org/resource/wikicat_Alumni_of_the_University_of_Edinburgh	entity	Alumni of the University of Edinburgh
http://yago-knowledge.org/resource/Erasmus_Darwin	Erasmus Darwin	http://www.w3.org/1999/02/22-rdf-syntax-ns#type	type	http://yago-knowledge.org/resource/wikicat_Botanists	entity	Botanists
http://yago-knowledge.org/resource/Erasmus_Darwin	Erasmus Darwin	http://www.w3.org/1999/02/22-rdf-syntax-ns#type	type	http://yago-knowledge.org/resource/wikicat_British_biologists	entity	British biologists
http://yago-knowledge.org/resource/Erasmus_Darwin	Erasmus Darwin	http://www.w3.org/1999/02/22-rdf-syntax-ns#type	type	http://yago-knowledge.org/resource/wikicat_British_botanists	entity	British botanists
http://yago-knowledge.org/resource/Erasmus_Darwin	Erasmus Darwin	http://www.w3.org/1999/02/22-rdf-syntax-ns#type	type	http://yago-knowledge.org/resource/wikicat_British_medical_doctors	entity	British medical doctors
http://yago-knowledge.org/resource/Erasmus_Darwin	Erasmus Darwin	http://www.w3.org/1999/02/22-rdf-syntax-ns#type	type	http://yago-knowledge.org/resource/wikicat_British_people	entity	British people
http://yago-knowledge.org/resource/Erasmus_Darwin	Erasmus Darwin	http://www.w3.org/1999/02/22-rdf-syntax-ns#type	type	http://yago-knowledge.org/resource/wikicat_British_poets	entity	British poets
http://yago-knowledge.org/resource/Erasmus_Darwin	Erasmus Darwin	http://www.w3.org/1999/02/22-rdf-syntax-ns#type	type	http://yago-knowledge.org/resource/wikicat_English_botanists	entity	English botanists
http://yago-knowledge.org/resource/Erasmus_Darwin	Erasmus Darwin	http://www.w3.org/1999/02/22-rdf-syntax-ns#type	type	http://yago-knowledge.org/resource/wikicat_English_entomologists	entity	English entomologists
http://yago-knowledge.org/resource/Erasmus_Darwin	Erasmus Darwin	http://www.w3.org/1999/02/22-rdf-syntax-ns#type	type	http://yago-knowledge.org/resource/wikicat_English_poets	entity	English poets
http://yago-knowledge.org/resource/Erasmus_Darwin	Erasmus Darwin	http://www.w3.org/1999/02/22-rdf-syntax-ns#type	type	http://yago-knowledge.org/resource/wikicat_Entomologists	entity	Entomologists
http://yago-knowledge.org/resource/Erasmus_Darwin	Erasmus Darwin	http://www.w3.org/1999/02/22-rdf-syntax-ns#type	type	http://yago-knowledge.org/resource/wikicat_Evolutionary_biologists	entity	Evolutionary biologists
http://yago-knowledge.org/resource/Erasmus_Darwin	Erasmus Darwin	http://www.w3.org/1999/02/22-rdf-syntax-ns#type	type	http://yago-knowledge.org/resource/wikicat_Fellows_of_the_Royal_Society	entity	Fellows of the Royal Society
http://yago-knowledge.org/resource/Erasmus_Darwin	Erasmus Darwin	http://www.w3.org/1999/02/22-rdf-syntax-ns#type	type	http://yago-knowledge.org/resource/wikicat_Geneticists	entity	Geneticists
http://yago-knowledge.org/resource/Erasmus_Darwin	Erasmus Darwin	http://www.w3.org/1999/02/22-rdf-syntax-ns#type	type	http://yago-knowledge.org/resource/wikicat_People_from_Lichfield	entity	People from Lichfield
http://yago-knowledge.org/resource/Erasmus_Darwin	Erasmus Darwin	http://www.w3.org/1999/02/22-rdf-syntax-ns#type	type	http://yago-knowledge.org/resource/wikicat_People_from_Nottingham	entity	People from Nottingham
http://yago-knowledge.org/resource/Erasmus_Darwin	Erasmus Darwin	http://www.w3.org/1999/02/22-rdf-syntax-ns#type	type	http://yago-knowledge.org/resource/wikicat_People_from_Nottinghamshire	entity	People from Nottinghamshire
http://yago-knowledge.org/resource/Erasmus_Darwin	Erasmus Darwin	http://www.w3.org/1999/02/22-rdf-syntax-ns#type	type	http://yago-knowledge.org/resource/wikicat_People_of_the_Industrial_Revolution	entity	People of the Industrial Revolution
http://yago-knowledge.org/resource/Erasmus_Darwin	Erasmus Darwin	http://www.w3.org/1999/02/22-rdf-syntax-ns#type	type	http://yago-knowledge.org/resource/wikicat_Proto-evolutionary_biologists	entity	Proto-evolutionary biologists
http://yago-knowledge.org/resource/Erasmus_Darwin	Erasmus Darwin	http://www.w3.org/1999/02/22-rdf-syntax-ns#type	type	http://yago-knowledge.org/resource/wikicat_Writers	entity	Writers
http://yago-knowledge.org/resource/Erasmus_Darwin	Erasmus Darwin	http://www.w3.org/1999/02/22-rdf-syntax-ns#type	type	http://yago-knowledge.org/resource/wordnet_adult_109605289	entity	adult
http://yago-knowledge.org/resource/Erasmus_Darwin	Erasmus Darwin	http://www.w3.org/1999/02/22-rdf-syntax-ns#type	type	http://yago-knowledge.org/resource/wordnet_alumnus_109786338	entity	alumnus
http://yago-knowledge.org/resource/Erasmus_Darwin	Erasmus Darwin	http://www.w3.org/1999/02/22-rdf-syntax-ns#type	type	http://yago-knowledge.org/resource/wordnet_associate_109816771	entity	associate
http://yago-knowledge.org/resource/Erasmus_Darwin	Erasmus Darwin	http://www.w3.org/1999/02/22-rdf-syntax-ns#type	type	http://yago-knowledge.org/resource/wordnet_biologist_109855630	entity	biologist
http://yago-knowledge.org/resource/Erasmus_Darwin	Erasmus Darwin	http://www.w3.org/1999/02/22-rdf-syntax-ns#type	type	http://yago-knowledge.org/resource/wordnet_botanist_109868270	entity	botanist
http://yago-knowledge.org/resource/Erasmus_Darwin	Erasmus Darwin	http://www.w3.org/1999/02/22-rdf-syntax-ns#type	type	http://yago-knowledge.org/resource/wordnet_causal_agent_100007347	entity	causal agent
http://yago-knowledge.org/resource/Erasmus_Darwin	Erasmus Darwin	http://www.w3.org/1999/02/22-rdf-syntax-ns#type	type	http://yago-knowledge.org/resource/wordnet_colleague_109935990	entity	colleague
http://yago-knowledge.org/resource/Erasmus_Darwin	Erasmus Darwin	http://www.w3.org/1999/02/22-rdf-syntax-ns#type	type	http://yago-knowledge.org/resource/wordnet_communicator_109610660	entity	communicator
http://yago-knowledge.org/resource/Erasmus_Darwin	Erasmus Darwin	http://www.w3.org/1999/02/22-rdf-syntax-ns#type	type	http://yago-knowledge.org/resource/wordnet_doctor_110020890	entity	doctor
http://yago-knowledge.org/resource/Erasmus_Darwin	Erasmus Darwin	http://www.w3.org/1999/02/22-rdf-syntax-ns#type	type	http://yago-knowledge.org/resource/wordnet_entomologist_110059904	entity	entomologist
http://yago-knowledge.org/resource/Erasmus_Darwin	Erasmus Darwin	http://www.w3.org/1999/02/22-rdf-syntax-ns#type	type	http://yago-knowledge.org/resource/wordnet_geneticist_110126424	entity	geneticist
http://yago-knowledge.org/resource/Erasmus_Darwin	Erasmus Darwin	http://www.w3.org/1999/02/22-rdf-syntax-ns#type	type	http://yago-knowledge.org/resource/wordnet_health_professional_110165109	entity	health professional
http://yago-knowledge.org/resource/Erasmus_Darwin	Erasmus Darwin	http://www.w3.org/1999/02/22-rdf-syntax-ns#type	type	http://yago-knowledge.org/resource/wordnet_intellectual_109621545	entity	intellectual
http://yago-knowledge.org/resource/Erasmus_Darwin	Erasmus Darwin	http://www.w3.org/1999/02/22-rdf-syntax-ns#type	type	http://yago-knowledge.org/resource/wordnet_living_thing_100004258	entity	living thing
http://yago-knowledge.org/resource/Erasmus_Darwin	Erasmus Darwin	http://www.w3.org/1999/02/22-rdf-syntax-ns#type	type	http://yago-knowledge.org/resource/wordnet_medical_practitioner_110305802	entity	medical practitioner
http://yago-knowledge.org/resource/Erasmus_Darwin	Erasmus Darwin	http://www.w3.org/1999/02/22-rdf-syntax-ns#type	type	http://yago-knowledge.org/resource/wordnet_object_100002684	entity	object
http://yago-knowledge.org/resource/Erasmus_Darwin	Erasmus Darwin	http://www.w3.org/1999/02/22-rdf-syntax-ns#type	type	http://yago-knowledge.org/resource/wordnet_organism_100004475	entity	organism
http://yago-knowledge.org/resource/Erasmus_Darwin	Erasmus Darwin	http://www.w3.org/1999/02/22-rdf-syntax-ns#type	type	http://yago-knowledge.org/resource/wordnet_peer_109626238	entity	peer
http://yago-knowledge.org/resource/Erasmus_Darwin	Erasmus Darwin	http://www.w3.org/1999/02/22-rdf-syntax-ns#type	type	http://yago-knowledge.org/resource/wordnet_person_100007846	entity	person
http://yago-knowledge.org/resource/Erasmus_Darwin	Erasmus Darwin	http://www.w3.org/1999/02/22-rdf-syntax-ns#type	type	http://yago-knowledge.org/resource/wordnet_physical_entity_100001930	entity	physical entity
http://yago-knowledge.org/resource/Erasmus_Darwin	Erasmus Darwin	http://www.w3.org/1999/02/22-rdf-syntax-ns#type	type	http://yago-knowledge.org/resource/wordnet_poet_110444194	entity	poet
http://yago-knowledge.org/resource/Erasmus_Darwin	Erasmus Darwin	http://www.w3.org/1999/02/22-rdf-syntax-ns#type	type	http://yago-knowledge.org/resource/wordnet_professional_110480253	entity	professional
http://yago-knowledge.org/resource/Erasmus_Darwin	Erasmus Darwin	http://www.w3.org/1999/02/22-rdf-syntax-ns#type	type	http://yago-knowledge.org/resource/wordnet_scholar_110557854	entity	scholar
http://yago-knowledge.org/resource/Erasmus_Darwin	Erasmus Darwin	http://www.w3.org/1999/02/22-rdf-syntax-ns#type	type	http://yago-knowledge.org/resource/wordnet_scientist_110560637	entity	scientist
http://yago-knowledge.org/resource/Erasmus_Darwin	Erasmus Darwin	http://www.w3.org/1999/02/22-rdf-syntax-ns#type	type	http://yago-knowledge.org/resource/wordnet_whole_100003553	entity	whole
http://yago-knowledge.org/resource/Erasmus_Darwin	Erasmus Darwin	http://www.w3.org/1999/02/22-rdf-syntax-ns#type	type	http://yago-knowledge.org/resource/wordnet_writer_110794014	entity	writer
http://yago-knowledge.org/resource/Erasmus_Darwin	Erasmus Darwin	http://www.w3.org/1999/02/22-rdf-syntax-ns#type	type	http://yago-knowledge.org/resource/wordnet_zoologist_110806222	entity	zoologist
http://yago-knowledge.org/resource/Erasmus_Darwin	Erasmus Darwin	http://www.w3.org/1999/02/22-rdf-syntax-ns#type	type	http://yago-knowledge.org/resource/yagoLegalActor	entity	legal actor
http://yago-knowledge.org/resource/Erasmus_Darwin	Erasmus Darwin	http://www.w3.org/1999/02/22-rdf-syntax-ns#type	type	http://yago-knowledge.org/resource/yagoLegalActorGeo	entity	legal actor or geographic entity
http://yago-knowledge.org/resource/Erasmus_Darwin	Erasmus Darwin	http://www.w3.org/2000/01/rdf-schema#label	label	Erasmus Darwin	http://www.w3.org/1999/02/22-rdf-syntax-ns#langString	
http://yago-knowledge.org/resource/Erasmus_Darwin	Erasmus Darwin	http://www.w3.org/2000/01/rdf-schema#label	label	Erasmus Darwin	http://www.w3.org/2001/XMLSchema#string	
http://yago-knowledge.org/resource/Erasmus_Darwin	Erasmus Darwin	http://www.w3.org/2002/07/owl#sameAs	sameAs	http://dbpedia.org/resource/Erasmus_Darwin	entity	Erasmus Darwin
http://yago-knowledge.org/resource/Erasmus_Darwin	Erasmus Darwin	http://www.w3.org/2004/02/skos/core#prefLabel	preferred label	Erasmus Darwin	http://www.w3.org/1999/02/22-rdf-syntax-ns#langString	
http://yago-knowledge.org/resource/Erasmus_Darwin	Erasmus Darwin	http://yago-knowledge.org/resource/diedOnDate	Date of death	1802-04-18	http://www.w3.org/2001/XMLSchema#date	
http://yago-knowledge.org/resource/Erasmus_Darwin	Erasmus Darwin	http://yago-knowledge.org/resource/hasCitationTitle	null	A History of Modern Psychology	http://www.w3.org/1999/02/22-rdf-syntax-ns#langString	
http://yago-knowledge.org/resource/Erasmus_Darwin	Erasmus Darwin	http://yago-knowledge.org/resource/hasCitationTitle	null	Erasmus Darwin	http://www.w3.org/1999/02/22-rdf-syntax-ns#langString	
http://yago-knowledge.org/resource/Erasmus_Darwin	Erasmus Darwin	http://yago-knowledge.org/resource/hasCitationTitle	null	Sexing the plants	http://www.w3.org/1999/02/22-rdf-syntax-ns#langString	
http://yago-knowledge.org/resource/Erasmus_Darwin	Erasmus Darwin	http://yago-knowledge.org/resource/hasCitationTitle	null	The Buildings of England: Nottinghamshire	http://www.w3.org/1999/02/22-rdf-syntax-ns#langString	
http://yago-knowledge.org/resource/Erasmus_Darwin	Erasmus Darwin	http://yago-knowledge.org/resource/hasCitationTitle	null	The Emperor's New Clothes: Biological Theories of Race at the Millennium	http://www.w3.org/1999/02/22-rdf-syntax-ns#langString	
http://yago-knowledge.org/resource/Erasmus_Darwin	Erasmus Darwin	http://yago-knowledge.org/resource/hasCitationTitle	null	The Genius of Erasmus Darwin	http://www.w3.org/1999/02/22-rdf-syntax-ns#langString	
http://yago-knowledge.org/resource/Erasmus_Darwin	Erasmus Darwin	http://yago-knowledge.org/resource/hasFamilyName	Surname	Darwin	http://www.w3.org/2001/XMLSchema#string	
http://yago-knowledge.org/resource/Erasmus_Darwin	Erasmus Darwin	http://yago-knowledge.org/resource/hasGender	sex or gender	http://yago-knowledge.org/resource/male	entity	male
http://yago-knowledge.org/resource/Erasmus_Darwin	Erasmus Darwin	http://yago-knowledge.org/resource/hasGivenName	given name	Erasmus	http://www.w3.org/2001/XMLSchema#string	
http://yago-knowledge.org/resource/Erasmus_Darwin	Erasmus Darwin	http://yago-knowledge.org/resource/hasWikipediaAnchorText	null	"Introduction" Frankenstein (1831 edition)	http://www.w3.org/1999/02/22-rdf-syntax-ns#langString	
http://yago-knowledge.org/resource/Erasmus_Darwin	Erasmus Darwin	http://yago-knowledge.org/resource/hasWikipediaAnchorText	null	"Preface and 'a preliminary notice'" by Charles Darwin	http://www.w3.org/1999/02/22-rdf-syntax-ns#langString	
http://yago-knowledge.org/resource/Erasmus_Darwin	Erasmus Darwin	http://yago-knowledge.org/resource/hasWikipediaAnchorText	null	Academy	http://www.w3.org/1999/02/22-rdf-syntax-ns#langString	
http://yago-knowledge.org/resource/Erasmus_Darwin	Erasmus Darwin	http://yago-knowledge.org/resource/hasWikipediaAnchorText	null	Ashbourne, Derbyshire	http://www.w3.org/1999/02/22-rdf-syntax-ns#langString	
http://yago-knowledge.org/resource/Erasmus_Darwin	Erasmus Darwin	http://yago-knowledge.org/resource/hasWikipediaAnchorText	null	Benjamin Franklin	http://www.w3.org/1999/02/22-rdf-syntax-ns#langString	
http://yago-knowledge.org/resource/Erasmus_Darwin	Erasmus Darwin	http://yago-knowledge.org/resource/hasWikipediaAnchorText	null	Benjamin Zephaniah	http://www.w3.org/1999/02/22-rdf-syntax-ns#langString	
http://yago-knowledge.org/resource/Erasmus_Darwin	Erasmus Darwin	http://yago-knowledge.org/resource/hasWikipediaAnchorText	null	Big Bang	http://www.w3.org/1999/02/22-rdf-syntax-ns#langString	
http://yago-knowledge.org/resource/Erasmus_Darwin	Erasmus Darwin	http://yago-knowledge.org/resource/hasWikipediaAnchorText	null	Big Crunch	http://www.w3.org/1999/02/22-rdf-syntax-ns#langString	
http://yago-knowledge.org/resource/Erasmus_Darwin	Erasmus Darwin	http://yago-knowledge.org/resource/hasWikipediaAnchorText	null	Birmingham	http://www.w3.org/1999/02/22-rdf-syntax-ns#langString	
http://yago-knowledge.org/resource/Erasmus_Darwin	Erasmus Darwin	http://yago-knowledge.org/resource/hasWikipediaAnchorText	null	Birmingham Museum and Art Gallery	http://www.w3.org/1999/02/22-rdf-syntax-ns#langString	
http://yago-knowledge.org/resource/Erasmus_Darwin	Erasmus Darwin	http://yago-knowledge.org/resource/hasWikipediaAnchorText	null	Breadsall	http://www.w3.org/1999/02/22-rdf-syntax-ns#langString	
http://yago-knowledge.org/resource/Erasmus_Darwin	Erasmus Darwin	http://yago-knowledge.org/resource/hasWikipediaAnchorText	null	Breadsall Priory	http://www.w3.org/1999/02/22-rdf-syntax-ns#langString	
http://yago-knowledge.org/resource/Erasmus_Darwin	Erasmus Darwin	http://yago-knowledge.org/resource/hasWikipediaAnchorText	null	Cambridge	http://www.w3.org/1999/02/22-rdf-syntax-ns#langString	
http://yago-knowledge.org/resource/Erasmus_Darwin	Erasmus Darwin	http://yago-knowledge.org/resource/hasWikipediaAnchorText	null	Cambridge University Press	http://www.w3.org/1999/02/22-rdf-syntax-ns#langString	
http://yago-knowledge.org/resource/Erasmus_Darwin	Erasmus Darwin	http://yago-knowledge.org/resource/hasWikipediaAnchorText	null	Carolus Linnaeus	http://www.w3.org/1999/02/22-rdf-syntax-ns#langString	
http://yago-knowledge.org/resource/Erasmus_Darwin	Erasmus Darwin	http://yago-knowledge.org/resource/hasWikipediaAnchorText	null	Charles Colyear, 2nd Earl of Portmore	http://www.w3.org/1999/02/22-rdf-syntax-ns#langString	
http://yago-knowledge.org/resource/Erasmus_Darwin	Erasmus Darwin	http://yago-knowledge.org/resource/hasWikipediaAnchorText	null	Charles Darwin	http://www.w3.org/1999/02/22-rdf-syntax-ns#langString	
http://yago-knowledge.org/resource/Erasmus_Darwin	Erasmus Darwin	http://yago-knowledge.org/resource/hasWikipediaAnchorText	null	Charles Darwin (1758–1778)	http://www.w3.org/1999/02/22-rdf-syntax-ns#langString	
http://yago-knowledge.org/resource/Erasmus_Darwin	Erasmus Darwin	http://yago-knowledge.org/resource/hasWikipediaAnchorText	null	Charles Sheffield	http://www.w3.org/1999/02/22-rdf-syntax-ns#langString	
http://yago-knowledge.org/resource/Erasmus_Darwin	Erasmus Darwin	http://yago-knowledge.org/resource/hasWikipediaAnchorText	null	Chasetown	http://www.w3.org/1999/02/22-rdf-syntax-ns#langString	
http://yago-knowledge.org/resource/Erasmus_Darwin	Erasmus Darwin	http://yago-knowledge.org/resource/hasWikipediaAnchorText	null	Chesterfield	http://www.w3.org/1999/02/22-rdf-syntax-ns#langString	
http://yago-knowledge.org/resource/Erasmus_Darwin	Erasmus Darwin	http://yago-knowledge.org/resource/hasWikipediaAnchorText	null	Clifton	http://www.w3.org/1999/02/22-rdf-syntax-ns#langString	
http://yago-knowledge.org/resource/Erasmus_Darwin	Erasmus Darwin	http://yago-knowledge.org/resource/hasWikipediaAnchorText	null	Coalbrookdale	http://www.w3.org/1999/02/22-rdf-syntax-ns#langString	
http://yago-knowledge.org/resource/Erasmus_Darwin	Erasmus Darwin	http://yago-knowledge.org/resource/hasWikipediaAnchorText	null	Coleridge	http://www.w3.org/1999/02/22-rdf-syntax-ns#langString	
http://yago-knowledge.org/resource/Erasmus_Darwin	Erasmus Darwin	http://yago-knowledge.org/resource/hasWikipediaAnchorText	null	College of William and Mary	http://www.w3.org/1999/02/22-rdf-syntax-ns#langString	
http://yago-knowledge.org/resource/Erasmus_Darwin	Erasmus Darwin	http://yago-knowledge.org/resource/hasWikipediaAnchorText	null	Creed	http://www.w3.org/1999/02/22-rdf-syntax-ns#langString	
http://yago-knowledge.org/resource/Erasmus_Darwin	Erasmus Darwin	http://yago-knowledge.org/resource/hasWikipediaAnchorText	null	DNB	http://www.w3.org/1999/02/22-rdf-syntax-ns#langString	
http://yago-knowledge.org/resource/Erasmus_Darwin	Erasmus Darwin	http://yago-knowledge.org/resource/hasWikipediaAnchorText	null	Darwin–Wedgwood family	http://www.w3.org/1999/02/22-rdf-syntax-ns#langString	
http://yago-knowledge.org/resource/Erasmus_Darwin	Erasmus Darwin	http://yago-knowledge.org/resource/hasWikipediaAnchorText	null	David Hartley	http://www.w3.org/1999/02/22-rdf-syntax-ns#langString	
http://yago-knowledge.org/resource/Erasmus_Darwin	Erasmus Darwin	http://yago-knowledge.org/resource/hasWikipediaAnchorText	null	Derby	http://www.w3.org/1999/02/22-rdf-syntax-ns#langString	
http://yago-knowledge.org/resource/Erasmus_Darwin	Erasmus Darwin	http://yago-knowledge.org/resource/hasWikipediaAnchorText	null	Derby Museum and Art Gallery	http://www.w3.org/1999/02/22-rdf-syntax-ns#langString	
http://yago-knowledge.org/resource/Erasmus_Darwin	Erasmus Darwin	http://yago-knowledge.org/resource/hasWikipediaAnchorText	null	Derby Philosophical Society	http://www.w3.org/1999/02/22-rdf-syntax-ns#langString	
http://yago-knowledge.org/resource/Erasmus_Darwin	Erasmus Darwin	http://yago-knowledge.org/resource/hasWikipediaAnchorText	null	Economy of Vegetation	http://www.w3.org/1999/02/22-rdf-syntax-ns#langString	
http://yago-knowledge.org/resource/Erasmus_Darwin	Erasmus Darwin	http://yago-knowledge.org/resource/hasWikipediaAnchorText	null	Edward Pole	http://www.w3.org/1999/02/22-rdf-syntax-ns#langString	
http://yago-knowledge.org/resource/Erasmus_Darwin	Erasmus Darwin	http://yago-knowledge.org/resource/hasWikipediaAnchorText	null	Elston	http://www.w3.org/1999/02/22-rdf-syntax-ns#langString	
http://yago-knowledge.org/resource/Erasmus_Darwin	Erasmus Darwin	http://yago-knowledge.org/resource/hasWikipediaAnchorText	null	Elston Hall	http://www.w3.org/1999/02/22-rdf-syntax-ns#langString	
http://yago-knowledge.org/resource/Erasmus_Darwin	Erasmus Darwin	http://yago-knowledge.org/resource/hasWikipediaAnchorText	null	Erasmus	http://www.w3.org/1999/02/22-rdf-syntax-ns#langString	
http://yago-knowledge.org/resource/Erasmus_Darwin	Erasmus Darwin	http://yago-knowledge.org/resource/hasWikipediaAnchorText	null	Erasmus Darwin House	http://www.w3.org/1999/02/22-rdf-syntax-ns#langString	
http://yago-knowledge.org/resource/Erasmus_Darwin	Erasmus Darwin	http://yago-knowledge.org/resource/hasWikipediaAnchorText	null	Erasmus Darwin House, Lichfield	http://www.w3.org/1999/02/22-rdf-syntax-ns#langString	
http://yago-knowledge.org/resource/Erasmus_Darwin	Erasmus Darwin	http://yago-knowledge.org/resource/hasWikipediaAnchorText	null	Erasmus Darwin, Zoonomia: Project Gutenberg text XXIX.4.8	http://www.w3.org/1999/02/22-rdf-syntax-ns#langString	
http://yago-knowledge.org/resource/Erasmus_Darwin	Erasmus Darwin	http://yago-knowledge.org/resource/hasWikipediaAnchorText	null	Erasmus Earle	http://www.w3.org/1999/02/22-rdf-syntax-ns#langString	
http://yago-knowledge.org/resource/Erasmus_Darwin	Erasmus Darwin	http://yago-knowledge.org/resource/hasWikipediaAnchorText	null	Evolutionary ideas of the renaissance and enlightenment	http://www.w3.org/1999/02/22-rdf-syntax-ns#langString	
http://yago-knowledge.org/resource/Erasmus_Darwin	Erasmus Darwin	http://yago-knowledge.org/resource/hasWikipediaAnchorText	null	Francis Boott	http://www.w3.org/1999/02/22-rdf-syntax-ns#langString	
http://yago-knowledge.org/resource/Erasmus_Darwin	Erasmus Darwin	http://yago-knowledge.org/resource/hasWikipediaAnchorText	null	Francis Galton	http://www.w3.org/1999/02/22-rdf-syntax-ns#langString	
http://yago-knowledge.org/resource/Erasmus_Darwin	Erasmus Darwin	http://yago-knowledge.org/resource/hasWikipediaAnchorText	null	Francis Sacheverel Darwin	http://www.w3.org/1999/02/22-rdf-syntax-ns#langString	
http://yago-knowledge.org/resource/Erasmus_Darwin	Erasmus Darwin	http://yago-knowledge.org/resource/hasWikipediaAnchorText	null	Frankenstein	http://www.w3.org/1999/02/22-rdf-syntax-ns#langString	
http://yago-knowledge.org/resource/Erasmus_Darwin	Erasmus Darwin	http://yago-knowledge.org/resource/hasWikipediaAnchorText	null	Generation	http://www.w3.org/1999/02/22-rdf-syntax-ns#langString	
http://yago-knowledge.org/resource/Erasmus_Darwin	Erasmus Darwin	http://yago-knowledge.org/resource/hasWikipediaAnchorText	null	Genlis	http://www.w3.org/1999/02/22-rdf-syntax-ns#langString	
http://yago-knowledge.org/resource/Erasmus_Darwin	Erasmus Darwin	http://yago-knowledge.org/resource/hasWikipediaAnchorText	null	Genomic Dub Collective	http://www.w3.org/1999/02/22-rdf-syntax-ns#langString	
http://yago-knowledge.org/resource/Erasmus_Darwin	Erasmus Darwin	http://yago-knowledge.org/resource/hasWikipediaAnchorText	null	George III	http://www.w3.org/1999/02/22-rdf-syntax-ns#langString	
http://yago-knowledge.org/resource/Erasmus_Darwin	Erasmus Darwin	http://yago-knowledge.org/resource/hasWikipediaAnchorText	null	Haile Selassie	http://www.w3.org/1999/02/22-rdf-syntax-ns#langString	
http://yago-knowledge.org/resource/Erasmus_Darwin	Erasmus Darwin	http://yago-knowledge.org/resource/hasWikipediaAnchorText	null	History of evolutionary thought	http://www.w3.org/1999/02/22-rdf-syntax-ns#langString	
http://yago-knowledge.org/resource/Erasmus_Darwin	Erasmus Darwin	http://yago-knowledge.org/resource/hasWikipediaAnchorText	null	Industrial Revolution	http://www.w3.org/1999/02/22-rdf-syntax-ns#langString	
http://yago-knowledge.org/resource/Erasmus_Darwin	Erasmus Darwin	http://yago-knowledge.org/resource/hasWikipediaAnchorText	null	J.H. Prynne	http://www.w3.org/1999/02/22-rdf-syntax-ns#langString	
http://yago-knowledge.org/resource/Erasmus_Darwin	Erasmus Darwin	http://yago-knowledge.org/resource/hasWikipediaAnchorText	null	James Burnett, Lord Monboddo	http://www.w3.org/1999/02/22-rdf-syntax-ns#langString	
http://yago-knowledge.org/resource/Erasmus_Darwin	Erasmus Darwin	http://yago-knowledge.org/resource/hasWikipediaAnchorText	null	James Keir	http://www.w3.org/1999/02/22-rdf-syntax-ns#langString	
http://yago-knowledge.org/resource/Erasmus_Darwin	Erasmus Darwin	http://yago-knowledge.org/resource/hasWikipediaAnchorText	null	James Watt	http://www.w3.org/1999/02/22-rdf-syntax-ns#langString	
http://yago-knowledge.org/resource/Erasmus_Darwin	Erasmus Darwin	http://yago-knowledge.org/resource/hasWikipediaAnchorText	null	Jean-Baptiste Lamarck	http://www.w3.org/1999/02/22-rdf-syntax-ns#langString	
http://yago-knowledge.org/resource/Erasmus_Darwin	Erasmus Darwin	http://yago-knowledge.org/resource/hasWikipediaAnchorText	null	John Whitehurst	http://www.w3.org/1999/02/22-rdf-syntax-ns#langString	
http://yago-knowledge.org/resource/Erasmus_Darwin	Erasmus Darwin	http://yago-knowledge.org/resource/hasWikipediaAnchorText	null	Joseph Priestley	http://www.w3.org/1999/02/22-rdf-syntax-ns#langString	
http://yago-knowledge.org/resource/Erasmus_Darwin	Erasmus Darwin	http://yago-knowledge.org/resource/hasWikipediaAnchorText	null	Josiah Wedgwood	http://www.w3.org/1999/02/22-rdf-syntax-ns#langString	
http://yago-knowledge.org/resource/Erasmus_Darwin	Erasmus Darwin	http://yago-knowledge.org/resource/hasWikipediaAnchorText	null	Letter from Erasmus Darwin to Dr. William Withering at Mount Holyoke College	http://www.w3.org/1999/02/22-rdf-syntax-ns#langString	
http://yago-knowledge.org/resource/Erasmus_Darwin	Erasmus Darwin	http://yago-knowledge.org/resource/hasWikipediaAnchorText	null	Lewis Crofts	http://www.w3.org/1999/02/22-rdf-syntax-ns#langString	
http://yago-knowledge.org/resource/Erasmus_Darwin	Erasmus Darwin	http://yago-knowledge.org/resource/hasWikipediaAnchorText	null	Lichfield	http://www.w3.org/1999/02/22-rdf-syntax-ns#langString	
http://yago-knowledge.org/resource/Erasmus_Darwin	Erasmus Darwin	http://yago-knowledge.org/resource/hasWikipediaAnchorText	null	Lichfield Botanical Society	http://www.w3.org/1999/02/22-rdf-syntax-ns#langString	
http://yago-knowledge.org/resource/Erasmus_Darwin	Erasmus Darwin	http://yago-knowledge.org/resource/hasWikipediaAnchorText	null	Locke	http://www.w3.org/1999/02/22-rdf-syntax-ns#langString	
http://yago-knowledge.org/resource/Erasmus_Darwin	Erasmus Darwin	http://yago-knowledge.org/resource/hasWikipediaAnchorText	null	Lord's Prayer	http://www.w3.org/1999/02/22-rdf-syntax-ns#langString	
http://yago-knowledge.org/resource/Erasmus_Darwin	Erasmus Darwin	http://yago-knowledge.org/resource/hasWikipediaAnchorText	null	Lucy Hardcastle, 1771-c1835	http://www.w3.org/1999/02/22-rdf-syntax-ns#langString	
http://yago-knowledge.org/resource/Erasmus_Darwin	Erasmus Darwin	http://yago-knowledge.org/resource/hasWikipediaAnchorText	null	Lunar Society	http://www.w3.org/1999/02/22-rdf-syntax-ns#langString	
http://yago-knowledge.org/resource/Erasmus_Darwin	Erasmus Darwin	http://yago-knowledge.org/resource/hasWikipediaAnchorText	null	Lunar Society of Birmingham	http://www.w3.org/1999/02/22-rdf-syntax-ns#langString	
http://yago-knowledge.org/resource/Erasmus_Darwin	Erasmus Darwin	http://yago-knowledge.org/resource/hasWikipediaAnchorText	null	Mary Shelley	http://www.w3.org/1999/02/22-rdf-syntax-ns#langString	
http://yago-knowledge.org/resource/Erasmus_Darwin	Erasmus Darwin	http://yago-knowledge.org/resource/hasWikipediaAnchorText	null	Matthew Boulton	http://www.w3.org/1999/02/22-rdf-syntax-ns#langString	
http://yago-knowledge.org/resource/Erasmus_Darwin	Erasmus Darwin	http://yago-knowledge.org/resource/hasWikipediaAnchorText	null	Midlands	http://www.w3.org/1999/02/22-rdf-syntax-ns#langString	
http://yago-knowledge.org/resource/Erasmus_Darwin	Erasmus Darwin	http://yago-knowledge.org/resource/hasWikipediaAnchorText	null	Midlands Enlightenment	http://www.w3.org/1999/02/22-rdf-syntax-ns#langString	
http://yago-knowledge.org/resource/Erasmus_Darwin	Erasmus Darwin	http://yago-knowledge.org/resource/hasWikipediaAnchorText	null	Moonstones	http://www.w3.org/1999/02/22-rdf-syntax-ns#langString	
http://yago-knowledge.org/resource/Erasmus_Darwin	Erasmus Darwin	http://yago-knowledge.org/resource/hasWikipediaAnchorText	null	New Watch	http://www.w3.org/1999/02/22-rdf-syntax-ns#langString	
http://yago-knowledge.org/resource/Erasmus_Darwin	Erasmus Darwin	http://yago-knowledge.org/resource/hasWikipediaAnchorText	null	Newark-on-Trent	http://www.w3.org/1999/02/22-rdf-syntax-ns#langString	
http://yago-knowledge.org/resource/Erasmus_Darwin	Erasmus Darwin	http://yago-knowledge.org/resource/hasWikipediaAnchorText	null	Nottingham	http://www.w3.org/1999/02/22-rdf-syntax-ns#langString	
http://yago-knowledge.org/resource/Erasmus_Darwin	Erasmus Darwin	http://yago-knowledge.org/resource/hasWikipediaAnchorText	null	Nottinghamshire	http://www.w3.org/1999/02/22-rdf-syntax-ns#langString	
http://yago-knowledge.org/resource/Erasmus_Darwin	Erasmus Darwin	http://yago-knowledge.org/resource/hasWikipediaAnchorText	null	Oliver Cromwell	http://www.w3.org/1999/02/22-rdf-syntax-ns#langString	
http://yago-knowledge.org/resource/Erasmus_Darwin	Erasmus Darwin	http://yago-knowledge.org/resource/hasWikipediaAnchorText	null	Radbourne	http://www.w3.org/1999/02/22-rdf-syntax-ns#langString	
http://yago-knowledge.org/resource/Erasmus_Darwin	Erasmus Darwin	http://yago-knowledge.org/resource/hasWikipediaAnchorText	null	Radbourne Hall	http://www.w3.org/1999/02/22-rdf-syntax-ns#langString	
http://yago-knowledge.org/resource/Erasmus_Darwin	Erasmus Darwin	http://yago-knowledge.org/resource/hasWikipediaAnchorText	null	Regent's Park Estate	http://www.w3.org/1999/02/22-rdf-syntax-ns#langString	
http://yago-knowledge.org/resource/Erasmus_Darwin	Erasmus Darwin	http://yago-knowledge.org/resource/hasWikipediaAnchorText	null	Revolutionary Players website	http://www.w3.org/1999/02/22-rdf-syntax-ns#langString	
http://yago-knowledge.org/resource/Erasmus_Darwin	Erasmus Darwin	http://yago-knowledge.org/resource/hasWikipediaAnchorText	null	Richard Lovell Edgeworth	http://www.w3.org/1999/02/22-rdf-syntax-ns#langString	
http://yago-knowledge.org/resource/Erasmus_Darwin	Erasmus Darwin	http://yago-knowledge.org/resource/hasWikipediaAnchorText	null	Robert Darwin	http://www.w3.org/1999/02/22-rdf-syntax-ns#langString	
http://yago-knowledge.org/resource/Erasmus_Darwin	Erasmus Darwin	http://yago-knowledge.org/resource/hasWikipediaAnchorText	null	Robert Darwin of Elston	http://www.w3.org/1999/02/22-rdf-syntax-ns#langString	
http://yago-knowledge.org/resource/Erasmus_Darwin	Erasmus Darwin	http://yago-knowledge.org/resource/hasWikipediaAnchorText	null	Robert Weldon	http://www.w3.org/1999/02/22-rdf-syntax-ns#langString	
http://yago-knowledge.org/resource/Erasmus_Darwin	Erasmus Darwin	http://yago-knowledge.org/resource/hasWikipediaAnchorText	null	Rousseau	http://www.w3.org/1999/02/22-rdf-syntax-ns#langString	
http://yago-knowledge.org/resource/Erasmus_Darwin	Erasmus Darwin	http://yago-knowledge.org/resource/hasWikipediaAnchorText	null	Royal Physician	http://www.w3.org/1999/02/22-rdf-syntax-ns#langString	
http://yago-knowledge.org/resource/Erasmus_Darwin	Erasmus Darwin	http://yago-knowledge.org/resource/hasWikipediaAnchorText	null	SUNY Press	http://www.w3.org/1999/02/22-rdf-syntax-ns#langString	
http://yago-knowledge.org/resource/Erasmus_Darwin	Erasmus Darwin	http://yago-knowledge.org/resource/hasWikipediaAnchorText	null	Samuel Galton	http://www.w3.org/1999/02/22-rdf-syntax-ns#langString	
http://yago-knowledge.org/resource/Erasmus_Darwin	Erasmus Darwin	http://yago-knowledge.org/resource/hasWikipediaAnchorText	null	Samuel Tertius Galton	http://www.w3.org/1999/02/22-rdf-syntax-ns#langString	
http://yago-knowledge.org/resource/Erasmus_Darwin	Erasmus Darwin	http://yago-knowledge.org/resource/hasWikipediaAnchorText	null	Sergey Lukyanenko	http://www.w3.org/1999/02/22-rdf-syntax-ns#langString	
http://yago-knowledge.org/resource/Erasmus_Darwin	Erasmus Darwin	http://yago-knowledge.org/resource/hasWikipediaAnchorText	null	Seward, Anna	http://www.w3.org/1999/02/22-rdf-syntax-ns#langString	
http://yago-knowledge.org/resource/Erasmus_Darwin	Erasmus Darwin	http://yago-knowledge.org/resource/hasWikipediaAnchorText	null	Sherlock Holmes	http://www.w3.org/1999/02/22-rdf-syntax-ns#langString	
http://yago-knowledge.org/resource/Erasmus_Darwin	Erasmus Darwin	http://yago-knowledge.org/resource/hasWikipediaAnchorText	null	Somerset Coal Canal	http://www.w3.org/1999/02/22-rdf-syntax-ns#langString	
http://yago-knowledge.org/resource/Erasmus_Darwin	Erasmus Darwin	http://yago-knowledge.org/resource/hasWikipediaAnchorText	null	St John's College	http://www.w3.org/1999/02/22-rdf-syntax-ns#langString	
http://yago-knowledge.org/resource/Erasmus_Darwin	Erasmus Darwin	http://yago-knowledge.org/resource/hasWikipediaAnchorText	null	Stephan Baxter	http://www.w3.org/1999/02/22-rdf-syntax-ns#langString	
http://yago-knowledge.org/resource/Erasmus_Darwin	Erasmus Darwin	http://yago-knowledge.org/resource/hasWikipediaAnchorText	null	Ten Commandments	http://www.w3.org/1999/02/22-rdf-syntax-ns#langString	
http://yago-knowledge.org/resource/Erasmus_Darwin	Erasmus Darwin	http://yago-knowledge.org/resource/hasWikipediaAnchorText	null	The Botanic Garden	http://www.w3.org/1999/02/22-rdf-syntax-ns#langString	
http://yago-knowledge.org/resource/Erasmus_Darwin	Erasmus Darwin	http://yago-knowledge.org/resource/hasWikipediaAnchorText	null	The Loves of the Plants	http://www.w3.org/1999/02/22-rdf-syntax-ns#langString	
http://yago-knowledge.org/resource/Erasmus_Darwin	Erasmus Darwin	http://yago-knowledge.org/resource/hasWikipediaAnchorText	null	Thomas Day	http://www.w3.org/1999/02/22-rdf-syntax-ns#langString	
http://yago-knowledge.org/resource/Erasmus_Darwin	Erasmus Darwin	http://yago-knowledge.org/resource/hasWikipediaAnchorText	null	Thomas James Maling	http://www.w3.org/1999/02/22-rdf-syntax-ns#langString	
http://yago-knowledge.org/resource/Erasmus_Darwin	Erasmus Darwin	http://yago-knowledge.org/resource/hasWikipediaAnchorText	null	Thomas Jefferson	http://www.w3.org/1999/02/22-rdf-syntax-ns#langString	
http://yago-knowledge.org/resource/Erasmus_Darwin	Erasmus Darwin	http://yago-knowledge.org/resource/hasWikipediaAnchorText	null	University of Edinburgh Medical School	http://www.w3.org/1999/02/22-rdf-syntax-ns#langString	
http://yago-knowledge.org/resource/Erasmus_Darwin	Erasmus Darwin	http://yago-knowledge.org/resource/hasWikipediaAnchorText	null	William Small	http://www.w3.org/1999/02/22-rdf-syntax-ns#langString	
http://yago-knowledge.org/resource/Erasmus_Darwin	Erasmus Darwin	http://yago-knowledge.org/resource/hasWikipediaAnchorText	null	William Withering	http://www.w3.org/1999/02/22-rdf-syntax-ns#langString	
http://yago-knowledge.org/resource/Erasmus_Darwin	Erasmus Darwin	http://yago-knowledge.org/resource/hasWikipediaAnchorText	null	Wordsworth	http://www.w3.org/1999/02/22-rdf-syntax-ns#langString	
http://yago-knowledge.org/resource/Erasmus_Darwin	Erasmus Darwin	http://yago-knowledge.org/resource/hasWikipediaAnchorText	null	Zoonomia	http://www.w3.org/1999/02/22-rdf-syntax-ns#langString	
http://yago-knowledge.org/resource/Erasmus_Darwin	Erasmus Darwin	http://yago-knowledge.org/resource/hasWikipediaAnchorText	null	Zoonomia; or, The Laws of Organic Life	http://www.w3.org/1999/02/22-rdf-syntax-ns#langString	
http://yago-knowledge.org/resource/Erasmus_Darwin	Erasmus Darwin	http://yago-knowledge.org/resource/hasWikipediaAnchorText	null	artesian well	http://www.w3.org/1999/02/22-rdf-syntax-ns#langString	
http://yago-knowledge.org/resource/Erasmus_Darwin	Erasmus Darwin	http://yago-knowledge.org/resource/hasWikipediaAnchorText	null	associationism	http://www.w3.org/1999/02/22-rdf-syntax-ns#langString	
http://yago-knowledge.org/resource/Erasmus_Darwin	Erasmus Darwin	http://yago-knowledge.org/resource/hasWikipediaAnchorText	null	boarding school	http://www.w3.org/1999/02/22-rdf-syntax-ns#langString	
http://yago-knowledge.org/resource/Erasmus_Darwin	Erasmus Darwin	http://yago-knowledge.org/resource/hasWikipediaAnchorText	null	botanist	http://www.w3.org/1999/02/22-rdf-syntax-ns#langString	
http://yago-knowledge.org/resource/Erasmus_Darwin	Erasmus Darwin	http://yago-knowledge.org/resource/hasWikipediaAnchorText	null	caisson lock	http://www.w3.org/1999/02/22-rdf-syntax-ns#langString	
http://yago-knowledge.org/resource/Erasmus_Darwin	Erasmus Darwin	http://yago-knowledge.org/resource/hasWikipediaAnchorText	null	canal lift	http://www.w3.org/1999/02/22-rdf-syntax-ns#langString	
http://yago-knowledge.org/resource/Erasmus_Darwin	Erasmus Darwin	http://yago-knowledge.org/resource/hasWikipediaAnchorText	null	carriage	http://www.w3.org/1999/02/22-rdf-syntax-ns#langString	
http://yago-knowledge.org/resource/Erasmus_Darwin	Erasmus Darwin	http://yago-knowledge.org/resource/hasWikipediaAnchorText	null	copying	http://www.w3.org/1999/02/22-rdf-syntax-ns#langString	
http://yago-knowledge.org/resource/Erasmus_Darwin	Erasmus Darwin	http://yago-knowledge.org/resource/hasWikipediaAnchorText	null	evolution	http://www.w3.org/1999/02/22-rdf-syntax-ns#langString	
http://yago-knowledge.org/resource/Erasmus_Darwin	Erasmus Darwin	http://yago-knowledge.org/resource/hasWikipediaAnchorText	null	governess	http://www.w3.org/1999/02/22-rdf-syntax-ns#langString	
http://yago-knowledge.org/resource/Erasmus_Darwin	Erasmus Darwin	http://yago-knowledge.org/resource/hasWikipediaAnchorText	null	hard science fiction	http://www.w3.org/1999/02/22-rdf-syntax-ns#langString	
http://yago-knowledge.org/resource/Erasmus_Darwin	Erasmus Darwin	http://yago-knowledge.org/resource/hasWikipediaAnchorText	null	natural history	http://www.w3.org/1999/02/22-rdf-syntax-ns#langString	
http://yago-knowledge.org/resource/Erasmus_Darwin	Erasmus Darwin	http://yago-knowledge.org/resource/hasWikipediaAnchorText	null	natural philosopher	http://www.w3.org/1999/02/22-rdf-syntax-ns#langString	
http://yago-knowledge.org/resource/Erasmus_Darwin	Erasmus Darwin	http://yago-knowledge.org/resource/hasWikipediaAnchorText	null	opposed the slave trade	http://www.w3.org/1999/02/22-rdf-syntax-ns#langString	
http://yago-knowledge.org/resource/Erasmus_Darwin	Erasmus Darwin	http://yago-knowledge.org/resource/hasWikipediaAnchorText	null	pathology	http://www.w3.org/1999/02/22-rdf-syntax-ns#langString	
http://yago-knowledge.org/resource/Erasmus_Darwin	Erasmus Darwin	http://yago-knowledge.org/resource/hasWikipediaAnchorText	null	physician to the King	http://www.w3.org/1999/02/22-rdf-syntax-ns#langString	
http://yago-knowledge.org/resource/Erasmus_Darwin	Erasmus Darwin	http://yago-knowledge.org/resource/hasWikipediaAnchorText	null	physiologist	http://www.w3.org/1999/02/22-rdf-syntax-ns#langString	
http://yago-knowledge.org/resource/Erasmus_Darwin	Erasmus Darwin	http://yago-knowledge.org/resource/hasWikipediaAnchorText	null	rocket engine	http://www.w3.org/1999/02/22-rdf-syntax-ns#langString	
http://yago-knowledge.org/resource/Erasmus_Darwin	Erasmus Darwin	http://yago-knowledge.org/resource/hasWikipediaAnchorText	null	slave-trade abolitionist	http://www.w3.org/1999/02/22-rdf-syntax-ns#langString	
http://yago-knowledge.org/resource/Erasmus_Darwin	Erasmus Darwin	http://yago-knowledge.org/resource/hasWikipediaAnchorText	null	slavery	http://www.w3.org/1999/02/22-rdf-syntax-ns#langString	
http://yago-knowledge.org/resource/Erasmus_Darwin	Erasmus Darwin	http://yago-knowledge.org/resource/hasWikipediaAnchorText	null	steam engine	http://www.w3.org/1999/02/22-rdf-syntax-ns#langString	
http://yago-knowledge.org/resource/Erasmus_Darwin	Erasmus Darwin	http://yago-knowledge.org/resource/hasWikipediaAnchorText	null	steering	http://www.w3.org/1999/02/22-rdf-syntax-ns#langString	
http://yago-knowledge.org/resource/Erasmus_Darwin	Erasmus Darwin	http://yago-knowledge.org/resource/hasWikipediaAnchorText	null	survival of the fittest	http://www.w3.org/1999/02/22-rdf-syntax-ns#langString	
http://yago-knowledge.org/resource/Erasmus_Darwin	Erasmus Darwin	http://yago-knowledge.org/resource/hasWikipediaAnchorText	null	windmill	http://www.w3.org/1999/02/22-rdf-syntax-ns#langString	
http://yago-knowledge.org/resource/Erasmus_Darwin	Erasmus Darwin	http://yago-knowledge.org/resource/hasWikipediaArticleLength	null	26537	http://www.w3.org/2001/XMLSchema#integer	
http://yago-knowledge.org/resource/Erasmus_Darwin	Erasmus Darwin	http://yago-knowledge.org/resource/hasWikipediaUrl	null	http://en.wikipedia.org/wiki/Erasmus_Darwin	uri	null
http://yago-knowledge.org/resource/Erasmus_Darwin	Erasmus Darwin	http://yago-knowledge.org/resource/linksTo	null	http://yago-knowledge.org/resource/Academy_(English_school)	entity	Academy (English school)
http://yago-knowledge.org/resource/Erasmus_Darwin	Erasmus Darwin	http://yago-knowledge.org/resource/linksTo	null	http://yago-knowledge.org/resource/Anna_Seward	entity	Anna Seward
http://yago-knowledge.org/resource/Erasmus_Darwin	Erasmus Darwin	http://yago-knowledge.org/resource/linksTo	null	http://yago-knowledge.org/resource/Ashbourne,_Derbyshire	entity	Ashbourne, Derbyshire
http://yago-knowledge.org/resource/Erasmus_Darwin	Erasmus Darwin	http://yago-knowledge.org/resource/linksTo	null	http://yago-knowledge.org/resource/Benjamin_Franklin	entity	Benjamin Franklin
http://yago-knowledge.org/resource/Erasmus_Darwin	Erasmus Darwin	http://yago-knowledge.org/resource/linksTo	null	http://yago-knowledge.org/resource/Benjamin_Zephaniah	entity	Benjamin Zephaniah
http://yago-knowledge.org/resource/Erasmus_Darwin	Erasmus Darwin	http://yago-knowledge.org/resource/linksTo	null	http://yago-knowledge.org/resource/Birmingham	entity	Birmingham
http://yago-knowledge.org/resource/Erasmus_Darwin	Erasmus Darwin	http://yago-knowledge.org/resource/linksTo	null	http://yago-knowledge.org/resource/Breadsall	entity	Breadsall
http://yago-knowledge.org/resource/Erasmus_Darwin	Erasmus Darwin	http://yago-knowledge.org/resource/linksTo	null	http://yago-knowledge.org/resource/Breadsall_Priory	entity	Breadsall Priory
http://yago-knowledge.org/resource/Erasmus_Darwin	Erasmus Darwin	http://yago-knowledge.org/resource/linksTo	null	http://yago-knowledge.org/resource/Cambridge_University_Press	entity	Cambridge University Press
http://yago-knowledge.org/resource/Erasmus_Darwin	Erasmus Darwin	http://yago-knowledge.org/resource/linksTo	null	http://yago-knowledge.org/resource/Charles_Colyear,_2nd_Earl_of_Portmore	entity	Charles Colyear, 2nd Earl of Portmore
http://yago-knowledge.org/resource/Erasmus_Darwin	Erasmus Darwin	http://yago-knowledge.org/resource/linksTo	null	http://yago-knowledge.org/resource/Charles_Darwin	entity	Charles Darwin
http://yago-knowledge.org/resource/Erasmus_Darwin	Erasmus Darwin	http://yago-knowledge.org/resource/linksTo	null	http://yago-knowledge.org/resource/Charles_Sheffield	entity	Charles Sheffield
http://yago-knowledge.org/resource/Erasmus_Darwin	Erasmus Darwin	http://yago-knowledge.org/resource/linksTo	null	http://yago-knowledge.org/resource/Chasetown	entity	Chasetown
http://yago-knowledge.org/resource/Erasmus_Darwin	Erasmus Darwin	http://yago-knowledge.org/resource/linksTo	null	http://yago-knowledge.org/resource/Chesterfield	entity	Chesterfield
http://yago-knowledge.org/resource/Erasmus_Darwin	Erasmus Darwin	http://yago-knowledge.org/resource/linksTo	null	http://yago-knowledge.org/resource/Clifton,_Bristol	entity	Clifton, Bristol
http://yago-knowledge.org/resource/Erasmus_Darwin	Erasmus Darwin	http://yago-knowledge.org/resource/linksTo	null	http://yago-knowledge.org/resource/Coalbrookdale	entity	Coalbrookdale
http://yago-knowledge.org/resource/Erasmus_Darwin	Erasmus Darwin	http://yago-knowledge.org/resource/linksTo	null	http://yago-knowledge.org/resource/David_Hartley_(philosopher)	entity	David Hartley (philosopher)
http://yago-knowledge.org/resource/Erasmus_Darwin	Erasmus Darwin	http://yago-knowledge.org/resource/linksTo	null	http://yago-knowledge.org/resource/Derby_Philosophical_Society	entity	Derby Philosophical Society
http://yago-knowledge.org/resource/Erasmus_Darwin	Erasmus Darwin	http://yago-knowledge.org/resource/linksTo	null	http://yago-knowledge.org/resource/Dictionary_of_National_Biography	entity	Dictionary of National Biography
http://yago-knowledge.org/resource/Erasmus_Darwin	Erasmus Darwin	http://yago-knowledge.org/resource/linksTo	null	http://yago-knowledge.org/resource/Elston	entity	Elston
http://yago-knowledge.org/resource/Erasmus_Darwin	Erasmus Darwin	http://yago-knowledge.org/resource/linksTo	null	http://yago-knowledge.org/resource/Elston_Hall	entity	Elston Hall
http://yago-knowledge.org/resource/Erasmus_Darwin	Erasmus Darwin	http://yago-knowledge.org/resource/linksTo	null	http://yago-knowledge.org/resource/Erasmus_Darwin_House	entity	Erasmus Darwin House
http://yago-knowledge.org/resource/Erasmus_Darwin	Erasmus Darwin	http://yago-knowledge.org/resource/linksTo	null	http://yago-knowledge.org/resource/Erasmus_Earle	entity	Erasmus Earle
http://yago-knowledge.org/resource/Erasmus_Darwin	Erasmus Darwin	http://yago-knowledge.org/resource/linksTo	null	http://yago-knowledge.org/resource/Francis_Boott	entity	Francis Boott
http://yago-knowledge.org/resource/Erasmus_Darwin	Erasmus Darwin	http://yago-knowledge.org/resource/linksTo	null	http://yago-knowledge.org/resource/Francis_Galton	entity	Francis Galton
http://yago-knowledge.org/resource/Erasmus_Darwin	Erasmus Darwin	http://yago-knowledge.org/resource/linksTo	null	http://yago-knowledge.org/resource/Francis_Sacheverel_Darwin	entity	Francis Sacheverel Darwin
http://yago-knowledge.org/resource/Erasmus_Darwin	Erasmus Darwin	http://yago-knowledge.org/resource/linksTo	null	http://yago-knowledge.org/resource/Frankenstein	entity	Frankenstein
http://yago-knowledge.org/resource/Erasmus_Darwin	Erasmus Darwin	http://yago-knowledge.org/resource/linksTo	null	http://yago-knowledge.org/resource/George_III_of_the_United_Kingdom	entity	George III of the United Kingdom
http://yago-knowledge.org/resource/Erasmus_Darwin	Erasmus Darwin	http://yago-knowledge.org/resource/linksTo	null	http://yago-knowledge.org/resource/Haile_Selassie	entity	Haile Selassie
http://yago-knowledge.org/resource/Erasmus_Darwin	Erasmus Darwin	http://yago-knowledge.org/resource/linksTo	null	http://yago-knowledge.org/resource/Industrial_Revolution	entity	Industrial Revolution
http://yago-knowledge.org/resource/Erasmus_Darwin	Erasmus Darwin	http://yago-knowledge.org/resource/linksTo	null	http://yago-knowledge.org/resource/James_Burnett,_Lord_Monboddo	entity	James Burnett, Lord Monboddo
http://yago-knowledge.org/resource/Erasmus_Darwin	Erasmus Darwin	http://yago-knowledge.org/resource/linksTo	null	http://yago-knowledge.org/resource/James_Keir	entity	James Keir
http://yago-knowledge.org/resource/Erasmus_Darwin	Erasmus Darwin	http://yago-knowledge.org/resource/linksTo	null	http://yago-knowledge.org/resource/James_Watt	entity	James Watt
http://yago-knowledge.org/resource/Erasmus_Darwin	Erasmus Darwin	http://yago-knowledge.org/resource/linksTo	null	http://yago-knowledge.org/resource/Jean-Baptiste_Lamarck	entity	Jean-Baptiste Lamarck
http://yago-knowledge.org/resource/Erasmus_Darwin	Erasmus Darwin	http://yago-knowledge.org/resource/linksTo	null	http://yago-knowledge.org/resource/John_Locke	entity	John Locke
http://yago-knowledge.org/resource/Erasmus_Darwin	Erasmus Darwin	http://yago-knowledge.org/resource/linksTo	null	http://yago-knowledge.org/resource/John_Whitehurst	entity	John Whitehurst
http://yago-knowledge.org/resource/Erasmus_Darwin	Erasmus Darwin	http://yago-knowledge.org/resource/linksTo	null	http://yago-knowledge.org/resource/Joseph_Priestley	entity	Joseph Priestley
http://yago-knowledge.org/resource/Erasmus_Darwin	Erasmus Darwin	http://yago-knowledge.org/resource/linksTo	null	http://yago-knowledge.org/resource/Joseph_Wright_of_Derby	entity	Joseph Wright of Derby
http://yago-knowledge.org/resource/Erasmus_Darwin	Erasmus Darwin	http://yago-knowledge.org/resource/linksTo	null	http://yago-knowledge.org/resource/Josiah_Wedgwood	entity	Josiah Wedgwood
http://yago-knowledge.org/resource/Erasmus_Darwin	Erasmus Darwin	http://yago-knowledge.org/resource/linksTo	null	http://yago-knowledge.org/resource/Lewis_Crofts	entity	Lewis Crofts
http://yago-knowledge.org/resource/Erasmus_Darwin	Erasmus Darwin	http://yago-knowledge.org/resource/linksTo	null	http://yago-knowledge.org/resource/Lichfield	entity	Lichfield
http://yago-knowledge.org/resource/Erasmus_Darwin	Erasmus Darwin	http://yago-knowledge.org/resource/linksTo	null	http://yago-knowledge.org/resource/Lord's_Prayer	entity	Lord's Prayer
http://yago-knowledge.org/resource/Erasmus_Darwin	Erasmus Darwin	http://yago-knowledge.org/resource/linksTo	null	http://yago-knowledge.org/resource/Lunar_Society_Moonstones	entity	Lunar Society Moonstones
http://yago-knowledge.org/resource/Erasmus_Darwin	Erasmus Darwin	http://yago-knowledge.org/resource/linksTo	null	http://yago-knowledge.org/resource/Lunar_Society_of_Birmingham	entity	Lunar Society of Birmingham
http://yago-knowledge.org/resource/Erasmus_Darwin	Erasmus Darwin	http://yago-knowledge.org/resource/linksTo	null	http://yago-knowledge.org/resource/Mary_Shelley	entity	Mary Shelley
http://yago-knowledge.org/resource/Erasmus_Darwin	Erasmus Darwin	http://yago-knowledge.org/resource/linksTo	null	http://yago-knowledge.org/resource/Matthew_Boulton	entity	Matthew Boulton
http://yago-knowledge.org/resource/Erasmus_Darwin	Erasmus Darwin	http://yago-knowledge.org/resource/linksTo	null	http://yago-knowledge.org/resource/New_Watch_(novel)	entity	New Watch (novel)
http://yago-knowledge.org/resource/Erasmus_Darwin	Erasmus Darwin	http://yago-knowledge.org/resource/linksTo	null	http://yago-knowledge.org/resource/Newark-on-Trent	entity	Newark-on-Trent
http://yago-knowledge.org/resource/Erasmus_Darwin	Erasmus Darwin	http://yago-knowledge.org/resource/linksTo	null	http://yago-knowledge.org/resource/Nottingham	entity	Nottingham
http://yago-knowledge.org/resource/Erasmus_Darwin	Erasmus Darwin	http://yago-knowledge.org/resource/linksTo	null	http://yago-knowledge.org/resource/Nottinghamshire	entity	Nottinghamshire
http://yago-knowledge.org/resource/Erasmus_Darwin	Erasmus Darwin	http://yago-knowledge.org/resource/linksTo	null	http://yago-knowledge.org/resource/Oliver_Cromwell	entity	Oliver Cromwell
http://yago-knowledge.org/resource/Erasmus_Darwin	Erasmus Darwin	http://yago-knowledge.org/resource/linksTo	null	http://yago-knowledge.org/resource/Radbourne_Hall	entity	Radbourne Hall
http://yago-knowledge.org/resource/Erasmus_Darwin	Erasmus Darwin	http://yago-knowledge.org/resource/linksTo	null	http://yago-knowledge.org/resource/Regent's_Park_Estate	entity	Regent's Park Estate
http://yago-knowledge.org/resource/Erasmus_Darwin	Erasmus Darwin	http://yago-knowledge.org/resource/linksTo	null	http://yago-knowledge.org/resource/Richard_Lovell_Edgeworth	entity	Richard Lovell Edgeworth
http://yago-knowledge.org/resource/Erasmus_Darwin	Erasmus Darwin	http://yago-knowledge.org/resource/linksTo	null	http://yago-knowledge.org/resource/Robert_Darwin	entity	Robert Darwin
http://yago-knowledge.org/resource/Erasmus_Darwin	Erasmus Darwin	http://yago-knowledge.org/resource/linksTo	null	http://yago-knowledge.org/resource/Robert_Waring_Darwin_of_Elston	entity	Robert Waring Darwin of Elston
http://yago-knowledge.org/resource/Erasmus_Darwin	Erasmus Darwin	http://yago-knowledge.org/resource/linksTo	null	http://yago-knowledge.org/resource/Samuel_Galton,_Jr.	entity	Samuel Galton, Jr.
http://yago-knowledge.org/resource/Erasmus_Darwin	Erasmus Darwin	http://yago-knowledge.org/resource/linksTo	null	http://yago-knowledge.org/resource/Samuel_Taylor_Coleridge	entity	Samuel Taylor Coleridge
http://yago-knowledge.org/resource/Erasmus_Darwin	Erasmus Darwin	http://yago-knowledge.org/resource/linksTo	null	http://yago-knowledge.org/resource/Samuel_Tertius_Galton	entity	Samuel Tertius Galton
http://yago-knowledge.org/resource/Erasmus_Darwin	Erasmus Darwin	http://yago-knowledge.org/resource/linksTo	null	http://yago-knowledge.org/resource/Sherlock_Holmes	entity	Sherlock Holmes
http://yago-knowledge.org/resource/Erasmus_Darwin	Erasmus Darwin	http://yago-knowledge.org/resource/linksTo	null	http://yago-knowledge.org/resource/Society_for_Effecting_the_Abolition_of_the_Slave_Trade	entity	Society for Effecting the Abolition of the Slave Trade
http://yago-knowledge.org/resource/Erasmus_Darwin	Erasmus Darwin	http://yago-knowledge.org/resource/linksTo	null	http://yago-knowledge.org/resource/Somerset_Coal_Canal	entity	Somerset Coal Canal
http://yago-knowledge.org/resource/Erasmus_Darwin	Erasmus Darwin	http://yago-knowledge.org/resource/linksTo	null	http://yago-knowledge.org/resource/St_John's_College,_Cambridge	entity	St John's College, Cambridge
http://yago-knowledge.org/resource/Erasmus_Darwin	Erasmus Darwin	http://yago-knowledge.org/resource/linksTo	null	http://yago-knowledge.org/resource/Ten_Commandments	entity	Ten Commandments
http://yago-knowledge.org/resource/Erasmus_Darwin	Erasmus Darwin	http://yago-knowledge.org/resource/linksTo	null	http://yago-knowledge.org/resource/The_Botanic_Garden	entity	The Botanic Garden
http://yago-knowledge.org/resource/Erasmus_Darwin	Erasmus Darwin	http://yago-knowledge.org/resource/linksTo	null	http://yago-knowledge.org/resource/Thomas_Day	entity	Thomas Day
http://yago-knowledge.org/resource/Erasmus_Darwin	Erasmus Darwin	http://yago-knowledge.org/resource/linksTo	null	http://yago-knowledge.org/resource/Thomas_James_Maling	entity	Thomas James Maling
http://yago-knowledge.org/resource/Erasmus_Darwin	Erasmus Darwin	http://yago-knowledge.org/resource/linksTo	null	http://yago-knowledge.org/resource/Thomas_Jefferson	entity	Thomas Jefferson
http://yago-knowledge.org/resource/Erasmus_Darwin	Erasmus Darwin	http://yago-knowledge.org/resource/linksTo	null	http://yago-knowledge.org/resource/University_of_Cambridge	entity	University of Cambridge
http://yago-knowledge.org/resource/Erasmus_Darwin	Erasmus Darwin	http://yago-knowledge.org/resource/linksTo	null	http://yago-knowledge.org/resource/University_of_Edinburgh_Medical_School	entity	University of Edinburgh Medical School
http://yago-knowledge.org/resource/Erasmus_Darwin	Erasmus Darwin	http://yago-knowledge.org/resource/linksTo	null	http://yago-knowledge.org/resource/W._J._Coffee	entity	W. J. Coffee
http://yago-knowledge.org/resource/Erasmus_Darwin	Erasmus Darwin	http://yago-knowledge.org/resource/linksTo	null	http://yago-knowledge.org/resource/William_Small	entity	William Small
http://yago-knowledge.org/resource/Erasmus_Darwin	Erasmus Darwin	http://yago-knowledge.org/resource/linksTo	null	http://yago-knowledge.org/resource/William_Withering	entity	William Withering
http://yago-knowledge.org/resource/Erasmus_Darwin	Erasmus Darwin	http://yago-knowledge.org/resource/linksTo	null	http://yago-knowledge.org/resource/William_Wordsworth	entity	William Wordsworth
http://yago-knowledge.org/resource/Erasmus_Darwin	Erasmus Darwin	http://yago-knowledge.org/resource/linksTo	null	http://yago-knowledge.org/resource/Zoonomia	entity	Zoonomia
http://yago-knowledge.org/resource/Erasmus_Darwin	Erasmus Darwin	http://yago-knowledge.org/resource/redirectedFrom	null	Erasmos Darwin	http://www.w3.org/1999/02/22-rdf-syntax-ns#langString	
http://yago-knowledge.org/resource/Erasmus_Darwin	Erasmus Darwin	http://yago-knowledge.org/resource/redirectedFrom	null	Erasmus Darwin the Elder	http://www.w3.org/1999/02/22-rdf-syntax-ns#langString	
http://yago-knowledge.org/resource/Erasmus_Darwin	Erasmus Darwin	http://yago-knowledge.org/resource/redirectedFrom	null	Erasmus darwin	http://www.w3.org/1999/02/22-rdf-syntax-ns#langString	
http://yago-knowledge.org/resource/Erasmus_Darwin	Erasmus Darwin	http://yago-knowledge.org/resource/wasBornIn	birthPlace	http://yago-knowledge.org/resource/Nottingham	entity	Nottingham
http://yago-knowledge.org/resource/Erasmus_Darwin	Erasmus Darwin	http://yago-knowledge.org/resource/wasBornOnDate	date of birth	1731-12-12	http://www.w3.org/2001/XMLSchema#date	
