sub	subl	prop	propl	obj	obj_t	obj_l
http://www.wikidata.org/entity/Q234050	Erasmus Darwin	http://schema.org/description	description	English physician, botanist; member of the Lunar Society	http://www.w3.org/1999/02/22-rdf-syntax-ns#langString	
http://www.wikidata.org/entity/Q234050	Erasmus Darwin	http://www.w3.org/1999/02/22-rdf-syntax-ns#type	type	http://www.wikidata.org/entity/Q5	entity	human
http://www.wikidata.org/entity/Q234050	Erasmus Darwin	http://www.w3.org/1999/02/22-rdf-syntax-ns#type	type	http://www.wikidata.org/ontology#Item	entity	Item
http://www.wikidata.org/entity/Q234050	Erasmus Darwin	http://www.w3.org/2000/01/rdf-schema#label	label	Erasmus Darwin	http://www.w3.org/1999/02/22-rdf-syntax-ns#langString	
http://www.wikidata.org/entity/Q234050	Erasmus Darwin	http://www.wikidata.org/entity/P1005c	PTBNP ID	168556	http://www.w3.org/2001/XMLSchema#string	
http://www.wikidata.org/entity/Q234050	Erasmus Darwin	http://www.wikidata.org/entity/P1006c	National Thesaurus for Author Names ID	068936656	http://www.w3.org/2001/XMLSchema#string	
http://www.wikidata.org/entity/Q234050	Erasmus Darwin	http://www.wikidata.org/entity/P1017c	BAV ID	ADV10115992	http://www.w3.org/2001/XMLSchema#string	
http://www.wikidata.org/entity/Q234050	Erasmus Darwin	http://www.wikidata.org/entity/P106c	occupation	http://www.wikidata.org/entity/Q2374149	entity	botanist
http://www.wikidata.org/entity/Q234050	Erasmus Darwin	http://www.wikidata.org/entity/P106c	occupation	http://www.wikidata.org/entity/Q36180	entity	writer
http://www.wikidata.org/entity/Q234050	Erasmus Darwin	http://www.wikidata.org/entity/P106c	occupation	http://www.wikidata.org/entity/Q39631	entity	physician
http://www.wikidata.org/entity/Q234050	Erasmus Darwin	http://www.wikidata.org/entity/P106c	occupation	http://www.wikidata.org/entity/Q4964182	entity	philosopher
http://www.wikidata.org/entity/Q234050	Erasmus Darwin	http://www.wikidata.org/entity/P106c	occupation	http://www.wikidata.org/entity/Q864503	entity	biologist
http://www.wikidata.org/entity/Q234050	Erasmus Darwin	http://www.wikidata.org/entity/P1207c	NUKAT (WarsawU) authorities	n01042487	http://www.w3.org/2001/XMLSchema#string	
http://www.wikidata.org/entity/Q234050	Erasmus Darwin	http://www.wikidata.org/entity/P1263c	NNDB people ID	256/000049109	http://www.w3.org/2001/XMLSchema#string	
http://www.wikidata.org/entity/Q234050	Erasmus Darwin	http://www.wikidata.org/entity/P1315c	People Australia ID	806019	http://www.w3.org/2001/XMLSchema#string	
http://www.wikidata.org/entity/Q234050	Erasmus Darwin	http://www.wikidata.org/entity/P1343c	described by source	http://www.wikidata.org/entity/Q19074349	entity	Darwin, Erasmus (DNB00)
http://www.wikidata.org/entity/Q234050	Erasmus Darwin	http://www.wikidata.org/entity/P1412c	languages spoken, written or signed	http://www.wikidata.org/entity/Q1860	entity	English
http://www.wikidata.org/entity/Q234050	Erasmus Darwin	http://www.wikidata.org/entity/P1415c	Oxford Biography Index Number	101007177	http://www.w3.org/2001/XMLSchema#string	
http://www.wikidata.org/entity/Q234050	Erasmus Darwin	http://www.wikidata.org/entity/P1430c	OpenPlaques subject ID	9928	http://www.w3.org/2001/XMLSchema#string	
http://www.wikidata.org/entity/Q234050	Erasmus Darwin	http://www.wikidata.org/entity/P1599c	Cambridge Alumni Database ID	DRWN750E	http://www.w3.org/2001/XMLSchema#string	
http://www.wikidata.org/entity/Q234050	Erasmus Darwin	http://www.wikidata.org/entity/P166c	award received	http://www.wikidata.org/entity/Q15631401	entity	Fellow of the Royal Society
http://www.wikidata.org/entity/Q234050	Erasmus Darwin	http://www.wikidata.org/entity/P1711c	British Museum person-institution	68143	http://www.w3.org/2001/XMLSchema#string	
http://www.wikidata.org/entity/Q234050	Erasmus Darwin	http://www.wikidata.org/entity/P1816c	National Portrait Gallery (London) person ID	mp01197	http://www.w3.org/2001/XMLSchema#string	
http://www.wikidata.org/entity/Q234050	Erasmus Darwin	http://www.wikidata.org/entity/P1819c	genealogics.org person ID	I00248565	http://www.w3.org/2001/XMLSchema#string	
http://www.wikidata.org/entity/Q234050	Erasmus Darwin	http://www.wikidata.org/entity/P1871c	CERL ID	cnp01259790	http://www.w3.org/2001/XMLSchema#string	
http://www.wikidata.org/entity/Q234050	Erasmus Darwin	http://www.wikidata.org/entity/P18c	image	http://commons.wikimedia.org/wiki/File:Portrait_of_Erasmus_Darwin_by_Joseph_Wright_of_Derby_(1792).jpg	uri	null
http://www.wikidata.org/entity/Q234050	Erasmus Darwin	http://www.wikidata.org/entity/P1938c	Project Gutenberg author ID	3099	http://www.w3.org/2001/XMLSchema#string	
http://www.wikidata.org/entity/Q234050	Erasmus Darwin	http://www.wikidata.org/entity/P19c	place of birth	http://www.wikidata.org/entity/Q5367753	entity	Elston
http://www.wikidata.org/entity/Q234050	Erasmus Darwin	http://www.wikidata.org/entity/P20c	place of death	http://www.wikidata.org/entity/Q4339605	entity	Breadsall
http://www.wikidata.org/entity/Q234050	Erasmus Darwin	http://www.wikidata.org/entity/P213c	ISNI	0000 0000 8339 0630	http://www.w3.org/2001/XMLSchema#string	
http://www.wikidata.org/entity/Q234050	Erasmus Darwin	http://www.wikidata.org/entity/P214c	VIAF ID	7419078	http://www.w3.org/2001/XMLSchema#string	
http://www.wikidata.org/entity/Q234050	Erasmus Darwin	http://www.wikidata.org/entity/P2163c	FAST-ID	12942	http://www.w3.org/2001/XMLSchema#string	
http://www.wikidata.org/entity/Q234050	Erasmus Darwin	http://www.wikidata.org/entity/P21c	sex or gender	http://www.wikidata.org/entity/Q6581097	entity	male
http://www.wikidata.org/entity/Q234050	Erasmus Darwin	http://www.wikidata.org/entity/P2252c	NGA artist id	7101	http://www.w3.org/2001/XMLSchema#string	
http://www.wikidata.org/entity/Q234050	Erasmus Darwin	http://www.wikidata.org/entity/P227c	GND ID	118671049	http://www.w3.org/2001/XMLSchema#string	
http://www.wikidata.org/entity/Q234050	Erasmus Darwin	http://www.wikidata.org/entity/P22c	father	http://www.wikidata.org/entity/Q18716284	entity	Robert Darwin of Elston
http://www.wikidata.org/entity/Q234050	Erasmus Darwin	http://www.wikidata.org/entity/P244c	LCAuth ID	n50037924	http://www.w3.org/2001/XMLSchema#string	
http://www.wikidata.org/entity/Q234050	Erasmus Darwin	http://www.wikidata.org/entity/P245c	ULAN ID	500355025	http://www.w3.org/2001/XMLSchema#string	
http://www.wikidata.org/entity/Q234050	Erasmus Darwin	http://www.wikidata.org/entity/P268c	BnF ID	120977765	http://www.w3.org/2001/XMLSchema#string	
http://www.wikidata.org/entity/Q234050	Erasmus Darwin	http://www.wikidata.org/entity/P269c	SUDOC authorities	029327687	http://www.w3.org/2001/XMLSchema#string	
http://www.wikidata.org/entity/Q234050	Erasmus Darwin	http://www.wikidata.org/entity/P27c	country of citizenship	http://www.wikidata.org/entity/Q145	entity	United Kingdom
http://www.wikidata.org/entity/Q234050	Erasmus Darwin	http://www.wikidata.org/entity/P2924c	Great Russian Encyclopedia Online ID	1940993	http://www.w3.org/2001/XMLSchema#string	
http://www.wikidata.org/entity/Q234050	Erasmus Darwin	http://www.wikidata.org/entity/P2973c	Spenserians person ID	33137	http://www.w3.org/2001/XMLSchema#string	
http://www.wikidata.org/entity/Q234050	Erasmus Darwin	http://www.wikidata.org/entity/P31c	instance of	http://www.wikidata.org/entity/Q5	entity	human
http://www.wikidata.org/entity/Q234050	Erasmus Darwin	http://www.wikidata.org/entity/P349c	NDL ID	00620558	http://www.w3.org/2001/XMLSchema#string	
http://www.wikidata.org/entity/Q234050	Erasmus Darwin	http://www.wikidata.org/entity/P373c	Commons category	Erasmus Darwin	http://www.w3.org/2001/XMLSchema#string	
http://www.wikidata.org/entity/Q234050	Erasmus Darwin	http://www.wikidata.org/entity/P409c	NLA (Australia) ID	35033441	http://www.w3.org/2001/XMLSchema#string	
http://www.wikidata.org/entity/Q234050	Erasmus Darwin	http://www.wikidata.org/entity/P40c	child(ren)	http://www.wikidata.org/entity/Q204473	entity	Robert Darwin
http://www.wikidata.org/entity/Q234050	Erasmus Darwin	http://www.wikidata.org/entity/P40c	child(ren)	http://www.wikidata.org/entity/Q5076724	entity	Charles Darwin
http://www.wikidata.org/entity/Q234050	Erasmus Darwin	http://www.wikidata.org/entity/P40c	child(ren)	http://www.wikidata.org/entity/Q5482382	entity	Francis Sacheverel Darwin
http://www.wikidata.org/entity/Q234050	Erasmus Darwin	http://www.wikidata.org/entity/P463c	member of	http://www.wikidata.org/entity/Q123885	entity	Royal Society
http://www.wikidata.org/entity/Q234050	Erasmus Darwin	http://www.wikidata.org/entity/P569c	date of birth	1731-12-12	http://www.w3.org/2001/XMLSchema#date	
http://www.wikidata.org/entity/Q234050	Erasmus Darwin	http://www.wikidata.org/entity/P570c	date of death	1802-04-18	http://www.w3.org/2001/XMLSchema#date	
http://www.wikidata.org/entity/Q234050	Erasmus Darwin	http://www.wikidata.org/entity/P646-freebase	Freebase ID	http://rdf.freebase.com/ns/m.02jrd	entity	Erasmus Darwin
http://www.wikidata.org/entity/Q234050	Erasmus Darwin	http://www.wikidata.org/entity/P646c	Freebase ID	/m/02jrd	http://www.w3.org/2001/XMLSchema#string	
http://www.wikidata.org/entity/Q234050	Erasmus Darwin	http://www.wikidata.org/entity/P648c	Open Library ID	OL162570A	http://www.w3.org/2001/XMLSchema#string	
http://www.wikidata.org/entity/Q234050	Erasmus Darwin	http://www.wikidata.org/entity/P691c	NKCR AUT ID	nlk20000083979	http://www.w3.org/2001/XMLSchema#string	
http://www.wikidata.org/entity/Q234050	Erasmus Darwin	http://www.wikidata.org/entity/P69c	educated at	http://www.wikidata.org/entity/Q160302	entity	University of Edinburgh
http://www.wikidata.org/entity/Q234050	Erasmus Darwin	http://www.wikidata.org/entity/P69c	educated at	http://www.wikidata.org/entity/Q691283	entity	St John's College
http://www.wikidata.org/entity/Q234050	Erasmus Darwin	http://www.wikidata.org/entity/P735c	given name	http://www.wikidata.org/entity/Q18670572	entity	Erasmus
http://www.wikidata.org/entity/Q234050	Erasmus Darwin	http://www.wikidata.org/entity/P7c	brother	http://www.wikidata.org/entity/Q1555142	entity	Robert Waring Darwin of Elston
http://www.wikidata.org/entity/Q234050	Erasmus Darwin	http://www.wikidata.org/entity/P906c	SELIBR	183441	http://www.w3.org/2001/XMLSchema#string	
http://www.wikidata.org/entity/Q234050	Erasmus Darwin	http://www.wikidata.org/entity/P935c	Commons gallery	Erasmus Darwin	http://www.w3.org/2001/XMLSchema#string	
http://www.wikidata.org/entity/Q234050	Erasmus Darwin	http://www.wikidata.org/entity/P949c	National Library of Israel ID	000037079	http://www.w3.org/2001/XMLSchema#string	
http://www.wikidata.org/entity/Q234050	Erasmus Darwin	http://www.wikidata.org/entity/P949c	National Library of Israel ID	000611798	http://www.w3.org/2001/XMLSchema#string	
http://www.wikidata.org/entity/Q234050	Erasmus Darwin	http://www.wikidata.org/entity/P950c	BNE ID	XX1301780	http://www.w3.org/2001/XMLSchema#string	
