sub	subl	prop	propl	obj	obj_t	obj_l
http://yago-knowledge.org/resource/Erasmus_Darwin_Barlow	Erasmus Darwin Barlow	http://www.w3.org/1999/02/22-rdf-syntax-ns#type	type	http://www.w3.org/2002/07/owl#Thing	entity	Thing
http://yago-knowledge.org/resource/Erasmus_Darwin_Barlow	Erasmus Darwin Barlow	http://www.w3.org/1999/02/22-rdf-syntax-ns#type	type	http://yago-knowledge.org/resource/wikicat_Alumni_of_Trinity_College,_Cambridge	entity	Alumni of Trinity College, Cambridge
http://yago-knowledge.org/resource/Erasmus_Darwin_Barlow	Erasmus Darwin Barlow	http://www.w3.org/1999/02/22-rdf-syntax-ns#type	type	http://yago-knowledge.org/resource/wikicat_Alumni_of_University_College_London	entity	Alumni of University College London
http://yago-knowledge.org/resource/Erasmus_Darwin_Barlow	Erasmus Darwin Barlow	http://www.w3.org/1999/02/22-rdf-syntax-ns#type	type	http://yago-knowledge.org/resource/wikicat_Fellows_of_the_Royal_College_of_Psychiatrists	entity	Fellows of the Royal College of Psychiatrists
http://yago-knowledge.org/resource/Erasmus_Darwin_Barlow	Erasmus Darwin Barlow	http://www.w3.org/1999/02/22-rdf-syntax-ns#type	type	http://yago-knowledge.org/resource/wikicat_People_educated_at_Marlborough_College	entity	People educated at Marlborough College
http://yago-knowledge.org/resource/Erasmus_Darwin_Barlow	Erasmus Darwin Barlow	http://www.w3.org/1999/02/22-rdf-syntax-ns#type	type	http://yago-knowledge.org/resource/wikicat_Physiologists	entity	Physiologists
http://yago-knowledge.org/resource/Erasmus_Darwin_Barlow	Erasmus Darwin Barlow	http://www.w3.org/1999/02/22-rdf-syntax-ns#type	type	http://yago-knowledge.org/resource/wikicat_Secretaries_of_the_Zoological_Society_of_London	entity	Secretaries of the Zoological Society of London
http://yago-knowledge.org/resource/Erasmus_Darwin_Barlow	Erasmus Darwin Barlow	http://www.w3.org/1999/02/22-rdf-syntax-ns#type	type	http://yago-knowledge.org/resource/wordnet_alumnus_109786338	entity	alumnus
http://yago-knowledge.org/resource/Erasmus_Darwin_Barlow	Erasmus Darwin Barlow	http://www.w3.org/1999/02/22-rdf-syntax-ns#type	type	http://yago-knowledge.org/resource/wordnet_associate_109816771	entity	associate
http://yago-knowledge.org/resource/Erasmus_Darwin_Barlow	Erasmus Darwin Barlow	http://www.w3.org/1999/02/22-rdf-syntax-ns#type	type	http://yago-knowledge.org/resource/wordnet_biologist_109855630	entity	biologist
http://yago-knowledge.org/resource/Erasmus_Darwin_Barlow	Erasmus Darwin Barlow	http://www.w3.org/1999/02/22-rdf-syntax-ns#type	type	http://yago-knowledge.org/resource/wordnet_causal_agent_100007347	entity	causal agent
http://yago-knowledge.org/resource/Erasmus_Darwin_Barlow	Erasmus Darwin Barlow	http://www.w3.org/1999/02/22-rdf-syntax-ns#type	type	http://yago-knowledge.org/resource/wordnet_colleague_109935990	entity	colleague
http://yago-knowledge.org/resource/Erasmus_Darwin_Barlow	Erasmus Darwin Barlow	http://www.w3.org/1999/02/22-rdf-syntax-ns#type	type	http://yago-knowledge.org/resource/wordnet_head_110162991	entity	head
http://yago-knowledge.org/resource/Erasmus_Darwin_Barlow	Erasmus Darwin Barlow	http://www.w3.org/1999/02/22-rdf-syntax-ns#type	type	http://yago-knowledge.org/resource/wordnet_intellectual_109621545	entity	intellectual
http://yago-knowledge.org/resource/Erasmus_Darwin_Barlow	Erasmus Darwin Barlow	http://www.w3.org/1999/02/22-rdf-syntax-ns#type	type	http://yago-knowledge.org/resource/wordnet_leader_109623038	entity	leader
http://yago-knowledge.org/resource/Erasmus_Darwin_Barlow	Erasmus Darwin Barlow	http://www.w3.org/1999/02/22-rdf-syntax-ns#type	type	http://yago-knowledge.org/resource/wordnet_living_thing_100004258	entity	living thing
http://yago-knowledge.org/resource/Erasmus_Darwin_Barlow	Erasmus Darwin Barlow	http://www.w3.org/1999/02/22-rdf-syntax-ns#type	type	http://yago-knowledge.org/resource/wordnet_object_100002684	entity	object
http://yago-knowledge.org/resource/Erasmus_Darwin_Barlow	Erasmus Darwin Barlow	http://www.w3.org/1999/02/22-rdf-syntax-ns#type	type	http://yago-knowledge.org/resource/wordnet_organism_100004475	entity	organism
http://yago-knowledge.org/resource/Erasmus_Darwin_Barlow	Erasmus Darwin Barlow	http://www.w3.org/1999/02/22-rdf-syntax-ns#type	type	http://yago-knowledge.org/resource/wordnet_peer_109626238	entity	peer
http://yago-knowledge.org/resource/Erasmus_Darwin_Barlow	Erasmus Darwin Barlow	http://www.w3.org/1999/02/22-rdf-syntax-ns#type	type	http://yago-knowledge.org/resource/wordnet_person_100007846	entity	person
http://yago-knowledge.org/resource/Erasmus_Darwin_Barlow	Erasmus Darwin Barlow	http://www.w3.org/1999/02/22-rdf-syntax-ns#type	type	http://yago-knowledge.org/resource/wordnet_physical_entity_100001930	entity	physical entity
http://yago-knowledge.org/resource/Erasmus_Darwin_Barlow	Erasmus Darwin Barlow	http://www.w3.org/1999/02/22-rdf-syntax-ns#type	type	http://yago-knowledge.org/resource/wordnet_physiologist_110429965	entity	physiologist
http://yago-knowledge.org/resource/Erasmus_Darwin_Barlow	Erasmus Darwin Barlow	http://www.w3.org/1999/02/22-rdf-syntax-ns#type	type	http://yago-knowledge.org/resource/wordnet_scholar_110557854	entity	scholar
http://yago-knowledge.org/resource/Erasmus_Darwin_Barlow	Erasmus Darwin Barlow	http://www.w3.org/1999/02/22-rdf-syntax-ns#type	type	http://yago-knowledge.org/resource/wordnet_scientist_110560637	entity	scientist
http://yago-knowledge.org/resource/Erasmus_Darwin_Barlow	Erasmus Darwin Barlow	http://www.w3.org/1999/02/22-rdf-syntax-ns#type	type	http://yago-knowledge.org/resource/wordnet_secretary_110570019	entity	secretary
http://yago-knowledge.org/resource/Erasmus_Darwin_Barlow	Erasmus Darwin Barlow	http://www.w3.org/1999/02/22-rdf-syntax-ns#type	type	http://yago-knowledge.org/resource/wordnet_whole_100003553	entity	whole
http://yago-knowledge.org/resource/Erasmus_Darwin_Barlow	Erasmus Darwin Barlow	http://www.w3.org/1999/02/22-rdf-syntax-ns#type	type	http://yago-knowledge.org/resource/yagoLegalActor	entity	legal actor
http://yago-knowledge.org/resource/Erasmus_Darwin_Barlow	Erasmus Darwin Barlow	http://www.w3.org/1999/02/22-rdf-syntax-ns#type	type	http://yago-knowledge.org/resource/yagoLegalActorGeo	entity	legal actor or geographic entity
http://yago-knowledge.org/resource/Erasmus_Darwin_Barlow	Erasmus Darwin Barlow	http://www.w3.org/2000/01/rdf-schema#label	label	Erasmus Barlow	http://www.w3.org/2001/XMLSchema#string	
http://yago-knowledge.org/resource/Erasmus_Darwin_Barlow	Erasmus Darwin Barlow	http://www.w3.org/2000/01/rdf-schema#label	label	Erasmus Darwin	http://www.w3.org/1999/02/22-rdf-syntax-ns#langString	
http://yago-knowledge.org/resource/Erasmus_Darwin_Barlow	Erasmus Darwin Barlow	http://www.w3.org/2000/01/rdf-schema#label	label	Erasmus Darwin Barlow	http://www.w3.org/1999/02/22-rdf-syntax-ns#langString	
http://yago-knowledge.org/resource/Erasmus_Darwin_Barlow	Erasmus Darwin Barlow	http://www.w3.org/2002/07/owl#sameAs	sameAs	http://dbpedia.org/resource/Erasmus_Darwin_Barlow	entity	Erasmus Darwin Barlow
http://yago-knowledge.org/resource/Erasmus_Darwin_Barlow	Erasmus Darwin Barlow	http://www.w3.org/2004/02/skos/core#prefLabel	preferred label	Erasmus Darwin Barlow	http://www.w3.org/1999/02/22-rdf-syntax-ns#langString	
http://yago-knowledge.org/resource/Erasmus_Darwin_Barlow	Erasmus Darwin Barlow	http://yago-knowledge.org/resource/diedOnDate	Date of death	2005-01-01	http://www.w3.org/2001/XMLSchema#date	
http://yago-knowledge.org/resource/Erasmus_Darwin_Barlow	Erasmus Darwin Barlow	http://yago-knowledge.org/resource/hasCitationTitle	null	Horace Darwin's shop: a history of the Cambridge Scientific Instrument Company, 1878 to 1968	http://www.w3.org/1999/02/22-rdf-syntax-ns#langString	
http://yago-knowledge.org/resource/Erasmus_Darwin_Barlow	Erasmus Darwin Barlow	http://yago-knowledge.org/resource/hasCitationTitle	null	I back Cambridge	http://www.w3.org/1999/02/22-rdf-syntax-ns#langString	
http://yago-knowledge.org/resource/Erasmus_Darwin_Barlow	Erasmus Darwin Barlow	http://yago-knowledge.org/resource/hasCitationTitle	null	Mervyn Peake: my eyes mint gold : a life	http://www.w3.org/1999/02/22-rdf-syntax-ns#langString	
http://yago-knowledge.org/resource/Erasmus_Darwin_Barlow	Erasmus Darwin Barlow	http://yago-knowledge.org/resource/hasCitationTitle	null	Monkeys, men and missiles: an autobiography 1946-88	http://www.w3.org/1999/02/22-rdf-syntax-ns#langString	
http://yago-knowledge.org/resource/Erasmus_Darwin_Barlow	Erasmus Darwin Barlow	http://yago-knowledge.org/resource/hasFamilyName	Surname	Barlow	http://www.w3.org/2001/XMLSchema#string	
http://yago-knowledge.org/resource/Erasmus_Darwin_Barlow	Erasmus Darwin Barlow	http://yago-knowledge.org/resource/hasGender	sex or gender	http://yago-knowledge.org/resource/male	entity	male
http://yago-knowledge.org/resource/Erasmus_Darwin_Barlow	Erasmus Darwin Barlow	http://yago-knowledge.org/resource/hasGivenName	given name	Erasmus	http://www.w3.org/2001/XMLSchema#string	
http://yago-knowledge.org/resource/Erasmus_Darwin_Barlow	Erasmus Darwin Barlow	http://yago-knowledge.org/resource/hasWikipediaAnchorText	null	Alan Barlow	http://www.w3.org/1999/02/22-rdf-syntax-ns#langString	
http://yago-knowledge.org/resource/Erasmus_Darwin_Barlow	Erasmus Darwin Barlow	http://yago-knowledge.org/resource/hasWikipediaAnchorText	null	Anthony Whitworth-Jones	http://www.w3.org/1999/02/22-rdf-syntax-ns#langString	
http://yago-knowledge.org/resource/Erasmus_Darwin_Barlow	Erasmus Darwin Barlow	http://yago-knowledge.org/resource/hasWikipediaAnchorText	null	Barlow Collection	http://www.w3.org/1999/02/22-rdf-syntax-ns#langString	
http://yago-knowledge.org/resource/Erasmus_Darwin_Barlow	Erasmus Darwin Barlow	http://yago-knowledge.org/resource/hasWikipediaAnchorText	null	British	http://www.w3.org/1999/02/22-rdf-syntax-ns#langString	
http://yago-knowledge.org/resource/Erasmus_Darwin_Barlow	Erasmus Darwin Barlow	http://yago-knowledge.org/resource/hasWikipediaAnchorText	null	British Medical Journal	http://www.w3.org/1999/02/22-rdf-syntax-ns#langString	
http://yago-knowledge.org/resource/Erasmus_Darwin_Barlow	Erasmus Darwin Barlow	http://yago-knowledge.org/resource/hasWikipediaAnchorText	null	Cambridge	http://www.w3.org/1999/02/22-rdf-syntax-ns#langString	
http://yago-knowledge.org/resource/Erasmus_Darwin_Barlow	Erasmus Darwin Barlow	http://yago-knowledge.org/resource/hasWikipediaAnchorText	null	Cambridge Scientific Instrument Company	http://www.w3.org/1999/02/22-rdf-syntax-ns#langString	
http://yago-knowledge.org/resource/Erasmus_Darwin_Barlow	Erasmus Darwin Barlow	http://yago-knowledge.org/resource/hasWikipediaAnchorText	null	Charles Darwin	http://www.w3.org/1999/02/22-rdf-syntax-ns#langString	
http://yago-knowledge.org/resource/Erasmus_Darwin_Barlow	Erasmus Darwin Barlow	http://yago-knowledge.org/resource/hasWikipediaAnchorText	null	DE WARDENER HE	http://www.w3.org/1999/02/22-rdf-syntax-ns#langString	
http://yago-knowledge.org/resource/Erasmus_Darwin_Barlow	Erasmus Darwin Barlow	http://yago-knowledge.org/resource/hasWikipediaAnchorText	null	Erasmus Darwin	http://www.w3.org/1999/02/22-rdf-syntax-ns#langString	
http://yago-knowledge.org/resource/Erasmus_Darwin_Barlow	Erasmus Darwin Barlow	http://yago-knowledge.org/resource/hasWikipediaAnchorText	null	FRCPsych	http://www.w3.org/1999/02/22-rdf-syntax-ns#langString	
http://yago-knowledge.org/resource/Erasmus_Darwin_Barlow	Erasmus Darwin Barlow	http://yago-knowledge.org/resource/hasWikipediaAnchorText	null	FZS	http://www.w3.org/1999/02/22-rdf-syntax-ns#langString	
http://yago-knowledge.org/resource/Erasmus_Darwin_Barlow	Erasmus Darwin Barlow	http://yago-knowledge.org/resource/hasWikipediaAnchorText	null	Garsington Opera	http://www.w3.org/1999/02/22-rdf-syntax-ns#langString	
http://yago-knowledge.org/resource/Erasmus_Darwin_Barlow	Erasmus Darwin Barlow	http://yago-knowledge.org/resource/hasWikipediaAnchorText	null	Horace Barlow	http://www.w3.org/1999/02/22-rdf-syntax-ns#langString	
http://yago-knowledge.org/resource/Erasmus_Darwin_Barlow	Erasmus Darwin Barlow	http://yago-knowledge.org/resource/hasWikipediaAnchorText	null	Horace Darwin	http://www.w3.org/1999/02/22-rdf-syntax-ns#langString	
http://yago-knowledge.org/resource/Erasmus_Darwin_Barlow	Erasmus Darwin Barlow	http://yago-knowledge.org/resource/hasWikipediaAnchorText	null	John Guest Phillips	http://www.w3.org/1999/02/22-rdf-syntax-ns#langString	
http://yago-knowledge.org/resource/Erasmus_Darwin_Barlow	Erasmus Darwin Barlow	http://yago-knowledge.org/resource/hasWikipediaAnchorText	null	Ladbroke Black	http://www.w3.org/1999/02/22-rdf-syntax-ns#langString	
http://yago-knowledge.org/resource/Erasmus_Darwin_Barlow	Erasmus Darwin Barlow	http://yago-knowledge.org/resource/hasWikipediaAnchorText	null	Lichfield	http://www.w3.org/1999/02/22-rdf-syntax-ns#langString	
http://yago-knowledge.org/resource/Erasmus_Darwin_Barlow	Erasmus Darwin Barlow	http://yago-knowledge.org/resource/hasWikipediaAnchorText	null	London	http://www.w3.org/1999/02/22-rdf-syntax-ns#langString	
http://yago-knowledge.org/resource/Erasmus_Darwin_Barlow	Erasmus Darwin Barlow	http://yago-knowledge.org/resource/hasWikipediaAnchorText	null	MRC	http://www.w3.org/1999/02/22-rdf-syntax-ns#langString	
http://yago-knowledge.org/resource/Erasmus_Darwin_Barlow	Erasmus Darwin Barlow	http://yago-knowledge.org/resource/hasWikipediaAnchorText	null	Marlborough College	http://www.w3.org/1999/02/22-rdf-syntax-ns#langString	
http://yago-knowledge.org/resource/Erasmus_Darwin_Barlow	Erasmus Darwin Barlow	http://yago-knowledge.org/resource/hasWikipediaAnchorText	null	Mental Health	http://www.w3.org/1999/02/22-rdf-syntax-ns#langString	
http://yago-knowledge.org/resource/Erasmus_Darwin_Barlow	Erasmus Darwin Barlow	http://yago-knowledge.org/resource/hasWikipediaAnchorText	null	Mervyn Peake	http://www.w3.org/1999/02/22-rdf-syntax-ns#langString	
http://yago-knowledge.org/resource/Erasmus_Darwin_Barlow	Erasmus Darwin Barlow	http://yago-knowledge.org/resource/hasWikipediaAnchorText	null	Nora Barlow	http://www.w3.org/1999/02/22-rdf-syntax-ns#langString	
http://yago-knowledge.org/resource/Erasmus_Darwin_Barlow	Erasmus Darwin Barlow	http://yago-knowledge.org/resource/hasWikipediaAnchorText	null	Obituary	http://www.w3.org/1999/02/22-rdf-syntax-ns#langString	
http://yago-knowledge.org/resource/Erasmus_Darwin_Barlow	Erasmus Darwin Barlow	http://yago-knowledge.org/resource/hasWikipediaAnchorText	null	Phyllida Barlow	http://www.w3.org/1999/02/22-rdf-syntax-ns#langString	
http://yago-knowledge.org/resource/Erasmus_Darwin_Barlow	Erasmus Darwin Barlow	http://yago-knowledge.org/resource/hasWikipediaAnchorText	null	Ron Hedley	http://www.w3.org/1999/02/22-rdf-syntax-ns#langString	
http://yago-knowledge.org/resource/Erasmus_Darwin_Barlow	Erasmus Darwin Barlow	http://yago-knowledge.org/resource/hasWikipediaAnchorText	null	SHARPEY-SCHAFER EP	http://www.w3.org/1999/02/22-rdf-syntax-ns#langString	
http://yago-knowledge.org/resource/Erasmus_Darwin_Barlow	Erasmus Darwin Barlow	http://yago-knowledge.org/resource/hasWikipediaAnchorText	null	Sir Thomas Barlow	http://www.w3.org/1999/02/22-rdf-syntax-ns#langString	
http://yago-knowledge.org/resource/Erasmus_Darwin_Barlow	Erasmus Darwin Barlow	http://yago-knowledge.org/resource/hasWikipediaAnchorText	null	Sir Thomas Barlow, 3rd Baronet	http://www.w3.org/1999/02/22-rdf-syntax-ns#langString	
http://yago-knowledge.org/resource/Erasmus_Darwin_Barlow	Erasmus Darwin Barlow	http://yago-knowledge.org/resource/hasWikipediaAnchorText	null	Slade School of Fine Art	http://www.w3.org/1999/02/22-rdf-syntax-ns#langString	
http://yago-knowledge.org/resource/Erasmus_Darwin_Barlow	Erasmus Darwin Barlow	http://yago-knowledge.org/resource/hasWikipediaAnchorText	null	St Thomas’s Hospital	http://www.w3.org/1999/02/22-rdf-syntax-ns#langString	
http://yago-knowledge.org/resource/Erasmus_Darwin_Barlow	Erasmus Darwin Barlow	http://yago-knowledge.org/resource/hasWikipediaAnchorText	null	The Spectator	http://www.w3.org/1999/02/22-rdf-syntax-ns#langString	
http://yago-knowledge.org/resource/Erasmus_Darwin_Barlow	Erasmus Darwin Barlow	http://yago-knowledge.org/resource/hasWikipediaAnchorText	null	Thomas Erasmus Barlow	http://www.w3.org/1999/02/22-rdf-syntax-ns#langString	
http://yago-knowledge.org/resource/Erasmus_Darwin_Barlow	Erasmus Darwin Barlow	http://yago-knowledge.org/resource/hasWikipediaAnchorText	null	Trinity College, Cambridge	http://www.w3.org/1999/02/22-rdf-syntax-ns#langString	
http://yago-knowledge.org/resource/Erasmus_Darwin_Barlow	Erasmus Darwin Barlow	http://yago-knowledge.org/resource/hasWikipediaAnchorText	null	University College Hospital	http://www.w3.org/1999/02/22-rdf-syntax-ns#langString	
http://yago-knowledge.org/resource/Erasmus_Darwin_Barlow	Erasmus Darwin Barlow	http://yago-knowledge.org/resource/hasWikipediaAnchorText	null	University College London	http://www.w3.org/1999/02/22-rdf-syntax-ns#langString	
http://yago-knowledge.org/resource/Erasmus_Darwin_Barlow	Erasmus Darwin Barlow	http://yago-knowledge.org/resource/hasWikipediaAnchorText	null	University of Sussex	http://www.w3.org/1999/02/22-rdf-syntax-ns#langString	
http://yago-knowledge.org/resource/Erasmus_Darwin_Barlow	Erasmus Darwin Barlow	http://yago-knowledge.org/resource/hasWikipediaAnchorText	null	Zoological Society of London	http://www.w3.org/1999/02/22-rdf-syntax-ns#langString	
http://yago-knowledge.org/resource/Erasmus_Darwin_Barlow	Erasmus Darwin Barlow	http://yago-knowledge.org/resource/hasWikipediaAnchorText	null	accessed 26 May 2011	http://www.w3.org/1999/02/22-rdf-syntax-ns#langString	
http://yago-knowledge.org/resource/Erasmus_Darwin_Barlow	Erasmus Darwin Barlow	http://yago-knowledge.org/resource/hasWikipediaAnchorText	null	businessman	http://www.w3.org/1999/02/22-rdf-syntax-ns#langString	
http://yago-knowledge.org/resource/Erasmus_Darwin_Barlow	Erasmus Darwin Barlow	http://yago-knowledge.org/resource/hasWikipediaAnchorText	null	his maternal grandfather	http://www.w3.org/1999/02/22-rdf-syntax-ns#langString	
http://yago-knowledge.org/resource/Erasmus_Darwin_Barlow	Erasmus Darwin Barlow	http://yago-knowledge.org/resource/hasWikipediaAnchorText	null	honorary Doctors of Letters degrees	http://www.w3.org/1999/02/22-rdf-syntax-ns#langString	
http://yago-knowledge.org/resource/Erasmus_Darwin_Barlow	Erasmus Darwin Barlow	http://yago-knowledge.org/resource/hasWikipediaAnchorText	null	medicine	http://www.w3.org/1999/02/22-rdf-syntax-ns#langString	
http://yago-knowledge.org/resource/Erasmus_Darwin_Barlow	Erasmus Darwin Barlow	http://yago-knowledge.org/resource/hasWikipediaAnchorText	null	physiologist	http://www.w3.org/1999/02/22-rdf-syntax-ns#langString	
http://yago-knowledge.org/resource/Erasmus_Darwin_Barlow	Erasmus Darwin Barlow	http://yago-knowledge.org/resource/hasWikipediaAnchorText	null	physiology	http://www.w3.org/1999/02/22-rdf-syntax-ns#langString	
http://yago-knowledge.org/resource/Erasmus_Darwin_Barlow	Erasmus Darwin Barlow	http://yago-knowledge.org/resource/hasWikipediaAnchorText	null	psychiatric medicine	http://www.w3.org/1999/02/22-rdf-syntax-ns#langString	
http://yago-knowledge.org/resource/Erasmus_Darwin_Barlow	Erasmus Darwin Barlow	http://yago-knowledge.org/resource/hasWikipediaAnchorText	null	psychiatrist	http://www.w3.org/1999/02/22-rdf-syntax-ns#langString	
http://yago-knowledge.org/resource/Erasmus_Darwin_Barlow	Erasmus Darwin Barlow	http://yago-knowledge.org/resource/hasWikipediaAnchorText	null	renal failure	http://www.w3.org/1999/02/22-rdf-syntax-ns#langString	
http://yago-knowledge.org/resource/Erasmus_Darwin_Barlow	Erasmus Darwin Barlow	http://yago-knowledge.org/resource/hasWikipediaArticleLength	null	6424	http://www.w3.org/2001/XMLSchema#integer	
http://yago-knowledge.org/resource/Erasmus_Darwin_Barlow	Erasmus Darwin Barlow	http://yago-knowledge.org/resource/hasWikipediaUrl	null	http://en.wikipedia.org/wiki/Erasmus_Darwin_Barlow	uri	null
http://yago-knowledge.org/resource/Erasmus_Darwin_Barlow	Erasmus Darwin Barlow	http://yago-knowledge.org/resource/linksTo	null	http://yago-knowledge.org/resource/Anthony_Whitworth-Jones	entity	Anthony Whitworth-Jones
http://yago-knowledge.org/resource/Erasmus_Darwin_Barlow	Erasmus Darwin Barlow	http://yago-knowledge.org/resource/linksTo	null	http://yago-knowledge.org/resource/British_Medical_Journal	entity	British Medical Journal
http://yago-knowledge.org/resource/Erasmus_Darwin_Barlow	Erasmus Darwin Barlow	http://yago-knowledge.org/resource/linksTo	null	http://yago-knowledge.org/resource/Cambridge	entity	Cambridge
http://yago-knowledge.org/resource/Erasmus_Darwin_Barlow	Erasmus Darwin Barlow	http://yago-knowledge.org/resource/linksTo	null	http://yago-knowledge.org/resource/Cambridge_Scientific_Instrument_Company	entity	Cambridge Scientific Instrument Company
http://yago-knowledge.org/resource/Erasmus_Darwin_Barlow	Erasmus Darwin Barlow	http://yago-knowledge.org/resource/linksTo	null	http://yago-knowledge.org/resource/Charles_Darwin	entity	Charles Darwin
http://yago-knowledge.org/resource/Erasmus_Darwin_Barlow	Erasmus Darwin Barlow	http://yago-knowledge.org/resource/linksTo	null	http://yago-knowledge.org/resource/Edward_Albert_Sharpey-Schafer	entity	Edward Albert Sharpey-Schafer
http://yago-knowledge.org/resource/Erasmus_Darwin_Barlow	Erasmus Darwin Barlow	http://yago-knowledge.org/resource/linksTo	null	http://yago-knowledge.org/resource/Erasmus_Darwin	entity	Erasmus Darwin
http://yago-knowledge.org/resource/Erasmus_Darwin_Barlow	Erasmus Darwin Barlow	http://yago-knowledge.org/resource/linksTo	null	http://yago-knowledge.org/resource/Garsington_Opera	entity	Garsington Opera
http://yago-knowledge.org/resource/Erasmus_Darwin_Barlow	Erasmus Darwin Barlow	http://yago-knowledge.org/resource/linksTo	null	http://yago-knowledge.org/resource/Horace_Barlow	entity	Horace Barlow
http://yago-knowledge.org/resource/Erasmus_Darwin_Barlow	Erasmus Darwin Barlow	http://yago-knowledge.org/resource/linksTo	null	http://yago-knowledge.org/resource/Horace_Darwin	entity	Horace Darwin
http://yago-knowledge.org/resource/Erasmus_Darwin_Barlow	Erasmus Darwin Barlow	http://yago-knowledge.org/resource/linksTo	null	http://yago-knowledge.org/resource/Hugh_de_Wardener	entity	Hugh de Wardener
http://yago-knowledge.org/resource/Erasmus_Darwin_Barlow	Erasmus Darwin Barlow	http://yago-knowledge.org/resource/linksTo	null	http://yago-knowledge.org/resource/Ladbroke_Black	entity	Ladbroke Black
http://yago-knowledge.org/resource/Erasmus_Darwin_Barlow	Erasmus Darwin Barlow	http://yago-knowledge.org/resource/linksTo	null	http://yago-knowledge.org/resource/Lichfield	entity	Lichfield
http://yago-knowledge.org/resource/Erasmus_Darwin_Barlow	Erasmus Darwin Barlow	http://yago-knowledge.org/resource/linksTo	null	http://yago-knowledge.org/resource/London	entity	London
http://yago-knowledge.org/resource/Erasmus_Darwin_Barlow	Erasmus Darwin Barlow	http://yago-knowledge.org/resource/linksTo	null	http://yago-knowledge.org/resource/Marlborough_College	entity	Marlborough College
http://yago-knowledge.org/resource/Erasmus_Darwin_Barlow	Erasmus Darwin Barlow	http://yago-knowledge.org/resource/linksTo	null	http://yago-knowledge.org/resource/Mervyn_Peake	entity	Mervyn Peake
http://yago-knowledge.org/resource/Erasmus_Darwin_Barlow	Erasmus Darwin Barlow	http://yago-knowledge.org/resource/linksTo	null	http://yago-knowledge.org/resource/Nora_Barlow	entity	Nora Barlow
http://yago-knowledge.org/resource/Erasmus_Darwin_Barlow	Erasmus Darwin Barlow	http://yago-knowledge.org/resource/linksTo	null	http://yago-knowledge.org/resource/Phyllida_Barlow	entity	Phyllida Barlow
http://yago-knowledge.org/resource/Erasmus_Darwin_Barlow	Erasmus Darwin Barlow	http://yago-knowledge.org/resource/linksTo	null	http://yago-knowledge.org/resource/Ron_Hedley	entity	Ron Hedley
http://yago-knowledge.org/resource/Erasmus_Darwin_Barlow	Erasmus Darwin Barlow	http://yago-knowledge.org/resource/linksTo	null	http://yago-knowledge.org/resource/Sir_Thomas_Barlow,_1st_Baronet	entity	Sir Thomas Barlow, 1st Baronet
http://yago-knowledge.org/resource/Erasmus_Darwin_Barlow	Erasmus Darwin Barlow	http://yago-knowledge.org/resource/linksTo	null	http://yago-knowledge.org/resource/Sir_Thomas_Barlow,_3rd_Baronet	entity	Sir Thomas Barlow, 3rd Baronet
http://yago-knowledge.org/resource/Erasmus_Darwin_Barlow	Erasmus Darwin Barlow	http://yago-knowledge.org/resource/linksTo	null	http://yago-knowledge.org/resource/Slade_School_of_Fine_Art	entity	Slade School of Fine Art
http://yago-knowledge.org/resource/Erasmus_Darwin_Barlow	Erasmus Darwin Barlow	http://yago-knowledge.org/resource/linksTo	null	http://yago-knowledge.org/resource/The_Spectator	entity	The Spectator
http://yago-knowledge.org/resource/Erasmus_Darwin_Barlow	Erasmus Darwin Barlow	http://yago-knowledge.org/resource/linksTo	null	http://yago-knowledge.org/resource/Trinity_College,_Cambridge	entity	Trinity College, Cambridge
http://yago-knowledge.org/resource/Erasmus_Darwin_Barlow	Erasmus Darwin Barlow	http://yago-knowledge.org/resource/linksTo	null	http://yago-knowledge.org/resource/University_College_Hospital	entity	University College Hospital
http://yago-knowledge.org/resource/Erasmus_Darwin_Barlow	Erasmus Darwin Barlow	http://yago-knowledge.org/resource/linksTo	null	http://yago-knowledge.org/resource/University_College_London	entity	University College London
http://yago-knowledge.org/resource/Erasmus_Darwin_Barlow	Erasmus Darwin Barlow	http://yago-knowledge.org/resource/linksTo	null	http://yago-knowledge.org/resource/University_of_Sussex	entity	University of Sussex
http://yago-knowledge.org/resource/Erasmus_Darwin_Barlow	Erasmus Darwin Barlow	http://yago-knowledge.org/resource/linksTo	null	http://yago-knowledge.org/resource/Zoological_Society_of_London	entity	Zoological Society of London
http://yago-knowledge.org/resource/Erasmus_Darwin_Barlow	Erasmus Darwin Barlow	http://yago-knowledge.org/resource/redirectedFrom	null	Erasmus Barlow	http://www.w3.org/1999/02/22-rdf-syntax-ns#langString	
http://yago-knowledge.org/resource/Erasmus_Darwin_Barlow	Erasmus Darwin Barlow	http://yago-knowledge.org/resource/redirectedFrom	null	Erasmus D. Barlow	http://www.w3.org/1999/02/22-rdf-syntax-ns#langString	
http://yago-knowledge.org/resource/Erasmus_Darwin_Barlow	Erasmus Darwin Barlow	http://yago-knowledge.org/resource/wasBornOnDate	date of birth	1915-01-01	http://www.w3.org/2001/XMLSchema#date	
