sub	subl	prop	propl	obj	obj_t	obj_l
http://yago-knowledge.org/resource/Ian_Curtis	Ian Curtis	http://www.w3.org/1999/02/22-rdf-syntax-ns#type	type	http://www.w3.org/2002/07/owl#Thing	entity	Thing
http://yago-knowledge.org/resource/Ian_Curtis	Ian Curtis	http://www.w3.org/1999/02/22-rdf-syntax-ns#type	type	http://yago-knowledge.org/resource/wikicat_20th-century_English_singers	entity	20th-century English singers
http://yago-knowledge.org/resource/Ian_Curtis	Ian Curtis	http://www.w3.org/1999/02/22-rdf-syntax-ns#type	type	http://yago-knowledge.org/resource/wikicat_British_atheists	entity	British atheists
http://yago-knowledge.org/resource/Ian_Curtis	Ian Curtis	http://www.w3.org/1999/02/22-rdf-syntax-ns#type	type	http://yago-knowledge.org/resource/wikicat_British_composers	entity	British composers
http://yago-knowledge.org/resource/Ian_Curtis	Ian Curtis	http://www.w3.org/1999/02/22-rdf-syntax-ns#type	type	http://yago-knowledge.org/resource/wikicat_British_lyricists	entity	British lyricists
http://yago-knowledge.org/resource/Ian_Curtis	Ian Curtis	http://www.w3.org/1999/02/22-rdf-syntax-ns#type	type	http://yago-knowledge.org/resource/wikicat_British_male_singers	entity	British male singers
http://yago-knowledge.org/resource/Ian_Curtis	Ian Curtis	http://www.w3.org/1999/02/22-rdf-syntax-ns#type	type	http://yago-knowledge.org/resource/wikicat_British_musicians	entity	British musicians
http://yago-knowledge.org/resource/Ian_Curtis	Ian Curtis	http://www.w3.org/1999/02/22-rdf-syntax-ns#type	type	http://yago-knowledge.org/resource/wikicat_British_rock_musicians	entity	British rock musicians
http://yago-knowledge.org/resource/Ian_Curtis	Ian Curtis	http://www.w3.org/1999/02/22-rdf-syntax-ns#type	type	http://yago-knowledge.org/resource/wikicat_British_singers	entity	British singers
http://yago-knowledge.org/resource/Ian_Curtis	Ian Curtis	http://www.w3.org/1999/02/22-rdf-syntax-ns#type	type	http://yago-knowledge.org/resource/wikicat_English-language_singers	entity	English-language singers
http://yago-knowledge.org/resource/Ian_Curtis	Ian Curtis	http://www.w3.org/1999/02/22-rdf-syntax-ns#type	type	http://yago-knowledge.org/resource/wikicat_English_baritones	entity	English baritones
http://yago-knowledge.org/resource/Ian_Curtis	Ian Curtis	http://www.w3.org/1999/02/22-rdf-syntax-ns#type	type	http://yago-knowledge.org/resource/wikicat_English_guitarists	entity	English guitarists
http://yago-knowledge.org/resource/Ian_Curtis	Ian Curtis	http://www.w3.org/1999/02/22-rdf-syntax-ns#type	type	http://yago-knowledge.org/resource/wikicat_English_male_singers	entity	English male singers
http://yago-knowledge.org/resource/Ian_Curtis	Ian Curtis	http://www.w3.org/1999/02/22-rdf-syntax-ns#type	type	http://yago-knowledge.org/resource/wikicat_English_musicians	entity	English musicians
http://yago-knowledge.org/resource/Ian_Curtis	Ian Curtis	http://www.w3.org/1999/02/22-rdf-syntax-ns#type	type	http://yago-knowledge.org/resource/wikicat_English_people	entity	English people
http://yago-knowledge.org/resource/Ian_Curtis	Ian Curtis	http://www.w3.org/1999/02/22-rdf-syntax-ns#type	type	http://yago-knowledge.org/resource/wikicat_English_rock_guitarists	entity	English rock guitarists
http://yago-knowledge.org/resource/Ian_Curtis	Ian Curtis	http://www.w3.org/1999/02/22-rdf-syntax-ns#type	type	http://yago-knowledge.org/resource/wikicat_English_rock_singers	entity	English rock singers
http://yago-knowledge.org/resource/Ian_Curtis	Ian Curtis	http://www.w3.org/1999/02/22-rdf-syntax-ns#type	type	http://yago-knowledge.org/resource/wikicat_English_songwriters	entity	English songwriters
http://yago-knowledge.org/resource/Ian_Curtis	Ian Curtis	http://www.w3.org/1999/02/22-rdf-syntax-ns#type	type	http://yago-knowledge.org/resource/wikicat_Guitarists	entity	Guitarists
http://yago-knowledge.org/resource/Ian_Curtis	Ian Curtis	http://www.w3.org/1999/02/22-rdf-syntax-ns#type	type	http://yago-knowledge.org/resource/wikicat_Living_people	entity	Living people
http://yago-knowledge.org/resource/Ian_Curtis	Ian Curtis	http://www.w3.org/1999/02/22-rdf-syntax-ns#type	type	http://yago-knowledge.org/resource/wikicat_Musicians_from_Manchester	entity	Musicians from Manchester
http://yago-knowledge.org/resource/Ian_Curtis	Ian Curtis	http://www.w3.org/1999/02/22-rdf-syntax-ns#type	type	http://yago-knowledge.org/resource/wikicat_Musicians_who_committed_suicide	entity	Musicians who committed suicide
http://yago-knowledge.org/resource/Ian_Curtis	Ian Curtis	http://www.w3.org/1999/02/22-rdf-syntax-ns#type	type	http://yago-knowledge.org/resource/wikicat_People_educated_at_The_King's_School,_Macclesfield	entity	People educated at The King's School, Macclesfield
http://yago-knowledge.org/resource/Ian_Curtis	Ian Curtis	http://www.w3.org/1999/02/22-rdf-syntax-ns#type	type	http://yago-knowledge.org/resource/wikicat_People_from_Macclesfield	entity	People from Macclesfield
http://yago-knowledge.org/resource/Ian_Curtis	Ian Curtis	http://www.w3.org/1999/02/22-rdf-syntax-ns#type	type	http://yago-knowledge.org/resource/wikicat_People_from_Manchester	entity	People from Manchester
http://yago-knowledge.org/resource/Ian_Curtis	Ian Curtis	http://www.w3.org/1999/02/22-rdf-syntax-ns#type	type	http://yago-knowledge.org/resource/wikicat_People_from_Stretford	entity	People from Stretford
http://yago-knowledge.org/resource/Ian_Curtis	Ian Curtis	http://www.w3.org/1999/02/22-rdf-syntax-ns#type	type	http://yago-knowledge.org/resource/wikicat_People_with_epilepsy	entity	People with epilepsy
http://yago-knowledge.org/resource/Ian_Curtis	Ian Curtis	http://www.w3.org/1999/02/22-rdf-syntax-ns#type	type	http://yago-knowledge.org/resource/wikicat_Post-punk_musicians	entity	Post-punk musicians
http://yago-knowledge.org/resource/Ian_Curtis	Ian Curtis	http://www.w3.org/1999/02/22-rdf-syntax-ns#type	type	http://yago-knowledge.org/resource/wikicat_Rock_singers	entity	Rock singers
http://yago-knowledge.org/resource/Ian_Curtis	Ian Curtis	http://www.w3.org/1999/02/22-rdf-syntax-ns#type	type	http://yago-knowledge.org/resource/wikicat_Songwriters	entity	Songwriters
http://yago-knowledge.org/resource/Ian_Curtis	Ian Curtis	http://www.w3.org/1999/02/22-rdf-syntax-ns#type	type	http://yago-knowledge.org/resource/wordnet_artist_109812338	entity	artist
http://yago-knowledge.org/resource/Ian_Curtis	Ian Curtis	http://www.w3.org/1999/02/22-rdf-syntax-ns#type	type	http://yago-knowledge.org/resource/wordnet_atheist_109820044	entity	atheist
http://yago-knowledge.org/resource/Ian_Curtis	Ian Curtis	http://www.w3.org/1999/02/22-rdf-syntax-ns#type	type	http://yago-knowledge.org/resource/wordnet_baritone_109839436	entity	baritone
http://yago-knowledge.org/resource/Ian_Curtis	Ian Curtis	http://www.w3.org/1999/02/22-rdf-syntax-ns#type	type	http://yago-knowledge.org/resource/wordnet_causal_agent_100007347	entity	causal agent
http://yago-knowledge.org/resource/Ian_Curtis	Ian Curtis	http://www.w3.org/1999/02/22-rdf-syntax-ns#type	type	http://yago-knowledge.org/resource/wordnet_communicator_109610660	entity	communicator
http://yago-knowledge.org/resource/Ian_Curtis	Ian Curtis	http://www.w3.org/1999/02/22-rdf-syntax-ns#type	type	http://yago-knowledge.org/resource/wordnet_composer_109947232	entity	composer
http://yago-knowledge.org/resource/Ian_Curtis	Ian Curtis	http://www.w3.org/1999/02/22-rdf-syntax-ns#type	type	http://yago-knowledge.org/resource/wordnet_creator_109614315	entity	creator
http://yago-knowledge.org/resource/Ian_Curtis	Ian Curtis	http://www.w3.org/1999/02/22-rdf-syntax-ns#type	type	http://yago-knowledge.org/resource/wordnet_disbeliever_110015897	entity	disbeliever
http://yago-knowledge.org/resource/Ian_Curtis	Ian Curtis	http://www.w3.org/1999/02/22-rdf-syntax-ns#type	type	http://yago-knowledge.org/resource/wordnet_entertainer_109616922	entity	entertainer
http://yago-knowledge.org/resource/Ian_Curtis	Ian Curtis	http://www.w3.org/1999/02/22-rdf-syntax-ns#type	type	http://yago-knowledge.org/resource/wordnet_guitarist_110151760	entity	guitarist
http://yago-knowledge.org/resource/Ian_Curtis	Ian Curtis	http://www.w3.org/1999/02/22-rdf-syntax-ns#type	type	http://yago-knowledge.org/resource/wordnet_living_thing_100004258	entity	living thing
http://yago-knowledge.org/resource/Ian_Curtis	Ian Curtis	http://www.w3.org/1999/02/22-rdf-syntax-ns#type	type	http://yago-knowledge.org/resource/wordnet_lyricist_110277912	entity	lyricist
http://yago-knowledge.org/resource/Ian_Curtis	Ian Curtis	http://www.w3.org/1999/02/22-rdf-syntax-ns#type	type	http://yago-knowledge.org/resource/wordnet_musician_110339966	entity	musician
http://yago-knowledge.org/resource/Ian_Curtis	Ian Curtis	http://www.w3.org/1999/02/22-rdf-syntax-ns#type	type	http://yago-knowledge.org/resource/wordnet_musician_110340312	entity	musician
http://yago-knowledge.org/resource/Ian_Curtis	Ian Curtis	http://www.w3.org/1999/02/22-rdf-syntax-ns#type	type	http://yago-knowledge.org/resource/wordnet_nonreligious_person_109625789	entity	nonreligious person
http://yago-knowledge.org/resource/Ian_Curtis	Ian Curtis	http://www.w3.org/1999/02/22-rdf-syntax-ns#type	type	http://yago-knowledge.org/resource/wordnet_object_100002684	entity	object
http://yago-knowledge.org/resource/Ian_Curtis	Ian Curtis	http://www.w3.org/1999/02/22-rdf-syntax-ns#type	type	http://yago-knowledge.org/resource/wordnet_organism_100004475	entity	organism
http://yago-knowledge.org/resource/Ian_Curtis	Ian Curtis	http://www.w3.org/1999/02/22-rdf-syntax-ns#type	type	http://yago-knowledge.org/resource/wordnet_performer_110415638	entity	performer
http://yago-knowledge.org/resource/Ian_Curtis	Ian Curtis	http://www.w3.org/1999/02/22-rdf-syntax-ns#type	type	http://yago-knowledge.org/resource/wordnet_person_100007846	entity	person
http://yago-knowledge.org/resource/Ian_Curtis	Ian Curtis	http://www.w3.org/1999/02/22-rdf-syntax-ns#type	type	http://yago-knowledge.org/resource/wordnet_physical_entity_100001930	entity	physical entity
http://yago-knowledge.org/resource/Ian_Curtis	Ian Curtis	http://www.w3.org/1999/02/22-rdf-syntax-ns#type	type	http://yago-knowledge.org/resource/wordnet_singer_110599806	entity	singer
http://yago-knowledge.org/resource/Ian_Curtis	Ian Curtis	http://www.w3.org/1999/02/22-rdf-syntax-ns#type	type	http://yago-knowledge.org/resource/wordnet_songwriter_110624540	entity	songwriter
http://yago-knowledge.org/resource/Ian_Curtis	Ian Curtis	http://www.w3.org/1999/02/22-rdf-syntax-ns#type	type	http://yago-knowledge.org/resource/wordnet_whole_100003553	entity	whole
http://yago-knowledge.org/resource/Ian_Curtis	Ian Curtis	http://www.w3.org/1999/02/22-rdf-syntax-ns#type	type	http://yago-knowledge.org/resource/wordnet_writer_110794014	entity	writer
http://yago-knowledge.org/resource/Ian_Curtis	Ian Curtis	http://www.w3.org/1999/02/22-rdf-syntax-ns#type	type	http://yago-knowledge.org/resource/yagoLegalActor	entity	legal actor
http://yago-knowledge.org/resource/Ian_Curtis	Ian Curtis	http://www.w3.org/1999/02/22-rdf-syntax-ns#type	type	http://yago-knowledge.org/resource/yagoLegalActorGeo	entity	legal actor or geographic entity
http://yago-knowledge.org/resource/Ian_Curtis	Ian Curtis	http://www.w3.org/2000/01/rdf-schema#label	label	Curtis	http://www.w3.org/1999/02/22-rdf-syntax-ns#langString	
http://yago-knowledge.org/resource/Ian_Curtis	Ian Curtis	http://www.w3.org/2000/01/rdf-schema#label	label	Ian Curtis	http://www.w3.org/1999/02/22-rdf-syntax-ns#langString	
http://yago-knowledge.org/resource/Ian_Curtis	Ian Curtis	http://www.w3.org/2000/01/rdf-schema#label	label	Ian Curtis	http://www.w3.org/2001/XMLSchema#string	
http://yago-knowledge.org/resource/Ian_Curtis	Ian Curtis	http://www.w3.org/2000/01/rdf-schema#label	label	Ian Kevin Curtis	http://www.w3.org/2001/XMLSchema#string	
http://yago-knowledge.org/resource/Ian_Curtis	Ian Curtis	http://www.w3.org/2002/07/owl#sameAs	sameAs	http://dbpedia.org/resource/Ian_Curtis	entity	Ian Curtis
http://yago-knowledge.org/resource/Ian_Curtis	Ian Curtis	http://www.w3.org/2004/02/skos/core#prefLabel	preferred label	Ian Curtis	http://www.w3.org/1999/02/22-rdf-syntax-ns#langString	
http://yago-knowledge.org/resource/Ian_Curtis	Ian Curtis	http://yago-knowledge.org/resource/created	null	http://yago-knowledge.org/resource/Atmosphere_(Joy_Division_song)	entity	Atmosphere (Joy Division song)
http://yago-knowledge.org/resource/Ian_Curtis	Ian Curtis	http://yago-knowledge.org/resource/created	null	http://yago-knowledge.org/resource/Ceremony_(song)	entity	Ceremony (song)
http://yago-knowledge.org/resource/Ian_Curtis	Ian Curtis	http://yago-knowledge.org/resource/created	null	http://yago-knowledge.org/resource/Digital_(Joy_Division_song)	entity	Digital (Joy Division song)
http://yago-knowledge.org/resource/Ian_Curtis	Ian Curtis	http://yago-knowledge.org/resource/created	null	http://yago-knowledge.org/resource/FM_(TV_series)	entity	FM (TV series)
http://yago-knowledge.org/resource/Ian_Curtis	Ian Curtis	http://yago-knowledge.org/resource/created	null	http://yago-knowledge.org/resource/Isolation_(Joy_Division_song)	entity	Isolation (Joy Division song)
http://yago-knowledge.org/resource/Ian_Curtis	Ian Curtis	http://yago-knowledge.org/resource/created	null	http://yago-knowledge.org/resource/Komakino	entity	Komakino
http://yago-knowledge.org/resource/Ian_Curtis	Ian Curtis	http://yago-knowledge.org/resource/created	null	http://yago-knowledge.org/resource/Love_Will_Tear_Us_Apart	entity	Love Will Tear Us Apart
http://yago-knowledge.org/resource/Ian_Curtis	Ian Curtis	http://yago-knowledge.org/resource/created	null	http://yago-knowledge.org/resource/New_Dawn_Fades	entity	New Dawn Fades
http://yago-knowledge.org/resource/Ian_Curtis	Ian Curtis	http://yago-knowledge.org/resource/created	null	http://yago-knowledge.org/resource/Shadowplay_(song)	entity	Shadowplay (song)
http://yago-knowledge.org/resource/Ian_Curtis	Ian Curtis	http://yago-knowledge.org/resource/created	null	http://yago-knowledge.org/resource/She's_Lost_Control	entity	She's Lost Control
http://yago-knowledge.org/resource/Ian_Curtis	Ian Curtis	http://yago-knowledge.org/resource/created	null	http://yago-knowledge.org/resource/Touching_from_a_Distance	entity	Touching from a Distance
http://yago-knowledge.org/resource/Ian_Curtis	Ian Curtis	http://yago-knowledge.org/resource/created	null	http://yago-knowledge.org/resource/Transmission_(song)	entity	Transmission (song)
http://yago-knowledge.org/resource/Ian_Curtis	Ian Curtis	http://yago-knowledge.org/resource/created	null	http://yago-knowledge.org/resource/Warsaw_(song)	entity	Warsaw (song)
http://yago-knowledge.org/resource/Ian_Curtis	Ian Curtis	http://yago-knowledge.org/resource/diedOnDate	Date of death	1980-05-18	http://www.w3.org/2001/XMLSchema#date	
http://yago-knowledge.org/resource/Ian_Curtis	Ian Curtis	http://yago-knowledge.org/resource/hasCitationTitle	null	10 Things You Never Knew About ... Ian Curtis	http://www.w3.org/1999/02/22-rdf-syntax-ns#langString	
http://yago-knowledge.org/resource/Ian_Curtis	Ian Curtis	http://yago-knowledge.org/resource/hasCitationTitle	null	Artist plans to resurrect singer's street memorial	http://www.w3.org/1999/02/22-rdf-syntax-ns#langString	
http://yago-knowledge.org/resource/Ian_Curtis	Ian Curtis	http://yago-knowledge.org/resource/hasCitationTitle	null	Biopic avoids venerating troubled artist antihero	http://www.w3.org/1999/02/22-rdf-syntax-ns#langString	
http://yago-knowledge.org/resource/Ian_Curtis	Ian Curtis	http://yago-knowledge.org/resource/hasCitationTitle	null	Here to Stay	http://www.w3.org/1999/02/22-rdf-syntax-ns#langString	
http://yago-knowledge.org/resource/Ian_Curtis	Ian Curtis	http://yago-knowledge.org/resource/hasCitationTitle	null	Ian Curtis and Annik Honoré - the Dazzling History of Joy Division	http://www.w3.org/1999/02/22-rdf-syntax-ns#langString	
http://yago-knowledge.org/resource/Ian_Curtis	Ian Curtis	http://yago-knowledge.org/resource/hasCitationTitle	null	Ian Curtis memorial stone stolen	http://www.w3.org/1999/02/22-rdf-syntax-ns#langString	
http://yago-knowledge.org/resource/Ian_Curtis	Ian Curtis	http://yago-knowledge.org/resource/hasCitationTitle	null	Killjoy division cleans up 'Ian Curtis wall'	http://www.w3.org/1999/02/22-rdf-syntax-ns#langString	
http://yago-knowledge.org/resource/Ian_Curtis	Ian Curtis	http://yago-knowledge.org/resource/hasCitationTitle	null	Mother, I tried, please believe me	http://www.w3.org/1999/02/22-rdf-syntax-ns#langString	
http://yago-knowledge.org/resource/Ian_Curtis	Ian Curtis	http://yago-knowledge.org/resource/hasCitationTitle	null	New Order "Elegia"	http://www.w3.org/1999/02/22-rdf-syntax-ns#langString	
http://yago-knowledge.org/resource/Ian_Curtis	Ian Curtis	http://yago-knowledge.org/resource/hasCitationTitle	null	New stone laid at Curtis memorial	http://www.w3.org/1999/02/22-rdf-syntax-ns#langString	
http://yago-knowledge.org/resource/Ian_Curtis	Ian Curtis	http://yago-knowledge.org/resource/hasCitationTitle	null	Out From The Shadows: New Order	http://www.w3.org/1999/02/22-rdf-syntax-ns#langString	
http://yago-knowledge.org/resource/Ian_Curtis	Ian Curtis	http://yago-knowledge.org/resource/hasCitationTitle	null	Strengthening Player – The Photographer Natalie Curtis	http://www.w3.org/1999/02/22-rdf-syntax-ns#langString	
http://yago-knowledge.org/resource/Ian_Curtis	Ian Curtis	http://yago-knowledge.org/resource/hasCitationTitle	null	Wallace Street, Wellington on GoogleMaps	http://www.w3.org/1999/02/22-rdf-syntax-ns#langString	
http://yago-knowledge.org/resource/Ian_Curtis	Ian Curtis	http://yago-knowledge.org/resource/hasCitationTitle	null	Wellington punk art wall rises again	http://www.w3.org/1999/02/22-rdf-syntax-ns#langString	
http://yago-knowledge.org/resource/Ian_Curtis	Ian Curtis	http://yago-knowledge.org/resource/hasFamilyName	Surname	Curtis	http://www.w3.org/2001/XMLSchema#string	
http://yago-knowledge.org/resource/Ian_Curtis	Ian Curtis	http://yago-knowledge.org/resource/hasGender	sex or gender	http://yago-knowledge.org/resource/male	entity	male
http://yago-knowledge.org/resource/Ian_Curtis	Ian Curtis	http://yago-knowledge.org/resource/hasGivenName	given name	Ian	http://www.w3.org/2001/XMLSchema#string	
http://yago-knowledge.org/resource/Ian_Curtis	Ian Curtis	http://yago-knowledge.org/resource/hasMusicalRole	instrument	http://yago-knowledge.org/resource/wordnet_guitar_103467517	entity	guitar
http://yago-knowledge.org/resource/Ian_Curtis	Ian Curtis	http://yago-knowledge.org/resource/hasMusicalRole	instrument	http://yago-knowledge.org/resource/wordnet_synthesist_110687231	entity	synthesist
http://yago-knowledge.org/resource/Ian_Curtis	Ian Curtis	http://yago-knowledge.org/resource/hasWikipediaAnchorText	null	10,000 Things	http://www.w3.org/1999/02/22-rdf-syntax-ns#langString	
http://yago-knowledge.org/resource/Ian_Curtis	Ian Curtis	http://yago-knowledge.org/resource/hasWikipediaAnchorText	null	10cc	http://www.w3.org/1999/02/22-rdf-syntax-ns#langString	
http://yago-knowledge.org/resource/Ian_Curtis	Ian Curtis	http://yago-knowledge.org/resource/hasWikipediaAnchorText	null	24 Hour Party People	http://www.w3.org/1999/02/22-rdf-syntax-ns#langString	
http://yago-knowledge.org/resource/Ian_Curtis	Ian Curtis	http://yago-knowledge.org/resource/hasWikipediaAnchorText	null	Alan Erasmus	http://www.w3.org/1999/02/22-rdf-syntax-ns#langString	
http://yago-knowledge.org/resource/Ian_Curtis	Ian Curtis	http://yago-knowledge.org/resource/hasWikipediaAnchorText	null	An Ideal for Living	http://www.w3.org/1999/02/22-rdf-syntax-ns#langString	
http://yago-knowledge.org/resource/Ian_Curtis	Ian Curtis	http://yago-knowledge.org/resource/hasWikipediaAnchorText	null	Annik Honoré	http://www.w3.org/1999/02/22-rdf-syntax-ns#langString	
http://yago-knowledge.org/resource/Ian_Curtis	Ian Curtis	http://yago-knowledge.org/resource/hasWikipediaAnchorText	null	Anton Corbijn	http://www.w3.org/1999/02/22-rdf-syntax-ns#langString	
http://yago-knowledge.org/resource/Ian_Curtis	Ian Curtis	http://yago-knowledge.org/resource/hasWikipediaAnchorText	null	Atmosphere	http://www.w3.org/1999/02/22-rdf-syntax-ns#langString	
http://yago-knowledge.org/resource/Ian_Curtis	Ian Curtis	http://yago-knowledge.org/resource/hasWikipediaAnchorText	null	Bernard Sumner	http://www.w3.org/1999/02/22-rdf-syntax-ns#langString	
http://yago-knowledge.org/resource/Ian_Curtis	Ian Curtis	http://yago-knowledge.org/resource/hasWikipediaAnchorText	null	Birmingham University	http://www.w3.org/1999/02/22-rdf-syntax-ns#langString	
http://yago-knowledge.org/resource/Ian_Curtis	Ian Curtis	http://yago-knowledge.org/resource/hasWikipediaAnchorText	null	Cannes Film Festival	http://www.w3.org/1999/02/22-rdf-syntax-ns#langString	
http://yago-knowledge.org/resource/Ian_Curtis	Ian Curtis	http://yago-knowledge.org/resource/hasWikipediaAnchorText	null	Cargo Recording Studios	http://www.w3.org/1999/02/22-rdf-syntax-ns#langString	
http://yago-knowledge.org/resource/Ian_Curtis	Ian Curtis	http://yago-knowledge.org/resource/hasWikipediaAnchorText	null	Ceremony	http://www.w3.org/1999/02/22-rdf-syntax-ns#langString	
http://yago-knowledge.org/resource/Ian_Curtis	Ian Curtis	http://yago-knowledge.org/resource/hasWikipediaAnchorText	null	Cheshire	http://www.w3.org/1999/02/22-rdf-syntax-ns#langString	
http://yago-knowledge.org/resource/Ian_Curtis	Ian Curtis	http://yago-knowledge.org/resource/hasWikipediaAnchorText	null	Closer	http://www.w3.org/1999/02/22-rdf-syntax-ns#langString	
http://yago-knowledge.org/resource/Ian_Curtis	Ian Curtis	http://yago-knowledge.org/resource/hasWikipediaAnchorText	null	Control	http://www.w3.org/1999/02/22-rdf-syntax-ns#langString	
http://yago-knowledge.org/resource/Ian_Curtis	Ian Curtis	http://yago-knowledge.org/resource/hasWikipediaAnchorText	null	Directors' Fortnight	http://www.w3.org/1999/02/22-rdf-syntax-ns#langString	
http://yago-knowledge.org/resource/Ian_Curtis	Ian Curtis	http://yago-knowledge.org/resource/hasWikipediaAnchorText	null	EP	http://www.w3.org/1999/02/22-rdf-syntax-ns#langString	
http://yago-knowledge.org/resource/Ian_Curtis	Ian Curtis	http://yago-knowledge.org/resource/hasWikipediaAnchorText	null	Elegia	http://www.w3.org/1999/02/22-rdf-syntax-ns#langString	
http://yago-knowledge.org/resource/Ian_Curtis	Ian Curtis	http://yago-knowledge.org/resource/hasWikipediaAnchorText	null	Everything's Gone Green	http://www.w3.org/1999/02/22-rdf-syntax-ns#langString	
http://yago-knowledge.org/resource/Ian_Curtis	Ian Curtis	http://yago-knowledge.org/resource/hasWikipediaAnchorText	null	Factory	http://www.w3.org/1999/02/22-rdf-syntax-ns#langString	
http://yago-knowledge.org/resource/Ian_Curtis	Ian Curtis	http://yago-knowledge.org/resource/hasWikipediaAnchorText	null	Factory Records	http://www.w3.org/1999/02/22-rdf-syntax-ns#langString	
http://yago-knowledge.org/resource/Ian_Curtis	Ian Curtis	http://yago-knowledge.org/resource/hasWikipediaAnchorText	null	Here to Stay	http://www.w3.org/1999/02/22-rdf-syntax-ns#langString	
http://yago-knowledge.org/resource/Ian_Curtis	Ian Curtis	http://yago-knowledge.org/resource/hasWikipediaAnchorText	null	Hitler Youth	http://www.w3.org/1999/02/22-rdf-syntax-ns#langString	
http://yago-knowledge.org/resource/Ian_Curtis	Ian Curtis	http://yago-knowledge.org/resource/hasWikipediaAnchorText	null	I.C. Water	http://www.w3.org/1999/02/22-rdf-syntax-ns#langString	
http://yago-knowledge.org/resource/Ian_Curtis	Ian Curtis	http://yago-knowledge.org/resource/hasWikipediaAnchorText	null	Ian Curtis biography	http://www.w3.org/1999/02/22-rdf-syntax-ns#langString	
http://yago-knowledge.org/resource/Ian_Curtis	Ian Curtis	http://yago-knowledge.org/resource/hasWikipediaAnchorText	null	Iggy Pop	http://www.w3.org/1999/02/22-rdf-syntax-ns#langString	
http://yago-knowledge.org/resource/Ian_Curtis	Ian Curtis	http://yago-knowledge.org/resource/hasWikipediaAnchorText	null	John Peel	http://www.w3.org/1999/02/22-rdf-syntax-ns#langString	
http://yago-knowledge.org/resource/Ian_Curtis	Ian Curtis	http://yago-knowledge.org/resource/hasWikipediaAnchorText	null	Joy Division	http://www.w3.org/1999/02/22-rdf-syntax-ns#langString	
http://yago-knowledge.org/resource/Ian_Curtis	Ian Curtis	http://yago-knowledge.org/resource/hasWikipediaAnchorText	null	Joy Division Concert: 2 May 1980	http://www.w3.org/1999/02/22-rdf-syntax-ns#langString	
http://yago-knowledge.org/resource/Ian_Curtis	Ian Curtis	http://yago-knowledge.org/resource/hasWikipediaAnchorText	null	LC	http://www.w3.org/1999/02/22-rdf-syntax-ns#langString	
http://yago-knowledge.org/resource/Ian_Curtis	Ian Curtis	http://yago-knowledge.org/resource/hasWikipediaAnchorText	null	Love Will Tear Us Apart	http://www.w3.org/1999/02/22-rdf-syntax-ns#langString	
http://yago-knowledge.org/resource/Ian_Curtis	Ian Curtis	http://yago-knowledge.org/resource/hasWikipediaAnchorText	null	Macclesfield	http://www.w3.org/1999/02/22-rdf-syntax-ns#langString	
http://yago-knowledge.org/resource/Ian_Curtis	Ian Curtis	http://yago-knowledge.org/resource/hasWikipediaAnchorText	null	Macclesfield Cemetery	http://www.w3.org/1999/02/22-rdf-syntax-ns#langString	
http://yago-knowledge.org/resource/Ian_Curtis	Ian Curtis	http://yago-knowledge.org/resource/hasWikipediaAnchorText	null	Manchester City	http://www.w3.org/1999/02/22-rdf-syntax-ns#langString	
http://yago-knowledge.org/resource/Ian_Curtis	Ian Curtis	http://yago-knowledge.org/resource/hasWikipediaAnchorText	null	Martin Hannett	http://www.w3.org/1999/02/22-rdf-syntax-ns#langString	
http://yago-knowledge.org/resource/Ian_Curtis	Ian Curtis	http://yago-knowledge.org/resource/hasWikipediaAnchorText	null	Nazi	http://www.w3.org/1999/02/22-rdf-syntax-ns#langString	
http://yago-knowledge.org/resource/Ian_Curtis	Ian Curtis	http://yago-knowledge.org/resource/hasWikipediaAnchorText	null	New Order	http://www.w3.org/1999/02/22-rdf-syntax-ns#langString	
http://yago-knowledge.org/resource/Ian_Curtis	Ian Curtis	http://yago-knowledge.org/resource/hasWikipediaAnchorText	null	New Zealand	http://www.w3.org/1999/02/22-rdf-syntax-ns#langString	
http://yago-knowledge.org/resource/Ian_Curtis	Ian Curtis	http://yago-knowledge.org/resource/hasWikipediaAnchorText	null	O-level	http://www.w3.org/1999/02/22-rdf-syntax-ns#langString	
http://yago-knowledge.org/resource/Ian_Curtis	Ian Curtis	http://yago-knowledge.org/resource/hasWikipediaAnchorText	null	Option	http://www.w3.org/1999/02/22-rdf-syntax-ns#langString	
http://yago-knowledge.org/resource/Ian_Curtis	Ian Curtis	http://yago-knowledge.org/resource/hasWikipediaAnchorText	null	Paul Morley	http://www.w3.org/1999/02/22-rdf-syntax-ns#langString	
http://yago-knowledge.org/resource/Ian_Curtis	Ian Curtis	http://yago-knowledge.org/resource/hasWikipediaAnchorText	null	Peel session	http://www.w3.org/1999/02/22-rdf-syntax-ns#langString	
http://yago-knowledge.org/resource/Ian_Curtis	Ian Curtis	http://yago-knowledge.org/resource/hasWikipediaAnchorText	null	Peter Hook	http://www.w3.org/1999/02/22-rdf-syntax-ns#langString	
http://yago-knowledge.org/resource/Ian_Curtis	Ian Curtis	http://yago-knowledge.org/resource/hasWikipediaAnchorText	null	Post-punk	http://www.w3.org/1999/02/22-rdf-syntax-ns#langString	
http://yago-knowledge.org/resource/Ian_Curtis	Ian Curtis	http://yago-knowledge.org/resource/hasWikipediaAnchorText	null	Producer	http://www.w3.org/1999/02/22-rdf-syntax-ns#langString	
http://yago-knowledge.org/resource/Ian_Curtis	Ian Curtis	http://yago-knowledge.org/resource/hasWikipediaAnchorText	null	Psychic TV	http://www.w3.org/1999/02/22-rdf-syntax-ns#langString	
http://yago-knowledge.org/resource/Ian_Curtis	Ian Curtis	http://yago-knowledge.org/resource/hasWikipediaAnchorText	null	Rob Gretton	http://www.w3.org/1999/02/22-rdf-syntax-ns#langString	
http://yago-knowledge.org/resource/Ian_Curtis	Ian Curtis	http://yago-knowledge.org/resource/hasWikipediaAnchorText	null	Rudolf Hess	http://www.w3.org/1999/02/22-rdf-syntax-ns#langString	
http://yago-knowledge.org/resource/Ian_Curtis	Ian Curtis	http://yago-knowledge.org/resource/hasWikipediaAnchorText	null	Sam Riley	http://www.w3.org/1999/02/22-rdf-syntax-ns#langString	
http://yago-knowledge.org/resource/Ian_Curtis	Ian Curtis	http://yago-knowledge.org/resource/hasWikipediaAnchorText	null	Samantha Morton	http://www.w3.org/1999/02/22-rdf-syntax-ns#langString	
http://yago-knowledge.org/resource/Ian_Curtis	Ian Curtis	http://yago-knowledge.org/resource/hasWikipediaAnchorText	null	Sean Harris	http://www.w3.org/1999/02/22-rdf-syntax-ns#langString	
http://yago-knowledge.org/resource/Ian_Curtis	Ian Curtis	http://yago-knowledge.org/resource/hasWikipediaAnchorText	null	Sex Pistols	http://www.w3.org/1999/02/22-rdf-syntax-ns#langString	
http://yago-knowledge.org/resource/Ian_Curtis	Ian Curtis	http://yago-knowledge.org/resource/hasWikipediaAnchorText	null	Stephen Morris	http://www.w3.org/1999/02/22-rdf-syntax-ns#langString	
http://yago-knowledge.org/resource/Ian_Curtis	Ian Curtis	http://yago-knowledge.org/resource/hasWikipediaAnchorText	null	Still	http://www.w3.org/1999/02/22-rdf-syntax-ns#langString	
http://yago-knowledge.org/resource/Ian_Curtis	Ian Curtis	http://yago-knowledge.org/resource/hasWikipediaAnchorText	null	Stockport	http://www.w3.org/1999/02/22-rdf-syntax-ns#langString	
http://yago-knowledge.org/resource/Ian_Curtis	Ian Curtis	http://yago-knowledge.org/resource/hasWikipediaAnchorText	null	Strawberry Studios	http://www.w3.org/1999/02/22-rdf-syntax-ns#langString	
http://yago-knowledge.org/resource/Ian_Curtis	Ian Curtis	http://yago-knowledge.org/resource/hasWikipediaAnchorText	null	Stretford	http://www.w3.org/1999/02/22-rdf-syntax-ns#langString	
http://yago-knowledge.org/resource/Ian_Curtis	Ian Curtis	http://yago-knowledge.org/resource/hasWikipediaAnchorText	null	Stroszek	http://www.w3.org/1999/02/22-rdf-syntax-ns#langString	
http://yago-knowledge.org/resource/Ian_Curtis	Ian Curtis	http://yago-knowledge.org/resource/hasWikipediaAnchorText	null	The Durutti Column	http://www.w3.org/1999/02/22-rdf-syntax-ns#langString	
http://yago-knowledge.org/resource/Ian_Curtis	Ian Curtis	http://yago-knowledge.org/resource/hasWikipediaAnchorText	null	The House of Dolls	http://www.w3.org/1999/02/22-rdf-syntax-ns#langString	
http://yago-knowledge.org/resource/Ian_Curtis	Ian Curtis	http://yago-knowledge.org/resource/hasWikipediaAnchorText	null	The Idiot	http://www.w3.org/1999/02/22-rdf-syntax-ns#langString	
http://yago-knowledge.org/resource/Ian_Curtis	Ian Curtis	http://yago-knowledge.org/resource/hasWikipediaAnchorText	null	The King's School, Macclesfield	http://www.w3.org/1999/02/22-rdf-syntax-ns#langString	
http://yago-knowledge.org/resource/Ian_Curtis	Ian Curtis	http://yago-knowledge.org/resource/hasWikipediaAnchorText	null	Thursday	http://www.w3.org/1999/02/22-rdf-syntax-ns#langString	
http://yago-knowledge.org/resource/Ian_Curtis	Ian Curtis	http://yago-knowledge.org/resource/hasWikipediaAnchorText	null	Tony Wilson	http://www.w3.org/1999/02/22-rdf-syntax-ns#langString	
http://yago-knowledge.org/resource/Ian_Curtis	Ian Curtis	http://yago-knowledge.org/resource/hasWikipediaAnchorText	null	Touching from a Distance	http://www.w3.org/1999/02/22-rdf-syntax-ns#langString	
http://yago-knowledge.org/resource/Ian_Curtis	Ian Curtis	http://yago-knowledge.org/resource/hasWikipediaAnchorText	null	Touching from a Distance: Ian Curtis and Joy Division	http://www.w3.org/1999/02/22-rdf-syntax-ns#langString	
http://yago-knowledge.org/resource/Ian_Curtis	Ian Curtis	http://yago-knowledge.org/resource/hasWikipediaAnchorText	null	Transmission	http://www.w3.org/1999/02/22-rdf-syntax-ns#langString	
http://yago-knowledge.org/resource/Ian_Curtis	Ian Curtis	http://yago-knowledge.org/resource/hasWikipediaAnchorText	null	Unknown Pleasures	http://www.w3.org/1999/02/22-rdf-syntax-ns#langString	
http://yago-knowledge.org/resource/Ian_Curtis	Ian Curtis	http://yago-knowledge.org/resource/hasWikipediaAnchorText	null	Vocals	http://www.w3.org/1999/02/22-rdf-syntax-ns#langString	
http://yago-knowledge.org/resource/Ian_Curtis	Ian Curtis	http://yago-knowledge.org/resource/hasWikipediaAnchorText	null	Vox Phantom	http://www.w3.org/1999/02/22-rdf-syntax-ns#langString	
http://yago-knowledge.org/resource/Ian_Curtis	Ian Curtis	http://yago-knowledge.org/resource/hasWikipediaAnchorText	null	Waiting	http://www.w3.org/1999/02/22-rdf-syntax-ns#langString	
http://yago-knowledge.org/resource/Ian_Curtis	Ian Curtis	http://yago-knowledge.org/resource/hasWikipediaAnchorText	null	Warsaw Pakt	http://www.w3.org/1999/02/22-rdf-syntax-ns#langString	
http://yago-knowledge.org/resource/Ian_Curtis	Ian Curtis	http://yago-knowledge.org/resource/hasWikipediaAnchorText	null	Wellington	http://www.w3.org/1999/02/22-rdf-syntax-ns#langString	
http://yago-knowledge.org/resource/Ian_Curtis	Ian Curtis	http://yago-knowledge.org/resource/hasWikipediaAnchorText	null	Werner Herzog	http://www.w3.org/1999/02/22-rdf-syntax-ns#langString	
http://yago-knowledge.org/resource/Ian_Curtis	Ian Curtis	http://yago-knowledge.org/resource/hasWikipediaAnchorText	null	baritone	http://www.w3.org/1999/02/22-rdf-syntax-ns#langString	
http://yago-knowledge.org/resource/Ian_Curtis	Ian Curtis	http://yago-knowledge.org/resource/hasWikipediaAnchorText	null	bloke	http://www.w3.org/1999/02/22-rdf-syntax-ns#langString	
http://yago-knowledge.org/resource/Ian_Curtis	Ian Curtis	http://yago-knowledge.org/resource/hasWikipediaAnchorText	null	concentration camp	http://www.w3.org/1999/02/22-rdf-syntax-ns#langString	
http://yago-knowledge.org/resource/Ian_Curtis	Ian Curtis	http://yago-knowledge.org/resource/hasWikipediaAnchorText	null	depression	http://www.w3.org/1999/02/22-rdf-syntax-ns#langString	
http://yago-knowledge.org/resource/Ian_Curtis	Ian Curtis	http://yago-knowledge.org/resource/hasWikipediaAnchorText	null	desolation	http://www.w3.org/1999/02/22-rdf-syntax-ns#langString	
http://yago-knowledge.org/resource/Ian_Curtis	Ian Curtis	http://yago-knowledge.org/resource/hasWikipediaAnchorText	null	epilepsy	http://www.w3.org/1999/02/22-rdf-syntax-ns#langString	
http://yago-knowledge.org/resource/Ian_Curtis	Ian Curtis	http://yago-knowledge.org/resource/hasWikipediaAnchorText	null	epileptic seizures	http://www.w3.org/1999/02/22-rdf-syntax-ns#langString	
http://yago-knowledge.org/resource/Ian_Curtis	Ian Curtis	http://yago-knowledge.org/resource/hasWikipediaAnchorText	null	guitar	http://www.w3.org/1999/02/22-rdf-syntax-ns#langString	
http://yago-knowledge.org/resource/Ian_Curtis	Ian Curtis	http://yago-knowledge.org/resource/hasWikipediaAnchorText	null	melodica	http://www.w3.org/1999/02/22-rdf-syntax-ns#langString	
http://yago-knowledge.org/resource/Ian_Curtis	Ian Curtis	http://yago-knowledge.org/resource/hasWikipediaAnchorText	null	post-punk	http://www.w3.org/1999/02/22-rdf-syntax-ns#langString	
http://yago-knowledge.org/resource/Ian_Curtis	Ian Curtis	http://yago-knowledge.org/resource/hasWikipediaAnchorText	null	sexual slavery	http://www.w3.org/1999/02/22-rdf-syntax-ns#langString	
http://yago-knowledge.org/resource/Ian_Curtis	Ian Curtis	http://yago-knowledge.org/resource/hasWikipediaAnchorText	null	sign language	http://www.w3.org/1999/02/22-rdf-syntax-ns#langString	
http://yago-knowledge.org/resource/Ian_Curtis	Ian Curtis	http://yago-knowledge.org/resource/hasWikipediaAnchorText	null	synthesizer	http://www.w3.org/1999/02/22-rdf-syntax-ns#langString	
http://yago-knowledge.org/resource/Ian_Curtis	Ian Curtis	http://yago-knowledge.org/resource/hasWikipediaAnchorText	null	tenor	http://www.w3.org/1999/02/22-rdf-syntax-ns#langString	
http://yago-knowledge.org/resource/Ian_Curtis	Ian Curtis	http://yago-knowledge.org/resource/hasWikipediaAnchorText	null	washing line	http://www.w3.org/1999/02/22-rdf-syntax-ns#langString	
http://yago-knowledge.org/resource/Ian_Curtis	Ian Curtis	http://yago-knowledge.org/resource/hasWikipediaArticleLength	null	19592	http://www.w3.org/2001/XMLSchema#integer	
http://yago-knowledge.org/resource/Ian_Curtis	Ian Curtis	http://yago-knowledge.org/resource/hasWikipediaUrl	null	http://en.wikipedia.org/wiki/Ian_Curtis	uri	null
http://yago-knowledge.org/resource/Ian_Curtis	Ian Curtis	http://yago-knowledge.org/resource/linksTo	null	http://yago-knowledge.org/resource/10cc	entity	10cc
http://yago-knowledge.org/resource/Ian_Curtis	Ian Curtis	http://yago-knowledge.org/resource/linksTo	null	http://yago-knowledge.org/resource/24_Hour_Party_People	entity	24 Hour Party People
http://yago-knowledge.org/resource/Ian_Curtis	Ian Curtis	http://yago-knowledge.org/resource/linksTo	null	http://yago-knowledge.org/resource/Alan_Erasmus	entity	Alan Erasmus
http://yago-knowledge.org/resource/Ian_Curtis	Ian Curtis	http://yago-knowledge.org/resource/linksTo	null	http://yago-knowledge.org/resource/An_Ideal_for_Living	entity	An Ideal for Living
http://yago-knowledge.org/resource/Ian_Curtis	Ian Curtis	http://yago-knowledge.org/resource/linksTo	null	http://yago-knowledge.org/resource/Anton_Corbijn	entity	Anton Corbijn
http://yago-knowledge.org/resource/Ian_Curtis	Ian Curtis	http://yago-knowledge.org/resource/linksTo	null	http://yago-knowledge.org/resource/Atmosphere_(Joy_Division_song)	entity	Atmosphere (Joy Division song)
http://yago-knowledge.org/resource/Ian_Curtis	Ian Curtis	http://yago-knowledge.org/resource/linksTo	null	http://yago-knowledge.org/resource/Bernard_Sumner	entity	Bernard Sumner
http://yago-knowledge.org/resource/Ian_Curtis	Ian Curtis	http://yago-knowledge.org/resource/linksTo	null	http://yago-knowledge.org/resource/Cannes_Film_Festival	entity	Cannes Film Festival
http://yago-knowledge.org/resource/Ian_Curtis	Ian Curtis	http://yago-knowledge.org/resource/linksTo	null	http://yago-knowledge.org/resource/Ceremony_(song)	entity	Ceremony (song)
http://yago-knowledge.org/resource/Ian_Curtis	Ian Curtis	http://yago-knowledge.org/resource/linksTo	null	http://yago-knowledge.org/resource/Cheshire	entity	Cheshire
http://yago-knowledge.org/resource/Ian_Curtis	Ian Curtis	http://yago-knowledge.org/resource/linksTo	null	http://yago-knowledge.org/resource/Closer_(Joy_Division_album)	entity	Closer (Joy Division album)
http://yago-knowledge.org/resource/Ian_Curtis	Ian Curtis	http://yago-knowledge.org/resource/linksTo	null	http://yago-knowledge.org/resource/Control_(2007_film)	entity	Control (2007 film)
http://yago-knowledge.org/resource/Ian_Curtis	Ian Curtis	http://yago-knowledge.org/resource/linksTo	null	http://yago-knowledge.org/resource/Directors'_Fortnight	entity	Directors' Fortnight
http://yago-knowledge.org/resource/Ian_Curtis	Ian Curtis	http://yago-knowledge.org/resource/linksTo	null	http://yago-knowledge.org/resource/Elegia	entity	Elegia
http://yago-knowledge.org/resource/Ian_Curtis	Ian Curtis	http://yago-knowledge.org/resource/linksTo	null	http://yago-knowledge.org/resource/Everything's_Gone_Green	entity	Everything's Gone Green
http://yago-knowledge.org/resource/Ian_Curtis	Ian Curtis	http://yago-knowledge.org/resource/linksTo	null	http://yago-knowledge.org/resource/Extended_play	entity	Extended play
http://yago-knowledge.org/resource/Ian_Curtis	Ian Curtis	http://yago-knowledge.org/resource/linksTo	null	http://yago-knowledge.org/resource/Factory_Records	entity	Factory Records
http://yago-knowledge.org/resource/Ian_Curtis	Ian Curtis	http://yago-knowledge.org/resource/linksTo	null	http://yago-knowledge.org/resource/Here_to_Stay_(New_Order_song)	entity	Here to Stay (New Order song)
http://yago-knowledge.org/resource/Ian_Curtis	Ian Curtis	http://yago-knowledge.org/resource/linksTo	null	http://yago-knowledge.org/resource/Hitler_Youth	entity	Hitler Youth
http://yago-knowledge.org/resource/Ian_Curtis	Ian Curtis	http://yago-knowledge.org/resource/linksTo	null	http://yago-knowledge.org/resource/I.C._Water	entity	I.C. Water
http://yago-knowledge.org/resource/Ian_Curtis	Ian Curtis	http://yago-knowledge.org/resource/linksTo	null	http://yago-knowledge.org/resource/Iggy_Pop	entity	Iggy Pop
http://yago-knowledge.org/resource/Ian_Curtis	Ian Curtis	http://yago-knowledge.org/resource/linksTo	null	http://yago-knowledge.org/resource/John_Peel	entity	John Peel
http://yago-knowledge.org/resource/Ian_Curtis	Ian Curtis	http://yago-knowledge.org/resource/linksTo	null	http://yago-knowledge.org/resource/Joy_Division	entity	Joy Division
http://yago-knowledge.org/resource/Ian_Curtis	Ian Curtis	http://yago-knowledge.org/resource/linksTo	null	http://yago-knowledge.org/resource/LC_(album)	entity	LC (album)
http://yago-knowledge.org/resource/Ian_Curtis	Ian Curtis	http://yago-knowledge.org/resource/linksTo	null	http://yago-knowledge.org/resource/Love_Will_Tear_Us_Apart	entity	Love Will Tear Us Apart
http://yago-knowledge.org/resource/Ian_Curtis	Ian Curtis	http://yago-knowledge.org/resource/linksTo	null	http://yago-knowledge.org/resource/Macclesfield	entity	Macclesfield
http://yago-knowledge.org/resource/Ian_Curtis	Ian Curtis	http://yago-knowledge.org/resource/linksTo	null	http://yago-knowledge.org/resource/Macclesfield_Cemetery	entity	Macclesfield Cemetery
http://yago-knowledge.org/resource/Ian_Curtis	Ian Curtis	http://yago-knowledge.org/resource/linksTo	null	http://yago-knowledge.org/resource/Manchester_City_F.C.	entity	Manchester City F.C.
http://yago-knowledge.org/resource/Ian_Curtis	Ian Curtis	http://yago-knowledge.org/resource/linksTo	null	http://yago-knowledge.org/resource/Martin_Hannett	entity	Martin Hannett
http://yago-knowledge.org/resource/Ian_Curtis	Ian Curtis	http://yago-knowledge.org/resource/linksTo	null	http://yago-knowledge.org/resource/New_Order	entity	New Order
http://yago-knowledge.org/resource/Ian_Curtis	Ian Curtis	http://yago-knowledge.org/resource/linksTo	null	http://yago-knowledge.org/resource/New_Zealand	entity	New Zealand
http://yago-knowledge.org/resource/Ian_Curtis	Ian Curtis	http://yago-knowledge.org/resource/linksTo	null	http://yago-knowledge.org/resource/Option_(music_magazine)	entity	Option (music magazine)
http://yago-knowledge.org/resource/Ian_Curtis	Ian Curtis	http://yago-knowledge.org/resource/linksTo	null	http://yago-knowledge.org/resource/Paul_Morley	entity	Paul Morley
http://yago-knowledge.org/resource/Ian_Curtis	Ian Curtis	http://yago-knowledge.org/resource/linksTo	null	http://yago-knowledge.org/resource/Peter_Hook	entity	Peter Hook
http://yago-knowledge.org/resource/Ian_Curtis	Ian Curtis	http://yago-knowledge.org/resource/linksTo	null	http://yago-knowledge.org/resource/Post-punk	entity	Post-punk
http://yago-knowledge.org/resource/Ian_Curtis	Ian Curtis	http://yago-knowledge.org/resource/linksTo	null	http://yago-knowledge.org/resource/Psychic_TV	entity	Psychic TV
http://yago-knowledge.org/resource/Ian_Curtis	Ian Curtis	http://yago-knowledge.org/resource/linksTo	null	http://yago-knowledge.org/resource/Rob_Gretton	entity	Rob Gretton
http://yago-knowledge.org/resource/Ian_Curtis	Ian Curtis	http://yago-knowledge.org/resource/linksTo	null	http://yago-knowledge.org/resource/Rudolf_Hess	entity	Rudolf Hess
http://yago-knowledge.org/resource/Ian_Curtis	Ian Curtis	http://yago-knowledge.org/resource/linksTo	null	http://yago-knowledge.org/resource/Sam_Riley	entity	Sam Riley
http://yago-knowledge.org/resource/Ian_Curtis	Ian Curtis	http://yago-knowledge.org/resource/linksTo	null	http://yago-knowledge.org/resource/Samantha_Morton	entity	Samantha Morton
http://yago-knowledge.org/resource/Ian_Curtis	Ian Curtis	http://yago-knowledge.org/resource/linksTo	null	http://yago-knowledge.org/resource/Sean_Harris	entity	Sean Harris
http://yago-knowledge.org/resource/Ian_Curtis	Ian Curtis	http://yago-knowledge.org/resource/linksTo	null	http://yago-knowledge.org/resource/Sex_Pistols	entity	Sex Pistols
http://yago-knowledge.org/resource/Ian_Curtis	Ian Curtis	http://yago-knowledge.org/resource/linksTo	null	http://yago-knowledge.org/resource/Stephen_Morris_(musician)	entity	Stephen Morris (musician)
http://yago-knowledge.org/resource/Ian_Curtis	Ian Curtis	http://yago-knowledge.org/resource/linksTo	null	http://yago-knowledge.org/resource/Still_(Joy_Division_album)	entity	Still (Joy Division album)
http://yago-knowledge.org/resource/Ian_Curtis	Ian Curtis	http://yago-knowledge.org/resource/linksTo	null	http://yago-knowledge.org/resource/Stockport	entity	Stockport
http://yago-knowledge.org/resource/Ian_Curtis	Ian Curtis	http://yago-knowledge.org/resource/linksTo	null	http://yago-knowledge.org/resource/Strawberry_Studios	entity	Strawberry Studios
http://yago-knowledge.org/resource/Ian_Curtis	Ian Curtis	http://yago-knowledge.org/resource/linksTo	null	http://yago-knowledge.org/resource/Stretford	entity	Stretford
http://yago-knowledge.org/resource/Ian_Curtis	Ian Curtis	http://yago-knowledge.org/resource/linksTo	null	http://yago-knowledge.org/resource/Stroszek	entity	Stroszek
http://yago-knowledge.org/resource/Ian_Curtis	Ian Curtis	http://yago-knowledge.org/resource/linksTo	null	http://yago-knowledge.org/resource/The_Durutti_Column	entity	The Durutti Column
http://yago-knowledge.org/resource/Ian_Curtis	Ian Curtis	http://yago-knowledge.org/resource/linksTo	null	http://yago-knowledge.org/resource/The_Idiot_(album)	entity	The Idiot (album)
http://yago-knowledge.org/resource/Ian_Curtis	Ian Curtis	http://yago-knowledge.org/resource/linksTo	null	http://yago-knowledge.org/resource/The_King's_School,_Macclesfield	entity	The King's School, Macclesfield
http://yago-knowledge.org/resource/Ian_Curtis	Ian Curtis	http://yago-knowledge.org/resource/linksTo	null	http://yago-knowledge.org/resource/Thursday_(band)	entity	Thursday (band)
http://yago-knowledge.org/resource/Ian_Curtis	Ian Curtis	http://yago-knowledge.org/resource/linksTo	null	http://yago-knowledge.org/resource/Tony_Wilson	entity	Tony Wilson
http://yago-knowledge.org/resource/Ian_Curtis	Ian Curtis	http://yago-knowledge.org/resource/linksTo	null	http://yago-knowledge.org/resource/Touching_from_a_Distance	entity	Touching from a Distance
http://yago-knowledge.org/resource/Ian_Curtis	Ian Curtis	http://yago-knowledge.org/resource/linksTo	null	http://yago-knowledge.org/resource/Transmission_(song)	entity	Transmission (song)
http://yago-knowledge.org/resource/Ian_Curtis	Ian Curtis	http://yago-knowledge.org/resource/linksTo	null	http://yago-knowledge.org/resource/Unknown_Pleasures	entity	Unknown Pleasures
http://yago-knowledge.org/resource/Ian_Curtis	Ian Curtis	http://yago-knowledge.org/resource/linksTo	null	http://yago-knowledge.org/resource/Vox_Phantom	entity	Vox Phantom
http://yago-knowledge.org/resource/Ian_Curtis	Ian Curtis	http://yago-knowledge.org/resource/linksTo	null	http://yago-knowledge.org/resource/Waiting_(Thursday_album)	entity	Waiting (Thursday album)
http://yago-knowledge.org/resource/Ian_Curtis	Ian Curtis	http://yago-knowledge.org/resource/linksTo	null	http://yago-knowledge.org/resource/Warsaw_Pakt	entity	Warsaw Pakt
http://yago-knowledge.org/resource/Ian_Curtis	Ian Curtis	http://yago-knowledge.org/resource/linksTo	null	http://yago-knowledge.org/resource/Wellington	entity	Wellington
http://yago-knowledge.org/resource/Ian_Curtis	Ian Curtis	http://yago-knowledge.org/resource/linksTo	null	http://yago-knowledge.org/resource/Werner_Herzog	entity	Werner Herzog
http://yago-knowledge.org/resource/Ian_Curtis	Ian Curtis	http://yago-knowledge.org/resource/redirectedFrom	null	Debbie Curtis	http://www.w3.org/1999/02/22-rdf-syntax-ns#langString	
http://yago-knowledge.org/resource/Ian_Curtis	Ian Curtis	http://yago-knowledge.org/resource/redirectedFrom	null	Deborah Curtis	http://www.w3.org/1999/02/22-rdf-syntax-ns#langString	
http://yago-knowledge.org/resource/Ian_Curtis	Ian Curtis	http://yago-knowledge.org/resource/redirectedFrom	null	Deborah Woodruff	http://www.w3.org/1999/02/22-rdf-syntax-ns#langString	
http://yago-knowledge.org/resource/Ian_Curtis	Ian Curtis	http://yago-knowledge.org/resource/redirectedFrom	null	Deborah curtis	http://www.w3.org/1999/02/22-rdf-syntax-ns#langString	
http://yago-knowledge.org/resource/Ian_Curtis	Ian Curtis	http://yago-knowledge.org/resource/redirectedFrom	null	Ian Curtis Wall	http://www.w3.org/1999/02/22-rdf-syntax-ns#langString	
http://yago-knowledge.org/resource/Ian_Curtis	Ian Curtis	http://yago-knowledge.org/resource/redirectedFrom	null	Ian Kevin Curtis	http://www.w3.org/1999/02/22-rdf-syntax-ns#langString	
http://yago-knowledge.org/resource/Ian_Curtis	Ian Curtis	http://yago-knowledge.org/resource/redirectedFrom	null	Joy Division's singer Ian Curtis	http://www.w3.org/1999/02/22-rdf-syntax-ns#langString	
http://yago-knowledge.org/resource/Ian_Curtis	Ian Curtis	http://yago-knowledge.org/resource/wasBornIn	birthPlace	http://yago-knowledge.org/resource/Stretford	entity	Stretford
http://yago-knowledge.org/resource/Ian_Curtis	Ian Curtis	http://yago-knowledge.org/resource/wasBornOnDate	date of birth	1956-07-15	http://www.w3.org/2001/XMLSchema#date	
