sub	subl	prop	propl	obj	obj_t	obj_l
http://dbpedia.org/resource/Ian_Curtis_(actor)	Ian Curtis (actor)	http://dbpedia.org/ontology/abstract	has abstract	Ian Curtis (born 1972, Manchester, England, UK) is a British actor, writer and director who is better known for his lead roles in Holby City where he played Ray Sykes and Soldier Soldier in which he played Corporal Mark Hobbs. Other appearances - Dalziel and Pascoe, Doctors and A Touch of Frost. As a director Ian has co-written and directed the Channel 4 Comedy Lab "FM" in 2006 which is now in series development with ITV2. With co-writer Oliver Lansley they are writing six episodes which starts shooting in November 2008. Ian directed the 2007 Comedy Lab episode Blowout which won best comedy at the Scottish Baftas in 2007. Other credits include Sorry, I've Got No Head, a 13 x 30 minute sketch show for CBBC.	http://www.w3.org/1999/02/22-rdf-syntax-ns#langString	
http://dbpedia.org/resource/Ian_Curtis_(actor)	Ian Curtis (actor)	http://dbpedia.org/ontology/birthDate	birth date	1972-01-01	http://www.w3.org/2001/XMLSchema#date	
http://dbpedia.org/resource/Ian_Curtis_(actor)	Ian Curtis (actor)	http://dbpedia.org/ontology/wikiPageID	Wikipage page ID	7891194	http://www.w3.org/2001/XMLSchema#integer	
http://dbpedia.org/resource/Ian_Curtis_(actor)	Ian Curtis (actor)	http://dbpedia.org/ontology/wikiPageLength	page length (characters) of wiki page	1393	http://www.w3.org/2001/XMLSchema#nonNegativeInteger	
http://dbpedia.org/resource/Ian_Curtis_(actor)	Ian Curtis (actor)	http://dbpedia.org/ontology/wikiPageOutDegree	Wiki page out degree	17	http://www.w3.org/2001/XMLSchema#nonNegativeInteger	
http://dbpedia.org/resource/Ian_Curtis_(actor)	Ian Curtis (actor)	http://dbpedia.org/ontology/wikiPageRevisionID	Wikipage revision ID	740107336	http://www.w3.org/2001/XMLSchema#integer	
http://dbpedia.org/resource/Ian_Curtis_(actor)	Ian Curtis (actor)	http://purl.org/dc/terms/description	Description	British actor	http://www.w3.org/1999/02/22-rdf-syntax-ns#langString	
http://dbpedia.org/resource/Ian_Curtis_(actor)	Ian Curtis (actor)	http://purl.org/dc/terms/subject	Subject	http://dbpedia.org/resource/Category:1972_births	entity	1972 births
http://dbpedia.org/resource/Ian_Curtis_(actor)	Ian Curtis (actor)	http://purl.org/dc/terms/subject	Subject	http://dbpedia.org/resource/Category:English_male_soap_opera_actors	entity	English male soap opera actors
http://dbpedia.org/resource/Ian_Curtis_(actor)	Ian Curtis (actor)	http://purl.org/dc/terms/subject	Subject	http://dbpedia.org/resource/Category:English_male_television_actors	entity	English male television actors
http://dbpedia.org/resource/Ian_Curtis_(actor)	Ian Curtis (actor)	http://purl.org/dc/terms/subject	Subject	http://dbpedia.org/resource/Category:Living_people	entity	Living people
http://dbpedia.org/resource/Ian_Curtis_(actor)	Ian Curtis (actor)	http://www.w3.org/1999/02/22-rdf-syntax-ns#type	type	http://dbpedia.org/ontology/Person	entity	person
http://dbpedia.org/resource/Ian_Curtis_(actor)	Ian Curtis (actor)	http://www.w3.org/1999/02/22-rdf-syntax-ns#type	type	http://www.w3.org/2002/07/owl#Thing	entity	Thing
http://dbpedia.org/resource/Ian_Curtis_(actor)	Ian Curtis (actor)	http://www.w3.org/2000/01/rdf-schema#comment	comment	Ian Curtis (born 1972, Manchester, England, UK) is a British actor, writer and director who is better known for his lead roles in Holby City where he played Ray Sykes and Soldier Soldier in which he played Corporal Mark Hobbs. Other appearances - Dalziel and Pascoe, Doctors and A Touch of Frost.	http://www.w3.org/1999/02/22-rdf-syntax-ns#langString	
http://dbpedia.org/resource/Ian_Curtis_(actor)	Ian Curtis (actor)	http://www.w3.org/2000/01/rdf-schema#label	label	Ian Curtis (actor)	http://www.w3.org/1999/02/22-rdf-syntax-ns#langString	
http://dbpedia.org/resource/Ian_Curtis_(actor)	Ian Curtis (actor)	http://www.w3.org/2002/07/owl#differentFrom	differentFrom	http://dbpedia.org/resource/Ian_Curteis	entity	Ian Curteis
http://dbpedia.org/resource/Ian_Curtis_(actor)	Ian Curtis (actor)	http://www.w3.org/2002/07/owl#sameAs	sameAs	http://dbpedia.org/resource/Ian_Curtis_(actor)	entity	Ian Curtis (actor)
http://dbpedia.org/resource/Ian_Curtis_(actor)	Ian Curtis (actor)	http://www.w3.org/2002/07/owl#sameAs	sameAs	http://rdf.freebase.com/ns/m.026hvb2	entity	Ian Curtis
http://dbpedia.org/resource/Ian_Curtis_(actor)	Ian Curtis (actor)	http://www.w3.org/2002/07/owl#sameAs	sameAs	http://www.wikidata.org/entity/Q5981335	entity	Ian Curtis
http://dbpedia.org/resource/Ian_Curtis_(actor)	Ian Curtis (actor)	http://www.w3.org/ns/prov#wasDerivedFrom	wasDerivedFrom	http://en.wikipedia.org/wiki/Ian_Curtis_(actor)?oldid=740107336	uri	null
http://dbpedia.org/resource/Ian_Curtis_(actor)	Ian Curtis (actor)	http://xmlns.com/foaf/0.1/gender	gender	male	http://www.w3.org/1999/02/22-rdf-syntax-ns#langString	
http://dbpedia.org/resource/Ian_Curtis_(actor)	Ian Curtis (actor)	http://xmlns.com/foaf/0.1/givenName	Given name	Ian	http://www.w3.org/1999/02/22-rdf-syntax-ns#langString	
http://dbpedia.org/resource/Ian_Curtis_(actor)	Ian Curtis (actor)	http://xmlns.com/foaf/0.1/isPrimaryTopicOf	is primary topic of	http://en.wikipedia.org/wiki/Ian_Curtis_(actor)	uri	null
http://dbpedia.org/resource/Ian_Curtis_(actor)	Ian Curtis (actor)	http://xmlns.com/foaf/0.1/name	name	Ian Curtis	http://www.w3.org/1999/02/22-rdf-syntax-ns#langString	
http://dbpedia.org/resource/Ian_Curtis_(actor)	Ian Curtis (actor)	http://xmlns.com/foaf/0.1/surname	Surname	Curtis	http://www.w3.org/1999/02/22-rdf-syntax-ns#langString	
