sub	subl	prop	propl	obj	obj_t	obj_l
http://yago-knowledge.org/resource/Ian_Curtis_(cricketer)	Ian Curtis (cricketer)	http://www.w3.org/1999/02/22-rdf-syntax-ns#type	type	http://www.w3.org/2002/07/owl#Thing	entity	Thing
http://yago-knowledge.org/resource/Ian_Curtis_(cricketer)	Ian Curtis (cricketer)	http://www.w3.org/1999/02/22-rdf-syntax-ns#type	type	http://yago-knowledge.org/resource/wikicat_Alumni_of_the_University_of_Oxford	entity	Alumni of the University of Oxford
http://yago-knowledge.org/resource/Ian_Curtis_(cricketer)	Ian Curtis (cricketer)	http://www.w3.org/1999/02/22-rdf-syntax-ns#type	type	http://yago-knowledge.org/resource/wikicat_English_cricketers	entity	English cricketers
http://yago-knowledge.org/resource/Ian_Curtis_(cricketer)	Ian Curtis (cricketer)	http://www.w3.org/1999/02/22-rdf-syntax-ns#type	type	http://yago-knowledge.org/resource/wikicat_Living_people	entity	Living people
http://yago-knowledge.org/resource/Ian_Curtis_(cricketer)	Ian Curtis (cricketer)	http://www.w3.org/1999/02/22-rdf-syntax-ns#type	type	http://yago-knowledge.org/resource/wikicat_Oxford_University_cricketers	entity	Oxford University cricketers
http://yago-knowledge.org/resource/Ian_Curtis_(cricketer)	Ian Curtis (cricketer)	http://www.w3.org/1999/02/22-rdf-syntax-ns#type	type	http://yago-knowledge.org/resource/wikicat_Oxfordshire_cricketers	entity	Oxfordshire cricketers
http://yago-knowledge.org/resource/Ian_Curtis_(cricketer)	Ian Curtis (cricketer)	http://www.w3.org/1999/02/22-rdf-syntax-ns#type	type	http://yago-knowledge.org/resource/wikicat_People_from_Purley	entity	People from Purley
http://yago-knowledge.org/resource/Ian_Curtis_(cricketer)	Ian Curtis (cricketer)	http://www.w3.org/1999/02/22-rdf-syntax-ns#type	type	http://yago-knowledge.org/resource/wikicat_Surrey_cricketers	entity	Surrey cricketers
http://yago-knowledge.org/resource/Ian_Curtis_(cricketer)	Ian Curtis (cricketer)	http://www.w3.org/1999/02/22-rdf-syntax-ns#type	type	http://yago-knowledge.org/resource/wordnet_alumnus_109786338	entity	alumnus
http://yago-knowledge.org/resource/Ian_Curtis_(cricketer)	Ian Curtis (cricketer)	http://www.w3.org/1999/02/22-rdf-syntax-ns#type	type	http://yago-knowledge.org/resource/wordnet_athlete_109820263	entity	athlete
http://yago-knowledge.org/resource/Ian_Curtis_(cricketer)	Ian Curtis (cricketer)	http://www.w3.org/1999/02/22-rdf-syntax-ns#type	type	http://yago-knowledge.org/resource/wordnet_causal_agent_100007347	entity	causal agent
http://yago-knowledge.org/resource/Ian_Curtis_(cricketer)	Ian Curtis (cricketer)	http://www.w3.org/1999/02/22-rdf-syntax-ns#type	type	http://yago-knowledge.org/resource/wordnet_contestant_109613191	entity	contestant
http://yago-knowledge.org/resource/Ian_Curtis_(cricketer)	Ian Curtis (cricketer)	http://www.w3.org/1999/02/22-rdf-syntax-ns#type	type	http://yago-knowledge.org/resource/wordnet_cricketer_109977326	entity	cricketer
http://yago-knowledge.org/resource/Ian_Curtis_(cricketer)	Ian Curtis (cricketer)	http://www.w3.org/1999/02/22-rdf-syntax-ns#type	type	http://yago-knowledge.org/resource/wordnet_intellectual_109621545	entity	intellectual
http://yago-knowledge.org/resource/Ian_Curtis_(cricketer)	Ian Curtis (cricketer)	http://www.w3.org/1999/02/22-rdf-syntax-ns#type	type	http://yago-knowledge.org/resource/wordnet_living_thing_100004258	entity	living thing
http://yago-knowledge.org/resource/Ian_Curtis_(cricketer)	Ian Curtis (cricketer)	http://www.w3.org/1999/02/22-rdf-syntax-ns#type	type	http://yago-knowledge.org/resource/wordnet_object_100002684	entity	object
http://yago-knowledge.org/resource/Ian_Curtis_(cricketer)	Ian Curtis (cricketer)	http://www.w3.org/1999/02/22-rdf-syntax-ns#type	type	http://yago-knowledge.org/resource/wordnet_organism_100004475	entity	organism
http://yago-knowledge.org/resource/Ian_Curtis_(cricketer)	Ian Curtis (cricketer)	http://www.w3.org/1999/02/22-rdf-syntax-ns#type	type	http://yago-knowledge.org/resource/wordnet_person_100007846	entity	person
http://yago-knowledge.org/resource/Ian_Curtis_(cricketer)	Ian Curtis (cricketer)	http://www.w3.org/1999/02/22-rdf-syntax-ns#type	type	http://yago-knowledge.org/resource/wordnet_physical_entity_100001930	entity	physical entity
http://yago-knowledge.org/resource/Ian_Curtis_(cricketer)	Ian Curtis (cricketer)	http://www.w3.org/1999/02/22-rdf-syntax-ns#type	type	http://yago-knowledge.org/resource/wordnet_scholar_110557854	entity	scholar
http://yago-knowledge.org/resource/Ian_Curtis_(cricketer)	Ian Curtis (cricketer)	http://www.w3.org/1999/02/22-rdf-syntax-ns#type	type	http://yago-knowledge.org/resource/wordnet_whole_100003553	entity	whole
http://yago-knowledge.org/resource/Ian_Curtis_(cricketer)	Ian Curtis (cricketer)	http://www.w3.org/1999/02/22-rdf-syntax-ns#type	type	http://yago-knowledge.org/resource/yagoLegalActor	entity	legal actor
http://yago-knowledge.org/resource/Ian_Curtis_(cricketer)	Ian Curtis (cricketer)	http://www.w3.org/1999/02/22-rdf-syntax-ns#type	type	http://yago-knowledge.org/resource/yagoLegalActorGeo	entity	legal actor or geographic entity
http://yago-knowledge.org/resource/Ian_Curtis_(cricketer)	Ian Curtis (cricketer)	http://www.w3.org/2000/01/rdf-schema#label	label	Ian Curtis	http://www.w3.org/1999/02/22-rdf-syntax-ns#langString	
http://yago-knowledge.org/resource/Ian_Curtis_(cricketer)	Ian Curtis (cricketer)	http://www.w3.org/2000/01/rdf-schema#label	label	Ian Curtis	http://www.w3.org/2001/XMLSchema#string	
http://yago-knowledge.org/resource/Ian_Curtis_(cricketer)	Ian Curtis (cricketer)	http://www.w3.org/2000/01/rdf-schema#label	label	Ian Curtis (cricketer)	http://www.w3.org/1999/02/22-rdf-syntax-ns#langString	
http://yago-knowledge.org/resource/Ian_Curtis_(cricketer)	Ian Curtis (cricketer)	http://www.w3.org/2002/07/owl#sameAs	sameAs	http://dbpedia.org/resource/Ian_Curtis_(cricketer)	entity	Ian Curtis (cricketer)
http://yago-knowledge.org/resource/Ian_Curtis_(cricketer)	Ian Curtis (cricketer)	http://www.w3.org/2004/02/skos/core#prefLabel	preferred label	Ian Curtis (cricketer)	http://www.w3.org/1999/02/22-rdf-syntax-ns#langString	
http://yago-knowledge.org/resource/Ian_Curtis_(cricketer)	Ian Curtis (cricketer)	http://yago-knowledge.org/resource/hasCitationTitle	null	First-Class Matches played by Ian Curtis	http://www.w3.org/1999/02/22-rdf-syntax-ns#langString	
http://yago-knowledge.org/resource/Ian_Curtis_(cricketer)	Ian Curtis (cricketer)	http://yago-knowledge.org/resource/hasCitationTitle	null	First-class Bowling For Each Team by Ian Curtis	http://www.w3.org/1999/02/22-rdf-syntax-ns#langString	
http://yago-knowledge.org/resource/Ian_Curtis_(cricketer)	Ian Curtis (cricketer)	http://yago-knowledge.org/resource/hasCitationTitle	null	Glamorgan v Oxford University, 1982	http://www.w3.org/1999/02/22-rdf-syntax-ns#langString	
http://yago-knowledge.org/resource/Ian_Curtis_(cricketer)	Ian Curtis (cricketer)	http://yago-knowledge.org/resource/hasCitationTitle	null	List A Bowling For Each Team by Ian Curtis	http://www.w3.org/1999/02/22-rdf-syntax-ns#langString	
http://yago-knowledge.org/resource/Ian_Curtis_(cricketer)	Ian Curtis (cricketer)	http://yago-knowledge.org/resource/hasCitationTitle	null	List A Matches played by Ian Curtis	http://www.w3.org/1999/02/22-rdf-syntax-ns#langString	
http://yago-knowledge.org/resource/Ian_Curtis_(cricketer)	Ian Curtis (cricketer)	http://yago-knowledge.org/resource/hasCitationTitle	null	Minor Counties Championship Matches played by Ian Curtis	http://www.w3.org/1999/02/22-rdf-syntax-ns#langString	
http://yago-knowledge.org/resource/Ian_Curtis_(cricketer)	Ian Curtis (cricketer)	http://yago-knowledge.org/resource/hasCitationTitle	null	Minor Counties Trophy Matches played by Ian Curtis	http://www.w3.org/1999/02/22-rdf-syntax-ns#langString	
http://yago-knowledge.org/resource/Ian_Curtis_(cricketer)	Ian Curtis (cricketer)	http://yago-knowledge.org/resource/hasCitationTitle	null	Surrey v Oxford University, 1983	http://www.w3.org/1999/02/22-rdf-syntax-ns#langString	
http://yago-knowledge.org/resource/Ian_Curtis_(cricketer)	Ian Curtis (cricketer)	http://yago-knowledge.org/resource/hasFamilyName	Surname	Curtis	http://www.w3.org/2001/XMLSchema#string	
http://yago-knowledge.org/resource/Ian_Curtis_(cricketer)	Ian Curtis (cricketer)	http://yago-knowledge.org/resource/hasGender	sex or gender	http://yago-knowledge.org/resource/male	entity	male
http://yago-knowledge.org/resource/Ian_Curtis_(cricketer)	Ian Curtis (cricketer)	http://yago-knowledge.org/resource/hasGivenName	given name	Ian	http://www.w3.org/2001/XMLSchema#string	
http://yago-knowledge.org/resource/Ian_Curtis_(cricketer)	Ian Curtis (cricketer)	http://yago-knowledge.org/resource/hasWikipediaAnchorText	null	*	http://www.w3.org/1999/02/22-rdf-syntax-ns#langString	
http://yago-knowledge.org/resource/Ian_Curtis_(cricketer)	Ian Curtis (cricketer)	http://yago-knowledge.org/resource/hasWikipediaAnchorText	null	1980 Benson & Hedges Cup	http://www.w3.org/1999/02/22-rdf-syntax-ns#langString	
http://yago-knowledge.org/resource/Ian_Curtis_(cricketer)	Ian Curtis (cricketer)	http://yago-knowledge.org/resource/hasWikipediaAnchorText	null	1982 Benson & Hedges Cup	http://www.w3.org/1999/02/22-rdf-syntax-ns#langString	
http://yago-knowledge.org/resource/Ian_Curtis_(cricketer)	Ian Curtis (cricketer)	http://yago-knowledge.org/resource/hasWikipediaAnchorText	null	1983 County Championship	http://www.w3.org/1999/02/22-rdf-syntax-ns#langString	
http://yago-knowledge.org/resource/Ian_Curtis_(cricketer)	Ian Curtis (cricketer)	http://yago-knowledge.org/resource/hasWikipediaAnchorText	null	1983 John Player Special League	http://www.w3.org/1999/02/22-rdf-syntax-ns#langString	
http://yago-knowledge.org/resource/Ian_Curtis_(cricketer)	Ian Curtis (cricketer)	http://yago-knowledge.org/resource/hasWikipediaAnchorText	null	1984 County Championship	http://www.w3.org/1999/02/22-rdf-syntax-ns#langString	
http://yago-knowledge.org/resource/Ian_Curtis_(cricketer)	Ian Curtis (cricketer)	http://yago-knowledge.org/resource/hasWikipediaAnchorText	null	1984 season	http://www.w3.org/1999/02/22-rdf-syntax-ns#langString	
http://yago-knowledge.org/resource/Ian_Curtis_(cricketer)	Ian Curtis (cricketer)	http://yago-knowledge.org/resource/hasWikipediaAnchorText	null	1986 NatWest Trophy	http://www.w3.org/1999/02/22-rdf-syntax-ns#langString	
http://yago-knowledge.org/resource/Ian_Curtis_(cricketer)	Ian Curtis (cricketer)	http://yago-knowledge.org/resource/hasWikipediaAnchorText	null	2000 NatWest Trophy	http://www.w3.org/1999/02/22-rdf-syntax-ns#langString	
http://yago-knowledge.org/resource/Ian_Curtis_(cricketer)	Ian Curtis (cricketer)	http://yago-knowledge.org/resource/hasWikipediaAnchorText	null	Cambridge University	http://www.w3.org/1999/02/22-rdf-syntax-ns#langString	
http://yago-knowledge.org/resource/Ian_Curtis_(cricketer)	Ian Curtis (cricketer)	http://yago-knowledge.org/resource/hasWikipediaAnchorText	null	Combined Universities	http://www.w3.org/1999/02/22-rdf-syntax-ns#langString	
http://yago-knowledge.org/resource/Ian_Curtis_(cricketer)	Ian Curtis (cricketer)	http://yago-knowledge.org/resource/hasWikipediaAnchorText	null	CricketArchive	http://www.w3.org/1999/02/22-rdf-syntax-ns#langString	
http://yago-knowledge.org/resource/Ian_Curtis_(cricketer)	Ian Curtis (cricketer)	http://yago-knowledge.org/resource/hasWikipediaAnchorText	null	ESPNcricinfo	http://www.w3.org/1999/02/22-rdf-syntax-ns#langString	
http://yago-knowledge.org/resource/Ian_Curtis_(cricketer)	Ian Curtis (cricketer)	http://yago-knowledge.org/resource/hasWikipediaAnchorText	null	First-class	http://www.w3.org/1999/02/22-rdf-syntax-ns#langString	
http://yago-knowledge.org/resource/Ian_Curtis_(cricketer)	Ian Curtis (cricketer)	http://yago-knowledge.org/resource/hasWikipediaAnchorText	null	Glamorgan	http://www.w3.org/1999/02/22-rdf-syntax-ns#langString	
http://yago-knowledge.org/resource/Ian_Curtis_(cricketer)	Ian Curtis (cricketer)	http://yago-knowledge.org/resource/hasWikipediaAnchorText	null	Ian Curtis	http://www.w3.org/1999/02/22-rdf-syntax-ns#langString	
http://yago-knowledge.org/resource/Ian_Curtis_(cricketer)	Ian Curtis (cricketer)	http://yago-knowledge.org/resource/hasWikipediaAnchorText	null	Lancashire	http://www.w3.org/1999/02/22-rdf-syntax-ns#langString	
http://yago-knowledge.org/resource/Ian_Curtis_(cricketer)	Ian Curtis (cricketer)	http://yago-knowledge.org/resource/hasWikipediaAnchorText	null	Leicestershire	http://www.w3.org/1999/02/22-rdf-syntax-ns#langString	
http://yago-knowledge.org/resource/Ian_Curtis_(cricketer)	Ian Curtis (cricketer)	http://yago-knowledge.org/resource/hasWikipediaAnchorText	null	List A	http://www.w3.org/1999/02/22-rdf-syntax-ns#langString	
http://yago-knowledge.org/resource/Ian_Curtis_(cricketer)	Ian Curtis (cricketer)	http://yago-knowledge.org/resource/hasWikipediaAnchorText	null	Minor Counties Championship	http://www.w3.org/1999/02/22-rdf-syntax-ns#langString	
http://yago-knowledge.org/resource/Ian_Curtis_(cricketer)	Ian Curtis (cricketer)	http://yago-knowledge.org/resource/hasWikipediaAnchorText	null	Minor counties	http://www.w3.org/1999/02/22-rdf-syntax-ns#langString	
http://yago-knowledge.org/resource/Ian_Curtis_(cricketer)	Ian Curtis (cricketer)	http://yago-knowledge.org/resource/hasWikipediaAnchorText	null	New Zealanders	http://www.w3.org/1999/02/22-rdf-syntax-ns#langString	
http://yago-knowledge.org/resource/Ian_Curtis_(cricketer)	Ian Curtis (cricketer)	http://yago-knowledge.org/resource/hasWikipediaAnchorText	null	Northamptonshire	http://www.w3.org/1999/02/22-rdf-syntax-ns#langString	
http://yago-knowledge.org/resource/Ian_Curtis_(cricketer)	Ian Curtis (cricketer)	http://yago-knowledge.org/resource/hasWikipediaAnchorText	null	Oxford University	http://www.w3.org/1999/02/22-rdf-syntax-ns#langString	
http://yago-knowledge.org/resource/Ian_Curtis_(cricketer)	Ian Curtis (cricketer)	http://yago-knowledge.org/resource/hasWikipediaAnchorText	null	Oxfordshire	http://www.w3.org/1999/02/22-rdf-syntax-ns#langString	
http://yago-knowledge.org/resource/Ian_Curtis_(cricketer)	Ian Curtis (cricketer)	http://yago-knowledge.org/resource/hasWikipediaAnchorText	null	Purley	http://www.w3.org/1999/02/22-rdf-syntax-ns#langString	
http://yago-knowledge.org/resource/Ian_Curtis_(cricketer)	Ian Curtis (cricketer)	http://yago-knowledge.org/resource/hasWikipediaAnchorText	null	Purley, Surrey	http://www.w3.org/1999/02/22-rdf-syntax-ns#langString	
http://yago-knowledge.org/resource/Ian_Curtis_(cricketer)	Ian Curtis (cricketer)	http://yago-knowledge.org/resource/hasWikipediaAnchorText	null	Slow left-arm orthodox	http://www.w3.org/1999/02/22-rdf-syntax-ns#langString	
http://yago-knowledge.org/resource/Ian_Curtis_(cricketer)	Ian Curtis (cricketer)	http://yago-knowledge.org/resource/hasWikipediaAnchorText	null	Somerset	http://www.w3.org/1999/02/22-rdf-syntax-ns#langString	
http://yago-knowledge.org/resource/Ian_Curtis_(cricketer)	Ian Curtis (cricketer)	http://yago-knowledge.org/resource/hasWikipediaAnchorText	null	Surrey	http://www.w3.org/1999/02/22-rdf-syntax-ns#langString	
http://yago-knowledge.org/resource/Ian_Curtis_(cricketer)	Ian Curtis (cricketer)	http://yago-knowledge.org/resource/hasWikipediaAnchorText	null	Sussex	http://www.w3.org/1999/02/22-rdf-syntax-ns#langString	
http://yago-knowledge.org/resource/Ian_Curtis_(cricketer)	Ian Curtis (cricketer)	http://yago-knowledge.org/resource/hasWikipediaAnchorText	null	The Oval	http://www.w3.org/1999/02/22-rdf-syntax-ns#langString	
http://yago-knowledge.org/resource/Ian_Curtis_(cricketer)	Ian Curtis (cricketer)	http://yago-knowledge.org/resource/hasWikipediaAnchorText	null	Wiltshire	http://www.w3.org/1999/02/22-rdf-syntax-ns#langString	
http://yago-knowledge.org/resource/Ian_Curtis_(cricketer)	Ian Curtis (cricketer)	http://yago-knowledge.org/resource/hasWikipediaAnchorText	null	Worcestershire	http://www.w3.org/1999/02/22-rdf-syntax-ns#langString	
http://yago-knowledge.org/resource/Ian_Curtis_(cricketer)	Ian Curtis (cricketer)	http://yago-knowledge.org/resource/hasWikipediaAnchorText	null	average	http://www.w3.org/1999/02/22-rdf-syntax-ns#langString	
http://yago-knowledge.org/resource/Ian_Curtis_(cricketer)	Ian Curtis (cricketer)	http://yago-knowledge.org/resource/hasWikipediaAnchorText	null	batsman	http://www.w3.org/1999/02/22-rdf-syntax-ns#langString	
http://yago-knowledge.org/resource/Ian_Curtis_(cricketer)	Ian Curtis (cricketer)	http://yago-knowledge.org/resource/hasWikipediaAnchorText	null	bowler	http://www.w3.org/1999/02/22-rdf-syntax-ns#langString	
http://yago-knowledge.org/resource/Ian_Curtis_(cricketer)	Ian Curtis (cricketer)	http://yago-knowledge.org/resource/hasWikipediaAnchorText	null	cricket	http://www.w3.org/1999/02/22-rdf-syntax-ns#langString	
http://yago-knowledge.org/resource/Ian_Curtis_(cricketer)	Ian Curtis (cricketer)	http://yago-knowledge.org/resource/hasWikipediaAnchorText	null	first-class	http://www.w3.org/1999/02/22-rdf-syntax-ns#langString	
http://yago-knowledge.org/resource/Ian_Curtis_(cricketer)	Ian Curtis (cricketer)	http://yago-knowledge.org/resource/hasWikipediaAnchorText	null	five wicket haul	http://www.w3.org/1999/02/22-rdf-syntax-ns#langString	
http://yago-knowledge.org/resource/Ian_Curtis_(cricketer)	Ian Curtis (cricketer)	http://yago-knowledge.org/resource/hasWikipediaAnchorText	null	slow left-arm orthodox	http://www.w3.org/1999/02/22-rdf-syntax-ns#langString	
http://yago-knowledge.org/resource/Ian_Curtis_(cricketer)	Ian Curtis (cricketer)	http://yago-knowledge.org/resource/wasBornOnDate	date of birth	1959-01-01	http://www.w3.org/2001/XMLSchema#date	
