sub	subl	prop	propl	obj	obj_t	obj_l
http://www.wikidata.org/entity/Q948360	Crystal	http://schema.org/description	description	city in Hennepin County, Minnesota	http://www.w3.org/1999/02/22-rdf-syntax-ns#langString	
http://www.wikidata.org/entity/Q948360	Crystal	http://www.w3.org/1999/02/22-rdf-syntax-ns#type	type	http://www.wikidata.org/entity/Q515	entity	city
http://www.wikidata.org/entity/Q948360	Crystal	http://www.w3.org/1999/02/22-rdf-syntax-ns#type	type	http://www.wikidata.org/ontology#Item	entity	Item
http://www.wikidata.org/entity/Q948360	Crystal	http://www.w3.org/2000/01/rdf-schema#label	label	Crystal	http://www.w3.org/1999/02/22-rdf-syntax-ns#langString	
http://www.wikidata.org/entity/Q948360	Crystal	http://www.w3.org/2003/01/geo/wgs84_pos#lat	latitude	45.0328	http://www.w3.org/2001/XMLSchema#float	
http://www.wikidata.org/entity/Q948360	Crystal	http://www.w3.org/2003/01/geo/wgs84_pos#long	longitude	-93.3603	http://www.w3.org/2001/XMLSchema#float	
http://www.wikidata.org/entity/Q948360	Crystal	http://www.w3.org/2004/02/skos/core#altLabel	alternative label	Crystal, Minnesota	http://www.w3.org/1999/02/22-rdf-syntax-ns#langString	
http://www.wikidata.org/entity/Q948360	Crystal	http://www.wikidata.org/entity/P131c	located in the administrative territorial entity	http://www.wikidata.org/entity/Q486229	entity	Hennepin County
http://www.wikidata.org/entity/Q948360	Crystal	http://www.wikidata.org/entity/P1566c	GeoNames ID	5023571	http://www.w3.org/2001/XMLSchema#string	
http://www.wikidata.org/entity/Q948360	Crystal	http://www.wikidata.org/entity/P17c	country	http://www.wikidata.org/entity/Q30	entity	United States of America
http://www.wikidata.org/entity/Q948360	Crystal	http://www.wikidata.org/entity/P2044c	elevation above sea level	272	http://www.w3.org/2001/XMLSchema#decimal	
http://www.wikidata.org/entity/Q948360	Crystal	http://www.wikidata.org/entity/P2046c	area	15230000	http://www.w3.org/2001/XMLSchema#decimal	
http://www.wikidata.org/entity/Q948360	Crystal	http://www.wikidata.org/entity/P31c	instance of	http://www.wikidata.org/entity/Q515	entity	city
http://www.wikidata.org/entity/Q948360	Crystal	http://www.wikidata.org/entity/P47c	shares border with	http://www.wikidata.org/entity/Q2045704	entity	Robbinsdale
http://www.wikidata.org/entity/Q948360	Crystal	http://www.wikidata.org/entity/P47c	shares border with	http://www.wikidata.org/entity/Q864128	entity	Brooklyn Park
http://www.wikidata.org/entity/Q948360	Crystal	http://www.wikidata.org/entity/P47c	shares border with	http://www.wikidata.org/entity/Q868848	entity	Golden Valley
http://www.wikidata.org/entity/Q948360	Crystal	http://www.wikidata.org/entity/P47c	shares border with	http://www.wikidata.org/entity/Q929519	entity	Brooklyn Center
http://www.wikidata.org/entity/Q948360	Crystal	http://www.wikidata.org/entity/P47c	shares border with	http://www.wikidata.org/entity/Q987154	entity	New Hope
http://www.wikidata.org/entity/Q948360	Crystal	http://www.wikidata.org/entity/P590c	GNIS ID	642518	http://www.w3.org/2001/XMLSchema#string	
http://www.wikidata.org/entity/Q948360	Crystal	http://www.wikidata.org/entity/P646-freebase	Freebase ID	http://rdf.freebase.com/ns/m.0w0wz	entity	Crystal
http://www.wikidata.org/entity/Q948360	Crystal	http://www.wikidata.org/entity/P646c	Freebase ID	/m/0w0wz	http://www.w3.org/2001/XMLSchema#string	
http://www.wikidata.org/entity/Q948360	Crystal	http://www.wikidata.org/entity/P774c	FIPS 55-3 (locations in the US)	27-14158	http://www.w3.org/2001/XMLSchema#string	
http://www.wikidata.org/entity/Q948360	Crystal	http://www.wikidata.org/entity/P856c	official website	http://www.ci.crystal.mn.us/	uri	null
http://www.wikidata.org/entity/Q948360	Crystal	http://www.wikidata.org/entity/P910c	topic's main category	http://www.wikidata.org/entity/Q7307662	entity	Category:Crystal, Minnesota
