sub	subl	prop	propl	obj	obj_t	obj_l
http://dbpedia.org/resource/Crystal,_North_Dakota	Crystal, North Dakota	http://dbpedia.org/ontology/PopulatedPlace/areaTotal	area total (km2)	1.68	http://dbpedia.org/datatype/squareKilometre	
http://dbpedia.org/resource/Crystal,_North_Dakota	Crystal, North Dakota	http://dbpedia.org/ontology/PopulatedPlace/areaTotal	area total (km2)	1.6834922717184	http://dbpedia.org/datatype/squareKilometre	
http://dbpedia.org/resource/Crystal,_North_Dakota	Crystal, North Dakota	http://dbpedia.org/ontology/PopulatedPlace/populationDensity	population density (/sqkm)	81.96948825856127	http://dbpedia.org/datatype/inhabitantsPerSquareKilometre	
http://dbpedia.org/resource/Crystal,_North_Dakota	Crystal, North Dakota	http://dbpedia.org/ontology/PopulatedPlace/populationDensity	population density (/sqkm)	82.0	http://dbpedia.org/datatype/inhabitantsPerSquareKilometre	
http://dbpedia.org/resource/Crystal,_North_Dakota	Crystal, North Dakota	http://dbpedia.org/ontology/abstract	has abstract	Crystal is a city in Pembina County, North Dakota, United States. The population was 138 at the 2010 census. Crystal was founded in 1879.	http://www.w3.org/1999/02/22-rdf-syntax-ns#langString	
http://dbpedia.org/resource/Crystal,_North_Dakota	Crystal, North Dakota	http://dbpedia.org/ontology/areaCode	area code	701	http://www.w3.org/2001/XMLSchema#string	
http://dbpedia.org/resource/Crystal,_North_Dakota	Crystal, North Dakota	http://dbpedia.org/ontology/areaLand	area land (m2)	1.68349e+06	http://www.w3.org/2001/XMLSchema#double	
http://dbpedia.org/resource/Crystal,_North_Dakota	Crystal, North Dakota	http://dbpedia.org/ontology/areaLand	area land (m2)	1.68e+06	http://www.w3.org/2001/XMLSchema#double	
http://dbpedia.org/resource/Crystal,_North_Dakota	Crystal, North Dakota	http://dbpedia.org/ontology/areaTotal	area total (m2)	1.68349e+06	http://www.w3.org/2001/XMLSchema#double	
http://dbpedia.org/resource/Crystal,_North_Dakota	Crystal, North Dakota	http://dbpedia.org/ontology/areaTotal	area total (m2)	1.68e+06	http://www.w3.org/2001/XMLSchema#double	
http://dbpedia.org/resource/Crystal,_North_Dakota	Crystal, North Dakota	http://dbpedia.org/ontology/areaWater	area water (m2)	0.0	http://www.w3.org/2001/XMLSchema#double	
http://dbpedia.org/resource/Crystal,_North_Dakota	Crystal, North Dakota	http://dbpedia.org/ontology/country	country	http://dbpedia.org/resource/United_States	entity	United States
http://dbpedia.org/resource/Crystal,_North_Dakota	Crystal, North Dakota	http://dbpedia.org/ontology/elevation	elevation (μ)	277.0	http://www.w3.org/2001/XMLSchema#double	
http://dbpedia.org/resource/Crystal,_North_Dakota	Crystal, North Dakota	http://dbpedia.org/ontology/elevation	elevation (μ)	277.063	http://www.w3.org/2001/XMLSchema#double	
http://dbpedia.org/resource/Crystal,_North_Dakota	Crystal, North Dakota	http://dbpedia.org/ontology/isPartOf	is part of	http://dbpedia.org/resource/North_Dakota	entity	North Dakota
http://dbpedia.org/resource/Crystal,_North_Dakota	Crystal, North Dakota	http://dbpedia.org/ontology/isPartOf	is part of	http://dbpedia.org/resource/Pembina_County,_North_Dakota	entity	Pembina County, North Dakota
http://dbpedia.org/resource/Crystal,_North_Dakota	Crystal, North Dakota	http://dbpedia.org/ontology/populationDensity	population density (/sqkm)	81.9695	http://www.w3.org/2001/XMLSchema#double	
http://dbpedia.org/resource/Crystal,_North_Dakota	Crystal, North Dakota	http://dbpedia.org/ontology/populationDensity	population density (/sqkm)	82.0	http://www.w3.org/2001/XMLSchema#double	
http://dbpedia.org/resource/Crystal,_North_Dakota	Crystal, North Dakota	http://dbpedia.org/ontology/populationTotal	population total	138	http://www.w3.org/2001/XMLSchema#nonNegativeInteger	
http://dbpedia.org/resource/Crystal,_North_Dakota	Crystal, North Dakota	http://dbpedia.org/ontology/postalCode	postal code	58222	http://www.w3.org/2001/XMLSchema#string	
http://dbpedia.org/resource/Crystal,_North_Dakota	Crystal, North Dakota	http://dbpedia.org/ontology/thumbnail	thumbnail	http://commons.wikimedia.org/wiki/Special:FilePath/Crystal,_North_Dakota.jpg?width=300	uri	null
http://dbpedia.org/resource/Crystal,_North_Dakota	Crystal, North Dakota	http://dbpedia.org/ontology/timeZone	time zone	http://dbpedia.org/resource/North_American_Central_Time_Zone	entity	North American Central Time Zone
http://dbpedia.org/resource/Crystal,_North_Dakota	Crystal, North Dakota	http://dbpedia.org/ontology/type	type	http://dbpedia.org/resource/City	entity	City
http://dbpedia.org/resource/Crystal,_North_Dakota	Crystal, North Dakota	http://dbpedia.org/ontology/utcOffset	UTC offset	-5	http://www.w3.org/2001/XMLSchema#string	
http://dbpedia.org/resource/Crystal,_North_Dakota	Crystal, North Dakota	http://dbpedia.org/ontology/utcOffset	UTC offset	-6	http://www.w3.org/2001/XMLSchema#string	
http://dbpedia.org/resource/Crystal,_North_Dakota	Crystal, North Dakota	http://dbpedia.org/ontology/wikiPageExternalLink	Link from a Wikipage to an external page	http://cdm16921.contentdm.oclc.org/cdm/ref/collection/p16921coll1/id/466	uri	null
http://dbpedia.org/resource/Crystal,_North_Dakota	Crystal, North Dakota	http://dbpedia.org/ontology/wikiPageExternalLink	Link from a Wikipage to an external page	http://digitalhorizonsonline.org/	uri	null
http://dbpedia.org/resource/Crystal,_North_Dakota	Crystal, North Dakota	http://dbpedia.org/ontology/wikiPageID	Wikipage page ID	128662	http://www.w3.org/2001/XMLSchema#integer	
http://dbpedia.org/resource/Crystal,_North_Dakota	Crystal, North Dakota	http://dbpedia.org/ontology/wikiPageLength	page length (characters) of wiki page	9935	http://www.w3.org/2001/XMLSchema#nonNegativeInteger	
http://dbpedia.org/resource/Crystal,_North_Dakota	Crystal, North Dakota	http://dbpedia.org/ontology/wikiPageOutDegree	Wiki page out degree	41	http://www.w3.org/2001/XMLSchema#nonNegativeInteger	
http://dbpedia.org/resource/Crystal,_North_Dakota	Crystal, North Dakota	http://dbpedia.org/ontology/wikiPageRevisionID	Wikipage revision ID	729700507	http://www.w3.org/2001/XMLSchema#integer	
http://dbpedia.org/resource/Crystal,_North_Dakota	Crystal, North Dakota	http://purl.org/dc/terms/subject	Subject	http://dbpedia.org/resource/Category:Cities_in_North_Dakota	entity	Cities in North Dakota
http://dbpedia.org/resource/Crystal,_North_Dakota	Crystal, North Dakota	http://purl.org/dc/terms/subject	Subject	http://dbpedia.org/resource/Category:Cities_in_Pembina_County,_North_Dakota	entity	Cities in Pembina County, North Dakota
http://dbpedia.org/resource/Crystal,_North_Dakota	Crystal, North Dakota	http://purl.org/dc/terms/subject	Subject	http://dbpedia.org/resource/Category:Populated_places_established_in_1882	entity	Populated places established in 1882
http://dbpedia.org/resource/Crystal,_North_Dakota	Crystal, North Dakota	http://www.georss.org/georss/point	null	48.596666666666664 -97.67055555555555	http://www.w3.org/2001/XMLSchema#string	
http://dbpedia.org/resource/Crystal,_North_Dakota	Crystal, North Dakota	http://www.w3.org/1999/02/22-rdf-syntax-ns#type	type	http://dbpedia.org/ontology/City	entity	city
http://dbpedia.org/resource/Crystal,_North_Dakota	Crystal, North Dakota	http://www.w3.org/1999/02/22-rdf-syntax-ns#type	type	http://dbpedia.org/ontology/Location	uri	null
http://dbpedia.org/resource/Crystal,_North_Dakota	Crystal, North Dakota	http://www.w3.org/1999/02/22-rdf-syntax-ns#type	type	http://dbpedia.org/ontology/Place	entity	place
http://dbpedia.org/resource/Crystal,_North_Dakota	Crystal, North Dakota	http://www.w3.org/1999/02/22-rdf-syntax-ns#type	type	http://dbpedia.org/ontology/PopulatedPlace	entity	populated place
http://dbpedia.org/resource/Crystal,_North_Dakota	Crystal, North Dakota	http://www.w3.org/1999/02/22-rdf-syntax-ns#type	type	http://dbpedia.org/ontology/Settlement	entity	municipality
http://dbpedia.org/resource/Crystal,_North_Dakota	Crystal, North Dakota	http://www.w3.org/1999/02/22-rdf-syntax-ns#type	type	http://schema.org/City	entity	City
http://dbpedia.org/resource/Crystal,_North_Dakota	Crystal, North Dakota	http://www.w3.org/1999/02/22-rdf-syntax-ns#type	type	http://schema.org/Place	entity	Place
http://dbpedia.org/resource/Crystal,_North_Dakota	Crystal, North Dakota	http://www.w3.org/1999/02/22-rdf-syntax-ns#type	type	http://www.w3.org/2002/07/owl#Thing	entity	Thing
http://dbpedia.org/resource/Crystal,_North_Dakota	Crystal, North Dakota	http://www.w3.org/1999/02/22-rdf-syntax-ns#type	type	http://www.w3.org/2003/01/geo/wgs84_pos#SpatialThing	entity	Spatial Thing
http://dbpedia.org/resource/Crystal,_North_Dakota	Crystal, North Dakota	http://www.w3.org/1999/02/22-rdf-syntax-ns#type	type	http://www.wikidata.org/entity/Q486972	entity	human settlement
http://dbpedia.org/resource/Crystal,_North_Dakota	Crystal, North Dakota	http://www.w3.org/1999/02/22-rdf-syntax-ns#type	type	http://www.wikidata.org/entity/Q515	entity	city
http://dbpedia.org/resource/Crystal,_North_Dakota	Crystal, North Dakota	http://www.w3.org/2000/01/rdf-schema#comment	comment	Crystal is a city in Pembina County, North Dakota, United States. The population was 138 at the 2010 census. Crystal was founded in 1879.	http://www.w3.org/1999/02/22-rdf-syntax-ns#langString	
http://dbpedia.org/resource/Crystal,_North_Dakota	Crystal, North Dakota	http://www.w3.org/2000/01/rdf-schema#label	label	Crystal, North Dakota	http://www.w3.org/1999/02/22-rdf-syntax-ns#langString	
http://dbpedia.org/resource/Crystal,_North_Dakota	Crystal, North Dakota	http://www.w3.org/2002/07/owl#sameAs	sameAs	http://dbpedia.org/resource/Crystal,_North_Dakota	entity	Crystal, North Dakota
http://dbpedia.org/resource/Crystal,_North_Dakota	Crystal, North Dakota	http://www.w3.org/2002/07/owl#sameAs	sameAs	http://rdf.freebase.com/ns/m.0yq5z	entity	Crystal
http://dbpedia.org/resource/Crystal,_North_Dakota	Crystal, North Dakota	http://www.w3.org/2002/07/owl#sameAs	sameAs	http://sws.geonames.org/5058787/	entity	Crystal
http://dbpedia.org/resource/Crystal,_North_Dakota	Crystal, North Dakota	http://www.w3.org/2002/07/owl#sameAs	sameAs	http://www.wikidata.org/entity/Q2310201	entity	Crystal
http://dbpedia.org/resource/Crystal,_North_Dakota	Crystal, North Dakota	http://www.w3.org/2003/01/geo/wgs84_pos#lat	latitude	48.5967	http://www.w3.org/2001/XMLSchema#float	
http://dbpedia.org/resource/Crystal,_North_Dakota	Crystal, North Dakota	http://www.w3.org/2003/01/geo/wgs84_pos#long	longtitude	-97.6706	http://www.w3.org/2001/XMLSchema#float	
http://dbpedia.org/resource/Crystal,_North_Dakota	Crystal, North Dakota	http://www.w3.org/ns/prov#wasDerivedFrom	wasDerivedFrom	http://en.wikipedia.org/wiki/Crystal,_North_Dakota?oldid=729700507	uri	null
http://dbpedia.org/resource/Crystal,_North_Dakota	Crystal, North Dakota	http://xmlns.com/foaf/0.1/depiction	depiction	http://commons.wikimedia.org/wiki/Special:FilePath/Crystal,_North_Dakota.jpg	uri	null
http://dbpedia.org/resource/Crystal,_North_Dakota	Crystal, North Dakota	http://xmlns.com/foaf/0.1/isPrimaryTopicOf	is primary topic of	http://en.wikipedia.org/wiki/Crystal,_North_Dakota	uri	null
http://dbpedia.org/resource/Crystal,_North_Dakota	Crystal, North Dakota	http://xmlns.com/foaf/0.1/name	name	Crystal, North Dakota	http://www.w3.org/1999/02/22-rdf-syntax-ns#langString	
