sub	subl	prop	propl	obj	obj_t	obj_l
http://rdf.freebase.com/ns/m.0yq5z	Crystal	http://rdf.freebase.com/key/authority.gnis	gnis	1028559	http://www.w3.org/2001/XMLSchema#string	
http://rdf.freebase.com/ns/m.0yq5z	Crystal	http://rdf.freebase.com/key/authority.hud.countyplace	countyplace	3806717060	http://www.w3.org/2001/XMLSchema#string	
http://rdf.freebase.com/ns/m.0yq5z	Crystal	http://rdf.freebase.com/key/authority.nist.fips.55	55	3817060	http://www.w3.org/2001/XMLSchema#string	
http://rdf.freebase.com/ns/m.0yq5z	Crystal	http://rdf.freebase.com/key/base.dspl.us_census.population.place	place	3817060	http://www.w3.org/2001/XMLSchema#string	
http://rdf.freebase.com/ns/m.0yq5z	Crystal	http://rdf.freebase.com/key/en	com/key/en	crystal_north_dakota	http://www.w3.org/2001/XMLSchema#string	
http://rdf.freebase.com/ns/m.0yq5z	Crystal	http://rdf.freebase.com/key/wikipedia.en	en	Crystal,_ND	http://www.w3.org/2001/XMLSchema#string	
http://rdf.freebase.com/ns/m.0yq5z	Crystal	http://rdf.freebase.com/key/wikipedia.en	en	Crystal,_North_Dakota	http://www.w3.org/2001/XMLSchema#string	
http://rdf.freebase.com/ns/m.0yq5z	Crystal	http://rdf.freebase.com/key/wikipedia.en_id	en_id	128662	http://www.w3.org/2001/XMLSchema#string	
http://rdf.freebase.com/ns/m.0yq5z	Crystal	http://rdf.freebase.com/key/wikipedia.en_title	en_title	Crystal,_North_Dakota	http://www.w3.org/2001/XMLSchema#string	
http://rdf.freebase.com/ns/m.0yq5z	Crystal	http://rdf.freebase.com/ns/base.wikipedia_infobox.settlement.area_code	Area code	http://rdf.freebase.com/ns/m.04z3kc	entity	Area code 701
http://rdf.freebase.com/ns/m.0yq5z	Crystal	http://rdf.freebase.com/ns/common.topic.alias	Also known as	Crystal, North Dakota	http://www.w3.org/1999/02/22-rdf-syntax-ns#langString	
http://rdf.freebase.com/ns/m.0yq5z	Crystal	http://rdf.freebase.com/ns/common.topic.alias	Also known as	Pembina County / Crystal city	http://www.w3.org/1999/02/22-rdf-syntax-ns#langString	
http://rdf.freebase.com/ns/m.0yq5z	Crystal	http://rdf.freebase.com/ns/common.topic.article	Article	Crystal is a city in Pembina County, North Dakota in the United States. The population was 138 at the 2010 census. Crystal was founded in 1879. Crystal is located at 48°35′48″N 97°40′14″W﻿ / ﻿48.59667°N 97.67056°W﻿ / 48.59667; -97.67056 (48.596754, -97.670581). According to the United States Census Bureau, the city has a total area of 0.6 square miles (1.6 km), all of it land. As of the census of 2000, there were 167 people, 76 households, and 45 families residing in the city. The population density was 256.0 people per square mile (99.2/km²). There were 92 housing units at an average density of 141.0 per square mile (54.6/km²). The racial makeup of the city was 93.41% White, 6.59% from other races. Hispanic or Latino of any race were 6.59% of the population. There were 76 households out of which 25.0% had children under the age of 18 living with them, 50.0% were married couples living together, 7.9% had a female householder with no husband present, and 39.5% were non-families. 36.8% of all households were made up of individuals and 13.2% had someone living alone who was 65 years of age or older. The average household size was 2.20 and the average family size was 2.91. In the city	http://www.w3.org/1999/02/22-rdf-syntax-ns#langString	
http://rdf.freebase.com/ns/m.0yq5z	Crystal	http://rdf.freebase.com/ns/common.topic.description	Description	Crystal is a city in Pembina County, North Dakota, United States. The population was 138 at the 2010 census. Crystal was founded in 1879.	http://www.w3.org/1999/02/22-rdf-syntax-ns#langString	
http://rdf.freebase.com/ns/m.0yq5z	Crystal	http://rdf.freebase.com/ns/common.topic.image	Image	http://rdf.freebase.com/ns/m.0299lbd	entity	Location of Crystal, North Dakota
http://rdf.freebase.com/ns/m.0yq5z	Crystal	http://rdf.freebase.com/ns/common.topic.image	Image	http://rdf.freebase.com/ns/m.0420nvh	entity	American Legion post in Crystal, North Dakota
http://rdf.freebase.com/ns/m.0yq5z	Crystal	http://rdf.freebase.com/ns/common.topic.notable_for	Notable for	City/Town/Village	http://www.w3.org/1999/02/22-rdf-syntax-ns#langString	
http://rdf.freebase.com/ns/m.0yq5z	Crystal	http://rdf.freebase.com/ns/common.topic.notable_types	Notable types	http://rdf.freebase.com/ns/m.01m9	entity	City/Town/Village
http://rdf.freebase.com/ns/m.0yq5z	Crystal	http://rdf.freebase.com/ns/common.topic.topic_equivalent_webpage	Topic equivalent webpage	http://ar.wikipedia.org/wiki/%43%31%4A%33%2A%27%44_(%2F%27%43%48%2A%27_%27%44%34%45%27%44%4A%29)	uri	null
http://rdf.freebase.com/ns/m.0yq5z	Crystal	http://rdf.freebase.com/ns/common.topic.topic_equivalent_webpage	Topic equivalent webpage	http://ar.wikipedia.org/wiki/index.html?curid=1963760	uri	null
http://rdf.freebase.com/ns/m.0yq5z	Crystal	http://rdf.freebase.com/ns/common.topic.topic_equivalent_webpage	Topic equivalent webpage	http://ca.wikipedia.org/wiki/Crystal_(Dakota_del_Nord)	uri	null
http://rdf.freebase.com/ns/m.0yq5z	Crystal	http://rdf.freebase.com/ns/common.topic.topic_equivalent_webpage	Topic equivalent webpage	http://ca.wikipedia.org/wiki/index.html?curid=698903	uri	null
http://rdf.freebase.com/ns/m.0yq5z	Crystal	http://rdf.freebase.com/ns/common.topic.topic_equivalent_webpage	Topic equivalent webpage	http://en.wikipedia.org/wiki/Crystal,_North_Dakota	uri	null
http://rdf.freebase.com/ns/m.0yq5z	Crystal	http://rdf.freebase.com/ns/common.topic.topic_equivalent_webpage	Topic equivalent webpage	http://en.wikipedia.org/wiki/index.html?curid=128662	uri	null
http://rdf.freebase.com/ns/m.0yq5z	Crystal	http://rdf.freebase.com/ns/common.topic.topic_equivalent_webpage	Topic equivalent webpage	http://es.wikipedia.org/wiki/Crystal_(Dakota_del_Norte)	uri	null
http://rdf.freebase.com/ns/m.0yq5z	Crystal	http://rdf.freebase.com/ns/common.topic.topic_equivalent_webpage	Topic equivalent webpage	http://es.wikipedia.org/wiki/index.html?curid=4722001	uri	null
http://rdf.freebase.com/ns/m.0yq5z	Crystal	http://rdf.freebase.com/ns/common.topic.topic_equivalent_webpage	Topic equivalent webpage	http://fa.wikipedia.org/wiki/%A9%31%CC%33%2A%27%44%0C_%2F%27%A9%48%2A%27%CC_%34%45%27%44%CC	uri	null
http://rdf.freebase.com/ns/m.0yq5z	Crystal	http://rdf.freebase.com/ns/common.topic.topic_equivalent_webpage	Topic equivalent webpage	http://fa.wikipedia.org/wiki/index.html?curid=1650452	uri	null
http://rdf.freebase.com/ns/m.0yq5z	Crystal	http://rdf.freebase.com/ns/common.topic.topic_equivalent_webpage	Topic equivalent webpage	http://fr.wikipedia.org/wiki/Crystal_(Dakota_du_Nord)	uri	null
http://rdf.freebase.com/ns/m.0yq5z	Crystal	http://rdf.freebase.com/ns/common.topic.topic_equivalent_webpage	Topic equivalent webpage	http://fr.wikipedia.org/wiki/index.html?curid=3614519	uri	null
http://rdf.freebase.com/ns/m.0yq5z	Crystal	http://rdf.freebase.com/ns/common.topic.topic_equivalent_webpage	Topic equivalent webpage	http://geonames.usgs.gov/pls/gnispublic/f?p=gnispq:3:::NO::P3_FID:1028559	uri	null
http://rdf.freebase.com/ns/m.0yq5z	Crystal	http://rdf.freebase.com/ns/common.topic.topic_equivalent_webpage	Topic equivalent webpage	http://it.wikipedia.org/wiki/Crystal_(Dakota_del_Nord)	uri	null
http://rdf.freebase.com/ns/m.0yq5z	Crystal	http://rdf.freebase.com/ns/common.topic.topic_equivalent_webpage	Topic equivalent webpage	http://it.wikipedia.org/wiki/index.html?curid=2644244	uri	null
http://rdf.freebase.com/ns/m.0yq5z	Crystal	http://rdf.freebase.com/ns/common.topic.topic_equivalent_webpage	Topic equivalent webpage	http://nl.wikipedia.org/wiki/Crystal_(North_Dakota)	uri	null
http://rdf.freebase.com/ns/m.0yq5z	Crystal	http://rdf.freebase.com/ns/common.topic.topic_equivalent_webpage	Topic equivalent webpage	http://nl.wikipedia.org/wiki/index.html?curid=1033736	uri	null
http://rdf.freebase.com/ns/m.0yq5z	Crystal	http://rdf.freebase.com/ns/common.topic.topic_equivalent_webpage	Topic equivalent webpage	http://pl.wikipedia.org/wiki/Crystal_(Dakota_P%F3%42nocna)	uri	null
http://rdf.freebase.com/ns/m.0yq5z	Crystal	http://rdf.freebase.com/ns/common.topic.topic_equivalent_webpage	Topic equivalent webpage	http://pl.wikipedia.org/wiki/index.html?curid=3343766	uri	null
http://rdf.freebase.com/ns/m.0yq5z	Crystal	http://rdf.freebase.com/ns/common.topic.topic_equivalent_webpage	Topic equivalent webpage	http://pt.wikipedia.org/wiki/Crystal_(Dacota_do_Norte)	uri	null
http://rdf.freebase.com/ns/m.0yq5z	Crystal	http://rdf.freebase.com/ns/common.topic.topic_equivalent_webpage	Topic equivalent webpage	http://pt.wikipedia.org/wiki/index.html?curid=1416884	uri	null
http://rdf.freebase.com/ns/m.0yq5z	Crystal	http://rdf.freebase.com/ns/common.topic.topic_equivalent_webpage	Topic equivalent webpage	http://sr.wikipedia.org/wiki/%1A%40%38%41%42%30%3B_(%21%35%32%35%40%3D%30_%14%30%3A%3E%42%30)	uri	null
http://rdf.freebase.com/ns/m.0yq5z	Crystal	http://rdf.freebase.com/ns/common.topic.topic_equivalent_webpage	Topic equivalent webpage	http://sr.wikipedia.org/wiki/index.html?curid=768906	uri	null
http://rdf.freebase.com/ns/m.0yq5z	Crystal	http://rdf.freebase.com/ns/common.topic.topic_equivalent_webpage	Topic equivalent webpage	http://zh.wikipedia.org/wiki/index.html?curid=3134278	uri	null
http://rdf.freebase.com/ns/m.0yq5z	Crystal	http://rdf.freebase.com/ns/common.topic.topic_equivalent_webpage	Topic equivalent webpage	http://zh.wikipedia.org/zh-cn/%4B%CC%AF%79%14_(%17%BE%D1%D6%DE)	uri	null
http://rdf.freebase.com/ns/m.0yq5z	Crystal	http://rdf.freebase.com/ns/common.topic.topic_equivalent_webpage	Topic equivalent webpage	http://zh.wikipedia.org/zh-tw/%4B%CC%AF%79%14_(%17%BE%D1%D6%DE)	uri	null
http://rdf.freebase.com/ns/m.0yq5z	Crystal	http://rdf.freebase.com/ns/kg.object_profile.prominent_type	prominent type	http://rdf.freebase.com/ns/location.citytown	entity	City/Town/Village
http://rdf.freebase.com/ns/m.0yq5z	Crystal	http://rdf.freebase.com/ns/location.citytown.postal_codes	Postal codes	http://rdf.freebase.com/ns/m.0203y7b	entity	58222
http://rdf.freebase.com/ns/m.0yq5z	Crystal	http://rdf.freebase.com/ns/location.hud_county_place.county	County	http://rdf.freebase.com/ns/m.0n33d	entity	Pembina County
http://rdf.freebase.com/ns/m.0yq5z	Crystal	http://rdf.freebase.com/ns/location.hud_county_place.countyplace_id	County Place ID	3806717060	http://www.w3.org/2001/XMLSchema#string	
http://rdf.freebase.com/ns/m.0yq5z	Crystal	http://rdf.freebase.com/ns/location.hud_county_place.place	Place	http://rdf.freebase.com/ns/m.0yq5z	entity	Crystal
http://rdf.freebase.com/ns/m.0yq5z	Crystal	http://rdf.freebase.com/ns/location.hud_foreclosure_area.bls_unemployment_rate	BLS Unemployment Rate (%)	0.0578	http://www.w3.org/2001/XMLSchema#string	
http://rdf.freebase.com/ns/m.0yq5z	Crystal	http://rdf.freebase.com/ns/location.hud_foreclosure_area.estimated_number_foreclosures	Estimated Number of Foreclosures	1	http://www.w3.org/2001/XMLSchema#string	
http://rdf.freebase.com/ns/m.0yq5z	Crystal	http://rdf.freebase.com/ns/location.hud_foreclosure_area.estimated_number_of_mortgages	Estimated Number of Mortgages	17	http://www.w3.org/2001/XMLSchema#string	
http://rdf.freebase.com/ns/m.0yq5z	Crystal	http://rdf.freebase.com/ns/location.hud_foreclosure_area.hhuniv	Household Count	74	http://www.w3.org/2001/XMLSchema#string	
http://rdf.freebase.com/ns/m.0yq5z	Crystal	http://rdf.freebase.com/ns/location.hud_foreclosure_area.total_90_day_vacant_residential_addresses	90-Day Vacant Residential Addresses	0	http://www.w3.org/2001/XMLSchema#string	
http://rdf.freebase.com/ns/m.0yq5z	Crystal	http://rdf.freebase.com/ns/location.hud_foreclosure_area.total_residential_addresses	Total Residential Addresses	47	http://www.w3.org/2001/XMLSchema#string	
http://rdf.freebase.com/ns/m.0yq5z	Crystal	http://rdf.freebase.com/ns/location.location.area	Area	1.68	http://www.w3.org/2001/XMLSchema#string	
http://rdf.freebase.com/ns/m.0yq5z	Crystal	http://rdf.freebase.com/ns/location.location.containedby	Contained by	http://rdf.freebase.com/ns/m.05fky	entity	North Dakota
http://rdf.freebase.com/ns/m.0yq5z	Crystal	http://rdf.freebase.com/ns/location.location.containedby	Contained by	http://rdf.freebase.com/ns/m.0n33d	entity	Pembina County
http://rdf.freebase.com/ns/m.0yq5z	Crystal	http://rdf.freebase.com/ns/location.location.gnis_feature_id	GNIS ID	1028559	http://www.w3.org/2001/XMLSchema#string	
http://rdf.freebase.com/ns/m.0yq5z	Crystal	http://rdf.freebase.com/ns/location.location.people_born_here	People born here	http://rdf.freebase.com/ns/m.03wb_ph	entity	Fern Headley
http://rdf.freebase.com/ns/m.0yq5z	Crystal	http://rdf.freebase.com/ns/location.location.time_zones	Time zone(s)	http://rdf.freebase.com/ns/m.02fqwt	entity	Central Time Zone
http://rdf.freebase.com/ns/m.0yq5z	Crystal	http://rdf.freebase.com/ns/location.statistical_region.population	Population	133	http://www.w3.org/2001/XMLSchema#string	
http://rdf.freebase.com/ns/m.0yq5z	Crystal	http://rdf.freebase.com/ns/location.statistical_region.population	Population	135	http://www.w3.org/2001/XMLSchema#string	
http://rdf.freebase.com/ns/m.0yq5z	Crystal	http://rdf.freebase.com/ns/location.statistical_region.population	Population	136	http://www.w3.org/2001/XMLSchema#string	
http://rdf.freebase.com/ns/m.0yq5z	Crystal	http://rdf.freebase.com/ns/location.statistical_region.population	Population	137	http://www.w3.org/2001/XMLSchema#string	
http://rdf.freebase.com/ns/m.0yq5z	Crystal	http://rdf.freebase.com/ns/location.statistical_region.population	Population	138	http://www.w3.org/2001/XMLSchema#string	
http://rdf.freebase.com/ns/m.0yq5z	Crystal	http://rdf.freebase.com/ns/location.statistical_region.population	Population	139	http://www.w3.org/2001/XMLSchema#string	
http://rdf.freebase.com/ns/m.0yq5z	Crystal	http://rdf.freebase.com/ns/location.statistical_region.population	Population	146	http://www.w3.org/2001/XMLSchema#string	
http://rdf.freebase.com/ns/m.0yq5z	Crystal	http://rdf.freebase.com/ns/location.statistical_region.population	Population	147	http://www.w3.org/2001/XMLSchema#string	
http://rdf.freebase.com/ns/m.0yq5z	Crystal	http://rdf.freebase.com/ns/location.statistical_region.population	Population	150	http://www.w3.org/2001/XMLSchema#string	
http://rdf.freebase.com/ns/m.0yq5z	Crystal	http://rdf.freebase.com/ns/location.statistical_region.population	Population	154	http://www.w3.org/2001/XMLSchema#string	
http://rdf.freebase.com/ns/m.0yq5z	Crystal	http://rdf.freebase.com/ns/location.statistical_region.population	Population	157	http://www.w3.org/2001/XMLSchema#string	
http://rdf.freebase.com/ns/m.0yq5z	Crystal	http://rdf.freebase.com/ns/location.statistical_region.population	Population	160	http://www.w3.org/2001/XMLSchema#string	
http://rdf.freebase.com/ns/m.0yq5z	Crystal	http://rdf.freebase.com/ns/location.statistical_region.population	Population	161	http://www.w3.org/2001/XMLSchema#string	
http://rdf.freebase.com/ns/m.0yq5z	Crystal	http://rdf.freebase.com/ns/location.statistical_region.population	Population	162	http://www.w3.org/2001/XMLSchema#string	
http://rdf.freebase.com/ns/m.0yq5z	Crystal	http://rdf.freebase.com/ns/location.statistical_region.population	Population	163	http://www.w3.org/2001/XMLSchema#string	
http://rdf.freebase.com/ns/m.0yq5z	Crystal	http://rdf.freebase.com/ns/location.statistical_region.population	Population	167	http://www.w3.org/2001/XMLSchema#string	
http://rdf.freebase.com/ns/m.0yq5z	Crystal	http://rdf.freebase.com/ns/location.statistical_region.population	Population	173	http://www.w3.org/2001/XMLSchema#string	
http://rdf.freebase.com/ns/m.0yq5z	Crystal	http://rdf.freebase.com/ns/location.statistical_region.population	Population	176	http://www.w3.org/2001/XMLSchema#string	
http://rdf.freebase.com/ns/m.0yq5z	Crystal	http://rdf.freebase.com/ns/location.statistical_region.population	Population	181	http://www.w3.org/2001/XMLSchema#string	
http://rdf.freebase.com/ns/m.0yq5z	Crystal	http://rdf.freebase.com/ns/location.statistical_region.population	Population	184	http://www.w3.org/2001/XMLSchema#string	
http://rdf.freebase.com/ns/m.0yq5z	Crystal	http://rdf.freebase.com/ns/location.statistical_region.population	Population	185	http://www.w3.org/2001/XMLSchema#string	
http://rdf.freebase.com/ns/m.0yq5z	Crystal	http://rdf.freebase.com/ns/location.statistical_region.population	Population	187	http://www.w3.org/2001/XMLSchema#string	
http://rdf.freebase.com/ns/m.0yq5z	Crystal	http://rdf.freebase.com/ns/location.statistical_region.population	Population	191	http://www.w3.org/2001/XMLSchema#string	
http://rdf.freebase.com/ns/m.0yq5z	Crystal	http://rdf.freebase.com/ns/location.statistical_region.population	Population	192	http://www.w3.org/2001/XMLSchema#string	
http://rdf.freebase.com/ns/m.0yq5z	Crystal	http://rdf.freebase.com/ns/location.statistical_region.population	Population	194	http://www.w3.org/2001/XMLSchema#string	
http://rdf.freebase.com/ns/m.0yq5z	Crystal	http://rdf.freebase.com/ns/location.statistical_region.population	Population	198	http://www.w3.org/2001/XMLSchema#string	
http://rdf.freebase.com/ns/m.0yq5z	Crystal	http://rdf.freebase.com/ns/topic_server.population_number	population number	133	http://www.w3.org/2001/XMLSchema#string	
http://rdf.freebase.com/ns/m.0yq5z	Crystal	http://rdf.freebase.com/ns/topic_server.population_number	population number	135	http://www.w3.org/2001/XMLSchema#string	
http://rdf.freebase.com/ns/m.0yq5z	Crystal	http://rdf.freebase.com/ns/topic_server.population_number	population number	137	http://www.w3.org/2001/XMLSchema#string	
http://rdf.freebase.com/ns/m.0yq5z	Crystal	http://rdf.freebase.com/ns/topic_server.population_number	population number	138	http://www.w3.org/2001/XMLSchema#string	
http://rdf.freebase.com/ns/m.0yq5z	Crystal	http://rdf.freebase.com/ns/topic_server.population_number	population number	146	http://www.w3.org/2001/XMLSchema#string	
http://rdf.freebase.com/ns/m.0yq5z	Crystal	http://rdf.freebase.com/ns/topic_server.population_number	population number	147	http://www.w3.org/2001/XMLSchema#string	
http://rdf.freebase.com/ns/m.0yq5z	Crystal	http://rdf.freebase.com/ns/topic_server.population_number	population number	150	http://www.w3.org/2001/XMLSchema#string	
http://rdf.freebase.com/ns/m.0yq5z	Crystal	http://rdf.freebase.com/ns/topic_server.population_number	population number	154	http://www.w3.org/2001/XMLSchema#string	
http://rdf.freebase.com/ns/m.0yq5z	Crystal	http://rdf.freebase.com/ns/topic_server.population_number	population number	157	http://www.w3.org/2001/XMLSchema#string	
http://rdf.freebase.com/ns/m.0yq5z	Crystal	http://rdf.freebase.com/ns/topic_server.population_number	population number	160	http://www.w3.org/2001/XMLSchema#string	
http://rdf.freebase.com/ns/m.0yq5z	Crystal	http://rdf.freebase.com/ns/topic_server.population_number	population number	161	http://www.w3.org/2001/XMLSchema#string	
http://rdf.freebase.com/ns/m.0yq5z	Crystal	http://rdf.freebase.com/ns/topic_server.population_number	population number	162	http://www.w3.org/2001/XMLSchema#string	
http://rdf.freebase.com/ns/m.0yq5z	Crystal	http://rdf.freebase.com/ns/topic_server.population_number	population number	163	http://www.w3.org/2001/XMLSchema#string	
http://rdf.freebase.com/ns/m.0yq5z	Crystal	http://rdf.freebase.com/ns/topic_server.population_number	population number	167	http://www.w3.org/2001/XMLSchema#string	
http://rdf.freebase.com/ns/m.0yq5z	Crystal	http://rdf.freebase.com/ns/topic_server.population_number	population number	173	http://www.w3.org/2001/XMLSchema#string	
http://rdf.freebase.com/ns/m.0yq5z	Crystal	http://rdf.freebase.com/ns/topic_server.population_number	population number	176	http://www.w3.org/2001/XMLSchema#string	
http://rdf.freebase.com/ns/m.0yq5z	Crystal	http://rdf.freebase.com/ns/topic_server.population_number	population number	181	http://www.w3.org/2001/XMLSchema#string	
http://rdf.freebase.com/ns/m.0yq5z	Crystal	http://rdf.freebase.com/ns/topic_server.population_number	population number	184	http://www.w3.org/2001/XMLSchema#string	
http://rdf.freebase.com/ns/m.0yq5z	Crystal	http://rdf.freebase.com/ns/topic_server.population_number	population number	185	http://www.w3.org/2001/XMLSchema#string	
http://rdf.freebase.com/ns/m.0yq5z	Crystal	http://rdf.freebase.com/ns/topic_server.population_number	population number	187	http://www.w3.org/2001/XMLSchema#string	
http://rdf.freebase.com/ns/m.0yq5z	Crystal	http://rdf.freebase.com/ns/topic_server.population_number	population number	191	http://www.w3.org/2001/XMLSchema#string	
http://rdf.freebase.com/ns/m.0yq5z	Crystal	http://rdf.freebase.com/ns/topic_server.population_number	population number	192	http://www.w3.org/2001/XMLSchema#string	
http://rdf.freebase.com/ns/m.0yq5z	Crystal	http://rdf.freebase.com/ns/topic_server.population_number	population number	194	http://www.w3.org/2001/XMLSchema#string	
http://rdf.freebase.com/ns/m.0yq5z	Crystal	http://rdf.freebase.com/ns/topic_server.population_number	population number	198	http://www.w3.org/2001/XMLSchema#string	
http://rdf.freebase.com/ns/m.0yq5z	Crystal	http://rdf.freebase.com/ns/type.object.key	Key	/authority/gnis/1028559	http://www.w3.org/2001/XMLSchema#string	
http://rdf.freebase.com/ns/m.0yq5z	Crystal	http://rdf.freebase.com/ns/type.object.key	Key	/authority/hud/countyplace/3806717060	http://www.w3.org/2001/XMLSchema#string	
http://rdf.freebase.com/ns/m.0yq5z	Crystal	http://rdf.freebase.com/ns/type.object.key	Key	/authority/nist/fips/55/3817060	http://www.w3.org/2001/XMLSchema#string	
http://rdf.freebase.com/ns/m.0yq5z	Crystal	http://rdf.freebase.com/ns/type.object.key	Key	/base/dspl/us_census/population/place/3817060	http://www.w3.org/2001/XMLSchema#string	
http://rdf.freebase.com/ns/m.0yq5z	Crystal	http://rdf.freebase.com/ns/type.object.key	Key	/en/crystal_north_dakota	http://www.w3.org/2001/XMLSchema#string	
http://rdf.freebase.com/ns/m.0yq5z	Crystal	http://rdf.freebase.com/ns/type.object.key	Key	/wikipedia/ar/Crystal,_North_Dakota	http://www.w3.org/2001/XMLSchema#string	
http://rdf.freebase.com/ns/m.0yq5z	Crystal	http://rdf.freebase.com/ns/type.object.key	Key	/wikipedia/ar/كريستال_(داكوتا_الشمالية)	http://www.w3.org/2001/XMLSchema#string	
http://rdf.freebase.com/ns/m.0yq5z	Crystal	http://rdf.freebase.com/ns/type.object.key	Key	/wikipedia/ar_id/1963760	http://www.w3.org/2001/XMLSchema#string	
http://rdf.freebase.com/ns/m.0yq5z	Crystal	http://rdf.freebase.com/ns/type.object.key	Key	/wikipedia/ar_title/كريستال_(داكوتا_الشمالية)	http://www.w3.org/2001/XMLSchema#string	
http://rdf.freebase.com/ns/m.0yq5z	Crystal	http://rdf.freebase.com/ns/type.object.key	Key	/wikipedia/ca/Crystal_(Dakota_del_Nord)	http://www.w3.org/2001/XMLSchema#string	
http://rdf.freebase.com/ns/m.0yq5z	Crystal	http://rdf.freebase.com/ns/type.object.key	Key	/wikipedia/ca_id/698903	http://www.w3.org/2001/XMLSchema#string	
http://rdf.freebase.com/ns/m.0yq5z	Crystal	http://rdf.freebase.com/ns/type.object.key	Key	/wikipedia/ca_title/Crystal_(Dakota_del_Nord)	http://www.w3.org/2001/XMLSchema#string	
http://rdf.freebase.com/ns/m.0yq5z	Crystal	http://rdf.freebase.com/ns/type.object.key	Key	/wikipedia/en/Crystal,_ND	http://www.w3.org/2001/XMLSchema#string	
http://rdf.freebase.com/ns/m.0yq5z	Crystal	http://rdf.freebase.com/ns/type.object.key	Key	/wikipedia/en/Crystal,_North_Dakota	http://www.w3.org/2001/XMLSchema#string	
http://rdf.freebase.com/ns/m.0yq5z	Crystal	http://rdf.freebase.com/ns/type.object.key	Key	/wikipedia/en_id/128662	http://www.w3.org/2001/XMLSchema#string	
http://rdf.freebase.com/ns/m.0yq5z	Crystal	http://rdf.freebase.com/ns/type.object.key	Key	/wikipedia/en_title/Crystal,_North_Dakota	http://www.w3.org/2001/XMLSchema#string	
http://rdf.freebase.com/ns/m.0yq5z	Crystal	http://rdf.freebase.com/ns/type.object.key	Key	/wikipedia/es/Crystal_(Dakota_del_Norte)	http://www.w3.org/2001/XMLSchema#string	
http://rdf.freebase.com/ns/m.0yq5z	Crystal	http://rdf.freebase.com/ns/type.object.key	Key	/wikipedia/es_id/4722001	http://www.w3.org/2001/XMLSchema#string	
http://rdf.freebase.com/ns/m.0yq5z	Crystal	http://rdf.freebase.com/ns/type.object.key	Key	/wikipedia/es_title/Crystal_(Dakota_del_Norte)	http://www.w3.org/2001/XMLSchema#string	
http://rdf.freebase.com/ns/m.0yq5z	Crystal	http://rdf.freebase.com/ns/type.object.key	Key	/wikipedia/fa/كريستال،_داكوتاي_شمالي	http://www.w3.org/2001/XMLSchema#string	
http://rdf.freebase.com/ns/m.0yq5z	Crystal	http://rdf.freebase.com/ns/type.object.key	Key	/wikipedia/fa/کریستال،_داکوتای_شمالی	http://www.w3.org/2001/XMLSchema#string	
http://rdf.freebase.com/ns/m.0yq5z	Crystal	http://rdf.freebase.com/ns/type.object.key	Key	/wikipedia/fa_id/1650452	http://www.w3.org/2001/XMLSchema#string	
http://rdf.freebase.com/ns/m.0yq5z	Crystal	http://rdf.freebase.com/ns/type.object.key	Key	/wikipedia/fa_title/کریستال،_داکوتای_شمالی	http://www.w3.org/2001/XMLSchema#string	
http://rdf.freebase.com/ns/m.0yq5z	Crystal	http://rdf.freebase.com/ns/type.object.key	Key	/wikipedia/fr/Crystal_(Dakota_du_Nord)	http://www.w3.org/2001/XMLSchema#string	
http://rdf.freebase.com/ns/m.0yq5z	Crystal	http://rdf.freebase.com/ns/type.object.key	Key	/wikipedia/fr_id/3614519	http://www.w3.org/2001/XMLSchema#string	
http://rdf.freebase.com/ns/m.0yq5z	Crystal	http://rdf.freebase.com/ns/type.object.key	Key	/wikipedia/fr_title/Crystal_(Dakota_du_Nord)	http://www.w3.org/2001/XMLSchema#string	
http://rdf.freebase.com/ns/m.0yq5z	Crystal	http://rdf.freebase.com/ns/type.object.key	Key	/wikipedia/it/Crystal_(Dakota_del_Nord)	http://www.w3.org/2001/XMLSchema#string	
http://rdf.freebase.com/ns/m.0yq5z	Crystal	http://rdf.freebase.com/ns/type.object.key	Key	/wikipedia/it_id/2644244	http://www.w3.org/2001/XMLSchema#string	
http://rdf.freebase.com/ns/m.0yq5z	Crystal	http://rdf.freebase.com/ns/type.object.key	Key	/wikipedia/it_title/Crystal_(Dakota_del_Nord)	http://www.w3.org/2001/XMLSchema#string	
http://rdf.freebase.com/ns/m.0yq5z	Crystal	http://rdf.freebase.com/ns/type.object.key	Key	/wikipedia/nl/Crystal_(North_Dakota)	http://www.w3.org/2001/XMLSchema#string	
http://rdf.freebase.com/ns/m.0yq5z	Crystal	http://rdf.freebase.com/ns/type.object.key	Key	/wikipedia/nl_id/1033736	http://www.w3.org/2001/XMLSchema#string	
http://rdf.freebase.com/ns/m.0yq5z	Crystal	http://rdf.freebase.com/ns/type.object.key	Key	/wikipedia/nl_title/Crystal_(North_Dakota)	http://www.w3.org/2001/XMLSchema#string	
http://rdf.freebase.com/ns/m.0yq5z	Crystal	http://rdf.freebase.com/ns/type.object.key	Key	/wikipedia/pl/Crystal_(Dakota_Północna)	http://www.w3.org/2001/XMLSchema#string	
http://rdf.freebase.com/ns/m.0yq5z	Crystal	http://rdf.freebase.com/ns/type.object.key	Key	/wikipedia/pl_id/3343766	http://www.w3.org/2001/XMLSchema#string	
http://rdf.freebase.com/ns/m.0yq5z	Crystal	http://rdf.freebase.com/ns/type.object.key	Key	/wikipedia/pl_title/Crystal_(Dakota_Północna)	http://www.w3.org/2001/XMLSchema#string	
http://rdf.freebase.com/ns/m.0yq5z	Crystal	http://rdf.freebase.com/ns/type.object.key	Key	/wikipedia/pt/Crystal_(Dacota_do_Norte)	http://www.w3.org/2001/XMLSchema#string	
http://rdf.freebase.com/ns/m.0yq5z	Crystal	http://rdf.freebase.com/ns/type.object.key	Key	/wikipedia/pt_id/1416884	http://www.w3.org/2001/XMLSchema#string	
http://rdf.freebase.com/ns/m.0yq5z	Crystal	http://rdf.freebase.com/ns/type.object.key	Key	/wikipedia/pt_title/Crystal_(Dacota_do_Norte)	http://www.w3.org/2001/XMLSchema#string	
http://rdf.freebase.com/ns/m.0yq5z	Crystal	http://rdf.freebase.com/ns/type.object.key	Key	/wikipedia/sr/Crystal,_ND	http://www.w3.org/2001/XMLSchema#string	
http://rdf.freebase.com/ns/m.0yq5z	Crystal	http://rdf.freebase.com/ns/type.object.key	Key	/wikipedia/sr/Crystal,_North_Dakota	http://www.w3.org/2001/XMLSchema#string	
http://rdf.freebase.com/ns/m.0yq5z	Crystal	http://rdf.freebase.com/ns/type.object.key	Key	/wikipedia/sr/Crystal_(ND)	http://www.w3.org/2001/XMLSchema#string	
http://rdf.freebase.com/ns/m.0yq5z	Crystal	http://rdf.freebase.com/ns/type.object.key	Key	/wikipedia/sr/Crystal_(North_Dakota)	http://www.w3.org/2001/XMLSchema#string	
http://rdf.freebase.com/ns/m.0yq5z	Crystal	http://rdf.freebase.com/ns/type.object.key	Key	/wikipedia/sr/Кристал,_ND	http://www.w3.org/2001/XMLSchema#string	
http://rdf.freebase.com/ns/m.0yq5z	Crystal	http://rdf.freebase.com/ns/type.object.key	Key	/wikipedia/sr/Кристал,_Северна_Дакота	http://www.w3.org/2001/XMLSchema#string	
http://rdf.freebase.com/ns/m.0yq5z	Crystal	http://rdf.freebase.com/ns/type.object.key	Key	/wikipedia/sr/Кристал_(ND)	http://www.w3.org/2001/XMLSchema#string	
http://rdf.freebase.com/ns/m.0yq5z	Crystal	http://rdf.freebase.com/ns/type.object.key	Key	/wikipedia/sr/Кристал_(Северна_Дакота)	http://www.w3.org/2001/XMLSchema#string	
http://rdf.freebase.com/ns/m.0yq5z	Crystal	http://rdf.freebase.com/ns/type.object.key	Key	/wikipedia/sr_id/768906	http://www.w3.org/2001/XMLSchema#string	
http://rdf.freebase.com/ns/m.0yq5z	Crystal	http://rdf.freebase.com/ns/type.object.key	Key	/wikipedia/sr_title/Кристал_(Северна_Дакота)	http://www.w3.org/2001/XMLSchema#string	
http://rdf.freebase.com/ns/m.0yq5z	Crystal	http://rdf.freebase.com/ns/type.object.key	Key	/wikipedia/zh-cn/Crystal,_North_Dakota	http://www.w3.org/2001/XMLSchema#string	
http://rdf.freebase.com/ns/m.0yq5z	Crystal	http://rdf.freebase.com/ns/type.object.key	Key	/wikipedia/zh-cn/克里斯特尔_(北达科他州)	http://www.w3.org/2001/XMLSchema#string	
http://rdf.freebase.com/ns/m.0yq5z	Crystal	http://rdf.freebase.com/ns/type.object.key	Key	/wikipedia/zh-cn/克里斯特爾_(北達科他州)	http://www.w3.org/2001/XMLSchema#string	
http://rdf.freebase.com/ns/m.0yq5z	Crystal	http://rdf.freebase.com/ns/type.object.key	Key	/wikipedia/zh-cn_id/3134278	http://www.w3.org/2001/XMLSchema#string	
http://rdf.freebase.com/ns/m.0yq5z	Crystal	http://rdf.freebase.com/ns/type.object.key	Key	/wikipedia/zh-cn_title/克里斯特尔_(北达科他州)	http://www.w3.org/2001/XMLSchema#string	
http://rdf.freebase.com/ns/m.0yq5z	Crystal	http://rdf.freebase.com/ns/type.object.key	Key	/wikipedia/zh-tw/Crystal,_North_Dakota	http://www.w3.org/2001/XMLSchema#string	
http://rdf.freebase.com/ns/m.0yq5z	Crystal	http://rdf.freebase.com/ns/type.object.key	Key	/wikipedia/zh-tw/克里斯特尔_(北达科他州)	http://www.w3.org/2001/XMLSchema#string	
http://rdf.freebase.com/ns/m.0yq5z	Crystal	http://rdf.freebase.com/ns/type.object.key	Key	/wikipedia/zh-tw/克里斯特爾_(北達科他州)	http://www.w3.org/2001/XMLSchema#string	
http://rdf.freebase.com/ns/m.0yq5z	Crystal	http://rdf.freebase.com/ns/type.object.key	Key	/wikipedia/zh-tw_id/3134278	http://www.w3.org/2001/XMLSchema#string	
http://rdf.freebase.com/ns/m.0yq5z	Crystal	http://rdf.freebase.com/ns/type.object.key	Key	/wikipedia/zh-tw_title/克里斯特尔_(北达科他州)	http://www.w3.org/2001/XMLSchema#string	
http://rdf.freebase.com/ns/m.0yq5z	Crystal	http://rdf.freebase.com/ns/type.object.name	Name	Crystal	http://www.w3.org/1999/02/22-rdf-syntax-ns#langString	
http://rdf.freebase.com/ns/m.0yq5z	Crystal	http://rdf.freebase.com/ns/type.object.type	Type	http://rdf.freebase.com/ns/base.type_ontology.abstract	entity	Abstract
http://rdf.freebase.com/ns/m.0yq5z	Crystal	http://rdf.freebase.com/ns/type.object.type	Type	http://rdf.freebase.com/ns/base.type_ontology.agent	entity	Agent
http://rdf.freebase.com/ns/m.0yq5z	Crystal	http://rdf.freebase.com/ns/type.object.type	Type	http://rdf.freebase.com/ns/base.type_ontology.inanimate	entity	Inanimate
http://rdf.freebase.com/ns/m.0yq5z	Crystal	http://rdf.freebase.com/ns/type.object.type	Type	http://rdf.freebase.com/ns/base.wikipedia_infobox.settlement	entity	Settlement
http://rdf.freebase.com/ns/m.0yq5z	Crystal	http://rdf.freebase.com/ns/type.object.type	Type	http://rdf.freebase.com/ns/common.topic	entity	Topic
http://rdf.freebase.com/ns/m.0yq5z	Crystal	http://rdf.freebase.com/ns/type.object.type	Type	http://rdf.freebase.com/ns/location.citytown	entity	City/Town/Village
http://rdf.freebase.com/ns/m.0yq5z	Crystal	http://rdf.freebase.com/ns/type.object.type	Type	http://rdf.freebase.com/ns/location.dated_location	entity	Dated location
http://rdf.freebase.com/ns/m.0yq5z	Crystal	http://rdf.freebase.com/ns/type.object.type	Type	http://rdf.freebase.com/ns/location.hud_county_place	entity	HUD County Place
http://rdf.freebase.com/ns/m.0yq5z	Crystal	http://rdf.freebase.com/ns/type.object.type	Type	http://rdf.freebase.com/ns/location.hud_foreclosure_area	entity	HUD Foreclosure Area
http://rdf.freebase.com/ns/m.0yq5z	Crystal	http://rdf.freebase.com/ns/type.object.type	Type	http://rdf.freebase.com/ns/location.location	entity	Location
http://rdf.freebase.com/ns/m.0yq5z	Crystal	http://rdf.freebase.com/ns/type.object.type	Type	http://rdf.freebase.com/ns/location.statistical_region	entity	Statistical region
http://rdf.freebase.com/ns/m.0yq5z	Crystal	http://www.w3.org/1999/02/22-rdf-syntax-ns#type	type	http://rdf.freebase.com/ns/base.type_ontology.abstract	entity	Abstract
http://rdf.freebase.com/ns/m.0yq5z	Crystal	http://www.w3.org/1999/02/22-rdf-syntax-ns#type	type	http://rdf.freebase.com/ns/base.type_ontology.agent	entity	Agent
http://rdf.freebase.com/ns/m.0yq5z	Crystal	http://www.w3.org/1999/02/22-rdf-syntax-ns#type	type	http://rdf.freebase.com/ns/base.type_ontology.inanimate	entity	Inanimate
http://rdf.freebase.com/ns/m.0yq5z	Crystal	http://www.w3.org/1999/02/22-rdf-syntax-ns#type	type	http://rdf.freebase.com/ns/base.wikipedia_infobox.settlement	entity	Settlement
http://rdf.freebase.com/ns/m.0yq5z	Crystal	http://www.w3.org/1999/02/22-rdf-syntax-ns#type	type	http://rdf.freebase.com/ns/common.topic	entity	Topic
http://rdf.freebase.com/ns/m.0yq5z	Crystal	http://www.w3.org/1999/02/22-rdf-syntax-ns#type	type	http://rdf.freebase.com/ns/location.citytown	entity	City/Town/Village
http://rdf.freebase.com/ns/m.0yq5z	Crystal	http://www.w3.org/1999/02/22-rdf-syntax-ns#type	type	http://rdf.freebase.com/ns/location.dated_location	entity	Dated location
http://rdf.freebase.com/ns/m.0yq5z	Crystal	http://www.w3.org/1999/02/22-rdf-syntax-ns#type	type	http://rdf.freebase.com/ns/location.hud_county_place	entity	HUD County Place
http://rdf.freebase.com/ns/m.0yq5z	Crystal	http://www.w3.org/1999/02/22-rdf-syntax-ns#type	type	http://rdf.freebase.com/ns/location.hud_foreclosure_area	entity	HUD Foreclosure Area
http://rdf.freebase.com/ns/m.0yq5z	Crystal	http://www.w3.org/1999/02/22-rdf-syntax-ns#type	type	http://rdf.freebase.com/ns/location.location	entity	Location
http://rdf.freebase.com/ns/m.0yq5z	Crystal	http://www.w3.org/1999/02/22-rdf-syntax-ns#type	type	http://rdf.freebase.com/ns/location.statistical_region	entity	Statistical region
http://rdf.freebase.com/ns/m.0yq5z	Crystal	http://www.w3.org/2000/01/rdf-schema#label	label	Crystal	http://www.w3.org/1999/02/22-rdf-syntax-ns#langString	
http://rdf.freebase.com/ns/m.0yq5z	Crystal	http://www.w3.org/2000/01/rdf-schema#label	label	克里斯特尔	http://www.w3.org/2001/XMLSchema#string	
http://rdf.freebase.com/ns/m.0yq5z	Crystal	http://www.w3.org/2003/01/geo/wgs84_pos#lat	latitude	48.596667	http://www.w3.org/2001/XMLSchema#float	
http://rdf.freebase.com/ns/m.0yq5z	Crystal	http://www.w3.org/2003/01/geo/wgs84_pos#long	longitude	-97.670556	http://www.w3.org/2001/XMLSchema#float	
