sub	subl	prop	propl	obj	obj_t	obj_l
http://rdf.freebase.com/ns/m.0t1gh	Hastings	http://rdf.freebase.com/key/authority.gnis	gnis	457311	http://www.w3.org/2001/XMLSchema#string	
http://rdf.freebase.com/ns/m.0t1gh	Hastings	http://rdf.freebase.com/key/authority.hud.countyplace	countyplace	1912934995	http://www.w3.org/2001/XMLSchema#string	
http://rdf.freebase.com/ns/m.0t1gh	Hastings	http://rdf.freebase.com/key/authority.nist.fips.55	55	1934995	http://www.w3.org/2001/XMLSchema#string	
http://rdf.freebase.com/ns/m.0t1gh	Hastings	http://rdf.freebase.com/key/base.dspl.us_census.population.place	place	1934995	http://www.w3.org/2001/XMLSchema#string	
http://rdf.freebase.com/ns/m.0t1gh	Hastings	http://rdf.freebase.com/key/en	com/key/en	hastings_iowa	http://www.w3.org/2001/XMLSchema#string	
http://rdf.freebase.com/ns/m.0t1gh	Hastings	http://rdf.freebase.com/key/wikipedia.en	en	Hastings,_IA	http://www.w3.org/2001/XMLSchema#string	
http://rdf.freebase.com/ns/m.0t1gh	Hastings	http://rdf.freebase.com/key/wikipedia.en	en	Hastings,_Iowa	http://www.w3.org/2001/XMLSchema#string	
http://rdf.freebase.com/ns/m.0t1gh	Hastings	http://rdf.freebase.com/key/wikipedia.en_id	en_id	114064	http://www.w3.org/2001/XMLSchema#string	
http://rdf.freebase.com/ns/m.0t1gh	Hastings	http://rdf.freebase.com/key/wikipedia.en_title	en_title	Hastings,_Iowa	http://www.w3.org/2001/XMLSchema#string	
http://rdf.freebase.com/ns/m.0t1gh	Hastings	http://rdf.freebase.com/ns/base.wikipedia_infobox.settlement.area_code	Area code	http://rdf.freebase.com/ns/m.0cjc7q	entity	Area code 712
http://rdf.freebase.com/ns/m.0t1gh	Hastings	http://rdf.freebase.com/ns/common.topic.alias	Also known as	Hastings, Iowa	http://www.w3.org/1999/02/22-rdf-syntax-ns#langString	
http://rdf.freebase.com/ns/m.0t1gh	Hastings	http://rdf.freebase.com/ns/common.topic.alias	Also known as	Mills County / Hastings city	http://www.w3.org/1999/02/22-rdf-syntax-ns#langString	
http://rdf.freebase.com/ns/m.0t1gh	Hastings	http://rdf.freebase.com/ns/common.topic.article	Article	Hastings is a city in Mills County, Iowa, United States. The population was 214 at the 2000 census. Hastings is located at 41°1′26″N 95°29′50″W﻿ / ﻿41.02389°N 95.49722°W﻿ / 41.02389; -95.49722 (41.023906, -95.497176). According to the United States Census Bureau, the city has a total area of 0.4 square miles (1.0 km), all of it land. As of the census of 2000, there were 214 people, 85 households, and 57 families residing in the city. The population density was 527.2 people per square mile (201.5/km²). There were 91 housing units at an average density of 224.2 per square mile (85.7/km²). The racial makeup of the city was 98.13% White, 1.40% from other races, and 0.47% from two or more races. Hispanic or Latino of any race were 1.87% of the population. There were 85 households out of which 29.4% had children under the age of 18 living with them, 55.3% were married couples living together, 9.4% had a female householder with no husband present, and 31.8% were non-families. 24.7% of all households were made up of individuals and 8.2% had someone living alone who was 65 years of age or older. The average household size was 2.52 and the average family size was 2.93. In the city the	http://www.w3.org/1999/02/22-rdf-syntax-ns#langString	
http://rdf.freebase.com/ns/m.0t1gh	Hastings	http://rdf.freebase.com/ns/common.topic.description	Description	Hastings is a city in Mills County, Iowa, United States. The population was 152 at the 2010 census.	http://www.w3.org/1999/02/22-rdf-syntax-ns#langString	
http://rdf.freebase.com/ns/m.0t1gh	Hastings	http://rdf.freebase.com/ns/common.topic.image	Image	http://rdf.freebase.com/ns/m.02964yp	entity	Location of Hastings, Iowa
http://rdf.freebase.com/ns/m.0t1gh	Hastings	http://rdf.freebase.com/ns/common.topic.notable_for	Notable for	City/Town/Village	http://www.w3.org/1999/02/22-rdf-syntax-ns#langString	
http://rdf.freebase.com/ns/m.0t1gh	Hastings	http://rdf.freebase.com/ns/common.topic.notable_types	Notable types	http://rdf.freebase.com/ns/m.01m9	entity	City/Town/Village
http://rdf.freebase.com/ns/m.0t1gh	Hastings	http://rdf.freebase.com/ns/common.topic.topic_equivalent_webpage	Topic equivalent webpage	http://ar.wikipedia.org/wiki/%47%27%33%2A%4A%46%3A%32	uri	null
http://rdf.freebase.com/ns/m.0t1gh	Hastings	http://rdf.freebase.com/ns/common.topic.topic_equivalent_webpage	Topic equivalent webpage	http://ar.wikipedia.org/wiki/index.html?curid=1947265	uri	null
http://rdf.freebase.com/ns/m.0t1gh	Hastings	http://rdf.freebase.com/ns/common.topic.topic_equivalent_webpage	Topic equivalent webpage	http://ca.wikipedia.org/wiki/Hastings_(Iowa)	uri	null
http://rdf.freebase.com/ns/m.0t1gh	Hastings	http://rdf.freebase.com/ns/common.topic.topic_equivalent_webpage	Topic equivalent webpage	http://ca.wikipedia.org/wiki/index.html?curid=689193	uri	null
http://rdf.freebase.com/ns/m.0t1gh	Hastings	http://rdf.freebase.com/ns/common.topic.topic_equivalent_webpage	Topic equivalent webpage	http://en.wikipedia.org/wiki/Hastings,_Iowa	uri	null
http://rdf.freebase.com/ns/m.0t1gh	Hastings	http://rdf.freebase.com/ns/common.topic.topic_equivalent_webpage	Topic equivalent webpage	http://en.wikipedia.org/wiki/index.html?curid=114064	uri	null
http://rdf.freebase.com/ns/m.0t1gh	Hastings	http://rdf.freebase.com/ns/common.topic.topic_equivalent_webpage	Topic equivalent webpage	http://es.wikipedia.org/wiki/Hastings_(Iowa)	uri	null
http://rdf.freebase.com/ns/m.0t1gh	Hastings	http://rdf.freebase.com/ns/common.topic.topic_equivalent_webpage	Topic equivalent webpage	http://es.wikipedia.org/wiki/index.html?curid=4738482	uri	null
http://rdf.freebase.com/ns/m.0t1gh	Hastings	http://rdf.freebase.com/ns/common.topic.topic_equivalent_webpage	Topic equivalent webpage	http://fa.wikipedia.org/wiki/%47%CC%33%2A%CC%46%AF%32%0C_%22%CC%48%48%27	uri	null
http://rdf.freebase.com/ns/m.0t1gh	Hastings	http://rdf.freebase.com/ns/common.topic.topic_equivalent_webpage	Topic equivalent webpage	http://fa.wikipedia.org/wiki/index.html?curid=1765678	uri	null
http://rdf.freebase.com/ns/m.0t1gh	Hastings	http://rdf.freebase.com/ns/common.topic.topic_equivalent_webpage	Topic equivalent webpage	http://geonames.usgs.gov/pls/gnispublic/f?p=gnispq:3:::NO::P3_FID:457311	uri	null
http://rdf.freebase.com/ns/m.0t1gh	Hastings	http://rdf.freebase.com/ns/common.topic.topic_equivalent_webpage	Topic equivalent webpage	http://nl.wikipedia.org/wiki/Hastings_(Iowa)	uri	null
http://rdf.freebase.com/ns/m.0t1gh	Hastings	http://rdf.freebase.com/ns/common.topic.topic_equivalent_webpage	Topic equivalent webpage	http://nl.wikipedia.org/wiki/index.html?curid=1010676	uri	null
http://rdf.freebase.com/ns/m.0t1gh	Hastings	http://rdf.freebase.com/ns/common.topic.topic_equivalent_webpage	Topic equivalent webpage	http://pl.wikipedia.org/wiki/Hastings_(Iowa)	uri	null
http://rdf.freebase.com/ns/m.0t1gh	Hastings	http://rdf.freebase.com/ns/common.topic.topic_equivalent_webpage	Topic equivalent webpage	http://pl.wikipedia.org/wiki/index.html?curid=1996177	uri	null
http://rdf.freebase.com/ns/m.0t1gh	Hastings	http://rdf.freebase.com/ns/common.topic.topic_equivalent_webpage	Topic equivalent webpage	http://pt.wikipedia.org/wiki/Hastings_(Iowa)	uri	null
http://rdf.freebase.com/ns/m.0t1gh	Hastings	http://rdf.freebase.com/ns/common.topic.topic_equivalent_webpage	Topic equivalent webpage	http://pt.wikipedia.org/wiki/index.html?curid=1364433	uri	null
http://rdf.freebase.com/ns/m.0t1gh	Hastings	http://rdf.freebase.com/ns/common.topic.topic_equivalent_webpage	Topic equivalent webpage	http://ro.wikipedia.org/wiki/Hastings,_Iowa,_SUA	uri	null
http://rdf.freebase.com/ns/m.0t1gh	Hastings	http://rdf.freebase.com/ns/common.topic.topic_equivalent_webpage	Topic equivalent webpage	http://ro.wikipedia.org/wiki/index.html?curid=335154	uri	null
http://rdf.freebase.com/ns/m.0t1gh	Hastings	http://rdf.freebase.com/ns/common.topic.topic_equivalent_webpage	Topic equivalent webpage	http://sr.wikipedia.org/wiki/%25%35%58%41%42%38%3D%33%41_(%10%58%3E%32%30)	uri	null
http://rdf.freebase.com/ns/m.0t1gh	Hastings	http://rdf.freebase.com/ns/common.topic.topic_equivalent_webpage	Topic equivalent webpage	http://sr.wikipedia.org/wiki/index.html?curid=700304	uri	null
http://rdf.freebase.com/ns/m.0t1gh	Hastings	http://rdf.freebase.com/ns/common.topic.topic_equivalent_webpage	Topic equivalent webpage	http://vi.wikipedia.org/wiki/Hastings,_Iowa	uri	null
http://rdf.freebase.com/ns/m.0t1gh	Hastings	http://rdf.freebase.com/ns/common.topic.topic_equivalent_webpage	Topic equivalent webpage	http://vi.wikipedia.org/wiki/index.html?curid=1540638	uri	null
http://rdf.freebase.com/ns/m.0t1gh	Hastings	http://rdf.freebase.com/ns/kg.object_profile.prominent_type	prominent type	http://rdf.freebase.com/ns/location.citytown	entity	City/Town/Village
http://rdf.freebase.com/ns/m.0t1gh	Hastings	http://rdf.freebase.com/ns/location.citytown.postal_codes	Postal codes	http://rdf.freebase.com/ns/m.03dqm40	entity	51540
http://rdf.freebase.com/ns/m.0t1gh	Hastings	http://rdf.freebase.com/ns/location.hud_county_place.county	County	http://rdf.freebase.com/ns/m.0nrvp	entity	Mills County
http://rdf.freebase.com/ns/m.0t1gh	Hastings	http://rdf.freebase.com/ns/location.hud_county_place.countyplace_id	County Place ID	1912934995	http://www.w3.org/2001/XMLSchema#string	
http://rdf.freebase.com/ns/m.0t1gh	Hastings	http://rdf.freebase.com/ns/location.hud_county_place.place	Place	http://rdf.freebase.com/ns/m.0t1gh	entity	Hastings
http://rdf.freebase.com/ns/m.0t1gh	Hastings	http://rdf.freebase.com/ns/location.hud_foreclosure_area.bls_unemployment_rate	BLS Unemployment Rate (%)	0.0367	http://www.w3.org/2001/XMLSchema#string	
http://rdf.freebase.com/ns/m.0t1gh	Hastings	http://rdf.freebase.com/ns/location.hud_foreclosure_area.estimated_number_foreclosures	Estimated Number of Foreclosures	2	http://www.w3.org/2001/XMLSchema#string	
http://rdf.freebase.com/ns/m.0t1gh	Hastings	http://rdf.freebase.com/ns/location.hud_foreclosure_area.estimated_number_of_mortgages	Estimated Number of Mortgages	41	http://www.w3.org/2001/XMLSchema#string	
http://rdf.freebase.com/ns/m.0t1gh	Hastings	http://rdf.freebase.com/ns/location.hud_foreclosure_area.hhuniv	Household Count	85	http://www.w3.org/2001/XMLSchema#string	
http://rdf.freebase.com/ns/m.0t1gh	Hastings	http://rdf.freebase.com/ns/location.hud_foreclosure_area.ofheo_price_change	OFHEO Price Change (%)	0.0	http://www.w3.org/2001/XMLSchema#string	
http://rdf.freebase.com/ns/m.0t1gh	Hastings	http://rdf.freebase.com/ns/location.hud_foreclosure_area.total_90_day_vacant_residential_addresses	90-Day Vacant Residential Addresses	0	http://www.w3.org/2001/XMLSchema#string	
http://rdf.freebase.com/ns/m.0t1gh	Hastings	http://rdf.freebase.com/ns/location.hud_foreclosure_area.total_residential_addresses	Total Residential Addresses	47	http://www.w3.org/2001/XMLSchema#string	
http://rdf.freebase.com/ns/m.0t1gh	Hastings	http://rdf.freebase.com/ns/location.location.area	Area	1.06	http://www.w3.org/2001/XMLSchema#string	
http://rdf.freebase.com/ns/m.0t1gh	Hastings	http://rdf.freebase.com/ns/location.location.containedby	Contained by	http://rdf.freebase.com/ns/m.03s0w	entity	Iowa
http://rdf.freebase.com/ns/m.0t1gh	Hastings	http://rdf.freebase.com/ns/location.location.containedby	Contained by	http://rdf.freebase.com/ns/m.09c7w0	entity	United States of America
http://rdf.freebase.com/ns/m.0t1gh	Hastings	http://rdf.freebase.com/ns/location.location.containedby	Contained by	http://rdf.freebase.com/ns/m.0nrvp	entity	Mills County
http://rdf.freebase.com/ns/m.0t1gh	Hastings	http://rdf.freebase.com/ns/location.location.gnis_feature_id	GNIS ID	457311	http://www.w3.org/2001/XMLSchema#string	
http://rdf.freebase.com/ns/m.0t1gh	Hastings	http://rdf.freebase.com/ns/location.location.time_zones	Time zone(s)	http://rdf.freebase.com/ns/m.02fqwt	entity	Central Time Zone
http://rdf.freebase.com/ns/m.0t1gh	Hastings	http://rdf.freebase.com/ns/location.statistical_region.population	Population	146	http://www.w3.org/2001/XMLSchema#string	
http://rdf.freebase.com/ns/m.0t1gh	Hastings	http://rdf.freebase.com/ns/location.statistical_region.population	Population	147	http://www.w3.org/2001/XMLSchema#string	
http://rdf.freebase.com/ns/m.0t1gh	Hastings	http://rdf.freebase.com/ns/location.statistical_region.population	Population	150	http://www.w3.org/2001/XMLSchema#string	
http://rdf.freebase.com/ns/m.0t1gh	Hastings	http://rdf.freebase.com/ns/location.statistical_region.population	Population	151	http://www.w3.org/2001/XMLSchema#string	
http://rdf.freebase.com/ns/m.0t1gh	Hastings	http://rdf.freebase.com/ns/location.statistical_region.population	Population	152	http://www.w3.org/2001/XMLSchema#string	
http://rdf.freebase.com/ns/m.0t1gh	Hastings	http://rdf.freebase.com/ns/location.statistical_region.population	Population	165	http://www.w3.org/2001/XMLSchema#string	
http://rdf.freebase.com/ns/m.0t1gh	Hastings	http://rdf.freebase.com/ns/location.statistical_region.population	Population	167	http://www.w3.org/2001/XMLSchema#string	
http://rdf.freebase.com/ns/m.0t1gh	Hastings	http://rdf.freebase.com/ns/location.statistical_region.population	Population	168	http://www.w3.org/2001/XMLSchema#string	
http://rdf.freebase.com/ns/m.0t1gh	Hastings	http://rdf.freebase.com/ns/location.statistical_region.population	Population	192	http://www.w3.org/2001/XMLSchema#string	
http://rdf.freebase.com/ns/m.0t1gh	Hastings	http://rdf.freebase.com/ns/location.statistical_region.population	Population	193	http://www.w3.org/2001/XMLSchema#string	
http://rdf.freebase.com/ns/m.0t1gh	Hastings	http://rdf.freebase.com/ns/location.statistical_region.population	Population	194	http://www.w3.org/2001/XMLSchema#string	
http://rdf.freebase.com/ns/m.0t1gh	Hastings	http://rdf.freebase.com/ns/location.statistical_region.population	Population	195	http://www.w3.org/2001/XMLSchema#string	
http://rdf.freebase.com/ns/m.0t1gh	Hastings	http://rdf.freebase.com/ns/location.statistical_region.population	Population	198	http://www.w3.org/2001/XMLSchema#string	
http://rdf.freebase.com/ns/m.0t1gh	Hastings	http://rdf.freebase.com/ns/location.statistical_region.population	Population	201	http://www.w3.org/2001/XMLSchema#string	
http://rdf.freebase.com/ns/m.0t1gh	Hastings	http://rdf.freebase.com/ns/location.statistical_region.population	Population	208	http://www.w3.org/2001/XMLSchema#string	
http://rdf.freebase.com/ns/m.0t1gh	Hastings	http://rdf.freebase.com/ns/location.statistical_region.population	Population	215	http://www.w3.org/2001/XMLSchema#string	
http://rdf.freebase.com/ns/m.0t1gh	Hastings	http://rdf.freebase.com/ns/location.statistical_region.population	Population	216	http://www.w3.org/2001/XMLSchema#string	
http://rdf.freebase.com/ns/m.0t1gh	Hastings	http://rdf.freebase.com/ns/location.statistical_region.population	Population	217	http://www.w3.org/2001/XMLSchema#string	
http://rdf.freebase.com/ns/m.0t1gh	Hastings	http://rdf.freebase.com/ns/location.statistical_region.population	Population	220	http://www.w3.org/2001/XMLSchema#string	
http://rdf.freebase.com/ns/m.0t1gh	Hastings	http://rdf.freebase.com/ns/topic_server.population_number	population number	146	http://www.w3.org/2001/XMLSchema#string	
http://rdf.freebase.com/ns/m.0t1gh	Hastings	http://rdf.freebase.com/ns/topic_server.population_number	population number	147	http://www.w3.org/2001/XMLSchema#string	
http://rdf.freebase.com/ns/m.0t1gh	Hastings	http://rdf.freebase.com/ns/topic_server.population_number	population number	150	http://www.w3.org/2001/XMLSchema#string	
http://rdf.freebase.com/ns/m.0t1gh	Hastings	http://rdf.freebase.com/ns/topic_server.population_number	population number	152	http://www.w3.org/2001/XMLSchema#string	
http://rdf.freebase.com/ns/m.0t1gh	Hastings	http://rdf.freebase.com/ns/topic_server.population_number	population number	165	http://www.w3.org/2001/XMLSchema#string	
http://rdf.freebase.com/ns/m.0t1gh	Hastings	http://rdf.freebase.com/ns/topic_server.population_number	population number	167	http://www.w3.org/2001/XMLSchema#string	
http://rdf.freebase.com/ns/m.0t1gh	Hastings	http://rdf.freebase.com/ns/topic_server.population_number	population number	168	http://www.w3.org/2001/XMLSchema#string	
http://rdf.freebase.com/ns/m.0t1gh	Hastings	http://rdf.freebase.com/ns/topic_server.population_number	population number	192	http://www.w3.org/2001/XMLSchema#string	
http://rdf.freebase.com/ns/m.0t1gh	Hastings	http://rdf.freebase.com/ns/topic_server.population_number	population number	193	http://www.w3.org/2001/XMLSchema#string	
http://rdf.freebase.com/ns/m.0t1gh	Hastings	http://rdf.freebase.com/ns/topic_server.population_number	population number	194	http://www.w3.org/2001/XMLSchema#string	
http://rdf.freebase.com/ns/m.0t1gh	Hastings	http://rdf.freebase.com/ns/topic_server.population_number	population number	195	http://www.w3.org/2001/XMLSchema#string	
http://rdf.freebase.com/ns/m.0t1gh	Hastings	http://rdf.freebase.com/ns/topic_server.population_number	population number	198	http://www.w3.org/2001/XMLSchema#string	
http://rdf.freebase.com/ns/m.0t1gh	Hastings	http://rdf.freebase.com/ns/topic_server.population_number	population number	201	http://www.w3.org/2001/XMLSchema#string	
http://rdf.freebase.com/ns/m.0t1gh	Hastings	http://rdf.freebase.com/ns/topic_server.population_number	population number	208	http://www.w3.org/2001/XMLSchema#string	
http://rdf.freebase.com/ns/m.0t1gh	Hastings	http://rdf.freebase.com/ns/topic_server.population_number	population number	215	http://www.w3.org/2001/XMLSchema#string	
http://rdf.freebase.com/ns/m.0t1gh	Hastings	http://rdf.freebase.com/ns/topic_server.population_number	population number	216	http://www.w3.org/2001/XMLSchema#string	
http://rdf.freebase.com/ns/m.0t1gh	Hastings	http://rdf.freebase.com/ns/topic_server.population_number	population number	217	http://www.w3.org/2001/XMLSchema#string	
http://rdf.freebase.com/ns/m.0t1gh	Hastings	http://rdf.freebase.com/ns/topic_server.population_number	population number	220	http://www.w3.org/2001/XMLSchema#string	
http://rdf.freebase.com/ns/m.0t1gh	Hastings	http://rdf.freebase.com/ns/type.object.key	Key	/authority/gnis/457311	http://www.w3.org/2001/XMLSchema#string	
http://rdf.freebase.com/ns/m.0t1gh	Hastings	http://rdf.freebase.com/ns/type.object.key	Key	/authority/hud/countyplace/1912934995	http://www.w3.org/2001/XMLSchema#string	
http://rdf.freebase.com/ns/m.0t1gh	Hastings	http://rdf.freebase.com/ns/type.object.key	Key	/authority/nist/fips/55/1934995	http://www.w3.org/2001/XMLSchema#string	
http://rdf.freebase.com/ns/m.0t1gh	Hastings	http://rdf.freebase.com/ns/type.object.key	Key	/base/dspl/us_census/population/place/1934995	http://www.w3.org/2001/XMLSchema#string	
http://rdf.freebase.com/ns/m.0t1gh	Hastings	http://rdf.freebase.com/ns/type.object.key	Key	/en/hastings_iowa	http://www.w3.org/2001/XMLSchema#string	
http://rdf.freebase.com/ns/m.0t1gh	Hastings	http://rdf.freebase.com/ns/type.object.key	Key	/wikipedia/ar/Hastings,_Iowa	http://www.w3.org/2001/XMLSchema#string	
http://rdf.freebase.com/ns/m.0t1gh	Hastings	http://rdf.freebase.com/ns/type.object.key	Key	/wikipedia/ar/هاستينغز	http://www.w3.org/2001/XMLSchema#string	
http://rdf.freebase.com/ns/m.0t1gh	Hastings	http://rdf.freebase.com/ns/type.object.key	Key	/wikipedia/ar/هاستينغز_(آيوا)	http://www.w3.org/2001/XMLSchema#string	
http://rdf.freebase.com/ns/m.0t1gh	Hastings	http://rdf.freebase.com/ns/type.object.key	Key	/wikipedia/ar_id/1947265	http://www.w3.org/2001/XMLSchema#string	
http://rdf.freebase.com/ns/m.0t1gh	Hastings	http://rdf.freebase.com/ns/type.object.key	Key	/wikipedia/ar_title/هاستينغز	http://www.w3.org/2001/XMLSchema#string	
http://rdf.freebase.com/ns/m.0t1gh	Hastings	http://rdf.freebase.com/ns/type.object.key	Key	/wikipedia/ca/Hastings_(Iowa)	http://www.w3.org/2001/XMLSchema#string	
http://rdf.freebase.com/ns/m.0t1gh	Hastings	http://rdf.freebase.com/ns/type.object.key	Key	/wikipedia/ca_id/689193	http://www.w3.org/2001/XMLSchema#string	
http://rdf.freebase.com/ns/m.0t1gh	Hastings	http://rdf.freebase.com/ns/type.object.key	Key	/wikipedia/ca_title/Hastings_(Iowa)	http://www.w3.org/2001/XMLSchema#string	
http://rdf.freebase.com/ns/m.0t1gh	Hastings	http://rdf.freebase.com/ns/type.object.key	Key	/wikipedia/en/Hastings,_IA	http://www.w3.org/2001/XMLSchema#string	
http://rdf.freebase.com/ns/m.0t1gh	Hastings	http://rdf.freebase.com/ns/type.object.key	Key	/wikipedia/en/Hastings,_Iowa	http://www.w3.org/2001/XMLSchema#string	
http://rdf.freebase.com/ns/m.0t1gh	Hastings	http://rdf.freebase.com/ns/type.object.key	Key	/wikipedia/en_id/114064	http://www.w3.org/2001/XMLSchema#string	
http://rdf.freebase.com/ns/m.0t1gh	Hastings	http://rdf.freebase.com/ns/type.object.key	Key	/wikipedia/en_title/Hastings,_Iowa	http://www.w3.org/2001/XMLSchema#string	
http://rdf.freebase.com/ns/m.0t1gh	Hastings	http://rdf.freebase.com/ns/type.object.key	Key	/wikipedia/es/Hastings_(Iowa)	http://www.w3.org/2001/XMLSchema#string	
http://rdf.freebase.com/ns/m.0t1gh	Hastings	http://rdf.freebase.com/ns/type.object.key	Key	/wikipedia/es_id/4738482	http://www.w3.org/2001/XMLSchema#string	
http://rdf.freebase.com/ns/m.0t1gh	Hastings	http://rdf.freebase.com/ns/type.object.key	Key	/wikipedia/es_title/Hastings_(Iowa)	http://www.w3.org/2001/XMLSchema#string	
http://rdf.freebase.com/ns/m.0t1gh	Hastings	http://rdf.freebase.com/ns/type.object.key	Key	/wikipedia/fa/هاستينگز،_آيووا	http://www.w3.org/2001/XMLSchema#string	
http://rdf.freebase.com/ns/m.0t1gh	Hastings	http://rdf.freebase.com/ns/type.object.key	Key	/wikipedia/fa/هاستينگز،_ايووا	http://www.w3.org/2001/XMLSchema#string	
http://rdf.freebase.com/ns/m.0t1gh	Hastings	http://rdf.freebase.com/ns/type.object.key	Key	/wikipedia/fa/هاستینگز،_آیووا	http://www.w3.org/2001/XMLSchema#string	
http://rdf.freebase.com/ns/m.0t1gh	Hastings	http://rdf.freebase.com/ns/type.object.key	Key	/wikipedia/fa/هاستینگز،_ایووا	http://www.w3.org/2001/XMLSchema#string	
http://rdf.freebase.com/ns/m.0t1gh	Hastings	http://rdf.freebase.com/ns/type.object.key	Key	/wikipedia/fa/هيستينگز،_آيووا	http://www.w3.org/2001/XMLSchema#string	
http://rdf.freebase.com/ns/m.0t1gh	Hastings	http://rdf.freebase.com/ns/type.object.key	Key	/wikipedia/fa/هیستینگز،_آیووا	http://www.w3.org/2001/XMLSchema#string	
http://rdf.freebase.com/ns/m.0t1gh	Hastings	http://rdf.freebase.com/ns/type.object.key	Key	/wikipedia/fa/هیستینگز،_ایووا	http://www.w3.org/2001/XMLSchema#string	
http://rdf.freebase.com/ns/m.0t1gh	Hastings	http://rdf.freebase.com/ns/type.object.key	Key	/wikipedia/fa_id/1765678	http://www.w3.org/2001/XMLSchema#string	
http://rdf.freebase.com/ns/m.0t1gh	Hastings	http://rdf.freebase.com/ns/type.object.key	Key	/wikipedia/fa_title/هیستینگز،_آیووا	http://www.w3.org/2001/XMLSchema#string	
http://rdf.freebase.com/ns/m.0t1gh	Hastings	http://rdf.freebase.com/ns/type.object.key	Key	/wikipedia/nl/Hastings_(Iowa)	http://www.w3.org/2001/XMLSchema#string	
http://rdf.freebase.com/ns/m.0t1gh	Hastings	http://rdf.freebase.com/ns/type.object.key	Key	/wikipedia/nl_id/1010676	http://www.w3.org/2001/XMLSchema#string	
http://rdf.freebase.com/ns/m.0t1gh	Hastings	http://rdf.freebase.com/ns/type.object.key	Key	/wikipedia/nl_title/Hastings_(Iowa)	http://www.w3.org/2001/XMLSchema#string	
http://rdf.freebase.com/ns/m.0t1gh	Hastings	http://rdf.freebase.com/ns/type.object.key	Key	/wikipedia/pl/Hastings_(Iowa)	http://www.w3.org/2001/XMLSchema#string	
http://rdf.freebase.com/ns/m.0t1gh	Hastings	http://rdf.freebase.com/ns/type.object.key	Key	/wikipedia/pl_id/1996177	http://www.w3.org/2001/XMLSchema#string	
http://rdf.freebase.com/ns/m.0t1gh	Hastings	http://rdf.freebase.com/ns/type.object.key	Key	/wikipedia/pl_title/Hastings_(Iowa)	http://www.w3.org/2001/XMLSchema#string	
http://rdf.freebase.com/ns/m.0t1gh	Hastings	http://rdf.freebase.com/ns/type.object.key	Key	/wikipedia/pt/Hastings_(Iowa)	http://www.w3.org/2001/XMLSchema#string	
http://rdf.freebase.com/ns/m.0t1gh	Hastings	http://rdf.freebase.com/ns/type.object.key	Key	/wikipedia/pt_id/1364433	http://www.w3.org/2001/XMLSchema#string	
http://rdf.freebase.com/ns/m.0t1gh	Hastings	http://rdf.freebase.com/ns/type.object.key	Key	/wikipedia/pt_title/Hastings_(Iowa)	http://www.w3.org/2001/XMLSchema#string	
http://rdf.freebase.com/ns/m.0t1gh	Hastings	http://rdf.freebase.com/ns/type.object.key	Key	/wikipedia/ro/Hastings,_Iowa,_SUA	http://www.w3.org/2001/XMLSchema#string	
http://rdf.freebase.com/ns/m.0t1gh	Hastings	http://rdf.freebase.com/ns/type.object.key	Key	/wikipedia/ro_id/335154	http://www.w3.org/2001/XMLSchema#string	
http://rdf.freebase.com/ns/m.0t1gh	Hastings	http://rdf.freebase.com/ns/type.object.key	Key	/wikipedia/ro_title/Hastings,_Iowa,_SUA	http://www.w3.org/2001/XMLSchema#string	
http://rdf.freebase.com/ns/m.0t1gh	Hastings	http://rdf.freebase.com/ns/type.object.key	Key	/wikipedia/sr/Hastings,_IA	http://www.w3.org/2001/XMLSchema#string	
http://rdf.freebase.com/ns/m.0t1gh	Hastings	http://rdf.freebase.com/ns/type.object.key	Key	/wikipedia/sr/Hastings,_Iowa	http://www.w3.org/2001/XMLSchema#string	
http://rdf.freebase.com/ns/m.0t1gh	Hastings	http://rdf.freebase.com/ns/type.object.key	Key	/wikipedia/sr/Hastings_(IA)	http://www.w3.org/2001/XMLSchema#string	
http://rdf.freebase.com/ns/m.0t1gh	Hastings	http://rdf.freebase.com/ns/type.object.key	Key	/wikipedia/sr/Hastings_(Iowa)	http://www.w3.org/2001/XMLSchema#string	
http://rdf.freebase.com/ns/m.0t1gh	Hastings	http://rdf.freebase.com/ns/type.object.key	Key	/wikipedia/sr/Хејстингс,_IA	http://www.w3.org/2001/XMLSchema#string	
http://rdf.freebase.com/ns/m.0t1gh	Hastings	http://rdf.freebase.com/ns/type.object.key	Key	/wikipedia/sr/Хејстингс,_Ајова	http://www.w3.org/2001/XMLSchema#string	
http://rdf.freebase.com/ns/m.0t1gh	Hastings	http://rdf.freebase.com/ns/type.object.key	Key	/wikipedia/sr/Хејстингс_(IA)	http://www.w3.org/2001/XMLSchema#string	
http://rdf.freebase.com/ns/m.0t1gh	Hastings	http://rdf.freebase.com/ns/type.object.key	Key	/wikipedia/sr/Хејстингс_(Ајова)	http://www.w3.org/2001/XMLSchema#string	
http://rdf.freebase.com/ns/m.0t1gh	Hastings	http://rdf.freebase.com/ns/type.object.key	Key	/wikipedia/sr_id/700304	http://www.w3.org/2001/XMLSchema#string	
http://rdf.freebase.com/ns/m.0t1gh	Hastings	http://rdf.freebase.com/ns/type.object.key	Key	/wikipedia/sr_title/Хејстингс_(Ајова)	http://www.w3.org/2001/XMLSchema#string	
http://rdf.freebase.com/ns/m.0t1gh	Hastings	http://rdf.freebase.com/ns/type.object.key	Key	/wikipedia/vi/Hastings,_Iowa	http://www.w3.org/2001/XMLSchema#string	
http://rdf.freebase.com/ns/m.0t1gh	Hastings	http://rdf.freebase.com/ns/type.object.key	Key	/wikipedia/vi_id/1540638	http://www.w3.org/2001/XMLSchema#string	
http://rdf.freebase.com/ns/m.0t1gh	Hastings	http://rdf.freebase.com/ns/type.object.key	Key	/wikipedia/vi_title/Hastings,_Iowa	http://www.w3.org/2001/XMLSchema#string	
http://rdf.freebase.com/ns/m.0t1gh	Hastings	http://rdf.freebase.com/ns/type.object.name	Name	Hastings	http://www.w3.org/1999/02/22-rdf-syntax-ns#langString	
http://rdf.freebase.com/ns/m.0t1gh	Hastings	http://rdf.freebase.com/ns/type.object.type	Type	http://rdf.freebase.com/ns/base.type_ontology.abstract	entity	Abstract
http://rdf.freebase.com/ns/m.0t1gh	Hastings	http://rdf.freebase.com/ns/type.object.type	Type	http://rdf.freebase.com/ns/base.type_ontology.agent	entity	Agent
http://rdf.freebase.com/ns/m.0t1gh	Hastings	http://rdf.freebase.com/ns/type.object.type	Type	http://rdf.freebase.com/ns/base.type_ontology.inanimate	entity	Inanimate
http://rdf.freebase.com/ns/m.0t1gh	Hastings	http://rdf.freebase.com/ns/type.object.type	Type	http://rdf.freebase.com/ns/base.wikipedia_infobox.settlement	entity	Settlement
http://rdf.freebase.com/ns/m.0t1gh	Hastings	http://rdf.freebase.com/ns/type.object.type	Type	http://rdf.freebase.com/ns/common.topic	entity	Topic
http://rdf.freebase.com/ns/m.0t1gh	Hastings	http://rdf.freebase.com/ns/type.object.type	Type	http://rdf.freebase.com/ns/location.citytown	entity	City/Town/Village
http://rdf.freebase.com/ns/m.0t1gh	Hastings	http://rdf.freebase.com/ns/type.object.type	Type	http://rdf.freebase.com/ns/location.dated_location	entity	Dated location
http://rdf.freebase.com/ns/m.0t1gh	Hastings	http://rdf.freebase.com/ns/type.object.type	Type	http://rdf.freebase.com/ns/location.hud_county_place	entity	HUD County Place
http://rdf.freebase.com/ns/m.0t1gh	Hastings	http://rdf.freebase.com/ns/type.object.type	Type	http://rdf.freebase.com/ns/location.hud_foreclosure_area	entity	HUD Foreclosure Area
http://rdf.freebase.com/ns/m.0t1gh	Hastings	http://rdf.freebase.com/ns/type.object.type	Type	http://rdf.freebase.com/ns/location.location	entity	Location
http://rdf.freebase.com/ns/m.0t1gh	Hastings	http://rdf.freebase.com/ns/type.object.type	Type	http://rdf.freebase.com/ns/location.statistical_region	entity	Statistical region
http://rdf.freebase.com/ns/m.0t1gh	Hastings	http://www.w3.org/1999/02/22-rdf-syntax-ns#type	type	http://rdf.freebase.com/ns/base.type_ontology.abstract	entity	Abstract
http://rdf.freebase.com/ns/m.0t1gh	Hastings	http://www.w3.org/1999/02/22-rdf-syntax-ns#type	type	http://rdf.freebase.com/ns/base.type_ontology.agent	entity	Agent
http://rdf.freebase.com/ns/m.0t1gh	Hastings	http://www.w3.org/1999/02/22-rdf-syntax-ns#type	type	http://rdf.freebase.com/ns/base.type_ontology.inanimate	entity	Inanimate
http://rdf.freebase.com/ns/m.0t1gh	Hastings	http://www.w3.org/1999/02/22-rdf-syntax-ns#type	type	http://rdf.freebase.com/ns/base.wikipedia_infobox.settlement	entity	Settlement
http://rdf.freebase.com/ns/m.0t1gh	Hastings	http://www.w3.org/1999/02/22-rdf-syntax-ns#type	type	http://rdf.freebase.com/ns/common.topic	entity	Topic
http://rdf.freebase.com/ns/m.0t1gh	Hastings	http://www.w3.org/1999/02/22-rdf-syntax-ns#type	type	http://rdf.freebase.com/ns/location.citytown	entity	City/Town/Village
http://rdf.freebase.com/ns/m.0t1gh	Hastings	http://www.w3.org/1999/02/22-rdf-syntax-ns#type	type	http://rdf.freebase.com/ns/location.dated_location	entity	Dated location
http://rdf.freebase.com/ns/m.0t1gh	Hastings	http://www.w3.org/1999/02/22-rdf-syntax-ns#type	type	http://rdf.freebase.com/ns/location.hud_county_place	entity	HUD County Place
http://rdf.freebase.com/ns/m.0t1gh	Hastings	http://www.w3.org/1999/02/22-rdf-syntax-ns#type	type	http://rdf.freebase.com/ns/location.hud_foreclosure_area	entity	HUD Foreclosure Area
http://rdf.freebase.com/ns/m.0t1gh	Hastings	http://www.w3.org/1999/02/22-rdf-syntax-ns#type	type	http://rdf.freebase.com/ns/location.location	entity	Location
http://rdf.freebase.com/ns/m.0t1gh	Hastings	http://www.w3.org/1999/02/22-rdf-syntax-ns#type	type	http://rdf.freebase.com/ns/location.statistical_region	entity	Statistical region
http://rdf.freebase.com/ns/m.0t1gh	Hastings	http://www.w3.org/2000/01/rdf-schema#label	label	Hastings	http://www.w3.org/1999/02/22-rdf-syntax-ns#langString	
http://rdf.freebase.com/ns/m.0t1gh	Hastings	http://www.w3.org/2000/01/rdf-schema#label	label	Hastings	http://www.w3.org/2001/XMLSchema#string	
http://rdf.freebase.com/ns/m.0t1gh	Hastings	http://www.w3.org/2003/01/geo/wgs84_pos#lat	latitude	41.023889	http://www.w3.org/2001/XMLSchema#float	
http://rdf.freebase.com/ns/m.0t1gh	Hastings	http://www.w3.org/2003/01/geo/wgs84_pos#long	longitude	-95.497222	http://www.w3.org/2001/XMLSchema#float	
