sub	subl	prop	propl	obj	obj_t	obj_l
http://www.wikidata.org/entity/Q2544149	Hastings	http://schema.org/description	description	city in Michigan	http://www.w3.org/1999/02/22-rdf-syntax-ns#langString	
http://www.wikidata.org/entity/Q2544149	Hastings	http://www.w3.org/1999/02/22-rdf-syntax-ns#type	type	http://www.wikidata.org/entity/Q515	entity	city
http://www.wikidata.org/entity/Q2544149	Hastings	http://www.w3.org/1999/02/22-rdf-syntax-ns#type	type	http://www.wikidata.org/ontology#Item	entity	Item
http://www.wikidata.org/entity/Q2544149	Hastings	http://www.w3.org/2000/01/rdf-schema#label	label	Hastings	http://www.w3.org/1999/02/22-rdf-syntax-ns#langString	
http://www.wikidata.org/entity/Q2544149	Hastings	http://www.w3.org/2003/01/geo/wgs84_pos#lat	latitude	42.6458	http://www.w3.org/2001/XMLSchema#float	
http://www.wikidata.org/entity/Q2544149	Hastings	http://www.w3.org/2003/01/geo/wgs84_pos#long	longitude	-85.2908	http://www.w3.org/2001/XMLSchema#float	
http://www.wikidata.org/entity/Q2544149	Hastings	http://www.w3.org/2004/02/skos/core#altLabel	alternative label	Hastings, Michigan	http://www.w3.org/1999/02/22-rdf-syntax-ns#langString	
http://www.wikidata.org/entity/Q2544149	Hastings	http://www.wikidata.org/entity/P131c	located in the administrative territorial entity	http://www.wikidata.org/entity/Q133854	entity	Barry County
http://www.wikidata.org/entity/Q2544149	Hastings	http://www.wikidata.org/entity/P1566c	GeoNames ID	4995520	http://www.w3.org/2001/XMLSchema#string	
http://www.wikidata.org/entity/Q2544149	Hastings	http://www.wikidata.org/entity/P17c	country	http://www.wikidata.org/entity/Q30	entity	United States of America
http://www.wikidata.org/entity/Q2544149	Hastings	http://www.wikidata.org/entity/P18c	image	http://commons.wikimedia.org/wiki/File:HastingsCourthouse.jpg	uri	null
http://www.wikidata.org/entity/Q2544149	Hastings	http://www.wikidata.org/entity/P2044c	elevation above sea level	246	http://www.w3.org/2001/XMLSchema#decimal	
http://www.wikidata.org/entity/Q2544149	Hastings	http://www.wikidata.org/entity/P2046c	area	13680000	http://www.w3.org/2001/XMLSchema#decimal	
http://www.wikidata.org/entity/Q2544149	Hastings	http://www.wikidata.org/entity/P281c	postal code	49058	http://www.w3.org/2001/XMLSchema#string	
http://www.wikidata.org/entity/Q2544149	Hastings	http://www.wikidata.org/entity/P31c	instance of	http://www.wikidata.org/entity/Q515	entity	city
http://www.wikidata.org/entity/Q2544149	Hastings	http://www.wikidata.org/entity/P373c	Commons category	Hastings, Michigan	http://www.w3.org/2001/XMLSchema#string	
http://www.wikidata.org/entity/Q2544149	Hastings	http://www.wikidata.org/entity/P590c	GNIS ID	1618841	http://www.w3.org/2001/XMLSchema#string	
http://www.wikidata.org/entity/Q2544149	Hastings	http://www.wikidata.org/entity/P646-freebase	Freebase ID	http://rdf.freebase.com/ns/m.0v1qm	entity	Hastings
http://www.wikidata.org/entity/Q2544149	Hastings	http://www.wikidata.org/entity/P646c	Freebase ID	/m/0v1qm	http://www.w3.org/2001/XMLSchema#string	
http://www.wikidata.org/entity/Q2544149	Hastings	http://www.wikidata.org/entity/P774c	FIPS 55-3 (locations in the US)	26-37120	http://www.w3.org/2001/XMLSchema#string	
http://www.wikidata.org/entity/Q2544149	Hastings	http://www.wikidata.org/entity/P910c	topic's main category	http://www.wikidata.org/entity/Q8506071	entity	Category:Hastings, Michigan
