sub	subl	prop	propl	obj	obj_t	obj_l
http://dbpedia.org/resource/Hastings,_Michigan	Hastings, Michigan	http://dbpedia.org/ontology/PopulatedPlace/areaTotal	area total (km2)	13.67513722257408	http://dbpedia.org/datatype/squareKilometre	
http://dbpedia.org/resource/Hastings,_Michigan	Hastings, Michigan	http://dbpedia.org/ontology/PopulatedPlace/areaTotal	area total (km2)	13.68	http://dbpedia.org/datatype/squareKilometre	
http://dbpedia.org/resource/Hastings,_Michigan	Hastings, Michigan	http://dbpedia.org/ontology/PopulatedPlace/populationDensity	population density (/sqkm)	545.7554010997472	http://dbpedia.org/datatype/inhabitantsPerSquareKilometre	
http://dbpedia.org/resource/Hastings,_Michigan	Hastings, Michigan	http://dbpedia.org/ontology/PopulatedPlace/populationDensity	population density (/sqkm)	545.8	http://dbpedia.org/datatype/inhabitantsPerSquareKilometre	
http://dbpedia.org/resource/Hastings,_Michigan	Hastings, Michigan	http://dbpedia.org/ontology/abstract	has abstract	Hastings is a city in the U.S. state of Michigan, the county seat of Barry County as well as the county's only city. The population was 7,350 at the 2010 census. The city borders Hastings Charter Township on the north, east, and south, and Rutland Charter Township on the west. Hastings is part of the Grand Rapids-Wyoming metropolitan area.	http://www.w3.org/1999/02/22-rdf-syntax-ns#langString	
http://dbpedia.org/resource/Hastings,_Michigan	Hastings, Michigan	http://dbpedia.org/ontology/areaCode	area code	269	http://www.w3.org/2001/XMLSchema#string	
http://dbpedia.org/resource/Hastings,_Michigan	Hastings, Michigan	http://dbpedia.org/ontology/areaLand	area land (m2)	1.34679e+07	http://www.w3.org/2001/XMLSchema#double	
http://dbpedia.org/resource/Hastings,_Michigan	Hastings, Michigan	http://dbpedia.org/ontology/areaLand	area land (m2)	1.347e+07	http://www.w3.org/2001/XMLSchema#double	
http://dbpedia.org/resource/Hastings,_Michigan	Hastings, Michigan	http://dbpedia.org/ontology/areaTotal	area total (m2)	1.36751e+07	http://www.w3.org/2001/XMLSchema#double	
http://dbpedia.org/resource/Hastings,_Michigan	Hastings, Michigan	http://dbpedia.org/ontology/areaTotal	area total (m2)	1.368e+07	http://www.w3.org/2001/XMLSchema#double	
http://dbpedia.org/resource/Hastings,_Michigan	Hastings, Michigan	http://dbpedia.org/ontology/areaWater	area water (m2)	207199.0	http://www.w3.org/2001/XMLSchema#double	
http://dbpedia.org/resource/Hastings,_Michigan	Hastings, Michigan	http://dbpedia.org/ontology/areaWater	area water (m2)	210000.0	http://www.w3.org/2001/XMLSchema#double	
http://dbpedia.org/resource/Hastings,_Michigan	Hastings, Michigan	http://dbpedia.org/ontology/country	country	http://dbpedia.org/resource/United_States	entity	United States
http://dbpedia.org/resource/Hastings,_Michigan	Hastings, Michigan	http://dbpedia.org/ontology/elevation	elevation (μ)	245.974	http://www.w3.org/2001/XMLSchema#double	
http://dbpedia.org/resource/Hastings,_Michigan	Hastings, Michigan	http://dbpedia.org/ontology/elevation	elevation (μ)	246.0	http://www.w3.org/2001/XMLSchema#double	
http://dbpedia.org/resource/Hastings,_Michigan	Hastings, Michigan	http://dbpedia.org/ontology/isPartOf	is part of	http://dbpedia.org/resource/Barry_County,_Michigan	entity	Barry County, Michigan
http://dbpedia.org/resource/Hastings,_Michigan	Hastings, Michigan	http://dbpedia.org/ontology/isPartOf	is part of	http://dbpedia.org/resource/Michigan	entity	Michigan
http://dbpedia.org/resource/Hastings,_Michigan	Hastings, Michigan	http://dbpedia.org/ontology/populationDensity	population density (/sqkm)	545.755	http://www.w3.org/2001/XMLSchema#double	
http://dbpedia.org/resource/Hastings,_Michigan	Hastings, Michigan	http://dbpedia.org/ontology/populationDensity	population density (/sqkm)	545.8	http://www.w3.org/2001/XMLSchema#double	
http://dbpedia.org/resource/Hastings,_Michigan	Hastings, Michigan	http://dbpedia.org/ontology/populationTotal	population total	7350	http://www.w3.org/2001/XMLSchema#nonNegativeInteger	
http://dbpedia.org/resource/Hastings,_Michigan	Hastings, Michigan	http://dbpedia.org/ontology/postalCode	postal code	49058	http://www.w3.org/2001/XMLSchema#string	
http://dbpedia.org/resource/Hastings,_Michigan	Hastings, Michigan	http://dbpedia.org/ontology/thumbnail	thumbnail	http://commons.wikimedia.org/wiki/Special:FilePath/HastingsCourthouse.jpg?width=300	uri	null
http://dbpedia.org/resource/Hastings,_Michigan	Hastings, Michigan	http://dbpedia.org/ontology/timeZone	time zone	http://dbpedia.org/resource/North_American_Eastern_Time_Zone	entity	North American Eastern Time Zone
http://dbpedia.org/resource/Hastings,_Michigan	Hastings, Michigan	http://dbpedia.org/ontology/type	type	http://dbpedia.org/resource/City	entity	City
http://dbpedia.org/resource/Hastings,_Michigan	Hastings, Michigan	http://dbpedia.org/ontology/utcOffset	UTC offset	-4	http://www.w3.org/2001/XMLSchema#string	
http://dbpedia.org/resource/Hastings,_Michigan	Hastings, Michigan	http://dbpedia.org/ontology/utcOffset	UTC offset	-5	http://www.w3.org/2001/XMLSchema#string	
http://dbpedia.org/resource/Hastings,_Michigan	Hastings, Michigan	http://dbpedia.org/ontology/wikiPageExternalLink	Link from a Wikipage to an external page	http://history.rays-place.com/mi/barry-hastings-city1.htm	uri	null
http://dbpedia.org/resource/Hastings,_Michigan	Hastings, Michigan	http://dbpedia.org/ontology/wikiPageExternalLink	Link from a Wikipage to an external page	http://www.barryisd.org/	uri	null
http://dbpedia.org/resource/Hastings,_Michigan	Hastings, Michigan	http://dbpedia.org/ontology/wikiPageExternalLink	Link from a Wikipage to an external page	http://www.bccsk12.com/	uri	null
http://dbpedia.org/resource/Hastings,_Michigan	Hastings, Michigan	http://dbpedia.org/ontology/wikiPageExternalLink	Link from a Wikipage to an external page	http://www.dioceseofkalamazoo.org/parishes/stroseoflima-hastings.html	uri	null
http://dbpedia.org/resource/Hastings,_Michigan	Hastings, Michigan	http://dbpedia.org/ontology/wikiPageExternalLink	Link from a Wikipage to an external page	http://www.hassk12.org/education/district/district.php?sectionid=1	uri	null
http://dbpedia.org/resource/Hastings,_Michigan	Hastings, Michigan	http://dbpedia.org/ontology/wikiPageExternalLink	Link from a Wikipage to an external page	http://www.hassk12.org/education/school/school.php?sectionid=2	uri	null
http://dbpedia.org/resource/Hastings,_Michigan	Hastings, Michigan	http://dbpedia.org/ontology/wikiPageExternalLink	Link from a Wikipage to an external page	http://www.hassk12.org/education/school/school.php?sectionid=4	uri	null
http://dbpedia.org/resource/Hastings,_Michigan	Hastings, Michigan	http://dbpedia.org/ontology/wikiPageExternalLink	Link from a Wikipage to an external page	http://www.hassk12.org/education/school/school.php?sectionid=5	uri	null
http://dbpedia.org/resource/Hastings,_Michigan	Hastings, Michigan	http://dbpedia.org/ontology/wikiPageExternalLink	Link from a Wikipage to an external page	http://www.hassk12.org/education/school/school.php?sectionid=7	uri	null
http://dbpedia.org/resource/Hastings,_Michigan	Hastings, Michigan	http://dbpedia.org/ontology/wikiPageExternalLink	Link from a Wikipage to an external page	http://www.hassk12.org/education/school/school.php?sectionid=8	uri	null
http://dbpedia.org/resource/Hastings,_Michigan	Hastings, Michigan	http://dbpedia.org/ontology/wikiPageExternalLink	Link from a Wikipage to an external page	http://www.hastingsmi.org/	uri	null
http://dbpedia.org/resource/Hastings,_Michigan	Hastings, Michigan	http://dbpedia.org/ontology/wikiPageExternalLink	Link from a Wikipage to an external page	http://www.hastingspubliclibrary.org/	uri	null
http://dbpedia.org/resource/Hastings,_Michigan	Hastings, Michigan	http://dbpedia.org/ontology/wikiPageExternalLink	Link from a Wikipage to an external page	http://www.kellogg.edu/regional/fehsenfeld/	uri	null
http://dbpedia.org/resource/Hastings,_Michigan	Hastings, Michigan	http://dbpedia.org/ontology/wikiPageExternalLink	Link from a Wikipage to an external page	http://www.stroseoflimaschool.org/	uri	null
http://dbpedia.org/resource/Hastings,_Michigan	Hastings, Michigan	http://dbpedia.org/ontology/wikiPageID	Wikipage page ID	117088	http://www.w3.org/2001/XMLSchema#integer	
http://dbpedia.org/resource/Hastings,_Michigan	Hastings, Michigan	http://dbpedia.org/ontology/wikiPageLength	page length (characters) of wiki page	14920	http://www.w3.org/2001/XMLSchema#nonNegativeInteger	
http://dbpedia.org/resource/Hastings,_Michigan	Hastings, Michigan	http://dbpedia.org/ontology/wikiPageOutDegree	Wiki page out degree	72	http://www.w3.org/2001/XMLSchema#nonNegativeInteger	
http://dbpedia.org/resource/Hastings,_Michigan	Hastings, Michigan	http://dbpedia.org/ontology/wikiPageRevisionID	Wikipage revision ID	743241299	http://www.w3.org/2001/XMLSchema#integer	
http://dbpedia.org/resource/Hastings,_Michigan	Hastings, Michigan	http://purl.org/dc/terms/subject	Subject	http://dbpedia.org/resource/Category:1836_establishments_in_Michigan_Territory	entity	1836 establishments in Michigan Territory
http://dbpedia.org/resource/Hastings,_Michigan	Hastings, Michigan	http://purl.org/dc/terms/subject	Subject	http://dbpedia.org/resource/Category:Cities_in_Barry_County,_Michigan	entity	Cities in Barry County, Michigan
http://dbpedia.org/resource/Hastings,_Michigan	Hastings, Michigan	http://purl.org/dc/terms/subject	Subject	http://dbpedia.org/resource/Category:Cities_in_Michigan	entity	Cities in Michigan
http://dbpedia.org/resource/Hastings,_Michigan	Hastings, Michigan	http://purl.org/dc/terms/subject	Subject	http://dbpedia.org/resource/Category:County_seats_in_Michigan	entity	County seats in Michigan
http://dbpedia.org/resource/Hastings,_Michigan	Hastings, Michigan	http://purl.org/dc/terms/subject	Subject	http://dbpedia.org/resource/Category:Grand_Rapids_metropolitan_area	entity	Grand Rapids metropolitan area
http://dbpedia.org/resource/Hastings,_Michigan	Hastings, Michigan	http://purl.org/dc/terms/subject	Subject	http://dbpedia.org/resource/Category:Hastings,_Michigan	entity	Hastings, Michigan
http://dbpedia.org/resource/Hastings,_Michigan	Hastings, Michigan	http://purl.org/dc/terms/subject	Subject	http://dbpedia.org/resource/Category:Populated_places_established_in_1836	entity	Populated places established in 1836
http://dbpedia.org/resource/Hastings,_Michigan	Hastings, Michigan	http://www.georss.org/georss/point	null	42.645833333333336 -85.29083333333334	http://www.w3.org/2001/XMLSchema#string	
http://dbpedia.org/resource/Hastings,_Michigan	Hastings, Michigan	http://www.georss.org/georss/point	null	42.647222222222226 -85.28694444444444	http://www.w3.org/2001/XMLSchema#string	
http://dbpedia.org/resource/Hastings,_Michigan	Hastings, Michigan	http://www.w3.org/1999/02/22-rdf-syntax-ns#type	type	http://dbpedia.org/ontology/City	entity	city
http://dbpedia.org/resource/Hastings,_Michigan	Hastings, Michigan	http://www.w3.org/1999/02/22-rdf-syntax-ns#type	type	http://dbpedia.org/ontology/Location	uri	null
http://dbpedia.org/resource/Hastings,_Michigan	Hastings, Michigan	http://www.w3.org/1999/02/22-rdf-syntax-ns#type	type	http://dbpedia.org/ontology/Place	entity	place
http://dbpedia.org/resource/Hastings,_Michigan	Hastings, Michigan	http://www.w3.org/1999/02/22-rdf-syntax-ns#type	type	http://dbpedia.org/ontology/PopulatedPlace	entity	populated place
http://dbpedia.org/resource/Hastings,_Michigan	Hastings, Michigan	http://www.w3.org/1999/02/22-rdf-syntax-ns#type	type	http://dbpedia.org/ontology/Settlement	entity	municipality
http://dbpedia.org/resource/Hastings,_Michigan	Hastings, Michigan	http://www.w3.org/1999/02/22-rdf-syntax-ns#type	type	http://schema.org/City	entity	City
http://dbpedia.org/resource/Hastings,_Michigan	Hastings, Michigan	http://www.w3.org/1999/02/22-rdf-syntax-ns#type	type	http://schema.org/Place	entity	Place
http://dbpedia.org/resource/Hastings,_Michigan	Hastings, Michigan	http://www.w3.org/1999/02/22-rdf-syntax-ns#type	type	http://www.w3.org/2002/07/owl#Thing	entity	Thing
http://dbpedia.org/resource/Hastings,_Michigan	Hastings, Michigan	http://www.w3.org/1999/02/22-rdf-syntax-ns#type	type	http://www.w3.org/2003/01/geo/wgs84_pos#SpatialThing	entity	Spatial Thing
http://dbpedia.org/resource/Hastings,_Michigan	Hastings, Michigan	http://www.w3.org/1999/02/22-rdf-syntax-ns#type	type	http://www.wikidata.org/entity/Q486972	entity	human settlement
http://dbpedia.org/resource/Hastings,_Michigan	Hastings, Michigan	http://www.w3.org/1999/02/22-rdf-syntax-ns#type	type	http://www.wikidata.org/entity/Q515	entity	city
http://dbpedia.org/resource/Hastings,_Michigan	Hastings, Michigan	http://www.w3.org/2000/01/rdf-schema#comment	comment	Hastings is a city in the U.S. state of Michigan, the county seat of Barry County as well as the county's only city. The population was 7,350 at the 2010 census. The city borders Hastings Charter Township on the north, east, and south, and Rutland Charter Township on the west. Hastings is part of the Grand Rapids-Wyoming metropolitan area.	http://www.w3.org/1999/02/22-rdf-syntax-ns#langString	
http://dbpedia.org/resource/Hastings,_Michigan	Hastings, Michigan	http://www.w3.org/2000/01/rdf-schema#label	label	Hastings, Michigan	http://www.w3.org/1999/02/22-rdf-syntax-ns#langString	
http://dbpedia.org/resource/Hastings,_Michigan	Hastings, Michigan	http://www.w3.org/2002/07/owl#sameAs	sameAs	http://dbpedia.org/resource/Hastings,_Michigan	entity	Hastings, Michigan
http://dbpedia.org/resource/Hastings,_Michigan	Hastings, Michigan	http://www.w3.org/2002/07/owl#sameAs	sameAs	http://rdf.freebase.com/ns/m.0v1qm	entity	Hastings
http://dbpedia.org/resource/Hastings,_Michigan	Hastings, Michigan	http://www.w3.org/2002/07/owl#sameAs	sameAs	http://sws.geonames.org/4995520/	entity	Hastings
http://dbpedia.org/resource/Hastings,_Michigan	Hastings, Michigan	http://www.w3.org/2002/07/owl#sameAs	sameAs	http://www.wikidata.org/entity/Q2544149	entity	Hastings
http://dbpedia.org/resource/Hastings,_Michigan	Hastings, Michigan	http://www.w3.org/2003/01/geo/wgs84_pos#lat	latitude	42.6458	http://www.w3.org/2001/XMLSchema#float	
http://dbpedia.org/resource/Hastings,_Michigan	Hastings, Michigan	http://www.w3.org/2003/01/geo/wgs84_pos#lat	latitude	42.6472	http://www.w3.org/2001/XMLSchema#float	
http://dbpedia.org/resource/Hastings,_Michigan	Hastings, Michigan	http://www.w3.org/2003/01/geo/wgs84_pos#long	longtitude	-85.2869	http://www.w3.org/2001/XMLSchema#float	
http://dbpedia.org/resource/Hastings,_Michigan	Hastings, Michigan	http://www.w3.org/2003/01/geo/wgs84_pos#long	longtitude	-85.2908	http://www.w3.org/2001/XMLSchema#float	
http://dbpedia.org/resource/Hastings,_Michigan	Hastings, Michigan	http://www.w3.org/ns/prov#wasDerivedFrom	wasDerivedFrom	http://en.wikipedia.org/wiki/Hastings,_Michigan?oldid=743241299	uri	null
http://dbpedia.org/resource/Hastings,_Michigan	Hastings, Michigan	http://xmlns.com/foaf/0.1/depiction	depiction	http://commons.wikimedia.org/wiki/Special:FilePath/HastingsCourthouse.jpg	uri	null
http://dbpedia.org/resource/Hastings,_Michigan	Hastings, Michigan	http://xmlns.com/foaf/0.1/isPrimaryTopicOf	is primary topic of	http://en.wikipedia.org/wiki/Hastings,_Michigan	uri	null
http://dbpedia.org/resource/Hastings,_Michigan	Hastings, Michigan	http://xmlns.com/foaf/0.1/name	name	Hastings	http://www.w3.org/1999/02/22-rdf-syntax-ns#langString	
