sub	subl	prop	propl	obj	obj_t	obj_l
http://rdf.freebase.com/ns/m.013fl8	Hastings	http://rdf.freebase.com/key/authority.gnis	gnis	644715	http://www.w3.org/2001/XMLSchema#string	
http://rdf.freebase.com/ns/m.013fl8	Hastings	http://rdf.freebase.com/key/authority.nist.fips.55	55	2727530	http://www.w3.org/2001/XMLSchema#string	
http://rdf.freebase.com/ns/m.013fl8	Hastings	http://rdf.freebase.com/key/base.dspl.us_census.population.place	place	2727530	http://www.w3.org/2001/XMLSchema#string	
http://rdf.freebase.com/ns/m.013fl8	Hastings	http://rdf.freebase.com/key/en	com/key/en	hastings_minnesota	http://www.w3.org/2001/XMLSchema#string	
http://rdf.freebase.com/ns/m.013fl8	Hastings	http://rdf.freebase.com/key/wikipedia.en	en	Hastings,_Dakota_County,_Minnesota	http://www.w3.org/2001/XMLSchema#string	
http://rdf.freebase.com/ns/m.013fl8	Hastings	http://rdf.freebase.com/key/wikipedia.en	en	Hastings,_MN	http://www.w3.org/2001/XMLSchema#string	
http://rdf.freebase.com/ns/m.013fl8	Hastings	http://rdf.freebase.com/key/wikipedia.en	en	Hastings,_Minnesota	http://www.w3.org/2001/XMLSchema#string	
http://rdf.freebase.com/ns/m.013fl8	Hastings	http://rdf.freebase.com/key/wikipedia.en	en	Hastings,_mn	http://www.w3.org/2001/XMLSchema#string	
http://rdf.freebase.com/ns/m.013fl8	Hastings	http://rdf.freebase.com/key/wikipedia.en_id	en_id	150600	http://www.w3.org/2001/XMLSchema#string	
http://rdf.freebase.com/ns/m.013fl8	Hastings	http://rdf.freebase.com/key/wikipedia.en_title	en_title	Hastings,_Minnesota	http://www.w3.org/2001/XMLSchema#string	
http://rdf.freebase.com/ns/m.013fl8	Hastings	http://rdf.freebase.com/ns/base.wikipedia_infobox.settlement.area_code	Area code	http://rdf.freebase.com/ns/m.057sdk	entity	Area code 651
http://rdf.freebase.com/ns/m.013fl8	Hastings	http://rdf.freebase.com/ns/common.topic.alias	Also known as	Hastings, Minnesota	http://www.w3.org/1999/02/22-rdf-syntax-ns#langString	
http://rdf.freebase.com/ns/m.013fl8	Hastings	http://rdf.freebase.com/ns/common.topic.article	Article	Hastings is a city in Dakota and Washington counties in the U.S. state of Minnesota, near the confluence of the Mississippi and St. Croix Rivers. The population was 22,172 at the 2010 census. It is the county seat of Dakota County. The bulk of Hastings is in Dakota County; only a small part of the city extends into Washington County. The city is named for the first elected governor of the state of Minnesota, Henry Hastings Sibley. The advantages of the location that led to Hastings' original growth are that it is well-drained, provides a good riverboat port, and is close to a hydropower resource at the falls of the Vermillion River. Sites closer to the river confluence are either too swampy (Dakota County) or too hilly (Washington County and Pierce County, Wisconsin). U.S. Route 61 and Minnesota State Highways 55 and 316 are three of the main arterial routes in the city. The area around Hastings was first settled by a military detachment sent from Fort Snelling to guard a blocked shipment of supplies in the winter of 1820. A Lieutenant William. G. Oliver camped in an area that would come to be known as Oliver's Grove and in 1833 a trading post was opened at the same location. After	http://www.w3.org/1999/02/22-rdf-syntax-ns#langString	
http://rdf.freebase.com/ns/m.013fl8	Hastings	http://rdf.freebase.com/ns/common.topic.description	Description	Hastings is a city in Dakota and Washington counties, in the U.S. state of Minnesota, near the confluence of the Mississippi and St. Croix Rivers. The population was 22,172 at the 2010 census. It is the county seat of Dakota County, which contains most of the city; a small part extends into Washington County. The city is named for the first elected governor of the state of Minnesota, Henry Hastings Sibley. The advantages of Hastings's location that led to its original growth are that it is well-drained, provides a good riverboat port, and is close to a hydropower resource at the falls of the Vermillion River. Other sites closer to the river confluence are either too swampy or too hilly. U.S. Highway 61 and Minnesota State Highways 55 and 316 are three of the main routes in Hastings.	http://www.w3.org/1999/02/22-rdf-syntax-ns#langString	
http://rdf.freebase.com/ns/m.013fl8	Hastings	http://rdf.freebase.com/ns/common.topic.image	Image	http://rdf.freebase.com/ns/m.02b_48k	entity	HastingsCH
http://rdf.freebase.com/ns/m.013fl8	Hastings	http://rdf.freebase.com/ns/common.topic.notable_for	Notable for	City/Town/Village	http://www.w3.org/1999/02/22-rdf-syntax-ns#langString	
http://rdf.freebase.com/ns/m.013fl8	Hastings	http://rdf.freebase.com/ns/common.topic.notable_types	Notable types	http://rdf.freebase.com/ns/m.01m9	entity	City/Town/Village
http://rdf.freebase.com/ns/m.013fl8	Hastings	http://rdf.freebase.com/ns/common.topic.official_website	Official website	http://www.ci.hastings.mn.us/	uri	null
http://rdf.freebase.com/ns/m.013fl8	Hastings	http://rdf.freebase.com/ns/common.topic.topic_equivalent_webpage	Topic equivalent webpage	http://ar.wikipedia.org/wiki/%47%27%33%2A%4A%46%3A%32_(%45%4A%46%4A%33%48%2A%27)	uri	null
http://rdf.freebase.com/ns/m.013fl8	Hastings	http://rdf.freebase.com/ns/common.topic.topic_equivalent_webpage	Topic equivalent webpage	http://ar.wikipedia.org/wiki/index.html?curid=904219	uri	null
http://rdf.freebase.com/ns/m.013fl8	Hastings	http://rdf.freebase.com/ns/common.topic.topic_equivalent_webpage	Topic equivalent webpage	http://ca.wikipedia.org/wiki/Hastings_(Minnesota)	uri	null
http://rdf.freebase.com/ns/m.013fl8	Hastings	http://rdf.freebase.com/ns/common.topic.topic_equivalent_webpage	Topic equivalent webpage	http://ca.wikipedia.org/wiki/index.html?curid=692806	uri	null
http://rdf.freebase.com/ns/m.013fl8	Hastings	http://rdf.freebase.com/ns/common.topic.topic_equivalent_webpage	Topic equivalent webpage	http://de.wikipedia.org/wiki/Hastings_(Minnesota)	uri	null
http://rdf.freebase.com/ns/m.013fl8	Hastings	http://rdf.freebase.com/ns/common.topic.topic_equivalent_webpage	Topic equivalent webpage	http://de.wikipedia.org/wiki/index.html?curid=1501774	uri	null
http://rdf.freebase.com/ns/m.013fl8	Hastings	http://rdf.freebase.com/ns/common.topic.topic_equivalent_webpage	Topic equivalent webpage	http://en.wikipedia.org/wiki/Hastings,_Minnesota	uri	null
http://rdf.freebase.com/ns/m.013fl8	Hastings	http://rdf.freebase.com/ns/common.topic.topic_equivalent_webpage	Topic equivalent webpage	http://en.wikipedia.org/wiki/index.html?curid=150600	uri	null
http://rdf.freebase.com/ns/m.013fl8	Hastings	http://rdf.freebase.com/ns/common.topic.topic_equivalent_webpage	Topic equivalent webpage	http://es.wikipedia.org/wiki/Hastings_(Minnesota)	uri	null
http://rdf.freebase.com/ns/m.013fl8	Hastings	http://rdf.freebase.com/ns/common.topic.topic_equivalent_webpage	Topic equivalent webpage	http://es.wikipedia.org/wiki/index.html?curid=4720520	uri	null
http://rdf.freebase.com/ns/m.013fl8	Hastings	http://rdf.freebase.com/ns/common.topic.topic_equivalent_webpage	Topic equivalent webpage	http://fa.wikipedia.org/wiki/%47%CC%33%2A%CC%46%AF%32%0C_%45%CC%46%47%0C%33%48%2A%27	uri	null
http://rdf.freebase.com/ns/m.013fl8	Hastings	http://rdf.freebase.com/ns/common.topic.topic_equivalent_webpage	Topic equivalent webpage	http://fa.wikipedia.org/wiki/index.html?curid=1279727	uri	null
http://rdf.freebase.com/ns/m.013fl8	Hastings	http://rdf.freebase.com/ns/common.topic.topic_equivalent_webpage	Topic equivalent webpage	http://fr.wikipedia.org/wiki/Hastings_(Minnesota)	uri	null
http://rdf.freebase.com/ns/m.013fl8	Hastings	http://rdf.freebase.com/ns/common.topic.topic_equivalent_webpage	Topic equivalent webpage	http://fr.wikipedia.org/wiki/index.html?curid=5880015	uri	null
http://rdf.freebase.com/ns/m.013fl8	Hastings	http://rdf.freebase.com/ns/common.topic.topic_equivalent_webpage	Topic equivalent webpage	http://geonames.usgs.gov/pls/gnispublic/f?p=gnispq:3:::NO::P3_FID:644715	uri	null
http://rdf.freebase.com/ns/m.013fl8	Hastings	http://rdf.freebase.com/ns/common.topic.topic_equivalent_webpage	Topic equivalent webpage	http://it.wikipedia.org/wiki/Hastings_(Minnesota)	uri	null
http://rdf.freebase.com/ns/m.013fl8	Hastings	http://rdf.freebase.com/ns/common.topic.topic_equivalent_webpage	Topic equivalent webpage	http://it.wikipedia.org/wiki/index.html?curid=4671192	uri	null
http://rdf.freebase.com/ns/m.013fl8	Hastings	http://rdf.freebase.com/ns/common.topic.topic_equivalent_webpage	Topic equivalent webpage	http://nl.wikipedia.org/wiki/Hastings_(Minnesota)	uri	null
http://rdf.freebase.com/ns/m.013fl8	Hastings	http://rdf.freebase.com/ns/common.topic.topic_equivalent_webpage	Topic equivalent webpage	http://nl.wikipedia.org/wiki/index.html?curid=1015968	uri	null
http://rdf.freebase.com/ns/m.013fl8	Hastings	http://rdf.freebase.com/ns/common.topic.topic_equivalent_webpage	Topic equivalent webpage	http://pl.wikipedia.org/wiki/Hastings_(Minnesota)	uri	null
http://rdf.freebase.com/ns/m.013fl8	Hastings	http://rdf.freebase.com/ns/common.topic.topic_equivalent_webpage	Topic equivalent webpage	http://pl.wikipedia.org/wiki/index.html?curid=3289894	uri	null
http://rdf.freebase.com/ns/m.013fl8	Hastings	http://rdf.freebase.com/ns/common.topic.topic_equivalent_webpage	Topic equivalent webpage	http://pt.wikipedia.org/wiki/Hastings_(Minnesota)	uri	null
http://rdf.freebase.com/ns/m.013fl8	Hastings	http://rdf.freebase.com/ns/common.topic.topic_equivalent_webpage	Topic equivalent webpage	http://pt.wikipedia.org/wiki/index.html?curid=1359378	uri	null
http://rdf.freebase.com/ns/m.013fl8	Hastings	http://rdf.freebase.com/ns/common.topic.topic_equivalent_webpage	Topic equivalent webpage	http://ru.wikipedia.org/wiki/%25%35%39%41%42%38%3D%33%41_(%33%3E%40%3E%34,_%1C%38%3D%3D%35%41%3E%42%30)	uri	null
http://rdf.freebase.com/ns/m.013fl8	Hastings	http://rdf.freebase.com/ns/common.topic.topic_equivalent_webpage	Topic equivalent webpage	http://ru.wikipedia.org/wiki/index.html?curid=2895886	uri	null
http://rdf.freebase.com/ns/m.013fl8	Hastings	http://rdf.freebase.com/ns/common.topic.topic_equivalent_webpage	Topic equivalent webpage	http://sr.wikipedia.org/wiki/%25%35%58%41%42%38%3D%33%41_(%1C%38%3D%35%41%3E%42%30)	uri	null
http://rdf.freebase.com/ns/m.013fl8	Hastings	http://rdf.freebase.com/ns/common.topic.topic_equivalent_webpage	Topic equivalent webpage	http://sr.wikipedia.org/wiki/index.html?curid=765707	uri	null
http://rdf.freebase.com/ns/m.013fl8	Hastings	http://rdf.freebase.com/ns/common.topic.topic_equivalent_webpage	Topic equivalent webpage	http://uk.wikipedia.org/wiki/%13%30%41%42%56%3D%91%41_(%1C%56%3D%3D%35%41%3E%42%30)	uri	null
http://rdf.freebase.com/ns/m.013fl8	Hastings	http://rdf.freebase.com/ns/common.topic.topic_equivalent_webpage	Topic equivalent webpage	http://uk.wikipedia.org/wiki/index.html?curid=1773621	uri	null
http://rdf.freebase.com/ns/m.013fl8	Hastings	http://rdf.freebase.com/ns/common.topic.topic_equivalent_webpage	Topic equivalent webpage	http://vi.wikipedia.org/wiki/Hastings,_Minnesota	uri	null
http://rdf.freebase.com/ns/m.013fl8	Hastings	http://rdf.freebase.com/ns/common.topic.topic_equivalent_webpage	Topic equivalent webpage	http://vi.wikipedia.org/wiki/index.html?curid=572910	uri	null
http://rdf.freebase.com/ns/m.013fl8	Hastings	http://rdf.freebase.com/ns/common.topic.webpage	Web Link(s)	http://rdf.freebase.com/ns/m.03l5bpj	uri	null
http://rdf.freebase.com/ns/m.013fl8	Hastings	http://rdf.freebase.com/ns/kg.object_profile.prominent_type	prominent type	http://rdf.freebase.com/ns/location.citytown	entity	City/Town/Village
http://rdf.freebase.com/ns/m.013fl8	Hastings	http://rdf.freebase.com/ns/location.capital_of_administrative_division.capital_of	Capital of	http://rdf.freebase.com/ns/m.0jvw1v1	entity	Dakota County
http://rdf.freebase.com/ns/m.013fl8	Hastings	http://rdf.freebase.com/ns/location.citytown.postal_codes	Postal codes	http://rdf.freebase.com/ns/m.01_yk6k	entity	55033
http://rdf.freebase.com/ns/m.013fl8	Hastings	http://rdf.freebase.com/ns/location.location.area	Area	28.96	http://www.w3.org/2001/XMLSchema#string	
http://rdf.freebase.com/ns/m.013fl8	Hastings	http://rdf.freebase.com/ns/location.location.containedby	Contained by	http://rdf.freebase.com/ns/m.09c7w0	entity	United States of America
http://rdf.freebase.com/ns/m.013fl8	Hastings	http://rdf.freebase.com/ns/location.location.containedby	Contained by	http://rdf.freebase.com/ns/m.0ngy8	entity	Washington County
http://rdf.freebase.com/ns/m.013fl8	Hastings	http://rdf.freebase.com/ns/location.location.containedby	Contained by	http://rdf.freebase.com/ns/m.0nhr5	entity	Dakota County
http://rdf.freebase.com/ns/m.013fl8	Hastings	http://rdf.freebase.com/ns/location.location.contains	Contains	http://rdf.freebase.com/ns/m.02p_71f	entity	Byron Howes House
http://rdf.freebase.com/ns/m.013fl8	Hastings	http://rdf.freebase.com/ns/location.location.contains	Contains	http://rdf.freebase.com/ns/m.02q5vm3	entity	Dakota County Courthouse
http://rdf.freebase.com/ns/m.013fl8	Hastings	http://rdf.freebase.com/ns/location.location.contains	Contains	http://rdf.freebase.com/ns/m.02r977m	entity	West Second Street Residential Historic District
http://rdf.freebase.com/ns/m.013fl8	Hastings	http://rdf.freebase.com/ns/location.location.contains	Contains	http://rdf.freebase.com/ns/m.03cf8hw	entity	First Presbyterian Church
http://rdf.freebase.com/ns/m.013fl8	Hastings	http://rdf.freebase.com/ns/location.location.contains	Contains	http://rdf.freebase.com/ns/m.03cf91r	entity	Hastings Methodist Episcopal Church
http://rdf.freebase.com/ns/m.013fl8	Hastings	http://rdf.freebase.com/ns/location.location.contains	Contains	http://rdf.freebase.com/ns/m.03cf9h4	entity	Thompson-Fasbender House
http://rdf.freebase.com/ns/m.013fl8	Hastings	http://rdf.freebase.com/ns/location.location.contains	Contains	http://rdf.freebase.com/ns/m.03cf9wp	entity	VanDyke-Libby House
http://rdf.freebase.com/ns/m.013fl8	Hastings	http://rdf.freebase.com/ns/location.location.contains	Contains	http://rdf.freebase.com/ns/m.03cfd9_	entity	William G. LeDuc House
http://rdf.freebase.com/ns/m.013fl8	Hastings	http://rdf.freebase.com/ns/location.location.contains	Contains	http://rdf.freebase.com/ns/m.03qj31x	entity	Hastings Foundry-Star Iron Works
http://rdf.freebase.com/ns/m.013fl8	Hastings	http://rdf.freebase.com/ns/location.location.contains	Contains	http://rdf.freebase.com/ns/m.03qj3fl	entity	Rudolph Latto House
http://rdf.freebase.com/ns/m.013fl8	Hastings	http://rdf.freebase.com/ns/location.location.contains	Contains	http://rdf.freebase.com/ns/m.03qj3ld	entity	MacDonald-Todd House
http://rdf.freebase.com/ns/m.013fl8	Hastings	http://rdf.freebase.com/ns/location.location.contains	Contains	http://rdf.freebase.com/ns/m.03qj3ws	entity	Ignatius Eckert House
http://rdf.freebase.com/ns/m.013fl8	Hastings	http://rdf.freebase.com/ns/location.location.contains	Contains	http://rdf.freebase.com/ns/m.03qk3cw	entity	Ramsey Mill and Old Mill Park
http://rdf.freebase.com/ns/m.013fl8	Hastings	http://rdf.freebase.com/ns/location.location.contains	Contains	http://rdf.freebase.com/ns/m.047pkdd	entity	Norrish House
http://rdf.freebase.com/ns/m.013fl8	Hastings	http://rdf.freebase.com/ns/location.location.contains	Contains	http://rdf.freebase.com/ns/m.06_c6c_	entity	Fasbender Clinic Building
http://rdf.freebase.com/ns/m.013fl8	Hastings	http://rdf.freebase.com/ns/location.location.contains	Contains	http://rdf.freebase.com/ns/m.06_cbwh	entity	William G. Le Duc House
http://rdf.freebase.com/ns/m.013fl8	Hastings	http://rdf.freebase.com/ns/location.location.contains	Contains	http://rdf.freebase.com/ns/m.06_cdkp	entity	East Second Street Commercial Historic District
http://rdf.freebase.com/ns/m.013fl8	Hastings	http://rdf.freebase.com/ns/location.location.contains	Contains	http://rdf.freebase.com/ns/m.0h7gnxb	entity	Hastings Beauty School
http://rdf.freebase.com/ns/m.013fl8	Hastings	http://rdf.freebase.com/ns/location.location.contains	Contains	http://rdf.freebase.com/ns/m.0lnlk04	entity	County Seat Lounge
http://rdf.freebase.com/ns/m.013fl8	Hastings	http://rdf.freebase.com/ns/location.location.contains	Contains	http://rdf.freebase.com/ns/m.0ynshry	entity	St. Luke's Episcopal Church
http://rdf.freebase.com/ns/m.013fl8	Hastings	http://rdf.freebase.com/ns/location.location.gnis_feature_id	GNIS ID	644715	http://www.w3.org/2001/XMLSchema#string	
http://rdf.freebase.com/ns/m.013fl8	Hastings	http://rdf.freebase.com/ns/location.location.people_born_here	People born here	http://rdf.freebase.com/ns/m.02qz7b0	entity	Harry Oliver
http://rdf.freebase.com/ns/m.013fl8	Hastings	http://rdf.freebase.com/ns/location.location.people_born_here	People born here	http://rdf.freebase.com/ns/m.02rl26y	entity	Harry A. Sieben
http://rdf.freebase.com/ns/m.013fl8	Hastings	http://rdf.freebase.com/ns/location.location.people_born_here	People born here	http://rdf.freebase.com/ns/m.0465p3k	entity	Laurence C. Hodgson
http://rdf.freebase.com/ns/m.013fl8	Hastings	http://rdf.freebase.com/ns/location.location.people_born_here	People born here	http://rdf.freebase.com/ns/m.04d_xdt	entity	Michael Gergen
http://rdf.freebase.com/ns/m.013fl8	Hastings	http://rdf.freebase.com/ns/location.location.people_born_here	People born here	http://rdf.freebase.com/ns/m.04llvt	entity	Gratia Countryman
http://rdf.freebase.com/ns/m.013fl8	Hastings	http://rdf.freebase.com/ns/location.location.people_born_here	People born here	http://rdf.freebase.com/ns/m.05332b	entity	Jackie Biskupski
http://rdf.freebase.com/ns/m.013fl8	Hastings	http://rdf.freebase.com/ns/location.location.people_born_here	People born here	http://rdf.freebase.com/ns/m.09gn05_	entity	Denny McNamara
http://rdf.freebase.com/ns/m.013fl8	Hastings	http://rdf.freebase.com/ns/location.location.people_born_here	People born here	http://rdf.freebase.com/ns/m.09v8try	entity	Derek Stepan
http://rdf.freebase.com/ns/m.013fl8	Hastings	http://rdf.freebase.com/ns/location.location.people_born_here	People born here	http://rdf.freebase.com/ns/m.0_h9gk4	entity	Chewie K. Darsow
http://rdf.freebase.com/ns/m.013fl8	Hastings	http://rdf.freebase.com/ns/location.location.people_born_here	People born here	http://rdf.freebase.com/ns/m.0_yff_j	entity	Clara Mairs
http://rdf.freebase.com/ns/m.013fl8	Hastings	http://rdf.freebase.com/ns/location.location.people_born_here	People born here	http://rdf.freebase.com/ns/m.0b0mq4	entity	George Ashley Campbell
http://rdf.freebase.com/ns/m.013fl8	Hastings	http://rdf.freebase.com/ns/location.location.people_born_here	People born here	http://rdf.freebase.com/ns/m.0bh76zn	entity	Michael Bauer
http://rdf.freebase.com/ns/m.013fl8	Hastings	http://rdf.freebase.com/ns/location.location.people_born_here	People born here	http://rdf.freebase.com/ns/m.0c_t8z	entity	Gil Dobie
http://rdf.freebase.com/ns/m.013fl8	Hastings	http://rdf.freebase.com/ns/location.location.people_born_here	People born here	http://rdf.freebase.com/ns/m.0ffqrm	entity	Mark Steven Johnson
http://rdf.freebase.com/ns/m.013fl8	Hastings	http://rdf.freebase.com/ns/location.location.people_born_here	People born here	http://rdf.freebase.com/ns/m.0flmmh	entity	Jeff Taffe
http://rdf.freebase.com/ns/m.013fl8	Hastings	http://rdf.freebase.com/ns/location.location.people_born_here	People born here	http://rdf.freebase.com/ns/m.0gbz4n2	entity	John Wald
http://rdf.freebase.com/ns/m.013fl8	Hastings	http://rdf.freebase.com/ns/location.location.people_born_here	People born here	http://rdf.freebase.com/ns/m.0gmcxj8	entity	W. D. Twichell
http://rdf.freebase.com/ns/m.013fl8	Hastings	http://rdf.freebase.com/ns/location.location.people_born_here	People born here	http://rdf.freebase.com/ns/m.0hr291y	entity	Daniel Welch
http://rdf.freebase.com/ns/m.013fl8	Hastings	http://rdf.freebase.com/ns/location.location.people_born_here	People born here	http://rdf.freebase.com/ns/m.0jt0mql	entity	Bob McNamara
http://rdf.freebase.com/ns/m.013fl8	Hastings	http://rdf.freebase.com/ns/location.location.people_born_here	People born here	http://rdf.freebase.com/ns/m.0pb_zkm	entity	T. Alloy Langenfeld
http://rdf.freebase.com/ns/m.013fl8	Hastings	http://rdf.freebase.com/ns/location.location.people_born_here	People born here	http://rdf.freebase.com/ns/m.0t_kgyn	entity	Lee Grossman
http://rdf.freebase.com/ns/m.013fl8	Hastings	http://rdf.freebase.com/ns/location.location.people_born_here	People born here	http://rdf.freebase.com/ns/m.0v1md4z	entity	Jeremy Moon
http://rdf.freebase.com/ns/m.013fl8	Hastings	http://rdf.freebase.com/ns/location.location.time_zones	Time zone(s)	http://rdf.freebase.com/ns/m.02fqwt	entity	Central Time Zone
http://rdf.freebase.com/ns/m.013fl8	Hastings	http://rdf.freebase.com/ns/location.statistical_region.population	Population	15621	http://www.w3.org/2001/XMLSchema#string	
http://rdf.freebase.com/ns/m.013fl8	Hastings	http://rdf.freebase.com/ns/location.statistical_region.population	Population	15851	http://www.w3.org/2001/XMLSchema#string	
http://rdf.freebase.com/ns/m.013fl8	Hastings	http://rdf.freebase.com/ns/location.statistical_region.population	Population	16216	http://www.w3.org/2001/XMLSchema#string	
http://rdf.freebase.com/ns/m.013fl8	Hastings	http://rdf.freebase.com/ns/location.statistical_region.population	Population	16491	http://www.w3.org/2001/XMLSchema#string	
http://rdf.freebase.com/ns/m.013fl8	Hastings	http://rdf.freebase.com/ns/location.statistical_region.population	Population	16529	http://www.w3.org/2001/XMLSchema#string	
http://rdf.freebase.com/ns/m.013fl8	Hastings	http://rdf.freebase.com/ns/location.statistical_region.population	Population	16818	http://www.w3.org/2001/XMLSchema#string	
http://rdf.freebase.com/ns/m.013fl8	Hastings	http://rdf.freebase.com/ns/location.statistical_region.population	Population	17217	http://www.w3.org/2001/XMLSchema#string	
http://rdf.freebase.com/ns/m.013fl8	Hastings	http://rdf.freebase.com/ns/location.statistical_region.population	Population	17500	http://www.w3.org/2001/XMLSchema#string	
http://rdf.freebase.com/ns/m.013fl8	Hastings	http://rdf.freebase.com/ns/location.statistical_region.population	Population	17844	http://www.w3.org/2001/XMLSchema#string	
http://rdf.freebase.com/ns/m.013fl8	Hastings	http://rdf.freebase.com/ns/location.statistical_region.population	Population	18138	http://www.w3.org/2001/XMLSchema#string	
http://rdf.freebase.com/ns/m.013fl8	Hastings	http://rdf.freebase.com/ns/location.statistical_region.population	Population	18300	http://www.w3.org/2001/XMLSchema#string	
http://rdf.freebase.com/ns/m.013fl8	Hastings	http://rdf.freebase.com/ns/location.statistical_region.population	Population	18599	http://www.w3.org/2001/XMLSchema#string	
http://rdf.freebase.com/ns/m.013fl8	Hastings	http://rdf.freebase.com/ns/location.statistical_region.population	Population	19289	http://www.w3.org/2001/XMLSchema#string	
http://rdf.freebase.com/ns/m.013fl8	Hastings	http://rdf.freebase.com/ns/location.statistical_region.population	Population	19826	http://www.w3.org/2001/XMLSchema#string	
http://rdf.freebase.com/ns/m.013fl8	Hastings	http://rdf.freebase.com/ns/location.statistical_region.population	Population	20379	http://www.w3.org/2001/XMLSchema#string	
http://rdf.freebase.com/ns/m.013fl8	Hastings	http://rdf.freebase.com/ns/location.statistical_region.population	Population	20948	http://www.w3.org/2001/XMLSchema#string	
http://rdf.freebase.com/ns/m.013fl8	Hastings	http://rdf.freebase.com/ns/location.statistical_region.population	Population	21422	http://www.w3.org/2001/XMLSchema#string	
http://rdf.freebase.com/ns/m.013fl8	Hastings	http://rdf.freebase.com/ns/location.statistical_region.population	Population	21855	http://www.w3.org/2001/XMLSchema#string	
http://rdf.freebase.com/ns/m.013fl8	Hastings	http://rdf.freebase.com/ns/location.statistical_region.population	Population	22156	http://www.w3.org/2001/XMLSchema#string	
http://rdf.freebase.com/ns/m.013fl8	Hastings	http://rdf.freebase.com/ns/location.statistical_region.population	Population	22172	http://www.w3.org/2001/XMLSchema#string	
http://rdf.freebase.com/ns/m.013fl8	Hastings	http://rdf.freebase.com/ns/location.statistical_region.population	Population	22187	http://www.w3.org/2001/XMLSchema#string	
http://rdf.freebase.com/ns/m.013fl8	Hastings	http://rdf.freebase.com/ns/location.statistical_region.population	Population	22205	http://www.w3.org/2001/XMLSchema#string	
http://rdf.freebase.com/ns/m.013fl8	Hastings	http://rdf.freebase.com/ns/location.statistical_region.population	Population	22246	http://www.w3.org/2001/XMLSchema#string	
http://rdf.freebase.com/ns/m.013fl8	Hastings	http://rdf.freebase.com/ns/location.statistical_region.population	Population	22257	http://www.w3.org/2001/XMLSchema#string	
http://rdf.freebase.com/ns/m.013fl8	Hastings	http://rdf.freebase.com/ns/location.statistical_region.population	Population	22315	http://www.w3.org/2001/XMLSchema#string	
http://rdf.freebase.com/ns/m.013fl8	Hastings	http://rdf.freebase.com/ns/location.statistical_region.population	Population	22359	http://www.w3.org/2001/XMLSchema#string	
http://rdf.freebase.com/ns/m.013fl8	Hastings	http://rdf.freebase.com/ns/location.statistical_region.population	Population	22424	http://www.w3.org/2001/XMLSchema#string	
http://rdf.freebase.com/ns/m.013fl8	Hastings	http://rdf.freebase.com/ns/periodicals.newspaper_circulation_area.newspapers	Newspapers	http://rdf.freebase.com/ns/m.0hqv9sy	entity	Hastings Star Gazette
http://rdf.freebase.com/ns/m.013fl8	Hastings	http://rdf.freebase.com/ns/topic_server.population_number	population number	15621	http://www.w3.org/2001/XMLSchema#string	
http://rdf.freebase.com/ns/m.013fl8	Hastings	http://rdf.freebase.com/ns/topic_server.population_number	population number	15851	http://www.w3.org/2001/XMLSchema#string	
http://rdf.freebase.com/ns/m.013fl8	Hastings	http://rdf.freebase.com/ns/topic_server.population_number	population number	16216	http://www.w3.org/2001/XMLSchema#string	
http://rdf.freebase.com/ns/m.013fl8	Hastings	http://rdf.freebase.com/ns/topic_server.population_number	population number	16491	http://www.w3.org/2001/XMLSchema#string	
http://rdf.freebase.com/ns/m.013fl8	Hastings	http://rdf.freebase.com/ns/topic_server.population_number	population number	16529	http://www.w3.org/2001/XMLSchema#string	
http://rdf.freebase.com/ns/m.013fl8	Hastings	http://rdf.freebase.com/ns/topic_server.population_number	population number	16818	http://www.w3.org/2001/XMLSchema#string	
http://rdf.freebase.com/ns/m.013fl8	Hastings	http://rdf.freebase.com/ns/topic_server.population_number	population number	17217	http://www.w3.org/2001/XMLSchema#string	
http://rdf.freebase.com/ns/m.013fl8	Hastings	http://rdf.freebase.com/ns/topic_server.population_number	population number	17500	http://www.w3.org/2001/XMLSchema#string	
http://rdf.freebase.com/ns/m.013fl8	Hastings	http://rdf.freebase.com/ns/topic_server.population_number	population number	17844	http://www.w3.org/2001/XMLSchema#string	
http://rdf.freebase.com/ns/m.013fl8	Hastings	http://rdf.freebase.com/ns/topic_server.population_number	population number	18138	http://www.w3.org/2001/XMLSchema#string	
http://rdf.freebase.com/ns/m.013fl8	Hastings	http://rdf.freebase.com/ns/topic_server.population_number	population number	18300	http://www.w3.org/2001/XMLSchema#string	
http://rdf.freebase.com/ns/m.013fl8	Hastings	http://rdf.freebase.com/ns/topic_server.population_number	population number	18599	http://www.w3.org/2001/XMLSchema#string	
http://rdf.freebase.com/ns/m.013fl8	Hastings	http://rdf.freebase.com/ns/topic_server.population_number	population number	19289	http://www.w3.org/2001/XMLSchema#string	
http://rdf.freebase.com/ns/m.013fl8	Hastings	http://rdf.freebase.com/ns/topic_server.population_number	population number	19826	http://www.w3.org/2001/XMLSchema#string	
http://rdf.freebase.com/ns/m.013fl8	Hastings	http://rdf.freebase.com/ns/topic_server.population_number	population number	20379	http://www.w3.org/2001/XMLSchema#string	
http://rdf.freebase.com/ns/m.013fl8	Hastings	http://rdf.freebase.com/ns/topic_server.population_number	population number	20948	http://www.w3.org/2001/XMLSchema#string	
http://rdf.freebase.com/ns/m.013fl8	Hastings	http://rdf.freebase.com/ns/topic_server.population_number	population number	21422	http://www.w3.org/2001/XMLSchema#string	
http://rdf.freebase.com/ns/m.013fl8	Hastings	http://rdf.freebase.com/ns/topic_server.population_number	population number	21855	http://www.w3.org/2001/XMLSchema#string	
http://rdf.freebase.com/ns/m.013fl8	Hastings	http://rdf.freebase.com/ns/topic_server.population_number	population number	22156	http://www.w3.org/2001/XMLSchema#string	
http://rdf.freebase.com/ns/m.013fl8	Hastings	http://rdf.freebase.com/ns/topic_server.population_number	population number	22172	http://www.w3.org/2001/XMLSchema#string	
http://rdf.freebase.com/ns/m.013fl8	Hastings	http://rdf.freebase.com/ns/topic_server.population_number	population number	22187	http://www.w3.org/2001/XMLSchema#string	
http://rdf.freebase.com/ns/m.013fl8	Hastings	http://rdf.freebase.com/ns/topic_server.population_number	population number	22246	http://www.w3.org/2001/XMLSchema#string	
http://rdf.freebase.com/ns/m.013fl8	Hastings	http://rdf.freebase.com/ns/topic_server.population_number	population number	22257	http://www.w3.org/2001/XMLSchema#string	
http://rdf.freebase.com/ns/m.013fl8	Hastings	http://rdf.freebase.com/ns/topic_server.population_number	population number	22315	http://www.w3.org/2001/XMLSchema#string	
http://rdf.freebase.com/ns/m.013fl8	Hastings	http://rdf.freebase.com/ns/topic_server.population_number	population number	22424	http://www.w3.org/2001/XMLSchema#string	
http://rdf.freebase.com/ns/m.013fl8	Hastings	http://rdf.freebase.com/ns/type.object.key	Key	/authority/gnis/644715	http://www.w3.org/2001/XMLSchema#string	
http://rdf.freebase.com/ns/m.013fl8	Hastings	http://rdf.freebase.com/ns/type.object.key	Key	/authority/nist/fips/55/2727530	http://www.w3.org/2001/XMLSchema#string	
http://rdf.freebase.com/ns/m.013fl8	Hastings	http://rdf.freebase.com/ns/type.object.key	Key	/base/dspl/us_census/population/place/2727530	http://www.w3.org/2001/XMLSchema#string	
http://rdf.freebase.com/ns/m.013fl8	Hastings	http://rdf.freebase.com/ns/type.object.key	Key	/en/hastings_minnesota	http://www.w3.org/2001/XMLSchema#string	
http://rdf.freebase.com/ns/m.013fl8	Hastings	http://rdf.freebase.com/ns/type.object.key	Key	/wikipedia/ar/هاستينغز_(مينيسوتا)	http://www.w3.org/2001/XMLSchema#string	
http://rdf.freebase.com/ns/m.013fl8	Hastings	http://rdf.freebase.com/ns/type.object.key	Key	/wikipedia/ar/هاستينغز،_مينيسوتا	http://www.w3.org/2001/XMLSchema#string	
http://rdf.freebase.com/ns/m.013fl8	Hastings	http://rdf.freebase.com/ns/type.object.key	Key	/wikipedia/ar_id/904219	http://www.w3.org/2001/XMLSchema#string	
http://rdf.freebase.com/ns/m.013fl8	Hastings	http://rdf.freebase.com/ns/type.object.key	Key	/wikipedia/ar_title/هاستينغز_(مينيسوتا)	http://www.w3.org/2001/XMLSchema#string	
http://rdf.freebase.com/ns/m.013fl8	Hastings	http://rdf.freebase.com/ns/type.object.key	Key	/wikipedia/ca/Hastings_(Minnesota)	http://www.w3.org/2001/XMLSchema#string	
http://rdf.freebase.com/ns/m.013fl8	Hastings	http://rdf.freebase.com/ns/type.object.key	Key	/wikipedia/ca_id/692806	http://www.w3.org/2001/XMLSchema#string	
http://rdf.freebase.com/ns/m.013fl8	Hastings	http://rdf.freebase.com/ns/type.object.key	Key	/wikipedia/ca_title/Hastings_(Minnesota)	http://www.w3.org/2001/XMLSchema#string	
http://rdf.freebase.com/ns/m.013fl8	Hastings	http://rdf.freebase.com/ns/type.object.key	Key	/wikipedia/de/Hastings_(Minnesota)	http://www.w3.org/2001/XMLSchema#string	
http://rdf.freebase.com/ns/m.013fl8	Hastings	http://rdf.freebase.com/ns/type.object.key	Key	/wikipedia/de_id/1501774	http://www.w3.org/2001/XMLSchema#string	
http://rdf.freebase.com/ns/m.013fl8	Hastings	http://rdf.freebase.com/ns/type.object.key	Key	/wikipedia/de_title/Hastings_(Minnesota)	http://www.w3.org/2001/XMLSchema#string	
http://rdf.freebase.com/ns/m.013fl8	Hastings	http://rdf.freebase.com/ns/type.object.key	Key	/wikipedia/en/Hastings,_Dakota_County,_Minnesota	http://www.w3.org/2001/XMLSchema#string	
http://rdf.freebase.com/ns/m.013fl8	Hastings	http://rdf.freebase.com/ns/type.object.key	Key	/wikipedia/en/Hastings,_MN	http://www.w3.org/2001/XMLSchema#string	
http://rdf.freebase.com/ns/m.013fl8	Hastings	http://rdf.freebase.com/ns/type.object.key	Key	/wikipedia/en/Hastings,_Minnesota	http://www.w3.org/2001/XMLSchema#string	
http://rdf.freebase.com/ns/m.013fl8	Hastings	http://rdf.freebase.com/ns/type.object.key	Key	/wikipedia/en/Hastings,_mn	http://www.w3.org/2001/XMLSchema#string	
http://rdf.freebase.com/ns/m.013fl8	Hastings	http://rdf.freebase.com/ns/type.object.key	Key	/wikipedia/en_id/150600	http://www.w3.org/2001/XMLSchema#string	
http://rdf.freebase.com/ns/m.013fl8	Hastings	http://rdf.freebase.com/ns/type.object.key	Key	/wikipedia/en_title/Hastings,_Minnesota	http://www.w3.org/2001/XMLSchema#string	
http://rdf.freebase.com/ns/m.013fl8	Hastings	http://rdf.freebase.com/ns/type.object.key	Key	/wikipedia/es/Hastings_(Minnesota)	http://www.w3.org/2001/XMLSchema#string	
http://rdf.freebase.com/ns/m.013fl8	Hastings	http://rdf.freebase.com/ns/type.object.key	Key	/wikipedia/es_id/4720520	http://www.w3.org/2001/XMLSchema#string	
http://rdf.freebase.com/ns/m.013fl8	Hastings	http://rdf.freebase.com/ns/type.object.key	Key	/wikipedia/es_title/Hastings_(Minnesota)	http://www.w3.org/2001/XMLSchema#string	
http://rdf.freebase.com/ns/m.013fl8	Hastings	http://rdf.freebase.com/ns/type.object.key	Key	/wikipedia/fa/هيستينگز،_مينه_سوتا	http://www.w3.org/2001/XMLSchema#string	
http://rdf.freebase.com/ns/m.013fl8	Hastings	http://rdf.freebase.com/ns/type.object.key	Key	/wikipedia/fa/هیستینگز،_مینه_سوتا	http://www.w3.org/2001/XMLSchema#string	
http://rdf.freebase.com/ns/m.013fl8	Hastings	http://rdf.freebase.com/ns/type.object.key	Key	/wikipedia/fa/هیستینگز،_مینه‌سوتا	http://www.w3.org/2001/XMLSchema#string	
http://rdf.freebase.com/ns/m.013fl8	Hastings	http://rdf.freebase.com/ns/type.object.key	Key	/wikipedia/fa_id/1279727	http://www.w3.org/2001/XMLSchema#string	
http://rdf.freebase.com/ns/m.013fl8	Hastings	http://rdf.freebase.com/ns/type.object.key	Key	/wikipedia/fa_title/هیستینگز،_مینه‌سوتا	http://www.w3.org/2001/XMLSchema#string	
http://rdf.freebase.com/ns/m.013fl8	Hastings	http://rdf.freebase.com/ns/type.object.key	Key	/wikipedia/fr/Hastings_(Minnesota)	http://www.w3.org/2001/XMLSchema#string	
http://rdf.freebase.com/ns/m.013fl8	Hastings	http://rdf.freebase.com/ns/type.object.key	Key	/wikipedia/fr_id/5880015	http://www.w3.org/2001/XMLSchema#string	
http://rdf.freebase.com/ns/m.013fl8	Hastings	http://rdf.freebase.com/ns/type.object.key	Key	/wikipedia/fr_title/Hastings_(Minnesota)	http://www.w3.org/2001/XMLSchema#string	
http://rdf.freebase.com/ns/m.013fl8	Hastings	http://rdf.freebase.com/ns/type.object.key	Key	/wikipedia/it/Hastings_(Minnesota)	http://www.w3.org/2001/XMLSchema#string	
http://rdf.freebase.com/ns/m.013fl8	Hastings	http://rdf.freebase.com/ns/type.object.key	Key	/wikipedia/it_id/4671192	http://www.w3.org/2001/XMLSchema#string	
http://rdf.freebase.com/ns/m.013fl8	Hastings	http://rdf.freebase.com/ns/type.object.key	Key	/wikipedia/it_title/Hastings_(Minnesota)	http://www.w3.org/2001/XMLSchema#string	
http://rdf.freebase.com/ns/m.013fl8	Hastings	http://rdf.freebase.com/ns/type.object.key	Key	/wikipedia/nl/Hastings_(Minnesota)	http://www.w3.org/2001/XMLSchema#string	
http://rdf.freebase.com/ns/m.013fl8	Hastings	http://rdf.freebase.com/ns/type.object.key	Key	/wikipedia/nl_id/1015968	http://www.w3.org/2001/XMLSchema#string	
http://rdf.freebase.com/ns/m.013fl8	Hastings	http://rdf.freebase.com/ns/type.object.key	Key	/wikipedia/nl_title/Hastings_(Minnesota)	http://www.w3.org/2001/XMLSchema#string	
http://rdf.freebase.com/ns/m.013fl8	Hastings	http://rdf.freebase.com/ns/type.object.key	Key	/wikipedia/pl/Hastings_(Minnesota)	http://www.w3.org/2001/XMLSchema#string	
http://rdf.freebase.com/ns/m.013fl8	Hastings	http://rdf.freebase.com/ns/type.object.key	Key	/wikipedia/pl_id/3289894	http://www.w3.org/2001/XMLSchema#string	
http://rdf.freebase.com/ns/m.013fl8	Hastings	http://rdf.freebase.com/ns/type.object.key	Key	/wikipedia/pl_title/Hastings_(Minnesota)	http://www.w3.org/2001/XMLSchema#string	
http://rdf.freebase.com/ns/m.013fl8	Hastings	http://rdf.freebase.com/ns/type.object.key	Key	/wikipedia/pt/Hastings_(Minnesota)	http://www.w3.org/2001/XMLSchema#string	
http://rdf.freebase.com/ns/m.013fl8	Hastings	http://rdf.freebase.com/ns/type.object.key	Key	/wikipedia/pt_id/1359378	http://www.w3.org/2001/XMLSchema#string	
http://rdf.freebase.com/ns/m.013fl8	Hastings	http://rdf.freebase.com/ns/type.object.key	Key	/wikipedia/pt_title/Hastings_(Minnesota)	http://www.w3.org/2001/XMLSchema#string	
http://rdf.freebase.com/ns/m.013fl8	Hastings	http://rdf.freebase.com/ns/type.object.key	Key	/wikipedia/ru/Хастингс_(город,_Миннесота)	http://www.w3.org/2001/XMLSchema#string	
http://rdf.freebase.com/ns/m.013fl8	Hastings	http://rdf.freebase.com/ns/type.object.key	Key	/wikipedia/ru/Хейстингс_(город,_Миннесота)	http://www.w3.org/2001/XMLSchema#string	
http://rdf.freebase.com/ns/m.013fl8	Hastings	http://rdf.freebase.com/ns/type.object.key	Key	/wikipedia/ru_id/2895886	http://www.w3.org/2001/XMLSchema#string	
http://rdf.freebase.com/ns/m.013fl8	Hastings	http://rdf.freebase.com/ns/type.object.key	Key	/wikipedia/ru_title/Хейстингс_(город,_Миннесота)	http://www.w3.org/2001/XMLSchema#string	
http://rdf.freebase.com/ns/m.013fl8	Hastings	http://rdf.freebase.com/ns/type.object.key	Key	/wikipedia/sr/Hastings,_MN	http://www.w3.org/2001/XMLSchema#string	
http://rdf.freebase.com/ns/m.013fl8	Hastings	http://rdf.freebase.com/ns/type.object.key	Key	/wikipedia/sr/Hastings,_Minnesota	http://www.w3.org/2001/XMLSchema#string	
http://rdf.freebase.com/ns/m.013fl8	Hastings	http://rdf.freebase.com/ns/type.object.key	Key	/wikipedia/sr/Hastings_(MN)	http://www.w3.org/2001/XMLSchema#string	
http://rdf.freebase.com/ns/m.013fl8	Hastings	http://rdf.freebase.com/ns/type.object.key	Key	/wikipedia/sr/Hastings_(Minnesota)	http://www.w3.org/2001/XMLSchema#string	
http://rdf.freebase.com/ns/m.013fl8	Hastings	http://rdf.freebase.com/ns/type.object.key	Key	/wikipedia/sr/Хејстингс,_MN	http://www.w3.org/2001/XMLSchema#string	
http://rdf.freebase.com/ns/m.013fl8	Hastings	http://rdf.freebase.com/ns/type.object.key	Key	/wikipedia/sr/Хејстингс,_Минесота	http://www.w3.org/2001/XMLSchema#string	
http://rdf.freebase.com/ns/m.013fl8	Hastings	http://rdf.freebase.com/ns/type.object.key	Key	/wikipedia/sr/Хејстингс_(MN)	http://www.w3.org/2001/XMLSchema#string	
http://rdf.freebase.com/ns/m.013fl8	Hastings	http://rdf.freebase.com/ns/type.object.key	Key	/wikipedia/sr/Хејстингс_(Минесота)	http://www.w3.org/2001/XMLSchema#string	
http://rdf.freebase.com/ns/m.013fl8	Hastings	http://rdf.freebase.com/ns/type.object.key	Key	/wikipedia/sr_id/765707	http://www.w3.org/2001/XMLSchema#string	
http://rdf.freebase.com/ns/m.013fl8	Hastings	http://rdf.freebase.com/ns/type.object.key	Key	/wikipedia/sr_title/Хејстингс_(Минесота)	http://www.w3.org/2001/XMLSchema#string	
http://rdf.freebase.com/ns/m.013fl8	Hastings	http://rdf.freebase.com/ns/type.object.key	Key	/wikipedia/uk/Гастінгс_(Міннесота)	http://www.w3.org/2001/XMLSchema#string	
http://rdf.freebase.com/ns/m.013fl8	Hastings	http://rdf.freebase.com/ns/type.object.key	Key	/wikipedia/uk/Гастінґс_(Міннесота)	http://www.w3.org/2001/XMLSchema#string	
http://rdf.freebase.com/ns/m.013fl8	Hastings	http://rdf.freebase.com/ns/type.object.key	Key	/wikipedia/uk_id/1773621	http://www.w3.org/2001/XMLSchema#string	
http://rdf.freebase.com/ns/m.013fl8	Hastings	http://rdf.freebase.com/ns/type.object.key	Key	/wikipedia/uk_title/Гастінґс_(Міннесота)	http://www.w3.org/2001/XMLSchema#string	
http://rdf.freebase.com/ns/m.013fl8	Hastings	http://rdf.freebase.com/ns/type.object.key	Key	/wikipedia/vi/Hastings,_Minnesota	http://www.w3.org/2001/XMLSchema#string	
http://rdf.freebase.com/ns/m.013fl8	Hastings	http://rdf.freebase.com/ns/type.object.key	Key	/wikipedia/vi_id/572910	http://www.w3.org/2001/XMLSchema#string	
http://rdf.freebase.com/ns/m.013fl8	Hastings	http://rdf.freebase.com/ns/type.object.key	Key	/wikipedia/vi_title/Hastings,_Minnesota	http://www.w3.org/2001/XMLSchema#string	
http://rdf.freebase.com/ns/m.013fl8	Hastings	http://rdf.freebase.com/ns/type.object.name	Name	Hastings	http://www.w3.org/1999/02/22-rdf-syntax-ns#langString	
http://rdf.freebase.com/ns/m.013fl8	Hastings	http://rdf.freebase.com/ns/type.object.type	Type	http://rdf.freebase.com/ns/base.type_ontology.abstract	entity	Abstract
http://rdf.freebase.com/ns/m.013fl8	Hastings	http://rdf.freebase.com/ns/type.object.type	Type	http://rdf.freebase.com/ns/base.type_ontology.agent	entity	Agent
http://rdf.freebase.com/ns/m.013fl8	Hastings	http://rdf.freebase.com/ns/type.object.type	Type	http://rdf.freebase.com/ns/base.type_ontology.inanimate	entity	Inanimate
http://rdf.freebase.com/ns/m.013fl8	Hastings	http://rdf.freebase.com/ns/type.object.type	Type	http://rdf.freebase.com/ns/base.wikipedia_infobox.settlement	entity	Settlement
http://rdf.freebase.com/ns/m.013fl8	Hastings	http://rdf.freebase.com/ns/type.object.type	Type	http://rdf.freebase.com/ns/common.topic	entity	Topic
http://rdf.freebase.com/ns/m.013fl8	Hastings	http://rdf.freebase.com/ns/type.object.type	Type	http://rdf.freebase.com/ns/location.capital_of_administrative_division	entity	Capital of administrative division
http://rdf.freebase.com/ns/m.013fl8	Hastings	http://rdf.freebase.com/ns/type.object.type	Type	http://rdf.freebase.com/ns/location.citytown	entity	City/Town/Village
http://rdf.freebase.com/ns/m.013fl8	Hastings	http://rdf.freebase.com/ns/type.object.type	Type	http://rdf.freebase.com/ns/location.dated_location	entity	Dated location
http://rdf.freebase.com/ns/m.013fl8	Hastings	http://rdf.freebase.com/ns/type.object.type	Type	http://rdf.freebase.com/ns/location.location	entity	Location
http://rdf.freebase.com/ns/m.013fl8	Hastings	http://rdf.freebase.com/ns/type.object.type	Type	http://rdf.freebase.com/ns/location.statistical_region	entity	Statistical region
http://rdf.freebase.com/ns/m.013fl8	Hastings	http://rdf.freebase.com/ns/type.object.type	Type	http://rdf.freebase.com/ns/periodicals.newspaper_circulation_area	entity	Newspaper circulation area
http://rdf.freebase.com/ns/m.013fl8	Hastings	http://www.w3.org/1999/02/22-rdf-syntax-ns#type	type	http://rdf.freebase.com/ns/base.type_ontology.abstract	entity	Abstract
http://rdf.freebase.com/ns/m.013fl8	Hastings	http://www.w3.org/1999/02/22-rdf-syntax-ns#type	type	http://rdf.freebase.com/ns/base.type_ontology.agent	entity	Agent
http://rdf.freebase.com/ns/m.013fl8	Hastings	http://www.w3.org/1999/02/22-rdf-syntax-ns#type	type	http://rdf.freebase.com/ns/base.type_ontology.inanimate	entity	Inanimate
http://rdf.freebase.com/ns/m.013fl8	Hastings	http://www.w3.org/1999/02/22-rdf-syntax-ns#type	type	http://rdf.freebase.com/ns/base.wikipedia_infobox.settlement	entity	Settlement
http://rdf.freebase.com/ns/m.013fl8	Hastings	http://www.w3.org/1999/02/22-rdf-syntax-ns#type	type	http://rdf.freebase.com/ns/common.topic	entity	Topic
http://rdf.freebase.com/ns/m.013fl8	Hastings	http://www.w3.org/1999/02/22-rdf-syntax-ns#type	type	http://rdf.freebase.com/ns/location.capital_of_administrative_division	entity	Capital of administrative division
http://rdf.freebase.com/ns/m.013fl8	Hastings	http://www.w3.org/1999/02/22-rdf-syntax-ns#type	type	http://rdf.freebase.com/ns/location.citytown	entity	City/Town/Village
http://rdf.freebase.com/ns/m.013fl8	Hastings	http://www.w3.org/1999/02/22-rdf-syntax-ns#type	type	http://rdf.freebase.com/ns/location.dated_location	entity	Dated location
http://rdf.freebase.com/ns/m.013fl8	Hastings	http://www.w3.org/1999/02/22-rdf-syntax-ns#type	type	http://rdf.freebase.com/ns/location.location	entity	Location
http://rdf.freebase.com/ns/m.013fl8	Hastings	http://www.w3.org/1999/02/22-rdf-syntax-ns#type	type	http://rdf.freebase.com/ns/location.statistical_region	entity	Statistical region
http://rdf.freebase.com/ns/m.013fl8	Hastings	http://www.w3.org/1999/02/22-rdf-syntax-ns#type	type	http://rdf.freebase.com/ns/periodicals.newspaper_circulation_area	entity	Newspaper circulation area
http://rdf.freebase.com/ns/m.013fl8	Hastings	http://www.w3.org/2000/01/rdf-schema#label	label	Hastings	http://www.w3.org/1999/02/22-rdf-syntax-ns#langString	
http://rdf.freebase.com/ns/m.013fl8	Hastings	http://www.w3.org/2003/01/geo/wgs84_pos#lat	latitude	44.733333	http://www.w3.org/2001/XMLSchema#float	
http://rdf.freebase.com/ns/m.013fl8	Hastings	http://www.w3.org/2003/01/geo/wgs84_pos#long	longitude	-92.85	http://www.w3.org/2001/XMLSchema#float	
