sub	subl	prop	propl	obj	obj_t	obj_l
http://rdf.freebase.com/ns/m.0fv_3j	Summit Mall	http://rdf.freebase.com/key/en	com/key/en	summit_mall	http://www.w3.org/2001/XMLSchema#string	
http://rdf.freebase.com/ns/m.0fv_3j	Summit Mall	http://rdf.freebase.com/key/wikipedia.en	en	Summit_Mall	http://www.w3.org/2001/XMLSchema#string	
http://rdf.freebase.com/ns/m.0fv_3j	Summit Mall	http://rdf.freebase.com/key/wikipedia.en	en	Summit_Mall_(Akron,_Ohio)	http://www.w3.org/2001/XMLSchema#string	
http://rdf.freebase.com/ns/m.0fv_3j	Summit Mall	http://rdf.freebase.com/key/wikipedia.en	en	Summit_mall_(akron,_ohio)	http://www.w3.org/2001/XMLSchema#string	
http://rdf.freebase.com/ns/m.0fv_3j	Summit Mall	http://rdf.freebase.com/key/wikipedia.en_id	en_id	6190678	http://www.w3.org/2001/XMLSchema#string	
http://rdf.freebase.com/ns/m.0fv_3j	Summit Mall	http://rdf.freebase.com/key/wikipedia.en_title	en_title	Summit_Mall	http://www.w3.org/2001/XMLSchema#string	
http://rdf.freebase.com/ns/m.0fv_3j	Summit Mall	http://rdf.freebase.com/ns/architecture.structure.opened	Opened	1965-10-28	http://www.w3.org/2001/XMLSchema#date	
http://rdf.freebase.com/ns/m.0fv_3j	Summit Mall	http://rdf.freebase.com/ns/business.shopping_center.address	Address	http://rdf.freebase.com/ns/g.11btvgzmws	uri	null
http://rdf.freebase.com/ns/m.0fv_3j	Summit Mall	http://rdf.freebase.com/ns/business.shopping_center.address	Address	http://rdf.freebase.com/ns/m.03l__s5	uri	null
http://rdf.freebase.com/ns/m.0fv_3j	Summit Mall	http://rdf.freebase.com/ns/business.shopping_center.address	Address	http://rdf.freebase.com/ns/m.045z46g	uri	null
http://rdf.freebase.com/ns/m.0fv_3j	Summit Mall	http://rdf.freebase.com/ns/business.shopping_center.mall_id	Mall ID	161	http://www.w3.org/2001/XMLSchema#string	
http://rdf.freebase.com/ns/m.0fv_3j	Summit Mall	http://rdf.freebase.com/ns/business.shopping_center.owner	Owner	http://rdf.freebase.com/ns/m.07xyn1	entity	Simon Property Group
http://rdf.freebase.com/ns/m.0fv_3j	Summit Mall	http://rdf.freebase.com/ns/business.shopping_center.retail_floor_space_m_2	Retail floor space	71535	http://www.w3.org/2001/XMLSchema#string	
http://rdf.freebase.com/ns/m.0fv_3j	Summit Mall	http://rdf.freebase.com/ns/business.shopping_center.store	Stores	http://rdf.freebase.com/ns/m.03m0c84	entity	Pacific Sunwear, Summit Mall
http://rdf.freebase.com/ns/m.0fv_3j	Summit Mall	http://rdf.freebase.com/ns/business.shopping_center.store	Stores	http://rdf.freebase.com/ns/m.03m0d44	entity	Aéropostale, Summit Mall
http://rdf.freebase.com/ns/m.0fv_3j	Summit Mall	http://rdf.freebase.com/ns/business.shopping_center.store	Stores	http://rdf.freebase.com/ns/m.03m0f3j	entity	Bath & Body Works, Summit Mall
http://rdf.freebase.com/ns/m.0fv_3j	Summit Mall	http://rdf.freebase.com/ns/business.shopping_center.store	Stores	http://rdf.freebase.com/ns/m.03m0g2j	entity	Victoria's Secret, Summit Mall
http://rdf.freebase.com/ns/m.0fv_3j	Summit Mall	http://rdf.freebase.com/ns/business.shopping_center.store	Stores	http://rdf.freebase.com/ns/m.03m0gdg	entity	Gap Inc., Summit Mall
http://rdf.freebase.com/ns/m.0fv_3j	Summit Mall	http://rdf.freebase.com/ns/business.shopping_center.store	Stores	http://rdf.freebase.com/ns/m.03m0hmc	entity	American Eagle Outfitters, Summit Mall
http://rdf.freebase.com/ns/m.0fv_3j	Summit Mall	http://rdf.freebase.com/ns/business.shopping_center.store	Stores	http://rdf.freebase.com/ns/m.03m0jhk	entity	Foot Locker, Summit Mall
http://rdf.freebase.com/ns/m.0fv_3j	Summit Mall	http://rdf.freebase.com/ns/business.shopping_center.store	Stores	http://rdf.freebase.com/ns/m.03m0k99	entity	Finish Line, Inc., Summit Mall
http://rdf.freebase.com/ns/m.0fv_3j	Summit Mall	http://rdf.freebase.com/ns/business.shopping_center.store	Stores	http://rdf.freebase.com/ns/m.03m0l1b	entity	LensCrafters, Summit Mall
http://rdf.freebase.com/ns/m.0fv_3j	Summit Mall	http://rdf.freebase.com/ns/business.shopping_center.store	Stores	http://rdf.freebase.com/ns/m.03m0lr2	entity	Lids, Summit Mall
http://rdf.freebase.com/ns/m.0fv_3j	Summit Mall	http://rdf.freebase.com/ns/business.shopping_center.store	Stores	http://rdf.freebase.com/ns/m.03m0m6n	entity	Brookstone, Summit Mall
http://rdf.freebase.com/ns/m.0fv_3j	Summit Mall	http://rdf.freebase.com/ns/business.shopping_center.store	Stores	http://rdf.freebase.com/ns/m.03m0nrk	entity	Abercrombie & Fitch, Summit Mall
http://rdf.freebase.com/ns/m.0fv_3j	Summit Mall	http://rdf.freebase.com/ns/business.shopping_center.store	Stores	http://rdf.freebase.com/ns/m.03m0pfr	entity	Journeys Shoes, Summit Mall
http://rdf.freebase.com/ns/m.0fv_3j	Summit Mall	http://rdf.freebase.com/ns/business.shopping_center.store	Stores	http://rdf.freebase.com/ns/m.03m0q35	entity	Regis Salons, Summit Mall
http://rdf.freebase.com/ns/m.0fv_3j	Summit Mall	http://rdf.freebase.com/ns/business.shopping_center.store	Stores	http://rdf.freebase.com/ns/m.03m0qw6	entity	Hot Topic, Summit Mall
http://rdf.freebase.com/ns/m.0fv_3j	Summit Mall	http://rdf.freebase.com/ns/business.shopping_center.store	Stores	http://rdf.freebase.com/ns/m.03m0rsj	entity	General Nutrition Centers, Summit Mall
http://rdf.freebase.com/ns/m.0fv_3j	Summit Mall	http://rdf.freebase.com/ns/business.shopping_center.store	Stores	http://rdf.freebase.com/ns/m.03m0sfk	entity	Lady Foot Locker, Summit Mall
http://rdf.freebase.com/ns/m.0fv_3j	Summit Mall	http://rdf.freebase.com/ns/business.shopping_center.store	Stores	http://rdf.freebase.com/ns/m.03m0vv9	entity	Coach, Summit Mall
http://rdf.freebase.com/ns/m.0fv_3j	Summit Mall	http://rdf.freebase.com/ns/business.shopping_center.store	Stores	http://rdf.freebase.com/ns/m.03m0wg6	entity	Things Remembered, Summit Mall
http://rdf.freebase.com/ns/m.0fv_3j	Summit Mall	http://rdf.freebase.com/ns/business.shopping_center.store	Stores	http://rdf.freebase.com/ns/m.03m0x5w	entity	Spencer's Gifts, Summit Mall
http://rdf.freebase.com/ns/m.0fv_3j	Summit Mall	http://rdf.freebase.com/ns/business.shopping_center.store	Stores	http://rdf.freebase.com/ns/m.03m0yf9	entity	GameStop, Summit Mall
http://rdf.freebase.com/ns/m.0fv_3j	Summit Mall	http://rdf.freebase.com/ns/business.shopping_center.store	Stores	http://rdf.freebase.com/ns/m.03m0z0n	entity	Piercing Pagoda, Summit Mall
http://rdf.freebase.com/ns/m.0fv_3j	Summit Mall	http://rdf.freebase.com/ns/business.shopping_center.store	Stores	http://rdf.freebase.com/ns/m.03m0z_l	entity	Express, Summit Mall
http://rdf.freebase.com/ns/m.0fv_3j	Summit Mall	http://rdf.freebase.com/ns/business.shopping_center.store	Stores	http://rdf.freebase.com/ns/m.03m0zhj	entity	Build-A-Bear Workshop, Summit Mall
http://rdf.freebase.com/ns/m.0fv_3j	Summit Mall	http://rdf.freebase.com/ns/business.shopping_center.store	Stores	http://rdf.freebase.com/ns/m.03m10mv	entity	Payless ShoeSource, Summit Mall
http://rdf.freebase.com/ns/m.0fv_3j	Summit Mall	http://rdf.freebase.com/ns/business.shopping_center.store	Stores	http://rdf.freebase.com/ns/m.03m1197	entity	Macy's, Summit Mall
http://rdf.freebase.com/ns/m.0fv_3j	Summit Mall	http://rdf.freebase.com/ns/business.shopping_center.store	Stores	http://rdf.freebase.com/ns/m.03m11l8	entity	Trade Secret, Summit Mall
http://rdf.freebase.com/ns/m.0fv_3j	Summit Mall	http://rdf.freebase.com/ns/business.shopping_center.store	Stores	http://rdf.freebase.com/ns/m.03m1425	entity	RadioShack, Summit Mall
http://rdf.freebase.com/ns/m.0fv_3j	Summit Mall	http://rdf.freebase.com/ns/business.shopping_center.store	Stores	http://rdf.freebase.com/ns/m.03m14x3	entity	Kay Jewelers, Summit Mall
http://rdf.freebase.com/ns/m.0fv_3j	Summit Mall	http://rdf.freebase.com/ns/business.shopping_center.store	Stores	http://rdf.freebase.com/ns/m.03m15df	entity	Disney Store, Summit Mall
http://rdf.freebase.com/ns/m.0fv_3j	Summit Mall	http://rdf.freebase.com/ns/business.shopping_center.store	Stores	http://rdf.freebase.com/ns/m.03m16ly	entity	Select Comfort, Summit Mall
http://rdf.freebase.com/ns/m.0fv_3j	Summit Mall	http://rdf.freebase.com/ns/business.shopping_center.store	Stores	http://rdf.freebase.com/ns/m.03m178q	entity	Banana Republic, Summit Mall
http://rdf.freebase.com/ns/m.0fv_3j	Summit Mall	http://rdf.freebase.com/ns/business.shopping_center.store	Stores	http://rdf.freebase.com/ns/m.03m17f7	entity	Fye - For Your Entertainment, Summit Mall
http://rdf.freebase.com/ns/m.0fv_3j	Summit Mall	http://rdf.freebase.com/ns/business.shopping_center.store	Stores	http://rdf.freebase.com/ns/m.03m17yz	entity	Verizon Wireless, Summit Mall
http://rdf.freebase.com/ns/m.0fv_3j	Summit Mall	http://rdf.freebase.com/ns/business.shopping_center.store	Stores	http://rdf.freebase.com/ns/m.03m19lr	entity	Starbucks, Summit Mall
http://rdf.freebase.com/ns/m.0fv_3j	Summit Mall	http://rdf.freebase.com/ns/business.shopping_center.store	Stores	http://rdf.freebase.com/ns/m.03m1_0t	entity	Rack Room Shoes, Summit Mall
http://rdf.freebase.com/ns/m.0fv_3j	Summit Mall	http://rdf.freebase.com/ns/business.shopping_center.store	Stores	http://rdf.freebase.com/ns/m.03m1_yg	entity	Ruby Tuesday, Summit Mall
http://rdf.freebase.com/ns/m.0fv_3j	Summit Mall	http://rdf.freebase.com/ns/business.shopping_center.store	Stores	http://rdf.freebase.com/ns/m.03m1b4m	entity	Motherhood Maternity, Summit Mall
http://rdf.freebase.com/ns/m.0fv_3j	Summit Mall	http://rdf.freebase.com/ns/business.shopping_center.store	Stores	http://rdf.freebase.com/ns/m.03m1c8v	entity	Subway, Summit Mall
http://rdf.freebase.com/ns/m.0fv_3j	Summit Mall	http://rdf.freebase.com/ns/business.shopping_center.store	Stores	http://rdf.freebase.com/ns/m.03m1ch_	entity	Gymboree, Summit Mall
http://rdf.freebase.com/ns/m.0fv_3j	Summit Mall	http://rdf.freebase.com/ns/business.shopping_center.store	Stores	http://rdf.freebase.com/ns/m.03m1dz3	entity	Lane Bryant, Summit Mall
http://rdf.freebase.com/ns/m.0fv_3j	Summit Mall	http://rdf.freebase.com/ns/business.shopping_center.store	Stores	http://rdf.freebase.com/ns/m.03m1fw3	entity	Yankee Candle Company, Summit Mall
http://rdf.freebase.com/ns/m.0fv_3j	Summit Mall	http://rdf.freebase.com/ns/business.shopping_center.store	Stores	http://rdf.freebase.com/ns/m.03m1ggb	entity	New York & Company, Summit Mall
http://rdf.freebase.com/ns/m.0fv_3j	Summit Mall	http://rdf.freebase.com/ns/business.shopping_center.store	Stores	http://rdf.freebase.com/ns/m.03m1h1j	entity	Swarovski, Summit Mall
http://rdf.freebase.com/ns/m.0fv_3j	Summit Mall	http://rdf.freebase.com/ns/business.shopping_center.store	Stores	http://rdf.freebase.com/ns/m.03m1hsv	entity	The Children's Place, Summit Mall
http://rdf.freebase.com/ns/m.0fv_3j	Summit Mall	http://rdf.freebase.com/ns/business.shopping_center.store	Stores	http://rdf.freebase.com/ns/m.03m1j96	entity	Wet Seal, Summit Mall
http://rdf.freebase.com/ns/m.0fv_3j	Summit Mall	http://rdf.freebase.com/ns/business.shopping_center.store	Stores	http://rdf.freebase.com/ns/m.03m1jl1	entity	Eddie Bauer, Summit Mall
http://rdf.freebase.com/ns/m.0fv_3j	Summit Mall	http://rdf.freebase.com/ns/business.shopping_center.store	Stores	http://rdf.freebase.com/ns/m.03m1kd6	entity	Caché, Summit Mall
http://rdf.freebase.com/ns/m.0fv_3j	Summit Mall	http://rdf.freebase.com/ns/business.shopping_center.store	Stores	http://rdf.freebase.com/ns/m.03m1kw0	entity	Sprint Nextel, Summit Mall
http://rdf.freebase.com/ns/m.0fv_3j	Summit Mall	http://rdf.freebase.com/ns/business.shopping_center.store	Stores	http://rdf.freebase.com/ns/m.03m1l8c	entity	The Limited Too, Summit Mall
http://rdf.freebase.com/ns/m.0fv_3j	Summit Mall	http://rdf.freebase.com/ns/business.shopping_center.store	Stores	http://rdf.freebase.com/ns/m.03m1ll3	entity	Sbarro, Summit Mall
http://rdf.freebase.com/ns/m.0fv_3j	Summit Mall	http://rdf.freebase.com/ns/business.shopping_center.store	Stores	http://rdf.freebase.com/ns/m.03m1mxf	entity	GapKids, Summit Mall
http://rdf.freebase.com/ns/m.0fv_3j	Summit Mall	http://rdf.freebase.com/ns/business.shopping_center.store	Stores	http://rdf.freebase.com/ns/m.03m1n5s	entity	Claire's, Summit Mall
http://rdf.freebase.com/ns/m.0fv_3j	Summit Mall	http://rdf.freebase.com/ns/business.shopping_center.store	Stores	http://rdf.freebase.com/ns/m.03m1p5y	entity	Dillard's, Summit Mall
http://rdf.freebase.com/ns/m.0fv_3j	Summit Mall	http://rdf.freebase.com/ns/business.shopping_center.store	Stores	http://rdf.freebase.com/ns/m.03m1pjt	entity	Aldo, Summit Mall
http://rdf.freebase.com/ns/m.0fv_3j	Summit Mall	http://rdf.freebase.com/ns/business.shopping_center.store	Stores	http://rdf.freebase.com/ns/m.03m1q60	entity	Ritz Camera Centers, Summit Mall
http://rdf.freebase.com/ns/m.0fv_3j	Summit Mall	http://rdf.freebase.com/ns/business.shopping_center.store	Stores	http://rdf.freebase.com/ns/m.03m1r1w	entity	The Body Shop, Summit Mall
http://rdf.freebase.com/ns/m.0fv_3j	Summit Mall	http://rdf.freebase.com/ns/business.shopping_center.store	Stores	http://rdf.freebase.com/ns/m.03m1r82	entity	Ann Taylor Loft, Summit Mall
http://rdf.freebase.com/ns/m.0fv_3j	Summit Mall	http://rdf.freebase.com/ns/business.shopping_center.store	Stores	http://rdf.freebase.com/ns/m.03m1s7r	entity	Christopher & Banks, Summit Mall
http://rdf.freebase.com/ns/m.0fv_3j	Summit Mall	http://rdf.freebase.com/ns/business.shopping_center.store	Stores	http://rdf.freebase.com/ns/m.03m1skl	entity	Ann Taylor, Summit Mall
http://rdf.freebase.com/ns/m.0fv_3j	Summit Mall	http://rdf.freebase.com/ns/business.shopping_center.store	Stores	http://rdf.freebase.com/ns/m.03m1sqv	entity	Hollister Co., Summit Mall
http://rdf.freebase.com/ns/m.0fv_3j	Summit Mall	http://rdf.freebase.com/ns/business.shopping_center.store	Stores	http://rdf.freebase.com/ns/m.03m1t55	entity	Godiva, Summit Mall
http://rdf.freebase.com/ns/m.0fv_3j	Summit Mall	http://rdf.freebase.com/ns/business.shopping_center.store	Stores	http://rdf.freebase.com/ns/m.03m1vg_	entity	The Mobile Solution, Summit Mall
http://rdf.freebase.com/ns/m.0fv_3j	Summit Mall	http://rdf.freebase.com/ns/business.shopping_center.store	Stores	http://rdf.freebase.com/ns/m.03m1x7g	entity	EyeMasters, Summit Mall
http://rdf.freebase.com/ns/m.0fv_3j	Summit Mall	http://rdf.freebase.com/ns/business.shopping_center.store	Stores	http://rdf.freebase.com/ns/m.03m1xg2	entity	Coldwater Creek, Summit Mall
http://rdf.freebase.com/ns/m.0fv_3j	Summit Mall	http://rdf.freebase.com/ns/business.shopping_center.store	Stores	http://rdf.freebase.com/ns/m.03m22c1	entity	Kirkland's Home, Summit Mall
http://rdf.freebase.com/ns/m.0fv_3j	Summit Mall	http://rdf.freebase.com/ns/business.shopping_center.store	Stores	http://rdf.freebase.com/ns/m.03m22ts	entity	Charley's Grilled Subs, Summit Mall
http://rdf.freebase.com/ns/m.0fv_3j	Summit Mall	http://rdf.freebase.com/ns/business.shopping_center.store	Stores	http://rdf.freebase.com/ns/m.03m2685	entity	Dairy Queen, Summit Mall
http://rdf.freebase.com/ns/m.0fv_3j	Summit Mall	http://rdf.freebase.com/ns/business.shopping_center.store	Stores	http://rdf.freebase.com/ns/m.03m26m9	entity	Orange Julius, Summit Mall
http://rdf.freebase.com/ns/m.0fv_3j	Summit Mall	http://rdf.freebase.com/ns/business.shopping_center.store	Stores	http://rdf.freebase.com/ns/m.03m2c95	entity	Revol, Summit Mall
http://rdf.freebase.com/ns/m.0fv_3j	Summit Mall	http://rdf.freebase.com/ns/common.topic.article	Article	Summit Mall is a one-story, 770,000-square-foot (72,000 m)  enclosed mall located at 3265 W. Market Street in the Akron suburb of Fairlawn. While its mailing address is Akron, the mall is located in Fairlawn. Edward J. DeBartolo, Sr.'s DeBartolo Corporation built the mall, which opened on October 28, 1965. Today, it is owned by Simon Property Group. Currently, Summit Mall comprises more than 120 stores and a food court; anchor stores include Macy's and two Dillard's locations.	http://www.w3.org/1999/02/22-rdf-syntax-ns#langString	
http://rdf.freebase.com/ns/m.0fv_3j	Summit Mall	http://rdf.freebase.com/ns/common.topic.description	Description	Summit Mall is a one-story, 770,000-square-foot enclosed shopping mall located at 3265 W. Market Street in the Akron suburb of Fairlawn. While its mailing address is Akron, the mall is located in Fairlawn. Edward J. DeBartolo, Sr.'s DeBartolo Corporation built the mall, which opened on October 28, 1965. Today, it is owned by Simon Property Group. Currently, Summit Mall comprises more than 120 stores and a food court; anchor stores include Macy's and two Dillard's locations.	http://www.w3.org/1999/02/22-rdf-syntax-ns#langString	
http://rdf.freebase.com/ns/m.0fv_3j	Summit Mall	http://rdf.freebase.com/ns/common.topic.image	Image	http://rdf.freebase.com/ns/m.02fs29x	entity	Main entrance to Summit Mall
http://rdf.freebase.com/ns/m.0fv_3j	Summit Mall	http://rdf.freebase.com/ns/common.topic.image	Image	http://rdf.freebase.com/ns/m.0bcbbrg	entity	SummitMallSunburst
http://rdf.freebase.com/ns/m.0fv_3j	Summit Mall	http://rdf.freebase.com/ns/common.topic.notable_for	Notable for	Shopping center	http://www.w3.org/1999/02/22-rdf-syntax-ns#langString	
http://rdf.freebase.com/ns/m.0fv_3j	Summit Mall	http://rdf.freebase.com/ns/common.topic.notable_types	Notable types	http://rdf.freebase.com/ns/m.03hx9c7	entity	Shopping center
http://rdf.freebase.com/ns/m.0fv_3j	Summit Mall	http://rdf.freebase.com/ns/common.topic.official_website	Official website	http://www.simon.com/mall/default.aspx?ID=161	uri	null
http://rdf.freebase.com/ns/m.0fv_3j	Summit Mall	http://rdf.freebase.com/ns/common.topic.topic_equivalent_webpage	Topic equivalent webpage	http://en.wikipedia.org/wiki/Summit_Mall	uri	null
http://rdf.freebase.com/ns/m.0fv_3j	Summit Mall	http://rdf.freebase.com/ns/common.topic.topic_equivalent_webpage	Topic equivalent webpage	http://en.wikipedia.org/wiki/index.html?curid=6190678	uri	null
http://rdf.freebase.com/ns/m.0fv_3j	Summit Mall	http://rdf.freebase.com/ns/common.topic.webpage	Web Link(s)	http://rdf.freebase.com/ns/m.03lpngv	uri	null
http://rdf.freebase.com/ns/m.0fv_3j	Summit Mall	http://rdf.freebase.com/ns/kg.object_profile.prominent_type	prominent type	http://rdf.freebase.com/ns/business.shopping_center	entity	Shopping center
http://rdf.freebase.com/ns/m.0fv_3j	Summit Mall	http://rdf.freebase.com/ns/type.object.key	Key	/en/summit_mall	http://www.w3.org/2001/XMLSchema#string	
http://rdf.freebase.com/ns/m.0fv_3j	Summit Mall	http://rdf.freebase.com/ns/type.object.key	Key	/wikipedia/en/Summit_Mall	http://www.w3.org/2001/XMLSchema#string	
http://rdf.freebase.com/ns/m.0fv_3j	Summit Mall	http://rdf.freebase.com/ns/type.object.key	Key	/wikipedia/en/Summit_Mall_(Akron,_Ohio)	http://www.w3.org/2001/XMLSchema#string	
http://rdf.freebase.com/ns/m.0fv_3j	Summit Mall	http://rdf.freebase.com/ns/type.object.key	Key	/wikipedia/en/Summit_mall_(akron,_ohio)	http://www.w3.org/2001/XMLSchema#string	
http://rdf.freebase.com/ns/m.0fv_3j	Summit Mall	http://rdf.freebase.com/ns/type.object.key	Key	/wikipedia/en_id/6190678	http://www.w3.org/2001/XMLSchema#string	
http://rdf.freebase.com/ns/m.0fv_3j	Summit Mall	http://rdf.freebase.com/ns/type.object.key	Key	/wikipedia/en_title/Summit_Mall	http://www.w3.org/2001/XMLSchema#string	
http://rdf.freebase.com/ns/m.0fv_3j	Summit Mall	http://rdf.freebase.com/ns/type.object.name	Name	Summit Mall	http://www.w3.org/1999/02/22-rdf-syntax-ns#langString	
http://rdf.freebase.com/ns/m.0fv_3j	Summit Mall	http://rdf.freebase.com/ns/type.object.type	Type	http://rdf.freebase.com/ns/architecture.structure	entity	Structure
http://rdf.freebase.com/ns/m.0fv_3j	Summit Mall	http://rdf.freebase.com/ns/type.object.type	Type	http://rdf.freebase.com/ns/base.type_ontology.inanimate	entity	Inanimate
http://rdf.freebase.com/ns/m.0fv_3j	Summit Mall	http://rdf.freebase.com/ns/type.object.type	Type	http://rdf.freebase.com/ns/base.type_ontology.non_agent	entity	Non-Agent
http://rdf.freebase.com/ns/m.0fv_3j	Summit Mall	http://rdf.freebase.com/ns/type.object.type	Type	http://rdf.freebase.com/ns/base.type_ontology.physically_instantiable	entity	Physically Instantiable
http://rdf.freebase.com/ns/m.0fv_3j	Summit Mall	http://rdf.freebase.com/ns/type.object.type	Type	http://rdf.freebase.com/ns/business.shopping_center	entity	Shopping center
http://rdf.freebase.com/ns/m.0fv_3j	Summit Mall	http://rdf.freebase.com/ns/type.object.type	Type	http://rdf.freebase.com/ns/common.topic	entity	Topic
http://rdf.freebase.com/ns/m.0fv_3j	Summit Mall	http://rdf.freebase.com/ns/type.object.type	Type	http://rdf.freebase.com/ns/location.location	entity	Location
http://rdf.freebase.com/ns/m.0fv_3j	Summit Mall	http://rdf.freebase.com/ns/type.object.type	Type	http://rdf.freebase.com/ns/projects.project_focus	entity	Project focus
http://rdf.freebase.com/ns/m.0fv_3j	Summit Mall	http://www.w3.org/1999/02/22-rdf-syntax-ns#type	type	http://rdf.freebase.com/ns/architecture.structure	entity	Structure
http://rdf.freebase.com/ns/m.0fv_3j	Summit Mall	http://www.w3.org/1999/02/22-rdf-syntax-ns#type	type	http://rdf.freebase.com/ns/base.type_ontology.inanimate	entity	Inanimate
http://rdf.freebase.com/ns/m.0fv_3j	Summit Mall	http://www.w3.org/1999/02/22-rdf-syntax-ns#type	type	http://rdf.freebase.com/ns/base.type_ontology.non_agent	entity	Non-Agent
http://rdf.freebase.com/ns/m.0fv_3j	Summit Mall	http://www.w3.org/1999/02/22-rdf-syntax-ns#type	type	http://rdf.freebase.com/ns/base.type_ontology.physically_instantiable	entity	Physically Instantiable
http://rdf.freebase.com/ns/m.0fv_3j	Summit Mall	http://www.w3.org/1999/02/22-rdf-syntax-ns#type	type	http://rdf.freebase.com/ns/business.shopping_center	entity	Shopping center
http://rdf.freebase.com/ns/m.0fv_3j	Summit Mall	http://www.w3.org/1999/02/22-rdf-syntax-ns#type	type	http://rdf.freebase.com/ns/common.topic	entity	Topic
http://rdf.freebase.com/ns/m.0fv_3j	Summit Mall	http://www.w3.org/1999/02/22-rdf-syntax-ns#type	type	http://rdf.freebase.com/ns/location.location	entity	Location
http://rdf.freebase.com/ns/m.0fv_3j	Summit Mall	http://www.w3.org/1999/02/22-rdf-syntax-ns#type	type	http://rdf.freebase.com/ns/projects.project_focus	entity	Project focus
http://rdf.freebase.com/ns/m.0fv_3j	Summit Mall	http://www.w3.org/2000/01/rdf-schema#label	label	Summit Mall	http://www.w3.org/1999/02/22-rdf-syntax-ns#langString	
http://rdf.freebase.com/ns/m.0fv_3j	Summit Mall	http://www.w3.org/2003/01/geo/wgs84_pos#lat	latitude	41.13216	http://www.w3.org/2001/XMLSchema#float	
http://rdf.freebase.com/ns/m.0fv_3j	Summit Mall	http://www.w3.org/2003/01/geo/wgs84_pos#long	longitude	-81.6183	http://www.w3.org/2001/XMLSchema#float	
