sub	subl	prop	propl	obj	obj_t	obj_l
http://yago-knowledge.org/resource/Summit_Playhouse	Summit Playhouse	http://www.w3.org/1999/02/22-rdf-syntax-ns#type	type	http://www.w3.org/2002/07/owl#Thing	entity	Thing
http://yago-knowledge.org/resource/Summit_Playhouse	Summit Playhouse	http://www.w3.org/1999/02/22-rdf-syntax-ns#type	type	http://yago-knowledge.org/resource/wikicat_Buildings_and_structures_in_Union_County,_New_Jersey	entity	Buildings and structures in Union County, New Jersey
http://yago-knowledge.org/resource/Summit_Playhouse	Summit Playhouse	http://www.w3.org/1999/02/22-rdf-syntax-ns#type	type	http://yago-knowledge.org/resource/wikicat_Library_buildings_completed_in_1891	entity	Library buildings completed in 1891
http://yago-knowledge.org/resource/Summit_Playhouse	Summit Playhouse	http://www.w3.org/1999/02/22-rdf-syntax-ns#type	type	http://yago-knowledge.org/resource/wikicat_Theatres_in_New_Jersey	entity	Theatres in New Jersey
http://yago-knowledge.org/resource/Summit_Playhouse	Summit Playhouse	http://www.w3.org/1999/02/22-rdf-syntax-ns#type	type	http://yago-knowledge.org/resource/wordnet_artifact_100021939	entity	artifact
http://yago-knowledge.org/resource/Summit_Playhouse	Summit Playhouse	http://www.w3.org/1999/02/22-rdf-syntax-ns#type	type	http://yago-knowledge.org/resource/wordnet_building_102913152	entity	building
http://yago-knowledge.org/resource/Summit_Playhouse	Summit Playhouse	http://www.w3.org/1999/02/22-rdf-syntax-ns#type	type	http://yago-knowledge.org/resource/wordnet_object_100002684	entity	object
http://yago-knowledge.org/resource/Summit_Playhouse	Summit Playhouse	http://www.w3.org/1999/02/22-rdf-syntax-ns#type	type	http://yago-knowledge.org/resource/wordnet_physical_entity_100001930	entity	physical entity
http://yago-knowledge.org/resource/Summit_Playhouse	Summit Playhouse	http://www.w3.org/1999/02/22-rdf-syntax-ns#type	type	http://yago-knowledge.org/resource/wordnet_structure_104341686	entity	structure
http://yago-knowledge.org/resource/Summit_Playhouse	Summit Playhouse	http://www.w3.org/1999/02/22-rdf-syntax-ns#type	type	http://yago-knowledge.org/resource/wordnet_theater_104417809	entity	theater
http://yago-knowledge.org/resource/Summit_Playhouse	Summit Playhouse	http://www.w3.org/1999/02/22-rdf-syntax-ns#type	type	http://yago-knowledge.org/resource/wordnet_whole_100003553	entity	whole
http://yago-knowledge.org/resource/Summit_Playhouse	Summit Playhouse	http://www.w3.org/1999/02/22-rdf-syntax-ns#type	type	http://yago-knowledge.org/resource/yagoGeoEntity	entity	geographical entity
http://yago-knowledge.org/resource/Summit_Playhouse	Summit Playhouse	http://www.w3.org/1999/02/22-rdf-syntax-ns#type	type	http://yago-knowledge.org/resource/yagoPermanentlyLocatedEntity	entity	yagoPermanentlyLocatedEntity
http://yago-knowledge.org/resource/Summit_Playhouse	Summit Playhouse	http://www.w3.org/2000/01/rdf-schema#label	label	Summit	http://www.w3.org/1999/02/22-rdf-syntax-ns#langString	
http://yago-knowledge.org/resource/Summit_Playhouse	Summit Playhouse	http://www.w3.org/2000/01/rdf-schema#label	label	Summit Playhouse	http://www.w3.org/1999/02/22-rdf-syntax-ns#langString	
http://yago-knowledge.org/resource/Summit_Playhouse	Summit Playhouse	http://www.w3.org/2002/07/owl#sameAs	sameAs	http://dbpedia.org/resource/Summit_Playhouse	entity	Summit Playhouse
http://yago-knowledge.org/resource/Summit_Playhouse	Summit Playhouse	http://www.w3.org/2004/02/skos/core#prefLabel	preferred label	Summit Playhouse	http://www.w3.org/1999/02/22-rdf-syntax-ns#langString	
http://yago-knowledge.org/resource/Summit_Playhouse	Summit Playhouse	http://yago-knowledge.org/resource/hasCitationTitle	null	A Challenging Work in Progress at Summit Playhouse	http://www.w3.org/1999/02/22-rdf-syntax-ns#langString	
http://yago-knowledge.org/resource/Summit_Playhouse	Summit Playhouse	http://yago-knowledge.org/resource/hasCitationTitle	null	New Jersey and National Registers of Historic Places - Union County	http://www.w3.org/1999/02/22-rdf-syntax-ns#langString	
http://yago-knowledge.org/resource/Summit_Playhouse	Summit Playhouse	http://yago-knowledge.org/resource/hasCitationTitle	null	SUMMIT PLAYHOUSE PROUDLY PRESENTS 94TH SEASON	http://www.w3.org/1999/02/22-rdf-syntax-ns#langString	
http://yago-knowledge.org/resource/Summit_Playhouse	Summit Playhouse	http://yago-knowledge.org/resource/hasCitationTitle	null	Summit Playhouse	http://www.w3.org/1999/02/22-rdf-syntax-ns#langString	
http://yago-knowledge.org/resource/Summit_Playhouse	Summit Playhouse	http://yago-knowledge.org/resource/hasCitationTitle	null	‘Closer Than Ever’ at Summit Playhouse; a light-hearted musical romp across the life span	http://www.w3.org/1999/02/22-rdf-syntax-ns#langString	
http://yago-knowledge.org/resource/Summit_Playhouse	Summit Playhouse	http://yago-knowledge.org/resource/hasWikipediaAnchorText	null	Arthur Bates Jennings	http://www.w3.org/1999/02/22-rdf-syntax-ns#langString	
http://yago-knowledge.org/resource/Summit_Playhouse	Summit Playhouse	http://yago-knowledge.org/resource/hasWikipediaAnchorText	null	Closer Than Ever	http://www.w3.org/1999/02/22-rdf-syntax-ns#langString	
http://yago-knowledge.org/resource/Summit_Playhouse	Summit Playhouse	http://yago-knowledge.org/resource/hasWikipediaAnchorText	null	Meet Me in St. Louis	http://www.w3.org/1999/02/22-rdf-syntax-ns#langString	
http://yago-knowledge.org/resource/Summit_Playhouse	Summit Playhouse	http://yago-knowledge.org/resource/hasWikipediaAnchorText	null	New Jersey Department of Environmental Protection	http://www.w3.org/1999/02/22-rdf-syntax-ns#langString	
http://yago-knowledge.org/resource/Summit_Playhouse	Summit Playhouse	http://yago-knowledge.org/resource/hasWikipediaAnchorText	null	Romanesque	http://www.w3.org/1999/02/22-rdf-syntax-ns#langString	
http://yago-knowledge.org/resource/Summit_Playhouse	Summit Playhouse	http://yago-knowledge.org/resource/hasWikipediaAnchorText	null	Speed the Plow	http://www.w3.org/1999/02/22-rdf-syntax-ns#langString	
http://yago-knowledge.org/resource/Summit_Playhouse	Summit Playhouse	http://yago-knowledge.org/resource/hasWikipediaAnchorText	null	Summit Playhouse	http://www.w3.org/1999/02/22-rdf-syntax-ns#langString	
http://yago-knowledge.org/resource/Summit_Playhouse	Summit Playhouse	http://yago-knowledge.org/resource/hasWikipediaAnchorText	null	Summit Public Library	http://www.w3.org/1999/02/22-rdf-syntax-ns#langString	
http://yago-knowledge.org/resource/Summit_Playhouse	Summit Playhouse	http://yago-knowledge.org/resource/hasWikipediaAnchorText	null	Summit, New Jersey	http://www.w3.org/1999/02/22-rdf-syntax-ns#langString	
http://yago-knowledge.org/resource/Summit_Playhouse	Summit Playhouse	http://yago-knowledge.org/resource/hasWikipediaAnchorText	null	World War I	http://www.w3.org/1999/02/22-rdf-syntax-ns#langString	
http://yago-knowledge.org/resource/Summit_Playhouse	Summit Playhouse	http://yago-knowledge.org/resource/hasWikipediaAnchorText	null	community theater	http://www.w3.org/1999/02/22-rdf-syntax-ns#langString	
http://yago-knowledge.org/resource/Summit_Playhouse	Summit Playhouse	http://yago-knowledge.org/resource/isLocatedIn	Administrative parent	http://yago-knowledge.org/resource/Union_County,_New_Jersey	entity	Union County, New Jersey
http://yago-knowledge.org/resource/Summit_Playhouse	Summit Playhouse	http://yago-knowledge.org/resource/wasCreatedOnDate	startDate	1891-01-01	http://www.w3.org/2001/XMLSchema#date	
