sub	subl	prop	propl	obj	obj_t	obj_l
http://dbpedia.org/resource/Edward_McHugh	Edward McHugh	http://dbpedia.org/ontology/abstract	has abstract	Edward McHugh (1853–1915) was an Irish Georgist (land reformer), trade unionist, Labour activist and social reformer. He spent a great deal of his lifetime engaged in the struggle for social reform not only in Great Britain and Ireland, but also further afield, including spells in America and the Antipodes. Born in rural County Tyrone to a smallholding family, before emigrating through economic necessity to the overcrowded industrial landscape of Greenock, and then Glasgow, Edward McHugh shared with his friend, Michael Davitt, experience of both sides of the land question. It is not surprising that, having witnessed rural and urban poverty at an early age, McHugh would become firmly committed to the ideals of Henry George, and convinced that land, and its inequitable distribution, should lie at the root of all social ills. After moving to Glasgow as a teenager to find work as a compositor, McHugh found himself in a city with various possibilities for developing his education as a social reformer. The Irish who had fled to the city in such numbers after the Great Famine were finally starting to organise themselves politically. Native Scots of all classes, especially those Gaels who had come from the Highlands as a result either of the Clearances or the region’s own famine in the 1840s, were contemplating the conditions in which the working classes of Glasgow, and other towns in Scotland, were forced to live. As a member of the Glasgow Home Rule Association, and then the secretary of the Glasgow branch of the Irish Land League, McHugh was singled out as a speaker and organiser of ability, and was chosen to lead a Land League mission to the Scottish Highlands in order to direct the nascent crofters’ agitation along radical lines. After the death of the Land League, McHugh toured Scotland with Henry George himself, and helped to found the Scottish Land Restoration League, a body dedicated to taxing land values to their full extent, thereby abolishing landlordism. The ability shown by McHugh was then harnessed by the Trades Union movement, as he and his old friend Richard McGhee formed and ran the National Union of Dock Labourers, sustaining them through bitter strikes in Glasgow (1889), and Liverpool (1890). This latter strike was a turning point in McHugh’s domestic life, as he settled then in Birkenhead. Internal intrigue forced him to quit as General Secretary of the NUDL, but McHugh remained active in the Trade Unionism, spending the years 1896-1899 in New York, organising the American Longshoremen's Union, and preaching the ‘Single Tax Gospel.’ The fact that McHugh was with Henry George at the time of the latter’s death in 1897 gave the Ulsterman a great caché in Single Tax circles for the rest of his life, and on returning to Birkenhead he settled down and spent the rest of his life striving for social reform through the propagation of the George’s theories.	http://www.w3.org/1999/02/22-rdf-syntax-ns#langString	
http://dbpedia.org/resource/Edward_McHugh	Edward McHugh	http://dbpedia.org/ontology/birthDate	birth date	1853-01-01	http://www.w3.org/2001/XMLSchema#date	
http://dbpedia.org/resource/Edward_McHugh	Edward McHugh	http://dbpedia.org/ontology/deathDate	death date	1915-01-01	http://www.w3.org/2001/XMLSchema#date	
http://dbpedia.org/resource/Edward_McHugh	Edward McHugh	http://dbpedia.org/ontology/wikiPageExternalLink	Link from a Wikipage to an external page	http://www.eup.ed.ac.uk/edition_details.aspx?id=12903	uri	null
http://dbpedia.org/resource/Edward_McHugh	Edward McHugh	http://dbpedia.org/ontology/wikiPageExternalLink	Link from a Wikipage to an external page	http://www.mellenpress.com/mellenpress.cfm?bookid=6109&pc=9	uri	null
http://dbpedia.org/resource/Edward_McHugh	Edward McHugh	http://dbpedia.org/ontology/wikiPageExternalLink	Link from a Wikipage to an external page	http://www.thelandleague.org	uri	null
http://dbpedia.org/resource/Edward_McHugh	Edward McHugh	http://dbpedia.org/ontology/wikiPageID	Wikipage page ID	13481741	http://www.w3.org/2001/XMLSchema#integer	
http://dbpedia.org/resource/Edward_McHugh	Edward McHugh	http://dbpedia.org/ontology/wikiPageLength	page length (characters) of wiki page	4361	http://www.w3.org/2001/XMLSchema#nonNegativeInteger	
http://dbpedia.org/resource/Edward_McHugh	Edward McHugh	http://dbpedia.org/ontology/wikiPageOutDegree	Wiki page out degree	34	http://www.w3.org/2001/XMLSchema#nonNegativeInteger	
http://dbpedia.org/resource/Edward_McHugh	Edward McHugh	http://dbpedia.org/ontology/wikiPageRevisionID	Wikipage revision ID	727956403	http://www.w3.org/2001/XMLSchema#integer	
http://dbpedia.org/resource/Edward_McHugh	Edward McHugh	http://purl.org/dc/terms/description	Description	Scottish land reformer	http://www.w3.org/1999/02/22-rdf-syntax-ns#langString	
http://dbpedia.org/resource/Edward_McHugh	Edward McHugh	http://purl.org/dc/terms/subject	Subject	http://dbpedia.org/resource/Category:1853_births	entity	1853 births
http://dbpedia.org/resource/Edward_McHugh	Edward McHugh	http://purl.org/dc/terms/subject	Subject	http://dbpedia.org/resource/Category:1915_deaths	entity	1915 deaths
http://dbpedia.org/resource/Edward_McHugh	Edward McHugh	http://purl.org/dc/terms/subject	Subject	http://dbpedia.org/resource/Category:19th-century_Scottish_people	entity	19th-century Scottish people
http://dbpedia.org/resource/Edward_McHugh	Edward McHugh	http://purl.org/dc/terms/subject	Subject	http://dbpedia.org/resource/Category:Georgists	entity	Georgists
http://dbpedia.org/resource/Edward_McHugh	Edward McHugh	http://purl.org/dc/terms/subject	Subject	http://dbpedia.org/resource/Category:People_from_County_Tyrone	entity	People from County Tyrone
http://dbpedia.org/resource/Edward_McHugh	Edward McHugh	http://purl.org/dc/terms/subject	Subject	http://dbpedia.org/resource/Category:People_from_Glasgow	entity	People from Glasgow
http://dbpedia.org/resource/Edward_McHugh	Edward McHugh	http://purl.org/dc/terms/subject	Subject	http://dbpedia.org/resource/Category:Scottish_people_of_Irish_descent	entity	Scottish people of Irish descent
http://dbpedia.org/resource/Edward_McHugh	Edward McHugh	http://purl.org/dc/terms/subject	Subject	http://dbpedia.org/resource/Category:Scottish_politicians	entity	Scottish politicians
http://dbpedia.org/resource/Edward_McHugh	Edward McHugh	http://purl.org/dc/terms/subject	Subject	http://dbpedia.org/resource/Category:Scottish_socialists	entity	Scottish socialists
http://dbpedia.org/resource/Edward_McHugh	Edward McHugh	http://purl.org/dc/terms/subject	Subject	http://dbpedia.org/resource/Category:Scottish_trade_unionists	entity	Scottish trade unionists
http://dbpedia.org/resource/Edward_McHugh	Edward McHugh	http://www.w3.org/1999/02/22-rdf-syntax-ns#type	type	http://dbpedia.org/ontology/Person	entity	person
http://dbpedia.org/resource/Edward_McHugh	Edward McHugh	http://www.w3.org/1999/02/22-rdf-syntax-ns#type	type	http://www.w3.org/2002/07/owl#Thing	entity	Thing
http://dbpedia.org/resource/Edward_McHugh	Edward McHugh	http://www.w3.org/2000/01/rdf-schema#comment	comment	Edward McHugh (1853–1915) was an Irish Georgist (land reformer), trade unionist, Labour activist and social reformer. He spent a great deal of his lifetime engaged in the struggle for social reform not only in Great Britain and Ireland, but also further afield, including spells in America and the Antipodes.	http://www.w3.org/1999/02/22-rdf-syntax-ns#langString	
http://dbpedia.org/resource/Edward_McHugh	Edward McHugh	http://www.w3.org/2000/01/rdf-schema#label	label	Edward McHugh	http://www.w3.org/1999/02/22-rdf-syntax-ns#langString	
http://dbpedia.org/resource/Edward_McHugh	Edward McHugh	http://www.w3.org/2002/07/owl#sameAs	sameAs	http://dbpedia.org/resource/Edward_McHugh	entity	Edward McHugh
http://dbpedia.org/resource/Edward_McHugh	Edward McHugh	http://www.w3.org/2002/07/owl#sameAs	sameAs	http://rdf.freebase.com/ns/m.03c6t85	entity	Edward McHugh
http://dbpedia.org/resource/Edward_McHugh	Edward McHugh	http://www.w3.org/2002/07/owl#sameAs	sameAs	http://www.wikidata.org/entity/Q5344406	entity	Edward McHugh
http://dbpedia.org/resource/Edward_McHugh	Edward McHugh	http://www.w3.org/ns/prov#wasDerivedFrom	wasDerivedFrom	http://en.wikipedia.org/wiki/Edward_McHugh?oldid=727956403	uri	null
http://dbpedia.org/resource/Edward_McHugh	Edward McHugh	http://xmlns.com/foaf/0.1/gender	gender	male	http://www.w3.org/1999/02/22-rdf-syntax-ns#langString	
http://dbpedia.org/resource/Edward_McHugh	Edward McHugh	http://xmlns.com/foaf/0.1/givenName	Given name	Edward	http://www.w3.org/1999/02/22-rdf-syntax-ns#langString	
http://dbpedia.org/resource/Edward_McHugh	Edward McHugh	http://xmlns.com/foaf/0.1/isPrimaryTopicOf	is primary topic of	http://en.wikipedia.org/wiki/Edward_McHugh	uri	null
http://dbpedia.org/resource/Edward_McHugh	Edward McHugh	http://xmlns.com/foaf/0.1/name	name	Edward McHugh	http://www.w3.org/1999/02/22-rdf-syntax-ns#langString	
http://dbpedia.org/resource/Edward_McHugh	Edward McHugh	http://xmlns.com/foaf/0.1/surname	Surname	McHugh	http://www.w3.org/1999/02/22-rdf-syntax-ns#langString	
