sub	subl	prop	propl	obj	obj_t	obj_l
http://yago-knowledge.org/resource/Edward_McHugh	Edward McHugh	http://www.w3.org/1999/02/22-rdf-syntax-ns#type	type	http://www.w3.org/2002/07/owl#Thing	entity	Thing
http://yago-knowledge.org/resource/Edward_McHugh	Edward McHugh	http://www.w3.org/1999/02/22-rdf-syntax-ns#type	type	http://yago-knowledge.org/resource/wikicat_19th-century_Scottish_people	entity	19th-century Scottish people
http://yago-knowledge.org/resource/Edward_McHugh	Edward McHugh	http://www.w3.org/1999/02/22-rdf-syntax-ns#type	type	http://yago-knowledge.org/resource/wikicat_People_from_County_Tyrone	entity	People from County Tyrone
http://yago-knowledge.org/resource/Edward_McHugh	Edward McHugh	http://www.w3.org/1999/02/22-rdf-syntax-ns#type	type	http://yago-knowledge.org/resource/wikicat_People_from_Glasgow	entity	People from Glasgow
http://yago-knowledge.org/resource/Edward_McHugh	Edward McHugh	http://www.w3.org/1999/02/22-rdf-syntax-ns#type	type	http://yago-knowledge.org/resource/wikicat_Scottish_people_of_Irish_descent	entity	Scottish people of Irish descent
http://yago-knowledge.org/resource/Edward_McHugh	Edward McHugh	http://www.w3.org/1999/02/22-rdf-syntax-ns#type	type	http://yago-knowledge.org/resource/wikicat_Scottish_politicians	entity	Scottish politicians
http://yago-knowledge.org/resource/Edward_McHugh	Edward McHugh	http://www.w3.org/1999/02/22-rdf-syntax-ns#type	type	http://yago-knowledge.org/resource/wikicat_Scottish_socialists	entity	Scottish socialists
http://yago-knowledge.org/resource/Edward_McHugh	Edward McHugh	http://www.w3.org/1999/02/22-rdf-syntax-ns#type	type	http://yago-knowledge.org/resource/wikicat_Scottish_trade_unionists	entity	Scottish trade unionists
http://yago-knowledge.org/resource/Edward_McHugh	Edward McHugh	http://www.w3.org/1999/02/22-rdf-syntax-ns#type	type	http://yago-knowledge.org/resource/wordnet_causal_agent_100007347	entity	causal agent
http://yago-knowledge.org/resource/Edward_McHugh	Edward McHugh	http://www.w3.org/1999/02/22-rdf-syntax-ns#type	type	http://yago-knowledge.org/resource/wordnet_leader_109623038	entity	leader
http://yago-knowledge.org/resource/Edward_McHugh	Edward McHugh	http://www.w3.org/1999/02/22-rdf-syntax-ns#type	type	http://yago-knowledge.org/resource/wordnet_living_thing_100004258	entity	living thing
http://yago-knowledge.org/resource/Edward_McHugh	Edward McHugh	http://www.w3.org/1999/02/22-rdf-syntax-ns#type	type	http://yago-knowledge.org/resource/wordnet_object_100002684	entity	object
http://yago-knowledge.org/resource/Edward_McHugh	Edward McHugh	http://www.w3.org/1999/02/22-rdf-syntax-ns#type	type	http://yago-knowledge.org/resource/wordnet_organism_100004475	entity	organism
http://yago-knowledge.org/resource/Edward_McHugh	Edward McHugh	http://www.w3.org/1999/02/22-rdf-syntax-ns#type	type	http://yago-knowledge.org/resource/wordnet_person_100007846	entity	person
http://yago-knowledge.org/resource/Edward_McHugh	Edward McHugh	http://www.w3.org/1999/02/22-rdf-syntax-ns#type	type	http://yago-knowledge.org/resource/wordnet_physical_entity_100001930	entity	physical entity
http://yago-knowledge.org/resource/Edward_McHugh	Edward McHugh	http://www.w3.org/1999/02/22-rdf-syntax-ns#type	type	http://yago-knowledge.org/resource/wordnet_politician_110450303	entity	politician
http://yago-knowledge.org/resource/Edward_McHugh	Edward McHugh	http://www.w3.org/1999/02/22-rdf-syntax-ns#type	type	http://yago-knowledge.org/resource/wordnet_socialist_110618848	entity	socialist
http://yago-knowledge.org/resource/Edward_McHugh	Edward McHugh	http://www.w3.org/1999/02/22-rdf-syntax-ns#type	type	http://yago-knowledge.org/resource/wordnet_trade_unionist_110720964	entity	trade unionist
http://yago-knowledge.org/resource/Edward_McHugh	Edward McHugh	http://www.w3.org/1999/02/22-rdf-syntax-ns#type	type	http://yago-knowledge.org/resource/wordnet_whole_100003553	entity	whole
http://yago-knowledge.org/resource/Edward_McHugh	Edward McHugh	http://www.w3.org/1999/02/22-rdf-syntax-ns#type	type	http://yago-knowledge.org/resource/wordnet_worker_109632518	entity	worker
http://yago-knowledge.org/resource/Edward_McHugh	Edward McHugh	http://www.w3.org/1999/02/22-rdf-syntax-ns#type	type	http://yago-knowledge.org/resource/yagoLegalActor	entity	legal actor
http://yago-knowledge.org/resource/Edward_McHugh	Edward McHugh	http://www.w3.org/1999/02/22-rdf-syntax-ns#type	type	http://yago-knowledge.org/resource/yagoLegalActorGeo	entity	legal actor or geographic entity
http://yago-knowledge.org/resource/Edward_McHugh	Edward McHugh	http://www.w3.org/2000/01/rdf-schema#label	label	Edward McHugh	http://www.w3.org/1999/02/22-rdf-syntax-ns#langString	
http://yago-knowledge.org/resource/Edward_McHugh	Edward McHugh	http://www.w3.org/2000/01/rdf-schema#label	label	Edward McHugh	http://www.w3.org/2001/XMLSchema#string	
http://yago-knowledge.org/resource/Edward_McHugh	Edward McHugh	http://www.w3.org/2002/07/owl#sameAs	sameAs	http://dbpedia.org/resource/Edward_McHugh	entity	Edward McHugh
http://yago-knowledge.org/resource/Edward_McHugh	Edward McHugh	http://www.w3.org/2004/02/skos/core#prefLabel	preferred label	Edward McHugh	http://www.w3.org/1999/02/22-rdf-syntax-ns#langString	
http://yago-knowledge.org/resource/Edward_McHugh	Edward McHugh	http://yago-knowledge.org/resource/diedOnDate	Date of death	1915-01-01	http://www.w3.org/2001/XMLSchema#date	
http://yago-knowledge.org/resource/Edward_McHugh	Edward McHugh	http://yago-knowledge.org/resource/hasFamilyName	Surname	McHugh	http://www.w3.org/2001/XMLSchema#string	
http://yago-knowledge.org/resource/Edward_McHugh	Edward McHugh	http://yago-knowledge.org/resource/hasGender	sex or gender	http://yago-knowledge.org/resource/male	entity	male
http://yago-knowledge.org/resource/Edward_McHugh	Edward McHugh	http://yago-knowledge.org/resource/hasGivenName	given name	Edward	http://www.w3.org/2001/XMLSchema#string	
http://yago-knowledge.org/resource/Edward_McHugh	Edward McHugh	http://yago-knowledge.org/resource/hasWikipediaAnchorText	null	American Longshoremen's Union	http://www.w3.org/1999/02/22-rdf-syntax-ns#langString	
http://yago-knowledge.org/resource/Edward_McHugh	Edward McHugh	http://yago-knowledge.org/resource/hasWikipediaAnchorText	null	Birkenhead	http://www.w3.org/1999/02/22-rdf-syntax-ns#langString	
http://yago-knowledge.org/resource/Edward_McHugh	Edward McHugh	http://yago-knowledge.org/resource/hasWikipediaAnchorText	null	Clearances	http://www.w3.org/1999/02/22-rdf-syntax-ns#langString	
http://yago-knowledge.org/resource/Edward_McHugh	Edward McHugh	http://yago-knowledge.org/resource/hasWikipediaAnchorText	null	County Tyrone	http://www.w3.org/1999/02/22-rdf-syntax-ns#langString	
http://yago-knowledge.org/resource/Edward_McHugh	Edward McHugh	http://yago-knowledge.org/resource/hasWikipediaAnchorText	null	Gaels	http://www.w3.org/1999/02/22-rdf-syntax-ns#langString	
http://yago-knowledge.org/resource/Edward_McHugh	Edward McHugh	http://yago-knowledge.org/resource/hasWikipediaAnchorText	null	Glasgow	http://www.w3.org/1999/02/22-rdf-syntax-ns#langString	
http://yago-knowledge.org/resource/Edward_McHugh	Edward McHugh	http://yago-knowledge.org/resource/hasWikipediaAnchorText	null	Glasgow Home Rule Association	http://www.w3.org/1999/02/22-rdf-syntax-ns#langString	
http://yago-knowledge.org/resource/Edward_McHugh	Edward McHugh	http://yago-knowledge.org/resource/hasWikipediaAnchorText	null	Great Famine	http://www.w3.org/1999/02/22-rdf-syntax-ns#langString	
http://yago-knowledge.org/resource/Edward_McHugh	Edward McHugh	http://yago-knowledge.org/resource/hasWikipediaAnchorText	null	Greenock	http://www.w3.org/1999/02/22-rdf-syntax-ns#langString	
http://yago-knowledge.org/resource/Edward_McHugh	Edward McHugh	http://yago-knowledge.org/resource/hasWikipediaAnchorText	null	Henry George	http://www.w3.org/1999/02/22-rdf-syntax-ns#langString	
http://yago-knowledge.org/resource/Edward_McHugh	Edward McHugh	http://yago-knowledge.org/resource/hasWikipediaAnchorText	null	Highland Land League	http://www.w3.org/1999/02/22-rdf-syntax-ns#langString	
http://yago-knowledge.org/resource/Edward_McHugh	Edward McHugh	http://yago-knowledge.org/resource/hasWikipediaAnchorText	null	Ireland Radicalism and the Scottish Highlands, 1870-1912	http://www.w3.org/1999/02/22-rdf-syntax-ns#langString	
http://yago-knowledge.org/resource/Edward_McHugh	Edward McHugh	http://yago-knowledge.org/resource/hasWikipediaAnchorText	null	Irish Land League	http://www.w3.org/1999/02/22-rdf-syntax-ns#langString	
http://yago-knowledge.org/resource/Edward_McHugh	Edward McHugh	http://yago-knowledge.org/resource/hasWikipediaAnchorText	null	James Sexton	http://www.w3.org/1999/02/22-rdf-syntax-ns#langString	
http://yago-knowledge.org/resource/Edward_McHugh	Edward McHugh	http://yago-knowledge.org/resource/hasWikipediaAnchorText	null	Michael Davitt	http://www.w3.org/1999/02/22-rdf-syntax-ns#langString	
http://yago-knowledge.org/resource/Edward_McHugh	Edward McHugh	http://yago-knowledge.org/resource/hasWikipediaAnchorText	null	Michael Davitt and his legacy today.	http://www.w3.org/1999/02/22-rdf-syntax-ns#langString	
http://yago-knowledge.org/resource/Edward_McHugh	Edward McHugh	http://yago-knowledge.org/resource/hasWikipediaAnchorText	null	National Union of Dock Labourers	http://www.w3.org/1999/02/22-rdf-syntax-ns#langString	
http://yago-knowledge.org/resource/Edward_McHugh	Edward McHugh	http://yago-knowledge.org/resource/hasWikipediaAnchorText	null	New York	http://www.w3.org/1999/02/22-rdf-syntax-ns#langString	
http://yago-knowledge.org/resource/Edward_McHugh	Edward McHugh	http://yago-knowledge.org/resource/hasWikipediaAnchorText	null	Richard McGhee	http://www.w3.org/1999/02/22-rdf-syntax-ns#langString	
http://yago-knowledge.org/resource/Edward_McHugh	Edward McHugh	http://yago-knowledge.org/resource/hasWikipediaAnchorText	null	Scottish Land Restoration League	http://www.w3.org/1999/02/22-rdf-syntax-ns#langString	
http://yago-knowledge.org/resource/Edward_McHugh	Edward McHugh	http://yago-knowledge.org/resource/hasWikipediaAnchorText	null	Single Tax	http://www.w3.org/1999/02/22-rdf-syntax-ns#langString	
http://yago-knowledge.org/resource/Edward_McHugh	Edward McHugh	http://yago-knowledge.org/resource/hasWikipediaAnchorText	null	The Life and Times of Edward McHugh (1853 - 1915): Land Reformer, Trade Unionist, and Labour Activist	http://www.w3.org/1999/02/22-rdf-syntax-ns#langString	
http://yago-knowledge.org/resource/Edward_McHugh	Edward McHugh	http://yago-knowledge.org/resource/hasWikipediaAnchorText	null	land reformer	http://www.w3.org/1999/02/22-rdf-syntax-ns#langString	
http://yago-knowledge.org/resource/Edward_McHugh	Edward McHugh	http://yago-knowledge.org/resource/hasWikipediaAnchorText	null	landlordism	http://www.w3.org/1999/02/22-rdf-syntax-ns#langString	
http://yago-knowledge.org/resource/Edward_McHugh	Edward McHugh	http://yago-knowledge.org/resource/hasWikipediaAnchorText	null	smallholding	http://www.w3.org/1999/02/22-rdf-syntax-ns#langString	
http://yago-knowledge.org/resource/Edward_McHugh	Edward McHugh	http://yago-knowledge.org/resource/hasWikipediaArticleLength	null	4549	http://www.w3.org/2001/XMLSchema#integer	
http://yago-knowledge.org/resource/Edward_McHugh	Edward McHugh	http://yago-knowledge.org/resource/hasWikipediaUrl	null	http://en.wikipedia.org/wiki/Edward_McHugh	uri	null
http://yago-knowledge.org/resource/Edward_McHugh	Edward McHugh	http://yago-knowledge.org/resource/linksTo	null	http://yago-knowledge.org/resource/Birkenhead	entity	Birkenhead
http://yago-knowledge.org/resource/Edward_McHugh	Edward McHugh	http://yago-knowledge.org/resource/linksTo	null	http://yago-knowledge.org/resource/County_Tyrone	entity	County Tyrone
http://yago-knowledge.org/resource/Edward_McHugh	Edward McHugh	http://yago-knowledge.org/resource/linksTo	null	http://yago-knowledge.org/resource/Gaels	entity	Gaels
http://yago-knowledge.org/resource/Edward_McHugh	Edward McHugh	http://yago-knowledge.org/resource/linksTo	null	http://yago-knowledge.org/resource/Glasgow	entity	Glasgow
http://yago-knowledge.org/resource/Edward_McHugh	Edward McHugh	http://yago-knowledge.org/resource/linksTo	null	http://yago-knowledge.org/resource/Great_Famine_(Ireland)	entity	Great Famine (Ireland)
http://yago-knowledge.org/resource/Edward_McHugh	Edward McHugh	http://yago-knowledge.org/resource/linksTo	null	http://yago-knowledge.org/resource/Greenock	entity	Greenock
http://yago-knowledge.org/resource/Edward_McHugh	Edward McHugh	http://yago-knowledge.org/resource/linksTo	null	http://yago-knowledge.org/resource/Henry_George	entity	Henry George
http://yago-knowledge.org/resource/Edward_McHugh	Edward McHugh	http://yago-knowledge.org/resource/linksTo	null	http://yago-knowledge.org/resource/Highland_Land_League	entity	Highland Land League
http://yago-knowledge.org/resource/Edward_McHugh	Edward McHugh	http://yago-knowledge.org/resource/linksTo	null	http://yago-knowledge.org/resource/James_Sexton	entity	James Sexton
http://yago-knowledge.org/resource/Edward_McHugh	Edward McHugh	http://yago-knowledge.org/resource/linksTo	null	http://yago-knowledge.org/resource/Michael_Davitt	entity	Michael Davitt
http://yago-knowledge.org/resource/Edward_McHugh	Edward McHugh	http://yago-knowledge.org/resource/linksTo	null	http://yago-knowledge.org/resource/National_Union_of_Dock_Labourers	entity	National Union of Dock Labourers
http://yago-knowledge.org/resource/Edward_McHugh	Edward McHugh	http://yago-knowledge.org/resource/linksTo	null	http://yago-knowledge.org/resource/New_York	entity	New York
http://yago-knowledge.org/resource/Edward_McHugh	Edward McHugh	http://yago-knowledge.org/resource/linksTo	null	http://yago-knowledge.org/resource/Richard_McGhee	entity	Richard McGhee
http://yago-knowledge.org/resource/Edward_McHugh	Edward McHugh	http://yago-knowledge.org/resource/linksTo	null	http://yago-knowledge.org/resource/Scottish_Land_Restoration_League	entity	Scottish Land Restoration League
http://yago-knowledge.org/resource/Edward_McHugh	Edward McHugh	http://yago-knowledge.org/resource/wasBornOnDate	date of birth	1853-01-01	http://www.w3.org/2001/XMLSchema#date	
