sub	subl	prop	propl	obj	obj_t	obj_l
http://www.wikidata.org/entity/Q5344407	Edward McHugh	http://schema.org/description	description	American photographer	http://www.w3.org/1999/02/22-rdf-syntax-ns#langString	
http://www.wikidata.org/entity/Q5344407	Edward McHugh	http://www.w3.org/1999/02/22-rdf-syntax-ns#type	type	http://www.wikidata.org/entity/Q5	entity	human
http://www.wikidata.org/entity/Q5344407	Edward McHugh	http://www.w3.org/1999/02/22-rdf-syntax-ns#type	type	http://www.wikidata.org/ontology#Item	entity	Item
http://www.wikidata.org/entity/Q5344407	Edward McHugh	http://www.w3.org/2000/01/rdf-schema#label	label	Edward McHugh	http://www.w3.org/1999/02/22-rdf-syntax-ns#langString	
http://www.wikidata.org/entity/Q5344407	Edward McHugh	http://www.wikidata.org/entity/P106c	occupation	http://www.wikidata.org/entity/Q33231	entity	photographer
http://www.wikidata.org/entity/Q5344407	Edward McHugh	http://www.wikidata.org/entity/P21c	sex or gender	http://www.wikidata.org/entity/Q6581097	entity	male
http://www.wikidata.org/entity/Q5344407	Edward McHugh	http://www.wikidata.org/entity/P27c	country of citizenship	http://www.wikidata.org/entity/Q30	entity	United States of America
http://www.wikidata.org/entity/Q5344407	Edward McHugh	http://www.wikidata.org/entity/P31c	instance of	http://www.wikidata.org/entity/Q5	entity	human
http://www.wikidata.org/entity/Q5344407	Edward McHugh	http://www.wikidata.org/entity/P569c	date of birth	1969	http://www.w3.org/2001/XMLSchema#gYear	
http://www.wikidata.org/entity/Q5344407	Edward McHugh	http://www.wikidata.org/entity/P735c	given name	http://www.wikidata.org/entity/Q278835	entity	Edward
