sub	subl	prop	propl	obj	obj_t	obj_l
http://rdf.freebase.com/ns/m.09gbtzm	Edward McHugh	http://rdf.freebase.com/key/wikipedia.en	en	Edward_M'Hugh	http://www.w3.org/2001/XMLSchema#string	
http://rdf.freebase.com/ns/m.09gbtzm	Edward McHugh	http://rdf.freebase.com/key/wikipedia.en	en	Edward_McHugh_(politician)	http://www.w3.org/2001/XMLSchema#string	
http://rdf.freebase.com/ns/m.09gbtzm	Edward McHugh	http://rdf.freebase.com/key/wikipedia.en_id	en_id	25343968	http://www.w3.org/2001/XMLSchema#string	
http://rdf.freebase.com/ns/m.09gbtzm	Edward McHugh	http://rdf.freebase.com/key/wikipedia.en_title	en_title	Edward_McHugh_(politician)	http://www.w3.org/2001/XMLSchema#string	
http://rdf.freebase.com/ns/m.09gbtzm	Edward McHugh	http://rdf.freebase.com/ns/common.topic.article	Article	Edward McHugh (1846 – 28 August 1900), also known as Edward M'Hugh, was an Irish nationalist politician. He was an Anti-Parnellite Member of Parliament (MP) for South Armagh from 1892 until his death. He was first elected at the 1892 general election, when he stood against the sitting Parnellite MP Alexander Blane. McHugh won a comfortable victory over the Unionist candidate, while Blane secured barely 1% of the votes. McHugh was re-elected in 1886, with a wide margin over another Unionist candidate, and held the seat until his death in August 1900. No by-election was held for his seat before Parliament was dissolved for the general election in October 1900.	http://www.w3.org/1999/02/22-rdf-syntax-ns#langString	
http://rdf.freebase.com/ns/m.09gbtzm	Edward McHugh	http://rdf.freebase.com/ns/common.topic.description	Description	Edward McHugh, also known as Edward M'Hugh, was an Irish nationalist politician. He was an Anti-Parnellite Member of Parliament for South Armagh from 1892 until his death. He was first elected at the 1892 general election, when he stood against the sitting Parnellite MP Alexander Blane. McHugh won a comfortable victory over the Unionist candidate, while Blane secured barely 1% of the votes. McHugh was re-elected in 1886, with a wide margin over another Unionist candidate, and held the seat until his death in August 1900. No by-election was held for his seat before Parliament was dissolved for the general election in October 1900.	http://www.w3.org/1999/02/22-rdf-syntax-ns#langString	
http://rdf.freebase.com/ns/m.09gbtzm	Edward McHugh	http://rdf.freebase.com/ns/common.topic.notable_for	Notable for	Deceased Person	http://www.w3.org/1999/02/22-rdf-syntax-ns#langString	
http://rdf.freebase.com/ns/m.09gbtzm	Edward McHugh	http://rdf.freebase.com/ns/common.topic.notable_types	Notable types	http://rdf.freebase.com/ns/m.022tfrk	entity	Deceased Person
http://rdf.freebase.com/ns/m.09gbtzm	Edward McHugh	http://rdf.freebase.com/ns/common.topic.topic_equivalent_webpage	Topic equivalent webpage	http://en.wikipedia.org/wiki/Edward_McHugh_(politician)	uri	null
http://rdf.freebase.com/ns/m.09gbtzm	Edward McHugh	http://rdf.freebase.com/ns/common.topic.topic_equivalent_webpage	Topic equivalent webpage	http://en.wikipedia.org/wiki/index.html?curid=25343968	uri	null
http://rdf.freebase.com/ns/m.09gbtzm	Edward McHugh	http://rdf.freebase.com/ns/kg.object_profile.prominent_type	prominent type	http://rdf.freebase.com/ns/people.deceased_person	entity	Deceased Person
http://rdf.freebase.com/ns/m.09gbtzm	Edward McHugh	http://rdf.freebase.com/ns/people.deceased_person.date_of_death	Date of death	1900-08-28	http://www.w3.org/2001/XMLSchema#date	
http://rdf.freebase.com/ns/m.09gbtzm	Edward McHugh	http://rdf.freebase.com/ns/people.person.date_of_birth	Date of birth	1846	http://www.w3.org/2001/XMLSchema#gYear	
http://rdf.freebase.com/ns/m.09gbtzm	Edward McHugh	http://rdf.freebase.com/ns/people.person.gender	Gender	http://rdf.freebase.com/ns/m.05zppz	entity	Male
http://rdf.freebase.com/ns/m.09gbtzm	Edward McHugh	http://rdf.freebase.com/ns/type.object.key	Key	/wikipedia/en/Edward_M'Hugh	http://www.w3.org/2001/XMLSchema#string	
http://rdf.freebase.com/ns/m.09gbtzm	Edward McHugh	http://rdf.freebase.com/ns/type.object.key	Key	/wikipedia/en/Edward_McHugh_(politician)	http://www.w3.org/2001/XMLSchema#string	
http://rdf.freebase.com/ns/m.09gbtzm	Edward McHugh	http://rdf.freebase.com/ns/type.object.key	Key	/wikipedia/en_id/25343968	http://www.w3.org/2001/XMLSchema#string	
http://rdf.freebase.com/ns/m.09gbtzm	Edward McHugh	http://rdf.freebase.com/ns/type.object.key	Key	/wikipedia/en_title/Edward_McHugh_(politician)	http://www.w3.org/2001/XMLSchema#string	
http://rdf.freebase.com/ns/m.09gbtzm	Edward McHugh	http://rdf.freebase.com/ns/type.object.name	Name	Edward McHugh	http://www.w3.org/1999/02/22-rdf-syntax-ns#langString	
http://rdf.freebase.com/ns/m.09gbtzm	Edward McHugh	http://rdf.freebase.com/ns/type.object.type	Type	http://rdf.freebase.com/ns/base.type_ontology.agent	entity	Agent
http://rdf.freebase.com/ns/m.09gbtzm	Edward McHugh	http://rdf.freebase.com/ns/type.object.type	Type	http://rdf.freebase.com/ns/base.type_ontology.animate	entity	Animate
http://rdf.freebase.com/ns/m.09gbtzm	Edward McHugh	http://rdf.freebase.com/ns/type.object.type	Type	http://rdf.freebase.com/ns/base.type_ontology.physically_instantiable	entity	Physically Instantiable
http://rdf.freebase.com/ns/m.09gbtzm	Edward McHugh	http://rdf.freebase.com/ns/type.object.type	Type	http://rdf.freebase.com/ns/common.topic	entity	Topic
http://rdf.freebase.com/ns/m.09gbtzm	Edward McHugh	http://rdf.freebase.com/ns/type.object.type	Type	http://rdf.freebase.com/ns/people.deceased_person	entity	Deceased Person
http://rdf.freebase.com/ns/m.09gbtzm	Edward McHugh	http://rdf.freebase.com/ns/type.object.type	Type	http://rdf.freebase.com/ns/people.person	entity	Person
http://rdf.freebase.com/ns/m.09gbtzm	Edward McHugh	http://www.w3.org/1999/02/22-rdf-syntax-ns#type	type	http://rdf.freebase.com/ns/base.type_ontology.agent	entity	Agent
http://rdf.freebase.com/ns/m.09gbtzm	Edward McHugh	http://www.w3.org/1999/02/22-rdf-syntax-ns#type	type	http://rdf.freebase.com/ns/base.type_ontology.animate	entity	Animate
http://rdf.freebase.com/ns/m.09gbtzm	Edward McHugh	http://www.w3.org/1999/02/22-rdf-syntax-ns#type	type	http://rdf.freebase.com/ns/base.type_ontology.physically_instantiable	entity	Physically Instantiable
http://rdf.freebase.com/ns/m.09gbtzm	Edward McHugh	http://www.w3.org/1999/02/22-rdf-syntax-ns#type	type	http://rdf.freebase.com/ns/common.topic	entity	Topic
http://rdf.freebase.com/ns/m.09gbtzm	Edward McHugh	http://www.w3.org/1999/02/22-rdf-syntax-ns#type	type	http://rdf.freebase.com/ns/people.deceased_person	entity	Deceased Person
http://rdf.freebase.com/ns/m.09gbtzm	Edward McHugh	http://www.w3.org/1999/02/22-rdf-syntax-ns#type	type	http://rdf.freebase.com/ns/people.person	entity	Person
http://rdf.freebase.com/ns/m.09gbtzm	Edward McHugh	http://www.w3.org/2000/01/rdf-schema#label	label	Edward McHugh	http://www.w3.org/1999/02/22-rdf-syntax-ns#langString	
