sub	subl	prop	propl	obj	obj_t	obj_l
http://rdf.freebase.com/ns/m.0vsq7	Bethel	http://rdf.freebase.com/key/authority.gnis	gnis	640014	http://www.w3.org/2001/XMLSchema#string	
http://rdf.freebase.com/ns/m.0vsq7	Bethel	http://rdf.freebase.com/key/authority.hud.countyplace	countyplace	2700305554	http://www.w3.org/2001/XMLSchema#string	
http://rdf.freebase.com/ns/m.0vsq7	Bethel	http://rdf.freebase.com/key/authority.nist.fips.55	55	2705554	http://www.w3.org/2001/XMLSchema#string	
http://rdf.freebase.com/ns/m.0vsq7	Bethel	http://rdf.freebase.com/key/base.dspl.us_census.population.place	place	2705554	http://www.w3.org/2001/XMLSchema#string	
http://rdf.freebase.com/ns/m.0vsq7	Bethel	http://rdf.freebase.com/key/en	com/key/en	bethel_minnesota	http://www.w3.org/2001/XMLSchema#string	
http://rdf.freebase.com/ns/m.0vsq7	Bethel	http://rdf.freebase.com/key/wikipedia.en	en	Bethel,_MN	http://www.w3.org/2001/XMLSchema#string	
http://rdf.freebase.com/ns/m.0vsq7	Bethel	http://rdf.freebase.com/key/wikipedia.en	en	Bethel,_Minnesota	http://www.w3.org/2001/XMLSchema#string	
http://rdf.freebase.com/ns/m.0vsq7	Bethel	http://rdf.freebase.com/key/wikipedia.en_id	en_id	119360	http://www.w3.org/2001/XMLSchema#string	
http://rdf.freebase.com/ns/m.0vsq7	Bethel	http://rdf.freebase.com/key/wikipedia.en_title	en_title	Bethel,_Minnesota	http://www.w3.org/2001/XMLSchema#string	
http://rdf.freebase.com/ns/m.0vsq7	Bethel	http://rdf.freebase.com/ns/base.wikipedia_infobox.settlement.area_code	Area code	http://rdf.freebase.com/ns/m.057smt	entity	Area code 763
http://rdf.freebase.com/ns/m.0vsq7	Bethel	http://rdf.freebase.com/ns/common.topic.alias	Also known as	Anoka County / Bethel city	http://www.w3.org/1999/02/22-rdf-syntax-ns#langString	
http://rdf.freebase.com/ns/m.0vsq7	Bethel	http://rdf.freebase.com/ns/common.topic.alias	Also known as	Bethel, Minnesota	http://www.w3.org/1999/02/22-rdf-syntax-ns#langString	
http://rdf.freebase.com/ns/m.0vsq7	Bethel	http://rdf.freebase.com/ns/common.topic.article	Article	Bethel is a city in Anoka County, Minnesota, United States. The population was 466 at the 2010 census. According to the United States Census Bureau, the city has a total area of 0.9 square miles (2.3 km), of which, 0.9 square miles (2.3 km) of it is land and 0.1 square miles (0.26 km) of it (6.52%) is water. 237th Avenue / County 24 serves as a main route in the community. Minnesota State Highway 65 is nearby. As of the census of 2000, there were 443 people, 149 households, and 108 families residing in the city. The population density was 514.1 people per square mile (198.9/km²). There were 155 housing units at an average density of 179.9 per square mile (69.6/km²). The racial makeup of the city was 96.39% White, 0.23% African American, 0.23% Native American, 0.23% Asian, 0.23% from other races, and 2.71% from two or more races. Hispanic or Latino of any race were 2.26% of the population. There were 149 households out of which 47.7% had children under the age of 18 living with them, 56.4% were married couples living together, 7.4% had a female householder with no husband present, and 27.5% were non-families. 18.1% of all households were made up of individuals and 3.4% had someone	http://www.w3.org/1999/02/22-rdf-syntax-ns#langString	
http://rdf.freebase.com/ns/m.0vsq7	Bethel	http://rdf.freebase.com/ns/common.topic.description	Description	Bethel is a city in Anoka County, Minnesota, United States. The population was 466 at the 2010 census.	http://www.w3.org/1999/02/22-rdf-syntax-ns#langString	
http://rdf.freebase.com/ns/m.0vsq7	Bethel	http://rdf.freebase.com/ns/common.topic.image	Image	http://rdf.freebase.com/ns/m.0297klb	entity	Location of Bethel, Minnesota
http://rdf.freebase.com/ns/m.0vsq7	Bethel	http://rdf.freebase.com/ns/common.topic.notable_for	Notable for	City/Town/Village	http://www.w3.org/1999/02/22-rdf-syntax-ns#langString	
http://rdf.freebase.com/ns/m.0vsq7	Bethel	http://rdf.freebase.com/ns/common.topic.notable_types	Notable types	http://rdf.freebase.com/ns/m.01m9	entity	City/Town/Village
http://rdf.freebase.com/ns/m.0vsq7	Bethel	http://rdf.freebase.com/ns/common.topic.topic_equivalent_webpage	Topic equivalent webpage	http://ar.wikipedia.org/wiki/%28%4A%2B%4A%44	uri	null
http://rdf.freebase.com/ns/m.0vsq7	Bethel	http://rdf.freebase.com/ns/common.topic.topic_equivalent_webpage	Topic equivalent webpage	http://ar.wikipedia.org/wiki/index.html?curid=1959200	uri	null
http://rdf.freebase.com/ns/m.0vsq7	Bethel	http://rdf.freebase.com/ns/common.topic.topic_equivalent_webpage	Topic equivalent webpage	http://ca.wikipedia.org/wiki/Bethel_(Minnesota)	uri	null
http://rdf.freebase.com/ns/m.0vsq7	Bethel	http://rdf.freebase.com/ns/common.topic.topic_equivalent_webpage	Topic equivalent webpage	http://ca.wikipedia.org/wiki/index.html?curid=692531	uri	null
http://rdf.freebase.com/ns/m.0vsq7	Bethel	http://rdf.freebase.com/ns/common.topic.topic_equivalent_webpage	Topic equivalent webpage	http://en.wikipedia.org/wiki/Bethel,_Minnesota	uri	null
http://rdf.freebase.com/ns/m.0vsq7	Bethel	http://rdf.freebase.com/ns/common.topic.topic_equivalent_webpage	Topic equivalent webpage	http://en.wikipedia.org/wiki/index.html?curid=119360	uri	null
http://rdf.freebase.com/ns/m.0vsq7	Bethel	http://rdf.freebase.com/ns/common.topic.topic_equivalent_webpage	Topic equivalent webpage	http://es.wikipedia.org/wiki/Bethel_(Minnesota)	uri	null
http://rdf.freebase.com/ns/m.0vsq7	Bethel	http://rdf.freebase.com/ns/common.topic.topic_equivalent_webpage	Topic equivalent webpage	http://es.wikipedia.org/wiki/index.html?curid=4720092	uri	null
http://rdf.freebase.com/ns/m.0vsq7	Bethel	http://rdf.freebase.com/ns/common.topic.topic_equivalent_webpage	Topic equivalent webpage	http://fa.wikipedia.org/wiki/%28%2A%44%0C_%45%CC%46%47%0C%33%48%2A%27	uri	null
http://rdf.freebase.com/ns/m.0vsq7	Bethel	http://rdf.freebase.com/ns/common.topic.topic_equivalent_webpage	Topic equivalent webpage	http://fa.wikipedia.org/wiki/index.html?curid=2438562	uri	null
http://rdf.freebase.com/ns/m.0vsq7	Bethel	http://rdf.freebase.com/ns/common.topic.topic_equivalent_webpage	Topic equivalent webpage	http://geonames.usgs.gov/pls/gnispublic/f?p=gnispq:3:::NO::P3_FID:640014	uri	null
http://rdf.freebase.com/ns/m.0vsq7	Bethel	http://rdf.freebase.com/ns/common.topic.topic_equivalent_webpage	Topic equivalent webpage	http://nl.wikipedia.org/wiki/Bethel_(Minnesota)	uri	null
http://rdf.freebase.com/ns/m.0vsq7	Bethel	http://rdf.freebase.com/ns/common.topic.topic_equivalent_webpage	Topic equivalent webpage	http://nl.wikipedia.org/wiki/index.html?curid=1015673	uri	null
http://rdf.freebase.com/ns/m.0vsq7	Bethel	http://rdf.freebase.com/ns/common.topic.topic_equivalent_webpage	Topic equivalent webpage	http://pl.wikipedia.org/wiki/Bethel_(Minnesota)	uri	null
http://rdf.freebase.com/ns/m.0vsq7	Bethel	http://rdf.freebase.com/ns/common.topic.topic_equivalent_webpage	Topic equivalent webpage	http://pl.wikipedia.org/wiki/index.html?curid=2794341	uri	null
http://rdf.freebase.com/ns/m.0vsq7	Bethel	http://rdf.freebase.com/ns/common.topic.topic_equivalent_webpage	Topic equivalent webpage	http://pt.wikipedia.org/wiki/Bethel_(Minnesota)	uri	null
http://rdf.freebase.com/ns/m.0vsq7	Bethel	http://rdf.freebase.com/ns/common.topic.topic_equivalent_webpage	Topic equivalent webpage	http://pt.wikipedia.org/wiki/index.html?curid=1359655	uri	null
http://rdf.freebase.com/ns/m.0vsq7	Bethel	http://rdf.freebase.com/ns/common.topic.topic_equivalent_webpage	Topic equivalent webpage	http://ru.wikipedia.org/wiki/%11%35%42%35%3B_(%33%3E%40%3E%34,_%1C%38%3D%3D%35%41%3E%42%30)	uri	null
http://rdf.freebase.com/ns/m.0vsq7	Bethel	http://rdf.freebase.com/ns/common.topic.topic_equivalent_webpage	Topic equivalent webpage	http://ru.wikipedia.org/wiki/index.html?curid=2895549	uri	null
http://rdf.freebase.com/ns/m.0vsq7	Bethel	http://rdf.freebase.com/ns/common.topic.topic_equivalent_webpage	Topic equivalent webpage	http://sr.wikipedia.org/wiki/%11%35%42%35%3B_(%1C%38%3D%35%41%3E%42%30)	uri	null
http://rdf.freebase.com/ns/m.0vsq7	Bethel	http://rdf.freebase.com/ns/common.topic.topic_equivalent_webpage	Topic equivalent webpage	http://sr.wikipedia.org/wiki/index.html?curid=765414	uri	null
http://rdf.freebase.com/ns/m.0vsq7	Bethel	http://rdf.freebase.com/ns/common.topic.topic_equivalent_webpage	Topic equivalent webpage	http://uk.wikipedia.org/wiki/%11%35%42%35%3B_(%1C%56%3D%3D%35%41%3E%42%30)	uri	null
http://rdf.freebase.com/ns/m.0vsq7	Bethel	http://rdf.freebase.com/ns/common.topic.topic_equivalent_webpage	Topic equivalent webpage	http://uk.wikipedia.org/wiki/index.html?curid=1790568	uri	null
http://rdf.freebase.com/ns/m.0vsq7	Bethel	http://rdf.freebase.com/ns/common.topic.topic_equivalent_webpage	Topic equivalent webpage	http://vi.wikipedia.org/wiki/Bethel,_Minnesota	uri	null
http://rdf.freebase.com/ns/m.0vsq7	Bethel	http://rdf.freebase.com/ns/common.topic.topic_equivalent_webpage	Topic equivalent webpage	http://vi.wikipedia.org/wiki/index.html?curid=1586627	uri	null
http://rdf.freebase.com/ns/m.0vsq7	Bethel	http://rdf.freebase.com/ns/common.topic.topic_equivalent_webpage	Topic equivalent webpage	http://zh.wikipedia.org/wiki/index.html?curid=3913535	uri	null
http://rdf.freebase.com/ns/m.0vsq7	Bethel	http://rdf.freebase.com/ns/common.topic.topic_equivalent_webpage	Topic equivalent webpage	http://zh.wikipedia.org/zh-cn/%1D%5E%14_(%0E%3C%CF%BE%DE)	uri	null
http://rdf.freebase.com/ns/m.0vsq7	Bethel	http://rdf.freebase.com/ns/common.topic.topic_equivalent_webpage	Topic equivalent webpage	http://zh.wikipedia.org/zh-tw/%1D%5E%14_(%0E%3C%CF%BE%DE)	uri	null
http://rdf.freebase.com/ns/m.0vsq7	Bethel	http://rdf.freebase.com/ns/kg.object_profile.prominent_type	prominent type	http://rdf.freebase.com/ns/location.citytown	entity	City/Town/Village
http://rdf.freebase.com/ns/m.0vsq7	Bethel	http://rdf.freebase.com/ns/location.citytown.postal_codes	Postal codes	http://rdf.freebase.com/ns/m.03ds7hp	entity	55005
http://rdf.freebase.com/ns/m.0vsq7	Bethel	http://rdf.freebase.com/ns/location.hud_county_place.county	County	http://rdf.freebase.com/ns/m.0nhyp	entity	Anoka County
http://rdf.freebase.com/ns/m.0vsq7	Bethel	http://rdf.freebase.com/ns/location.hud_county_place.countyplace_id	County Place ID	2700305554	http://www.w3.org/2001/XMLSchema#string	
http://rdf.freebase.com/ns/m.0vsq7	Bethel	http://rdf.freebase.com/ns/location.hud_county_place.place	Place	http://rdf.freebase.com/ns/m.0vsq7	entity	Bethel
http://rdf.freebase.com/ns/m.0vsq7	Bethel	http://rdf.freebase.com/ns/location.hud_foreclosure_area.bls_unemployment_rate	BLS Unemployment Rate (%)	0.0532	http://www.w3.org/2001/XMLSchema#string	
http://rdf.freebase.com/ns/m.0vsq7	Bethel	http://rdf.freebase.com/ns/location.hud_foreclosure_area.estimated_number_foreclosures	Estimated Number of Foreclosures	18	http://www.w3.org/2001/XMLSchema#string	
http://rdf.freebase.com/ns/m.0vsq7	Bethel	http://rdf.freebase.com/ns/location.hud_foreclosure_area.estimated_number_of_mortgages	Estimated Number of Mortgages	265	http://www.w3.org/2001/XMLSchema#string	
http://rdf.freebase.com/ns/m.0vsq7	Bethel	http://rdf.freebase.com/ns/location.hud_foreclosure_area.hhuniv	Household Count	129	http://www.w3.org/2001/XMLSchema#string	
http://rdf.freebase.com/ns/m.0vsq7	Bethel	http://rdf.freebase.com/ns/location.hud_foreclosure_area.ofheo_price_change	OFHEO Price Change (%)	-0.0349	http://www.w3.org/2001/XMLSchema#string	
http://rdf.freebase.com/ns/m.0vsq7	Bethel	http://rdf.freebase.com/ns/location.hud_foreclosure_area.total_90_day_vacant_residential_addresses	90-Day Vacant Residential Addresses	7	http://www.w3.org/2001/XMLSchema#string	
http://rdf.freebase.com/ns/m.0vsq7	Bethel	http://rdf.freebase.com/ns/location.hud_foreclosure_area.total_residential_addresses	Total Residential Addresses	212	http://www.w3.org/2001/XMLSchema#string	
http://rdf.freebase.com/ns/m.0vsq7	Bethel	http://rdf.freebase.com/ns/location.location.area	Area	2.51	http://www.w3.org/2001/XMLSchema#string	
http://rdf.freebase.com/ns/m.0vsq7	Bethel	http://rdf.freebase.com/ns/location.location.containedby	Contained by	http://rdf.freebase.com/ns/m.04ykg	entity	Minnesota
http://rdf.freebase.com/ns/m.0vsq7	Bethel	http://rdf.freebase.com/ns/location.location.containedby	Contained by	http://rdf.freebase.com/ns/m.09c7w0	entity	United States of America
http://rdf.freebase.com/ns/m.0vsq7	Bethel	http://rdf.freebase.com/ns/location.location.containedby	Contained by	http://rdf.freebase.com/ns/m.0nhyp	entity	Anoka County
http://rdf.freebase.com/ns/m.0vsq7	Bethel	http://rdf.freebase.com/ns/location.location.gnis_feature_id	GNIS ID	640014	http://www.w3.org/2001/XMLSchema#string	
http://rdf.freebase.com/ns/m.0vsq7	Bethel	http://rdf.freebase.com/ns/location.location.time_zones	Time zone(s)	http://rdf.freebase.com/ns/m.02fqwt	entity	Central Time Zone
http://rdf.freebase.com/ns/m.0vsq7	Bethel	http://rdf.freebase.com/ns/location.statistical_region.population	Population	387	http://www.w3.org/2001/XMLSchema#string	
http://rdf.freebase.com/ns/m.0vsq7	Bethel	http://rdf.freebase.com/ns/location.statistical_region.population	Population	422	http://www.w3.org/2001/XMLSchema#string	
http://rdf.freebase.com/ns/m.0vsq7	Bethel	http://rdf.freebase.com/ns/location.statistical_region.population	Population	423	http://www.w3.org/2001/XMLSchema#string	
http://rdf.freebase.com/ns/m.0vsq7	Bethel	http://rdf.freebase.com/ns/location.statistical_region.population	Population	424	http://www.w3.org/2001/XMLSchema#string	
http://rdf.freebase.com/ns/m.0vsq7	Bethel	http://rdf.freebase.com/ns/location.statistical_region.population	Population	425	http://www.w3.org/2001/XMLSchema#string	
http://rdf.freebase.com/ns/m.0vsq7	Bethel	http://rdf.freebase.com/ns/location.statistical_region.population	Population	428	http://www.w3.org/2001/XMLSchema#string	
http://rdf.freebase.com/ns/m.0vsq7	Bethel	http://rdf.freebase.com/ns/location.statistical_region.population	Population	430	http://www.w3.org/2001/XMLSchema#string	
http://rdf.freebase.com/ns/m.0vsq7	Bethel	http://rdf.freebase.com/ns/location.statistical_region.population	Population	436	http://www.w3.org/2001/XMLSchema#string	
http://rdf.freebase.com/ns/m.0vsq7	Bethel	http://rdf.freebase.com/ns/location.statistical_region.population	Population	438	http://www.w3.org/2001/XMLSchema#string	
http://rdf.freebase.com/ns/m.0vsq7	Bethel	http://rdf.freebase.com/ns/location.statistical_region.population	Population	445	http://www.w3.org/2001/XMLSchema#string	
http://rdf.freebase.com/ns/m.0vsq7	Bethel	http://rdf.freebase.com/ns/location.statistical_region.population	Population	459	http://www.w3.org/2001/XMLSchema#string	
http://rdf.freebase.com/ns/m.0vsq7	Bethel	http://rdf.freebase.com/ns/location.statistical_region.population	Population	461	http://www.w3.org/2001/XMLSchema#string	
http://rdf.freebase.com/ns/m.0vsq7	Bethel	http://rdf.freebase.com/ns/location.statistical_region.population	Population	463	http://www.w3.org/2001/XMLSchema#string	
http://rdf.freebase.com/ns/m.0vsq7	Bethel	http://rdf.freebase.com/ns/location.statistical_region.population	Population	464	http://www.w3.org/2001/XMLSchema#string	
http://rdf.freebase.com/ns/m.0vsq7	Bethel	http://rdf.freebase.com/ns/location.statistical_region.population	Population	466	http://www.w3.org/2001/XMLSchema#string	
http://rdf.freebase.com/ns/m.0vsq7	Bethel	http://rdf.freebase.com/ns/location.statistical_region.population	Population	467	http://www.w3.org/2001/XMLSchema#string	
http://rdf.freebase.com/ns/m.0vsq7	Bethel	http://rdf.freebase.com/ns/location.statistical_region.population	Population	470	http://www.w3.org/2001/XMLSchema#string	
http://rdf.freebase.com/ns/m.0vsq7	Bethel	http://rdf.freebase.com/ns/location.statistical_region.population	Population	499	http://www.w3.org/2001/XMLSchema#string	
http://rdf.freebase.com/ns/m.0vsq7	Bethel	http://rdf.freebase.com/ns/location.statistical_region.population	Population	521	http://www.w3.org/2001/XMLSchema#string	
http://rdf.freebase.com/ns/m.0vsq7	Bethel	http://rdf.freebase.com/ns/location.statistical_region.population	Population	525	http://www.w3.org/2001/XMLSchema#string	
http://rdf.freebase.com/ns/m.0vsq7	Bethel	http://rdf.freebase.com/ns/location.statistical_region.population	Population	526	http://www.w3.org/2001/XMLSchema#string	
http://rdf.freebase.com/ns/m.0vsq7	Bethel	http://rdf.freebase.com/ns/location.statistical_region.population	Population	527	http://www.w3.org/2001/XMLSchema#string	
http://rdf.freebase.com/ns/m.0vsq7	Bethel	http://rdf.freebase.com/ns/topic_server.population_number	population number	387	http://www.w3.org/2001/XMLSchema#string	
http://rdf.freebase.com/ns/m.0vsq7	Bethel	http://rdf.freebase.com/ns/topic_server.population_number	population number	422	http://www.w3.org/2001/XMLSchema#string	
http://rdf.freebase.com/ns/m.0vsq7	Bethel	http://rdf.freebase.com/ns/topic_server.population_number	population number	423	http://www.w3.org/2001/XMLSchema#string	
http://rdf.freebase.com/ns/m.0vsq7	Bethel	http://rdf.freebase.com/ns/topic_server.population_number	population number	424	http://www.w3.org/2001/XMLSchema#string	
http://rdf.freebase.com/ns/m.0vsq7	Bethel	http://rdf.freebase.com/ns/topic_server.population_number	population number	425	http://www.w3.org/2001/XMLSchema#string	
http://rdf.freebase.com/ns/m.0vsq7	Bethel	http://rdf.freebase.com/ns/topic_server.population_number	population number	428	http://www.w3.org/2001/XMLSchema#string	
http://rdf.freebase.com/ns/m.0vsq7	Bethel	http://rdf.freebase.com/ns/topic_server.population_number	population number	430	http://www.w3.org/2001/XMLSchema#string	
http://rdf.freebase.com/ns/m.0vsq7	Bethel	http://rdf.freebase.com/ns/topic_server.population_number	population number	436	http://www.w3.org/2001/XMLSchema#string	
http://rdf.freebase.com/ns/m.0vsq7	Bethel	http://rdf.freebase.com/ns/topic_server.population_number	population number	438	http://www.w3.org/2001/XMLSchema#string	
http://rdf.freebase.com/ns/m.0vsq7	Bethel	http://rdf.freebase.com/ns/topic_server.population_number	population number	445	http://www.w3.org/2001/XMLSchema#string	
http://rdf.freebase.com/ns/m.0vsq7	Bethel	http://rdf.freebase.com/ns/topic_server.population_number	population number	459	http://www.w3.org/2001/XMLSchema#string	
http://rdf.freebase.com/ns/m.0vsq7	Bethel	http://rdf.freebase.com/ns/topic_server.population_number	population number	461	http://www.w3.org/2001/XMLSchema#string	
http://rdf.freebase.com/ns/m.0vsq7	Bethel	http://rdf.freebase.com/ns/topic_server.population_number	population number	463	http://www.w3.org/2001/XMLSchema#string	
http://rdf.freebase.com/ns/m.0vsq7	Bethel	http://rdf.freebase.com/ns/topic_server.population_number	population number	464	http://www.w3.org/2001/XMLSchema#string	
http://rdf.freebase.com/ns/m.0vsq7	Bethel	http://rdf.freebase.com/ns/topic_server.population_number	population number	466	http://www.w3.org/2001/XMLSchema#string	
http://rdf.freebase.com/ns/m.0vsq7	Bethel	http://rdf.freebase.com/ns/topic_server.population_number	population number	467	http://www.w3.org/2001/XMLSchema#string	
http://rdf.freebase.com/ns/m.0vsq7	Bethel	http://rdf.freebase.com/ns/topic_server.population_number	population number	499	http://www.w3.org/2001/XMLSchema#string	
http://rdf.freebase.com/ns/m.0vsq7	Bethel	http://rdf.freebase.com/ns/topic_server.population_number	population number	521	http://www.w3.org/2001/XMLSchema#string	
http://rdf.freebase.com/ns/m.0vsq7	Bethel	http://rdf.freebase.com/ns/topic_server.population_number	population number	525	http://www.w3.org/2001/XMLSchema#string	
http://rdf.freebase.com/ns/m.0vsq7	Bethel	http://rdf.freebase.com/ns/topic_server.population_number	population number	526	http://www.w3.org/2001/XMLSchema#string	
http://rdf.freebase.com/ns/m.0vsq7	Bethel	http://rdf.freebase.com/ns/topic_server.population_number	population number	527	http://www.w3.org/2001/XMLSchema#string	
http://rdf.freebase.com/ns/m.0vsq7	Bethel	http://rdf.freebase.com/ns/type.object.key	Key	/authority/gnis/640014	http://www.w3.org/2001/XMLSchema#string	
http://rdf.freebase.com/ns/m.0vsq7	Bethel	http://rdf.freebase.com/ns/type.object.key	Key	/authority/hud/countyplace/2700305554	http://www.w3.org/2001/XMLSchema#string	
http://rdf.freebase.com/ns/m.0vsq7	Bethel	http://rdf.freebase.com/ns/type.object.key	Key	/authority/nist/fips/55/2705554	http://www.w3.org/2001/XMLSchema#string	
http://rdf.freebase.com/ns/m.0vsq7	Bethel	http://rdf.freebase.com/ns/type.object.key	Key	/base/dspl/us_census/population/place/2705554	http://www.w3.org/2001/XMLSchema#string	
http://rdf.freebase.com/ns/m.0vsq7	Bethel	http://rdf.freebase.com/ns/type.object.key	Key	/en/bethel_minnesota	http://www.w3.org/2001/XMLSchema#string	
http://rdf.freebase.com/ns/m.0vsq7	Bethel	http://rdf.freebase.com/ns/type.object.key	Key	/wikipedia/ar/Bethel,_Minnesota	http://www.w3.org/2001/XMLSchema#string	
http://rdf.freebase.com/ns/m.0vsq7	Bethel	http://rdf.freebase.com/ns/type.object.key	Key	/wikipedia/ar/بيثيل	http://www.w3.org/2001/XMLSchema#string	
http://rdf.freebase.com/ns/m.0vsq7	Bethel	http://rdf.freebase.com/ns/type.object.key	Key	/wikipedia/ar/بيثيل_(مينيسوتا)	http://www.w3.org/2001/XMLSchema#string	
http://rdf.freebase.com/ns/m.0vsq7	Bethel	http://rdf.freebase.com/ns/type.object.key	Key	/wikipedia/ar_id/1959200	http://www.w3.org/2001/XMLSchema#string	
http://rdf.freebase.com/ns/m.0vsq7	Bethel	http://rdf.freebase.com/ns/type.object.key	Key	/wikipedia/ar_title/بيثيل	http://www.w3.org/2001/XMLSchema#string	
http://rdf.freebase.com/ns/m.0vsq7	Bethel	http://rdf.freebase.com/ns/type.object.key	Key	/wikipedia/ca/Bethel_(Minnesota)	http://www.w3.org/2001/XMLSchema#string	
http://rdf.freebase.com/ns/m.0vsq7	Bethel	http://rdf.freebase.com/ns/type.object.key	Key	/wikipedia/ca_id/692531	http://www.w3.org/2001/XMLSchema#string	
http://rdf.freebase.com/ns/m.0vsq7	Bethel	http://rdf.freebase.com/ns/type.object.key	Key	/wikipedia/ca_title/Bethel_(Minnesota)	http://www.w3.org/2001/XMLSchema#string	
http://rdf.freebase.com/ns/m.0vsq7	Bethel	http://rdf.freebase.com/ns/type.object.key	Key	/wikipedia/en/Bethel,_MN	http://www.w3.org/2001/XMLSchema#string	
http://rdf.freebase.com/ns/m.0vsq7	Bethel	http://rdf.freebase.com/ns/type.object.key	Key	/wikipedia/en/Bethel,_Minnesota	http://www.w3.org/2001/XMLSchema#string	
http://rdf.freebase.com/ns/m.0vsq7	Bethel	http://rdf.freebase.com/ns/type.object.key	Key	/wikipedia/en_id/119360	http://www.w3.org/2001/XMLSchema#string	
http://rdf.freebase.com/ns/m.0vsq7	Bethel	http://rdf.freebase.com/ns/type.object.key	Key	/wikipedia/en_title/Bethel,_Minnesota	http://www.w3.org/2001/XMLSchema#string	
http://rdf.freebase.com/ns/m.0vsq7	Bethel	http://rdf.freebase.com/ns/type.object.key	Key	/wikipedia/es/Bethel_(Minnesota)	http://www.w3.org/2001/XMLSchema#string	
http://rdf.freebase.com/ns/m.0vsq7	Bethel	http://rdf.freebase.com/ns/type.object.key	Key	/wikipedia/es_id/4720092	http://www.w3.org/2001/XMLSchema#string	
http://rdf.freebase.com/ns/m.0vsq7	Bethel	http://rdf.freebase.com/ns/type.object.key	Key	/wikipedia/es_title/Bethel_(Minnesota)	http://www.w3.org/2001/XMLSchema#string	
http://rdf.freebase.com/ns/m.0vsq7	Bethel	http://rdf.freebase.com/ns/type.object.key	Key	/wikipedia/fa/بتل،_مينه_سوتا	http://www.w3.org/2001/XMLSchema#string	
http://rdf.freebase.com/ns/m.0vsq7	Bethel	http://rdf.freebase.com/ns/type.object.key	Key	/wikipedia/fa/بتل،_مینه_سوتا	http://www.w3.org/2001/XMLSchema#string	
http://rdf.freebase.com/ns/m.0vsq7	Bethel	http://rdf.freebase.com/ns/type.object.key	Key	/wikipedia/fa/بتل،_مینه‌سوتا	http://www.w3.org/2001/XMLSchema#string	
http://rdf.freebase.com/ns/m.0vsq7	Bethel	http://rdf.freebase.com/ns/type.object.key	Key	/wikipedia/fa_id/2438562	http://www.w3.org/2001/XMLSchema#string	
http://rdf.freebase.com/ns/m.0vsq7	Bethel	http://rdf.freebase.com/ns/type.object.key	Key	/wikipedia/fa_title/بتل،_مینه‌سوتا	http://www.w3.org/2001/XMLSchema#string	
http://rdf.freebase.com/ns/m.0vsq7	Bethel	http://rdf.freebase.com/ns/type.object.key	Key	/wikipedia/nl/Bethel_(Minnesota)	http://www.w3.org/2001/XMLSchema#string	
http://rdf.freebase.com/ns/m.0vsq7	Bethel	http://rdf.freebase.com/ns/type.object.key	Key	/wikipedia/nl_id/1015673	http://www.w3.org/2001/XMLSchema#string	
http://rdf.freebase.com/ns/m.0vsq7	Bethel	http://rdf.freebase.com/ns/type.object.key	Key	/wikipedia/nl_title/Bethel_(Minnesota)	http://www.w3.org/2001/XMLSchema#string	
http://rdf.freebase.com/ns/m.0vsq7	Bethel	http://rdf.freebase.com/ns/type.object.key	Key	/wikipedia/pl/Bethel_(Minnesota)	http://www.w3.org/2001/XMLSchema#string	
http://rdf.freebase.com/ns/m.0vsq7	Bethel	http://rdf.freebase.com/ns/type.object.key	Key	/wikipedia/pl_id/2794341	http://www.w3.org/2001/XMLSchema#string	
http://rdf.freebase.com/ns/m.0vsq7	Bethel	http://rdf.freebase.com/ns/type.object.key	Key	/wikipedia/pl_title/Bethel_(Minnesota)	http://www.w3.org/2001/XMLSchema#string	
http://rdf.freebase.com/ns/m.0vsq7	Bethel	http://rdf.freebase.com/ns/type.object.key	Key	/wikipedia/pt/Bethel_(Minnesota)	http://www.w3.org/2001/XMLSchema#string	
http://rdf.freebase.com/ns/m.0vsq7	Bethel	http://rdf.freebase.com/ns/type.object.key	Key	/wikipedia/pt_id/1359655	http://www.w3.org/2001/XMLSchema#string	
http://rdf.freebase.com/ns/m.0vsq7	Bethel	http://rdf.freebase.com/ns/type.object.key	Key	/wikipedia/pt_title/Bethel_(Minnesota)	http://www.w3.org/2001/XMLSchema#string	
http://rdf.freebase.com/ns/m.0vsq7	Bethel	http://rdf.freebase.com/ns/type.object.key	Key	/wikipedia/ru/Бетел_(город,_Миннесота)	http://www.w3.org/2001/XMLSchema#string	
http://rdf.freebase.com/ns/m.0vsq7	Bethel	http://rdf.freebase.com/ns/type.object.key	Key	/wikipedia/ru_id/2895549	http://www.w3.org/2001/XMLSchema#string	
http://rdf.freebase.com/ns/m.0vsq7	Bethel	http://rdf.freebase.com/ns/type.object.key	Key	/wikipedia/ru_title/Бетел_(город,_Миннесота)	http://www.w3.org/2001/XMLSchema#string	
http://rdf.freebase.com/ns/m.0vsq7	Bethel	http://rdf.freebase.com/ns/type.object.key	Key	/wikipedia/sr/Bethel,_MN	http://www.w3.org/2001/XMLSchema#string	
http://rdf.freebase.com/ns/m.0vsq7	Bethel	http://rdf.freebase.com/ns/type.object.key	Key	/wikipedia/sr/Bethel,_Minnesota	http://www.w3.org/2001/XMLSchema#string	
http://rdf.freebase.com/ns/m.0vsq7	Bethel	http://rdf.freebase.com/ns/type.object.key	Key	/wikipedia/sr/Bethel_(MN)	http://www.w3.org/2001/XMLSchema#string	
http://rdf.freebase.com/ns/m.0vsq7	Bethel	http://rdf.freebase.com/ns/type.object.key	Key	/wikipedia/sr/Bethel_(Minnesota)	http://www.w3.org/2001/XMLSchema#string	
http://rdf.freebase.com/ns/m.0vsq7	Bethel	http://rdf.freebase.com/ns/type.object.key	Key	/wikipedia/sr/Бетел,_MN	http://www.w3.org/2001/XMLSchema#string	
http://rdf.freebase.com/ns/m.0vsq7	Bethel	http://rdf.freebase.com/ns/type.object.key	Key	/wikipedia/sr/Бетел,_Минесота	http://www.w3.org/2001/XMLSchema#string	
http://rdf.freebase.com/ns/m.0vsq7	Bethel	http://rdf.freebase.com/ns/type.object.key	Key	/wikipedia/sr/Бетел_(MN)	http://www.w3.org/2001/XMLSchema#string	
http://rdf.freebase.com/ns/m.0vsq7	Bethel	http://rdf.freebase.com/ns/type.object.key	Key	/wikipedia/sr/Бетел_(Минесота)	http://www.w3.org/2001/XMLSchema#string	
http://rdf.freebase.com/ns/m.0vsq7	Bethel	http://rdf.freebase.com/ns/type.object.key	Key	/wikipedia/sr_id/765414	http://www.w3.org/2001/XMLSchema#string	
http://rdf.freebase.com/ns/m.0vsq7	Bethel	http://rdf.freebase.com/ns/type.object.key	Key	/wikipedia/sr_title/Бетел_(Минесота)	http://www.w3.org/2001/XMLSchema#string	
http://rdf.freebase.com/ns/m.0vsq7	Bethel	http://rdf.freebase.com/ns/type.object.key	Key	/wikipedia/uk/Бетел_(Міннесота)	http://www.w3.org/2001/XMLSchema#string	
http://rdf.freebase.com/ns/m.0vsq7	Bethel	http://rdf.freebase.com/ns/type.object.key	Key	/wikipedia/uk_id/1790568	http://www.w3.org/2001/XMLSchema#string	
http://rdf.freebase.com/ns/m.0vsq7	Bethel	http://rdf.freebase.com/ns/type.object.key	Key	/wikipedia/uk_title/Бетел_(Міннесота)	http://www.w3.org/2001/XMLSchema#string	
http://rdf.freebase.com/ns/m.0vsq7	Bethel	http://rdf.freebase.com/ns/type.object.key	Key	/wikipedia/vi/Bethel,_Minnesota	http://www.w3.org/2001/XMLSchema#string	
http://rdf.freebase.com/ns/m.0vsq7	Bethel	http://rdf.freebase.com/ns/type.object.key	Key	/wikipedia/vi_id/1586627	http://www.w3.org/2001/XMLSchema#string	
http://rdf.freebase.com/ns/m.0vsq7	Bethel	http://rdf.freebase.com/ns/type.object.key	Key	/wikipedia/vi_title/Bethel,_Minnesota	http://www.w3.org/2001/XMLSchema#string	
http://rdf.freebase.com/ns/m.0vsq7	Bethel	http://rdf.freebase.com/ns/type.object.key	Key	/wikipedia/zh-cn/貝塞爾_(明尼蘇達州)	http://www.w3.org/2001/XMLSchema#string	
http://rdf.freebase.com/ns/m.0vsq7	Bethel	http://rdf.freebase.com/ns/type.object.key	Key	/wikipedia/zh-cn/贝塞尔_(明尼苏达州)	http://www.w3.org/2001/XMLSchema#string	
http://rdf.freebase.com/ns/m.0vsq7	Bethel	http://rdf.freebase.com/ns/type.object.key	Key	/wikipedia/zh-cn_id/3913535	http://www.w3.org/2001/XMLSchema#string	
http://rdf.freebase.com/ns/m.0vsq7	Bethel	http://rdf.freebase.com/ns/type.object.key	Key	/wikipedia/zh-cn_title/贝塞尔_(明尼苏达州)	http://www.w3.org/2001/XMLSchema#string	
http://rdf.freebase.com/ns/m.0vsq7	Bethel	http://rdf.freebase.com/ns/type.object.key	Key	/wikipedia/zh-tw/貝塞爾_(明尼蘇達州)	http://www.w3.org/2001/XMLSchema#string	
http://rdf.freebase.com/ns/m.0vsq7	Bethel	http://rdf.freebase.com/ns/type.object.key	Key	/wikipedia/zh-tw/贝塞尔_(明尼苏达州)	http://www.w3.org/2001/XMLSchema#string	
http://rdf.freebase.com/ns/m.0vsq7	Bethel	http://rdf.freebase.com/ns/type.object.key	Key	/wikipedia/zh-tw_id/3913535	http://www.w3.org/2001/XMLSchema#string	
http://rdf.freebase.com/ns/m.0vsq7	Bethel	http://rdf.freebase.com/ns/type.object.key	Key	/wikipedia/zh-tw_title/贝塞尔_(明尼苏达州)	http://www.w3.org/2001/XMLSchema#string	
http://rdf.freebase.com/ns/m.0vsq7	Bethel	http://rdf.freebase.com/ns/type.object.name	Name	Bethel	http://www.w3.org/1999/02/22-rdf-syntax-ns#langString	
http://rdf.freebase.com/ns/m.0vsq7	Bethel	http://rdf.freebase.com/ns/type.object.type	Type	http://rdf.freebase.com/ns/base.type_ontology.abstract	entity	Abstract
http://rdf.freebase.com/ns/m.0vsq7	Bethel	http://rdf.freebase.com/ns/type.object.type	Type	http://rdf.freebase.com/ns/base.type_ontology.agent	entity	Agent
http://rdf.freebase.com/ns/m.0vsq7	Bethel	http://rdf.freebase.com/ns/type.object.type	Type	http://rdf.freebase.com/ns/base.type_ontology.inanimate	entity	Inanimate
http://rdf.freebase.com/ns/m.0vsq7	Bethel	http://rdf.freebase.com/ns/type.object.type	Type	http://rdf.freebase.com/ns/base.wikipedia_infobox.settlement	entity	Settlement
http://rdf.freebase.com/ns/m.0vsq7	Bethel	http://rdf.freebase.com/ns/type.object.type	Type	http://rdf.freebase.com/ns/common.topic	entity	Topic
http://rdf.freebase.com/ns/m.0vsq7	Bethel	http://rdf.freebase.com/ns/type.object.type	Type	http://rdf.freebase.com/ns/location.citytown	entity	City/Town/Village
http://rdf.freebase.com/ns/m.0vsq7	Bethel	http://rdf.freebase.com/ns/type.object.type	Type	http://rdf.freebase.com/ns/location.dated_location	entity	Dated location
http://rdf.freebase.com/ns/m.0vsq7	Bethel	http://rdf.freebase.com/ns/type.object.type	Type	http://rdf.freebase.com/ns/location.hud_county_place	entity	HUD County Place
http://rdf.freebase.com/ns/m.0vsq7	Bethel	http://rdf.freebase.com/ns/type.object.type	Type	http://rdf.freebase.com/ns/location.hud_foreclosure_area	entity	HUD Foreclosure Area
http://rdf.freebase.com/ns/m.0vsq7	Bethel	http://rdf.freebase.com/ns/type.object.type	Type	http://rdf.freebase.com/ns/location.location	entity	Location
http://rdf.freebase.com/ns/m.0vsq7	Bethel	http://rdf.freebase.com/ns/type.object.type	Type	http://rdf.freebase.com/ns/location.statistical_region	entity	Statistical region
http://rdf.freebase.com/ns/m.0vsq7	Bethel	http://www.w3.org/1999/02/22-rdf-syntax-ns#type	type	http://rdf.freebase.com/ns/base.type_ontology.abstract	entity	Abstract
http://rdf.freebase.com/ns/m.0vsq7	Bethel	http://www.w3.org/1999/02/22-rdf-syntax-ns#type	type	http://rdf.freebase.com/ns/base.type_ontology.agent	entity	Agent
http://rdf.freebase.com/ns/m.0vsq7	Bethel	http://www.w3.org/1999/02/22-rdf-syntax-ns#type	type	http://rdf.freebase.com/ns/base.type_ontology.inanimate	entity	Inanimate
http://rdf.freebase.com/ns/m.0vsq7	Bethel	http://www.w3.org/1999/02/22-rdf-syntax-ns#type	type	http://rdf.freebase.com/ns/base.wikipedia_infobox.settlement	entity	Settlement
http://rdf.freebase.com/ns/m.0vsq7	Bethel	http://www.w3.org/1999/02/22-rdf-syntax-ns#type	type	http://rdf.freebase.com/ns/common.topic	entity	Topic
http://rdf.freebase.com/ns/m.0vsq7	Bethel	http://www.w3.org/1999/02/22-rdf-syntax-ns#type	type	http://rdf.freebase.com/ns/location.citytown	entity	City/Town/Village
http://rdf.freebase.com/ns/m.0vsq7	Bethel	http://www.w3.org/1999/02/22-rdf-syntax-ns#type	type	http://rdf.freebase.com/ns/location.dated_location	entity	Dated location
http://rdf.freebase.com/ns/m.0vsq7	Bethel	http://www.w3.org/1999/02/22-rdf-syntax-ns#type	type	http://rdf.freebase.com/ns/location.hud_county_place	entity	HUD County Place
http://rdf.freebase.com/ns/m.0vsq7	Bethel	http://www.w3.org/1999/02/22-rdf-syntax-ns#type	type	http://rdf.freebase.com/ns/location.hud_foreclosure_area	entity	HUD Foreclosure Area
http://rdf.freebase.com/ns/m.0vsq7	Bethel	http://www.w3.org/1999/02/22-rdf-syntax-ns#type	type	http://rdf.freebase.com/ns/location.location	entity	Location
http://rdf.freebase.com/ns/m.0vsq7	Bethel	http://www.w3.org/1999/02/22-rdf-syntax-ns#type	type	http://rdf.freebase.com/ns/location.statistical_region	entity	Statistical region
http://rdf.freebase.com/ns/m.0vsq7	Bethel	http://www.w3.org/2000/01/rdf-schema#label	label	Bethel	http://www.w3.org/1999/02/22-rdf-syntax-ns#langString	
http://rdf.freebase.com/ns/m.0vsq7	Bethel	http://www.w3.org/2000/01/rdf-schema#label	label	بتل، مینه‌سوتا	http://www.w3.org/2001/XMLSchema#string	
http://rdf.freebase.com/ns/m.0vsq7	Bethel	http://www.w3.org/2003/01/geo/wgs84_pos#lat	latitude	45.403889	http://www.w3.org/2001/XMLSchema#float	
http://rdf.freebase.com/ns/m.0vsq7	Bethel	http://www.w3.org/2003/01/geo/wgs84_pos#long	longitude	-93.267778	http://www.w3.org/2001/XMLSchema#float	
