sub	subl	prop	propl	obj	obj_t	obj_l
http://www.wikidata.org/entity/Q80022	Bethel	http://schema.org/description	description	city in Alaska, USA	http://www.w3.org/1999/02/22-rdf-syntax-ns#langString	
http://www.wikidata.org/entity/Q80022	Bethel	http://www.w3.org/1999/02/22-rdf-syntax-ns#type	type	http://www.wikidata.org/entity/Q515	entity	city
http://www.wikidata.org/entity/Q80022	Bethel	http://www.w3.org/1999/02/22-rdf-syntax-ns#type	type	http://www.wikidata.org/ontology#Item	entity	Item
http://www.wikidata.org/entity/Q80022	Bethel	http://www.w3.org/2000/01/rdf-schema#label	label	Bethel	http://www.w3.org/1999/02/22-rdf-syntax-ns#langString	
http://www.wikidata.org/entity/Q80022	Bethel	http://www.w3.org/2003/01/geo/wgs84_pos#lat	latitude	60.7922	http://www.w3.org/2001/XMLSchema#float	
http://www.wikidata.org/entity/Q80022	Bethel	http://www.w3.org/2003/01/geo/wgs84_pos#long	longitude	-161.756	http://www.w3.org/2001/XMLSchema#float	
http://www.wikidata.org/entity/Q80022	Bethel	http://www.w3.org/2004/02/skos/core#altLabel	alternative label	Bethel, Alaska	http://www.w3.org/1999/02/22-rdf-syntax-ns#langString	
http://www.wikidata.org/entity/Q80022	Bethel	http://www.wikidata.org/entity/P1036c	Dewey Decimal Classification	2--7984	http://www.w3.org/2001/XMLSchema#string	
http://www.wikidata.org/entity/Q80022	Bethel	http://www.wikidata.org/entity/P131c	located in the administrative territorial entity	http://www.wikidata.org/entity/Q5021401	entity	Calista Corporation
http://www.wikidata.org/entity/Q80022	Bethel	http://www.wikidata.org/entity/P1566c	GeoNames ID	5880568	http://www.w3.org/2001/XMLSchema#string	
http://www.wikidata.org/entity/Q80022	Bethel	http://www.wikidata.org/entity/P17c	country	http://www.wikidata.org/entity/Q30	entity	United States of America
http://www.wikidata.org/entity/Q80022	Bethel	http://www.wikidata.org/entity/P18c	image	http://commons.wikimedia.org/wiki/File:Bethel_Alaska_aerial_view.jpg	uri	null
http://www.wikidata.org/entity/Q80022	Bethel	http://www.wikidata.org/entity/P190c	sister city	http://www.wikidata.org/entity/Q7978	entity	Anadyr
http://www.wikidata.org/entity/Q80022	Bethel	http://www.wikidata.org/entity/P1997c	Facebook Places ID	106181876079678	http://www.w3.org/2001/XMLSchema#string	
http://www.wikidata.org/entity/Q80022	Bethel	http://www.wikidata.org/entity/P2046c	area	126100000	http://www.w3.org/2001/XMLSchema#decimal	
http://www.wikidata.org/entity/Q80022	Bethel	http://www.wikidata.org/entity/P214c	VIAF ID	144261796	http://www.w3.org/2001/XMLSchema#string	
http://www.wikidata.org/entity/Q80022	Bethel	http://www.wikidata.org/entity/P227c	GND ID	4460592-4	http://www.w3.org/2001/XMLSchema#string	
http://www.wikidata.org/entity/Q80022	Bethel	http://www.wikidata.org/entity/P242c	locator map image	http://commons.wikimedia.org/wiki/File:AKMap-doton-Akiak.png	uri	null
http://www.wikidata.org/entity/Q80022	Bethel	http://www.wikidata.org/entity/P281c	postal code	99559	http://www.w3.org/2001/XMLSchema#string	
http://www.wikidata.org/entity/Q80022	Bethel	http://www.wikidata.org/entity/P31c	instance of	http://www.wikidata.org/entity/Q515	entity	city
http://www.wikidata.org/entity/Q80022	Bethel	http://www.wikidata.org/entity/P373c	Commons category	Bethel, Alaska	http://www.w3.org/2001/XMLSchema#string	
http://www.wikidata.org/entity/Q80022	Bethel	http://www.wikidata.org/entity/P590c	GNIS ID	1398908	http://www.w3.org/2001/XMLSchema#string	
http://www.wikidata.org/entity/Q80022	Bethel	http://www.wikidata.org/entity/P646-freebase	Freebase ID	http://rdf.freebase.com/ns/m.01z1p0g	entity	Bethel
http://www.wikidata.org/entity/Q80022	Bethel	http://www.wikidata.org/entity/P646c	Freebase ID	/m/01z1p0g	http://www.w3.org/2001/XMLSchema#string	
http://www.wikidata.org/entity/Q80022	Bethel	http://www.wikidata.org/entity/P774c	FIPS 55-3 (locations in the US)	02-06520	http://www.w3.org/2001/XMLSchema#string	
http://www.wikidata.org/entity/Q80022	Bethel	http://www.wikidata.org/entity/P856c	official website	http://www.cityofbethel.org/	uri	null
http://www.wikidata.org/entity/Q80022	Bethel	http://www.wikidata.org/entity/P910c	topic's main category	http://www.wikidata.org/entity/Q8298519	entity	Category:Bethel, Alaska
http://www.wikidata.org/entity/Q80022	Bethel	http://www.wikidata.org/entity/P998c	dmoz ID	Regional/North_America/United_States/Alaska/Localities/B/Bethel/	http://www.w3.org/2001/XMLSchema#string	
