sub	subl	prop	propl	obj	obj_t	obj_l
http://yago-knowledge.org/resource/Bethel,_Alaska	Bethel, Alaska	http://www.w3.org/1999/02/22-rdf-syntax-ns#type	type	http://www.w3.org/2002/07/owl#Thing	entity	Thing
http://yago-knowledge.org/resource/Bethel,_Alaska	Bethel, Alaska	http://www.w3.org/1999/02/22-rdf-syntax-ns#type	type	http://yago-knowledge.org/resource/wikicat_Cities_in_Alaska	entity	Cities in Alaska
http://yago-knowledge.org/resource/Bethel,_Alaska	Bethel, Alaska	http://www.w3.org/1999/02/22-rdf-syntax-ns#type	type	http://yago-knowledge.org/resource/wikicat_Cities_in_Bethel_Census_Area,_Alaska	entity	Cities in Bethel Census Area, Alaska
http://yago-knowledge.org/resource/Bethel,_Alaska	Bethel, Alaska	http://www.w3.org/1999/02/22-rdf-syntax-ns#type	type	http://yago-knowledge.org/resource/wikicat_Cities_in_Unorganized_Borough,_Alaska	entity	Cities in Unorganized Borough, Alaska
http://yago-knowledge.org/resource/Bethel,_Alaska	Bethel, Alaska	http://www.w3.org/1999/02/22-rdf-syntax-ns#type	type	http://yago-knowledge.org/resource/wordnet_administrative_district_108491826	entity	administrative district
http://yago-knowledge.org/resource/Bethel,_Alaska	Bethel, Alaska	http://www.w3.org/1999/02/22-rdf-syntax-ns#type	type	http://yago-knowledge.org/resource/wordnet_city_108524735	entity	city
http://yago-knowledge.org/resource/Bethel,_Alaska	Bethel, Alaska	http://www.w3.org/1999/02/22-rdf-syntax-ns#type	type	http://yago-knowledge.org/resource/wordnet_district_108552138	entity	district
http://yago-knowledge.org/resource/Bethel,_Alaska	Bethel, Alaska	http://www.w3.org/1999/02/22-rdf-syntax-ns#type	type	http://yago-knowledge.org/resource/wordnet_geographical_area_108574314	entity	geographical area
http://yago-knowledge.org/resource/Bethel,_Alaska	Bethel, Alaska	http://www.w3.org/1999/02/22-rdf-syntax-ns#type	type	http://yago-knowledge.org/resource/wordnet_location_100027167	entity	location
http://yago-knowledge.org/resource/Bethel,_Alaska	Bethel, Alaska	http://www.w3.org/1999/02/22-rdf-syntax-ns#type	type	http://yago-knowledge.org/resource/wordnet_municipality_108626283	entity	municipality
http://yago-knowledge.org/resource/Bethel,_Alaska	Bethel, Alaska	http://www.w3.org/1999/02/22-rdf-syntax-ns#type	type	http://yago-knowledge.org/resource/wordnet_object_100002684	entity	object
http://yago-knowledge.org/resource/Bethel,_Alaska	Bethel, Alaska	http://www.w3.org/1999/02/22-rdf-syntax-ns#type	type	http://yago-knowledge.org/resource/wordnet_physical_entity_100001930	entity	physical entity
http://yago-knowledge.org/resource/Bethel,_Alaska	Bethel, Alaska	http://www.w3.org/1999/02/22-rdf-syntax-ns#type	type	http://yago-knowledge.org/resource/wordnet_region_108630985	entity	region
http://yago-knowledge.org/resource/Bethel,_Alaska	Bethel, Alaska	http://www.w3.org/1999/02/22-rdf-syntax-ns#type	type	http://yago-knowledge.org/resource/wordnet_urban_area_108675967	entity	urban area
http://yago-knowledge.org/resource/Bethel,_Alaska	Bethel, Alaska	http://www.w3.org/1999/02/22-rdf-syntax-ns#type	type	http://yago-knowledge.org/resource/yagoGeoEntity	entity	geographical entity
http://yago-knowledge.org/resource/Bethel,_Alaska	Bethel, Alaska	http://www.w3.org/1999/02/22-rdf-syntax-ns#type	type	http://yago-knowledge.org/resource/yagoLegalActorGeo	entity	legal actor or geographic entity
http://yago-knowledge.org/resource/Bethel,_Alaska	Bethel, Alaska	http://www.w3.org/1999/02/22-rdf-syntax-ns#type	type	http://yago-knowledge.org/resource/yagoPermanentlyLocatedEntity	entity	yagoPermanentlyLocatedEntity
http://yago-knowledge.org/resource/Bethel,_Alaska	Bethel, Alaska	http://www.w3.org/2000/01/rdf-schema#label	label	Bethel	http://www.w3.org/1999/02/22-rdf-syntax-ns#langString	
http://yago-knowledge.org/resource/Bethel,_Alaska	Bethel, Alaska	http://www.w3.org/2000/01/rdf-schema#label	label	Bethel, Alaska	http://www.w3.org/1999/02/22-rdf-syntax-ns#langString	
http://yago-knowledge.org/resource/Bethel,_Alaska	Bethel, Alaska	http://www.w3.org/2000/01/rdf-schema#label	label	City of Bethel	http://www.w3.org/2001/XMLSchema#string	
http://yago-knowledge.org/resource/Bethel,_Alaska	Bethel, Alaska	http://www.w3.org/2000/01/rdf-schema#label	label	Mamterillermiut	http://www.w3.org/2001/XMLSchema#string	
http://yago-knowledge.org/resource/Bethel,_Alaska	Bethel, Alaska	http://www.w3.org/2002/07/owl#sameAs	sameAs	http://dbpedia.org/resource/Bethel,_Alaska	entity	Bethel, Alaska
http://yago-knowledge.org/resource/Bethel,_Alaska	Bethel, Alaska	http://www.w3.org/2004/02/skos/core#prefLabel	preferred label	Bethel, Alaska	http://www.w3.org/1999/02/22-rdf-syntax-ns#langString	
http://yago-knowledge.org/resource/Bethel,_Alaska	Bethel, Alaska	http://yago-knowledge.org/resource/hasArea	null	126.1	http://yago-knowledge.org/resource/km2	
http://yago-knowledge.org/resource/Bethel,_Alaska	Bethel, Alaska	http://yago-knowledge.org/resource/hasCitationTitle	null	1996 Alaska Municipal Officials Directory	http://www.w3.org/1999/02/22-rdf-syntax-ns#langString	
http://yago-knowledge.org/resource/Bethel,_Alaska	Bethel, Alaska	http://yago-knowledge.org/resource/hasCitationTitle	null	America's Taxi Capital: Bethel, Alaska	http://www.w3.org/1999/02/22-rdf-syntax-ns#langString	
http://yago-knowledge.org/resource/Bethel,_Alaska	Bethel, Alaska	http://yago-knowledge.org/resource/hasCitationTitle	null	Average Weather for Bethel, AK − Temperature and Precipitation	http://www.w3.org/1999/02/22-rdf-syntax-ns#langString	
http://yago-knowledge.org/resource/Bethel,_Alaska	Bethel, Alaska	http://yago-knowledge.org/resource/hasCitationTitle	null	Cama=i Dance Festival	http://www.w3.org/1999/02/22-rdf-syntax-ns#langString	
http://yago-knowledge.org/resource/Bethel,_Alaska	Bethel, Alaska	http://yago-knowledge.org/resource/hasCitationTitle	null	Census Of Population And Housing	http://www.w3.org/1999/02/22-rdf-syntax-ns#langString	
http://yago-knowledge.org/resource/Bethel,_Alaska	Bethel, Alaska	http://yago-knowledge.org/resource/hasCitationTitle	null	Climatology of the United States No. 20 1971−2000: BETHEL AP, AK	http://www.w3.org/1999/02/22-rdf-syntax-ns#langString	
http://yago-knowledge.org/resource/Bethel,_Alaska	Bethel, Alaska	http://yago-knowledge.org/resource/hasCitationTitle	null	Community: Bethel	http://www.w3.org/1999/02/22-rdf-syntax-ns#langString	
http://yago-knowledge.org/resource/Bethel,_Alaska	Bethel, Alaska	http://yago-knowledge.org/resource/hasCitationTitle	null	Evan E. Ramsey	http://www.w3.org/1999/02/22-rdf-syntax-ns#langString	
http://yago-knowledge.org/resource/Bethel,_Alaska	Bethel, Alaska	http://yago-knowledge.org/resource/hasCitationTitle	null	Geographic Identifiers: 2010 Demographic Profile Data (G001): Bethel city, Alaska	http://www.w3.org/1999/02/22-rdf-syntax-ns#langString	
http://yago-knowledge.org/resource/Bethel,_Alaska	Bethel, Alaska	http://yago-knowledge.org/resource/hasCitationTitle	null	Kuskokwim 300	http://www.w3.org/1999/02/22-rdf-syntax-ns#langString	
http://yago-knowledge.org/resource/Bethel,_Alaska	Bethel, Alaska	http://yago-knowledge.org/resource/hasCitationTitle	null	Operation Alaska: Bringing Taco Bell to people everywhere	http://www.w3.org/1999/02/22-rdf-syntax-ns#langString	
http://yago-knowledge.org/resource/Bethel,_Alaska	Bethel, Alaska	http://yago-knowledge.org/resource/hasCitationTitle	null	Radio	http://www.w3.org/1999/02/22-rdf-syntax-ns#langString	
http://yago-knowledge.org/resource/Bethel,_Alaska	Bethel, Alaska	http://yago-knowledge.org/resource/hasCitationTitle	null	SWGR Transmission	http://www.w3.org/1999/02/22-rdf-syntax-ns#langString	
http://yago-knowledge.org/resource/Bethel,_Alaska	Bethel, Alaska	http://yago-knowledge.org/resource/hasCitationTitle	null	School Shooter: 'I Didn't Realize' They Would Die	http://www.w3.org/1999/02/22-rdf-syntax-ns#langString	
http://yago-knowledge.org/resource/Bethel,_Alaska	Bethel, Alaska	http://yago-knowledge.org/resource/hasCitationTitle	null	Taco Bell truck airlifted into Alaska town	http://www.w3.org/1999/02/22-rdf-syntax-ns#langString	
http://yago-knowledge.org/resource/Bethel,_Alaska	Bethel, Alaska	http://yago-knowledge.org/resource/hasNumberOfPeople	population	17	http://www.w3.org/2001/XMLSchema#integer	
http://yago-knowledge.org/resource/Bethel,_Alaska	Bethel, Alaska	http://yago-knowledge.org/resource/hasNumberOfPeople	population	6080	http://www.w3.org/2001/XMLSchema#integer	
http://yago-knowledge.org/resource/Bethel,_Alaska	Bethel, Alaska	http://yago-knowledge.org/resource/hasWebsite	official website	http://www.cityofbethel.org/	uri	null
http://yago-knowledge.org/resource/Bethel,_Alaska	Bethel, Alaska	http://yago-knowledge.org/resource/hasWikipediaAnchorText	null	"Bethel City Council Member List."	http://www.w3.org/1999/02/22-rdf-syntax-ns#langString	
http://yago-knowledge.org/resource/Bethel,_Alaska	Bethel, Alaska	http://yago-knowledge.org/resource/hasWikipediaAnchorText	null	2010	http://www.w3.org/1999/02/22-rdf-syntax-ns#langString	
http://yago-knowledge.org/resource/Bethel,_Alaska	Bethel, Alaska	http://yago-knowledge.org/resource/hasWikipediaAnchorText	null	2010 Census	http://www.w3.org/1999/02/22-rdf-syntax-ns#langString	
http://yago-knowledge.org/resource/Bethel,_Alaska	Bethel, Alaska	http://yago-knowledge.org/resource/hasWikipediaAnchorText	null	907	http://www.w3.org/1999/02/22-rdf-syntax-ns#langString	
http://yago-knowledge.org/resource/Bethel,_Alaska	Bethel, Alaska	http://yago-knowledge.org/resource/hasWikipediaAnchorText	null	ABC News	http://www.w3.org/1999/02/22-rdf-syntax-ns#langString	
http://yago-knowledge.org/resource/Bethel,_Alaska	Bethel, Alaska	http://yago-knowledge.org/resource/hasWikipediaAnchorText	null	ANCSA regional corporation	http://www.w3.org/1999/02/22-rdf-syntax-ns#langString	
http://yago-knowledge.org/resource/Bethel,_Alaska	Bethel, Alaska	http://yago-knowledge.org/resource/hasWikipediaAnchorText	null	AST	http://www.w3.org/1999/02/22-rdf-syntax-ns#langString	
http://yago-knowledge.org/resource/Bethel,_Alaska	Bethel, Alaska	http://yago-knowledge.org/resource/hasWikipediaAnchorText	null	Alaska	http://www.w3.org/1999/02/22-rdf-syntax-ns#langString	
http://yago-knowledge.org/resource/Bethel,_Alaska	Bethel, Alaska	http://yago-knowledge.org/resource/hasWikipediaAnchorText	null	Alaska Airlines	http://www.w3.org/1999/02/22-rdf-syntax-ns#langString	
http://yago-knowledge.org/resource/Bethel,_Alaska	Bethel, Alaska	http://yago-knowledge.org/resource/hasWikipediaAnchorText	null	Alaska Commercial Company	http://www.w3.org/1999/02/22-rdf-syntax-ns#langString	
http://yago-knowledge.org/resource/Bethel,_Alaska	Bethel, Alaska	http://yago-knowledge.org/resource/hasWikipediaAnchorText	null	Alaska Department of Commerce, Community and Economic Development	http://www.w3.org/1999/02/22-rdf-syntax-ns#langString	
http://yago-knowledge.org/resource/Bethel,_Alaska	Bethel, Alaska	http://yago-knowledge.org/resource/hasWikipediaAnchorText	null	Alaska Department of Community and Regional Affairs	http://www.w3.org/1999/02/22-rdf-syntax-ns#langString	
http://yago-knowledge.org/resource/Bethel,_Alaska	Bethel, Alaska	http://yago-knowledge.org/resource/hasWikipediaAnchorText	null	Alaska Dept of Corrections	http://www.w3.org/1999/02/22-rdf-syntax-ns#langString	
http://yago-knowledge.org/resource/Bethel,_Alaska	Bethel, Alaska	http://yago-knowledge.org/resource/hasWikipediaAnchorText	null	Alaska Marketplace	http://www.w3.org/1999/02/22-rdf-syntax-ns#langString	
http://yago-knowledge.org/resource/Bethel,_Alaska	Bethel, Alaska	http://yago-knowledge.org/resource/hasWikipediaAnchorText	null	Alaska Native	http://www.w3.org/1999/02/22-rdf-syntax-ns#langString	
http://yago-knowledge.org/resource/Bethel,_Alaska	Bethel, Alaska	http://yago-knowledge.org/resource/hasWikipediaAnchorText	null	Alaska Natives	http://www.w3.org/1999/02/22-rdf-syntax-ns#langString	
http://yago-knowledge.org/resource/Bethel,_Alaska	Bethel, Alaska	http://yago-knowledge.org/resource/hasWikipediaAnchorText	null	Anadyr	http://www.w3.org/1999/02/22-rdf-syntax-ns#langString	
http://yago-knowledge.org/resource/Bethel,_Alaska	Bethel, Alaska	http://yago-knowledge.org/resource/hasWikipediaAnchorText	null	Anchorage	http://www.w3.org/1999/02/22-rdf-syntax-ns#langString	
http://yago-knowledge.org/resource/Bethel,_Alaska	Bethel, Alaska	http://yago-knowledge.org/resource/hasWikipediaAnchorText	null	Area code	http://www.w3.org/1999/02/22-rdf-syntax-ns#langString	
http://yago-knowledge.org/resource/Bethel,_Alaska	Bethel, Alaska	http://yago-knowledge.org/resource/hasWikipediaAnchorText	null	Asian	http://www.w3.org/1999/02/22-rdf-syntax-ns#langString	
http://yago-knowledge.org/resource/Bethel,_Alaska	Bethel, Alaska	http://yago-knowledge.org/resource/hasWikipediaAnchorText	null	Ayaprun Elitnaurvik	http://www.w3.org/1999/02/22-rdf-syntax-ns#langString	
http://yago-knowledge.org/resource/Bethel,_Alaska	Bethel, Alaska	http://yago-knowledge.org/resource/hasWikipediaAnchorText	null	Bethel	http://www.w3.org/1999/02/22-rdf-syntax-ns#langString	
http://yago-knowledge.org/resource/Bethel,_Alaska	Bethel, Alaska	http://yago-knowledge.org/resource/hasWikipediaAnchorText	null	Bethel Airport	http://www.w3.org/1999/02/22-rdf-syntax-ns#langString	
http://yago-knowledge.org/resource/Bethel,_Alaska	Bethel, Alaska	http://yago-knowledge.org/resource/hasWikipediaAnchorText	null	Bethel Alternative Boarding school	http://www.w3.org/1999/02/22-rdf-syntax-ns#langString	
http://yago-knowledge.org/resource/Bethel,_Alaska	Bethel, Alaska	http://yago-knowledge.org/resource/hasWikipediaAnchorText	null	Bethel Council on the Arts	http://www.w3.org/1999/02/22-rdf-syntax-ns#langString	
http://yago-knowledge.org/resource/Bethel,_Alaska	Bethel, Alaska	http://yago-knowledge.org/resource/hasWikipediaAnchorText	null	Bethel Regional High School	http://www.w3.org/1999/02/22-rdf-syntax-ns#langString	
http://yago-knowledge.org/resource/Bethel,_Alaska	Bethel, Alaska	http://yago-knowledge.org/resource/hasWikipediaAnchorText	null	Black or African American	http://www.w3.org/1999/02/22-rdf-syntax-ns#langString	
http://yago-knowledge.org/resource/Bethel,_Alaska	Bethel, Alaska	http://yago-knowledge.org/resource/hasWikipediaAnchorText	null	Borough	http://www.w3.org/1999/02/22-rdf-syntax-ns#langString	
http://yago-knowledge.org/resource/Bethel,_Alaska	Bethel, Alaska	http://yago-knowledge.org/resource/hasWikipediaAnchorText	null	Calista	http://www.w3.org/1999/02/22-rdf-syntax-ns#langString	
http://yago-knowledge.org/resource/Bethel,_Alaska	Bethel, Alaska	http://yago-knowledge.org/resource/hasWikipediaAnchorText	null	Catholic	http://www.w3.org/1999/02/22-rdf-syntax-ns#langString	
http://yago-knowledge.org/resource/Bethel,_Alaska	Bethel, Alaska	http://yago-knowledge.org/resource/hasWikipediaAnchorText	null	Census Area	http://www.w3.org/1999/02/22-rdf-syntax-ns#langString	
http://yago-knowledge.org/resource/Bethel,_Alaska	Bethel, Alaska	http://yago-knowledge.org/resource/hasWikipediaAnchorText	null	Central Alaskan Yup'ik	http://www.w3.org/1999/02/22-rdf-syntax-ns#langString	
http://yago-knowledge.org/resource/Bethel,_Alaska	Bethel, Alaska	http://yago-knowledge.org/resource/hasWikipediaAnchorText	null	Chukotka Autonomous Okrug	http://www.w3.org/1999/02/22-rdf-syntax-ns#langString	
http://yago-knowledge.org/resource/Bethel,_Alaska	Bethel, Alaska	http://yago-knowledge.org/resource/hasWikipediaAnchorText	null	City	http://www.w3.org/1999/02/22-rdf-syntax-ns#langString	
http://yago-knowledge.org/resource/Bethel,_Alaska	Bethel, Alaska	http://yago-knowledge.org/resource/hasWikipediaAnchorText	null	Community Information Summaries: Bethel.	http://www.w3.org/1999/02/22-rdf-syntax-ns#langString	
http://yago-knowledge.org/resource/Bethel,_Alaska	Bethel, Alaska	http://yago-knowledge.org/resource/hasWikipediaAnchorText	null	Delta Discovery	http://www.w3.org/1999/02/22-rdf-syntax-ns#langString	
http://yago-knowledge.org/resource/Bethel,_Alaska	Bethel, Alaska	http://yago-knowledge.org/resource/hasWikipediaAnchorText	null	Evan Ramsey	http://www.w3.org/1999/02/22-rdf-syntax-ns#langString	
http://yago-knowledge.org/resource/Bethel,_Alaska	Bethel, Alaska	http://yago-knowledge.org/resource/hasWikipediaAnchorText	null	Everts Air Cargo	http://www.w3.org/1999/02/22-rdf-syntax-ns#langString	
http://yago-knowledge.org/resource/Bethel,_Alaska	Bethel, Alaska	http://yago-knowledge.org/resource/hasWikipediaAnchorText	null	FIPS code	http://www.w3.org/1999/02/22-rdf-syntax-ns#langString	
http://yago-knowledge.org/resource/Bethel,_Alaska	Bethel, Alaska	http://yago-knowledge.org/resource/hasWikipediaAnchorText	null	GNIS	http://www.w3.org/1999/02/22-rdf-syntax-ns#langString	
http://yago-knowledge.org/resource/Bethel,_Alaska	Bethel, Alaska	http://yago-knowledge.org/resource/hasWikipediaAnchorText	null	Gladys Jung Elementary School	http://www.w3.org/1999/02/22-rdf-syntax-ns#langString	
http://yago-knowledge.org/resource/Bethel,_Alaska	Bethel, Alaska	http://yago-knowledge.org/resource/hasWikipediaAnchorText	null	Grant Aviation	http://www.w3.org/1999/02/22-rdf-syntax-ns#langString	
http://yago-knowledge.org/resource/Bethel,_Alaska	Bethel, Alaska	http://yago-knowledge.org/resource/hasWikipediaAnchorText	null	H Marker Lake	http://www.w3.org/1999/02/22-rdf-syntax-ns#langString	
http://yago-knowledge.org/resource/Bethel,_Alaska	Bethel, Alaska	http://yago-knowledge.org/resource/hasWikipediaAnchorText	null	Hageland Aviation Services	http://www.w3.org/1999/02/22-rdf-syntax-ns#langString	
http://yago-knowledge.org/resource/Bethel,_Alaska	Bethel, Alaska	http://yago-knowledge.org/resource/hasWikipediaAnchorText	null	Hangar Lake	http://www.w3.org/1999/02/22-rdf-syntax-ns#langString	
http://yago-knowledge.org/resource/Bethel,_Alaska	Bethel, Alaska	http://yago-knowledge.org/resource/hasWikipediaAnchorText	null	Hispanics or Latinos	http://www.w3.org/1999/02/22-rdf-syntax-ns#langString	
http://yago-knowledge.org/resource/Bethel,_Alaska	Bethel, Alaska	http://yago-knowledge.org/resource/hasWikipediaAnchorText	null	Immersion School	http://www.w3.org/1999/02/22-rdf-syntax-ns#langString	
http://yago-knowledge.org/resource/Bethel,_Alaska	Bethel, Alaska	http://yago-knowledge.org/resource/hasWikipediaAnchorText	null	Incorporated	http://www.w3.org/1999/02/22-rdf-syntax-ns#langString	
http://yago-knowledge.org/resource/Bethel,_Alaska	Bethel, Alaska	http://yago-knowledge.org/resource/hasWikipediaAnchorText	null	John Henry Kilbuck	http://www.w3.org/1999/02/22-rdf-syntax-ns#langString	
http://yago-knowledge.org/resource/Bethel,_Alaska	Bethel, Alaska	http://yago-knowledge.org/resource/hasWikipediaAnchorText	null	Juneau	http://www.w3.org/1999/02/22-rdf-syntax-ns#langString	
http://yago-knowledge.org/resource/Bethel,_Alaska	Bethel, Alaska	http://yago-knowledge.org/resource/hasWikipediaAnchorText	null	KYKD	http://www.w3.org/1999/02/22-rdf-syntax-ns#langString	
http://yago-knowledge.org/resource/Bethel,_Alaska	Bethel, Alaska	http://yago-knowledge.org/resource/hasWikipediaAnchorText	null	KYUK	http://www.w3.org/1999/02/22-rdf-syntax-ns#langString	
http://yago-knowledge.org/resource/Bethel,_Alaska	Bethel, Alaska	http://yago-knowledge.org/resource/hasWikipediaAnchorText	null	KYUK-TV	http://www.w3.org/1999/02/22-rdf-syntax-ns#langString	
http://yago-knowledge.org/resource/Bethel,_Alaska	Bethel, Alaska	http://yago-knowledge.org/resource/hasWikipediaAnchorText	null	Kansas	http://www.w3.org/1999/02/22-rdf-syntax-ns#langString	
http://yago-knowledge.org/resource/Bethel,_Alaska	Bethel, Alaska	http://yago-knowledge.org/resource/hasWikipediaAnchorText	null	Kotzebue	http://www.w3.org/1999/02/22-rdf-syntax-ns#langString	
http://yago-knowledge.org/resource/Bethel,_Alaska	Bethel, Alaska	http://yago-knowledge.org/resource/hasWikipediaAnchorText	null	Kuskokwim	http://www.w3.org/1999/02/22-rdf-syntax-ns#langString	
http://yago-knowledge.org/resource/Bethel,_Alaska	Bethel, Alaska	http://yago-knowledge.org/resource/hasWikipediaAnchorText	null	Kuskokwim Campus	http://www.w3.org/1999/02/22-rdf-syntax-ns#langString	
http://yago-knowledge.org/resource/Bethel,_Alaska	Bethel, Alaska	http://yago-knowledge.org/resource/hasWikipediaAnchorText	null	Kuskokwim River	http://www.w3.org/1999/02/22-rdf-syntax-ns#langString	
http://yago-knowledge.org/resource/Bethel,_Alaska	Bethel, Alaska	http://yago-knowledge.org/resource/hasWikipediaAnchorText	null	Köppen	http://www.w3.org/1999/02/22-rdf-syntax-ns#langString	
http://yago-knowledge.org/resource/Bethel,_Alaska	Bethel, Alaska	http://yago-knowledge.org/resource/hasWikipediaAnchorText	null	Lenape	http://www.w3.org/1999/02/22-rdf-syntax-ns#langString	
http://yago-knowledge.org/resource/Bethel,_Alaska	Bethel, Alaska	http://yago-knowledge.org/resource/hasWikipediaAnchorText	null	Lower Kuskokwim School District	http://www.w3.org/1999/02/22-rdf-syntax-ns#langString	
http://yago-knowledge.org/resource/Bethel,_Alaska	Bethel, Alaska	http://yago-knowledge.org/resource/hasWikipediaAnchorText	null	Lynden Air Cargo	http://www.w3.org/1999/02/22-rdf-syntax-ns#langString	
http://yago-knowledge.org/resource/Bethel,_Alaska	Bethel, Alaska	http://yago-knowledge.org/resource/hasWikipediaAnchorText	null	Manager	http://www.w3.org/1999/02/22-rdf-syntax-ns#langString	
http://yago-knowledge.org/resource/Bethel,_Alaska	Bethel, Alaska	http://yago-knowledge.org/resource/hasWikipediaAnchorText	null	Mayor	http://www.w3.org/1999/02/22-rdf-syntax-ns#langString	
http://yago-knowledge.org/resource/Bethel,_Alaska	Bethel, Alaska	http://yago-knowledge.org/resource/hasWikipediaAnchorText	null	Meyers Farm	http://www.w3.org/1999/02/22-rdf-syntax-ns#langString	
http://yago-knowledge.org/resource/Bethel,_Alaska	Bethel, Alaska	http://yago-knowledge.org/resource/hasWikipediaAnchorText	null	Mikelnguut Elitnaurviat Elementary School	http://www.w3.org/1999/02/22-rdf-syntax-ns#langString	
http://yago-knowledge.org/resource/Bethel,_Alaska	Bethel, Alaska	http://yago-knowledge.org/resource/hasWikipediaAnchorText	null	Moravian Church	http://www.w3.org/1999/02/22-rdf-syntax-ns#langString	
http://yago-knowledge.org/resource/Bethel,_Alaska	Bethel, Alaska	http://yago-knowledge.org/resource/hasWikipediaAnchorText	null	Napakiak, Alaska	http://www.w3.org/1999/02/22-rdf-syntax-ns#langString	
http://yago-knowledge.org/resource/Bethel,_Alaska	Bethel, Alaska	http://yago-knowledge.org/resource/hasWikipediaAnchorText	null	National Oceanic and Atmospheric Administration	http://www.w3.org/1999/02/22-rdf-syntax-ns#langString	
http://yago-knowledge.org/resource/Bethel,_Alaska	Bethel, Alaska	http://yago-knowledge.org/resource/hasWikipediaAnchorText	null	Native American	http://www.w3.org/1999/02/22-rdf-syntax-ns#langString	
http://yago-knowledge.org/resource/Bethel,_Alaska	Bethel, Alaska	http://yago-knowledge.org/resource/hasWikipediaAnchorText	null	Northern Air Cargo	http://www.w3.org/1999/02/22-rdf-syntax-ns#langString	
http://yago-knowledge.org/resource/Bethel,_Alaska	Bethel, Alaska	http://yago-knowledge.org/resource/hasWikipediaAnchorText	null	Pacific Islander	http://www.w3.org/1999/02/22-rdf-syntax-ns#langString	
http://yago-knowledge.org/resource/Bethel,_Alaska	Bethel, Alaska	http://yago-knowledge.org/resource/hasWikipediaAnchorText	null	Patrick Daley and Beverly James, "Warming the Arctic Air: Cultural Politics and Alaska Native Radio"	http://www.w3.org/1999/02/22-rdf-syntax-ns#langString	
http://yago-knowledge.org/resource/Bethel,_Alaska	Bethel, Alaska	http://yago-knowledge.org/resource/hasWikipediaAnchorText	null	Port of Bethel	http://www.w3.org/1999/02/22-rdf-syntax-ns#langString	
http://yago-knowledge.org/resource/Bethel,_Alaska	Bethel, Alaska	http://yago-knowledge.org/resource/hasWikipediaAnchorText	null	Ranked 17th	http://www.w3.org/1999/02/22-rdf-syntax-ns#langString	
http://yago-knowledge.org/resource/Bethel,_Alaska	Bethel, Alaska	http://yago-knowledge.org/resource/hasWikipediaAnchorText	null	Russia	http://www.w3.org/1999/02/22-rdf-syntax-ns#langString	
http://yago-knowledge.org/resource/Bethel,_Alaska	Bethel, Alaska	http://yago-knowledge.org/resource/hasWikipediaAnchorText	null	Russian Federation	http://www.w3.org/1999/02/22-rdf-syntax-ns#langString	
http://yago-knowledge.org/resource/Bethel,_Alaska	Bethel, Alaska	http://yago-knowledge.org/resource/hasWikipediaAnchorText	null	Russian Orthodox	http://www.w3.org/1999/02/22-rdf-syntax-ns#langString	
http://yago-knowledge.org/resource/Bethel,_Alaska	Bethel, Alaska	http://yago-knowledge.org/resource/hasWikipediaAnchorText	null	Ryan Air	http://www.w3.org/1999/02/22-rdf-syntax-ns#langString	
http://yago-knowledge.org/resource/Bethel,_Alaska	Bethel, Alaska	http://yago-knowledge.org/resource/hasWikipediaAnchorText	null	State	http://www.w3.org/1999/02/22-rdf-syntax-ns#langString	
http://yago-knowledge.org/resource/Bethel,_Alaska	Bethel, Alaska	http://yago-knowledge.org/resource/hasWikipediaAnchorText	null	Taco Bell	http://www.w3.org/1999/02/22-rdf-syntax-ns#langString	
http://yago-knowledge.org/resource/Bethel,_Alaska	Bethel, Alaska	http://yago-knowledge.org/resource/hasWikipediaAnchorText	null	Tundra Drums	http://www.w3.org/1999/02/22-rdf-syntax-ns#langString	
http://yago-knowledge.org/resource/Bethel,_Alaska	Bethel, Alaska	http://yago-knowledge.org/resource/hasWikipediaAnchorText	null	United States Census Bureau	http://www.w3.org/1999/02/22-rdf-syntax-ns#langString	
http://yago-knowledge.org/resource/Bethel,_Alaska	Bethel, Alaska	http://yago-knowledge.org/resource/hasWikipediaAnchorText	null	University of Alaska Fairbanks	http://www.w3.org/1999/02/22-rdf-syntax-ns#langString	
http://yago-knowledge.org/resource/Bethel,_Alaska	Bethel, Alaska	http://yago-knowledge.org/resource/hasWikipediaAnchorText	null	Unorganized	http://www.w3.org/1999/02/22-rdf-syntax-ns#langString	
http://yago-knowledge.org/resource/Bethel,_Alaska	Bethel, Alaska	http://yago-knowledge.org/resource/hasWikipediaAnchorText	null	Unorganized Borough	http://www.w3.org/1999/02/22-rdf-syntax-ns#langString	
http://yago-knowledge.org/resource/Bethel,_Alaska	Bethel, Alaska	http://yago-knowledge.org/resource/hasWikipediaAnchorText	null	White	http://www.w3.org/1999/02/22-rdf-syntax-ns#langString	
http://yago-knowledge.org/resource/Bethel,_Alaska	Bethel, Alaska	http://yago-knowledge.org/resource/hasWikipediaAnchorText	null	Yukon Delta National Wildlife Refuge	http://www.w3.org/1999/02/22-rdf-syntax-ns#langString	
http://yago-knowledge.org/resource/Bethel,_Alaska	Bethel, Alaska	http://yago-knowledge.org/resource/hasWikipediaAnchorText	null	Yukon-Kuskokwim Delta	http://www.w3.org/1999/02/22-rdf-syntax-ns#langString	
http://yago-knowledge.org/resource/Bethel,_Alaska	Bethel, Alaska	http://yago-knowledge.org/resource/hasWikipediaAnchorText	null	Yup'ik	http://www.w3.org/1999/02/22-rdf-syntax-ns#langString	
http://yago-knowledge.org/resource/Bethel,_Alaska	Bethel, Alaska	http://yago-knowledge.org/resource/hasWikipediaAnchorText	null	Yupik	http://www.w3.org/1999/02/22-rdf-syntax-ns#langString	
http://yago-knowledge.org/resource/Bethel,_Alaska	Bethel, Alaska	http://yago-knowledge.org/resource/hasWikipediaAnchorText	null	Yute Air	http://www.w3.org/1999/02/22-rdf-syntax-ns#langString	
http://yago-knowledge.org/resource/Bethel,_Alaska	Bethel, Alaska	http://yago-knowledge.org/resource/hasWikipediaAnchorText	null	Yuut Elitnaurvik	http://www.w3.org/1999/02/22-rdf-syntax-ns#langString	
http://yago-knowledge.org/resource/Bethel,_Alaska	Bethel, Alaska	http://yago-knowledge.org/resource/hasWikipediaAnchorText	null	ZIP code	http://www.w3.org/1999/02/22-rdf-syntax-ns#langString	
http://yago-knowledge.org/resource/Bethel,_Alaska	Bethel, Alaska	http://yago-knowledge.org/resource/hasWikipediaAnchorText	null	alcohol	http://www.w3.org/1999/02/22-rdf-syntax-ns#langString	
http://yago-knowledge.org/resource/Bethel,_Alaska	Bethel, Alaska	http://yago-knowledge.org/resource/hasWikipediaAnchorText	null	barge	http://www.w3.org/1999/02/22-rdf-syntax-ns#langString	
http://yago-knowledge.org/resource/Bethel,_Alaska	Bethel, Alaska	http://yago-knowledge.org/resource/hasWikipediaAnchorText	null	caribou	http://www.w3.org/1999/02/22-rdf-syntax-ns#langString	
http://yago-knowledge.org/resource/Bethel,_Alaska	Bethel, Alaska	http://yago-knowledge.org/resource/hasWikipediaAnchorText	null	census	http://www.w3.org/1999/02/22-rdf-syntax-ns#langString	
http://yago-knowledge.org/resource/Bethel,_Alaska	Bethel, Alaska	http://yago-knowledge.org/resource/hasWikipediaAnchorText	null	coal-fir	http://www.w3.org/1999/02/22-rdf-syntax-ns#langString	
http://yago-knowledge.org/resource/Bethel,_Alaska	Bethel, Alaska	http://yago-knowledge.org/resource/hasWikipediaAnchorText	null	community radio	http://www.w3.org/1999/02/22-rdf-syntax-ns#langString	
http://yago-knowledge.org/resource/Bethel,_Alaska	Bethel, Alaska	http://yago-knowledge.org/resource/hasWikipediaAnchorText	null	detention center	http://www.w3.org/1999/02/22-rdf-syntax-ns#langString	
http://yago-knowledge.org/resource/Bethel,_Alaska	Bethel, Alaska	http://yago-knowledge.org/resource/hasWikipediaAnchorText	null	dogsled	http://www.w3.org/1999/02/22-rdf-syntax-ns#langString	
http://yago-knowledge.org/resource/Bethel,_Alaska	Bethel, Alaska	http://yago-knowledge.org/resource/hasWikipediaAnchorText	null	intertie	http://www.w3.org/1999/02/22-rdf-syntax-ns#langString	
http://yago-knowledge.org/resource/Bethel,_Alaska	Bethel, Alaska	http://yago-knowledge.org/resource/hasWikipediaAnchorText	null	liquor license	http://www.w3.org/1999/02/22-rdf-syntax-ns#langString	
http://yago-knowledge.org/resource/Bethel,_Alaska	Bethel, Alaska	http://yago-knowledge.org/resource/hasWikipediaAnchorText	null	median income	http://www.w3.org/1999/02/22-rdf-syntax-ns#langString	
http://yago-knowledge.org/resource/Bethel,_Alaska	Bethel, Alaska	http://yago-knowledge.org/resource/hasWikipediaAnchorText	null	mushers	http://www.w3.org/1999/02/22-rdf-syntax-ns#langString	
http://yago-knowledge.org/resource/Bethel,_Alaska	Bethel, Alaska	http://yago-knowledge.org/resource/hasWikipediaAnchorText	null	other races	http://www.w3.org/1999/02/22-rdf-syntax-ns#langString	
http://yago-knowledge.org/resource/Bethel,_Alaska	Bethel, Alaska	http://yago-knowledge.org/resource/hasWikipediaAnchorText	null	per capita income	http://www.w3.org/1999/02/22-rdf-syntax-ns#langString	
http://yago-knowledge.org/resource/Bethel,_Alaska	Bethel, Alaska	http://yago-knowledge.org/resource/hasWikipediaAnchorText	null	poverty line	http://www.w3.org/1999/02/22-rdf-syntax-ns#langString	
http://yago-knowledge.org/resource/Bethel,_Alaska	Bethel, Alaska	http://yago-knowledge.org/resource/hasWikipediaAnchorText	null	power station	http://www.w3.org/1999/02/22-rdf-syntax-ns#langString	
http://yago-knowledge.org/resource/Bethel,_Alaska	Bethel, Alaska	http://yago-knowledge.org/resource/hasWikipediaAnchorText	null	qaspeq	http://www.w3.org/1999/02/22-rdf-syntax-ns#langString	
http://yago-knowledge.org/resource/Bethel,_Alaska	Bethel, Alaska	http://yago-knowledge.org/resource/hasWikipediaAnchorText	null	school shooting	http://www.w3.org/1999/02/22-rdf-syntax-ns#langString	
http://yago-knowledge.org/resource/Bethel,_Alaska	Bethel, Alaska	http://yago-knowledge.org/resource/hasWikipediaAnchorText	null	single-wire earth return	http://www.w3.org/1999/02/22-rdf-syntax-ns#langString	
http://yago-knowledge.org/resource/Bethel,_Alaska	Bethel, Alaska	http://yago-knowledge.org/resource/hasWikipediaAnchorText	null	sister city	http://www.w3.org/1999/02/22-rdf-syntax-ns#langString	
http://yago-knowledge.org/resource/Bethel,_Alaska	Bethel, Alaska	http://yago-knowledge.org/resource/hasWikipediaAnchorText	null	sled dog	http://www.w3.org/1999/02/22-rdf-syntax-ns#langString	
http://yago-knowledge.org/resource/Bethel,_Alaska	Bethel, Alaska	http://yago-knowledge.org/resource/hasWikipediaAnchorText	null	smokehouse	http://www.w3.org/1999/02/22-rdf-syntax-ns#langString	
http://yago-knowledge.org/resource/Bethel,_Alaska	Bethel, Alaska	http://yago-knowledge.org/resource/hasWikipediaAnchorText	null	subarctic climate	http://www.w3.org/1999/02/22-rdf-syntax-ns#langString	
http://yago-knowledge.org/resource/Bethel,_Alaska	Bethel, Alaska	http://yago-knowledge.org/resource/hasWikipediaAnchorText	null	wildlife refuge	http://www.w3.org/1999/02/22-rdf-syntax-ns#langString	
http://yago-knowledge.org/resource/Bethel,_Alaska	Bethel, Alaska	http://yago-knowledge.org/resource/hasWikipediaArticleLength	null	24625	http://www.w3.org/2001/XMLSchema#integer	
http://yago-knowledge.org/resource/Bethel,_Alaska	Bethel, Alaska	http://yago-knowledge.org/resource/hasWikipediaUrl	null	http://en.wikipedia.org/wiki/Bethel%2C_Alaska	uri	null
http://yago-knowledge.org/resource/Bethel,_Alaska	Bethel, Alaska	http://yago-knowledge.org/resource/isLocatedIn	Administrative parent	http://yago-knowledge.org/resource/Alaska	entity	Alaska
http://yago-knowledge.org/resource/Bethel,_Alaska	Bethel, Alaska	http://yago-knowledge.org/resource/isLocatedIn	Administrative parent	http://yago-knowledge.org/resource/Bethel_Census_Area,_Alaska	entity	Bethel Census Area, Alaska
http://yago-knowledge.org/resource/Bethel,_Alaska	Bethel, Alaska	http://yago-knowledge.org/resource/isLocatedIn	Administrative parent	http://yago-knowledge.org/resource/United_States	entity	United States
http://yago-knowledge.org/resource/Bethel,_Alaska	Bethel, Alaska	http://yago-knowledge.org/resource/isLocatedIn	Administrative parent	http://yago-knowledge.org/resource/Unorganized_Borough,_Alaska	entity	Unorganized Borough, Alaska
http://yago-knowledge.org/resource/Bethel,_Alaska	Bethel, Alaska	http://yago-knowledge.org/resource/linksTo	null	http://yago-knowledge.org/resource/2010_United_States_Census	entity	2010 United States Census
http://yago-knowledge.org/resource/Bethel,_Alaska	Bethel, Alaska	http://yago-knowledge.org/resource/linksTo	null	http://yago-knowledge.org/resource/ABC_News	entity	ABC News
http://yago-knowledge.org/resource/Bethel,_Alaska	Bethel, Alaska	http://yago-knowledge.org/resource/linksTo	null	http://yago-knowledge.org/resource/African_American	entity	African American
http://yago-knowledge.org/resource/Bethel,_Alaska	Bethel, Alaska	http://yago-knowledge.org/resource/linksTo	null	http://yago-knowledge.org/resource/Alaska	entity	Alaska
http://yago-knowledge.org/resource/Bethel,_Alaska	Bethel, Alaska	http://yago-knowledge.org/resource/linksTo	null	http://yago-knowledge.org/resource/Alaska_Airlines	entity	Alaska Airlines
http://yago-knowledge.org/resource/Bethel,_Alaska	Bethel, Alaska	http://yago-knowledge.org/resource/linksTo	null	http://yago-knowledge.org/resource/Alaska_Commercial_Company	entity	Alaska Commercial Company
http://yago-knowledge.org/resource/Bethel,_Alaska	Bethel, Alaska	http://yago-knowledge.org/resource/linksTo	null	http://yago-knowledge.org/resource/Alaska_Natives	entity	Alaska Natives
http://yago-knowledge.org/resource/Bethel,_Alaska	Bethel, Alaska	http://yago-knowledge.org/resource/linksTo	null	http://yago-knowledge.org/resource/Alaska_Newspapers,_Inc.	entity	Alaska Newspapers, Inc.
http://yago-knowledge.org/resource/Bethel,_Alaska	Bethel, Alaska	http://yago-knowledge.org/resource/linksTo	null	http://yago-knowledge.org/resource/Alaska_Time_Zone	entity	Alaska Time Zone
http://yago-knowledge.org/resource/Bethel,_Alaska	Bethel, Alaska	http://yago-knowledge.org/resource/linksTo	null	http://yago-knowledge.org/resource/Anadyr_(town)	entity	Anadyr (town)
http://yago-knowledge.org/resource/Bethel,_Alaska	Bethel, Alaska	http://yago-knowledge.org/resource/linksTo	null	http://yago-knowledge.org/resource/Anchorage,_Alaska	entity	Anchorage, Alaska
http://yago-knowledge.org/resource/Bethel,_Alaska	Bethel, Alaska	http://yago-knowledge.org/resource/linksTo	null	http://yago-knowledge.org/resource/Area_code_907	entity	Area code 907
http://yago-knowledge.org/resource/Bethel,_Alaska	Bethel, Alaska	http://yago-knowledge.org/resource/linksTo	null	http://yago-knowledge.org/resource/Asian_American	entity	Asian American
http://yago-knowledge.org/resource/Bethel,_Alaska	Bethel, Alaska	http://yago-knowledge.org/resource/linksTo	null	http://yago-knowledge.org/resource/Bethel_Airport	entity	Bethel Airport
http://yago-knowledge.org/resource/Bethel,_Alaska	Bethel, Alaska	http://yago-knowledge.org/resource/linksTo	null	http://yago-knowledge.org/resource/Bethel_Census_Area,_Alaska	entity	Bethel Census Area, Alaska
http://yago-knowledge.org/resource/Bethel,_Alaska	Bethel, Alaska	http://yago-knowledge.org/resource/linksTo	null	http://yago-knowledge.org/resource/Calista_Corporation	entity	Calista Corporation
http://yago-knowledge.org/resource/Bethel,_Alaska	Bethel, Alaska	http://yago-knowledge.org/resource/linksTo	null	http://yago-knowledge.org/resource/Catholic_Church	entity	Catholic Church
http://yago-knowledge.org/resource/Bethel,_Alaska	Bethel, Alaska	http://yago-knowledge.org/resource/linksTo	null	http://yago-knowledge.org/resource/Central_Alaskan_Yup'ik_language	entity	Central Alaskan Yup'ik language
http://yago-knowledge.org/resource/Bethel,_Alaska	Bethel, Alaska	http://yago-knowledge.org/resource/linksTo	null	http://yago-knowledge.org/resource/Central_Alaskan_Yup'ik_people	entity	Central Alaskan Yup'ik people
http://yago-knowledge.org/resource/Bethel,_Alaska	Bethel, Alaska	http://yago-knowledge.org/resource/linksTo	null	http://yago-knowledge.org/resource/Chukotka_Autonomous_Okrug	entity	Chukotka Autonomous Okrug
http://yago-knowledge.org/resource/Bethel,_Alaska	Bethel, Alaska	http://yago-knowledge.org/resource/linksTo	null	http://yago-knowledge.org/resource/Evan_Ramsey	entity	Evan Ramsey
http://yago-knowledge.org/resource/Bethel,_Alaska	Bethel, Alaska	http://yago-knowledge.org/resource/linksTo	null	http://yago-knowledge.org/resource/Everts_Air_Cargo	entity	Everts Air Cargo
http://yago-knowledge.org/resource/Bethel,_Alaska	Bethel, Alaska	http://yago-knowledge.org/resource/linksTo	null	http://yago-knowledge.org/resource/Federal_Information_Processing_Standard	entity	Federal Information Processing Standard
http://yago-knowledge.org/resource/Bethel,_Alaska	Bethel, Alaska	http://yago-knowledge.org/resource/linksTo	null	http://yago-knowledge.org/resource/Geographic_Names_Information_System	entity	Geographic Names Information System
http://yago-knowledge.org/resource/Bethel,_Alaska	Bethel, Alaska	http://yago-knowledge.org/resource/linksTo	null	http://yago-knowledge.org/resource/Grant_Aviation	entity	Grant Aviation
http://yago-knowledge.org/resource/Bethel,_Alaska	Bethel, Alaska	http://yago-knowledge.org/resource/linksTo	null	http://yago-knowledge.org/resource/Hageland_Aviation_Services	entity	Hageland Aviation Services
http://yago-knowledge.org/resource/Bethel,_Alaska	Bethel, Alaska	http://yago-knowledge.org/resource/linksTo	null	http://yago-knowledge.org/resource/KYKD	entity	KYKD
http://yago-knowledge.org/resource/Bethel,_Alaska	Bethel, Alaska	http://yago-knowledge.org/resource/linksTo	null	http://yago-knowledge.org/resource/KYUK-TV	entity	KYUK-TV
http://yago-knowledge.org/resource/Bethel,_Alaska	Bethel, Alaska	http://yago-knowledge.org/resource/linksTo	null	http://yago-knowledge.org/resource/KYUK_(AM)	entity	KYUK (AM)
http://yago-knowledge.org/resource/Bethel,_Alaska	Bethel, Alaska	http://yago-knowledge.org/resource/linksTo	null	http://yago-knowledge.org/resource/Kansas	entity	Kansas
http://yago-knowledge.org/resource/Bethel,_Alaska	Bethel, Alaska	http://yago-knowledge.org/resource/linksTo	null	http://yago-knowledge.org/resource/Kotzebue,_Alaska	entity	Kotzebue, Alaska
http://yago-knowledge.org/resource/Bethel,_Alaska	Bethel, Alaska	http://yago-knowledge.org/resource/linksTo	null	http://yago-knowledge.org/resource/Kuskokwim_River	entity	Kuskokwim River
http://yago-knowledge.org/resource/Bethel,_Alaska	Bethel, Alaska	http://yago-knowledge.org/resource/linksTo	null	http://yago-knowledge.org/resource/Köppen_climate_classification	entity	Köppen climate classification
http://yago-knowledge.org/resource/Bethel,_Alaska	Bethel, Alaska	http://yago-knowledge.org/resource/linksTo	null	http://yago-knowledge.org/resource/Lenape	entity	Lenape
http://yago-knowledge.org/resource/Bethel,_Alaska	Bethel, Alaska	http://yago-knowledge.org/resource/linksTo	null	http://yago-knowledge.org/resource/Lynden_Air_Cargo	entity	Lynden Air Cargo
http://yago-knowledge.org/resource/Bethel,_Alaska	Bethel, Alaska	http://yago-knowledge.org/resource/linksTo	null	http://yago-knowledge.org/resource/Moravian_Church	entity	Moravian Church
http://yago-knowledge.org/resource/Bethel,_Alaska	Bethel, Alaska	http://yago-knowledge.org/resource/linksTo	null	http://yago-knowledge.org/resource/Municipal_corporation	entity	Municipal corporation
http://yago-knowledge.org/resource/Bethel,_Alaska	Bethel, Alaska	http://yago-knowledge.org/resource/linksTo	null	http://yago-knowledge.org/resource/Napakiak,_Alaska	entity	Napakiak, Alaska
http://yago-knowledge.org/resource/Bethel,_Alaska	Bethel, Alaska	http://yago-knowledge.org/resource/linksTo	null	http://yago-knowledge.org/resource/North_American_Numbering_Plan	entity	North American Numbering Plan
http://yago-knowledge.org/resource/Bethel,_Alaska	Bethel, Alaska	http://yago-knowledge.org/resource/linksTo	null	http://yago-knowledge.org/resource/Northern_Air_Cargo	entity	Northern Air Cargo
http://yago-knowledge.org/resource/Bethel,_Alaska	Bethel, Alaska	http://yago-knowledge.org/resource/linksTo	null	http://yago-knowledge.org/resource/Russia	entity	Russia
http://yago-knowledge.org/resource/Bethel,_Alaska	Bethel, Alaska	http://yago-knowledge.org/resource/linksTo	null	http://yago-knowledge.org/resource/Russian_Orthodox_Church	entity	Russian Orthodox Church
http://yago-knowledge.org/resource/Bethel,_Alaska	Bethel, Alaska	http://yago-knowledge.org/resource/linksTo	null	http://yago-knowledge.org/resource/Ryan_Air_Services	entity	Ryan Air Services
http://yago-knowledge.org/resource/Bethel,_Alaska	Bethel, Alaska	http://yago-knowledge.org/resource/linksTo	null	http://yago-knowledge.org/resource/Taco_Bell	entity	Taco Bell
http://yago-knowledge.org/resource/Bethel,_Alaska	Bethel, Alaska	http://yago-knowledge.org/resource/linksTo	null	http://yago-knowledge.org/resource/U.S._state	entity	U.S. state
http://yago-knowledge.org/resource/Bethel,_Alaska	Bethel, Alaska	http://yago-knowledge.org/resource/linksTo	null	http://yago-knowledge.org/resource/United_States_Census_Bureau	entity	United States Census Bureau
http://yago-knowledge.org/resource/Bethel,_Alaska	Bethel, Alaska	http://yago-knowledge.org/resource/linksTo	null	http://yago-knowledge.org/resource/University_of_Alaska_Fairbanks	entity	University of Alaska Fairbanks
http://yago-knowledge.org/resource/Bethel,_Alaska	Bethel, Alaska	http://yago-knowledge.org/resource/linksTo	null	http://yago-knowledge.org/resource/White_American	entity	White American
http://yago-knowledge.org/resource/Bethel,_Alaska	Bethel, Alaska	http://yago-knowledge.org/resource/linksTo	null	http://yago-knowledge.org/resource/Yukon_Delta_National_Wildlife_Refuge	entity	Yukon Delta National Wildlife Refuge
http://yago-knowledge.org/resource/Bethel,_Alaska	Bethel, Alaska	http://yago-knowledge.org/resource/linksTo	null	http://yago-knowledge.org/resource/Yupik_languages	entity	Yupik languages
http://yago-knowledge.org/resource/Bethel,_Alaska	Bethel, Alaska	http://yago-knowledge.org/resource/linksTo	null	http://yago-knowledge.org/resource/ZIP_code	entity	ZIP code
http://yago-knowledge.org/resource/Bethel,_Alaska	Bethel, Alaska	http://yago-knowledge.org/resource/redirectedFrom	null	Bethel Alternative Boarding school	http://www.w3.org/1999/02/22-rdf-syntax-ns#langString	
http://yago-knowledge.org/resource/Bethel,_Alaska	Bethel, Alaska	http://yago-knowledge.org/resource/redirectedFrom	null	Bethel alaska	http://www.w3.org/1999/02/22-rdf-syntax-ns#langString	
http://yago-knowledge.org/resource/Bethel,_Alaska	Bethel, Alaska	http://yago-knowledge.org/resource/redirectedFrom	null	Bethel, AK	http://www.w3.org/1999/02/22-rdf-syntax-ns#langString	
http://yago-knowledge.org/resource/Bethel,_Alaska	Bethel, Alaska	http://yago-knowledge.org/resource/redirectedFrom	null	Kilbuck elementary school	http://www.w3.org/1999/02/22-rdf-syntax-ns#langString	
http://yago-knowledge.org/resource/Bethel,_Alaska	Bethel, Alaska	http://yago-knowledge.org/resource/redirectedFrom	null	LKSD Bethel Regional high school	http://www.w3.org/1999/02/22-rdf-syntax-ns#langString	
http://yago-knowledge.org/resource/Bethel,_Alaska	Bethel, Alaska	http://yago-knowledge.org/resource/redirectedFrom	null	MikeInguut Elitnaurviat elemantary school	http://www.w3.org/1999/02/22-rdf-syntax-ns#langString	
http://yago-knowledge.org/resource/Bethel,_Alaska	Bethel, Alaska	http://yago-knowledge.org/resource/redirectedFrom	null	UN/LOCODE:USBET	http://www.w3.org/1999/02/22-rdf-syntax-ns#langString	
http://yago-knowledge.org/resource/Bethel,_Alaska	Bethel, Alaska	http://yago-knowledge.org/resource/wasCreatedOnDate	startDate	1957-08-01	http://www.w3.org/2001/XMLSchema#date	
