sub	subl	prop	propl	obj	obj_t	obj_l
http://dbpedia.org/resource/Kawartha_Lakes	Kawartha Lakes	http://dbpedia.org/ontology/PopulatedPlace/populationDensity	population density (/sqkm)	23.7	http://dbpedia.org/datatype/inhabitantsPerSquareKilometre	
http://dbpedia.org/resource/Kawartha_Lakes	Kawartha Lakes	http://dbpedia.org/ontology/abstract	has abstract	The city of Kawartha Lakes (2011 population 73,214) is a unitary municipality in Central Ontario, Canada. It is a municipality legally structured as a single-tier city however, Kawartha Lakes is the size of a typical Ontario county and is mostly rural. It is the second largest single-tier municipality in Ontario by land area. The main population centres are the communities of Bobcaygeon, Fenelon Falls, Lindsay, Omemee and Woodville.	http://www.w3.org/1999/02/22-rdf-syntax-ns#langString	
http://dbpedia.org/resource/Kawartha_Lakes	Kawartha Lakes	http://dbpedia.org/ontology/areaCode	area code	705	http://www.w3.org/2001/XMLSchema#string	
http://dbpedia.org/resource/Kawartha_Lakes	Kawartha Lakes	http://dbpedia.org/ontology/areaLand	area land (m2)	3.08306e+09	http://www.w3.org/2001/XMLSchema#double	
http://dbpedia.org/resource/Kawartha_Lakes	Kawartha Lakes	http://dbpedia.org/ontology/country	country	http://dbpedia.org/resource/Canada	entity	Canada
http://dbpedia.org/resource/Kawartha_Lakes	Kawartha Lakes	http://dbpedia.org/ontology/foundingDate	founding date	2001-01-01	http://www.w3.org/2001/XMLSchema#date	
http://dbpedia.org/resource/Kawartha_Lakes	Kawartha Lakes	http://dbpedia.org/ontology/isPartOf	is part of	http://dbpedia.org/resource/Ontario	entity	Ontario
http://dbpedia.org/resource/Kawartha_Lakes	Kawartha Lakes	http://dbpedia.org/ontology/isPartOf	is part of	http://dbpedia.org/resource/Victoria_County,_Ontario	entity	Victoria County, Ontario
http://dbpedia.org/resource/Kawartha_Lakes	Kawartha Lakes	http://dbpedia.org/ontology/leaderName	leader name	http://dbpedia.org/resource/Andy_Letham	uri	null
http://dbpedia.org/resource/Kawartha_Lakes	Kawartha Lakes	http://dbpedia.org/ontology/leaderName	leader name	http://dbpedia.org/resource/Jamie_Schmale	entity	Jamie Schmale
http://dbpedia.org/resource/Kawartha_Lakes	Kawartha Lakes	http://dbpedia.org/ontology/leaderName	leader name	http://dbpedia.org/resource/Laurie_Scott_(politician)	entity	Laurie Scott (politician)
http://dbpedia.org/resource/Kawartha_Lakes	Kawartha Lakes	http://dbpedia.org/ontology/leaderTitle	leader title	Council	http://www.w3.org/1999/02/22-rdf-syntax-ns#langString	
http://dbpedia.org/resource/Kawartha_Lakes	Kawartha Lakes	http://dbpedia.org/ontology/leaderTitle	leader title	MP	http://www.w3.org/1999/02/22-rdf-syntax-ns#langString	
http://dbpedia.org/resource/Kawartha_Lakes	Kawartha Lakes	http://dbpedia.org/ontology/leaderTitle	leader title	MPP	http://www.w3.org/1999/02/22-rdf-syntax-ns#langString	
http://dbpedia.org/resource/Kawartha_Lakes	Kawartha Lakes	http://dbpedia.org/ontology/leaderTitle	leader title	Mayor	http://www.w3.org/1999/02/22-rdf-syntax-ns#langString	
http://dbpedia.org/resource/Kawartha_Lakes	Kawartha Lakes	http://dbpedia.org/ontology/motto	motto	Catch the Kawartha Spirit.	http://www.w3.org/2001/XMLSchema#string	
http://dbpedia.org/resource/Kawartha_Lakes	Kawartha Lakes	http://dbpedia.org/ontology/populationDensity	population density (/sqkm)	23.7	http://www.w3.org/2001/XMLSchema#double	
http://dbpedia.org/resource/Kawartha_Lakes	Kawartha Lakes	http://dbpedia.org/ontology/populationTotal	population total	73214	http://www.w3.org/2001/XMLSchema#nonNegativeInteger	
http://dbpedia.org/resource/Kawartha_Lakes	Kawartha Lakes	http://dbpedia.org/ontology/postalCode	postal code	beginning with K and L	http://www.w3.org/2001/XMLSchema#string	
http://dbpedia.org/resource/Kawartha_Lakes	Kawartha Lakes	http://dbpedia.org/ontology/thumbnail	thumbnail	http://commons.wikimedia.org/wiki/Special:FilePath/Kawartha_Lakes_city_hall.JPG?width=300	uri	null
http://dbpedia.org/resource/Kawartha_Lakes	Kawartha Lakes	http://dbpedia.org/ontology/timeZone	time zone	http://dbpedia.org/resource/Eastern_Time_Zone	entity	Eastern Time Zone
http://dbpedia.org/resource/Kawartha_Lakes	Kawartha Lakes	http://dbpedia.org/ontology/type	type	http://dbpedia.org/resource/List_of_cities_in_Ontario	entity	List of cities in Ontario
http://dbpedia.org/resource/Kawartha_Lakes	Kawartha Lakes	http://dbpedia.org/ontology/utcOffset	UTC offset	-4	http://www.w3.org/2001/XMLSchema#string	
http://dbpedia.org/resource/Kawartha_Lakes	Kawartha Lakes	http://dbpedia.org/ontology/utcOffset	UTC offset	-5	http://www.w3.org/2001/XMLSchema#string	
http://dbpedia.org/resource/Kawartha_Lakes	Kawartha Lakes	http://dbpedia.org/ontology/wikiPageExternalLink	Link from a Wikipage to an external page	http://www.city.kawarthalakes.on.ca/	uri	null
http://dbpedia.org/resource/Kawartha_Lakes	Kawartha Lakes	http://dbpedia.org/ontology/wikiPageExternalLink	Link from a Wikipage to an external page	http://www.maryboro.ca	uri	null
http://dbpedia.org/resource/Kawartha_Lakes	Kawartha Lakes	http://dbpedia.org/ontology/wikiPageExternalLink	Link from a Wikipage to an external page	http://www.oldegaolmuseum.ca	uri	null
http://dbpedia.org/resource/Kawartha_Lakes	Kawartha Lakes	http://dbpedia.org/ontology/wikiPageExternalLink	Link from a Wikipage to an external page	http://www.thelindsaygallery.com	uri	null
http://dbpedia.org/resource/Kawartha_Lakes	Kawartha Lakes	http://dbpedia.org/ontology/wikiPageExternalLink	Link from a Wikipage to an external page	http://www.youngtownmuseum.com/	uri	null
http://dbpedia.org/resource/Kawartha_Lakes	Kawartha Lakes	http://dbpedia.org/ontology/wikiPageExternalLink	Link from a Wikipage to an external page	https://www.ontarioparks.com/park/emily	uri	null
http://dbpedia.org/resource/Kawartha_Lakes	Kawartha Lakes	http://dbpedia.org/ontology/wikiPageID	Wikipage page ID	386793	http://www.w3.org/2001/XMLSchema#integer	
http://dbpedia.org/resource/Kawartha_Lakes	Kawartha Lakes	http://dbpedia.org/ontology/wikiPageLength	page length (characters) of wiki page	25985	http://www.w3.org/2001/XMLSchema#nonNegativeInteger	
http://dbpedia.org/resource/Kawartha_Lakes	Kawartha Lakes	http://dbpedia.org/ontology/wikiPageOutDegree	Wiki page out degree	157	http://www.w3.org/2001/XMLSchema#nonNegativeInteger	
http://dbpedia.org/resource/Kawartha_Lakes	Kawartha Lakes	http://dbpedia.org/ontology/wikiPageRevisionID	Wikipage revision ID	742911298	http://www.w3.org/2001/XMLSchema#integer	
http://dbpedia.org/resource/Kawartha_Lakes	Kawartha Lakes	http://purl.org/dc/terms/subject	Subject	http://dbpedia.org/resource/Category:2001_establishments_in_Ontario	entity	2001 establishments in Ontario
http://dbpedia.org/resource/Kawartha_Lakes	Kawartha Lakes	http://purl.org/dc/terms/subject	Subject	http://dbpedia.org/resource/Category:Kawartha_Lakes	entity	Kawartha Lakes
http://dbpedia.org/resource/Kawartha_Lakes	Kawartha Lakes	http://purl.org/dc/terms/subject	Subject	http://dbpedia.org/resource/Category:Populated_places_established_in_2001	entity	Populated places established in 2001
http://dbpedia.org/resource/Kawartha_Lakes	Kawartha Lakes	http://www.georss.org/georss/point	null	44.35 -78.75	http://www.w3.org/2001/XMLSchema#string	
http://dbpedia.org/resource/Kawartha_Lakes	Kawartha Lakes	http://www.w3.org/1999/02/22-rdf-syntax-ns#type	type	http://dbpedia.org/ontology/City	entity	city
http://dbpedia.org/resource/Kawartha_Lakes	Kawartha Lakes	http://www.w3.org/1999/02/22-rdf-syntax-ns#type	type	http://dbpedia.org/ontology/Location	uri	null
http://dbpedia.org/resource/Kawartha_Lakes	Kawartha Lakes	http://www.w3.org/1999/02/22-rdf-syntax-ns#type	type	http://dbpedia.org/ontology/Place	entity	place
http://dbpedia.org/resource/Kawartha_Lakes	Kawartha Lakes	http://www.w3.org/1999/02/22-rdf-syntax-ns#type	type	http://dbpedia.org/ontology/PopulatedPlace	entity	populated place
http://dbpedia.org/resource/Kawartha_Lakes	Kawartha Lakes	http://www.w3.org/1999/02/22-rdf-syntax-ns#type	type	http://dbpedia.org/ontology/Settlement	entity	municipality
http://dbpedia.org/resource/Kawartha_Lakes	Kawartha Lakes	http://www.w3.org/1999/02/22-rdf-syntax-ns#type	type	http://schema.org/City	entity	City
http://dbpedia.org/resource/Kawartha_Lakes	Kawartha Lakes	http://www.w3.org/1999/02/22-rdf-syntax-ns#type	type	http://schema.org/Place	entity	Place
http://dbpedia.org/resource/Kawartha_Lakes	Kawartha Lakes	http://www.w3.org/1999/02/22-rdf-syntax-ns#type	type	http://www.w3.org/2002/07/owl#Thing	entity	Thing
http://dbpedia.org/resource/Kawartha_Lakes	Kawartha Lakes	http://www.w3.org/1999/02/22-rdf-syntax-ns#type	type	http://www.w3.org/2003/01/geo/wgs84_pos#SpatialThing	entity	Spatial Thing
http://dbpedia.org/resource/Kawartha_Lakes	Kawartha Lakes	http://www.w3.org/1999/02/22-rdf-syntax-ns#type	type	http://www.w3.org/2004/02/skos/core#Concept	entity	Concept
http://dbpedia.org/resource/Kawartha_Lakes	Kawartha Lakes	http://www.w3.org/1999/02/22-rdf-syntax-ns#type	type	http://www.wikidata.org/entity/Q486972	entity	human settlement
http://dbpedia.org/resource/Kawartha_Lakes	Kawartha Lakes	http://www.w3.org/1999/02/22-rdf-syntax-ns#type	type	http://www.wikidata.org/entity/Q515	entity	city
http://dbpedia.org/resource/Kawartha_Lakes	Kawartha Lakes	http://www.w3.org/2000/01/rdf-schema#comment	comment	The city of Kawartha Lakes (2011 population 73,214) is a unitary municipality in Central Ontario, Canada. It is a municipality legally structured as a single-tier city however, Kawartha Lakes is the size of a typical Ontario county and is mostly rural. It is the second largest single-tier municipality in Ontario by land area. The main population centres are the communities of Bobcaygeon, Fenelon Falls, Lindsay, Omemee and Woodville.	http://www.w3.org/1999/02/22-rdf-syntax-ns#langString	
http://dbpedia.org/resource/Kawartha_Lakes	Kawartha Lakes	http://www.w3.org/2000/01/rdf-schema#label	label	Kawartha Lakes	http://www.w3.org/1999/02/22-rdf-syntax-ns#langString	
http://dbpedia.org/resource/Kawartha_Lakes	Kawartha Lakes	http://www.w3.org/2002/07/owl#sameAs	sameAs	http://dbpedia.org/resource/Kawartha_Lakes	entity	Kawartha Lakes
http://dbpedia.org/resource/Kawartha_Lakes	Kawartha Lakes	http://www.w3.org/2002/07/owl#sameAs	sameAs	http://rdf.freebase.com/ns/m.02294_	entity	Kawartha Lakes
http://dbpedia.org/resource/Kawartha_Lakes	Kawartha Lakes	http://www.w3.org/2002/07/owl#sameAs	sameAs	http://www.wikidata.org/entity/Q384755	entity	Kawartha Lakes
http://dbpedia.org/resource/Kawartha_Lakes	Kawartha Lakes	http://www.w3.org/2003/01/geo/wgs84_pos#lat	latitude	44.35	http://www.w3.org/2001/XMLSchema#float	
http://dbpedia.org/resource/Kawartha_Lakes	Kawartha Lakes	http://www.w3.org/2003/01/geo/wgs84_pos#long	longtitude	-78.75	http://www.w3.org/2001/XMLSchema#float	
http://dbpedia.org/resource/Kawartha_Lakes	Kawartha Lakes	http://www.w3.org/ns/prov#wasDerivedFrom	wasDerivedFrom	http://en.wikipedia.org/wiki/Kawartha_Lakes?oldid=742911298	uri	null
http://dbpedia.org/resource/Kawartha_Lakes	Kawartha Lakes	http://xmlns.com/foaf/0.1/depiction	depiction	http://commons.wikimedia.org/wiki/Special:FilePath/Kawartha_Lakes_city_hall.JPG	uri	null
http://dbpedia.org/resource/Kawartha_Lakes	Kawartha Lakes	http://xmlns.com/foaf/0.1/homepage	homepage	http://www.city.kawarthalakes.on.ca/	uri	null
http://dbpedia.org/resource/Kawartha_Lakes	Kawartha Lakes	http://xmlns.com/foaf/0.1/isPrimaryTopicOf	is primary topic of	http://en.wikipedia.org/wiki/Kawartha_Lakes	uri	null
http://dbpedia.org/resource/Kawartha_Lakes	Kawartha Lakes	http://xmlns.com/foaf/0.1/name	name	City of Kawartha Lakes	http://www.w3.org/1999/02/22-rdf-syntax-ns#langString	
http://dbpedia.org/resource/Kawartha_Lakes	Kawartha Lakes	http://xmlns.com/foaf/0.1/name	name	Kawartha Lakes	http://www.w3.org/1999/02/22-rdf-syntax-ns#langString	
