sub	subl	prop	propl	obj	obj_t	obj_l
http://rdf.freebase.com/ns/m.02294_	Kawartha Lakes	http://rdf.freebase.com/key/authority.daylife.topic	topic	0afz5aDgRna8o	http://www.w3.org/2001/XMLSchema#string	
http://rdf.freebase.com/ns/m.02294_	Kawartha Lakes	http://rdf.freebase.com/key/en	com/key/en	kawartha_lakes_ontario	http://www.w3.org/2001/XMLSchema#string	
http://rdf.freebase.com/ns/m.02294_	Kawartha Lakes	http://rdf.freebase.com/key/wikipedia.en	en	Argyle,_Ontario	http://www.w3.org/2001/XMLSchema#string	
http://rdf.freebase.com/ns/m.02294_	Kawartha Lakes	http://rdf.freebase.com/key/wikipedia.en	en	Avery_Point,_Ontario	http://www.w3.org/2001/XMLSchema#string	
http://rdf.freebase.com/ns/m.02294_	Kawartha Lakes	http://rdf.freebase.com/key/wikipedia.en	en	Baddow,_Ontario	http://www.w3.org/2001/XMLSchema#string	
http://rdf.freebase.com/ns/m.02294_	Kawartha Lakes	http://rdf.freebase.com/key/wikipedia.en	en	Baker_Trail,_Ontario	http://www.w3.org/2001/XMLSchema#string	
http://rdf.freebase.com/ns/m.02294_	Kawartha Lakes	http://rdf.freebase.com/key/wikipedia.en	en	Bellevue,_Ontario	http://www.w3.org/2001/XMLSchema#string	
http://rdf.freebase.com/ns/m.02294_	Kawartha Lakes	http://rdf.freebase.com/key/wikipedia.en	en	Bethel,_Kawartha_Lakes,_Ontario	http://www.w3.org/2001/XMLSchema#string	
http://rdf.freebase.com/ns/m.02294_	Kawartha Lakes	http://rdf.freebase.com/key/wikipedia.en	en	Birch_Point,_Ontario	http://www.w3.org/2001/XMLSchema#string	
http://rdf.freebase.com/ns/m.02294_	Kawartha Lakes	http://rdf.freebase.com/key/wikipedia.en	en	Bury's_Green,_Ontario	http://www.w3.org/2001/XMLSchema#string	
http://rdf.freebase.com/ns/m.02294_	Kawartha Lakes	http://rdf.freebase.com/key/wikipedia.en	en	Camp_Kagawong,_Ontario	http://www.w3.org/2001/XMLSchema#string	
http://rdf.freebase.com/ns/m.02294_	Kawartha Lakes	http://rdf.freebase.com/key/wikipedia.en	en	Campbells_Beach,_Ontario	http://www.w3.org/2001/XMLSchema#string	
http://rdf.freebase.com/ns/m.02294_	Kawartha Lakes	http://rdf.freebase.com/key/wikipedia.en	en	City_Kawartha_Lakes,_Ontario	http://www.w3.org/2001/XMLSchema#string	
http://rdf.freebase.com/ns/m.02294_	Kawartha Lakes	http://rdf.freebase.com/key/wikipedia.en	en	City_of_Kawartha_Lakes	http://www.w3.org/2001/XMLSchema#string	
http://rdf.freebase.com/ns/m.02294_	Kawartha Lakes	http://rdf.freebase.com/key/wikipedia.en	en	City_of_Kawartha_Lakes,_Ontario	http://www.w3.org/2001/XMLSchema#string	
http://rdf.freebase.com/ns/m.02294_	Kawartha Lakes	http://rdf.freebase.com/key/wikipedia.en	en	Corson's_Siding,_Ontario	http://www.w3.org/2001/XMLSchema#string	
http://rdf.freebase.com/ns/m.02294_	Kawartha Lakes	http://rdf.freebase.com/key/wikipedia.en	en	Cowan's_Bay,_Ontario	http://www.w3.org/2001/XMLSchema#string	
http://rdf.freebase.com/ns/m.02294_	Kawartha Lakes	http://rdf.freebase.com/key/wikipedia.en	en	Crawfords_Beach,_Ontario	http://www.w3.org/2001/XMLSchema#string	
http://rdf.freebase.com/ns/m.02294_	Kawartha Lakes	http://rdf.freebase.com/key/wikipedia.en	en	Cresswell,_Ontario	http://www.w3.org/2001/XMLSchema#string	
http://rdf.freebase.com/ns/m.02294_	Kawartha Lakes	http://rdf.freebase.com/key/wikipedia.en	en	Crosshill,_Kawartha_Lakes,_Ontario	http://www.w3.org/2001/XMLSchema#string	
http://rdf.freebase.com/ns/m.02294_	Kawartha Lakes	http://rdf.freebase.com/key/wikipedia.en	en	Cunningham's_Corners,_Ontario	http://www.w3.org/2001/XMLSchema#string	
http://rdf.freebase.com/ns/m.02294_	Kawartha Lakes	http://rdf.freebase.com/key/wikipedia.en	en	Daytonia_Beach,_Ontario	http://www.w3.org/2001/XMLSchema#string	
http://rdf.freebase.com/ns/m.02294_	Kawartha Lakes	http://rdf.freebase.com/key/wikipedia.en	en	Downeyville,_Ontario	http://www.w3.org/2001/XMLSchema#string	
http://rdf.freebase.com/ns/m.02294_	Kawartha Lakes	http://rdf.freebase.com/key/wikipedia.en	en	East_Emily,_Ontario	http://www.w3.org/2001/XMLSchema#string	
http://rdf.freebase.com/ns/m.02294_	Kawartha Lakes	http://rdf.freebase.com/key/wikipedia.en	en	Fairburn_Corner,_Ontario	http://www.w3.org/2001/XMLSchema#string	
http://rdf.freebase.com/ns/m.02294_	Kawartha Lakes	http://rdf.freebase.com/key/wikipedia.en	en	Fee's_Landing,_Ontario	http://www.w3.org/2001/XMLSchema#string	
http://rdf.freebase.com/ns/m.02294_	Kawartha Lakes	http://rdf.freebase.com/key/wikipedia.en	en	Feir_Mill,_Ontario	http://www.w3.org/2001/XMLSchema#string	
http://rdf.freebase.com/ns/m.02294_	Kawartha Lakes	http://rdf.freebase.com/key/wikipedia.en	en	Fell_Station,_Ontario	http://www.w3.org/2001/XMLSchema#string	
http://rdf.freebase.com/ns/m.02294_	Kawartha Lakes	http://rdf.freebase.com/key/wikipedia.en	en	Fingerboard,_Ontario	http://www.w3.org/2001/XMLSchema#string	
http://rdf.freebase.com/ns/m.02294_	Kawartha Lakes	http://rdf.freebase.com/key/wikipedia.en	en	Fleetwood_Station,_Ontario	http://www.w3.org/2001/XMLSchema#string	
http://rdf.freebase.com/ns/m.02294_	Kawartha Lakes	http://rdf.freebase.com/key/wikipedia.en	en	Fox's_Corners,_Ontario	http://www.w3.org/2001/XMLSchema#string	
http://rdf.freebase.com/ns/m.02294_	Kawartha Lakes	http://rdf.freebase.com/key/wikipedia.en	en	Frank_Hill,_Ontario	http://www.w3.org/2001/XMLSchema#string	
http://rdf.freebase.com/ns/m.02294_	Kawartha Lakes	http://rdf.freebase.com/key/wikipedia.en	en	Gilsons_Point,_Ontario	http://www.w3.org/2001/XMLSchema#string	
http://rdf.freebase.com/ns/m.02294_	Kawartha Lakes	http://rdf.freebase.com/key/wikipedia.en	en	Glamorgan,_Ontario	http://www.w3.org/2001/XMLSchema#string	
http://rdf.freebase.com/ns/m.02294_	Kawartha Lakes	http://rdf.freebase.com/key/wikipedia.en	en	Glandine,_Ontario	http://www.w3.org/2001/XMLSchema#string	
http://rdf.freebase.com/ns/m.02294_	Kawartha Lakes	http://rdf.freebase.com/key/wikipedia.en	en	Glenway_Village,_Ontario	http://www.w3.org/2001/XMLSchema#string	
http://rdf.freebase.com/ns/m.02294_	Kawartha Lakes	http://rdf.freebase.com/key/wikipedia.en	en	Grasshill,_Ontario	http://www.w3.org/2001/XMLSchema#string	
http://rdf.freebase.com/ns/m.02294_	Kawartha Lakes	http://rdf.freebase.com/key/wikipedia.en	en	Hartley,_Ontario	http://www.w3.org/2001/XMLSchema#string	
http://rdf.freebase.com/ns/m.02294_	Kawartha Lakes	http://rdf.freebase.com/key/wikipedia.en	en	Hickory_Beach,_Kawartha_Lakes,_Ontario	http://www.w3.org/2001/XMLSchema#string	
http://rdf.freebase.com/ns/m.02294_	Kawartha Lakes	http://rdf.freebase.com/key/wikipedia.en	en	Hillhead_Corners,_Ontario	http://www.w3.org/2001/XMLSchema#string	
http://rdf.freebase.com/ns/m.02294_	Kawartha Lakes	http://rdf.freebase.com/key/wikipedia.en	en	Horncastle,_Ontario	http://www.w3.org/2001/XMLSchema#string	
http://rdf.freebase.com/ns/m.02294_	Kawartha Lakes	http://rdf.freebase.com/key/wikipedia.en	en	Horncastle_(hamlet)	http://www.w3.org/2001/XMLSchema#string	
http://rdf.freebase.com/ns/m.02294_	Kawartha Lakes	http://rdf.freebase.com/key/wikipedia.en	en	Hukish,_Ontario	http://www.w3.org/2001/XMLSchema#string	
http://rdf.freebase.com/ns/m.02294_	Kawartha Lakes	http://rdf.freebase.com/key/wikipedia.en	en	Isaacs_Glen,_Ontario	http://www.w3.org/2001/XMLSchema#string	
http://rdf.freebase.com/ns/m.02294_	Kawartha Lakes	http://rdf.freebase.com/key/wikipedia.en	en	Islay,_Ontario	http://www.w3.org/2001/XMLSchema#string	
http://rdf.freebase.com/ns/m.02294_	Kawartha Lakes	http://rdf.freebase.com/key/wikipedia.en	en	Janetville,_Ontario	http://www.w3.org/2001/XMLSchema#string	
http://rdf.freebase.com/ns/m.02294_	Kawartha Lakes	http://rdf.freebase.com/key/wikipedia.en	en	Joyvista_Estates,_Ontario	http://www.w3.org/2001/XMLSchema#string	
http://rdf.freebase.com/ns/m.02294_	Kawartha Lakes	http://rdf.freebase.com/key/wikipedia.en	en	Kawartha_Lakes	http://www.w3.org/2001/XMLSchema#string	
http://rdf.freebase.com/ns/m.02294_	Kawartha Lakes	http://rdf.freebase.com/key/wikipedia.en	en	Kawartha_Lakes,_ON	http://www.w3.org/2001/XMLSchema#string	
http://rdf.freebase.com/ns/m.02294_	Kawartha Lakes	http://rdf.freebase.com/key/wikipedia.en	en	Kawartha_Lakes,_Ontario	http://www.w3.org/2001/XMLSchema#string	
http://rdf.freebase.com/ns/m.02294_	Kawartha Lakes	http://rdf.freebase.com/key/wikipedia.en	en	Kenedon_Park,_Ontario	http://www.w3.org/2001/XMLSchema#string	
http://rdf.freebase.com/ns/m.02294_	Kawartha Lakes	http://rdf.freebase.com/key/wikipedia.en	en	Kenrei_Park,_Ontario	http://www.w3.org/2001/XMLSchema#string	
http://rdf.freebase.com/ns/m.02294_	Kawartha Lakes	http://rdf.freebase.com/key/wikipedia.en	en	Kenstone_Beach,_Ontario	http://www.w3.org/2001/XMLSchema#string	
http://rdf.freebase.com/ns/m.02294_	Kawartha Lakes	http://rdf.freebase.com/key/wikipedia.en	en	Keystone_Beach,_Ontario	http://www.w3.org/2001/XMLSchema#string	
http://rdf.freebase.com/ns/m.02294_	Kawartha Lakes	http://rdf.freebase.com/key/wikipedia.en	en	King's_Wharf,_Ontario	http://www.w3.org/2001/XMLSchema#string	
http://rdf.freebase.com/ns/m.02294_	Kawartha Lakes	http://rdf.freebase.com/key/wikipedia.en	en	Lake_Dalrymple,_Ontario	http://www.w3.org/2001/XMLSchema#string	
http://rdf.freebase.com/ns/m.02294_	Kawartha Lakes	http://rdf.freebase.com/key/wikipedia.en	en	Lancaster_Bay,_Ontario	http://www.w3.org/2001/XMLSchema#string	
http://rdf.freebase.com/ns/m.02294_	Kawartha Lakes	http://rdf.freebase.com/key/wikipedia.en	en	Linden_Valley,_Ontario	http://www.w3.org/2001/XMLSchema#string	
http://rdf.freebase.com/ns/m.02294_	Kawartha Lakes	http://rdf.freebase.com/key/wikipedia.en	en	Long_Point,_Kawartha_Lakes,_Ontario	http://www.w3.org/2001/XMLSchema#string	
http://rdf.freebase.com/ns/m.02294_	Kawartha Lakes	http://rdf.freebase.com/key/wikipedia.en	en	MacKenzie_Point,_Ontario	http://www.w3.org/2001/XMLSchema#string	
http://rdf.freebase.com/ns/m.02294_	Kawartha Lakes	http://rdf.freebase.com/key/wikipedia.en	en	Mallards_Bay,_Ontario	http://www.w3.org/2001/XMLSchema#string	
http://rdf.freebase.com/ns/m.02294_	Kawartha Lakes	http://rdf.freebase.com/key/wikipedia.en	en	McCrackin's_Beach,_Ontario	http://www.w3.org/2001/XMLSchema#string	
http://rdf.freebase.com/ns/m.02294_	Kawartha Lakes	http://rdf.freebase.com/key/wikipedia.en	en	McGuire_Beach,_Ontario	http://www.w3.org/2001/XMLSchema#string	
http://rdf.freebase.com/ns/m.02294_	Kawartha Lakes	http://rdf.freebase.com/key/wikipedia.en	en	Mount_Horeb,_Ontario	http://www.w3.org/2001/XMLSchema#string	
http://rdf.freebase.com/ns/m.02294_	Kawartha Lakes	http://rdf.freebase.com/key/wikipedia.en	en	Newmans_Beach,_Ontario	http://www.w3.org/2001/XMLSchema#string	
http://rdf.freebase.com/ns/m.02294_	Kawartha Lakes	http://rdf.freebase.com/key/wikipedia.en	en	O'Donnell_Landing,_Ontario	http://www.w3.org/2001/XMLSchema#string	
http://rdf.freebase.com/ns/m.02294_	Kawartha Lakes	http://rdf.freebase.com/key/wikipedia.en	en	Oak_Hill,_Ontario	http://www.w3.org/2001/XMLSchema#string	
http://rdf.freebase.com/ns/m.02294_	Kawartha Lakes	http://rdf.freebase.com/key/wikipedia.en	en	Oakdene_Point,_Ontario	http://www.w3.org/2001/XMLSchema#string	
http://rdf.freebase.com/ns/m.02294_	Kawartha Lakes	http://rdf.freebase.com/key/wikipedia.en	en	Orange_Corners,_Ontario	http://www.w3.org/2001/XMLSchema#string	
http://rdf.freebase.com/ns/m.02294_	Kawartha Lakes	http://rdf.freebase.com/key/wikipedia.en	en	Palestine,_Ontario	http://www.w3.org/2001/XMLSchema#string	
http://rdf.freebase.com/ns/m.02294_	Kawartha Lakes	http://rdf.freebase.com/key/wikipedia.en	en	Pickerel_Point,_Ontario	http://www.w3.org/2001/XMLSchema#string	
http://rdf.freebase.com/ns/m.02294_	Kawartha Lakes	http://rdf.freebase.com/key/wikipedia.en	en	Pleasant_Point,_Ontario	http://www.w3.org/2001/XMLSchema#string	
http://rdf.freebase.com/ns/m.02294_	Kawartha Lakes	http://rdf.freebase.com/key/wikipedia.en	en	Port_Hoover,_Ontario	http://www.w3.org/2001/XMLSchema#string	
http://rdf.freebase.com/ns/m.02294_	Kawartha Lakes	http://rdf.freebase.com/key/wikipedia.en	en	Powles_Corners,_Ontario	http://www.w3.org/2001/XMLSchema#string	
http://rdf.freebase.com/ns/m.02294_	Kawartha Lakes	http://rdf.freebase.com/key/wikipedia.en	en	Reaboro,_Ontario	http://www.w3.org/2001/XMLSchema#string	
http://rdf.freebase.com/ns/m.02294_	Kawartha Lakes	http://rdf.freebase.com/key/wikipedia.en	en	Red_Cap_Beach,_Ontario	http://www.w3.org/2001/XMLSchema#string	
http://rdf.freebase.com/ns/m.02294_	Kawartha Lakes	http://rdf.freebase.com/key/wikipedia.en	en	Rohallion,_Ontario	http://www.w3.org/2001/XMLSchema#string	
http://rdf.freebase.com/ns/m.02294_	Kawartha Lakes	http://rdf.freebase.com/key/wikipedia.en	en	Sandy_Point,_Ontario	http://www.w3.org/2001/XMLSchema#string	
http://rdf.freebase.com/ns/m.02294_	Kawartha Lakes	http://rdf.freebase.com/key/wikipedia.en	en	Silver_Lake_Ontario	http://www.w3.org/2001/XMLSchema#string	
http://rdf.freebase.com/ns/m.02294_	Kawartha Lakes	http://rdf.freebase.com/key/wikipedia.en	en	Southview_Estates,_Ontario	http://www.w3.org/2001/XMLSchema#string	
http://rdf.freebase.com/ns/m.02294_	Kawartha Lakes	http://rdf.freebase.com/key/wikipedia.en	en	Sullivan's_Bay,_Ontario	http://www.w3.org/2001/XMLSchema#string	
http://rdf.freebase.com/ns/m.02294_	Kawartha Lakes	http://rdf.freebase.com/key/wikipedia.en	en	Sylvan_Glen_Beach,_Ontario	http://www.w3.org/2001/XMLSchema#string	
http://rdf.freebase.com/ns/m.02294_	Kawartha Lakes	http://rdf.freebase.com/key/wikipedia.en	en	Taylor's_Corners,_Ontario	http://www.w3.org/2001/XMLSchema#string	
http://rdf.freebase.com/ns/m.02294_	Kawartha Lakes	http://rdf.freebase.com/key/wikipedia.en	en	Tracey's_Hill,_Ontario	http://www.w3.org/2001/XMLSchema#string	
http://rdf.freebase.com/ns/m.02294_	Kawartha Lakes	http://rdf.freebase.com/key/wikipedia.en	en	Union_Creek,_Ontario	http://www.w3.org/2001/XMLSchema#string	
http://rdf.freebase.com/ns/m.02294_	Kawartha Lakes	http://rdf.freebase.com/key/wikipedia.en	en	Victoria_Place,_Ontario	http://www.w3.org/2001/XMLSchema#string	
http://rdf.freebase.com/ns/m.02294_	Kawartha Lakes	http://rdf.freebase.com/key/wikipedia.en	en	Washburn_Island,_Ontario	http://www.w3.org/2001/XMLSchema#string	
http://rdf.freebase.com/ns/m.02294_	Kawartha Lakes	http://rdf.freebase.com/key/wikipedia.en	en	Watson's_Siding,_Ontario	http://www.w3.org/2001/XMLSchema#string	
http://rdf.freebase.com/ns/m.02294_	Kawartha Lakes	http://rdf.freebase.com/key/wikipedia.en	en	Woodville,_ON	http://www.w3.org/2001/XMLSchema#string	
http://rdf.freebase.com/ns/m.02294_	Kawartha Lakes	http://rdf.freebase.com/key/wikipedia.en	en	Woodville_ontario	http://www.w3.org/2001/XMLSchema#string	
http://rdf.freebase.com/ns/m.02294_	Kawartha Lakes	http://rdf.freebase.com/key/wikipedia.en	en	Yelverton,_Ontario	http://www.w3.org/2001/XMLSchema#string	
http://rdf.freebase.com/ns/m.02294_	Kawartha Lakes	http://rdf.freebase.com/key/wikipedia.en	en	Zion,_Kawartha_Lakes,_Ontario	http://www.w3.org/2001/XMLSchema#string	
http://rdf.freebase.com/ns/m.02294_	Kawartha Lakes	http://rdf.freebase.com/key/wikipedia.en_id	en_id	386793	http://www.w3.org/2001/XMLSchema#string	
http://rdf.freebase.com/ns/m.02294_	Kawartha Lakes	http://rdf.freebase.com/key/wikipedia.en_title	en_title	Kawartha_Lakes	http://www.w3.org/2001/XMLSchema#string	
http://rdf.freebase.com/ns/m.02294_	Kawartha Lakes	http://rdf.freebase.com/ns/base.wikipedia_infobox.settlement.area_code	Area code	http://rdf.freebase.com/ns/m.031j10	entity	Area codes 705 and 249
http://rdf.freebase.com/ns/m.02294_	Kawartha Lakes	http://rdf.freebase.com/ns/common.identity.daylife_topic	Daylife Topic	0afz5aDgRna8o	http://www.w3.org/2001/XMLSchema#string	
http://rdf.freebase.com/ns/m.02294_	Kawartha Lakes	http://rdf.freebase.com/ns/common.topic.alias	Also known as	Kawartha Lakes, Canada	http://www.w3.org/1999/02/22-rdf-syntax-ns#langString	
http://rdf.freebase.com/ns/m.02294_	Kawartha Lakes	http://rdf.freebase.com/ns/common.topic.alias	Also known as	Kawartha Lakes, Ontario	http://www.w3.org/1999/02/22-rdf-syntax-ns#langString	
http://rdf.freebase.com/ns/m.02294_	Kawartha Lakes	http://rdf.freebase.com/ns/common.topic.article	Article	The city of Kawartha Lakes (2011 population 73,214) is a unitary municipality in Central Ontario, Canada. Although called a city, Kawartha Lakes is the size of a typical Ontarian county and is mostly rural. The main population centres are Bobcaygeon, Fenelon Falls, Lindsay, Omemee and Woodville. The city's name comes from the name of the Kawartha lakes. The term Kawartha is an anglicization of the word Ka-wa-tha (from Ka-wa-tae-gum-maug or Gaa-waategamaag, meaning), a word coined in 1895 by aboriginal Martha Whetung of the Curve Lake First Nations. The word meant "land of reflections" in the Anishinaabe language, according to Whetung. The word was subsequently changed by tourism promoters to Kawartha, meaning "bright waters and happy lands." Prior to its restructuring as a city, the area was known as Victoria County. The city was created in 2001, during the ruling provincial Progressive Conservative party's "Common Sense Revolution". Through provincial legislation, the former Victoria County and its constituent municipalities were amalgamated into one entity named the City of Kawartha Lakes. This act was implemented by the The Victoria County Restructuring Commission, led by	http://www.w3.org/1999/02/22-rdf-syntax-ns#langString	
http://rdf.freebase.com/ns/m.02294_	Kawartha Lakes	http://rdf.freebase.com/ns/common.topic.description	Description	The city of Kawartha Lakes is a unitary municipality in Central Ontario, Canada. Although called a city, Kawartha Lakes is the size of a typical Ontarian county and is mostly rural. The main population centres are Bobcaygeon, Fenelon Falls, Lindsay, Omemee and Woodville.	http://www.w3.org/1999/02/22-rdf-syntax-ns#langString	
http://rdf.freebase.com/ns/m.02294_	Kawartha Lakes	http://rdf.freebase.com/ns/common.topic.image	Image	http://rdf.freebase.com/ns/m.029r6dz	entity	Location of Kawartha Lakes in Ontario
http://rdf.freebase.com/ns/m.02294_	Kawartha Lakes	http://rdf.freebase.com/ns/common.topic.image	Image	http://rdf.freebase.com/ns/m.0h07rsg	entity	Kawartha Lakes city hall
http://rdf.freebase.com/ns/m.02294_	Kawartha Lakes	http://rdf.freebase.com/ns/common.topic.notable_for	Notable for	City/Town/Village	http://www.w3.org/1999/02/22-rdf-syntax-ns#langString	
http://rdf.freebase.com/ns/m.02294_	Kawartha Lakes	http://rdf.freebase.com/ns/common.topic.notable_types	Notable types	http://rdf.freebase.com/ns/m.01m9	entity	City/Town/Village
http://rdf.freebase.com/ns/m.02294_	Kawartha Lakes	http://rdf.freebase.com/ns/common.topic.official_website	Official website	http://www.city.kawarthalakes.on.ca/	uri	null
http://rdf.freebase.com/ns/m.02294_	Kawartha Lakes	http://rdf.freebase.com/ns/common.topic.topic_equivalent_webpage	Topic equivalent webpage	http://de.wikipedia.org/wiki/Kawartha_Lakes_(Ontario)	uri	null
http://rdf.freebase.com/ns/m.02294_	Kawartha Lakes	http://rdf.freebase.com/ns/common.topic.topic_equivalent_webpage	Topic equivalent webpage	http://de.wikipedia.org/wiki/index.html?curid=1775566	uri	null
http://rdf.freebase.com/ns/m.02294_	Kawartha Lakes	http://rdf.freebase.com/ns/common.topic.topic_equivalent_webpage	Topic equivalent webpage	http://en.wikipedia.org/wiki/Kawartha_Lakes	uri	null
http://rdf.freebase.com/ns/m.02294_	Kawartha Lakes	http://rdf.freebase.com/ns/common.topic.topic_equivalent_webpage	Topic equivalent webpage	http://en.wikipedia.org/wiki/index.html?curid=386793	uri	null
http://rdf.freebase.com/ns/m.02294_	Kawartha Lakes	http://rdf.freebase.com/ns/common.topic.topic_equivalent_webpage	Topic equivalent webpage	http://fi.wikipedia.org/wiki/Kawartha_Lakes	uri	null
http://rdf.freebase.com/ns/m.02294_	Kawartha Lakes	http://rdf.freebase.com/ns/common.topic.topic_equivalent_webpage	Topic equivalent webpage	http://fi.wikipedia.org/wiki/index.html?curid=766516	uri	null
http://rdf.freebase.com/ns/m.02294_	Kawartha Lakes	http://rdf.freebase.com/ns/common.topic.topic_equivalent_webpage	Topic equivalent webpage	http://fr.wikipedia.org/wiki/Kawartha_Lakes	uri	null
http://rdf.freebase.com/ns/m.02294_	Kawartha Lakes	http://rdf.freebase.com/ns/common.topic.topic_equivalent_webpage	Topic equivalent webpage	http://fr.wikipedia.org/wiki/index.html?curid=2711412	uri	null
http://rdf.freebase.com/ns/m.02294_	Kawartha Lakes	http://rdf.freebase.com/ns/common.topic.topic_equivalent_webpage	Topic equivalent webpage	http://ja.wikipedia.org/wiki/%AB%EF%FC%B5%EC%A4%AF%B9	uri	null
http://rdf.freebase.com/ns/m.02294_	Kawartha Lakes	http://rdf.freebase.com/ns/common.topic.topic_equivalent_webpage	Topic equivalent webpage	http://ja.wikipedia.org/wiki/index.html?curid=909100	uri	null
http://rdf.freebase.com/ns/m.02294_	Kawartha Lakes	http://rdf.freebase.com/ns/common.topic.topic_equivalent_webpage	Topic equivalent webpage	http://pl.wikipedia.org/wiki/Kawartha_Lakes	uri	null
http://rdf.freebase.com/ns/m.02294_	Kawartha Lakes	http://rdf.freebase.com/ns/common.topic.topic_equivalent_webpage	Topic equivalent webpage	http://pl.wikipedia.org/wiki/index.html?curid=380954	uri	null
http://rdf.freebase.com/ns/m.02294_	Kawartha Lakes	http://rdf.freebase.com/ns/common.topic.topic_equivalent_webpage	Topic equivalent webpage	http://pt.wikipedia.org/wiki/Kawartha_Lakes	uri	null
http://rdf.freebase.com/ns/m.02294_	Kawartha Lakes	http://rdf.freebase.com/ns/common.topic.topic_equivalent_webpage	Topic equivalent webpage	http://pt.wikipedia.org/wiki/index.html?curid=92072	uri	null
http://rdf.freebase.com/ns/m.02294_	Kawartha Lakes	http://rdf.freebase.com/ns/common.topic.topic_equivalent_webpage	Topic equivalent webpage	http://sr.wikipedia.org/wiki/%1A%30%32%3E%40%42%30_%1B%35%58%3A%41_(%1E%3D%42%30%40%38%3E)	uri	null
http://rdf.freebase.com/ns/m.02294_	Kawartha Lakes	http://rdf.freebase.com/ns/common.topic.topic_equivalent_webpage	Topic equivalent webpage	http://sr.wikipedia.org/wiki/index.html?curid=640185	uri	null
http://rdf.freebase.com/ns/m.02294_	Kawartha Lakes	http://rdf.freebase.com/ns/common.topic.topic_equivalent_webpage	Topic equivalent webpage	http://tl.wikipedia.org/wiki/Kawartha_Lakes,_Ontario	uri	null
http://rdf.freebase.com/ns/m.02294_	Kawartha Lakes	http://rdf.freebase.com/ns/common.topic.topic_equivalent_webpage	Topic equivalent webpage	http://tl.wikipedia.org/wiki/index.html?curid=37895	uri	null
http://rdf.freebase.com/ns/m.02294_	Kawartha Lakes	http://rdf.freebase.com/ns/common.topic.topic_equivalent_webpage	Topic equivalent webpage	http://uk.wikipedia.org/wiki/%1A%30%32%30%40%42%30-%1B%35%39%3A%41	uri	null
http://rdf.freebase.com/ns/m.02294_	Kawartha Lakes	http://rdf.freebase.com/ns/common.topic.topic_equivalent_webpage	Topic equivalent webpage	http://uk.wikipedia.org/wiki/index.html?curid=1566162	uri	null
http://rdf.freebase.com/ns/m.02294_	Kawartha Lakes	http://rdf.freebase.com/ns/common.topic.topic_equivalent_webpage	Topic equivalent webpage	http://zh.wikipedia.org/wiki/index.html?curid=3842279	uri	null
http://rdf.freebase.com/ns/m.02294_	Kawartha Lakes	http://rdf.freebase.com/ns/common.topic.topic_equivalent_webpage	Topic equivalent webpage	http://zh.wikipedia.org/zh-cn/%61%83%A9%56%02	uri	null
http://rdf.freebase.com/ns/m.02294_	Kawartha Lakes	http://rdf.freebase.com/ns/common.topic.topic_equivalent_webpage	Topic equivalent webpage	http://zh.wikipedia.org/zh-tw/%61%83%A9%56%02	uri	null
http://rdf.freebase.com/ns/m.02294_	Kawartha Lakes	http://rdf.freebase.com/ns/common.topic.webpage	Web Link(s)	http://rdf.freebase.com/ns/m.03lgplc	uri	null
http://rdf.freebase.com/ns/m.02294_	Kawartha Lakes	http://rdf.freebase.com/ns/kg.object_profile.prominent_type	prominent type	http://rdf.freebase.com/ns/location.citytown	entity	City/Town/Village
http://rdf.freebase.com/ns/m.02294_	Kawartha Lakes	http://rdf.freebase.com/ns/location.administrative_division.second_level_division_of	Second level division of	http://rdf.freebase.com/ns/m.0d060g	entity	Canada
http://rdf.freebase.com/ns/m.02294_	Kawartha Lakes	http://rdf.freebase.com/ns/location.location.adjoin_s	Adjoins	http://rdf.freebase.com/ns/m.07m1dp6	entity	Scugog
http://rdf.freebase.com/ns/m.02294_	Kawartha Lakes	http://rdf.freebase.com/ns/location.location.area	Area	3059.22	http://www.w3.org/2001/XMLSchema#string	
http://rdf.freebase.com/ns/m.02294_	Kawartha Lakes	http://rdf.freebase.com/ns/location.location.containedby	Contained by	http://rdf.freebase.com/ns/m.05kr_	entity	Ontario
http://rdf.freebase.com/ns/m.02294_	Kawartha Lakes	http://rdf.freebase.com/ns/location.location.containedby	Contained by	http://rdf.freebase.com/ns/m.0d060g	entity	Canada
http://rdf.freebase.com/ns/m.02294_	Kawartha Lakes	http://rdf.freebase.com/ns/location.location.contains	Contains	http://rdf.freebase.com/ns/m.018glj	entity	Lindsay
http://rdf.freebase.com/ns/m.02294_	Kawartha Lakes	http://rdf.freebase.com/ns/location.location.contains	Contains	http://rdf.freebase.com/ns/m.02p2hvd	entity	Cameron, Ontario
http://rdf.freebase.com/ns/m.02294_	Kawartha Lakes	http://rdf.freebase.com/ns/location.location.contains	Contains	http://rdf.freebase.com/ns/m.04lfn1	entity	Sturgeon Lake
http://rdf.freebase.com/ns/m.02294_	Kawartha Lakes	http://rdf.freebase.com/ns/location.location.contains	Contains	http://rdf.freebase.com/ns/m.04n5jv4	entity	Head Lake
http://rdf.freebase.com/ns/m.02294_	Kawartha Lakes	http://rdf.freebase.com/ns/location.location.contains	Contains	http://rdf.freebase.com/ns/m.050r66	entity	Bobcaygeon
http://rdf.freebase.com/ns/m.02294_	Kawartha Lakes	http://rdf.freebase.com/ns/location.location.events	Events	http://rdf.freebase.com/ns/m.0g9ts4s	entity	Kawartha Lakes municipal election, 2000
http://rdf.freebase.com/ns/m.02294_	Kawartha Lakes	http://rdf.freebase.com/ns/location.location.people_born_here	People born here	http://rdf.freebase.com/ns/m.05p9y6v	entity	Richard Coe Henders
http://rdf.freebase.com/ns/m.02294_	Kawartha Lakes	http://rdf.freebase.com/ns/location.location.people_born_here	People born here	http://rdf.freebase.com/ns/m.06lxkw	entity	Len Hopkins
http://rdf.freebase.com/ns/m.02294_	Kawartha Lakes	http://rdf.freebase.com/ns/location.location.people_born_here	People born here	http://rdf.freebase.com/ns/m.0gtw7ky	entity	Conor McCann
http://rdf.freebase.com/ns/m.02294_	Kawartha Lakes	http://rdf.freebase.com/ns/location.location.people_born_here	People born here	http://rdf.freebase.com/ns/m.0sxcfcd	entity	Marc Cantin
http://rdf.freebase.com/ns/m.02294_	Kawartha Lakes	http://rdf.freebase.com/ns/location.location.people_born_here	People born here	http://rdf.freebase.com/ns/m.0zp3mjk	entity	Ben Morgan
http://rdf.freebase.com/ns/m.02294_	Kawartha Lakes	http://rdf.freebase.com/ns/location.location.time_zones	Time zone(s)	http://rdf.freebase.com/ns/m.02hcv8	entity	Eastern Time Zone
http://rdf.freebase.com/ns/m.02294_	Kawartha Lakes	http://rdf.freebase.com/ns/location.statistical_region.population	Population	73214	http://www.w3.org/2001/XMLSchema#string	
http://rdf.freebase.com/ns/m.02294_	Kawartha Lakes	http://rdf.freebase.com/ns/location.statistical_region.population	Population	74561	http://www.w3.org/2001/XMLSchema#string	
http://rdf.freebase.com/ns/m.02294_	Kawartha Lakes	http://rdf.freebase.com/ns/topic_server.population_number	population number	73214	http://www.w3.org/2001/XMLSchema#string	
http://rdf.freebase.com/ns/m.02294_	Kawartha Lakes	http://rdf.freebase.com/ns/type.object.key	Key	/authority/daylife/topic/0afz5aDgRna8o	http://www.w3.org/2001/XMLSchema#string	
http://rdf.freebase.com/ns/m.02294_	Kawartha Lakes	http://rdf.freebase.com/ns/type.object.key	Key	/en/kawartha_lakes_ontario	http://www.w3.org/2001/XMLSchema#string	
http://rdf.freebase.com/ns/m.02294_	Kawartha Lakes	http://rdf.freebase.com/ns/type.object.key	Key	/wikipedia/de/City_of_Kawartha_Lakes	http://www.w3.org/2001/XMLSchema#string	
http://rdf.freebase.com/ns/m.02294_	Kawartha Lakes	http://rdf.freebase.com/ns/type.object.key	Key	/wikipedia/de/Kawartha_Lakes_(Ontario)	http://www.w3.org/2001/XMLSchema#string	
http://rdf.freebase.com/ns/m.02294_	Kawartha Lakes	http://rdf.freebase.com/ns/type.object.key	Key	/wikipedia/de_id/1775566	http://www.w3.org/2001/XMLSchema#string	
http://rdf.freebase.com/ns/m.02294_	Kawartha Lakes	http://rdf.freebase.com/ns/type.object.key	Key	/wikipedia/de_title/Kawartha_Lakes_(Ontario)	http://www.w3.org/2001/XMLSchema#string	
http://rdf.freebase.com/ns/m.02294_	Kawartha Lakes	http://rdf.freebase.com/ns/type.object.key	Key	/wikipedia/en/Argyle,_Ontario	http://www.w3.org/2001/XMLSchema#string	
http://rdf.freebase.com/ns/m.02294_	Kawartha Lakes	http://rdf.freebase.com/ns/type.object.key	Key	/wikipedia/en/Avery_Point,_Ontario	http://www.w3.org/2001/XMLSchema#string	
http://rdf.freebase.com/ns/m.02294_	Kawartha Lakes	http://rdf.freebase.com/ns/type.object.key	Key	/wikipedia/en/Baddow,_Ontario	http://www.w3.org/2001/XMLSchema#string	
http://rdf.freebase.com/ns/m.02294_	Kawartha Lakes	http://rdf.freebase.com/ns/type.object.key	Key	/wikipedia/en/Baker_Trail,_Ontario	http://www.w3.org/2001/XMLSchema#string	
http://rdf.freebase.com/ns/m.02294_	Kawartha Lakes	http://rdf.freebase.com/ns/type.object.key	Key	/wikipedia/en/Bellevue,_Ontario	http://www.w3.org/2001/XMLSchema#string	
http://rdf.freebase.com/ns/m.02294_	Kawartha Lakes	http://rdf.freebase.com/ns/type.object.key	Key	/wikipedia/en/Bethel,_Kawartha_Lakes,_Ontario	http://www.w3.org/2001/XMLSchema#string	
http://rdf.freebase.com/ns/m.02294_	Kawartha Lakes	http://rdf.freebase.com/ns/type.object.key	Key	/wikipedia/en/Birch_Point,_Ontario	http://www.w3.org/2001/XMLSchema#string	
http://rdf.freebase.com/ns/m.02294_	Kawartha Lakes	http://rdf.freebase.com/ns/type.object.key	Key	/wikipedia/en/Bury's_Green,_Ontario	http://www.w3.org/2001/XMLSchema#string	
http://rdf.freebase.com/ns/m.02294_	Kawartha Lakes	http://rdf.freebase.com/ns/type.object.key	Key	/wikipedia/en/Camp_Kagawong,_Ontario	http://www.w3.org/2001/XMLSchema#string	
http://rdf.freebase.com/ns/m.02294_	Kawartha Lakes	http://rdf.freebase.com/ns/type.object.key	Key	/wikipedia/en/Campbells_Beach,_Ontario	http://www.w3.org/2001/XMLSchema#string	
http://rdf.freebase.com/ns/m.02294_	Kawartha Lakes	http://rdf.freebase.com/ns/type.object.key	Key	/wikipedia/en/City_Kawartha_Lakes,_Ontario	http://www.w3.org/2001/XMLSchema#string	
http://rdf.freebase.com/ns/m.02294_	Kawartha Lakes	http://rdf.freebase.com/ns/type.object.key	Key	/wikipedia/en/City_of_Kawartha_Lakes	http://www.w3.org/2001/XMLSchema#string	
http://rdf.freebase.com/ns/m.02294_	Kawartha Lakes	http://rdf.freebase.com/ns/type.object.key	Key	/wikipedia/en/City_of_Kawartha_Lakes,_Ontario	http://www.w3.org/2001/XMLSchema#string	
http://rdf.freebase.com/ns/m.02294_	Kawartha Lakes	http://rdf.freebase.com/ns/type.object.key	Key	/wikipedia/en/Corson's_Siding,_Ontario	http://www.w3.org/2001/XMLSchema#string	
http://rdf.freebase.com/ns/m.02294_	Kawartha Lakes	http://rdf.freebase.com/ns/type.object.key	Key	/wikipedia/en/Cowan's_Bay,_Ontario	http://www.w3.org/2001/XMLSchema#string	
http://rdf.freebase.com/ns/m.02294_	Kawartha Lakes	http://rdf.freebase.com/ns/type.object.key	Key	/wikipedia/en/Crawfords_Beach,_Ontario	http://www.w3.org/2001/XMLSchema#string	
http://rdf.freebase.com/ns/m.02294_	Kawartha Lakes	http://rdf.freebase.com/ns/type.object.key	Key	/wikipedia/en/Cresswell,_Ontario	http://www.w3.org/2001/XMLSchema#string	
http://rdf.freebase.com/ns/m.02294_	Kawartha Lakes	http://rdf.freebase.com/ns/type.object.key	Key	/wikipedia/en/Crosshill,_Kawartha_Lakes,_Ontario	http://www.w3.org/2001/XMLSchema#string	
http://rdf.freebase.com/ns/m.02294_	Kawartha Lakes	http://rdf.freebase.com/ns/type.object.key	Key	/wikipedia/en/Cunningham's_Corners,_Ontario	http://www.w3.org/2001/XMLSchema#string	
http://rdf.freebase.com/ns/m.02294_	Kawartha Lakes	http://rdf.freebase.com/ns/type.object.key	Key	/wikipedia/en/Daytonia_Beach,_Ontario	http://www.w3.org/2001/XMLSchema#string	
http://rdf.freebase.com/ns/m.02294_	Kawartha Lakes	http://rdf.freebase.com/ns/type.object.key	Key	/wikipedia/en/Downeyville,_Ontario	http://www.w3.org/2001/XMLSchema#string	
http://rdf.freebase.com/ns/m.02294_	Kawartha Lakes	http://rdf.freebase.com/ns/type.object.key	Key	/wikipedia/en/East_Emily,_Ontario	http://www.w3.org/2001/XMLSchema#string	
http://rdf.freebase.com/ns/m.02294_	Kawartha Lakes	http://rdf.freebase.com/ns/type.object.key	Key	/wikipedia/en/Fairburn_Corner,_Ontario	http://www.w3.org/2001/XMLSchema#string	
http://rdf.freebase.com/ns/m.02294_	Kawartha Lakes	http://rdf.freebase.com/ns/type.object.key	Key	/wikipedia/en/Fee's_Landing,_Ontario	http://www.w3.org/2001/XMLSchema#string	
http://rdf.freebase.com/ns/m.02294_	Kawartha Lakes	http://rdf.freebase.com/ns/type.object.key	Key	/wikipedia/en/Feir_Mill,_Ontario	http://www.w3.org/2001/XMLSchema#string	
http://rdf.freebase.com/ns/m.02294_	Kawartha Lakes	http://rdf.freebase.com/ns/type.object.key	Key	/wikipedia/en/Fell_Station,_Ontario	http://www.w3.org/2001/XMLSchema#string	
http://rdf.freebase.com/ns/m.02294_	Kawartha Lakes	http://rdf.freebase.com/ns/type.object.key	Key	/wikipedia/en/Fingerboard,_Ontario	http://www.w3.org/2001/XMLSchema#string	
http://rdf.freebase.com/ns/m.02294_	Kawartha Lakes	http://rdf.freebase.com/ns/type.object.key	Key	/wikipedia/en/Fleetwood_Station,_Ontario	http://www.w3.org/2001/XMLSchema#string	
http://rdf.freebase.com/ns/m.02294_	Kawartha Lakes	http://rdf.freebase.com/ns/type.object.key	Key	/wikipedia/en/Fox's_Corners,_Ontario	http://www.w3.org/2001/XMLSchema#string	
http://rdf.freebase.com/ns/m.02294_	Kawartha Lakes	http://rdf.freebase.com/ns/type.object.key	Key	/wikipedia/en/Frank_Hill,_Ontario	http://www.w3.org/2001/XMLSchema#string	
http://rdf.freebase.com/ns/m.02294_	Kawartha Lakes	http://rdf.freebase.com/ns/type.object.key	Key	/wikipedia/en/Gilsons_Point,_Ontario	http://www.w3.org/2001/XMLSchema#string	
http://rdf.freebase.com/ns/m.02294_	Kawartha Lakes	http://rdf.freebase.com/ns/type.object.key	Key	/wikipedia/en/Glamorgan,_Ontario	http://www.w3.org/2001/XMLSchema#string	
http://rdf.freebase.com/ns/m.02294_	Kawartha Lakes	http://rdf.freebase.com/ns/type.object.key	Key	/wikipedia/en/Glandine,_Ontario	http://www.w3.org/2001/XMLSchema#string	
http://rdf.freebase.com/ns/m.02294_	Kawartha Lakes	http://rdf.freebase.com/ns/type.object.key	Key	/wikipedia/en/Glenway_Village,_Ontario	http://www.w3.org/2001/XMLSchema#string	
http://rdf.freebase.com/ns/m.02294_	Kawartha Lakes	http://rdf.freebase.com/ns/type.object.key	Key	/wikipedia/en/Grasshill,_Ontario	http://www.w3.org/2001/XMLSchema#string	
http://rdf.freebase.com/ns/m.02294_	Kawartha Lakes	http://rdf.freebase.com/ns/type.object.key	Key	/wikipedia/en/Hartley,_Ontario	http://www.w3.org/2001/XMLSchema#string	
http://rdf.freebase.com/ns/m.02294_	Kawartha Lakes	http://rdf.freebase.com/ns/type.object.key	Key	/wikipedia/en/Hickory_Beach,_Kawartha_Lakes,_Ontario	http://www.w3.org/2001/XMLSchema#string	
http://rdf.freebase.com/ns/m.02294_	Kawartha Lakes	http://rdf.freebase.com/ns/type.object.key	Key	/wikipedia/en/Hillhead_Corners,_Ontario	http://www.w3.org/2001/XMLSchema#string	
http://rdf.freebase.com/ns/m.02294_	Kawartha Lakes	http://rdf.freebase.com/ns/type.object.key	Key	/wikipedia/en/Horncastle,_Ontario	http://www.w3.org/2001/XMLSchema#string	
http://rdf.freebase.com/ns/m.02294_	Kawartha Lakes	http://rdf.freebase.com/ns/type.object.key	Key	/wikipedia/en/Horncastle_(hamlet)	http://www.w3.org/2001/XMLSchema#string	
http://rdf.freebase.com/ns/m.02294_	Kawartha Lakes	http://rdf.freebase.com/ns/type.object.key	Key	/wikipedia/en/Hukish,_Ontario	http://www.w3.org/2001/XMLSchema#string	
http://rdf.freebase.com/ns/m.02294_	Kawartha Lakes	http://rdf.freebase.com/ns/type.object.key	Key	/wikipedia/en/Isaacs_Glen,_Ontario	http://www.w3.org/2001/XMLSchema#string	
http://rdf.freebase.com/ns/m.02294_	Kawartha Lakes	http://rdf.freebase.com/ns/type.object.key	Key	/wikipedia/en/Islay,_Ontario	http://www.w3.org/2001/XMLSchema#string	
http://rdf.freebase.com/ns/m.02294_	Kawartha Lakes	http://rdf.freebase.com/ns/type.object.key	Key	/wikipedia/en/Janetville,_Ontario	http://www.w3.org/2001/XMLSchema#string	
http://rdf.freebase.com/ns/m.02294_	Kawartha Lakes	http://rdf.freebase.com/ns/type.object.key	Key	/wikipedia/en/Joyvista_Estates,_Ontario	http://www.w3.org/2001/XMLSchema#string	
http://rdf.freebase.com/ns/m.02294_	Kawartha Lakes	http://rdf.freebase.com/ns/type.object.key	Key	/wikipedia/en/Kawartha_Lakes	http://www.w3.org/2001/XMLSchema#string	
http://rdf.freebase.com/ns/m.02294_	Kawartha Lakes	http://rdf.freebase.com/ns/type.object.key	Key	/wikipedia/en/Kawartha_Lakes,_ON	http://www.w3.org/2001/XMLSchema#string	
http://rdf.freebase.com/ns/m.02294_	Kawartha Lakes	http://rdf.freebase.com/ns/type.object.key	Key	/wikipedia/en/Kawartha_Lakes,_Ontario	http://www.w3.org/2001/XMLSchema#string	
http://rdf.freebase.com/ns/m.02294_	Kawartha Lakes	http://rdf.freebase.com/ns/type.object.key	Key	/wikipedia/en/Kenedon_Park,_Ontario	http://www.w3.org/2001/XMLSchema#string	
http://rdf.freebase.com/ns/m.02294_	Kawartha Lakes	http://rdf.freebase.com/ns/type.object.key	Key	/wikipedia/en/Kenrei_Park,_Ontario	http://www.w3.org/2001/XMLSchema#string	
http://rdf.freebase.com/ns/m.02294_	Kawartha Lakes	http://rdf.freebase.com/ns/type.object.key	Key	/wikipedia/en/Kenstone_Beach,_Ontario	http://www.w3.org/2001/XMLSchema#string	
http://rdf.freebase.com/ns/m.02294_	Kawartha Lakes	http://rdf.freebase.com/ns/type.object.key	Key	/wikipedia/en/Keystone_Beach,_Ontario	http://www.w3.org/2001/XMLSchema#string	
http://rdf.freebase.com/ns/m.02294_	Kawartha Lakes	http://rdf.freebase.com/ns/type.object.key	Key	/wikipedia/en/King's_Wharf,_Ontario	http://www.w3.org/2001/XMLSchema#string	
http://rdf.freebase.com/ns/m.02294_	Kawartha Lakes	http://rdf.freebase.com/ns/type.object.key	Key	/wikipedia/en/Lake_Dalrymple,_Ontario	http://www.w3.org/2001/XMLSchema#string	
http://rdf.freebase.com/ns/m.02294_	Kawartha Lakes	http://rdf.freebase.com/ns/type.object.key	Key	/wikipedia/en/Lancaster_Bay,_Ontario	http://www.w3.org/2001/XMLSchema#string	
http://rdf.freebase.com/ns/m.02294_	Kawartha Lakes	http://rdf.freebase.com/ns/type.object.key	Key	/wikipedia/en/Linden_Valley,_Ontario	http://www.w3.org/2001/XMLSchema#string	
http://rdf.freebase.com/ns/m.02294_	Kawartha Lakes	http://rdf.freebase.com/ns/type.object.key	Key	/wikipedia/en/Long_Point,_Kawartha_Lakes,_Ontario	http://www.w3.org/2001/XMLSchema#string	
http://rdf.freebase.com/ns/m.02294_	Kawartha Lakes	http://rdf.freebase.com/ns/type.object.key	Key	/wikipedia/en/MacKenzie_Point,_Ontario	http://www.w3.org/2001/XMLSchema#string	
http://rdf.freebase.com/ns/m.02294_	Kawartha Lakes	http://rdf.freebase.com/ns/type.object.key	Key	/wikipedia/en/Mallards_Bay,_Ontario	http://www.w3.org/2001/XMLSchema#string	
http://rdf.freebase.com/ns/m.02294_	Kawartha Lakes	http://rdf.freebase.com/ns/type.object.key	Key	/wikipedia/en/McCrackin's_Beach,_Ontario	http://www.w3.org/2001/XMLSchema#string	
http://rdf.freebase.com/ns/m.02294_	Kawartha Lakes	http://rdf.freebase.com/ns/type.object.key	Key	/wikipedia/en/McGuire_Beach,_Ontario	http://www.w3.org/2001/XMLSchema#string	
http://rdf.freebase.com/ns/m.02294_	Kawartha Lakes	http://rdf.freebase.com/ns/type.object.key	Key	/wikipedia/en/Mount_Horeb,_Ontario	http://www.w3.org/2001/XMLSchema#string	
http://rdf.freebase.com/ns/m.02294_	Kawartha Lakes	http://rdf.freebase.com/ns/type.object.key	Key	/wikipedia/en/Newmans_Beach,_Ontario	http://www.w3.org/2001/XMLSchema#string	
http://rdf.freebase.com/ns/m.02294_	Kawartha Lakes	http://rdf.freebase.com/ns/type.object.key	Key	/wikipedia/en/O'Donnell_Landing,_Ontario	http://www.w3.org/2001/XMLSchema#string	
http://rdf.freebase.com/ns/m.02294_	Kawartha Lakes	http://rdf.freebase.com/ns/type.object.key	Key	/wikipedia/en/Oak_Hill,_Ontario	http://www.w3.org/2001/XMLSchema#string	
http://rdf.freebase.com/ns/m.02294_	Kawartha Lakes	http://rdf.freebase.com/ns/type.object.key	Key	/wikipedia/en/Oakdene_Point,_Ontario	http://www.w3.org/2001/XMLSchema#string	
http://rdf.freebase.com/ns/m.02294_	Kawartha Lakes	http://rdf.freebase.com/ns/type.object.key	Key	/wikipedia/en/Orange_Corners,_Ontario	http://www.w3.org/2001/XMLSchema#string	
http://rdf.freebase.com/ns/m.02294_	Kawartha Lakes	http://rdf.freebase.com/ns/type.object.key	Key	/wikipedia/en/Palestine,_Ontario	http://www.w3.org/2001/XMLSchema#string	
http://rdf.freebase.com/ns/m.02294_	Kawartha Lakes	http://rdf.freebase.com/ns/type.object.key	Key	/wikipedia/en/Pickerel_Point,_Ontario	http://www.w3.org/2001/XMLSchema#string	
http://rdf.freebase.com/ns/m.02294_	Kawartha Lakes	http://rdf.freebase.com/ns/type.object.key	Key	/wikipedia/en/Pleasant_Point,_Ontario	http://www.w3.org/2001/XMLSchema#string	
http://rdf.freebase.com/ns/m.02294_	Kawartha Lakes	http://rdf.freebase.com/ns/type.object.key	Key	/wikipedia/en/Port_Hoover,_Ontario	http://www.w3.org/2001/XMLSchema#string	
http://rdf.freebase.com/ns/m.02294_	Kawartha Lakes	http://rdf.freebase.com/ns/type.object.key	Key	/wikipedia/en/Powles_Corners,_Ontario	http://www.w3.org/2001/XMLSchema#string	
http://rdf.freebase.com/ns/m.02294_	Kawartha Lakes	http://rdf.freebase.com/ns/type.object.key	Key	/wikipedia/en/Reaboro,_Ontario	http://www.w3.org/2001/XMLSchema#string	
http://rdf.freebase.com/ns/m.02294_	Kawartha Lakes	http://rdf.freebase.com/ns/type.object.key	Key	/wikipedia/en/Red_Cap_Beach,_Ontario	http://www.w3.org/2001/XMLSchema#string	
http://rdf.freebase.com/ns/m.02294_	Kawartha Lakes	http://rdf.freebase.com/ns/type.object.key	Key	/wikipedia/en/Rohallion,_Ontario	http://www.w3.org/2001/XMLSchema#string	
http://rdf.freebase.com/ns/m.02294_	Kawartha Lakes	http://rdf.freebase.com/ns/type.object.key	Key	/wikipedia/en/Sandy_Point,_Ontario	http://www.w3.org/2001/XMLSchema#string	
http://rdf.freebase.com/ns/m.02294_	Kawartha Lakes	http://rdf.freebase.com/ns/type.object.key	Key	/wikipedia/en/Silver_Lake_Ontario	http://www.w3.org/2001/XMLSchema#string	
http://rdf.freebase.com/ns/m.02294_	Kawartha Lakes	http://rdf.freebase.com/ns/type.object.key	Key	/wikipedia/en/Southview_Estates,_Ontario	http://www.w3.org/2001/XMLSchema#string	
http://rdf.freebase.com/ns/m.02294_	Kawartha Lakes	http://rdf.freebase.com/ns/type.object.key	Key	/wikipedia/en/Sullivan's_Bay,_Ontario	http://www.w3.org/2001/XMLSchema#string	
http://rdf.freebase.com/ns/m.02294_	Kawartha Lakes	http://rdf.freebase.com/ns/type.object.key	Key	/wikipedia/en/Sylvan_Glen_Beach,_Ontario	http://www.w3.org/2001/XMLSchema#string	
http://rdf.freebase.com/ns/m.02294_	Kawartha Lakes	http://rdf.freebase.com/ns/type.object.key	Key	/wikipedia/en/Taylor's_Corners,_Ontario	http://www.w3.org/2001/XMLSchema#string	
http://rdf.freebase.com/ns/m.02294_	Kawartha Lakes	http://rdf.freebase.com/ns/type.object.key	Key	/wikipedia/en/Tracey's_Hill,_Ontario	http://www.w3.org/2001/XMLSchema#string	
http://rdf.freebase.com/ns/m.02294_	Kawartha Lakes	http://rdf.freebase.com/ns/type.object.key	Key	/wikipedia/en/Union_Creek,_Ontario	http://www.w3.org/2001/XMLSchema#string	
http://rdf.freebase.com/ns/m.02294_	Kawartha Lakes	http://rdf.freebase.com/ns/type.object.key	Key	/wikipedia/en/Victoria_Place,_Ontario	http://www.w3.org/2001/XMLSchema#string	
http://rdf.freebase.com/ns/m.02294_	Kawartha Lakes	http://rdf.freebase.com/ns/type.object.key	Key	/wikipedia/en/Washburn_Island,_Ontario	http://www.w3.org/2001/XMLSchema#string	
http://rdf.freebase.com/ns/m.02294_	Kawartha Lakes	http://rdf.freebase.com/ns/type.object.key	Key	/wikipedia/en/Watson's_Siding,_Ontario	http://www.w3.org/2001/XMLSchema#string	
http://rdf.freebase.com/ns/m.02294_	Kawartha Lakes	http://rdf.freebase.com/ns/type.object.key	Key	/wikipedia/en/Woodville,_ON	http://www.w3.org/2001/XMLSchema#string	
http://rdf.freebase.com/ns/m.02294_	Kawartha Lakes	http://rdf.freebase.com/ns/type.object.key	Key	/wikipedia/en/Woodville_ontario	http://www.w3.org/2001/XMLSchema#string	
http://rdf.freebase.com/ns/m.02294_	Kawartha Lakes	http://rdf.freebase.com/ns/type.object.key	Key	/wikipedia/en/Yelverton,_Ontario	http://www.w3.org/2001/XMLSchema#string	
http://rdf.freebase.com/ns/m.02294_	Kawartha Lakes	http://rdf.freebase.com/ns/type.object.key	Key	/wikipedia/en/Zion,_Kawartha_Lakes,_Ontario	http://www.w3.org/2001/XMLSchema#string	
http://rdf.freebase.com/ns/m.02294_	Kawartha Lakes	http://rdf.freebase.com/ns/type.object.key	Key	/wikipedia/en_id/386793	http://www.w3.org/2001/XMLSchema#string	
http://rdf.freebase.com/ns/m.02294_	Kawartha Lakes	http://rdf.freebase.com/ns/type.object.key	Key	/wikipedia/en_title/Kawartha_Lakes	http://www.w3.org/2001/XMLSchema#string	
http://rdf.freebase.com/ns/m.02294_	Kawartha Lakes	http://rdf.freebase.com/ns/type.object.key	Key	/wikipedia/fi/Kawartha_Lakes	http://www.w3.org/2001/XMLSchema#string	
http://rdf.freebase.com/ns/m.02294_	Kawartha Lakes	http://rdf.freebase.com/ns/type.object.key	Key	/wikipedia/fi_id/766516	http://www.w3.org/2001/XMLSchema#string	
http://rdf.freebase.com/ns/m.02294_	Kawartha Lakes	http://rdf.freebase.com/ns/type.object.key	Key	/wikipedia/fi_title/Kawartha_Lakes	http://www.w3.org/2001/XMLSchema#string	
http://rdf.freebase.com/ns/m.02294_	Kawartha Lakes	http://rdf.freebase.com/ns/type.object.key	Key	/wikipedia/fr/Kawartha_Lakes	http://www.w3.org/2001/XMLSchema#string	
http://rdf.freebase.com/ns/m.02294_	Kawartha Lakes	http://rdf.freebase.com/ns/type.object.key	Key	/wikipedia/fr_id/2711412	http://www.w3.org/2001/XMLSchema#string	
http://rdf.freebase.com/ns/m.02294_	Kawartha Lakes	http://rdf.freebase.com/ns/type.object.key	Key	/wikipedia/fr_title/Kawartha_Lakes	http://www.w3.org/2001/XMLSchema#string	
http://rdf.freebase.com/ns/m.02294_	Kawartha Lakes	http://rdf.freebase.com/ns/type.object.key	Key	/wikipedia/ja/カワーサレイクス	http://www.w3.org/2001/XMLSchema#string	
http://rdf.freebase.com/ns/m.02294_	Kawartha Lakes	http://rdf.freebase.com/ns/type.object.key	Key	/wikipedia/ja_id/909100	http://www.w3.org/2001/XMLSchema#string	
http://rdf.freebase.com/ns/m.02294_	Kawartha Lakes	http://rdf.freebase.com/ns/type.object.key	Key	/wikipedia/ja_title/カワーサレイクス	http://www.w3.org/2001/XMLSchema#string	
http://rdf.freebase.com/ns/m.02294_	Kawartha Lakes	http://rdf.freebase.com/ns/type.object.key	Key	/wikipedia/pl/Kawartha_Lakes	http://www.w3.org/2001/XMLSchema#string	
http://rdf.freebase.com/ns/m.02294_	Kawartha Lakes	http://rdf.freebase.com/ns/type.object.key	Key	/wikipedia/pl_id/380954	http://www.w3.org/2001/XMLSchema#string	
http://rdf.freebase.com/ns/m.02294_	Kawartha Lakes	http://rdf.freebase.com/ns/type.object.key	Key	/wikipedia/pl_title/Kawartha_Lakes	http://www.w3.org/2001/XMLSchema#string	
http://rdf.freebase.com/ns/m.02294_	Kawartha Lakes	http://rdf.freebase.com/ns/type.object.key	Key	/wikipedia/pt/Kawartha_Lakes	http://www.w3.org/2001/XMLSchema#string	
http://rdf.freebase.com/ns/m.02294_	Kawartha Lakes	http://rdf.freebase.com/ns/type.object.key	Key	/wikipedia/pt/Kawartha_lakes	http://www.w3.org/2001/XMLSchema#string	
http://rdf.freebase.com/ns/m.02294_	Kawartha Lakes	http://rdf.freebase.com/ns/type.object.key	Key	/wikipedia/pt_id/92072	http://www.w3.org/2001/XMLSchema#string	
http://rdf.freebase.com/ns/m.02294_	Kawartha Lakes	http://rdf.freebase.com/ns/type.object.key	Key	/wikipedia/pt_title/Kawartha_Lakes	http://www.w3.org/2001/XMLSchema#string	
http://rdf.freebase.com/ns/m.02294_	Kawartha Lakes	http://rdf.freebase.com/ns/type.object.key	Key	/wikipedia/sr/Kawartha_Lakes,_Ontario	http://www.w3.org/2001/XMLSchema#string	
http://rdf.freebase.com/ns/m.02294_	Kawartha Lakes	http://rdf.freebase.com/ns/type.object.key	Key	/wikipedia/sr/Каворта_Лејкс_(Онтарио)	http://www.w3.org/2001/XMLSchema#string	
http://rdf.freebase.com/ns/m.02294_	Kawartha Lakes	http://rdf.freebase.com/ns/type.object.key	Key	/wikipedia/sr_id/640185	http://www.w3.org/2001/XMLSchema#string	
http://rdf.freebase.com/ns/m.02294_	Kawartha Lakes	http://rdf.freebase.com/ns/type.object.key	Key	/wikipedia/sr_title/Каворта_Лејкс_(Онтарио)	http://www.w3.org/2001/XMLSchema#string	
http://rdf.freebase.com/ns/m.02294_	Kawartha Lakes	http://rdf.freebase.com/ns/type.object.key	Key	/wikipedia/tl/Kawartha_Lakes,_Ontario	http://www.w3.org/2001/XMLSchema#string	
http://rdf.freebase.com/ns/m.02294_	Kawartha Lakes	http://rdf.freebase.com/ns/type.object.key	Key	/wikipedia/tl_id/37895	http://www.w3.org/2001/XMLSchema#string	
http://rdf.freebase.com/ns/m.02294_	Kawartha Lakes	http://rdf.freebase.com/ns/type.object.key	Key	/wikipedia/tl_title/Kawartha_Lakes,_Ontario	http://www.w3.org/2001/XMLSchema#string	
http://rdf.freebase.com/ns/m.02294_	Kawartha Lakes	http://rdf.freebase.com/ns/type.object.key	Key	/wikipedia/uk/Каварта-Лейкс	http://www.w3.org/2001/XMLSchema#string	
http://rdf.freebase.com/ns/m.02294_	Kawartha Lakes	http://rdf.freebase.com/ns/type.object.key	Key	/wikipedia/uk_id/1566162	http://www.w3.org/2001/XMLSchema#string	
http://rdf.freebase.com/ns/m.02294_	Kawartha Lakes	http://rdf.freebase.com/ns/type.object.key	Key	/wikipedia/uk_title/Каварта-Лейкс	http://www.w3.org/2001/XMLSchema#string	
http://rdf.freebase.com/ns/m.02294_	Kawartha Lakes	http://rdf.freebase.com/ns/type.object.key	Key	/wikipedia/zh-cn/卡沃瑟湖区	http://www.w3.org/2001/XMLSchema#string	
http://rdf.freebase.com/ns/m.02294_	Kawartha Lakes	http://rdf.freebase.com/ns/type.object.key	Key	/wikipedia/zh-cn/卡沃瑟湖區	http://www.w3.org/2001/XMLSchema#string	
http://rdf.freebase.com/ns/m.02294_	Kawartha Lakes	http://rdf.freebase.com/ns/type.object.key	Key	/wikipedia/zh-cn/卡沃萨湖市	http://www.w3.org/2001/XMLSchema#string	
http://rdf.freebase.com/ns/m.02294_	Kawartha Lakes	http://rdf.freebase.com/ns/type.object.key	Key	/wikipedia/zh-cn/卡沃薩湖市	http://www.w3.org/2001/XMLSchema#string	
http://rdf.freebase.com/ns/m.02294_	Kawartha Lakes	http://rdf.freebase.com/ns/type.object.key	Key	/wikipedia/zh-cn_id/3842279	http://www.w3.org/2001/XMLSchema#string	
http://rdf.freebase.com/ns/m.02294_	Kawartha Lakes	http://rdf.freebase.com/ns/type.object.key	Key	/wikipedia/zh-cn_title/卡沃薩湖市	http://www.w3.org/2001/XMLSchema#string	
http://rdf.freebase.com/ns/m.02294_	Kawartha Lakes	http://rdf.freebase.com/ns/type.object.key	Key	/wikipedia/zh-tw/卡沃瑟湖区	http://www.w3.org/2001/XMLSchema#string	
http://rdf.freebase.com/ns/m.02294_	Kawartha Lakes	http://rdf.freebase.com/ns/type.object.key	Key	/wikipedia/zh-tw/卡沃瑟湖區	http://www.w3.org/2001/XMLSchema#string	
http://rdf.freebase.com/ns/m.02294_	Kawartha Lakes	http://rdf.freebase.com/ns/type.object.key	Key	/wikipedia/zh-tw/卡沃萨湖市	http://www.w3.org/2001/XMLSchema#string	
http://rdf.freebase.com/ns/m.02294_	Kawartha Lakes	http://rdf.freebase.com/ns/type.object.key	Key	/wikipedia/zh-tw/卡沃薩湖市	http://www.w3.org/2001/XMLSchema#string	
http://rdf.freebase.com/ns/m.02294_	Kawartha Lakes	http://rdf.freebase.com/ns/type.object.key	Key	/wikipedia/zh-tw_id/3842279	http://www.w3.org/2001/XMLSchema#string	
http://rdf.freebase.com/ns/m.02294_	Kawartha Lakes	http://rdf.freebase.com/ns/type.object.key	Key	/wikipedia/zh-tw_title/卡沃薩湖市	http://www.w3.org/2001/XMLSchema#string	
http://rdf.freebase.com/ns/m.02294_	Kawartha Lakes	http://rdf.freebase.com/ns/type.object.name	Name	Kawartha Lakes	http://www.w3.org/1999/02/22-rdf-syntax-ns#langString	
http://rdf.freebase.com/ns/m.02294_	Kawartha Lakes	http://rdf.freebase.com/ns/type.object.type	Type	http://rdf.freebase.com/ns/base.type_ontology.abstract	entity	Abstract
http://rdf.freebase.com/ns/m.02294_	Kawartha Lakes	http://rdf.freebase.com/ns/type.object.type	Type	http://rdf.freebase.com/ns/base.type_ontology.agent	entity	Agent
http://rdf.freebase.com/ns/m.02294_	Kawartha Lakes	http://rdf.freebase.com/ns/type.object.type	Type	http://rdf.freebase.com/ns/base.type_ontology.inanimate	entity	Inanimate
http://rdf.freebase.com/ns/m.02294_	Kawartha Lakes	http://rdf.freebase.com/ns/type.object.type	Type	http://rdf.freebase.com/ns/base.wikipedia_infobox.settlement	entity	Settlement
http://rdf.freebase.com/ns/m.02294_	Kawartha Lakes	http://rdf.freebase.com/ns/type.object.type	Type	http://rdf.freebase.com/ns/common.topic	entity	Topic
http://rdf.freebase.com/ns/m.02294_	Kawartha Lakes	http://rdf.freebase.com/ns/type.object.type	Type	http://rdf.freebase.com/ns/government.political_district	entity	Political District
http://rdf.freebase.com/ns/m.02294_	Kawartha Lakes	http://rdf.freebase.com/ns/type.object.type	Type	http://rdf.freebase.com/ns/location.administrative_division	entity	Administrative Division
http://rdf.freebase.com/ns/m.02294_	Kawartha Lakes	http://rdf.freebase.com/ns/type.object.type	Type	http://rdf.freebase.com/ns/location.ca_census_division	entity	Canadian Census Division
http://rdf.freebase.com/ns/m.02294_	Kawartha Lakes	http://rdf.freebase.com/ns/type.object.type	Type	http://rdf.freebase.com/ns/location.citytown	entity	City/Town/Village
http://rdf.freebase.com/ns/m.02294_	Kawartha Lakes	http://rdf.freebase.com/ns/type.object.type	Type	http://rdf.freebase.com/ns/location.dated_location	entity	Dated location
http://rdf.freebase.com/ns/m.02294_	Kawartha Lakes	http://rdf.freebase.com/ns/type.object.type	Type	http://rdf.freebase.com/ns/location.location	entity	Location
http://rdf.freebase.com/ns/m.02294_	Kawartha Lakes	http://rdf.freebase.com/ns/type.object.type	Type	http://rdf.freebase.com/ns/location.statistical_region	entity	Statistical region
http://rdf.freebase.com/ns/m.02294_	Kawartha Lakes	http://www.w3.org/1999/02/22-rdf-syntax-ns#type	type	http://rdf.freebase.com/ns/base.type_ontology.abstract	entity	Abstract
http://rdf.freebase.com/ns/m.02294_	Kawartha Lakes	http://www.w3.org/1999/02/22-rdf-syntax-ns#type	type	http://rdf.freebase.com/ns/base.type_ontology.agent	entity	Agent
http://rdf.freebase.com/ns/m.02294_	Kawartha Lakes	http://www.w3.org/1999/02/22-rdf-syntax-ns#type	type	http://rdf.freebase.com/ns/base.type_ontology.inanimate	entity	Inanimate
http://rdf.freebase.com/ns/m.02294_	Kawartha Lakes	http://www.w3.org/1999/02/22-rdf-syntax-ns#type	type	http://rdf.freebase.com/ns/base.wikipedia_infobox.settlement	entity	Settlement
http://rdf.freebase.com/ns/m.02294_	Kawartha Lakes	http://www.w3.org/1999/02/22-rdf-syntax-ns#type	type	http://rdf.freebase.com/ns/common.topic	entity	Topic
http://rdf.freebase.com/ns/m.02294_	Kawartha Lakes	http://www.w3.org/1999/02/22-rdf-syntax-ns#type	type	http://rdf.freebase.com/ns/government.political_district	entity	Political District
http://rdf.freebase.com/ns/m.02294_	Kawartha Lakes	http://www.w3.org/1999/02/22-rdf-syntax-ns#type	type	http://rdf.freebase.com/ns/location.administrative_division	entity	Administrative Division
http://rdf.freebase.com/ns/m.02294_	Kawartha Lakes	http://www.w3.org/1999/02/22-rdf-syntax-ns#type	type	http://rdf.freebase.com/ns/location.ca_census_division	entity	Canadian Census Division
http://rdf.freebase.com/ns/m.02294_	Kawartha Lakes	http://www.w3.org/1999/02/22-rdf-syntax-ns#type	type	http://rdf.freebase.com/ns/location.citytown	entity	City/Town/Village
http://rdf.freebase.com/ns/m.02294_	Kawartha Lakes	http://www.w3.org/1999/02/22-rdf-syntax-ns#type	type	http://rdf.freebase.com/ns/location.dated_location	entity	Dated location
http://rdf.freebase.com/ns/m.02294_	Kawartha Lakes	http://www.w3.org/1999/02/22-rdf-syntax-ns#type	type	http://rdf.freebase.com/ns/location.location	entity	Location
http://rdf.freebase.com/ns/m.02294_	Kawartha Lakes	http://www.w3.org/1999/02/22-rdf-syntax-ns#type	type	http://rdf.freebase.com/ns/location.statistical_region	entity	Statistical region
http://rdf.freebase.com/ns/m.02294_	Kawartha Lakes	http://www.w3.org/2000/01/rdf-schema#label	label	Kawartha Lakes	http://www.w3.org/1999/02/22-rdf-syntax-ns#langString	
http://rdf.freebase.com/ns/m.02294_	Kawartha Lakes	http://www.w3.org/2003/01/geo/wgs84_pos#lat	latitude	44.35	http://www.w3.org/2001/XMLSchema#float	
http://rdf.freebase.com/ns/m.02294_	Kawartha Lakes	http://www.w3.org/2003/01/geo/wgs84_pos#long	longitude	-78.75	http://www.w3.org/2001/XMLSchema#float	
