sub	subl	prop	propl	obj	obj_t	obj_l
http://www.wikidata.org/entity/Q20679418	Clement Mudford	http://www.w3.org/1999/02/22-rdf-syntax-ns#type	type	http://www.wikidata.org/entity/Q5	entity	human
http://www.wikidata.org/entity/Q20679418	Clement Mudford	http://www.w3.org/1999/02/22-rdf-syntax-ns#type	type	http://www.wikidata.org/ontology#Item	entity	Item
http://www.wikidata.org/entity/Q20679418	Clement Mudford	http://www.w3.org/2000/01/rdf-schema#label	label	Clement Mudford	http://www.w3.org/1999/02/22-rdf-syntax-ns#langString	
http://www.wikidata.org/entity/Q20679418	Clement Mudford	http://www.wikidata.org/entity/P1344c	participant of	http://www.wikidata.org/entity/Q8411	entity	1956 Summer Olympics
http://www.wikidata.org/entity/Q20679418	Clement Mudford	http://www.wikidata.org/entity/P1447c	Sports Reference ID	mu/clement-mudford-1	http://www.w3.org/2001/XMLSchema#string	
http://www.wikidata.org/entity/Q20679418	Clement Mudford	http://www.wikidata.org/entity/P21c	sex or gender	http://www.wikidata.org/entity/Q6581097	entity	male
http://www.wikidata.org/entity/Q20679418	Clement Mudford	http://www.wikidata.org/entity/P27c	country of citizenship	http://www.wikidata.org/entity/Q408	entity	Australia
http://www.wikidata.org/entity/Q20679418	Clement Mudford	http://www.wikidata.org/entity/P31c	instance of	http://www.wikidata.org/entity/Q5	entity	human
http://www.wikidata.org/entity/Q20679418	Clement Mudford	http://www.wikidata.org/entity/P569c	date of birth	1915-01-21	http://www.w3.org/2001/XMLSchema#date	
http://www.wikidata.org/entity/Q20679418	Clement Mudford	http://www.wikidata.org/entity/P570c	date of death	1977-03-10	http://www.w3.org/2001/XMLSchema#date	
http://www.wikidata.org/entity/Q20679418	Clement Mudford	http://www.wikidata.org/entity/P735c	given name	http://www.wikidata.org/entity/Q18180121	entity	Clement
