sub	subl	prop	propl	obj	obj_t	obj_l
http://www.wikidata.org/entity/Q5596363	Grant Mudford	http://schema.org/description	description	Australian photographer	http://www.w3.org/1999/02/22-rdf-syntax-ns#langString	
http://www.wikidata.org/entity/Q5596363	Grant Mudford	http://www.w3.org/1999/02/22-rdf-syntax-ns#type	type	http://www.wikidata.org/entity/Q5	entity	human
http://www.wikidata.org/entity/Q5596363	Grant Mudford	http://www.w3.org/1999/02/22-rdf-syntax-ns#type	type	http://www.wikidata.org/ontology#Item	entity	Item
http://www.wikidata.org/entity/Q5596363	Grant Mudford	http://www.w3.org/2000/01/rdf-schema#label	label	Grant Mudford	http://www.w3.org/1999/02/22-rdf-syntax-ns#langString	
http://www.wikidata.org/entity/Q5596363	Grant Mudford	http://www.w3.org/2004/02/skos/core#altLabel	alternative label	Grant Leighton Mudford	http://www.w3.org/1999/02/22-rdf-syntax-ns#langString	
http://www.wikidata.org/entity/Q5596363	Grant Mudford	http://www.wikidata.org/entity/P1006c	National Thesaurus for Author Names ID	096859164	http://www.w3.org/2001/XMLSchema#string	
http://www.wikidata.org/entity/Q5596363	Grant Mudford	http://www.wikidata.org/entity/P106c	occupation	http://www.wikidata.org/entity/Q33231	entity	photographer
http://www.wikidata.org/entity/Q5596363	Grant Mudford	http://www.wikidata.org/entity/P1412c	languages spoken, written or signed	http://www.wikidata.org/entity/Q1860	entity	English
http://www.wikidata.org/entity/Q5596363	Grant Mudford	http://www.wikidata.org/entity/P1795c	Smithsonian American Art Museum: person/institution thesaurus id	18501	http://www.w3.org/2001/XMLSchema#string	
http://www.wikidata.org/entity/Q5596363	Grant Mudford	http://www.wikidata.org/entity/P2041c	National Gallery of Victoria artist ID	2547	http://www.w3.org/2001/XMLSchema#string	
http://www.wikidata.org/entity/Q5596363	Grant Mudford	http://www.wikidata.org/entity/P213c	ISNI	0000 0001 1020 6932	http://www.w3.org/2001/XMLSchema#string	
http://www.wikidata.org/entity/Q5596363	Grant Mudford	http://www.wikidata.org/entity/P214c	VIAF ID	7607915	http://www.w3.org/2001/XMLSchema#string	
http://www.wikidata.org/entity/Q5596363	Grant Mudford	http://www.wikidata.org/entity/P2163c	FAST-ID	34370	http://www.w3.org/2001/XMLSchema#string	
http://www.wikidata.org/entity/Q5596363	Grant Mudford	http://www.wikidata.org/entity/P21c	sex or gender	http://www.wikidata.org/entity/Q6581097	entity	male
http://www.wikidata.org/entity/Q5596363	Grant Mudford	http://www.wikidata.org/entity/P245c	ULAN ID	500112196	http://www.w3.org/2001/XMLSchema#string	
http://www.wikidata.org/entity/Q5596363	Grant Mudford	http://www.wikidata.org/entity/P268c	BnF ID	144436505	http://www.w3.org/2001/XMLSchema#string	
http://www.wikidata.org/entity/Q5596363	Grant Mudford	http://www.wikidata.org/entity/P269c	SUDOC authorities	088732142	http://www.w3.org/2001/XMLSchema#string	
http://www.wikidata.org/entity/Q5596363	Grant Mudford	http://www.wikidata.org/entity/P27c	country of citizenship	http://www.wikidata.org/entity/Q408	entity	Australia
http://www.wikidata.org/entity/Q5596363	Grant Mudford	http://www.wikidata.org/entity/P31c	instance of	http://www.wikidata.org/entity/Q5	entity	human
http://www.wikidata.org/entity/Q5596363	Grant Mudford	http://www.wikidata.org/entity/P569c	date of birth	1944	http://www.w3.org/2001/XMLSchema#gYear	
http://www.wikidata.org/entity/Q5596363	Grant Mudford	http://www.wikidata.org/entity/P650c	RKDartists ID	319971	http://www.w3.org/2001/XMLSchema#string	
http://www.wikidata.org/entity/Q5596363	Grant Mudford	http://www.wikidata.org/entity/P69c	educated at	http://www.wikidata.org/entity/Q734764	entity	University of New South Wales
http://www.wikidata.org/entity/Q5596363	Grant Mudford	http://www.wikidata.org/entity/P735c	given name	http://www.wikidata.org/entity/Q2549909	entity	Grant
http://www.wikidata.org/entity/Q5596363	Grant Mudford	http://www.wikidata.org/entity/P856c	official website	http://www.grantmudford.com/	uri	null
