sub	subl	prop	propl	obj	obj_t	obj_l
http://rdf.freebase.com/ns/m.03qh27g	Ken Mudford	http://rdf.freebase.com/key/en	com/key/en	ken_mudford	http://www.w3.org/2001/XMLSchema#string	
http://rdf.freebase.com/ns/m.03qh27g	Ken Mudford	http://rdf.freebase.com/key/wikipedia.en	en	Ken_Mudford	http://www.w3.org/2001/XMLSchema#string	
http://rdf.freebase.com/ns/m.03qh27g	Ken Mudford	http://rdf.freebase.com/key/wikipedia.en_id	en_id	15928117	http://www.w3.org/2001/XMLSchema#string	
http://rdf.freebase.com/ns/m.03qh27g	Ken Mudford	http://rdf.freebase.com/key/wikipedia.en_title	en_title	Ken_Mudford	http://www.w3.org/2001/XMLSchema#string	
http://rdf.freebase.com/ns/m.03qh27g	Ken Mudford	http://rdf.freebase.com/ns/common.topic.article	Article	Ken Mudford (April 17, 1923 - May 17, 2004) is a former Grand Prix motorcycle road racer from New Zealand. He competed in Grand Prix competitions from 1951 to 1953. He won the 350 class at the 1953 Ulster Grand Prix.	http://www.w3.org/1999/02/22-rdf-syntax-ns#langString	
http://rdf.freebase.com/ns/m.03qh27g	Ken Mudford	http://rdf.freebase.com/ns/common.topic.description	Description	Ken Mudford is a former Grand Prix motorcycle road racer from New Zealand. He competed in Grand Prix competitions from 1951 to 1953. He won the 350 class at the 1953 Ulster Grand Prix.	http://www.w3.org/1999/02/22-rdf-syntax-ns#langString	
http://rdf.freebase.com/ns/m.03qh27g	Ken Mudford	http://rdf.freebase.com/ns/common.topic.notable_for	Notable for	Man	http://www.w3.org/1999/02/22-rdf-syntax-ns#langString	
http://rdf.freebase.com/ns/m.03qh27g	Ken Mudford	http://rdf.freebase.com/ns/common.topic.notable_types	Notable types	http://rdf.freebase.com/ns/m.022tfrk	entity	Deceased Person
http://rdf.freebase.com/ns/m.03qh27g	Ken Mudford	http://rdf.freebase.com/ns/common.topic.topic_equivalent_webpage	Topic equivalent webpage	http://en.wikipedia.org/wiki/Ken_Mudford	uri	null
http://rdf.freebase.com/ns/m.03qh27g	Ken Mudford	http://rdf.freebase.com/ns/common.topic.topic_equivalent_webpage	Topic equivalent webpage	http://en.wikipedia.org/wiki/index.html?curid=15928117	uri	null
http://rdf.freebase.com/ns/m.03qh27g	Ken Mudford	http://rdf.freebase.com/ns/common.topic.topic_equivalent_webpage	Topic equivalent webpage	http://it.wikipedia.org/wiki/Ken_Mudford	uri	null
http://rdf.freebase.com/ns/m.03qh27g	Ken Mudford	http://rdf.freebase.com/ns/common.topic.topic_equivalent_webpage	Topic equivalent webpage	http://it.wikipedia.org/wiki/index.html?curid=2999962	uri	null
http://rdf.freebase.com/ns/m.03qh27g	Ken Mudford	http://rdf.freebase.com/ns/kg.object_profile.prominent_type	prominent type	http://rdf.freebase.com/ns/people.deceased_person	entity	Deceased Person
http://rdf.freebase.com/ns/m.03qh27g	Ken Mudford	http://rdf.freebase.com/ns/people.deceased_person.date_of_death	Date of death	2004-05-17	http://www.w3.org/2001/XMLSchema#date	
http://rdf.freebase.com/ns/m.03qh27g	Ken Mudford	http://rdf.freebase.com/ns/people.person.date_of_birth	Date of birth	1923-04-17	http://www.w3.org/2001/XMLSchema#date	
http://rdf.freebase.com/ns/m.03qh27g	Ken Mudford	http://rdf.freebase.com/ns/people.person.gender	Gender	http://rdf.freebase.com/ns/m.05zppz	entity	Male
http://rdf.freebase.com/ns/m.03qh27g	Ken Mudford	http://rdf.freebase.com/ns/people.person.nationality	Country of nationality	http://rdf.freebase.com/ns/m.0ctw_b	entity	New Zealand
http://rdf.freebase.com/ns/m.03qh27g	Ken Mudford	http://rdf.freebase.com/ns/type.object.key	Key	/en/ken_mudford	http://www.w3.org/2001/XMLSchema#string	
http://rdf.freebase.com/ns/m.03qh27g	Ken Mudford	http://rdf.freebase.com/ns/type.object.key	Key	/wikipedia/en/Ken_Mudford	http://www.w3.org/2001/XMLSchema#string	
http://rdf.freebase.com/ns/m.03qh27g	Ken Mudford	http://rdf.freebase.com/ns/type.object.key	Key	/wikipedia/en_id/15928117	http://www.w3.org/2001/XMLSchema#string	
http://rdf.freebase.com/ns/m.03qh27g	Ken Mudford	http://rdf.freebase.com/ns/type.object.key	Key	/wikipedia/en_title/Ken_Mudford	http://www.w3.org/2001/XMLSchema#string	
http://rdf.freebase.com/ns/m.03qh27g	Ken Mudford	http://rdf.freebase.com/ns/type.object.key	Key	/wikipedia/it/Ken_Mudford	http://www.w3.org/2001/XMLSchema#string	
http://rdf.freebase.com/ns/m.03qh27g	Ken Mudford	http://rdf.freebase.com/ns/type.object.key	Key	/wikipedia/it_id/2999962	http://www.w3.org/2001/XMLSchema#string	
http://rdf.freebase.com/ns/m.03qh27g	Ken Mudford	http://rdf.freebase.com/ns/type.object.key	Key	/wikipedia/it_title/Ken_Mudford	http://www.w3.org/2001/XMLSchema#string	
http://rdf.freebase.com/ns/m.03qh27g	Ken Mudford	http://rdf.freebase.com/ns/type.object.name	Name	Ken Mudford	http://www.w3.org/1999/02/22-rdf-syntax-ns#langString	
http://rdf.freebase.com/ns/m.03qh27g	Ken Mudford	http://rdf.freebase.com/ns/type.object.type	Type	http://rdf.freebase.com/ns/base.type_ontology.agent	entity	Agent
http://rdf.freebase.com/ns/m.03qh27g	Ken Mudford	http://rdf.freebase.com/ns/type.object.type	Type	http://rdf.freebase.com/ns/base.type_ontology.animate	entity	Animate
http://rdf.freebase.com/ns/m.03qh27g	Ken Mudford	http://rdf.freebase.com/ns/type.object.type	Type	http://rdf.freebase.com/ns/base.type_ontology.physically_instantiable	entity	Physically Instantiable
http://rdf.freebase.com/ns/m.03qh27g	Ken Mudford	http://rdf.freebase.com/ns/type.object.type	Type	http://rdf.freebase.com/ns/common.topic	entity	Topic
http://rdf.freebase.com/ns/m.03qh27g	Ken Mudford	http://rdf.freebase.com/ns/type.object.type	Type	http://rdf.freebase.com/ns/people.deceased_person	entity	Deceased Person
http://rdf.freebase.com/ns/m.03qh27g	Ken Mudford	http://rdf.freebase.com/ns/type.object.type	Type	http://rdf.freebase.com/ns/people.person	entity	Person
http://rdf.freebase.com/ns/m.03qh27g	Ken Mudford	http://www.w3.org/1999/02/22-rdf-syntax-ns#type	type	http://rdf.freebase.com/ns/base.type_ontology.agent	entity	Agent
http://rdf.freebase.com/ns/m.03qh27g	Ken Mudford	http://www.w3.org/1999/02/22-rdf-syntax-ns#type	type	http://rdf.freebase.com/ns/base.type_ontology.animate	entity	Animate
http://rdf.freebase.com/ns/m.03qh27g	Ken Mudford	http://www.w3.org/1999/02/22-rdf-syntax-ns#type	type	http://rdf.freebase.com/ns/base.type_ontology.physically_instantiable	entity	Physically Instantiable
http://rdf.freebase.com/ns/m.03qh27g	Ken Mudford	http://www.w3.org/1999/02/22-rdf-syntax-ns#type	type	http://rdf.freebase.com/ns/common.topic	entity	Topic
http://rdf.freebase.com/ns/m.03qh27g	Ken Mudford	http://www.w3.org/1999/02/22-rdf-syntax-ns#type	type	http://rdf.freebase.com/ns/people.deceased_person	entity	Deceased Person
http://rdf.freebase.com/ns/m.03qh27g	Ken Mudford	http://www.w3.org/1999/02/22-rdf-syntax-ns#type	type	http://rdf.freebase.com/ns/people.person	entity	Person
http://rdf.freebase.com/ns/m.03qh27g	Ken Mudford	http://www.w3.org/2000/01/rdf-schema#label	label	Ken Mudford	http://www.w3.org/1999/02/22-rdf-syntax-ns#langString	
