sub	subl	prop	propl	obj	obj_t	obj_l
http://yago-knowledge.org/resource/Ken_Mudford	Ken Mudford	http://www.w3.org/1999/02/22-rdf-syntax-ns#type	type	http://www.w3.org/2002/07/owl#Thing	entity	Thing
http://yago-knowledge.org/resource/Ken_Mudford	Ken Mudford	http://www.w3.org/1999/02/22-rdf-syntax-ns#type	type	http://yago-knowledge.org/resource/wikicat_350cc_World_Championship_riders	entity	350cc World Championship riders
http://yago-knowledge.org/resource/Ken_Mudford	Ken Mudford	http://www.w3.org/1999/02/22-rdf-syntax-ns#type	type	http://yago-knowledge.org/resource/wikicat_500cc_World_Championship_riders	entity	500cc World Championship riders
http://yago-knowledge.org/resource/Ken_Mudford	Ken Mudford	http://www.w3.org/1999/02/22-rdf-syntax-ns#type	type	http://yago-knowledge.org/resource/wordnet_causal_agent_100007347	entity	causal agent
http://yago-knowledge.org/resource/Ken_Mudford	Ken Mudford	http://www.w3.org/1999/02/22-rdf-syntax-ns#type	type	http://yago-knowledge.org/resource/wordnet_living_thing_100004258	entity	living thing
http://yago-knowledge.org/resource/Ken_Mudford	Ken Mudford	http://www.w3.org/1999/02/22-rdf-syntax-ns#type	type	http://yago-knowledge.org/resource/wordnet_object_100002684	entity	object
http://yago-knowledge.org/resource/Ken_Mudford	Ken Mudford	http://www.w3.org/1999/02/22-rdf-syntax-ns#type	type	http://yago-knowledge.org/resource/wordnet_organism_100004475	entity	organism
http://yago-knowledge.org/resource/Ken_Mudford	Ken Mudford	http://www.w3.org/1999/02/22-rdf-syntax-ns#type	type	http://yago-knowledge.org/resource/wordnet_person_100007846	entity	person
http://yago-knowledge.org/resource/Ken_Mudford	Ken Mudford	http://www.w3.org/1999/02/22-rdf-syntax-ns#type	type	http://yago-knowledge.org/resource/wordnet_physical_entity_100001930	entity	physical entity
http://yago-knowledge.org/resource/Ken_Mudford	Ken Mudford	http://www.w3.org/1999/02/22-rdf-syntax-ns#type	type	http://yago-knowledge.org/resource/wordnet_rider_110529965	entity	rider
http://yago-knowledge.org/resource/Ken_Mudford	Ken Mudford	http://www.w3.org/1999/02/22-rdf-syntax-ns#type	type	http://yago-knowledge.org/resource/wordnet_traveler_109629752	entity	traveler
http://yago-knowledge.org/resource/Ken_Mudford	Ken Mudford	http://www.w3.org/1999/02/22-rdf-syntax-ns#type	type	http://yago-knowledge.org/resource/wordnet_whole_100003553	entity	whole
http://yago-knowledge.org/resource/Ken_Mudford	Ken Mudford	http://www.w3.org/1999/02/22-rdf-syntax-ns#type	type	http://yago-knowledge.org/resource/yagoLegalActor	entity	legal actor
http://yago-knowledge.org/resource/Ken_Mudford	Ken Mudford	http://www.w3.org/1999/02/22-rdf-syntax-ns#type	type	http://yago-knowledge.org/resource/yagoLegalActorGeo	entity	legal actor or geographic entity
http://yago-knowledge.org/resource/Ken_Mudford	Ken Mudford	http://www.w3.org/2000/01/rdf-schema#label	label	Ken Mudford	http://www.w3.org/1999/02/22-rdf-syntax-ns#langString	
http://yago-knowledge.org/resource/Ken_Mudford	Ken Mudford	http://www.w3.org/2000/01/rdf-schema#label	label	Ken Mudford	http://www.w3.org/2001/XMLSchema#string	
http://yago-knowledge.org/resource/Ken_Mudford	Ken Mudford	http://www.w3.org/2002/07/owl#sameAs	sameAs	http://dbpedia.org/resource/Ken_Mudford	entity	Ken Mudford
http://yago-knowledge.org/resource/Ken_Mudford	Ken Mudford	http://www.w3.org/2004/02/skos/core#prefLabel	preferred label	Ken Mudford	http://www.w3.org/1999/02/22-rdf-syntax-ns#langString	
http://yago-knowledge.org/resource/Ken_Mudford	Ken Mudford	http://yago-knowledge.org/resource/diedOnDate	Date of death	2004-01-01	http://www.w3.org/2001/XMLSchema#date	
http://yago-knowledge.org/resource/Ken_Mudford	Ken Mudford	http://yago-knowledge.org/resource/hasFamilyName	Surname	Mudford	http://www.w3.org/2001/XMLSchema#string	
http://yago-knowledge.org/resource/Ken_Mudford	Ken Mudford	http://yago-knowledge.org/resource/hasGender	sex or gender	http://yago-knowledge.org/resource/male	entity	male
http://yago-knowledge.org/resource/Ken_Mudford	Ken Mudford	http://yago-knowledge.org/resource/hasGivenName	given name	Ken	http://www.w3.org/2001/XMLSchema#string	
http://yago-knowledge.org/resource/Ken_Mudford	Ken Mudford	http://yago-knowledge.org/resource/hasWikipediaAnchorText	null	1951	http://www.w3.org/1999/02/22-rdf-syntax-ns#langString	
http://yago-knowledge.org/resource/Ken_Mudford	Ken Mudford	http://yago-knowledge.org/resource/hasWikipediaAnchorText	null	1953	http://www.w3.org/1999/02/22-rdf-syntax-ns#langString	
http://yago-knowledge.org/resource/Ken_Mudford	Ken Mudford	http://yago-knowledge.org/resource/hasWikipediaAnchorText	null	Grand Prix	http://www.w3.org/1999/02/22-rdf-syntax-ns#langString	
http://yago-knowledge.org/resource/Ken_Mudford	Ken Mudford	http://yago-knowledge.org/resource/hasWikipediaAnchorText	null	Isle of Man	http://www.w3.org/1999/02/22-rdf-syntax-ns#langString	
http://yago-knowledge.org/resource/Ken_Mudford	Ken Mudford	http://yago-knowledge.org/resource/hasWikipediaAnchorText	null	Junior TT	http://www.w3.org/1999/02/22-rdf-syntax-ns#langString	
http://yago-knowledge.org/resource/Ken_Mudford	Ken Mudford	http://yago-knowledge.org/resource/hasWikipediaAnchorText	null	Ken Mudford career statistics at MotoGP.com	http://www.w3.org/1999/02/22-rdf-syntax-ns#langString	
http://yago-knowledge.org/resource/Ken_Mudford	Ken Mudford	http://yago-knowledge.org/resource/hasWikipediaAnchorText	null	New Zealand	http://www.w3.org/1999/02/22-rdf-syntax-ns#langString	
http://yago-knowledge.org/resource/Ken_Mudford	Ken Mudford	http://yago-knowledge.org/resource/hasWikipediaAnchorText	null	Ulster Grand Prix	http://www.w3.org/1999/02/22-rdf-syntax-ns#langString	
http://yago-knowledge.org/resource/Ken_Mudford	Ken Mudford	http://yago-knowledge.org/resource/hasWikipediaAnchorText	null	motorcycle	http://www.w3.org/1999/02/22-rdf-syntax-ns#langString	
http://yago-knowledge.org/resource/Ken_Mudford	Ken Mudford	http://yago-knowledge.org/resource/hasWikipediaAnchorText	null	road racer	http://www.w3.org/1999/02/22-rdf-syntax-ns#langString	
http://yago-knowledge.org/resource/Ken_Mudford	Ken Mudford	http://yago-knowledge.org/resource/hasWikipediaArticleLength	null	2022	http://www.w3.org/2001/XMLSchema#integer	
http://yago-knowledge.org/resource/Ken_Mudford	Ken Mudford	http://yago-knowledge.org/resource/hasWikipediaUrl	null	http://en.wikipedia.org/wiki/Ken_Mudford	uri	null
http://yago-knowledge.org/resource/Ken_Mudford	Ken Mudford	http://yago-knowledge.org/resource/isCitizenOf	Administrative parent	http://yago-knowledge.org/resource/New_Zealand	entity	New Zealand
http://yago-knowledge.org/resource/Ken_Mudford	Ken Mudford	http://yago-knowledge.org/resource/linksTo	null	http://yago-knowledge.org/resource/1951_Grand_Prix_motorcycle_racing_season	entity	1951 Grand Prix motorcycle racing season
http://yago-knowledge.org/resource/Ken_Mudford	Ken Mudford	http://yago-knowledge.org/resource/linksTo	null	http://yago-knowledge.org/resource/1951_Isle_of_Man_TT	entity	1951 Isle of Man TT
http://yago-knowledge.org/resource/Ken_Mudford	Ken Mudford	http://yago-knowledge.org/resource/linksTo	null	http://yago-knowledge.org/resource/1953_Grand_Prix_motorcycle_racing_season	entity	1953 Grand Prix motorcycle racing season
http://yago-knowledge.org/resource/Ken_Mudford	Ken Mudford	http://yago-knowledge.org/resource/linksTo	null	http://yago-knowledge.org/resource/Grand_Prix_motorcycle_racing	entity	Grand Prix motorcycle racing
http://yago-knowledge.org/resource/Ken_Mudford	Ken Mudford	http://yago-knowledge.org/resource/linksTo	null	http://yago-knowledge.org/resource/New_Zealand	entity	New Zealand
http://yago-knowledge.org/resource/Ken_Mudford	Ken Mudford	http://yago-knowledge.org/resource/linksTo	null	http://yago-knowledge.org/resource/Ulster_Grand_Prix	entity	Ulster Grand Prix
http://yago-knowledge.org/resource/Ken_Mudford	Ken Mudford	http://yago-knowledge.org/resource/wasBornOnDate	date of birth	1923-01-01	http://www.w3.org/2001/XMLSchema#date	
