sub	subl	prop	propl	obj	obj_t	obj_l
http://dbpedia.org/resource/Beatty_Street_Drill_Hall	Beatty Street Drill Hall	http://dbpedia.org/ontology/abstract	has abstract	The Beatty Street Drill Hall is a Canadian Forces armoury located at 620 Beatty Street in Vancouver, British Columbia. It is the home of The British Columbia Regiment (Duke of Connaught's Own), an armoured reconnaissance reserve regiment, the oldest military unit in Vancouver, and the most senior militia in the province.	http://www.w3.org/1999/02/22-rdf-syntax-ns#langString	
http://dbpedia.org/resource/Beatty_Street_Drill_Hall	Beatty Street Drill Hall	http://dbpedia.org/ontology/address	address	620 Beatty Street	http://www.w3.org/1999/02/22-rdf-syntax-ns#langString	
http://dbpedia.org/resource/Beatty_Street_Drill_Hall	Beatty Street Drill Hall	http://dbpedia.org/ontology/location	location	http://dbpedia.org/resource/British_Columbia	entity	British Columbia
http://dbpedia.org/resource/Beatty_Street_Drill_Hall	Beatty Street Drill Hall	http://dbpedia.org/ontology/location	location	http://dbpedia.org/resource/Vancouver	entity	Vancouver
http://dbpedia.org/resource/Beatty_Street_Drill_Hall	Beatty Street Drill Hall	http://dbpedia.org/ontology/openingDate	opening date	1901-09-30	http://www.w3.org/2001/XMLSchema#date	
http://dbpedia.org/resource/Beatty_Street_Drill_Hall	Beatty Street Drill Hall	http://dbpedia.org/ontology/owner	owner	http://dbpedia.org/resource/Canadian_Forces	entity	Canadian Forces
http://dbpedia.org/resource/Beatty_Street_Drill_Hall	Beatty Street Drill Hall	http://dbpedia.org/ontology/tenant	tenant	http://dbpedia.org/resource/The_British_Columbia_Regiment_(Duke_of_Connaught's_Own)	entity	The British Columbia Regiment (Duke of Connaught's Own)
http://dbpedia.org/resource/Beatty_Street_Drill_Hall	Beatty Street Drill Hall	http://dbpedia.org/ontology/thumbnail	thumbnail	http://commons.wikimedia.org/wiki/Special:FilePath/BeattyStDrillHallI.jpg?width=300	uri	null
http://dbpedia.org/resource/Beatty_Street_Drill_Hall	Beatty Street Drill Hall	http://dbpedia.org/ontology/type	type	http://dbpedia.org/resource/Armory_(military)	entity	Armory (military)
http://dbpedia.org/resource/Beatty_Street_Drill_Hall	Beatty Street Drill Hall	http://dbpedia.org/ontology/wikiPageExternalLink	Link from a Wikipage to an external page	http://maps.google.com/maps?f=q&hl=en&geocode=&time=&date=&ttype=&q=620+Beatty+Street&sll=49.28712,-123.125263&sspn=0.00704,0.02517&ie=UTF8&ll=49.279556,-123.110433&spn=0.00088,0.003146&t=h&z=19&iwloc=addr&om=0	uri	null
http://dbpedia.org/resource/Beatty_Street_Drill_Hall	Beatty Street Drill Hall	http://dbpedia.org/ontology/wikiPageExternalLink	Link from a Wikipage to an external page	http://www.bcregiment.com/regimental-family-3/bcr-museum	uri	null
http://dbpedia.org/resource/Beatty_Street_Drill_Hall	Beatty Street Drill Hall	http://dbpedia.org/ontology/wikiPageID	Wikipage page ID	10240814	http://www.w3.org/2001/XMLSchema#integer	
http://dbpedia.org/resource/Beatty_Street_Drill_Hall	Beatty Street Drill Hall	http://dbpedia.org/ontology/wikiPageLength	page length (characters) of wiki page	7734	http://www.w3.org/2001/XMLSchema#nonNegativeInteger	
http://dbpedia.org/resource/Beatty_Street_Drill_Hall	Beatty Street Drill Hall	http://dbpedia.org/ontology/wikiPageOutDegree	Wiki page out degree	32	http://www.w3.org/2001/XMLSchema#nonNegativeInteger	
http://dbpedia.org/resource/Beatty_Street_Drill_Hall	Beatty Street Drill Hall	http://dbpedia.org/ontology/wikiPageRevisionID	Wikipage revision ID	679633644	http://www.w3.org/2001/XMLSchema#integer	
http://dbpedia.org/resource/Beatty_Street_Drill_Hall	Beatty Street Drill Hall	http://purl.org/dc/terms/subject	Subject	http://dbpedia.org/resource/Category:Armouries_in_Canada	entity	Armouries in Canada
http://dbpedia.org/resource/Beatty_Street_Drill_Hall	Beatty Street Drill Hall	http://purl.org/dc/terms/subject	Subject	http://dbpedia.org/resource/Category:Canadian_Forces_bases_in_British_Columbia	entity	Canadian Forces bases in British Columbia
http://dbpedia.org/resource/Beatty_Street_Drill_Hall	Beatty Street Drill Hall	http://purl.org/dc/terms/subject	Subject	http://dbpedia.org/resource/Category:Heritage_sites_in_British_Columbia	entity	Heritage sites in British Columbia
http://dbpedia.org/resource/Beatty_Street_Drill_Hall	Beatty Street Drill Hall	http://purl.org/dc/terms/subject	Subject	http://dbpedia.org/resource/Category:Museums_in_Vancouver	entity	Museums in Vancouver
http://dbpedia.org/resource/Beatty_Street_Drill_Hall	Beatty Street Drill Hall	http://purl.org/dc/terms/subject	Subject	http://dbpedia.org/resource/Category:Regimental_museums_in_Canada	entity	Regimental museums in Canada
http://dbpedia.org/resource/Beatty_Street_Drill_Hall	Beatty Street Drill Hall	http://www.georss.org/georss/point	null	49.279367 -123.110657	http://www.w3.org/2001/XMLSchema#string	
http://dbpedia.org/resource/Beatty_Street_Drill_Hall	Beatty Street Drill Hall	http://www.w3.org/1999/02/22-rdf-syntax-ns#type	type	http://dbpedia.org/ontology/ArchitecturalStructure	entity	architectural structure
http://dbpedia.org/resource/Beatty_Street_Drill_Hall	Beatty Street Drill Hall	http://www.w3.org/1999/02/22-rdf-syntax-ns#type	type	http://dbpedia.org/ontology/Building	entity	building
http://dbpedia.org/resource/Beatty_Street_Drill_Hall	Beatty Street Drill Hall	http://www.w3.org/1999/02/22-rdf-syntax-ns#type	type	http://dbpedia.org/ontology/Location	uri	null
http://dbpedia.org/resource/Beatty_Street_Drill_Hall	Beatty Street Drill Hall	http://www.w3.org/1999/02/22-rdf-syntax-ns#type	type	http://dbpedia.org/ontology/Place	entity	place
http://dbpedia.org/resource/Beatty_Street_Drill_Hall	Beatty Street Drill Hall	http://www.w3.org/1999/02/22-rdf-syntax-ns#type	type	http://dbpedia.org/ontology/Stadium	entity	stadium
http://dbpedia.org/resource/Beatty_Street_Drill_Hall	Beatty Street Drill Hall	http://www.w3.org/1999/02/22-rdf-syntax-ns#type	type	http://schema.org/Place	entity	Place
http://dbpedia.org/resource/Beatty_Street_Drill_Hall	Beatty Street Drill Hall	http://www.w3.org/1999/02/22-rdf-syntax-ns#type	type	http://www.w3.org/2002/07/owl#Thing	entity	Thing
http://dbpedia.org/resource/Beatty_Street_Drill_Hall	Beatty Street Drill Hall	http://www.w3.org/1999/02/22-rdf-syntax-ns#type	type	http://www.w3.org/2003/01/geo/wgs84_pos#SpatialThing	entity	Spatial Thing
http://dbpedia.org/resource/Beatty_Street_Drill_Hall	Beatty Street Drill Hall	http://www.w3.org/1999/02/22-rdf-syntax-ns#type	type	http://www.wikidata.org/entity/Q41176	entity	building
http://dbpedia.org/resource/Beatty_Street_Drill_Hall	Beatty Street Drill Hall	http://www.w3.org/2000/01/rdf-schema#comment	comment	The Beatty Street Drill Hall is a Canadian Forces armoury located at 620 Beatty Street in Vancouver, British Columbia. It is the home of The British Columbia Regiment (Duke of Connaught's Own), an armoured reconnaissance reserve regiment, the oldest military unit in Vancouver, and the most senior militia in the province.	http://www.w3.org/1999/02/22-rdf-syntax-ns#langString	
http://dbpedia.org/resource/Beatty_Street_Drill_Hall	Beatty Street Drill Hall	http://www.w3.org/2000/01/rdf-schema#label	label	Beatty Street Drill Hall	http://www.w3.org/1999/02/22-rdf-syntax-ns#langString	
http://dbpedia.org/resource/Beatty_Street_Drill_Hall	Beatty Street Drill Hall	http://www.w3.org/2002/07/owl#sameAs	sameAs	http://dbpedia.org/resource/Beatty_Street_Drill_Hall	entity	Beatty Street Drill Hall
http://dbpedia.org/resource/Beatty_Street_Drill_Hall	Beatty Street Drill Hall	http://www.w3.org/2002/07/owl#sameAs	sameAs	http://rdf.freebase.com/ns/m.02q67xc	entity	Beatty Street Drill Hall
http://dbpedia.org/resource/Beatty_Street_Drill_Hall	Beatty Street Drill Hall	http://www.w3.org/2002/07/owl#sameAs	sameAs	http://www.wikidata.org/entity/Q4877316	entity	Beatty Street Drill Hall
http://dbpedia.org/resource/Beatty_Street_Drill_Hall	Beatty Street Drill Hall	http://www.w3.org/2003/01/geo/wgs84_pos#lat	latitude	49.2794	http://www.w3.org/2001/XMLSchema#float	
http://dbpedia.org/resource/Beatty_Street_Drill_Hall	Beatty Street Drill Hall	http://www.w3.org/2003/01/geo/wgs84_pos#long	longtitude	-123.111	http://www.w3.org/2001/XMLSchema#float	
http://dbpedia.org/resource/Beatty_Street_Drill_Hall	Beatty Street Drill Hall	http://www.w3.org/ns/prov#wasDerivedFrom	wasDerivedFrom	http://en.wikipedia.org/wiki/Beatty_Street_Drill_Hall?oldid=679633644	uri	null
http://dbpedia.org/resource/Beatty_Street_Drill_Hall	Beatty Street Drill Hall	http://xmlns.com/foaf/0.1/depiction	depiction	http://commons.wikimedia.org/wiki/Special:FilePath/BeattyStDrillHallI.jpg	uri	null
http://dbpedia.org/resource/Beatty_Street_Drill_Hall	Beatty Street Drill Hall	http://xmlns.com/foaf/0.1/isPrimaryTopicOf	is primary topic of	http://en.wikipedia.org/wiki/Beatty_Street_Drill_Hall	uri	null
http://dbpedia.org/resource/Beatty_Street_Drill_Hall	Beatty Street Drill Hall	http://xmlns.com/foaf/0.1/name	name	Beatty Street Drill Hall	http://www.w3.org/1999/02/22-rdf-syntax-ns#langString	
