sub	subl	prop	propl	obj	obj_t	obj_l
http://www.wikidata.org/entity/Q4877316	Beatty Street Drill Hall	http://www.w3.org/1999/02/22-rdf-syntax-ns#type	type	http://www.wikidata.org/entity/Q2772772	entity	military museum
http://www.wikidata.org/entity/Q4877316	Beatty Street Drill Hall	http://www.w3.org/1999/02/22-rdf-syntax-ns#type	type	http://www.wikidata.org/entity/Q5307555	entity	drill hall
http://www.wikidata.org/entity/Q4877316	Beatty Street Drill Hall	http://www.w3.org/1999/02/22-rdf-syntax-ns#type	type	http://www.wikidata.org/ontology#Item	entity	Item
http://www.wikidata.org/entity/Q4877316	Beatty Street Drill Hall	http://www.w3.org/2000/01/rdf-schema#label	label	Beatty Street Drill Hall	http://www.w3.org/1999/02/22-rdf-syntax-ns#langString	
http://www.wikidata.org/entity/Q4877316	Beatty Street Drill Hall	http://www.w3.org/2003/01/geo/wgs84_pos#lat	latitude	49.2794	http://www.w3.org/2001/XMLSchema#float	
http://www.wikidata.org/entity/Q4877316	Beatty Street Drill Hall	http://www.w3.org/2003/01/geo/wgs84_pos#long	longitude	-123.111	http://www.w3.org/2001/XMLSchema#float	
http://www.wikidata.org/entity/Q4877316	Beatty Street Drill Hall	http://www.wikidata.org/entity/P127c	owned by	http://www.wikidata.org/entity/Q644943	entity	Canadian Armed Forces
http://www.wikidata.org/entity/Q4877316	Beatty Street Drill Hall	http://www.wikidata.org/entity/P131c	located in the administrative territorial entity	http://www.wikidata.org/entity/Q24639	entity	Vancouver
http://www.wikidata.org/entity/Q4877316	Beatty Street Drill Hall	http://www.wikidata.org/entity/P17c	country	http://www.wikidata.org/entity/Q16	entity	Canada
http://www.wikidata.org/entity/Q4877316	Beatty Street Drill Hall	http://www.wikidata.org/entity/P18c	image	http://commons.wikimedia.org/wiki/File:BeattyStDrillHallI.jpg	uri	null
http://www.wikidata.org/entity/Q4877316	Beatty Street Drill Hall	http://www.wikidata.org/entity/P31c	instance of	http://www.wikidata.org/entity/Q2772772	entity	military museum
http://www.wikidata.org/entity/Q4877316	Beatty Street Drill Hall	http://www.wikidata.org/entity/P31c	instance of	http://www.wikidata.org/entity/Q5307555	entity	drill hall
http://www.wikidata.org/entity/Q4877316	Beatty Street Drill Hall	http://www.wikidata.org/entity/P373c	Commons category	Beatty Armoury (Vancouver)	http://www.w3.org/2001/XMLSchema#string	
http://www.wikidata.org/entity/Q4877316	Beatty Street Drill Hall	http://www.wikidata.org/entity/P477c	Canadian Register of Historic Places ID	4344	http://www.w3.org/2001/XMLSchema#string	
http://www.wikidata.org/entity/Q4877316	Beatty Street Drill Hall	http://www.wikidata.org/entity/P969c	located at street address	620 Beatty Street	http://www.w3.org/2001/XMLSchema#string	
