sub	subl	prop	propl	obj	obj_t	obj_l
http://www.wikidata.org/entity/Q193639	Royal Albert Hall	http://schema.org/description	description	concert hall on the northern edge of South Kensington, London	http://www.w3.org/1999/02/22-rdf-syntax-ns#langString	
http://www.wikidata.org/entity/Q193639	Royal Albert Hall	http://www.w3.org/1999/02/22-rdf-syntax-ns#type	type	http://www.wikidata.org/entity/Q1060829	entity	concert hall
http://www.wikidata.org/entity/Q193639	Royal Albert Hall	http://www.w3.org/1999/02/22-rdf-syntax-ns#type	type	http://www.wikidata.org/entity/Q24354	entity	theater
http://www.wikidata.org/entity/Q193639	Royal Albert Hall	http://www.w3.org/1999/02/22-rdf-syntax-ns#type	type	http://www.wikidata.org/ontology#Item	entity	Item
http://www.wikidata.org/entity/Q193639	Royal Albert Hall	http://www.w3.org/2000/01/rdf-schema#label	label	Royal Albert Hall	http://www.w3.org/1999/02/22-rdf-syntax-ns#langString	
http://www.wikidata.org/entity/Q193639	Royal Albert Hall	http://www.w3.org/2003/01/geo/wgs84_pos#lat	latitude	51.5009	http://www.w3.org/2001/XMLSchema#float	
http://www.wikidata.org/entity/Q193639	Royal Albert Hall	http://www.w3.org/2003/01/geo/wgs84_pos#long	longitude	-0.177436	http://www.w3.org/2001/XMLSchema#float	
http://www.wikidata.org/entity/Q193639	Royal Albert Hall	http://www.w3.org/2004/02/skos/core#altLabel	alternative label	Royal Albert Hall of Arts and Sciences	http://www.w3.org/1999/02/22-rdf-syntax-ns#langString	
http://www.wikidata.org/entity/Q193639	Royal Albert Hall	http://www.wikidata.org/entity/P1004c	MusicBrainz place ID	4352063b-a833-421b-a420-e7fb295dece0	http://www.w3.org/2001/XMLSchema#string	
http://www.wikidata.org/entity/Q193639	Royal Albert Hall	http://www.wikidata.org/entity/P1216c	National Heritage List for England number	1217742	http://www.w3.org/2001/XMLSchema#string	
http://www.wikidata.org/entity/Q193639	Royal Albert Hall	http://www.wikidata.org/entity/P131c	located in the administrative territorial entity	http://www.wikidata.org/entity/Q179351	entity	City of Westminster
http://www.wikidata.org/entity/Q193639	Royal Albert Hall	http://www.wikidata.org/entity/P1435c	heritage status	http://www.wikidata.org/entity/Q15700818	entity	Grade I listed building
http://www.wikidata.org/entity/Q193639	Royal Albert Hall	http://www.wikidata.org/entity/P149c	architectural style	http://www.wikidata.org/entity/Q615196	entity	Italianate architecture
http://www.wikidata.org/entity/Q193639	Royal Albert Hall	http://www.wikidata.org/entity/P1566c	GeoNames ID	6944344	http://www.w3.org/2001/XMLSchema#string	
http://www.wikidata.org/entity/Q193639	Royal Albert Hall	http://www.wikidata.org/entity/P17c	country	http://www.wikidata.org/entity/Q145	entity	United Kingdom
http://www.wikidata.org/entity/Q193639	Royal Albert Hall	http://www.wikidata.org/entity/P18c	image	http://commons.wikimedia.org/wiki/File:Royal_Albert_Hall,_London_-_Nov_2012.jpg	uri	null
http://www.wikidata.org/entity/Q193639	Royal Albert Hall	http://www.wikidata.org/entity/P193c	main building contractor	http://www.wikidata.org/entity/Q6696097	entity	Lucas Brothers, Builders
http://www.wikidata.org/entity/Q193639	Royal Albert Hall	http://www.wikidata.org/entity/P214c	VIAF ID	155273907	http://www.w3.org/2001/XMLSchema#string	
http://www.wikidata.org/entity/Q193639	Royal Albert Hall	http://www.wikidata.org/entity/P227c	GND ID	4801064-9	http://www.w3.org/2001/XMLSchema#string	
http://www.wikidata.org/entity/Q193639	Royal Albert Hall	http://www.wikidata.org/entity/P245c	ULAN ID	500301950	http://www.w3.org/2001/XMLSchema#string	
http://www.wikidata.org/entity/Q193639	Royal Albert Hall	http://www.wikidata.org/entity/P2468c	Theatricalia theatre ID	1ch	http://www.w3.org/2001/XMLSchema#string	
http://www.wikidata.org/entity/Q193639	Royal Albert Hall	http://www.wikidata.org/entity/P268c	BnF ID	146064698	http://www.w3.org/2001/XMLSchema#string	
http://www.wikidata.org/entity/Q193639	Royal Albert Hall	http://www.wikidata.org/entity/P269c	SUDOC authorities	10919621X	http://www.w3.org/2001/XMLSchema#string	
http://www.wikidata.org/entity/Q193639	Royal Albert Hall	http://www.wikidata.org/entity/P31c	instance of	http://www.wikidata.org/entity/Q1060829	entity	concert hall
http://www.wikidata.org/entity/Q193639	Royal Albert Hall	http://www.wikidata.org/entity/P31c	instance of	http://www.wikidata.org/entity/Q24354	entity	theater
http://www.wikidata.org/entity/Q193639	Royal Albert Hall	http://www.wikidata.org/entity/P373c	Commons category	Royal Albert Hall	http://www.w3.org/2001/XMLSchema#string	
http://www.wikidata.org/entity/Q193639	Royal Albert Hall	http://www.wikidata.org/entity/P646-freebase	Freebase ID	http://rdf.freebase.com/ns/m.018g60	entity	Royal Albert Hall, London
http://www.wikidata.org/entity/Q193639	Royal Albert Hall	http://www.wikidata.org/entity/P646c	Freebase ID	/m/018g60	http://www.w3.org/2001/XMLSchema#string	
http://www.wikidata.org/entity/Q193639	Royal Albert Hall	http://www.wikidata.org/entity/P84c	architect	http://www.wikidata.org/entity/Q3378439	entity	Francis Fowke
http://www.wikidata.org/entity/Q193639	Royal Albert Hall	http://www.wikidata.org/entity/P84c	architect	http://www.wikidata.org/entity/Q5730648	entity	Henry Young Darracott Scott
http://www.wikidata.org/entity/Q193639	Royal Albert Hall	http://www.wikidata.org/entity/P856c	official website	http://www.royalalberthall.com	uri	null
http://www.wikidata.org/entity/Q193639	Royal Albert Hall	http://www.wikidata.org/entity/P910c	topic's main category	http://www.wikidata.org/entity/Q8684214	entity	Category:Royal Albert Hall
