sub	subl	prop	propl	obj	obj_t	obj_l
http://dbpedia.org/resource/Aberdeen_Centre	Aberdeen Centre	http://dbpedia.org/ontology/Building/floorArea	floor area (m2)	35303.1552	http://dbpedia.org/datatype/squareMetre	
http://dbpedia.org/resource/Aberdeen_Centre	Aberdeen Centre	http://dbpedia.org/ontology/abstract	has abstract	Aberdeen Centre (traditional Chinese: 時代坊; simplified Chinese: 时代坊; pinyin: Shídàifāng) is a shopping mall in Richmond, British Columbia. It is located in the Golden Village district on Hazelbridge Way, bordered by Cambie Road to the north.	http://www.w3.org/1999/02/22-rdf-syntax-ns#langString	
http://dbpedia.org/resource/Aberdeen_Centre	Aberdeen Centre	http://dbpedia.org/ontology/floorArea	floor area (m2)	35303.2	http://www.w3.org/2001/XMLSchema#double	
http://dbpedia.org/resource/Aberdeen_Centre	Aberdeen Centre	http://dbpedia.org/ontology/location	location	http://dbpedia.org/resource/British_Columbia	entity	British Columbia
http://dbpedia.org/resource/Aberdeen_Centre	Aberdeen Centre	http://dbpedia.org/ontology/location	location	http://dbpedia.org/resource/Richmond,_British_Columbia	entity	Richmond, British Columbia
http://dbpedia.org/resource/Aberdeen_Centre	Aberdeen Centre	http://dbpedia.org/ontology/owner	owner	http://dbpedia.org/resource/Fairchild_Group	entity	Fairchild Group
http://dbpedia.org/resource/Aberdeen_Centre	Aberdeen Centre	http://dbpedia.org/ontology/wikiPageExternalLink	Link from a Wikipage to an external page	http://www.aberdeencentre.com	uri	null
http://dbpedia.org/resource/Aberdeen_Centre	Aberdeen Centre	http://dbpedia.org/ontology/wikiPageExternalLink	Link from a Wikipage to an external page	http://www.aberdeencentre.com/en/index.php	uri	null
http://dbpedia.org/resource/Aberdeen_Centre	Aberdeen Centre	http://dbpedia.org/ontology/wikiPageExternalLink	Link from a Wikipage to an external page	http://www.canada.com/story_print.html?id=09fc32da-a0b7-4d0b-bff2-132551189336	uri	null
http://dbpedia.org/resource/Aberdeen_Centre	Aberdeen Centre	http://dbpedia.org/ontology/wikiPageExternalLink	Link from a Wikipage to an external page	http://www.webcitation.org/6WOVprzGd	uri	null
http://dbpedia.org/resource/Aberdeen_Centre	Aberdeen Centre	http://dbpedia.org/ontology/wikiPageID	Wikipage page ID	3726149	http://www.w3.org/2001/XMLSchema#integer	
http://dbpedia.org/resource/Aberdeen_Centre	Aberdeen Centre	http://dbpedia.org/ontology/wikiPageLength	page length (characters) of wiki page	5816	http://www.w3.org/2001/XMLSchema#nonNegativeInteger	
http://dbpedia.org/resource/Aberdeen_Centre	Aberdeen Centre	http://dbpedia.org/ontology/wikiPageOutDegree	Wiki page out degree	36	http://www.w3.org/2001/XMLSchema#nonNegativeInteger	
http://dbpedia.org/resource/Aberdeen_Centre	Aberdeen Centre	http://dbpedia.org/ontology/wikiPageRevisionID	Wikipage revision ID	742254097	http://www.w3.org/2001/XMLSchema#integer	
http://dbpedia.org/resource/Aberdeen_Centre	Aberdeen Centre	http://purl.org/dc/terms/subject	Subject	http://dbpedia.org/resource/Category:Buildings_and_structures_in_Richmond,_British_Columbia	entity	Buildings and structures in Richmond, British Columbia
http://dbpedia.org/resource/Aberdeen_Centre	Aberdeen Centre	http://purl.org/dc/terms/subject	Subject	http://dbpedia.org/resource/Category:Shopping_malls_established_in_1989	entity	Shopping malls established in 1989
http://dbpedia.org/resource/Aberdeen_Centre	Aberdeen Centre	http://purl.org/dc/terms/subject	Subject	http://dbpedia.org/resource/Category:Shopping_malls_in_Metro_Vancouver	entity	Shopping malls in Metro Vancouver
http://dbpedia.org/resource/Aberdeen_Centre	Aberdeen Centre	http://www.georss.org/georss/point	null	49.184053 -123.133639	http://www.w3.org/2001/XMLSchema#string	
http://dbpedia.org/resource/Aberdeen_Centre	Aberdeen Centre	http://www.w3.org/1999/02/22-rdf-syntax-ns#type	type	http://dbpedia.org/ontology/ArchitecturalStructure	entity	architectural structure
http://dbpedia.org/resource/Aberdeen_Centre	Aberdeen Centre	http://www.w3.org/1999/02/22-rdf-syntax-ns#type	type	http://dbpedia.org/ontology/Building	entity	building
http://dbpedia.org/resource/Aberdeen_Centre	Aberdeen Centre	http://www.w3.org/1999/02/22-rdf-syntax-ns#type	type	http://dbpedia.org/ontology/Location	uri	null
http://dbpedia.org/resource/Aberdeen_Centre	Aberdeen Centre	http://www.w3.org/1999/02/22-rdf-syntax-ns#type	type	http://dbpedia.org/ontology/Place	entity	place
http://dbpedia.org/resource/Aberdeen_Centre	Aberdeen Centre	http://www.w3.org/1999/02/22-rdf-syntax-ns#type	type	http://dbpedia.org/ontology/ShoppingMall	entity	shopping mall
http://dbpedia.org/resource/Aberdeen_Centre	Aberdeen Centre	http://www.w3.org/1999/02/22-rdf-syntax-ns#type	type	http://schema.org/Place	entity	Place
http://dbpedia.org/resource/Aberdeen_Centre	Aberdeen Centre	http://www.w3.org/1999/02/22-rdf-syntax-ns#type	type	http://schema.org/ShoppingCenter	entity	ShoppingCenter
http://dbpedia.org/resource/Aberdeen_Centre	Aberdeen Centre	http://www.w3.org/1999/02/22-rdf-syntax-ns#type	type	http://www.w3.org/2002/07/owl#Thing	entity	Thing
http://dbpedia.org/resource/Aberdeen_Centre	Aberdeen Centre	http://www.w3.org/1999/02/22-rdf-syntax-ns#type	type	http://www.w3.org/2003/01/geo/wgs84_pos#SpatialThing	entity	Spatial Thing
http://dbpedia.org/resource/Aberdeen_Centre	Aberdeen Centre	http://www.w3.org/1999/02/22-rdf-syntax-ns#type	type	http://www.wikidata.org/entity/Q11315	entity	shopping mall
http://dbpedia.org/resource/Aberdeen_Centre	Aberdeen Centre	http://www.w3.org/1999/02/22-rdf-syntax-ns#type	type	http://www.wikidata.org/entity/Q41176	entity	building
http://dbpedia.org/resource/Aberdeen_Centre	Aberdeen Centre	http://www.w3.org/2000/01/rdf-schema#comment	comment	Aberdeen Centre (traditional Chinese: 時代坊; simplified Chinese: 时代坊; pinyin: Shídàifāng) is a shopping mall in Richmond, British Columbia. It is located in the Golden Village district on Hazelbridge Way, bordered by Cambie Road to the north.	http://www.w3.org/1999/02/22-rdf-syntax-ns#langString	
http://dbpedia.org/resource/Aberdeen_Centre	Aberdeen Centre	http://www.w3.org/2000/01/rdf-schema#label	label	Aberdeen Centre	http://www.w3.org/1999/02/22-rdf-syntax-ns#langString	
http://dbpedia.org/resource/Aberdeen_Centre	Aberdeen Centre	http://www.w3.org/2002/07/owl#sameAs	sameAs	http://dbpedia.org/resource/Aberdeen_Centre	entity	Aberdeen Centre
http://dbpedia.org/resource/Aberdeen_Centre	Aberdeen Centre	http://www.w3.org/2002/07/owl#sameAs	sameAs	http://rdf.freebase.com/ns/m.09xgkr	entity	Aberdeen Centre
http://dbpedia.org/resource/Aberdeen_Centre	Aberdeen Centre	http://www.w3.org/2002/07/owl#sameAs	sameAs	http://sws.geonames.org/7302208/	entity	Aberdeen Centre
http://dbpedia.org/resource/Aberdeen_Centre	Aberdeen Centre	http://www.w3.org/2002/07/owl#sameAs	sameAs	http://www.wikidata.org/entity/Q4666899	entity	Aberdeen Centre
http://dbpedia.org/resource/Aberdeen_Centre	Aberdeen Centre	http://www.w3.org/2003/01/geo/wgs84_pos#lat	latitude	49.1841	http://www.w3.org/2001/XMLSchema#float	
http://dbpedia.org/resource/Aberdeen_Centre	Aberdeen Centre	http://www.w3.org/2003/01/geo/wgs84_pos#long	longtitude	-123.134	http://www.w3.org/2001/XMLSchema#float	
http://dbpedia.org/resource/Aberdeen_Centre	Aberdeen Centre	http://www.w3.org/ns/prov#wasDerivedFrom	wasDerivedFrom	http://en.wikipedia.org/wiki/Aberdeen_Centre?oldid=742254097	uri	null
http://dbpedia.org/resource/Aberdeen_Centre	Aberdeen Centre	http://xmlns.com/foaf/0.1/homepage	homepage	http://www.aberdeencentre.com	uri	null
http://dbpedia.org/resource/Aberdeen_Centre	Aberdeen Centre	http://xmlns.com/foaf/0.1/isPrimaryTopicOf	is primary topic of	http://en.wikipedia.org/wiki/Aberdeen_Centre	uri	null
http://dbpedia.org/resource/Aberdeen_Centre	Aberdeen Centre	http://xmlns.com/foaf/0.1/name	name	Aberdeen Centre	http://www.w3.org/1999/02/22-rdf-syntax-ns#langString	
