sub	subl	prop	propl	obj	obj_t	obj_l
http://rdf.freebase.com/ns/m.09xgkr	Aberdeen Centre	http://rdf.freebase.com/key/en	com/key/en	aberdeen_centre	http://www.w3.org/2001/XMLSchema#string	
http://rdf.freebase.com/ns/m.09xgkr	Aberdeen Centre	http://rdf.freebase.com/key/wikipedia.en	en	Aberdeen_Center	http://www.w3.org/2001/XMLSchema#string	
http://rdf.freebase.com/ns/m.09xgkr	Aberdeen Centre	http://rdf.freebase.com/key/wikipedia.en	en	Aberdeen_Centre	http://www.w3.org/2001/XMLSchema#string	
http://rdf.freebase.com/ns/m.09xgkr	Aberdeen Centre	http://rdf.freebase.com/key/wikipedia.en_id	en_id	3726149	http://www.w3.org/2001/XMLSchema#string	
http://rdf.freebase.com/ns/m.09xgkr	Aberdeen Centre	http://rdf.freebase.com/key/wikipedia.en_title	en_title	Aberdeen_Centre	http://www.w3.org/2001/XMLSchema#string	
http://rdf.freebase.com/ns/m.09xgkr	Aberdeen Centre	http://rdf.freebase.com/ns/architecture.structure.opened	Opened	1989	http://www.w3.org/2001/XMLSchema#gYear	
http://rdf.freebase.com/ns/m.09xgkr	Aberdeen Centre	http://rdf.freebase.com/ns/business.shopping_center.address	Address	http://rdf.freebase.com/ns/g.11btvgz61s	uri	null
http://rdf.freebase.com/ns/m.09xgkr	Aberdeen Centre	http://rdf.freebase.com/ns/business.shopping_center.address	Address	http://rdf.freebase.com/ns/m.045ymx6	uri	null
http://rdf.freebase.com/ns/m.09xgkr	Aberdeen Centre	http://rdf.freebase.com/ns/business.shopping_center.number_of_stores	Number of stores	http://rdf.freebase.com/ns/m.0ng837h	uri	null
http://rdf.freebase.com/ns/m.09xgkr	Aberdeen Centre	http://rdf.freebase.com/ns/common.topic.article	Article	Aberdeen Centre is a shopping mall in Richmond, British Columbia. It is located in the Golden Village district on Hazelbridge Way, bordered by Cambie Road to the north. It primarily serves the Asian Canadian population in the Metro Vancouver area, but is striving towards an appeal to Western customers as well. It was named after the famous Aberdeen Harbour of Hong Kong. Aberdeen Centre is also in the process of constructing a condominium complex attached to the mall itself. The mall is owned by the Fairchild Group, a company that also owns and operates many of the Chinese language television channels and radio stations in Vancouver, Calgary and Toronto. Free wireless internet access is available in the mall primarily in the 3rd floor food court. The original Aberdeen Centre was built in 1989 and was one of the first Asian malls in Canada. It contained about 50 to 75 stores, including a bowling alley and a movie theatre that showed Chinese films. At that time, the Chinese name of the mall was also borrowed from the Aberdeen Harbour in Hong Kong: which literally means "Little Hong Kong". The mall was called "Little Hong Kong Centre" in Chinese. In fact, Aberdeen Centre is also a	http://www.w3.org/1999/02/22-rdf-syntax-ns#langString	
http://rdf.freebase.com/ns/m.09xgkr	Aberdeen Centre	http://rdf.freebase.com/ns/common.topic.description	Description	Aberdeen Centre is a shopping mall in Richmond, British Columbia. It is located in the Golden Village district on Hazelbridge Way, bordered by Cambie Road to the north.	http://www.w3.org/1999/02/22-rdf-syntax-ns#langString	
http://rdf.freebase.com/ns/m.09xgkr	Aberdeen Centre	http://rdf.freebase.com/ns/common.topic.notable_for	Notable for	Shopping center	http://www.w3.org/1999/02/22-rdf-syntax-ns#langString	
http://rdf.freebase.com/ns/m.09xgkr	Aberdeen Centre	http://rdf.freebase.com/ns/common.topic.notable_types	Notable types	http://rdf.freebase.com/ns/m.03hx9c7	entity	Shopping center
http://rdf.freebase.com/ns/m.09xgkr	Aberdeen Centre	http://rdf.freebase.com/ns/common.topic.official_website	Official website	http://www.aberdeencentre.com/	uri	null
http://rdf.freebase.com/ns/m.09xgkr	Aberdeen Centre	http://rdf.freebase.com/ns/common.topic.topic_equivalent_webpage	Topic equivalent webpage	http://en.wikipedia.org/wiki/Aberdeen_Centre	uri	null
http://rdf.freebase.com/ns/m.09xgkr	Aberdeen Centre	http://rdf.freebase.com/ns/common.topic.topic_equivalent_webpage	Topic equivalent webpage	http://en.wikipedia.org/wiki/index.html?curid=3726149	uri	null
http://rdf.freebase.com/ns/m.09xgkr	Aberdeen Centre	http://rdf.freebase.com/ns/common.topic.topic_equivalent_webpage	Topic equivalent webpage	http://zh.wikipedia.org/wiki/index.html?curid=575597	uri	null
http://rdf.freebase.com/ns/m.09xgkr	Aberdeen Centre	http://rdf.freebase.com/ns/common.topic.topic_equivalent_webpage	Topic equivalent webpage	http://zh.wikipedia.org/zh-cn/%42%E3%4A	uri	null
http://rdf.freebase.com/ns/m.09xgkr	Aberdeen Centre	http://rdf.freebase.com/ns/common.topic.topic_equivalent_webpage	Topic equivalent webpage	http://zh.wikipedia.org/zh-tw/%42%E3%4A	uri	null
http://rdf.freebase.com/ns/m.09xgkr	Aberdeen Centre	http://rdf.freebase.com/ns/common.topic.webpage	Web Link(s)	http://rdf.freebase.com/ns/m.03lg86r	uri	null
http://rdf.freebase.com/ns/m.09xgkr	Aberdeen Centre	http://rdf.freebase.com/ns/kg.object_profile.prominent_type	prominent type	http://rdf.freebase.com/ns/business.shopping_center	entity	Shopping center
http://rdf.freebase.com/ns/m.09xgkr	Aberdeen Centre	http://rdf.freebase.com/ns/location.location.containedby	Contained by	http://rdf.freebase.com/ns/m.015jr	entity	British Columbia
http://rdf.freebase.com/ns/m.09xgkr	Aberdeen Centre	http://rdf.freebase.com/ns/type.object.key	Key	/en/aberdeen_centre	http://www.w3.org/2001/XMLSchema#string	
http://rdf.freebase.com/ns/m.09xgkr	Aberdeen Centre	http://rdf.freebase.com/ns/type.object.key	Key	/wikipedia/en/Aberdeen_Center	http://www.w3.org/2001/XMLSchema#string	
http://rdf.freebase.com/ns/m.09xgkr	Aberdeen Centre	http://rdf.freebase.com/ns/type.object.key	Key	/wikipedia/en/Aberdeen_Centre	http://www.w3.org/2001/XMLSchema#string	
http://rdf.freebase.com/ns/m.09xgkr	Aberdeen Centre	http://rdf.freebase.com/ns/type.object.key	Key	/wikipedia/en_id/3726149	http://www.w3.org/2001/XMLSchema#string	
http://rdf.freebase.com/ns/m.09xgkr	Aberdeen Centre	http://rdf.freebase.com/ns/type.object.key	Key	/wikipedia/en_title/Aberdeen_Centre	http://www.w3.org/2001/XMLSchema#string	
http://rdf.freebase.com/ns/m.09xgkr	Aberdeen Centre	http://rdf.freebase.com/ns/type.object.key	Key	/wikipedia/zh-cn/时代坊	http://www.w3.org/2001/XMLSchema#string	
http://rdf.freebase.com/ns/m.09xgkr	Aberdeen Centre	http://rdf.freebase.com/ns/type.object.key	Key	/wikipedia/zh-cn/時代坊	http://www.w3.org/2001/XMLSchema#string	
http://rdf.freebase.com/ns/m.09xgkr	Aberdeen Centre	http://rdf.freebase.com/ns/type.object.key	Key	/wikipedia/zh-cn_id/575597	http://www.w3.org/2001/XMLSchema#string	
http://rdf.freebase.com/ns/m.09xgkr	Aberdeen Centre	http://rdf.freebase.com/ns/type.object.key	Key	/wikipedia/zh-cn_title/時代坊	http://www.w3.org/2001/XMLSchema#string	
http://rdf.freebase.com/ns/m.09xgkr	Aberdeen Centre	http://rdf.freebase.com/ns/type.object.key	Key	/wikipedia/zh-tw/时代坊	http://www.w3.org/2001/XMLSchema#string	
http://rdf.freebase.com/ns/m.09xgkr	Aberdeen Centre	http://rdf.freebase.com/ns/type.object.key	Key	/wikipedia/zh-tw/時代坊	http://www.w3.org/2001/XMLSchema#string	
http://rdf.freebase.com/ns/m.09xgkr	Aberdeen Centre	http://rdf.freebase.com/ns/type.object.key	Key	/wikipedia/zh-tw_id/575597	http://www.w3.org/2001/XMLSchema#string	
http://rdf.freebase.com/ns/m.09xgkr	Aberdeen Centre	http://rdf.freebase.com/ns/type.object.key	Key	/wikipedia/zh-tw_title/時代坊	http://www.w3.org/2001/XMLSchema#string	
http://rdf.freebase.com/ns/m.09xgkr	Aberdeen Centre	http://rdf.freebase.com/ns/type.object.name	Name	Aberdeen Centre	http://www.w3.org/1999/02/22-rdf-syntax-ns#langString	
http://rdf.freebase.com/ns/m.09xgkr	Aberdeen Centre	http://rdf.freebase.com/ns/type.object.type	Type	http://rdf.freebase.com/ns/architecture.structure	entity	Structure
http://rdf.freebase.com/ns/m.09xgkr	Aberdeen Centre	http://rdf.freebase.com/ns/type.object.type	Type	http://rdf.freebase.com/ns/base.type_ontology.inanimate	entity	Inanimate
http://rdf.freebase.com/ns/m.09xgkr	Aberdeen Centre	http://rdf.freebase.com/ns/type.object.type	Type	http://rdf.freebase.com/ns/base.type_ontology.non_agent	entity	Non-Agent
http://rdf.freebase.com/ns/m.09xgkr	Aberdeen Centre	http://rdf.freebase.com/ns/type.object.type	Type	http://rdf.freebase.com/ns/base.type_ontology.physically_instantiable	entity	Physically Instantiable
http://rdf.freebase.com/ns/m.09xgkr	Aberdeen Centre	http://rdf.freebase.com/ns/type.object.type	Type	http://rdf.freebase.com/ns/business.shopping_center	entity	Shopping center
http://rdf.freebase.com/ns/m.09xgkr	Aberdeen Centre	http://rdf.freebase.com/ns/type.object.type	Type	http://rdf.freebase.com/ns/common.topic	entity	Topic
http://rdf.freebase.com/ns/m.09xgkr	Aberdeen Centre	http://rdf.freebase.com/ns/type.object.type	Type	http://rdf.freebase.com/ns/location.location	entity	Location
http://rdf.freebase.com/ns/m.09xgkr	Aberdeen Centre	http://rdf.freebase.com/ns/type.object.type	Type	http://rdf.freebase.com/ns/projects.project_focus	entity	Project focus
http://rdf.freebase.com/ns/m.09xgkr	Aberdeen Centre	http://www.w3.org/1999/02/22-rdf-syntax-ns#type	type	http://rdf.freebase.com/ns/architecture.structure	entity	Structure
http://rdf.freebase.com/ns/m.09xgkr	Aberdeen Centre	http://www.w3.org/1999/02/22-rdf-syntax-ns#type	type	http://rdf.freebase.com/ns/base.type_ontology.inanimate	entity	Inanimate
http://rdf.freebase.com/ns/m.09xgkr	Aberdeen Centre	http://www.w3.org/1999/02/22-rdf-syntax-ns#type	type	http://rdf.freebase.com/ns/base.type_ontology.non_agent	entity	Non-Agent
http://rdf.freebase.com/ns/m.09xgkr	Aberdeen Centre	http://www.w3.org/1999/02/22-rdf-syntax-ns#type	type	http://rdf.freebase.com/ns/base.type_ontology.physically_instantiable	entity	Physically Instantiable
http://rdf.freebase.com/ns/m.09xgkr	Aberdeen Centre	http://www.w3.org/1999/02/22-rdf-syntax-ns#type	type	http://rdf.freebase.com/ns/business.shopping_center	entity	Shopping center
http://rdf.freebase.com/ns/m.09xgkr	Aberdeen Centre	http://www.w3.org/1999/02/22-rdf-syntax-ns#type	type	http://rdf.freebase.com/ns/common.topic	entity	Topic
http://rdf.freebase.com/ns/m.09xgkr	Aberdeen Centre	http://www.w3.org/1999/02/22-rdf-syntax-ns#type	type	http://rdf.freebase.com/ns/location.location	entity	Location
http://rdf.freebase.com/ns/m.09xgkr	Aberdeen Centre	http://www.w3.org/1999/02/22-rdf-syntax-ns#type	type	http://rdf.freebase.com/ns/projects.project_focus	entity	Project focus
http://rdf.freebase.com/ns/m.09xgkr	Aberdeen Centre	http://www.w3.org/2000/01/rdf-schema#label	label	Aberdeen Centre	http://www.w3.org/1999/02/22-rdf-syntax-ns#langString	
http://rdf.freebase.com/ns/m.09xgkr	Aberdeen Centre	http://www.w3.org/2003/01/geo/wgs84_pos#lat	latitude	49.184053	http://www.w3.org/2001/XMLSchema#float	
http://rdf.freebase.com/ns/m.09xgkr	Aberdeen Centre	http://www.w3.org/2003/01/geo/wgs84_pos#long	longitude	-123.133639	http://www.w3.org/2001/XMLSchema#float	
