sub	subl	prop	propl	obj	obj_t	obj_l
http://dbpedia.org/resource/Harvey_House_(Florence,_Kansas)	Harvey House (Florence, Kansas)	http://dbpedia.org/ontology/abstract	has abstract	Harvey House of Florence, Kansas, United States, also known under the older name of Clifton Hotel, was listed on the National Register of Historic Places (NRHP) in 1973.	http://www.w3.org/1999/02/22-rdf-syntax-ns#langString	
http://dbpedia.org/resource/Harvey_House_(Florence,_Kansas)	Harvey House (Florence, Kansas)	http://dbpedia.org/ontology/added	added	1973-08-14	http://www.w3.org/2001/XMLSchema#date	
http://dbpedia.org/resource/Harvey_House_(Florence,_Kansas)	Harvey House (Florence, Kansas)	http://dbpedia.org/ontology/location	location	http://dbpedia.org/resource/Florence,_Kansas	entity	Florence, Kansas
http://dbpedia.org/resource/Harvey_House_(Florence,_Kansas)	Harvey House (Florence, Kansas)	http://dbpedia.org/ontology/nrhpReferenceNumber	NRHP Reference Number	73000763	http://www.w3.org/2001/XMLSchema#string	
http://dbpedia.org/resource/Harvey_House_(Florence,_Kansas)	Harvey House (Florence, Kansas)	http://dbpedia.org/ontology/wikiPageExternalLink	Link from a Wikipage to an external page	http://www.florenceks.com/text/local/local_harvey_house.htm	uri	null
http://dbpedia.org/resource/Harvey_House_(Florence,_Kansas)	Harvey House (Florence, Kansas)	http://dbpedia.org/ontology/wikiPageExternalLink	Link from a Wikipage to an external page	http://www.ksdot.org/burtransplan/maps/city-pdf/florence.pdf	uri	null
http://dbpedia.org/resource/Harvey_House_(Florence,_Kansas)	Harvey House (Florence, Kansas)	http://dbpedia.org/ontology/wikiPageID	Wikipage page ID	32333239	http://www.w3.org/2001/XMLSchema#integer	
http://dbpedia.org/resource/Harvey_House_(Florence,_Kansas)	Harvey House (Florence, Kansas)	http://dbpedia.org/ontology/wikiPageLength	page length (characters) of wiki page	3981	http://www.w3.org/2001/XMLSchema#nonNegativeInteger	
http://dbpedia.org/resource/Harvey_House_(Florence,_Kansas)	Harvey House (Florence, Kansas)	http://dbpedia.org/ontology/wikiPageOutDegree	Wiki page out degree	17	http://www.w3.org/2001/XMLSchema#nonNegativeInteger	
http://dbpedia.org/resource/Harvey_House_(Florence,_Kansas)	Harvey House (Florence, Kansas)	http://dbpedia.org/ontology/wikiPageRevisionID	Wikipage revision ID	713385835	http://www.w3.org/2001/XMLSchema#integer	
http://dbpedia.org/resource/Harvey_House_(Florence,_Kansas)	Harvey House (Florence, Kansas)	http://dbpedia.org/ontology/yearOfConstruction	year of construction	1876	http://www.w3.org/2001/XMLSchema#gYear	
http://dbpedia.org/resource/Harvey_House_(Florence,_Kansas)	Harvey House (Florence, Kansas)	http://purl.org/dc/terms/subject	Subject	http://dbpedia.org/resource/Category:Fred_Harvey_Company	entity	Fred Harvey Company
http://dbpedia.org/resource/Harvey_House_(Florence,_Kansas)	Harvey House (Florence, Kansas)	http://purl.org/dc/terms/subject	Subject	http://dbpedia.org/resource/Category:Historic_house_museums_in_Kansas	entity	Historic house museums in Kansas
http://dbpedia.org/resource/Harvey_House_(Florence,_Kansas)	Harvey House (Florence, Kansas)	http://purl.org/dc/terms/subject	Subject	http://dbpedia.org/resource/Category:Houses_completed_in_1876	entity	Houses completed in 1876
http://dbpedia.org/resource/Harvey_House_(Florence,_Kansas)	Harvey House (Florence, Kansas)	http://purl.org/dc/terms/subject	Subject	http://dbpedia.org/resource/Category:Houses_in_Marion_County,_Kansas	entity	Houses in Marion County, Kansas
http://dbpedia.org/resource/Harvey_House_(Florence,_Kansas)	Harvey House (Florence, Kansas)	http://purl.org/dc/terms/subject	Subject	http://dbpedia.org/resource/Category:Houses_on_the_National_Register_of_Historic_Places_in_Kansas	entity	Houses on the National Register of Historic Places in Kansas
http://dbpedia.org/resource/Harvey_House_(Florence,_Kansas)	Harvey House (Florence, Kansas)	http://purl.org/dc/terms/subject	Subject	http://dbpedia.org/resource/Category:Museums_in_Marion_County,_Kansas	entity	Museums in Marion County, Kansas
http://dbpedia.org/resource/Harvey_House_(Florence,_Kansas)	Harvey House (Florence, Kansas)	http://purl.org/dc/terms/subject	Subject	http://dbpedia.org/resource/Category:National_Register_of_Historic_Places_in_Marion_County,_Kansas	entity	National Register of Historic Places in Marion County, Kansas
http://dbpedia.org/resource/Harvey_House_(Florence,_Kansas)	Harvey House (Florence, Kansas)	http://www.georss.org/georss/point	null	38.24 -96.92805555555556	http://www.w3.org/2001/XMLSchema#string	
http://dbpedia.org/resource/Harvey_House_(Florence,_Kansas)	Harvey House (Florence, Kansas)	http://www.w3.org/1999/02/22-rdf-syntax-ns#type	type	http://dbpedia.org/ontology/ArchitecturalStructure	entity	architectural structure
http://dbpedia.org/resource/Harvey_House_(Florence,_Kansas)	Harvey House (Florence, Kansas)	http://www.w3.org/1999/02/22-rdf-syntax-ns#type	type	http://dbpedia.org/ontology/Building	entity	building
http://dbpedia.org/resource/Harvey_House_(Florence,_Kansas)	Harvey House (Florence, Kansas)	http://www.w3.org/1999/02/22-rdf-syntax-ns#type	type	http://dbpedia.org/ontology/Location	uri	null
http://dbpedia.org/resource/Harvey_House_(Florence,_Kansas)	Harvey House (Florence, Kansas)	http://www.w3.org/1999/02/22-rdf-syntax-ns#type	type	http://dbpedia.org/ontology/Place	entity	place
http://dbpedia.org/resource/Harvey_House_(Florence,_Kansas)	Harvey House (Florence, Kansas)	http://www.w3.org/1999/02/22-rdf-syntax-ns#type	type	http://schema.org/Place	entity	Place
http://dbpedia.org/resource/Harvey_House_(Florence,_Kansas)	Harvey House (Florence, Kansas)	http://www.w3.org/1999/02/22-rdf-syntax-ns#type	type	http://www.w3.org/2002/07/owl#Thing	entity	Thing
http://dbpedia.org/resource/Harvey_House_(Florence,_Kansas)	Harvey House (Florence, Kansas)	http://www.w3.org/1999/02/22-rdf-syntax-ns#type	type	http://www.w3.org/2003/01/geo/wgs84_pos#SpatialThing	entity	Spatial Thing
http://dbpedia.org/resource/Harvey_House_(Florence,_Kansas)	Harvey House (Florence, Kansas)	http://www.w3.org/1999/02/22-rdf-syntax-ns#type	type	http://www.wikidata.org/entity/Q41176	entity	building
http://dbpedia.org/resource/Harvey_House_(Florence,_Kansas)	Harvey House (Florence, Kansas)	http://www.w3.org/2000/01/rdf-schema#comment	comment	Harvey House of Florence, Kansas, United States, also known under the older name of Clifton Hotel, was listed on the National Register of Historic Places (NRHP) in 1973.	http://www.w3.org/1999/02/22-rdf-syntax-ns#langString	
http://dbpedia.org/resource/Harvey_House_(Florence,_Kansas)	Harvey House (Florence, Kansas)	http://www.w3.org/2000/01/rdf-schema#label	label	Harvey House (Florence, Kansas)	http://www.w3.org/1999/02/22-rdf-syntax-ns#langString	
http://dbpedia.org/resource/Harvey_House_(Florence,_Kansas)	Harvey House (Florence, Kansas)	http://www.w3.org/2002/07/owl#sameAs	sameAs	http://dbpedia.org/resource/Harvey_House_(Florence,_Kansas)	entity	Harvey House (Florence, Kansas)
http://dbpedia.org/resource/Harvey_House_(Florence,_Kansas)	Harvey House (Florence, Kansas)	http://www.w3.org/2002/07/owl#sameAs	sameAs	http://rdf.freebase.com/ns/m.06z_wjj	entity	Harvey House
http://dbpedia.org/resource/Harvey_House_(Florence,_Kansas)	Harvey House (Florence, Kansas)	http://www.w3.org/2002/07/owl#sameAs	sameAs	http://www.wikidata.org/entity/Q14689568	entity	Harvey House (Florence, Kansas)
http://dbpedia.org/resource/Harvey_House_(Florence,_Kansas)	Harvey House (Florence, Kansas)	http://www.w3.org/2003/01/geo/wgs84_pos#lat	latitude	38.24	http://www.w3.org/2001/XMLSchema#float	
http://dbpedia.org/resource/Harvey_House_(Florence,_Kansas)	Harvey House (Florence, Kansas)	http://www.w3.org/2003/01/geo/wgs84_pos#long	longtitude	-96.9281	http://www.w3.org/2001/XMLSchema#float	
http://dbpedia.org/resource/Harvey_House_(Florence,_Kansas)	Harvey House (Florence, Kansas)	http://www.w3.org/ns/prov#wasDerivedFrom	wasDerivedFrom	http://en.wikipedia.org/wiki/Harvey_House_(Florence,_Kansas)?oldid=713385835	uri	null
http://dbpedia.org/resource/Harvey_House_(Florence,_Kansas)	Harvey House (Florence, Kansas)	http://xmlns.com/foaf/0.1/homepage	homepage	http://www.florenceks.com/text/local/local_harvey_house.htm	uri	null
http://dbpedia.org/resource/Harvey_House_(Florence,_Kansas)	Harvey House (Florence, Kansas)	http://xmlns.com/foaf/0.1/isPrimaryTopicOf	is primary topic of	http://en.wikipedia.org/wiki/Harvey_House_(Florence,_Kansas)	uri	null
http://dbpedia.org/resource/Harvey_House_(Florence,_Kansas)	Harvey House (Florence, Kansas)	http://xmlns.com/foaf/0.1/name	name	Harvey House (Florence, Kanasas)	http://www.w3.org/1999/02/22-rdf-syntax-ns#langString	
