sub	subl	prop	propl	obj	obj_t	obj_l
http://rdf.freebase.com/ns/m.0n5w7rc	P. Ravi Shankar	http://rdf.freebase.com/key/authority.imdb.name	name	nm5698493	http://www.w3.org/2001/XMLSchema#string	
http://rdf.freebase.com/ns/m.0n5w7rc	P. Ravi Shankar	http://rdf.freebase.com/key/en	com/key/en	p_ravi_shankar	http://www.w3.org/2001/XMLSchema#string	
http://rdf.freebase.com/ns/m.0n5w7rc	P. Ravi Shankar	http://rdf.freebase.com/key/wikipedia.en	en	P._Ravi_Sankar	http://www.w3.org/2001/XMLSchema#string	
http://rdf.freebase.com/ns/m.0n5w7rc	P. Ravi Shankar	http://rdf.freebase.com/key/wikipedia.en	en	P._Ravi_Shankar	http://www.w3.org/2001/XMLSchema#string	
http://rdf.freebase.com/ns/m.0n5w7rc	P. Ravi Shankar	http://rdf.freebase.com/key/wikipedia.en	en	Sai_Ravi	http://www.w3.org/2001/XMLSchema#string	
http://rdf.freebase.com/ns/m.0n5w7rc	P. Ravi Shankar	http://rdf.freebase.com/key/wikipedia.en_id	en_id	37306818	http://www.w3.org/2001/XMLSchema#string	
http://rdf.freebase.com/ns/m.0n5w7rc	P. Ravi Shankar	http://rdf.freebase.com/key/wikipedia.en_title	en_title	P._Ravi_Shankar	http://www.w3.org/2001/XMLSchema#string	
http://rdf.freebase.com/ns/m.0n5w7rc	P. Ravi Shankar	http://rdf.freebase.com/ns/award.award_nominee.award_nominations	Award Nominations	http://rdf.freebase.com/ns/m.0_krfxs	entity	Filmfare Award for Best Supporting Actor – Kannada
http://rdf.freebase.com/ns/m.0n5w7rc	P. Ravi Shankar	http://rdf.freebase.com/ns/award.award_nominee.award_nominations	Award Nominations	http://rdf.freebase.com/ns/m.0z5v08n	entity	Filmfare Award for Best Supporting Actor – Telugu
http://rdf.freebase.com/ns/m.0n5w7rc	P. Ravi Shankar	http://rdf.freebase.com/ns/award.award_winner.awards_won	Awards Won	http://rdf.freebase.com/ns/m.0_sgnv8	entity	Nandi Award for Best Male Dubbing Artist
http://rdf.freebase.com/ns/m.0n5w7rc	P. Ravi Shankar	http://rdf.freebase.com/ns/award.award_winner.awards_won	Awards Won	http://rdf.freebase.com/ns/m.0yqsv1d	entity	Nandi Award for Best Male Dubbing Artist
http://rdf.freebase.com/ns/m.0n5w7rc	P. Ravi Shankar	http://rdf.freebase.com/ns/award.award_winner.awards_won	Awards Won	http://rdf.freebase.com/ns/m.0yqwmnr	entity	Nandi Award for Best Male Dubbing Artist
http://rdf.freebase.com/ns/m.0n5w7rc	P. Ravi Shankar	http://rdf.freebase.com/ns/award.award_winner.awards_won	Awards Won	http://rdf.freebase.com/ns/m.0yqz267	entity	Nandi Award for Best Male Dubbing Artist
http://rdf.freebase.com/ns/m.0n5w7rc	P. Ravi Shankar	http://rdf.freebase.com/ns/award.award_winner.awards_won	Awards Won	http://rdf.freebase.com/ns/m.0ysrdgd	entity	Nandi Award for Best Male Dubbing Artist
http://rdf.freebase.com/ns/m.0n5w7rc	P. Ravi Shankar	http://rdf.freebase.com/ns/award.award_winner.awards_won	Awards Won	http://rdf.freebase.com/ns/m.0ystp7b	entity	Nandi Award for Best Male Dubbing Artist
http://rdf.freebase.com/ns/m.0n5w7rc	P. Ravi Shankar	http://rdf.freebase.com/ns/award.award_winner.awards_won	Awards Won	http://rdf.freebase.com/ns/m.0yt06cm	entity	Nandi Award for Best Male Dubbing Artist
http://rdf.freebase.com/ns/m.0n5w7rc	P. Ravi Shankar	http://rdf.freebase.com/ns/award.award_winner.awards_won	Awards Won	http://rdf.freebase.com/ns/m.0z9nyks	entity	Filmfare Award for Best Supporting Actor – Kannada
http://rdf.freebase.com/ns/m.0n5w7rc	P. Ravi Shankar	http://rdf.freebase.com/ns/common.topic.alias	Also known as	Bommali Ravi Shankar	http://www.w3.org/1999/02/22-rdf-syntax-ns#langString	
http://rdf.freebase.com/ns/m.0n5w7rc	P. Ravi Shankar	http://rdf.freebase.com/ns/common.topic.alias	Also known as	Pudipeddi Ravi Shankar Sarma	http://www.w3.org/1999/02/22-rdf-syntax-ns#langString	
http://rdf.freebase.com/ns/m.0n5w7rc	P. Ravi Shankar	http://rdf.freebase.com/ns/common.topic.alias	Also known as	Ravi Shankar	http://www.w3.org/1999/02/22-rdf-syntax-ns#langString	
http://rdf.freebase.com/ns/m.0n5w7rc	P. Ravi Shankar	http://rdf.freebase.com/ns/common.topic.alias	Also known as	Ravi Shankar Pudipeddi	http://www.w3.org/1999/02/22-rdf-syntax-ns#langString	
http://rdf.freebase.com/ns/m.0n5w7rc	P. Ravi Shankar	http://rdf.freebase.com/ns/common.topic.alias	Also known as	Ravishankar	http://www.w3.org/1999/02/22-rdf-syntax-ns#langString	
http://rdf.freebase.com/ns/m.0n5w7rc	P. Ravi Shankar	http://rdf.freebase.com/ns/common.topic.alias	Also known as	Sai Ravi	http://www.w3.org/1999/02/22-rdf-syntax-ns#langString	
http://rdf.freebase.com/ns/m.0n5w7rc	P. Ravi Shankar	http://rdf.freebase.com/ns/common.topic.alias	Also known as	Shankar	http://www.w3.org/1999/02/22-rdf-syntax-ns#langString	
http://rdf.freebase.com/ns/m.0n5w7rc	P. Ravi Shankar	http://rdf.freebase.com/ns/common.topic.article	Article	http://rdf.freebase.com/ns/m.0n5w7rh	uri	null
http://rdf.freebase.com/ns/m.0n5w7rc	P. Ravi Shankar	http://rdf.freebase.com/ns/common.topic.description	Description	P. Ravi Shankar also known as Bommali Ravi Shankar or Sai Ravi is an Indian film actor, dubbing artist, director and writer. He primarily works in Telugu, Tamil and Kannada films. He dubbed for over 2600 films with more than 1000 films each in Telugu and Tamil languages. He dubbed for over 150 films each in Kannada and Malayalam films. He is the brother of popular Indian actor Sai Kumar. He won seven Andhra Pradesh state Nandi Awards for Best Male Dubbing Artist and one Tamil Nadu State Film Award for Best Male Dubbing Artist. He made his directorial debut with the Kannada film Durgi in 2002. He also worked as a dialogue writer and penned dialogues for over 75 Telugu films and 150 Tamil films. He also worked as a playback singer for films such as Rakta Charitra and Bejawada. He won his first Filmfare Award for his performance in the film Kempe Gowda.	http://www.w3.org/1999/02/22-rdf-syntax-ns#langString	
http://rdf.freebase.com/ns/m.0n5w7rc	P. Ravi Shankar	http://rdf.freebase.com/ns/common.topic.notable_for	Notable for	Actor	http://www.w3.org/1999/02/22-rdf-syntax-ns#langString	
http://rdf.freebase.com/ns/m.0n5w7rc	P. Ravi Shankar	http://rdf.freebase.com/ns/common.topic.notable_types	Notable types	http://rdf.freebase.com/ns/m.0kpv1m	entity	Musical Artist
http://rdf.freebase.com/ns/m.0n5w7rc	P. Ravi Shankar	http://rdf.freebase.com/ns/common.topic.topic_equivalent_webpage	Topic equivalent webpage	http://en.wikipedia.org/wiki/P._Ravi_Shankar	uri	null
http://rdf.freebase.com/ns/m.0n5w7rc	P. Ravi Shankar	http://rdf.freebase.com/ns/common.topic.topic_equivalent_webpage	Topic equivalent webpage	http://en.wikipedia.org/wiki/index.html?curid=37306818	uri	null
http://rdf.freebase.com/ns/m.0n5w7rc	P. Ravi Shankar	http://rdf.freebase.com/ns/common.topic.topic_equivalent_webpage	Topic equivalent webpage	http://www.imdb.com/name/nm5698493/	uri	null
http://rdf.freebase.com/ns/m.0n5w7rc	P. Ravi Shankar	http://rdf.freebase.com/ns/common.topic.webpage	Web Link(s)	http://rdf.freebase.com/ns/m.0cqgqs8	uri	null
http://rdf.freebase.com/ns/m.0n5w7rc	P. Ravi Shankar	http://rdf.freebase.com/ns/film.actor.film	Film performances	http://rdf.freebase.com/ns/g.11b6nk8x6d	uri	null
http://rdf.freebase.com/ns/m.0n5w7rc	P. Ravi Shankar	http://rdf.freebase.com/ns/film.actor.film	Film performances	http://rdf.freebase.com/ns/g.11bc7__xny	entity	Abhinetri
http://rdf.freebase.com/ns/m.0n5w7rc	P. Ravi Shankar	http://rdf.freebase.com/ns/film.actor.film	Film performances	http://rdf.freebase.com/ns/m.010x38fp	entity	Maanikya
http://rdf.freebase.com/ns/m.0n5w7rc	P. Ravi Shankar	http://rdf.freebase.com/ns/film.actor.film	Film performances	http://rdf.freebase.com/ns/m.010x48kn	entity	Huchudugaru
http://rdf.freebase.com/ns/m.0n5w7rc	P. Ravi Shankar	http://rdf.freebase.com/ns/film.actor.film	Film performances	http://rdf.freebase.com/ns/m.0110_n4l	entity	Pulakeshi
http://rdf.freebase.com/ns/m.0n5w7rc	P. Ravi Shankar	http://rdf.freebase.com/ns/film.actor.film	Film performances	http://rdf.freebase.com/ns/m.0110hn_1	entity	Padam Pesum
http://rdf.freebase.com/ns/m.0n5w7rc	P. Ravi Shankar	http://rdf.freebase.com/ns/film.actor.film	Film performances	http://rdf.freebase.com/ns/m.01112720	entity	Kollaikaran
http://rdf.freebase.com/ns/m.0n5w7rc	P. Ravi Shankar	http://rdf.freebase.com/ns/film.actor.film	Film performances	http://rdf.freebase.com/ns/m.0114snjs	entity	Kote
http://rdf.freebase.com/ns/m.0n5w7rc	P. Ravi Shankar	http://rdf.freebase.com/ns/film.actor.film	Film performances	http://rdf.freebase.com/ns/m.0115_45j	entity	Dandam Dashagunam
http://rdf.freebase.com/ns/m.0n5w7rc	P. Ravi Shankar	http://rdf.freebase.com/ns/film.actor.film	Film performances	http://rdf.freebase.com/ns/m.011d88wr	entity	Shakti
http://rdf.freebase.com/ns/m.0n5w7rc	P. Ravi Shankar	http://rdf.freebase.com/ns/film.actor.film	Film performances	http://rdf.freebase.com/ns/m.012kv7_9	entity	Shivam
http://rdf.freebase.com/ns/m.0n5w7rc	P. Ravi Shankar	http://rdf.freebase.com/ns/film.actor.film	Film performances	http://rdf.freebase.com/ns/m.012qrgpf	entity	Abhinetri
http://rdf.freebase.com/ns/m.0n5w7rc	P. Ravi Shankar	http://rdf.freebase.com/ns/film.actor.film	Film performances	http://rdf.freebase.com/ns/m.012rs6y8	entity	Raja Rajendra
http://rdf.freebase.com/ns/m.0n5w7rc	P. Ravi Shankar	http://rdf.freebase.com/ns/film.actor.film	Film performances	http://rdf.freebase.com/ns/m.012zg82_	entity	Victory
http://rdf.freebase.com/ns/m.0n5w7rc	P. Ravi Shankar	http://rdf.freebase.com/ns/film.actor.film	Film performances	http://rdf.freebase.com/ns/m.012zjbwr	entity	Rudra Tandava
http://rdf.freebase.com/ns/m.0n5w7rc	P. Ravi Shankar	http://rdf.freebase.com/ns/film.actor.film	Film performances	http://rdf.freebase.com/ns/m.012zjljn	entity	Dilwala
http://rdf.freebase.com/ns/m.0n5w7rc	P. Ravi Shankar	http://rdf.freebase.com/ns/film.actor.film	Film performances	http://rdf.freebase.com/ns/m.012zkj5l	entity	Kurradu
http://rdf.freebase.com/ns/m.0n5w7rc	P. Ravi Shankar	http://rdf.freebase.com/ns/film.actor.film	Film performances	http://rdf.freebase.com/ns/m.0131z2xp	entity	Doddmane Hudga
http://rdf.freebase.com/ns/m.0n5w7rc	P. Ravi Shankar	http://rdf.freebase.com/ns/film.actor.film	Film performances	http://rdf.freebase.com/ns/m.0_tt56g	entity	Tholi Valapu
http://rdf.freebase.com/ns/m.0n5w7rc	P. Ravi Shankar	http://rdf.freebase.com/ns/film.actor.film	Film performances	http://rdf.freebase.com/ns/m.0wsgf_6	entity	Dandupalya
http://rdf.freebase.com/ns/m.0n5w7rc	P. Ravi Shankar	http://rdf.freebase.com/ns/film.actor.film	Film performances	http://rdf.freebase.com/ns/m.0x0pj7c	entity	Vettaikaaran
http://rdf.freebase.com/ns/m.0n5w7rc	P. Ravi Shankar	http://rdf.freebase.com/ns/film.actor.film	Film performances	http://rdf.freebase.com/ns/m.0x1jdmw	entity	Dhamarukam
http://rdf.freebase.com/ns/m.0n5w7rc	P. Ravi Shankar	http://rdf.freebase.com/ns/film.actor.film	Film performances	http://rdf.freebase.com/ns/m.0xnhvm_	entity	Yaare Koogadali
http://rdf.freebase.com/ns/m.0n5w7rc	P. Ravi Shankar	http://rdf.freebase.com/ns/film.actor.film	Film performances	http://rdf.freebase.com/ns/m.0y49gw0	entity	Chaarulatha
http://rdf.freebase.com/ns/m.0n5w7rc	P. Ravi Shankar	http://rdf.freebase.com/ns/film.actor.film	Film performances	http://rdf.freebase.com/ns/m.0y6dn_j	entity	Saptapadi
http://rdf.freebase.com/ns/m.0n5w7rc	P. Ravi Shankar	http://rdf.freebase.com/ns/film.actor.film	Film performances	http://rdf.freebase.com/ns/m.0yc6zmx	entity	Varadhanayaka
http://rdf.freebase.com/ns/m.0n5w7rc	P. Ravi Shankar	http://rdf.freebase.com/ns/film.actor.film	Film performances	http://rdf.freebase.com/ns/m.0z9p3j6	entity	Kempe Gowda
http://rdf.freebase.com/ns/m.0n5w7rc	P. Ravi Shankar	http://rdf.freebase.com/ns/film.actor.film	Film performances	http://rdf.freebase.com/ns/m.0zcyf76	entity	Topiwala
http://rdf.freebase.com/ns/m.0n5w7rc	P. Ravi Shankar	http://rdf.freebase.com/ns/film.director.film	Films directed	http://rdf.freebase.com/ns/m.012mzpzb	entity	Durgi
http://rdf.freebase.com/ns/m.0n5w7rc	P. Ravi Shankar	http://rdf.freebase.com/ns/film.film_crewmember.films_crewed	Films crewed	http://rdf.freebase.com/ns/m.0_sgp22	uri	null
http://rdf.freebase.com/ns/m.0n5w7rc	P. Ravi Shankar	http://rdf.freebase.com/ns/film.film_crewmember.films_crewed	Films crewed	http://rdf.freebase.com/ns/m.0yqsv26	uri	null
http://rdf.freebase.com/ns/m.0n5w7rc	P. Ravi Shankar	http://rdf.freebase.com/ns/film.film_crewmember.films_crewed	Films crewed	http://rdf.freebase.com/ns/m.0yqwnp5	uri	null
http://rdf.freebase.com/ns/m.0n5w7rc	P. Ravi Shankar	http://rdf.freebase.com/ns/film.film_crewmember.films_crewed	Films crewed	http://rdf.freebase.com/ns/m.0ys_67l	uri	null
http://rdf.freebase.com/ns/m.0n5w7rc	P. Ravi Shankar	http://rdf.freebase.com/ns/film.film_crewmember.films_crewed	Films crewed	http://rdf.freebase.com/ns/m.0yss2hv	uri	null
http://rdf.freebase.com/ns/m.0n5w7rc	P. Ravi Shankar	http://rdf.freebase.com/ns/film.film_crewmember.films_crewed	Films crewed	http://rdf.freebase.com/ns/m.0yt07s9	uri	null
http://rdf.freebase.com/ns/m.0n5w7rc	P. Ravi Shankar	http://rdf.freebase.com/ns/film.film_crewmember.films_crewed	Films crewed	http://rdf.freebase.com/ns/m.0z1bx21	uri	null
http://rdf.freebase.com/ns/m.0n5w7rc	P. Ravi Shankar	http://rdf.freebase.com/ns/film.writer.film	Film writing credits	http://rdf.freebase.com/ns/m.0fqzhk	entity	Narasimhudu
http://rdf.freebase.com/ns/m.0n5w7rc	P. Ravi Shankar	http://rdf.freebase.com/ns/freebase.valuenotation.has_value	Has value	http://rdf.freebase.com/ns/m.04m1	entity	Date of birth
http://rdf.freebase.com/ns/m.0n5w7rc	P. Ravi Shankar	http://rdf.freebase.com/ns/freebase.valuenotation.is_reviewed	Is reviewed	http://rdf.freebase.com/ns/m.02h67g7	entity	Profession
http://rdf.freebase.com/ns/m.0n5w7rc	P. Ravi Shankar	http://rdf.freebase.com/ns/freebase.valuenotation.is_reviewed	Is reviewed	http://rdf.freebase.com/ns/m.0jsd7n	entity	Gender
http://rdf.freebase.com/ns/m.0n5w7rc	P. Ravi Shankar	http://rdf.freebase.com/ns/imdb.topic.name_id	Name ID	nm5698493	http://www.w3.org/2001/XMLSchema#string	
http://rdf.freebase.com/ns/m.0n5w7rc	P. Ravi Shankar	http://rdf.freebase.com/ns/kg.object_profile.prominent_type	prominent type	http://rdf.freebase.com/ns/music.artist	entity	Musical Artist
http://rdf.freebase.com/ns/m.0n5w7rc	P. Ravi Shankar	http://rdf.freebase.com/ns/music.artist.track	Recordings	http://rdf.freebase.com/ns/m.0vp1nwr	entity	Aigiri Nandini
http://rdf.freebase.com/ns/m.0n5w7rc	P. Ravi Shankar	http://rdf.freebase.com/ns/people.person.children	Children	http://rdf.freebase.com/ns/m.0wsrh8z	entity	Adhvey Shankar
http://rdf.freebase.com/ns/m.0n5w7rc	P. Ravi Shankar	http://rdf.freebase.com/ns/people.person.gender	Gender	http://rdf.freebase.com/ns/m.05zppz	entity	Male
http://rdf.freebase.com/ns/m.0n5w7rc	P. Ravi Shankar	http://rdf.freebase.com/ns/people.person.nationality	Country of nationality	http://rdf.freebase.com/ns/m.03rk0	entity	India
http://rdf.freebase.com/ns/m.0n5w7rc	P. Ravi Shankar	http://rdf.freebase.com/ns/people.person.parents	Parents	http://rdf.freebase.com/ns/m.0y8315q	entity	Sarma P.J.
http://rdf.freebase.com/ns/m.0n5w7rc	P. Ravi Shankar	http://rdf.freebase.com/ns/people.person.place_of_birth	Place of birth	http://rdf.freebase.com/ns/m.0c8tk	entity	Chennai
http://rdf.freebase.com/ns/m.0n5w7rc	P. Ravi Shankar	http://rdf.freebase.com/ns/people.person.profession	Profession	http://rdf.freebase.com/ns/m.02hrh1q	entity	Actor
http://rdf.freebase.com/ns/m.0n5w7rc	P. Ravi Shankar	http://rdf.freebase.com/ns/people.person.profession	Profession	http://rdf.freebase.com/ns/m.02jknp	entity	Film director
http://rdf.freebase.com/ns/m.0n5w7rc	P. Ravi Shankar	http://rdf.freebase.com/ns/people.person.profession	Profession	http://rdf.freebase.com/ns/m.0dxtg	entity	Screenwriter
http://rdf.freebase.com/ns/m.0n5w7rc	P. Ravi Shankar	http://rdf.freebase.com/ns/people.person.profession	Profession	http://rdf.freebase.com/ns/m.0np9r	entity	Voice Actor
http://rdf.freebase.com/ns/m.0n5w7rc	P. Ravi Shankar	http://rdf.freebase.com/ns/people.person.sibling_s	Siblings	http://rdf.freebase.com/ns/m.0h81m4w	entity	Sai Kumar
http://rdf.freebase.com/ns/m.0n5w7rc	P. Ravi Shankar	http://rdf.freebase.com/ns/people.person.spouse_s	Spouse (or domestic partner)	http://rdf.freebase.com/ns/m.0wsrh49	entity	Suchil Ravi Shankar
http://rdf.freebase.com/ns/m.0n5w7rc	P. Ravi Shankar	http://rdf.freebase.com/ns/type.object.key	Key	/authority/imdb/name/nm5698493	http://www.w3.org/2001/XMLSchema#string	
http://rdf.freebase.com/ns/m.0n5w7rc	P. Ravi Shankar	http://rdf.freebase.com/ns/type.object.key	Key	/en/p_ravi_shankar	http://www.w3.org/2001/XMLSchema#string	
http://rdf.freebase.com/ns/m.0n5w7rc	P. Ravi Shankar	http://rdf.freebase.com/ns/type.object.key	Key	/wikipedia/en/P._Ravi_Sankar	http://www.w3.org/2001/XMLSchema#string	
http://rdf.freebase.com/ns/m.0n5w7rc	P. Ravi Shankar	http://rdf.freebase.com/ns/type.object.key	Key	/wikipedia/en/P._Ravi_Shankar	http://www.w3.org/2001/XMLSchema#string	
http://rdf.freebase.com/ns/m.0n5w7rc	P. Ravi Shankar	http://rdf.freebase.com/ns/type.object.key	Key	/wikipedia/en/Sai_Ravi	http://www.w3.org/2001/XMLSchema#string	
http://rdf.freebase.com/ns/m.0n5w7rc	P. Ravi Shankar	http://rdf.freebase.com/ns/type.object.key	Key	/wikipedia/en_id/37306818	http://www.w3.org/2001/XMLSchema#string	
http://rdf.freebase.com/ns/m.0n5w7rc	P. Ravi Shankar	http://rdf.freebase.com/ns/type.object.key	Key	/wikipedia/en_title/P._Ravi_Shankar	http://www.w3.org/2001/XMLSchema#string	
http://rdf.freebase.com/ns/m.0n5w7rc	P. Ravi Shankar	http://rdf.freebase.com/ns/type.object.name	Name	P. Ravi Shankar	http://www.w3.org/1999/02/22-rdf-syntax-ns#langString	
http://rdf.freebase.com/ns/m.0n5w7rc	P. Ravi Shankar	http://rdf.freebase.com/ns/type.object.type	Type	http://rdf.freebase.com/ns/award.award_nominee	entity	Award Nominee
http://rdf.freebase.com/ns/m.0n5w7rc	P. Ravi Shankar	http://rdf.freebase.com/ns/type.object.type	Type	http://rdf.freebase.com/ns/award.award_winner	entity	Award Winner
http://rdf.freebase.com/ns/m.0n5w7rc	P. Ravi Shankar	http://rdf.freebase.com/ns/type.object.type	Type	http://rdf.freebase.com/ns/base.type_ontology.agent	entity	Agent
http://rdf.freebase.com/ns/m.0n5w7rc	P. Ravi Shankar	http://rdf.freebase.com/ns/type.object.type	Type	http://rdf.freebase.com/ns/base.type_ontology.animate	entity	Animate
http://rdf.freebase.com/ns/m.0n5w7rc	P. Ravi Shankar	http://rdf.freebase.com/ns/type.object.type	Type	http://rdf.freebase.com/ns/base.type_ontology.physically_instantiable	entity	Physically Instantiable
http://rdf.freebase.com/ns/m.0n5w7rc	P. Ravi Shankar	http://rdf.freebase.com/ns/type.object.type	Type	http://rdf.freebase.com/ns/common.topic	entity	Topic
http://rdf.freebase.com/ns/m.0n5w7rc	P. Ravi Shankar	http://rdf.freebase.com/ns/type.object.type	Type	http://rdf.freebase.com/ns/film.actor	entity	Film actor
http://rdf.freebase.com/ns/m.0n5w7rc	P. Ravi Shankar	http://rdf.freebase.com/ns/type.object.type	Type	http://rdf.freebase.com/ns/film.film_crewmember	entity	Film crewmember
http://rdf.freebase.com/ns/m.0n5w7rc	P. Ravi Shankar	http://rdf.freebase.com/ns/type.object.type	Type	http://rdf.freebase.com/ns/film.writer	entity	Film writer
http://rdf.freebase.com/ns/m.0n5w7rc	P. Ravi Shankar	http://rdf.freebase.com/ns/type.object.type	Type	http://rdf.freebase.com/ns/music.artist	entity	Musical Artist
http://rdf.freebase.com/ns/m.0n5w7rc	P. Ravi Shankar	http://rdf.freebase.com/ns/type.object.type	Type	http://rdf.freebase.com/ns/people.person	entity	Person
http://rdf.freebase.com/ns/m.0n5w7rc	P. Ravi Shankar	http://rdf.freebase.com/ns/type.object.type	Type	http://rdf.freebase.com/ns/user.alust.default_domain.processed_with_review_queue	entity	Processed with Review Queue
http://rdf.freebase.com/ns/m.0n5w7rc	P. Ravi Shankar	http://rdf.freebase.com/ns/user.alust.default_domain.processed_with_review_queue.question_id	Question ID	/rabj/store/questions/question_337959027d11637f	http://www.w3.org/2001/XMLSchema#string	
http://rdf.freebase.com/ns/m.0n5w7rc	P. Ravi Shankar	http://www.w3.org/1999/02/22-rdf-syntax-ns#type	type	http://rdf.freebase.com/ns/award.award_nominee	entity	Award Nominee
http://rdf.freebase.com/ns/m.0n5w7rc	P. Ravi Shankar	http://www.w3.org/1999/02/22-rdf-syntax-ns#type	type	http://rdf.freebase.com/ns/award.award_winner	entity	Award Winner
http://rdf.freebase.com/ns/m.0n5w7rc	P. Ravi Shankar	http://www.w3.org/1999/02/22-rdf-syntax-ns#type	type	http://rdf.freebase.com/ns/base.type_ontology.agent	entity	Agent
http://rdf.freebase.com/ns/m.0n5w7rc	P. Ravi Shankar	http://www.w3.org/1999/02/22-rdf-syntax-ns#type	type	http://rdf.freebase.com/ns/base.type_ontology.animate	entity	Animate
http://rdf.freebase.com/ns/m.0n5w7rc	P. Ravi Shankar	http://www.w3.org/1999/02/22-rdf-syntax-ns#type	type	http://rdf.freebase.com/ns/base.type_ontology.physically_instantiable	entity	Physically Instantiable
http://rdf.freebase.com/ns/m.0n5w7rc	P. Ravi Shankar	http://www.w3.org/1999/02/22-rdf-syntax-ns#type	type	http://rdf.freebase.com/ns/common.topic	entity	Topic
http://rdf.freebase.com/ns/m.0n5w7rc	P. Ravi Shankar	http://www.w3.org/1999/02/22-rdf-syntax-ns#type	type	http://rdf.freebase.com/ns/film.actor	entity	Film actor
http://rdf.freebase.com/ns/m.0n5w7rc	P. Ravi Shankar	http://www.w3.org/1999/02/22-rdf-syntax-ns#type	type	http://rdf.freebase.com/ns/film.film_crewmember	entity	Film crewmember
http://rdf.freebase.com/ns/m.0n5w7rc	P. Ravi Shankar	http://www.w3.org/1999/02/22-rdf-syntax-ns#type	type	http://rdf.freebase.com/ns/film.writer	entity	Film writer
http://rdf.freebase.com/ns/m.0n5w7rc	P. Ravi Shankar	http://www.w3.org/1999/02/22-rdf-syntax-ns#type	type	http://rdf.freebase.com/ns/music.artist	entity	Musical Artist
http://rdf.freebase.com/ns/m.0n5w7rc	P. Ravi Shankar	http://www.w3.org/1999/02/22-rdf-syntax-ns#type	type	http://rdf.freebase.com/ns/people.person	entity	Person
http://rdf.freebase.com/ns/m.0n5w7rc	P. Ravi Shankar	http://www.w3.org/1999/02/22-rdf-syntax-ns#type	type	http://rdf.freebase.com/ns/user.alust.default_domain.processed_with_review_queue	entity	Processed with Review Queue
http://rdf.freebase.com/ns/m.0n5w7rc	P. Ravi Shankar	http://www.w3.org/2000/01/rdf-schema#label	label	P. Ravi Shankar	http://www.w3.org/1999/02/22-rdf-syntax-ns#langString	
