sub	subl	prop	propl	obj	obj_t	obj_l
http://www.wikidata.org/entity/Q7117492	P. Ravi Shankar	http://schema.org/description	description	Indian actor	http://www.w3.org/1999/02/22-rdf-syntax-ns#langString	
http://www.wikidata.org/entity/Q7117492	P. Ravi Shankar	http://www.w3.org/1999/02/22-rdf-syntax-ns#type	type	http://www.wikidata.org/entity/Q5	entity	human
http://www.wikidata.org/entity/Q7117492	P. Ravi Shankar	http://www.w3.org/1999/02/22-rdf-syntax-ns#type	type	http://www.wikidata.org/ontology#Item	entity	Item
http://www.wikidata.org/entity/Q7117492	P. Ravi Shankar	http://www.w3.org/2000/01/rdf-schema#label	label	P. Ravi Shankar	http://www.w3.org/1999/02/22-rdf-syntax-ns#langString	
http://www.wikidata.org/entity/Q7117492	P. Ravi Shankar	http://www.wikidata.org/entity/P106c	occupation	http://www.wikidata.org/entity/Q2526255	entity	film director
http://www.wikidata.org/entity/Q7117492	P. Ravi Shankar	http://www.wikidata.org/entity/P106c	occupation	http://www.wikidata.org/entity/Q33999	entity	actor
http://www.wikidata.org/entity/Q7117492	P. Ravi Shankar	http://www.wikidata.org/entity/P1412c	languages spoken, written or signed	http://www.wikidata.org/entity/Q8097	entity	Telugu
http://www.wikidata.org/entity/Q7117492	P. Ravi Shankar	http://www.wikidata.org/entity/P166c	award received	http://www.wikidata.org/entity/Q3775029	entity	Filmfare Awards South
http://www.wikidata.org/entity/Q7117492	P. Ravi Shankar	http://www.wikidata.org/entity/P19c	place of birth	http://www.wikidata.org/entity/Q1159	entity	Andhra Pradesh
http://www.wikidata.org/entity/Q7117492	P. Ravi Shankar	http://www.wikidata.org/entity/P21c	sex or gender	http://www.wikidata.org/entity/Q6581097	entity	male
http://www.wikidata.org/entity/Q7117492	P. Ravi Shankar	http://www.wikidata.org/entity/P22c	father	http://www.wikidata.org/entity/Q16201474	entity	P. J. Sarma
http://www.wikidata.org/entity/Q7117492	P. Ravi Shankar	http://www.wikidata.org/entity/P2604c	Kinopoisk person ID	1498496	http://www.w3.org/2001/XMLSchema#string	
http://www.wikidata.org/entity/Q7117492	P. Ravi Shankar	http://www.wikidata.org/entity/P2604c	Kinopoisk person ID	3268976	http://www.w3.org/2001/XMLSchema#string	
http://www.wikidata.org/entity/Q7117492	P. Ravi Shankar	http://www.wikidata.org/entity/P27c	country of citizenship	http://www.wikidata.org/entity/Q668	entity	India
http://www.wikidata.org/entity/Q7117492	P. Ravi Shankar	http://www.wikidata.org/entity/P31c	instance of	http://www.wikidata.org/entity/Q5	entity	human
http://www.wikidata.org/entity/Q7117492	P. Ravi Shankar	http://www.wikidata.org/entity/P345c	IMDb ID	nm5698493	http://www.w3.org/2001/XMLSchema#string	
http://www.wikidata.org/entity/Q7117492	P. Ravi Shankar	http://www.wikidata.org/entity/P569c	date of birth	1966	http://www.w3.org/2001/XMLSchema#gYear	
http://www.wikidata.org/entity/Q7117492	P. Ravi Shankar	http://www.wikidata.org/entity/P735c	given name	http://www.wikidata.org/entity/Q19803513	entity	P.
http://www.wikidata.org/entity/Q7117492	P. Ravi Shankar	http://www.wikidata.org/entity/P7c	brother	http://www.wikidata.org/entity/Q7399797	entity	Sai Kumar
