sub	subl	prop	propl	obj	obj_t	obj_l
http://rdf.freebase.com/ns/m.02w32hq	Ravi Shankar Prasad	http://rdf.freebase.com/key/authority.google.google_plus_page	google_plus_page	114084850997523768843	http://www.w3.org/2001/XMLSchema#string	
http://rdf.freebase.com/ns/m.02w32hq	Ravi Shankar Prasad	http://rdf.freebase.com/key/en	com/key/en	ravi_shankar_prasad	http://www.w3.org/2001/XMLSchema#string	
http://rdf.freebase.com/ns/m.02w32hq	Ravi Shankar Prasad	http://rdf.freebase.com/key/wikipedia.en	en	Ravi_Shankar_Prasad	http://www.w3.org/2001/XMLSchema#string	
http://rdf.freebase.com/ns/m.02w32hq	Ravi Shankar Prasad	http://rdf.freebase.com/key/wikipedia.en_id	en_id	12395952	http://www.w3.org/2001/XMLSchema#string	
http://rdf.freebase.com/ns/m.02w32hq	Ravi Shankar Prasad	http://rdf.freebase.com/key/wikipedia.en_title	en_title	Ravi_Shankar_Prasad	http://www.w3.org/2001/XMLSchema#string	
http://rdf.freebase.com/ns/m.02w32hq	Ravi Shankar Prasad	http://rdf.freebase.com/ns/common.topic.article	Article	Ravi Shankar Prasad (Hindi: रवि शंकर प्रसाद, b. August 30, 1954) is an Indian lawyer and politician belonging to the Bharatiya Janata Party (BJP). He represents Bihar in the Rajya Sabha, the upper house of the Parliament of India. He held the position of Minister of State in the Ministry of Coal and Mines, the Ministry of Law and Justice, and the Ministry of Information and Broadcasting during the National Democratic Alliance government. Prasad was born into a prominent family of Patna, Bihar. His father Thakur Prasad was a Senior Advocate at the Patna High Court and one of the founders of the Jan Sangh, which is now the BJP. Ravi Prasad earned BA Hons, MA (Political Science) and LLB degrees from Patna University. He married Maya Shankar on February 3, 1982. Maya is a professor of history at Patna University. Prasad began his political career as a student leader in the 1970s organising protests against Indira Gandhi's government. He worked in the student movement in Bihar under the leadership of Jayaprakash Narayan and was imprisoned during the Emergency. He was associated with Akhil Bharatiya Vidyarthi Parishad for many years and held various posts in the organisation. During his	http://www.w3.org/1999/02/22-rdf-syntax-ns#langString	
http://rdf.freebase.com/ns/m.02w32hq	Ravi Shankar Prasad	http://rdf.freebase.com/ns/common.topic.description	Description	Ravi Shankar Prasad is an Indian lawyer, politician and the current Union Minister holding Communications and Information Technology portfolio in the Government of India. A member of the Bharatiya Janata Party, Prasad represents the state of Bihar as a Member of Parliament in the Rajya Sabha. During the NDA Government under Atal Bihari Vajpayee's prime ministership, Prasad held the position of Minister of State in the Ministry of Coal and Mines, the Ministry of Law and Justice, and the Ministry of Information and Broadcasting. He is also a designated senior advocate in the Supreme Court of India.	http://www.w3.org/1999/02/22-rdf-syntax-ns#langString	
http://rdf.freebase.com/ns/m.02w32hq	Ravi Shankar Prasad	http://rdf.freebase.com/ns/common.topic.notable_for	Notable for	Politician	http://www.w3.org/1999/02/22-rdf-syntax-ns#langString	
http://rdf.freebase.com/ns/m.02w32hq	Ravi Shankar Prasad	http://rdf.freebase.com/ns/common.topic.notable_types	Notable types	http://rdf.freebase.com/ns/m.02xlh55	entity	Politician
http://rdf.freebase.com/ns/m.02w32hq	Ravi Shankar Prasad	http://rdf.freebase.com/ns/common.topic.social_media_presence	Social media presence	http://plus.google.com/114084850997523768843	uri	null
http://rdf.freebase.com/ns/m.02w32hq	Ravi Shankar Prasad	http://rdf.freebase.com/ns/common.topic.topic_equivalent_webpage	Topic equivalent webpage	http://en.wikipedia.org/wiki/Ravi_Shankar_Prasad	uri	null
http://rdf.freebase.com/ns/m.02w32hq	Ravi Shankar Prasad	http://rdf.freebase.com/ns/common.topic.topic_equivalent_webpage	Topic equivalent webpage	http://en.wikipedia.org/wiki/index.html?curid=12395952	uri	null
http://rdf.freebase.com/ns/m.02w32hq	Ravi Shankar Prasad	http://rdf.freebase.com/ns/common.topic.topic_equivalent_webpage	Topic equivalent webpage	http://hi.wikipedia.org/wiki/%30%35%3F_%36%02%15%30_%2A%4D%30%38%3E%26	uri	null
http://rdf.freebase.com/ns/m.02w32hq	Ravi Shankar Prasad	http://rdf.freebase.com/ns/common.topic.topic_equivalent_webpage	Topic equivalent webpage	http://hi.wikipedia.org/wiki/index.html?curid=220861	uri	null
http://rdf.freebase.com/ns/m.02w32hq	Ravi Shankar Prasad	http://rdf.freebase.com/ns/common.topic.topic_equivalent_webpage	Topic equivalent webpage	http://ru.wikipedia.org/wiki/%1F%40%30%41%30%34,_%20%30%32%38_%28%30%3D%3A%30%40	uri	null
http://rdf.freebase.com/ns/m.02w32hq	Ravi Shankar Prasad	http://rdf.freebase.com/ns/common.topic.topic_equivalent_webpage	Topic equivalent webpage	http://ru.wikipedia.org/wiki/index.html?curid=4424241	uri	null
http://rdf.freebase.com/ns/m.02w32hq	Ravi Shankar Prasad	http://rdf.freebase.com/ns/government.politician.government_positions_held	Government Positions Held	http://rdf.freebase.com/ns/m.010pbltz	entity	Narendra Modi ministry
http://rdf.freebase.com/ns/m.02w32hq	Ravi Shankar Prasad	http://rdf.freebase.com/ns/government.politician.government_positions_held	Government Positions Held	http://rdf.freebase.com/ns/m.010pj6_4	uri	null
http://rdf.freebase.com/ns/m.02w32hq	Ravi Shankar Prasad	http://rdf.freebase.com/ns/government.politician.government_positions_held	Government Positions Held	http://rdf.freebase.com/ns/m.010pj6cm	uri	null
http://rdf.freebase.com/ns/m.02w32hq	Ravi Shankar Prasad	http://rdf.freebase.com/ns/government.politician.government_positions_held	Government Positions Held	http://rdf.freebase.com/ns/m.010plp6f	entity	Union Council of Ministers of India
http://rdf.freebase.com/ns/m.02w32hq	Ravi Shankar Prasad	http://rdf.freebase.com/ns/government.politician.party	Party	http://rdf.freebase.com/ns/m.09j06k6	entity	Bharatiya Janata Party
http://rdf.freebase.com/ns/m.02w32hq	Ravi Shankar Prasad	http://rdf.freebase.com/ns/kg.object_profile.prominent_type	prominent type	http://rdf.freebase.com/ns/government.politician	entity	Politician
http://rdf.freebase.com/ns/m.02w32hq	Ravi Shankar Prasad	http://rdf.freebase.com/ns/people.person.date_of_birth	Date of birth	1954-08-30	http://www.w3.org/2001/XMLSchema#date	
http://rdf.freebase.com/ns/m.02w32hq	Ravi Shankar Prasad	http://rdf.freebase.com/ns/people.person.education	Education	http://rdf.freebase.com/ns/m.0k1kb29	entity	Patna University
http://rdf.freebase.com/ns/m.02w32hq	Ravi Shankar Prasad	http://rdf.freebase.com/ns/people.person.education	Education	http://rdf.freebase.com/ns/m.0k1kb2j	entity	Patna University
http://rdf.freebase.com/ns/m.02w32hq	Ravi Shankar Prasad	http://rdf.freebase.com/ns/people.person.education	Education	http://rdf.freebase.com/ns/m.0k1kb2p	entity	Patna University
http://rdf.freebase.com/ns/m.02w32hq	Ravi Shankar Prasad	http://rdf.freebase.com/ns/people.person.gender	Gender	http://rdf.freebase.com/ns/m.05zppz	entity	Male
http://rdf.freebase.com/ns/m.02w32hq	Ravi Shankar Prasad	http://rdf.freebase.com/ns/people.person.nationality	Country of nationality	http://rdf.freebase.com/ns/m.03rk0	entity	India
http://rdf.freebase.com/ns/m.02w32hq	Ravi Shankar Prasad	http://rdf.freebase.com/ns/people.person.place_of_birth	Place of birth	http://rdf.freebase.com/ns/m.027wvb	entity	Patna
http://rdf.freebase.com/ns/m.02w32hq	Ravi Shankar Prasad	http://rdf.freebase.com/ns/people.person.places_lived	Places lived	http://rdf.freebase.com/ns/m.03ptzbn	entity	Bihar
http://rdf.freebase.com/ns/m.02w32hq	Ravi Shankar Prasad	http://rdf.freebase.com/ns/people.person.profession	Profession	http://rdf.freebase.com/ns/m.01xr66	entity	Spokesperson
http://rdf.freebase.com/ns/m.02w32hq	Ravi Shankar Prasad	http://rdf.freebase.com/ns/people.person.profession	Profession	http://rdf.freebase.com/ns/m.04gc2	entity	Lawyer
http://rdf.freebase.com/ns/m.02w32hq	Ravi Shankar Prasad	http://rdf.freebase.com/ns/people.person.profession	Profession	http://rdf.freebase.com/ns/m.0fj9f	entity	Politician
http://rdf.freebase.com/ns/m.02w32hq	Ravi Shankar Prasad	http://rdf.freebase.com/ns/people.person.religion	Religion	http://rdf.freebase.com/ns/m.03kbr	entity	Hindu
http://rdf.freebase.com/ns/m.02w32hq	Ravi Shankar Prasad	http://rdf.freebase.com/ns/people.person.spouse_s	Spouse (or domestic partner)	http://rdf.freebase.com/ns/m.0k1kbv7	entity	Maya Shankar
http://rdf.freebase.com/ns/m.02w32hq	Ravi Shankar Prasad	http://rdf.freebase.com/ns/type.object.key	Key	/authority/google/google_plus_page/114084850997523768843	http://www.w3.org/2001/XMLSchema#string	
http://rdf.freebase.com/ns/m.02w32hq	Ravi Shankar Prasad	http://rdf.freebase.com/ns/type.object.key	Key	/en/ravi_shankar_prasad	http://www.w3.org/2001/XMLSchema#string	
http://rdf.freebase.com/ns/m.02w32hq	Ravi Shankar Prasad	http://rdf.freebase.com/ns/type.object.key	Key	/wikipedia/en/Ravi_Shankar_Prasad	http://www.w3.org/2001/XMLSchema#string	
http://rdf.freebase.com/ns/m.02w32hq	Ravi Shankar Prasad	http://rdf.freebase.com/ns/type.object.key	Key	/wikipedia/en_id/12395952	http://www.w3.org/2001/XMLSchema#string	
http://rdf.freebase.com/ns/m.02w32hq	Ravi Shankar Prasad	http://rdf.freebase.com/ns/type.object.key	Key	/wikipedia/en_title/Ravi_Shankar_Prasad	http://www.w3.org/2001/XMLSchema#string	
http://rdf.freebase.com/ns/m.02w32hq	Ravi Shankar Prasad	http://rdf.freebase.com/ns/type.object.key	Key	/wikipedia/hi/रवि_शंकर_प्रसाद	http://www.w3.org/2001/XMLSchema#string	
http://rdf.freebase.com/ns/m.02w32hq	Ravi Shankar Prasad	http://rdf.freebase.com/ns/type.object.key	Key	/wikipedia/hi_id/220861	http://www.w3.org/2001/XMLSchema#string	
http://rdf.freebase.com/ns/m.02w32hq	Ravi Shankar Prasad	http://rdf.freebase.com/ns/type.object.key	Key	/wikipedia/hi_title/रवि_शंकर_प्रसाद	http://www.w3.org/2001/XMLSchema#string	
http://rdf.freebase.com/ns/m.02w32hq	Ravi Shankar Prasad	http://rdf.freebase.com/ns/type.object.key	Key	/wikipedia/ru/Ravi_Shankar_Prasad	http://www.w3.org/2001/XMLSchema#string	
http://rdf.freebase.com/ns/m.02w32hq	Ravi Shankar Prasad	http://rdf.freebase.com/ns/type.object.key	Key	/wikipedia/ru/Прасад,_Рави_Шанкар	http://www.w3.org/2001/XMLSchema#string	
http://rdf.freebase.com/ns/m.02w32hq	Ravi Shankar Prasad	http://rdf.freebase.com/ns/type.object.key	Key	/wikipedia/ru/Рави_Шанкар_Прасад	http://www.w3.org/2001/XMLSchema#string	
http://rdf.freebase.com/ns/m.02w32hq	Ravi Shankar Prasad	http://rdf.freebase.com/ns/type.object.key	Key	/wikipedia/ru_id/4424241	http://www.w3.org/2001/XMLSchema#string	
http://rdf.freebase.com/ns/m.02w32hq	Ravi Shankar Prasad	http://rdf.freebase.com/ns/type.object.key	Key	/wikipedia/ru_title/Прасад,_Рави_Шанкар	http://www.w3.org/2001/XMLSchema#string	
http://rdf.freebase.com/ns/m.02w32hq	Ravi Shankar Prasad	http://rdf.freebase.com/ns/type.object.name	Name	Ravi Shankar Prasad	http://www.w3.org/1999/02/22-rdf-syntax-ns#langString	
http://rdf.freebase.com/ns/m.02w32hq	Ravi Shankar Prasad	http://rdf.freebase.com/ns/type.object.type	Type	http://rdf.freebase.com/ns/base.type_ontology.agent	entity	Agent
http://rdf.freebase.com/ns/m.02w32hq	Ravi Shankar Prasad	http://rdf.freebase.com/ns/type.object.type	Type	http://rdf.freebase.com/ns/base.type_ontology.animate	entity	Animate
http://rdf.freebase.com/ns/m.02w32hq	Ravi Shankar Prasad	http://rdf.freebase.com/ns/type.object.type	Type	http://rdf.freebase.com/ns/base.type_ontology.physically_instantiable	entity	Physically Instantiable
http://rdf.freebase.com/ns/m.02w32hq	Ravi Shankar Prasad	http://rdf.freebase.com/ns/type.object.type	Type	http://rdf.freebase.com/ns/common.topic	entity	Topic
http://rdf.freebase.com/ns/m.02w32hq	Ravi Shankar Prasad	http://rdf.freebase.com/ns/type.object.type	Type	http://rdf.freebase.com/ns/government.politician	entity	Politician
http://rdf.freebase.com/ns/m.02w32hq	Ravi Shankar Prasad	http://rdf.freebase.com/ns/type.object.type	Type	http://rdf.freebase.com/ns/people.person	entity	Person
http://rdf.freebase.com/ns/m.02w32hq	Ravi Shankar Prasad	http://www.w3.org/1999/02/22-rdf-syntax-ns#type	type	http://rdf.freebase.com/ns/base.type_ontology.agent	entity	Agent
http://rdf.freebase.com/ns/m.02w32hq	Ravi Shankar Prasad	http://www.w3.org/1999/02/22-rdf-syntax-ns#type	type	http://rdf.freebase.com/ns/base.type_ontology.animate	entity	Animate
http://rdf.freebase.com/ns/m.02w32hq	Ravi Shankar Prasad	http://www.w3.org/1999/02/22-rdf-syntax-ns#type	type	http://rdf.freebase.com/ns/base.type_ontology.physically_instantiable	entity	Physically Instantiable
http://rdf.freebase.com/ns/m.02w32hq	Ravi Shankar Prasad	http://www.w3.org/1999/02/22-rdf-syntax-ns#type	type	http://rdf.freebase.com/ns/common.topic	entity	Topic
http://rdf.freebase.com/ns/m.02w32hq	Ravi Shankar Prasad	http://www.w3.org/1999/02/22-rdf-syntax-ns#type	type	http://rdf.freebase.com/ns/government.politician	entity	Politician
http://rdf.freebase.com/ns/m.02w32hq	Ravi Shankar Prasad	http://www.w3.org/1999/02/22-rdf-syntax-ns#type	type	http://rdf.freebase.com/ns/people.person	entity	Person
http://rdf.freebase.com/ns/m.02w32hq	Ravi Shankar Prasad	http://www.w3.org/2000/01/rdf-schema#label	label	Ravi Shankar Prasad	http://www.w3.org/1999/02/22-rdf-syntax-ns#langString	
