sub	subl	prop	propl	obj	obj_t	obj_l
http://dbpedia.org/resource/Ravi_Shankar	Ravi Shankar	http://dbpedia.org/ontology/abstract	has abstract	Ravi Shankar, KBE (IPA: [ˈrɔbi ˈʃɔŋkɔr]; 7 April 1920 – 11 December 2012), born Rabindra Shankar Chowdhury, his name often preceded by the title Pandit ('Master'), was a Indian musician and a composer of Hindustani classical music. He was one of the best-known exponents of the sitar in the second half of the 20th century and influenced many other musicians throughout the world. Shankar was born to a Bengali family in India, and spent his youth touring India and Europe with the dance group of his brother Uday Shankar. He gave up dancing in 1938 to study sitar playing under court musician Allauddin Khan. After finishing his studies in 1944, Shankar worked as a composer, creating the music for the Apu Trilogy by Satyajit Ray, and was music director of All India Radio, New Delhi, from 1949 to 1956. In 1956 he began to tour Europe and the Americas playing Indian classical music and increased its popularity there in the 1960s through teaching, performance, and his association with violinist Yehudi Menuhin and Beatles guitarist George Harrison. His influence on the latter helped popularize the use of Indian instruments in pop music throughout the 1960s. Shankar engaged Western music by writing compositions for sitar and orchestra, and toured the world in the 1970s and 1980s. From 1986 to 1992, he served as a nominated member of Rajya Sabha, the upper chamber of the Parliament of India. He continued to perform until the end of his life. In 1999, Shankar was awarded India's highest civilian honour, the Bharat Ratna.	http://www.w3.org/1999/02/22-rdf-syntax-ns#langString	
http://dbpedia.org/resource/Ravi_Shankar	Ravi Shankar	http://dbpedia.org/ontology/activeYearsEndYear	active years end year	2012	http://www.w3.org/2001/XMLSchema#gYear	
http://dbpedia.org/resource/Ravi_Shankar	Ravi Shankar	http://dbpedia.org/ontology/activeYearsStartYear	active years start year	1939	http://www.w3.org/2001/XMLSchema#gYear	
http://dbpedia.org/resource/Ravi_Shankar	Ravi Shankar	http://dbpedia.org/ontology/associatedBand	associated band	http://dbpedia.org/resource/Ali_Akbar_Khan	entity	Ali Akbar Khan
http://dbpedia.org/resource/Ravi_Shankar	Ravi Shankar	http://dbpedia.org/ontology/associatedBand	associated band	http://dbpedia.org/resource/Alla_Rakha	entity	Alla Rakha
http://dbpedia.org/resource/Ravi_Shankar	Ravi Shankar	http://dbpedia.org/ontology/associatedBand	associated band	http://dbpedia.org/resource/Allauddin_Khan	entity	Allauddin Khan
http://dbpedia.org/resource/Ravi_Shankar	Ravi Shankar	http://dbpedia.org/ontology/associatedBand	associated band	http://dbpedia.org/resource/Anoushka_Shankar	entity	Anoushka Shankar
http://dbpedia.org/resource/Ravi_Shankar	Ravi Shankar	http://dbpedia.org/ontology/associatedBand	associated band	http://dbpedia.org/resource/Chatur_Lal	entity	Chatur Lal
http://dbpedia.org/resource/Ravi_Shankar	Ravi Shankar	http://dbpedia.org/ontology/associatedBand	associated band	http://dbpedia.org/resource/George_Harrison	entity	George Harrison
http://dbpedia.org/resource/Ravi_Shankar	Ravi Shankar	http://dbpedia.org/ontology/associatedBand	associated band	http://dbpedia.org/resource/John_Coltrane	entity	John Coltrane
http://dbpedia.org/resource/Ravi_Shankar	Ravi Shankar	http://dbpedia.org/ontology/associatedBand	associated band	http://dbpedia.org/resource/Lakshmi_Shankar	entity	Lakshmi Shankar
http://dbpedia.org/resource/Ravi_Shankar	Ravi Shankar	http://dbpedia.org/ontology/associatedBand	associated band	http://dbpedia.org/resource/Norah_Jones	entity	Norah Jones
http://dbpedia.org/resource/Ravi_Shankar	Ravi Shankar	http://dbpedia.org/ontology/associatedBand	associated band	http://dbpedia.org/resource/Uday_Shankar	entity	Uday Shankar
http://dbpedia.org/resource/Ravi_Shankar	Ravi Shankar	http://dbpedia.org/ontology/associatedBand	associated band	http://dbpedia.org/resource/Yehudi_Menuhin	entity	Yehudi Menuhin
http://dbpedia.org/resource/Ravi_Shankar	Ravi Shankar	http://dbpedia.org/ontology/associatedMusicalArtist	associated musical artist	http://dbpedia.org/resource/Ali_Akbar_Khan	entity	Ali Akbar Khan
http://dbpedia.org/resource/Ravi_Shankar	Ravi Shankar	http://dbpedia.org/ontology/associatedMusicalArtist	associated musical artist	http://dbpedia.org/resource/Alla_Rakha	entity	Alla Rakha
http://dbpedia.org/resource/Ravi_Shankar	Ravi Shankar	http://dbpedia.org/ontology/associatedMusicalArtist	associated musical artist	http://dbpedia.org/resource/Allauddin_Khan	entity	Allauddin Khan
http://dbpedia.org/resource/Ravi_Shankar	Ravi Shankar	http://dbpedia.org/ontology/associatedMusicalArtist	associated musical artist	http://dbpedia.org/resource/Anoushka_Shankar	entity	Anoushka Shankar
http://dbpedia.org/resource/Ravi_Shankar	Ravi Shankar	http://dbpedia.org/ontology/associatedMusicalArtist	associated musical artist	http://dbpedia.org/resource/Chatur_Lal	entity	Chatur Lal
http://dbpedia.org/resource/Ravi_Shankar	Ravi Shankar	http://dbpedia.org/ontology/associatedMusicalArtist	associated musical artist	http://dbpedia.org/resource/George_Harrison	entity	George Harrison
http://dbpedia.org/resource/Ravi_Shankar	Ravi Shankar	http://dbpedia.org/ontology/associatedMusicalArtist	associated musical artist	http://dbpedia.org/resource/John_Coltrane	entity	John Coltrane
http://dbpedia.org/resource/Ravi_Shankar	Ravi Shankar	http://dbpedia.org/ontology/associatedMusicalArtist	associated musical artist	http://dbpedia.org/resource/Lakshmi_Shankar	entity	Lakshmi Shankar
http://dbpedia.org/resource/Ravi_Shankar	Ravi Shankar	http://dbpedia.org/ontology/associatedMusicalArtist	associated musical artist	http://dbpedia.org/resource/Norah_Jones	entity	Norah Jones
http://dbpedia.org/resource/Ravi_Shankar	Ravi Shankar	http://dbpedia.org/ontology/associatedMusicalArtist	associated musical artist	http://dbpedia.org/resource/Uday_Shankar	entity	Uday Shankar
http://dbpedia.org/resource/Ravi_Shankar	Ravi Shankar	http://dbpedia.org/ontology/associatedMusicalArtist	associated musical artist	http://dbpedia.org/resource/Yehudi_Menuhin	entity	Yehudi Menuhin
http://dbpedia.org/resource/Ravi_Shankar	Ravi Shankar	http://dbpedia.org/ontology/background	background	non_vocal_instrumentalist	http://www.w3.org/2001/XMLSchema#string	
http://dbpedia.org/resource/Ravi_Shankar	Ravi Shankar	http://dbpedia.org/ontology/birthDate	birth date	1920-04-07	http://www.w3.org/2001/XMLSchema#date	
http://dbpedia.org/resource/Ravi_Shankar	Ravi Shankar	http://dbpedia.org/ontology/birthDate	birth date	1920-04-07	http://www.w3.org/2001/XMLSchema#date	
http://dbpedia.org/resource/Ravi_Shankar	Ravi Shankar	http://dbpedia.org/ontology/birthPlace	birth place	http://dbpedia.org/resource/British_India	entity	British India
http://dbpedia.org/resource/Ravi_Shankar	Ravi Shankar	http://dbpedia.org/ontology/birthPlace	birth place	http://dbpedia.org/resource/Varanasi	entity	Varanasi
http://dbpedia.org/resource/Ravi_Shankar	Ravi Shankar	http://dbpedia.org/ontology/deathDate	death date	2012-12-11	http://www.w3.org/2001/XMLSchema#date	
http://dbpedia.org/resource/Ravi_Shankar	Ravi Shankar	http://dbpedia.org/ontology/deathPlace	death place	http://dbpedia.org/resource/San_Diego	entity	San Diego
http://dbpedia.org/resource/Ravi_Shankar	Ravi Shankar	http://dbpedia.org/ontology/genre	genre	http://dbpedia.org/resource/Hindustani_classical_music	entity	Hindustani classical music
http://dbpedia.org/resource/Ravi_Shankar	Ravi Shankar	http://dbpedia.org/ontology/instrument	instrument	http://dbpedia.org/resource/Singing	entity	Singing
http://dbpedia.org/resource/Ravi_Shankar	Ravi Shankar	http://dbpedia.org/ontology/instrument	instrument	http://dbpedia.org/resource/Sitar	entity	Sitar
http://dbpedia.org/resource/Ravi_Shankar	Ravi Shankar	http://dbpedia.org/ontology/recordLabel	record label	http://dbpedia.org/resource/East_Meets_West_Music	entity	East Meets West Music
http://dbpedia.org/resource/Ravi_Shankar	Ravi Shankar	http://dbpedia.org/ontology/thumbnail	thumbnail	http://commons.wikimedia.org/wiki/Special:FilePath/Ravi_Shankar_2009_crop.jpg?width=300	uri	null
http://dbpedia.org/resource/Ravi_Shankar	Ravi Shankar	http://dbpedia.org/ontology/wikiPageExternalLink	Link from a Wikipage to an external page	http://ravishankar.org	uri	null
http://dbpedia.org/resource/Ravi_Shankar	Ravi Shankar	http://dbpedia.org/ontology/wikiPageID	Wikipage page ID	100156	http://www.w3.org/2001/XMLSchema#integer	
http://dbpedia.org/resource/Ravi_Shankar	Ravi Shankar	http://dbpedia.org/ontology/wikiPageLength	page length (characters) of wiki page	48678	http://www.w3.org/2001/XMLSchema#nonNegativeInteger	
http://dbpedia.org/resource/Ravi_Shankar	Ravi Shankar	http://dbpedia.org/ontology/wikiPageOutDegree	Wiki page out degree	278	http://www.w3.org/2001/XMLSchema#nonNegativeInteger	
http://dbpedia.org/resource/Ravi_Shankar	Ravi Shankar	http://dbpedia.org/ontology/wikiPageRevisionID	Wikipage revision ID	744928397	http://www.w3.org/2001/XMLSchema#integer	
http://dbpedia.org/resource/Ravi_Shankar	Ravi Shankar	http://purl.org/dc/terms/description	Description	Indian musician and sitar player	http://www.w3.org/1999/02/22-rdf-syntax-ns#langString	
http://dbpedia.org/resource/Ravi_Shankar	Ravi Shankar	http://purl.org/dc/terms/subject	Subject	http://dbpedia.org/resource/Category:1920_births	entity	1920 births
http://dbpedia.org/resource/Ravi_Shankar	Ravi Shankar	http://purl.org/dc/terms/subject	Subject	http://dbpedia.org/resource/Category:2012_deaths	entity	2012 deaths
http://dbpedia.org/resource/Ravi_Shankar	Ravi Shankar	http://purl.org/dc/terms/subject	Subject	http://dbpedia.org/resource/Category:20th-century_Indian_composers	entity	20th-century Indian composers
http://dbpedia.org/resource/Ravi_Shankar	Ravi Shankar	http://purl.org/dc/terms/subject	Subject	http://dbpedia.org/resource/Category:All_India_Radio_people	entity	All India Radio people
http://dbpedia.org/resource/Ravi_Shankar	Ravi Shankar	http://purl.org/dc/terms/subject	Subject	http://dbpedia.org/resource/Category:Apple_Records_artists	entity	Apple Records artists
http://dbpedia.org/resource/Ravi_Shankar	Ravi Shankar	http://purl.org/dc/terms/subject	Subject	http://dbpedia.org/resource/Category:Articles_containing_video_clips	entity	Articles containing video clips
http://dbpedia.org/resource/Ravi_Shankar	Ravi Shankar	http://purl.org/dc/terms/subject	Subject	http://dbpedia.org/resource/Category:Artists_from_Varanasi	entity	Artists from Varanasi
http://dbpedia.org/resource/Ravi_Shankar	Ravi Shankar	http://purl.org/dc/terms/subject	Subject	http://dbpedia.org/resource/Category:Bengali_Hindus	entity	Bengali Hindus
http://dbpedia.org/resource/Ravi_Shankar	Ravi Shankar	http://purl.org/dc/terms/subject	Subject	http://dbpedia.org/resource/Category:Bengali_people	entity	Bengali people
http://dbpedia.org/resource/Ravi_Shankar	Ravi Shankar	http://purl.org/dc/terms/subject	Subject	http://dbpedia.org/resource/Category:Commandeurs_of_the_Légion_d'honneur	entity	Commandeurs of the Légion d'honneur
http://dbpedia.org/resource/Ravi_Shankar	Ravi Shankar	http://purl.org/dc/terms/subject	Subject	http://dbpedia.org/resource/Category:Composers_awarded_knighthoods	entity	Composers awarded knighthoods
http://dbpedia.org/resource/Ravi_Shankar	Ravi Shankar	http://purl.org/dc/terms/subject	Subject	http://dbpedia.org/resource/Category:Dark_Horse_Records_artists	entity	Dark Horse Records artists
http://dbpedia.org/resource/Ravi_Shankar	Ravi Shankar	http://purl.org/dc/terms/subject	Subject	http://dbpedia.org/resource/Category:Deutsche_Grammophon_artists	entity	Deutsche Grammophon artists
http://dbpedia.org/resource/Ravi_Shankar	Ravi Shankar	http://purl.org/dc/terms/subject	Subject	http://dbpedia.org/resource/Category:EMI_Classics_and_Virgin_Classics_artists	entity	EMI Classics and Virgin Classics artists
http://dbpedia.org/resource/Ravi_Shankar	Ravi Shankar	http://purl.org/dc/terms/subject	Subject	http://dbpedia.org/resource/Category:Fukuoka_Asian_Culture_Prize_winners	entity	Fukuoka Asian Culture Prize winners
http://dbpedia.org/resource/Ravi_Shankar	Ravi Shankar	http://purl.org/dc/terms/subject	Subject	http://dbpedia.org/resource/Category:Grammy_Award_winners	entity	Grammy Award winners
http://dbpedia.org/resource/Ravi_Shankar	Ravi Shankar	http://purl.org/dc/terms/subject	Subject	http://dbpedia.org/resource/Category:Grammy_Lifetime_Achievement_Award_winners	entity	Grammy Lifetime Achievement Award winners
http://dbpedia.org/resource/Ravi_Shankar	Ravi Shankar	http://purl.org/dc/terms/subject	Subject	http://dbpedia.org/resource/Category:Hindi_film_score_composers	entity	Hindi film score composers
http://dbpedia.org/resource/Ravi_Shankar	Ravi Shankar	http://purl.org/dc/terms/subject	Subject	http://dbpedia.org/resource/Category:Hindustani_instrumentalists	entity	Hindustani instrumentalists
http://dbpedia.org/resource/Ravi_Shankar	Ravi Shankar	http://purl.org/dc/terms/subject	Subject	http://dbpedia.org/resource/Category:Honorary_Knights_Commander_of_the_Order_of_the_British_Empire	entity	Honorary Knights Commander of the Order of the British Empire
http://dbpedia.org/resource/Ravi_Shankar	Ravi Shankar	http://purl.org/dc/terms/subject	Subject	http://dbpedia.org/resource/Category:Indian_Hindus	entity	Indian Hindus
http://dbpedia.org/resource/Ravi_Shankar	Ravi Shankar	http://purl.org/dc/terms/subject	Subject	http://dbpedia.org/resource/Category:Indian_composers_of_Western_classical_music	entity	Indian composers of Western classical music
http://dbpedia.org/resource/Ravi_Shankar	Ravi Shankar	http://purl.org/dc/terms/subject	Subject	http://dbpedia.org/resource/Category:Indian_film_score_composers	entity	Indian film score composers
http://dbpedia.org/resource/Ravi_Shankar	Ravi Shankar	http://purl.org/dc/terms/subject	Subject	http://dbpedia.org/resource/Category:Indian_male_composers	entity	Indian male composers
http://dbpedia.org/resource/Ravi_Shankar	Ravi Shankar	http://purl.org/dc/terms/subject	Subject	http://dbpedia.org/resource/Category:Maihar_gharana	entity	Maihar gharana
http://dbpedia.org/resource/Ravi_Shankar	Ravi Shankar	http://purl.org/dc/terms/subject	Subject	http://dbpedia.org/resource/Category:Musicians_awarded_knighthoods	entity	Musicians awarded knighthoods
http://dbpedia.org/resource/Ravi_Shankar	Ravi Shankar	http://purl.org/dc/terms/subject	Subject	http://dbpedia.org/resource/Category:Nominated_members_of_the_Rajya_Sabha	entity	Nominated members of the Rajya Sabha
http://dbpedia.org/resource/Ravi_Shankar	Ravi Shankar	http://purl.org/dc/terms/subject	Subject	http://dbpedia.org/resource/Category:Private_Music_artists	entity	Private Music artists
http://dbpedia.org/resource/Ravi_Shankar	Ravi Shankar	http://purl.org/dc/terms/subject	Subject	http://dbpedia.org/resource/Category:Pupils_of_Ali_Akbar_Khan	entity	Pupils of Ali Akbar Khan
http://dbpedia.org/resource/Ravi_Shankar	Ravi Shankar	http://purl.org/dc/terms/subject	Subject	http://dbpedia.org/resource/Category:Pupils_of_Allauddin_Khan	entity	Pupils of Allauddin Khan
http://dbpedia.org/resource/Ravi_Shankar	Ravi Shankar	http://purl.org/dc/terms/subject	Subject	http://dbpedia.org/resource/Category:Ramon_Magsaysay_Award_winners	entity	Ramon Magsaysay Award winners
http://dbpedia.org/resource/Ravi_Shankar	Ravi Shankar	http://purl.org/dc/terms/subject	Subject	http://dbpedia.org/resource/Category:Recipients_of_the_Bharat_Ratna	entity	Recipients of the Bharat Ratna
http://dbpedia.org/resource/Ravi_Shankar	Ravi Shankar	http://purl.org/dc/terms/subject	Subject	http://dbpedia.org/resource/Category:Recipients_of_the_Padma_Bhushan_in_arts	entity	Recipients of the Padma Bhushan in arts
http://dbpedia.org/resource/Ravi_Shankar	Ravi Shankar	http://purl.org/dc/terms/subject	Subject	http://dbpedia.org/resource/Category:Recipients_of_the_Padma_Vibhushan_in_arts	entity	Recipients of the Padma Vibhushan in arts
http://dbpedia.org/resource/Ravi_Shankar	Ravi Shankar	http://purl.org/dc/terms/subject	Subject	http://dbpedia.org/resource/Category:Recipients_of_the_Praemium_Imperiale	entity	Recipients of the Praemium Imperiale
http://dbpedia.org/resource/Ravi_Shankar	Ravi Shankar	http://purl.org/dc/terms/subject	Subject	http://dbpedia.org/resource/Category:Recipients_of_the_Sangeet_Natak_Akademi_Award	entity	Recipients of the Sangeet Natak Akademi Award
http://dbpedia.org/resource/Ravi_Shankar	Ravi Shankar	http://purl.org/dc/terms/subject	Subject	http://dbpedia.org/resource/Category:Recipients_of_the_Sangeet_Natak_Akademi_Fellowship	entity	Recipients of the Sangeet Natak Akademi Fellowship
http://dbpedia.org/resource/Ravi_Shankar	Ravi Shankar	http://purl.org/dc/terms/subject	Subject	http://dbpedia.org/resource/Category:Sitar_players	entity	Sitar players
http://dbpedia.org/resource/Ravi_Shankar	Ravi Shankar	http://www.w3.org/1999/02/22-rdf-syntax-ns#type	type	http://dbpedia.org/ontology/Agent	entity	agent
http://dbpedia.org/resource/Ravi_Shankar	Ravi Shankar	http://www.w3.org/1999/02/22-rdf-syntax-ns#type	type	http://dbpedia.org/ontology/Artist	entity	artist
http://dbpedia.org/resource/Ravi_Shankar	Ravi Shankar	http://www.w3.org/1999/02/22-rdf-syntax-ns#type	type	http://dbpedia.org/ontology/MusicalArtist	entity	musical artist
http://dbpedia.org/resource/Ravi_Shankar	Ravi Shankar	http://www.w3.org/1999/02/22-rdf-syntax-ns#type	type	http://dbpedia.org/ontology/Person	entity	person
http://dbpedia.org/resource/Ravi_Shankar	Ravi Shankar	http://www.w3.org/1999/02/22-rdf-syntax-ns#type	type	http://schema.org/MusicGroup	entity	MusicGroup
http://dbpedia.org/resource/Ravi_Shankar	Ravi Shankar	http://www.w3.org/1999/02/22-rdf-syntax-ns#type	type	http://schema.org/Person	entity	Person
http://dbpedia.org/resource/Ravi_Shankar	Ravi Shankar	http://www.w3.org/1999/02/22-rdf-syntax-ns#type	type	http://www.ontologydesignpatterns.org/ont/dul/DUL.owl#Agent	entity	Agent
http://dbpedia.org/resource/Ravi_Shankar	Ravi Shankar	http://www.w3.org/1999/02/22-rdf-syntax-ns#type	type	http://www.ontologydesignpatterns.org/ont/dul/DUL.owl#NaturalPerson	entity	Natural person
http://dbpedia.org/resource/Ravi_Shankar	Ravi Shankar	http://www.w3.org/1999/02/22-rdf-syntax-ns#type	type	http://www.w3.org/2002/07/owl#Thing	entity	Thing
http://dbpedia.org/resource/Ravi_Shankar	Ravi Shankar	http://www.w3.org/1999/02/22-rdf-syntax-ns#type	type	http://www.wikidata.org/entity/Q215627	entity	person
http://dbpedia.org/resource/Ravi_Shankar	Ravi Shankar	http://www.w3.org/1999/02/22-rdf-syntax-ns#type	type	http://www.wikidata.org/entity/Q24229398	entity	agent
http://dbpedia.org/resource/Ravi_Shankar	Ravi Shankar	http://www.w3.org/1999/02/22-rdf-syntax-ns#type	type	http://www.wikidata.org/entity/Q483501	entity	artist
http://dbpedia.org/resource/Ravi_Shankar	Ravi Shankar	http://www.w3.org/1999/02/22-rdf-syntax-ns#type	type	http://www.wikidata.org/entity/Q5	entity	human
http://dbpedia.org/resource/Ravi_Shankar	Ravi Shankar	http://www.w3.org/1999/02/22-rdf-syntax-ns#type	type	http://xmlns.com/foaf/0.1/Person	entity	Person
http://dbpedia.org/resource/Ravi_Shankar	Ravi Shankar	http://www.w3.org/2000/01/rdf-schema#comment	comment	Ravi Shankar, KBE (IPA: [ˈrɔbi ˈʃɔŋkɔr]; 7 April 1920 – 11 December 2012), born Rabindra Shankar Chowdhury, his name often preceded by the title Pandit ('Master'), was a Indian musician and a composer of Hindustani classical music. He was one of the best-known exponents of the sitar in the second half of the 20th century and influenced many other musicians throughout the world.	http://www.w3.org/1999/02/22-rdf-syntax-ns#langString	
http://dbpedia.org/resource/Ravi_Shankar	Ravi Shankar	http://www.w3.org/2000/01/rdf-schema#label	label	Ravi Shankar	http://www.w3.org/1999/02/22-rdf-syntax-ns#langString	
http://dbpedia.org/resource/Ravi_Shankar	Ravi Shankar	http://www.w3.org/2002/07/owl#sameAs	sameAs	http://dbpedia.org/resource/Ravi_Shankar	entity	Ravi Shankar
http://dbpedia.org/resource/Ravi_Shankar	Ravi Shankar	http://www.w3.org/2002/07/owl#sameAs	sameAs	http://rdf.freebase.com/ns/m.0pj8m	entity	Ravi Shankar
http://dbpedia.org/resource/Ravi_Shankar	Ravi Shankar	http://www.w3.org/2002/07/owl#sameAs	sameAs	http://www.wikidata.org/entity/Q103774	entity	Ravi Shankar
http://dbpedia.org/resource/Ravi_Shankar	Ravi Shankar	http://www.w3.org/ns/prov#wasDerivedFrom	wasDerivedFrom	http://en.wikipedia.org/wiki/Ravi_Shankar?oldid=744928397	uri	null
http://dbpedia.org/resource/Ravi_Shankar	Ravi Shankar	http://xmlns.com/foaf/0.1/depiction	depiction	http://commons.wikimedia.org/wiki/Special:FilePath/Ravi_Shankar_2009_crop.jpg	uri	null
http://dbpedia.org/resource/Ravi_Shankar	Ravi Shankar	http://xmlns.com/foaf/0.1/gender	gender	male	http://www.w3.org/1999/02/22-rdf-syntax-ns#langString	
http://dbpedia.org/resource/Ravi_Shankar	Ravi Shankar	http://xmlns.com/foaf/0.1/givenName	Given name	Rabindra Shankar Chowdhury	http://www.w3.org/1999/02/22-rdf-syntax-ns#langString	
http://dbpedia.org/resource/Ravi_Shankar	Ravi Shankar	http://xmlns.com/foaf/0.1/givenName	Given name	Ravi	http://www.w3.org/1999/02/22-rdf-syntax-ns#langString	
http://dbpedia.org/resource/Ravi_Shankar	Ravi Shankar	http://xmlns.com/foaf/0.1/givenName	Given name	রবীন্দ্র শঙ্কর চৌধুরী	http://www.w3.org/1999/02/22-rdf-syntax-ns#langString	
http://dbpedia.org/resource/Ravi_Shankar	Ravi Shankar	http://xmlns.com/foaf/0.1/homepage	homepage	http://ravishankar.org	uri	null
http://dbpedia.org/resource/Ravi_Shankar	Ravi Shankar	http://xmlns.com/foaf/0.1/isPrimaryTopicOf	is primary topic of	http://en.wikipedia.org/wiki/Ravi_Shankar	uri	null
http://dbpedia.org/resource/Ravi_Shankar	Ravi Shankar	http://xmlns.com/foaf/0.1/name	name	Ravi Shankar	http://www.w3.org/1999/02/22-rdf-syntax-ns#langString	
http://dbpedia.org/resource/Ravi_Shankar	Ravi Shankar	http://xmlns.com/foaf/0.1/surname	Surname	Shankar	http://www.w3.org/1999/02/22-rdf-syntax-ns#langString	
