sub	subl	prop	propl	obj	obj_t	obj_l
http://yago-knowledge.org/resource/Methodist_Episcopal_Church_(Orleans,_New_York)	Methodist Episcopal Church (Orleans, New York)	http://www.w3.org/1999/02/22-rdf-syntax-ns#type	type	http://www.w3.org/2002/07/owl#Thing	entity	Thing
http://yago-knowledge.org/resource/Methodist_Episcopal_Church_(Orleans,_New_York)	Methodist Episcopal Church (Orleans, New York)	http://www.w3.org/1999/02/22-rdf-syntax-ns#type	type	http://yago-knowledge.org/resource/wikicat_19th-century_Methodist_church_buildings	entity	19th-century Methodist church buildings
http://yago-knowledge.org/resource/Methodist_Episcopal_Church_(Orleans,_New_York)	Methodist Episcopal Church (Orleans, New York)	http://www.w3.org/1999/02/22-rdf-syntax-ns#type	type	http://yago-knowledge.org/resource/wikicat_Churches_in_Jefferson_County,_New_York	entity	Churches in Jefferson County, New York
http://yago-knowledge.org/resource/Methodist_Episcopal_Church_(Orleans,_New_York)	Methodist Episcopal Church (Orleans, New York)	http://www.w3.org/1999/02/22-rdf-syntax-ns#type	type	http://yago-knowledge.org/resource/wikicat_Methodist_churches_in_New_York	entity	Methodist churches in New York
http://yago-knowledge.org/resource/Methodist_Episcopal_Church_(Orleans,_New_York)	Methodist Episcopal Church (Orleans, New York)	http://www.w3.org/1999/02/22-rdf-syntax-ns#type	type	http://yago-knowledge.org/resource/wikicat_Religious_buildings_completed_in_1892	entity	Religious buildings completed in 1892
http://yago-knowledge.org/resource/Methodist_Episcopal_Church_(Orleans,_New_York)	Methodist Episcopal Church (Orleans, New York)	http://www.w3.org/1999/02/22-rdf-syntax-ns#type	type	http://yago-knowledge.org/resource/wordnet_artifact_100021939	entity	artifact
http://yago-knowledge.org/resource/Methodist_Episcopal_Church_(Orleans,_New_York)	Methodist Episcopal Church (Orleans, New York)	http://www.w3.org/1999/02/22-rdf-syntax-ns#type	type	http://yago-knowledge.org/resource/wordnet_building_102913152	entity	building
http://yago-knowledge.org/resource/Methodist_Episcopal_Church_(Orleans,_New_York)	Methodist Episcopal Church (Orleans, New York)	http://www.w3.org/1999/02/22-rdf-syntax-ns#type	type	http://yago-knowledge.org/resource/wordnet_church_103028079	entity	church
http://yago-knowledge.org/resource/Methodist_Episcopal_Church_(Orleans,_New_York)	Methodist Episcopal Church (Orleans, New York)	http://www.w3.org/1999/02/22-rdf-syntax-ns#type	type	http://yago-knowledge.org/resource/wordnet_object_100002684	entity	object
http://yago-knowledge.org/resource/Methodist_Episcopal_Church_(Orleans,_New_York)	Methodist Episcopal Church (Orleans, New York)	http://www.w3.org/1999/02/22-rdf-syntax-ns#type	type	http://yago-knowledge.org/resource/wordnet_physical_entity_100001930	entity	physical entity
http://yago-knowledge.org/resource/Methodist_Episcopal_Church_(Orleans,_New_York)	Methodist Episcopal Church (Orleans, New York)	http://www.w3.org/1999/02/22-rdf-syntax-ns#type	type	http://yago-knowledge.org/resource/wordnet_place_of_worship_103953416	entity	place of worship
http://yago-knowledge.org/resource/Methodist_Episcopal_Church_(Orleans,_New_York)	Methodist Episcopal Church (Orleans, New York)	http://www.w3.org/1999/02/22-rdf-syntax-ns#type	type	http://yago-knowledge.org/resource/wordnet_structure_104341686	entity	structure
http://yago-knowledge.org/resource/Methodist_Episcopal_Church_(Orleans,_New_York)	Methodist Episcopal Church (Orleans, New York)	http://www.w3.org/1999/02/22-rdf-syntax-ns#type	type	http://yago-knowledge.org/resource/wordnet_whole_100003553	entity	whole
http://yago-knowledge.org/resource/Methodist_Episcopal_Church_(Orleans,_New_York)	Methodist Episcopal Church (Orleans, New York)	http://www.w3.org/1999/02/22-rdf-syntax-ns#type	type	http://yago-knowledge.org/resource/yagoGeoEntity	entity	geographical entity
http://yago-knowledge.org/resource/Methodist_Episcopal_Church_(Orleans,_New_York)	Methodist Episcopal Church (Orleans, New York)	http://www.w3.org/1999/02/22-rdf-syntax-ns#type	type	http://yago-knowledge.org/resource/yagoPermanentlyLocatedEntity	entity	yagoPermanentlyLocatedEntity
http://yago-knowledge.org/resource/Methodist_Episcopal_Church_(Orleans,_New_York)	Methodist Episcopal Church (Orleans, New York)	http://www.w3.org/2000/01/rdf-schema#label	label	Methodist Episcopal Church	http://www.w3.org/1999/02/22-rdf-syntax-ns#langString	
http://yago-knowledge.org/resource/Methodist_Episcopal_Church_(Orleans,_New_York)	Methodist Episcopal Church (Orleans, New York)	http://www.w3.org/2000/01/rdf-schema#label	label	Methodist Episcopal Church (Orleans, New York)	http://www.w3.org/1999/02/22-rdf-syntax-ns#langString	
http://yago-knowledge.org/resource/Methodist_Episcopal_Church_(Orleans,_New_York)	Methodist Episcopal Church (Orleans, New York)	http://www.w3.org/2002/07/owl#sameAs	sameAs	http://dbpedia.org/resource/Methodist_Episcopal_Church_(Orleans,_New_York)	entity	Methodist Episcopal Church (Orleans, New York)
http://yago-knowledge.org/resource/Methodist_Episcopal_Church_(Orleans,_New_York)	Methodist Episcopal Church (Orleans, New York)	http://www.w3.org/2004/02/skos/core#prefLabel	preferred label	Methodist Episcopal Church (Orleans, New York)	http://www.w3.org/1999/02/22-rdf-syntax-ns#langString	
http://yago-knowledge.org/resource/Methodist_Episcopal_Church_(Orleans,_New_York)	Methodist Episcopal Church (Orleans, New York)	http://yago-knowledge.org/resource/hasCitationTitle	null	Accompanying two photos	http://www.w3.org/1999/02/22-rdf-syntax-ns#langString	
http://yago-knowledge.org/resource/Methodist_Episcopal_Church_(Orleans,_New_York)	Methodist Episcopal Church (Orleans, New York)	http://yago-knowledge.org/resource/hasCitationTitle	null	National Register of Historic Places Registration: Methodist Episcopal Church	http://www.w3.org/1999/02/22-rdf-syntax-ns#langString	
http://yago-knowledge.org/resource/Methodist_Episcopal_Church_(Orleans,_New_York)	Methodist Episcopal Church (Orleans, New York)	http://yago-knowledge.org/resource/hasWikipediaAnchorText	null	Gothic Revival	http://www.w3.org/1999/02/22-rdf-syntax-ns#langString	
http://yago-knowledge.org/resource/Methodist_Episcopal_Church_(Orleans,_New_York)	Methodist Episcopal Church (Orleans, New York)	http://yago-knowledge.org/resource/hasWikipediaAnchorText	null	Jefferson County, New York	http://www.w3.org/1999/02/22-rdf-syntax-ns#langString	
http://yago-knowledge.org/resource/Methodist_Episcopal_Church_(Orleans,_New_York)	Methodist Episcopal Church (Orleans, New York)	http://yago-knowledge.org/resource/hasWikipediaAnchorText	null	Methodist Episcopal	http://www.w3.org/1999/02/22-rdf-syntax-ns#langString	
http://yago-knowledge.org/resource/Methodist_Episcopal_Church_(Orleans,_New_York)	Methodist Episcopal Church (Orleans, New York)	http://yago-knowledge.org/resource/hasWikipediaAnchorText	null	National Register of Historic Places	http://www.w3.org/1999/02/22-rdf-syntax-ns#langString	
http://yago-knowledge.org/resource/Methodist_Episcopal_Church_(Orleans,_New_York)	Methodist Episcopal Church (Orleans, New York)	http://yago-knowledge.org/resource/hasWikipediaAnchorText	null	New York State Office of Parks, Recreation and Historic Preservation	http://www.w3.org/1999/02/22-rdf-syntax-ns#langString	
http://yago-knowledge.org/resource/Methodist_Episcopal_Church_(Orleans,_New_York)	Methodist Episcopal Church (Orleans, New York)	http://yago-knowledge.org/resource/hasWikipediaAnchorText	null	Orleans	http://www.w3.org/1999/02/22-rdf-syntax-ns#langString	
http://yago-knowledge.org/resource/Methodist_Episcopal_Church_(Orleans,_New_York)	Methodist Episcopal Church (Orleans, New York)	http://yago-knowledge.org/resource/hasWikipediaAnchorText	null	Orleans MPS	http://www.w3.org/1999/02/22-rdf-syntax-ns#langString	
http://yago-knowledge.org/resource/Methodist_Episcopal_Church_(Orleans,_New_York)	Methodist Episcopal Church (Orleans, New York)	http://yago-knowledge.org/resource/hasWikipediaAnchorText	null	Orleans, New York	http://www.w3.org/1999/02/22-rdf-syntax-ns#langString	
http://yago-knowledge.org/resource/Methodist_Episcopal_Church_(Orleans,_New_York)	Methodist Episcopal Church (Orleans, New York)	http://yago-knowledge.org/resource/hasWikipediaAnchorText	null	belfry	http://www.w3.org/1999/02/22-rdf-syntax-ns#langString	
http://yago-knowledge.org/resource/Methodist_Episcopal_Church_(Orleans,_New_York)	Methodist Episcopal Church (Orleans, New York)	http://yago-knowledge.org/resource/hasWikipediaAnchorText	null	church	http://www.w3.org/1999/02/22-rdf-syntax-ns#langString	
http://yago-knowledge.org/resource/Methodist_Episcopal_Church_(Orleans,_New_York)	Methodist Episcopal Church (Orleans, New York)	http://yago-knowledge.org/resource/wasCreatedOnDate	startDate	1892-01-01	http://www.w3.org/2001/XMLSchema#date	
