sub	subl	prop	propl	obj	obj_t	obj_l
http://dbpedia.org/resource/Methodist_Episcopal_Church_(Devils_Lake,_North_Dakota)	Methodist Episcopal Church (Devils Lake, North Dakota)	http://dbpedia.org/ontology/abstract	has abstract	The Methodist Episcopal Church on 5th St., NE in Devils Lake, North Dakota was built in 1915. It was designed by local architect Joseph A. Shannon. It was listed on the National Register of Historic Places in 2008.	http://www.w3.org/1999/02/22-rdf-syntax-ns#langString	
http://dbpedia.org/resource/Methodist_Episcopal_Church_(Devils_Lake,_North_Dakota)	Methodist Episcopal Church (Devils Lake, North Dakota)	http://dbpedia.org/ontology/added	added	2008-07-16	http://www.w3.org/2001/XMLSchema#date	
http://dbpedia.org/resource/Methodist_Episcopal_Church_(Devils_Lake,_North_Dakota)	Methodist Episcopal Church (Devils Lake, North Dakota)	http://dbpedia.org/ontology/architect	architect	http://dbpedia.org/resource/Joseph_A._Shannon	entity	Joseph A. Shannon
http://dbpedia.org/resource/Methodist_Episcopal_Church_(Devils_Lake,_North_Dakota)	Methodist Episcopal Church (Devils Lake, North Dakota)	http://dbpedia.org/ontology/architecturalStyle	architectural style	http://dbpedia.org/resource/Classical_Revival_architecture	entity	Classical Revival architecture
http://dbpedia.org/resource/Methodist_Episcopal_Church_(Devils_Lake,_North_Dakota)	Methodist Episcopal Church (Devils Lake, North Dakota)	http://dbpedia.org/ontology/architecturalStyle	architectural style	http://dbpedia.org/resource/Romanesque_architecture	entity	Romanesque architecture
http://dbpedia.org/resource/Methodist_Episcopal_Church_(Devils_Lake,_North_Dakota)	Methodist Episcopal Church (Devils Lake, North Dakota)	http://dbpedia.org/ontology/area	area (m2)	1214.06	http://www.w3.org/2001/XMLSchema#double	
http://dbpedia.org/resource/Methodist_Episcopal_Church_(Devils_Lake,_North_Dakota)	Methodist Episcopal Church (Devils Lake, North Dakota)	http://dbpedia.org/ontology/location	location	http://dbpedia.org/resource/Devils_Lake,_North_Dakota	entity	Devils Lake, North Dakota
http://dbpedia.org/resource/Methodist_Episcopal_Church_(Devils_Lake,_North_Dakota)	Methodist Episcopal Church (Devils Lake, North Dakota)	http://dbpedia.org/ontology/nrhpReferenceNumber	NRHP Reference Number	08000680	http://www.w3.org/2001/XMLSchema#string	
http://dbpedia.org/resource/Methodist_Episcopal_Church_(Devils_Lake,_North_Dakota)	Methodist Episcopal Church (Devils Lake, North Dakota)	http://dbpedia.org/ontology/wikiPageID	Wikipage page ID	36543199	http://www.w3.org/2001/XMLSchema#integer	
http://dbpedia.org/resource/Methodist_Episcopal_Church_(Devils_Lake,_North_Dakota)	Methodist Episcopal Church (Devils Lake, North Dakota)	http://dbpedia.org/ontology/wikiPageLength	page length (characters) of wiki page	1980	http://www.w3.org/2001/XMLSchema#nonNegativeInteger	
http://dbpedia.org/resource/Methodist_Episcopal_Church_(Devils_Lake,_North_Dakota)	Methodist Episcopal Church (Devils Lake, North Dakota)	http://dbpedia.org/ontology/wikiPageOutDegree	Wiki page out degree	14	http://www.w3.org/2001/XMLSchema#nonNegativeInteger	
http://dbpedia.org/resource/Methodist_Episcopal_Church_(Devils_Lake,_North_Dakota)	Methodist Episcopal Church (Devils Lake, North Dakota)	http://dbpedia.org/ontology/wikiPageRevisionID	Wikipage revision ID	727054290	http://www.w3.org/2001/XMLSchema#integer	
http://dbpedia.org/resource/Methodist_Episcopal_Church_(Devils_Lake,_North_Dakota)	Methodist Episcopal Church (Devils Lake, North Dakota)	http://dbpedia.org/ontology/yearOfConstruction	year of construction	1915	http://www.w3.org/2001/XMLSchema#gYear	
http://dbpedia.org/resource/Methodist_Episcopal_Church_(Devils_Lake,_North_Dakota)	Methodist Episcopal Church (Devils Lake, North Dakota)	http://purl.org/dc/terms/subject	Subject	http://dbpedia.org/resource/Category:Buildings_and_structures_in_Ramsey_County,_North_Dakota	entity	Buildings and structures in Ramsey County, North Dakota
http://dbpedia.org/resource/Methodist_Episcopal_Church_(Devils_Lake,_North_Dakota)	Methodist Episcopal Church (Devils Lake, North Dakota)	http://purl.org/dc/terms/subject	Subject	http://dbpedia.org/resource/Category:Churches_completed_in_1915	entity	Churches completed in 1915
http://dbpedia.org/resource/Methodist_Episcopal_Church_(Devils_Lake,_North_Dakota)	Methodist Episcopal Church (Devils Lake, North Dakota)	http://purl.org/dc/terms/subject	Subject	http://dbpedia.org/resource/Category:Churches_on_the_National_Register_of_Historic_Places_in_North_Dakota	entity	Churches on the National Register of Historic Places in North Dakota
http://dbpedia.org/resource/Methodist_Episcopal_Church_(Devils_Lake,_North_Dakota)	Methodist Episcopal Church (Devils Lake, North Dakota)	http://purl.org/dc/terms/subject	Subject	http://dbpedia.org/resource/Category:Methodist_churches_in_North_Dakota	entity	Methodist churches in North Dakota
http://dbpedia.org/resource/Methodist_Episcopal_Church_(Devils_Lake,_North_Dakota)	Methodist Episcopal Church (Devils Lake, North Dakota)	http://purl.org/dc/terms/subject	Subject	http://dbpedia.org/resource/Category:National_Register_of_Historic_Places_in_Ramsey_County,_North_Dakota	entity	National Register of Historic Places in Ramsey County, North Dakota
http://dbpedia.org/resource/Methodist_Episcopal_Church_(Devils_Lake,_North_Dakota)	Methodist Episcopal Church (Devils Lake, North Dakota)	http://purl.org/dc/terms/subject	Subject	http://dbpedia.org/resource/Category:Neoclassical_architecture_in_North_Dakota	entity	Neoclassical architecture in North Dakota
http://dbpedia.org/resource/Methodist_Episcopal_Church_(Devils_Lake,_North_Dakota)	Methodist Episcopal Church (Devils Lake, North Dakota)	http://purl.org/dc/terms/subject	Subject	http://dbpedia.org/resource/Category:Romanesque_Revival_churches_in_North_Dakota	entity	Romanesque Revival churches in North Dakota
http://dbpedia.org/resource/Methodist_Episcopal_Church_(Devils_Lake,_North_Dakota)	Methodist Episcopal Church (Devils Lake, North Dakota)	http://www.georss.org/georss/point	null	48.11555555555555 -98.85666666666667	http://www.w3.org/2001/XMLSchema#string	
http://dbpedia.org/resource/Methodist_Episcopal_Church_(Devils_Lake,_North_Dakota)	Methodist Episcopal Church (Devils Lake, North Dakota)	http://www.w3.org/1999/02/22-rdf-syntax-ns#type	type	http://dbpedia.org/ontology/ArchitecturalStructure	entity	architectural structure
http://dbpedia.org/resource/Methodist_Episcopal_Church_(Devils_Lake,_North_Dakota)	Methodist Episcopal Church (Devils Lake, North Dakota)	http://www.w3.org/1999/02/22-rdf-syntax-ns#type	type	http://dbpedia.org/ontology/Building	entity	building
http://dbpedia.org/resource/Methodist_Episcopal_Church_(Devils_Lake,_North_Dakota)	Methodist Episcopal Church (Devils Lake, North Dakota)	http://www.w3.org/1999/02/22-rdf-syntax-ns#type	type	http://dbpedia.org/ontology/Location	uri	null
http://dbpedia.org/resource/Methodist_Episcopal_Church_(Devils_Lake,_North_Dakota)	Methodist Episcopal Church (Devils Lake, North Dakota)	http://www.w3.org/1999/02/22-rdf-syntax-ns#type	type	http://dbpedia.org/ontology/Place	entity	place
http://dbpedia.org/resource/Methodist_Episcopal_Church_(Devils_Lake,_North_Dakota)	Methodist Episcopal Church (Devils Lake, North Dakota)	http://www.w3.org/1999/02/22-rdf-syntax-ns#type	type	http://schema.org/Place	entity	Place
http://dbpedia.org/resource/Methodist_Episcopal_Church_(Devils_Lake,_North_Dakota)	Methodist Episcopal Church (Devils Lake, North Dakota)	http://www.w3.org/1999/02/22-rdf-syntax-ns#type	type	http://www.w3.org/2002/07/owl#Thing	entity	Thing
http://dbpedia.org/resource/Methodist_Episcopal_Church_(Devils_Lake,_North_Dakota)	Methodist Episcopal Church (Devils Lake, North Dakota)	http://www.w3.org/1999/02/22-rdf-syntax-ns#type	type	http://www.w3.org/2003/01/geo/wgs84_pos#SpatialThing	entity	Spatial Thing
http://dbpedia.org/resource/Methodist_Episcopal_Church_(Devils_Lake,_North_Dakota)	Methodist Episcopal Church (Devils Lake, North Dakota)	http://www.w3.org/1999/02/22-rdf-syntax-ns#type	type	http://www.wikidata.org/entity/Q41176	entity	building
http://dbpedia.org/resource/Methodist_Episcopal_Church_(Devils_Lake,_North_Dakota)	Methodist Episcopal Church (Devils Lake, North Dakota)	http://www.w3.org/2000/01/rdf-schema#comment	comment	The Methodist Episcopal Church on 5th St., NE in Devils Lake, North Dakota was built in 1915. It was designed by local architect Joseph A. Shannon. It was listed on the National Register of Historic Places in 2008.	http://www.w3.org/1999/02/22-rdf-syntax-ns#langString	
http://dbpedia.org/resource/Methodist_Episcopal_Church_(Devils_Lake,_North_Dakota)	Methodist Episcopal Church (Devils Lake, North Dakota)	http://www.w3.org/2000/01/rdf-schema#label	label	Methodist Episcopal Church (Devils Lake, North Dakota)	http://www.w3.org/1999/02/22-rdf-syntax-ns#langString	
http://dbpedia.org/resource/Methodist_Episcopal_Church_(Devils_Lake,_North_Dakota)	Methodist Episcopal Church (Devils Lake, North Dakota)	http://www.w3.org/2002/07/owl#sameAs	sameAs	http://dbpedia.org/resource/Methodist_Episcopal_Church_(Devils_Lake,_North_Dakota)	entity	Methodist Episcopal Church (Devils Lake, North Dakota)
http://dbpedia.org/resource/Methodist_Episcopal_Church_(Devils_Lake,_North_Dakota)	Methodist Episcopal Church (Devils Lake, North Dakota)	http://www.w3.org/2002/07/owl#sameAs	sameAs	http://rdf.freebase.com/ns/m.0kg2bmb	entity	Methodist Episcopal Church
http://dbpedia.org/resource/Methodist_Episcopal_Church_(Devils_Lake,_North_Dakota)	Methodist Episcopal Church (Devils Lake, North Dakota)	http://www.w3.org/2002/07/owl#sameAs	sameAs	http://www.wikidata.org/entity/Q6823779	entity	Methodist Episcopal Church
http://dbpedia.org/resource/Methodist_Episcopal_Church_(Devils_Lake,_North_Dakota)	Methodist Episcopal Church (Devils Lake, North Dakota)	http://www.w3.org/2003/01/geo/wgs84_pos#lat	latitude	48.1156	http://www.w3.org/2001/XMLSchema#float	
http://dbpedia.org/resource/Methodist_Episcopal_Church_(Devils_Lake,_North_Dakota)	Methodist Episcopal Church (Devils Lake, North Dakota)	http://www.w3.org/2003/01/geo/wgs84_pos#long	longtitude	-98.8567	http://www.w3.org/2001/XMLSchema#float	
http://dbpedia.org/resource/Methodist_Episcopal_Church_(Devils_Lake,_North_Dakota)	Methodist Episcopal Church (Devils Lake, North Dakota)	http://www.w3.org/ns/prov#wasDerivedFrom	wasDerivedFrom	http://en.wikipedia.org/wiki/Methodist_Episcopal_Church_(Devils_Lake,_North_Dakota)?oldid=727054290	uri	null
http://dbpedia.org/resource/Methodist_Episcopal_Church_(Devils_Lake,_North_Dakota)	Methodist Episcopal Church (Devils Lake, North Dakota)	http://xmlns.com/foaf/0.1/isPrimaryTopicOf	is primary topic of	http://en.wikipedia.org/wiki/Methodist_Episcopal_Church_(Devils_Lake,_North_Dakota)	uri	null
http://dbpedia.org/resource/Methodist_Episcopal_Church_(Devils_Lake,_North_Dakota)	Methodist Episcopal Church (Devils Lake, North Dakota)	http://xmlns.com/foaf/0.1/name	name	Methodist Episcopal Church	http://www.w3.org/1999/02/22-rdf-syntax-ns#langString	
