sub	subl	prop	propl	obj	obj_t	obj_l
http://dbpedia.org/resource/Methodist_Episcopal_Church_(Buffalo,_Wyoming)	Methodist Episcopal Church (Buffalo, Wyoming)	http://dbpedia.org/ontology/abstract	has abstract	Methodist Episcopal Church (First United Methodist Church) is a historic Methodist church at Fort and N. Adams Streets in Buffalo, Wyoming, United States. The church was built in 1899, and was added to the National Register in 1976. It is located at the corner of Adams Avenue and Fort Street in Buffalo, Wyoming.	http://www.w3.org/1999/02/22-rdf-syntax-ns#langString	
http://dbpedia.org/resource/Methodist_Episcopal_Church_(Buffalo,_Wyoming)	Methodist Episcopal Church (Buffalo, Wyoming)	http://dbpedia.org/ontology/added	added	1976-09-13	http://www.w3.org/2001/XMLSchema#date	
http://dbpedia.org/resource/Methodist_Episcopal_Church_(Buffalo,_Wyoming)	Methodist Episcopal Church (Buffalo, Wyoming)	http://dbpedia.org/ontology/architecturalStyle	architectural style	http://dbpedia.org/resource/Akron_Plan	entity	Akron Plan
http://dbpedia.org/resource/Methodist_Episcopal_Church_(Buffalo,_Wyoming)	Methodist Episcopal Church (Buffalo, Wyoming)	http://dbpedia.org/ontology/area	area (m2)	1214.06	http://www.w3.org/2001/XMLSchema#double	
http://dbpedia.org/resource/Methodist_Episcopal_Church_(Buffalo,_Wyoming)	Methodist Episcopal Church (Buffalo, Wyoming)	http://dbpedia.org/ontology/location	location	http://dbpedia.org/resource/Buffalo,_Wyoming	entity	Buffalo, Wyoming
http://dbpedia.org/resource/Methodist_Episcopal_Church_(Buffalo,_Wyoming)	Methodist Episcopal Church (Buffalo, Wyoming)	http://dbpedia.org/ontology/nrhpReferenceNumber	NRHP Reference Number	76001952	http://www.w3.org/2001/XMLSchema#string	
http://dbpedia.org/resource/Methodist_Episcopal_Church_(Buffalo,_Wyoming)	Methodist Episcopal Church (Buffalo, Wyoming)	http://dbpedia.org/ontology/thumbnail	thumbnail	http://commons.wikimedia.org/wiki/Special:FilePath/Methodist_Church_Buffalo_Wyoming.jpg?width=300	uri	null
http://dbpedia.org/resource/Methodist_Episcopal_Church_(Buffalo,_Wyoming)	Methodist Episcopal Church (Buffalo, Wyoming)	http://dbpedia.org/ontology/wikiPageID	Wikipage page ID	33970441	http://www.w3.org/2001/XMLSchema#integer	
http://dbpedia.org/resource/Methodist_Episcopal_Church_(Buffalo,_Wyoming)	Methodist Episcopal Church (Buffalo, Wyoming)	http://dbpedia.org/ontology/wikiPageLength	page length (characters) of wiki page	4714	http://www.w3.org/2001/XMLSchema#nonNegativeInteger	
http://dbpedia.org/resource/Methodist_Episcopal_Church_(Buffalo,_Wyoming)	Methodist Episcopal Church (Buffalo, Wyoming)	http://dbpedia.org/ontology/wikiPageOutDegree	Wiki page out degree	16	http://www.w3.org/2001/XMLSchema#nonNegativeInteger	
http://dbpedia.org/resource/Methodist_Episcopal_Church_(Buffalo,_Wyoming)	Methodist Episcopal Church (Buffalo, Wyoming)	http://dbpedia.org/ontology/wikiPageRevisionID	Wikipage revision ID	735707110	http://www.w3.org/2001/XMLSchema#integer	
http://dbpedia.org/resource/Methodist_Episcopal_Church_(Buffalo,_Wyoming)	Methodist Episcopal Church (Buffalo, Wyoming)	http://dbpedia.org/ontology/yearOfConstruction	year of construction	1899	http://www.w3.org/2001/XMLSchema#gYear	
http://dbpedia.org/resource/Methodist_Episcopal_Church_(Buffalo,_Wyoming)	Methodist Episcopal Church (Buffalo, Wyoming)	http://purl.org/dc/terms/subject	Subject	http://dbpedia.org/resource/Category:Akron_Plan_churches	entity	Akron Plan churches
http://dbpedia.org/resource/Methodist_Episcopal_Church_(Buffalo,_Wyoming)	Methodist Episcopal Church (Buffalo, Wyoming)	http://purl.org/dc/terms/subject	Subject	http://dbpedia.org/resource/Category:Buildings_and_structures_in_Buffalo,_Wyoming	entity	Buildings and structures in Buffalo, Wyoming
http://dbpedia.org/resource/Methodist_Episcopal_Church_(Buffalo,_Wyoming)	Methodist Episcopal Church (Buffalo, Wyoming)	http://purl.org/dc/terms/subject	Subject	http://dbpedia.org/resource/Category:Churches_completed_in_1899	entity	Churches completed in 1899
http://dbpedia.org/resource/Methodist_Episcopal_Church_(Buffalo,_Wyoming)	Methodist Episcopal Church (Buffalo, Wyoming)	http://purl.org/dc/terms/subject	Subject	http://dbpedia.org/resource/Category:Churches_on_the_National_Register_of_Historic_Places_in_Wyoming	entity	Churches on the National Register of Historic Places in Wyoming
http://dbpedia.org/resource/Methodist_Episcopal_Church_(Buffalo,_Wyoming)	Methodist Episcopal Church (Buffalo, Wyoming)	http://purl.org/dc/terms/subject	Subject	http://dbpedia.org/resource/Category:Methodist_churches_in_Wyoming	entity	Methodist churches in Wyoming
http://dbpedia.org/resource/Methodist_Episcopal_Church_(Buffalo,_Wyoming)	Methodist Episcopal Church (Buffalo, Wyoming)	http://purl.org/dc/terms/subject	Subject	http://dbpedia.org/resource/Category:National_Register_of_Historic_Places_in_Johnson_County,_Wyoming	entity	National Register of Historic Places in Johnson County, Wyoming
http://dbpedia.org/resource/Methodist_Episcopal_Church_(Buffalo,_Wyoming)	Methodist Episcopal Church (Buffalo, Wyoming)	http://www.georss.org/georss/point	null	44.34861111111111 -106.70027777777777	http://www.w3.org/2001/XMLSchema#string	
http://dbpedia.org/resource/Methodist_Episcopal_Church_(Buffalo,_Wyoming)	Methodist Episcopal Church (Buffalo, Wyoming)	http://www.w3.org/1999/02/22-rdf-syntax-ns#type	type	http://dbpedia.org/ontology/ArchitecturalStructure	entity	architectural structure
http://dbpedia.org/resource/Methodist_Episcopal_Church_(Buffalo,_Wyoming)	Methodist Episcopal Church (Buffalo, Wyoming)	http://www.w3.org/1999/02/22-rdf-syntax-ns#type	type	http://dbpedia.org/ontology/Building	entity	building
http://dbpedia.org/resource/Methodist_Episcopal_Church_(Buffalo,_Wyoming)	Methodist Episcopal Church (Buffalo, Wyoming)	http://www.w3.org/1999/02/22-rdf-syntax-ns#type	type	http://dbpedia.org/ontology/Location	uri	null
http://dbpedia.org/resource/Methodist_Episcopal_Church_(Buffalo,_Wyoming)	Methodist Episcopal Church (Buffalo, Wyoming)	http://www.w3.org/1999/02/22-rdf-syntax-ns#type	type	http://dbpedia.org/ontology/Place	entity	place
http://dbpedia.org/resource/Methodist_Episcopal_Church_(Buffalo,_Wyoming)	Methodist Episcopal Church (Buffalo, Wyoming)	http://www.w3.org/1999/02/22-rdf-syntax-ns#type	type	http://schema.org/Place	entity	Place
http://dbpedia.org/resource/Methodist_Episcopal_Church_(Buffalo,_Wyoming)	Methodist Episcopal Church (Buffalo, Wyoming)	http://www.w3.org/1999/02/22-rdf-syntax-ns#type	type	http://www.w3.org/2002/07/owl#Thing	entity	Thing
http://dbpedia.org/resource/Methodist_Episcopal_Church_(Buffalo,_Wyoming)	Methodist Episcopal Church (Buffalo, Wyoming)	http://www.w3.org/1999/02/22-rdf-syntax-ns#type	type	http://www.w3.org/2003/01/geo/wgs84_pos#SpatialThing	entity	Spatial Thing
http://dbpedia.org/resource/Methodist_Episcopal_Church_(Buffalo,_Wyoming)	Methodist Episcopal Church (Buffalo, Wyoming)	http://www.w3.org/1999/02/22-rdf-syntax-ns#type	type	http://www.wikidata.org/entity/Q41176	entity	building
http://dbpedia.org/resource/Methodist_Episcopal_Church_(Buffalo,_Wyoming)	Methodist Episcopal Church (Buffalo, Wyoming)	http://www.w3.org/2000/01/rdf-schema#comment	comment	Methodist Episcopal Church (First United Methodist Church) is a historic Methodist church at Fort and N. Adams Streets in Buffalo, Wyoming, United States. The church was built in 1899, and was added to the National Register in 1976. It is located at the corner of Adams Avenue and Fort Street in Buffalo, Wyoming.	http://www.w3.org/1999/02/22-rdf-syntax-ns#langString	
http://dbpedia.org/resource/Methodist_Episcopal_Church_(Buffalo,_Wyoming)	Methodist Episcopal Church (Buffalo, Wyoming)	http://www.w3.org/2000/01/rdf-schema#label	label	Methodist Episcopal Church (Buffalo, Wyoming)	http://www.w3.org/1999/02/22-rdf-syntax-ns#langString	
http://dbpedia.org/resource/Methodist_Episcopal_Church_(Buffalo,_Wyoming)	Methodist Episcopal Church (Buffalo, Wyoming)	http://www.w3.org/2002/07/owl#sameAs	sameAs	http://dbpedia.org/resource/Methodist_Episcopal_Church_(Buffalo,_Wyoming)	entity	Methodist Episcopal Church (Buffalo, Wyoming)
http://dbpedia.org/resource/Methodist_Episcopal_Church_(Buffalo,_Wyoming)	Methodist Episcopal Church (Buffalo, Wyoming)	http://www.w3.org/2002/07/owl#sameAs	sameAs	http://rdf.freebase.com/ns/m.0hn9408	entity	Methodist Episcopal Church
http://dbpedia.org/resource/Methodist_Episcopal_Church_(Buffalo,_Wyoming)	Methodist Episcopal Church (Buffalo, Wyoming)	http://www.w3.org/2002/07/owl#sameAs	sameAs	http://www.wikidata.org/entity/Q6823777	entity	Methodist Episcopal Church
http://dbpedia.org/resource/Methodist_Episcopal_Church_(Buffalo,_Wyoming)	Methodist Episcopal Church (Buffalo, Wyoming)	http://www.w3.org/2003/01/geo/wgs84_pos#lat	latitude	44.3486	http://www.w3.org/2001/XMLSchema#float	
http://dbpedia.org/resource/Methodist_Episcopal_Church_(Buffalo,_Wyoming)	Methodist Episcopal Church (Buffalo, Wyoming)	http://www.w3.org/2003/01/geo/wgs84_pos#long	longtitude	-106.7	http://www.w3.org/2001/XMLSchema#float	
http://dbpedia.org/resource/Methodist_Episcopal_Church_(Buffalo,_Wyoming)	Methodist Episcopal Church (Buffalo, Wyoming)	http://www.w3.org/ns/prov#wasDerivedFrom	wasDerivedFrom	http://en.wikipedia.org/wiki/Methodist_Episcopal_Church_(Buffalo,_Wyoming)?oldid=735707110	uri	null
http://dbpedia.org/resource/Methodist_Episcopal_Church_(Buffalo,_Wyoming)	Methodist Episcopal Church (Buffalo, Wyoming)	http://xmlns.com/foaf/0.1/depiction	depiction	http://commons.wikimedia.org/wiki/Special:FilePath/Methodist_Church_Buffalo_Wyoming.jpg	uri	null
http://dbpedia.org/resource/Methodist_Episcopal_Church_(Buffalo,_Wyoming)	Methodist Episcopal Church (Buffalo, Wyoming)	http://xmlns.com/foaf/0.1/isPrimaryTopicOf	is primary topic of	http://en.wikipedia.org/wiki/Methodist_Episcopal_Church_(Buffalo,_Wyoming)	uri	null
http://dbpedia.org/resource/Methodist_Episcopal_Church_(Buffalo,_Wyoming)	Methodist Episcopal Church (Buffalo, Wyoming)	http://xmlns.com/foaf/0.1/name	name	Methodist Episcopal Church	http://www.w3.org/1999/02/22-rdf-syntax-ns#langString	
