sub	subl	prop	propl	obj	obj_t	obj_l
http://dbpedia.org/resource/White_House	White House	http://dbpedia.org/ontology/abstract	has abstract	The White House is the official residence and principal workplace of the President of the United States, located at 1600 Pennsylvania Avenue NW in Washington, D.C. It has been the residence of every U.S. president since John Adams in 1800. The term White House is often used to refer to actions of the president and his advisers, as in "The White House announced that...". The house was designed by Irish-born James Hoban and built between 1792 and 1800 of white-painted Aquia Creek sandstone in the Neoclassical style. When Thomas Jefferson moved into the house in 1801, he (with architect Benjamin Henry Latrobe) added low colonnades on each wing that concealed stables and storage. In 1814, during the War of 1812, the mansion was set ablaze by the British Army in the Burning of Washington, destroying the interior and charring much of the exterior. Reconstruction began almost immediately, and President James Monroe moved into the partially reconstructed Executive Residence in October 1817. Construction continued with the addition of the semi-circular South portico in 1824 and the North portico in 1829. Because of crowding within the executive mansion itself, President Theodore Roosevelt had all work offices relocated to the newly constructed West Wing in 1901. Eight years later, President William Howard Taft expanded the West Wing and created the first Oval Office which was eventually moved as the section was expanded. In the main mansion, the third-floor attic was converted to living quarters in 1927 by augmenting the existing hip roof with long shed dormers. A newly constructed East Wing was used as a reception area for social events; Jefferson's colonnades connected the new wings. East Wing alterations were completed in 1946, creating additional office space. By 1948, the house's load-bearing exterior walls and internal wood beams were found to be close to failure. Under Harry S. Truman, the interior rooms were completely dismantled and a new internal load-bearing steel frame constructed inside the walls. Once this work was completed, the interior rooms were rebuilt. The modern-day White House complex includes the Executive Residence, West Wing, East Wing, the Eisenhower Executive Office Building—the former State Department, which now houses offices for the President's staff and the Vice President—and Blair House, a guest residence. The Executive Residence is made up of six stories—the Ground Floor, State Floor, Second Floor, and Third Floor, as well as a two-story basement. The property is a National Heritage Site owned by the National Park Service and is part of the President's Park. In 2007, it was ranked second on the American Institute of Architects list of "America's Favorite Architecture".	http://www.w3.org/1999/02/22-rdf-syntax-ns#langString	
http://dbpedia.org/resource/White_House	White House	http://dbpedia.org/ontology/address	address	1600Pennsylvania Avenue	http://www.w3.org/1999/02/22-rdf-syntax-ns#langString	
http://dbpedia.org/resource/White_House	White House	http://dbpedia.org/ontology/address	address	NW Washington, D.C. 20500U.S.	http://www.w3.org/1999/02/22-rdf-syntax-ns#langString	
http://dbpedia.org/resource/White_House	White House	http://dbpedia.org/ontology/architect	architect	http://dbpedia.org/resource/James_Hoban	entity	James Hoban
http://dbpedia.org/resource/White_House	White House	http://dbpedia.org/ontology/tenant	tenant	http://dbpedia.org/resource/Barack_Obama	entity	Barack Obama
http://dbpedia.org/resource/White_House	White House	http://dbpedia.org/ontology/tenant	tenant	http://dbpedia.org/resource/Obama_family	entity	Obama family
http://dbpedia.org/resource/White_House	White House	http://dbpedia.org/ontology/tenant	tenant	http://dbpedia.org/resource/President_of_the_United_States	entity	President of the United States
http://dbpedia.org/resource/White_House	White House	http://dbpedia.org/ontology/thumbnail	thumbnail	http://commons.wikimedia.org/wiki/Special:FilePath/White_House_north_and_south_sides.jpg?width=300	uri	null
http://dbpedia.org/resource/White_House	White House	http://dbpedia.org/ontology/wikiPageExternalLink	Link from a Wikipage to an external page	http://www.c-span.org/search/?sdate=&edate=&searchtype=Videos&sort=Most+Popular&text=0&all%5B%5D=white&all%5B%5D=house&all%5B%5D=tours&tagid%5B%5D=149	uri	null
http://dbpedia.org/resource/White_House	White House	http://dbpedia.org/ontology/wikiPageExternalLink	Link from a Wikipage to an external page	http://www.c-spanvideo.org/program/HouseTo	uri	null
http://dbpedia.org/resource/White_House	White House	http://dbpedia.org/ontology/wikiPageExternalLink	Link from a Wikipage to an external page	http://www.c-spanvideo.org/program/Tourwi	uri	null
http://dbpedia.org/resource/White_House	White House	http://dbpedia.org/ontology/wikiPageExternalLink	Link from a Wikipage to an external page	http://www.nps.gov/whho/	uri	null
http://dbpedia.org/resource/White_House	White House	http://dbpedia.org/ontology/wikiPageExternalLink	Link from a Wikipage to an external page	http://www.whitehouse.gov/	uri	null
http://dbpedia.org/resource/White_House	White House	http://dbpedia.org/ontology/wikiPageExternalLink	Link from a Wikipage to an external page	http://www.whitehousehistory.org/	uri	null
http://dbpedia.org/resource/White_House	White House	http://dbpedia.org/ontology/wikiPageExternalLink	Link from a Wikipage to an external page	http://www.whitehousemuseum.org/	uri	null
http://dbpedia.org/resource/White_House	White House	http://dbpedia.org/ontology/wikiPageExternalLink	Link from a Wikipage to an external page	http://www.whitehousemuseum.org/model/	uri	null
http://dbpedia.org/resource/White_House	White House	http://dbpedia.org/ontology/wikiPageID	Wikipage page ID	33057	http://www.w3.org/2001/XMLSchema#integer	
http://dbpedia.org/resource/White_House	White House	http://dbpedia.org/ontology/wikiPageLength	page length (characters) of wiki page	73706	http://www.w3.org/2001/XMLSchema#nonNegativeInteger	
http://dbpedia.org/resource/White_House	White House	http://dbpedia.org/ontology/wikiPageOutDegree	Wiki page out degree	341	http://www.w3.org/2001/XMLSchema#nonNegativeInteger	
http://dbpedia.org/resource/White_House	White House	http://dbpedia.org/ontology/wikiPageRevisionID	Wikipage revision ID	742052537	http://www.w3.org/2001/XMLSchema#integer	
http://dbpedia.org/resource/White_House	White House	http://purl.org/dc/terms/subject	Subject	http://dbpedia.org/resource/Category:1800_establishments_in_Washington,_D.C.	entity	1800 establishments in Washington, D.C.
http://dbpedia.org/resource/White_House	White House	http://purl.org/dc/terms/subject	Subject	http://dbpedia.org/resource/Category:Buildings_and_structures_in_the_United_States_destroyed_by_arson	entity	Buildings and structures in the United States destroyed by arson
http://dbpedia.org/resource/White_House	White House	http://purl.org/dc/terms/subject	Subject	http://dbpedia.org/resource/Category:Buildings_of_the_United_States_government_in_Washington,_D.C.	entity	Buildings of the United States government in Washington, D.C.
http://dbpedia.org/resource/White_House	White House	http://purl.org/dc/terms/subject	Subject	http://dbpedia.org/resource/Category:Federal_architecture_in_Washington,_D.C.	entity	Federal architecture in Washington, D.C.
http://dbpedia.org/resource/White_House	White House	http://purl.org/dc/terms/subject	Subject	http://dbpedia.org/resource/Category:Historic_house_museums_in_Washington,_D.C.	entity	Historic house museums in Washington, D.C.
http://dbpedia.org/resource/White_House	White House	http://purl.org/dc/terms/subject	Subject	http://dbpedia.org/resource/Category:Houses_completed_in_1800	entity	Houses completed in 1800
http://dbpedia.org/resource/White_House	White House	http://purl.org/dc/terms/subject	Subject	http://dbpedia.org/resource/Category:Houses_on_the_National_Register_of_Historic_Places_in_Washington,_D.C.	entity	Houses on the National Register of Historic Places in Washington, D.C.
http://dbpedia.org/resource/White_House	White House	http://purl.org/dc/terms/subject	Subject	http://dbpedia.org/resource/Category:National_Historic_Landmarks_in_Washington,_D.C.	entity	National Historic Landmarks in Washington, D.C.
http://dbpedia.org/resource/White_House	White House	http://purl.org/dc/terms/subject	Subject	http://dbpedia.org/resource/Category:Neoclassical_architecture_in_Washington,_D.C.	entity	Neoclassical architecture in Washington, D.C.
http://dbpedia.org/resource/White_House	White House	http://purl.org/dc/terms/subject	Subject	http://dbpedia.org/resource/Category:Neoclassical_palaces	entity	Neoclassical palaces
http://dbpedia.org/resource/White_House	White House	http://purl.org/dc/terms/subject	Subject	http://dbpedia.org/resource/Category:Palaces_in_the_United_States	entity	Palaces in the United States
http://dbpedia.org/resource/White_House	White House	http://purl.org/dc/terms/subject	Subject	http://dbpedia.org/resource/Category:Presidential_museums_in_Washington,_D.C.	entity	Presidential museums in Washington, D.C.
http://dbpedia.org/resource/White_House	White House	http://purl.org/dc/terms/subject	Subject	http://dbpedia.org/resource/Category:Presidential_palaces	entity	Presidential palaces
http://dbpedia.org/resource/White_House	White House	http://purl.org/dc/terms/subject	Subject	http://dbpedia.org/resource/Category:Presidential_residences_in_the_United_States	entity	Presidential residences in the United States
http://dbpedia.org/resource/White_House	White House	http://purl.org/dc/terms/subject	Subject	http://dbpedia.org/resource/Category:Rebuilt_buildings_and_structures_in_the_United_States	entity	Rebuilt buildings and structures in the United States
http://dbpedia.org/resource/White_House	White House	http://purl.org/dc/terms/subject	Subject	http://dbpedia.org/resource/Category:Reportedly_haunted_locations_in_Washington,_D.C.	entity	Reportedly haunted locations in Washington, D.C.
http://dbpedia.org/resource/White_House	White House	http://purl.org/dc/terms/subject	Subject	http://dbpedia.org/resource/Category:White_House	entity	White House
http://dbpedia.org/resource/White_House	White House	http://www.georss.org/georss/point	null	38.8977 -77.0365	http://www.w3.org/2001/XMLSchema#string	
http://dbpedia.org/resource/White_House	White House	http://www.w3.org/1999/02/22-rdf-syntax-ns#type	type	http://dbpedia.org/ontology/ArchitecturalStructure	entity	architectural structure
http://dbpedia.org/resource/White_House	White House	http://www.w3.org/1999/02/22-rdf-syntax-ns#type	type	http://dbpedia.org/ontology/Building	entity	building
http://dbpedia.org/resource/White_House	White House	http://www.w3.org/1999/02/22-rdf-syntax-ns#type	type	http://dbpedia.org/ontology/Location	uri	null
http://dbpedia.org/resource/White_House	White House	http://www.w3.org/1999/02/22-rdf-syntax-ns#type	type	http://dbpedia.org/ontology/Place	entity	place
http://dbpedia.org/resource/White_House	White House	http://www.w3.org/1999/02/22-rdf-syntax-ns#type	type	http://dbpedia.org/ontology/Stadium	entity	stadium
http://dbpedia.org/resource/White_House	White House	http://www.w3.org/1999/02/22-rdf-syntax-ns#type	type	http://schema.org/Place	entity	Place
http://dbpedia.org/resource/White_House	White House	http://www.w3.org/1999/02/22-rdf-syntax-ns#type	type	http://www.w3.org/2002/07/owl#Thing	entity	Thing
http://dbpedia.org/resource/White_House	White House	http://www.w3.org/1999/02/22-rdf-syntax-ns#type	type	http://www.w3.org/2003/01/geo/wgs84_pos#SpatialThing	entity	Spatial Thing
http://dbpedia.org/resource/White_House	White House	http://www.w3.org/1999/02/22-rdf-syntax-ns#type	type	http://www.w3.org/2004/02/skos/core#Concept	entity	Concept
http://dbpedia.org/resource/White_House	White House	http://www.w3.org/1999/02/22-rdf-syntax-ns#type	type	http://www.wikidata.org/entity/Q41176	entity	building
http://dbpedia.org/resource/White_House	White House	http://www.w3.org/2000/01/rdf-schema#comment	comment	The White House is the official residence and principal workplace of the President of the United States, located at 1600 Pennsylvania Avenue NW in Washington, D.C. It has been the residence of every U.S. president since John Adams in 1800. The term White House is often used to refer to actions of the president and his advisers, as in "The White House announced that...".	http://www.w3.org/1999/02/22-rdf-syntax-ns#langString	
http://dbpedia.org/resource/White_House	White House	http://www.w3.org/2000/01/rdf-schema#label	label	White House	http://www.w3.org/1999/02/22-rdf-syntax-ns#langString	
http://dbpedia.org/resource/White_House	White House	http://www.w3.org/2000/01/rdf-schema#seeAlso	seeAlso	http://dbpedia.org/resource/Executive_Office_of_the_President_of_the_United_States	entity	Executive Office of the President of the United States
http://dbpedia.org/resource/White_House	White House	http://www.w3.org/2000/01/rdf-schema#seeAlso	seeAlso	http://dbpedia.org/resource/White_House_Visitors_Office	entity	White House Visitors Office
http://dbpedia.org/resource/White_House	White House	http://www.w3.org/2002/07/owl#sameAs	sameAs	http://dbpedia.org/resource/White_House	entity	White House
http://dbpedia.org/resource/White_House	White House	http://www.w3.org/2002/07/owl#sameAs	sameAs	http://rdf.freebase.com/ns/m.081sq	entity	White House
http://dbpedia.org/resource/White_House	White House	http://www.w3.org/2002/07/owl#sameAs	sameAs	http://sws.geonames.org/9675434/	entity	White House
http://dbpedia.org/resource/White_House	White House	http://www.w3.org/2002/07/owl#sameAs	sameAs	http://www.wikidata.org/entity/Q35525	entity	White House
http://dbpedia.org/resource/White_House	White House	http://www.w3.org/2003/01/geo/wgs84_pos#lat	latitude	38.8977	http://www.w3.org/2001/XMLSchema#float	
http://dbpedia.org/resource/White_House	White House	http://www.w3.org/2003/01/geo/wgs84_pos#long	longtitude	-77.0365	http://www.w3.org/2001/XMLSchema#float	
http://dbpedia.org/resource/White_House	White House	http://www.w3.org/ns/prov#wasDerivedFrom	wasDerivedFrom	http://en.wikipedia.org/wiki/White_House?oldid=742052537	uri	null
http://dbpedia.org/resource/White_House	White House	http://xmlns.com/foaf/0.1/depiction	depiction	http://commons.wikimedia.org/wiki/Special:FilePath/White_House_north_and_south_sides.jpg	uri	null
http://dbpedia.org/resource/White_House	White House	http://xmlns.com/foaf/0.1/homepage	homepage	http://www.whitehouse.gov/	uri	null
http://dbpedia.org/resource/White_House	White House	http://xmlns.com/foaf/0.1/isPrimaryTopicOf	is primary topic of	http://en.wikipedia.org/wiki/White_House	uri	null
http://dbpedia.org/resource/White_House	White House	http://xmlns.com/foaf/0.1/name	name	White House	http://www.w3.org/1999/02/22-rdf-syntax-ns#langString	
