sub	subl	prop	propl	obj	obj_t	obj_l
http://rdf.freebase.com/ns/m.04n0w00	First White House of the Confederacy	http://rdf.freebase.com/key/base.usnris.item	item	74000432	http://www.w3.org/2001/XMLSchema#string	
http://rdf.freebase.com/ns/m.04n0w00	First White House of the Confederacy	http://rdf.freebase.com/key/en	com/key/en	first_white_house_of_the_confederacy	http://www.w3.org/2001/XMLSchema#string	
http://rdf.freebase.com/ns/m.04n0w00	First White House of the Confederacy	http://rdf.freebase.com/key/wikipedia.en	en	First_White_House_of_the_Confederacy	http://www.w3.org/2001/XMLSchema#string	
http://rdf.freebase.com/ns/m.04n0w00	First White House of the Confederacy	http://rdf.freebase.com/key/wikipedia.en_id	en_id	19446985	http://www.w3.org/2001/XMLSchema#string	
http://rdf.freebase.com/ns/m.04n0w00	First White House of the Confederacy	http://rdf.freebase.com/key/wikipedia.en_title	en_title	First_White_House_of_the_Confederacy	http://www.w3.org/2001/XMLSchema#string	
http://rdf.freebase.com/ns/m.04n0w00	First White House of the Confederacy	http://rdf.freebase.com/ns/architecture.structure.architectural_style	Architectural Style	http://rdf.freebase.com/ns/m.059cb1	entity	Italianate architecture
http://rdf.freebase.com/ns/m.04n0w00	First White House of the Confederacy	http://rdf.freebase.com/ns/architecture.structure.opened	Opened	1835	http://www.w3.org/2001/XMLSchema#gYear	
http://rdf.freebase.com/ns/m.04n0w00	First White House of the Confederacy	http://rdf.freebase.com/ns/base.usnris.nris_listing.item_number	item number	74000432	http://www.w3.org/2001/XMLSchema#string	
http://rdf.freebase.com/ns/m.04n0w00	First White House of the Confederacy	http://rdf.freebase.com/ns/base.usnris.nris_listing.significance_level	Significance Level	http://rdf.freebase.com/ns/m.05gk2gv	entity	National
http://rdf.freebase.com/ns/m.04n0w00	First White House of the Confederacy	http://rdf.freebase.com/ns/base.usnris.nris_listing.significant_year	Significant Year	1825	http://www.w3.org/2001/XMLSchema#gYear	
http://rdf.freebase.com/ns/m.04n0w00	First White House of the Confederacy	http://rdf.freebase.com/ns/base.usnris.nris_listing.significant_year	Significant Year	1861	http://www.w3.org/2001/XMLSchema#gYear	
http://rdf.freebase.com/ns/m.04n0w00	First White House of the Confederacy	http://rdf.freebase.com/ns/base.usnris.nris_listing.significant_year	Significant Year	1919	http://www.w3.org/2001/XMLSchema#gYear	
http://rdf.freebase.com/ns/m.04n0w00	First White House of the Confederacy	http://rdf.freebase.com/ns/common.topic.alias	Also known as	First White House of the Confederacy, Montgomery	http://www.w3.org/1999/02/22-rdf-syntax-ns#langString	
http://rdf.freebase.com/ns/m.04n0w00	First White House of the Confederacy	http://rdf.freebase.com/ns/common.topic.article	Article	The First White House of the Confederacy was the executive residence of President Jefferson Davis and family while the capital of the Confederate States of America was in Montgomery, Alabama. Completely furnished with original period pieces from the 1850s and 1860s, the 1835 Italianate-style house is open to the public. It has been listed on the National Register of Historic Places since 1974. In February 1861, shortly after selecting Davis as president, the Provisional Confederate Congress, meeting in Montgomery, authorized the leasing of an executive mansion. An offer came from Colonel Edmund S. Harrison of nearby Prattville, Alabama, who had recently purchased a newly renovated house in Montgomery that had previously been owned by a series of prominent citizens of the city. He offered to rent the house fully furnished and staffed for $5,000 per year. The house served as the first White House of the Confederacy from February 1861 until late May 1861, when the Confederate capital moved to Richmond, Virginia. During that time, the White House was the setting for many lavish parties and receptions hosted by Mrs. Davis.	http://www.w3.org/1999/02/22-rdf-syntax-ns#langString	
http://rdf.freebase.com/ns/m.04n0w00	First White House of the Confederacy	http://rdf.freebase.com/ns/common.topic.description	Description	The First White House of the Confederacy was the executive residence of President Jefferson Davis and family while the capital of the Confederate States of America was in Montgomery, Alabama. Completely furnished with original period pieces from the 1850s and 1860s, the 1835 Italianate-style house is open to the public. It has been listed on the National Register of Historic Places since 1974 and the Alabama Register of Landmarks and Heritage since 2012. In February 1861, shortly after selecting Davis as president, the Provisional Confederate Congress, meeting in Montgomery, authorized the leasing of an executive mansion. An offer came from Colonel Edmund S. Harrison of nearby Prattville, Alabama, who had recently purchased a newly renovated house in Montgomery that had previously been owned by a series of prominent citizens of the city. He offered to rent the house fully furnished and staffed for $5,000 per year. The house served as the first White House of the Confederacy from February 1861 until late May 1861, when the Confederate capital moved to Richmond, Virginia. During that time, the White House was the setting for many lavish parties and receptions hosted by Mrs. Davis.	http://www.w3.org/2001/XMLSchema#string	
http://rdf.freebase.com/ns/m.04n0w00	First White House of the Confederacy	http://rdf.freebase.com/ns/common.topic.image	Image	http://rdf.freebase.com/ns/m.04rq9xp	entity	First White House of the Confederacy
http://rdf.freebase.com/ns/m.04n0w00	First White House of the Confederacy	http://rdf.freebase.com/ns/common.topic.notable_for	Notable for	National Register of Historic Places Location	http://www.w3.org/1999/02/22-rdf-syntax-ns#langString	
http://rdf.freebase.com/ns/m.04n0w00	First White House of the Confederacy	http://rdf.freebase.com/ns/common.topic.notable_types	Notable types	http://rdf.freebase.com/ns/m.01xljym	entity	Building
http://rdf.freebase.com/ns/m.04n0w00	First White House of the Confederacy	http://rdf.freebase.com/ns/common.topic.topic_equivalent_webpage	Topic equivalent webpage	http://en.wikipedia.org/wiki/First_White_House_of_the_Confederacy	uri	null
http://rdf.freebase.com/ns/m.04n0w00	First White House of the Confederacy	http://rdf.freebase.com/ns/common.topic.topic_equivalent_webpage	Topic equivalent webpage	http://en.wikipedia.org/wiki/index.html?curid=19446985	uri	null
http://rdf.freebase.com/ns/m.04n0w00	First White House of the Confederacy	http://rdf.freebase.com/ns/common.topic.topic_equivalent_webpage	Topic equivalent webpage	http://pdfhost.focus.nps.gov/docs/NRHP/Text/74000432.pdf	uri	null
http://rdf.freebase.com/ns/m.04n0w00	First White House of the Confederacy	http://rdf.freebase.com/ns/kg.object_profile.prominent_type	prominent type	http://rdf.freebase.com/ns/architecture.building	entity	Building
http://rdf.freebase.com/ns/m.04n0w00	First White House of the Confederacy	http://rdf.freebase.com/ns/location.location.containedby	Contained by	http://rdf.freebase.com/ns/m.0fttg	entity	Montgomery
http://rdf.freebase.com/ns/m.04n0w00	First White House of the Confederacy	http://rdf.freebase.com/ns/location.location.containedby	Contained by	http://rdf.freebase.com/ns/m.0gyh	entity	Alabama
http://rdf.freebase.com/ns/m.04n0w00	First White House of the Confederacy	http://rdf.freebase.com/ns/location.location.street_address	Street address	http://rdf.freebase.com/ns/m.05h6v0k	uri	null
http://rdf.freebase.com/ns/m.04n0w00	First White House of the Confederacy	http://rdf.freebase.com/ns/protected_sites.listed_site.designation_as_natural_or_cultural_site	Designation as Natural or Cultural Site	http://rdf.freebase.com/ns/m.05h6v0s	uri	null
http://rdf.freebase.com/ns/m.04n0w00	First White House of the Confederacy	http://rdf.freebase.com/ns/type.object.key	Key	/base/usnris/item/74000432	http://www.w3.org/2001/XMLSchema#string	
http://rdf.freebase.com/ns/m.04n0w00	First White House of the Confederacy	http://rdf.freebase.com/ns/type.object.key	Key	/en/first_white_house_of_the_confederacy	http://www.w3.org/2001/XMLSchema#string	
http://rdf.freebase.com/ns/m.04n0w00	First White House of the Confederacy	http://rdf.freebase.com/ns/type.object.key	Key	/wikipedia/en/First_White_House_of_the_Confederacy	http://www.w3.org/2001/XMLSchema#string	
http://rdf.freebase.com/ns/m.04n0w00	First White House of the Confederacy	http://rdf.freebase.com/ns/type.object.key	Key	/wikipedia/en_id/19446985	http://www.w3.org/2001/XMLSchema#string	
http://rdf.freebase.com/ns/m.04n0w00	First White House of the Confederacy	http://rdf.freebase.com/ns/type.object.key	Key	/wikipedia/en_title/First_White_House_of_the_Confederacy	http://www.w3.org/2001/XMLSchema#string	
http://rdf.freebase.com/ns/m.04n0w00	First White House of the Confederacy	http://rdf.freebase.com/ns/type.object.name	Name	First White House of the Confederacy	http://www.w3.org/1999/02/22-rdf-syntax-ns#langString	
http://rdf.freebase.com/ns/m.04n0w00	First White House of the Confederacy	http://rdf.freebase.com/ns/type.object.type	Type	http://rdf.freebase.com/ns/architecture.building	entity	Building
http://rdf.freebase.com/ns/m.04n0w00	First White House of the Confederacy	http://rdf.freebase.com/ns/type.object.type	Type	http://rdf.freebase.com/ns/architecture.structure	entity	Structure
http://rdf.freebase.com/ns/m.04n0w00	First White House of the Confederacy	http://rdf.freebase.com/ns/type.object.type	Type	http://rdf.freebase.com/ns/base.type_ontology.inanimate	entity	Inanimate
http://rdf.freebase.com/ns/m.04n0w00	First White House of the Confederacy	http://rdf.freebase.com/ns/type.object.type	Type	http://rdf.freebase.com/ns/base.type_ontology.non_agent	entity	Non-Agent
http://rdf.freebase.com/ns/m.04n0w00	First White House of the Confederacy	http://rdf.freebase.com/ns/type.object.type	Type	http://rdf.freebase.com/ns/base.type_ontology.physically_instantiable	entity	Physically Instantiable
http://rdf.freebase.com/ns/m.04n0w00	First White House of the Confederacy	http://rdf.freebase.com/ns/type.object.type	Type	http://rdf.freebase.com/ns/base.usnris.nris_listing	entity	NRIS Listing
http://rdf.freebase.com/ns/m.04n0w00	First White House of the Confederacy	http://rdf.freebase.com/ns/type.object.type	Type	http://rdf.freebase.com/ns/base.usnris.topic	entity	Topic
http://rdf.freebase.com/ns/m.04n0w00	First White House of the Confederacy	http://rdf.freebase.com/ns/type.object.type	Type	http://rdf.freebase.com/ns/common.topic	entity	Topic
http://rdf.freebase.com/ns/m.04n0w00	First White House of the Confederacy	http://rdf.freebase.com/ns/type.object.type	Type	http://rdf.freebase.com/ns/location.location	entity	Location
http://rdf.freebase.com/ns/m.04n0w00	First White House of the Confederacy	http://rdf.freebase.com/ns/type.object.type	Type	http://rdf.freebase.com/ns/projects.project_focus	entity	Project focus
http://rdf.freebase.com/ns/m.04n0w00	First White House of the Confederacy	http://rdf.freebase.com/ns/type.object.type	Type	http://rdf.freebase.com/ns/protected_sites.listed_site	entity	Listed Site
http://rdf.freebase.com/ns/m.04n0w00	First White House of the Confederacy	http://www.w3.org/1999/02/22-rdf-syntax-ns#type	type	http://rdf.freebase.com/ns/architecture.building	entity	Building
http://rdf.freebase.com/ns/m.04n0w00	First White House of the Confederacy	http://www.w3.org/1999/02/22-rdf-syntax-ns#type	type	http://rdf.freebase.com/ns/architecture.structure	entity	Structure
http://rdf.freebase.com/ns/m.04n0w00	First White House of the Confederacy	http://www.w3.org/1999/02/22-rdf-syntax-ns#type	type	http://rdf.freebase.com/ns/base.type_ontology.inanimate	entity	Inanimate
http://rdf.freebase.com/ns/m.04n0w00	First White House of the Confederacy	http://www.w3.org/1999/02/22-rdf-syntax-ns#type	type	http://rdf.freebase.com/ns/base.type_ontology.non_agent	entity	Non-Agent
http://rdf.freebase.com/ns/m.04n0w00	First White House of the Confederacy	http://www.w3.org/1999/02/22-rdf-syntax-ns#type	type	http://rdf.freebase.com/ns/base.type_ontology.physically_instantiable	entity	Physically Instantiable
http://rdf.freebase.com/ns/m.04n0w00	First White House of the Confederacy	http://www.w3.org/1999/02/22-rdf-syntax-ns#type	type	http://rdf.freebase.com/ns/base.usnris.nris_listing	entity	NRIS Listing
http://rdf.freebase.com/ns/m.04n0w00	First White House of the Confederacy	http://www.w3.org/1999/02/22-rdf-syntax-ns#type	type	http://rdf.freebase.com/ns/base.usnris.topic	entity	Topic
http://rdf.freebase.com/ns/m.04n0w00	First White House of the Confederacy	http://www.w3.org/1999/02/22-rdf-syntax-ns#type	type	http://rdf.freebase.com/ns/common.topic	entity	Topic
http://rdf.freebase.com/ns/m.04n0w00	First White House of the Confederacy	http://www.w3.org/1999/02/22-rdf-syntax-ns#type	type	http://rdf.freebase.com/ns/location.location	entity	Location
http://rdf.freebase.com/ns/m.04n0w00	First White House of the Confederacy	http://www.w3.org/1999/02/22-rdf-syntax-ns#type	type	http://rdf.freebase.com/ns/projects.project_focus	entity	Project focus
http://rdf.freebase.com/ns/m.04n0w00	First White House of the Confederacy	http://www.w3.org/1999/02/22-rdf-syntax-ns#type	type	http://rdf.freebase.com/ns/protected_sites.listed_site	entity	Listed Site
http://rdf.freebase.com/ns/m.04n0w00	First White House of the Confederacy	http://www.w3.org/2000/01/rdf-schema#label	label	First White House of the Confederacy	http://www.w3.org/1999/02/22-rdf-syntax-ns#langString	
http://rdf.freebase.com/ns/m.04n0w00	First White House of the Confederacy	http://www.w3.org/2003/01/geo/wgs84_pos#lat	latitude	32.376153	http://www.w3.org/2001/XMLSchema#float	
http://rdf.freebase.com/ns/m.04n0w00	First White House of the Confederacy	http://www.w3.org/2003/01/geo/wgs84_pos#long	longitude	-86.299919	http://www.w3.org/2001/XMLSchema#float	
