sub	subl	prop	propl	obj	obj_t	obj_l
http://yago-knowledge.org/resource/Little_White_House	Little White House	http://www.w3.org/1999/02/22-rdf-syntax-ns#type	type	http://www.w3.org/2002/07/owl#Thing	entity	Thing
http://yago-knowledge.org/resource/Little_White_House	Little White House	http://www.w3.org/1999/02/22-rdf-syntax-ns#type	type	http://yago-knowledge.org/resource/wikicat_Biographical_museums_in_Georgia_(U.S._state)	entity	Biographical museums in Georgia (U.S. state)
http://yago-knowledge.org/resource/Little_White_House	Little White House	http://www.w3.org/1999/02/22-rdf-syntax-ns#type	type	http://yago-knowledge.org/resource/wikicat_Historic_house_museums_in_Georgia_(U.S._state)	entity	Historic house museums in Georgia (U.S. state)
http://yago-knowledge.org/resource/Little_White_House	Little White House	http://www.w3.org/1999/02/22-rdf-syntax-ns#type	type	http://yago-knowledge.org/resource/wikicat_Museums_in_Meriwether_County,_Georgia	entity	Museums in Meriwether County, Georgia
http://yago-knowledge.org/resource/Little_White_House	Little White House	http://www.w3.org/1999/02/22-rdf-syntax-ns#type	type	http://yago-knowledge.org/resource/wikicat_Museums_in_the_United_States	entity	Museums in the United States
http://yago-knowledge.org/resource/Little_White_House	Little White House	http://www.w3.org/1999/02/22-rdf-syntax-ns#type	type	http://yago-knowledge.org/resource/wikicat_Presidential_homes_in_the_United_States	entity	Presidential homes in the United States
http://yago-knowledge.org/resource/Little_White_House	Little White House	http://www.w3.org/1999/02/22-rdf-syntax-ns#type	type	http://yago-knowledge.org/resource/wikicat_Presidential_museums_in_Georgia_(U.S._state)	entity	Presidential museums in Georgia (U.S. state)
http://yago-knowledge.org/resource/Little_White_House	Little White House	http://www.w3.org/1999/02/22-rdf-syntax-ns#type	type	http://yago-knowledge.org/resource/wikicat_Protected_areas_established_in_1948	entity	Protected areas established in 1948
http://yago-knowledge.org/resource/Little_White_House	Little White House	http://www.w3.org/1999/02/22-rdf-syntax-ns#type	type	http://yago-knowledge.org/resource/wikicat_Protected_areas_of_Meriwether_County,_Georgia	entity	Protected areas of Meriwether County, Georgia
http://yago-knowledge.org/resource/Little_White_House	Little White House	http://www.w3.org/1999/02/22-rdf-syntax-ns#type	type	http://yago-knowledge.org/resource/wikicat_State_parks_of_Georgia_(U.S._state)	entity	State parks of Georgia (U.S. state)
http://yago-knowledge.org/resource/Little_White_House	Little White House	http://www.w3.org/1999/02/22-rdf-syntax-ns#type	type	http://yago-knowledge.org/resource/wordnet_address_108491027	entity	address
http://yago-knowledge.org/resource/Little_White_House	Little White House	http://www.w3.org/1999/02/22-rdf-syntax-ns#type	type	http://yago-knowledge.org/resource/wordnet_area_108497294	entity	area
http://yago-knowledge.org/resource/Little_White_House	Little White House	http://www.w3.org/1999/02/22-rdf-syntax-ns#type	type	http://yago-knowledge.org/resource/wordnet_artifact_100021939	entity	artifact
http://yago-knowledge.org/resource/Little_White_House	Little White House	http://www.w3.org/1999/02/22-rdf-syntax-ns#type	type	http://yago-knowledge.org/resource/wordnet_depository_103177349	entity	depository
http://yago-knowledge.org/resource/Little_White_House	Little White House	http://www.w3.org/1999/02/22-rdf-syntax-ns#type	type	http://yago-knowledge.org/resource/wordnet_facility_103315023	entity	facility
http://yago-knowledge.org/resource/Little_White_House	Little White House	http://www.w3.org/1999/02/22-rdf-syntax-ns#type	type	http://yago-knowledge.org/resource/wordnet_geographic_point_108578706	entity	geographic point
http://yago-knowledge.org/resource/Little_White_House	Little White House	http://www.w3.org/1999/02/22-rdf-syntax-ns#type	type	http://yago-knowledge.org/resource/wordnet_geographical_area_108574314	entity	geographical area
http://yago-knowledge.org/resource/Little_White_House	Little White House	http://www.w3.org/1999/02/22-rdf-syntax-ns#type	type	http://yago-knowledge.org/resource/wordnet_home_108559508	entity	home
http://yago-knowledge.org/resource/Little_White_House	Little White House	http://www.w3.org/1999/02/22-rdf-syntax-ns#type	type	http://yago-knowledge.org/resource/wordnet_location_100027167	entity	location
http://yago-knowledge.org/resource/Little_White_House	Little White House	http://www.w3.org/1999/02/22-rdf-syntax-ns#type	type	http://yago-knowledge.org/resource/wordnet_museum_103800563	entity	museum
http://yago-knowledge.org/resource/Little_White_House	Little White House	http://www.w3.org/1999/02/22-rdf-syntax-ns#type	type	http://yago-knowledge.org/resource/wordnet_object_100002684	entity	object
http://yago-knowledge.org/resource/Little_White_House	Little White House	http://www.w3.org/1999/02/22-rdf-syntax-ns#type	type	http://yago-knowledge.org/resource/wordnet_park_108615149	entity	park
http://yago-knowledge.org/resource/Little_White_House	Little White House	http://www.w3.org/1999/02/22-rdf-syntax-ns#type	type	http://yago-knowledge.org/resource/wordnet_physical_entity_100001930	entity	physical entity
http://yago-knowledge.org/resource/Little_White_House	Little White House	http://www.w3.org/1999/02/22-rdf-syntax-ns#type	type	http://yago-knowledge.org/resource/wordnet_point_108620061	entity	point
http://yago-knowledge.org/resource/Little_White_House	Little White House	http://www.w3.org/1999/02/22-rdf-syntax-ns#type	type	http://yago-knowledge.org/resource/wordnet_region_108630985	entity	region
http://yago-knowledge.org/resource/Little_White_House	Little White House	http://www.w3.org/1999/02/22-rdf-syntax-ns#type	type	http://yago-knowledge.org/resource/wordnet_residence_108558963	entity	residence
http://yago-knowledge.org/resource/Little_White_House	Little White House	http://www.w3.org/1999/02/22-rdf-syntax-ns#type	type	http://yago-knowledge.org/resource/wordnet_tract_108673395	entity	tract
http://yago-knowledge.org/resource/Little_White_House	Little White House	http://www.w3.org/1999/02/22-rdf-syntax-ns#type	type	http://yago-knowledge.org/resource/wordnet_whole_100003553	entity	whole
http://yago-knowledge.org/resource/Little_White_House	Little White House	http://www.w3.org/1999/02/22-rdf-syntax-ns#type	type	http://yago-knowledge.org/resource/yagoGeoEntity	entity	geographical entity
http://yago-knowledge.org/resource/Little_White_House	Little White House	http://www.w3.org/1999/02/22-rdf-syntax-ns#type	type	http://yago-knowledge.org/resource/yagoLegalActorGeo	entity	legal actor or geographic entity
http://yago-knowledge.org/resource/Little_White_House	Little White House	http://www.w3.org/1999/02/22-rdf-syntax-ns#type	type	http://yago-knowledge.org/resource/yagoPermanentlyLocatedEntity	entity	yagoPermanentlyLocatedEntity
http://yago-knowledge.org/resource/Little_White_House	Little White House	http://www.w3.org/2000/01/rdf-schema#label	label	Little White House	http://www.w3.org/1999/02/22-rdf-syntax-ns#langString	
http://yago-knowledge.org/resource/Little_White_House	Little White House	http://www.w3.org/2002/07/owl#sameAs	sameAs	http://dbpedia.org/resource/Little_White_House	entity	Little White House
http://yago-knowledge.org/resource/Little_White_House	Little White House	http://www.w3.org/2004/02/skos/core#prefLabel	preferred label	Little White House	http://www.w3.org/1999/02/22-rdf-syntax-ns#langString	
http://yago-knowledge.org/resource/Little_White_House	Little White House	http://yago-knowledge.org/resource/hasCitationTitle	null	NPS Focus	http://www.w3.org/1999/02/22-rdf-syntax-ns#langString	
http://yago-knowledge.org/resource/Little_White_House	Little White House	http://yago-knowledge.org/resource/hasWikipediaAnchorText	null	Atlanta	http://www.w3.org/1999/02/22-rdf-syntax-ns#langString	
http://yago-knowledge.org/resource/Little_White_House	Little White House	http://yago-knowledge.org/resource/hasWikipediaAnchorText	null	Chesapeake Bay	http://www.w3.org/1999/02/22-rdf-syntax-ns#langString	
http://yago-knowledge.org/resource/Little_White_House	Little White House	http://yago-knowledge.org/resource/hasWikipediaAnchorText	null	Colonial Revival	http://www.w3.org/1999/02/22-rdf-syntax-ns#langString	
http://yago-knowledge.org/resource/Little_White_House	Little White House	http://yago-knowledge.org/resource/hasWikipediaAnchorText	null	Durand, Georgia	http://www.w3.org/1999/02/22-rdf-syntax-ns#langString	
http://yago-knowledge.org/resource/Little_White_House	Little White House	http://yago-knowledge.org/resource/hasWikipediaAnchorText	null	Eleanor Roosevelt	http://www.w3.org/1999/02/22-rdf-syntax-ns#langString	
http://yago-knowledge.org/resource/Little_White_House	Little White House	http://yago-knowledge.org/resource/hasWikipediaAnchorText	null	Elizabeth Shoumatoff	http://www.w3.org/1999/02/22-rdf-syntax-ns#langString	
http://yago-knowledge.org/resource/Little_White_House	Little White House	http://yago-knowledge.org/resource/hasWikipediaAnchorText	null	Fire destroys Warm Springs home built by FDR	http://www.w3.org/1999/02/22-rdf-syntax-ns#langString	
http://yago-knowledge.org/resource/Little_White_House	Little White House	http://yago-knowledge.org/resource/hasWikipediaAnchorText	null	Fort Benning	http://www.w3.org/1999/02/22-rdf-syntax-ns#langString	
http://yago-knowledge.org/resource/Little_White_House	Little White House	http://yago-knowledge.org/resource/hasWikipediaAnchorText	null	Franklin Delano Roosevelt	http://www.w3.org/1999/02/22-rdf-syntax-ns#langString	
http://yago-knowledge.org/resource/Little_White_House	Little White House	http://yago-knowledge.org/resource/hasWikipediaAnchorText	null	Front and North Elevations	http://www.w3.org/1999/02/22-rdf-syntax-ns#langString	
http://yago-knowledge.org/resource/Little_White_House	Little White House	http://yago-knowledge.org/resource/hasWikipediaAnchorText	null	Georgia	http://www.w3.org/1999/02/22-rdf-syntax-ns#langString	
http://yago-knowledge.org/resource/Little_White_House	Little White House	http://yago-knowledge.org/resource/hasWikipediaAnchorText	null	Georgia Archives	http://www.w3.org/1999/02/22-rdf-syntax-ns#langString	
http://yago-knowledge.org/resource/Little_White_House	Little White House	http://yago-knowledge.org/resource/hasWikipediaAnchorText	null	Georgia State Parks - History<!-- Bot generated title -->	http://www.w3.org/1999/02/22-rdf-syntax-ns#langString	
http://yago-knowledge.org/resource/Little_White_House	Little White House	http://yago-knowledge.org/resource/hasWikipediaAnchorText	null	Georgia State Parks - Roosevelt's Little White House Historic Site<!-- Bot generated title -->	http://www.w3.org/1999/02/22-rdf-syntax-ns#langString	
http://yago-knowledge.org/resource/Little_White_House	Little White House	http://yago-knowledge.org/resource/hasWikipediaAnchorText	null	Georgia Wilkins	http://www.w3.org/1999/02/22-rdf-syntax-ns#langString	
http://yago-knowledge.org/resource/Little_White_House	Little White House	http://yago-knowledge.org/resource/hasWikipediaAnchorText	null	Historic Home Frequented by FDR destroyed by fire	http://www.w3.org/1999/02/22-rdf-syntax-ns#langString	
http://yago-knowledge.org/resource/Little_White_House	Little White House	http://yago-knowledge.org/resource/hasWikipediaAnchorText	null	Hyde Park	http://www.w3.org/1999/02/22-rdf-syntax-ns#langString	
http://yago-knowledge.org/resource/Little_White_House	Little White House	http://yago-knowledge.org/resource/hasWikipediaAnchorText	null	Jimmy Carter	http://www.w3.org/1999/02/22-rdf-syntax-ns#langString	
http://yago-knowledge.org/resource/Little_White_House	Little White House	http://yago-knowledge.org/resource/hasWikipediaAnchorText	null	John F. Kennedy	http://www.w3.org/1999/02/22-rdf-syntax-ns#langString	
http://yago-knowledge.org/resource/Little_White_House	Little White House	http://yago-knowledge.org/resource/hasWikipediaAnchorText	null	Little White House Historic Site	http://www.w3.org/1999/02/22-rdf-syntax-ns#langString	
http://yago-knowledge.org/resource/Little_White_House	Little White House	http://yago-knowledge.org/resource/hasWikipediaAnchorText	null	National Park Service	http://www.w3.org/1999/02/22-rdf-syntax-ns#langString	
http://yago-knowledge.org/resource/Little_White_House	Little White House	http://yago-knowledge.org/resource/hasWikipediaAnchorText	null	Potomac River	http://www.w3.org/1999/02/22-rdf-syntax-ns#langString	
http://yago-knowledge.org/resource/Little_White_House	Little White House	http://yago-knowledge.org/resource/hasWikipediaAnchorText	null	Roosevelt Warm Springs Institute for Rehabilitation	http://www.w3.org/1999/02/22-rdf-syntax-ns#langString	
http://yago-knowledge.org/resource/Little_White_House	Little White House	http://yago-knowledge.org/resource/hasWikipediaAnchorText	null	Savannah, Georgia	http://www.w3.org/1999/02/22-rdf-syntax-ns#langString	
http://yago-knowledge.org/resource/Little_White_House	Little White House	http://yago-knowledge.org/resource/hasWikipediaAnchorText	null	See Atlanta's replica of FDR's Little White House	http://www.w3.org/1999/02/22-rdf-syntax-ns#langString	
http://yago-knowledge.org/resource/Little_White_House	Little White House	http://yago-knowledge.org/resource/hasWikipediaAnchorText	null	State of Georgia	http://www.w3.org/1999/02/22-rdf-syntax-ns#langString	
http://yago-knowledge.org/resource/Little_White_House	Little White House	http://yago-knowledge.org/resource/hasWikipediaAnchorText	null	Unfinished Portrait	http://www.w3.org/1999/02/22-rdf-syntax-ns#langString	
http://yago-knowledge.org/resource/Little_White_House	Little White House	http://yago-knowledge.org/resource/hasWikipediaAnchorText	null	United States Senator	http://www.w3.org/1999/02/22-rdf-syntax-ns#langString	
http://yago-knowledge.org/resource/Little_White_House	Little White House	http://yago-knowledge.org/resource/hasWikipediaAnchorText	null	Walter George	http://www.w3.org/1999/02/22-rdf-syntax-ns#langString	
http://yago-knowledge.org/resource/Little_White_House	Little White House	http://yago-knowledge.org/resource/hasWikipediaAnchorText	null	Warm Springs	http://www.w3.org/1999/02/22-rdf-syntax-ns#langString	
http://yago-knowledge.org/resource/Little_White_House	Little White House	http://yago-knowledge.org/resource/hasWikipediaAnchorText	null	Warm Springs Historic District	http://www.w3.org/1999/02/22-rdf-syntax-ns#langString	
http://yago-knowledge.org/resource/Little_White_House	Little White House	http://yago-knowledge.org/resource/hasWikipediaAnchorText	null	Warm Springs Historic District NRHP nomination form	http://www.w3.org/1999/02/22-rdf-syntax-ns#langString	
http://yago-knowledge.org/resource/Little_White_House	Little White House	http://yago-knowledge.org/resource/hasWikipediaAnchorText	null	Warm Springs, Georgia	http://www.w3.org/1999/02/22-rdf-syntax-ns#langString	
http://yago-knowledge.org/resource/Little_White_House	Little White House	http://yago-knowledge.org/resource/hasWikipediaAnchorText	null	World War II	http://www.w3.org/1999/02/22-rdf-syntax-ns#langString	
http://yago-knowledge.org/resource/Little_White_House	Little White House	http://yago-knowledge.org/resource/hasWikipediaAnchorText	null	yellow fever	http://www.w3.org/1999/02/22-rdf-syntax-ns#langString	
http://yago-knowledge.org/resource/Little_White_House	Little White House	http://yago-knowledge.org/resource/hasWikipediaArticleLength	null	9785	http://www.w3.org/2001/XMLSchema#integer	
http://yago-knowledge.org/resource/Little_White_House	Little White House	http://yago-knowledge.org/resource/hasWikipediaUrl	null	http://en.wikipedia.org/wiki/Little_White_House	uri	null
http://yago-knowledge.org/resource/Little_White_House	Little White House	http://yago-knowledge.org/resource/isLocatedIn	Administrative parent	http://yago-knowledge.org/resource/Georgia_(U.S._state)	entity	Georgia (U.S. state)
http://yago-knowledge.org/resource/Little_White_House	Little White House	http://yago-knowledge.org/resource/isLocatedIn	Administrative parent	http://yago-knowledge.org/resource/Meriwether_County,_Georgia	entity	Meriwether County, Georgia
http://yago-knowledge.org/resource/Little_White_House	Little White House	http://yago-knowledge.org/resource/isLocatedIn	Administrative parent	http://yago-knowledge.org/resource/Warm_Springs,_Georgia	entity	Warm Springs, Georgia
http://yago-knowledge.org/resource/Little_White_House	Little White House	http://yago-knowledge.org/resource/linksTo	null	http://yago-knowledge.org/resource/Atlanta	entity	Atlanta
http://yago-knowledge.org/resource/Little_White_House	Little White House	http://yago-knowledge.org/resource/linksTo	null	http://yago-knowledge.org/resource/Chesapeake_Bay	entity	Chesapeake Bay
http://yago-knowledge.org/resource/Little_White_House	Little White House	http://yago-knowledge.org/resource/linksTo	null	http://yago-knowledge.org/resource/Colonial_Revival_architecture	entity	Colonial Revival architecture
http://yago-knowledge.org/resource/Little_White_House	Little White House	http://yago-knowledge.org/resource/linksTo	null	http://yago-knowledge.org/resource/Durand,_Georgia	entity	Durand, Georgia
http://yago-knowledge.org/resource/Little_White_House	Little White House	http://yago-knowledge.org/resource/linksTo	null	http://yago-knowledge.org/resource/Eleanor_Roosevelt	entity	Eleanor Roosevelt
http://yago-knowledge.org/resource/Little_White_House	Little White House	http://yago-knowledge.org/resource/linksTo	null	http://yago-knowledge.org/resource/Elizabeth_Shoumatoff	entity	Elizabeth Shoumatoff
http://yago-knowledge.org/resource/Little_White_House	Little White House	http://yago-knowledge.org/resource/linksTo	null	http://yago-knowledge.org/resource/Fort_Benning	entity	Fort Benning
http://yago-knowledge.org/resource/Little_White_House	Little White House	http://yago-knowledge.org/resource/linksTo	null	http://yago-knowledge.org/resource/Georgia_(U.S._state)	entity	Georgia (U.S. state)
http://yago-knowledge.org/resource/Little_White_House	Little White House	http://yago-knowledge.org/resource/linksTo	null	http://yago-knowledge.org/resource/Hyde_Park,_New_York	entity	Hyde Park, New York
http://yago-knowledge.org/resource/Little_White_House	Little White House	http://yago-knowledge.org/resource/linksTo	null	http://yago-knowledge.org/resource/Jimmy_Carter	entity	Jimmy Carter
http://yago-knowledge.org/resource/Little_White_House	Little White House	http://yago-knowledge.org/resource/linksTo	null	http://yago-knowledge.org/resource/John_F._Kennedy	entity	John F. Kennedy
http://yago-knowledge.org/resource/Little_White_House	Little White House	http://yago-knowledge.org/resource/linksTo	null	http://yago-knowledge.org/resource/National_Park_Service	entity	National Park Service
http://yago-knowledge.org/resource/Little_White_House	Little White House	http://yago-knowledge.org/resource/linksTo	null	http://yago-knowledge.org/resource/Potomac_River	entity	Potomac River
http://yago-knowledge.org/resource/Little_White_House	Little White House	http://yago-knowledge.org/resource/linksTo	null	http://yago-knowledge.org/resource/Savannah,_Georgia	entity	Savannah, Georgia
http://yago-knowledge.org/resource/Little_White_House	Little White House	http://yago-knowledge.org/resource/linksTo	null	http://yago-knowledge.org/resource/Unfinished_portrait_of_Franklin_D._Roosevelt	entity	Unfinished portrait of Franklin D. Roosevelt
http://yago-knowledge.org/resource/Little_White_House	Little White House	http://yago-knowledge.org/resource/linksTo	null	http://yago-knowledge.org/resource/Walter_F._George	entity	Walter F. George
http://yago-knowledge.org/resource/Little_White_House	Little White House	http://yago-knowledge.org/resource/linksTo	null	http://yago-knowledge.org/resource/Warm_Springs,_Georgia	entity	Warm Springs, Georgia
http://yago-knowledge.org/resource/Little_White_House	Little White House	http://yago-knowledge.org/resource/linksTo	null	http://yago-knowledge.org/resource/Warm_Springs_Historic_District	entity	Warm Springs Historic District
http://yago-knowledge.org/resource/Little_White_House	Little White House	http://yago-knowledge.org/resource/linksTo	null	http://yago-knowledge.org/resource/World_War_II	entity	World War II
http://yago-knowledge.org/resource/Little_White_House	Little White House	http://yago-knowledge.org/resource/redirectedFrom	null	Little White House Historic Site	http://www.w3.org/1999/02/22-rdf-syntax-ns#langString	
http://yago-knowledge.org/resource/Little_White_House	Little White House	http://yago-knowledge.org/resource/wasCreatedOnDate	startDate	1932-01-01	http://www.w3.org/2001/XMLSchema#date	
