sub	subl	prop	propl	obj	obj_t	obj_l
http://dbpedia.org/resource/Edith_Northman	Edith Northman	http://dbpedia.org/ontology/abstract	has abstract	Edith Mortensen Northman was born October 8, 1893, in Denmark to a Danish father and a Swedish mother. The family moved to Norway when she was nine and remained there through her high school years. She moved to Copenhagen to study art at the Studio School of Arts. The family immigrated to the United States in 1914, and a couple of years later Northman moved to Brigham City, Utah, where she worked as a librarian. She became interested in architecture and in 1918 moved to Salt Lake City, where she got work as an architectural draftsman for Eugene R. Wheelon. For health reasons, Northman moved out to Los Angeles in 1920, where she found work with the architect Clarence J. Smale and rose to the position of his chief draftsman. She opened her own firm in 1926 but then almost immediately enrolled at the University of Southern California to study architecture. She received her degree from USC in 1930 and her state architectural license the following year.	http://www.w3.org/1999/02/22-rdf-syntax-ns#langString	
http://dbpedia.org/resource/Edith_Northman	Edith Northman	http://dbpedia.org/ontology/birthDate	birth date	1893-10-08	http://www.w3.org/2001/XMLSchema#date	
http://dbpedia.org/resource/Edith_Northman	Edith Northman	http://dbpedia.org/ontology/deathDate	death date	1956-00-00	http://www.w3.org/2001/XMLSchema#date	
http://dbpedia.org/resource/Edith_Northman	Edith Northman	http://dbpedia.org/ontology/wikiPageID	Wikipage page ID	47699687	http://www.w3.org/2001/XMLSchema#integer	
http://dbpedia.org/resource/Edith_Northman	Edith Northman	http://dbpedia.org/ontology/wikiPageLength	page length (characters) of wiki page	5375	http://www.w3.org/2001/XMLSchema#nonNegativeInteger	
http://dbpedia.org/resource/Edith_Northman	Edith Northman	http://dbpedia.org/ontology/wikiPageOutDegree	Wiki page out degree	16	http://www.w3.org/2001/XMLSchema#nonNegativeInteger	
http://dbpedia.org/resource/Edith_Northman	Edith Northman	http://dbpedia.org/ontology/wikiPageRevisionID	Wikipage revision ID	726350666	http://www.w3.org/2001/XMLSchema#integer	
http://dbpedia.org/resource/Edith_Northman	Edith Northman	http://purl.org/dc/terms/subject	Subject	http://dbpedia.org/resource/Category:1893_births	entity	1893 births
http://dbpedia.org/resource/Edith_Northman	Edith Northman	http://purl.org/dc/terms/subject	Subject	http://dbpedia.org/resource/Category:1956_deaths	entity	1956 deaths
http://dbpedia.org/resource/Edith_Northman	Edith Northman	http://purl.org/dc/terms/subject	Subject	http://dbpedia.org/resource/Category:20th-century_American_architects	entity	20th-century American architects
http://dbpedia.org/resource/Edith_Northman	Edith Northman	http://purl.org/dc/terms/subject	Subject	http://dbpedia.org/resource/Category:American_women_architects	entity	American women architects
http://dbpedia.org/resource/Edith_Northman	Edith Northman	http://purl.org/dc/terms/subject	Subject	http://dbpedia.org/resource/Category:USC_School_of_Architecture_alumni	entity	USC School of Architecture alumni
http://dbpedia.org/resource/Edith_Northman	Edith Northman	http://purl.org/dc/terms/subject	Subject	http://dbpedia.org/resource/Category:Women_architects	entity	Women architects
http://dbpedia.org/resource/Edith_Northman	Edith Northman	http://www.w3.org/1999/02/22-rdf-syntax-ns#type	type	http://dbpedia.org/ontology/Agent	entity	agent
http://dbpedia.org/resource/Edith_Northman	Edith Northman	http://www.w3.org/1999/02/22-rdf-syntax-ns#type	type	http://dbpedia.org/ontology/Architect	entity	architect
http://dbpedia.org/resource/Edith_Northman	Edith Northman	http://www.w3.org/1999/02/22-rdf-syntax-ns#type	type	http://dbpedia.org/ontology/Person	entity	person
http://dbpedia.org/resource/Edith_Northman	Edith Northman	http://www.w3.org/1999/02/22-rdf-syntax-ns#type	type	http://schema.org/Person	entity	Person
http://dbpedia.org/resource/Edith_Northman	Edith Northman	http://www.w3.org/1999/02/22-rdf-syntax-ns#type	type	http://www.ontologydesignpatterns.org/ont/dul/DUL.owl#Agent	entity	Agent
http://dbpedia.org/resource/Edith_Northman	Edith Northman	http://www.w3.org/1999/02/22-rdf-syntax-ns#type	type	http://www.ontologydesignpatterns.org/ont/dul/DUL.owl#NaturalPerson	entity	Natural person
http://dbpedia.org/resource/Edith_Northman	Edith Northman	http://www.w3.org/1999/02/22-rdf-syntax-ns#type	type	http://www.w3.org/2002/07/owl#Thing	entity	Thing
http://dbpedia.org/resource/Edith_Northman	Edith Northman	http://www.w3.org/1999/02/22-rdf-syntax-ns#type	type	http://www.wikidata.org/entity/Q215627	entity	person
http://dbpedia.org/resource/Edith_Northman	Edith Northman	http://www.w3.org/1999/02/22-rdf-syntax-ns#type	type	http://www.wikidata.org/entity/Q24229398	entity	agent
http://dbpedia.org/resource/Edith_Northman	Edith Northman	http://www.w3.org/1999/02/22-rdf-syntax-ns#type	type	http://www.wikidata.org/entity/Q5	entity	human
http://dbpedia.org/resource/Edith_Northman	Edith Northman	http://www.w3.org/1999/02/22-rdf-syntax-ns#type	type	http://xmlns.com/foaf/0.1/Person	entity	Person
http://dbpedia.org/resource/Edith_Northman	Edith Northman	http://www.w3.org/2000/01/rdf-schema#comment	comment	Edith Mortensen Northman was born October 8, 1893, in Denmark to a Danish father and a Swedish mother. The family moved to Norway when she was nine and remained there through her high school years. She moved to Copenhagen to study art at the Studio School of Arts. The family immigrated to the United States in 1914, and a couple of years later Northman moved to Brigham City, Utah, where she worked as a librarian. She became interested in architecture and in 1918 moved to Salt Lake City, where she got work as an architectural draftsman for Eugene R. Wheelon.	http://www.w3.org/1999/02/22-rdf-syntax-ns#langString	
http://dbpedia.org/resource/Edith_Northman	Edith Northman	http://www.w3.org/2000/01/rdf-schema#label	label	Edith Northman	http://www.w3.org/1999/02/22-rdf-syntax-ns#langString	
http://dbpedia.org/resource/Edith_Northman	Edith Northman	http://www.w3.org/2002/07/owl#sameAs	sameAs	http://dbpedia.org/resource/Edith_Northman	entity	Edith Northman
http://dbpedia.org/resource/Edith_Northman	Edith Northman	http://www.w3.org/2002/07/owl#sameAs	sameAs	http://www.wikidata.org/entity/Q21069983	entity	Edith Northman
http://dbpedia.org/resource/Edith_Northman	Edith Northman	http://www.w3.org/ns/prov#wasDerivedFrom	wasDerivedFrom	http://en.wikipedia.org/wiki/Edith_Northman?oldid=726350666	uri	null
http://dbpedia.org/resource/Edith_Northman	Edith Northman	http://xmlns.com/foaf/0.1/gender	gender	female	http://www.w3.org/1999/02/22-rdf-syntax-ns#langString	
http://dbpedia.org/resource/Edith_Northman	Edith Northman	http://xmlns.com/foaf/0.1/givenName	Given name	Edith	http://www.w3.org/1999/02/22-rdf-syntax-ns#langString	
http://dbpedia.org/resource/Edith_Northman	Edith Northman	http://xmlns.com/foaf/0.1/isPrimaryTopicOf	is primary topic of	http://en.wikipedia.org/wiki/Edith_Northman	uri	null
http://dbpedia.org/resource/Edith_Northman	Edith Northman	http://xmlns.com/foaf/0.1/name	name	Edith Northman	http://www.w3.org/1999/02/22-rdf-syntax-ns#langString	
http://dbpedia.org/resource/Edith_Northman	Edith Northman	http://xmlns.com/foaf/0.1/surname	Surname	Northman	http://www.w3.org/1999/02/22-rdf-syntax-ns#langString	
