sub	subl	prop	propl	obj	obj_t	obj_l
http://rdf.freebase.com/ns/m.04zy0l6	Northman	http://rdf.freebase.com/key/en	com/key/en	northman	http://www.w3.org/2001/XMLSchema#string	
http://rdf.freebase.com/ns/m.04zy0l6	Northman	http://rdf.freebase.com/key/wikipedia.en	en	Northman	http://www.w3.org/2001/XMLSchema#string	
http://rdf.freebase.com/ns/m.04zy0l6	Northman	http://rdf.freebase.com/key/wikipedia.en_id	en_id	22085956	http://www.w3.org/2001/XMLSchema#string	
http://rdf.freebase.com/ns/m.04zy0l6	Northman	http://rdf.freebase.com/key/wikipedia.en_title	en_title	Northman	http://www.w3.org/2001/XMLSchema#string	
http://rdf.freebase.com/ns/m.04zy0l6	Northman	http://rdf.freebase.com/ns/common.topic.article	Article	Northman (Old English: Norþman; fl. 994) was a late 10th century English ealdorman (or earl), with a territorial base in Northumbria north of the river Tees. He appears in two different strands of source. These are, namely, the textual tradition of Durham witnessed by Historia de Sancto Cuthberto and the Durham Liber Vitae, and an appearance in a witness list of a charter of King Æthelred II dated to 994. The latter is Northman's only appearance south of the Humber, and came the year after Northumbria was attacked by Vikings. Neither of these witnesses provide a patronymic nor an "earldom". There is a possibility therefore that the two Northmans are different characters, though they are generally thought to be the same. Almost nothing is known about Northman besides being an ealdorman in northern Northumbia, our ignorance extending to the identities of his parents and any children or spouses he may have had. The first witness comes from the historical traditions preserved in Durham, related in two connected sources. The former of these is the grant — one of three grants written into a blank leaf at the end of the original volume of the Durham Liber Vitae — ascribed to Earl Northman	http://www.w3.org/1999/02/22-rdf-syntax-ns#langString	
http://rdf.freebase.com/ns/m.04zy0l6	Northman	http://rdf.freebase.com/ns/common.topic.description	Description	Northman was a late 10th-century English ealdorman, with a territorial base in Northumbria north of the River Tees. He appears in two different strands of source. These are, namely, the textual tradition of Durham witnessed by Historia de Sancto Cuthberto and the Durham Liber Vitae, and an appearance in a witness list of a charter of King Æthelred II dated to 994. The latter is Northman's only appearance south of the Humber, and came the year after Northumbria was attacked by Vikings. Neither of these witnesses provide a patronymic nor an "earldom". There is a possibility therefore that the two Northmans are different characters, though they are generally thought to be the same. Almost nothing is known about Northman besides being an ealdorman in northern Northumbia, our ignorance extending to the identities of his parents and any children or spouses he may have had.	http://www.w3.org/1999/02/22-rdf-syntax-ns#langString	
http://rdf.freebase.com/ns/m.04zy0l6	Northman	http://rdf.freebase.com/ns/common.topic.notable_for	Notable for	Deceased Person	http://www.w3.org/1999/02/22-rdf-syntax-ns#langString	
http://rdf.freebase.com/ns/m.04zy0l6	Northman	http://rdf.freebase.com/ns/common.topic.notable_types	Notable types	http://rdf.freebase.com/ns/m.022tfrk	entity	Deceased Person
http://rdf.freebase.com/ns/m.04zy0l6	Northman	http://rdf.freebase.com/ns/common.topic.topic_equivalent_webpage	Topic equivalent webpage	http://en.wikipedia.org/wiki/Northman	uri	null
http://rdf.freebase.com/ns/m.04zy0l6	Northman	http://rdf.freebase.com/ns/common.topic.topic_equivalent_webpage	Topic equivalent webpage	http://en.wikipedia.org/wiki/index.html?curid=22085956	uri	null
http://rdf.freebase.com/ns/m.04zy0l6	Northman	http://rdf.freebase.com/ns/kg.object_profile.prominent_type	prominent type	http://rdf.freebase.com/ns/people.deceased_person	entity	Deceased Person
http://rdf.freebase.com/ns/m.04zy0l6	Northman	http://rdf.freebase.com/ns/type.object.key	Key	/en/northman	http://www.w3.org/2001/XMLSchema#string	
http://rdf.freebase.com/ns/m.04zy0l6	Northman	http://rdf.freebase.com/ns/type.object.key	Key	/wikipedia/en/Northman	http://www.w3.org/2001/XMLSchema#string	
http://rdf.freebase.com/ns/m.04zy0l6	Northman	http://rdf.freebase.com/ns/type.object.key	Key	/wikipedia/en_id/22085956	http://www.w3.org/2001/XMLSchema#string	
http://rdf.freebase.com/ns/m.04zy0l6	Northman	http://rdf.freebase.com/ns/type.object.key	Key	/wikipedia/en_title/Northman	http://www.w3.org/2001/XMLSchema#string	
http://rdf.freebase.com/ns/m.04zy0l6	Northman	http://rdf.freebase.com/ns/type.object.name	Name	Northman	http://www.w3.org/1999/02/22-rdf-syntax-ns#langString	
http://rdf.freebase.com/ns/m.04zy0l6	Northman	http://rdf.freebase.com/ns/type.object.type	Type	http://rdf.freebase.com/ns/base.type_ontology.agent	entity	Agent
http://rdf.freebase.com/ns/m.04zy0l6	Northman	http://rdf.freebase.com/ns/type.object.type	Type	http://rdf.freebase.com/ns/base.type_ontology.animate	entity	Animate
http://rdf.freebase.com/ns/m.04zy0l6	Northman	http://rdf.freebase.com/ns/type.object.type	Type	http://rdf.freebase.com/ns/base.type_ontology.physically_instantiable	entity	Physically Instantiable
http://rdf.freebase.com/ns/m.04zy0l6	Northman	http://rdf.freebase.com/ns/type.object.type	Type	http://rdf.freebase.com/ns/common.topic	entity	Topic
http://rdf.freebase.com/ns/m.04zy0l6	Northman	http://rdf.freebase.com/ns/type.object.type	Type	http://rdf.freebase.com/ns/people.deceased_person	entity	Deceased Person
http://rdf.freebase.com/ns/m.04zy0l6	Northman	http://rdf.freebase.com/ns/type.object.type	Type	http://rdf.freebase.com/ns/people.person	entity	Person
http://rdf.freebase.com/ns/m.04zy0l6	Northman	http://www.w3.org/1999/02/22-rdf-syntax-ns#type	type	http://rdf.freebase.com/ns/base.type_ontology.agent	entity	Agent
http://rdf.freebase.com/ns/m.04zy0l6	Northman	http://www.w3.org/1999/02/22-rdf-syntax-ns#type	type	http://rdf.freebase.com/ns/base.type_ontology.animate	entity	Animate
http://rdf.freebase.com/ns/m.04zy0l6	Northman	http://www.w3.org/1999/02/22-rdf-syntax-ns#type	type	http://rdf.freebase.com/ns/base.type_ontology.physically_instantiable	entity	Physically Instantiable
http://rdf.freebase.com/ns/m.04zy0l6	Northman	http://www.w3.org/1999/02/22-rdf-syntax-ns#type	type	http://rdf.freebase.com/ns/common.topic	entity	Topic
http://rdf.freebase.com/ns/m.04zy0l6	Northman	http://www.w3.org/1999/02/22-rdf-syntax-ns#type	type	http://rdf.freebase.com/ns/people.deceased_person	entity	Deceased Person
http://rdf.freebase.com/ns/m.04zy0l6	Northman	http://www.w3.org/1999/02/22-rdf-syntax-ns#type	type	http://rdf.freebase.com/ns/people.person	entity	Person
http://rdf.freebase.com/ns/m.04zy0l6	Northman	http://www.w3.org/2000/01/rdf-schema#label	label	Northman	http://www.w3.org/1999/02/22-rdf-syntax-ns#langString	
