sub	subl	prop	propl	obj	obj_t	obj_l
http://dbpedia.org/resource/Northman	Northman	http://dbpedia.org/ontology/abstract	has abstract	Northman (Old English: Norþman; fl. 994) was a late 10th-century English ealdorman (or earl), with a territorial base in Northumbria north of the River Tees. He appears in two different strands of source. These are, namely, the textual tradition of Durham witnessed by Historia de Sancto Cuthberto and the Durham Liber Vitae, and an appearance in a witness list of a charter of King Æthelred II dated to 994. The latter is Northman's only appearance south of the Humber, and came the year after Northumbria was attacked by Vikings. Neither of these witnesses provide a patronymic nor an "earldom". There is a possibility therefore that the two Northmans are different characters, though they are generally thought to be the same. Almost nothing is known about Northman besides being an ealdorman in northern Northumbia, our ignorance extending to the identities of his parents and any children or spouses he may have had.	http://www.w3.org/1999/02/22-rdf-syntax-ns#langString	
http://dbpedia.org/resource/Northman	Northman	http://dbpedia.org/ontology/wikiPageExternalLink	Link from a Wikipage to an external page	http://asc.jebbo.co.uk/	uri	null
http://dbpedia.org/resource/Northman	Northman	http://dbpedia.org/ontology/wikiPageExternalLink	Link from a Wikipage to an external page	http://www.anglo-saxons.net/hwaet/?do=show&page=Charters	uri	null
http://dbpedia.org/resource/Northman	Northman	http://dbpedia.org/ontology/wikiPageExternalLink	Link from a Wikipage to an external page	https://books.google.com/books?id=QvoQAAAAMAAJ	uri	null
http://dbpedia.org/resource/Northman	Northman	http://dbpedia.org/ontology/wikiPageID	Wikipage page ID	22085956	http://www.w3.org/2001/XMLSchema#integer	
http://dbpedia.org/resource/Northman	Northman	http://dbpedia.org/ontology/wikiPageLength	page length (characters) of wiki page	10571	http://www.w3.org/2001/XMLSchema#nonNegativeInteger	
http://dbpedia.org/resource/Northman	Northman	http://dbpedia.org/ontology/wikiPageOutDegree	Wiki page out degree	46	http://www.w3.org/2001/XMLSchema#nonNegativeInteger	
http://dbpedia.org/resource/Northman	Northman	http://dbpedia.org/ontology/wikiPageRevisionID	Wikipage revision ID	740930595	http://www.w3.org/2001/XMLSchema#integer	
http://dbpedia.org/resource/Northman	Northman	http://purl.org/dc/terms/description	Description	English noble	http://www.w3.org/1999/02/22-rdf-syntax-ns#langString	
http://dbpedia.org/resource/Northman	Northman	http://purl.org/dc/terms/subject	Subject	http://dbpedia.org/resource/Category:Earls,_ealdormen_and_high-reeves_of_Bamburgh	entity	Earls, ealdormen and high-reeves of Bamburgh
http://dbpedia.org/resource/Northman	Northman	http://purl.org/dc/terms/subject	Subject	http://dbpedia.org/resource/Category:Year_of_birth_unknown	entity	Year of birth unknown
http://dbpedia.org/resource/Northman	Northman	http://purl.org/dc/terms/subject	Subject	http://dbpedia.org/resource/Category:Year_of_death_unknown	entity	Year of death unknown
http://dbpedia.org/resource/Northman	Northman	http://www.w3.org/1999/02/22-rdf-syntax-ns#type	type	http://dbpedia.org/ontology/Person	entity	person
http://dbpedia.org/resource/Northman	Northman	http://www.w3.org/2000/01/rdf-schema#comment	comment	Northman (Old English: Norþman; fl. 994) was a late 10th-century English ealdorman (or earl), with a territorial base in Northumbria north of the River Tees. He appears in two different strands of source. These are, namely, the textual tradition of Durham witnessed by Historia de Sancto Cuthberto and the Durham Liber Vitae, and an appearance in a witness list of a charter of King Æthelred II dated to 994. The latter is Northman's only appearance south of the Humber, and came the year after Northumbria was attacked by Vikings.	http://www.w3.org/1999/02/22-rdf-syntax-ns#langString	
http://dbpedia.org/resource/Northman	Northman	http://www.w3.org/2000/01/rdf-schema#label	label	Northman	http://www.w3.org/1999/02/22-rdf-syntax-ns#langString	
http://dbpedia.org/resource/Northman	Northman	http://www.w3.org/2002/07/owl#sameAs	sameAs	http://dbpedia.org/resource/Northman	entity	Northman
http://dbpedia.org/resource/Northman	Northman	http://www.w3.org/2002/07/owl#sameAs	sameAs	http://rdf.freebase.com/ns/m.04zy0l6	entity	Northman
http://dbpedia.org/resource/Northman	Northman	http://www.w3.org/2002/07/owl#sameAs	sameAs	http://www.wikidata.org/entity/Q7059569	entity	Northman
http://dbpedia.org/resource/Northman	Northman	http://www.w3.org/ns/prov#wasDerivedFrom	wasDerivedFrom	http://en.wikipedia.org/wiki/Northman?oldid=740930595	uri	null
http://dbpedia.org/resource/Northman	Northman	http://xmlns.com/foaf/0.1/gender	gender	male	http://www.w3.org/1999/02/22-rdf-syntax-ns#langString	
http://dbpedia.org/resource/Northman	Northman	http://xmlns.com/foaf/0.1/isPrimaryTopicOf	is primary topic of	http://en.wikipedia.org/wiki/Northman	uri	null
http://dbpedia.org/resource/Northman	Northman	http://xmlns.com/foaf/0.1/name	name	Northman	http://www.w3.org/1999/02/22-rdf-syntax-ns#langString	
