sub	subl	prop	propl	obj	obj_t	obj_l
http://www.wikidata.org/entity/Q5110184	Christian Tarr	http://schema.org/description	description	American politician	http://www.w3.org/1999/02/22-rdf-syntax-ns#langString	
http://www.wikidata.org/entity/Q5110184	Christian Tarr	http://www.w3.org/1999/02/22-rdf-syntax-ns#type	type	http://www.wikidata.org/entity/Q5	entity	human
http://www.wikidata.org/entity/Q5110184	Christian Tarr	http://www.w3.org/1999/02/22-rdf-syntax-ns#type	type	http://www.wikidata.org/ontology#Item	entity	Item
http://www.wikidata.org/entity/Q5110184	Christian Tarr	http://www.w3.org/2000/01/rdf-schema#label	label	Christian Tarr	http://www.w3.org/1999/02/22-rdf-syntax-ns#langString	
http://www.wikidata.org/entity/Q5110184	Christian Tarr	http://www.wikidata.org/entity/P106c	occupation	http://www.wikidata.org/entity/Q82955	entity	politician
http://www.wikidata.org/entity/Q5110184	Christian Tarr	http://www.wikidata.org/entity/P1157c	US Congress Bio ID	T000042	http://www.w3.org/2001/XMLSchema#string	
http://www.wikidata.org/entity/Q5110184	Christian Tarr	http://www.wikidata.org/entity/P1412c	languages spoken, written or signed	http://www.wikidata.org/entity/Q1860	entity	English
http://www.wikidata.org/entity/Q5110184	Christian Tarr	http://www.wikidata.org/entity/P1559c	name in native language	Christian Tarr	http://www.w3.org/1999/02/22-rdf-syntax-ns#langString	
http://www.wikidata.org/entity/Q5110184	Christian Tarr	http://www.wikidata.org/entity/P21c	sex or gender	http://www.wikidata.org/entity/Q6581097	entity	male
http://www.wikidata.org/entity/Q5110184	Christian Tarr	http://www.wikidata.org/entity/P27c	country of citizenship	http://www.wikidata.org/entity/Q30	entity	United States of America
http://www.wikidata.org/entity/Q5110184	Christian Tarr	http://www.wikidata.org/entity/P31c	instance of	http://www.wikidata.org/entity/Q5	entity	human
http://www.wikidata.org/entity/Q5110184	Christian Tarr	http://www.wikidata.org/entity/P39c	position held	http://www.wikidata.org/entity/Q13218630	entity	United States representative
http://www.wikidata.org/entity/Q5110184	Christian Tarr	http://www.wikidata.org/entity/P39c	position held	http://www.wikidata.org/entity/Q14616716	entity	member of the Pennsylvania House of Representatives
http://www.wikidata.org/entity/Q5110184	Christian Tarr	http://www.wikidata.org/entity/P535c	Find a Grave grave ID	7775922	http://www.w3.org/2001/XMLSchema#string	
http://www.wikidata.org/entity/Q5110184	Christian Tarr	http://www.wikidata.org/entity/P569c	date of birth	1765-05-25	http://www.w3.org/2001/XMLSchema#date	
http://www.wikidata.org/entity/Q5110184	Christian Tarr	http://www.wikidata.org/entity/P570c	date of death	1833-02-24	http://www.w3.org/2001/XMLSchema#date	
http://www.wikidata.org/entity/Q5110184	Christian Tarr	http://www.wikidata.org/entity/P735c	given name	http://www.wikidata.org/entity/Q18001597	entity	Christian
http://www.wikidata.org/entity/Q5110184	Christian Tarr	http://www.wikidata.org/entity/P937c	work location	http://www.wikidata.org/entity/Q25280	entity	Harrisburg
