sub	subl	prop	propl	obj	obj_t	obj_l
http://rdf.freebase.com/ns/m.027g853	Christian Tarr	http://rdf.freebase.com/key/base.uspolitician.thomas_id	thomas_id	T000042	http://www.w3.org/2001/XMLSchema#string	
http://rdf.freebase.com/ns/m.027g853	Christian Tarr	http://rdf.freebase.com/key/en	com/key/en	christian_tarr	http://www.w3.org/2001/XMLSchema#string	
http://rdf.freebase.com/ns/m.027g853	Christian Tarr	http://rdf.freebase.com/key/wikipedia.en	en	Christian_Tarr	http://www.w3.org/2001/XMLSchema#string	
http://rdf.freebase.com/ns/m.027g853	Christian Tarr	http://rdf.freebase.com/key/wikipedia.en_id	en_id	8721567	http://www.w3.org/2001/XMLSchema#string	
http://rdf.freebase.com/ns/m.027g853	Christian Tarr	http://rdf.freebase.com/key/wikipedia.en_title	en_title	Christian_Tarr	http://www.w3.org/2001/XMLSchema#string	
http://rdf.freebase.com/ns/m.027g853	Christian Tarr	http://rdf.freebase.com/ns/common.topic.article	Article	Christian Tarr (May 25, 1765 – February 24, 1833) was a member of the U.S. House of Representatives from Pennsylvania. Christian Tarr was born in Baltimore, Maryland. He moved to Westmoreland County, Pennsylvania, in 1794 and engaged in agricultural pursuits. He was also engaged in the manufacture of pottery in Fayette County, Pennsylvania. Tarr was elected as a Republican to the Fifteenth and Sixteenth Congresses. He was a member of the Pennsylvania House of Representatives in 1821 and 1822. He was appointed on October 31, 1827, as superintendent of the road which had been built by the United States Government from Cumberland, Maryland, to Wheeling, Virginia (now West Virginia). He served until March 20, 1829. He died in Washington Township, Pennsylvania, and was interred in the Methodist Graveyard in Brownsville, Pennsylvania.	http://www.w3.org/1999/02/22-rdf-syntax-ns#langString	
http://rdf.freebase.com/ns/m.027g853	Christian Tarr	http://rdf.freebase.com/ns/common.topic.description	Description	Christian Tarr was a member of the U.S. House of Representatives from Pennsylvania. Christian Tarr was born in Baltimore, Maryland. He moved to Westmoreland County, Pennsylvania, in 1794 and engaged in agricultural pursuits. He was also engaged in the manufacture of pottery in Fayette County, Pennsylvania. Tarr was elected as a Republican to the Fifteenth and Sixteenth Congresses. He was a member of the Pennsylvania House of Representatives in 1821 and 1822. He was appointed on October 31, 1827, as superintendent of the road which had been built by the United States Government from Cumberland, Maryland, to Wheeling, Virginia. He served until March 20, 1829. He died in Washington Township, Pennsylvania, and was interred in the Methodist Graveyard in Brownsville, Pennsylvania.	http://www.w3.org/1999/02/22-rdf-syntax-ns#langString	
http://rdf.freebase.com/ns/m.027g853	Christian Tarr	http://rdf.freebase.com/ns/common.topic.notable_for	Notable for	U.S. Congressperson	http://www.w3.org/1999/02/22-rdf-syntax-ns#langString	
http://rdf.freebase.com/ns/m.027g853	Christian Tarr	http://rdf.freebase.com/ns/common.topic.notable_types	Notable types	http://rdf.freebase.com/ns/m.05kpwk1	entity	U.S. Congressperson
http://rdf.freebase.com/ns/m.027g853	Christian Tarr	http://rdf.freebase.com/ns/common.topic.topic_equivalent_webpage	Topic equivalent webpage	http://bioguide.congress.gov/scripts/biodisplay.pl?index=T000042	uri	null
http://rdf.freebase.com/ns/m.027g853	Christian Tarr	http://rdf.freebase.com/ns/common.topic.topic_equivalent_webpage	Topic equivalent webpage	http://de.wikipedia.org/wiki/Christian_Tarr	uri	null
http://rdf.freebase.com/ns/m.027g853	Christian Tarr	http://rdf.freebase.com/ns/common.topic.topic_equivalent_webpage	Topic equivalent webpage	http://de.wikipedia.org/wiki/index.html?curid=7912113	uri	null
http://rdf.freebase.com/ns/m.027g853	Christian Tarr	http://rdf.freebase.com/ns/common.topic.topic_equivalent_webpage	Topic equivalent webpage	http://en.wikipedia.org/wiki/Christian_Tarr	uri	null
http://rdf.freebase.com/ns/m.027g853	Christian Tarr	http://rdf.freebase.com/ns/common.topic.topic_equivalent_webpage	Topic equivalent webpage	http://en.wikipedia.org/wiki/index.html?curid=8721567	uri	null
http://rdf.freebase.com/ns/m.027g853	Christian Tarr	http://rdf.freebase.com/ns/government.u_s_congressperson.thomas_id	THOMAS ID	T000042	http://www.w3.org/2001/XMLSchema#string	
http://rdf.freebase.com/ns/m.027g853	Christian Tarr	http://rdf.freebase.com/ns/kg.object_profile.prominent_type	prominent type	http://rdf.freebase.com/ns/government.u_s_congressperson	entity	U.S. Congressperson
http://rdf.freebase.com/ns/m.027g853	Christian Tarr	http://rdf.freebase.com/ns/people.deceased_person.date_of_death	Date of death	1833-02-24	http://www.w3.org/2001/XMLSchema#date	
http://rdf.freebase.com/ns/m.027g853	Christian Tarr	http://rdf.freebase.com/ns/people.person.date_of_birth	Date of birth	1765-05-25	http://www.w3.org/2001/XMLSchema#date	
http://rdf.freebase.com/ns/m.027g853	Christian Tarr	http://rdf.freebase.com/ns/people.person.gender	Gender	http://rdf.freebase.com/ns/m.05zppz	entity	Male
http://rdf.freebase.com/ns/m.027g853	Christian Tarr	http://rdf.freebase.com/ns/type.object.key	Key	/base/uspolitician/thomas_id/T000042	http://www.w3.org/2001/XMLSchema#string	
http://rdf.freebase.com/ns/m.027g853	Christian Tarr	http://rdf.freebase.com/ns/type.object.key	Key	/en/christian_tarr	http://www.w3.org/2001/XMLSchema#string	
http://rdf.freebase.com/ns/m.027g853	Christian Tarr	http://rdf.freebase.com/ns/type.object.key	Key	/wikipedia/de/Christian_Tarr	http://www.w3.org/2001/XMLSchema#string	
http://rdf.freebase.com/ns/m.027g853	Christian Tarr	http://rdf.freebase.com/ns/type.object.key	Key	/wikipedia/de_id/7912113	http://www.w3.org/2001/XMLSchema#string	
http://rdf.freebase.com/ns/m.027g853	Christian Tarr	http://rdf.freebase.com/ns/type.object.key	Key	/wikipedia/de_title/Christian_Tarr	http://www.w3.org/2001/XMLSchema#string	
http://rdf.freebase.com/ns/m.027g853	Christian Tarr	http://rdf.freebase.com/ns/type.object.key	Key	/wikipedia/en/Christian_Tarr	http://www.w3.org/2001/XMLSchema#string	
http://rdf.freebase.com/ns/m.027g853	Christian Tarr	http://rdf.freebase.com/ns/type.object.key	Key	/wikipedia/en_id/8721567	http://www.w3.org/2001/XMLSchema#string	
http://rdf.freebase.com/ns/m.027g853	Christian Tarr	http://rdf.freebase.com/ns/type.object.key	Key	/wikipedia/en_title/Christian_Tarr	http://www.w3.org/2001/XMLSchema#string	
http://rdf.freebase.com/ns/m.027g853	Christian Tarr	http://rdf.freebase.com/ns/type.object.name	Name	Christian Tarr	http://www.w3.org/1999/02/22-rdf-syntax-ns#langString	
http://rdf.freebase.com/ns/m.027g853	Christian Tarr	http://rdf.freebase.com/ns/type.object.type	Type	http://rdf.freebase.com/ns/base.type_ontology.agent	entity	Agent
http://rdf.freebase.com/ns/m.027g853	Christian Tarr	http://rdf.freebase.com/ns/type.object.type	Type	http://rdf.freebase.com/ns/base.type_ontology.animate	entity	Animate
http://rdf.freebase.com/ns/m.027g853	Christian Tarr	http://rdf.freebase.com/ns/type.object.type	Type	http://rdf.freebase.com/ns/base.type_ontology.physically_instantiable	entity	Physically Instantiable
http://rdf.freebase.com/ns/m.027g853	Christian Tarr	http://rdf.freebase.com/ns/type.object.type	Type	http://rdf.freebase.com/ns/common.topic	entity	Topic
http://rdf.freebase.com/ns/m.027g853	Christian Tarr	http://rdf.freebase.com/ns/type.object.type	Type	http://rdf.freebase.com/ns/government.politician	entity	Politician
http://rdf.freebase.com/ns/m.027g853	Christian Tarr	http://rdf.freebase.com/ns/type.object.type	Type	http://rdf.freebase.com/ns/government.u_s_congressperson	entity	U.S. Congressperson
http://rdf.freebase.com/ns/m.027g853	Christian Tarr	http://rdf.freebase.com/ns/type.object.type	Type	http://rdf.freebase.com/ns/people.deceased_person	entity	Deceased Person
http://rdf.freebase.com/ns/m.027g853	Christian Tarr	http://rdf.freebase.com/ns/type.object.type	Type	http://rdf.freebase.com/ns/people.person	entity	Person
http://rdf.freebase.com/ns/m.027g853	Christian Tarr	http://www.w3.org/1999/02/22-rdf-syntax-ns#type	type	http://rdf.freebase.com/ns/base.type_ontology.agent	entity	Agent
http://rdf.freebase.com/ns/m.027g853	Christian Tarr	http://www.w3.org/1999/02/22-rdf-syntax-ns#type	type	http://rdf.freebase.com/ns/base.type_ontology.animate	entity	Animate
http://rdf.freebase.com/ns/m.027g853	Christian Tarr	http://www.w3.org/1999/02/22-rdf-syntax-ns#type	type	http://rdf.freebase.com/ns/base.type_ontology.physically_instantiable	entity	Physically Instantiable
http://rdf.freebase.com/ns/m.027g853	Christian Tarr	http://www.w3.org/1999/02/22-rdf-syntax-ns#type	type	http://rdf.freebase.com/ns/common.topic	entity	Topic
http://rdf.freebase.com/ns/m.027g853	Christian Tarr	http://www.w3.org/1999/02/22-rdf-syntax-ns#type	type	http://rdf.freebase.com/ns/government.politician	entity	Politician
http://rdf.freebase.com/ns/m.027g853	Christian Tarr	http://www.w3.org/1999/02/22-rdf-syntax-ns#type	type	http://rdf.freebase.com/ns/government.u_s_congressperson	entity	U.S. Congressperson
http://rdf.freebase.com/ns/m.027g853	Christian Tarr	http://www.w3.org/1999/02/22-rdf-syntax-ns#type	type	http://rdf.freebase.com/ns/people.deceased_person	entity	Deceased Person
http://rdf.freebase.com/ns/m.027g853	Christian Tarr	http://www.w3.org/1999/02/22-rdf-syntax-ns#type	type	http://rdf.freebase.com/ns/people.person	entity	Person
http://rdf.freebase.com/ns/m.027g853	Christian Tarr	http://www.w3.org/2000/01/rdf-schema#label	label	Christian Tarr	http://www.w3.org/1999/02/22-rdf-syntax-ns#langString	
