sub	subl	prop	propl	obj	obj_t	obj_l
http://rdf.freebase.com/ns/m.026z86v	Black Jack Tarr	http://rdf.freebase.com/key/en	com/key/en	black_jack_tarr	http://www.w3.org/2001/XMLSchema#string	
http://rdf.freebase.com/ns/m.026z86v	Black Jack Tarr	http://rdf.freebase.com/key/wikipedia.en	en	Black_Jack_Tarr	http://www.w3.org/2001/XMLSchema#string	
http://rdf.freebase.com/ns/m.026z86v	Black Jack Tarr	http://rdf.freebase.com/key/wikipedia.en_id	en_id	8292220	http://www.w3.org/2001/XMLSchema#string	
http://rdf.freebase.com/ns/m.026z86v	Black Jack Tarr	http://rdf.freebase.com/key/wikipedia.en_title	en_title	Black_Jack_Tarr	http://www.w3.org/2001/XMLSchema#string	
http://rdf.freebase.com/ns/m.026z86v	Black Jack Tarr	http://rdf.freebase.com/ns/common.topic.article	Article	"Black" Jack Tarr is a fictional character in the Marvel Universe. Jack Tarr is Sir Denis Nayland Smith's aide-de-camp, and is a powerful giant of a man with a gruff manner. Tarr served with distinction in the British army, and accepted a position with the British Foreign Service after his discharge from the military. Sometime later, he became an agent for the British intelligence agency, MI-6. Eventually, he was assigned to the command of Sir Denis Nayland Smith of Scotland Yard. While serving with Smith, Tarr came into contact with Shang-Chi and the small band of adventurers fighting a covert war against the criminal mastermind Dr. Fu Manchu. This group includes Lieko Wu and Clive Reston  who would become two of his closest friends. Tarr joins them in their fight, confronting Fu Manchu's forces multiple times in many spots around the world. Manchu's forces were legion, including many different cults that sometimes worked together. In one such incident, Tarr and Shang-Chi, cornered by multiple cults, worked together to stun an alligator and throw it at their enemies, gaining them a moment needed to escape. Tarr is personally targeted by Brynocki, an insane android ruler of a small	http://www.w3.org/1999/02/22-rdf-syntax-ns#langString	
http://rdf.freebase.com/ns/m.026z86v	Black Jack Tarr	http://rdf.freebase.com/ns/common.topic.description	Description	"Black" Jack Tarr is a fictional character in the Marvel Universe. Jack Tarr is Sir Denis Nayland Smith's aide-de-camp, and is a powerful giant of a man with a gruff manner.	http://www.w3.org/1999/02/22-rdf-syntax-ns#langString	
http://rdf.freebase.com/ns/m.026z86v	Black Jack Tarr	http://rdf.freebase.com/ns/common.topic.notable_for	Notable for	Comic Book Character	http://www.w3.org/1999/02/22-rdf-syntax-ns#langString	
http://rdf.freebase.com/ns/m.026z86v	Black Jack Tarr	http://rdf.freebase.com/ns/common.topic.notable_types	Notable types	http://rdf.freebase.com/ns/m.02hqb47	entity	Comic Book Character
http://rdf.freebase.com/ns/m.026z86v	Black Jack Tarr	http://rdf.freebase.com/ns/common.topic.topic_equivalent_webpage	Topic equivalent webpage	http://en.wikipedia.org/wiki/Black_Jack_Tarr	uri	null
http://rdf.freebase.com/ns/m.026z86v	Black Jack Tarr	http://rdf.freebase.com/ns/common.topic.topic_equivalent_webpage	Topic equivalent webpage	http://en.wikipedia.org/wiki/index.html?curid=8292220	uri	null
http://rdf.freebase.com/ns/m.026z86v	Black Jack Tarr	http://rdf.freebase.com/ns/common.topic.topic_equivalent_webpage	Topic equivalent webpage	http://tl.wikipedia.org/wiki/Black_Jack_Tarr	uri	null
http://rdf.freebase.com/ns/m.026z86v	Black Jack Tarr	http://rdf.freebase.com/ns/common.topic.topic_equivalent_webpage	Topic equivalent webpage	http://tl.wikipedia.org/wiki/index.html?curid=36853	uri	null
http://rdf.freebase.com/ns/m.026z86v	Black Jack Tarr	http://rdf.freebase.com/ns/fictional_universe.fictional_character.appears_in_these_fictional_universes	Appears In These Fictional Universes	http://rdf.freebase.com/ns/m.058nt	entity	Marvel Universe
http://rdf.freebase.com/ns/m.026z86v	Black Jack Tarr	http://rdf.freebase.com/ns/fictional_universe.fictional_character.character_created_by	Character Created By	http://rdf.freebase.com/ns/m.024ksh	entity	Jim Starlin
http://rdf.freebase.com/ns/m.026z86v	Black Jack Tarr	http://rdf.freebase.com/ns/fictional_universe.fictional_character.character_created_by	Character Created By	http://rdf.freebase.com/ns/m.02x8s9	entity	Steve Englehart
http://rdf.freebase.com/ns/m.026z86v	Black Jack Tarr	http://rdf.freebase.com/ns/fictional_universe.fictional_character.gender	Gender	http://rdf.freebase.com/ns/m.05zppz	entity	Male
http://rdf.freebase.com/ns/m.026z86v	Black Jack Tarr	http://rdf.freebase.com/ns/kg.object_profile.prominent_type	prominent type	http://rdf.freebase.com/ns/comic_books.comic_book_character	entity	Comic Book Character
http://rdf.freebase.com/ns/m.026z86v	Black Jack Tarr	http://rdf.freebase.com/ns/type.object.key	Key	/en/black_jack_tarr	http://www.w3.org/2001/XMLSchema#string	
http://rdf.freebase.com/ns/m.026z86v	Black Jack Tarr	http://rdf.freebase.com/ns/type.object.key	Key	/wikipedia/en/Black_Jack_Tarr	http://www.w3.org/2001/XMLSchema#string	
http://rdf.freebase.com/ns/m.026z86v	Black Jack Tarr	http://rdf.freebase.com/ns/type.object.key	Key	/wikipedia/en_id/8292220	http://www.w3.org/2001/XMLSchema#string	
http://rdf.freebase.com/ns/m.026z86v	Black Jack Tarr	http://rdf.freebase.com/ns/type.object.key	Key	/wikipedia/en_title/Black_Jack_Tarr	http://www.w3.org/2001/XMLSchema#string	
http://rdf.freebase.com/ns/m.026z86v	Black Jack Tarr	http://rdf.freebase.com/ns/type.object.key	Key	/wikipedia/tl/Black_Jack_Tarr	http://www.w3.org/2001/XMLSchema#string	
http://rdf.freebase.com/ns/m.026z86v	Black Jack Tarr	http://rdf.freebase.com/ns/type.object.key	Key	/wikipedia/tl_id/36853	http://www.w3.org/2001/XMLSchema#string	
http://rdf.freebase.com/ns/m.026z86v	Black Jack Tarr	http://rdf.freebase.com/ns/type.object.key	Key	/wikipedia/tl_title/Black_Jack_Tarr	http://www.w3.org/2001/XMLSchema#string	
http://rdf.freebase.com/ns/m.026z86v	Black Jack Tarr	http://rdf.freebase.com/ns/type.object.name	Name	Black Jack Tarr	http://www.w3.org/1999/02/22-rdf-syntax-ns#langString	
http://rdf.freebase.com/ns/m.026z86v	Black Jack Tarr	http://rdf.freebase.com/ns/type.object.type	Type	http://rdf.freebase.com/ns/base.type_ontology.abstract	entity	Abstract
http://rdf.freebase.com/ns/m.026z86v	Black Jack Tarr	http://rdf.freebase.com/ns/type.object.type	Type	http://rdf.freebase.com/ns/base.type_ontology.non_agent	entity	Non-Agent
http://rdf.freebase.com/ns/m.026z86v	Black Jack Tarr	http://rdf.freebase.com/ns/type.object.type	Type	http://rdf.freebase.com/ns/comic_books.comic_book_character	entity	Comic Book Character
http://rdf.freebase.com/ns/m.026z86v	Black Jack Tarr	http://rdf.freebase.com/ns/type.object.type	Type	http://rdf.freebase.com/ns/common.topic	entity	Topic
http://rdf.freebase.com/ns/m.026z86v	Black Jack Tarr	http://rdf.freebase.com/ns/type.object.type	Type	http://rdf.freebase.com/ns/fictional_universe.fictional_character	entity	Fictional Character
http://rdf.freebase.com/ns/m.026z86v	Black Jack Tarr	http://www.w3.org/1999/02/22-rdf-syntax-ns#type	type	http://rdf.freebase.com/ns/base.type_ontology.abstract	entity	Abstract
http://rdf.freebase.com/ns/m.026z86v	Black Jack Tarr	http://www.w3.org/1999/02/22-rdf-syntax-ns#type	type	http://rdf.freebase.com/ns/base.type_ontology.non_agent	entity	Non-Agent
http://rdf.freebase.com/ns/m.026z86v	Black Jack Tarr	http://www.w3.org/1999/02/22-rdf-syntax-ns#type	type	http://rdf.freebase.com/ns/comic_books.comic_book_character	entity	Comic Book Character
http://rdf.freebase.com/ns/m.026z86v	Black Jack Tarr	http://www.w3.org/1999/02/22-rdf-syntax-ns#type	type	http://rdf.freebase.com/ns/common.topic	entity	Topic
http://rdf.freebase.com/ns/m.026z86v	Black Jack Tarr	http://www.w3.org/1999/02/22-rdf-syntax-ns#type	type	http://rdf.freebase.com/ns/fictional_universe.fictional_character	entity	Fictional Character
http://rdf.freebase.com/ns/m.026z86v	Black Jack Tarr	http://www.w3.org/2000/01/rdf-schema#label	label	Black Jack Tarr	http://www.w3.org/1999/02/22-rdf-syntax-ns#langString	
