sub	subl	prop	propl	obj	obj_t	obj_l
http://yago-knowledge.org/resource/Black_Jack_Tarr	Black Jack Tarr	http://www.w3.org/1999/02/22-rdf-syntax-ns#type	type	http://www.w3.org/2002/07/owl#Thing	entity	Thing
http://yago-knowledge.org/resource/Black_Jack_Tarr	Black Jack Tarr	http://www.w3.org/1999/02/22-rdf-syntax-ns#type	type	http://yago-knowledge.org/resource/wikicat_Characters_created_by_Jim_Starlin	entity	Characters created by Jim Starlin
http://yago-knowledge.org/resource/Black_Jack_Tarr	Black Jack Tarr	http://www.w3.org/1999/02/22-rdf-syntax-ns#type	type	http://yago-knowledge.org/resource/wikicat_Characters_created_by_Steve_Englehart	entity	Characters created by Steve Englehart
http://yago-knowledge.org/resource/Black_Jack_Tarr	Black Jack Tarr	http://www.w3.org/1999/02/22-rdf-syntax-ns#type	type	http://yago-knowledge.org/resource/wikicat_Comics_characters_introduced_in_1973	entity	Comics characters introduced in 1973
http://yago-knowledge.org/resource/Black_Jack_Tarr	Black Jack Tarr	http://www.w3.org/1999/02/22-rdf-syntax-ns#type	type	http://yago-knowledge.org/resource/wordnet_ability_105616246	entity	ability
http://yago-knowledge.org/resource/Black_Jack_Tarr	Black Jack Tarr	http://www.w3.org/1999/02/22-rdf-syntax-ns#type	type	http://yago-knowledge.org/resource/wordnet_abstraction_100002137	entity	abstraction
http://yago-knowledge.org/resource/Black_Jack_Tarr	Black Jack Tarr	http://www.w3.org/1999/02/22-rdf-syntax-ns#type	type	http://yago-knowledge.org/resource/wordnet_cognition_100023271	entity	cognition
http://yago-knowledge.org/resource/Black_Jack_Tarr	Black Jack Tarr	http://www.w3.org/1999/02/22-rdf-syntax-ns#type	type	http://yago-knowledge.org/resource/wordnet_creativity_105624700	entity	creativity
http://yago-knowledge.org/resource/Black_Jack_Tarr	Black Jack Tarr	http://www.w3.org/1999/02/22-rdf-syntax-ns#type	type	http://yago-knowledge.org/resource/wordnet_fictional_character_109587565	entity	fictional character
http://yago-knowledge.org/resource/Black_Jack_Tarr	Black Jack Tarr	http://www.w3.org/1999/02/22-rdf-syntax-ns#type	type	http://yago-knowledge.org/resource/wordnet_imaginary_being_109483738	entity	imaginary being
http://yago-knowledge.org/resource/Black_Jack_Tarr	Black Jack Tarr	http://www.w3.org/1999/02/22-rdf-syntax-ns#type	type	http://yago-knowledge.org/resource/wordnet_imagination_105625465	entity	imagination
http://yago-knowledge.org/resource/Black_Jack_Tarr	Black Jack Tarr	http://www.w3.org/1999/02/22-rdf-syntax-ns#type	type	http://yago-knowledge.org/resource/wordnet_psychological_feature_100023100	entity	psychological feature
http://yago-knowledge.org/resource/Black_Jack_Tarr	Black Jack Tarr	http://www.w3.org/2000/01/rdf-schema#label	label	Black Jack Tarr	http://www.w3.org/1999/02/22-rdf-syntax-ns#langString	
http://yago-knowledge.org/resource/Black_Jack_Tarr	Black Jack Tarr	http://www.w3.org/2000/01/rdf-schema#label	label	Tarr	http://www.w3.org/1999/02/22-rdf-syntax-ns#langString	
http://yago-knowledge.org/resource/Black_Jack_Tarr	Black Jack Tarr	http://www.w3.org/2002/07/owl#sameAs	sameAs	http://dbpedia.org/resource/Black_Jack_Tarr	entity	Black Jack Tarr
http://yago-knowledge.org/resource/Black_Jack_Tarr	Black Jack Tarr	http://www.w3.org/2004/02/skos/core#prefLabel	preferred label	Black Jack Tarr	http://www.w3.org/1999/02/22-rdf-syntax-ns#langString	
http://yago-knowledge.org/resource/Black_Jack_Tarr	Black Jack Tarr	http://yago-knowledge.org/resource/hasWikipediaAnchorText	null	Agent Syn	http://www.w3.org/1999/02/22-rdf-syntax-ns#langString	
http://yago-knowledge.org/resource/Black_Jack_Tarr	Black Jack Tarr	http://yago-knowledge.org/resource/hasWikipediaAnchorText	null	British Foreign Service	http://www.w3.org/1999/02/22-rdf-syntax-ns#langString	
http://yago-knowledge.org/resource/Black_Jack_Tarr	Black Jack Tarr	http://yago-knowledge.org/resource/hasWikipediaAnchorText	null	Brynocki	http://www.w3.org/1999/02/22-rdf-syntax-ns#langString	
http://yago-knowledge.org/resource/Black_Jack_Tarr	Black Jack Tarr	http://yago-knowledge.org/resource/hasWikipediaAnchorText	null	Comte de Saint Germain	http://www.w3.org/1999/02/22-rdf-syntax-ns#langString	
http://yago-knowledge.org/resource/Black_Jack_Tarr	Black Jack Tarr	http://yago-knowledge.org/resource/hasWikipediaAnchorText	null	Denis Nayland Smith	http://www.w3.org/1999/02/22-rdf-syntax-ns#langString	
http://yago-knowledge.org/resource/Black_Jack_Tarr	Black Jack Tarr	http://yago-knowledge.org/resource/hasWikipediaAnchorText	null	Freelance Restorations	http://www.w3.org/1999/02/22-rdf-syntax-ns#langString	
http://yago-knowledge.org/resource/Black_Jack_Tarr	Black Jack Tarr	http://yago-knowledge.org/resource/hasWikipediaAnchorText	null	Fu Manchu	http://www.w3.org/1999/02/22-rdf-syntax-ns#langString	
http://yago-knowledge.org/resource/Black_Jack_Tarr	Black Jack Tarr	http://yago-knowledge.org/resource/hasWikipediaAnchorText	null	Jim Starlin	http://www.w3.org/1999/02/22-rdf-syntax-ns#langString	
http://yago-knowledge.org/resource/Black_Jack_Tarr	Black Jack Tarr	http://yago-knowledge.org/resource/hasWikipediaAnchorText	null	MI-13	http://www.w3.org/1999/02/22-rdf-syntax-ns#langString	
http://yago-knowledge.org/resource/Black_Jack_Tarr	Black Jack Tarr	http://yago-knowledge.org/resource/hasWikipediaAnchorText	null	MI-6	http://www.w3.org/1999/02/22-rdf-syntax-ns#langString	
http://yago-knowledge.org/resource/Black_Jack_Tarr	Black Jack Tarr	http://yago-knowledge.org/resource/hasWikipediaAnchorText	null	Marvel Comics	http://www.w3.org/1999/02/22-rdf-syntax-ns#langString	
http://yago-knowledge.org/resource/Black_Jack_Tarr	Black Jack Tarr	http://yago-knowledge.org/resource/hasWikipediaAnchorText	null	Marvel Universe	http://www.w3.org/1999/02/22-rdf-syntax-ns#langString	
http://yago-knowledge.org/resource/Black_Jack_Tarr	Black Jack Tarr	http://yago-knowledge.org/resource/hasWikipediaAnchorText	null	Pete Wisdom	http://www.w3.org/1999/02/22-rdf-syntax-ns#langString	
http://yago-knowledge.org/resource/Black_Jack_Tarr	Black Jack Tarr	http://yago-knowledge.org/resource/hasWikipediaAnchorText	null	Peter Wisdom	http://www.w3.org/1999/02/22-rdf-syntax-ns#langString	
http://yago-knowledge.org/resource/Black_Jack_Tarr	Black Jack Tarr	http://yago-knowledge.org/resource/hasWikipediaAnchorText	null	Scotland Yard	http://www.w3.org/1999/02/22-rdf-syntax-ns#langString	
http://yago-knowledge.org/resource/Black_Jack_Tarr	Black Jack Tarr	http://yago-knowledge.org/resource/hasWikipediaAnchorText	null	Shang-Chi	http://www.w3.org/1999/02/22-rdf-syntax-ns#langString	
http://yago-knowledge.org/resource/Black_Jack_Tarr	Black Jack Tarr	http://yago-knowledge.org/resource/hasWikipediaAnchorText	null	Steve Englehart	http://www.w3.org/1999/02/22-rdf-syntax-ns#langString	
http://yago-knowledge.org/resource/Black_Jack_Tarr	Black Jack Tarr	http://yago-knowledge.org/resource/hasWikipediaAnchorText	null	Ultimate Marvel	http://www.w3.org/1999/02/22-rdf-syntax-ns#langString	
http://yago-knowledge.org/resource/Black_Jack_Tarr	Black Jack Tarr	http://yago-knowledge.org/resource/hasWikipediaArticleLength	null	5593	http://www.w3.org/2001/XMLSchema#integer	
http://yago-knowledge.org/resource/Black_Jack_Tarr	Black Jack Tarr	http://yago-knowledge.org/resource/hasWikipediaUrl	null	http://en.wikipedia.org/wiki/Black_Jack_Tarr	uri	null
http://yago-knowledge.org/resource/Black_Jack_Tarr	Black Jack Tarr	http://yago-knowledge.org/resource/linksTo	null	http://yago-knowledge.org/resource/Brynocki	entity	Brynocki
http://yago-knowledge.org/resource/Black_Jack_Tarr	Black Jack Tarr	http://yago-knowledge.org/resource/linksTo	null	http://yago-knowledge.org/resource/Fu_Manchu	entity	Fu Manchu
http://yago-knowledge.org/resource/Black_Jack_Tarr	Black Jack Tarr	http://yago-knowledge.org/resource/linksTo	null	http://yago-knowledge.org/resource/Jim_Starlin	entity	Jim Starlin
http://yago-knowledge.org/resource/Black_Jack_Tarr	Black Jack Tarr	http://yago-knowledge.org/resource/linksTo	null	http://yago-knowledge.org/resource/MI6	entity	MI6
http://yago-knowledge.org/resource/Black_Jack_Tarr	Black Jack Tarr	http://yago-knowledge.org/resource/linksTo	null	http://yago-knowledge.org/resource/Marvel_Comics	entity	Marvel Comics
http://yago-knowledge.org/resource/Black_Jack_Tarr	Black Jack Tarr	http://yago-knowledge.org/resource/linksTo	null	http://yago-knowledge.org/resource/Marvel_Universe	entity	Marvel Universe
http://yago-knowledge.org/resource/Black_Jack_Tarr	Black Jack Tarr	http://yago-knowledge.org/resource/linksTo	null	http://yago-knowledge.org/resource/Pete_Wisdom	entity	Pete Wisdom
http://yago-knowledge.org/resource/Black_Jack_Tarr	Black Jack Tarr	http://yago-knowledge.org/resource/linksTo	null	http://yago-knowledge.org/resource/Scotland_Yard	entity	Scotland Yard
http://yago-knowledge.org/resource/Black_Jack_Tarr	Black Jack Tarr	http://yago-knowledge.org/resource/linksTo	null	http://yago-knowledge.org/resource/Shang-Chi	entity	Shang-Chi
http://yago-knowledge.org/resource/Black_Jack_Tarr	Black Jack Tarr	http://yago-knowledge.org/resource/linksTo	null	http://yago-knowledge.org/resource/Steve_Englehart	entity	Steve Englehart
http://yago-knowledge.org/resource/Black_Jack_Tarr	Black Jack Tarr	http://yago-knowledge.org/resource/linksTo	null	http://yago-knowledge.org/resource/Ultimate_Marvel	entity	Ultimate Marvel
http://yago-knowledge.org/resource/Black_Jack_Tarr	Black Jack Tarr	http://yago-knowledge.org/resource/wasCreatedOnDate	startDate	1973-01-01	http://www.w3.org/2001/XMLSchema#date	
