sub	subl	prop	propl	obj	obj_t	obj_l
http://yago-knowledge.org/resource/Aamer_Sohail	Aamer Sohail	http://www.w3.org/1999/02/22-rdf-syntax-ns#type	type	http://www.w3.org/2002/07/owl#Thing	entity	Thing
http://yago-knowledge.org/resource/Aamer_Sohail	Aamer Sohail	http://www.w3.org/1999/02/22-rdf-syntax-ns#type	type	http://yago-knowledge.org/resource/wikicat_Allied_Bank_Limited_cricketers	entity	Allied Bank Limited cricketers
http://yago-knowledge.org/resource/Aamer_Sohail	Aamer Sohail	http://www.w3.org/1999/02/22-rdf-syntax-ns#type	type	http://yago-knowledge.org/resource/wikicat_Cricket_commentators	entity	Cricket commentators
http://yago-knowledge.org/resource/Aamer_Sohail	Aamer Sohail	http://www.w3.org/1999/02/22-rdf-syntax-ns#type	type	http://yago-knowledge.org/resource/wikicat_Cricketers_at_the_1992_Cricket_World_Cup	entity	Cricketers at the 1992 Cricket World Cup
http://yago-knowledge.org/resource/Aamer_Sohail	Aamer Sohail	http://www.w3.org/1999/02/22-rdf-syntax-ns#type	type	http://yago-knowledge.org/resource/wikicat_Cricketers_at_the_1996_Cricket_World_Cup	entity	Cricketers at the 1996 Cricket World Cup
http://yago-knowledge.org/resource/Aamer_Sohail	Aamer Sohail	http://www.w3.org/1999/02/22-rdf-syntax-ns#type	type	http://yago-knowledge.org/resource/wikicat_Government_College_University,_Lahore_alumni	entity	Government College University, Lahore alumni
http://yago-knowledge.org/resource/Aamer_Sohail	Aamer Sohail	http://www.w3.org/1999/02/22-rdf-syntax-ns#type	type	http://yago-knowledge.org/resource/wikicat_Habib_Bank_Limited_cricketers	entity	Habib Bank Limited cricketers
http://yago-knowledge.org/resource/Aamer_Sohail	Aamer Sohail	http://www.w3.org/1999/02/22-rdf-syntax-ns#type	type	http://yago-knowledge.org/resource/wikicat_Karachi_cricketers	entity	Karachi cricketers
http://yago-knowledge.org/resource/Aamer_Sohail	Aamer Sohail	http://www.w3.org/1999/02/22-rdf-syntax-ns#type	type	http://yago-knowledge.org/resource/wikicat_Lahore_City_Blues_cricketers	entity	Lahore City Blues cricketers
http://yago-knowledge.org/resource/Aamer_Sohail	Aamer Sohail	http://www.w3.org/1999/02/22-rdf-syntax-ns#type	type	http://yago-knowledge.org/resource/wikicat_Lahore_City_Whites_cricketers	entity	Lahore City Whites cricketers
http://yago-knowledge.org/resource/Aamer_Sohail	Aamer Sohail	http://www.w3.org/1999/02/22-rdf-syntax-ns#type	type	http://yago-knowledge.org/resource/wikicat_Lahore_City_cricketers	entity	Lahore City cricketers
http://yago-knowledge.org/resource/Aamer_Sohail	Aamer Sohail	http://www.w3.org/1999/02/22-rdf-syntax-ns#type	type	http://yago-knowledge.org/resource/wikicat_Living_people	entity	Living people
http://yago-knowledge.org/resource/Aamer_Sohail	Aamer Sohail	http://www.w3.org/1999/02/22-rdf-syntax-ns#type	type	http://yago-knowledge.org/resource/wikicat_Pakistan_Muslim_League_(N)_politicians	entity	Pakistan Muslim League (N) politicians
http://yago-knowledge.org/resource/Aamer_Sohail	Aamer Sohail	http://www.w3.org/1999/02/22-rdf-syntax-ns#type	type	http://yago-knowledge.org/resource/wikicat_Pakistan_One_Day_International_cricketers	entity	Pakistan One Day International cricketers
http://yago-knowledge.org/resource/Aamer_Sohail	Aamer Sohail	http://www.w3.org/1999/02/22-rdf-syntax-ns#type	type	http://yago-knowledge.org/resource/wikicat_Pakistan_Test_cricketers	entity	Pakistan Test cricketers
http://yago-knowledge.org/resource/Aamer_Sohail	Aamer Sohail	http://www.w3.org/1999/02/22-rdf-syntax-ns#type	type	http://yago-knowledge.org/resource/wikicat_Pakistani_cricket_captains	entity	Pakistani cricket captains
http://yago-knowledge.org/resource/Aamer_Sohail	Aamer Sohail	http://www.w3.org/1999/02/22-rdf-syntax-ns#type	type	http://yago-knowledge.org/resource/wikicat_Pakistani_cricketers	entity	Pakistani cricketers
http://yago-knowledge.org/resource/Aamer_Sohail	Aamer Sohail	http://www.w3.org/1999/02/22-rdf-syntax-ns#type	type	http://yago-knowledge.org/resource/wikicat_People_from_Lahore	entity	People from Lahore
http://yago-knowledge.org/resource/Aamer_Sohail	Aamer Sohail	http://www.w3.org/1999/02/22-rdf-syntax-ns#type	type	http://yago-knowledge.org/resource/wikicat_Politicians_from_Lahore	entity	Politicians from Lahore
http://yago-knowledge.org/resource/Aamer_Sohail	Aamer Sohail	http://www.w3.org/1999/02/22-rdf-syntax-ns#type	type	http://yago-knowledge.org/resource/wikicat_Punjabi_people	entity	Punjabi people
http://yago-knowledge.org/resource/Aamer_Sohail	Aamer Sohail	http://www.w3.org/1999/02/22-rdf-syntax-ns#type	type	http://yago-knowledge.org/resource/wikicat_Sargodha_cricketers	entity	Sargodha cricketers
http://yago-knowledge.org/resource/Aamer_Sohail	Aamer Sohail	http://www.w3.org/1999/02/22-rdf-syntax-ns#type	type	http://yago-knowledge.org/resource/wikicat_Somerset_cricketers	entity	Somerset cricketers
http://yago-knowledge.org/resource/Aamer_Sohail	Aamer Sohail	http://www.w3.org/1999/02/22-rdf-syntax-ns#type	type	http://yago-knowledge.org/resource/wikicat_Wisden_Cricketers_of_the_Year	entity	Wisden Cricketers of the Year
http://yago-knowledge.org/resource/Aamer_Sohail	Aamer Sohail	http://www.w3.org/1999/02/22-rdf-syntax-ns#type	type	http://yago-knowledge.org/resource/wordnet_alumnus_109786338	entity	alumnus
http://yago-knowledge.org/resource/Aamer_Sohail	Aamer Sohail	http://www.w3.org/1999/02/22-rdf-syntax-ns#type	type	http://yago-knowledge.org/resource/wordnet_athlete_109820263	entity	athlete
http://yago-knowledge.org/resource/Aamer_Sohail	Aamer Sohail	http://www.w3.org/1999/02/22-rdf-syntax-ns#type	type	http://yago-knowledge.org/resource/wordnet_captain_109893191	entity	captain
http://yago-knowledge.org/resource/Aamer_Sohail	Aamer Sohail	http://www.w3.org/1999/02/22-rdf-syntax-ns#type	type	http://yago-knowledge.org/resource/wordnet_causal_agent_100007347	entity	causal agent
http://yago-knowledge.org/resource/Aamer_Sohail	Aamer Sohail	http://www.w3.org/1999/02/22-rdf-syntax-ns#type	type	http://yago-knowledge.org/resource/wordnet_commissioned_military_officer_109943239	entity	commissioned military officer
http://yago-knowledge.org/resource/Aamer_Sohail	Aamer Sohail	http://www.w3.org/1999/02/22-rdf-syntax-ns#type	type	http://yago-knowledge.org/resource/wordnet_commissioned_officer_109942970	entity	commissioned officer
http://yago-knowledge.org/resource/Aamer_Sohail	Aamer Sohail	http://www.w3.org/1999/02/22-rdf-syntax-ns#type	type	http://yago-knowledge.org/resource/wordnet_contestant_109613191	entity	contestant
http://yago-knowledge.org/resource/Aamer_Sohail	Aamer Sohail	http://www.w3.org/1999/02/22-rdf-syntax-ns#type	type	http://yago-knowledge.org/resource/wordnet_cricketer_109977326	entity	cricketer
http://yago-knowledge.org/resource/Aamer_Sohail	Aamer Sohail	http://www.w3.org/1999/02/22-rdf-syntax-ns#type	type	http://yago-knowledge.org/resource/wordnet_expert_109617867	entity	expert
http://yago-knowledge.org/resource/Aamer_Sohail	Aamer Sohail	http://www.w3.org/1999/02/22-rdf-syntax-ns#type	type	http://yago-knowledge.org/resource/wordnet_intellectual_109621545	entity	intellectual
http://yago-knowledge.org/resource/Aamer_Sohail	Aamer Sohail	http://www.w3.org/1999/02/22-rdf-syntax-ns#type	type	http://yago-knowledge.org/resource/wordnet_leader_109623038	entity	leader
http://yago-knowledge.org/resource/Aamer_Sohail	Aamer Sohail	http://www.w3.org/1999/02/22-rdf-syntax-ns#type	type	http://yago-knowledge.org/resource/wordnet_living_thing_100004258	entity	living thing
http://yago-knowledge.org/resource/Aamer_Sohail	Aamer Sohail	http://www.w3.org/1999/02/22-rdf-syntax-ns#type	type	http://yago-knowledge.org/resource/wordnet_military_officer_110317007	entity	military officer
http://yago-knowledge.org/resource/Aamer_Sohail	Aamer Sohail	http://www.w3.org/1999/02/22-rdf-syntax-ns#type	type	http://yago-knowledge.org/resource/wordnet_object_100002684	entity	object
http://yago-knowledge.org/resource/Aamer_Sohail	Aamer Sohail	http://www.w3.org/1999/02/22-rdf-syntax-ns#type	type	http://yago-knowledge.org/resource/wordnet_observer_110369528	entity	observer
http://yago-knowledge.org/resource/Aamer_Sohail	Aamer Sohail	http://www.w3.org/1999/02/22-rdf-syntax-ns#type	type	http://yago-knowledge.org/resource/wordnet_organism_100004475	entity	organism
http://yago-knowledge.org/resource/Aamer_Sohail	Aamer Sohail	http://www.w3.org/1999/02/22-rdf-syntax-ns#type	type	http://yago-knowledge.org/resource/wordnet_person_100007846	entity	person
http://yago-knowledge.org/resource/Aamer_Sohail	Aamer Sohail	http://www.w3.org/1999/02/22-rdf-syntax-ns#type	type	http://yago-knowledge.org/resource/wordnet_physical_entity_100001930	entity	physical entity
http://yago-knowledge.org/resource/Aamer_Sohail	Aamer Sohail	http://www.w3.org/1999/02/22-rdf-syntax-ns#type	type	http://yago-knowledge.org/resource/wordnet_politician_110450303	entity	politician
http://yago-knowledge.org/resource/Aamer_Sohail	Aamer Sohail	http://www.w3.org/1999/02/22-rdf-syntax-ns#type	type	http://yago-knowledge.org/resource/wordnet_scholar_110557854	entity	scholar
http://yago-knowledge.org/resource/Aamer_Sohail	Aamer Sohail	http://www.w3.org/1999/02/22-rdf-syntax-ns#type	type	http://yago-knowledge.org/resource/wordnet_serviceman_110582746	entity	serviceman
http://yago-knowledge.org/resource/Aamer_Sohail	Aamer Sohail	http://www.w3.org/1999/02/22-rdf-syntax-ns#type	type	http://yago-knowledge.org/resource/wordnet_skilled_worker_110605985	entity	skilled worker
http://yago-knowledge.org/resource/Aamer_Sohail	Aamer Sohail	http://www.w3.org/1999/02/22-rdf-syntax-ns#type	type	http://yago-knowledge.org/resource/wordnet_whole_100003553	entity	whole
http://yago-knowledge.org/resource/Aamer_Sohail	Aamer Sohail	http://www.w3.org/1999/02/22-rdf-syntax-ns#type	type	http://yago-knowledge.org/resource/wordnet_worker_109632518	entity	worker
http://yago-knowledge.org/resource/Aamer_Sohail	Aamer Sohail	http://www.w3.org/1999/02/22-rdf-syntax-ns#type	type	http://yago-knowledge.org/resource/yagoLegalActor	entity	legal actor
http://yago-knowledge.org/resource/Aamer_Sohail	Aamer Sohail	http://www.w3.org/1999/02/22-rdf-syntax-ns#type	type	http://yago-knowledge.org/resource/yagoLegalActorGeo	entity	legal actor or geographic entity
http://yago-knowledge.org/resource/Aamer_Sohail	Aamer Sohail	http://www.w3.org/2000/01/rdf-schema#label	label	Aamer Sohail	http://www.w3.org/1999/02/22-rdf-syntax-ns#langString	
http://yago-knowledge.org/resource/Aamer_Sohail	Aamer Sohail	http://www.w3.org/2000/01/rdf-schema#label	label	Aamer Sohail	http://www.w3.org/2001/XMLSchema#string	
http://yago-knowledge.org/resource/Aamer_Sohail	Aamer Sohail	http://www.w3.org/2000/01/rdf-schema#label	label	Mohammad Aamer Sohail Ali	http://www.w3.org/2001/XMLSchema#string	
http://yago-knowledge.org/resource/Aamer_Sohail	Aamer Sohail	http://www.w3.org/2002/07/owl#sameAs	sameAs	http://dbpedia.org/resource/Aamer_Sohail	entity	Aamer Sohail
http://yago-knowledge.org/resource/Aamer_Sohail	Aamer Sohail	http://www.w3.org/2004/02/skos/core#prefLabel	preferred label	Aamer Sohail	http://www.w3.org/1999/02/22-rdf-syntax-ns#langString	
http://yago-knowledge.org/resource/Aamer_Sohail	Aamer Sohail	http://yago-knowledge.org/resource/hasCitationTitle	null	Aamir Sohail joins PML-N	http://www.w3.org/1999/02/22-rdf-syntax-ns#langString	
http://yago-knowledge.org/resource/Aamer_Sohail	Aamer Sohail	http://yago-knowledge.org/resource/hasFamilyName	Surname	Sohail	http://www.w3.org/2001/XMLSchema#string	
http://yago-knowledge.org/resource/Aamer_Sohail	Aamer Sohail	http://yago-knowledge.org/resource/hasGender	sex or gender	http://yago-knowledge.org/resource/male	entity	male
http://yago-knowledge.org/resource/Aamer_Sohail	Aamer Sohail	http://yago-knowledge.org/resource/hasGivenName	given name	Aamer	http://www.w3.org/2001/XMLSchema#string	
http://yago-knowledge.org/resource/Aamer_Sohail	Aamer Sohail	http://yago-knowledge.org/resource/hasWikipediaAnchorText	null	1992 Cricket World Cup	http://www.w3.org/1999/02/22-rdf-syntax-ns#langString	
http://yago-knowledge.org/resource/Aamer_Sohail	Aamer Sohail	http://yago-knowledge.org/resource/hasWikipediaAnchorText	null	Aamer Sohail	http://www.w3.org/1999/02/22-rdf-syntax-ns#langString	
http://yago-knowledge.org/resource/Aamer_Sohail	Aamer Sohail	http://yago-knowledge.org/resource/hasWikipediaAnchorText	null	Aamer Sohail ESPNcricinfo profile	http://www.w3.org/1999/02/22-rdf-syntax-ns#langString	
http://yago-knowledge.org/resource/Aamer_Sohail	Aamer Sohail	http://yago-knowledge.org/resource/hasWikipediaAnchorText	null	Allied Bank Limited	http://www.w3.org/1999/02/22-rdf-syntax-ns#langString	
http://yago-knowledge.org/resource/Aamer_Sohail	Aamer Sohail	http://yago-knowledge.org/resource/hasWikipediaAnchorText	null	Archived	http://www.w3.org/1999/02/22-rdf-syntax-ns#langString	
http://yago-knowledge.org/resource/Aamer_Sohail	Aamer Sohail	http://yago-knowledge.org/resource/hasWikipediaAnchorText	null	Bellerive Oval	http://www.w3.org/1999/02/22-rdf-syntax-ns#langString	
http://yago-knowledge.org/resource/Aamer_Sohail	Aamer Sohail	http://yago-knowledge.org/resource/hasWikipediaAnchorText	null	Chief Selector	http://www.w3.org/1999/02/22-rdf-syntax-ns#langString	
http://yago-knowledge.org/resource/Aamer_Sohail	Aamer Sohail	http://yago-knowledge.org/resource/hasWikipediaAnchorText	null	Durban	http://www.w3.org/1999/02/22-rdf-syntax-ns#langString	
http://yago-knowledge.org/resource/Aamer_Sohail	Aamer Sohail	http://yago-knowledge.org/resource/hasWikipediaAnchorText	null	ESPNcricinfo Pakistan: Aamer Sohail	http://www.w3.org/1999/02/22-rdf-syntax-ns#langString	
http://yago-knowledge.org/resource/Aamer_Sohail	Aamer Sohail	http://yago-knowledge.org/resource/hasWikipediaAnchorText	null	FC	http://www.w3.org/1999/02/22-rdf-syntax-ns#langString	
http://yago-knowledge.org/resource/Aamer_Sohail	Aamer Sohail	http://yago-knowledge.org/resource/hasWikipediaAnchorText	null	Habib Bank Limited	http://www.w3.org/1999/02/22-rdf-syntax-ns#langString	
http://yago-knowledge.org/resource/Aamer_Sohail	Aamer Sohail	http://yago-knowledge.org/resource/hasWikipediaAnchorText	null	Hobart	http://www.w3.org/1999/02/22-rdf-syntax-ns#langString	
http://yago-knowledge.org/resource/Aamer_Sohail	Aamer Sohail	http://yago-knowledge.org/resource/hasWikipediaAnchorText	null	HowSTAT! statistical profile on Aamer Sohail	http://www.w3.org/1999/02/22-rdf-syntax-ns#langString	
http://yago-knowledge.org/resource/Aamer_Sohail	Aamer Sohail	http://yago-knowledge.org/resource/hasWikipediaAnchorText	null	Ian Botham	http://www.w3.org/1999/02/22-rdf-syntax-ns#langString	
http://yago-knowledge.org/resource/Aamer_Sohail	Aamer Sohail	http://yago-knowledge.org/resource/hasWikipediaAnchorText	null	Karachi	http://www.w3.org/1999/02/22-rdf-syntax-ns#langString	
http://yago-knowledge.org/resource/Aamer_Sohail	Aamer Sohail	http://yago-knowledge.org/resource/hasWikipediaAnchorText	null	Kingsmead	http://www.w3.org/1999/02/22-rdf-syntax-ns#langString	
http://yago-knowledge.org/resource/Aamer_Sohail	Aamer Sohail	http://yago-knowledge.org/resource/hasWikipediaAnchorText	null	LA	http://www.w3.org/1999/02/22-rdf-syntax-ns#langString	
http://yago-knowledge.org/resource/Aamer_Sohail	Aamer Sohail	http://yago-knowledge.org/resource/hasWikipediaAnchorText	null	Lahore	http://www.w3.org/1999/02/22-rdf-syntax-ns#langString	
http://yago-knowledge.org/resource/Aamer_Sohail	Aamer Sohail	http://yago-knowledge.org/resource/hasWikipediaAnchorText	null	List A Limited Overs	http://www.w3.org/1999/02/22-rdf-syntax-ns#langString	
http://yago-knowledge.org/resource/Aamer_Sohail	Aamer Sohail	http://yago-knowledge.org/resource/hasWikipediaAnchorText	null	National Stadium, Karachi	http://www.w3.org/1999/02/22-rdf-syntax-ns#langString	
http://yago-knowledge.org/resource/Aamer_Sohail	Aamer Sohail	http://yago-knowledge.org/resource/hasWikipediaAnchorText	null	Nawaz Sharif	http://www.w3.org/1999/02/22-rdf-syntax-ns#langString	
http://yago-knowledge.org/resource/Aamer_Sohail	Aamer Sohail	http://yago-knowledge.org/resource/hasWikipediaAnchorText	null	New Zealand	http://www.w3.org/1999/02/22-rdf-syntax-ns#langString	
http://yago-knowledge.org/resource/Aamer_Sohail	Aamer Sohail	http://yago-knowledge.org/resource/hasWikipediaAnchorText	null	ODI	http://www.w3.org/1999/02/22-rdf-syntax-ns#langString	
http://yago-knowledge.org/resource/Aamer_Sohail	Aamer Sohail	http://yago-knowledge.org/resource/hasWikipediaAnchorText	null	ODI statistics for Aamer Sohail	http://www.w3.org/1999/02/22-rdf-syntax-ns#langString	
http://yago-knowledge.org/resource/Aamer_Sohail	Aamer Sohail	http://yago-knowledge.org/resource/hasWikipediaAnchorText	null	One Day International	http://www.w3.org/1999/02/22-rdf-syntax-ns#langString	
http://yago-knowledge.org/resource/Aamer_Sohail	Aamer Sohail	http://yago-knowledge.org/resource/hasWikipediaAnchorText	null	PCB Chief Selector	http://www.w3.org/1999/02/22-rdf-syntax-ns#langString	
http://yago-knowledge.org/resource/Aamer_Sohail	Aamer Sohail	http://yago-knowledge.org/resource/hasWikipediaAnchorText	null	Pakistan	http://www.w3.org/1999/02/22-rdf-syntax-ns#langString	
http://yago-knowledge.org/resource/Aamer_Sohail	Aamer Sohail	http://yago-knowledge.org/resource/hasWikipediaAnchorText	null	Pakistan Cricket Board: Aamer Sohail	http://www.w3.org/1999/02/22-rdf-syntax-ns#langString	
http://yago-knowledge.org/resource/Aamer_Sohail	Aamer Sohail	http://yago-knowledge.org/resource/hasWikipediaAnchorText	null	Pakistan Cricket Captain	http://www.w3.org/1999/02/22-rdf-syntax-ns#langString	
http://yago-knowledge.org/resource/Aamer_Sohail	Aamer Sohail	http://yago-knowledge.org/resource/hasWikipediaAnchorText	null	Pakistan Muslim League (N)	http://www.w3.org/1999/02/22-rdf-syntax-ns#langString	
http://yago-knowledge.org/resource/Aamer_Sohail	Aamer Sohail	http://yago-knowledge.org/resource/hasWikipediaAnchorText	null	Pakistan in South Africa, 1997/98, 2nd Test scorecard	http://www.w3.org/1999/02/22-rdf-syntax-ns#langString	
http://yago-knowledge.org/resource/Aamer_Sohail	Aamer Sohail	http://yago-knowledge.org/resource/hasWikipediaAnchorText	null	Punjab	http://www.w3.org/1999/02/22-rdf-syntax-ns#langString	
http://yago-knowledge.org/resource/Aamer_Sohail	Aamer Sohail	http://yago-knowledge.org/resource/hasWikipediaAnchorText	null	Rameez Raja	http://www.w3.org/1999/02/22-rdf-syntax-ns#langString	
http://yago-knowledge.org/resource/Aamer_Sohail	Aamer Sohail	http://yago-knowledge.org/resource/hasWikipediaAnchorText	null	Saeed Anwar	http://www.w3.org/1999/02/22-rdf-syntax-ns#langString	
http://yago-knowledge.org/resource/Aamer_Sohail	Aamer Sohail	http://yago-knowledge.org/resource/hasWikipediaAnchorText	null	Sharjah	http://www.w3.org/1999/02/22-rdf-syntax-ns#langString	
http://yago-knowledge.org/resource/Aamer_Sohail	Aamer Sohail	http://yago-knowledge.org/resource/hasWikipediaAnchorText	null	Sharjah Cricket Association Stadium	http://www.w3.org/1999/02/22-rdf-syntax-ns#langString	
http://yago-knowledge.org/resource/Aamer_Sohail	Aamer Sohail	http://yago-knowledge.org/resource/hasWikipediaAnchorText	null	Slow left-arm orthodox	http://www.w3.org/1999/02/22-rdf-syntax-ns#langString	
http://yago-knowledge.org/resource/Aamer_Sohail	Aamer Sohail	http://yago-knowledge.org/resource/hasWikipediaAnchorText	null	Sohail starts, Prasad finishes	http://www.w3.org/1999/02/22-rdf-syntax-ns#langString	
http://yago-knowledge.org/resource/Aamer_Sohail	Aamer Sohail	http://yago-knowledge.org/resource/hasWikipediaAnchorText	null	Somerset	http://www.w3.org/1999/02/22-rdf-syntax-ns#langString	
http://yago-knowledge.org/resource/Aamer_Sohail	Aamer Sohail	http://yago-knowledge.org/resource/hasWikipediaAnchorText	null	South Africa	http://www.w3.org/1999/02/22-rdf-syntax-ns#langString	
http://yago-knowledge.org/resource/Aamer_Sohail	Aamer Sohail	http://yago-knowledge.org/resource/hasWikipediaAnchorText	null	Sri Lanka	http://www.w3.org/1999/02/22-rdf-syntax-ns#langString	
http://yago-knowledge.org/resource/Aamer_Sohail	Aamer Sohail	http://yago-knowledge.org/resource/hasWikipediaAnchorText	null	Test	http://www.w3.org/1999/02/22-rdf-syntax-ns#langString	
http://yago-knowledge.org/resource/Aamer_Sohail	Aamer Sohail	http://yago-knowledge.org/resource/hasWikipediaAnchorText	null	Test matches	http://www.w3.org/1999/02/22-rdf-syntax-ns#langString	
http://yago-knowledge.org/resource/Aamer_Sohail	Aamer Sohail	http://yago-knowledge.org/resource/hasWikipediaAnchorText	null	The Express Tribune	http://www.w3.org/1999/02/22-rdf-syntax-ns#langString	
http://yago-knowledge.org/resource/Aamer_Sohail	Aamer Sohail	http://yago-knowledge.org/resource/hasWikipediaAnchorText	null	UAE	http://www.w3.org/1999/02/22-rdf-syntax-ns#langString	
http://yago-knowledge.org/resource/Aamer_Sohail	Aamer Sohail	http://yago-knowledge.org/resource/hasWikipediaAnchorText	null	Venkatesh Prasad	http://www.w3.org/1999/02/22-rdf-syntax-ns#langString	
http://yago-knowledge.org/resource/Aamer_Sohail	Aamer Sohail	http://yago-knowledge.org/resource/hasWikipediaAnchorText	null	Wasim Akram	http://www.w3.org/1999/02/22-rdf-syntax-ns#langString	
http://yago-knowledge.org/resource/Aamer_Sohail	Aamer Sohail	http://yago-knowledge.org/resource/hasWikipediaAnchorText	null	Wasim Bari	http://www.w3.org/1999/02/22-rdf-syntax-ns#langString	
http://yago-knowledge.org/resource/Aamer_Sohail	Aamer Sohail	http://yago-knowledge.org/resource/hasWikipediaAnchorText	null	batsman	http://www.w3.org/1999/02/22-rdf-syntax-ns#langString	
http://yago-knowledge.org/resource/Aamer_Sohail	Aamer Sohail	http://yago-knowledge.org/resource/hasWikipediaAnchorText	null	broadcaster	http://www.w3.org/1999/02/22-rdf-syntax-ns#langString	
http://yago-knowledge.org/resource/Aamer_Sohail	Aamer Sohail	http://yago-knowledge.org/resource/hasWikipediaAnchorText	null	cricket	http://www.w3.org/1999/02/22-rdf-syntax-ns#langString	
http://yago-knowledge.org/resource/Aamer_Sohail	Aamer Sohail	http://yago-knowledge.org/resource/hasWikipediaAnchorText	null	first-class	http://www.w3.org/1999/02/22-rdf-syntax-ns#langString	
http://yago-knowledge.org/resource/Aamer_Sohail	Aamer Sohail	http://yago-knowledge.org/resource/hasWikipediaAnchorText	null	scored during the Cricket World Cup	http://www.w3.org/1999/02/22-rdf-syntax-ns#langString	
http://yago-knowledge.org/resource/Aamer_Sohail	Aamer Sohail	http://yago-knowledge.org/resource/hasWikipediaAnchorText	null	v Pakistan World Cup 1999 Quarter Final scorecard	http://www.w3.org/1999/02/22-rdf-syntax-ns#langString	
http://yago-knowledge.org/resource/Aamer_Sohail	Aamer Sohail	http://yago-knowledge.org/resource/hasWikipediaAnchorText	null	wicketkeeper	http://www.w3.org/1999/02/22-rdf-syntax-ns#langString	
http://yago-knowledge.org/resource/Aamer_Sohail	Aamer Sohail	http://yago-knowledge.org/resource/hasWikipediaArticleLength	null	12395	http://www.w3.org/2001/XMLSchema#integer	
http://yago-knowledge.org/resource/Aamer_Sohail	Aamer Sohail	http://yago-knowledge.org/resource/hasWikipediaUrl	null	http://en.wikipedia.org/wiki/Aamer_Sohail	uri	null
http://yago-knowledge.org/resource/Aamer_Sohail	Aamer Sohail	http://yago-knowledge.org/resource/linksTo	null	http://yago-knowledge.org/resource/Allied_Bank_Limited_cricket_team	entity	Allied Bank Limited cricket team
http://yago-knowledge.org/resource/Aamer_Sohail	Aamer Sohail	http://yago-knowledge.org/resource/linksTo	null	http://yago-knowledge.org/resource/Bellerive_Oval	entity	Bellerive Oval
http://yago-knowledge.org/resource/Aamer_Sohail	Aamer Sohail	http://yago-knowledge.org/resource/linksTo	null	http://yago-knowledge.org/resource/Durban	entity	Durban
http://yago-knowledge.org/resource/Aamer_Sohail	Aamer Sohail	http://yago-knowledge.org/resource/linksTo	null	http://yago-knowledge.org/resource/Habib_Bank_Limited_cricket_team	entity	Habib Bank Limited cricket team
http://yago-knowledge.org/resource/Aamer_Sohail	Aamer Sohail	http://yago-knowledge.org/resource/linksTo	null	http://yago-knowledge.org/resource/Hobart	entity	Hobart
http://yago-knowledge.org/resource/Aamer_Sohail	Aamer Sohail	http://yago-knowledge.org/resource/linksTo	null	http://yago-knowledge.org/resource/Ian_Botham	entity	Ian Botham
http://yago-knowledge.org/resource/Aamer_Sohail	Aamer Sohail	http://yago-knowledge.org/resource/linksTo	null	http://yago-knowledge.org/resource/Karachi	entity	Karachi
http://yago-knowledge.org/resource/Aamer_Sohail	Aamer Sohail	http://yago-knowledge.org/resource/linksTo	null	http://yago-knowledge.org/resource/Lahore	entity	Lahore
http://yago-knowledge.org/resource/Aamer_Sohail	Aamer Sohail	http://yago-knowledge.org/resource/linksTo	null	http://yago-knowledge.org/resource/Lahore_cricket_teams	entity	Lahore cricket teams
http://yago-knowledge.org/resource/Aamer_Sohail	Aamer Sohail	http://yago-knowledge.org/resource/linksTo	null	http://yago-knowledge.org/resource/National_Stadium,_Karachi	entity	National Stadium, Karachi
http://yago-knowledge.org/resource/Aamer_Sohail	Aamer Sohail	http://yago-knowledge.org/resource/linksTo	null	http://yago-knowledge.org/resource/Nawaz_Sharif	entity	Nawaz Sharif
http://yago-knowledge.org/resource/Aamer_Sohail	Aamer Sohail	http://yago-knowledge.org/resource/linksTo	null	http://yago-knowledge.org/resource/New_Zealand	entity	New Zealand
http://yago-knowledge.org/resource/Aamer_Sohail	Aamer Sohail	http://yago-knowledge.org/resource/linksTo	null	http://yago-knowledge.org/resource/One_Day_International	entity	One Day International
http://yago-knowledge.org/resource/Aamer_Sohail	Aamer Sohail	http://yago-knowledge.org/resource/linksTo	null	http://yago-knowledge.org/resource/Pakistan	entity	Pakistan
http://yago-knowledge.org/resource/Aamer_Sohail	Aamer Sohail	http://yago-knowledge.org/resource/linksTo	null	http://yago-knowledge.org/resource/Pakistan_Cricket_Board	entity	Pakistan Cricket Board
http://yago-knowledge.org/resource/Aamer_Sohail	Aamer Sohail	http://yago-knowledge.org/resource/linksTo	null	http://yago-knowledge.org/resource/Pakistan_Muslim_League_(N)	entity	Pakistan Muslim League (N)
http://yago-knowledge.org/resource/Aamer_Sohail	Aamer Sohail	http://yago-knowledge.org/resource/linksTo	null	http://yago-knowledge.org/resource/Pakistan_national_cricket_team	entity	Pakistan national cricket team
http://yago-knowledge.org/resource/Aamer_Sohail	Aamer Sohail	http://yago-knowledge.org/resource/linksTo	null	http://yago-knowledge.org/resource/Punjab_(Pakistan)	entity	Punjab (Pakistan)
http://yago-knowledge.org/resource/Aamer_Sohail	Aamer Sohail	http://yago-knowledge.org/resource/linksTo	null	http://yago-knowledge.org/resource/Rameez_Raja	entity	Rameez Raja
http://yago-knowledge.org/resource/Aamer_Sohail	Aamer Sohail	http://yago-knowledge.org/resource/linksTo	null	http://yago-knowledge.org/resource/Saeed_Anwar	entity	Saeed Anwar
http://yago-knowledge.org/resource/Aamer_Sohail	Aamer Sohail	http://yago-knowledge.org/resource/linksTo	null	http://yago-knowledge.org/resource/Sharjah_(city)	entity	Sharjah (city)
http://yago-knowledge.org/resource/Aamer_Sohail	Aamer Sohail	http://yago-knowledge.org/resource/linksTo	null	http://yago-knowledge.org/resource/Sharjah_Cricket_Association_Stadium	entity	Sharjah Cricket Association Stadium
http://yago-knowledge.org/resource/Aamer_Sohail	Aamer Sohail	http://yago-knowledge.org/resource/linksTo	null	http://yago-knowledge.org/resource/Somerset_County_Cricket_Club	entity	Somerset County Cricket Club
http://yago-knowledge.org/resource/Aamer_Sohail	Aamer Sohail	http://yago-knowledge.org/resource/linksTo	null	http://yago-knowledge.org/resource/South_Africa_national_cricket_team	entity	South Africa national cricket team
http://yago-knowledge.org/resource/Aamer_Sohail	Aamer Sohail	http://yago-knowledge.org/resource/linksTo	null	http://yago-knowledge.org/resource/Sri_Lanka_national_cricket_team	entity	Sri Lanka national cricket team
http://yago-knowledge.org/resource/Aamer_Sohail	Aamer Sohail	http://yago-knowledge.org/resource/linksTo	null	http://yago-knowledge.org/resource/Test_cricket	entity	Test cricket
http://yago-knowledge.org/resource/Aamer_Sohail	Aamer Sohail	http://yago-knowledge.org/resource/linksTo	null	http://yago-knowledge.org/resource/The_Express_Tribune	entity	The Express Tribune
http://yago-knowledge.org/resource/Aamer_Sohail	Aamer Sohail	http://yago-knowledge.org/resource/linksTo	null	http://yago-knowledge.org/resource/Venkatesh_Prasad	entity	Venkatesh Prasad
http://yago-knowledge.org/resource/Aamer_Sohail	Aamer Sohail	http://yago-knowledge.org/resource/linksTo	null	http://yago-knowledge.org/resource/Wasim_Akram	entity	Wasim Akram
http://yago-knowledge.org/resource/Aamer_Sohail	Aamer Sohail	http://yago-knowledge.org/resource/linksTo	null	http://yago-knowledge.org/resource/Wasim_Bari	entity	Wasim Bari
http://yago-knowledge.org/resource/Aamer_Sohail	Aamer Sohail	http://yago-knowledge.org/resource/redirectedFrom	null	Aamir Sohail	http://www.w3.org/1999/02/22-rdf-syntax-ns#langString	
http://yago-knowledge.org/resource/Aamer_Sohail	Aamer Sohail	http://yago-knowledge.org/resource/redirectedFrom	null	Amir Sohail	http://www.w3.org/1999/02/22-rdf-syntax-ns#langString	
http://yago-knowledge.org/resource/Aamer_Sohail	Aamer Sohail	http://yago-knowledge.org/resource/redirectedFrom	null	Amir sohail	http://www.w3.org/1999/02/22-rdf-syntax-ns#langString	
http://yago-knowledge.org/resource/Aamer_Sohail	Aamer Sohail	http://yago-knowledge.org/resource/wasBornIn	birthPlace	http://yago-knowledge.org/resource/Lahore	entity	Lahore
http://yago-knowledge.org/resource/Aamer_Sohail	Aamer Sohail	http://yago-knowledge.org/resource/wasBornOnDate	date of birth	1966-09-14	http://www.w3.org/2001/XMLSchema#date	
