sub	subl	prop	propl	obj	obj_t	obj_l
http://dbpedia.org/resource/Aamer_Sohail_(cricketer,_born_1972)	Aamer Sohail (cricketer, born 1972)	http://dbpedia.org/ontology/abstract	has abstract	Aamer Sohail (born 10 October 1972) is a former Pakistani first-class cricketer who played for Bahawalpur and Pakistan Customs. He played 62 First-class and 40 List A cricket games	http://www.w3.org/1999/02/22-rdf-syntax-ns#langString	
http://dbpedia.org/resource/Aamer_Sohail_(cricketer,_born_1972)	Aamer Sohail (cricketer, born 1972)	http://dbpedia.org/ontology/birthDate	birth date	1972-10-10	http://www.w3.org/2001/XMLSchema#date	
http://dbpedia.org/resource/Aamer_Sohail_(cricketer,_born_1972)	Aamer Sohail (cricketer, born 1972)	http://dbpedia.org/ontology/birthPlace	birth place	http://dbpedia.org/resource/Bahawalpur	entity	Bahawalpur
http://dbpedia.org/resource/Aamer_Sohail_(cricketer,_born_1972)	Aamer Sohail (cricketer, born 1972)	http://dbpedia.org/ontology/birthPlace	birth place	http://dbpedia.org/resource/Pakistan	entity	Pakistan
http://dbpedia.org/resource/Aamer_Sohail_(cricketer,_born_1972)	Aamer Sohail (cricketer, born 1972)	http://dbpedia.org/ontology/wikiPageExternalLink	Link from a Wikipage to an external page	http://www.espncricinfo.com/pakistan/content/player/39068.html	uri	null
http://dbpedia.org/resource/Aamer_Sohail_(cricketer,_born_1972)	Aamer Sohail (cricketer, born 1972)	http://dbpedia.org/ontology/wikiPageID	Wikipage page ID	49554034	http://www.w3.org/2001/XMLSchema#integer	
http://dbpedia.org/resource/Aamer_Sohail_(cricketer,_born_1972)	Aamer Sohail (cricketer, born 1972)	http://dbpedia.org/ontology/wikiPageLength	page length (characters) of wiki page	1341	http://www.w3.org/2001/XMLSchema#nonNegativeInteger	
http://dbpedia.org/resource/Aamer_Sohail_(cricketer,_born_1972)	Aamer Sohail (cricketer, born 1972)	http://dbpedia.org/ontology/wikiPageOutDegree	Wiki page out degree	7	http://www.w3.org/2001/XMLSchema#nonNegativeInteger	
http://dbpedia.org/resource/Aamer_Sohail_(cricketer,_born_1972)	Aamer Sohail (cricketer, born 1972)	http://dbpedia.org/ontology/wikiPageRevisionID	Wikipage revision ID	713873957	http://www.w3.org/2001/XMLSchema#integer	
http://dbpedia.org/resource/Aamer_Sohail_(cricketer,_born_1972)	Aamer Sohail (cricketer, born 1972)	http://purl.org/dc/terms/subject	Subject	http://dbpedia.org/resource/Category:1972_births	entity	1972 births
http://dbpedia.org/resource/Aamer_Sohail_(cricketer,_born_1972)	Aamer Sohail (cricketer, born 1972)	http://purl.org/dc/terms/subject	Subject	http://dbpedia.org/resource/Category:Living_people	entity	Living people
http://dbpedia.org/resource/Aamer_Sohail_(cricketer,_born_1972)	Aamer Sohail (cricketer, born 1972)	http://purl.org/dc/terms/subject	Subject	http://dbpedia.org/resource/Category:Pakistani_cricketers	entity	Pakistani cricketers
http://dbpedia.org/resource/Aamer_Sohail_(cricketer,_born_1972)	Aamer Sohail (cricketer, born 1972)	http://purl.org/dc/terms/subject	Subject	http://dbpedia.org/resource/Category:Sportspeople_from_Bahawalpur	entity	Sportspeople from Bahawalpur
http://dbpedia.org/resource/Aamer_Sohail_(cricketer,_born_1972)	Aamer Sohail (cricketer, born 1972)	http://www.w3.org/1999/02/22-rdf-syntax-ns#type	type	http://dbpedia.org/ontology/Agent	entity	agent
http://dbpedia.org/resource/Aamer_Sohail_(cricketer,_born_1972)	Aamer Sohail (cricketer, born 1972)	http://www.w3.org/1999/02/22-rdf-syntax-ns#type	type	http://dbpedia.org/ontology/Athlete	entity	athlete
http://dbpedia.org/resource/Aamer_Sohail_(cricketer,_born_1972)	Aamer Sohail (cricketer, born 1972)	http://www.w3.org/1999/02/22-rdf-syntax-ns#type	type	http://dbpedia.org/ontology/Cricketer	entity	cricketer
http://dbpedia.org/resource/Aamer_Sohail_(cricketer,_born_1972)	Aamer Sohail (cricketer, born 1972)	http://www.w3.org/1999/02/22-rdf-syntax-ns#type	type	http://dbpedia.org/ontology/Person	entity	person
http://dbpedia.org/resource/Aamer_Sohail_(cricketer,_born_1972)	Aamer Sohail (cricketer, born 1972)	http://www.w3.org/1999/02/22-rdf-syntax-ns#type	type	http://schema.org/Person	entity	Person
http://dbpedia.org/resource/Aamer_Sohail_(cricketer,_born_1972)	Aamer Sohail (cricketer, born 1972)	http://www.w3.org/1999/02/22-rdf-syntax-ns#type	type	http://www.ontologydesignpatterns.org/ont/dul/DUL.owl#Agent	entity	Agent
http://dbpedia.org/resource/Aamer_Sohail_(cricketer,_born_1972)	Aamer Sohail (cricketer, born 1972)	http://www.w3.org/1999/02/22-rdf-syntax-ns#type	type	http://www.ontologydesignpatterns.org/ont/dul/DUL.owl#NaturalPerson	entity	Natural person
http://dbpedia.org/resource/Aamer_Sohail_(cricketer,_born_1972)	Aamer Sohail (cricketer, born 1972)	http://www.w3.org/1999/02/22-rdf-syntax-ns#type	type	http://www.w3.org/2002/07/owl#Thing	entity	Thing
http://dbpedia.org/resource/Aamer_Sohail_(cricketer,_born_1972)	Aamer Sohail (cricketer, born 1972)	http://www.w3.org/1999/02/22-rdf-syntax-ns#type	type	http://www.wikidata.org/entity/Q215627	entity	person
http://dbpedia.org/resource/Aamer_Sohail_(cricketer,_born_1972)	Aamer Sohail (cricketer, born 1972)	http://www.w3.org/1999/02/22-rdf-syntax-ns#type	type	http://www.wikidata.org/entity/Q24229398	entity	agent
http://dbpedia.org/resource/Aamer_Sohail_(cricketer,_born_1972)	Aamer Sohail (cricketer, born 1972)	http://www.w3.org/1999/02/22-rdf-syntax-ns#type	type	http://www.wikidata.org/entity/Q5	entity	human
http://dbpedia.org/resource/Aamer_Sohail_(cricketer,_born_1972)	Aamer Sohail (cricketer, born 1972)	http://www.w3.org/1999/02/22-rdf-syntax-ns#type	type	http://xmlns.com/foaf/0.1/Person	entity	Person
http://dbpedia.org/resource/Aamer_Sohail_(cricketer,_born_1972)	Aamer Sohail (cricketer, born 1972)	http://www.w3.org/2000/01/rdf-schema#comment	comment	Aamer Sohail (born 10 October 1972) is a former Pakistani first-class cricketer who played for Bahawalpur and Pakistan Customs. He played 62 First-class and 40 List A cricket games	http://www.w3.org/1999/02/22-rdf-syntax-ns#langString	
http://dbpedia.org/resource/Aamer_Sohail_(cricketer,_born_1972)	Aamer Sohail (cricketer, born 1972)	http://www.w3.org/2000/01/rdf-schema#label	label	Aamer Sohail (cricketer, born 1972)	http://www.w3.org/1999/02/22-rdf-syntax-ns#langString	
http://dbpedia.org/resource/Aamer_Sohail_(cricketer,_born_1972)	Aamer Sohail (cricketer, born 1972)	http://www.w3.org/2002/07/owl#sameAs	sameAs	http://dbpedia.org/resource/Aamer_Sohail_(cricketer,_born_1972)	entity	Aamer Sohail (cricketer, born 1972)
http://dbpedia.org/resource/Aamer_Sohail_(cricketer,_born_1972)	Aamer Sohail (cricketer, born 1972)	http://www.w3.org/2002/07/owl#sameAs	sameAs	http://www.wikidata.org/entity/Q23416530	entity	Aamer Sohail
http://dbpedia.org/resource/Aamer_Sohail_(cricketer,_born_1972)	Aamer Sohail (cricketer, born 1972)	http://www.w3.org/ns/prov#wasDerivedFrom	wasDerivedFrom	http://en.wikipedia.org/wiki/Aamer_Sohail_(cricketer,_born_1972)?oldid=713873957	uri	null
http://dbpedia.org/resource/Aamer_Sohail_(cricketer,_born_1972)	Aamer Sohail (cricketer, born 1972)	http://xmlns.com/foaf/0.1/gender	gender	male	http://www.w3.org/1999/02/22-rdf-syntax-ns#langString	
http://dbpedia.org/resource/Aamer_Sohail_(cricketer,_born_1972)	Aamer Sohail (cricketer, born 1972)	http://xmlns.com/foaf/0.1/isPrimaryTopicOf	is primary topic of	http://en.wikipedia.org/wiki/Aamer_Sohail_(cricketer,_born_1972)	uri	null
http://dbpedia.org/resource/Aamer_Sohail_(cricketer,_born_1972)	Aamer Sohail (cricketer, born 1972)	http://xmlns.com/foaf/0.1/name	name	Aamer Sohail	http://www.w3.org/1999/02/22-rdf-syntax-ns#langString	
