sub	subl	prop	propl	obj	obj_t	obj_l
http://yago-knowledge.org/resource/Bullock-Clifton_House	Bullock-Clifton House	http://www.w3.org/1999/02/22-rdf-syntax-ns#type	type	http://www.w3.org/2002/07/owl#Thing	entity	Thing
http://yago-knowledge.org/resource/Bullock-Clifton_House	Bullock-Clifton House	http://www.w3.org/1999/02/22-rdf-syntax-ns#type	type	http://yago-knowledge.org/resource/wikicat_19th-century_buildings_and_structures_in_Louisville,_Kentucky	entity	19th-century buildings and structures in Louisville, Kentucky
http://yago-knowledge.org/resource/Bullock-Clifton_House	Bullock-Clifton House	http://www.w3.org/1999/02/22-rdf-syntax-ns#type	type	http://yago-knowledge.org/resource/wikicat_Houses_completed_in_1834	entity	Houses completed in 1834
http://yago-knowledge.org/resource/Bullock-Clifton_House	Bullock-Clifton House	http://www.w3.org/1999/02/22-rdf-syntax-ns#type	type	http://yago-knowledge.org/resource/wikicat_Houses_in_Louisville,_Kentucky	entity	Houses in Louisville, Kentucky
http://yago-knowledge.org/resource/Bullock-Clifton_House	Bullock-Clifton House	http://www.w3.org/1999/02/22-rdf-syntax-ns#type	type	http://yago-knowledge.org/resource/wikicat_Houses_on_the_National_Register_of_Historic_Places_in_Kentucky	entity	Houses on the National Register of Historic Places in Kentucky
http://yago-knowledge.org/resource/Bullock-Clifton_House	Bullock-Clifton House	http://www.w3.org/1999/02/22-rdf-syntax-ns#type	type	http://yago-knowledge.org/resource/wordnet_artifact_100021939	entity	artifact
http://yago-knowledge.org/resource/Bullock-Clifton_House	Bullock-Clifton House	http://www.w3.org/1999/02/22-rdf-syntax-ns#type	type	http://yago-knowledge.org/resource/wordnet_building_102913152	entity	building
http://yago-knowledge.org/resource/Bullock-Clifton_House	Bullock-Clifton House	http://www.w3.org/1999/02/22-rdf-syntax-ns#type	type	http://yago-knowledge.org/resource/wordnet_dwelling_103259505	entity	dwelling
http://yago-knowledge.org/resource/Bullock-Clifton_House	Bullock-Clifton House	http://www.w3.org/1999/02/22-rdf-syntax-ns#type	type	http://yago-knowledge.org/resource/wordnet_house_103544360	entity	house
http://yago-knowledge.org/resource/Bullock-Clifton_House	Bullock-Clifton House	http://www.w3.org/1999/02/22-rdf-syntax-ns#type	type	http://yago-knowledge.org/resource/wordnet_housing_103546340	entity	housing
http://yago-knowledge.org/resource/Bullock-Clifton_House	Bullock-Clifton House	http://www.w3.org/1999/02/22-rdf-syntax-ns#type	type	http://yago-knowledge.org/resource/wordnet_object_100002684	entity	object
http://yago-knowledge.org/resource/Bullock-Clifton_House	Bullock-Clifton House	http://www.w3.org/1999/02/22-rdf-syntax-ns#type	type	http://yago-knowledge.org/resource/wordnet_physical_entity_100001930	entity	physical entity
http://yago-knowledge.org/resource/Bullock-Clifton_House	Bullock-Clifton House	http://www.w3.org/1999/02/22-rdf-syntax-ns#type	type	http://yago-knowledge.org/resource/wordnet_structure_104341686	entity	structure
http://yago-knowledge.org/resource/Bullock-Clifton_House	Bullock-Clifton House	http://www.w3.org/1999/02/22-rdf-syntax-ns#type	type	http://yago-knowledge.org/resource/wordnet_whole_100003553	entity	whole
http://yago-knowledge.org/resource/Bullock-Clifton_House	Bullock-Clifton House	http://www.w3.org/1999/02/22-rdf-syntax-ns#type	type	http://yago-knowledge.org/resource/yagoGeoEntity	entity	geographical entity
http://yago-knowledge.org/resource/Bullock-Clifton_House	Bullock-Clifton House	http://www.w3.org/1999/02/22-rdf-syntax-ns#type	type	http://yago-knowledge.org/resource/yagoPermanentlyLocatedEntity	entity	yagoPermanentlyLocatedEntity
http://yago-knowledge.org/resource/Bullock-Clifton_House	Bullock-Clifton House	http://www.w3.org/2000/01/rdf-schema#label	label	Bullock-Clifton House	http://www.w3.org/1999/02/22-rdf-syntax-ns#langString	
http://yago-knowledge.org/resource/Bullock-Clifton_House	Bullock-Clifton House	http://www.w3.org/2002/07/owl#sameAs	sameAs	http://dbpedia.org/resource/Bullock-Clifton_House	entity	Bullock-Clifton House
http://yago-knowledge.org/resource/Bullock-Clifton_House	Bullock-Clifton House	http://www.w3.org/2004/02/skos/core#prefLabel	preferred label	Bullock-Clifton House	http://www.w3.org/1999/02/22-rdf-syntax-ns#langString	
http://yago-knowledge.org/resource/Bullock-Clifton_House	Bullock-Clifton House	http://yago-knowledge.org/resource/hasWikipediaAnchorText	null	Deer Park	http://www.w3.org/1999/02/22-rdf-syntax-ns#langString	
http://yago-knowledge.org/resource/Bullock-Clifton_House	Bullock-Clifton House	http://yago-knowledge.org/resource/hasWikipediaAnchorText	null	Eastlake	http://www.w3.org/1999/02/22-rdf-syntax-ns#langString	
http://yago-knowledge.org/resource/Bullock-Clifton_House	Bullock-Clifton House	http://yago-knowledge.org/resource/hasWikipediaAnchorText	null	Federal	http://www.w3.org/1999/02/22-rdf-syntax-ns#langString	
http://yago-knowledge.org/resource/Bullock-Clifton_House	Bullock-Clifton House	http://yago-knowledge.org/resource/hasWikipediaAnchorText	null	Italianate	http://www.w3.org/1999/02/22-rdf-syntax-ns#langString	
http://yago-knowledge.org/resource/Bullock-Clifton_House	Bullock-Clifton House	http://yago-knowledge.org/resource/hasWikipediaAnchorText	null	Jefferson County	http://www.w3.org/1999/02/22-rdf-syntax-ns#langString	
http://yago-knowledge.org/resource/Bullock-Clifton_House	Bullock-Clifton House	http://yago-knowledge.org/resource/hasWikipediaAnchorText	null	Kentucky General Assembly	http://www.w3.org/1999/02/22-rdf-syntax-ns#langString	
http://yago-knowledge.org/resource/Bullock-Clifton_House	Bullock-Clifton House	http://yago-knowledge.org/resource/hasWikipediaAnchorText	null	Kentucky School for the Blind	http://www.w3.org/1999/02/22-rdf-syntax-ns#langString	
http://yago-knowledge.org/resource/Bullock-Clifton_House	Bullock-Clifton House	http://yago-knowledge.org/resource/hasWikipediaAnchorText	null	Louisville, Kentucky	http://www.w3.org/1999/02/22-rdf-syntax-ns#langString	
http://yago-knowledge.org/resource/Bullock-Clifton_House	Bullock-Clifton House	http://yago-knowledge.org/resource/hasWikipediaAnchorText	null	Ohio River	http://www.w3.org/1999/02/22-rdf-syntax-ns#langString	
http://yago-knowledge.org/resource/Bullock-Clifton_House	Bullock-Clifton House	http://yago-knowledge.org/resource/hasWikipediaAnchorText	null	USA	http://www.w3.org/1999/02/22-rdf-syntax-ns#langString	
http://yago-knowledge.org/resource/Bullock-Clifton_House	Bullock-Clifton House	http://yago-knowledge.org/resource/hasWikipediaAnchorText	null	William Bullock	http://www.w3.org/1999/02/22-rdf-syntax-ns#langString	
http://yago-knowledge.org/resource/Bullock-Clifton_House	Bullock-Clifton House	http://yago-knowledge.org/resource/hasWikipediaAnchorText	null	William Pope	http://www.w3.org/1999/02/22-rdf-syntax-ns#langString	
http://yago-knowledge.org/resource/Bullock-Clifton_House	Bullock-Clifton House	http://yago-knowledge.org/resource/hasWikipediaAnchorText	null	cupola	http://www.w3.org/1999/02/22-rdf-syntax-ns#langString	
http://yago-knowledge.org/resource/Bullock-Clifton_House	Bullock-Clifton House	http://yago-knowledge.org/resource/hasWikipediaAnchorText	null	truck farm	http://www.w3.org/1999/02/22-rdf-syntax-ns#langString	
http://yago-knowledge.org/resource/Bullock-Clifton_House	Bullock-Clifton House	http://yago-knowledge.org/resource/hasWikipediaArticleLength	null	2794	http://www.w3.org/2001/XMLSchema#integer	
http://yago-knowledge.org/resource/Bullock-Clifton_House	Bullock-Clifton House	http://yago-knowledge.org/resource/hasWikipediaUrl	null	http://en.wikipedia.org/wiki/Bullock-Clifton_House	uri	null
http://yago-knowledge.org/resource/Bullock-Clifton_House	Bullock-Clifton House	http://yago-knowledge.org/resource/isLocatedIn	Administrative parent	http://yago-knowledge.org/resource/Louisville,_Kentucky	entity	Louisville, Kentucky
http://yago-knowledge.org/resource/Bullock-Clifton_House	Bullock-Clifton House	http://yago-knowledge.org/resource/linksTo	null	http://yago-knowledge.org/resource/Deer_Park,_Louisville	entity	Deer Park, Louisville
http://yago-knowledge.org/resource/Bullock-Clifton_House	Bullock-Clifton House	http://yago-knowledge.org/resource/linksTo	null	http://yago-knowledge.org/resource/Eastlake_Movement	entity	Eastlake Movement
http://yago-knowledge.org/resource/Bullock-Clifton_House	Bullock-Clifton House	http://yago-knowledge.org/resource/linksTo	null	http://yago-knowledge.org/resource/Federal_architecture	entity	Federal architecture
http://yago-knowledge.org/resource/Bullock-Clifton_House	Bullock-Clifton House	http://yago-knowledge.org/resource/linksTo	null	http://yago-knowledge.org/resource/Jefferson_County,_Kentucky	entity	Jefferson County, Kentucky
http://yago-knowledge.org/resource/Bullock-Clifton_House	Bullock-Clifton House	http://yago-knowledge.org/resource/linksTo	null	http://yago-knowledge.org/resource/Kentucky_General_Assembly	entity	Kentucky General Assembly
http://yago-knowledge.org/resource/Bullock-Clifton_House	Bullock-Clifton House	http://yago-knowledge.org/resource/linksTo	null	http://yago-knowledge.org/resource/Kentucky_School_for_the_Blind	entity	Kentucky School for the Blind
http://yago-knowledge.org/resource/Bullock-Clifton_House	Bullock-Clifton House	http://yago-knowledge.org/resource/linksTo	null	http://yago-knowledge.org/resource/Louisville,_Kentucky	entity	Louisville, Kentucky
http://yago-knowledge.org/resource/Bullock-Clifton_House	Bullock-Clifton House	http://yago-knowledge.org/resource/linksTo	null	http://yago-knowledge.org/resource/Ohio_River	entity	Ohio River
http://yago-knowledge.org/resource/Bullock-Clifton_House	Bullock-Clifton House	http://yago-knowledge.org/resource/wasCreatedOnDate	startDate	1834-01-01	http://www.w3.org/2001/XMLSchema#date	
