sub	subl	prop	propl	obj	obj_t	obj_l
http://yago-knowledge.org/resource/Clifton_House,_Belfast	Clifton House, Belfast	http://www.w3.org/1999/02/22-rdf-syntax-ns#type	type	http://www.w3.org/2002/07/owl#Thing	entity	Thing
http://yago-knowledge.org/resource/Clifton_House,_Belfast	Clifton House, Belfast	http://www.w3.org/1999/02/22-rdf-syntax-ns#type	type	http://yago-knowledge.org/resource/wikicat_Buildings_and_structures_completed_in_1774	entity	Buildings and structures completed in 1774
http://yago-knowledge.org/resource/Clifton_House,_Belfast	Clifton House, Belfast	http://www.w3.org/1999/02/22-rdf-syntax-ns#type	type	http://yago-knowledge.org/resource/wikicat_Buildings_and_structures_in_Belfast	entity	Buildings and structures in Belfast
http://yago-knowledge.org/resource/Clifton_House,_Belfast	Clifton House, Belfast	http://www.w3.org/1999/02/22-rdf-syntax-ns#type	type	http://yago-knowledge.org/resource/wikicat_Grade_A_listed_buildings	entity	Grade A listed buildings
http://yago-knowledge.org/resource/Clifton_House,_Belfast	Clifton House, Belfast	http://www.w3.org/1999/02/22-rdf-syntax-ns#type	type	http://yago-knowledge.org/resource/wordnet_artifact_100021939	entity	artifact
http://yago-knowledge.org/resource/Clifton_House,_Belfast	Clifton House, Belfast	http://www.w3.org/1999/02/22-rdf-syntax-ns#type	type	http://yago-knowledge.org/resource/wordnet_building_102913152	entity	building
http://yago-knowledge.org/resource/Clifton_House,_Belfast	Clifton House, Belfast	http://www.w3.org/1999/02/22-rdf-syntax-ns#type	type	http://yago-knowledge.org/resource/wordnet_object_100002684	entity	object
http://yago-knowledge.org/resource/Clifton_House,_Belfast	Clifton House, Belfast	http://www.w3.org/1999/02/22-rdf-syntax-ns#type	type	http://yago-knowledge.org/resource/wordnet_physical_entity_100001930	entity	physical entity
http://yago-knowledge.org/resource/Clifton_House,_Belfast	Clifton House, Belfast	http://www.w3.org/1999/02/22-rdf-syntax-ns#type	type	http://yago-knowledge.org/resource/wordnet_structure_104341686	entity	structure
http://yago-knowledge.org/resource/Clifton_House,_Belfast	Clifton House, Belfast	http://www.w3.org/1999/02/22-rdf-syntax-ns#type	type	http://yago-knowledge.org/resource/wordnet_whole_100003553	entity	whole
http://yago-knowledge.org/resource/Clifton_House,_Belfast	Clifton House, Belfast	http://www.w3.org/1999/02/22-rdf-syntax-ns#type	type	http://yago-knowledge.org/resource/yagoGeoEntity	entity	geographical entity
http://yago-knowledge.org/resource/Clifton_House,_Belfast	Clifton House, Belfast	http://www.w3.org/1999/02/22-rdf-syntax-ns#type	type	http://yago-knowledge.org/resource/yagoPermanentlyLocatedEntity	entity	yagoPermanentlyLocatedEntity
http://yago-knowledge.org/resource/Clifton_House,_Belfast	Clifton House, Belfast	http://www.w3.org/2000/01/rdf-schema#label	label	Clifton House	http://www.w3.org/1999/02/22-rdf-syntax-ns#langString	
http://yago-knowledge.org/resource/Clifton_House,_Belfast	Clifton House, Belfast	http://www.w3.org/2000/01/rdf-schema#label	label	Clifton House, Belfast	http://www.w3.org/1999/02/22-rdf-syntax-ns#langString	
http://yago-knowledge.org/resource/Clifton_House,_Belfast	Clifton House, Belfast	http://www.w3.org/2002/07/owl#sameAs	sameAs	http://dbpedia.org/resource/Clifton_House,_Belfast	entity	Clifton House, Belfast
http://yago-knowledge.org/resource/Clifton_House,_Belfast	Clifton House, Belfast	http://www.w3.org/2004/02/skos/core#prefLabel	preferred label	Clifton House, Belfast	http://www.w3.org/1999/02/22-rdf-syntax-ns#langString	
http://yago-knowledge.org/resource/Clifton_House,_Belfast	Clifton House, Belfast	http://yago-knowledge.org/resource/hasCitationTitle	null	Clifton House, Belfast	http://www.w3.org/1999/02/22-rdf-syntax-ns#langString	
http://yago-knowledge.org/resource/Clifton_House,_Belfast	Clifton House, Belfast	http://yago-knowledge.org/resource/hasCitationTitle	null	History	http://www.w3.org/1999/02/22-rdf-syntax-ns#langString	
http://yago-knowledge.org/resource/Clifton_House,_Belfast	Clifton House, Belfast	http://yago-knowledge.org/resource/hasLatitude	latitude	54.60637777777778	http://yago-knowledge.org/resource/degrees	
http://yago-knowledge.org/resource/Clifton_House,_Belfast	Clifton House, Belfast	http://yago-knowledge.org/resource/hasLongitude	longtitude	-5.933294444444445	http://yago-knowledge.org/resource/degrees	
http://yago-knowledge.org/resource/Clifton_House,_Belfast	Clifton House, Belfast	http://yago-knowledge.org/resource/hasWikipediaAnchorText	null	Arthur Chichester	http://www.w3.org/1999/02/22-rdf-syntax-ns#langString	
http://yago-knowledge.org/resource/Clifton_House,_Belfast	Clifton House, Belfast	http://yago-knowledge.org/resource/hasWikipediaAnchorText	null	Belfast	http://www.w3.org/1999/02/22-rdf-syntax-ns#langString	
http://yago-knowledge.org/resource/Clifton_House,_Belfast	Clifton House, Belfast	http://yago-knowledge.org/resource/hasWikipediaAnchorText	null	Belfast Charitable Institution	http://www.w3.org/1999/02/22-rdf-syntax-ns#langString	
http://yago-knowledge.org/resource/Clifton_House,_Belfast	Clifton House, Belfast	http://yago-knowledge.org/resource/hasWikipediaAnchorText	null	Belfast Charitable Institution (Clifton House), Clifton Street, Belfast: Historic Building Details	http://www.w3.org/1999/02/22-rdf-syntax-ns#langString	
http://yago-knowledge.org/resource/Clifton_House,_Belfast	Clifton House, Belfast	http://yago-knowledge.org/resource/hasWikipediaAnchorText	null	Belfast Charitable Society	http://www.w3.org/1999/02/22-rdf-syntax-ns#langString	
http://yago-knowledge.org/resource/Clifton_House,_Belfast	Clifton House, Belfast	http://yago-knowledge.org/resource/hasWikipediaAnchorText	null	GradeA	http://www.w3.org/1999/02/22-rdf-syntax-ns#langString	
http://yago-knowledge.org/resource/Clifton_House,_Belfast	Clifton House, Belfast	http://yago-knowledge.org/resource/hasWikipediaAnchorText	null	GradeA listed building	http://www.w3.org/1999/02/22-rdf-syntax-ns#langString	
http://yago-knowledge.org/resource/Clifton_House,_Belfast	Clifton House, Belfast	http://yago-knowledge.org/resource/hasWikipediaAnchorText	null	Marquess of Donegall	http://www.w3.org/1999/02/22-rdf-syntax-ns#langString	
http://yago-knowledge.org/resource/Clifton_House,_Belfast	Clifton House, Belfast	http://yago-knowledge.org/resource/hasWikipediaAnchorText	null	Northern Ireland	http://www.w3.org/1999/02/22-rdf-syntax-ns#langString	
http://yago-knowledge.org/resource/Clifton_House,_Belfast	Clifton House, Belfast	http://yago-knowledge.org/resource/hasWikipediaAnchorText	null	Official website	http://www.w3.org/1999/02/22-rdf-syntax-ns#langString	
http://yago-knowledge.org/resource/Clifton_House,_Belfast	Clifton House, Belfast	http://yago-knowledge.org/resource/hasWikipediaAnchorText	null	cliftonbelfast.org.uk	http://www.w3.org/1999/02/22-rdf-syntax-ns#langString	
http://yago-knowledge.org/resource/Clifton_House,_Belfast	Clifton House, Belfast	http://yago-knowledge.org/resource/hasWikipediaAnchorText	null	infirmary	http://www.w3.org/1999/02/22-rdf-syntax-ns#langString	
http://yago-knowledge.org/resource/Clifton_House,_Belfast	Clifton House, Belfast	http://yago-knowledge.org/resource/hasWikipediaAnchorText	null	lottery	http://www.w3.org/1999/02/22-rdf-syntax-ns#langString	
http://yago-knowledge.org/resource/Clifton_House,_Belfast	Clifton House, Belfast	http://yago-knowledge.org/resource/hasWikipediaAnchorText	null	poor house	http://www.w3.org/1999/02/22-rdf-syntax-ns#langString	
http://yago-knowledge.org/resource/Clifton_House,_Belfast	Clifton House, Belfast	http://yago-knowledge.org/resource/wasCreatedOnDate	startDate	1774-01-01	http://www.w3.org/2001/XMLSchema#date	
