sub	subl	prop	propl	obj	obj_t	obj_l
http://www.wikidata.org/entity/Q7596854	Stagecoach Inn of Chappell Hill	http://www.w3.org/1999/02/22-rdf-syntax-ns#type	type	http://www.wikidata.org/entity/Q41176	entity	building
http://www.wikidata.org/entity/Q7596854	Stagecoach Inn of Chappell Hill	http://www.w3.org/1999/02/22-rdf-syntax-ns#type	type	http://www.wikidata.org/ontology#Item	entity	Item
http://www.wikidata.org/entity/Q7596854	Stagecoach Inn of Chappell Hill	http://www.w3.org/2000/01/rdf-schema#label	label	Stagecoach Inn of Chappell Hill	http://www.w3.org/1999/02/22-rdf-syntax-ns#langString	
http://www.wikidata.org/entity/Q7596854	Stagecoach Inn of Chappell Hill	http://www.w3.org/2003/01/geo/wgs84_pos#lat	latitude	30.1433	http://www.w3.org/2001/XMLSchema#float	
http://www.wikidata.org/entity/Q7596854	Stagecoach Inn of Chappell Hill	http://www.w3.org/2003/01/geo/wgs84_pos#long	longitude	-96.2572	http://www.w3.org/2001/XMLSchema#float	
http://www.wikidata.org/entity/Q7596854	Stagecoach Inn of Chappell Hill	http://www.wikidata.org/entity/P131c	located in the administrative territorial entity	http://www.wikidata.org/entity/Q1439	entity	Texas
http://www.wikidata.org/entity/Q7596854	Stagecoach Inn of Chappell Hill	http://www.wikidata.org/entity/P1435c	heritage status	http://www.wikidata.org/entity/Q19558910	entity	place listed on the National Register of Historic Places
http://www.wikidata.org/entity/Q7596854	Stagecoach Inn of Chappell Hill	http://www.wikidata.org/entity/P17c	country	http://www.wikidata.org/entity/Q30	entity	United States of America
http://www.wikidata.org/entity/Q7596854	Stagecoach Inn of Chappell Hill	http://www.wikidata.org/entity/P31c	instance of	http://www.wikidata.org/entity/Q41176	entity	building
http://www.wikidata.org/entity/Q7596854	Stagecoach Inn of Chappell Hill	http://www.wikidata.org/entity/P649c	NRHP reference number	76002082	http://www.w3.org/2001/XMLSchema#string	
