sub	subl	prop	propl	obj	obj_t	obj_l
http://yago-knowledge.org/resource/Stagecoach_Inn_of_Chappell_Hill	Stagecoach Inn of Chappell Hill	http://www.w3.org/1999/02/22-rdf-syntax-ns#type	type	http://www.w3.org/2002/07/owl#Thing	entity	Thing
http://yago-knowledge.org/resource/Stagecoach_Inn_of_Chappell_Hill	Stagecoach Inn of Chappell Hill	http://www.w3.org/1999/02/22-rdf-syntax-ns#type	type	http://yago-knowledge.org/resource/wikicat_Buildings_and_structures_in_Washington_County,_Texas	entity	Buildings and structures in Washington County, Texas
http://yago-knowledge.org/resource/Stagecoach_Inn_of_Chappell_Hill	Stagecoach Inn of Chappell Hill	http://www.w3.org/1999/02/22-rdf-syntax-ns#type	type	http://yago-knowledge.org/resource/wikicat_Houses_completed_in_1850	entity	Houses completed in 1850
http://yago-knowledge.org/resource/Stagecoach_Inn_of_Chappell_Hill	Stagecoach Inn of Chappell Hill	http://www.w3.org/1999/02/22-rdf-syntax-ns#type	type	http://yago-knowledge.org/resource/wikicat_Houses_on_the_National_Register_of_Historic_Places_in_Texas	entity	Houses on the National Register of Historic Places in Texas
http://yago-knowledge.org/resource/Stagecoach_Inn_of_Chappell_Hill	Stagecoach Inn of Chappell Hill	http://www.w3.org/1999/02/22-rdf-syntax-ns#type	type	http://yago-knowledge.org/resource/wordnet_artifact_100021939	entity	artifact
http://yago-knowledge.org/resource/Stagecoach_Inn_of_Chappell_Hill	Stagecoach Inn of Chappell Hill	http://www.w3.org/1999/02/22-rdf-syntax-ns#type	type	http://yago-knowledge.org/resource/wordnet_building_102913152	entity	building
http://yago-knowledge.org/resource/Stagecoach_Inn_of_Chappell_Hill	Stagecoach Inn of Chappell Hill	http://www.w3.org/1999/02/22-rdf-syntax-ns#type	type	http://yago-knowledge.org/resource/wordnet_dwelling_103259505	entity	dwelling
http://yago-knowledge.org/resource/Stagecoach_Inn_of_Chappell_Hill	Stagecoach Inn of Chappell Hill	http://www.w3.org/1999/02/22-rdf-syntax-ns#type	type	http://yago-knowledge.org/resource/wordnet_house_103544360	entity	house
http://yago-knowledge.org/resource/Stagecoach_Inn_of_Chappell_Hill	Stagecoach Inn of Chappell Hill	http://www.w3.org/1999/02/22-rdf-syntax-ns#type	type	http://yago-knowledge.org/resource/wordnet_housing_103546340	entity	housing
http://yago-knowledge.org/resource/Stagecoach_Inn_of_Chappell_Hill	Stagecoach Inn of Chappell Hill	http://www.w3.org/1999/02/22-rdf-syntax-ns#type	type	http://yago-knowledge.org/resource/wordnet_object_100002684	entity	object
http://yago-knowledge.org/resource/Stagecoach_Inn_of_Chappell_Hill	Stagecoach Inn of Chappell Hill	http://www.w3.org/1999/02/22-rdf-syntax-ns#type	type	http://yago-knowledge.org/resource/wordnet_physical_entity_100001930	entity	physical entity
http://yago-knowledge.org/resource/Stagecoach_Inn_of_Chappell_Hill	Stagecoach Inn of Chappell Hill	http://www.w3.org/1999/02/22-rdf-syntax-ns#type	type	http://yago-knowledge.org/resource/wordnet_structure_104341686	entity	structure
http://yago-knowledge.org/resource/Stagecoach_Inn_of_Chappell_Hill	Stagecoach Inn of Chappell Hill	http://www.w3.org/1999/02/22-rdf-syntax-ns#type	type	http://yago-knowledge.org/resource/wordnet_whole_100003553	entity	whole
http://yago-knowledge.org/resource/Stagecoach_Inn_of_Chappell_Hill	Stagecoach Inn of Chappell Hill	http://www.w3.org/1999/02/22-rdf-syntax-ns#type	type	http://yago-knowledge.org/resource/yagoGeoEntity	entity	geographical entity
http://yago-knowledge.org/resource/Stagecoach_Inn_of_Chappell_Hill	Stagecoach Inn of Chappell Hill	http://www.w3.org/1999/02/22-rdf-syntax-ns#type	type	http://yago-knowledge.org/resource/yagoPermanentlyLocatedEntity	entity	yagoPermanentlyLocatedEntity
http://yago-knowledge.org/resource/Stagecoach_Inn_of_Chappell_Hill	Stagecoach Inn of Chappell Hill	http://www.w3.org/2000/01/rdf-schema#label	label	Stagecoach Inn of Chappell Hill	http://www.w3.org/1999/02/22-rdf-syntax-ns#langString	
http://yago-knowledge.org/resource/Stagecoach_Inn_of_Chappell_Hill	Stagecoach Inn of Chappell Hill	http://www.w3.org/2002/07/owl#sameAs	sameAs	http://dbpedia.org/resource/Stagecoach_Inn_of_Chappell_Hill	entity	Stagecoach Inn of Chappell Hill
http://yago-knowledge.org/resource/Stagecoach_Inn_of_Chappell_Hill	Stagecoach Inn of Chappell Hill	http://www.w3.org/2004/02/skos/core#prefLabel	preferred label	Stagecoach Inn of Chappell Hill	http://www.w3.org/1999/02/22-rdf-syntax-ns#langString	
http://yago-knowledge.org/resource/Stagecoach_Inn_of_Chappell_Hill	Stagecoach Inn of Chappell Hill	http://yago-knowledge.org/resource/hasWikipediaAnchorText	null	Chappell Hill, Texas	http://www.w3.org/1999/02/22-rdf-syntax-ns#langString	
http://yago-knowledge.org/resource/Stagecoach_Inn_of_Chappell_Hill	Stagecoach Inn of Chappell Hill	http://yago-knowledge.org/resource/hasWikipediaAnchorText	null	F.P. Sawyers	http://www.w3.org/1999/02/22-rdf-syntax-ns#langString	
http://yago-knowledge.org/resource/Stagecoach_Inn_of_Chappell_Hill	Stagecoach Inn of Chappell Hill	http://yago-knowledge.org/resource/hasWikipediaAnchorText	null	Greek Revival	http://www.w3.org/1999/02/22-rdf-syntax-ns#langString	
http://yago-knowledge.org/resource/Stagecoach_Inn_of_Chappell_Hill	Stagecoach Inn of Chappell Hill	http://yago-knowledge.org/resource/hasWikipediaAnchorText	null	King Cotton	http://www.w3.org/1999/02/22-rdf-syntax-ns#langString	
http://yago-knowledge.org/resource/Stagecoach_Inn_of_Chappell_Hill	Stagecoach Inn of Chappell Hill	http://yago-knowledge.org/resource/hasWikipediaAnchorText	null	Smith and Jones	http://www.w3.org/1999/02/22-rdf-syntax-ns#langString	
http://yago-knowledge.org/resource/Stagecoach_Inn_of_Chappell_Hill	Stagecoach Inn of Chappell Hill	http://yago-knowledge.org/resource/hasWikipediaAnchorText	null	Stage Coach Inn Official Website	http://www.w3.org/1999/02/22-rdf-syntax-ns#langString	
http://yago-knowledge.org/resource/Stagecoach_Inn_of_Chappell_Hill	Stagecoach Inn of Chappell Hill	http://yago-knowledge.org/resource/hasWikipediaAnchorText	null	stage coach	http://www.w3.org/1999/02/22-rdf-syntax-ns#langString	
http://yago-knowledge.org/resource/Stagecoach_Inn_of_Chappell_Hill	Stagecoach Inn of Chappell Hill	http://yago-knowledge.org/resource/redirectedFrom	null	Stage Coach Inn (Chappell Hill, Texas)	http://www.w3.org/1999/02/22-rdf-syntax-ns#langString	
http://yago-knowledge.org/resource/Stagecoach_Inn_of_Chappell_Hill	Stagecoach Inn of Chappell Hill	http://yago-knowledge.org/resource/wasCreatedOnDate	startDate	1850-01-01	http://www.w3.org/2001/XMLSchema#date	
