sub	subl	prop	propl	obj	obj_t	obj_l
http://rdf.freebase.com/ns/m.026cyc7	Stagecoach Inn	http://rdf.freebase.com/key/base.usnris.item	item	83003085	http://www.w3.org/2001/XMLSchema#string	
http://rdf.freebase.com/ns/m.026cyc7	Stagecoach Inn	http://rdf.freebase.com/key/wikipedia.en	en	Stagecoach_Inn,_Salado_Texas	http://www.w3.org/2001/XMLSchema#string	
http://rdf.freebase.com/ns/m.026cyc7	Stagecoach Inn	http://rdf.freebase.com/key/wikipedia.en	en	Stagecoach_Inn_(Salado,_Texas)	http://www.w3.org/2001/XMLSchema#string	
http://rdf.freebase.com/ns/m.026cyc7	Stagecoach Inn	http://rdf.freebase.com/key/wikipedia.en	en	Stagecoach_Inn_(Texas)	http://www.w3.org/2001/XMLSchema#string	
http://rdf.freebase.com/ns/m.026cyc7	Stagecoach Inn	http://rdf.freebase.com/key/wikipedia.en_id	en_id	7783777	http://www.w3.org/2001/XMLSchema#string	
http://rdf.freebase.com/ns/m.026cyc7	Stagecoach Inn	http://rdf.freebase.com/key/wikipedia.en_title	en_title	Stagecoach_Inn_(Texas)	http://www.w3.org/2001/XMLSchema#string	
http://rdf.freebase.com/ns/m.026cyc7	Stagecoach Inn	http://rdf.freebase.com/ns/architecture.structure.opened	Opened	1852	http://www.w3.org/2001/XMLSchema#gYear	
http://rdf.freebase.com/ns/m.026cyc7	Stagecoach Inn	http://rdf.freebase.com/ns/base.usnris.nris_listing.item_number	item number	83003085	http://www.w3.org/2001/XMLSchema#string	
http://rdf.freebase.com/ns/m.026cyc7	Stagecoach Inn	http://rdf.freebase.com/ns/base.usnris.nris_listing.significant_year	Significant Year	1852	http://www.w3.org/2001/XMLSchema#gYear	
http://rdf.freebase.com/ns/m.026cyc7	Stagecoach Inn	http://rdf.freebase.com/ns/common.topic.alias	Also known as	Stagecoach Inn, Salado	http://www.w3.org/1999/02/22-rdf-syntax-ns#langString	
http://rdf.freebase.com/ns/m.026cyc7	Stagecoach Inn	http://rdf.freebase.com/ns/common.topic.article	Article	Founded in 1861, the Stagecoach Inn of Salado, Texas is the longest, continuously operating hotel in the state. The Inn was built as a stagecoach stop along the Chisholm Trail. The guest book features General George A. Custer, Robert E. Lee, and Jesse James, along with cowboys, desparados, and travelers. The three star hotel is situated on Salado Creek, the first designated natural landmark in Texas.	http://www.w3.org/1999/02/22-rdf-syntax-ns#langString	
http://rdf.freebase.com/ns/m.026cyc7	Stagecoach Inn	http://rdf.freebase.com/ns/common.topic.description	Description	Built starting in 1852, the Stagecoach Inn of Salado, Texas is thought to be the oldest extant structure in the village. The Inn was built as a stagecoach stop along the Chisholm Trail. The simple two-story wood frame building is in a frontier vernacular style. The structure was extended several times in the 1940s and 1950s to serve as a restaurant. The nearby Salado Creek was designated a natural landmark in Texas in 1867.	http://www.w3.org/1999/02/22-rdf-syntax-ns#langString	
http://rdf.freebase.com/ns/m.026cyc7	Stagecoach Inn	http://rdf.freebase.com/ns/common.topic.notable_for	Notable for	Accommodation	http://www.w3.org/1999/02/22-rdf-syntax-ns#langString	
http://rdf.freebase.com/ns/m.026cyc7	Stagecoach Inn	http://rdf.freebase.com/ns/common.topic.notable_types	Notable types	http://rdf.freebase.com/ns/m.03yw86s	entity	Accommodation
http://rdf.freebase.com/ns/m.026cyc7	Stagecoach Inn	http://rdf.freebase.com/ns/common.topic.topic_equivalent_webpage	Topic equivalent webpage	http://en.wikipedia.org/wiki/Stagecoach_Inn_(Texas)	uri	null
http://rdf.freebase.com/ns/m.026cyc7	Stagecoach Inn	http://rdf.freebase.com/ns/common.topic.topic_equivalent_webpage	Topic equivalent webpage	http://en.wikipedia.org/wiki/index.html?curid=7783777	uri	null
http://rdf.freebase.com/ns/m.026cyc7	Stagecoach Inn	http://rdf.freebase.com/ns/common.topic.topic_equivalent_webpage	Topic equivalent webpage	http://pdfhost.focus.nps.gov/docs/NRHP/Text/83003085.pdf	uri	null
http://rdf.freebase.com/ns/m.026cyc7	Stagecoach Inn	http://rdf.freebase.com/ns/kg.object_profile.prominent_type	prominent type	http://rdf.freebase.com/ns/travel.accommodation	entity	Accommodation
http://rdf.freebase.com/ns/m.026cyc7	Stagecoach Inn	http://rdf.freebase.com/ns/location.location.containedby	Contained by	http://rdf.freebase.com/ns/m.07b_l	entity	Texas
http://rdf.freebase.com/ns/m.026cyc7	Stagecoach Inn	http://rdf.freebase.com/ns/location.location.containedby	Contained by	http://rdf.freebase.com/ns/m.0_y1l	entity	Salado
http://rdf.freebase.com/ns/m.026cyc7	Stagecoach Inn	http://rdf.freebase.com/ns/protected_sites.listed_site.designation_as_natural_or_cultural_site	Designation as Natural or Cultural Site	http://rdf.freebase.com/ns/m.0whs_f9	uri	null
http://rdf.freebase.com/ns/m.026cyc7	Stagecoach Inn	http://rdf.freebase.com/ns/type.object.key	Key	/base/usnris/item/83003085	http://www.w3.org/2001/XMLSchema#string	
http://rdf.freebase.com/ns/m.026cyc7	Stagecoach Inn	http://rdf.freebase.com/ns/type.object.key	Key	/wikipedia/en/Stagecoach_Inn,_Salado_Texas	http://www.w3.org/2001/XMLSchema#string	
http://rdf.freebase.com/ns/m.026cyc7	Stagecoach Inn	http://rdf.freebase.com/ns/type.object.key	Key	/wikipedia/en/Stagecoach_Inn_(Salado,_Texas)	http://www.w3.org/2001/XMLSchema#string	
http://rdf.freebase.com/ns/m.026cyc7	Stagecoach Inn	http://rdf.freebase.com/ns/type.object.key	Key	/wikipedia/en/Stagecoach_Inn_(Texas)	http://www.w3.org/2001/XMLSchema#string	
http://rdf.freebase.com/ns/m.026cyc7	Stagecoach Inn	http://rdf.freebase.com/ns/type.object.key	Key	/wikipedia/en_id/7783777	http://www.w3.org/2001/XMLSchema#string	
http://rdf.freebase.com/ns/m.026cyc7	Stagecoach Inn	http://rdf.freebase.com/ns/type.object.key	Key	/wikipedia/en_title/Stagecoach_Inn_(Texas)	http://www.w3.org/2001/XMLSchema#string	
http://rdf.freebase.com/ns/m.026cyc7	Stagecoach Inn	http://rdf.freebase.com/ns/type.object.name	Name	Stagecoach Inn	http://www.w3.org/1999/02/22-rdf-syntax-ns#langString	
http://rdf.freebase.com/ns/m.026cyc7	Stagecoach Inn	http://rdf.freebase.com/ns/type.object.type	Type	http://rdf.freebase.com/ns/architecture.building	entity	Building
http://rdf.freebase.com/ns/m.026cyc7	Stagecoach Inn	http://rdf.freebase.com/ns/type.object.type	Type	http://rdf.freebase.com/ns/architecture.structure	entity	Structure
http://rdf.freebase.com/ns/m.026cyc7	Stagecoach Inn	http://rdf.freebase.com/ns/type.object.type	Type	http://rdf.freebase.com/ns/base.type_ontology.inanimate	entity	Inanimate
http://rdf.freebase.com/ns/m.026cyc7	Stagecoach Inn	http://rdf.freebase.com/ns/type.object.type	Type	http://rdf.freebase.com/ns/base.type_ontology.non_agent	entity	Non-Agent
http://rdf.freebase.com/ns/m.026cyc7	Stagecoach Inn	http://rdf.freebase.com/ns/type.object.type	Type	http://rdf.freebase.com/ns/base.type_ontology.physically_instantiable	entity	Physically Instantiable
http://rdf.freebase.com/ns/m.026cyc7	Stagecoach Inn	http://rdf.freebase.com/ns/type.object.type	Type	http://rdf.freebase.com/ns/base.usnris.nris_listing	entity	NRIS Listing
http://rdf.freebase.com/ns/m.026cyc7	Stagecoach Inn	http://rdf.freebase.com/ns/type.object.type	Type	http://rdf.freebase.com/ns/base.usnris.topic	entity	Topic
http://rdf.freebase.com/ns/m.026cyc7	Stagecoach Inn	http://rdf.freebase.com/ns/type.object.type	Type	http://rdf.freebase.com/ns/common.topic	entity	Topic
http://rdf.freebase.com/ns/m.026cyc7	Stagecoach Inn	http://rdf.freebase.com/ns/type.object.type	Type	http://rdf.freebase.com/ns/location.location	entity	Location
http://rdf.freebase.com/ns/m.026cyc7	Stagecoach Inn	http://rdf.freebase.com/ns/type.object.type	Type	http://rdf.freebase.com/ns/projects.project_focus	entity	Project focus
http://rdf.freebase.com/ns/m.026cyc7	Stagecoach Inn	http://rdf.freebase.com/ns/type.object.type	Type	http://rdf.freebase.com/ns/protected_sites.listed_site	entity	Listed Site
http://rdf.freebase.com/ns/m.026cyc7	Stagecoach Inn	http://rdf.freebase.com/ns/type.object.type	Type	http://rdf.freebase.com/ns/travel.accommodation	entity	Accommodation
http://rdf.freebase.com/ns/m.026cyc7	Stagecoach Inn	http://rdf.freebase.com/ns/type.object.type	Type	http://rdf.freebase.com/ns/travel.hotel	entity	Hotel
http://rdf.freebase.com/ns/m.026cyc7	Stagecoach Inn	http://www.w3.org/1999/02/22-rdf-syntax-ns#type	type	http://rdf.freebase.com/ns/architecture.building	entity	Building
http://rdf.freebase.com/ns/m.026cyc7	Stagecoach Inn	http://www.w3.org/1999/02/22-rdf-syntax-ns#type	type	http://rdf.freebase.com/ns/architecture.structure	entity	Structure
http://rdf.freebase.com/ns/m.026cyc7	Stagecoach Inn	http://www.w3.org/1999/02/22-rdf-syntax-ns#type	type	http://rdf.freebase.com/ns/base.type_ontology.inanimate	entity	Inanimate
http://rdf.freebase.com/ns/m.026cyc7	Stagecoach Inn	http://www.w3.org/1999/02/22-rdf-syntax-ns#type	type	http://rdf.freebase.com/ns/base.type_ontology.non_agent	entity	Non-Agent
http://rdf.freebase.com/ns/m.026cyc7	Stagecoach Inn	http://www.w3.org/1999/02/22-rdf-syntax-ns#type	type	http://rdf.freebase.com/ns/base.type_ontology.physically_instantiable	entity	Physically Instantiable
http://rdf.freebase.com/ns/m.026cyc7	Stagecoach Inn	http://www.w3.org/1999/02/22-rdf-syntax-ns#type	type	http://rdf.freebase.com/ns/base.usnris.nris_listing	entity	NRIS Listing
http://rdf.freebase.com/ns/m.026cyc7	Stagecoach Inn	http://www.w3.org/1999/02/22-rdf-syntax-ns#type	type	http://rdf.freebase.com/ns/base.usnris.topic	entity	Topic
http://rdf.freebase.com/ns/m.026cyc7	Stagecoach Inn	http://www.w3.org/1999/02/22-rdf-syntax-ns#type	type	http://rdf.freebase.com/ns/common.topic	entity	Topic
http://rdf.freebase.com/ns/m.026cyc7	Stagecoach Inn	http://www.w3.org/1999/02/22-rdf-syntax-ns#type	type	http://rdf.freebase.com/ns/location.location	entity	Location
http://rdf.freebase.com/ns/m.026cyc7	Stagecoach Inn	http://www.w3.org/1999/02/22-rdf-syntax-ns#type	type	http://rdf.freebase.com/ns/projects.project_focus	entity	Project focus
http://rdf.freebase.com/ns/m.026cyc7	Stagecoach Inn	http://www.w3.org/1999/02/22-rdf-syntax-ns#type	type	http://rdf.freebase.com/ns/protected_sites.listed_site	entity	Listed Site
http://rdf.freebase.com/ns/m.026cyc7	Stagecoach Inn	http://www.w3.org/1999/02/22-rdf-syntax-ns#type	type	http://rdf.freebase.com/ns/travel.accommodation	entity	Accommodation
http://rdf.freebase.com/ns/m.026cyc7	Stagecoach Inn	http://www.w3.org/1999/02/22-rdf-syntax-ns#type	type	http://rdf.freebase.com/ns/travel.hotel	entity	Hotel
http://rdf.freebase.com/ns/m.026cyc7	Stagecoach Inn	http://www.w3.org/2000/01/rdf-schema#label	label	Stagecoach Inn	http://www.w3.org/1999/02/22-rdf-syntax-ns#langString	
http://rdf.freebase.com/ns/m.026cyc7	Stagecoach Inn	http://www.w3.org/2003/01/geo/wgs84_pos#lat	latitude	30.942778	http://www.w3.org/2001/XMLSchema#float	
http://rdf.freebase.com/ns/m.026cyc7	Stagecoach Inn	http://www.w3.org/2003/01/geo/wgs84_pos#long	longitude	-97.538889	http://www.w3.org/2001/XMLSchema#float	
