sub	subl	prop	propl	obj	obj_t	obj_l
http://yago-knowledge.org/resource/Stagecoach_Inn_(Texas)	Stagecoach Inn (Texas)	http://www.w3.org/1999/02/22-rdf-syntax-ns#type	type	http://www.w3.org/2002/07/owl#Thing	entity	Thing
http://yago-knowledge.org/resource/Stagecoach_Inn_(Texas)	Stagecoach Inn (Texas)	http://www.w3.org/1999/02/22-rdf-syntax-ns#type	type	http://yago-knowledge.org/resource/wikicat_Buildings_and_structures_in_Bell_County,_Texas	entity	Buildings and structures in Bell County, Texas
http://yago-knowledge.org/resource/Stagecoach_Inn_(Texas)	Stagecoach Inn (Texas)	http://www.w3.org/1999/02/22-rdf-syntax-ns#type	type	http://yago-knowledge.org/resource/wikicat_Hotels_in_Texas	entity	Hotels in Texas
http://yago-knowledge.org/resource/Stagecoach_Inn_(Texas)	Stagecoach Inn (Texas)	http://www.w3.org/1999/02/22-rdf-syntax-ns#type	type	http://yago-knowledge.org/resource/wordnet_artifact_100021939	entity	artifact
http://yago-knowledge.org/resource/Stagecoach_Inn_(Texas)	Stagecoach Inn (Texas)	http://www.w3.org/1999/02/22-rdf-syntax-ns#type	type	http://yago-knowledge.org/resource/wordnet_building_102913152	entity	building
http://yago-knowledge.org/resource/Stagecoach_Inn_(Texas)	Stagecoach Inn (Texas)	http://www.w3.org/1999/02/22-rdf-syntax-ns#type	type	http://yago-knowledge.org/resource/wordnet_hotel_103542333	entity	hotel
http://yago-knowledge.org/resource/Stagecoach_Inn_(Texas)	Stagecoach Inn (Texas)	http://www.w3.org/1999/02/22-rdf-syntax-ns#type	type	http://yago-knowledge.org/resource/wordnet_object_100002684	entity	object
http://yago-knowledge.org/resource/Stagecoach_Inn_(Texas)	Stagecoach Inn (Texas)	http://www.w3.org/1999/02/22-rdf-syntax-ns#type	type	http://yago-knowledge.org/resource/wordnet_physical_entity_100001930	entity	physical entity
http://yago-knowledge.org/resource/Stagecoach_Inn_(Texas)	Stagecoach Inn (Texas)	http://www.w3.org/1999/02/22-rdf-syntax-ns#type	type	http://yago-knowledge.org/resource/wordnet_structure_104341686	entity	structure
http://yago-knowledge.org/resource/Stagecoach_Inn_(Texas)	Stagecoach Inn (Texas)	http://www.w3.org/1999/02/22-rdf-syntax-ns#type	type	http://yago-knowledge.org/resource/wordnet_whole_100003553	entity	whole
http://yago-knowledge.org/resource/Stagecoach_Inn_(Texas)	Stagecoach Inn (Texas)	http://www.w3.org/1999/02/22-rdf-syntax-ns#type	type	http://yago-knowledge.org/resource/yagoGeoEntity	entity	geographical entity
http://yago-knowledge.org/resource/Stagecoach_Inn_(Texas)	Stagecoach Inn (Texas)	http://www.w3.org/1999/02/22-rdf-syntax-ns#type	type	http://yago-knowledge.org/resource/yagoPermanentlyLocatedEntity	entity	yagoPermanentlyLocatedEntity
http://yago-knowledge.org/resource/Stagecoach_Inn_(Texas)	Stagecoach Inn (Texas)	http://www.w3.org/2000/01/rdf-schema#label	label	Stagecoach Inn	http://www.w3.org/1999/02/22-rdf-syntax-ns#langString	
http://yago-knowledge.org/resource/Stagecoach_Inn_(Texas)	Stagecoach Inn (Texas)	http://www.w3.org/2000/01/rdf-schema#label	label	Stagecoach Inn (Texas)	http://www.w3.org/1999/02/22-rdf-syntax-ns#langString	
http://yago-knowledge.org/resource/Stagecoach_Inn_(Texas)	Stagecoach Inn (Texas)	http://www.w3.org/2002/07/owl#sameAs	sameAs	http://dbpedia.org/resource/Stagecoach_Inn_(Texas)	entity	Stagecoach Inn (Texas)
http://yago-knowledge.org/resource/Stagecoach_Inn_(Texas)	Stagecoach Inn (Texas)	http://www.w3.org/2004/02/skos/core#prefLabel	preferred label	Stagecoach Inn (Texas)	http://www.w3.org/1999/02/22-rdf-syntax-ns#langString	
http://yago-knowledge.org/resource/Stagecoach_Inn_(Texas)	Stagecoach Inn (Texas)	http://yago-knowledge.org/resource/hasWikipediaAnchorText	null	Chisholm Trail	http://www.w3.org/1999/02/22-rdf-syntax-ns#langString	
http://yago-knowledge.org/resource/Stagecoach_Inn_(Texas)	Stagecoach Inn (Texas)	http://yago-knowledge.org/resource/hasWikipediaAnchorText	null	General George A. Custer	http://www.w3.org/1999/02/22-rdf-syntax-ns#langString	
http://yago-knowledge.org/resource/Stagecoach_Inn_(Texas)	Stagecoach Inn (Texas)	http://yago-knowledge.org/resource/hasWikipediaAnchorText	null	Jesse James	http://www.w3.org/1999/02/22-rdf-syntax-ns#langString	
http://yago-knowledge.org/resource/Stagecoach_Inn_(Texas)	Stagecoach Inn (Texas)	http://yago-knowledge.org/resource/hasWikipediaAnchorText	null	Robert E. Lee	http://www.w3.org/1999/02/22-rdf-syntax-ns#langString	
http://yago-knowledge.org/resource/Stagecoach_Inn_(Texas)	Stagecoach Inn (Texas)	http://yago-knowledge.org/resource/hasWikipediaAnchorText	null	Salado	http://www.w3.org/1999/02/22-rdf-syntax-ns#langString	
http://yago-knowledge.org/resource/Stagecoach_Inn_(Texas)	Stagecoach Inn (Texas)	http://yago-knowledge.org/resource/hasWikipediaAnchorText	null	Salado Creek	http://www.w3.org/1999/02/22-rdf-syntax-ns#langString	
http://yago-knowledge.org/resource/Stagecoach_Inn_(Texas)	Stagecoach Inn (Texas)	http://yago-knowledge.org/resource/hasWikipediaAnchorText	null	Salado, Texas	http://www.w3.org/1999/02/22-rdf-syntax-ns#langString	
http://yago-knowledge.org/resource/Stagecoach_Inn_(Texas)	Stagecoach Inn (Texas)	http://yago-knowledge.org/resource/hasWikipediaAnchorText	null	Texas	http://www.w3.org/1999/02/22-rdf-syntax-ns#langString	
http://yago-knowledge.org/resource/Stagecoach_Inn_(Texas)	Stagecoach Inn (Texas)	http://yago-knowledge.org/resource/hasWikipediaAnchorText	null	cowboy	http://www.w3.org/1999/02/22-rdf-syntax-ns#langString	
http://yago-knowledge.org/resource/Stagecoach_Inn_(Texas)	Stagecoach Inn (Texas)	http://yago-knowledge.org/resource/hasWikipediaAnchorText	null	three star hotel	http://www.w3.org/1999/02/22-rdf-syntax-ns#langString	
http://yago-knowledge.org/resource/Stagecoach_Inn_(Texas)	Stagecoach Inn (Texas)	http://yago-knowledge.org/resource/hasWikipediaArticleLength	null	1424	http://www.w3.org/2001/XMLSchema#integer	
http://yago-knowledge.org/resource/Stagecoach_Inn_(Texas)	Stagecoach Inn (Texas)	http://yago-knowledge.org/resource/hasWikipediaUrl	null	http://en.wikipedia.org/wiki/Stagecoach_Inn_%28Texas%29	uri	null
http://yago-knowledge.org/resource/Stagecoach_Inn_(Texas)	Stagecoach Inn (Texas)	http://yago-knowledge.org/resource/isLocatedIn	Administrative parent	http://yago-knowledge.org/resource/Salado,_Texas	entity	Salado, Texas
http://yago-knowledge.org/resource/Stagecoach_Inn_(Texas)	Stagecoach Inn (Texas)	http://yago-knowledge.org/resource/linksTo	null	http://yago-knowledge.org/resource/Chisholm_Trail	entity	Chisholm Trail
http://yago-knowledge.org/resource/Stagecoach_Inn_(Texas)	Stagecoach Inn (Texas)	http://yago-knowledge.org/resource/linksTo	null	http://yago-knowledge.org/resource/George_Armstrong_Custer	entity	George Armstrong Custer
http://yago-knowledge.org/resource/Stagecoach_Inn_(Texas)	Stagecoach Inn (Texas)	http://yago-knowledge.org/resource/linksTo	null	http://yago-knowledge.org/resource/Jesse_James	entity	Jesse James
http://yago-knowledge.org/resource/Stagecoach_Inn_(Texas)	Stagecoach Inn (Texas)	http://yago-knowledge.org/resource/linksTo	null	http://yago-knowledge.org/resource/Robert_E._Lee	entity	Robert E. Lee
http://yago-knowledge.org/resource/Stagecoach_Inn_(Texas)	Stagecoach Inn (Texas)	http://yago-knowledge.org/resource/linksTo	null	http://yago-knowledge.org/resource/Salado,_Texas	entity	Salado, Texas
http://yago-knowledge.org/resource/Stagecoach_Inn_(Texas)	Stagecoach Inn (Texas)	http://yago-knowledge.org/resource/linksTo	null	http://yago-knowledge.org/resource/Salado_Creek	entity	Salado Creek
http://yago-knowledge.org/resource/Stagecoach_Inn_(Texas)	Stagecoach Inn (Texas)	http://yago-knowledge.org/resource/linksTo	null	http://yago-knowledge.org/resource/Texas	entity	Texas
http://yago-knowledge.org/resource/Stagecoach_Inn_(Texas)	Stagecoach Inn (Texas)	http://yago-knowledge.org/resource/redirectedFrom	null	Stagecoach Inn (Salado, Texas)	http://www.w3.org/1999/02/22-rdf-syntax-ns#langString	
http://yago-knowledge.org/resource/Stagecoach_Inn_(Texas)	Stagecoach Inn (Texas)	http://yago-knowledge.org/resource/redirectedFrom	null	Stagecoach Inn, Salado Texas	http://www.w3.org/1999/02/22-rdf-syntax-ns#langString	
