sub	subl	prop	propl	obj	obj_t	obj_l
http://rdf.freebase.com/ns/m.012vts2n	Steve McMahon	http://rdf.freebase.com/key/dataworld.freeq	freeq	job_27f6fe9f-650e-45f6-8bb7-5715308d3dc2_var_en_wikipedia_org_wiki_Steve_McMahon_(footballer,_born_1970)	http://www.w3.org/2001/XMLSchema#string	
http://rdf.freebase.com/ns/m.012vts2n	Steve McMahon	http://rdf.freebase.com/key/wikipedia.en	en	Steve_McMahon_(footballer,_born_1970)	http://www.w3.org/2001/XMLSchema#string	
http://rdf.freebase.com/ns/m.012vts2n	Steve McMahon	http://rdf.freebase.com/key/wikipedia.en_id	en_id	45410320	http://www.w3.org/2001/XMLSchema#string	
http://rdf.freebase.com/ns/m.012vts2n	Steve McMahon	http://rdf.freebase.com/key/wikipedia.en_title	en_title	Steve_McMahon_(footballer,_born_1970)	http://www.w3.org/2001/XMLSchema#string	
http://rdf.freebase.com/ns/m.012vts2n	Steve McMahon	http://rdf.freebase.com/ns/common.topic.description	Description	Steven "Steve" McMahon is a Scottish former footballer who played in the Football League for Swansea City, Carlisle United and Darlington, in the Scottish League for Cowdenbeath, Partick Thistle and Clydebank, in China for Foshan Guangdong, and in the Northern Premier League for Barrow.	http://www.w3.org/1999/02/22-rdf-syntax-ns#langString	
http://rdf.freebase.com/ns/m.012vts2n	Steve McMahon	http://rdf.freebase.com/ns/common.topic.notable_for	Notable for	Soccer Defender	http://www.w3.org/1999/02/22-rdf-syntax-ns#langString	
http://rdf.freebase.com/ns/m.012vts2n	Steve McMahon	http://rdf.freebase.com/ns/common.topic.topic_equivalent_webpage	Topic equivalent webpage	http://en.wikipedia.org/wiki/Steve_McMahon_(footballer,_born_1970)	uri	null
http://rdf.freebase.com/ns/m.012vts2n	Steve McMahon	http://rdf.freebase.com/ns/common.topic.topic_equivalent_webpage	Topic equivalent webpage	http://en.wikipedia.org/wiki/index.html?curid=45410320	uri	null
http://rdf.freebase.com/ns/m.012vts2n	Steve McMahon	http://rdf.freebase.com/ns/people.person.date_of_birth	Date of birth	1970-04-22	http://www.w3.org/2001/XMLSchema#date	
http://rdf.freebase.com/ns/m.012vts2n	Steve McMahon	http://rdf.freebase.com/ns/people.person.place_of_birth	Place of birth	http://rdf.freebase.com/ns/m.0hyxv	entity	Glasgow
http://rdf.freebase.com/ns/m.012vts2n	Steve McMahon	http://rdf.freebase.com/ns/sports.pro_athlete.teams	Teams	http://rdf.freebase.com/ns/m.012zy5jn	uri	null
http://rdf.freebase.com/ns/m.012vts2n	Steve McMahon	http://rdf.freebase.com/ns/sports.pro_athlete.teams	Teams	http://rdf.freebase.com/ns/m.012zyb7d	uri	null
http://rdf.freebase.com/ns/m.012vts2n	Steve McMahon	http://rdf.freebase.com/ns/type.object.key	Key	/dataworld/freeq/job_27f6fe9f-650e-45f6-8bb7-5715308d3dc2_var_en_wikipedia_org_wiki_Steve_McMahon_(footballer,_born_1970)	http://www.w3.org/2001/XMLSchema#string	
http://rdf.freebase.com/ns/m.012vts2n	Steve McMahon	http://rdf.freebase.com/ns/type.object.key	Key	/wikipedia/en/Steve_McMahon_(footballer,_born_1970)	http://www.w3.org/2001/XMLSchema#string	
http://rdf.freebase.com/ns/m.012vts2n	Steve McMahon	http://rdf.freebase.com/ns/type.object.key	Key	/wikipedia/en_id/45410320	http://www.w3.org/2001/XMLSchema#string	
http://rdf.freebase.com/ns/m.012vts2n	Steve McMahon	http://rdf.freebase.com/ns/type.object.key	Key	/wikipedia/en_title/Steve_McMahon_(footballer,_born_1970)	http://www.w3.org/2001/XMLSchema#string	
http://rdf.freebase.com/ns/m.012vts2n	Steve McMahon	http://rdf.freebase.com/ns/type.object.name	Name	Steve McMahon	http://www.w3.org/1999/02/22-rdf-syntax-ns#langString	
http://rdf.freebase.com/ns/m.012vts2n	Steve McMahon	http://rdf.freebase.com/ns/type.object.type	Type	http://rdf.freebase.com/ns/base.type_ontology.agent	entity	Agent
http://rdf.freebase.com/ns/m.012vts2n	Steve McMahon	http://rdf.freebase.com/ns/type.object.type	Type	http://rdf.freebase.com/ns/base.type_ontology.animate	entity	Animate
http://rdf.freebase.com/ns/m.012vts2n	Steve McMahon	http://rdf.freebase.com/ns/type.object.type	Type	http://rdf.freebase.com/ns/base.type_ontology.physically_instantiable	entity	Physically Instantiable
http://rdf.freebase.com/ns/m.012vts2n	Steve McMahon	http://rdf.freebase.com/ns/type.object.type	Type	http://rdf.freebase.com/ns/common.topic	entity	Topic
http://rdf.freebase.com/ns/m.012vts2n	Steve McMahon	http://rdf.freebase.com/ns/type.object.type	Type	http://rdf.freebase.com/ns/people.person	entity	Person
http://rdf.freebase.com/ns/m.012vts2n	Steve McMahon	http://www.w3.org/1999/02/22-rdf-syntax-ns#type	type	http://rdf.freebase.com/ns/base.type_ontology.agent	entity	Agent
http://rdf.freebase.com/ns/m.012vts2n	Steve McMahon	http://www.w3.org/1999/02/22-rdf-syntax-ns#type	type	http://rdf.freebase.com/ns/base.type_ontology.animate	entity	Animate
http://rdf.freebase.com/ns/m.012vts2n	Steve McMahon	http://www.w3.org/1999/02/22-rdf-syntax-ns#type	type	http://rdf.freebase.com/ns/base.type_ontology.physically_instantiable	entity	Physically Instantiable
http://rdf.freebase.com/ns/m.012vts2n	Steve McMahon	http://www.w3.org/1999/02/22-rdf-syntax-ns#type	type	http://rdf.freebase.com/ns/common.topic	entity	Topic
http://rdf.freebase.com/ns/m.012vts2n	Steve McMahon	http://www.w3.org/1999/02/22-rdf-syntax-ns#type	type	http://rdf.freebase.com/ns/people.person	entity	Person
http://rdf.freebase.com/ns/m.012vts2n	Steve McMahon	http://www.w3.org/2000/01/rdf-schema#label	label	Steve McMahon	http://www.w3.org/1999/02/22-rdf-syntax-ns#langString	
