sub	subl	prop	propl	obj	obj_t	obj_l
http://rdf.freebase.com/ns/m.0w1f4tf	Steve McMahon	http://rdf.freebase.com/key/wikipedia.en	en	Steve_McMahon_(consultant)	http://www.w3.org/2001/XMLSchema#string	
http://rdf.freebase.com/ns/m.0w1f4tf	Steve McMahon	http://rdf.freebase.com/key/wikipedia.en_id	en_id	39576622	http://www.w3.org/2001/XMLSchema#string	
http://rdf.freebase.com/ns/m.0w1f4tf	Steve McMahon	http://rdf.freebase.com/key/wikipedia.en_title	en_title	Steve_McMahon_(consultant)	http://www.w3.org/2001/XMLSchema#string	
http://rdf.freebase.com/ns/m.0w1f4tf	Steve McMahon	http://rdf.freebase.com/ns/common.topic.article	Article	http://rdf.freebase.com/ns/m.0w1f4tg	uri	null
http://rdf.freebase.com/ns/m.0w1f4tf	Steve McMahon	http://rdf.freebase.com/ns/common.topic.description	Description	Steve McMahon is an American lawyer and media consultant who has worked on political campaigns for Democratic candidates including Ted Kennedy, Howard Dean, and Dick Gephardt, in addition to his work with elected officials. He is a founding partner of Purple Strategies, a bipartisan communications firm located in Alexandria, Virginia, and McMahon Squier and Associates, a media consulting firm.	http://www.w3.org/1999/02/22-rdf-syntax-ns#langString	
http://rdf.freebase.com/ns/m.0w1f4tf	Steve McMahon	http://rdf.freebase.com/ns/common.topic.notable_for	Notable for	Lawyer	http://www.w3.org/1999/02/22-rdf-syntax-ns#langString	
http://rdf.freebase.com/ns/m.0w1f4tf	Steve McMahon	http://rdf.freebase.com/ns/common.topic.notable_types	Notable types	http://rdf.freebase.com/ns/m.04kr	entity	Person
http://rdf.freebase.com/ns/m.0w1f4tf	Steve McMahon	http://rdf.freebase.com/ns/common.topic.topic_equivalent_webpage	Topic equivalent webpage	http://en.wikipedia.org/wiki/Steve_McMahon_(consultant)	uri	null
http://rdf.freebase.com/ns/m.0w1f4tf	Steve McMahon	http://rdf.freebase.com/ns/common.topic.topic_equivalent_webpage	Topic equivalent webpage	http://en.wikipedia.org/wiki/index.html?curid=39576622	uri	null
http://rdf.freebase.com/ns/m.0w1f4tf	Steve McMahon	http://rdf.freebase.com/ns/freebase.valuenotation.has_value	Has value	http://rdf.freebase.com/ns/m.04m1	entity	Date of birth
http://rdf.freebase.com/ns/m.0w1f4tf	Steve McMahon	http://rdf.freebase.com/ns/freebase.valuenotation.has_value	Has value	http://rdf.freebase.com/ns/m.04m8	entity	Place of birth
http://rdf.freebase.com/ns/m.0w1f4tf	Steve McMahon	http://rdf.freebase.com/ns/kg.object_profile.prominent_type	prominent type	http://rdf.freebase.com/ns/people.person	entity	Person
http://rdf.freebase.com/ns/m.0w1f4tf	Steve McMahon	http://rdf.freebase.com/ns/people.person.employment_history	Employment history	http://rdf.freebase.com/ns/m.012dzknx	uri	null
http://rdf.freebase.com/ns/m.0w1f4tf	Steve McMahon	http://rdf.freebase.com/ns/people.person.gender	Gender	http://rdf.freebase.com/ns/m.05zppz	entity	Male
http://rdf.freebase.com/ns/m.0w1f4tf	Steve McMahon	http://rdf.freebase.com/ns/people.person.nationality	Country of nationality	http://rdf.freebase.com/ns/m.09c7w0	entity	United States of America
http://rdf.freebase.com/ns/m.0w1f4tf	Steve McMahon	http://rdf.freebase.com/ns/people.person.profession	Profession	http://rdf.freebase.com/ns/m.04gc2	entity	Lawyer
http://rdf.freebase.com/ns/m.0w1f4tf	Steve McMahon	http://rdf.freebase.com/ns/people.person.profession	Profession	http://rdf.freebase.com/ns/m.0c1jq2	entity	Media consultant
http://rdf.freebase.com/ns/m.0w1f4tf	Steve McMahon	http://rdf.freebase.com/ns/type.object.key	Key	/wikipedia/en/Steve_McMahon_(consultant)	http://www.w3.org/2001/XMLSchema#string	
http://rdf.freebase.com/ns/m.0w1f4tf	Steve McMahon	http://rdf.freebase.com/ns/type.object.key	Key	/wikipedia/en_id/39576622	http://www.w3.org/2001/XMLSchema#string	
http://rdf.freebase.com/ns/m.0w1f4tf	Steve McMahon	http://rdf.freebase.com/ns/type.object.key	Key	/wikipedia/en_title/Steve_McMahon_(consultant)	http://www.w3.org/2001/XMLSchema#string	
http://rdf.freebase.com/ns/m.0w1f4tf	Steve McMahon	http://rdf.freebase.com/ns/type.object.name	Name	Steve McMahon	http://www.w3.org/1999/02/22-rdf-syntax-ns#langString	
http://rdf.freebase.com/ns/m.0w1f4tf	Steve McMahon	http://rdf.freebase.com/ns/type.object.type	Type	http://rdf.freebase.com/ns/base.type_ontology.agent	entity	Agent
http://rdf.freebase.com/ns/m.0w1f4tf	Steve McMahon	http://rdf.freebase.com/ns/type.object.type	Type	http://rdf.freebase.com/ns/base.type_ontology.animate	entity	Animate
http://rdf.freebase.com/ns/m.0w1f4tf	Steve McMahon	http://rdf.freebase.com/ns/type.object.type	Type	http://rdf.freebase.com/ns/base.type_ontology.physically_instantiable	entity	Physically Instantiable
http://rdf.freebase.com/ns/m.0w1f4tf	Steve McMahon	http://rdf.freebase.com/ns/type.object.type	Type	http://rdf.freebase.com/ns/common.topic	entity	Topic
http://rdf.freebase.com/ns/m.0w1f4tf	Steve McMahon	http://rdf.freebase.com/ns/type.object.type	Type	http://rdf.freebase.com/ns/people.person	entity	Person
http://rdf.freebase.com/ns/m.0w1f4tf	Steve McMahon	http://www.w3.org/1999/02/22-rdf-syntax-ns#type	type	http://rdf.freebase.com/ns/base.type_ontology.agent	entity	Agent
http://rdf.freebase.com/ns/m.0w1f4tf	Steve McMahon	http://www.w3.org/1999/02/22-rdf-syntax-ns#type	type	http://rdf.freebase.com/ns/base.type_ontology.animate	entity	Animate
http://rdf.freebase.com/ns/m.0w1f4tf	Steve McMahon	http://www.w3.org/1999/02/22-rdf-syntax-ns#type	type	http://rdf.freebase.com/ns/base.type_ontology.physically_instantiable	entity	Physically Instantiable
http://rdf.freebase.com/ns/m.0w1f4tf	Steve McMahon	http://www.w3.org/1999/02/22-rdf-syntax-ns#type	type	http://rdf.freebase.com/ns/common.topic	entity	Topic
http://rdf.freebase.com/ns/m.0w1f4tf	Steve McMahon	http://www.w3.org/1999/02/22-rdf-syntax-ns#type	type	http://rdf.freebase.com/ns/people.person	entity	Person
http://rdf.freebase.com/ns/m.0w1f4tf	Steve McMahon	http://www.w3.org/2000/01/rdf-schema#label	label	Steve McMahon	http://www.w3.org/1999/02/22-rdf-syntax-ns#langString	
