sub	subl	prop	propl	obj	obj_t	obj_l
http://dbpedia.org/resource/Albion,_Michigan	Albion, Michigan	http://dbpedia.org/ontology/PopulatedPlace/areaTotal	area total (km2)	11.68	http://dbpedia.org/datatype/squareKilometre	
http://dbpedia.org/resource/Albion,_Michigan	Albion, Michigan	http://dbpedia.org/ontology/PopulatedPlace/areaTotal	area total (km2)	11.68084637761536	http://dbpedia.org/datatype/squareKilometre	
http://dbpedia.org/resource/Albion,_Michigan	Albion, Michigan	http://dbpedia.org/ontology/PopulatedPlace/populationDensity	population density (/sqkm)	754.3	http://dbpedia.org/datatype/inhabitantsPerSquareKilometre	
http://dbpedia.org/resource/Albion,_Michigan	Albion, Michigan	http://dbpedia.org/ontology/PopulatedPlace/populationDensity	population density (/sqkm)	754.3277871443765	http://dbpedia.org/datatype/inhabitantsPerSquareKilometre	
http://dbpedia.org/resource/Albion,_Michigan	Albion, Michigan	http://dbpedia.org/ontology/abstract	has abstract	Albion is a city in Calhoun County in the south central region of the Lower Peninsula of the U.S. state of Michigan. The population was 8,616 at the 2010 census and is part of the Battle Creek Metropolitan Statistical Area. From the time that the earliest English-speaking settlers arrived, the area has also been known as The Forks, because it is situated at the confluence of the north and south branches of the Kalamazoo River. The Festival of the Forks has been held annually since 1967 to celebrate Albion's ethnic heritage. The presence of several major manufacturers since the 19th century has given Albion the reputation of a factory town. This has changed with the closure of several manufacturers, and Albion's culture is changing to that of a college town with a strong interest in technology and sustainability issues. Albion College is a private liberal arts college with a student population of about 1,750. Albion is a sister city with Noisy-le-Roi, France.	http://www.w3.org/1999/02/22-rdf-syntax-ns#langString	
http://dbpedia.org/resource/Albion,_Michigan	Albion, Michigan	http://dbpedia.org/ontology/areaCode	area code	517	http://www.w3.org/2001/XMLSchema#string	
http://dbpedia.org/resource/Albion,_Michigan	Albion, Michigan	http://dbpedia.org/ontology/areaLand	area land (m2)	1.14218e+07	http://www.w3.org/2001/XMLSchema#double	
http://dbpedia.org/resource/Albion,_Michigan	Albion, Michigan	http://dbpedia.org/ontology/areaLand	area land (m2)	1.142e+07	http://www.w3.org/2001/XMLSchema#double	
http://dbpedia.org/resource/Albion,_Michigan	Albion, Michigan	http://dbpedia.org/ontology/areaTotal	area total (m2)	1.16808e+07	http://www.w3.org/2001/XMLSchema#double	
http://dbpedia.org/resource/Albion,_Michigan	Albion, Michigan	http://dbpedia.org/ontology/areaTotal	area total (m2)	1.168e+07	http://www.w3.org/2001/XMLSchema#double	
http://dbpedia.org/resource/Albion,_Michigan	Albion, Michigan	http://dbpedia.org/ontology/areaWater	area water (m2)	258999.0	http://www.w3.org/2001/XMLSchema#double	
http://dbpedia.org/resource/Albion,_Michigan	Albion, Michigan	http://dbpedia.org/ontology/areaWater	area water (m2)	260000.0	http://www.w3.org/2001/XMLSchema#double	
http://dbpedia.org/resource/Albion,_Michigan	Albion, Michigan	http://dbpedia.org/ontology/elevation	elevation (μ)	289.865	http://www.w3.org/2001/XMLSchema#double	
http://dbpedia.org/resource/Albion,_Michigan	Albion, Michigan	http://dbpedia.org/ontology/elevation	elevation (μ)	290.0	http://www.w3.org/2001/XMLSchema#double	
http://dbpedia.org/resource/Albion,_Michigan	Albion, Michigan	http://dbpedia.org/ontology/isPartOf	is part of	http://dbpedia.org/resource/Calhoun_County,_Michigan	entity	Calhoun County, Michigan
http://dbpedia.org/resource/Albion,_Michigan	Albion, Michigan	http://dbpedia.org/ontology/isPartOf	is part of	http://dbpedia.org/resource/Michigan	entity	Michigan
http://dbpedia.org/resource/Albion,_Michigan	Albion, Michigan	http://dbpedia.org/ontology/populationDensity	population density (/sqkm)	754.3	http://www.w3.org/2001/XMLSchema#double	
http://dbpedia.org/resource/Albion,_Michigan	Albion, Michigan	http://dbpedia.org/ontology/populationDensity	population density (/sqkm)	754.328	http://www.w3.org/2001/XMLSchema#double	
http://dbpedia.org/resource/Albion,_Michigan	Albion, Michigan	http://dbpedia.org/ontology/populationTotal	population total	8616	http://www.w3.org/2001/XMLSchema#nonNegativeInteger	
http://dbpedia.org/resource/Albion,_Michigan	Albion, Michigan	http://dbpedia.org/ontology/postalCode	postal code	49224	http://www.w3.org/2001/XMLSchema#string	
http://dbpedia.org/resource/Albion,_Michigan	Albion, Michigan	http://dbpedia.org/ontology/thumbnail	thumbnail	http://commons.wikimedia.org/wiki/Special:FilePath/Calhoun_County_Michigan_Incorporated_and_Unincorporated_areas_Albion_Highlighted.svg?width=300	uri	null
http://dbpedia.org/resource/Albion,_Michigan	Albion, Michigan	http://dbpedia.org/ontology/timeZone	time zone	http://dbpedia.org/resource/Eastern_Time_Zone	entity	Eastern Time Zone
http://dbpedia.org/resource/Albion,_Michigan	Albion, Michigan	http://dbpedia.org/ontology/utcOffset	UTC offset	-4	http://www.w3.org/2001/XMLSchema#string	
http://dbpedia.org/resource/Albion,_Michigan	Albion, Michigan	http://dbpedia.org/ontology/utcOffset	UTC offset	-5	http://www.w3.org/2001/XMLSchema#string	
http://dbpedia.org/resource/Albion,_Michigan	Albion, Michigan	http://dbpedia.org/ontology/wikiPageExternalLink	Link from a Wikipage to an external page	http://ci.albion.mi.us/	uri	null
http://dbpedia.org/resource/Albion,_Michigan	Albion, Michigan	http://dbpedia.org/ontology/wikiPageExternalLink	Link from a Wikipage to an external page	http://www.albionfoundation.org/	uri	null
http://dbpedia.org/resource/Albion,_Michigan	Albion, Michigan	http://dbpedia.org/ontology/wikiPageExternalLink	Link from a Wikipage to an external page	http://www.albionlibrary.org/	uri	null
http://dbpedia.org/resource/Albion,_Michigan	Albion, Michigan	http://dbpedia.org/ontology/wikiPageExternalLink	Link from a Wikipage to an external page	http://www.albionmich.com/	uri	null
http://dbpedia.org/resource/Albion,_Michigan	Albion, Michigan	http://dbpedia.org/ontology/wikiPageExternalLink	Link from a Wikipage to an external page	http://www.albionmich.com/history/histor_notebook/TOCsubj.htm	uri	null
http://dbpedia.org/resource/Albion,_Michigan	Albion, Michigan	http://dbpedia.org/ontology/wikiPageExternalLink	Link from a Wikipage to an external page	http://www.festivaloftheforks.com/	uri	null
http://dbpedia.org/resource/Albion,_Michigan	Albion, Michigan	http://dbpedia.org/ontology/wikiPageExternalLink	Link from a Wikipage to an external page	http://www.greateralbionchamber.org/	uri	null
http://dbpedia.org/resource/Albion,_Michigan	Albion, Michigan	http://dbpedia.org/ontology/wikiPageExternalLink	Link from a Wikipage to an external page	http://www.michigan.gov/documents/MCD1960-1990C_33608_7.pdf	uri	null
http://dbpedia.org/resource/Albion,_Michigan	Albion, Michigan	http://dbpedia.org/ontology/wikiPageExternalLink	Link from a Wikipage to an external page	http://www.timara.oberlin.edu/%7Egnelson/gnelson.htm	uri	null
http://dbpedia.org/resource/Albion,_Michigan	Albion, Michigan	http://dbpedia.org/ontology/wikiPageID	Wikipage page ID	2346	http://www.w3.org/2001/XMLSchema#integer	
http://dbpedia.org/resource/Albion,_Michigan	Albion, Michigan	http://dbpedia.org/ontology/wikiPageLength	page length (characters) of wiki page	14617	http://www.w3.org/2001/XMLSchema#nonNegativeInteger	
http://dbpedia.org/resource/Albion,_Michigan	Albion, Michigan	http://dbpedia.org/ontology/wikiPageOutDegree	Wiki page out degree	64	http://www.w3.org/2001/XMLSchema#nonNegativeInteger	
http://dbpedia.org/resource/Albion,_Michigan	Albion, Michigan	http://dbpedia.org/ontology/wikiPageRevisionID	Wikipage revision ID	743098072	http://www.w3.org/2001/XMLSchema#integer	
http://dbpedia.org/resource/Albion,_Michigan	Albion, Michigan	http://purl.org/dc/terms/subject	Subject	http://dbpedia.org/resource/Category:Albion,_Michigan	entity	Albion, Michigan
http://dbpedia.org/resource/Albion,_Michigan	Albion, Michigan	http://purl.org/dc/terms/subject	Subject	http://dbpedia.org/resource/Category:Cities_in_Calhoun_County,_Michigan	entity	Cities in Calhoun County, Michigan
http://dbpedia.org/resource/Albion,_Michigan	Albion, Michigan	http://purl.org/dc/terms/subject	Subject	http://dbpedia.org/resource/Category:Cities_in_Michigan	entity	Cities in Michigan
http://dbpedia.org/resource/Albion,_Michigan	Albion, Michigan	http://purl.org/dc/terms/subject	Subject	http://dbpedia.org/resource/Category:Populated_places_established_in_1835	entity	Populated places established in 1835
http://dbpedia.org/resource/Albion,_Michigan	Albion, Michigan	http://www.georss.org/georss/point	null	42.24666666666667 -84.75333333333333	http://www.w3.org/2001/XMLSchema#string	
http://dbpedia.org/resource/Albion,_Michigan	Albion, Michigan	http://www.w3.org/1999/02/22-rdf-syntax-ns#type	type	http://dbpedia.org/ontology/City	entity	city
http://dbpedia.org/resource/Albion,_Michigan	Albion, Michigan	http://www.w3.org/1999/02/22-rdf-syntax-ns#type	type	http://dbpedia.org/ontology/Location	uri	null
http://dbpedia.org/resource/Albion,_Michigan	Albion, Michigan	http://www.w3.org/1999/02/22-rdf-syntax-ns#type	type	http://dbpedia.org/ontology/Place	entity	place
http://dbpedia.org/resource/Albion,_Michigan	Albion, Michigan	http://www.w3.org/1999/02/22-rdf-syntax-ns#type	type	http://dbpedia.org/ontology/PopulatedPlace	entity	populated place
http://dbpedia.org/resource/Albion,_Michigan	Albion, Michigan	http://www.w3.org/1999/02/22-rdf-syntax-ns#type	type	http://dbpedia.org/ontology/Settlement	entity	municipality
http://dbpedia.org/resource/Albion,_Michigan	Albion, Michigan	http://www.w3.org/1999/02/22-rdf-syntax-ns#type	type	http://schema.org/City	entity	City
http://dbpedia.org/resource/Albion,_Michigan	Albion, Michigan	http://www.w3.org/1999/02/22-rdf-syntax-ns#type	type	http://schema.org/Place	entity	Place
http://dbpedia.org/resource/Albion,_Michigan	Albion, Michigan	http://www.w3.org/1999/02/22-rdf-syntax-ns#type	type	http://www.w3.org/2002/07/owl#Thing	entity	Thing
http://dbpedia.org/resource/Albion,_Michigan	Albion, Michigan	http://www.w3.org/1999/02/22-rdf-syntax-ns#type	type	http://www.w3.org/2003/01/geo/wgs84_pos#SpatialThing	entity	Spatial Thing
http://dbpedia.org/resource/Albion,_Michigan	Albion, Michigan	http://www.w3.org/1999/02/22-rdf-syntax-ns#type	type	http://www.w3.org/2004/02/skos/core#Concept	entity	Concept
http://dbpedia.org/resource/Albion,_Michigan	Albion, Michigan	http://www.w3.org/1999/02/22-rdf-syntax-ns#type	type	http://www.wikidata.org/entity/Q486972	entity	human settlement
http://dbpedia.org/resource/Albion,_Michigan	Albion, Michigan	http://www.w3.org/1999/02/22-rdf-syntax-ns#type	type	http://www.wikidata.org/entity/Q515	entity	city
http://dbpedia.org/resource/Albion,_Michigan	Albion, Michigan	http://www.w3.org/2000/01/rdf-schema#comment	comment	Albion is a city in Calhoun County in the south central region of the Lower Peninsula of the U.S. state of Michigan. The population was 8,616 at the 2010 census and is part of the Battle Creek Metropolitan Statistical Area. From the time that the earliest English-speaking settlers arrived, the area has also been known as The Forks, because it is situated at the confluence of the north and south branches of the Kalamazoo River. The Festival of the Forks has been held annually since 1967 to celebrate Albion's ethnic heritage.	http://www.w3.org/1999/02/22-rdf-syntax-ns#langString	
http://dbpedia.org/resource/Albion,_Michigan	Albion, Michigan	http://www.w3.org/2000/01/rdf-schema#label	label	Albion, Michigan	http://www.w3.org/1999/02/22-rdf-syntax-ns#langString	
http://dbpedia.org/resource/Albion,_Michigan	Albion, Michigan	http://www.w3.org/2002/07/owl#sameAs	sameAs	http://dbpedia.org/resource/Albion,_Michigan	entity	Albion, Michigan
http://dbpedia.org/resource/Albion,_Michigan	Albion, Michigan	http://www.w3.org/2002/07/owl#sameAs	sameAs	http://rdf.freebase.com/ns/m.0yrn	entity	Albion
http://dbpedia.org/resource/Albion,_Michigan	Albion, Michigan	http://www.w3.org/2002/07/owl#sameAs	sameAs	http://sws.geonames.org/4983905/	entity	Albion
http://dbpedia.org/resource/Albion,_Michigan	Albion, Michigan	http://www.w3.org/2002/07/owl#sameAs	sameAs	http://www.wikidata.org/entity/Q2327553	entity	Albion
http://dbpedia.org/resource/Albion,_Michigan	Albion, Michigan	http://www.w3.org/2003/01/geo/wgs84_pos#lat	latitude	42.2467	http://www.w3.org/2001/XMLSchema#float	
http://dbpedia.org/resource/Albion,_Michigan	Albion, Michigan	http://www.w3.org/2003/01/geo/wgs84_pos#long	longtitude	-84.7533	http://www.w3.org/2001/XMLSchema#float	
http://dbpedia.org/resource/Albion,_Michigan	Albion, Michigan	http://www.w3.org/ns/prov#wasDerivedFrom	wasDerivedFrom	http://en.wikipedia.org/wiki/Albion,_Michigan?oldid=743098072	uri	null
http://dbpedia.org/resource/Albion,_Michigan	Albion, Michigan	http://xmlns.com/foaf/0.1/depiction	depiction	http://commons.wikimedia.org/wiki/Special:FilePath/Calhoun_County_Michigan_Incorporated_and_Unincorporated_areas_Albion_Highlighted.svg	uri	null
http://dbpedia.org/resource/Albion,_Michigan	Albion, Michigan	http://xmlns.com/foaf/0.1/isPrimaryTopicOf	is primary topic of	http://en.wikipedia.org/wiki/Albion,_Michigan	uri	null
http://dbpedia.org/resource/Albion,_Michigan	Albion, Michigan	http://xmlns.com/foaf/0.1/name	name	Albion, Michigan	http://www.w3.org/1999/02/22-rdf-syntax-ns#langString	
