sub	subl	prop	propl	obj	obj_t	obj_l
http://rdf.freebase.com/ns/m.0s1ft	Albion	http://rdf.freebase.com/key/authority.gnis	gnis	397366	http://www.w3.org/2001/XMLSchema#string	
http://rdf.freebase.com/ns/m.0s1ft	Albion	http://rdf.freebase.com/key/authority.hud.countyplace	countyplace	1603101000	http://www.w3.org/2001/XMLSchema#string	
http://rdf.freebase.com/ns/m.0s1ft	Albion	http://rdf.freebase.com/key/authority.nist.fips.55	55	1601000	http://www.w3.org/2001/XMLSchema#string	
http://rdf.freebase.com/ns/m.0s1ft	Albion	http://rdf.freebase.com/key/base.dspl.us_census.population.place	place	1601000	http://www.w3.org/2001/XMLSchema#string	
http://rdf.freebase.com/ns/m.0s1ft	Albion	http://rdf.freebase.com/key/en	com/key/en	albion_idaho	http://www.w3.org/2001/XMLSchema#string	
http://rdf.freebase.com/ns/m.0s1ft	Albion	http://rdf.freebase.com/key/wikipedia.en	en	Albion,_ID	http://www.w3.org/2001/XMLSchema#string	
http://rdf.freebase.com/ns/m.0s1ft	Albion	http://rdf.freebase.com/key/wikipedia.en	en	Albion,_Id	http://www.w3.org/2001/XMLSchema#string	
http://rdf.freebase.com/ns/m.0s1ft	Albion	http://rdf.freebase.com/key/wikipedia.en	en	Albion,_Idaho	http://www.w3.org/2001/XMLSchema#string	
http://rdf.freebase.com/ns/m.0s1ft	Albion	http://rdf.freebase.com/key/wikipedia.en_id	en_id	110662	http://www.w3.org/2001/XMLSchema#string	
http://rdf.freebase.com/ns/m.0s1ft	Albion	http://rdf.freebase.com/key/wikipedia.en_title	en_title	Albion,_Idaho	http://www.w3.org/2001/XMLSchema#string	
http://rdf.freebase.com/ns/m.0s1ft	Albion	http://rdf.freebase.com/ns/base.wikipedia_infobox.settlement.area_code	Area code	http://rdf.freebase.com/ns/m.08btlc	entity	Area code 208
http://rdf.freebase.com/ns/m.0s1ft	Albion	http://rdf.freebase.com/ns/common.topic.alias	Also known as	Albion, Idaho	http://www.w3.org/1999/02/22-rdf-syntax-ns#langString	
http://rdf.freebase.com/ns/m.0s1ft	Albion	http://rdf.freebase.com/ns/common.topic.alias	Also known as	Cassia County / Albion city	http://www.w3.org/1999/02/22-rdf-syntax-ns#langString	
http://rdf.freebase.com/ns/m.0s1ft	Albion	http://rdf.freebase.com/ns/common.topic.article	Article	Albion is a city in Cassia County, Idaho, United States. It is part of the Burley, Idaho Micropolitan Statistical Area. The population was 267 at the 2010 census. Albion was the county seat of Cassia County from 1879 to 1918. Albion is one of the few cities in the Magic Valley region of Idaho founded before 1900. Beginning in 1893 it was home of the Albion State Normal School, which trained many Idaho teachers. The school was closed in 1951 and its teaching programs were transferred to Idaho State College (now Idaho State University) in Pocatello. By 2006 the campus had fallen into serious disrepair. D. L. Evans Bank was founded in Albion in 1904. Although the bank's headquarters is now located in Burley, it continues to operate a branch in Albion. Albion is located at 42°24′39″N 113°34′51″W﻿ / ﻿42.41083°N 113.58083°W﻿ / 42.41083; -113.58083 (42.410882, -113.580901). According to the United States Census Bureau, the city has a total area of 0.4 square miles (1.0 km), all of it land. The college was later opened by the Church of Christ as Magic Valley Christian College. This was a part of Pepperdine College in Califorina. As of the census of 2000, there were 262 people, 108	http://www.w3.org/1999/02/22-rdf-syntax-ns#langString	
http://rdf.freebase.com/ns/m.0s1ft	Albion	http://rdf.freebase.com/ns/common.topic.description	Description	Albion is a city in Cassia County, Idaho, United States. It is part of the Burley, Idaho Micropolitan Statistical Area. The population was 267 at the 2010 census. Albion was the county seat of Cassia County from 1879 to 1918. Albion is one of the few cities in the Magic Valley region of Idaho founded before 1900. Beginning in 1893 it was home of the Albion State Normal School, which trained many Idaho teachers. The school was closed in 1951 and its teaching programs were transferred to Idaho State College in Pocatello. By 2006 the campus had fallen into serious disrepair. D. L. Evans Bank was founded in Albion in 1904. Although the bank's headquarters is now located in Burley, it continues to operate a branch in Albion.	http://www.w3.org/1999/02/22-rdf-syntax-ns#langString	
http://rdf.freebase.com/ns/m.0s1ft	Albion	http://rdf.freebase.com/ns/common.topic.image	Image	http://rdf.freebase.com/ns/m.0295nvy	entity	Location of Albion, Idaho
http://rdf.freebase.com/ns/m.0s1ft	Albion	http://rdf.freebase.com/ns/common.topic.notable_for	Notable for	City/Town/Village	http://www.w3.org/1999/02/22-rdf-syntax-ns#langString	
http://rdf.freebase.com/ns/m.0s1ft	Albion	http://rdf.freebase.com/ns/common.topic.notable_types	Notable types	http://rdf.freebase.com/ns/m.01m9	entity	City/Town/Village
http://rdf.freebase.com/ns/m.0s1ft	Albion	http://rdf.freebase.com/ns/common.topic.topic_equivalent_webpage	Topic equivalent webpage	http://ar.wikipedia.org/wiki/%23%44%28%4A%48%46_(%23%4A%2F%27%47%48)	uri	null
http://rdf.freebase.com/ns/m.0s1ft	Albion	http://rdf.freebase.com/ns/common.topic.topic_equivalent_webpage	Topic equivalent webpage	http://ar.wikipedia.org/wiki/index.html?curid=1363363	uri	null
http://rdf.freebase.com/ns/m.0s1ft	Albion	http://rdf.freebase.com/ns/common.topic.topic_equivalent_webpage	Topic equivalent webpage	http://bg.wikipedia.org/wiki/%10%3B%31%38%4A%3D_(%10%39%34%30%45%3E)	uri	null
http://rdf.freebase.com/ns/m.0s1ft	Albion	http://rdf.freebase.com/ns/common.topic.topic_equivalent_webpage	Topic equivalent webpage	http://bg.wikipedia.org/wiki/index.html?curid=268740	uri	null
http://rdf.freebase.com/ns/m.0s1ft	Albion	http://rdf.freebase.com/ns/common.topic.topic_equivalent_webpage	Topic equivalent webpage	http://ca.wikipedia.org/wiki/Albion_(Idaho)	uri	null
http://rdf.freebase.com/ns/m.0s1ft	Albion	http://rdf.freebase.com/ns/common.topic.topic_equivalent_webpage	Topic equivalent webpage	http://ca.wikipedia.org/wiki/index.html?curid=685762	uri	null
http://rdf.freebase.com/ns/m.0s1ft	Albion	http://rdf.freebase.com/ns/common.topic.topic_equivalent_webpage	Topic equivalent webpage	http://en.wikipedia.org/wiki/Albion,_Idaho	uri	null
http://rdf.freebase.com/ns/m.0s1ft	Albion	http://rdf.freebase.com/ns/common.topic.topic_equivalent_webpage	Topic equivalent webpage	http://en.wikipedia.org/wiki/index.html?curid=110662	uri	null
http://rdf.freebase.com/ns/m.0s1ft	Albion	http://rdf.freebase.com/ns/common.topic.topic_equivalent_webpage	Topic equivalent webpage	http://es.wikipedia.org/wiki/Albion_(Idaho)	uri	null
http://rdf.freebase.com/ns/m.0s1ft	Albion	http://rdf.freebase.com/ns/common.topic.topic_equivalent_webpage	Topic equivalent webpage	http://es.wikipedia.org/wiki/index.html?curid=4632154	uri	null
http://rdf.freebase.com/ns/m.0s1ft	Albion	http://rdf.freebase.com/ns/common.topic.topic_equivalent_webpage	Topic equivalent webpage	http://fa.wikipedia.org/wiki/%22%44%28%CC%48%46%0C_%22%CC%2F%27%47%48	uri	null
http://rdf.freebase.com/ns/m.0s1ft	Albion	http://rdf.freebase.com/ns/common.topic.topic_equivalent_webpage	Topic equivalent webpage	http://fa.wikipedia.org/wiki/index.html?curid=1159778	uri	null
http://rdf.freebase.com/ns/m.0s1ft	Albion	http://rdf.freebase.com/ns/common.topic.topic_equivalent_webpage	Topic equivalent webpage	http://geonames.usgs.gov/pls/gnispublic/f?p=gnispq:3:::NO::P3_FID:397366	uri	null
http://rdf.freebase.com/ns/m.0s1ft	Albion	http://rdf.freebase.com/ns/common.topic.topic_equivalent_webpage	Topic equivalent webpage	http://it.wikipedia.org/wiki/Albion_(Idaho)	uri	null
http://rdf.freebase.com/ns/m.0s1ft	Albion	http://rdf.freebase.com/ns/common.topic.topic_equivalent_webpage	Topic equivalent webpage	http://it.wikipedia.org/wiki/index.html?curid=3534150	uri	null
http://rdf.freebase.com/ns/m.0s1ft	Albion	http://rdf.freebase.com/ns/common.topic.topic_equivalent_webpage	Topic equivalent webpage	http://nl.wikipedia.org/wiki/Albion_(Idaho)	uri	null
http://rdf.freebase.com/ns/m.0s1ft	Albion	http://rdf.freebase.com/ns/common.topic.topic_equivalent_webpage	Topic equivalent webpage	http://nl.wikipedia.org/wiki/index.html?curid=1006387	uri	null
http://rdf.freebase.com/ns/m.0s1ft	Albion	http://rdf.freebase.com/ns/common.topic.topic_equivalent_webpage	Topic equivalent webpage	http://pl.wikipedia.org/wiki/Albion_(Idaho)	uri	null
http://rdf.freebase.com/ns/m.0s1ft	Albion	http://rdf.freebase.com/ns/common.topic.topic_equivalent_webpage	Topic equivalent webpage	http://pl.wikipedia.org/wiki/index.html?curid=3366833	uri	null
http://rdf.freebase.com/ns/m.0s1ft	Albion	http://rdf.freebase.com/ns/common.topic.topic_equivalent_webpage	Topic equivalent webpage	http://pt.wikipedia.org/wiki/Albion_(Idaho)	uri	null
http://rdf.freebase.com/ns/m.0s1ft	Albion	http://rdf.freebase.com/ns/common.topic.topic_equivalent_webpage	Topic equivalent webpage	http://pt.wikipedia.org/wiki/index.html?curid=1353372	uri	null
http://rdf.freebase.com/ns/m.0s1ft	Albion	http://rdf.freebase.com/ns/common.topic.topic_equivalent_webpage	Topic equivalent webpage	http://sr.wikipedia.org/wiki/%10%3B%31%38%3E%3D_(%10%58%34%30%45%3E)	uri	null
http://rdf.freebase.com/ns/m.0s1ft	Albion	http://rdf.freebase.com/ns/common.topic.topic_equivalent_webpage	Topic equivalent webpage	http://sr.wikipedia.org/wiki/index.html?curid=760324	uri	null
http://rdf.freebase.com/ns/m.0s1ft	Albion	http://rdf.freebase.com/ns/kg.object_profile.prominent_type	prominent type	http://rdf.freebase.com/ns/location.citytown	entity	City/Town/Village
http://rdf.freebase.com/ns/m.0s1ft	Albion	http://rdf.freebase.com/ns/location.citytown.postal_codes	Postal codes	http://rdf.freebase.com/ns/m.01_54bz	entity	83311
http://rdf.freebase.com/ns/m.0s1ft	Albion	http://rdf.freebase.com/ns/location.hud_county_place.county	County	http://rdf.freebase.com/ns/m.0nwbv	entity	Cassia County
http://rdf.freebase.com/ns/m.0s1ft	Albion	http://rdf.freebase.com/ns/location.hud_county_place.countyplace_id	County Place ID	1603101000	http://www.w3.org/2001/XMLSchema#string	
http://rdf.freebase.com/ns/m.0s1ft	Albion	http://rdf.freebase.com/ns/location.hud_county_place.place	Place	http://rdf.freebase.com/ns/m.0s1ft	entity	Albion
http://rdf.freebase.com/ns/m.0s1ft	Albion	http://rdf.freebase.com/ns/location.hud_foreclosure_area.bls_unemployment_rate	BLS Unemployment Rate (%)	0.0286	http://www.w3.org/2001/XMLSchema#string	
http://rdf.freebase.com/ns/m.0s1ft	Albion	http://rdf.freebase.com/ns/location.hud_foreclosure_area.estimated_number_foreclosures	Estimated Number of Foreclosures	0	http://www.w3.org/2001/XMLSchema#string	
http://rdf.freebase.com/ns/m.0s1ft	Albion	http://rdf.freebase.com/ns/location.hud_foreclosure_area.estimated_number_of_mortgages	Estimated Number of Mortgages	16	http://www.w3.org/2001/XMLSchema#string	
http://rdf.freebase.com/ns/m.0s1ft	Albion	http://rdf.freebase.com/ns/location.hud_foreclosure_area.hhuniv	Household Count	91	http://www.w3.org/2001/XMLSchema#string	
http://rdf.freebase.com/ns/m.0s1ft	Albion	http://rdf.freebase.com/ns/location.hud_foreclosure_area.ofheo_price_change	OFHEO Price Change (%)	0.0	http://www.w3.org/2001/XMLSchema#string	
http://rdf.freebase.com/ns/m.0s1ft	Albion	http://rdf.freebase.com/ns/location.hud_foreclosure_area.total_90_day_vacant_residential_addresses	90-Day Vacant Residential Addresses	0	http://www.w3.org/2001/XMLSchema#string	
http://rdf.freebase.com/ns/m.0s1ft	Albion	http://rdf.freebase.com/ns/location.hud_foreclosure_area.total_residential_addresses	Total Residential Addresses	64	http://www.w3.org/2001/XMLSchema#string	
http://rdf.freebase.com/ns/m.0s1ft	Albion	http://rdf.freebase.com/ns/location.location.area	Area	1.22	http://www.w3.org/2001/XMLSchema#string	
http://rdf.freebase.com/ns/m.0s1ft	Albion	http://rdf.freebase.com/ns/location.location.containedby	Contained by	http://rdf.freebase.com/ns/m.03s5t	entity	Idaho
http://rdf.freebase.com/ns/m.0s1ft	Albion	http://rdf.freebase.com/ns/location.location.containedby	Contained by	http://rdf.freebase.com/ns/m.09c7w0	entity	United States of America
http://rdf.freebase.com/ns/m.0s1ft	Albion	http://rdf.freebase.com/ns/location.location.containedby	Contained by	http://rdf.freebase.com/ns/m.0nwbv	entity	Cassia County
http://rdf.freebase.com/ns/m.0s1ft	Albion	http://rdf.freebase.com/ns/location.location.contains	Contains	http://rdf.freebase.com/ns/m.043twxh	entity	Magic Valley Christian College
http://rdf.freebase.com/ns/m.0s1ft	Albion	http://rdf.freebase.com/ns/location.location.contains	Contains	http://rdf.freebase.com/ns/m.0fjm9j	entity	Albion State Normal School
http://rdf.freebase.com/ns/m.0s1ft	Albion	http://rdf.freebase.com/ns/location.location.contains	Contains	http://rdf.freebase.com/ns/m.0h_btx1	entity	Albion Methodist Church
http://rdf.freebase.com/ns/m.0s1ft	Albion	http://rdf.freebase.com/ns/location.location.gnis_feature_id	GNIS ID	397366	http://www.w3.org/2001/XMLSchema#string	
http://rdf.freebase.com/ns/m.0s1ft	Albion	http://rdf.freebase.com/ns/location.location.people_born_here	People born here	http://rdf.freebase.com/ns/m.04zmxgk	entity	Ivan H. Parke
http://rdf.freebase.com/ns/m.0s1ft	Albion	http://rdf.freebase.com/ns/location.location.people_born_here	People born here	http://rdf.freebase.com/ns/m.04zmydl	entity	Burley Parke
http://rdf.freebase.com/ns/m.0s1ft	Albion	http://rdf.freebase.com/ns/location.location.time_zones	Time zone(s)	http://rdf.freebase.com/ns/m.02hczc	entity	Mountain Time Zone
http://rdf.freebase.com/ns/m.0s1ft	Albion	http://rdf.freebase.com/ns/location.statistical_region.population	Population	250	http://www.w3.org/2001/XMLSchema#string	
http://rdf.freebase.com/ns/m.0s1ft	Albion	http://rdf.freebase.com/ns/location.statistical_region.population	Population	252	http://www.w3.org/2001/XMLSchema#string	
http://rdf.freebase.com/ns/m.0s1ft	Albion	http://rdf.freebase.com/ns/location.statistical_region.population	Population	253	http://www.w3.org/2001/XMLSchema#string	
http://rdf.freebase.com/ns/m.0s1ft	Albion	http://rdf.freebase.com/ns/location.statistical_region.population	Population	254	http://www.w3.org/2001/XMLSchema#string	
http://rdf.freebase.com/ns/m.0s1ft	Albion	http://rdf.freebase.com/ns/location.statistical_region.population	Population	257	http://www.w3.org/2001/XMLSchema#string	
http://rdf.freebase.com/ns/m.0s1ft	Albion	http://rdf.freebase.com/ns/location.statistical_region.population	Population	258	http://www.w3.org/2001/XMLSchema#string	
http://rdf.freebase.com/ns/m.0s1ft	Albion	http://rdf.freebase.com/ns/location.statistical_region.population	Population	260	http://www.w3.org/2001/XMLSchema#string	
http://rdf.freebase.com/ns/m.0s1ft	Albion	http://rdf.freebase.com/ns/location.statistical_region.population	Population	262	http://www.w3.org/2001/XMLSchema#string	
http://rdf.freebase.com/ns/m.0s1ft	Albion	http://rdf.freebase.com/ns/location.statistical_region.population	Population	267	http://www.w3.org/2001/XMLSchema#string	
http://rdf.freebase.com/ns/m.0s1ft	Albion	http://rdf.freebase.com/ns/location.statistical_region.population	Population	268	http://www.w3.org/2001/XMLSchema#string	
http://rdf.freebase.com/ns/m.0s1ft	Albion	http://rdf.freebase.com/ns/location.statistical_region.population	Population	269	http://www.w3.org/2001/XMLSchema#string	
http://rdf.freebase.com/ns/m.0s1ft	Albion	http://rdf.freebase.com/ns/location.statistical_region.population	Population	271	http://www.w3.org/2001/XMLSchema#string	
http://rdf.freebase.com/ns/m.0s1ft	Albion	http://rdf.freebase.com/ns/location.statistical_region.population	Population	272	http://www.w3.org/2001/XMLSchema#string	
http://rdf.freebase.com/ns/m.0s1ft	Albion	http://rdf.freebase.com/ns/location.statistical_region.population	Population	303	http://www.w3.org/2001/XMLSchema#string	
http://rdf.freebase.com/ns/m.0s1ft	Albion	http://rdf.freebase.com/ns/location.statistical_region.population	Population	307	http://www.w3.org/2001/XMLSchema#string	
http://rdf.freebase.com/ns/m.0s1ft	Albion	http://rdf.freebase.com/ns/location.statistical_region.population	Population	313	http://www.w3.org/2001/XMLSchema#string	
http://rdf.freebase.com/ns/m.0s1ft	Albion	http://rdf.freebase.com/ns/location.statistical_region.population	Population	317	http://www.w3.org/2001/XMLSchema#string	
http://rdf.freebase.com/ns/m.0s1ft	Albion	http://rdf.freebase.com/ns/location.statistical_region.population	Population	323	http://www.w3.org/2001/XMLSchema#string	
http://rdf.freebase.com/ns/m.0s1ft	Albion	http://rdf.freebase.com/ns/location.statistical_region.population	Population	330	http://www.w3.org/2001/XMLSchema#string	
http://rdf.freebase.com/ns/m.0s1ft	Albion	http://rdf.freebase.com/ns/location.statistical_region.population	Population	333	http://www.w3.org/2001/XMLSchema#string	
http://rdf.freebase.com/ns/m.0s1ft	Albion	http://rdf.freebase.com/ns/location.statistical_region.population	Population	336	http://www.w3.org/2001/XMLSchema#string	
http://rdf.freebase.com/ns/m.0s1ft	Albion	http://rdf.freebase.com/ns/location.statistical_region.population	Population	341	http://www.w3.org/2001/XMLSchema#string	
http://rdf.freebase.com/ns/m.0s1ft	Albion	http://rdf.freebase.com/ns/topic_server.population_number	population number	250	http://www.w3.org/2001/XMLSchema#string	
http://rdf.freebase.com/ns/m.0s1ft	Albion	http://rdf.freebase.com/ns/topic_server.population_number	population number	252	http://www.w3.org/2001/XMLSchema#string	
http://rdf.freebase.com/ns/m.0s1ft	Albion	http://rdf.freebase.com/ns/topic_server.population_number	population number	253	http://www.w3.org/2001/XMLSchema#string	
http://rdf.freebase.com/ns/m.0s1ft	Albion	http://rdf.freebase.com/ns/topic_server.population_number	population number	254	http://www.w3.org/2001/XMLSchema#string	
http://rdf.freebase.com/ns/m.0s1ft	Albion	http://rdf.freebase.com/ns/topic_server.population_number	population number	257	http://www.w3.org/2001/XMLSchema#string	
http://rdf.freebase.com/ns/m.0s1ft	Albion	http://rdf.freebase.com/ns/topic_server.population_number	population number	258	http://www.w3.org/2001/XMLSchema#string	
http://rdf.freebase.com/ns/m.0s1ft	Albion	http://rdf.freebase.com/ns/topic_server.population_number	population number	260	http://www.w3.org/2001/XMLSchema#string	
http://rdf.freebase.com/ns/m.0s1ft	Albion	http://rdf.freebase.com/ns/topic_server.population_number	population number	262	http://www.w3.org/2001/XMLSchema#string	
http://rdf.freebase.com/ns/m.0s1ft	Albion	http://rdf.freebase.com/ns/topic_server.population_number	population number	267	http://www.w3.org/2001/XMLSchema#string	
http://rdf.freebase.com/ns/m.0s1ft	Albion	http://rdf.freebase.com/ns/topic_server.population_number	population number	268	http://www.w3.org/2001/XMLSchema#string	
http://rdf.freebase.com/ns/m.0s1ft	Albion	http://rdf.freebase.com/ns/topic_server.population_number	population number	269	http://www.w3.org/2001/XMLSchema#string	
http://rdf.freebase.com/ns/m.0s1ft	Albion	http://rdf.freebase.com/ns/topic_server.population_number	population number	271	http://www.w3.org/2001/XMLSchema#string	
http://rdf.freebase.com/ns/m.0s1ft	Albion	http://rdf.freebase.com/ns/topic_server.population_number	population number	272	http://www.w3.org/2001/XMLSchema#string	
http://rdf.freebase.com/ns/m.0s1ft	Albion	http://rdf.freebase.com/ns/topic_server.population_number	population number	303	http://www.w3.org/2001/XMLSchema#string	
http://rdf.freebase.com/ns/m.0s1ft	Albion	http://rdf.freebase.com/ns/topic_server.population_number	population number	307	http://www.w3.org/2001/XMLSchema#string	
http://rdf.freebase.com/ns/m.0s1ft	Albion	http://rdf.freebase.com/ns/topic_server.population_number	population number	313	http://www.w3.org/2001/XMLSchema#string	
http://rdf.freebase.com/ns/m.0s1ft	Albion	http://rdf.freebase.com/ns/topic_server.population_number	population number	317	http://www.w3.org/2001/XMLSchema#string	
http://rdf.freebase.com/ns/m.0s1ft	Albion	http://rdf.freebase.com/ns/topic_server.population_number	population number	323	http://www.w3.org/2001/XMLSchema#string	
http://rdf.freebase.com/ns/m.0s1ft	Albion	http://rdf.freebase.com/ns/topic_server.population_number	population number	330	http://www.w3.org/2001/XMLSchema#string	
http://rdf.freebase.com/ns/m.0s1ft	Albion	http://rdf.freebase.com/ns/topic_server.population_number	population number	333	http://www.w3.org/2001/XMLSchema#string	
http://rdf.freebase.com/ns/m.0s1ft	Albion	http://rdf.freebase.com/ns/topic_server.population_number	population number	336	http://www.w3.org/2001/XMLSchema#string	
http://rdf.freebase.com/ns/m.0s1ft	Albion	http://rdf.freebase.com/ns/topic_server.population_number	population number	341	http://www.w3.org/2001/XMLSchema#string	
http://rdf.freebase.com/ns/m.0s1ft	Albion	http://rdf.freebase.com/ns/type.object.key	Key	/authority/gnis/397366	http://www.w3.org/2001/XMLSchema#string	
http://rdf.freebase.com/ns/m.0s1ft	Albion	http://rdf.freebase.com/ns/type.object.key	Key	/authority/hud/countyplace/1603101000	http://www.w3.org/2001/XMLSchema#string	
http://rdf.freebase.com/ns/m.0s1ft	Albion	http://rdf.freebase.com/ns/type.object.key	Key	/authority/nist/fips/55/1601000	http://www.w3.org/2001/XMLSchema#string	
http://rdf.freebase.com/ns/m.0s1ft	Albion	http://rdf.freebase.com/ns/type.object.key	Key	/base/dspl/us_census/population/place/1601000	http://www.w3.org/2001/XMLSchema#string	
http://rdf.freebase.com/ns/m.0s1ft	Albion	http://rdf.freebase.com/ns/type.object.key	Key	/en/albion_idaho	http://www.w3.org/2001/XMLSchema#string	
http://rdf.freebase.com/ns/m.0s1ft	Albion	http://rdf.freebase.com/ns/type.object.key	Key	/wikipedia/ar/ألبيون_(أيداهو)	http://www.w3.org/2001/XMLSchema#string	
http://rdf.freebase.com/ns/m.0s1ft	Albion	http://rdf.freebase.com/ns/type.object.key	Key	/wikipedia/ar/ألبيون،_أيداهو	http://www.w3.org/2001/XMLSchema#string	
http://rdf.freebase.com/ns/m.0s1ft	Albion	http://rdf.freebase.com/ns/type.object.key	Key	/wikipedia/ar_id/1363363	http://www.w3.org/2001/XMLSchema#string	
http://rdf.freebase.com/ns/m.0s1ft	Albion	http://rdf.freebase.com/ns/type.object.key	Key	/wikipedia/ar_title/ألبيون_(أيداهو)	http://www.w3.org/2001/XMLSchema#string	
http://rdf.freebase.com/ns/m.0s1ft	Albion	http://rdf.freebase.com/ns/type.object.key	Key	/wikipedia/bg/Албиън_(Айдахо)	http://www.w3.org/2001/XMLSchema#string	
http://rdf.freebase.com/ns/m.0s1ft	Albion	http://rdf.freebase.com/ns/type.object.key	Key	/wikipedia/bg_id/268740	http://www.w3.org/2001/XMLSchema#string	
http://rdf.freebase.com/ns/m.0s1ft	Albion	http://rdf.freebase.com/ns/type.object.key	Key	/wikipedia/bg_title/Албиън_(Айдахо)	http://www.w3.org/2001/XMLSchema#string	
http://rdf.freebase.com/ns/m.0s1ft	Albion	http://rdf.freebase.com/ns/type.object.key	Key	/wikipedia/ca/Albion_(Idaho)	http://www.w3.org/2001/XMLSchema#string	
http://rdf.freebase.com/ns/m.0s1ft	Albion	http://rdf.freebase.com/ns/type.object.key	Key	/wikipedia/ca_id/685762	http://www.w3.org/2001/XMLSchema#string	
http://rdf.freebase.com/ns/m.0s1ft	Albion	http://rdf.freebase.com/ns/type.object.key	Key	/wikipedia/ca_title/Albion_(Idaho)	http://www.w3.org/2001/XMLSchema#string	
http://rdf.freebase.com/ns/m.0s1ft	Albion	http://rdf.freebase.com/ns/type.object.key	Key	/wikipedia/en/Albion,_ID	http://www.w3.org/2001/XMLSchema#string	
http://rdf.freebase.com/ns/m.0s1ft	Albion	http://rdf.freebase.com/ns/type.object.key	Key	/wikipedia/en/Albion,_Id	http://www.w3.org/2001/XMLSchema#string	
http://rdf.freebase.com/ns/m.0s1ft	Albion	http://rdf.freebase.com/ns/type.object.key	Key	/wikipedia/en/Albion,_Idaho	http://www.w3.org/2001/XMLSchema#string	
http://rdf.freebase.com/ns/m.0s1ft	Albion	http://rdf.freebase.com/ns/type.object.key	Key	/wikipedia/en_id/110662	http://www.w3.org/2001/XMLSchema#string	
http://rdf.freebase.com/ns/m.0s1ft	Albion	http://rdf.freebase.com/ns/type.object.key	Key	/wikipedia/en_title/Albion,_Idaho	http://www.w3.org/2001/XMLSchema#string	
http://rdf.freebase.com/ns/m.0s1ft	Albion	http://rdf.freebase.com/ns/type.object.key	Key	/wikipedia/es/Albion_(Idaho)	http://www.w3.org/2001/XMLSchema#string	
http://rdf.freebase.com/ns/m.0s1ft	Albion	http://rdf.freebase.com/ns/type.object.key	Key	/wikipedia/es_id/4632154	http://www.w3.org/2001/XMLSchema#string	
http://rdf.freebase.com/ns/m.0s1ft	Albion	http://rdf.freebase.com/ns/type.object.key	Key	/wikipedia/es_title/Albion_(Idaho)	http://www.w3.org/2001/XMLSchema#string	
http://rdf.freebase.com/ns/m.0s1ft	Albion	http://rdf.freebase.com/ns/type.object.key	Key	/wikipedia/fa/آلبيون،_آيداهو	http://www.w3.org/2001/XMLSchema#string	
http://rdf.freebase.com/ns/m.0s1ft	Albion	http://rdf.freebase.com/ns/type.object.key	Key	/wikipedia/fa/آلبیون،_آیداهو	http://www.w3.org/2001/XMLSchema#string	
http://rdf.freebase.com/ns/m.0s1ft	Albion	http://rdf.freebase.com/ns/type.object.key	Key	/wikipedia/fa/البيون،_ايداهو	http://www.w3.org/2001/XMLSchema#string	
http://rdf.freebase.com/ns/m.0s1ft	Albion	http://rdf.freebase.com/ns/type.object.key	Key	/wikipedia/fa/البیون،_ایداهو	http://www.w3.org/2001/XMLSchema#string	
http://rdf.freebase.com/ns/m.0s1ft	Albion	http://rdf.freebase.com/ns/type.object.key	Key	/wikipedia/fa_id/1159778	http://www.w3.org/2001/XMLSchema#string	
http://rdf.freebase.com/ns/m.0s1ft	Albion	http://rdf.freebase.com/ns/type.object.key	Key	/wikipedia/fa_title/آلبیون،_آیداهو	http://www.w3.org/2001/XMLSchema#string	
http://rdf.freebase.com/ns/m.0s1ft	Albion	http://rdf.freebase.com/ns/type.object.key	Key	/wikipedia/it/Albion_(Idaho)	http://www.w3.org/2001/XMLSchema#string	
http://rdf.freebase.com/ns/m.0s1ft	Albion	http://rdf.freebase.com/ns/type.object.key	Key	/wikipedia/it_id/3534150	http://www.w3.org/2001/XMLSchema#string	
http://rdf.freebase.com/ns/m.0s1ft	Albion	http://rdf.freebase.com/ns/type.object.key	Key	/wikipedia/it_title/Albion_(Idaho)	http://www.w3.org/2001/XMLSchema#string	
http://rdf.freebase.com/ns/m.0s1ft	Albion	http://rdf.freebase.com/ns/type.object.key	Key	/wikipedia/nl/Albion_(Idaho)	http://www.w3.org/2001/XMLSchema#string	
http://rdf.freebase.com/ns/m.0s1ft	Albion	http://rdf.freebase.com/ns/type.object.key	Key	/wikipedia/nl_id/1006387	http://www.w3.org/2001/XMLSchema#string	
http://rdf.freebase.com/ns/m.0s1ft	Albion	http://rdf.freebase.com/ns/type.object.key	Key	/wikipedia/nl_title/Albion_(Idaho)	http://www.w3.org/2001/XMLSchema#string	
http://rdf.freebase.com/ns/m.0s1ft	Albion	http://rdf.freebase.com/ns/type.object.key	Key	/wikipedia/pl/Albion_(Idaho)	http://www.w3.org/2001/XMLSchema#string	
http://rdf.freebase.com/ns/m.0s1ft	Albion	http://rdf.freebase.com/ns/type.object.key	Key	/wikipedia/pl_id/3366833	http://www.w3.org/2001/XMLSchema#string	
http://rdf.freebase.com/ns/m.0s1ft	Albion	http://rdf.freebase.com/ns/type.object.key	Key	/wikipedia/pl_title/Albion_(Idaho)	http://www.w3.org/2001/XMLSchema#string	
http://rdf.freebase.com/ns/m.0s1ft	Albion	http://rdf.freebase.com/ns/type.object.key	Key	/wikipedia/pt/Albion_(Idaho)	http://www.w3.org/2001/XMLSchema#string	
http://rdf.freebase.com/ns/m.0s1ft	Albion	http://rdf.freebase.com/ns/type.object.key	Key	/wikipedia/pt_id/1353372	http://www.w3.org/2001/XMLSchema#string	
http://rdf.freebase.com/ns/m.0s1ft	Albion	http://rdf.freebase.com/ns/type.object.key	Key	/wikipedia/pt_title/Albion_(Idaho)	http://www.w3.org/2001/XMLSchema#string	
http://rdf.freebase.com/ns/m.0s1ft	Albion	http://rdf.freebase.com/ns/type.object.key	Key	/wikipedia/sr/Albion,_ID	http://www.w3.org/2001/XMLSchema#string	
http://rdf.freebase.com/ns/m.0s1ft	Albion	http://rdf.freebase.com/ns/type.object.key	Key	/wikipedia/sr/Albion,_Idaho	http://www.w3.org/2001/XMLSchema#string	
http://rdf.freebase.com/ns/m.0s1ft	Albion	http://rdf.freebase.com/ns/type.object.key	Key	/wikipedia/sr/Albion_(ID)	http://www.w3.org/2001/XMLSchema#string	
http://rdf.freebase.com/ns/m.0s1ft	Albion	http://rdf.freebase.com/ns/type.object.key	Key	/wikipedia/sr/Albion_(Idaho)	http://www.w3.org/2001/XMLSchema#string	
http://rdf.freebase.com/ns/m.0s1ft	Albion	http://rdf.freebase.com/ns/type.object.key	Key	/wikipedia/sr/Албион,_ID	http://www.w3.org/2001/XMLSchema#string	
http://rdf.freebase.com/ns/m.0s1ft	Albion	http://rdf.freebase.com/ns/type.object.key	Key	/wikipedia/sr/Албион,_Ајдахо	http://www.w3.org/2001/XMLSchema#string	
http://rdf.freebase.com/ns/m.0s1ft	Albion	http://rdf.freebase.com/ns/type.object.key	Key	/wikipedia/sr/Албион_(ID)	http://www.w3.org/2001/XMLSchema#string	
http://rdf.freebase.com/ns/m.0s1ft	Albion	http://rdf.freebase.com/ns/type.object.key	Key	/wikipedia/sr/Албион_(Ајдахо)	http://www.w3.org/2001/XMLSchema#string	
http://rdf.freebase.com/ns/m.0s1ft	Albion	http://rdf.freebase.com/ns/type.object.key	Key	/wikipedia/sr_id/760324	http://www.w3.org/2001/XMLSchema#string	
http://rdf.freebase.com/ns/m.0s1ft	Albion	http://rdf.freebase.com/ns/type.object.key	Key	/wikipedia/sr_title/Албион_(Ајдахо)	http://www.w3.org/2001/XMLSchema#string	
http://rdf.freebase.com/ns/m.0s1ft	Albion	http://rdf.freebase.com/ns/type.object.name	Name	Albion	http://www.w3.org/1999/02/22-rdf-syntax-ns#langString	
http://rdf.freebase.com/ns/m.0s1ft	Albion	http://rdf.freebase.com/ns/type.object.type	Type	http://rdf.freebase.com/ns/base.type_ontology.abstract	entity	Abstract
http://rdf.freebase.com/ns/m.0s1ft	Albion	http://rdf.freebase.com/ns/type.object.type	Type	http://rdf.freebase.com/ns/base.type_ontology.agent	entity	Agent
http://rdf.freebase.com/ns/m.0s1ft	Albion	http://rdf.freebase.com/ns/type.object.type	Type	http://rdf.freebase.com/ns/base.type_ontology.inanimate	entity	Inanimate
http://rdf.freebase.com/ns/m.0s1ft	Albion	http://rdf.freebase.com/ns/type.object.type	Type	http://rdf.freebase.com/ns/base.wikipedia_infobox.settlement	entity	Settlement
http://rdf.freebase.com/ns/m.0s1ft	Albion	http://rdf.freebase.com/ns/type.object.type	Type	http://rdf.freebase.com/ns/common.topic	entity	Topic
http://rdf.freebase.com/ns/m.0s1ft	Albion	http://rdf.freebase.com/ns/type.object.type	Type	http://rdf.freebase.com/ns/location.citytown	entity	City/Town/Village
http://rdf.freebase.com/ns/m.0s1ft	Albion	http://rdf.freebase.com/ns/type.object.type	Type	http://rdf.freebase.com/ns/location.dated_location	entity	Dated location
http://rdf.freebase.com/ns/m.0s1ft	Albion	http://rdf.freebase.com/ns/type.object.type	Type	http://rdf.freebase.com/ns/location.hud_county_place	entity	HUD County Place
http://rdf.freebase.com/ns/m.0s1ft	Albion	http://rdf.freebase.com/ns/type.object.type	Type	http://rdf.freebase.com/ns/location.hud_foreclosure_area	entity	HUD Foreclosure Area
http://rdf.freebase.com/ns/m.0s1ft	Albion	http://rdf.freebase.com/ns/type.object.type	Type	http://rdf.freebase.com/ns/location.location	entity	Location
http://rdf.freebase.com/ns/m.0s1ft	Albion	http://rdf.freebase.com/ns/type.object.type	Type	http://rdf.freebase.com/ns/location.statistical_region	entity	Statistical region
http://rdf.freebase.com/ns/m.0s1ft	Albion	http://www.w3.org/1999/02/22-rdf-syntax-ns#type	type	http://rdf.freebase.com/ns/base.type_ontology.abstract	entity	Abstract
http://rdf.freebase.com/ns/m.0s1ft	Albion	http://www.w3.org/1999/02/22-rdf-syntax-ns#type	type	http://rdf.freebase.com/ns/base.type_ontology.agent	entity	Agent
http://rdf.freebase.com/ns/m.0s1ft	Albion	http://www.w3.org/1999/02/22-rdf-syntax-ns#type	type	http://rdf.freebase.com/ns/base.type_ontology.inanimate	entity	Inanimate
http://rdf.freebase.com/ns/m.0s1ft	Albion	http://www.w3.org/1999/02/22-rdf-syntax-ns#type	type	http://rdf.freebase.com/ns/base.wikipedia_infobox.settlement	entity	Settlement
http://rdf.freebase.com/ns/m.0s1ft	Albion	http://www.w3.org/1999/02/22-rdf-syntax-ns#type	type	http://rdf.freebase.com/ns/common.topic	entity	Topic
http://rdf.freebase.com/ns/m.0s1ft	Albion	http://www.w3.org/1999/02/22-rdf-syntax-ns#type	type	http://rdf.freebase.com/ns/location.citytown	entity	City/Town/Village
http://rdf.freebase.com/ns/m.0s1ft	Albion	http://www.w3.org/1999/02/22-rdf-syntax-ns#type	type	http://rdf.freebase.com/ns/location.dated_location	entity	Dated location
http://rdf.freebase.com/ns/m.0s1ft	Albion	http://www.w3.org/1999/02/22-rdf-syntax-ns#type	type	http://rdf.freebase.com/ns/location.hud_county_place	entity	HUD County Place
http://rdf.freebase.com/ns/m.0s1ft	Albion	http://www.w3.org/1999/02/22-rdf-syntax-ns#type	type	http://rdf.freebase.com/ns/location.hud_foreclosure_area	entity	HUD Foreclosure Area
http://rdf.freebase.com/ns/m.0s1ft	Albion	http://www.w3.org/1999/02/22-rdf-syntax-ns#type	type	http://rdf.freebase.com/ns/location.location	entity	Location
http://rdf.freebase.com/ns/m.0s1ft	Albion	http://www.w3.org/1999/02/22-rdf-syntax-ns#type	type	http://rdf.freebase.com/ns/location.statistical_region	entity	Statistical region
http://rdf.freebase.com/ns/m.0s1ft	Albion	http://www.w3.org/2000/01/rdf-schema#label	label	Albion	http://www.w3.org/1999/02/22-rdf-syntax-ns#langString	
http://rdf.freebase.com/ns/m.0s1ft	Albion	http://www.w3.org/2000/01/rdf-schema#label	label	آلبیون، آیداهو	http://www.w3.org/2001/XMLSchema#string	
http://rdf.freebase.com/ns/m.0s1ft	Albion	http://www.w3.org/2003/01/geo/wgs84_pos#lat	latitude	42.410833	http://www.w3.org/2001/XMLSchema#float	
http://rdf.freebase.com/ns/m.0s1ft	Albion	http://www.w3.org/2003/01/geo/wgs84_pos#long	longitude	-113.580833	http://www.w3.org/2001/XMLSchema#float	
