sub	subl	prop	propl	obj	obj_t	obj_l
http://rdf.freebase.com/ns/m.0t196	Albion	http://rdf.freebase.com/key/authority.gnis	gnis	454115	http://www.w3.org/2001/XMLSchema#string	
http://rdf.freebase.com/ns/m.0t196	Albion	http://rdf.freebase.com/key/authority.hud.countyplace	countyplace	1912700955	http://www.w3.org/2001/XMLSchema#string	
http://rdf.freebase.com/ns/m.0t196	Albion	http://rdf.freebase.com/key/authority.nist.fips.55	55	1900955	http://www.w3.org/2001/XMLSchema#string	
http://rdf.freebase.com/ns/m.0t196	Albion	http://rdf.freebase.com/key/base.dspl.us_census.population.place	place	1900955	http://www.w3.org/2001/XMLSchema#string	
http://rdf.freebase.com/ns/m.0t196	Albion	http://rdf.freebase.com/key/en	com/key/en	albion_iowa	http://www.w3.org/2001/XMLSchema#string	
http://rdf.freebase.com/ns/m.0t196	Albion	http://rdf.freebase.com/key/wikipedia.en	en	Albion,_IA	http://www.w3.org/2001/XMLSchema#string	
http://rdf.freebase.com/ns/m.0t196	Albion	http://rdf.freebase.com/key/wikipedia.en	en	Albion,_Iowa	http://www.w3.org/2001/XMLSchema#string	
http://rdf.freebase.com/ns/m.0t196	Albion	http://rdf.freebase.com/key/wikipedia.en_id	en_id	114049	http://www.w3.org/2001/XMLSchema#string	
http://rdf.freebase.com/ns/m.0t196	Albion	http://rdf.freebase.com/key/wikipedia.en_title	en_title	Albion,_Iowa	http://www.w3.org/2001/XMLSchema#string	
http://rdf.freebase.com/ns/m.0t196	Albion	http://rdf.freebase.com/ns/base.wikipedia_infobox.settlement.area_code	Area code	http://rdf.freebase.com/ns/m.0czg8x	entity	Area code 641
http://rdf.freebase.com/ns/m.0t196	Albion	http://rdf.freebase.com/ns/common.topic.alias	Also known as	Albion, Iowa	http://www.w3.org/1999/02/22-rdf-syntax-ns#langString	
http://rdf.freebase.com/ns/m.0t196	Albion	http://rdf.freebase.com/ns/common.topic.alias	Also known as	Marshall County / Albion city	http://www.w3.org/1999/02/22-rdf-syntax-ns#langString	
http://rdf.freebase.com/ns/m.0t196	Albion	http://rdf.freebase.com/ns/common.topic.article	Article	Albion is a city in Marshall County, Iowa, United States. The population was 505 at the 2010 census. Albion is located at 42°6′42″N 92°59′27″W﻿ / ﻿42.11167°N 92.99083°W﻿ / 42.11167; -92.99083 (42.111745, -92.990757). According to the United States Census Bureau, the city has a total area of 0.6 square miles (1.54 km²), all of it land. As of the census of 2010, there were 505 people, 206 households, and 147 families residing in the town. The population density was 848.7 people per square mile (327.7/km²). There were 220 housing units at an average density of 369.7 per square mile (142.8/km²). The racial makeup of the town was 97.8% White, 0.2% African American, 0.4Pacific Islander, and 1.6% from two or more races. Hispanic or Latino of any race were 1.8% of the population. There were 206 households out of which 27.7% had children under the age of 18 living with them, 55.8% were married couples living together, 6.3% had a female householder with no husband present, 9.2% had a male householder with no wife present, and 28.6% were non-families. 23.8% of all households were made up of individuals and 8.8% had someone living alone who was 65 years of age or older. The average household	http://www.w3.org/1999/02/22-rdf-syntax-ns#langString	
http://rdf.freebase.com/ns/m.0t196	Albion	http://rdf.freebase.com/ns/common.topic.description	Description	Albion is a city in Marshall County, Iowa, United States. The population was 505 at the 2010 census.	http://www.w3.org/1999/02/22-rdf-syntax-ns#langString	
http://rdf.freebase.com/ns/m.0t196	Albion	http://rdf.freebase.com/ns/common.topic.image	Image	http://rdf.freebase.com/ns/m.02964q5	entity	Location of Albion, Iowa
http://rdf.freebase.com/ns/m.0t196	Albion	http://rdf.freebase.com/ns/common.topic.notable_for	Notable for	City/Town/Village	http://www.w3.org/1999/02/22-rdf-syntax-ns#langString	
http://rdf.freebase.com/ns/m.0t196	Albion	http://rdf.freebase.com/ns/common.topic.notable_types	Notable types	http://rdf.freebase.com/ns/m.01m9	entity	City/Town/Village
http://rdf.freebase.com/ns/m.0t196	Albion	http://rdf.freebase.com/ns/common.topic.topic_equivalent_webpage	Topic equivalent webpage	http://ar.wikipedia.org/wiki/%23%44%28%4A%48%46	uri	null
http://rdf.freebase.com/ns/m.0t196	Albion	http://rdf.freebase.com/ns/common.topic.topic_equivalent_webpage	Topic equivalent webpage	http://ar.wikipedia.org/wiki/index.html?curid=1946854	uri	null
http://rdf.freebase.com/ns/m.0t196	Albion	http://rdf.freebase.com/ns/common.topic.topic_equivalent_webpage	Topic equivalent webpage	http://ca.wikipedia.org/wiki/Albion_(Iowa)	uri	null
http://rdf.freebase.com/ns/m.0t196	Albion	http://rdf.freebase.com/ns/common.topic.topic_equivalent_webpage	Topic equivalent webpage	http://ca.wikipedia.org/wiki/index.html?curid=688830	uri	null
http://rdf.freebase.com/ns/m.0t196	Albion	http://rdf.freebase.com/ns/common.topic.topic_equivalent_webpage	Topic equivalent webpage	http://en.wikipedia.org/wiki/Albion,_Iowa	uri	null
http://rdf.freebase.com/ns/m.0t196	Albion	http://rdf.freebase.com/ns/common.topic.topic_equivalent_webpage	Topic equivalent webpage	http://en.wikipedia.org/wiki/index.html?curid=114049	uri	null
http://rdf.freebase.com/ns/m.0t196	Albion	http://rdf.freebase.com/ns/common.topic.topic_equivalent_webpage	Topic equivalent webpage	http://es.wikipedia.org/wiki/Albion_(Iowa)	uri	null
http://rdf.freebase.com/ns/m.0t196	Albion	http://rdf.freebase.com/ns/common.topic.topic_equivalent_webpage	Topic equivalent webpage	http://es.wikipedia.org/wiki/index.html?curid=4401462	uri	null
http://rdf.freebase.com/ns/m.0t196	Albion	http://rdf.freebase.com/ns/common.topic.topic_equivalent_webpage	Topic equivalent webpage	http://fa.wikipedia.org/wiki/%22%44%28%CC%48%46%0C_%22%CC%48%48%27	uri	null
http://rdf.freebase.com/ns/m.0t196	Albion	http://rdf.freebase.com/ns/common.topic.topic_equivalent_webpage	Topic equivalent webpage	http://fa.wikipedia.org/wiki/index.html?curid=1764868	uri	null
http://rdf.freebase.com/ns/m.0t196	Albion	http://rdf.freebase.com/ns/common.topic.topic_equivalent_webpage	Topic equivalent webpage	http://geonames.usgs.gov/pls/gnispublic/f?p=gnispq:3:::NO::P3_FID:454115	uri	null
http://rdf.freebase.com/ns/m.0t196	Albion	http://rdf.freebase.com/ns/common.topic.topic_equivalent_webpage	Topic equivalent webpage	http://it.wikipedia.org/wiki/Albion_(Iowa)	uri	null
http://rdf.freebase.com/ns/m.0t196	Albion	http://rdf.freebase.com/ns/common.topic.topic_equivalent_webpage	Topic equivalent webpage	http://it.wikipedia.org/wiki/index.html?curid=3744727	uri	null
http://rdf.freebase.com/ns/m.0t196	Albion	http://rdf.freebase.com/ns/common.topic.topic_equivalent_webpage	Topic equivalent webpage	http://nl.wikipedia.org/wiki/Albion_(Iowa)	uri	null
http://rdf.freebase.com/ns/m.0t196	Albion	http://rdf.freebase.com/ns/common.topic.topic_equivalent_webpage	Topic equivalent webpage	http://nl.wikipedia.org/wiki/index.html?curid=1010230	uri	null
http://rdf.freebase.com/ns/m.0t196	Albion	http://rdf.freebase.com/ns/common.topic.topic_equivalent_webpage	Topic equivalent webpage	http://pl.wikipedia.org/wiki/Albion_(Iowa)	uri	null
http://rdf.freebase.com/ns/m.0t196	Albion	http://rdf.freebase.com/ns/common.topic.topic_equivalent_webpage	Topic equivalent webpage	http://pl.wikipedia.org/wiki/index.html?curid=1976822	uri	null
http://rdf.freebase.com/ns/m.0t196	Albion	http://rdf.freebase.com/ns/common.topic.topic_equivalent_webpage	Topic equivalent webpage	http://pt.wikipedia.org/wiki/Albion_(Iowa)	uri	null
http://rdf.freebase.com/ns/m.0t196	Albion	http://rdf.freebase.com/ns/common.topic.topic_equivalent_webpage	Topic equivalent webpage	http://pt.wikipedia.org/wiki/index.html?curid=1351803	uri	null
http://rdf.freebase.com/ns/m.0t196	Albion	http://rdf.freebase.com/ns/common.topic.topic_equivalent_webpage	Topic equivalent webpage	http://sr.wikipedia.org/wiki/%10%3B%31%38%3E%3D_(%10%58%3E%32%30)	uri	null
http://rdf.freebase.com/ns/m.0t196	Albion	http://rdf.freebase.com/ns/common.topic.topic_equivalent_webpage	Topic equivalent webpage	http://sr.wikipedia.org/wiki/index.html?curid=699932	uri	null
http://rdf.freebase.com/ns/m.0t196	Albion	http://rdf.freebase.com/ns/common.topic.topic_equivalent_webpage	Topic equivalent webpage	http://vi.wikipedia.org/wiki/Albion,_Iowa	uri	null
http://rdf.freebase.com/ns/m.0t196	Albion	http://rdf.freebase.com/ns/common.topic.topic_equivalent_webpage	Topic equivalent webpage	http://vi.wikipedia.org/wiki/index.html?curid=1540275	uri	null
http://rdf.freebase.com/ns/m.0t196	Albion	http://rdf.freebase.com/ns/kg.object_profile.prominent_type	prominent type	http://rdf.freebase.com/ns/location.citytown	entity	City/Town/Village
http://rdf.freebase.com/ns/m.0t196	Albion	http://rdf.freebase.com/ns/location.citytown.postal_codes	Postal codes	http://rdf.freebase.com/ns/m.03dqd7z	entity	50005
http://rdf.freebase.com/ns/m.0t196	Albion	http://rdf.freebase.com/ns/location.hud_county_place.county	County	http://rdf.freebase.com/ns/m.0nrw2	entity	Marshall County
http://rdf.freebase.com/ns/m.0t196	Albion	http://rdf.freebase.com/ns/location.hud_county_place.countyplace_id	County Place ID	1912700955	http://www.w3.org/2001/XMLSchema#string	
http://rdf.freebase.com/ns/m.0t196	Albion	http://rdf.freebase.com/ns/location.hud_county_place.place	Place	http://rdf.freebase.com/ns/m.0t196	entity	Albion
http://rdf.freebase.com/ns/m.0t196	Albion	http://rdf.freebase.com/ns/location.hud_foreclosure_area.bls_unemployment_rate	BLS Unemployment Rate (%)	0.0451	http://www.w3.org/2001/XMLSchema#string	
http://rdf.freebase.com/ns/m.0t196	Albion	http://rdf.freebase.com/ns/location.hud_foreclosure_area.estimated_number_foreclosures	Estimated Number of Foreclosures	4	http://www.w3.org/2001/XMLSchema#string	
http://rdf.freebase.com/ns/m.0t196	Albion	http://rdf.freebase.com/ns/location.hud_foreclosure_area.estimated_number_of_mortgages	Estimated Number of Mortgages	105	http://www.w3.org/2001/XMLSchema#string	
http://rdf.freebase.com/ns/m.0t196	Albion	http://rdf.freebase.com/ns/location.hud_foreclosure_area.hhuniv	Household Count	216	http://www.w3.org/2001/XMLSchema#string	
http://rdf.freebase.com/ns/m.0t196	Albion	http://rdf.freebase.com/ns/location.hud_foreclosure_area.ofheo_price_change	OFHEO Price Change (%)	0.0	http://www.w3.org/2001/XMLSchema#string	
http://rdf.freebase.com/ns/m.0t196	Albion	http://rdf.freebase.com/ns/location.hud_foreclosure_area.total_90_day_vacant_residential_addresses	90-Day Vacant Residential Addresses	0	http://www.w3.org/2001/XMLSchema#string	
http://rdf.freebase.com/ns/m.0t196	Albion	http://rdf.freebase.com/ns/location.hud_foreclosure_area.total_residential_addresses	Total Residential Addresses	165	http://www.w3.org/2001/XMLSchema#string	
http://rdf.freebase.com/ns/m.0t196	Albion	http://rdf.freebase.com/ns/location.location.area	Area	1.55	http://www.w3.org/2001/XMLSchema#string	
http://rdf.freebase.com/ns/m.0t196	Albion	http://rdf.freebase.com/ns/location.location.containedby	Contained by	http://rdf.freebase.com/ns/m.03s0w	entity	Iowa
http://rdf.freebase.com/ns/m.0t196	Albion	http://rdf.freebase.com/ns/location.location.containedby	Contained by	http://rdf.freebase.com/ns/m.09c7w0	entity	United States of America
http://rdf.freebase.com/ns/m.0t196	Albion	http://rdf.freebase.com/ns/location.location.containedby	Contained by	http://rdf.freebase.com/ns/m.0nrw2	entity	Marshall County
http://rdf.freebase.com/ns/m.0t196	Albion	http://rdf.freebase.com/ns/location.location.gnis_feature_id	GNIS ID	454115	http://www.w3.org/2001/XMLSchema#string	
http://rdf.freebase.com/ns/m.0t196	Albion	http://rdf.freebase.com/ns/location.location.time_zones	Time zone(s)	http://rdf.freebase.com/ns/m.02fqwt	entity	Central Time Zone
http://rdf.freebase.com/ns/m.0t196	Albion	http://rdf.freebase.com/ns/location.statistical_region.population	Population	471	http://www.w3.org/2001/XMLSchema#string	
http://rdf.freebase.com/ns/m.0t196	Albion	http://rdf.freebase.com/ns/location.statistical_region.population	Population	505	http://www.w3.org/2001/XMLSchema#string	
http://rdf.freebase.com/ns/m.0t196	Albion	http://rdf.freebase.com/ns/location.statistical_region.population	Population	506	http://www.w3.org/2001/XMLSchema#string	
http://rdf.freebase.com/ns/m.0t196	Albion	http://rdf.freebase.com/ns/location.statistical_region.population	Population	509	http://www.w3.org/2001/XMLSchema#string	
http://rdf.freebase.com/ns/m.0t196	Albion	http://rdf.freebase.com/ns/location.statistical_region.population	Population	510	http://www.w3.org/2001/XMLSchema#string	
http://rdf.freebase.com/ns/m.0t196	Albion	http://rdf.freebase.com/ns/location.statistical_region.population	Population	511	http://www.w3.org/2001/XMLSchema#string	
http://rdf.freebase.com/ns/m.0t196	Albion	http://rdf.freebase.com/ns/location.statistical_region.population	Population	557	http://www.w3.org/2001/XMLSchema#string	
http://rdf.freebase.com/ns/m.0t196	Albion	http://rdf.freebase.com/ns/location.statistical_region.population	Population	561	http://www.w3.org/2001/XMLSchema#string	
http://rdf.freebase.com/ns/m.0t196	Albion	http://rdf.freebase.com/ns/location.statistical_region.population	Population	563	http://www.w3.org/2001/XMLSchema#string	
http://rdf.freebase.com/ns/m.0t196	Albion	http://rdf.freebase.com/ns/location.statistical_region.population	Population	564	http://www.w3.org/2001/XMLSchema#string	
http://rdf.freebase.com/ns/m.0t196	Albion	http://rdf.freebase.com/ns/location.statistical_region.population	Population	565	http://www.w3.org/2001/XMLSchema#string	
http://rdf.freebase.com/ns/m.0t196	Albion	http://rdf.freebase.com/ns/location.statistical_region.population	Population	566	http://www.w3.org/2001/XMLSchema#string	
http://rdf.freebase.com/ns/m.0t196	Albion	http://rdf.freebase.com/ns/location.statistical_region.population	Population	567	http://www.w3.org/2001/XMLSchema#string	
http://rdf.freebase.com/ns/m.0t196	Albion	http://rdf.freebase.com/ns/location.statistical_region.population	Population	569	http://www.w3.org/2001/XMLSchema#string	
http://rdf.freebase.com/ns/m.0t196	Albion	http://rdf.freebase.com/ns/location.statistical_region.population	Population	570	http://www.w3.org/2001/XMLSchema#string	
http://rdf.freebase.com/ns/m.0t196	Albion	http://rdf.freebase.com/ns/location.statistical_region.population	Population	572	http://www.w3.org/2001/XMLSchema#string	
http://rdf.freebase.com/ns/m.0t196	Albion	http://rdf.freebase.com/ns/location.statistical_region.population	Population	574	http://www.w3.org/2001/XMLSchema#string	
http://rdf.freebase.com/ns/m.0t196	Albion	http://rdf.freebase.com/ns/location.statistical_region.population	Population	578	http://www.w3.org/2001/XMLSchema#string	
http://rdf.freebase.com/ns/m.0t196	Albion	http://rdf.freebase.com/ns/location.statistical_region.population	Population	579	http://www.w3.org/2001/XMLSchema#string	
http://rdf.freebase.com/ns/m.0t196	Albion	http://rdf.freebase.com/ns/location.statistical_region.population	Population	583	http://www.w3.org/2001/XMLSchema#string	
http://rdf.freebase.com/ns/m.0t196	Albion	http://rdf.freebase.com/ns/location.statistical_region.population	Population	585	http://www.w3.org/2001/XMLSchema#string	
http://rdf.freebase.com/ns/m.0t196	Albion	http://rdf.freebase.com/ns/location.statistical_region.population	Population	592	http://www.w3.org/2001/XMLSchema#string	
http://rdf.freebase.com/ns/m.0t196	Albion	http://rdf.freebase.com/ns/topic_server.population_number	population number	471	http://www.w3.org/2001/XMLSchema#string	
http://rdf.freebase.com/ns/m.0t196	Albion	http://rdf.freebase.com/ns/topic_server.population_number	population number	505	http://www.w3.org/2001/XMLSchema#string	
http://rdf.freebase.com/ns/m.0t196	Albion	http://rdf.freebase.com/ns/topic_server.population_number	population number	506	http://www.w3.org/2001/XMLSchema#string	
http://rdf.freebase.com/ns/m.0t196	Albion	http://rdf.freebase.com/ns/topic_server.population_number	population number	510	http://www.w3.org/2001/XMLSchema#string	
http://rdf.freebase.com/ns/m.0t196	Albion	http://rdf.freebase.com/ns/topic_server.population_number	population number	511	http://www.w3.org/2001/XMLSchema#string	
http://rdf.freebase.com/ns/m.0t196	Albion	http://rdf.freebase.com/ns/topic_server.population_number	population number	557	http://www.w3.org/2001/XMLSchema#string	
http://rdf.freebase.com/ns/m.0t196	Albion	http://rdf.freebase.com/ns/topic_server.population_number	population number	561	http://www.w3.org/2001/XMLSchema#string	
http://rdf.freebase.com/ns/m.0t196	Albion	http://rdf.freebase.com/ns/topic_server.population_number	population number	563	http://www.w3.org/2001/XMLSchema#string	
http://rdf.freebase.com/ns/m.0t196	Albion	http://rdf.freebase.com/ns/topic_server.population_number	population number	564	http://www.w3.org/2001/XMLSchema#string	
http://rdf.freebase.com/ns/m.0t196	Albion	http://rdf.freebase.com/ns/topic_server.population_number	population number	565	http://www.w3.org/2001/XMLSchema#string	
http://rdf.freebase.com/ns/m.0t196	Albion	http://rdf.freebase.com/ns/topic_server.population_number	population number	566	http://www.w3.org/2001/XMLSchema#string	
http://rdf.freebase.com/ns/m.0t196	Albion	http://rdf.freebase.com/ns/topic_server.population_number	population number	567	http://www.w3.org/2001/XMLSchema#string	
http://rdf.freebase.com/ns/m.0t196	Albion	http://rdf.freebase.com/ns/topic_server.population_number	population number	569	http://www.w3.org/2001/XMLSchema#string	
http://rdf.freebase.com/ns/m.0t196	Albion	http://rdf.freebase.com/ns/topic_server.population_number	population number	570	http://www.w3.org/2001/XMLSchema#string	
http://rdf.freebase.com/ns/m.0t196	Albion	http://rdf.freebase.com/ns/topic_server.population_number	population number	572	http://www.w3.org/2001/XMLSchema#string	
http://rdf.freebase.com/ns/m.0t196	Albion	http://rdf.freebase.com/ns/topic_server.population_number	population number	574	http://www.w3.org/2001/XMLSchema#string	
http://rdf.freebase.com/ns/m.0t196	Albion	http://rdf.freebase.com/ns/topic_server.population_number	population number	578	http://www.w3.org/2001/XMLSchema#string	
http://rdf.freebase.com/ns/m.0t196	Albion	http://rdf.freebase.com/ns/topic_server.population_number	population number	579	http://www.w3.org/2001/XMLSchema#string	
http://rdf.freebase.com/ns/m.0t196	Albion	http://rdf.freebase.com/ns/topic_server.population_number	population number	583	http://www.w3.org/2001/XMLSchema#string	
http://rdf.freebase.com/ns/m.0t196	Albion	http://rdf.freebase.com/ns/topic_server.population_number	population number	585	http://www.w3.org/2001/XMLSchema#string	
http://rdf.freebase.com/ns/m.0t196	Albion	http://rdf.freebase.com/ns/topic_server.population_number	population number	592	http://www.w3.org/2001/XMLSchema#string	
http://rdf.freebase.com/ns/m.0t196	Albion	http://rdf.freebase.com/ns/type.object.key	Key	/authority/gnis/454115	http://www.w3.org/2001/XMLSchema#string	
http://rdf.freebase.com/ns/m.0t196	Albion	http://rdf.freebase.com/ns/type.object.key	Key	/authority/hud/countyplace/1912700955	http://www.w3.org/2001/XMLSchema#string	
http://rdf.freebase.com/ns/m.0t196	Albion	http://rdf.freebase.com/ns/type.object.key	Key	/authority/nist/fips/55/1900955	http://www.w3.org/2001/XMLSchema#string	
http://rdf.freebase.com/ns/m.0t196	Albion	http://rdf.freebase.com/ns/type.object.key	Key	/base/dspl/us_census/population/place/1900955	http://www.w3.org/2001/XMLSchema#string	
http://rdf.freebase.com/ns/m.0t196	Albion	http://rdf.freebase.com/ns/type.object.key	Key	/en/albion_iowa	http://www.w3.org/2001/XMLSchema#string	
http://rdf.freebase.com/ns/m.0t196	Albion	http://rdf.freebase.com/ns/type.object.key	Key	/wikipedia/ar/Albion,_Iowa	http://www.w3.org/2001/XMLSchema#string	
http://rdf.freebase.com/ns/m.0t196	Albion	http://rdf.freebase.com/ns/type.object.key	Key	/wikipedia/ar/ألبيون	http://www.w3.org/2001/XMLSchema#string	
http://rdf.freebase.com/ns/m.0t196	Albion	http://rdf.freebase.com/ns/type.object.key	Key	/wikipedia/ar/ألبيون_(آيوا)	http://www.w3.org/2001/XMLSchema#string	
http://rdf.freebase.com/ns/m.0t196	Albion	http://rdf.freebase.com/ns/type.object.key	Key	/wikipedia/ar_id/1946854	http://www.w3.org/2001/XMLSchema#string	
http://rdf.freebase.com/ns/m.0t196	Albion	http://rdf.freebase.com/ns/type.object.key	Key	/wikipedia/ar_title/ألبيون	http://www.w3.org/2001/XMLSchema#string	
http://rdf.freebase.com/ns/m.0t196	Albion	http://rdf.freebase.com/ns/type.object.key	Key	/wikipedia/ca/Albion_(Iowa)	http://www.w3.org/2001/XMLSchema#string	
http://rdf.freebase.com/ns/m.0t196	Albion	http://rdf.freebase.com/ns/type.object.key	Key	/wikipedia/ca_id/688830	http://www.w3.org/2001/XMLSchema#string	
http://rdf.freebase.com/ns/m.0t196	Albion	http://rdf.freebase.com/ns/type.object.key	Key	/wikipedia/ca_title/Albion_(Iowa)	http://www.w3.org/2001/XMLSchema#string	
http://rdf.freebase.com/ns/m.0t196	Albion	http://rdf.freebase.com/ns/type.object.key	Key	/wikipedia/en/Albion,_IA	http://www.w3.org/2001/XMLSchema#string	
http://rdf.freebase.com/ns/m.0t196	Albion	http://rdf.freebase.com/ns/type.object.key	Key	/wikipedia/en/Albion,_Iowa	http://www.w3.org/2001/XMLSchema#string	
http://rdf.freebase.com/ns/m.0t196	Albion	http://rdf.freebase.com/ns/type.object.key	Key	/wikipedia/en_id/114049	http://www.w3.org/2001/XMLSchema#string	
http://rdf.freebase.com/ns/m.0t196	Albion	http://rdf.freebase.com/ns/type.object.key	Key	/wikipedia/en_title/Albion,_Iowa	http://www.w3.org/2001/XMLSchema#string	
http://rdf.freebase.com/ns/m.0t196	Albion	http://rdf.freebase.com/ns/type.object.key	Key	/wikipedia/es/Albion_(Iowa)	http://www.w3.org/2001/XMLSchema#string	
http://rdf.freebase.com/ns/m.0t196	Albion	http://rdf.freebase.com/ns/type.object.key	Key	/wikipedia/es_id/4401462	http://www.w3.org/2001/XMLSchema#string	
http://rdf.freebase.com/ns/m.0t196	Albion	http://rdf.freebase.com/ns/type.object.key	Key	/wikipedia/es_title/Albion_(Iowa)	http://www.w3.org/2001/XMLSchema#string	
http://rdf.freebase.com/ns/m.0t196	Albion	http://rdf.freebase.com/ns/type.object.key	Key	/wikipedia/fa/آلبيون،_آيووا	http://www.w3.org/2001/XMLSchema#string	
http://rdf.freebase.com/ns/m.0t196	Albion	http://rdf.freebase.com/ns/type.object.key	Key	/wikipedia/fa/آلبیون،_آیووا	http://www.w3.org/2001/XMLSchema#string	
http://rdf.freebase.com/ns/m.0t196	Albion	http://rdf.freebase.com/ns/type.object.key	Key	/wikipedia/fa/البيون،_ايووا	http://www.w3.org/2001/XMLSchema#string	
http://rdf.freebase.com/ns/m.0t196	Albion	http://rdf.freebase.com/ns/type.object.key	Key	/wikipedia/fa/البیون،_ایووا	http://www.w3.org/2001/XMLSchema#string	
http://rdf.freebase.com/ns/m.0t196	Albion	http://rdf.freebase.com/ns/type.object.key	Key	/wikipedia/fa_id/1764868	http://www.w3.org/2001/XMLSchema#string	
http://rdf.freebase.com/ns/m.0t196	Albion	http://rdf.freebase.com/ns/type.object.key	Key	/wikipedia/fa_title/آلبیون،_آیووا	http://www.w3.org/2001/XMLSchema#string	
http://rdf.freebase.com/ns/m.0t196	Albion	http://rdf.freebase.com/ns/type.object.key	Key	/wikipedia/it/Albion_(Iowa)	http://www.w3.org/2001/XMLSchema#string	
http://rdf.freebase.com/ns/m.0t196	Albion	http://rdf.freebase.com/ns/type.object.key	Key	/wikipedia/it_id/3744727	http://www.w3.org/2001/XMLSchema#string	
http://rdf.freebase.com/ns/m.0t196	Albion	http://rdf.freebase.com/ns/type.object.key	Key	/wikipedia/it_title/Albion_(Iowa)	http://www.w3.org/2001/XMLSchema#string	
http://rdf.freebase.com/ns/m.0t196	Albion	http://rdf.freebase.com/ns/type.object.key	Key	/wikipedia/nl/Albion_(Iowa)	http://www.w3.org/2001/XMLSchema#string	
http://rdf.freebase.com/ns/m.0t196	Albion	http://rdf.freebase.com/ns/type.object.key	Key	/wikipedia/nl_id/1010230	http://www.w3.org/2001/XMLSchema#string	
http://rdf.freebase.com/ns/m.0t196	Albion	http://rdf.freebase.com/ns/type.object.key	Key	/wikipedia/nl_title/Albion_(Iowa)	http://www.w3.org/2001/XMLSchema#string	
http://rdf.freebase.com/ns/m.0t196	Albion	http://rdf.freebase.com/ns/type.object.key	Key	/wikipedia/pl/Albion_(Iowa)	http://www.w3.org/2001/XMLSchema#string	
http://rdf.freebase.com/ns/m.0t196	Albion	http://rdf.freebase.com/ns/type.object.key	Key	/wikipedia/pl_id/1976822	http://www.w3.org/2001/XMLSchema#string	
http://rdf.freebase.com/ns/m.0t196	Albion	http://rdf.freebase.com/ns/type.object.key	Key	/wikipedia/pl_title/Albion_(Iowa)	http://www.w3.org/2001/XMLSchema#string	
http://rdf.freebase.com/ns/m.0t196	Albion	http://rdf.freebase.com/ns/type.object.key	Key	/wikipedia/pt/Albion_(Iowa)	http://www.w3.org/2001/XMLSchema#string	
http://rdf.freebase.com/ns/m.0t196	Albion	http://rdf.freebase.com/ns/type.object.key	Key	/wikipedia/pt_id/1351803	http://www.w3.org/2001/XMLSchema#string	
http://rdf.freebase.com/ns/m.0t196	Albion	http://rdf.freebase.com/ns/type.object.key	Key	/wikipedia/pt_title/Albion_(Iowa)	http://www.w3.org/2001/XMLSchema#string	
http://rdf.freebase.com/ns/m.0t196	Albion	http://rdf.freebase.com/ns/type.object.key	Key	/wikipedia/sr/Albion,_IA	http://www.w3.org/2001/XMLSchema#string	
http://rdf.freebase.com/ns/m.0t196	Albion	http://rdf.freebase.com/ns/type.object.key	Key	/wikipedia/sr/Albion,_Iowa	http://www.w3.org/2001/XMLSchema#string	
http://rdf.freebase.com/ns/m.0t196	Albion	http://rdf.freebase.com/ns/type.object.key	Key	/wikipedia/sr/Albion_(IA)	http://www.w3.org/2001/XMLSchema#string	
http://rdf.freebase.com/ns/m.0t196	Albion	http://rdf.freebase.com/ns/type.object.key	Key	/wikipedia/sr/Albion_(Iowa)	http://www.w3.org/2001/XMLSchema#string	
http://rdf.freebase.com/ns/m.0t196	Albion	http://rdf.freebase.com/ns/type.object.key	Key	/wikipedia/sr/Албион,_IA	http://www.w3.org/2001/XMLSchema#string	
http://rdf.freebase.com/ns/m.0t196	Albion	http://rdf.freebase.com/ns/type.object.key	Key	/wikipedia/sr/Албион,_Ајова	http://www.w3.org/2001/XMLSchema#string	
http://rdf.freebase.com/ns/m.0t196	Albion	http://rdf.freebase.com/ns/type.object.key	Key	/wikipedia/sr/Албион_(IA)	http://www.w3.org/2001/XMLSchema#string	
http://rdf.freebase.com/ns/m.0t196	Albion	http://rdf.freebase.com/ns/type.object.key	Key	/wikipedia/sr/Албион_(Ајова)	http://www.w3.org/2001/XMLSchema#string	
http://rdf.freebase.com/ns/m.0t196	Albion	http://rdf.freebase.com/ns/type.object.key	Key	/wikipedia/sr_id/699932	http://www.w3.org/2001/XMLSchema#string	
http://rdf.freebase.com/ns/m.0t196	Albion	http://rdf.freebase.com/ns/type.object.key	Key	/wikipedia/sr_title/Албион_(Ајова)	http://www.w3.org/2001/XMLSchema#string	
http://rdf.freebase.com/ns/m.0t196	Albion	http://rdf.freebase.com/ns/type.object.key	Key	/wikipedia/vi/Albion,_Iowa	http://www.w3.org/2001/XMLSchema#string	
http://rdf.freebase.com/ns/m.0t196	Albion	http://rdf.freebase.com/ns/type.object.key	Key	/wikipedia/vi_id/1540275	http://www.w3.org/2001/XMLSchema#string	
http://rdf.freebase.com/ns/m.0t196	Albion	http://rdf.freebase.com/ns/type.object.key	Key	/wikipedia/vi_title/Albion,_Iowa	http://www.w3.org/2001/XMLSchema#string	
http://rdf.freebase.com/ns/m.0t196	Albion	http://rdf.freebase.com/ns/type.object.name	Name	Albion	http://www.w3.org/1999/02/22-rdf-syntax-ns#langString	
http://rdf.freebase.com/ns/m.0t196	Albion	http://rdf.freebase.com/ns/type.object.type	Type	http://rdf.freebase.com/ns/base.type_ontology.abstract	entity	Abstract
http://rdf.freebase.com/ns/m.0t196	Albion	http://rdf.freebase.com/ns/type.object.type	Type	http://rdf.freebase.com/ns/base.type_ontology.agent	entity	Agent
http://rdf.freebase.com/ns/m.0t196	Albion	http://rdf.freebase.com/ns/type.object.type	Type	http://rdf.freebase.com/ns/base.type_ontology.inanimate	entity	Inanimate
http://rdf.freebase.com/ns/m.0t196	Albion	http://rdf.freebase.com/ns/type.object.type	Type	http://rdf.freebase.com/ns/base.wikipedia_infobox.settlement	entity	Settlement
http://rdf.freebase.com/ns/m.0t196	Albion	http://rdf.freebase.com/ns/type.object.type	Type	http://rdf.freebase.com/ns/common.topic	entity	Topic
http://rdf.freebase.com/ns/m.0t196	Albion	http://rdf.freebase.com/ns/type.object.type	Type	http://rdf.freebase.com/ns/location.citytown	entity	City/Town/Village
http://rdf.freebase.com/ns/m.0t196	Albion	http://rdf.freebase.com/ns/type.object.type	Type	http://rdf.freebase.com/ns/location.dated_location	entity	Dated location
http://rdf.freebase.com/ns/m.0t196	Albion	http://rdf.freebase.com/ns/type.object.type	Type	http://rdf.freebase.com/ns/location.hud_county_place	entity	HUD County Place
http://rdf.freebase.com/ns/m.0t196	Albion	http://rdf.freebase.com/ns/type.object.type	Type	http://rdf.freebase.com/ns/location.hud_foreclosure_area	entity	HUD Foreclosure Area
http://rdf.freebase.com/ns/m.0t196	Albion	http://rdf.freebase.com/ns/type.object.type	Type	http://rdf.freebase.com/ns/location.location	entity	Location
http://rdf.freebase.com/ns/m.0t196	Albion	http://rdf.freebase.com/ns/type.object.type	Type	http://rdf.freebase.com/ns/location.statistical_region	entity	Statistical region
http://rdf.freebase.com/ns/m.0t196	Albion	http://www.w3.org/1999/02/22-rdf-syntax-ns#type	type	http://rdf.freebase.com/ns/base.type_ontology.abstract	entity	Abstract
http://rdf.freebase.com/ns/m.0t196	Albion	http://www.w3.org/1999/02/22-rdf-syntax-ns#type	type	http://rdf.freebase.com/ns/base.type_ontology.agent	entity	Agent
http://rdf.freebase.com/ns/m.0t196	Albion	http://www.w3.org/1999/02/22-rdf-syntax-ns#type	type	http://rdf.freebase.com/ns/base.type_ontology.inanimate	entity	Inanimate
http://rdf.freebase.com/ns/m.0t196	Albion	http://www.w3.org/1999/02/22-rdf-syntax-ns#type	type	http://rdf.freebase.com/ns/base.wikipedia_infobox.settlement	entity	Settlement
http://rdf.freebase.com/ns/m.0t196	Albion	http://www.w3.org/1999/02/22-rdf-syntax-ns#type	type	http://rdf.freebase.com/ns/common.topic	entity	Topic
http://rdf.freebase.com/ns/m.0t196	Albion	http://www.w3.org/1999/02/22-rdf-syntax-ns#type	type	http://rdf.freebase.com/ns/location.citytown	entity	City/Town/Village
http://rdf.freebase.com/ns/m.0t196	Albion	http://www.w3.org/1999/02/22-rdf-syntax-ns#type	type	http://rdf.freebase.com/ns/location.dated_location	entity	Dated location
http://rdf.freebase.com/ns/m.0t196	Albion	http://www.w3.org/1999/02/22-rdf-syntax-ns#type	type	http://rdf.freebase.com/ns/location.hud_county_place	entity	HUD County Place
http://rdf.freebase.com/ns/m.0t196	Albion	http://www.w3.org/1999/02/22-rdf-syntax-ns#type	type	http://rdf.freebase.com/ns/location.hud_foreclosure_area	entity	HUD Foreclosure Area
http://rdf.freebase.com/ns/m.0t196	Albion	http://www.w3.org/1999/02/22-rdf-syntax-ns#type	type	http://rdf.freebase.com/ns/location.location	entity	Location
http://rdf.freebase.com/ns/m.0t196	Albion	http://www.w3.org/1999/02/22-rdf-syntax-ns#type	type	http://rdf.freebase.com/ns/location.statistical_region	entity	Statistical region
http://rdf.freebase.com/ns/m.0t196	Albion	http://www.w3.org/2000/01/rdf-schema#label	label	Albion	http://www.w3.org/1999/02/22-rdf-syntax-ns#langString	
http://rdf.freebase.com/ns/m.0t196	Albion	http://www.w3.org/2000/01/rdf-schema#label	label	ألبيون	http://www.w3.org/2001/XMLSchema#string	
http://rdf.freebase.com/ns/m.0t196	Albion	http://www.w3.org/2003/01/geo/wgs84_pos#lat	latitude	42.111667	http://www.w3.org/2001/XMLSchema#float	
http://rdf.freebase.com/ns/m.0t196	Albion	http://www.w3.org/2003/01/geo/wgs84_pos#long	longitude	-92.990833	http://www.w3.org/2001/XMLSchema#float	
