sub	subl	prop	propl	obj	obj_t	obj_l
http://dbpedia.org/resource/Albion,_Iowa	Albion, Iowa	http://dbpedia.org/ontology/PopulatedPlace/areaTotal	area total (km2)	1.55	http://dbpedia.org/datatype/squareKilometre	
http://dbpedia.org/resource/Albion,_Iowa	Albion, Iowa	http://dbpedia.org/ontology/PopulatedPlace/areaTotal	area total (km2)	1.5539928662016	http://dbpedia.org/datatype/squareKilometre	
http://dbpedia.org/resource/Albion,_Iowa	Albion, Iowa	http://dbpedia.org/ontology/PopulatedPlace/populationDensity	population density (/sqkm)	324.9821868451767	http://dbpedia.org/datatype/inhabitantsPerSquareKilometre	
http://dbpedia.org/resource/Albion,_Iowa	Albion, Iowa	http://dbpedia.org/ontology/PopulatedPlace/populationDensity	population density (/sqkm)	325.0	http://dbpedia.org/datatype/inhabitantsPerSquareKilometre	
http://dbpedia.org/resource/Albion,_Iowa	Albion, Iowa	http://dbpedia.org/ontology/abstract	has abstract	Albion is a city in Marshall County, Iowa, United States. The population was 505 at the 2010 census.	http://www.w3.org/1999/02/22-rdf-syntax-ns#langString	
http://dbpedia.org/resource/Albion,_Iowa	Albion, Iowa	http://dbpedia.org/ontology/areaCode	area code	641	http://www.w3.org/2001/XMLSchema#string	
http://dbpedia.org/resource/Albion,_Iowa	Albion, Iowa	http://dbpedia.org/ontology/areaLand	area land (m2)	1.55399e+06	http://www.w3.org/2001/XMLSchema#double	
http://dbpedia.org/resource/Albion,_Iowa	Albion, Iowa	http://dbpedia.org/ontology/areaLand	area land (m2)	1.55e+06	http://www.w3.org/2001/XMLSchema#double	
http://dbpedia.org/resource/Albion,_Iowa	Albion, Iowa	http://dbpedia.org/ontology/areaTotal	area total (m2)	1.55399e+06	http://www.w3.org/2001/XMLSchema#double	
http://dbpedia.org/resource/Albion,_Iowa	Albion, Iowa	http://dbpedia.org/ontology/areaTotal	area total (m2)	1.55e+06	http://www.w3.org/2001/XMLSchema#double	
http://dbpedia.org/resource/Albion,_Iowa	Albion, Iowa	http://dbpedia.org/ontology/areaWater	area water (m2)	0.0	http://www.w3.org/2001/XMLSchema#double	
http://dbpedia.org/resource/Albion,_Iowa	Albion, Iowa	http://dbpedia.org/ontology/country	country	http://dbpedia.org/resource/United_States	entity	United States
http://dbpedia.org/resource/Albion,_Iowa	Albion, Iowa	http://dbpedia.org/ontology/elevation	elevation (μ)	291.998	http://www.w3.org/2001/XMLSchema#double	
http://dbpedia.org/resource/Albion,_Iowa	Albion, Iowa	http://dbpedia.org/ontology/elevation	elevation (μ)	292.0	http://www.w3.org/2001/XMLSchema#double	
http://dbpedia.org/resource/Albion,_Iowa	Albion, Iowa	http://dbpedia.org/ontology/isPartOf	is part of	http://dbpedia.org/resource/Iowa	entity	Iowa
http://dbpedia.org/resource/Albion,_Iowa	Albion, Iowa	http://dbpedia.org/ontology/isPartOf	is part of	http://dbpedia.org/resource/Marshall_County,_Iowa	entity	Marshall County, Iowa
http://dbpedia.org/resource/Albion,_Iowa	Albion, Iowa	http://dbpedia.org/ontology/populationDensity	population density (/sqkm)	324.982	http://www.w3.org/2001/XMLSchema#double	
http://dbpedia.org/resource/Albion,_Iowa	Albion, Iowa	http://dbpedia.org/ontology/populationDensity	population density (/sqkm)	325.0	http://www.w3.org/2001/XMLSchema#double	
http://dbpedia.org/resource/Albion,_Iowa	Albion, Iowa	http://dbpedia.org/ontology/populationTotal	population total	505	http://www.w3.org/2001/XMLSchema#nonNegativeInteger	
http://dbpedia.org/resource/Albion,_Iowa	Albion, Iowa	http://dbpedia.org/ontology/postalCode	postal code	50005	http://www.w3.org/2001/XMLSchema#string	
http://dbpedia.org/resource/Albion,_Iowa	Albion, Iowa	http://dbpedia.org/ontology/thumbnail	thumbnail	http://commons.wikimedia.org/wiki/Special:FilePath/Marshall_County_Iowa_Incorporated_and_Unincorporated_areas_Albion_Highlighted.svg?width=300	uri	null
http://dbpedia.org/resource/Albion,_Iowa	Albion, Iowa	http://dbpedia.org/ontology/timeZone	time zone	http://dbpedia.org/resource/North_American_Central_Time_Zone	entity	North American Central Time Zone
http://dbpedia.org/resource/Albion,_Iowa	Albion, Iowa	http://dbpedia.org/ontology/type	type	http://dbpedia.org/resource/City	entity	City
http://dbpedia.org/resource/Albion,_Iowa	Albion, Iowa	http://dbpedia.org/ontology/utcOffset	UTC offset	-5	http://www.w3.org/2001/XMLSchema#string	
http://dbpedia.org/resource/Albion,_Iowa	Albion, Iowa	http://dbpedia.org/ontology/utcOffset	UTC offset	-6	http://www.w3.org/2001/XMLSchema#string	
http://dbpedia.org/resource/Albion,_Iowa	Albion, Iowa	http://dbpedia.org/ontology/wikiPageExternalLink	Link from a Wikipage to an external page	http://data.iowadatacenter.org/datatables/PlacesAll/plpopulation18502000.pdf	uri	null
http://dbpedia.org/resource/Albion,_Iowa	Albion, Iowa	http://dbpedia.org/ontology/wikiPageID	Wikipage page ID	114049	http://www.w3.org/2001/XMLSchema#integer	
http://dbpedia.org/resource/Albion,_Iowa	Albion, Iowa	http://dbpedia.org/ontology/wikiPageLength	page length (characters) of wiki page	9606	http://www.w3.org/2001/XMLSchema#nonNegativeInteger	
http://dbpedia.org/resource/Albion,_Iowa	Albion, Iowa	http://dbpedia.org/ontology/wikiPageOutDegree	Wiki page out degree	36	http://www.w3.org/2001/XMLSchema#nonNegativeInteger	
http://dbpedia.org/resource/Albion,_Iowa	Albion, Iowa	http://dbpedia.org/ontology/wikiPageRevisionID	Wikipage revision ID	743097899	http://www.w3.org/2001/XMLSchema#integer	
http://dbpedia.org/resource/Albion,_Iowa	Albion, Iowa	http://purl.org/dc/terms/subject	Subject	http://dbpedia.org/resource/Category:Cities_in_Iowa	entity	Cities in Iowa
http://dbpedia.org/resource/Albion,_Iowa	Albion, Iowa	http://purl.org/dc/terms/subject	Subject	http://dbpedia.org/resource/Category:Cities_in_Marshall_County,_Iowa	entity	Cities in Marshall County, Iowa
http://dbpedia.org/resource/Albion,_Iowa	Albion, Iowa	http://www.georss.org/georss/point	null	42.111666666666665 -92.99083333333333	http://www.w3.org/2001/XMLSchema#string	
http://dbpedia.org/resource/Albion,_Iowa	Albion, Iowa	http://www.w3.org/1999/02/22-rdf-syntax-ns#type	type	http://dbpedia.org/ontology/City	entity	city
http://dbpedia.org/resource/Albion,_Iowa	Albion, Iowa	http://www.w3.org/1999/02/22-rdf-syntax-ns#type	type	http://dbpedia.org/ontology/Location	uri	null
http://dbpedia.org/resource/Albion,_Iowa	Albion, Iowa	http://www.w3.org/1999/02/22-rdf-syntax-ns#type	type	http://dbpedia.org/ontology/Place	entity	place
http://dbpedia.org/resource/Albion,_Iowa	Albion, Iowa	http://www.w3.org/1999/02/22-rdf-syntax-ns#type	type	http://dbpedia.org/ontology/PopulatedPlace	entity	populated place
http://dbpedia.org/resource/Albion,_Iowa	Albion, Iowa	http://www.w3.org/1999/02/22-rdf-syntax-ns#type	type	http://dbpedia.org/ontology/Settlement	entity	municipality
http://dbpedia.org/resource/Albion,_Iowa	Albion, Iowa	http://www.w3.org/1999/02/22-rdf-syntax-ns#type	type	http://schema.org/City	entity	City
http://dbpedia.org/resource/Albion,_Iowa	Albion, Iowa	http://www.w3.org/1999/02/22-rdf-syntax-ns#type	type	http://schema.org/Place	entity	Place
http://dbpedia.org/resource/Albion,_Iowa	Albion, Iowa	http://www.w3.org/1999/02/22-rdf-syntax-ns#type	type	http://www.w3.org/2002/07/owl#Thing	entity	Thing
http://dbpedia.org/resource/Albion,_Iowa	Albion, Iowa	http://www.w3.org/1999/02/22-rdf-syntax-ns#type	type	http://www.w3.org/2003/01/geo/wgs84_pos#SpatialThing	entity	Spatial Thing
http://dbpedia.org/resource/Albion,_Iowa	Albion, Iowa	http://www.w3.org/1999/02/22-rdf-syntax-ns#type	type	http://www.wikidata.org/entity/Q486972	entity	human settlement
http://dbpedia.org/resource/Albion,_Iowa	Albion, Iowa	http://www.w3.org/1999/02/22-rdf-syntax-ns#type	type	http://www.wikidata.org/entity/Q515	entity	city
http://dbpedia.org/resource/Albion,_Iowa	Albion, Iowa	http://www.w3.org/2000/01/rdf-schema#comment	comment	Albion is a city in Marshall County, Iowa, United States. The population was 505 at the 2010 census.	http://www.w3.org/1999/02/22-rdf-syntax-ns#langString	
http://dbpedia.org/resource/Albion,_Iowa	Albion, Iowa	http://www.w3.org/2000/01/rdf-schema#label	label	Albion, Iowa	http://www.w3.org/1999/02/22-rdf-syntax-ns#langString	
http://dbpedia.org/resource/Albion,_Iowa	Albion, Iowa	http://www.w3.org/2002/07/owl#sameAs	sameAs	http://dbpedia.org/resource/Albion,_Iowa	entity	Albion, Iowa
http://dbpedia.org/resource/Albion,_Iowa	Albion, Iowa	http://www.w3.org/2002/07/owl#sameAs	sameAs	http://rdf.freebase.com/ns/m.0t196	entity	Albion
http://dbpedia.org/resource/Albion,_Iowa	Albion, Iowa	http://www.w3.org/2002/07/owl#sameAs	sameAs	http://sws.geonames.org/4846541/	entity	Albion
http://dbpedia.org/resource/Albion,_Iowa	Albion, Iowa	http://www.w3.org/2002/07/owl#sameAs	sameAs	http://www.wikidata.org/entity/Q1922674	entity	Albion
http://dbpedia.org/resource/Albion,_Iowa	Albion, Iowa	http://www.w3.org/2003/01/geo/wgs84_pos#lat	latitude	42.1117	http://www.w3.org/2001/XMLSchema#float	
http://dbpedia.org/resource/Albion,_Iowa	Albion, Iowa	http://www.w3.org/2003/01/geo/wgs84_pos#long	longtitude	-92.9908	http://www.w3.org/2001/XMLSchema#float	
http://dbpedia.org/resource/Albion,_Iowa	Albion, Iowa	http://www.w3.org/ns/prov#wasDerivedFrom	wasDerivedFrom	http://en.wikipedia.org/wiki/Albion,_Iowa?oldid=743097899	uri	null
http://dbpedia.org/resource/Albion,_Iowa	Albion, Iowa	http://xmlns.com/foaf/0.1/depiction	depiction	http://commons.wikimedia.org/wiki/Special:FilePath/Marshall_County_Iowa_Incorporated_and_Unincorporated_areas_Albion_Highlighted.svg	uri	null
http://dbpedia.org/resource/Albion,_Iowa	Albion, Iowa	http://xmlns.com/foaf/0.1/isPrimaryTopicOf	is primary topic of	http://en.wikipedia.org/wiki/Albion,_Iowa	uri	null
http://dbpedia.org/resource/Albion,_Iowa	Albion, Iowa	http://xmlns.com/foaf/0.1/name	name	Albion, Iowa	http://www.w3.org/1999/02/22-rdf-syntax-ns#langString	
