sub	subl	prop	propl	obj	obj_t	obj_l
http://www.wikidata.org/entity/Q568267	Viper	http://schema.org/description	description	fictional character in the Marvel Comics universe	http://www.w3.org/1999/02/22-rdf-syntax-ns#langString	
http://www.wikidata.org/entity/Q568267	Viper	http://www.w3.org/1999/02/22-rdf-syntax-ns#type	type	http://www.wikidata.org/entity/Q6498903	entity	supervillain
http://www.wikidata.org/entity/Q568267	Viper	http://www.w3.org/1999/02/22-rdf-syntax-ns#type	type	http://www.wikidata.org/ontology#Item	entity	Item
http://www.wikidata.org/entity/Q568267	Viper	http://www.w3.org/2000/01/rdf-schema#label	label	Viper	http://www.w3.org/1999/02/22-rdf-syntax-ns#langString	
http://www.wikidata.org/entity/Q568267	Viper	http://www.w3.org/2004/02/skos/core#altLabel	alternative label	Madame Hydra	http://www.w3.org/1999/02/22-rdf-syntax-ns#langString	
http://www.wikidata.org/entity/Q568267	Viper	http://www.wikidata.org/entity/P1080c	from fictional universe	http://www.wikidata.org/entity/Q931597	entity	Marvel Universe
http://www.wikidata.org/entity/Q568267	Viper	http://www.wikidata.org/entity/P21c	sex or gender	http://www.wikidata.org/entity/Q6581072	entity	female
http://www.wikidata.org/entity/Q568267	Viper	http://www.wikidata.org/entity/P31c	instance of	http://www.wikidata.org/entity/Q6498903	entity	supervillain
http://www.wikidata.org/entity/Q568267	Viper	http://www.wikidata.org/entity/P646-freebase	Freebase ID	http://rdf.freebase.com/ns/m.025smfm	uri	null
http://www.wikidata.org/entity/Q568267	Viper	http://www.wikidata.org/entity/P646c	Freebase ID	/m/025smfm	http://www.w3.org/2001/XMLSchema#string	
