sub	subl	prop	propl	obj	obj_t	obj_l
http://www.wikidata.org/entity/Q3560521	Viper	http://schema.org/description	description	American pornographic actress	http://www.w3.org/1999/02/22-rdf-syntax-ns#langString	
http://www.wikidata.org/entity/Q3560521	Viper	http://www.w3.org/1999/02/22-rdf-syntax-ns#type	type	http://www.wikidata.org/entity/Q5	entity	human
http://www.wikidata.org/entity/Q3560521	Viper	http://www.w3.org/1999/02/22-rdf-syntax-ns#type	type	http://www.wikidata.org/ontology#Item	entity	Item
http://www.wikidata.org/entity/Q3560521	Viper	http://www.w3.org/2000/01/rdf-schema#label	label	Viper	http://www.w3.org/1999/02/22-rdf-syntax-ns#langString	
http://www.wikidata.org/entity/Q3560521	Viper	http://www.w3.org/2004/02/skos/core#altLabel	alternative label	Stephanie Patricia Green	http://www.w3.org/1999/02/22-rdf-syntax-ns#langString	
http://www.wikidata.org/entity/Q3560521	Viper	http://www.wikidata.org/entity/P106c	occupation	http://www.wikidata.org/entity/Q14915751	entity	prostitute
http://www.wikidata.org/entity/Q3560521	Viper	http://www.wikidata.org/entity/P106c	occupation	http://www.wikidata.org/entity/Q33999	entity	actor
http://www.wikidata.org/entity/Q3560521	Viper	http://www.wikidata.org/entity/P106c	occupation	http://www.wikidata.org/entity/Q488111	entity	pornographic actor
http://www.wikidata.org/entity/Q3560521	Viper	http://www.wikidata.org/entity/P106c	occupation	http://www.wikidata.org/entity/Q805221	entity	ballet dancer
http://www.wikidata.org/entity/Q3560521	Viper	http://www.wikidata.org/entity/P1196c	manner of death	http://www.wikidata.org/entity/Q3739104	entity	natural causes
http://www.wikidata.org/entity/Q3560521	Viper	http://www.wikidata.org/entity/P18c	image	http://commons.wikimedia.org/wiki/File:Viper_and_cat.jpg	uri	null
http://www.wikidata.org/entity/Q3560521	Viper	http://www.wikidata.org/entity/P19c	place of birth	http://www.wikidata.org/entity/Q48809	entity	Oak Ridge
http://www.wikidata.org/entity/Q3560521	Viper	http://www.wikidata.org/entity/P20c	place of death	http://www.wikidata.org/entity/Q49191	entity	Portsmouth
http://www.wikidata.org/entity/Q3560521	Viper	http://www.wikidata.org/entity/P21c	sex or gender	http://www.wikidata.org/entity/Q6581072	entity	female
http://www.wikidata.org/entity/Q3560521	Viper	http://www.wikidata.org/entity/P27c	country of citizenship	http://www.wikidata.org/entity/Q30	entity	United States of America
http://www.wikidata.org/entity/Q3560521	Viper	http://www.wikidata.org/entity/P31c	instance of	http://www.wikidata.org/entity/Q5	entity	human
http://www.wikidata.org/entity/Q3560521	Viper	http://www.wikidata.org/entity/P345c	IMDb ID	nm0899269	http://www.w3.org/2001/XMLSchema#string	
http://www.wikidata.org/entity/Q3560521	Viper	http://www.wikidata.org/entity/P509c	cause of death	http://www.wikidata.org/entity/Q47912	entity	lung cancer
http://www.wikidata.org/entity/Q3560521	Viper	http://www.wikidata.org/entity/P569c	date of birth	1959-09-12	http://www.w3.org/2001/XMLSchema#date	
http://www.wikidata.org/entity/Q3560521	Viper	http://www.wikidata.org/entity/P570c	date of death	2010-12-24	http://www.w3.org/2001/XMLSchema#date	
