sub	subl	prop	propl	obj	obj_t	obj_l
http://dbpedia.org/resource/Viper_(actress)	Viper (actress)	http://dbpedia.org/ontology/Person/height	height (cm)	175.26	http://dbpedia.org/datatype/centimetre	
http://dbpedia.org/resource/Viper_(actress)	Viper (actress)	http://dbpedia.org/ontology/Person/weight	weight (kg)	56.7	http://dbpedia.org/datatype/kilogram	
http://dbpedia.org/resource/Viper_(actress)	Viper (actress)	http://dbpedia.org/ontology/abstract	has abstract	Viper (September 12, 1959 – December 24, 2010) was the stage name of Stephanie Green, an American pornographic actress, known for a prominent full body snake tattoo, for co-founding Fans of X-Rated Entertainment with Bill Margold, and for her disappearance in 1991.	http://www.w3.org/1999/02/22-rdf-syntax-ns#langString	
http://dbpedia.org/resource/Viper_(actress)	Viper (actress)	http://dbpedia.org/ontology/birthDate	birth date	1959-09-12	http://www.w3.org/2001/XMLSchema#date	
http://dbpedia.org/resource/Viper_(actress)	Viper (actress)	http://dbpedia.org/ontology/birthDate	birth date	1959-09-12	http://www.w3.org/2001/XMLSchema#date	
http://dbpedia.org/resource/Viper_(actress)	Viper (actress)	http://dbpedia.org/ontology/birthName	birth name	Stephanie Green	http://www.w3.org/1999/02/22-rdf-syntax-ns#langString	
http://dbpedia.org/resource/Viper_(actress)	Viper (actress)	http://dbpedia.org/ontology/birthPlace	birth place	http://dbpedia.org/resource/Oak_Ridge,_Tennessee	entity	Oak Ridge, Tennessee
http://dbpedia.org/resource/Viper_(actress)	Viper (actress)	http://dbpedia.org/ontology/deathDate	death date	2010-12-24	http://www.w3.org/2001/XMLSchema#date	
http://dbpedia.org/resource/Viper_(actress)	Viper (actress)	http://dbpedia.org/ontology/deathPlace	death place	http://dbpedia.org/resource/Portsmouth,_New_Hampshire	entity	Portsmouth, New Hampshire
http://dbpedia.org/resource/Viper_(actress)	Viper (actress)	http://dbpedia.org/ontology/height	height (μ)	1.7526	http://www.w3.org/2001/XMLSchema#double	
http://dbpedia.org/resource/Viper_(actress)	Viper (actress)	http://dbpedia.org/ontology/numberOfFilms	number of films	168	http://www.w3.org/2001/XMLSchema#nonNegativeInteger	
http://dbpedia.org/resource/Viper_(actress)	Viper (actress)	http://dbpedia.org/ontology/thumbnail	thumbnail	http://commons.wikimedia.org/wiki/Special:FilePath/Viper_and_cat.jpg?width=300	uri	null
http://dbpedia.org/resource/Viper_(actress)	Viper (actress)	http://dbpedia.org/ontology/weight	weight (g)	56700.0	http://www.w3.org/2001/XMLSchema#double	
http://dbpedia.org/resource/Viper_(actress)	Viper (actress)	http://dbpedia.org/ontology/wikiPageID	Wikipage page ID	12085299	http://www.w3.org/2001/XMLSchema#integer	
http://dbpedia.org/resource/Viper_(actress)	Viper (actress)	http://dbpedia.org/ontology/wikiPageLength	page length (characters) of wiki page	6395	http://www.w3.org/2001/XMLSchema#nonNegativeInteger	
http://dbpedia.org/resource/Viper_(actress)	Viper (actress)	http://dbpedia.org/ontology/wikiPageOutDegree	Wiki page out degree	39	http://www.w3.org/2001/XMLSchema#nonNegativeInteger	
http://dbpedia.org/resource/Viper_(actress)	Viper (actress)	http://dbpedia.org/ontology/wikiPageRevisionID	Wikipage revision ID	738633731	http://www.w3.org/2001/XMLSchema#integer	
http://dbpedia.org/resource/Viper_(actress)	Viper (actress)	http://purl.org/dc/terms/description	Description	American pornographic actress	http://www.w3.org/1999/02/22-rdf-syntax-ns#langString	
http://dbpedia.org/resource/Viper_(actress)	Viper (actress)	http://purl.org/dc/terms/subject	Subject	http://dbpedia.org/resource/Category:1959_births	entity	1959 births
http://dbpedia.org/resource/Viper_(actress)	Viper (actress)	http://purl.org/dc/terms/subject	Subject	http://dbpedia.org/resource/Category:2010_deaths	entity	2010 deaths
http://dbpedia.org/resource/Viper_(actress)	Viper (actress)	http://purl.org/dc/terms/subject	Subject	http://dbpedia.org/resource/Category:American_Ballet_Theatre_dancers	entity	American Ballet Theatre dancers
http://dbpedia.org/resource/Viper_(actress)	Viper (actress)	http://purl.org/dc/terms/subject	Subject	http://dbpedia.org/resource/Category:American_ballerinas	entity	American ballerinas
http://dbpedia.org/resource/Viper_(actress)	Viper (actress)	http://purl.org/dc/terms/subject	Subject	http://dbpedia.org/resource/Category:American_hairdressers	entity	American hairdressers
http://dbpedia.org/resource/Viper_(actress)	Viper (actress)	http://purl.org/dc/terms/subject	Subject	http://dbpedia.org/resource/Category:American_pornographic_film_actresses	entity	American pornographic film actresses
http://dbpedia.org/resource/Viper_(actress)	Viper (actress)	http://purl.org/dc/terms/subject	Subject	http://dbpedia.org/resource/Category:American_prostitutes	entity	American prostitutes
http://dbpedia.org/resource/Viper_(actress)	Viper (actress)	http://purl.org/dc/terms/subject	Subject	http://dbpedia.org/resource/Category:Deaths_from_lung_cancer	entity	Deaths from lung cancer
http://dbpedia.org/resource/Viper_(actress)	Viper (actress)	http://purl.org/dc/terms/subject	Subject	http://dbpedia.org/resource/Category:People_from_Oak_Ridge,_Tennessee	entity	People from Oak Ridge, Tennessee
http://dbpedia.org/resource/Viper_(actress)	Viper (actress)	http://purl.org/dc/terms/subject	Subject	http://dbpedia.org/resource/Category:Pornographic_film_actors_from_Tennessee	entity	Pornographic film actors from Tennessee
http://dbpedia.org/resource/Viper_(actress)	Viper (actress)	http://purl.org/dc/terms/subject	Subject	http://dbpedia.org/resource/Category:Women_in_the_United_States_Marine_Corps	entity	Women in the United States Marine Corps
http://dbpedia.org/resource/Viper_(actress)	Viper (actress)	http://www.w3.org/1999/02/22-rdf-syntax-ns#type	type	http://dbpedia.org/ontology/Actor	entity	actor
http://dbpedia.org/resource/Viper_(actress)	Viper (actress)	http://www.w3.org/1999/02/22-rdf-syntax-ns#type	type	http://dbpedia.org/ontology/AdultActor	entity	adult (pornographic) actor
http://dbpedia.org/resource/Viper_(actress)	Viper (actress)	http://www.w3.org/1999/02/22-rdf-syntax-ns#type	type	http://dbpedia.org/ontology/Agent	entity	agent
http://dbpedia.org/resource/Viper_(actress)	Viper (actress)	http://www.w3.org/1999/02/22-rdf-syntax-ns#type	type	http://dbpedia.org/ontology/Artist	entity	artist
http://dbpedia.org/resource/Viper_(actress)	Viper (actress)	http://www.w3.org/1999/02/22-rdf-syntax-ns#type	type	http://dbpedia.org/ontology/Person	entity	person
http://dbpedia.org/resource/Viper_(actress)	Viper (actress)	http://www.w3.org/1999/02/22-rdf-syntax-ns#type	type	http://schema.org/Person	entity	Person
http://dbpedia.org/resource/Viper_(actress)	Viper (actress)	http://www.w3.org/1999/02/22-rdf-syntax-ns#type	type	http://www.ontologydesignpatterns.org/ont/dul/DUL.owl#Agent	entity	Agent
http://dbpedia.org/resource/Viper_(actress)	Viper (actress)	http://www.w3.org/1999/02/22-rdf-syntax-ns#type	type	http://www.ontologydesignpatterns.org/ont/dul/DUL.owl#NaturalPerson	entity	Natural person
http://dbpedia.org/resource/Viper_(actress)	Viper (actress)	http://www.w3.org/1999/02/22-rdf-syntax-ns#type	type	http://www.w3.org/2002/07/owl#Thing	entity	Thing
http://dbpedia.org/resource/Viper_(actress)	Viper (actress)	http://www.w3.org/1999/02/22-rdf-syntax-ns#type	type	http://www.wikidata.org/entity/Q215627	entity	person
http://dbpedia.org/resource/Viper_(actress)	Viper (actress)	http://www.w3.org/1999/02/22-rdf-syntax-ns#type	type	http://www.wikidata.org/entity/Q24229398	entity	agent
http://dbpedia.org/resource/Viper_(actress)	Viper (actress)	http://www.w3.org/1999/02/22-rdf-syntax-ns#type	type	http://www.wikidata.org/entity/Q33999	entity	actor
http://dbpedia.org/resource/Viper_(actress)	Viper (actress)	http://www.w3.org/1999/02/22-rdf-syntax-ns#type	type	http://www.wikidata.org/entity/Q483501	entity	artist
http://dbpedia.org/resource/Viper_(actress)	Viper (actress)	http://www.w3.org/1999/02/22-rdf-syntax-ns#type	type	http://www.wikidata.org/entity/Q488111	entity	pornographic actor
http://dbpedia.org/resource/Viper_(actress)	Viper (actress)	http://www.w3.org/1999/02/22-rdf-syntax-ns#type	type	http://www.wikidata.org/entity/Q5	entity	human
http://dbpedia.org/resource/Viper_(actress)	Viper (actress)	http://www.w3.org/1999/02/22-rdf-syntax-ns#type	type	http://xmlns.com/foaf/0.1/Person	entity	Person
http://dbpedia.org/resource/Viper_(actress)	Viper (actress)	http://www.w3.org/2000/01/rdf-schema#comment	comment	Viper (September 12, 1959 – December 24, 2010) was the stage name of Stephanie Green, an American pornographic actress, known for a prominent full body snake tattoo, for co-founding Fans of X-Rated Entertainment with Bill Margold, and for her disappearance in 1991.	http://www.w3.org/1999/02/22-rdf-syntax-ns#langString	
http://dbpedia.org/resource/Viper_(actress)	Viper (actress)	http://www.w3.org/2000/01/rdf-schema#label	label	Viper (actress)	http://www.w3.org/1999/02/22-rdf-syntax-ns#langString	
http://dbpedia.org/resource/Viper_(actress)	Viper (actress)	http://www.w3.org/2002/07/owl#sameAs	sameAs	http://dbpedia.org/resource/Viper_(actress)	entity	Viper (actress)
http://dbpedia.org/resource/Viper_(actress)	Viper (actress)	http://www.w3.org/2002/07/owl#sameAs	sameAs	http://rdf.freebase.com/ns/m.02vpc0q	entity	Viper
http://dbpedia.org/resource/Viper_(actress)	Viper (actress)	http://www.w3.org/2002/07/owl#sameAs	sameAs	http://www.wikidata.org/entity/Q3560521	entity	Viper
http://dbpedia.org/resource/Viper_(actress)	Viper (actress)	http://www.w3.org/ns/prov#wasDerivedFrom	wasDerivedFrom	http://en.wikipedia.org/wiki/Viper_(actress)?oldid=738633731	uri	null
http://dbpedia.org/resource/Viper_(actress)	Viper (actress)	http://xmlns.com/foaf/0.1/depiction	depiction	http://commons.wikimedia.org/wiki/Special:FilePath/Viper_and_cat.jpg	uri	null
http://dbpedia.org/resource/Viper_(actress)	Viper (actress)	http://xmlns.com/foaf/0.1/gender	gender	female	http://www.w3.org/1999/02/22-rdf-syntax-ns#langString	
http://dbpedia.org/resource/Viper_(actress)	Viper (actress)	http://xmlns.com/foaf/0.1/isPrimaryTopicOf	is primary topic of	http://en.wikipedia.org/wiki/Viper_(actress)	uri	null
http://dbpedia.org/resource/Viper_(actress)	Viper (actress)	http://xmlns.com/foaf/0.1/name	name	Viper	http://www.w3.org/1999/02/22-rdf-syntax-ns#langString	
