sub	subl	prop	propl	obj	obj_t	obj_l
http://dbpedia.org/resource/Robert_Ker	Robert Ker	http://dbpedia.org/ontology/abstract	has abstract	Robert Ker (August 14, 1824 – 11 or 12 February 1879) was the first Auditor General of the Colony and then the Province of British Columbia. A descendant of the Dukes of Roxburghe and cousin of Allan Ebenezer Ker, Robert was born in Dalkeith and educated in Scotland, and came to Vancouver Island in 1859. He was friendly with colonial governor Sir James Douglas and John Sebastian Helmcken. Upon Canadian Confederation in 1867, he was appointed to the position of Dominion paymaster general. He died in Victoria, British Columbia of exposure during a snowstorm. The Ker Memorial Wing of the Art Gallery of Greater Victoria is named in his honour. In 2009 the Ker Family celebrated its 150th anniversary in British Columbia.	http://www.w3.org/1999/02/22-rdf-syntax-ns#langString	
http://dbpedia.org/resource/Robert_Ker	Robert Ker	http://dbpedia.org/ontology/birthDate	birth date	1824-08-14	http://www.w3.org/2001/XMLSchema#date	
http://dbpedia.org/resource/Robert_Ker	Robert Ker	http://dbpedia.org/ontology/deathDate	death date	1879-02-12	http://www.w3.org/2001/XMLSchema#date	
http://dbpedia.org/resource/Robert_Ker	Robert Ker	http://dbpedia.org/ontology/nationality	nationality	http://dbpedia.org/resource/Canada	entity	Canada
http://dbpedia.org/resource/Robert_Ker	Robert Ker	http://dbpedia.org/ontology/wikiPageExternalLink	Link from a Wikipage to an external page	http://www.biographi.ca/009004-119.01-e.php?&id_nbr=5076	uri	null
http://dbpedia.org/resource/Robert_Ker	Robert Ker	http://dbpedia.org/ontology/wikiPageID	Wikipage page ID	2449044	http://www.w3.org/2001/XMLSchema#integer	
http://dbpedia.org/resource/Robert_Ker	Robert Ker	http://dbpedia.org/ontology/wikiPageLength	page length (characters) of wiki page	1361	http://www.w3.org/2001/XMLSchema#nonNegativeInteger	
http://dbpedia.org/resource/Robert_Ker	Robert Ker	http://dbpedia.org/ontology/wikiPageOutDegree	Wiki page out degree	20	http://www.w3.org/2001/XMLSchema#nonNegativeInteger	
http://dbpedia.org/resource/Robert_Ker	Robert Ker	http://dbpedia.org/ontology/wikiPageRevisionID	Wikipage revision ID	705569278	http://www.w3.org/2001/XMLSchema#integer	
http://dbpedia.org/resource/Robert_Ker	Robert Ker	http://purl.org/dc/terms/description	Description	British colonial administrator	http://www.w3.org/1999/02/22-rdf-syntax-ns#langString	
http://dbpedia.org/resource/Robert_Ker	Robert Ker	http://purl.org/dc/terms/subject	Subject	http://dbpedia.org/resource/Category:1824_births	entity	1824 births
http://dbpedia.org/resource/Robert_Ker	Robert Ker	http://purl.org/dc/terms/subject	Subject	http://dbpedia.org/resource/Category:1879_deaths	entity	1879 deaths
http://dbpedia.org/resource/Robert_Ker	Robert Ker	http://purl.org/dc/terms/subject	Subject	http://dbpedia.org/resource/Category:Canadian_auditors	entity	Canadian auditors
http://dbpedia.org/resource/Robert_Ker	Robert Ker	http://purl.org/dc/terms/subject	Subject	http://dbpedia.org/resource/Category:People_from_Dalkeith	entity	People from Dalkeith
http://dbpedia.org/resource/Robert_Ker	Robert Ker	http://purl.org/dc/terms/subject	Subject	http://dbpedia.org/resource/Category:Pre-Confederation_British_Columbia_people	entity	Pre-Confederation British Columbia people
http://dbpedia.org/resource/Robert_Ker	Robert Ker	http://www.w3.org/1999/02/22-rdf-syntax-ns#type	type	http://dbpedia.org/ontology/Agent	entity	agent
http://dbpedia.org/resource/Robert_Ker	Robert Ker	http://www.w3.org/1999/02/22-rdf-syntax-ns#type	type	http://dbpedia.org/ontology/Person	entity	person
http://dbpedia.org/resource/Robert_Ker	Robert Ker	http://www.w3.org/1999/02/22-rdf-syntax-ns#type	type	http://schema.org/Person	entity	Person
http://dbpedia.org/resource/Robert_Ker	Robert Ker	http://www.w3.org/1999/02/22-rdf-syntax-ns#type	type	http://www.ontologydesignpatterns.org/ont/dul/DUL.owl#Agent	entity	Agent
http://dbpedia.org/resource/Robert_Ker	Robert Ker	http://www.w3.org/1999/02/22-rdf-syntax-ns#type	type	http://www.ontologydesignpatterns.org/ont/dul/DUL.owl#NaturalPerson	entity	Natural person
http://dbpedia.org/resource/Robert_Ker	Robert Ker	http://www.w3.org/1999/02/22-rdf-syntax-ns#type	type	http://www.w3.org/2002/07/owl#Thing	entity	Thing
http://dbpedia.org/resource/Robert_Ker	Robert Ker	http://www.w3.org/1999/02/22-rdf-syntax-ns#type	type	http://www.wikidata.org/entity/Q215627	entity	person
http://dbpedia.org/resource/Robert_Ker	Robert Ker	http://www.w3.org/1999/02/22-rdf-syntax-ns#type	type	http://www.wikidata.org/entity/Q24229398	entity	agent
http://dbpedia.org/resource/Robert_Ker	Robert Ker	http://www.w3.org/1999/02/22-rdf-syntax-ns#type	type	http://www.wikidata.org/entity/Q5	entity	human
http://dbpedia.org/resource/Robert_Ker	Robert Ker	http://www.w3.org/1999/02/22-rdf-syntax-ns#type	type	http://xmlns.com/foaf/0.1/Person	entity	Person
http://dbpedia.org/resource/Robert_Ker	Robert Ker	http://www.w3.org/2000/01/rdf-schema#comment	comment	Robert Ker (August 14, 1824 – 11 or 12 February 1879) was the first Auditor General of the Colony and then the Province of British Columbia. A descendant of the Dukes of Roxburghe and cousin of Allan Ebenezer Ker, Robert was born in Dalkeith and educated in Scotland, and came to Vancouver Island in 1859. He was friendly with colonial governor Sir James Douglas and John Sebastian Helmcken. Upon Canadian Confederation in 1867, he was appointed to the position of Dominion paymaster general. He died in Victoria, British Columbia of exposure during a snowstorm.	http://www.w3.org/1999/02/22-rdf-syntax-ns#langString	
http://dbpedia.org/resource/Robert_Ker	Robert Ker	http://www.w3.org/2000/01/rdf-schema#label	label	Robert Ker	http://www.w3.org/1999/02/22-rdf-syntax-ns#langString	
http://dbpedia.org/resource/Robert_Ker	Robert Ker	http://www.w3.org/2002/07/owl#sameAs	sameAs	http://dbpedia.org/resource/Robert_Ker	entity	Robert Ker
http://dbpedia.org/resource/Robert_Ker	Robert Ker	http://www.w3.org/2002/07/owl#sameAs	sameAs	http://rdf.freebase.com/ns/m.07dwgv	entity	Robert Ker
http://dbpedia.org/resource/Robert_Ker	Robert Ker	http://www.w3.org/2002/07/owl#sameAs	sameAs	http://www.wikidata.org/entity/Q7346323	entity	Robert Ker
http://dbpedia.org/resource/Robert_Ker	Robert Ker	http://www.w3.org/ns/prov#wasDerivedFrom	wasDerivedFrom	http://en.wikipedia.org/wiki/Robert_Ker?oldid=705569278	uri	null
http://dbpedia.org/resource/Robert_Ker	Robert Ker	http://xmlns.com/foaf/0.1/gender	gender	male	http://www.w3.org/1999/02/22-rdf-syntax-ns#langString	
http://dbpedia.org/resource/Robert_Ker	Robert Ker	http://xmlns.com/foaf/0.1/givenName	Given name	Robert	http://www.w3.org/1999/02/22-rdf-syntax-ns#langString	
http://dbpedia.org/resource/Robert_Ker	Robert Ker	http://xmlns.com/foaf/0.1/isPrimaryTopicOf	is primary topic of	http://en.wikipedia.org/wiki/Robert_Ker	uri	null
http://dbpedia.org/resource/Robert_Ker	Robert Ker	http://xmlns.com/foaf/0.1/name	name	Robert Ker	http://www.w3.org/1999/02/22-rdf-syntax-ns#langString	
http://dbpedia.org/resource/Robert_Ker	Robert Ker	http://xmlns.com/foaf/0.1/surname	Surname	Ker	http://www.w3.org/1999/02/22-rdf-syntax-ns#langString	
