sub	subl	prop	propl	obj	obj_t	obj_l
http://yago-knowledge.org/resource/Robert_Ker	Robert Ker	http://www.w3.org/1999/02/22-rdf-syntax-ns#type	type	http://www.w3.org/2002/07/owl#Thing	entity	Thing
http://yago-knowledge.org/resource/Robert_Ker	Robert Ker	http://www.w3.org/1999/02/22-rdf-syntax-ns#type	type	http://yago-knowledge.org/resource/wikicat_People_from_Dalkeith	entity	People from Dalkeith
http://yago-knowledge.org/resource/Robert_Ker	Robert Ker	http://www.w3.org/1999/02/22-rdf-syntax-ns#type	type	http://yago-knowledge.org/resource/wikicat_Pre-Confederation_British_Columbia_people	entity	Pre-Confederation British Columbia people
http://yago-knowledge.org/resource/Robert_Ker	Robert Ker	http://www.w3.org/1999/02/22-rdf-syntax-ns#type	type	http://yago-knowledge.org/resource/wikicat_Scottish_emigrants_to_pre-Confederation_British_Columbia	entity	Scottish emigrants to pre-Confederation British Columbia
http://yago-knowledge.org/resource/Robert_Ker	Robert Ker	http://www.w3.org/1999/02/22-rdf-syntax-ns#type	type	http://yago-knowledge.org/resource/wordnet_causal_agent_100007347	entity	causal agent
http://yago-knowledge.org/resource/Robert_Ker	Robert Ker	http://www.w3.org/1999/02/22-rdf-syntax-ns#type	type	http://yago-knowledge.org/resource/wordnet_emigrant_110051975	entity	emigrant
http://yago-knowledge.org/resource/Robert_Ker	Robert Ker	http://www.w3.org/1999/02/22-rdf-syntax-ns#type	type	http://yago-knowledge.org/resource/wordnet_living_thing_100004258	entity	living thing
http://yago-knowledge.org/resource/Robert_Ker	Robert Ker	http://www.w3.org/1999/02/22-rdf-syntax-ns#type	type	http://yago-knowledge.org/resource/wordnet_migrant_110314952	entity	migrant
http://yago-knowledge.org/resource/Robert_Ker	Robert Ker	http://www.w3.org/1999/02/22-rdf-syntax-ns#type	type	http://yago-knowledge.org/resource/wordnet_object_100002684	entity	object
http://yago-knowledge.org/resource/Robert_Ker	Robert Ker	http://www.w3.org/1999/02/22-rdf-syntax-ns#type	type	http://yago-knowledge.org/resource/wordnet_organism_100004475	entity	organism
http://yago-knowledge.org/resource/Robert_Ker	Robert Ker	http://www.w3.org/1999/02/22-rdf-syntax-ns#type	type	http://yago-knowledge.org/resource/wordnet_person_100007846	entity	person
http://yago-knowledge.org/resource/Robert_Ker	Robert Ker	http://www.w3.org/1999/02/22-rdf-syntax-ns#type	type	http://yago-knowledge.org/resource/wordnet_physical_entity_100001930	entity	physical entity
http://yago-knowledge.org/resource/Robert_Ker	Robert Ker	http://www.w3.org/1999/02/22-rdf-syntax-ns#type	type	http://yago-knowledge.org/resource/wordnet_traveler_109629752	entity	traveler
http://yago-knowledge.org/resource/Robert_Ker	Robert Ker	http://www.w3.org/1999/02/22-rdf-syntax-ns#type	type	http://yago-knowledge.org/resource/wordnet_whole_100003553	entity	whole
http://yago-knowledge.org/resource/Robert_Ker	Robert Ker	http://www.w3.org/1999/02/22-rdf-syntax-ns#type	type	http://yago-knowledge.org/resource/yagoLegalActor	entity	legal actor
http://yago-knowledge.org/resource/Robert_Ker	Robert Ker	http://www.w3.org/1999/02/22-rdf-syntax-ns#type	type	http://yago-knowledge.org/resource/yagoLegalActorGeo	entity	legal actor or geographic entity
http://yago-knowledge.org/resource/Robert_Ker	Robert Ker	http://www.w3.org/2000/01/rdf-schema#label	label	Robert Ker	http://www.w3.org/1999/02/22-rdf-syntax-ns#langString	
http://yago-knowledge.org/resource/Robert_Ker	Robert Ker	http://www.w3.org/2000/01/rdf-schema#label	label	Robert Ker	http://www.w3.org/2001/XMLSchema#string	
http://yago-knowledge.org/resource/Robert_Ker	Robert Ker	http://www.w3.org/2000/01/rdf-schema#label	label	Robert Kerr	http://www.w3.org/1999/02/22-rdf-syntax-ns#langString	
http://yago-knowledge.org/resource/Robert_Ker	Robert Ker	http://www.w3.org/2002/07/owl#sameAs	sameAs	http://dbpedia.org/resource/Robert_Ker	entity	Robert Ker
http://yago-knowledge.org/resource/Robert_Ker	Robert Ker	http://www.w3.org/2004/02/skos/core#prefLabel	preferred label	Robert Ker	http://www.w3.org/1999/02/22-rdf-syntax-ns#langString	
http://yago-knowledge.org/resource/Robert_Ker	Robert Ker	http://yago-knowledge.org/resource/diedOnDate	Date of death	1879-01-01	http://www.w3.org/2001/XMLSchema#date	
http://yago-knowledge.org/resource/Robert_Ker	Robert Ker	http://yago-knowledge.org/resource/hasFamilyName	Surname	Ker	http://www.w3.org/2001/XMLSchema#string	
http://yago-knowledge.org/resource/Robert_Ker	Robert Ker	http://yago-knowledge.org/resource/hasGender	sex or gender	http://yago-knowledge.org/resource/male	entity	male
http://yago-knowledge.org/resource/Robert_Ker	Robert Ker	http://yago-knowledge.org/resource/hasGivenName	given name	Robert	http://www.w3.org/2001/XMLSchema#string	
http://yago-knowledge.org/resource/Robert_Ker	Robert Ker	http://yago-knowledge.org/resource/hasWikipediaAnchorText	null	Allan Ebenezer Ker	http://www.w3.org/1999/02/22-rdf-syntax-ns#langString	
http://yago-knowledge.org/resource/Robert_Ker	Robert Ker	http://yago-knowledge.org/resource/hasWikipediaAnchorText	null	Art Gallery of Greater Victoria	http://www.w3.org/1999/02/22-rdf-syntax-ns#langString	
http://yago-knowledge.org/resource/Robert_Ker	Robert Ker	http://yago-knowledge.org/resource/hasWikipediaAnchorText	null	Auditor General	http://www.w3.org/1999/02/22-rdf-syntax-ns#langString	
http://yago-knowledge.org/resource/Robert_Ker	Robert Ker	http://yago-knowledge.org/resource/hasWikipediaAnchorText	null	Biography at the Dictionary of Canadian Biography Online	http://www.w3.org/1999/02/22-rdf-syntax-ns#langString	
http://yago-knowledge.org/resource/Robert_Ker	Robert Ker	http://yago-knowledge.org/resource/hasWikipediaAnchorText	null	British Columbia	http://www.w3.org/1999/02/22-rdf-syntax-ns#langString	
http://yago-knowledge.org/resource/Robert_Ker	Robert Ker	http://yago-knowledge.org/resource/hasWikipediaAnchorText	null	Canadian Confederation	http://www.w3.org/1999/02/22-rdf-syntax-ns#langString	
http://yago-knowledge.org/resource/Robert_Ker	Robert Ker	http://yago-knowledge.org/resource/hasWikipediaAnchorText	null	Colony	http://www.w3.org/1999/02/22-rdf-syntax-ns#langString	
http://yago-knowledge.org/resource/Robert_Ker	Robert Ker	http://yago-knowledge.org/resource/hasWikipediaAnchorText	null	Dalkeith	http://www.w3.org/1999/02/22-rdf-syntax-ns#langString	
http://yago-knowledge.org/resource/Robert_Ker	Robert Ker	http://yago-knowledge.org/resource/hasWikipediaAnchorText	null	Dominion paymaster general	http://www.w3.org/1999/02/22-rdf-syntax-ns#langString	
http://yago-knowledge.org/resource/Robert_Ker	Robert Ker	http://yago-knowledge.org/resource/hasWikipediaAnchorText	null	Dukes of Roxburghe	http://www.w3.org/1999/02/22-rdf-syntax-ns#langString	
http://yago-knowledge.org/resource/Robert_Ker	Robert Ker	http://yago-knowledge.org/resource/hasWikipediaAnchorText	null	John Sebastian Helmcken	http://www.w3.org/1999/02/22-rdf-syntax-ns#langString	
http://yago-knowledge.org/resource/Robert_Ker	Robert Ker	http://yago-knowledge.org/resource/hasWikipediaAnchorText	null	Scotland	http://www.w3.org/1999/02/22-rdf-syntax-ns#langString	
http://yago-knowledge.org/resource/Robert_Ker	Robert Ker	http://yago-knowledge.org/resource/hasWikipediaAnchorText	null	Sir James Douglas	http://www.w3.org/1999/02/22-rdf-syntax-ns#langString	
http://yago-knowledge.org/resource/Robert_Ker	Robert Ker	http://yago-knowledge.org/resource/hasWikipediaAnchorText	null	Vancouver Island	http://www.w3.org/1999/02/22-rdf-syntax-ns#langString	
http://yago-knowledge.org/resource/Robert_Ker	Robert Ker	http://yago-knowledge.org/resource/hasWikipediaAnchorText	null	Victoria, British Columbia	http://www.w3.org/1999/02/22-rdf-syntax-ns#langString	
http://yago-knowledge.org/resource/Robert_Ker	Robert Ker	http://yago-knowledge.org/resource/hasWikipediaAnchorText	null	exposure	http://www.w3.org/1999/02/22-rdf-syntax-ns#langString	
http://yago-knowledge.org/resource/Robert_Ker	Robert Ker	http://yago-knowledge.org/resource/hasWikipediaArticleLength	null	1771	http://www.w3.org/2001/XMLSchema#integer	
http://yago-knowledge.org/resource/Robert_Ker	Robert Ker	http://yago-knowledge.org/resource/hasWikipediaUrl	null	http://en.wikipedia.org/wiki/Robert_Ker	uri	null
http://yago-knowledge.org/resource/Robert_Ker	Robert Ker	http://yago-knowledge.org/resource/linksTo	null	http://yago-knowledge.org/resource/Art_Gallery_of_Greater_Victoria	entity	Art Gallery of Greater Victoria
http://yago-knowledge.org/resource/Robert_Ker	Robert Ker	http://yago-knowledge.org/resource/linksTo	null	http://yago-knowledge.org/resource/Auditor_General_of_British_Columbia	entity	Auditor General of British Columbia
http://yago-knowledge.org/resource/Robert_Ker	Robert Ker	http://yago-knowledge.org/resource/linksTo	null	http://yago-knowledge.org/resource/British_Columbia	entity	British Columbia
http://yago-knowledge.org/resource/Robert_Ker	Robert Ker	http://yago-knowledge.org/resource/linksTo	null	http://yago-knowledge.org/resource/Canadian_Confederation	entity	Canadian Confederation
http://yago-knowledge.org/resource/Robert_Ker	Robert Ker	http://yago-knowledge.org/resource/linksTo	null	http://yago-knowledge.org/resource/Dalkeith	entity	Dalkeith
http://yago-knowledge.org/resource/Robert_Ker	Robert Ker	http://yago-knowledge.org/resource/linksTo	null	http://yago-knowledge.org/resource/Duke_of_Roxburghe	entity	Duke of Roxburghe
http://yago-knowledge.org/resource/Robert_Ker	Robert Ker	http://yago-knowledge.org/resource/linksTo	null	http://yago-knowledge.org/resource/John_Sebastian_Helmcken	entity	John Sebastian Helmcken
http://yago-knowledge.org/resource/Robert_Ker	Robert Ker	http://yago-knowledge.org/resource/linksTo	null	http://yago-knowledge.org/resource/Scotland	entity	Scotland
http://yago-knowledge.org/resource/Robert_Ker	Robert Ker	http://yago-knowledge.org/resource/linksTo	null	http://yago-knowledge.org/resource/Vancouver_Island	entity	Vancouver Island
http://yago-knowledge.org/resource/Robert_Ker	Robert Ker	http://yago-knowledge.org/resource/linksTo	null	http://yago-knowledge.org/resource/Victoria,_British_Columbia	entity	Victoria, British Columbia
http://yago-knowledge.org/resource/Robert_Ker	Robert Ker	http://yago-knowledge.org/resource/wasBornOnDate	date of birth	1824-01-01	http://www.w3.org/2001/XMLSchema#date	
