sub	subl	prop	propl	obj	obj_t	obj_l
http://rdf.freebase.com/ns/m.0br7835	Robert Ker Porter	http://rdf.freebase.com/key/authority.us.gov.loc.na	na	n90692933	http://www.w3.org/2001/XMLSchema#string	
http://rdf.freebase.com/ns/m.0br7835	Robert Ker Porter	http://rdf.freebase.com/key/user.hangy.viaf	viaf	47031151	http://www.w3.org/2001/XMLSchema#string	
http://rdf.freebase.com/ns/m.0br7835	Robert Ker Porter	http://rdf.freebase.com/key/wikipedia.en	en	Robert_Ker_Porter	http://www.w3.org/2001/XMLSchema#string	
http://rdf.freebase.com/ns/m.0br7835	Robert Ker Porter	http://rdf.freebase.com/key/wikipedia.en_id	en_id	25460151	http://www.w3.org/2001/XMLSchema#string	
http://rdf.freebase.com/ns/m.0br7835	Robert Ker Porter	http://rdf.freebase.com/key/wikipedia.en_title	en_title	Robert_Ker_Porter	http://www.w3.org/2001/XMLSchema#string	
http://rdf.freebase.com/ns/m.0br7835	Robert Ker Porter	http://rdf.freebase.com/ns/book.author.works_written	Works written	http://rdf.freebase.com/ns/m.0br783m	entity	A narrative of the campaign in Russia during the year 1812
http://rdf.freebase.com/ns/m.0br7835	Robert Ker Porter	http://rdf.freebase.com/ns/book.author.works_written	Works written	http://rdf.freebase.com/ns/m.0br783t	entity	Travelling sketches in Russia and Sweden
http://rdf.freebase.com/ns/m.0br7835	Robert Ker Porter	http://rdf.freebase.com/ns/common.topic.article	Article	Robert Ker Porter (1777–1842), noted artist, author, diplomat and traveler. Known today for his accounts of his travels in Spain, Portugal and Russia, he also served as the British consul in Venezuela. Porter visited Spain in 1808 and was invited by Sir John Moore whom he had met previously in Sweden, to accompany the British forces, and the artist witnessed the actions at Benavente, Sahagún and Corunna. He was also one of the earliest panorama painters in Britain producing several significant pieces including the Storming of Seringapatam, the Siege of Acre, The Battle of Lodi, Defeat of the French at the Devil's Bridge, Mont St. Gothard, by Suwarrow, and the Battle of Alexandria. He was knighted for his services to the diplomatic corps. He also exhibited several pictures at the Royal Academy including Death of Sir Philip Sydney in 1792, The Defeat of King Stephen at the Battle of Lincoln in 1793, and the Battle of Northampton in 1796.	http://www.w3.org/1999/02/22-rdf-syntax-ns#langString	
http://rdf.freebase.com/ns/m.0br7835	Robert Ker Porter	http://rdf.freebase.com/ns/common.topic.description	Description	Robert Ker Porter was an English artist, author, diplomat and traveller. Known today for his accounts of his travels in Spain, Portugal and Russia, he was one of the earliest panorama painters in Britain, was appointed historical painter to Tsar Alexander I of Russia and served as British consul in Venezuela.	http://www.w3.org/1999/02/22-rdf-syntax-ns#langString	
http://rdf.freebase.com/ns/m.0br7835	Robert Ker Porter	http://rdf.freebase.com/ns/common.topic.notable_for	Notable for	Author	http://www.w3.org/1999/02/22-rdf-syntax-ns#langString	
http://rdf.freebase.com/ns/m.0br7835	Robert Ker Porter	http://rdf.freebase.com/ns/common.topic.notable_types	Notable types	http://rdf.freebase.com/ns/m.01xryvt	entity	Author
http://rdf.freebase.com/ns/m.0br7835	Robert Ker Porter	http://rdf.freebase.com/ns/common.topic.topic_equivalent_webpage	Topic equivalent webpage	http://en.wikipedia.org/wiki/Robert_Ker_Porter	uri	null
http://rdf.freebase.com/ns/m.0br7835	Robert Ker Porter	http://rdf.freebase.com/ns/common.topic.topic_equivalent_webpage	Topic equivalent webpage	http://en.wikipedia.org/wiki/index.html?curid=25460151	uri	null
http://rdf.freebase.com/ns/m.0br7835	Robert Ker Porter	http://rdf.freebase.com/ns/common.topic.topic_equivalent_webpage	Topic equivalent webpage	http://fa.wikipedia.org/wiki/%31%27%28%31%2A_%A9%31_%7E%48%31%2A%31	uri	null
http://rdf.freebase.com/ns/m.0br7835	Robert Ker Porter	http://rdf.freebase.com/ns/common.topic.topic_equivalent_webpage	Topic equivalent webpage	http://fa.wikipedia.org/wiki/index.html?curid=622741	uri	null
http://rdf.freebase.com/ns/m.0br7835	Robert Ker Porter	http://rdf.freebase.com/ns/common.topic.topic_equivalent_webpage	Topic equivalent webpage	http://fi.wikipedia.org/wiki/Robert_Ker_Porter	uri	null
http://rdf.freebase.com/ns/m.0br7835	Robert Ker Porter	http://rdf.freebase.com/ns/common.topic.topic_equivalent_webpage	Topic equivalent webpage	http://fi.wikipedia.org/wiki/index.html?curid=425197	uri	null
http://rdf.freebase.com/ns/m.0br7835	Robert Ker Porter	http://rdf.freebase.com/ns/common.topic.topic_equivalent_webpage	Topic equivalent webpage	http://fr.wikipedia.org/wiki/Robert_Ker_Porter	uri	null
http://rdf.freebase.com/ns/m.0br7835	Robert Ker Porter	http://rdf.freebase.com/ns/common.topic.topic_equivalent_webpage	Topic equivalent webpage	http://fr.wikipedia.org/wiki/index.html?curid=3175325	uri	null
http://rdf.freebase.com/ns/m.0br7835	Robert Ker Porter	http://rdf.freebase.com/ns/common.topic.topic_equivalent_webpage	Topic equivalent webpage	http://hr.wikipedia.org/wiki/Robert_Ker_Porter	uri	null
http://rdf.freebase.com/ns/m.0br7835	Robert Ker Porter	http://rdf.freebase.com/ns/common.topic.topic_equivalent_webpage	Topic equivalent webpage	http://hr.wikipedia.org/wiki/index.html?curid=315958	uri	null
http://rdf.freebase.com/ns/m.0br7835	Robert Ker Porter	http://rdf.freebase.com/ns/common.topic.topic_equivalent_webpage	Topic equivalent webpage	http://id.loc.gov/authorities/names/n90692933.html	uri	null
http://rdf.freebase.com/ns/m.0br7835	Robert Ker Porter	http://rdf.freebase.com/ns/common.topic.topic_equivalent_webpage	Topic equivalent webpage	http://it.wikipedia.org/wiki/Robert_Ker_Porter	uri	null
http://rdf.freebase.com/ns/m.0br7835	Robert Ker Porter	http://rdf.freebase.com/ns/common.topic.topic_equivalent_webpage	Topic equivalent webpage	http://it.wikipedia.org/wiki/index.html?curid=4182689	uri	null
http://rdf.freebase.com/ns/m.0br7835	Robert Ker Porter	http://rdf.freebase.com/ns/common.topic.topic_equivalent_webpage	Topic equivalent webpage	http://viaf.org/viaf/47031151/	uri	null
http://rdf.freebase.com/ns/m.0br7835	Robert Ker Porter	http://rdf.freebase.com/ns/kg.object_profile.prominent_type	prominent type	http://rdf.freebase.com/ns/book.author	entity	Author
http://rdf.freebase.com/ns/m.0br7835	Robert Ker Porter	http://rdf.freebase.com/ns/people.deceased_person.date_of_death	Date of death	1842	http://www.w3.org/2001/XMLSchema#gYear	
http://rdf.freebase.com/ns/m.0br7835	Robert Ker Porter	http://rdf.freebase.com/ns/people.person.date_of_birth	Date of birth	1777	http://www.w3.org/2001/XMLSchema#gYear	
http://rdf.freebase.com/ns/m.0br7835	Robert Ker Porter	http://rdf.freebase.com/ns/people.person.gender	Gender	http://rdf.freebase.com/ns/m.05zppz	entity	Male
http://rdf.freebase.com/ns/m.0br7835	Robert Ker Porter	http://rdf.freebase.com/ns/type.object.key	Key	/authority/us/gov/loc/na/n90692933	http://www.w3.org/2001/XMLSchema#string	
http://rdf.freebase.com/ns/m.0br7835	Robert Ker Porter	http://rdf.freebase.com/ns/type.object.key	Key	/user/hangy/viaf/47031151	http://www.w3.org/2001/XMLSchema#string	
http://rdf.freebase.com/ns/m.0br7835	Robert Ker Porter	http://rdf.freebase.com/ns/type.object.key	Key	/wikipedia/en/Robert_Ker_Porter	http://www.w3.org/2001/XMLSchema#string	
http://rdf.freebase.com/ns/m.0br7835	Robert Ker Porter	http://rdf.freebase.com/ns/type.object.key	Key	/wikipedia/en_id/25460151	http://www.w3.org/2001/XMLSchema#string	
http://rdf.freebase.com/ns/m.0br7835	Robert Ker Porter	http://rdf.freebase.com/ns/type.object.key	Key	/wikipedia/en_title/Robert_Ker_Porter	http://www.w3.org/2001/XMLSchema#string	
http://rdf.freebase.com/ns/m.0br7835	Robert Ker Porter	http://rdf.freebase.com/ns/type.object.key	Key	/wikipedia/fa/رابرت_كر_پورتر	http://www.w3.org/2001/XMLSchema#string	
http://rdf.freebase.com/ns/m.0br7835	Robert Ker Porter	http://rdf.freebase.com/ns/type.object.key	Key	/wikipedia/fa/رابرت_كرپرتر	http://www.w3.org/2001/XMLSchema#string	
http://rdf.freebase.com/ns/m.0br7835	Robert Ker Porter	http://rdf.freebase.com/ns/type.object.key	Key	/wikipedia/fa/رابرت_كرپورتر	http://www.w3.org/2001/XMLSchema#string	
http://rdf.freebase.com/ns/m.0br7835	Robert Ker Porter	http://rdf.freebase.com/ns/type.object.key	Key	/wikipedia/fa/رابرت_کر_پورتر	http://www.w3.org/2001/XMLSchema#string	
http://rdf.freebase.com/ns/m.0br7835	Robert Ker Porter	http://rdf.freebase.com/ns/type.object.key	Key	/wikipedia/fa/رابرت_کرپرتر	http://www.w3.org/2001/XMLSchema#string	
http://rdf.freebase.com/ns/m.0br7835	Robert Ker Porter	http://rdf.freebase.com/ns/type.object.key	Key	/wikipedia/fa/رابرت_کرپورتر	http://www.w3.org/2001/XMLSchema#string	
http://rdf.freebase.com/ns/m.0br7835	Robert Ker Porter	http://rdf.freebase.com/ns/type.object.key	Key	/wikipedia/fa_id/622741	http://www.w3.org/2001/XMLSchema#string	
http://rdf.freebase.com/ns/m.0br7835	Robert Ker Porter	http://rdf.freebase.com/ns/type.object.key	Key	/wikipedia/fa_title/رابرت_کر_پورتر	http://www.w3.org/2001/XMLSchema#string	
http://rdf.freebase.com/ns/m.0br7835	Robert Ker Porter	http://rdf.freebase.com/ns/type.object.key	Key	/wikipedia/fi/Robert_Ker_Porter	http://www.w3.org/2001/XMLSchema#string	
http://rdf.freebase.com/ns/m.0br7835	Robert Ker Porter	http://rdf.freebase.com/ns/type.object.key	Key	/wikipedia/fi_id/425197	http://www.w3.org/2001/XMLSchema#string	
http://rdf.freebase.com/ns/m.0br7835	Robert Ker Porter	http://rdf.freebase.com/ns/type.object.key	Key	/wikipedia/fi_title/Robert_Ker_Porter	http://www.w3.org/2001/XMLSchema#string	
http://rdf.freebase.com/ns/m.0br7835	Robert Ker Porter	http://rdf.freebase.com/ns/type.object.key	Key	/wikipedia/fr/Robert_Ker_Porter	http://www.w3.org/2001/XMLSchema#string	
http://rdf.freebase.com/ns/m.0br7835	Robert Ker Porter	http://rdf.freebase.com/ns/type.object.key	Key	/wikipedia/fr_id/3175325	http://www.w3.org/2001/XMLSchema#string	
http://rdf.freebase.com/ns/m.0br7835	Robert Ker Porter	http://rdf.freebase.com/ns/type.object.key	Key	/wikipedia/fr_title/Robert_Ker_Porter	http://www.w3.org/2001/XMLSchema#string	
http://rdf.freebase.com/ns/m.0br7835	Robert Ker Porter	http://rdf.freebase.com/ns/type.object.key	Key	/wikipedia/hr/Robert_Ker_Porter	http://www.w3.org/2001/XMLSchema#string	
http://rdf.freebase.com/ns/m.0br7835	Robert Ker Porter	http://rdf.freebase.com/ns/type.object.key	Key	/wikipedia/hr_id/315958	http://www.w3.org/2001/XMLSchema#string	
http://rdf.freebase.com/ns/m.0br7835	Robert Ker Porter	http://rdf.freebase.com/ns/type.object.key	Key	/wikipedia/hr_title/Robert_Ker_Porter	http://www.w3.org/2001/XMLSchema#string	
http://rdf.freebase.com/ns/m.0br7835	Robert Ker Porter	http://rdf.freebase.com/ns/type.object.key	Key	/wikipedia/it/Robert_Ker_Porter	http://www.w3.org/2001/XMLSchema#string	
http://rdf.freebase.com/ns/m.0br7835	Robert Ker Porter	http://rdf.freebase.com/ns/type.object.key	Key	/wikipedia/it_id/4182689	http://www.w3.org/2001/XMLSchema#string	
http://rdf.freebase.com/ns/m.0br7835	Robert Ker Porter	http://rdf.freebase.com/ns/type.object.key	Key	/wikipedia/it_title/Robert_Ker_Porter	http://www.w3.org/2001/XMLSchema#string	
http://rdf.freebase.com/ns/m.0br7835	Robert Ker Porter	http://rdf.freebase.com/ns/type.object.name	Name	Robert Ker Porter	http://www.w3.org/1999/02/22-rdf-syntax-ns#langString	
http://rdf.freebase.com/ns/m.0br7835	Robert Ker Porter	http://rdf.freebase.com/ns/type.object.type	Type	http://rdf.freebase.com/ns/base.type_ontology.agent	entity	Agent
http://rdf.freebase.com/ns/m.0br7835	Robert Ker Porter	http://rdf.freebase.com/ns/type.object.type	Type	http://rdf.freebase.com/ns/base.type_ontology.animate	entity	Animate
http://rdf.freebase.com/ns/m.0br7835	Robert Ker Porter	http://rdf.freebase.com/ns/type.object.type	Type	http://rdf.freebase.com/ns/base.type_ontology.physically_instantiable	entity	Physically Instantiable
http://rdf.freebase.com/ns/m.0br7835	Robert Ker Porter	http://rdf.freebase.com/ns/type.object.type	Type	http://rdf.freebase.com/ns/book.author	entity	Author
http://rdf.freebase.com/ns/m.0br7835	Robert Ker Porter	http://rdf.freebase.com/ns/type.object.type	Type	http://rdf.freebase.com/ns/common.topic	entity	Topic
http://rdf.freebase.com/ns/m.0br7835	Robert Ker Porter	http://rdf.freebase.com/ns/type.object.type	Type	http://rdf.freebase.com/ns/people.deceased_person	entity	Deceased Person
http://rdf.freebase.com/ns/m.0br7835	Robert Ker Porter	http://rdf.freebase.com/ns/type.object.type	Type	http://rdf.freebase.com/ns/people.person	entity	Person
http://rdf.freebase.com/ns/m.0br7835	Robert Ker Porter	http://www.w3.org/1999/02/22-rdf-syntax-ns#type	type	http://rdf.freebase.com/ns/base.type_ontology.agent	entity	Agent
http://rdf.freebase.com/ns/m.0br7835	Robert Ker Porter	http://www.w3.org/1999/02/22-rdf-syntax-ns#type	type	http://rdf.freebase.com/ns/base.type_ontology.animate	entity	Animate
http://rdf.freebase.com/ns/m.0br7835	Robert Ker Porter	http://www.w3.org/1999/02/22-rdf-syntax-ns#type	type	http://rdf.freebase.com/ns/base.type_ontology.physically_instantiable	entity	Physically Instantiable
http://rdf.freebase.com/ns/m.0br7835	Robert Ker Porter	http://www.w3.org/1999/02/22-rdf-syntax-ns#type	type	http://rdf.freebase.com/ns/book.author	entity	Author
http://rdf.freebase.com/ns/m.0br7835	Robert Ker Porter	http://www.w3.org/1999/02/22-rdf-syntax-ns#type	type	http://rdf.freebase.com/ns/common.topic	entity	Topic
http://rdf.freebase.com/ns/m.0br7835	Robert Ker Porter	http://www.w3.org/1999/02/22-rdf-syntax-ns#type	type	http://rdf.freebase.com/ns/people.deceased_person	entity	Deceased Person
http://rdf.freebase.com/ns/m.0br7835	Robert Ker Porter	http://www.w3.org/1999/02/22-rdf-syntax-ns#type	type	http://rdf.freebase.com/ns/people.person	entity	Person
http://rdf.freebase.com/ns/m.0br7835	Robert Ker Porter	http://www.w3.org/2000/01/rdf-schema#label	label	Robert Ker Porter	http://www.w3.org/1999/02/22-rdf-syntax-ns#langString	
