sub	subl	prop	propl	obj	obj_t	obj_l
http://dbpedia.org/resource/Portsmouth	Portsmouth	http://dbpedia.org/ontology/PopulatedPlace/areaTotal	area total (km2)	40.25	http://dbpedia.org/datatype/squareKilometre	
http://dbpedia.org/resource/Portsmouth	Portsmouth	http://dbpedia.org/ontology/abstract	has abstract	Portsmouth (/ˈpɔːrtsməθ/) is a port city in the ceremonial county of Hampshire on the south coast of England. Located mainly on Portsea Island, 64 miles (103 km) south-west of London and 19 miles (31 km) south-east of Southampton, it is the United Kingdom's only island city. It has a population of 205,400, and is the only city in the British Isles with a greater population density than London. The city forms part of the South Hampshire built-up area, which also covers Southampton and the towns of Havant, Waterlooville, Eastleigh, Fareham, and Gosport. The city's history can be traced to Roman times. A significant naval port for centuries, Portsmouth has the world's oldest dry dock and was England's first line of defence during the French invasion in 1545. Special fortifications were built in 1859 in anticipation of another invasion from continental Europe. By the early-19th century, Portsmouth was the most heavily fortified city in the world, and was considered "the world's greatest naval port" at the height of the British Empire throughout Pax Britannica. The world's first mass production line was set up in the city, making it the most industrialised site in the world. During the Second World War, the city was a pivotal embarkation point for the D-Day landings and was bombed extensively in the Portsmouth Blitz, which resulted in the deaths of 930 people. In 1982, the city housed the entirety of the attacking forces in the Falklands War. Her Majesty's Yacht Britannia left the city to oversee the transfer of Hong Kong in 1997. Portsmouth is one of the world's best known ports. HMNB Portsmouth is the largest dockyard for the Royal Navy and is home to two-thirds of the UK's surface fleet. The city is home to some famous ships, including HMS Warrior, the Tudor carrack Mary Rose and Horatio Nelson's flagship, HMS Victory (the world's oldest naval ship still in commission). The former HMS Vernon naval shore establishment has been redeveloped as a retail park known as Gunwharf Quays. Portsmouth is among the few British cities with two cathedrals: the Anglican Cathedral of St Thomas and the Roman Catholic Cathedral of St John the Evangelist. The waterfront and Portsmouth Harbour are dominated by the Spinnaker Tower, one of the United Kingdom's tallest structures at 560 feet (170 m). Nearby Southsea is a seaside resort with a pier amusement park and medieval castle. Portsmouth F.C. is the city's professional association football club and play their home games at Fratton Park. The city has several mainline railway stations that connect to London Waterloo, amongst other lines in South East England, while Portsmouth International Port is a commercial cruise ship and ferry port for international destinations. The port is the second busiest in the United Kingdom after Dover, handling around three million passengers a year. The city formerly had its own airport, Portsmouth Airport, until its closure in 1973. The University of Portsmouth enrols 23,000 students and is ranked amongst the highest performing universities. Portsmouth is also the birthplace of author Charles Dickens and engineer Isambard Kingdom Brunel.	http://www.w3.org/1999/02/22-rdf-syntax-ns#langString	
http://dbpedia.org/resource/Portsmouth	Portsmouth	http://dbpedia.org/ontology/areaCode	area code	023	http://www.w3.org/2001/XMLSchema#string	
http://dbpedia.org/resource/Portsmouth	Portsmouth	http://dbpedia.org/ontology/areaTotal	area total (m2)	4.025e+07	http://www.w3.org/2001/XMLSchema#double	
http://dbpedia.org/resource/Portsmouth	Portsmouth	http://dbpedia.org/ontology/country	country	http://dbpedia.org/resource/United_Kingdom	entity	United Kingdom
http://dbpedia.org/resource/Portsmouth	Portsmouth	http://dbpedia.org/ontology/governmentType	government type	http://dbpedia.org/resource/City_status_in_the_United_Kingdom	entity	City status in the United Kingdom
http://dbpedia.org/resource/Portsmouth	Portsmouth	http://dbpedia.org/ontology/governmentType	government type	http://dbpedia.org/resource/Unitary_authority	entity	Unitary authority
http://dbpedia.org/resource/Portsmouth	Portsmouth	http://dbpedia.org/ontology/isPartOf	is part of	http://dbpedia.org/resource/Hampshire	entity	Hampshire
http://dbpedia.org/resource/Portsmouth	Portsmouth	http://dbpedia.org/ontology/isPartOf	is part of	http://dbpedia.org/resource/South_East_England	entity	South East England
http://dbpedia.org/resource/Portsmouth	Portsmouth	http://dbpedia.org/ontology/leaderName	leader name	http://dbpedia.org/resource/Portsmouth_City_Council	entity	Portsmouth City Council
http://dbpedia.org/resource/Portsmouth	Portsmouth	http://dbpedia.org/ontology/leaderTitle	leader title	Governing body	http://www.w3.org/1999/02/22-rdf-syntax-ns#langString	
http://dbpedia.org/resource/Portsmouth	Portsmouth	http://dbpedia.org/ontology/leaderTitle	leader title	Leadership	http://www.w3.org/1999/02/22-rdf-syntax-ns#langString	
http://dbpedia.org/resource/Portsmouth	Portsmouth	http://dbpedia.org/ontology/motto	motto	Heaven's Light Our Guide	http://www.w3.org/2001/XMLSchema#string	
http://dbpedia.org/resource/Portsmouth	Portsmouth	http://dbpedia.org/ontology/populationMetro	population metro	1547000	http://www.w3.org/2001/XMLSchema#nonNegativeInteger	
http://dbpedia.org/resource/Portsmouth	Portsmouth	http://dbpedia.org/ontology/populationTotal	population total	205100	http://www.w3.org/2001/XMLSchema#nonNegativeInteger	
http://dbpedia.org/resource/Portsmouth	Portsmouth	http://dbpedia.org/ontology/populationUrban	population urban	855679	http://www.w3.org/2001/XMLSchema#nonNegativeInteger	
http://dbpedia.org/resource/Portsmouth	Portsmouth	http://dbpedia.org/ontology/postalCode	postal code	PO1 – PO8 Inclusive	http://www.w3.org/2001/XMLSchema#string	
http://dbpedia.org/resource/Portsmouth	Portsmouth	http://dbpedia.org/ontology/synonym	synonym	City of Portsmouth	http://www.w3.org/2001/XMLSchema#string	
http://dbpedia.org/resource/Portsmouth	Portsmouth	http://dbpedia.org/ontology/thumbnail	thumbnail	http://commons.wikimedia.org/wiki/Special:FilePath/Portsmouth_montage.png?width=300	uri	null
http://dbpedia.org/resource/Portsmouth	Portsmouth	http://dbpedia.org/ontology/type	type	http://dbpedia.org/resource/City_status_in_the_United_Kingdom	entity	City status in the United Kingdom
http://dbpedia.org/resource/Portsmouth	Portsmouth	http://dbpedia.org/ontology/utcOffset	UTC offset	+1	http://www.w3.org/2001/XMLSchema#string	
http://dbpedia.org/resource/Portsmouth	Portsmouth	http://dbpedia.org/ontology/utcOffset	UTC offset	0	http://www.w3.org/2001/XMLSchema#string	
http://dbpedia.org/resource/Portsmouth	Portsmouth	http://dbpedia.org/ontology/wikiPageExternalLink	Link from a Wikipage to an external page	http://www.portsmouth.gov.uk	uri	null
http://dbpedia.org/resource/Portsmouth	Portsmouth	http://dbpedia.org/ontology/wikiPageID	Wikipage page ID	24207	http://www.w3.org/2001/XMLSchema#integer	
http://dbpedia.org/resource/Portsmouth	Portsmouth	http://dbpedia.org/ontology/wikiPageLength	page length (characters) of wiki page	175879	http://www.w3.org/2001/XMLSchema#nonNegativeInteger	
http://dbpedia.org/resource/Portsmouth	Portsmouth	http://dbpedia.org/ontology/wikiPageOutDegree	Wiki page out degree	647	http://www.w3.org/2001/XMLSchema#nonNegativeInteger	
http://dbpedia.org/resource/Portsmouth	Portsmouth	http://dbpedia.org/ontology/wikiPageRevisionID	Wikipage revision ID	744626041	http://www.w3.org/2001/XMLSchema#integer	
http://dbpedia.org/resource/Portsmouth	Portsmouth	http://purl.org/dc/terms/subject	Subject	http://dbpedia.org/resource/Category:1180_establishments	entity	1180 establishments
http://dbpedia.org/resource/Portsmouth	Portsmouth	http://purl.org/dc/terms/subject	Subject	http://dbpedia.org/resource/Category:Cities_in_South_East_England	entity	Cities in South East England
http://dbpedia.org/resource/Portsmouth	Portsmouth	http://purl.org/dc/terms/subject	Subject	http://dbpedia.org/resource/Category:Local_government_districts_of_South_East_England	entity	Local government districts of South East England
http://dbpedia.org/resource/Portsmouth	Portsmouth	http://purl.org/dc/terms/subject	Subject	http://dbpedia.org/resource/Category:Local_government_in_Hampshire	entity	Local government in Hampshire
http://dbpedia.org/resource/Portsmouth	Portsmouth	http://purl.org/dc/terms/subject	Subject	http://dbpedia.org/resource/Category:Populated_coastal_places_in_Hampshire	entity	Populated coastal places in Hampshire
http://dbpedia.org/resource/Portsmouth	Portsmouth	http://purl.org/dc/terms/subject	Subject	http://dbpedia.org/resource/Category:Port_cities_and_towns_in_England	entity	Port cities and towns in England
http://dbpedia.org/resource/Portsmouth	Portsmouth	http://purl.org/dc/terms/subject	Subject	http://dbpedia.org/resource/Category:Ports_and_harbours_of_Hampshire	entity	Ports and harbours of Hampshire
http://dbpedia.org/resource/Portsmouth	Portsmouth	http://purl.org/dc/terms/subject	Subject	http://dbpedia.org/resource/Category:Ports_and_harbours_of_the_English_Channel	entity	Ports and harbours of the English Channel
http://dbpedia.org/resource/Portsmouth	Portsmouth	http://purl.org/dc/terms/subject	Subject	http://dbpedia.org/resource/Category:Portsmouth	entity	Portsmouth
http://dbpedia.org/resource/Portsmouth	Portsmouth	http://purl.org/dc/terms/subject	Subject	http://dbpedia.org/resource/Category:Towns_in_Hampshire	entity	Towns in Hampshire
http://dbpedia.org/resource/Portsmouth	Portsmouth	http://purl.org/dc/terms/subject	Subject	http://dbpedia.org/resource/Category:Unitary_authority_districts_of_England	entity	Unitary authority districts of England
http://dbpedia.org/resource/Portsmouth	Portsmouth	http://www.georss.org/georss/point	null	50.81666666666667 -1.0833333333333333	http://www.w3.org/2001/XMLSchema#string	
http://dbpedia.org/resource/Portsmouth	Portsmouth	http://www.w3.org/1999/02/22-rdf-syntax-ns#type	type	http://dbpedia.org/ontology/City	entity	city
http://dbpedia.org/resource/Portsmouth	Portsmouth	http://www.w3.org/1999/02/22-rdf-syntax-ns#type	type	http://dbpedia.org/ontology/Location	uri	null
http://dbpedia.org/resource/Portsmouth	Portsmouth	http://www.w3.org/1999/02/22-rdf-syntax-ns#type	type	http://dbpedia.org/ontology/Place	entity	place
http://dbpedia.org/resource/Portsmouth	Portsmouth	http://www.w3.org/1999/02/22-rdf-syntax-ns#type	type	http://dbpedia.org/ontology/PopulatedPlace	entity	populated place
http://dbpedia.org/resource/Portsmouth	Portsmouth	http://www.w3.org/1999/02/22-rdf-syntax-ns#type	type	http://dbpedia.org/ontology/Settlement	entity	municipality
http://dbpedia.org/resource/Portsmouth	Portsmouth	http://www.w3.org/1999/02/22-rdf-syntax-ns#type	type	http://schema.org/City	entity	City
http://dbpedia.org/resource/Portsmouth	Portsmouth	http://www.w3.org/1999/02/22-rdf-syntax-ns#type	type	http://schema.org/Place	entity	Place
http://dbpedia.org/resource/Portsmouth	Portsmouth	http://www.w3.org/1999/02/22-rdf-syntax-ns#type	type	http://www.w3.org/2002/07/owl#Thing	entity	Thing
http://dbpedia.org/resource/Portsmouth	Portsmouth	http://www.w3.org/1999/02/22-rdf-syntax-ns#type	type	http://www.w3.org/2003/01/geo/wgs84_pos#SpatialThing	entity	Spatial Thing
http://dbpedia.org/resource/Portsmouth	Portsmouth	http://www.w3.org/1999/02/22-rdf-syntax-ns#type	type	http://www.w3.org/2004/02/skos/core#Concept	entity	Concept
http://dbpedia.org/resource/Portsmouth	Portsmouth	http://www.w3.org/1999/02/22-rdf-syntax-ns#type	type	http://www.wikidata.org/entity/Q486972	entity	human settlement
http://dbpedia.org/resource/Portsmouth	Portsmouth	http://www.w3.org/1999/02/22-rdf-syntax-ns#type	type	http://www.wikidata.org/entity/Q515	entity	city
http://dbpedia.org/resource/Portsmouth	Portsmouth	http://www.w3.org/2000/01/rdf-schema#comment	comment	Portsmouth (/ˈpɔːrtsməθ/) is a port city in the ceremonial county of Hampshire on the south coast of England. Located mainly on Portsea Island, 64 miles (103 km) south-west of London and 19 miles (31 km) south-east of Southampton, it is the United Kingdom's only island city. It has a population of 205,400, and is the only city in the British Isles with a greater population density than London. The city forms part of the South Hampshire built-up area, which also covers Southampton and the towns of Havant, Waterlooville, Eastleigh, Fareham, and Gosport.	http://www.w3.org/1999/02/22-rdf-syntax-ns#langString	
http://dbpedia.org/resource/Portsmouth	Portsmouth	http://www.w3.org/2000/01/rdf-schema#label	label	Portsmouth	http://www.w3.org/1999/02/22-rdf-syntax-ns#langString	
http://dbpedia.org/resource/Portsmouth	Portsmouth	http://www.w3.org/2000/01/rdf-schema#seeAlso	seeAlso	http://dbpedia.org/resource/Buses	entity	Buses
http://dbpedia.org/resource/Portsmouth	Portsmouth	http://www.w3.org/2000/01/rdf-schema#seeAlso	seeAlso	http://dbpedia.org/resource/List_of_schools	entity	List of schools
http://dbpedia.org/resource/Portsmouth	Portsmouth	http://www.w3.org/2000/01/rdf-schema#seeAlso	seeAlso	http://dbpedia.org/resource/List_of_tallest_buildings	entity	List of tallest buildings
http://dbpedia.org/resource/Portsmouth	Portsmouth	http://www.w3.org/2000/01/rdf-schema#seeAlso	seeAlso	http://dbpedia.org/resource/Portsmouth	entity	Portsmouth
http://dbpedia.org/resource/Portsmouth	Portsmouth	http://www.w3.org/2000/01/rdf-schema#seeAlso	seeAlso	http://dbpedia.org/resource/Structures	entity	Structures
http://dbpedia.org/resource/Portsmouth	Portsmouth	http://www.w3.org/2002/07/owl#sameAs	sameAs	http://dbpedia.org/resource/Portsmouth	entity	Portsmouth
http://dbpedia.org/resource/Portsmouth	Portsmouth	http://www.w3.org/2002/07/owl#sameAs	sameAs	http://rdf.freebase.com/ns/m.0619_	entity	Portsmouth
http://dbpedia.org/resource/Portsmouth	Portsmouth	http://www.w3.org/2002/07/owl#sameAs	sameAs	http://sws.geonames.org/3333183/	entity	Portsmouth
http://dbpedia.org/resource/Portsmouth	Portsmouth	http://www.w3.org/2002/07/owl#sameAs	sameAs	http://www.wikidata.org/entity/Q72259	entity	Portsmouth
http://dbpedia.org/resource/Portsmouth	Portsmouth	http://www.w3.org/2003/01/geo/wgs84_pos#lat	latitude	50.8167	http://www.w3.org/2001/XMLSchema#float	
http://dbpedia.org/resource/Portsmouth	Portsmouth	http://www.w3.org/2003/01/geo/wgs84_pos#long	longtitude	-1.08333	http://www.w3.org/2001/XMLSchema#float	
http://dbpedia.org/resource/Portsmouth	Portsmouth	http://www.w3.org/ns/prov#wasDerivedFrom	wasDerivedFrom	http://en.wikipedia.org/wiki/Portsmouth?oldid=744626041	uri	null
http://dbpedia.org/resource/Portsmouth	Portsmouth	http://xmlns.com/foaf/0.1/depiction	depiction	http://commons.wikimedia.org/wiki/Special:FilePath/Portsmouth_montage.png	uri	null
http://dbpedia.org/resource/Portsmouth	Portsmouth	http://xmlns.com/foaf/0.1/homepage	homepage	http://www.portsmouth.gov.uk	uri	null
http://dbpedia.org/resource/Portsmouth	Portsmouth	http://xmlns.com/foaf/0.1/isPrimaryTopicOf	is primary topic of	http://en.wikipedia.org/wiki/Portsmouth	uri	null
http://dbpedia.org/resource/Portsmouth	Portsmouth	http://xmlns.com/foaf/0.1/name	name	Portsmouth	http://www.w3.org/1999/02/22-rdf-syntax-ns#langString	
http://dbpedia.org/resource/Portsmouth	Portsmouth	http://xmlns.com/foaf/0.1/nick	nickname	Pompey	http://www.w3.org/1999/02/22-rdf-syntax-ns#langString	
