sub	subl	prop	propl	obj	obj_t	obj_l
http://rdf.freebase.com/ns/m.04zy6bj	Evergreen	http://rdf.freebase.com/key/base.usnris.item	item	69000066	http://www.w3.org/2001/XMLSchema#string	
http://rdf.freebase.com/ns/m.04zy6bj	Evergreen	http://rdf.freebase.com/key/wikipedia.en	en	Evergreen_(Owensville,_Maryland)	http://www.w3.org/2001/XMLSchema#string	
http://rdf.freebase.com/ns/m.04zy6bj	Evergreen	http://rdf.freebase.com/key/wikipedia.en_id	en_id	20415292	http://www.w3.org/2001/XMLSchema#string	
http://rdf.freebase.com/ns/m.04zy6bj	Evergreen	http://rdf.freebase.com/key/wikipedia.en_title	en_title	Evergreen_(Owensville,_Maryland)	http://www.w3.org/2001/XMLSchema#string	
http://rdf.freebase.com/ns/m.04zy6bj	Evergreen	http://rdf.freebase.com/ns/architecture.structure.architectural_style	Architectural Style	http://rdf.freebase.com/ns/m.058ms9	entity	American Colonial
http://rdf.freebase.com/ns/m.04zy6bj	Evergreen	http://rdf.freebase.com/ns/architecture.structure.architectural_style	Architectural Style	http://rdf.freebase.com/ns/m.05nssg	entity	Federal architecture
http://rdf.freebase.com/ns/m.04zy6bj	Evergreen	http://rdf.freebase.com/ns/architecture.structure.opened	Opened	1853	http://www.w3.org/2001/XMLSchema#gYear	
http://rdf.freebase.com/ns/m.04zy6bj	Evergreen	http://rdf.freebase.com/ns/base.usnris.nris_listing.item_number	item number	69000066	http://www.w3.org/2001/XMLSchema#string	
http://rdf.freebase.com/ns/m.04zy6bj	Evergreen	http://rdf.freebase.com/ns/base.usnris.nris_listing.significance_level	Significance Level	http://rdf.freebase.com/ns/m.05gk2hl	entity	Local
http://rdf.freebase.com/ns/m.04zy6bj	Evergreen	http://rdf.freebase.com/ns/base.usnris.nris_listing.significant_year	Significant Year	1853	http://www.w3.org/2001/XMLSchema#gYear	
http://rdf.freebase.com/ns/m.04zy6bj	Evergreen	http://rdf.freebase.com/ns/base.usnris.nris_listing.significant_year	Significant Year	1862	http://www.w3.org/2001/XMLSchema#gYear	
http://rdf.freebase.com/ns/m.04zy6bj	Evergreen	http://rdf.freebase.com/ns/common.topic.alias	Also known as	Parson's Hills	http://www.w3.org/1999/02/22-rdf-syntax-ns#langString	
http://rdf.freebase.com/ns/m.04zy6bj	Evergreen	http://rdf.freebase.com/ns/common.topic.alias	Also known as	The Peale	http://www.w3.org/1999/02/22-rdf-syntax-ns#langString	
http://rdf.freebase.com/ns/m.04zy6bj	Evergreen	http://rdf.freebase.com/ns/common.topic.article	Article	Evergreen is a historic home at Owensville, Anne Arundel County, Maryland, United States. It is a 2⁄2-story white frame house composed of several sections, the earliest of which was built about 1760, and constructed by George Neall in the Federal style. The house reflects building evolution from the third quarter of the 18th century to the late 19th century. Evergreen was listed on the National Register of Historic Places in 1969.	http://www.w3.org/1999/02/22-rdf-syntax-ns#langString	
http://rdf.freebase.com/ns/m.04zy6bj	Evergreen	http://rdf.freebase.com/ns/common.topic.description	Description	Evergreen is a historic home at Owensville, Anne Arundel County, Maryland, United States. It is a 2 ¹⁄₂-story white frame house composed of several sections, the earliest of which was built about 1760, and constructed by George Neall in the Federal style. The house reflects building evolution from the third quarter of the 18th century to the late 19th century. Evergreen was listed on the National Register of Historic Places in 1969.	http://www.w3.org/1999/02/22-rdf-syntax-ns#langString	
http://rdf.freebase.com/ns/m.04zy6bj	Evergreen	http://rdf.freebase.com/ns/common.topic.image	Image	http://rdf.freebase.com/ns/m.0ccr9lg	entity	Evergreen Owensville MD May 10
http://rdf.freebase.com/ns/m.04zy6bj	Evergreen	http://rdf.freebase.com/ns/common.topic.notable_for	Notable for	American Colonial Structure	http://www.w3.org/1999/02/22-rdf-syntax-ns#langString	
http://rdf.freebase.com/ns/m.04zy6bj	Evergreen	http://rdf.freebase.com/ns/common.topic.notable_types	Notable types	http://rdf.freebase.com/ns/m.01xljym	entity	Building
http://rdf.freebase.com/ns/m.04zy6bj	Evergreen	http://rdf.freebase.com/ns/common.topic.topic_equivalent_webpage	Topic equivalent webpage	http://en.wikipedia.org/wiki/Evergreen_(Owensville,_Maryland)	uri	null
http://rdf.freebase.com/ns/m.04zy6bj	Evergreen	http://rdf.freebase.com/ns/common.topic.topic_equivalent_webpage	Topic equivalent webpage	http://en.wikipedia.org/wiki/index.html?curid=20415292	uri	null
http://rdf.freebase.com/ns/m.04zy6bj	Evergreen	http://rdf.freebase.com/ns/common.topic.topic_equivalent_webpage	Topic equivalent webpage	http://pdfhost.focus.nps.gov/docs/NRHP/Text/69000066.pdf	uri	null
http://rdf.freebase.com/ns/m.04zy6bj	Evergreen	http://rdf.freebase.com/ns/kg.object_profile.prominent_type	prominent type	http://rdf.freebase.com/ns/architecture.building	entity	Building
http://rdf.freebase.com/ns/m.04zy6bj	Evergreen	http://rdf.freebase.com/ns/location.location.containedby	Contained by	http://rdf.freebase.com/ns/m.04rrd	entity	Maryland
http://rdf.freebase.com/ns/m.04zy6bj	Evergreen	http://rdf.freebase.com/ns/location.location.containedby	Contained by	http://rdf.freebase.com/ns/m.0dn8b	entity	Anne Arundel County
http://rdf.freebase.com/ns/m.04zy6bj	Evergreen	http://rdf.freebase.com/ns/location.location.street_address	Street address	http://rdf.freebase.com/ns/m.06_rvzs	uri	null
http://rdf.freebase.com/ns/m.04zy6bj	Evergreen	http://rdf.freebase.com/ns/protected_sites.listed_site.designation_as_natural_or_cultural_site	Designation as Natural or Cultural Site	http://rdf.freebase.com/ns/m.06_rv_6	uri	null
http://rdf.freebase.com/ns/m.04zy6bj	Evergreen	http://rdf.freebase.com/ns/type.object.key	Key	/base/usnris/item/69000066	http://www.w3.org/2001/XMLSchema#string	
http://rdf.freebase.com/ns/m.04zy6bj	Evergreen	http://rdf.freebase.com/ns/type.object.key	Key	/wikipedia/en/Evergreen_(Owensville,_Maryland)	http://www.w3.org/2001/XMLSchema#string	
http://rdf.freebase.com/ns/m.04zy6bj	Evergreen	http://rdf.freebase.com/ns/type.object.key	Key	/wikipedia/en_id/20415292	http://www.w3.org/2001/XMLSchema#string	
http://rdf.freebase.com/ns/m.04zy6bj	Evergreen	http://rdf.freebase.com/ns/type.object.key	Key	/wikipedia/en_title/Evergreen_(Owensville,_Maryland)	http://www.w3.org/2001/XMLSchema#string	
http://rdf.freebase.com/ns/m.04zy6bj	Evergreen	http://rdf.freebase.com/ns/type.object.name	Name	Evergreen	http://www.w3.org/1999/02/22-rdf-syntax-ns#langString	
http://rdf.freebase.com/ns/m.04zy6bj	Evergreen	http://rdf.freebase.com/ns/type.object.type	Type	http://rdf.freebase.com/ns/architecture.building	entity	Building
http://rdf.freebase.com/ns/m.04zy6bj	Evergreen	http://rdf.freebase.com/ns/type.object.type	Type	http://rdf.freebase.com/ns/architecture.structure	entity	Structure
http://rdf.freebase.com/ns/m.04zy6bj	Evergreen	http://rdf.freebase.com/ns/type.object.type	Type	http://rdf.freebase.com/ns/base.type_ontology.inanimate	entity	Inanimate
http://rdf.freebase.com/ns/m.04zy6bj	Evergreen	http://rdf.freebase.com/ns/type.object.type	Type	http://rdf.freebase.com/ns/base.type_ontology.non_agent	entity	Non-Agent
http://rdf.freebase.com/ns/m.04zy6bj	Evergreen	http://rdf.freebase.com/ns/type.object.type	Type	http://rdf.freebase.com/ns/base.type_ontology.physically_instantiable	entity	Physically Instantiable
http://rdf.freebase.com/ns/m.04zy6bj	Evergreen	http://rdf.freebase.com/ns/type.object.type	Type	http://rdf.freebase.com/ns/base.usnris.nris_listing	entity	NRIS Listing
http://rdf.freebase.com/ns/m.04zy6bj	Evergreen	http://rdf.freebase.com/ns/type.object.type	Type	http://rdf.freebase.com/ns/base.usnris.topic	entity	Topic
http://rdf.freebase.com/ns/m.04zy6bj	Evergreen	http://rdf.freebase.com/ns/type.object.type	Type	http://rdf.freebase.com/ns/common.topic	entity	Topic
http://rdf.freebase.com/ns/m.04zy6bj	Evergreen	http://rdf.freebase.com/ns/type.object.type	Type	http://rdf.freebase.com/ns/location.location	entity	Location
http://rdf.freebase.com/ns/m.04zy6bj	Evergreen	http://rdf.freebase.com/ns/type.object.type	Type	http://rdf.freebase.com/ns/projects.project_focus	entity	Project focus
http://rdf.freebase.com/ns/m.04zy6bj	Evergreen	http://rdf.freebase.com/ns/type.object.type	Type	http://rdf.freebase.com/ns/protected_sites.listed_site	entity	Listed Site
http://rdf.freebase.com/ns/m.04zy6bj	Evergreen	http://www.w3.org/1999/02/22-rdf-syntax-ns#type	type	http://rdf.freebase.com/ns/architecture.building	entity	Building
http://rdf.freebase.com/ns/m.04zy6bj	Evergreen	http://www.w3.org/1999/02/22-rdf-syntax-ns#type	type	http://rdf.freebase.com/ns/architecture.structure	entity	Structure
http://rdf.freebase.com/ns/m.04zy6bj	Evergreen	http://www.w3.org/1999/02/22-rdf-syntax-ns#type	type	http://rdf.freebase.com/ns/base.type_ontology.inanimate	entity	Inanimate
http://rdf.freebase.com/ns/m.04zy6bj	Evergreen	http://www.w3.org/1999/02/22-rdf-syntax-ns#type	type	http://rdf.freebase.com/ns/base.type_ontology.non_agent	entity	Non-Agent
http://rdf.freebase.com/ns/m.04zy6bj	Evergreen	http://www.w3.org/1999/02/22-rdf-syntax-ns#type	type	http://rdf.freebase.com/ns/base.type_ontology.physically_instantiable	entity	Physically Instantiable
http://rdf.freebase.com/ns/m.04zy6bj	Evergreen	http://www.w3.org/1999/02/22-rdf-syntax-ns#type	type	http://rdf.freebase.com/ns/base.usnris.nris_listing	entity	NRIS Listing
http://rdf.freebase.com/ns/m.04zy6bj	Evergreen	http://www.w3.org/1999/02/22-rdf-syntax-ns#type	type	http://rdf.freebase.com/ns/base.usnris.topic	entity	Topic
http://rdf.freebase.com/ns/m.04zy6bj	Evergreen	http://www.w3.org/1999/02/22-rdf-syntax-ns#type	type	http://rdf.freebase.com/ns/common.topic	entity	Topic
http://rdf.freebase.com/ns/m.04zy6bj	Evergreen	http://www.w3.org/1999/02/22-rdf-syntax-ns#type	type	http://rdf.freebase.com/ns/location.location	entity	Location
http://rdf.freebase.com/ns/m.04zy6bj	Evergreen	http://www.w3.org/1999/02/22-rdf-syntax-ns#type	type	http://rdf.freebase.com/ns/projects.project_focus	entity	Project focus
http://rdf.freebase.com/ns/m.04zy6bj	Evergreen	http://www.w3.org/1999/02/22-rdf-syntax-ns#type	type	http://rdf.freebase.com/ns/protected_sites.listed_site	entity	Listed Site
http://rdf.freebase.com/ns/m.04zy6bj	Evergreen	http://www.w3.org/2000/01/rdf-schema#label	label	Evergreen	http://www.w3.org/1999/02/22-rdf-syntax-ns#langString	
http://rdf.freebase.com/ns/m.04zy6bj	Evergreen	http://www.w3.org/2003/01/geo/wgs84_pos#lat	latitude	38.833889	http://www.w3.org/2001/XMLSchema#float	
http://rdf.freebase.com/ns/m.04zy6bj	Evergreen	http://www.w3.org/2003/01/geo/wgs84_pos#long	longitude	-76.587778	http://www.w3.org/2001/XMLSchema#float	
