sub	subl	prop	propl	obj	obj_t	obj_l
http://dbpedia.org/resource/Evergreen_(Rocky_Mount,_Virginia)	Evergreen (Rocky Mount, Virginia)	http://dbpedia.org/ontology/abstract	has abstract	Evergreen, also known as the Callaway-Deyerle House, is an historic home located near Rocky Mount, Franklin County, Virginia. The original section, now the rear ell, was built about 1840, is a two-story, two bay, rectangular brick dwelling with a hipped roof in a vernacular Greek Revival style. A two-story front section in the Italianate style was added about 1861. A side gable and wing addition was built at the same time. Also on the property are a contributing silo (c. 1861), barn (c. 1920), and tenant house (c. 1930). The silo on site is one of the earliest all brick grain silos in this part of the country. It was listed on the National Register of Historic Places in 1999.	http://www.w3.org/1999/02/22-rdf-syntax-ns#langString	
http://dbpedia.org/resource/Evergreen_(Rocky_Mount,_Virginia)	Evergreen (Rocky Mount, Virginia)	http://dbpedia.org/ontology/added	added	1999-12-09	http://www.w3.org/2001/XMLSchema#date	
http://dbpedia.org/resource/Evergreen_(Rocky_Mount,_Virginia)	Evergreen (Rocky Mount, Virginia)	http://dbpedia.org/ontology/architecturalStyle	architectural style	http://dbpedia.org/resource/Greek_Revival_architecture	entity	Greek Revival architecture
http://dbpedia.org/resource/Evergreen_(Rocky_Mount,_Virginia)	Evergreen (Rocky Mount, Virginia)	http://dbpedia.org/ontology/architecturalStyle	architectural style	http://dbpedia.org/resource/Italianate_architecture	entity	Italianate architecture
http://dbpedia.org/resource/Evergreen_(Rocky_Mount,_Virginia)	Evergreen (Rocky Mount, Virginia)	http://dbpedia.org/ontology/area	area (m2)	0.0	http://www.w3.org/2001/XMLSchema#double	
http://dbpedia.org/resource/Evergreen_(Rocky_Mount,_Virginia)	Evergreen (Rocky Mount, Virginia)	http://dbpedia.org/ontology/location	location	http://dbpedia.org/resource/Rocky_Mount,_Virginia	entity	Rocky Mount, Virginia
http://dbpedia.org/resource/Evergreen_(Rocky_Mount,_Virginia)	Evergreen (Rocky Mount, Virginia)	http://dbpedia.org/ontology/nrhpReferenceNumber	NRHP Reference Number	99001504	http://www.w3.org/2001/XMLSchema#string	
http://dbpedia.org/resource/Evergreen_(Rocky_Mount,_Virginia)	Evergreen (Rocky Mount, Virginia)	http://dbpedia.org/ontology/thumbnail	thumbnail	http://commons.wikimedia.org/wiki/Special:FilePath/Evergreen-Callaway-Deyerle_House_in_Franklin_County_Va.jpg?width=300	uri	null
http://dbpedia.org/resource/Evergreen_(Rocky_Mount,_Virginia)	Evergreen (Rocky Mount, Virginia)	http://dbpedia.org/ontology/wikiPageID	Wikipage page ID	39883037	http://www.w3.org/2001/XMLSchema#integer	
http://dbpedia.org/resource/Evergreen_(Rocky_Mount,_Virginia)	Evergreen (Rocky Mount, Virginia)	http://dbpedia.org/ontology/wikiPageLength	page length (characters) of wiki page	2867	http://www.w3.org/2001/XMLSchema#nonNegativeInteger	
http://dbpedia.org/resource/Evergreen_(Rocky_Mount,_Virginia)	Evergreen (Rocky Mount, Virginia)	http://dbpedia.org/ontology/wikiPageOutDegree	Wiki page out degree	14	http://www.w3.org/2001/XMLSchema#nonNegativeInteger	
http://dbpedia.org/resource/Evergreen_(Rocky_Mount,_Virginia)	Evergreen (Rocky Mount, Virginia)	http://dbpedia.org/ontology/wikiPageRevisionID	Wikipage revision ID	741177702	http://www.w3.org/2001/XMLSchema#integer	
http://dbpedia.org/resource/Evergreen_(Rocky_Mount,_Virginia)	Evergreen (Rocky Mount, Virginia)	http://dbpedia.org/ontology/yearOfConstruction	year of construction	1840	http://www.w3.org/2001/XMLSchema#gYear	
http://dbpedia.org/resource/Evergreen_(Rocky_Mount,_Virginia)	Evergreen (Rocky Mount, Virginia)	http://purl.org/dc/terms/subject	Subject	http://dbpedia.org/resource/Category:1861_establishments_in_Virginia	entity	1861 establishments in Virginia
http://dbpedia.org/resource/Evergreen_(Rocky_Mount,_Virginia)	Evergreen (Rocky Mount, Virginia)	http://purl.org/dc/terms/subject	Subject	http://dbpedia.org/resource/Category:Greek_Revival_houses_in_Virginia	entity	Greek Revival houses in Virginia
http://dbpedia.org/resource/Evergreen_(Rocky_Mount,_Virginia)	Evergreen (Rocky Mount, Virginia)	http://purl.org/dc/terms/subject	Subject	http://dbpedia.org/resource/Category:Houses_completed_in_1861	entity	Houses completed in 1861
http://dbpedia.org/resource/Evergreen_(Rocky_Mount,_Virginia)	Evergreen (Rocky Mount, Virginia)	http://purl.org/dc/terms/subject	Subject	http://dbpedia.org/resource/Category:Houses_in_Franklin_County,_Virginia	entity	Houses in Franklin County, Virginia
http://dbpedia.org/resource/Evergreen_(Rocky_Mount,_Virginia)	Evergreen (Rocky Mount, Virginia)	http://purl.org/dc/terms/subject	Subject	http://dbpedia.org/resource/Category:Houses_on_the_National_Register_of_Historic_Places_in_Virginia	entity	Houses on the National Register of Historic Places in Virginia
http://dbpedia.org/resource/Evergreen_(Rocky_Mount,_Virginia)	Evergreen (Rocky Mount, Virginia)	http://purl.org/dc/terms/subject	Subject	http://dbpedia.org/resource/Category:Italianate_architecture_in_Virginia	entity	Italianate architecture in Virginia
http://dbpedia.org/resource/Evergreen_(Rocky_Mount,_Virginia)	Evergreen (Rocky Mount, Virginia)	http://purl.org/dc/terms/subject	Subject	http://dbpedia.org/resource/Category:National_Register_of_Historic_Places_in_Franklin_County,_Virginia	entity	National Register of Historic Places in Franklin County, Virginia
http://dbpedia.org/resource/Evergreen_(Rocky_Mount,_Virginia)	Evergreen (Rocky Mount, Virginia)	http://www.georss.org/georss/point	null	37.015 -79.97222222222223	http://www.w3.org/2001/XMLSchema#string	
http://dbpedia.org/resource/Evergreen_(Rocky_Mount,_Virginia)	Evergreen (Rocky Mount, Virginia)	http://www.w3.org/1999/02/22-rdf-syntax-ns#type	type	http://dbpedia.org/ontology/ArchitecturalStructure	entity	architectural structure
http://dbpedia.org/resource/Evergreen_(Rocky_Mount,_Virginia)	Evergreen (Rocky Mount, Virginia)	http://www.w3.org/1999/02/22-rdf-syntax-ns#type	type	http://dbpedia.org/ontology/Building	entity	building
http://dbpedia.org/resource/Evergreen_(Rocky_Mount,_Virginia)	Evergreen (Rocky Mount, Virginia)	http://www.w3.org/1999/02/22-rdf-syntax-ns#type	type	http://dbpedia.org/ontology/Location	uri	null
http://dbpedia.org/resource/Evergreen_(Rocky_Mount,_Virginia)	Evergreen (Rocky Mount, Virginia)	http://www.w3.org/1999/02/22-rdf-syntax-ns#type	type	http://dbpedia.org/ontology/Place	entity	place
http://dbpedia.org/resource/Evergreen_(Rocky_Mount,_Virginia)	Evergreen (Rocky Mount, Virginia)	http://www.w3.org/1999/02/22-rdf-syntax-ns#type	type	http://schema.org/Place	entity	Place
http://dbpedia.org/resource/Evergreen_(Rocky_Mount,_Virginia)	Evergreen (Rocky Mount, Virginia)	http://www.w3.org/1999/02/22-rdf-syntax-ns#type	type	http://www.w3.org/2002/07/owl#Thing	entity	Thing
http://dbpedia.org/resource/Evergreen_(Rocky_Mount,_Virginia)	Evergreen (Rocky Mount, Virginia)	http://www.w3.org/1999/02/22-rdf-syntax-ns#type	type	http://www.w3.org/2003/01/geo/wgs84_pos#SpatialThing	entity	Spatial Thing
http://dbpedia.org/resource/Evergreen_(Rocky_Mount,_Virginia)	Evergreen (Rocky Mount, Virginia)	http://www.w3.org/1999/02/22-rdf-syntax-ns#type	type	http://www.wikidata.org/entity/Q41176	entity	building
http://dbpedia.org/resource/Evergreen_(Rocky_Mount,_Virginia)	Evergreen (Rocky Mount, Virginia)	http://www.w3.org/2000/01/rdf-schema#comment	comment	Evergreen, also known as the Callaway-Deyerle House, is an historic home located near Rocky Mount, Franklin County, Virginia. The original section, now the rear ell, was built about 1840, is a two-story, two bay, rectangular brick dwelling with a hipped roof in a vernacular Greek Revival style. A two-story front section in the Italianate style was added about 1861. A side gable and wing addition was built at the same time. Also on the property are a contributing silo (c. 1861), barn (c. 1920), and tenant house (c. 1930). The silo on site is one of the earliest all brick grain silos in this part of the country.	http://www.w3.org/1999/02/22-rdf-syntax-ns#langString	
http://dbpedia.org/resource/Evergreen_(Rocky_Mount,_Virginia)	Evergreen (Rocky Mount, Virginia)	http://www.w3.org/2000/01/rdf-schema#label	label	Evergreen (Rocky Mount, Virginia)	http://www.w3.org/1999/02/22-rdf-syntax-ns#langString	
http://dbpedia.org/resource/Evergreen_(Rocky_Mount,_Virginia)	Evergreen (Rocky Mount, Virginia)	http://www.w3.org/2002/07/owl#sameAs	sameAs	http://dbpedia.org/resource/Evergreen_(Rocky_Mount,_Virginia)	entity	Evergreen (Rocky Mount, Virginia)
http://dbpedia.org/resource/Evergreen_(Rocky_Mount,_Virginia)	Evergreen (Rocky Mount, Virginia)	http://www.w3.org/2002/07/owl#sameAs	sameAs	http://rdf.freebase.com/ns/m.0w4zm75	entity	Evergreen-Callaway-Deyerle House
http://dbpedia.org/resource/Evergreen_(Rocky_Mount,_Virginia)	Evergreen (Rocky Mount, Virginia)	http://www.w3.org/2002/07/owl#sameAs	sameAs	http://www.wikidata.org/entity/Q14712301	entity	Evergreen
http://dbpedia.org/resource/Evergreen_(Rocky_Mount,_Virginia)	Evergreen (Rocky Mount, Virginia)	http://www.w3.org/2003/01/geo/wgs84_pos#lat	latitude	37.015	http://www.w3.org/2001/XMLSchema#float	
http://dbpedia.org/resource/Evergreen_(Rocky_Mount,_Virginia)	Evergreen (Rocky Mount, Virginia)	http://www.w3.org/2003/01/geo/wgs84_pos#long	longtitude	-79.9722	http://www.w3.org/2001/XMLSchema#float	
http://dbpedia.org/resource/Evergreen_(Rocky_Mount,_Virginia)	Evergreen (Rocky Mount, Virginia)	http://www.w3.org/ns/prov#wasDerivedFrom	wasDerivedFrom	http://en.wikipedia.org/wiki/Evergreen_(Rocky_Mount,_Virginia)?oldid=741177702	uri	null
http://dbpedia.org/resource/Evergreen_(Rocky_Mount,_Virginia)	Evergreen (Rocky Mount, Virginia)	http://xmlns.com/foaf/0.1/depiction	depiction	http://commons.wikimedia.org/wiki/Special:FilePath/Evergreen-Callaway-Deyerle_House_in_Franklin_County_Va.jpg	uri	null
http://dbpedia.org/resource/Evergreen_(Rocky_Mount,_Virginia)	Evergreen (Rocky Mount, Virginia)	http://xmlns.com/foaf/0.1/isPrimaryTopicOf	is primary topic of	http://en.wikipedia.org/wiki/Evergreen_(Rocky_Mount,_Virginia)	uri	null
http://dbpedia.org/resource/Evergreen_(Rocky_Mount,_Virginia)	Evergreen (Rocky Mount, Virginia)	http://xmlns.com/foaf/0.1/name	name	Evergreen-Callaway-Deyerle House	http://www.w3.org/1999/02/22-rdf-syntax-ns#langString	
