sub	subl	prop	propl	obj	obj_t	obj_l
http://www.wikidata.org/entity/Q14712301	Evergreen	http://www.w3.org/1999/02/22-rdf-syntax-ns#type	type	http://www.wikidata.org/entity/Q3947	entity	house
http://www.wikidata.org/entity/Q14712301	Evergreen	http://www.w3.org/1999/02/22-rdf-syntax-ns#type	type	http://www.wikidata.org/ontology#Item	entity	Item
http://www.wikidata.org/entity/Q14712301	Evergreen	http://www.w3.org/2000/01/rdf-schema#label	label	Evergreen	http://www.w3.org/1999/02/22-rdf-syntax-ns#langString	
http://www.wikidata.org/entity/Q14712301	Evergreen	http://www.w3.org/2003/01/geo/wgs84_pos#lat	latitude	37.015	http://www.w3.org/2001/XMLSchema#float	
http://www.wikidata.org/entity/Q14712301	Evergreen	http://www.w3.org/2003/01/geo/wgs84_pos#long	longitude	-79.9722	http://www.w3.org/2001/XMLSchema#float	
http://www.wikidata.org/entity/Q14712301	Evergreen	http://www.w3.org/2004/02/skos/core#altLabel	alternative label	Callaway-Deyerle House	http://www.w3.org/1999/02/22-rdf-syntax-ns#langString	
http://www.wikidata.org/entity/Q14712301	Evergreen	http://www.wikidata.org/entity/P131c	located in the administrative territorial entity	http://www.wikidata.org/entity/Q1370	entity	Virginia
http://www.wikidata.org/entity/Q14712301	Evergreen	http://www.wikidata.org/entity/P1435c	heritage status	http://www.wikidata.org/entity/Q19558910	entity	place listed on the National Register of Historic Places
http://www.wikidata.org/entity/Q14712301	Evergreen	http://www.wikidata.org/entity/P149c	architectural style	http://www.wikidata.org/entity/Q1513688	entity	Greek Revival architecture
http://www.wikidata.org/entity/Q14712301	Evergreen	http://www.wikidata.org/entity/P149c	architectural style	http://www.wikidata.org/entity/Q502163	entity	Renaissance Revival architecture
http://www.wikidata.org/entity/Q14712301	Evergreen	http://www.wikidata.org/entity/P17c	country	http://www.wikidata.org/entity/Q30	entity	United States of America
http://www.wikidata.org/entity/Q14712301	Evergreen	http://www.wikidata.org/entity/P31c	instance of	http://www.wikidata.org/entity/Q3947	entity	house
http://www.wikidata.org/entity/Q14712301	Evergreen	http://www.wikidata.org/entity/P649c	NRHP reference number	99001504	http://www.w3.org/2001/XMLSchema#string	
