sub	subl	prop	propl	obj	obj_t	obj_l
http://rdf.freebase.com/ns/m.05h39g9	Evergreen on the Falls	http://rdf.freebase.com/key/base.usnris.item	item	75002095	http://www.w3.org/2001/XMLSchema#string	
http://rdf.freebase.com/ns/m.05h39g9	Evergreen on the Falls	http://rdf.freebase.com/key/en	com/key/en	evergreen_on_the_falls	http://www.w3.org/2001/XMLSchema#string	
http://rdf.freebase.com/ns/m.05h39g9	Evergreen on the Falls	http://rdf.freebase.com/key/wikipedia.en	en	Evergreen_on_the_Falls	http://www.w3.org/2001/XMLSchema#string	
http://rdf.freebase.com/ns/m.05h39g9	Evergreen on the Falls	http://rdf.freebase.com/key/wikipedia.en_id	en_id	21542110	http://www.w3.org/2001/XMLSchema#string	
http://rdf.freebase.com/ns/m.05h39g9	Evergreen on the Falls	http://rdf.freebase.com/key/wikipedia.en_title	en_title	Evergreen_on_the_Falls	http://www.w3.org/2001/XMLSchema#string	
http://rdf.freebase.com/ns/m.05h39g9	Evergreen on the Falls	http://rdf.freebase.com/ns/architecture.structure.architectural_style	Architectural Style	http://rdf.freebase.com/ns/m.059cb1	entity	Italianate architecture
http://rdf.freebase.com/ns/m.05h39g9	Evergreen on the Falls	http://rdf.freebase.com/ns/architecture.structure.architectural_style	Architectural Style	http://rdf.freebase.com/ns/m.05fwxvt	entity	Classical Revival
http://rdf.freebase.com/ns/m.05h39g9	Evergreen on the Falls	http://rdf.freebase.com/ns/architecture.structure.opened	Opened	1860	http://www.w3.org/2001/XMLSchema#gYear	
http://rdf.freebase.com/ns/m.05h39g9	Evergreen on the Falls	http://rdf.freebase.com/ns/base.usnris.nris_listing.item_number	item number	75002095	http://www.w3.org/2001/XMLSchema#string	
http://rdf.freebase.com/ns/m.05h39g9	Evergreen on the Falls	http://rdf.freebase.com/ns/base.usnris.nris_listing.significance_level	Significance Level	http://rdf.freebase.com/ns/m.05gk2h0	entity	State
http://rdf.freebase.com/ns/m.05h39g9	Evergreen on the Falls	http://rdf.freebase.com/ns/base.usnris.nris_listing.significant_year	Significant Year	1860	http://www.w3.org/2001/XMLSchema#gYear	
http://rdf.freebase.com/ns/m.05h39g9	Evergreen on the Falls	http://rdf.freebase.com/ns/base.usnris.nris_listing.significant_year	Significant Year	1861	http://www.w3.org/2001/XMLSchema#gYear	
http://rdf.freebase.com/ns/m.05h39g9	Evergreen on the Falls	http://rdf.freebase.com/ns/common.topic.alias	Also known as	Evergreen on the Falls, Baltimore	http://www.w3.org/1999/02/22-rdf-syntax-ns#langString	
http://rdf.freebase.com/ns/m.05h39g9	Evergreen on the Falls	http://rdf.freebase.com/ns/common.topic.alias	Also known as	Headquarters, Maryland Society for the	http://www.w3.org/1999/02/22-rdf-syntax-ns#langString	
http://rdf.freebase.com/ns/m.05h39g9	Evergreen on the Falls	http://rdf.freebase.com/ns/common.topic.alias	Also known as	Snyder-Carroll House	http://www.w3.org/1999/02/22-rdf-syntax-ns#langString	
http://rdf.freebase.com/ns/m.05h39g9	Evergreen on the Falls	http://rdf.freebase.com/ns/common.topic.article	Article	Evergreen on the Falls, also known as the Snyder-Carroll House, is a historic home overlooking the Jones Falls valley and located at Baltimore, Maryland, United States. It is a 2⁄2-story, brick mansion in a rural version of the Victorian Italianate style. A serious fire in the early 1970s destroyed the furnishings and most of the interior. It was built about 1860 and was the home of the supervisor of the Mount Vernon Mills, Albert H. Carroll. It is headquarters of the Maryland Society for the Prevention of Cruelty to Animals. Evergreen on the Falls was listed on the National Register of Historic Places in 1975.	http://www.w3.org/1999/02/22-rdf-syntax-ns#langString	
http://rdf.freebase.com/ns/m.05h39g9	Evergreen on the Falls	http://rdf.freebase.com/ns/common.topic.description	Description	Evergreen on the Falls, also known as the Snyder-Carroll House, is a historic home overlooking the Jones Falls valley and located at Baltimore, Maryland, United States. It is a 2 ¹⁄₂-story, brick mansion in a rural version of the Victorian Italianate style. A serious fire in the early 1970s destroyed the furnishings and most of the interior. It was built about 1860 and was the home of the supervisor of the Mount Vernon Mills, Albert H. Carroll. It is headquarters of the Maryland Society for the Prevention of Cruelty to Animals. Evergreen on the Falls was listed on the National Register of Historic Places in 1975.	http://www.w3.org/1999/02/22-rdf-syntax-ns#langString	
http://rdf.freebase.com/ns/m.05h39g9	Evergreen on the Falls	http://rdf.freebase.com/ns/common.topic.notable_for	Notable for	Italianate Structure	http://www.w3.org/1999/02/22-rdf-syntax-ns#langString	
http://rdf.freebase.com/ns/m.05h39g9	Evergreen on the Falls	http://rdf.freebase.com/ns/common.topic.notable_types	Notable types	http://rdf.freebase.com/ns/m.01xljym	entity	Building
http://rdf.freebase.com/ns/m.05h39g9	Evergreen on the Falls	http://rdf.freebase.com/ns/common.topic.topic_equivalent_webpage	Topic equivalent webpage	http://en.wikipedia.org/wiki/Evergreen_on_the_Falls	uri	null
http://rdf.freebase.com/ns/m.05h39g9	Evergreen on the Falls	http://rdf.freebase.com/ns/common.topic.topic_equivalent_webpage	Topic equivalent webpage	http://en.wikipedia.org/wiki/index.html?curid=21542110	uri	null
http://rdf.freebase.com/ns/m.05h39g9	Evergreen on the Falls	http://rdf.freebase.com/ns/common.topic.topic_equivalent_webpage	Topic equivalent webpage	http://pdfhost.focus.nps.gov/docs/NRHP/Text/75002095.pdf	uri	null
http://rdf.freebase.com/ns/m.05h39g9	Evergreen on the Falls	http://rdf.freebase.com/ns/kg.object_profile.prominent_type	prominent type	http://rdf.freebase.com/ns/architecture.building	entity	Building
http://rdf.freebase.com/ns/m.05h39g9	Evergreen on the Falls	http://rdf.freebase.com/ns/location.location.area	Area	0.0392559	http://www.w3.org/2001/XMLSchema#string	
http://rdf.freebase.com/ns/m.05h39g9	Evergreen on the Falls	http://rdf.freebase.com/ns/location.location.containedby	Contained by	http://rdf.freebase.com/ns/m.04rrd	entity	Maryland
http://rdf.freebase.com/ns/m.05h39g9	Evergreen on the Falls	http://rdf.freebase.com/ns/location.location.containedby	Contained by	http://rdf.freebase.com/ns/m.094jv	entity	Baltimore
http://rdf.freebase.com/ns/m.05h39g9	Evergreen on the Falls	http://rdf.freebase.com/ns/location.location.street_address	Street address	http://rdf.freebase.com/ns/m.05h7qjs	uri	null
http://rdf.freebase.com/ns/m.05h39g9	Evergreen on the Falls	http://rdf.freebase.com/ns/protected_sites.listed_site.designation_as_natural_or_cultural_site	Designation as Natural or Cultural Site	http://rdf.freebase.com/ns/m.05h7qjz	uri	null
http://rdf.freebase.com/ns/m.05h39g9	Evergreen on the Falls	http://rdf.freebase.com/ns/type.object.key	Key	/base/usnris/item/75002095	http://www.w3.org/2001/XMLSchema#string	
http://rdf.freebase.com/ns/m.05h39g9	Evergreen on the Falls	http://rdf.freebase.com/ns/type.object.key	Key	/en/evergreen_on_the_falls	http://www.w3.org/2001/XMLSchema#string	
http://rdf.freebase.com/ns/m.05h39g9	Evergreen on the Falls	http://rdf.freebase.com/ns/type.object.key	Key	/wikipedia/en/Evergreen_on_the_Falls	http://www.w3.org/2001/XMLSchema#string	
http://rdf.freebase.com/ns/m.05h39g9	Evergreen on the Falls	http://rdf.freebase.com/ns/type.object.key	Key	/wikipedia/en_id/21542110	http://www.w3.org/2001/XMLSchema#string	
http://rdf.freebase.com/ns/m.05h39g9	Evergreen on the Falls	http://rdf.freebase.com/ns/type.object.key	Key	/wikipedia/en_title/Evergreen_on_the_Falls	http://www.w3.org/2001/XMLSchema#string	
http://rdf.freebase.com/ns/m.05h39g9	Evergreen on the Falls	http://rdf.freebase.com/ns/type.object.name	Name	Evergreen on the Falls	http://www.w3.org/1999/02/22-rdf-syntax-ns#langString	
http://rdf.freebase.com/ns/m.05h39g9	Evergreen on the Falls	http://rdf.freebase.com/ns/type.object.type	Type	http://rdf.freebase.com/ns/architecture.building	entity	Building
http://rdf.freebase.com/ns/m.05h39g9	Evergreen on the Falls	http://rdf.freebase.com/ns/type.object.type	Type	http://rdf.freebase.com/ns/architecture.structure	entity	Structure
http://rdf.freebase.com/ns/m.05h39g9	Evergreen on the Falls	http://rdf.freebase.com/ns/type.object.type	Type	http://rdf.freebase.com/ns/base.type_ontology.inanimate	entity	Inanimate
http://rdf.freebase.com/ns/m.05h39g9	Evergreen on the Falls	http://rdf.freebase.com/ns/type.object.type	Type	http://rdf.freebase.com/ns/base.type_ontology.non_agent	entity	Non-Agent
http://rdf.freebase.com/ns/m.05h39g9	Evergreen on the Falls	http://rdf.freebase.com/ns/type.object.type	Type	http://rdf.freebase.com/ns/base.type_ontology.physically_instantiable	entity	Physically Instantiable
http://rdf.freebase.com/ns/m.05h39g9	Evergreen on the Falls	http://rdf.freebase.com/ns/type.object.type	Type	http://rdf.freebase.com/ns/base.usnris.nris_listing	entity	NRIS Listing
http://rdf.freebase.com/ns/m.05h39g9	Evergreen on the Falls	http://rdf.freebase.com/ns/type.object.type	Type	http://rdf.freebase.com/ns/base.usnris.topic	entity	Topic
http://rdf.freebase.com/ns/m.05h39g9	Evergreen on the Falls	http://rdf.freebase.com/ns/type.object.type	Type	http://rdf.freebase.com/ns/common.topic	entity	Topic
http://rdf.freebase.com/ns/m.05h39g9	Evergreen on the Falls	http://rdf.freebase.com/ns/type.object.type	Type	http://rdf.freebase.com/ns/location.location	entity	Location
http://rdf.freebase.com/ns/m.05h39g9	Evergreen on the Falls	http://rdf.freebase.com/ns/type.object.type	Type	http://rdf.freebase.com/ns/projects.project_focus	entity	Project focus
http://rdf.freebase.com/ns/m.05h39g9	Evergreen on the Falls	http://rdf.freebase.com/ns/type.object.type	Type	http://rdf.freebase.com/ns/protected_sites.listed_site	entity	Listed Site
http://rdf.freebase.com/ns/m.05h39g9	Evergreen on the Falls	http://www.w3.org/1999/02/22-rdf-syntax-ns#type	type	http://rdf.freebase.com/ns/architecture.building	entity	Building
http://rdf.freebase.com/ns/m.05h39g9	Evergreen on the Falls	http://www.w3.org/1999/02/22-rdf-syntax-ns#type	type	http://rdf.freebase.com/ns/architecture.structure	entity	Structure
http://rdf.freebase.com/ns/m.05h39g9	Evergreen on the Falls	http://www.w3.org/1999/02/22-rdf-syntax-ns#type	type	http://rdf.freebase.com/ns/base.type_ontology.inanimate	entity	Inanimate
http://rdf.freebase.com/ns/m.05h39g9	Evergreen on the Falls	http://www.w3.org/1999/02/22-rdf-syntax-ns#type	type	http://rdf.freebase.com/ns/base.type_ontology.non_agent	entity	Non-Agent
http://rdf.freebase.com/ns/m.05h39g9	Evergreen on the Falls	http://www.w3.org/1999/02/22-rdf-syntax-ns#type	type	http://rdf.freebase.com/ns/base.type_ontology.physically_instantiable	entity	Physically Instantiable
http://rdf.freebase.com/ns/m.05h39g9	Evergreen on the Falls	http://www.w3.org/1999/02/22-rdf-syntax-ns#type	type	http://rdf.freebase.com/ns/base.usnris.nris_listing	entity	NRIS Listing
http://rdf.freebase.com/ns/m.05h39g9	Evergreen on the Falls	http://www.w3.org/1999/02/22-rdf-syntax-ns#type	type	http://rdf.freebase.com/ns/base.usnris.topic	entity	Topic
http://rdf.freebase.com/ns/m.05h39g9	Evergreen on the Falls	http://www.w3.org/1999/02/22-rdf-syntax-ns#type	type	http://rdf.freebase.com/ns/common.topic	entity	Topic
http://rdf.freebase.com/ns/m.05h39g9	Evergreen on the Falls	http://www.w3.org/1999/02/22-rdf-syntax-ns#type	type	http://rdf.freebase.com/ns/location.location	entity	Location
http://rdf.freebase.com/ns/m.05h39g9	Evergreen on the Falls	http://www.w3.org/1999/02/22-rdf-syntax-ns#type	type	http://rdf.freebase.com/ns/projects.project_focus	entity	Project focus
http://rdf.freebase.com/ns/m.05h39g9	Evergreen on the Falls	http://www.w3.org/1999/02/22-rdf-syntax-ns#type	type	http://rdf.freebase.com/ns/protected_sites.listed_site	entity	Listed Site
http://rdf.freebase.com/ns/m.05h39g9	Evergreen on the Falls	http://www.w3.org/2000/01/rdf-schema#label	label	Evergreen on the Falls	http://www.w3.org/1999/02/22-rdf-syntax-ns#langString	
http://rdf.freebase.com/ns/m.05h39g9	Evergreen on the Falls	http://www.w3.org/2003/01/geo/wgs84_pos#lat	latitude	39.326944	http://www.w3.org/2001/XMLSchema#float	
http://rdf.freebase.com/ns/m.05h39g9	Evergreen on the Falls	http://www.w3.org/2003/01/geo/wgs84_pos#long	longitude	-76.635	http://www.w3.org/2001/XMLSchema#float	
