sub	subl	prop	propl	obj	obj_t	obj_l
http://yago-knowledge.org/resource/Evergreen_on_the_Falls	Evergreen on the Falls	http://www.w3.org/1999/02/22-rdf-syntax-ns#type	type	http://www.w3.org/2002/07/owl#Thing	entity	Thing
http://yago-knowledge.org/resource/Evergreen_on_the_Falls	Evergreen on the Falls	http://www.w3.org/1999/02/22-rdf-syntax-ns#type	type	http://yago-knowledge.org/resource/wikicat_Houses_completed_in_1860	entity	Houses completed in 1860
http://yago-knowledge.org/resource/Evergreen_on_the_Falls	Evergreen on the Falls	http://www.w3.org/1999/02/22-rdf-syntax-ns#type	type	http://yago-knowledge.org/resource/wikicat_Houses_in_Baltimore,_Maryland	entity	Houses in Baltimore, Maryland
http://yago-knowledge.org/resource/Evergreen_on_the_Falls	Evergreen on the Falls	http://www.w3.org/1999/02/22-rdf-syntax-ns#type	type	http://yago-knowledge.org/resource/wikicat_Houses_on_the_National_Register_of_Historic_Places_in_Baltimore,_Maryland	entity	Houses on the National Register of Historic Places in Baltimore, Maryland
http://yago-knowledge.org/resource/Evergreen_on_the_Falls	Evergreen on the Falls	http://www.w3.org/1999/02/22-rdf-syntax-ns#type	type	http://yago-knowledge.org/resource/wordnet_artifact_100021939	entity	artifact
http://yago-knowledge.org/resource/Evergreen_on_the_Falls	Evergreen on the Falls	http://www.w3.org/1999/02/22-rdf-syntax-ns#type	type	http://yago-knowledge.org/resource/wordnet_building_102913152	entity	building
http://yago-knowledge.org/resource/Evergreen_on_the_Falls	Evergreen on the Falls	http://www.w3.org/1999/02/22-rdf-syntax-ns#type	type	http://yago-knowledge.org/resource/wordnet_dwelling_103259505	entity	dwelling
http://yago-knowledge.org/resource/Evergreen_on_the_Falls	Evergreen on the Falls	http://www.w3.org/1999/02/22-rdf-syntax-ns#type	type	http://yago-knowledge.org/resource/wordnet_house_103544360	entity	house
http://yago-knowledge.org/resource/Evergreen_on_the_Falls	Evergreen on the Falls	http://www.w3.org/1999/02/22-rdf-syntax-ns#type	type	http://yago-knowledge.org/resource/wordnet_housing_103546340	entity	housing
http://yago-knowledge.org/resource/Evergreen_on_the_Falls	Evergreen on the Falls	http://www.w3.org/1999/02/22-rdf-syntax-ns#type	type	http://yago-knowledge.org/resource/wordnet_object_100002684	entity	object
http://yago-knowledge.org/resource/Evergreen_on_the_Falls	Evergreen on the Falls	http://www.w3.org/1999/02/22-rdf-syntax-ns#type	type	http://yago-knowledge.org/resource/wordnet_physical_entity_100001930	entity	physical entity
http://yago-knowledge.org/resource/Evergreen_on_the_Falls	Evergreen on the Falls	http://www.w3.org/1999/02/22-rdf-syntax-ns#type	type	http://yago-knowledge.org/resource/wordnet_structure_104341686	entity	structure
http://yago-knowledge.org/resource/Evergreen_on_the_Falls	Evergreen on the Falls	http://www.w3.org/1999/02/22-rdf-syntax-ns#type	type	http://yago-knowledge.org/resource/wordnet_whole_100003553	entity	whole
http://yago-knowledge.org/resource/Evergreen_on_the_Falls	Evergreen on the Falls	http://www.w3.org/1999/02/22-rdf-syntax-ns#type	type	http://yago-knowledge.org/resource/yagoGeoEntity	entity	geographical entity
http://yago-knowledge.org/resource/Evergreen_on_the_Falls	Evergreen on the Falls	http://www.w3.org/1999/02/22-rdf-syntax-ns#type	type	http://yago-knowledge.org/resource/yagoPermanentlyLocatedEntity	entity	yagoPermanentlyLocatedEntity
http://yago-knowledge.org/resource/Evergreen_on_the_Falls	Evergreen on the Falls	http://www.w3.org/2000/01/rdf-schema#label	label	Evergreen on the Falls	http://www.w3.org/1999/02/22-rdf-syntax-ns#langString	
http://yago-knowledge.org/resource/Evergreen_on_the_Falls	Evergreen on the Falls	http://www.w3.org/2002/07/owl#sameAs	sameAs	http://dbpedia.org/resource/Evergreen_on_the_Falls	entity	Evergreen on the Falls
http://yago-knowledge.org/resource/Evergreen_on_the_Falls	Evergreen on the Falls	http://www.w3.org/2004/02/skos/core#prefLabel	preferred label	Evergreen on the Falls	http://www.w3.org/1999/02/22-rdf-syntax-ns#langString	
http://yago-knowledge.org/resource/Evergreen_on_the_Falls	Evergreen on the Falls	http://yago-knowledge.org/resource/hasCitationTitle	null	Maryland Historical Trust	http://www.w3.org/1999/02/22-rdf-syntax-ns#langString	
http://yago-knowledge.org/resource/Evergreen_on_the_Falls	Evergreen on the Falls	http://yago-knowledge.org/resource/hasWikipediaAnchorText	null	Baltimore	http://www.w3.org/1999/02/22-rdf-syntax-ns#langString	
http://yago-knowledge.org/resource/Evergreen_on_the_Falls	Evergreen on the Falls	http://yago-knowledge.org/resource/hasWikipediaAnchorText	null	Baltimore, Maryland	http://www.w3.org/1999/02/22-rdf-syntax-ns#langString	
http://yago-knowledge.org/resource/Evergreen_on_the_Falls	Evergreen on the Falls	http://yago-knowledge.org/resource/hasWikipediaAnchorText	null	Jones Falls	http://www.w3.org/1999/02/22-rdf-syntax-ns#langString	
http://yago-knowledge.org/resource/Evergreen_on_the_Falls	Evergreen on the Falls	http://yago-knowledge.org/resource/hasWikipediaAnchorText	null	Maryland	http://www.w3.org/1999/02/22-rdf-syntax-ns#langString	
http://yago-knowledge.org/resource/Evergreen_on_the_Falls	Evergreen on the Falls	http://yago-knowledge.org/resource/hasWikipediaAnchorText	null	Maryland Society for the Prevention of Cruelty to Animals	http://www.w3.org/1999/02/22-rdf-syntax-ns#langString	
http://yago-knowledge.org/resource/Evergreen_on_the_Falls	Evergreen on the Falls	http://yago-knowledge.org/resource/hasWikipediaAnchorText	null	Mount Vernon Mills	http://www.w3.org/1999/02/22-rdf-syntax-ns#langString	
http://yago-knowledge.org/resource/Evergreen_on_the_Falls	Evergreen on the Falls	http://yago-knowledge.org/resource/hasWikipediaAnchorText	null	National Register of Historic Places	http://www.w3.org/1999/02/22-rdf-syntax-ns#langString	
http://yago-knowledge.org/resource/Evergreen_on_the_Falls	Evergreen on the Falls	http://yago-knowledge.org/resource/hasWikipediaAnchorText	null	Snyder-Carroll House; Evergreen on the Falls, Baltimore City	http://www.w3.org/1999/02/22-rdf-syntax-ns#langString	
http://yago-knowledge.org/resource/Evergreen_on_the_Falls	Evergreen on the Falls	http://yago-knowledge.org/resource/hasWikipediaAnchorText	null	United States	http://www.w3.org/1999/02/22-rdf-syntax-ns#langString	
http://yago-knowledge.org/resource/Evergreen_on_the_Falls	Evergreen on the Falls	http://yago-knowledge.org/resource/hasWikipediaAnchorText	null	Victorian Italianate	http://www.w3.org/1999/02/22-rdf-syntax-ns#langString	
http://yago-knowledge.org/resource/Evergreen_on_the_Falls	Evergreen on the Falls	http://yago-knowledge.org/resource/hasWikipediaArticleLength	null	2456	http://www.w3.org/2001/XMLSchema#integer	
http://yago-knowledge.org/resource/Evergreen_on_the_Falls	Evergreen on the Falls	http://yago-knowledge.org/resource/hasWikipediaUrl	null	http://en.wikipedia.org/wiki/Evergreen_on_the_Falls	uri	null
http://yago-knowledge.org/resource/Evergreen_on_the_Falls	Evergreen on the Falls	http://yago-knowledge.org/resource/isLocatedIn	Administrative parent	http://yago-knowledge.org/resource/Baltimore	entity	Baltimore
http://yago-knowledge.org/resource/Evergreen_on_the_Falls	Evergreen on the Falls	http://yago-knowledge.org/resource/linksTo	null	http://yago-knowledge.org/resource/American_Society_for_the_Prevention_of_Cruelty_to_Animals	entity	American Society for the Prevention of Cruelty to Animals
http://yago-knowledge.org/resource/Evergreen_on_the_Falls	Evergreen on the Falls	http://yago-knowledge.org/resource/linksTo	null	http://yago-knowledge.org/resource/Baltimore	entity	Baltimore
http://yago-knowledge.org/resource/Evergreen_on_the_Falls	Evergreen on the Falls	http://yago-knowledge.org/resource/linksTo	null	http://yago-knowledge.org/resource/Italianate_architecture	entity	Italianate architecture
http://yago-knowledge.org/resource/Evergreen_on_the_Falls	Evergreen on the Falls	http://yago-knowledge.org/resource/linksTo	null	http://yago-knowledge.org/resource/Jones_Falls	entity	Jones Falls
http://yago-knowledge.org/resource/Evergreen_on_the_Falls	Evergreen on the Falls	http://yago-knowledge.org/resource/linksTo	null	http://yago-knowledge.org/resource/Maryland	entity	Maryland
http://yago-knowledge.org/resource/Evergreen_on_the_Falls	Evergreen on the Falls	http://yago-knowledge.org/resource/linksTo	null	http://yago-knowledge.org/resource/Mount_Vernon_Mill_No._1	entity	Mount Vernon Mill No. 1
http://yago-knowledge.org/resource/Evergreen_on_the_Falls	Evergreen on the Falls	http://yago-knowledge.org/resource/linksTo	null	http://yago-knowledge.org/resource/National_Register_of_Historic_Places	entity	National Register of Historic Places
http://yago-knowledge.org/resource/Evergreen_on_the_Falls	Evergreen on the Falls	http://yago-knowledge.org/resource/linksTo	null	http://yago-knowledge.org/resource/United_States	entity	United States
http://yago-knowledge.org/resource/Evergreen_on_the_Falls	Evergreen on the Falls	http://yago-knowledge.org/resource/wasCreatedOnDate	startDate	1860-01-01	http://www.w3.org/2001/XMLSchema#date	
