sub	subl	prop	propl	obj	obj_t	obj_l
http://rdf.freebase.com/ns/m.0pk_5t3	Mayfair Hotel	http://rdf.freebase.com/key/wikipedia.en	en	Mayfair_Hotel_(St._Louis,_Missouri)	http://www.w3.org/2001/XMLSchema#string	
http://rdf.freebase.com/ns/m.0pk_5t3	Mayfair Hotel	http://rdf.freebase.com/key/wikipedia.en_id	en_id	38174316	http://www.w3.org/2001/XMLSchema#string	
http://rdf.freebase.com/ns/m.0pk_5t3	Mayfair Hotel	http://rdf.freebase.com/key/wikipedia.en_title	en_title	Mayfair_Hotel_(St._Louis,_Missouri)	http://www.w3.org/2001/XMLSchema#string	
http://rdf.freebase.com/ns/m.0pk_5t3	Mayfair Hotel	http://rdf.freebase.com/ns/common.topic.article	Article	http://rdf.freebase.com/ns/m.0pk_5t7	uri	null
http://rdf.freebase.com/ns/m.0pk_5t3	Mayfair Hotel	http://rdf.freebase.com/ns/common.topic.description	Description	The Magnolia Hotel St. Louis is a historic hotel in downtown St. Louis, Missouri, known for most of its life as the Mayfair Hotel. The Mayfair was founded by hotelier Charles Heiss from Bavaria. Heiss had previous hotel experience in Europe, Canada, and America, including time as the assistant manager at the Knickerbocker in New York and with Statler Hotels where he had managed their Detroit hotel. Mr. Heiss was transferred to St. Louis to manage the Statler hotel there, which he did for some years before having a disagreement with Mr. Statler, in which he swore to build better hotels nearby in St. Louis. The hotel was built from 1924-25 and designed by prominent St. Louis architect Preston J. Bradshaw. The concrete building is faced in red brick and terra cotta; it utilizes terra cotta extensively in its facing, window frames, ornaments, and cornices. The 18 story building contained three high speed elevators which were tended to by elevator operators. The Mayfair opened its doors on August 29, 1925 for a private reception and dinner for the 120 stockholders and contractors. The next evening 4,000 guests were invited for a grand opening and dedication.	http://www.w3.org/1999/02/22-rdf-syntax-ns#langString	
http://rdf.freebase.com/ns/m.0pk_5t3	Mayfair Hotel	http://rdf.freebase.com/ns/common.topic.topic_equivalent_webpage	Topic equivalent webpage	http://en.wikipedia.org/wiki/Mayfair_Hotel_(St._Louis,_Missouri)	uri	null
http://rdf.freebase.com/ns/m.0pk_5t3	Mayfair Hotel	http://rdf.freebase.com/ns/common.topic.topic_equivalent_webpage	Topic equivalent webpage	http://en.wikipedia.org/wiki/index.html?curid=38174316	uri	null
http://rdf.freebase.com/ns/m.0pk_5t3	Mayfair Hotel	http://rdf.freebase.com/ns/protected_sites.listed_site.designation_as_natural_or_cultural_site	Designation as Natural or Cultural Site	http://rdf.freebase.com/ns/g.11b7vw2pp_	uri	null
http://rdf.freebase.com/ns/m.0pk_5t3	Mayfair Hotel	http://rdf.freebase.com/ns/type.object.key	Key	/wikipedia/en/Mayfair_Hotel_(St._Louis,_Missouri)	http://www.w3.org/2001/XMLSchema#string	
http://rdf.freebase.com/ns/m.0pk_5t3	Mayfair Hotel	http://rdf.freebase.com/ns/type.object.key	Key	/wikipedia/en_id/38174316	http://www.w3.org/2001/XMLSchema#string	
http://rdf.freebase.com/ns/m.0pk_5t3	Mayfair Hotel	http://rdf.freebase.com/ns/type.object.key	Key	/wikipedia/en_title/Mayfair_Hotel_(St._Louis,_Missouri)	http://www.w3.org/2001/XMLSchema#string	
http://rdf.freebase.com/ns/m.0pk_5t3	Mayfair Hotel	http://rdf.freebase.com/ns/type.object.name	Name	Mayfair Hotel	http://www.w3.org/1999/02/22-rdf-syntax-ns#langString	
http://rdf.freebase.com/ns/m.0pk_5t3	Mayfair Hotel	http://rdf.freebase.com/ns/type.object.type	Type	http://rdf.freebase.com/ns/common.topic	entity	Topic
http://rdf.freebase.com/ns/m.0pk_5t3	Mayfair Hotel	http://www.w3.org/1999/02/22-rdf-syntax-ns#type	type	http://rdf.freebase.com/ns/common.topic	entity	Topic
http://rdf.freebase.com/ns/m.0pk_5t3	Mayfair Hotel	http://www.w3.org/2000/01/rdf-schema#label	label	Mayfair Hotel	http://www.w3.org/1999/02/22-rdf-syntax-ns#langString	
http://rdf.freebase.com/ns/m.0pk_5t3	Mayfair Hotel	http://www.w3.org/2003/01/geo/wgs84_pos#lat	latitude	38.63	http://www.w3.org/2001/XMLSchema#float	
http://rdf.freebase.com/ns/m.0pk_5t3	Mayfair Hotel	http://www.w3.org/2003/01/geo/wgs84_pos#long	longitude	-90.191944	http://www.w3.org/2001/XMLSchema#float	
