sub	subl	prop	propl	obj	obj_t	obj_l
http://rdf.freebase.com/ns/m.0c40vvr	Mayfair House	http://rdf.freebase.com/key/wikipedia.en	en	Mayfair_House	http://www.w3.org/2001/XMLSchema#string	
http://rdf.freebase.com/ns/m.0c40vvr	Mayfair House	http://rdf.freebase.com/key/wikipedia.en_id	en_id	27640268	http://www.w3.org/2001/XMLSchema#string	
http://rdf.freebase.com/ns/m.0c40vvr	Mayfair House	http://rdf.freebase.com/key/wikipedia.en_title	en_title	Mayfair_House	http://www.w3.org/2001/XMLSchema#string	
http://rdf.freebase.com/ns/m.0c40vvr	Mayfair House	http://rdf.freebase.com/ns/common.topic.article	Article	The Mayfair House was a historic 14 story apartment building completed in 1926 and located at 401 West Johnson Street in the East Germantown neighborhood of Philadelphia, Pennsylvania, on Lincoln Drive between Johnson and Cliveden Streets. It was considered "one of the city's most original and distinctive landmarks, a major architectural work." It may be considered part of a set of three apartment buildings in the area, the others being the Alden Park Manor and McCallum Manor which offered a type of modern city living in the early 20th century in a suburban, even rustic, setting. The Regency architecture also offered "ethnic continuity" to Philadelphia's anglophile culture. The building has been destroyed and 401 West Johnson Street is now an empty lot.	http://www.w3.org/1999/02/22-rdf-syntax-ns#langString	
http://rdf.freebase.com/ns/m.0c40vvr	Mayfair House	http://rdf.freebase.com/ns/common.topic.description	Description	The Mayfair House was a historic 14 story apartment building completed in 1926 and located at 401 West Johnson Street in the West Mount Airy neighborhood of Philadelphia, Pennsylvania, on Lincoln Drive between Johnson and Cliveden Streets. It was considered "one of the city's most original and distinctive landmarks, a major architectural work." It may be considered part of a set of three apartment buildings in the area, the others being the Alden Park Manor and McCallum Manor which offered a type of modern city living in the early 20th century in a suburban, even rustic, setting. The Regency architecture also offered "ethnic continuity" to Philadelphia's anglophile culture. The building has been destroyed and 401 West Johnson Street is now an empty lot.	http://www.w3.org/1999/02/22-rdf-syntax-ns#langString	
http://rdf.freebase.com/ns/m.0c40vvr	Mayfair House	http://rdf.freebase.com/ns/common.topic.image	Image	http://rdf.freebase.com/ns/m.0c4qyzz	entity	Lot at 401 W Johnson Philly
http://rdf.freebase.com/ns/m.0c40vvr	Mayfair House	http://rdf.freebase.com/ns/common.topic.notable_for	Notable for	Location	http://www.w3.org/1999/02/22-rdf-syntax-ns#langString	
http://rdf.freebase.com/ns/m.0c40vvr	Mayfair House	http://rdf.freebase.com/ns/common.topic.notable_types	Notable types	http://rdf.freebase.com/ns/m.01n7	entity	Location
http://rdf.freebase.com/ns/m.0c40vvr	Mayfair House	http://rdf.freebase.com/ns/common.topic.topic_equivalent_webpage	Topic equivalent webpage	http://en.wikipedia.org/wiki/Mayfair_House	uri	null
http://rdf.freebase.com/ns/m.0c40vvr	Mayfair House	http://rdf.freebase.com/ns/common.topic.topic_equivalent_webpage	Topic equivalent webpage	http://en.wikipedia.org/wiki/index.html?curid=27640268	uri	null
http://rdf.freebase.com/ns/m.0c40vvr	Mayfair House	http://rdf.freebase.com/ns/kg.object_profile.prominent_type	prominent type	http://rdf.freebase.com/ns/location.location	entity	Location
http://rdf.freebase.com/ns/m.0c40vvr	Mayfair House	http://rdf.freebase.com/ns/protected_sites.listed_site.designation_as_natural_or_cultural_site	Designation as Natural or Cultural Site	http://rdf.freebase.com/ns/g.11btv6w0jy	uri	null
http://rdf.freebase.com/ns/m.0c40vvr	Mayfair House	http://rdf.freebase.com/ns/type.object.key	Key	/wikipedia/en/Mayfair_House	http://www.w3.org/2001/XMLSchema#string	
http://rdf.freebase.com/ns/m.0c40vvr	Mayfair House	http://rdf.freebase.com/ns/type.object.key	Key	/wikipedia/en_id/27640268	http://www.w3.org/2001/XMLSchema#string	
http://rdf.freebase.com/ns/m.0c40vvr	Mayfair House	http://rdf.freebase.com/ns/type.object.key	Key	/wikipedia/en_title/Mayfair_House	http://www.w3.org/2001/XMLSchema#string	
http://rdf.freebase.com/ns/m.0c40vvr	Mayfair House	http://rdf.freebase.com/ns/type.object.name	Name	Mayfair House	http://www.w3.org/1999/02/22-rdf-syntax-ns#langString	
http://rdf.freebase.com/ns/m.0c40vvr	Mayfair House	http://rdf.freebase.com/ns/type.object.type	Type	http://rdf.freebase.com/ns/base.type_ontology.inanimate	entity	Inanimate
http://rdf.freebase.com/ns/m.0c40vvr	Mayfair House	http://rdf.freebase.com/ns/type.object.type	Type	http://rdf.freebase.com/ns/common.topic	entity	Topic
http://rdf.freebase.com/ns/m.0c40vvr	Mayfair House	http://rdf.freebase.com/ns/type.object.type	Type	http://rdf.freebase.com/ns/location.location	entity	Location
http://rdf.freebase.com/ns/m.0c40vvr	Mayfair House	http://www.w3.org/1999/02/22-rdf-syntax-ns#type	type	http://rdf.freebase.com/ns/base.type_ontology.inanimate	entity	Inanimate
http://rdf.freebase.com/ns/m.0c40vvr	Mayfair House	http://www.w3.org/1999/02/22-rdf-syntax-ns#type	type	http://rdf.freebase.com/ns/common.topic	entity	Topic
http://rdf.freebase.com/ns/m.0c40vvr	Mayfair House	http://www.w3.org/1999/02/22-rdf-syntax-ns#type	type	http://rdf.freebase.com/ns/location.location	entity	Location
http://rdf.freebase.com/ns/m.0c40vvr	Mayfair House	http://www.w3.org/2000/01/rdf-schema#label	label	Mayfair House	http://www.w3.org/1999/02/22-rdf-syntax-ns#langString	
http://rdf.freebase.com/ns/m.0c40vvr	Mayfair House	http://www.w3.org/2003/01/geo/wgs84_pos#lat	latitude	40.037222	http://www.w3.org/2001/XMLSchema#float	
http://rdf.freebase.com/ns/m.0c40vvr	Mayfair House	http://www.w3.org/2003/01/geo/wgs84_pos#long	longitude	-75.191667	http://www.w3.org/2001/XMLSchema#float	
