sub	subl	prop	propl	obj	obj_t	obj_l
http://yago-knowledge.org/resource/Mayfair_House	Mayfair House	http://www.w3.org/1999/02/22-rdf-syntax-ns#type	type	http://www.w3.org/2002/07/owl#Thing	entity	Thing
http://yago-knowledge.org/resource/Mayfair_House	Mayfair House	http://www.w3.org/1999/02/22-rdf-syntax-ns#type	type	http://yago-knowledge.org/resource/wikicat_Residential_buildings_completed_in_1925	entity	Residential buildings completed in 1925
http://yago-knowledge.org/resource/Mayfair_House	Mayfair House	http://www.w3.org/1999/02/22-rdf-syntax-ns#type	type	http://yago-knowledge.org/resource/wikicat_Residential_buildings_on_the_National_Register_of_Historic_Places_in_Philadelphia,_Pennsylvania	entity	Residential buildings on the National Register of Historic Places in Philadelphia, Pennsylvania
http://yago-knowledge.org/resource/Mayfair_House	Mayfair House	http://www.w3.org/1999/02/22-rdf-syntax-ns#type	type	http://yago-knowledge.org/resource/wordnet_artifact_100021939	entity	artifact
http://yago-knowledge.org/resource/Mayfair_House	Mayfair House	http://www.w3.org/1999/02/22-rdf-syntax-ns#type	type	http://yago-knowledge.org/resource/wordnet_building_102913152	entity	building
http://yago-knowledge.org/resource/Mayfair_House	Mayfair House	http://www.w3.org/1999/02/22-rdf-syntax-ns#type	type	http://yago-knowledge.org/resource/wordnet_object_100002684	entity	object
http://yago-knowledge.org/resource/Mayfair_House	Mayfair House	http://www.w3.org/1999/02/22-rdf-syntax-ns#type	type	http://yago-knowledge.org/resource/wordnet_physical_entity_100001930	entity	physical entity
http://yago-knowledge.org/resource/Mayfair_House	Mayfair House	http://www.w3.org/1999/02/22-rdf-syntax-ns#type	type	http://yago-knowledge.org/resource/wordnet_structure_104341686	entity	structure
http://yago-knowledge.org/resource/Mayfair_House	Mayfair House	http://www.w3.org/1999/02/22-rdf-syntax-ns#type	type	http://yago-knowledge.org/resource/wordnet_whole_100003553	entity	whole
http://yago-knowledge.org/resource/Mayfair_House	Mayfair House	http://www.w3.org/1999/02/22-rdf-syntax-ns#type	type	http://yago-knowledge.org/resource/yagoGeoEntity	entity	geographical entity
http://yago-knowledge.org/resource/Mayfair_House	Mayfair House	http://www.w3.org/1999/02/22-rdf-syntax-ns#type	type	http://yago-knowledge.org/resource/yagoPermanentlyLocatedEntity	entity	yagoPermanentlyLocatedEntity
http://yago-knowledge.org/resource/Mayfair_House	Mayfair House	http://www.w3.org/2000/01/rdf-schema#label	label	Mayfair	http://www.w3.org/1999/02/22-rdf-syntax-ns#langString	
http://yago-knowledge.org/resource/Mayfair_House	Mayfair House	http://www.w3.org/2000/01/rdf-schema#label	label	Mayfair House	http://www.w3.org/1999/02/22-rdf-syntax-ns#langString	
http://yago-knowledge.org/resource/Mayfair_House	Mayfair House	http://www.w3.org/2002/07/owl#sameAs	sameAs	http://dbpedia.org/resource/Mayfair_House	entity	Mayfair House
http://yago-knowledge.org/resource/Mayfair_House	Mayfair House	http://www.w3.org/2004/02/skos/core#prefLabel	preferred label	Mayfair House	http://www.w3.org/1999/02/22-rdf-syntax-ns#langString	
http://yago-knowledge.org/resource/Mayfair_House	Mayfair House	http://yago-knowledge.org/resource/hasWikipediaAnchorText	null	Alden Park Manor	http://www.w3.org/1999/02/22-rdf-syntax-ns#langString	
http://yago-knowledge.org/resource/Mayfair_House	Mayfair House	http://yago-knowledge.org/resource/hasWikipediaAnchorText	null	CRGS	http://www.w3.org/1999/02/22-rdf-syntax-ns#langString	
http://yago-knowledge.org/resource/Mayfair_House	Mayfair House	http://yago-knowledge.org/resource/hasWikipediaAnchorText	null	Connie Mack	http://www.w3.org/1999/02/22-rdf-syntax-ns#langString	
http://yago-knowledge.org/resource/Mayfair_House	Mayfair House	http://yago-knowledge.org/resource/hasWikipediaAnchorText	null	McCallum Manor	http://www.w3.org/1999/02/22-rdf-syntax-ns#langString	
http://yago-knowledge.org/resource/Mayfair_House	Mayfair House	http://yago-knowledge.org/resource/hasWikipediaAnchorText	null	Pennsylvania	http://www.w3.org/1999/02/22-rdf-syntax-ns#langString	
http://yago-knowledge.org/resource/Mayfair_House	Mayfair House	http://yago-knowledge.org/resource/hasWikipediaAnchorText	null	Philadelphia	http://www.w3.org/1999/02/22-rdf-syntax-ns#langString	
http://yago-knowledge.org/resource/Mayfair_House	Mayfair House	http://yago-knowledge.org/resource/hasWikipediaAnchorText	null	Philadelphia, Pennsylvania	http://www.w3.org/1999/02/22-rdf-syntax-ns#langString	
http://yago-knowledge.org/resource/Mayfair_House	Mayfair House	http://yago-knowledge.org/resource/hasWikipediaAnchorText	null	Skyscraperpage.com	http://www.w3.org/1999/02/22-rdf-syntax-ns#langString	
http://yago-knowledge.org/resource/Mayfair_House	Mayfair House	http://yago-knowledge.org/resource/wasCreatedOnDate	startDate	1925-01-01	http://www.w3.org/2001/XMLSchema#date	
