sub	subl	prop	propl	obj	obj_t	obj_l
http://yago-knowledge.org/resource/Mayfair_Mall	Mayfair Mall	http://www.w3.org/1999/02/22-rdf-syntax-ns#type	type	http://www.w3.org/2002/07/owl#Thing	entity	Thing
http://yago-knowledge.org/resource/Mayfair_Mall	Mayfair Mall	http://www.w3.org/1999/02/22-rdf-syntax-ns#type	type	http://yago-knowledge.org/resource/wikicat_Shopping_malls_established_in_1958	entity	Shopping malls established in 1958
http://yago-knowledge.org/resource/Mayfair_Mall	Mayfair Mall	http://www.w3.org/1999/02/22-rdf-syntax-ns#type	type	http://yago-knowledge.org/resource/wikicat_Shopping_malls_in_Wisconsin	entity	Shopping malls in Wisconsin
http://yago-knowledge.org/resource/Mayfair_Mall	Mayfair Mall	http://www.w3.org/1999/02/22-rdf-syntax-ns#type	type	http://yago-knowledge.org/resource/wordnet_artifact_100021939	entity	artifact
http://yago-knowledge.org/resource/Mayfair_Mall	Mayfair Mall	http://www.w3.org/1999/02/22-rdf-syntax-ns#type	type	http://yago-knowledge.org/resource/wordnet_establishment_103297735	entity	establishment
http://yago-knowledge.org/resource/Mayfair_Mall	Mayfair Mall	http://www.w3.org/1999/02/22-rdf-syntax-ns#type	type	http://yago-knowledge.org/resource/wordnet_mercantile_establishment_103748162	entity	mercantile establishment
http://yago-knowledge.org/resource/Mayfair_Mall	Mayfair Mall	http://www.w3.org/1999/02/22-rdf-syntax-ns#type	type	http://yago-knowledge.org/resource/wordnet_object_100002684	entity	object
http://yago-knowledge.org/resource/Mayfair_Mall	Mayfair Mall	http://www.w3.org/1999/02/22-rdf-syntax-ns#type	type	http://yago-knowledge.org/resource/wordnet_physical_entity_100001930	entity	physical entity
http://yago-knowledge.org/resource/Mayfair_Mall	Mayfair Mall	http://www.w3.org/1999/02/22-rdf-syntax-ns#type	type	http://yago-knowledge.org/resource/wordnet_place_of_business_103953020	entity	place of business
http://yago-knowledge.org/resource/Mayfair_Mall	Mayfair Mall	http://www.w3.org/1999/02/22-rdf-syntax-ns#type	type	http://yago-knowledge.org/resource/wordnet_plaza_103965456	entity	plaza
http://yago-knowledge.org/resource/Mayfair_Mall	Mayfair Mall	http://www.w3.org/1999/02/22-rdf-syntax-ns#type	type	http://yago-knowledge.org/resource/wordnet_structure_104341686	entity	structure
http://yago-knowledge.org/resource/Mayfair_Mall	Mayfair Mall	http://www.w3.org/1999/02/22-rdf-syntax-ns#type	type	http://yago-knowledge.org/resource/wordnet_whole_100003553	entity	whole
http://yago-knowledge.org/resource/Mayfair_Mall	Mayfair Mall	http://www.w3.org/1999/02/22-rdf-syntax-ns#type	type	http://yago-knowledge.org/resource/yagoGeoEntity	entity	geographical entity
http://yago-knowledge.org/resource/Mayfair_Mall	Mayfair Mall	http://www.w3.org/1999/02/22-rdf-syntax-ns#type	type	http://yago-knowledge.org/resource/yagoPermanentlyLocatedEntity	entity	yagoPermanentlyLocatedEntity
http://yago-knowledge.org/resource/Mayfair_Mall	Mayfair Mall	http://www.w3.org/2000/01/rdf-schema#label	label	Mayfair	http://www.w3.org/1999/02/22-rdf-syntax-ns#langString	
http://yago-knowledge.org/resource/Mayfair_Mall	Mayfair Mall	http://www.w3.org/2000/01/rdf-schema#label	label	Mayfair Mall	http://www.w3.org/1999/02/22-rdf-syntax-ns#langString	
http://yago-knowledge.org/resource/Mayfair_Mall	Mayfair Mall	http://www.w3.org/2002/07/owl#sameAs	sameAs	http://dbpedia.org/resource/Mayfair_Mall	entity	Mayfair Mall
http://yago-knowledge.org/resource/Mayfair_Mall	Mayfair Mall	http://www.w3.org/2004/02/skos/core#prefLabel	preferred label	Mayfair Mall	http://www.w3.org/1999/02/22-rdf-syntax-ns#langString	
http://yago-knowledge.org/resource/Mayfair_Mall	Mayfair Mall	http://yago-knowledge.org/resource/hasCitationTitle	null	All Mayfair stores open in January	http://www.w3.org/1999/02/22-rdf-syntax-ns#langString	
http://yago-knowledge.org/resource/Mayfair_Mall	Mayfair Mall	http://yago-knowledge.org/resource/hasCitationTitle	null	Central plaza, malls provide relaxation	http://www.w3.org/1999/02/22-rdf-syntax-ns#langString	
http://yago-knowledge.org/resource/Mayfair_Mall	Mayfair Mall	http://yago-knowledge.org/resource/hasCitationTitle	null	Mayfair Mall mulls expansion, addition of third anchor store	http://www.w3.org/1999/02/22-rdf-syntax-ns#langString	
http://yago-knowledge.org/resource/Mayfair_Mall	Mayfair Mall	http://yago-knowledge.org/resource/hasCitationTitle	null	Mayfair plans big expansion	http://www.w3.org/1999/02/22-rdf-syntax-ns#langString	
http://yago-knowledge.org/resource/Mayfair_Mall	Mayfair Mall	http://yago-knowledge.org/resource/hasCitationTitle	null	Mayfair project announced	http://www.w3.org/1999/02/22-rdf-syntax-ns#langString	
http://yago-knowledge.org/resource/Mayfair_Mall	Mayfair Mall	http://yago-knowledge.org/resource/hasLatitude	latitude	43.06388888888888	http://yago-knowledge.org/resource/degrees	
http://yago-knowledge.org/resource/Mayfair_Mall	Mayfair Mall	http://yago-knowledge.org/resource/hasLongitude	longtitude	-88.04472222222222	http://yago-knowledge.org/resource/degrees	
http://yago-knowledge.org/resource/Mayfair_Mall	Mayfair Mall	http://yago-knowledge.org/resource/hasWikipediaAnchorText	null	AMC	http://www.w3.org/1999/02/22-rdf-syntax-ns#langString	
http://yago-knowledge.org/resource/Mayfair_Mall	Mayfair Mall	http://yago-knowledge.org/resource/hasWikipediaAnchorText	null	AMC Theatres	http://www.w3.org/1999/02/22-rdf-syntax-ns#langString	
http://yago-knowledge.org/resource/Mayfair_Mall	Mayfair Mall	http://yago-knowledge.org/resource/hasWikipediaAnchorText	null	Barnes & Noble	http://www.w3.org/1999/02/22-rdf-syntax-ns#langString	
http://yago-knowledge.org/resource/Mayfair_Mall	Mayfair Mall	http://yago-knowledge.org/resource/hasWikipediaAnchorText	null	Bayshore Town Center	http://www.w3.org/1999/02/22-rdf-syntax-ns#langString	
http://yago-knowledge.org/resource/Mayfair_Mall	Mayfair Mall	http://yago-knowledge.org/resource/hasWikipediaAnchorText	null	Boston Store	http://www.w3.org/1999/02/22-rdf-syntax-ns#langString	
http://yago-knowledge.org/resource/Mayfair_Mall	Mayfair Mall	http://yago-knowledge.org/resource/hasWikipediaAnchorText	null	Brookfield Square	http://www.w3.org/1999/02/22-rdf-syntax-ns#langString	
http://yago-knowledge.org/resource/Mayfair_Mall	Mayfair Mall	http://yago-knowledge.org/resource/hasWikipediaAnchorText	null	Crate and Barrel	http://www.w3.org/1999/02/22-rdf-syntax-ns#langString	
http://yago-knowledge.org/resource/Mayfair_Mall	Mayfair Mall	http://yago-knowledge.org/resource/hasWikipediaAnchorText	null	Federated Department Stores	http://www.w3.org/1999/02/22-rdf-syntax-ns#langString	
http://yago-knowledge.org/resource/Mayfair_Mall	Mayfair Mall	http://yago-knowledge.org/resource/hasWikipediaAnchorText	null	General Growth Properties	http://www.w3.org/1999/02/22-rdf-syntax-ns#langString	
http://yago-knowledge.org/resource/Mayfair_Mall	Mayfair Mall	http://yago-knowledge.org/resource/hasWikipediaAnchorText	null	Gimbels	http://www.w3.org/1999/02/22-rdf-syntax-ns#langString	
http://yago-knowledge.org/resource/Mayfair_Mall	Mayfair Mall	http://yago-knowledge.org/resource/hasWikipediaAnchorText	null	Greater Milwaukee	http://www.w3.org/1999/02/22-rdf-syntax-ns#langString	
http://yago-knowledge.org/resource/Mayfair_Mall	Mayfair Mall	http://yago-knowledge.org/resource/hasWikipediaAnchorText	null	Highway 100	http://www.w3.org/1999/02/22-rdf-syntax-ns#langString	
http://yago-knowledge.org/resource/Mayfair_Mall	Mayfair Mall	http://yago-knowledge.org/resource/hasWikipediaAnchorText	null	Kurtis Froedtert	http://www.w3.org/1999/02/22-rdf-syntax-ns#langString	
http://yago-knowledge.org/resource/Mayfair_Mall	Mayfair Mall	http://yago-knowledge.org/resource/hasWikipediaAnchorText	null	Macy's	http://www.w3.org/1999/02/22-rdf-syntax-ns#langString	
http://yago-knowledge.org/resource/Mayfair_Mall	Mayfair Mall	http://yago-knowledge.org/resource/hasWikipediaAnchorText	null	Macys	http://www.w3.org/1999/02/22-rdf-syntax-ns#langString	
http://yago-knowledge.org/resource/Mayfair_Mall	Mayfair Mall	http://yago-knowledge.org/resource/hasWikipediaAnchorText	null	Marshall Field's	http://www.w3.org/1999/02/22-rdf-syntax-ns#langString	
http://yago-knowledge.org/resource/Mayfair_Mall	Mayfair Mall	http://yago-knowledge.org/resource/hasWikipediaAnchorText	null	Mayfair Mall	http://www.w3.org/1999/02/22-rdf-syntax-ns#langString	
http://yago-knowledge.org/resource/Mayfair_Mall	Mayfair Mall	http://yago-knowledge.org/resource/hasWikipediaAnchorText	null	Milwaukee	http://www.w3.org/1999/02/22-rdf-syntax-ns#langString	
http://yago-knowledge.org/resource/Mayfair_Mall	Mayfair Mall	http://yago-knowledge.org/resource/hasWikipediaAnchorText	null	Milwaukee Journal-Sentinel	http://www.w3.org/1999/02/22-rdf-syntax-ns#langString	
http://yago-knowledge.org/resource/Mayfair_Mall	Mayfair Mall	http://yago-knowledge.org/resource/hasWikipediaAnchorText	null	Nordstrom	http://www.w3.org/1999/02/22-rdf-syntax-ns#langString	
http://yago-knowledge.org/resource/Mayfair_Mall	Mayfair Mall	http://yago-knowledge.org/resource/hasWikipediaAnchorText	null	The Milwaukee Journal-Sentinel	http://www.w3.org/1999/02/22-rdf-syntax-ns#langString	
http://yago-knowledge.org/resource/Mayfair_Mall	Mayfair Mall	http://yago-knowledge.org/resource/hasWikipediaAnchorText	null	United States	http://www.w3.org/1999/02/22-rdf-syntax-ns#langString	
http://yago-knowledge.org/resource/Mayfair_Mall	Mayfair Mall	http://yago-knowledge.org/resource/hasWikipediaAnchorText	null	Wauwatosa, Wisconsin	http://www.w3.org/1999/02/22-rdf-syntax-ns#langString	
http://yago-knowledge.org/resource/Mayfair_Mall	Mayfair Mall	http://yago-knowledge.org/resource/hasWikipediaAnchorText	null	shopping mall	http://www.w3.org/1999/02/22-rdf-syntax-ns#langString	
http://yago-knowledge.org/resource/Mayfair_Mall	Mayfair Mall	http://yago-knowledge.org/resource/hasWikipediaArticleLength	null	7118	http://www.w3.org/2001/XMLSchema#integer	
http://yago-knowledge.org/resource/Mayfair_Mall	Mayfair Mall	http://yago-knowledge.org/resource/hasWikipediaUrl	null	http://en.wikipedia.org/wiki/Mayfair_Mall	uri	null
http://yago-knowledge.org/resource/Mayfair_Mall	Mayfair Mall	http://yago-knowledge.org/resource/isLocatedIn	Administrative parent	http://yago-knowledge.org/resource/Milwaukee_County,_Wisconsin	entity	Milwaukee County, Wisconsin
http://yago-knowledge.org/resource/Mayfair_Mall	Mayfair Mall	http://yago-knowledge.org/resource/isLocatedIn	Administrative parent	http://yago-knowledge.org/resource/United_States	entity	United States
http://yago-knowledge.org/resource/Mayfair_Mall	Mayfair Mall	http://yago-knowledge.org/resource/isLocatedIn	Administrative parent	http://yago-knowledge.org/resource/Wauwatosa,_Wisconsin	entity	Wauwatosa, Wisconsin
http://yago-knowledge.org/resource/Mayfair_Mall	Mayfair Mall	http://yago-knowledge.org/resource/linksTo	null	http://yago-knowledge.org/resource/AMC_Theatres	entity	AMC Theatres
http://yago-knowledge.org/resource/Mayfair_Mall	Mayfair Mall	http://yago-knowledge.org/resource/linksTo	null	http://yago-knowledge.org/resource/Barnes_&_Noble	entity	Barnes & Noble
http://yago-knowledge.org/resource/Mayfair_Mall	Mayfair Mall	http://yago-knowledge.org/resource/linksTo	null	http://yago-knowledge.org/resource/Bayshore_Town_Center	entity	Bayshore Town Center
http://yago-knowledge.org/resource/Mayfair_Mall	Mayfair Mall	http://yago-knowledge.org/resource/linksTo	null	http://yago-knowledge.org/resource/Boston_Store	entity	Boston Store
http://yago-knowledge.org/resource/Mayfair_Mall	Mayfair Mall	http://yago-knowledge.org/resource/linksTo	null	http://yago-knowledge.org/resource/Brookfield_Square	entity	Brookfield Square
http://yago-knowledge.org/resource/Mayfair_Mall	Mayfair Mall	http://yago-knowledge.org/resource/linksTo	null	http://yago-knowledge.org/resource/General_Growth_Properties	entity	General Growth Properties
http://yago-knowledge.org/resource/Mayfair_Mall	Mayfair Mall	http://yago-knowledge.org/resource/linksTo	null	http://yago-knowledge.org/resource/Gimbels	entity	Gimbels
http://yago-knowledge.org/resource/Mayfair_Mall	Mayfair Mall	http://yago-knowledge.org/resource/linksTo	null	http://yago-knowledge.org/resource/Kurtis_Froedtert	entity	Kurtis Froedtert
http://yago-knowledge.org/resource/Mayfair_Mall	Mayfair Mall	http://yago-knowledge.org/resource/linksTo	null	http://yago-knowledge.org/resource/Macy's	entity	Macy's
http://yago-knowledge.org/resource/Mayfair_Mall	Mayfair Mall	http://yago-knowledge.org/resource/linksTo	null	http://yago-knowledge.org/resource/Macy's,_Inc.	entity	Macy's, Inc.
http://yago-knowledge.org/resource/Mayfair_Mall	Mayfair Mall	http://yago-knowledge.org/resource/linksTo	null	http://yago-knowledge.org/resource/Marshall_Field's	entity	Marshall Field's
http://yago-knowledge.org/resource/Mayfair_Mall	Mayfair Mall	http://yago-knowledge.org/resource/linksTo	null	http://yago-knowledge.org/resource/Milwaukee	entity	Milwaukee
http://yago-knowledge.org/resource/Mayfair_Mall	Mayfair Mall	http://yago-knowledge.org/resource/linksTo	null	http://yago-knowledge.org/resource/Nordstrom	entity	Nordstrom
http://yago-knowledge.org/resource/Mayfair_Mall	Mayfair Mall	http://yago-knowledge.org/resource/linksTo	null	http://yago-knowledge.org/resource/United_States	entity	United States
http://yago-knowledge.org/resource/Mayfair_Mall	Mayfair Mall	http://yago-knowledge.org/resource/linksTo	null	http://yago-knowledge.org/resource/Wauwatosa,_Wisconsin	entity	Wauwatosa, Wisconsin
http://yago-knowledge.org/resource/Mayfair_Mall	Mayfair Mall	http://yago-knowledge.org/resource/linksTo	null	http://yago-knowledge.org/resource/Wisconsin_Highway_100	entity	Wisconsin Highway 100
http://yago-knowledge.org/resource/Mayfair_Mall	Mayfair Mall	http://yago-knowledge.org/resource/wasCreatedOnDate	startDate	1958-01-01	http://www.w3.org/2001/XMLSchema#date	
