sub	subl	prop	propl	obj	obj_t	obj_l
http://rdf.freebase.com/ns/m.09cdgm	Mayfair Mall	http://rdf.freebase.com/key/en	com/key/en	mayfair_mall	http://www.w3.org/2001/XMLSchema#string	
http://rdf.freebase.com/ns/m.09cdgm	Mayfair Mall	http://rdf.freebase.com/key/wikipedia.en	en	Mayfair_Mall	http://www.w3.org/2001/XMLSchema#string	
http://rdf.freebase.com/ns/m.09cdgm	Mayfair Mall	http://rdf.freebase.com/key/wikipedia.en_id	en_id	3438241	http://www.w3.org/2001/XMLSchema#string	
http://rdf.freebase.com/ns/m.09cdgm	Mayfair Mall	http://rdf.freebase.com/key/wikipedia.en_title	en_title	Mayfair_Mall	http://www.w3.org/2001/XMLSchema#string	
http://rdf.freebase.com/ns/m.09cdgm	Mayfair Mall	http://rdf.freebase.com/ns/architecture.structure.opened	Opened	1958	http://www.w3.org/2001/XMLSchema#gYear	
http://rdf.freebase.com/ns/m.09cdgm	Mayfair Mall	http://rdf.freebase.com/ns/business.shopping_center.address	Address	http://rdf.freebase.com/ns/g.11btvh0qlr	uri	null
http://rdf.freebase.com/ns/m.09cdgm	Mayfair Mall	http://rdf.freebase.com/ns/business.shopping_center.address	Address	http://rdf.freebase.com/ns/m.09hz2zw	uri	null
http://rdf.freebase.com/ns/m.09cdgm	Mayfair Mall	http://rdf.freebase.com/ns/business.shopping_center.address	Address	http://rdf.freebase.com/ns/m.0ccf61j	uri	null
http://rdf.freebase.com/ns/m.09cdgm	Mayfair Mall	http://rdf.freebase.com/ns/business.shopping_center.number_of_stores	Number of stores	http://rdf.freebase.com/ns/m.0ng7xgx	uri	null
http://rdf.freebase.com/ns/m.09cdgm	Mayfair Mall	http://rdf.freebase.com/ns/business.shopping_center.owner	Owner	http://rdf.freebase.com/ns/m.03v52f	entity	General Growth Properties
http://rdf.freebase.com/ns/m.09cdgm	Mayfair Mall	http://rdf.freebase.com/ns/common.topic.article	Article	Mayfair Mall is a shopping mall located on Mayfair Road (Highway 100) between North Avenue and Center Street in Wauwatosa, Wisconsin, USA. Mayfair Shopping Center was constructed in 1958 by the Hunzinger Construction Company. Managed by General Growth Properties, it serves the Greater Milwaukee area. Mayfair contains over 180 stores on two levels anchored by Macy's (formerly Marshall Field's) and a Boston Store (formerly Gimbel's). Mayfair also has an AMC movie theatre, an in-mall Barnes & Noble, and an Apple store. Mayfair Mall opened in January 1958, featuring more than 70 stores. The mall's original design was a 960-foot (290 m) open-air concourse, with Marshall Field's as the northern anchor and Gimbels as the southern anchor. Three east-west corridors ran the width of the mall, with each corridor decorated in a different color. The mall's central court also featured a park, which included trees, flowers, benches and picnic tables. The concourses were enclosed in 1973. An office tower was built on the southwest side of the mall in 1975, and construction began on a second in November 1977. The upper level was expanded in 1986, adding 78,000 square feet (7,200 m) of retail	http://www.w3.org/1999/02/22-rdf-syntax-ns#langString	
http://rdf.freebase.com/ns/m.09cdgm	Mayfair Mall	http://rdf.freebase.com/ns/common.topic.description	Description	Mayfair Mall is a shopping mall located on Mayfair Road between North Avenue and Center Street in Wauwatosa, Wisconsin, USA. Mayfair Shopping Center was constructed in 1958 by the Hunzinger Construction Company. Currently managed by General Growth Properties, it serves the Greater Milwaukee area. It has seen a number of expansions since it was first built. Currently Mayfair boasts one of the highest occupancy rates in the country and average sales of $536 per square foot. This is well above the national average of $363. The mall contains over 180 stores and is anchored by Macy's, Boston Store and Barnes & Noble, as well as housing an AMC Theatre. In late November 2012, Nordstrom announced they will be opening a three story, 140,000 square foot store at Mayfair. A two-story parking structure will connect Nordstrom and Boston Store. Nordstrom's announcement follows plans to develop a large shopping center approximately a mile northwest of Mayfair Mall, known as the Mayfair Collection. One of the tenants of the Mayfair Collection will include a Nordstrom Rack.	http://www.w3.org/2001/XMLSchema#string	
http://rdf.freebase.com/ns/m.09cdgm	Mayfair Mall	http://rdf.freebase.com/ns/common.topic.notable_for	Notable for	Shopping center	http://www.w3.org/1999/02/22-rdf-syntax-ns#langString	
http://rdf.freebase.com/ns/m.09cdgm	Mayfair Mall	http://rdf.freebase.com/ns/common.topic.notable_types	Notable types	http://rdf.freebase.com/ns/m.03hx9c7	entity	Shopping center
http://rdf.freebase.com/ns/m.09cdgm	Mayfair Mall	http://rdf.freebase.com/ns/common.topic.official_website	Official website	http://www.mayfairmall.com/html/mallinfo.asp	uri	null
http://rdf.freebase.com/ns/m.09cdgm	Mayfair Mall	http://rdf.freebase.com/ns/common.topic.topic_equivalent_webpage	Topic equivalent webpage	http://en.wikipedia.org/wiki/Mayfair_Mall	uri	null
http://rdf.freebase.com/ns/m.09cdgm	Mayfair Mall	http://rdf.freebase.com/ns/common.topic.topic_equivalent_webpage	Topic equivalent webpage	http://en.wikipedia.org/wiki/index.html?curid=3438241	uri	null
http://rdf.freebase.com/ns/m.09cdgm	Mayfair Mall	http://rdf.freebase.com/ns/common.topic.webpage	Web Link(s)	http://rdf.freebase.com/ns/m.03lfbg4	uri	null
http://rdf.freebase.com/ns/m.09cdgm	Mayfair Mall	http://rdf.freebase.com/ns/kg.object_profile.prominent_type	prominent type	http://rdf.freebase.com/ns/business.shopping_center	entity	Shopping center
http://rdf.freebase.com/ns/m.09cdgm	Mayfair Mall	http://rdf.freebase.com/ns/location.location.containedby	Contained by	http://rdf.freebase.com/ns/m.021ks_j	entity	53226
http://rdf.freebase.com/ns/m.09cdgm	Mayfair Mall	http://rdf.freebase.com/ns/location.location.containedby	Contained by	http://rdf.freebase.com/ns/m.0mkqr	entity	Milwaukee County
http://rdf.freebase.com/ns/m.09cdgm	Mayfair Mall	http://rdf.freebase.com/ns/type.object.key	Key	/en/mayfair_mall	http://www.w3.org/2001/XMLSchema#string	
http://rdf.freebase.com/ns/m.09cdgm	Mayfair Mall	http://rdf.freebase.com/ns/type.object.key	Key	/wikipedia/en/Mayfair_Mall	http://www.w3.org/2001/XMLSchema#string	
http://rdf.freebase.com/ns/m.09cdgm	Mayfair Mall	http://rdf.freebase.com/ns/type.object.key	Key	/wikipedia/en_id/3438241	http://www.w3.org/2001/XMLSchema#string	
http://rdf.freebase.com/ns/m.09cdgm	Mayfair Mall	http://rdf.freebase.com/ns/type.object.key	Key	/wikipedia/en_title/Mayfair_Mall	http://www.w3.org/2001/XMLSchema#string	
http://rdf.freebase.com/ns/m.09cdgm	Mayfair Mall	http://rdf.freebase.com/ns/type.object.name	Name	Mayfair Mall	http://www.w3.org/1999/02/22-rdf-syntax-ns#langString	
http://rdf.freebase.com/ns/m.09cdgm	Mayfair Mall	http://rdf.freebase.com/ns/type.object.type	Type	http://rdf.freebase.com/ns/architecture.structure	entity	Structure
http://rdf.freebase.com/ns/m.09cdgm	Mayfair Mall	http://rdf.freebase.com/ns/type.object.type	Type	http://rdf.freebase.com/ns/base.type_ontology.inanimate	entity	Inanimate
http://rdf.freebase.com/ns/m.09cdgm	Mayfair Mall	http://rdf.freebase.com/ns/type.object.type	Type	http://rdf.freebase.com/ns/base.type_ontology.non_agent	entity	Non-Agent
http://rdf.freebase.com/ns/m.09cdgm	Mayfair Mall	http://rdf.freebase.com/ns/type.object.type	Type	http://rdf.freebase.com/ns/base.type_ontology.physically_instantiable	entity	Physically Instantiable
http://rdf.freebase.com/ns/m.09cdgm	Mayfair Mall	http://rdf.freebase.com/ns/type.object.type	Type	http://rdf.freebase.com/ns/business.shopping_center	entity	Shopping center
http://rdf.freebase.com/ns/m.09cdgm	Mayfair Mall	http://rdf.freebase.com/ns/type.object.type	Type	http://rdf.freebase.com/ns/common.topic	entity	Topic
http://rdf.freebase.com/ns/m.09cdgm	Mayfair Mall	http://rdf.freebase.com/ns/type.object.type	Type	http://rdf.freebase.com/ns/location.location	entity	Location
http://rdf.freebase.com/ns/m.09cdgm	Mayfair Mall	http://rdf.freebase.com/ns/type.object.type	Type	http://rdf.freebase.com/ns/projects.project_focus	entity	Project focus
http://rdf.freebase.com/ns/m.09cdgm	Mayfair Mall	http://www.w3.org/1999/02/22-rdf-syntax-ns#type	type	http://rdf.freebase.com/ns/architecture.structure	entity	Structure
http://rdf.freebase.com/ns/m.09cdgm	Mayfair Mall	http://www.w3.org/1999/02/22-rdf-syntax-ns#type	type	http://rdf.freebase.com/ns/base.type_ontology.inanimate	entity	Inanimate
http://rdf.freebase.com/ns/m.09cdgm	Mayfair Mall	http://www.w3.org/1999/02/22-rdf-syntax-ns#type	type	http://rdf.freebase.com/ns/base.type_ontology.non_agent	entity	Non-Agent
http://rdf.freebase.com/ns/m.09cdgm	Mayfair Mall	http://www.w3.org/1999/02/22-rdf-syntax-ns#type	type	http://rdf.freebase.com/ns/base.type_ontology.physically_instantiable	entity	Physically Instantiable
http://rdf.freebase.com/ns/m.09cdgm	Mayfair Mall	http://www.w3.org/1999/02/22-rdf-syntax-ns#type	type	http://rdf.freebase.com/ns/business.shopping_center	entity	Shopping center
http://rdf.freebase.com/ns/m.09cdgm	Mayfair Mall	http://www.w3.org/1999/02/22-rdf-syntax-ns#type	type	http://rdf.freebase.com/ns/common.topic	entity	Topic
http://rdf.freebase.com/ns/m.09cdgm	Mayfair Mall	http://www.w3.org/1999/02/22-rdf-syntax-ns#type	type	http://rdf.freebase.com/ns/location.location	entity	Location
http://rdf.freebase.com/ns/m.09cdgm	Mayfair Mall	http://www.w3.org/1999/02/22-rdf-syntax-ns#type	type	http://rdf.freebase.com/ns/projects.project_focus	entity	Project focus
http://rdf.freebase.com/ns/m.09cdgm	Mayfair Mall	http://www.w3.org/2000/01/rdf-schema#label	label	Mayfair Mall	http://www.w3.org/1999/02/22-rdf-syntax-ns#langString	
http://rdf.freebase.com/ns/m.09cdgm	Mayfair Mall	http://www.w3.org/2003/01/geo/wgs84_pos#lat	latitude	43.063889	http://www.w3.org/2001/XMLSchema#float	
http://rdf.freebase.com/ns/m.09cdgm	Mayfair Mall	http://www.w3.org/2003/01/geo/wgs84_pos#long	longitude	-88.044722	http://www.w3.org/2001/XMLSchema#float	
