sub	subl	prop	propl	obj	obj_t	obj_l
http://dbpedia.org/resource/Mayfair_Mall	Mayfair Mall	http://dbpedia.org/ontology/abstract	has abstract	Mayfair Mall is a shopping mall located on Mayfair Road (Highway 100) between North Avenue and Center Street in Wauwatosa, Wisconsin, USA. Mayfair Shopping Center was constructed in 1958 by the Hunzinger Construction Company. Currently managed by General Growth Properties, it serves the Greater Milwaukee area. It has seen a number of expansions since it was first built. Mayfair has one of the highest occupancy rates in the country, with average sales of $536 per square foot. This is well above the national average of $363. The mall contains over 180 stores and is anchored by Nordstrom, Macy's, Boston Store and Barnes & Noble, and houses an AMC Theatre and a Forever 21.	http://www.w3.org/1999/02/22-rdf-syntax-ns#langString	
http://dbpedia.org/resource/Mayfair_Mall	Mayfair Mall	http://dbpedia.org/ontology/location	location	http://dbpedia.org/resource/United_States	entity	United States
http://dbpedia.org/resource/Mayfair_Mall	Mayfair Mall	http://dbpedia.org/ontology/location	location	http://dbpedia.org/resource/Wauwatosa,_Wisconsin	entity	Wauwatosa, Wisconsin
http://dbpedia.org/resource/Mayfair_Mall	Mayfair Mall	http://dbpedia.org/ontology/owner	owner	http://dbpedia.org/resource/General_Growth_Properties	entity	General Growth Properties
http://dbpedia.org/resource/Mayfair_Mall	Mayfair Mall	http://dbpedia.org/ontology/wikiPageExternalLink	Link from a Wikipage to an external page	http://www.mayfairmall.com	uri	null
http://dbpedia.org/resource/Mayfair_Mall	Mayfair Mall	http://dbpedia.org/ontology/wikiPageExternalLink	Link from a Wikipage to an external page	http://www.mayfairmall.com/	uri	null
http://dbpedia.org/resource/Mayfair_Mall	Mayfair Mall	http://dbpedia.org/ontology/wikiPageID	Wikipage page ID	3438241	http://www.w3.org/2001/XMLSchema#integer	
http://dbpedia.org/resource/Mayfair_Mall	Mayfair Mall	http://dbpedia.org/ontology/wikiPageLength	page length (characters) of wiki page	6956	http://www.w3.org/2001/XMLSchema#nonNegativeInteger	
http://dbpedia.org/resource/Mayfair_Mall	Mayfair Mall	http://dbpedia.org/ontology/wikiPageOutDegree	Wiki page out degree	45	http://www.w3.org/2001/XMLSchema#nonNegativeInteger	
http://dbpedia.org/resource/Mayfair_Mall	Mayfair Mall	http://dbpedia.org/ontology/wikiPageRevisionID	Wikipage revision ID	740470916	http://www.w3.org/2001/XMLSchema#integer	
http://dbpedia.org/resource/Mayfair_Mall	Mayfair Mall	http://purl.org/dc/terms/subject	Subject	http://dbpedia.org/resource/Category:Buildings_and_structures_in_Milwaukee_County,_Wisconsin	entity	Buildings and structures in Milwaukee County, Wisconsin
http://dbpedia.org/resource/Mayfair_Mall	Mayfair Mall	http://purl.org/dc/terms/subject	Subject	http://dbpedia.org/resource/Category:General_Growth_Properties	entity	General Growth Properties
http://dbpedia.org/resource/Mayfair_Mall	Mayfair Mall	http://purl.org/dc/terms/subject	Subject	http://dbpedia.org/resource/Category:Shopping_malls_established_in_1958	entity	Shopping malls established in 1958
http://dbpedia.org/resource/Mayfair_Mall	Mayfair Mall	http://purl.org/dc/terms/subject	Subject	http://dbpedia.org/resource/Category:Shopping_malls_in_Wisconsin	entity	Shopping malls in Wisconsin
http://dbpedia.org/resource/Mayfair_Mall	Mayfair Mall	http://purl.org/dc/terms/subject	Subject	http://dbpedia.org/resource/Category:Visitor_attractions_in_Milwaukee_County,_Wisconsin	entity	Visitor attractions in Milwaukee County, Wisconsin
http://dbpedia.org/resource/Mayfair_Mall	Mayfair Mall	http://purl.org/dc/terms/subject	Subject	http://dbpedia.org/resource/Category:Wauwatosa,_Wisconsin	entity	Wauwatosa, Wisconsin
http://dbpedia.org/resource/Mayfair_Mall	Mayfair Mall	http://www.georss.org/georss/point	null	43.06388888888889 -88.04472222222222	http://www.w3.org/2001/XMLSchema#string	
http://dbpedia.org/resource/Mayfair_Mall	Mayfair Mall	http://www.w3.org/1999/02/22-rdf-syntax-ns#type	type	http://dbpedia.org/ontology/ArchitecturalStructure	entity	architectural structure
http://dbpedia.org/resource/Mayfair_Mall	Mayfair Mall	http://www.w3.org/1999/02/22-rdf-syntax-ns#type	type	http://dbpedia.org/ontology/Building	entity	building
http://dbpedia.org/resource/Mayfair_Mall	Mayfair Mall	http://www.w3.org/1999/02/22-rdf-syntax-ns#type	type	http://dbpedia.org/ontology/Location	uri	null
http://dbpedia.org/resource/Mayfair_Mall	Mayfair Mall	http://www.w3.org/1999/02/22-rdf-syntax-ns#type	type	http://dbpedia.org/ontology/Place	entity	place
http://dbpedia.org/resource/Mayfair_Mall	Mayfair Mall	http://www.w3.org/1999/02/22-rdf-syntax-ns#type	type	http://dbpedia.org/ontology/ShoppingMall	entity	shopping mall
http://dbpedia.org/resource/Mayfair_Mall	Mayfair Mall	http://www.w3.org/1999/02/22-rdf-syntax-ns#type	type	http://schema.org/Place	entity	Place
http://dbpedia.org/resource/Mayfair_Mall	Mayfair Mall	http://www.w3.org/1999/02/22-rdf-syntax-ns#type	type	http://schema.org/ShoppingCenter	entity	ShoppingCenter
http://dbpedia.org/resource/Mayfair_Mall	Mayfair Mall	http://www.w3.org/1999/02/22-rdf-syntax-ns#type	type	http://www.w3.org/2002/07/owl#Thing	entity	Thing
http://dbpedia.org/resource/Mayfair_Mall	Mayfair Mall	http://www.w3.org/1999/02/22-rdf-syntax-ns#type	type	http://www.w3.org/2003/01/geo/wgs84_pos#SpatialThing	entity	Spatial Thing
http://dbpedia.org/resource/Mayfair_Mall	Mayfair Mall	http://www.w3.org/1999/02/22-rdf-syntax-ns#type	type	http://www.wikidata.org/entity/Q11315	entity	shopping mall
http://dbpedia.org/resource/Mayfair_Mall	Mayfair Mall	http://www.w3.org/1999/02/22-rdf-syntax-ns#type	type	http://www.wikidata.org/entity/Q41176	entity	building
http://dbpedia.org/resource/Mayfair_Mall	Mayfair Mall	http://www.w3.org/2000/01/rdf-schema#comment	comment	Mayfair Mall is a shopping mall located on Mayfair Road (Highway 100) between North Avenue and Center Street in Wauwatosa, Wisconsin, USA. Mayfair Shopping Center was constructed in 1958 by the Hunzinger Construction Company. Currently managed by General Growth Properties, it serves the Greater Milwaukee area. It has seen a number of expansions since it was first built.	http://www.w3.org/1999/02/22-rdf-syntax-ns#langString	
http://dbpedia.org/resource/Mayfair_Mall	Mayfair Mall	http://www.w3.org/2000/01/rdf-schema#label	label	Mayfair Mall	http://www.w3.org/1999/02/22-rdf-syntax-ns#langString	
http://dbpedia.org/resource/Mayfair_Mall	Mayfair Mall	http://www.w3.org/2002/07/owl#sameAs	sameAs	http://dbpedia.org/resource/Mayfair_Mall	entity	Mayfair Mall
http://dbpedia.org/resource/Mayfair_Mall	Mayfair Mall	http://www.w3.org/2002/07/owl#sameAs	sameAs	http://rdf.freebase.com/ns/m.09cdgm	entity	Mayfair Mall
http://dbpedia.org/resource/Mayfair_Mall	Mayfair Mall	http://www.w3.org/2002/07/owl#sameAs	sameAs	http://www.wikidata.org/entity/Q6797130	entity	Mayfair Mall
http://dbpedia.org/resource/Mayfair_Mall	Mayfair Mall	http://www.w3.org/2003/01/geo/wgs84_pos#lat	latitude	43.0639	http://www.w3.org/2001/XMLSchema#float	
http://dbpedia.org/resource/Mayfair_Mall	Mayfair Mall	http://www.w3.org/2003/01/geo/wgs84_pos#long	longtitude	-88.0447	http://www.w3.org/2001/XMLSchema#float	
http://dbpedia.org/resource/Mayfair_Mall	Mayfair Mall	http://www.w3.org/ns/prov#wasDerivedFrom	wasDerivedFrom	http://en.wikipedia.org/wiki/Mayfair_Mall?oldid=740470916	uri	null
http://dbpedia.org/resource/Mayfair_Mall	Mayfair Mall	http://xmlns.com/foaf/0.1/homepage	homepage	http://www.mayfairmall.com/	uri	null
http://dbpedia.org/resource/Mayfair_Mall	Mayfair Mall	http://xmlns.com/foaf/0.1/isPrimaryTopicOf	is primary topic of	http://en.wikipedia.org/wiki/Mayfair_Mall	uri	null
http://dbpedia.org/resource/Mayfair_Mall	Mayfair Mall	http://xmlns.com/foaf/0.1/name	name	Mayfair Mall	http://www.w3.org/1999/02/22-rdf-syntax-ns#langString	
