sub	subl	prop	propl	obj	obj_t	obj_l
http://yago-knowledge.org/resource/Oran,_India	Oran, India	http://www.w3.org/1999/02/22-rdf-syntax-ns#type	type	http://www.w3.org/2002/07/owl#Thing	entity	Thing
http://yago-knowledge.org/resource/Oran,_India	Oran, India	http://www.w3.org/1999/02/22-rdf-syntax-ns#type	type	http://yago-knowledge.org/resource/wikicat_Cities_and_towns_in_Banda_district	entity	Cities and towns in Banda district
http://yago-knowledge.org/resource/Oran,_India	Oran, India	http://www.w3.org/1999/02/22-rdf-syntax-ns#type	type	http://yago-knowledge.org/resource/wordnet_administrative_district_108491826	entity	administrative district
http://yago-knowledge.org/resource/Oran,_India	Oran, India	http://www.w3.org/1999/02/22-rdf-syntax-ns#type	type	http://yago-knowledge.org/resource/wordnet_city_108524735	entity	city
http://yago-knowledge.org/resource/Oran,_India	Oran, India	http://www.w3.org/1999/02/22-rdf-syntax-ns#type	type	http://yago-knowledge.org/resource/wordnet_district_108552138	entity	district
http://yago-knowledge.org/resource/Oran,_India	Oran, India	http://www.w3.org/1999/02/22-rdf-syntax-ns#type	type	http://yago-knowledge.org/resource/wordnet_geographical_area_108574314	entity	geographical area
http://yago-knowledge.org/resource/Oran,_India	Oran, India	http://www.w3.org/1999/02/22-rdf-syntax-ns#type	type	http://yago-knowledge.org/resource/wordnet_location_100027167	entity	location
http://yago-knowledge.org/resource/Oran,_India	Oran, India	http://www.w3.org/1999/02/22-rdf-syntax-ns#type	type	http://yago-knowledge.org/resource/wordnet_municipality_108626283	entity	municipality
http://yago-knowledge.org/resource/Oran,_India	Oran, India	http://www.w3.org/1999/02/22-rdf-syntax-ns#type	type	http://yago-knowledge.org/resource/wordnet_object_100002684	entity	object
http://yago-knowledge.org/resource/Oran,_India	Oran, India	http://www.w3.org/1999/02/22-rdf-syntax-ns#type	type	http://yago-knowledge.org/resource/wordnet_physical_entity_100001930	entity	physical entity
http://yago-knowledge.org/resource/Oran,_India	Oran, India	http://www.w3.org/1999/02/22-rdf-syntax-ns#type	type	http://yago-knowledge.org/resource/wordnet_region_108630985	entity	region
http://yago-knowledge.org/resource/Oran,_India	Oran, India	http://www.w3.org/1999/02/22-rdf-syntax-ns#type	type	http://yago-knowledge.org/resource/wordnet_urban_area_108675967	entity	urban area
http://yago-knowledge.org/resource/Oran,_India	Oran, India	http://www.w3.org/1999/02/22-rdf-syntax-ns#type	type	http://yago-knowledge.org/resource/yagoGeoEntity	entity	geographical entity
http://yago-knowledge.org/resource/Oran,_India	Oran, India	http://www.w3.org/1999/02/22-rdf-syntax-ns#type	type	http://yago-knowledge.org/resource/yagoLegalActorGeo	entity	legal actor or geographic entity
http://yago-knowledge.org/resource/Oran,_India	Oran, India	http://www.w3.org/1999/02/22-rdf-syntax-ns#type	type	http://yago-knowledge.org/resource/yagoPermanentlyLocatedEntity	entity	yagoPermanentlyLocatedEntity
http://yago-knowledge.org/resource/Oran,_India	Oran, India	http://www.w3.org/2000/01/rdf-schema#label	label	Oran	http://www.w3.org/1999/02/22-rdf-syntax-ns#langString	
http://yago-knowledge.org/resource/Oran,_India	Oran, India	http://www.w3.org/2000/01/rdf-schema#label	label	Oran	http://www.w3.org/2001/XMLSchema#string	
http://yago-knowledge.org/resource/Oran,_India	Oran, India	http://www.w3.org/2000/01/rdf-schema#label	label	Oran, India	http://www.w3.org/1999/02/22-rdf-syntax-ns#langString	
http://yago-knowledge.org/resource/Oran,_India	Oran, India	http://www.w3.org/2002/07/owl#sameAs	sameAs	http://dbpedia.org/resource/Oran,_India	entity	Oran, India
http://yago-knowledge.org/resource/Oran,_India	Oran, India	http://www.w3.org/2004/02/skos/core#prefLabel	preferred label	Oran, India	http://www.w3.org/1999/02/22-rdf-syntax-ns#langString	
http://yago-knowledge.org/resource/Oran,_India	Oran, India	http://yago-knowledge.org/resource/hasNumberOfPeople	population	6189	http://www.w3.org/2001/XMLSchema#integer	
http://yago-knowledge.org/resource/Oran,_India	Oran, India	http://yago-knowledge.org/resource/hasWikipediaAnchorText	null	Banda	http://www.w3.org/1999/02/22-rdf-syntax-ns#langString	
http://yago-knowledge.org/resource/Oran,_India	Oran, India	http://yago-knowledge.org/resource/hasWikipediaAnchorText	null	Banda district	http://www.w3.org/1999/02/22-rdf-syntax-ns#langString	
http://yago-knowledge.org/resource/Oran,_India	Oran, India	http://yago-knowledge.org/resource/hasWikipediaAnchorText	null	District	http://www.w3.org/1999/02/22-rdf-syntax-ns#langString	
http://yago-knowledge.org/resource/Oran,_India	Oran, India	http://yago-knowledge.org/resource/hasWikipediaAnchorText	null	Falling Rain Genomics, Inc - Oran	http://www.w3.org/1999/02/22-rdf-syntax-ns#langString	
http://yago-knowledge.org/resource/Oran,_India	Oran, India	http://yago-knowledge.org/resource/hasWikipediaAnchorText	null	Hindi	http://www.w3.org/1999/02/22-rdf-syntax-ns#langString	
http://yago-knowledge.org/resource/Oran,_India	Oran, India	http://yago-knowledge.org/resource/hasWikipediaAnchorText	null	IST	http://www.w3.org/1999/02/22-rdf-syntax-ns#langString	
http://yago-knowledge.org/resource/Oran,_India	Oran, India	http://yago-knowledge.org/resource/hasWikipediaAnchorText	null	India	http://www.w3.org/1999/02/22-rdf-syntax-ns#langString	
http://yago-knowledge.org/resource/Oran,_India	Oran, India	http://yago-knowledge.org/resource/hasWikipediaAnchorText	null	PIN	http://www.w3.org/1999/02/22-rdf-syntax-ns#langString	
http://yago-knowledge.org/resource/Oran,_India	Oran, India	http://yago-knowledge.org/resource/hasWikipediaAnchorText	null	State	http://www.w3.org/1999/02/22-rdf-syntax-ns#langString	
http://yago-knowledge.org/resource/Oran,_India	Oran, India	http://yago-knowledge.org/resource/hasWikipediaAnchorText	null	Uttar Pradesh	http://www.w3.org/1999/02/22-rdf-syntax-ns#langString	
http://yago-knowledge.org/resource/Oran,_India	Oran, India	http://yago-knowledge.org/resource/hasWikipediaAnchorText	null	census	http://www.w3.org/1999/02/22-rdf-syntax-ns#langString	
http://yago-knowledge.org/resource/Oran,_India	Oran, India	http://yago-knowledge.org/resource/hasWikipediaAnchorText	null	nagar panchayat	http://www.w3.org/1999/02/22-rdf-syntax-ns#langString	
http://yago-knowledge.org/resource/Oran,_India	Oran, India	http://yago-knowledge.org/resource/hasWikipediaAnchorText	null	state	http://www.w3.org/1999/02/22-rdf-syntax-ns#langString	
http://yago-knowledge.org/resource/Oran,_India	Oran, India	http://yago-knowledge.org/resource/hasWikipediaArticleLength	null	3014	http://www.w3.org/2001/XMLSchema#integer	
http://yago-knowledge.org/resource/Oran,_India	Oran, India	http://yago-knowledge.org/resource/hasWikipediaUrl	null	http://en.wikipedia.org/wiki/Oran%2C_India	uri	null
http://yago-knowledge.org/resource/Oran,_India	Oran, India	http://yago-knowledge.org/resource/isLocatedIn	Administrative parent	http://yago-knowledge.org/resource/Banda_district	entity	Banda district
http://yago-knowledge.org/resource/Oran,_India	Oran, India	http://yago-knowledge.org/resource/isLocatedIn	Administrative parent	http://yago-knowledge.org/resource/India	entity	India
http://yago-knowledge.org/resource/Oran,_India	Oran, India	http://yago-knowledge.org/resource/isLocatedIn	Administrative parent	http://yago-knowledge.org/resource/Uttar_Pradesh	entity	Uttar Pradesh
http://yago-knowledge.org/resource/Oran,_India	Oran, India	http://yago-knowledge.org/resource/linksTo	null	http://yago-knowledge.org/resource/Banda_district	entity	Banda district
http://yago-knowledge.org/resource/Oran,_India	Oran, India	http://yago-knowledge.org/resource/linksTo	null	http://yago-knowledge.org/resource/India	entity	India
http://yago-knowledge.org/resource/Oran,_India	Oran, India	http://yago-knowledge.org/resource/linksTo	null	http://yago-knowledge.org/resource/Indian_Standard_Time	entity	Indian Standard Time
http://yago-knowledge.org/resource/Oran,_India	Oran, India	http://yago-knowledge.org/resource/linksTo	null	http://yago-knowledge.org/resource/Postal_Index_Number	entity	Postal Index Number
http://yago-knowledge.org/resource/Oran,_India	Oran, India	http://yago-knowledge.org/resource/linksTo	null	http://yago-knowledge.org/resource/Uttar_Pradesh	entity	Uttar Pradesh
http://yago-knowledge.org/resource/Oran,_India	Oran, India	http://yago-knowledge.org/resource/redirectedFrom	null	Oran, Uttar Pradesh	http://www.w3.org/1999/02/22-rdf-syntax-ns#langString	
