sub	subl	prop	propl	obj	obj_t	obj_l
http://yago-knowledge.org/resource/Oran	Oran	http://www.w3.org/1999/02/22-rdf-syntax-ns#type	type	http://www.w3.org/2002/07/owl#Thing	entity	Thing
http://yago-knowledge.org/resource/Oran	Oran	http://www.w3.org/1999/02/22-rdf-syntax-ns#type	type	http://yago-knowledge.org/resource/wikicat_Cities_in_Algeria	entity	Cities in Algeria
http://yago-knowledge.org/resource/Oran	Oran	http://www.w3.org/1999/02/22-rdf-syntax-ns#type	type	http://yago-knowledge.org/resource/wikicat_Coastal_cities_in_Algeria	entity	Coastal cities in Algeria
http://yago-knowledge.org/resource/Oran	Oran	http://www.w3.org/1999/02/22-rdf-syntax-ns#type	type	http://yago-knowledge.org/resource/wikicat_Communes_of_Algeria	entity	Communes of Algeria
http://yago-knowledge.org/resource/Oran	Oran	http://www.w3.org/1999/02/22-rdf-syntax-ns#type	type	http://yago-knowledge.org/resource/wikicat_Mediterranean_port_cities_and_towns_in_Algeria	entity	Mediterranean port cities and towns in Algeria
http://yago-knowledge.org/resource/Oran	Oran	http://www.w3.org/1999/02/22-rdf-syntax-ns#type	type	http://yago-knowledge.org/resource/wikicat_Populated_coastal_places_in_Algeria	entity	Populated coastal places in Algeria
http://yago-knowledge.org/resource/Oran	Oran	http://www.w3.org/1999/02/22-rdf-syntax-ns#type	type	http://yago-knowledge.org/resource/wikicat_Populated_places_in_Oran_Province	entity	Populated places in Oran Province
http://yago-knowledge.org/resource/Oran	Oran	http://www.w3.org/1999/02/22-rdf-syntax-ns#type	type	http://yago-knowledge.org/resource/wikicat_Port_cities	entity	Port cities
http://yago-knowledge.org/resource/Oran	Oran	http://www.w3.org/1999/02/22-rdf-syntax-ns#type	type	http://yago-knowledge.org/resource/wikicat_Port_cities_of_the_Mediterranean_Sea	entity	Port cities of the Mediterranean Sea
http://yago-knowledge.org/resource/Oran	Oran	http://www.w3.org/1999/02/22-rdf-syntax-ns#type	type	http://yago-knowledge.org/resource/wikicat_Ports_and_harbours_of_Algeria	entity	Ports and harbours of Algeria
http://yago-knowledge.org/resource/Oran	Oran	http://www.w3.org/1999/02/22-rdf-syntax-ns#type	type	http://yago-knowledge.org/resource/wikicat_Province_seats_of_Algeria	entity	Province seats of Algeria
http://yago-knowledge.org/resource/Oran	Oran	http://www.w3.org/1999/02/22-rdf-syntax-ns#type	type	http://yago-knowledge.org/resource/wikicat_Roman_towns_and_cities_in_Algeria	entity	Roman towns and cities in Algeria
http://yago-knowledge.org/resource/Oran	Oran	http://www.w3.org/1999/02/22-rdf-syntax-ns#type	type	http://yago-knowledge.org/resource/wordnet_administrative_district_108491826	entity	administrative district
http://yago-knowledge.org/resource/Oran	Oran	http://www.w3.org/1999/02/22-rdf-syntax-ns#type	type	http://yago-knowledge.org/resource/wordnet_area_108497294	entity	area
http://yago-knowledge.org/resource/Oran	Oran	http://www.w3.org/1999/02/22-rdf-syntax-ns#type	type	http://yago-knowledge.org/resource/wordnet_city_108524735	entity	city
http://yago-knowledge.org/resource/Oran	Oran	http://www.w3.org/1999/02/22-rdf-syntax-ns#type	type	http://yago-knowledge.org/resource/wordnet_commune_108541609	entity	commune
http://yago-knowledge.org/resource/Oran	Oran	http://www.w3.org/1999/02/22-rdf-syntax-ns#type	type	http://yago-knowledge.org/resource/wordnet_district_108552138	entity	district
http://yago-knowledge.org/resource/Oran	Oran	http://www.w3.org/1999/02/22-rdf-syntax-ns#type	type	http://yago-knowledge.org/resource/wordnet_geographic_point_108578706	entity	geographic point
http://yago-knowledge.org/resource/Oran	Oran	http://www.w3.org/1999/02/22-rdf-syntax-ns#type	type	http://yago-knowledge.org/resource/wordnet_geographical_area_108574314	entity	geographical area
http://yago-knowledge.org/resource/Oran	Oran	http://www.w3.org/1999/02/22-rdf-syntax-ns#type	type	http://yago-knowledge.org/resource/wordnet_location_100027167	entity	location
http://yago-knowledge.org/resource/Oran	Oran	http://www.w3.org/1999/02/22-rdf-syntax-ns#type	type	http://yago-knowledge.org/resource/wordnet_municipality_108626283	entity	municipality
http://yago-knowledge.org/resource/Oran	Oran	http://www.w3.org/1999/02/22-rdf-syntax-ns#type	type	http://yago-knowledge.org/resource/wordnet_object_100002684	entity	object
http://yago-knowledge.org/resource/Oran	Oran	http://www.w3.org/1999/02/22-rdf-syntax-ns#type	type	http://yago-knowledge.org/resource/wordnet_physical_entity_100001930	entity	physical entity
http://yago-knowledge.org/resource/Oran	Oran	http://www.w3.org/1999/02/22-rdf-syntax-ns#type	type	http://yago-knowledge.org/resource/wordnet_point_108620061	entity	point
http://yago-knowledge.org/resource/Oran	Oran	http://www.w3.org/1999/02/22-rdf-syntax-ns#type	type	http://yago-knowledge.org/resource/wordnet_port_108633957	entity	port
http://yago-knowledge.org/resource/Oran	Oran	http://www.w3.org/1999/02/22-rdf-syntax-ns#type	type	http://yago-knowledge.org/resource/wordnet_region_108630985	entity	region
http://yago-knowledge.org/resource/Oran	Oran	http://www.w3.org/1999/02/22-rdf-syntax-ns#type	type	http://yago-knowledge.org/resource/wordnet_seat_108647616	entity	seat
http://yago-knowledge.org/resource/Oran	Oran	http://www.w3.org/1999/02/22-rdf-syntax-ns#type	type	http://yago-knowledge.org/resource/wordnet_site_108651247	entity	site
http://yago-knowledge.org/resource/Oran	Oran	http://www.w3.org/1999/02/22-rdf-syntax-ns#type	type	http://yago-knowledge.org/resource/wordnet_space_108652970	entity	space
http://yago-knowledge.org/resource/Oran	Oran	http://www.w3.org/1999/02/22-rdf-syntax-ns#type	type	http://yago-knowledge.org/resource/wordnet_town_108665504	entity	town
http://yago-knowledge.org/resource/Oran	Oran	http://www.w3.org/1999/02/22-rdf-syntax-ns#type	type	http://yago-knowledge.org/resource/wordnet_tract_108673395	entity	tract
http://yago-knowledge.org/resource/Oran	Oran	http://www.w3.org/1999/02/22-rdf-syntax-ns#type	type	http://yago-knowledge.org/resource/wordnet_urban_area_108675967	entity	urban area
http://yago-knowledge.org/resource/Oran	Oran	http://www.w3.org/1999/02/22-rdf-syntax-ns#type	type	http://yago-knowledge.org/resource/yagoGeoEntity	entity	geographical entity
http://yago-knowledge.org/resource/Oran	Oran	http://www.w3.org/1999/02/22-rdf-syntax-ns#type	type	http://yago-knowledge.org/resource/yagoLegalActorGeo	entity	legal actor or geographic entity
http://yago-knowledge.org/resource/Oran	Oran	http://www.w3.org/1999/02/22-rdf-syntax-ns#type	type	http://yago-knowledge.org/resource/yagoPermanentlyLocatedEntity	entity	yagoPermanentlyLocatedEntity
http://yago-knowledge.org/resource/Oran	Oran	http://www.w3.org/2000/01/rdf-schema#label	label	Oran	http://www.w3.org/1999/02/22-rdf-syntax-ns#langString	
http://yago-knowledge.org/resource/Oran	Oran	http://www.w3.org/2000/01/rdf-schema#label	label	Oran	http://www.w3.org/2001/XMLSchema#string	
http://yago-knowledge.org/resource/Oran	Oran	http://www.w3.org/2000/01/rdf-schema#label	label	Oranu	http://www.w3.org/2001/XMLSchema#string	
http://yago-knowledge.org/resource/Oran	Oran	http://www.w3.org/2000/01/rdf-schema#label	label	The radiant	http://www.w3.org/2001/XMLSchema#string	
http://yago-knowledge.org/resource/Oran	Oran	http://www.w3.org/2000/01/rdf-schema#label	label	Wahrān	http://www.w3.org/2001/XMLSchema#string
http://yago-knowledge.org/resource/Oran	Oran	http://www.w3.org/2002/07/owl#sameAs	sameAs	http://dbpedia.org/resource/Oran	entity	Oran
http://yago-knowledge.org/resource/Oran	Oran	http://www.w3.org/2002/07/owl#sameAs	sameAs	http://sws.geonames.org/2485926	uri	null
http://yago-knowledge.org/resource/Oran	Oran	http://www.w3.org/2004/02/skos/core#prefLabel	preferred label	Oran	http://www.w3.org/1999/02/22-rdf-syntax-ns#langString	
http://yago-knowledge.org/resource/Oran	Oran	http://yago-knowledge.org/resource/hasArea	null	2121	http://yago-knowledge.org/resource/km2	
http://yago-knowledge.org/resource/Oran	Oran	http://yago-knowledge.org/resource/hasCitationTitle	null	"Arab Noise and Ramadan Nights: Rai, Rap and Franco-Maghrebi Identities" The Anthology of Globalization: A Reader	http://www.w3.org/1999/02/22-rdf-syntax-ns#langString	
http://yago-knowledge.org/resource/Oran	Oran	http://yago-knowledge.org/resource/hasCitationTitle	null	Algeria The provinces of the People's Democratic Republic of Algeria as well as all cities of over 25,000 inhabitants	http://www.w3.org/1999/02/22-rdf-syntax-ns#langString	
http://yago-knowledge.org/resource/Oran	Oran	http://yago-knowledge.org/resource/hasCitationTitle	null	Bordeaux - Rayonnement européen et mondial	http://www.w3.org/1999/02/22-rdf-syntax-ns#langString	
http://yago-knowledge.org/resource/Oran	Oran	http://yago-knowledge.org/resource/hasCitationTitle	null	Bordeaux-Atlas français de la coopération décentralisée et des autres actions extérieures	http://www.w3.org/1999/02/22-rdf-syntax-ns#langString	
http://yago-knowledge.org/resource/Oran	Oran	http://yago-knowledge.org/resource/hasCitationTitle	null	La Conquista de Navarra y la Reforma Europea	http://www.w3.org/1999/02/22-rdf-syntax-ns#langString	
http://yago-knowledge.org/resource/Oran	Oran	http://yago-knowledge.org/resource/hasCitationTitle	null	Oran, Algeria	http://www.w3.org/1999/02/22-rdf-syntax-ns#langString	
http://yago-knowledge.org/resource/Oran	Oran	http://yago-knowledge.org/resource/hasCitationTitle	null	Sister Cities Home Page	http://www.w3.org/1999/02/22-rdf-syntax-ns#langString	
http://yago-knowledge.org/resource/Oran	Oran	http://yago-knowledge.org/resource/hasCitationTitle	null	The Mediterranean: Seaports and Sea Routes, including Madeira, the Canary Islands, the Coast of Morocco, Algeria, and Tunisia	http://www.w3.org/1999/02/22-rdf-syntax-ns#langString	
http://yago-knowledge.org/resource/Oran	Oran	http://yago-knowledge.org/resource/hasCitationTitle	null	The provinces of Algeria and all cities of over 25,000 inhabitants	http://www.w3.org/1999/02/22-rdf-syntax-ns#langString	
http://yago-knowledge.org/resource/Oran	Oran	http://yago-knowledge.org/resource/hasCitationTitle	null	Weather Information for Oran	http://www.w3.org/1999/02/22-rdf-syntax-ns#langString	
http://yago-knowledge.org/resource/Oran	Oran	http://yago-knowledge.org/resource/hasCitationTitle	null	[[Cook's Travellers Handbooks	http://www.w3.org/1999/02/22-rdf-syntax-ns#langString	
http://yago-knowledge.org/resource/Oran	Oran	http://yago-knowledge.org/resource/hasNumberOfPeople	population	609940	http://www.w3.org/2001/XMLSchema#integer	
http://yago-knowledge.org/resource/Oran	Oran	http://yago-knowledge.org/resource/hasNumberOfPeople	population	683250	http://www.w3.org/2001/XMLSchema#integer	
http://yago-knowledge.org/resource/Oran	Oran	http://yago-knowledge.org/resource/hasNumberOfPeople	population	803329	http://www.w3.org/2001/XMLSchema#integer	
http://yago-knowledge.org/resource/Oran	Oran	http://yago-knowledge.org/resource/hasWikipediaAnchorText	null	Abd al-Qadir	http://www.w3.org/1999/02/22-rdf-syntax-ns#langString	
http://yago-knowledge.org/resource/Oran	Oran	http://yago-knowledge.org/resource/hasWikipediaAnchorText	null	About Oran	http://www.w3.org/1999/02/22-rdf-syntax-ns#langString	
http://yago-knowledge.org/resource/Oran	Oran	http://yago-knowledge.org/resource/hasWikipediaAnchorText	null	Albert Camus	http://www.w3.org/1999/02/22-rdf-syntax-ns#langString	
http://yago-knowledge.org/resource/Oran	Oran	http://yago-knowledge.org/resource/hasWikipediaAnchorText	null	Algeria	http://www.w3.org/1999/02/22-rdf-syntax-ns#langString	
http://yago-knowledge.org/resource/Oran	Oran	http://yago-knowledge.org/resource/hasWikipediaAnchorText	null	Algerian Darja	http://www.w3.org/1999/02/22-rdf-syntax-ns#langString	
http://yago-knowledge.org/resource/Oran	Oran	http://yago-knowledge.org/resource/hasWikipediaAnchorText	null	Algerian War	http://www.w3.org/1999/02/22-rdf-syntax-ns#langString	
http://yago-knowledge.org/resource/Oran	Oran	http://yago-knowledge.org/resource/hasWikipediaAnchorText	null	Algerian independence	http://www.w3.org/1999/02/22-rdf-syntax-ns#langString	
http://yago-knowledge.org/resource/Oran	Oran	http://yago-knowledge.org/resource/hasWikipediaAnchorText	null	Algérie Ferries	http://www.w3.org/1999/02/22-rdf-syntax-ns#langString	
http://yago-knowledge.org/resource/Oran	Oran	http://yago-knowledge.org/resource/hasWikipediaAnchorText	null	Alicante	http://www.w3.org/1999/02/22-rdf-syntax-ns#langString	
http://yago-knowledge.org/resource/Oran	Oran	http://yago-knowledge.org/resource/hasWikipediaAnchorText	null	Allies	http://www.w3.org/1999/02/22-rdf-syntax-ns#langString	
http://yago-knowledge.org/resource/Oran	Oran	http://yago-knowledge.org/resource/hasWikipediaAnchorText	null	Almería	http://www.w3.org/1999/02/22-rdf-syntax-ns#langString	
http://yago-knowledge.org/resource/Oran	Oran	http://yago-knowledge.org/resource/hasWikipediaAnchorText	null	Almohads	http://www.w3.org/1999/02/22-rdf-syntax-ns#langString	
http://yago-knowledge.org/resource/Oran	Oran	http://yago-knowledge.org/resource/hasWikipediaAnchorText	null	Almoravids	http://www.w3.org/1999/02/22-rdf-syntax-ns#langString	
http://yago-knowledge.org/resource/Oran	Oran	http://yago-knowledge.org/resource/hasWikipediaAnchorText	null	Andalusi	http://www.w3.org/1999/02/22-rdf-syntax-ns#langString	
http://yago-knowledge.org/resource/Oran	Oran	http://yago-knowledge.org/resource/hasWikipediaAnchorText	null	Arturo Pérez-Reverte	http://www.w3.org/1999/02/22-rdf-syntax-ns#langString	
http://yago-knowledge.org/resource/Oran	Oran	http://yago-knowledge.org/resource/hasWikipediaAnchorText	null	Audio interview with Oran resident about life in Oran.	http://www.w3.org/1999/02/22-rdf-syntax-ns#langString	
http://yago-knowledge.org/resource/Oran	Oran	http://yago-knowledge.org/resource/hasWikipediaAnchorText	null	Aïn Bya	http://www.w3.org/1999/02/22-rdf-syntax-ns#langString	
http://yago-knowledge.org/resource/Oran	Oran	http://yago-knowledge.org/resource/hasWikipediaAnchorText	null	Aïn El Turk	http://www.w3.org/1999/02/22-rdf-syntax-ns#langString	
http://yago-knowledge.org/resource/Oran	Oran	http://yago-knowledge.org/resource/hasWikipediaAnchorText	null	Aïn Témouchent	http://www.w3.org/1999/02/22-rdf-syntax-ns#langString	
http://yago-knowledge.org/resource/Oran	Oran	http://yago-knowledge.org/resource/hasWikipediaAnchorText	null	BAN	http://www.w3.org/1999/02/22-rdf-syntax-ns#langString	
http://yago-knowledge.org/resource/Oran	Oran	http://yago-knowledge.org/resource/hasWikipediaAnchorText	null	Battle of Aïn-el-Turk	http://www.w3.org/1999/02/22-rdf-syntax-ns#langString	
http://yago-knowledge.org/resource/Oran	Oran	http://yago-knowledge.org/resource/hasWikipediaAnchorText	null	Berber languages	http://www.w3.org/1999/02/22-rdf-syntax-ns#langString	
http://yago-knowledge.org/resource/Oran	Oran	http://yago-knowledge.org/resource/hasWikipediaAnchorText	null	Bey	http://www.w3.org/1999/02/22-rdf-syntax-ns#langString	
http://yago-knowledge.org/resource/Oran	Oran	http://yago-knowledge.org/resource/hasWikipediaAnchorText	null	Bey Hassan	http://www.w3.org/1999/02/22-rdf-syntax-ns#langString	
http://yago-knowledge.org/resource/Oran	Oran	http://yago-knowledge.org/resource/hasWikipediaAnchorText	null	Bey of Algiers	http://www.w3.org/1999/02/22-rdf-syntax-ns#langString	
http://yago-knowledge.org/resource/Oran	Oran	http://yago-knowledge.org/resource/hasWikipediaAnchorText	null	Bir El Djir	http://www.w3.org/1999/02/22-rdf-syntax-ns#langString	
http://yago-knowledge.org/resource/Oran	Oran	http://yago-knowledge.org/resource/hasWikipediaAnchorText	null	Bordeaux	http://www.w3.org/1999/02/22-rdf-syntax-ns#langString	
http://yago-knowledge.org/resource/Oran	Oran	http://yago-knowledge.org/resource/hasWikipediaAnchorText	null	Bousfer	http://www.w3.org/1999/02/22-rdf-syntax-ns#langString	
http://yago-knowledge.org/resource/Oran	Oran	http://yago-knowledge.org/resource/hasWikipediaAnchorText	null	Boutlélis	http://www.w3.org/1999/02/22-rdf-syntax-ns#langString	
http://yago-knowledge.org/resource/Oran	Oran	http://yago-knowledge.org/resource/hasWikipediaAnchorText	null	Bretagne	http://www.w3.org/1999/02/22-rdf-syntax-ns#langString	
http://yago-knowledge.org/resource/Oran	Oran	http://yago-knowledge.org/resource/hasWikipediaAnchorText	null	Britain	http://www.w3.org/1999/02/22-rdf-syntax-ns#langString	
http://yago-knowledge.org/resource/Oran	Oran	http://yago-knowledge.org/resource/hasWikipediaAnchorText	null	British fleet	http://www.w3.org/1999/02/22-rdf-syntax-ns#langString	
http://yago-knowledge.org/resource/Oran	Oran	http://yago-knowledge.org/resource/hasWikipediaAnchorText	null	British navy	http://www.w3.org/1999/02/22-rdf-syntax-ns#langString	
http://yago-knowledge.org/resource/Oran	Oran	http://yago-knowledge.org/resource/hasWikipediaAnchorText	null	Bubonic Plague	http://www.w3.org/1999/02/22-rdf-syntax-ns#langString	
http://yago-knowledge.org/resource/Oran	Oran	http://yago-knowledge.org/resource/hasWikipediaAnchorText	null	Bugeaud	http://www.w3.org/1999/02/22-rdf-syntax-ns#langString	
http://yago-knowledge.org/resource/Oran	Oran	http://yago-knowledge.org/resource/hasWikipediaAnchorText	null	CET	http://www.w3.org/1999/02/22-rdf-syntax-ns#langString	
http://yago-knowledge.org/resource/Oran	Oran	http://yago-knowledge.org/resource/hasWikipediaAnchorText	null	CUB	http://www.w3.org/1999/02/22-rdf-syntax-ns#langString	
http://yago-knowledge.org/resource/Oran	Oran	http://yago-knowledge.org/resource/hasWikipediaAnchorText	null	Cardinal Cisneros	http://www.w3.org/1999/02/22-rdf-syntax-ns#langString	
http://yago-knowledge.org/resource/Oran	Oran	http://yago-knowledge.org/resource/hasWikipediaAnchorText	null	Casablanca	http://www.w3.org/1999/02/22-rdf-syntax-ns#langString	
http://yago-knowledge.org/resource/Oran	Oran	http://yago-knowledge.org/resource/hasWikipediaAnchorText	null	Cathedral Sacré Coeur	http://www.w3.org/1999/02/22-rdf-syntax-ns#langString	
http://yago-knowledge.org/resource/Oran	Oran	http://yago-knowledge.org/resource/hasWikipediaAnchorText	null	Charles I	http://www.w3.org/1999/02/22-rdf-syntax-ns#langString	
http://yago-knowledge.org/resource/Oran	Oran	http://yago-knowledge.org/resource/hasWikipediaAnchorText	null	Charles IV	http://www.w3.org/1999/02/22-rdf-syntax-ns#langString	
http://yago-knowledge.org/resource/Oran	Oran	http://yago-knowledge.org/resource/hasWikipediaAnchorText	null	Charles de Gaulle	http://www.w3.org/1999/02/22-rdf-syntax-ns#langString	
http://yago-knowledge.org/resource/Oran	Oran	http://yago-knowledge.org/resource/hasWikipediaAnchorText	null	Cheb Hasni	http://www.w3.org/1999/02/22-rdf-syntax-ns#langString	
http://yago-knowledge.org/resource/Oran	Oran	http://yago-knowledge.org/resource/hasWikipediaAnchorText	null	Cheb Khaled	http://www.w3.org/1999/02/22-rdf-syntax-ns#langString	
http://yago-knowledge.org/resource/Oran	Oran	http://yago-knowledge.org/resource/hasWikipediaAnchorText	null	Cook's Practical Guide to Algiers, Algeria and Tunisia	http://www.w3.org/1999/02/22-rdf-syntax-ns#langString	
http://yago-knowledge.org/resource/Oran	Oran	http://yago-knowledge.org/resource/hasWikipediaAnchorText	null	Corsarios de Levante	http://www.w3.org/1999/02/22-rdf-syntax-ns#langString	
http://yago-knowledge.org/resource/Oran	Oran	http://yago-knowledge.org/resource/hasWikipediaAnchorText	null	Count Alcaudete	http://www.w3.org/1999/02/22-rdf-syntax-ns#langString	
http://yago-knowledge.org/resource/Oran	Oran	http://yago-knowledge.org/resource/hasWikipediaAnchorText	null	Country	http://www.w3.org/1999/02/22-rdf-syntax-ns#langString	
http://yago-knowledge.org/resource/Oran	Oran	http://yago-knowledge.org/resource/hasWikipediaAnchorText	null	Cuba	http://www.w3.org/1999/02/22-rdf-syntax-ns#langString	
http://yago-knowledge.org/resource/Oran	Oran	http://yago-knowledge.org/resource/hasWikipediaAnchorText	null	Dakar	http://www.w3.org/1999/02/22-rdf-syntax-ns#langString	
http://yago-knowledge.org/resource/Oran	Oran	http://yago-knowledge.org/resource/hasWikipediaAnchorText	null	Damrémont	http://www.w3.org/1999/02/22-rdf-syntax-ns#langString	
http://yago-knowledge.org/resource/Oran	Oran	http://yago-knowledge.org/resource/hasWikipediaAnchorText	null	Dey	http://www.w3.org/1999/02/22-rdf-syntax-ns#langString	
http://yago-knowledge.org/resource/Oran	Oran	http://yago-knowledge.org/resource/hasWikipediaAnchorText	null	Dunkerque	http://www.w3.org/1999/02/22-rdf-syntax-ns#langString	
http://yago-knowledge.org/resource/Oran	Oran	http://yago-knowledge.org/resource/hasWikipediaAnchorText	null	Durban	http://www.w3.org/1999/02/22-rdf-syntax-ns#langString	
http://yago-knowledge.org/resource/Oran	Oran	http://yago-knowledge.org/resource/hasWikipediaAnchorText	null	ESP	http://www.w3.org/1999/02/22-rdf-syntax-ns#langString	
http://yago-knowledge.org/resource/Oran	Oran	http://yago-knowledge.org/resource/hasWikipediaAnchorText	null	EasyOran	http://www.w3.org/1999/02/22-rdf-syntax-ns#langString	
http://yago-knowledge.org/resource/Oran	Oran	http://yago-knowledge.org/resource/hasWikipediaAnchorText	null	Edmond Jouhaud	http://www.w3.org/1999/02/22-rdf-syntax-ns#langString	
http://yago-knowledge.org/resource/Oran	Oran	http://yago-knowledge.org/resource/hasWikipediaAnchorText	null	El Gallardo Español	http://www.w3.org/1999/02/22-rdf-syntax-ns#langString	
http://yago-knowledge.org/resource/Oran	Oran	http://yago-knowledge.org/resource/hasWikipediaAnchorText	null	El Kerma	http://www.w3.org/1999/02/22-rdf-syntax-ns#langString	
http://yago-knowledge.org/resource/Oran	Oran	http://yago-knowledge.org/resource/hasWikipediaAnchorText	null	Elche	http://www.w3.org/1999/02/22-rdf-syntax-ns#langString	
http://yago-knowledge.org/resource/Oran	Oran	http://yago-knowledge.org/resource/hasWikipediaAnchorText	null	Es Sénia	http://www.w3.org/1999/02/22-rdf-syntax-ns#langString	
http://yago-knowledge.org/resource/Oran	Oran	http://yago-knowledge.org/resource/hasWikipediaAnchorText	null	European	http://www.w3.org/1999/02/22-rdf-syntax-ns#langString	
http://yago-knowledge.org/resource/Oran	Oran	http://yago-knowledge.org/resource/hasWikipediaAnchorText	null	FRA	http://www.w3.org/1999/02/22-rdf-syntax-ns#langString	
http://yago-knowledge.org/resource/Oran	Oran	http://yago-knowledge.org/resource/hasWikipediaAnchorText	null	Fatimid	http://www.w3.org/1999/02/22-rdf-syntax-ns#langString	
http://yago-knowledge.org/resource/Oran	Oran	http://yago-knowledge.org/resource/hasWikipediaAnchorText	null	Fes	http://www.w3.org/1999/02/22-rdf-syntax-ns#langString	
http://yago-knowledge.org/resource/Oran	Oran	http://yago-knowledge.org/resource/hasWikipediaAnchorText	null	France	http://www.w3.org/1999/02/22-rdf-syntax-ns#langString	
http://yago-knowledge.org/resource/Oran	Oran	http://yago-knowledge.org/resource/hasWikipediaAnchorText	null	Francisco Jiménez de Cisneros	http://www.w3.org/1999/02/22-rdf-syntax-ns#langString	
http://yago-knowledge.org/resource/Oran	Oran	http://yago-knowledge.org/resource/hasWikipediaAnchorText	null	French	http://www.w3.org/1999/02/22-rdf-syntax-ns#langString	
http://yago-knowledge.org/resource/Oran	Oran	http://yago-knowledge.org/resource/hasWikipediaAnchorText	null	French fleet	http://www.w3.org/1999/02/22-rdf-syntax-ns#langString	
http://yago-knowledge.org/resource/Oran	Oran	http://yago-knowledge.org/resource/hasWikipediaAnchorText	null	French rule	http://www.w3.org/1999/02/22-rdf-syntax-ns#langString	
http://yago-knowledge.org/resource/Oran	Oran	http://yago-knowledge.org/resource/hasWikipediaAnchorText	null	Gdańsk	http://www.w3.org/1999/02/22-rdf-syntax-ns#langString	
http://yago-knowledge.org/resource/Oran	Oran	http://yago-knowledge.org/resource/hasWikipediaAnchorText	null	Gdyel	http://www.w3.org/1999/02/22-rdf-syntax-ns#langString	
http://yago-knowledge.org/resource/Oran	Oran	http://yago-knowledge.org/resource/hasWikipediaAnchorText	null	General Berthezène	http://www.w3.org/1999/02/22-rdf-syntax-ns#langString	
http://yago-knowledge.org/resource/Oran	Oran	http://yago-knowledge.org/resource/hasWikipediaAnchorText	null	General Lamoricière	http://www.w3.org/1999/02/22-rdf-syntax-ns#langString	
http://yago-knowledge.org/resource/Oran	Oran	http://yago-knowledge.org/resource/hasWikipediaAnchorText	null	Genoa	http://www.w3.org/1999/02/22-rdf-syntax-ns#langString	
http://yago-knowledge.org/resource/Oran	Oran	http://yago-knowledge.org/resource/hasWikipediaAnchorText	null	Geraldine Brooks	http://www.w3.org/1999/02/22-rdf-syntax-ns#langString	
http://yago-knowledge.org/resource/Oran	Oran	http://yago-knowledge.org/resource/hasWikipediaAnchorText	null	Gibraltar	http://www.w3.org/1999/02/22-rdf-syntax-ns#langString	
http://yago-knowledge.org/resource/Oran	Oran	http://yago-knowledge.org/resource/hasWikipediaAnchorText	null	Governor	http://www.w3.org/1999/02/22-rdf-syntax-ns#langString	
http://yago-knowledge.org/resource/Oran	Oran	http://yago-knowledge.org/resource/hasWikipediaAnchorText	null	Great Synagogue of Oran	http://www.w3.org/1999/02/22-rdf-syntax-ns#langString	
http://yago-knowledge.org/resource/Oran	Oran	http://yago-knowledge.org/resource/hasWikipediaAnchorText	null	Hassan Pasha	http://www.w3.org/1999/02/22-rdf-syntax-ns#langString	
http://yago-knowledge.org/resource/Oran	Oran	http://yago-knowledge.org/resource/hasWikipediaAnchorText	null	Havana	http://www.w3.org/1999/02/22-rdf-syntax-ns#langString	
http://yago-knowledge.org/resource/Oran	Oran	http://yago-knowledge.org/resource/hasWikipediaAnchorText	null	Hornblower	http://www.w3.org/1999/02/22-rdf-syntax-ns#langString	
http://yago-knowledge.org/resource/Oran	Oran	http://yago-knowledge.org/resource/hasWikipediaAnchorText	null	ITV	http://www.w3.org/1999/02/22-rdf-syntax-ns#langString	
http://yago-knowledge.org/resource/Oran	Oran	http://yago-knowledge.org/resource/hasWikipediaAnchorText	null	Ibn Khaldoun	http://www.w3.org/1999/02/22-rdf-syntax-ns#langString	
http://yago-knowledge.org/resource/Oran	Oran	http://yago-knowledge.org/resource/hasWikipediaAnchorText	null	International airport Es-Senia	http://www.w3.org/1999/02/22-rdf-syntax-ns#langString	
http://yago-knowledge.org/resource/Oran	Oran	http://yago-knowledge.org/resource/hasWikipediaAnchorText	null	Italian Maritime Republics	http://www.w3.org/1999/02/22-rdf-syntax-ns#langString	
http://yago-knowledge.org/resource/Oran	Oran	http://yago-knowledge.org/resource/hasWikipediaAnchorText	null	JOR	http://www.w3.org/1999/02/22-rdf-syntax-ns#langString	
http://yago-knowledge.org/resource/Oran	Oran	http://yago-knowledge.org/resource/hasWikipediaAnchorText	null	Jewish community of Oran	http://www.w3.org/1999/02/22-rdf-syntax-ns#langString	
http://yago-knowledge.org/resource/Oran	Oran	http://yago-knowledge.org/resource/hasWikipediaAnchorText	null	Joann Sfar	http://www.w3.org/1999/02/22-rdf-syntax-ns#langString	
http://yago-knowledge.org/resource/Oran	Oran	http://yago-knowledge.org/resource/hasWikipediaAnchorText	null	John of Austria	http://www.w3.org/1999/02/22-rdf-syntax-ns#langString	
http://yago-knowledge.org/resource/Oran	Oran	http://yago-knowledge.org/resource/hasWikipediaAnchorText	null	Jordan	http://www.w3.org/1999/02/22-rdf-syntax-ns#langString	
http://yago-knowledge.org/resource/Oran	Oran	http://yago-knowledge.org/resource/hasWikipediaAnchorText	null	José Carrillo de Albornoz	http://www.w3.org/1999/02/22-rdf-syntax-ns#langString	
http://yago-knowledge.org/resource/Oran	Oran	http://yago-knowledge.org/resource/hasWikipediaAnchorText	null	Kairouan	http://www.w3.org/1999/02/22-rdf-syntax-ns#langString	
http://yago-knowledge.org/resource/Oran	Oran	http://yago-knowledge.org/resource/hasWikipediaAnchorText	null	Kenzō Tange	http://www.w3.org/1999/02/22-rdf-syntax-ns#langString	
http://yago-knowledge.org/resource/Oran	Oran	http://yago-knowledge.org/resource/hasWikipediaAnchorText	null	Köppen climate classification	http://www.w3.org/1999/02/22-rdf-syntax-ns#langString	
http://yago-knowledge.org/resource/Oran	Oran	http://yago-knowledge.org/resource/hasWikipediaAnchorText	null	Le Souk d'Oran	http://www.w3.org/1999/02/22-rdf-syntax-ns#langString	
http://yago-knowledge.org/resource/Oran	Oran	http://yago-knowledge.org/resource/hasWikipediaAnchorText	null	Lisbon	http://www.w3.org/1999/02/22-rdf-syntax-ns#langString	
http://yago-knowledge.org/resource/Oran	Oran	http://yago-knowledge.org/resource/hasWikipediaAnchorText	null	Livorno	http://www.w3.org/1999/02/22-rdf-syntax-ns#langString	
http://yago-knowledge.org/resource/Oran	Oran	http://yago-knowledge.org/resource/hasWikipediaAnchorText	null	Louis Alexis Desmichels	http://www.w3.org/1999/02/22-rdf-syntax-ns#langString	
http://yago-knowledge.org/resource/Oran	Oran	http://yago-knowledge.org/resource/hasWikipediaAnchorText	null	MAR	http://www.w3.org/1999/02/22-rdf-syntax-ns#langString	
http://yago-knowledge.org/resource/Oran	Oran	http://yago-knowledge.org/resource/hasWikipediaAnchorText	null	Marinid dynasty	http://www.w3.org/1999/02/22-rdf-syntax-ns#langString	
http://yago-knowledge.org/resource/Oran	Oran	http://yago-knowledge.org/resource/hasWikipediaAnchorText	null	Marseille	http://www.w3.org/1999/02/22-rdf-syntax-ns#langString	
http://yago-knowledge.org/resource/Oran	Oran	http://yago-knowledge.org/resource/hasWikipediaAnchorText	null	Marseilles	http://www.w3.org/1999/02/22-rdf-syntax-ns#langString	
http://yago-knowledge.org/resource/Oran	Oran	http://yago-knowledge.org/resource/hasWikipediaAnchorText	null	Marshal Lyautey	http://www.w3.org/1999/02/22-rdf-syntax-ns#langString	
http://yago-knowledge.org/resource/Oran	Oran	http://yago-knowledge.org/resource/hasWikipediaAnchorText	null	Mascara	http://www.w3.org/1999/02/22-rdf-syntax-ns#langString	
http://yago-knowledge.org/resource/Oran	Oran	http://yago-knowledge.org/resource/hasWikipediaAnchorText	null	Mediterranean	http://www.w3.org/1999/02/22-rdf-syntax-ns#langString	
http://yago-knowledge.org/resource/Oran	Oran	http://yago-knowledge.org/resource/hasWikipediaAnchorText	null	Mediterranean Sea	http://www.w3.org/1999/02/22-rdf-syntax-ns#langString	
http://yago-knowledge.org/resource/Oran	Oran	http://yago-knowledge.org/resource/hasWikipediaAnchorText	null	Mediterranean climate	http://www.w3.org/1999/02/22-rdf-syntax-ns#langString	
http://yago-knowledge.org/resource/Oran	Oran	http://yago-knowledge.org/resource/hasWikipediaAnchorText	null	Mers El Hadjadj	http://www.w3.org/1999/02/22-rdf-syntax-ns#langString	
http://yago-knowledge.org/resource/Oran	Oran	http://yago-knowledge.org/resource/hasWikipediaAnchorText	null	Mers El Kébir	http://www.w3.org/1999/02/22-rdf-syntax-ns#langString	
http://yago-knowledge.org/resource/Oran	Oran	http://yago-knowledge.org/resource/hasWikipediaAnchorText	null	Mers el Kébir	http://www.w3.org/1999/02/22-rdf-syntax-ns#langString	
http://yago-knowledge.org/resource/Oran	Oran	http://yago-knowledge.org/resource/hasWikipediaAnchorText	null	Mers-el-Kébir	http://www.w3.org/1999/02/22-rdf-syntax-ns#langString	
http://yago-knowledge.org/resource/Oran	Oran	http://yago-knowledge.org/resource/hasWikipediaAnchorText	null	Miguel de Cervantes	http://www.w3.org/1999/02/22-rdf-syntax-ns#langString	
http://yago-knowledge.org/resource/Oran	Oran	http://yago-knowledge.org/resource/hasWikipediaAnchorText	null	Misserghin	http://www.w3.org/1999/02/22-rdf-syntax-ns#langString	
http://yago-knowledge.org/resource/Oran	Oran	http://yago-knowledge.org/resource/hasWikipediaAnchorText	null	Mohammed ash-Sheikh	http://www.w3.org/1999/02/22-rdf-syntax-ns#langString	
http://yago-knowledge.org/resource/Oran	Oran	http://yago-knowledge.org/resource/hasWikipediaAnchorText	null	Moorish	http://www.w3.org/1999/02/22-rdf-syntax-ns#langString	
http://yago-knowledge.org/resource/Oran	Oran	http://yago-knowledge.org/resource/hasWikipediaAnchorText	null	Moriscos	http://www.w3.org/1999/02/22-rdf-syntax-ns#langString	
http://yago-knowledge.org/resource/Oran	Oran	http://yago-knowledge.org/resource/hasWikipediaAnchorText	null	Morocco	http://www.w3.org/1999/02/22-rdf-syntax-ns#langString	
http://yago-knowledge.org/resource/Oran	Oran	http://yago-knowledge.org/resource/hasWikipediaAnchorText	null	Moulay Ismail	http://www.w3.org/1999/02/22-rdf-syntax-ns#langString	
http://yago-knowledge.org/resource/Oran	Oran	http://yago-knowledge.org/resource/hasWikipediaAnchorText	null	Mustapha Ben Youssef	http://www.w3.org/1999/02/22-rdf-syntax-ns#langString	
http://yago-knowledge.org/resource/Oran	Oran	http://yago-knowledge.org/resource/hasWikipediaAnchorText	null	Napoleon III	http://www.w3.org/1999/02/22-rdf-syntax-ns#langString	
http://yago-knowledge.org/resource/Oran	Oran	http://yago-knowledge.org/resource/hasWikipediaAnchorText	null	National Centre of Research in Social and Cultural Anthropology	http://www.w3.org/1999/02/22-rdf-syntax-ns#langString	
http://yago-knowledge.org/resource/Oran	Oran	http://yago-knowledge.org/resource/hasWikipediaAnchorText	null	Nazi Germany	http://www.w3.org/1999/02/22-rdf-syntax-ns#langString	
http://yago-knowledge.org/resource/Oran	Oran	http://yago-knowledge.org/resource/hasWikipediaAnchorText	null	Nice	http://www.w3.org/1999/02/22-rdf-syntax-ns#langString	
http://yago-knowledge.org/resource/Oran	Oran	http://yago-knowledge.org/resource/hasWikipediaAnchorText	null	Operation Torch	http://www.w3.org/1999/02/22-rdf-syntax-ns#langString	
http://yago-knowledge.org/resource/Oran	Oran	http://yago-knowledge.org/resource/hasWikipediaAnchorText	null	Oran	http://www.w3.org/1999/02/22-rdf-syntax-ns#langString	
http://yago-knowledge.org/resource/Oran	Oran	http://yago-knowledge.org/resource/hasWikipediaAnchorText	null	Oran Es Senia Airport	http://www.w3.org/1999/02/22-rdf-syntax-ns#langString	
http://yago-knowledge.org/resource/Oran	Oran	http://yago-knowledge.org/resource/hasWikipediaAnchorText	null	Oran MAPS	http://www.w3.org/1999/02/22-rdf-syntax-ns#langString	
http://yago-knowledge.org/resource/Oran	Oran	http://yago-knowledge.org/resource/hasWikipediaAnchorText	null	Oran Province	http://www.w3.org/1999/02/22-rdf-syntax-ns#langString	
http://yago-knowledge.org/resource/Oran	Oran	http://yago-knowledge.org/resource/hasWikipediaAnchorText	null	Oran massacre of 1962	http://www.w3.org/1999/02/22-rdf-syntax-ns#langString	
http://yago-knowledge.org/resource/Oran	Oran	http://yago-knowledge.org/resource/hasWikipediaAnchorText	null	Oran's Community FORUM	http://www.w3.org/1999/02/22-rdf-syntax-ns#langString	
http://yago-knowledge.org/resource/Oran	Oran	http://yago-knowledge.org/resource/hasWikipediaAnchorText	null	Oran-dz	http://www.w3.org/1999/02/22-rdf-syntax-ns#langString	
http://yago-knowledge.org/resource/Oran	Oran	http://yago-knowledge.org/resource/hasWikipediaAnchorText	null	Order of Montesa	http://www.w3.org/1999/02/22-rdf-syntax-ns#langString	
http://yago-knowledge.org/resource/Oran	Oran	http://yago-knowledge.org/resource/hasWikipediaAnchorText	null	Organisation de l'armée secrète	http://www.w3.org/1999/02/22-rdf-syntax-ns#langString	
http://yago-knowledge.org/resource/Oran	Oran	http://yago-knowledge.org/resource/hasWikipediaAnchorText	null	Ottoman Empire	http://www.w3.org/1999/02/22-rdf-syntax-ns#langString	
http://yago-knowledge.org/resource/Oran	Oran	http://yago-knowledge.org/resource/hasWikipediaAnchorText	null	Ottomans	http://www.w3.org/1999/02/22-rdf-syntax-ns#langString	
http://yago-knowledge.org/resource/Oran	Oran	http://yago-knowledge.org/resource/hasWikipediaAnchorText	null	Oued Tlélat	http://www.w3.org/1999/02/22-rdf-syntax-ns#langString	
http://yago-knowledge.org/resource/Oran	Oran	http://yago-knowledge.org/resource/hasWikipediaAnchorText	null	Oujda	http://www.w3.org/1999/02/22-rdf-syntax-ns#langString	
http://yago-knowledge.org/resource/Oran	Oran	http://yago-knowledge.org/resource/hasWikipediaAnchorText	null	POL	http://www.w3.org/1999/02/22-rdf-syntax-ns#langString	
http://yago-knowledge.org/resource/Oran	Oran	http://yago-knowledge.org/resource/hasWikipediaAnchorText	null	Paris	http://www.w3.org/1999/02/22-rdf-syntax-ns#langString	
http://yago-knowledge.org/resource/Oran	Oran	http://yago-knowledge.org/resource/hasWikipediaAnchorText	null	Paul Bowles	http://www.w3.org/1999/02/22-rdf-syntax-ns#langString	
http://yago-knowledge.org/resource/Oran	Oran	http://yago-knowledge.org/resource/hasWikipediaAnchorText	null	Pedro Navarro	http://www.w3.org/1999/02/22-rdf-syntax-ns#langString	
http://yago-knowledge.org/resource/Oran	Oran	http://yago-knowledge.org/resource/hasWikipediaAnchorText	null	Philip II	http://www.w3.org/1999/02/22-rdf-syntax-ns#langString	
http://yago-knowledge.org/resource/Oran	Oran	http://yago-knowledge.org/resource/hasWikipediaAnchorText	null	Poland	http://www.w3.org/1999/02/22-rdf-syntax-ns#langString	
http://yago-knowledge.org/resource/Oran	Oran	http://yago-knowledge.org/resource/hasWikipediaAnchorText	null	Provence	http://www.w3.org/1999/02/22-rdf-syntax-ns#langString	
http://yago-knowledge.org/resource/Oran	Oran	http://yago-knowledge.org/resource/hasWikipediaAnchorText	null	RSA	http://www.w3.org/1999/02/22-rdf-syntax-ns#langString	
http://yago-knowledge.org/resource/Oran	Oran	http://yago-knowledge.org/resource/hasWikipediaAnchorText	null	Rachid Taha	http://www.w3.org/1999/02/22-rdf-syntax-ns#langString	
http://yago-knowledge.org/resource/Oran	Oran	http://yago-knowledge.org/resource/hasWikipediaAnchorText	null	Rangpur, Bangladesh	http://www.w3.org/1999/02/22-rdf-syntax-ns#langString	
http://yago-knowledge.org/resource/Oran	Oran	http://yago-knowledge.org/resource/hasWikipediaAnchorText	null	Raï	http://www.w3.org/1999/02/22-rdf-syntax-ns#langString	
http://yago-knowledge.org/resource/Oran	Oran	http://yago-knowledge.org/resource/hasWikipediaAnchorText	null	SEN	http://www.w3.org/1999/02/22-rdf-syntax-ns#langString	
http://yago-knowledge.org/resource/Oran	Oran	http://yago-knowledge.org/resource/hasWikipediaAnchorText	null	Saddek Benkada	http://www.w3.org/1999/02/22-rdf-syntax-ns#langString	
http://yago-knowledge.org/resource/Oran	Oran	http://yago-knowledge.org/resource/hasWikipediaAnchorText	null	Santa Cruz Fort	http://www.w3.org/1999/02/22-rdf-syntax-ns#langString	
http://yago-knowledge.org/resource/Oran	Oran	http://yago-knowledge.org/resource/hasWikipediaAnchorText	null	Senegal	http://www.w3.org/1999/02/22-rdf-syntax-ns#langString	
http://yago-knowledge.org/resource/Oran	Oran	http://yago-knowledge.org/resource/hasWikipediaAnchorText	null	Sephardic Jews	http://www.w3.org/1999/02/22-rdf-syntax-ns#langString	
http://yago-knowledge.org/resource/Oran	Oran	http://yago-knowledge.org/resource/hasWikipediaAnchorText	null	Sfax	http://www.w3.org/1999/02/22-rdf-syntax-ns#langString	
http://yago-knowledge.org/resource/Oran	Oran	http://yago-knowledge.org/resource/hasWikipediaAnchorText	null	Sidi El Houari	http://www.w3.org/1999/02/22-rdf-syntax-ns#langString	
http://yago-knowledge.org/resource/Oran	Oran	http://yago-knowledge.org/resource/hasWikipediaAnchorText	null	Sonatrach	http://www.w3.org/1999/02/22-rdf-syntax-ns#langString	
http://yago-knowledge.org/resource/Oran	Oran	http://yago-knowledge.org/resource/hasWikipediaAnchorText	null	Souk Ahras	http://www.w3.org/1999/02/22-rdf-syntax-ns#langString	
http://yago-knowledge.org/resource/Oran	Oran	http://yago-knowledge.org/resource/hasWikipediaAnchorText	null	South Africa	http://www.w3.org/1999/02/22-rdf-syntax-ns#langString	
http://yago-knowledge.org/resource/Oran	Oran	http://yago-knowledge.org/resource/hasWikipediaAnchorText	null	Spain	http://www.w3.org/1999/02/22-rdf-syntax-ns#langString	
http://yago-knowledge.org/resource/Oran	Oran	http://yago-knowledge.org/resource/hasWikipediaAnchorText	null	Spanish	http://www.w3.org/1999/02/22-rdf-syntax-ns#langString	
http://yago-knowledge.org/resource/Oran	Oran	http://yago-knowledge.org/resource/hasWikipediaAnchorText	null	Sète	http://www.w3.org/1999/02/22-rdf-syntax-ns#langString	
http://yago-knowledge.org/resource/Oran	Oran	http://yago-knowledge.org/resource/hasWikipediaAnchorText	null	TUN	http://www.w3.org/1999/02/22-rdf-syntax-ns#langString	
http://yago-knowledge.org/resource/Oran	Oran	http://yago-knowledge.org/resource/hasWikipediaAnchorText	null	Tafraoui	http://www.w3.org/1999/02/22-rdf-syntax-ns#langString	
http://yago-knowledge.org/resource/Oran	Oran	http://yago-knowledge.org/resource/hasWikipediaAnchorText	null	Tahert	http://www.w3.org/1999/02/22-rdf-syntax-ns#langString	
http://yago-knowledge.org/resource/Oran	Oran	http://yago-knowledge.org/resource/hasWikipediaAnchorText	null	Tashfin ibn Ali	http://www.w3.org/1999/02/22-rdf-syntax-ns#langString	
http://yago-knowledge.org/resource/Oran	Oran	http://yago-knowledge.org/resource/hasWikipediaAnchorText	null	The Plague	http://www.w3.org/1999/02/22-rdf-syntax-ns#langString	
http://yago-knowledge.org/resource/Oran	Oran	http://yago-knowledge.org/resource/hasWikipediaAnchorText	null	The Sheltering Sky	http://www.w3.org/1999/02/22-rdf-syntax-ns#langString	
http://yago-knowledge.org/resource/Oran	Oran	http://yago-knowledge.org/resource/hasWikipediaAnchorText	null	Tlemcen	http://www.w3.org/1999/02/22-rdf-syntax-ns#langString	
http://yago-knowledge.org/resource/Oran	Oran	http://yago-knowledge.org/resource/hasWikipediaAnchorText	null	Treaty of Tafna	http://www.w3.org/1999/02/22-rdf-syntax-ns#langString	
http://yago-knowledge.org/resource/Oran	Oran	http://yago-knowledge.org/resource/hasWikipediaAnchorText	null	Tunisia	http://www.w3.org/1999/02/22-rdf-syntax-ns#langString	
http://yago-knowledge.org/resource/Oran	Oran	http://yago-knowledge.org/resource/hasWikipediaAnchorText	null	UN	http://www.w3.org/1999/02/22-rdf-syntax-ns#langString	
http://yago-knowledge.org/resource/Oran	Oran	http://yago-knowledge.org/resource/hasWikipediaAnchorText	null	Umayyad	http://www.w3.org/1999/02/22-rdf-syntax-ns#langString	
http://yago-knowledge.org/resource/Oran	Oran	http://yago-knowledge.org/resource/hasWikipediaAnchorText	null	Venice	http://www.w3.org/1999/02/22-rdf-syntax-ns#langString	
http://yago-knowledge.org/resource/Oran	Oran	http://yago-knowledge.org/resource/hasWikipediaAnchorText	null	Vichy government	http://www.w3.org/1999/02/22-rdf-syntax-ns#langString	
http://yago-knowledge.org/resource/Oran	Oran	http://yago-knowledge.org/resource/hasWikipediaAnchorText	null	Visit Oran	http://www.w3.org/1999/02/22-rdf-syntax-ns#langString	
http://yago-knowledge.org/resource/Oran	Oran	http://yago-knowledge.org/resource/hasWikipediaAnchorText	null	Wali	http://www.w3.org/1999/02/22-rdf-syntax-ns#langString	
http://yago-knowledge.org/resource/Oran	Oran	http://yago-knowledge.org/resource/hasWikipediaAnchorText	null	Wilaya	http://www.w3.org/1999/02/22-rdf-syntax-ns#langString	
http://yago-knowledge.org/resource/Oran	Oran	http://yago-knowledge.org/resource/hasWikipediaAnchorText	null	World Meteorological Organization	http://www.w3.org/1999/02/22-rdf-syntax-ns#langString	
http://yago-knowledge.org/resource/Oran	Oran	http://yago-knowledge.org/resource/hasWikipediaAnchorText	null	World War II	http://www.w3.org/1999/02/22-rdf-syntax-ns#langString	
http://yago-knowledge.org/resource/Oran	Oran	http://yago-knowledge.org/resource/hasWikipediaAnchorText	null	Year of Wonders	http://www.w3.org/1999/02/22-rdf-syntax-ns#langString	
http://yago-knowledge.org/resource/Oran	Oran	http://yago-knowledge.org/resource/hasWikipediaAnchorText	null	Zarqa	http://www.w3.org/1999/02/22-rdf-syntax-ns#langString	
http://yago-knowledge.org/resource/Oran	Oran	http://yago-knowledge.org/resource/hasWikipediaAnchorText	null	Zenata	http://www.w3.org/1999/02/22-rdf-syntax-ns#langString	
http://yago-knowledge.org/resource/Oran	Oran	http://yago-knowledge.org/resource/hasWikipediaAnchorText	null	Zianides	http://www.w3.org/1999/02/22-rdf-syntax-ns#langString	
http://yago-knowledge.org/resource/Oran	Oran	http://yago-knowledge.org/resource/hasWikipediaAnchorText	null	al-Andalus	http://www.w3.org/1999/02/22-rdf-syntax-ns#langString	
http://yago-knowledge.org/resource/Oran	Oran	http://yago-knowledge.org/resource/hasWikipediaAnchorText	null	casbah	http://www.w3.org/1999/02/22-rdf-syntax-ns#langString	
http://yago-knowledge.org/resource/Oran	Oran	http://yago-knowledge.org/resource/hasWikipediaAnchorText	null	department of the same name	http://www.w3.org/1999/02/22-rdf-syntax-ns#langString	
http://yago-knowledge.org/resource/Oran	Oran	http://yago-knowledge.org/resource/hasWikipediaAnchorText	null	diocesis	http://www.w3.org/1999/02/22-rdf-syntax-ns#langString	
http://yago-knowledge.org/resource/Oran	Oran	http://yago-knowledge.org/resource/hasWikipediaAnchorText	null	département	http://www.w3.org/1999/02/22-rdf-syntax-ns#langString	
http://yago-knowledge.org/resource/Oran	Oran	http://yago-knowledge.org/resource/hasWikipediaAnchorText	null	flotilla	http://www.w3.org/1999/02/22-rdf-syntax-ns#langString	
http://yago-knowledge.org/resource/Oran	Oran	http://yago-knowledge.org/resource/hasWikipediaAnchorText	null	fort of Santa-Cruz	http://www.w3.org/1999/02/22-rdf-syntax-ns#langString	
http://yago-knowledge.org/resource/Oran	Oran	http://yago-knowledge.org/resource/hasWikipediaAnchorText	null	holy cross	http://www.w3.org/1999/02/22-rdf-syntax-ns#langString	
http://yago-knowledge.org/resource/Oran	Oran	http://yago-knowledge.org/resource/hasWikipediaAnchorText	null	is bombarded	http://www.w3.org/1999/02/22-rdf-syntax-ns#langString	
http://yago-knowledge.org/resource/Oran	Oran	http://yago-knowledge.org/resource/hasWikipediaAnchorText	null	kasbah	http://www.w3.org/1999/02/22-rdf-syntax-ns#langString	
http://yago-knowledge.org/resource/Oran	Oran	http://yago-knowledge.org/resource/hasWikipediaAnchorText	null	massacre of Europeans	http://www.w3.org/1999/02/22-rdf-syntax-ns#langString	
http://yago-knowledge.org/resource/Oran	Oran	http://yago-knowledge.org/resource/hasWikipediaAnchorText	null	mosque	http://www.w3.org/1999/02/22-rdf-syntax-ns#langString	
http://yago-knowledge.org/resource/Oran	Oran	http://yago-knowledge.org/resource/hasWikipediaAnchorText	null	quarantine	http://www.w3.org/1999/02/22-rdf-syntax-ns#langString	
http://yago-knowledge.org/resource/Oran	Oran	http://yago-knowledge.org/resource/hasWikipediaAnchorText	null	semi-arid climate	http://www.w3.org/1999/02/22-rdf-syntax-ns#langString	
http://yago-knowledge.org/resource/Oran	Oran	http://yago-knowledge.org/resource/hasWikipediaAnchorText	null	shelled French warships	http://www.w3.org/1999/02/22-rdf-syntax-ns#langString	
http://yago-knowledge.org/resource/Oran	Oran	http://yago-knowledge.org/resource/hasWikipediaAnchorText	null	twinned	http://www.w3.org/1999/02/22-rdf-syntax-ns#langString	
http://yago-knowledge.org/resource/Oran	Oran	http://yago-knowledge.org/resource/hasWikipediaAnchorText	null	wilaya	http://www.w3.org/1999/02/22-rdf-syntax-ns#langString	
http://yago-knowledge.org/resource/Oran	Oran	http://yago-knowledge.org/resource/hasWikipediaAnchorText	null	Álvaro de Bazán	http://www.w3.org/1999/02/22-rdf-syntax-ns#langString	
http://yago-knowledge.org/resource/Oran	Oran	http://yago-knowledge.org/resource/hasWikipediaArticleLength	null	38401	http://www.w3.org/2001/XMLSchema#integer	
http://yago-knowledge.org/resource/Oran	Oran	http://yago-knowledge.org/resource/hasWikipediaUrl	null	http://en.wikipedia.org/wiki/Oran	uri	null
http://yago-knowledge.org/resource/Oran	Oran	http://yago-knowledge.org/resource/isLocatedIn	Administrative parent	http://yago-knowledge.org/resource/Algeria	entity	Algeria
http://yago-knowledge.org/resource/Oran	Oran	http://yago-knowledge.org/resource/isLocatedIn	Administrative parent	http://yago-knowledge.org/resource/Oran_Province	entity	Oran Province
http://yago-knowledge.org/resource/Oran	Oran	http://yago-knowledge.org/resource/linksTo	null	http://yago-knowledge.org/resource/Al-Andalus	entity	Al-Andalus
http://yago-knowledge.org/resource/Oran	Oran	http://yago-knowledge.org/resource/linksTo	null	http://yago-knowledge.org/resource/Albert_Camus	entity	Albert Camus
http://yago-knowledge.org/resource/Oran	Oran	http://yago-knowledge.org/resource/linksTo	null	http://yago-knowledge.org/resource/Algeria	entity	Algeria
http://yago-knowledge.org/resource/Oran	Oran	http://yago-knowledge.org/resource/linksTo	null	http://yago-knowledge.org/resource/Algerian_Arabic	entity	Algerian Arabic
http://yago-knowledge.org/resource/Oran	Oran	http://yago-knowledge.org/resource/linksTo	null	http://yago-knowledge.org/resource/Algerian_War	entity	Algerian War
http://yago-knowledge.org/resource/Oran	Oran	http://yago-knowledge.org/resource/linksTo	null	http://yago-knowledge.org/resource/Algérie_Ferries	entity	Algérie Ferries
http://yago-knowledge.org/resource/Oran	Oran	http://yago-knowledge.org/resource/linksTo	null	http://yago-knowledge.org/resource/Alicante	entity	Alicante
http://yago-knowledge.org/resource/Oran	Oran	http://yago-knowledge.org/resource/linksTo	null	http://yago-knowledge.org/resource/Allies_of_World_War_II	entity	Allies of World War II
http://yago-knowledge.org/resource/Oran	Oran	http://yago-knowledge.org/resource/linksTo	null	http://yago-knowledge.org/resource/Almería	entity	Almería
http://yago-knowledge.org/resource/Oran	Oran	http://yago-knowledge.org/resource/linksTo	null	http://yago-knowledge.org/resource/Arturo_Pérez-Reverte	entity	Arturo Pérez-Reverte
http://yago-knowledge.org/resource/Oran	Oran	http://yago-knowledge.org/resource/linksTo	null	http://yago-knowledge.org/resource/Attack_on_Mers-el-Kébir	entity	Attack on Mers-el-Kébir
http://yago-knowledge.org/resource/Oran	Oran	http://yago-knowledge.org/resource/linksTo	null	http://yago-knowledge.org/resource/Aïn_Bya	entity	Aïn Bya
http://yago-knowledge.org/resource/Oran	Oran	http://yago-knowledge.org/resource/linksTo	null	http://yago-knowledge.org/resource/Aïn_El_Turk	entity	Aïn El Turk
http://yago-knowledge.org/resource/Oran	Oran	http://yago-knowledge.org/resource/linksTo	null	http://yago-knowledge.org/resource/Aïn_Témouchent	entity	Aïn Témouchent
http://yago-knowledge.org/resource/Oran	Oran	http://yago-knowledge.org/resource/linksTo	null	http://yago-knowledge.org/resource/Berber_languages	entity	Berber languages
http://yago-knowledge.org/resource/Oran	Oran	http://yago-knowledge.org/resource/linksTo	null	http://yago-knowledge.org/resource/Bir_El_Djir	entity	Bir El Djir
http://yago-knowledge.org/resource/Oran	Oran	http://yago-knowledge.org/resource/linksTo	null	http://yago-knowledge.org/resource/Bordeaux	entity	Bordeaux
http://yago-knowledge.org/resource/Oran	Oran	http://yago-knowledge.org/resource/linksTo	null	http://yago-knowledge.org/resource/Bousfer	entity	Bousfer
http://yago-knowledge.org/resource/Oran	Oran	http://yago-knowledge.org/resource/linksTo	null	http://yago-knowledge.org/resource/Boutlélis	entity	Boutlélis
http://yago-knowledge.org/resource/Oran	Oran	http://yago-knowledge.org/resource/linksTo	null	http://yago-knowledge.org/resource/Casablanca	entity	Casablanca
http://yago-knowledge.org/resource/Oran	Oran	http://yago-knowledge.org/resource/linksTo	null	http://yago-knowledge.org/resource/Casablanca_(film)	entity	Casablanca (film)
http://yago-knowledge.org/resource/Oran	Oran	http://yago-knowledge.org/resource/linksTo	null	http://yago-knowledge.org/resource/Cathédrale_du_Sacré-Cœur_d'Oran	entity	Cathédrale du Sacré-Cœur d'Oran
http://yago-knowledge.org/resource/Oran	Oran	http://yago-knowledge.org/resource/linksTo	null	http://yago-knowledge.org/resource/Central_European_Time	entity	Central European Time
http://yago-knowledge.org/resource/Oran	Oran	http://yago-knowledge.org/resource/linksTo	null	http://yago-knowledge.org/resource/Charles-Marie_Denys_de_Damrémont	entity	Charles-Marie Denys de Damrémont
http://yago-knowledge.org/resource/Oran	Oran	http://yago-knowledge.org/resource/linksTo	null	http://yago-knowledge.org/resource/Charles_IV_of_Spain	entity	Charles IV of Spain
http://yago-knowledge.org/resource/Oran	Oran	http://yago-knowledge.org/resource/linksTo	null	http://yago-knowledge.org/resource/Charles_de_Gaulle	entity	Charles de Gaulle
http://yago-knowledge.org/resource/Oran	Oran	http://yago-knowledge.org/resource/linksTo	null	http://yago-knowledge.org/resource/Cheb_Hasni	entity	Cheb Hasni
http://yago-knowledge.org/resource/Oran	Oran	http://yago-knowledge.org/resource/linksTo	null	http://yago-knowledge.org/resource/Christian_cross	entity	Christian cross
http://yago-knowledge.org/resource/Oran	Oran	http://yago-knowledge.org/resource/linksTo	null	http://yago-knowledge.org/resource/Christophe_Léon_Louis_Juchault_de_Lamoricière	entity	Christophe Léon Louis Juchault de Lamoricière
http://yago-knowledge.org/resource/Oran	Oran	http://yago-knowledge.org/resource/linksTo	null	http://yago-knowledge.org/resource/Cook's_Travellers_Handbooks	entity	Cook's Travellers Handbooks
http://yago-knowledge.org/resource/Oran	Oran	http://yago-knowledge.org/resource/linksTo	null	http://yago-knowledge.org/resource/Cuba	entity	Cuba
http://yago-knowledge.org/resource/Oran	Oran	http://yago-knowledge.org/resource/linksTo	null	http://yago-knowledge.org/resource/Dakar	entity	Dakar
http://yago-knowledge.org/resource/Oran	Oran	http://yago-knowledge.org/resource/linksTo	null	http://yago-knowledge.org/resource/Dey	entity	Dey
http://yago-knowledge.org/resource/Oran	Oran	http://yago-knowledge.org/resource/linksTo	null	http://yago-knowledge.org/resource/Durban	entity	Durban
http://yago-knowledge.org/resource/Oran	Oran	http://yago-knowledge.org/resource/linksTo	null	http://yago-knowledge.org/resource/Edmond_Jouhaud	entity	Edmond Jouhaud
http://yago-knowledge.org/resource/Oran	Oran	http://yago-knowledge.org/resource/linksTo	null	http://yago-knowledge.org/resource/El_Kerma	entity	El Kerma
http://yago-knowledge.org/resource/Oran	Oran	http://yago-knowledge.org/resource/linksTo	null	http://yago-knowledge.org/resource/Elche	entity	Elche
http://yago-knowledge.org/resource/Oran	Oran	http://yago-knowledge.org/resource/linksTo	null	http://yago-knowledge.org/resource/Es_Sénia	entity	Es Sénia
http://yago-knowledge.org/resource/Oran	Oran	http://yago-knowledge.org/resource/linksTo	null	http://yago-knowledge.org/resource/Fes	entity	Fes
http://yago-knowledge.org/resource/Oran	Oran	http://yago-knowledge.org/resource/linksTo	null	http://yago-knowledge.org/resource/Fort_Santa_Cruz,_Oran	entity	Fort Santa Cruz, Oran
http://yago-knowledge.org/resource/Oran	Oran	http://yago-knowledge.org/resource/linksTo	null	http://yago-knowledge.org/resource/France	entity	France
http://yago-knowledge.org/resource/Oran	Oran	http://yago-knowledge.org/resource/linksTo	null	http://yago-knowledge.org/resource/French_Navy	entity	French Navy
http://yago-knowledge.org/resource/Oran	Oran	http://yago-knowledge.org/resource/linksTo	null	http://yago-knowledge.org/resource/French_battleship_Bretagne	entity	French battleship Bretagne
http://yago-knowledge.org/resource/Oran	Oran	http://yago-knowledge.org/resource/linksTo	null	http://yago-knowledge.org/resource/French_battleship_Dunkerque	entity	French battleship Dunkerque
http://yago-knowledge.org/resource/Oran	Oran	http://yago-knowledge.org/resource/linksTo	null	http://yago-knowledge.org/resource/French_battleship_Provence	entity	French battleship Provence
http://yago-knowledge.org/resource/Oran	Oran	http://yago-knowledge.org/resource/linksTo	null	http://yago-knowledge.org/resource/French_colonial_empire	entity	French colonial empire
http://yago-knowledge.org/resource/Oran	Oran	http://yago-knowledge.org/resource/linksTo	null	http://yago-knowledge.org/resource/Gdańsk	entity	Gdańsk
http://yago-knowledge.org/resource/Oran	Oran	http://yago-knowledge.org/resource/linksTo	null	http://yago-knowledge.org/resource/Gdyel	entity	Gdyel
http://yago-knowledge.org/resource/Oran	Oran	http://yago-knowledge.org/resource/linksTo	null	http://yago-knowledge.org/resource/Genoa	entity	Genoa
http://yago-knowledge.org/resource/Oran	Oran	http://yago-knowledge.org/resource/linksTo	null	http://yago-knowledge.org/resource/Geraldine_Brooks_(writer)	entity	Geraldine Brooks (writer)
http://yago-knowledge.org/resource/Oran	Oran	http://yago-knowledge.org/resource/linksTo	null	http://yago-knowledge.org/resource/Gibraltar	entity	Gibraltar
http://yago-knowledge.org/resource/Oran	Oran	http://yago-knowledge.org/resource/linksTo	null	http://yago-knowledge.org/resource/Havana	entity	Havana
http://yago-knowledge.org/resource/Oran	Oran	http://yago-knowledge.org/resource/linksTo	null	http://yago-knowledge.org/resource/Hornblower_(TV_series)	entity	Hornblower (TV series)
http://yago-knowledge.org/resource/Oran	Oran	http://yago-knowledge.org/resource/linksTo	null	http://yago-knowledge.org/resource/Hubert_Lyautey	entity	Hubert Lyautey
http://yago-knowledge.org/resource/Oran	Oran	http://yago-knowledge.org/resource/linksTo	null	http://yago-knowledge.org/resource/ITV_(TV_network)	entity	ITV (TV network)
http://yago-knowledge.org/resource/Oran	Oran	http://yago-knowledge.org/resource/linksTo	null	http://yago-knowledge.org/resource/Joann_Sfar	entity	Joann Sfar
http://yago-knowledge.org/resource/Oran	Oran	http://yago-knowledge.org/resource/linksTo	null	http://yago-knowledge.org/resource/John_of_Austria	entity	John of Austria
http://yago-knowledge.org/resource/Oran	Oran	http://yago-knowledge.org/resource/linksTo	null	http://yago-knowledge.org/resource/Jordan	entity	Jordan
http://yago-knowledge.org/resource/Oran	Oran	http://yago-knowledge.org/resource/linksTo	null	http://yago-knowledge.org/resource/José_Carrillo_de_Albornoz,_1st_Duke_of_Montemar	entity	José Carrillo de Albornoz, 1st Duke of Montemar
http://yago-knowledge.org/resource/Oran	Oran	http://yago-knowledge.org/resource/linksTo	null	http://yago-knowledge.org/resource/Kairouan	entity	Kairouan
http://yago-knowledge.org/resource/Oran	Oran	http://yago-knowledge.org/resource/linksTo	null	http://yago-knowledge.org/resource/Kenzō_Tange	entity	Kenzō Tange
http://yago-knowledge.org/resource/Oran	Oran	http://yago-knowledge.org/resource/linksTo	null	http://yago-knowledge.org/resource/Khaled_(musician)	entity	Khaled (musician)
http://yago-knowledge.org/resource/Oran	Oran	http://yago-knowledge.org/resource/linksTo	null	http://yago-knowledge.org/resource/Köppen_climate_classification	entity	Köppen climate classification
http://yago-knowledge.org/resource/Oran	Oran	http://yago-knowledge.org/resource/linksTo	null	http://yago-knowledge.org/resource/Lisbon	entity	Lisbon
http://yago-knowledge.org/resource/Oran	Oran	http://yago-knowledge.org/resource/linksTo	null	http://yago-knowledge.org/resource/Livorno	entity	Livorno
http://yago-knowledge.org/resource/Oran	Oran	http://yago-knowledge.org/resource/linksTo	null	http://yago-knowledge.org/resource/Louis_Alexis_Desmichels	entity	Louis Alexis Desmichels
http://yago-knowledge.org/resource/Oran	Oran	http://yago-knowledge.org/resource/linksTo	null	http://yago-knowledge.org/resource/Marinid_dynasty	entity	Marinid dynasty
http://yago-knowledge.org/resource/Oran	Oran	http://yago-knowledge.org/resource/linksTo	null	http://yago-knowledge.org/resource/Marseille	entity	Marseille
http://yago-knowledge.org/resource/Oran	Oran	http://yago-knowledge.org/resource/linksTo	null	http://yago-knowledge.org/resource/Mascara,_Algeria	entity	Mascara, Algeria
http://yago-knowledge.org/resource/Oran	Oran	http://yago-knowledge.org/resource/linksTo	null	http://yago-knowledge.org/resource/Mediterranean_Sea	entity	Mediterranean Sea
http://yago-knowledge.org/resource/Oran	Oran	http://yago-knowledge.org/resource/linksTo	null	http://yago-knowledge.org/resource/Mediterranean_climate	entity	Mediterranean climate
http://yago-knowledge.org/resource/Oran	Oran	http://yago-knowledge.org/resource/linksTo	null	http://yago-knowledge.org/resource/Mers_El_Hadjadj	entity	Mers El Hadjadj
http://yago-knowledge.org/resource/Oran	Oran	http://yago-knowledge.org/resource/linksTo	null	http://yago-knowledge.org/resource/Mers_El_Kébir	entity	Mers El Kébir
http://yago-knowledge.org/resource/Oran	Oran	http://yago-knowledge.org/resource/linksTo	null	http://yago-knowledge.org/resource/Miguel_de_Cervantes	entity	Miguel de Cervantes
http://yago-knowledge.org/resource/Oran	Oran	http://yago-knowledge.org/resource/linksTo	null	http://yago-knowledge.org/resource/Misserghin	entity	Misserghin
http://yago-knowledge.org/resource/Oran	Oran	http://yago-knowledge.org/resource/linksTo	null	http://yago-knowledge.org/resource/Mohammed_ash-Sheikh	entity	Mohammed ash-Sheikh
http://yago-knowledge.org/resource/Oran	Oran	http://yago-knowledge.org/resource/linksTo	null	http://yago-knowledge.org/resource/Moors	entity	Moors
http://yago-knowledge.org/resource/Oran	Oran	http://yago-knowledge.org/resource/linksTo	null	http://yago-knowledge.org/resource/Morocco	entity	Morocco
http://yago-knowledge.org/resource/Oran	Oran	http://yago-knowledge.org/resource/linksTo	null	http://yago-knowledge.org/resource/Napoleon_III	entity	Napoleon III
http://yago-knowledge.org/resource/Oran	Oran	http://yago-knowledge.org/resource/linksTo	null	http://yago-knowledge.org/resource/Nazi_Germany	entity	Nazi Germany
http://yago-knowledge.org/resource/Oran	Oran	http://yago-knowledge.org/resource/linksTo	null	http://yago-knowledge.org/resource/Nice	entity	Nice
http://yago-knowledge.org/resource/Oran	Oran	http://yago-knowledge.org/resource/linksTo	null	http://yago-knowledge.org/resource/Operation_Torch	entity	Operation Torch
http://yago-knowledge.org/resource/Oran	Oran	http://yago-knowledge.org/resource/linksTo	null	http://yago-knowledge.org/resource/Oran_(department)	entity	Oran (department)
http://yago-knowledge.org/resource/Oran	Oran	http://yago-knowledge.org/resource/linksTo	null	http://yago-knowledge.org/resource/Oran_Province	entity	Oran Province
http://yago-knowledge.org/resource/Oran	Oran	http://yago-knowledge.org/resource/linksTo	null	http://yago-knowledge.org/resource/Oran_massacre_of_1962	entity	Oran massacre of 1962
http://yago-knowledge.org/resource/Oran	Oran	http://yago-knowledge.org/resource/linksTo	null	http://yago-knowledge.org/resource/Order_of_Montesa	entity	Order of Montesa
http://yago-knowledge.org/resource/Oran	Oran	http://yago-knowledge.org/resource/linksTo	null	http://yago-knowledge.org/resource/Organisation_de_l'armée_secrète	entity	Organisation de l'armée secrète
http://yago-knowledge.org/resource/Oran	Oran	http://yago-knowledge.org/resource/linksTo	null	http://yago-knowledge.org/resource/Ottoman_Empire	entity	Ottoman Empire
http://yago-knowledge.org/resource/Oran	Oran	http://yago-knowledge.org/resource/linksTo	null	http://yago-knowledge.org/resource/Oued_Tlélat	entity	Oued Tlélat
http://yago-knowledge.org/resource/Oran	Oran	http://yago-knowledge.org/resource/linksTo	null	http://yago-knowledge.org/resource/Oujda	entity	Oujda
http://yago-knowledge.org/resource/Oran	Oran	http://yago-knowledge.org/resource/linksTo	null	http://yago-knowledge.org/resource/Paris	entity	Paris
http://yago-knowledge.org/resource/Oran	Oran	http://yago-knowledge.org/resource/linksTo	null	http://yago-knowledge.org/resource/Paul_Bowles	entity	Paul Bowles
http://yago-knowledge.org/resource/Oran	Oran	http://yago-knowledge.org/resource/linksTo	null	http://yago-knowledge.org/resource/Pedro_Navarro,_Count_of_Oliveto	entity	Pedro Navarro, Count of Oliveto
http://yago-knowledge.org/resource/Oran	Oran	http://yago-knowledge.org/resource/linksTo	null	http://yago-knowledge.org/resource/Philip_II_of_Spain	entity	Philip II of Spain
http://yago-knowledge.org/resource/Oran	Oran	http://yago-knowledge.org/resource/linksTo	null	http://yago-knowledge.org/resource/Poland	entity	Poland
http://yago-knowledge.org/resource/Oran	Oran	http://yago-knowledge.org/resource/linksTo	null	http://yago-knowledge.org/resource/Rachid_Taha	entity	Rachid Taha
http://yago-knowledge.org/resource/Oran	Oran	http://yago-knowledge.org/resource/linksTo	null	http://yago-knowledge.org/resource/Rangpur,_Bangladesh	entity	Rangpur, Bangladesh
http://yago-knowledge.org/resource/Oran	Oran	http://yago-knowledge.org/resource/linksTo	null	http://yago-knowledge.org/resource/Raï	entity	Raï
http://yago-knowledge.org/resource/Oran	Oran	http://yago-knowledge.org/resource/linksTo	null	http://yago-knowledge.org/resource/Republic_of_Venice	entity	Republic of Venice
http://yago-knowledge.org/resource/Oran	Oran	http://yago-knowledge.org/resource/linksTo	null	http://yago-knowledge.org/resource/Royal_Navy	entity	Royal Navy
http://yago-knowledge.org/resource/Oran	Oran	http://yago-knowledge.org/resource/linksTo	null	http://yago-knowledge.org/resource/Senegal	entity	Senegal
http://yago-knowledge.org/resource/Oran	Oran	http://yago-knowledge.org/resource/linksTo	null	http://yago-knowledge.org/resource/Sfax	entity	Sfax
http://yago-knowledge.org/resource/Oran	Oran	http://yago-knowledge.org/resource/linksTo	null	http://yago-knowledge.org/resource/Sidi_El_Houari	entity	Sidi El Houari
http://yago-knowledge.org/resource/Oran	Oran	http://yago-knowledge.org/resource/linksTo	null	http://yago-knowledge.org/resource/Sonatrach	entity	Sonatrach
http://yago-knowledge.org/resource/Oran	Oran	http://yago-knowledge.org/resource/linksTo	null	http://yago-knowledge.org/resource/Souk_Ahras	entity	Souk Ahras
http://yago-knowledge.org/resource/Oran	Oran	http://yago-knowledge.org/resource/linksTo	null	http://yago-knowledge.org/resource/South_Africa	entity	South Africa
http://yago-knowledge.org/resource/Oran	Oran	http://yago-knowledge.org/resource/linksTo	null	http://yago-knowledge.org/resource/Spain	entity	Spain
http://yago-knowledge.org/resource/Oran	Oran	http://yago-knowledge.org/resource/linksTo	null	http://yago-knowledge.org/resource/Spanish_language	entity	Spanish language
http://yago-knowledge.org/resource/Oran	Oran	http://yago-knowledge.org/resource/linksTo	null	http://yago-knowledge.org/resource/Sète	entity	Sète
http://yago-knowledge.org/resource/Oran	Oran	http://yago-knowledge.org/resource/linksTo	null	http://yago-knowledge.org/resource/Tafraoui	entity	Tafraoui
http://yago-knowledge.org/resource/Oran	Oran	http://yago-knowledge.org/resource/linksTo	null	http://yago-knowledge.org/resource/Tashfin_ibn_Ali	entity	Tashfin ibn Ali
http://yago-knowledge.org/resource/Oran	Oran	http://yago-knowledge.org/resource/linksTo	null	http://yago-knowledge.org/resource/The_Plague	entity	The Plague
http://yago-knowledge.org/resource/Oran	Oran	http://yago-knowledge.org/resource/linksTo	null	http://yago-knowledge.org/resource/The_Sheltering_Sky	entity	The Sheltering Sky
http://yago-knowledge.org/resource/Oran	Oran	http://yago-knowledge.org/resource/linksTo	null	http://yago-knowledge.org/resource/Thomas_Robert_Bugeaud	entity	Thomas Robert Bugeaud
http://yago-knowledge.org/resource/Oran	Oran	http://yago-knowledge.org/resource/linksTo	null	http://yago-knowledge.org/resource/Tlemcen	entity	Tlemcen
http://yago-knowledge.org/resource/Oran	Oran	http://yago-knowledge.org/resource/linksTo	null	http://yago-knowledge.org/resource/Treaty_of_Tafna	entity	Treaty of Tafna
http://yago-knowledge.org/resource/Oran	Oran	http://yago-knowledge.org/resource/linksTo	null	http://yago-knowledge.org/resource/Tunisia	entity	Tunisia
http://yago-knowledge.org/resource/Oran	Oran	http://yago-knowledge.org/resource/linksTo	null	http://yago-knowledge.org/resource/United_Kingdom	entity	United Kingdom
http://yago-knowledge.org/resource/Oran	Oran	http://yago-knowledge.org/resource/linksTo	null	http://yago-knowledge.org/resource/United_Nations	entity	United Nations
http://yago-knowledge.org/resource/Oran	Oran	http://yago-knowledge.org/resource/linksTo	null	http://yago-knowledge.org/resource/Vichy_France	entity	Vichy France
http://yago-knowledge.org/resource/Oran	Oran	http://yago-knowledge.org/resource/linksTo	null	http://yago-knowledge.org/resource/Wali	entity	Wali
http://yago-knowledge.org/resource/Oran	Oran	http://yago-knowledge.org/resource/linksTo	null	http://yago-knowledge.org/resource/World_Meteorological_Organization	entity	World Meteorological Organization
http://yago-knowledge.org/resource/Oran	Oran	http://yago-knowledge.org/resource/linksTo	null	http://yago-knowledge.org/resource/World_War_II	entity	World War II
http://yago-knowledge.org/resource/Oran	Oran	http://yago-knowledge.org/resource/linksTo	null	http://yago-knowledge.org/resource/Year_of_Wonders	entity	Year of Wonders
http://yago-knowledge.org/resource/Oran	Oran	http://yago-knowledge.org/resource/linksTo	null	http://yago-knowledge.org/resource/Zarqa	entity	Zarqa
http://yago-knowledge.org/resource/Oran	Oran	http://yago-knowledge.org/resource/linksTo	null	http://yago-knowledge.org/resource/Zenata	entity	Zenata
http://yago-knowledge.org/resource/Oran	Oran	http://yago-knowledge.org/resource/linksTo	null	http://yago-knowledge.org/resource/Álvaro_de_Bazán,_1st_Marquis_of_Santa_Cruz	entity	Álvaro de Bazán, 1st Marquis of Santa Cruz
http://yago-knowledge.org/resource/Oran	Oran	http://yago-knowledge.org/resource/owns	subOrganization	http://yago-knowledge.org/resource/Stade_Ahmed_Zabana	entity	Stade Ahmed Zabana
http://yago-knowledge.org/resource/Oran	Oran	http://yago-knowledge.org/resource/owns	subOrganization	http://yago-knowledge.org/resource/Stade_Habib_Bouakeul	entity	Stade Habib Bouakeul
http://yago-knowledge.org/resource/Oran	Oran	http://yago-knowledge.org/resource/redirectedFrom	null	History of Oran	http://www.w3.org/1999/02/22-rdf-syntax-ns#langString	
http://yago-knowledge.org/resource/Oran	Oran	http://yago-knowledge.org/resource/redirectedFrom	null	Oram, Algeria	http://www.w3.org/1999/02/22-rdf-syntax-ns#langString	
http://yago-knowledge.org/resource/Oran	Oran	http://yago-knowledge.org/resource/redirectedFrom	null	Oran, Algeria	http://www.w3.org/1999/02/22-rdf-syntax-ns#langString	
http://yago-knowledge.org/resource/Oran	Oran	http://yago-knowledge.org/resource/redirectedFrom	null	Wahran	http://www.w3.org/1999/02/22-rdf-syntax-ns#langString	
http://yago-knowledge.org/resource/Oran	Oran	http://yago-knowledge.org/resource/wasCreatedOnDate	startDate	944-01-01	http://www.w3.org/2001/XMLSchema#date	
