sub	subl	prop	propl	obj	obj_t	obj_l
http://rdf.freebase.com/ns/m.012gg6	Oran	http://rdf.freebase.com/key/base.dspl.un.population.city_proper	city_proper	000470	http://www.w3.org/2001/XMLSchema#string	
http://rdf.freebase.com/ns/m.012gg6	Oran	http://rdf.freebase.com/key/en	com/key/en	oran	http://www.w3.org/2001/XMLSchema#string	
http://rdf.freebase.com/ns/m.012gg6	Oran	http://rdf.freebase.com/key/user.avh.ellerdale	ellerdale	009a-7440	http://www.w3.org/2001/XMLSchema#string	
http://rdf.freebase.com/ns/m.012gg6	Oran	http://rdf.freebase.com/key/user.metaweb.datasource.geonames	geonames	2485926	http://www.w3.org/2001/XMLSchema#string	
http://rdf.freebase.com/ns/m.012gg6	Oran	http://rdf.freebase.com/key/wikipedia.en	en	History_of_Oran	http://www.w3.org/2001/XMLSchema#string	
http://rdf.freebase.com/ns/m.012gg6	Oran	http://rdf.freebase.com/key/wikipedia.en	en	Oram,_Algeria	http://www.w3.org/2001/XMLSchema#string	
http://rdf.freebase.com/ns/m.012gg6	Oran	http://rdf.freebase.com/key/wikipedia.en	en	Oran	http://www.w3.org/2001/XMLSchema#string	
http://rdf.freebase.com/ns/m.012gg6	Oran	http://rdf.freebase.com/key/wikipedia.en	en	Oran,_Algeria	http://www.w3.org/2001/XMLSchema#string	
http://rdf.freebase.com/ns/m.012gg6	Oran	http://rdf.freebase.com/key/wikipedia.en	en	Wahran	http://www.w3.org/2001/XMLSchema#string	
http://rdf.freebase.com/ns/m.012gg6	Oran	http://rdf.freebase.com/key/wikipedia.en_id	en_id	145335	http://www.w3.org/2001/XMLSchema#string	
http://rdf.freebase.com/ns/m.012gg6	Oran	http://rdf.freebase.com/key/wikipedia.en_title	en_title	Oran	http://www.w3.org/2001/XMLSchema#string	
http://rdf.freebase.com/ns/m.012gg6	Oran	http://rdf.freebase.com/ns/common.topic.alias	Also known as	Departement D' Oran	http://www.w3.org/1999/02/22-rdf-syntax-ns#langString	
http://rdf.freebase.com/ns/m.012gg6	Oran	http://rdf.freebase.com/ns/common.topic.alias	Also known as	Departement D’ Oran	http://www.w3.org/1999/02/22-rdf-syntax-ns#langString	
http://rdf.freebase.com/ns/m.012gg6	Oran	http://rdf.freebase.com/ns/common.topic.alias	Also known as	Departementdoran	http://www.w3.org/1999/02/22-rdf-syntax-ns#langString	
http://rdf.freebase.com/ns/m.012gg6	Oran	http://rdf.freebase.com/ns/common.topic.alias	Also known as	Oran, Algeria	http://www.w3.org/1999/02/22-rdf-syntax-ns#langString	
http://rdf.freebase.com/ns/m.012gg6	Oran	http://rdf.freebase.com/ns/common.topic.alias	Also known as	Wilaya D' Oran	http://www.w3.org/1999/02/22-rdf-syntax-ns#langString	
http://rdf.freebase.com/ns/m.012gg6	Oran	http://rdf.freebase.com/ns/common.topic.alias	Also known as	Wilaya D’ Oran	http://www.w3.org/1999/02/22-rdf-syntax-ns#langString	
http://rdf.freebase.com/ns/m.012gg6	Oran	http://rdf.freebase.com/ns/common.topic.alias	Also known as	Wilayadoran	http://www.w3.org/1999/02/22-rdf-syntax-ns#langString	
http://rdf.freebase.com/ns/m.012gg6	Oran	http://rdf.freebase.com/ns/common.topic.article	Article	Oran (Arabic: وهران‎, Wahrān) is a major city on the northwestern Mediterranean coast of Algeria, and the second largest city of the country. It is the capital of the Oran Province (wilaya). The city has a population of 759,645 (2008), while the metropolitan area has a population of approximately 1,500,000, making it the second largest city in Algeria. Oran is a major port, and since the 1960s has been the commercial, industrial, and educational centre of western Algeria. Oran was founded in 903 by Moorish Andalusi traders but was captured by the Spanish under Cardinal Cisneros in 1509. Spanish sovereignty lasted until 1708, when the city was conquered by the Ottomans. Spain recaptured the city in 1732. However, its value as a trading post had decreased greatly, so King Charles IV sold the city to the Turks in 1792. Ottoman rule lasted until 1831, when it fell to the French. During French rule over Algeria, Oran was the capital of a département of the same name (number 92). In July 1940, the British navy shelled French warships in the port after they refused a British ultimatum to surrender which was designed to ensure the fleet would not fall into German hands. The action	http://www.w3.org/1999/02/22-rdf-syntax-ns#langString	
http://rdf.freebase.com/ns/m.012gg6	Oran	http://rdf.freebase.com/ns/common.topic.description	Description	Oran is a major city on the northwestern Mediterranean coast of Algeria, and the second largest city of the country. It is closely associated with its neighboring city, Aïn Témouchent. Located near the north-western corner of Algeria, 432 kilometres from the capital Algiers, it is a major port and the commercial, industrial, and educational centre of western Algeria. It is the capital of the Oran Province. The city has a population of 759,645, while the metropolitan area has a population of approximately 1,500,000, making it the second largest city in Algeria. It seems that the name "Wahran" is derived from the Berber word "uharu". The legend says that at the time, there were still lions in the area. The last two lions were hunted on a mountain near Oran and are elsewhere referred to as "mountain lions".	http://www.w3.org/1999/02/22-rdf-syntax-ns#langString	
http://rdf.freebase.com/ns/m.012gg6	Oran	http://rdf.freebase.com/ns/common.topic.image	Image	http://rdf.freebase.com/ns/m.029fb92	entity	View of Oran
http://rdf.freebase.com/ns/m.012gg6	Oran	http://rdf.freebase.com/ns/common.topic.image	Image	http://rdf.freebase.com/ns/m.03rwqjm	entity	Oran facade maritime
http://rdf.freebase.com/ns/m.012gg6	Oran	http://rdf.freebase.com/ns/common.topic.notable_for	Notable for	City/Town/Village	http://www.w3.org/1999/02/22-rdf-syntax-ns#langString	
http://rdf.freebase.com/ns/m.012gg6	Oran	http://rdf.freebase.com/ns/common.topic.notable_types	Notable types	http://rdf.freebase.com/ns/m.01m9	entity	City/Town/Village
http://rdf.freebase.com/ns/m.012gg6	Oran	http://rdf.freebase.com/ns/common.topic.topic_equivalent_webpage	Topic equivalent webpage	http://ar.wikipedia.org/wiki/%48%47%31%27%46	uri	null
http://rdf.freebase.com/ns/m.012gg6	Oran	http://rdf.freebase.com/ns/common.topic.topic_equivalent_webpage	Topic equivalent webpage	http://ar.wikipedia.org/wiki/index.html?curid=1862	uri	null
http://rdf.freebase.com/ns/m.012gg6	Oran	http://rdf.freebase.com/ns/common.topic.topic_equivalent_webpage	Topic equivalent webpage	http://bg.wikipedia.org/wiki/%1E%40%30%3D_(%33%40%30%34)	uri	null
http://rdf.freebase.com/ns/m.012gg6	Oran	http://rdf.freebase.com/ns/common.topic.topic_equivalent_webpage	Topic equivalent webpage	http://bg.wikipedia.org/wiki/index.html?curid=122006	uri	null
http://rdf.freebase.com/ns/m.012gg6	Oran	http://rdf.freebase.com/ns/common.topic.topic_equivalent_webpage	Topic equivalent webpage	http://ca.wikipedia.org/wiki/Or%E0	uri	null
http://rdf.freebase.com/ns/m.012gg6	Oran	http://rdf.freebase.com/ns/common.topic.topic_equivalent_webpage	Topic equivalent webpage	http://ca.wikipedia.org/wiki/index.html?curid=37742	uri	null
http://rdf.freebase.com/ns/m.012gg6	Oran	http://rdf.freebase.com/ns/common.topic.topic_equivalent_webpage	Topic equivalent webpage	http://cs.wikipedia.org/wiki/Oran	uri	null
http://rdf.freebase.com/ns/m.012gg6	Oran	http://rdf.freebase.com/ns/common.topic.topic_equivalent_webpage	Topic equivalent webpage	http://cs.wikipedia.org/wiki/index.html?curid=209761	uri	null
http://rdf.freebase.com/ns/m.012gg6	Oran	http://rdf.freebase.com/ns/common.topic.topic_equivalent_webpage	Topic equivalent webpage	http://da.wikipedia.org/wiki/Oran	uri	null
http://rdf.freebase.com/ns/m.012gg6	Oran	http://rdf.freebase.com/ns/common.topic.topic_equivalent_webpage	Topic equivalent webpage	http://da.wikipedia.org/wiki/index.html?curid=278211	uri	null
http://rdf.freebase.com/ns/m.012gg6	Oran	http://rdf.freebase.com/ns/common.topic.topic_equivalent_webpage	Topic equivalent webpage	http://de.wikipedia.org/wiki/Oran	uri	null
http://rdf.freebase.com/ns/m.012gg6	Oran	http://rdf.freebase.com/ns/common.topic.topic_equivalent_webpage	Topic equivalent webpage	http://de.wikipedia.org/wiki/index.html?curid=167622	uri	null
http://rdf.freebase.com/ns/m.012gg6	Oran	http://rdf.freebase.com/ns/common.topic.topic_equivalent_webpage	Topic equivalent webpage	http://el.wikipedia.org/wiki/%9F%C1%AC%BD	uri	null
http://rdf.freebase.com/ns/m.012gg6	Oran	http://rdf.freebase.com/ns/common.topic.topic_equivalent_webpage	Topic equivalent webpage	http://el.wikipedia.org/wiki/index.html?curid=328993	uri	null
http://rdf.freebase.com/ns/m.012gg6	Oran	http://rdf.freebase.com/ns/common.topic.topic_equivalent_webpage	Topic equivalent webpage	http://en.wikipedia.org/wiki/Oran	uri	null
http://rdf.freebase.com/ns/m.012gg6	Oran	http://rdf.freebase.com/ns/common.topic.topic_equivalent_webpage	Topic equivalent webpage	http://en.wikipedia.org/wiki/index.html?curid=145335	uri	null
http://rdf.freebase.com/ns/m.012gg6	Oran	http://rdf.freebase.com/ns/common.topic.topic_equivalent_webpage	Topic equivalent webpage	http://es.wikipedia.org/wiki/Or%E1n	uri	null
http://rdf.freebase.com/ns/m.012gg6	Oran	http://rdf.freebase.com/ns/common.topic.topic_equivalent_webpage	Topic equivalent webpage	http://es.wikipedia.org/wiki/index.html?curid=229040	uri	null
http://rdf.freebase.com/ns/m.012gg6	Oran	http://rdf.freebase.com/ns/common.topic.topic_equivalent_webpage	Topic equivalent webpage	http://et.wikipedia.org/wiki/Oran	uri	null
http://rdf.freebase.com/ns/m.012gg6	Oran	http://rdf.freebase.com/ns/common.topic.topic_equivalent_webpage	Topic equivalent webpage	http://et.wikipedia.org/wiki/index.html?curid=50145	uri	null
http://rdf.freebase.com/ns/m.012gg6	Oran	http://rdf.freebase.com/ns/common.topic.topic_equivalent_webpage	Topic equivalent webpage	http://fa.wikipedia.org/wiki/%48%47%31%27%46%0C_%27%44%2C%32%27%CC%31	uri	null
http://rdf.freebase.com/ns/m.012gg6	Oran	http://rdf.freebase.com/ns/common.topic.topic_equivalent_webpage	Topic equivalent webpage	http://fa.wikipedia.org/wiki/index.html?curid=7407	uri	null
http://rdf.freebase.com/ns/m.012gg6	Oran	http://rdf.freebase.com/ns/common.topic.topic_equivalent_webpage	Topic equivalent webpage	http://fi.wikipedia.org/wiki/Oran	uri	null
http://rdf.freebase.com/ns/m.012gg6	Oran	http://rdf.freebase.com/ns/common.topic.topic_equivalent_webpage	Topic equivalent webpage	http://fi.wikipedia.org/wiki/index.html?curid=45422	uri	null
http://rdf.freebase.com/ns/m.012gg6	Oran	http://rdf.freebase.com/ns/common.topic.topic_equivalent_webpage	Topic equivalent webpage	http://fr.wikipedia.org/wiki/Oran	uri	null
http://rdf.freebase.com/ns/m.012gg6	Oran	http://rdf.freebase.com/ns/common.topic.topic_equivalent_webpage	Topic equivalent webpage	http://fr.wikipedia.org/wiki/index.html?curid=50961	uri	null
http://rdf.freebase.com/ns/m.012gg6	Oran	http://rdf.freebase.com/ns/common.topic.topic_equivalent_webpage	Topic equivalent webpage	http://he.wikipedia.org/wiki/%D0%D5%E8%D0%DF	uri	null
http://rdf.freebase.com/ns/m.012gg6	Oran	http://rdf.freebase.com/ns/common.topic.topic_equivalent_webpage	Topic equivalent webpage	http://he.wikipedia.org/wiki/index.html?curid=87721	uri	null
http://rdf.freebase.com/ns/m.012gg6	Oran	http://rdf.freebase.com/ns/common.topic.topic_equivalent_webpage	Topic equivalent webpage	http://hr.wikipedia.org/wiki/Oran	uri	null
http://rdf.freebase.com/ns/m.012gg6	Oran	http://rdf.freebase.com/ns/common.topic.topic_equivalent_webpage	Topic equivalent webpage	http://hr.wikipedia.org/wiki/index.html?curid=47408	uri	null
http://rdf.freebase.com/ns/m.012gg6	Oran	http://rdf.freebase.com/ns/common.topic.topic_equivalent_webpage	Topic equivalent webpage	http://hu.wikipedia.org/wiki/Or%E1n	uri	null
http://rdf.freebase.com/ns/m.012gg6	Oran	http://rdf.freebase.com/ns/common.topic.topic_equivalent_webpage	Topic equivalent webpage	http://hu.wikipedia.org/wiki/index.html?curid=60989	uri	null
http://rdf.freebase.com/ns/m.012gg6	Oran	http://rdf.freebase.com/ns/common.topic.topic_equivalent_webpage	Topic equivalent webpage	http://id.wikipedia.org/wiki/Oran	uri	null
http://rdf.freebase.com/ns/m.012gg6	Oran	http://rdf.freebase.com/ns/common.topic.topic_equivalent_webpage	Topic equivalent webpage	http://id.wikipedia.org/wiki/index.html?curid=40286	uri	null
http://rdf.freebase.com/ns/m.012gg6	Oran	http://rdf.freebase.com/ns/common.topic.topic_equivalent_webpage	Topic equivalent webpage	http://it.wikipedia.org/wiki/Orano	uri	null
http://rdf.freebase.com/ns/m.012gg6	Oran	http://rdf.freebase.com/ns/common.topic.topic_equivalent_webpage	Topic equivalent webpage	http://it.wikipedia.org/wiki/index.html?curid=330805	uri	null
http://rdf.freebase.com/ns/m.012gg6	Oran	http://rdf.freebase.com/ns/common.topic.topic_equivalent_webpage	Topic equivalent webpage	http://ja.wikipedia.org/wiki/%AA%E9%F3	uri	null
http://rdf.freebase.com/ns/m.012gg6	Oran	http://rdf.freebase.com/ns/common.topic.topic_equivalent_webpage	Topic equivalent webpage	http://ja.wikipedia.org/wiki/index.html?curid=904312	uri	null
http://rdf.freebase.com/ns/m.012gg6	Oran	http://rdf.freebase.com/ns/common.topic.topic_equivalent_webpage	Topic equivalent webpage	http://ko.wikipedia.org/wiki/%24%91	uri	null
http://rdf.freebase.com/ns/m.012gg6	Oran	http://rdf.freebase.com/ns/common.topic.topic_equivalent_webpage	Topic equivalent webpage	http://ko.wikipedia.org/wiki/index.html?curid=323627	uri	null
http://rdf.freebase.com/ns/m.012gg6	Oran	http://rdf.freebase.com/ns/common.topic.topic_equivalent_webpage	Topic equivalent webpage	http://lt.wikipedia.org/wiki/Oranas	uri	null
http://rdf.freebase.com/ns/m.012gg6	Oran	http://rdf.freebase.com/ns/common.topic.topic_equivalent_webpage	Topic equivalent webpage	http://lt.wikipedia.org/wiki/index.html?curid=65105	uri	null
http://rdf.freebase.com/ns/m.012gg6	Oran	http://rdf.freebase.com/ns/common.topic.topic_equivalent_webpage	Topic equivalent webpage	http://lv.wikipedia.org/wiki/Or%01na	uri	null
http://rdf.freebase.com/ns/m.012gg6	Oran	http://rdf.freebase.com/ns/common.topic.topic_equivalent_webpage	Topic equivalent webpage	http://lv.wikipedia.org/wiki/index.html?curid=236523	uri	null
http://rdf.freebase.com/ns/m.012gg6	Oran	http://rdf.freebase.com/ns/common.topic.topic_equivalent_webpage	Topic equivalent webpage	http://ms.wikipedia.org/wiki/Oran,_Algeria	uri	null
http://rdf.freebase.com/ns/m.012gg6	Oran	http://rdf.freebase.com/ns/common.topic.topic_equivalent_webpage	Topic equivalent webpage	http://ms.wikipedia.org/wiki/index.html?curid=41482	uri	null
http://rdf.freebase.com/ns/m.012gg6	Oran	http://rdf.freebase.com/ns/common.topic.topic_equivalent_webpage	Topic equivalent webpage	http://nl.wikipedia.org/wiki/Oran_(stad_in_Algerije)	uri	null
http://rdf.freebase.com/ns/m.012gg6	Oran	http://rdf.freebase.com/ns/common.topic.topic_equivalent_webpage	Topic equivalent webpage	http://nl.wikipedia.org/wiki/index.html?curid=28755	uri	null
http://rdf.freebase.com/ns/m.012gg6	Oran	http://rdf.freebase.com/ns/common.topic.topic_equivalent_webpage	Topic equivalent webpage	http://no.wikipedia.org/wiki/Oran	uri	null
http://rdf.freebase.com/ns/m.012gg6	Oran	http://rdf.freebase.com/ns/common.topic.topic_equivalent_webpage	Topic equivalent webpage	http://no.wikipedia.org/wiki/index.html?curid=122305	uri	null
http://rdf.freebase.com/ns/m.012gg6	Oran	http://rdf.freebase.com/ns/common.topic.topic_equivalent_webpage	Topic equivalent webpage	http://pl.wikipedia.org/wiki/Oran	uri	null
http://rdf.freebase.com/ns/m.012gg6	Oran	http://rdf.freebase.com/ns/common.topic.topic_equivalent_webpage	Topic equivalent webpage	http://pl.wikipedia.org/wiki/index.html?curid=395217	uri	null
http://rdf.freebase.com/ns/m.012gg6	Oran	http://rdf.freebase.com/ns/common.topic.topic_equivalent_webpage	Topic equivalent webpage	http://pt.wikipedia.org/wiki/Or%E3	uri	null
http://rdf.freebase.com/ns/m.012gg6	Oran	http://rdf.freebase.com/ns/common.topic.topic_equivalent_webpage	Topic equivalent webpage	http://pt.wikipedia.org/wiki/index.html?curid=105810	uri	null
http://rdf.freebase.com/ns/m.012gg6	Oran	http://rdf.freebase.com/ns/common.topic.topic_equivalent_webpage	Topic equivalent webpage	http://ro.wikipedia.org/wiki/Oran_(ora%19)	uri	null
http://rdf.freebase.com/ns/m.012gg6	Oran	http://rdf.freebase.com/ns/common.topic.topic_equivalent_webpage	Topic equivalent webpage	http://ro.wikipedia.org/wiki/index.html?curid=174886	uri	null
http://rdf.freebase.com/ns/m.012gg6	Oran	http://rdf.freebase.com/ns/common.topic.topic_equivalent_webpage	Topic equivalent webpage	http://ru.wikipedia.org/wiki/%1E%40%30%3D	uri	null
http://rdf.freebase.com/ns/m.012gg6	Oran	http://rdf.freebase.com/ns/common.topic.topic_equivalent_webpage	Topic equivalent webpage	http://ru.wikipedia.org/wiki/index.html?curid=511664	uri	null
http://rdf.freebase.com/ns/m.012gg6	Oran	http://rdf.freebase.com/ns/common.topic.topic_equivalent_webpage	Topic equivalent webpage	http://sk.wikipedia.org/wiki/Oran	uri	null
http://rdf.freebase.com/ns/m.012gg6	Oran	http://rdf.freebase.com/ns/common.topic.topic_equivalent_webpage	Topic equivalent webpage	http://sk.wikipedia.org/wiki/index.html?curid=466042	uri	null
http://rdf.freebase.com/ns/m.012gg6	Oran	http://rdf.freebase.com/ns/common.topic.topic_equivalent_webpage	Topic equivalent webpage	http://sr.wikipedia.org/wiki/%1E%40%30%3D	uri	null
http://rdf.freebase.com/ns/m.012gg6	Oran	http://rdf.freebase.com/ns/common.topic.topic_equivalent_webpage	Topic equivalent webpage	http://sr.wikipedia.org/wiki/index.html?curid=80242	uri	null
http://rdf.freebase.com/ns/m.012gg6	Oran	http://rdf.freebase.com/ns/common.topic.topic_equivalent_webpage	Topic equivalent webpage	http://sv.wikipedia.org/wiki/Oran	uri	null
http://rdf.freebase.com/ns/m.012gg6	Oran	http://rdf.freebase.com/ns/common.topic.topic_equivalent_webpage	Topic equivalent webpage	http://sv.wikipedia.org/wiki/index.html?curid=280448	uri	null
http://rdf.freebase.com/ns/m.012gg6	Oran	http://rdf.freebase.com/ns/common.topic.topic_equivalent_webpage	Topic equivalent webpage	http://th.wikipedia.org/wiki/%2D%2D%23%32%19	uri	null
http://rdf.freebase.com/ns/m.012gg6	Oran	http://rdf.freebase.com/ns/common.topic.topic_equivalent_webpage	Topic equivalent webpage	http://th.wikipedia.org/wiki/index.html?curid=446440	uri	null
http://rdf.freebase.com/ns/m.012gg6	Oran	http://rdf.freebase.com/ns/common.topic.topic_equivalent_webpage	Topic equivalent webpage	http://tr.wikipedia.org/wiki/Vahran,_Cezayir	uri	null
http://rdf.freebase.com/ns/m.012gg6	Oran	http://rdf.freebase.com/ns/common.topic.topic_equivalent_webpage	Topic equivalent webpage	http://tr.wikipedia.org/wiki/index.html?curid=209044	uri	null
http://rdf.freebase.com/ns/m.012gg6	Oran	http://rdf.freebase.com/ns/common.topic.topic_equivalent_webpage	Topic equivalent webpage	http://uk.wikipedia.org/wiki/%1E%40%30%3D	uri	null
http://rdf.freebase.com/ns/m.012gg6	Oran	http://rdf.freebase.com/ns/common.topic.topic_equivalent_webpage	Topic equivalent webpage	http://uk.wikipedia.org/wiki/index.html?curid=515340	uri	null
http://rdf.freebase.com/ns/m.012gg6	Oran	http://rdf.freebase.com/ns/common.topic.topic_equivalent_webpage	Topic equivalent webpage	http://vi.wikipedia.org/wiki/Oran	uri	null
http://rdf.freebase.com/ns/m.012gg6	Oran	http://rdf.freebase.com/ns/common.topic.topic_equivalent_webpage	Topic equivalent webpage	http://vi.wikipedia.org/wiki/index.html?curid=94741	uri	null
http://rdf.freebase.com/ns/m.012gg6	Oran	http://rdf.freebase.com/ns/common.topic.topic_equivalent_webpage	Topic equivalent webpage	http://www.geonames.org/2485926/	uri	null
http://rdf.freebase.com/ns/m.012gg6	Oran	http://rdf.freebase.com/ns/common.topic.topic_equivalent_webpage	Topic equivalent webpage	http://zh.wikipedia.org/wiki/index.html?curid=293769	uri	null
http://rdf.freebase.com/ns/m.012gg6	Oran	http://rdf.freebase.com/ns/common.topic.topic_equivalent_webpage	Topic equivalent webpage	http://zh.wikipedia.org/zh-cn/%E6%6B%2D	uri	null
http://rdf.freebase.com/ns/m.012gg6	Oran	http://rdf.freebase.com/ns/common.topic.topic_equivalent_webpage	Topic equivalent webpage	http://zh.wikipedia.org/zh-tw/%E6%6B%2D	uri	null
http://rdf.freebase.com/ns/m.012gg6	Oran	http://rdf.freebase.com/ns/kg.object_profile.prominent_type	prominent type	http://rdf.freebase.com/ns/location.citytown	entity	City/Town/Village
http://rdf.freebase.com/ns/m.012gg6	Oran	http://rdf.freebase.com/ns/location.location.area	Area	2121.0	http://www.w3.org/2001/XMLSchema#string	
http://rdf.freebase.com/ns/m.012gg6	Oran	http://rdf.freebase.com/ns/location.location.containedby	Contained by	http://rdf.freebase.com/ns/m.09vs2l	entity	Oran Province
http://rdf.freebase.com/ns/m.012gg6	Oran	http://rdf.freebase.com/ns/location.location.containedby	Contained by	http://rdf.freebase.com/ns/m.0dg3n1	entity	Africa
http://rdf.freebase.com/ns/m.012gg6	Oran	http://rdf.freebase.com/ns/location.location.containedby	Contained by	http://rdf.freebase.com/ns/m.0h3y	entity	Algeria
http://rdf.freebase.com/ns/m.012gg6	Oran	http://rdf.freebase.com/ns/location.location.contains	Contains	http://rdf.freebase.com/ns/m.04m_cdg	entity	University of Oran
http://rdf.freebase.com/ns/m.012gg6	Oran	http://rdf.freebase.com/ns/location.location.contains	Contains	http://rdf.freebase.com/ns/m.09s7z3	entity	Stade Ahmed Zabana
http://rdf.freebase.com/ns/m.012gg6	Oran	http://rdf.freebase.com/ns/location.location.contains	Contains	http://rdf.freebase.com/ns/m.0gkzpxf	entity	Sheraton Oran Hotel and Towers
http://rdf.freebase.com/ns/m.012gg6	Oran	http://rdf.freebase.com/ns/location.location.contains	Contains	http://rdf.freebase.com/ns/m.0wfjwt3	entity	Cite Jeanne D'Arc
http://rdf.freebase.com/ns/m.012gg6	Oran	http://rdf.freebase.com/ns/location.location.contains	Contains	http://rdf.freebase.com/ns/m.0z81__g	entity	Bahia Center 3
http://rdf.freebase.com/ns/m.012gg6	Oran	http://rdf.freebase.com/ns/location.location.contains	Contains	http://rdf.freebase.com/ns/m.0z81_mf	entity	Bahia Center 1
http://rdf.freebase.com/ns/m.012gg6	Oran	http://rdf.freebase.com/ns/location.location.contains	Contains	http://rdf.freebase.com/ns/m.0z81_tg	entity	Bahia Center 2
http://rdf.freebase.com/ns/m.012gg6	Oran	http://rdf.freebase.com/ns/location.location.contains	Contains	http://rdf.freebase.com/ns/m.0z8208k	entity	Bahia Center 4
http://rdf.freebase.com/ns/m.012gg6	Oran	http://rdf.freebase.com/ns/location.location.events	Events	http://rdf.freebase.com/ns/m.02yscz	entity	Attack on Mers-el-Kébir
http://rdf.freebase.com/ns/m.012gg6	Oran	http://rdf.freebase.com/ns/location.location.events	Events	http://rdf.freebase.com/ns/m.0c3ws1r	entity	Sieges of Oran and Mers El Kébir
http://rdf.freebase.com/ns/m.012gg6	Oran	http://rdf.freebase.com/ns/location.location.events	Events	http://rdf.freebase.com/ns/m.0gk__gs	entity	Spanish expedition to Oran
http://rdf.freebase.com/ns/m.012gg6	Oran	http://rdf.freebase.com/ns/location.location.events	Events	http://rdf.freebase.com/ns/m.0gmdtzp	entity	Battle of El-Moungar
http://rdf.freebase.com/ns/m.012gg6	Oran	http://rdf.freebase.com/ns/location.location.events	Events	http://rdf.freebase.com/ns/m.0ll4mpn	entity	1960 World Men's Military Cup
http://rdf.freebase.com/ns/m.012gg6	Oran	http://rdf.freebase.com/ns/location.location.nearby_airports	Nearby airports	http://rdf.freebase.com/ns/m.0266n52	entity	Oran Es Sénia Airport
http://rdf.freebase.com/ns/m.012gg6	Oran	http://rdf.freebase.com/ns/location.location.nearby_airports	Nearby airports	http://rdf.freebase.com/ns/m.06zpjnl	entity	Oran Tafraoui Airport
http://rdf.freebase.com/ns/m.012gg6	Oran	http://rdf.freebase.com/ns/location.location.people_born_here	People born here	http://rdf.freebase.com/ns/m.011f2hys	entity	Kaddour Beldjilali
http://rdf.freebase.com/ns/m.012gg6	Oran	http://rdf.freebase.com/ns/location.location.people_born_here	People born here	http://rdf.freebase.com/ns/m.012fs4	entity	Yves Saint Laurent
http://rdf.freebase.com/ns/m.012gg6	Oran	http://rdf.freebase.com/ns/location.location.people_born_here	People born here	http://rdf.freebase.com/ns/m.012w5c3p	entity	Mohammed Benkhemassa
http://rdf.freebase.com/ns/m.012gg6	Oran	http://rdf.freebase.com/ns/location.location.people_born_here	People born here	http://rdf.freebase.com/ns/m.012zty0p	entity	Zinedine Hameur-Lain
http://rdf.freebase.com/ns/m.012gg6	Oran	http://rdf.freebase.com/ns/location.location.people_born_here	People born here	http://rdf.freebase.com/ns/m.013f7zv7	entity	Houcine Benayada
http://rdf.freebase.com/ns/m.012gg6	Oran	http://rdf.freebase.com/ns/location.location.people_born_here	People born here	http://rdf.freebase.com/ns/m.016k0j	entity	Hélène Cixous
http://rdf.freebase.com/ns/m.012gg6	Oran	http://rdf.freebase.com/ns/location.location.people_born_here	People born here	http://rdf.freebase.com/ns/m.01j0s0s	entity	Étienne Daho
http://rdf.freebase.com/ns/m.012gg6	Oran	http://rdf.freebase.com/ns/location.location.people_born_here	People born here	http://rdf.freebase.com/ns/m.01nlm1y	entity	Cheb Hasni
http://rdf.freebase.com/ns/m.012gg6	Oran	http://rdf.freebase.com/ns/location.location.people_born_here	People born here	http://rdf.freebase.com/ns/m.01q7n82	entity	Louis Bertignac
http://rdf.freebase.com/ns/m.012gg6	Oran	http://rdf.freebase.com/ns/location.location.people_born_here	People born here	http://rdf.freebase.com/ns/m.01wvxrj	entity	Fadela
http://rdf.freebase.com/ns/m.012gg6	Oran	http://rdf.freebase.com/ns/location.location.people_born_here	People born here	http://rdf.freebase.com/ns/m.01wyxkv	entity	Marie France
http://rdf.freebase.com/ns/m.012gg6	Oran	http://rdf.freebase.com/ns/location.location.people_born_here	People born here	http://rdf.freebase.com/ns/m.026swnb	entity	Noureddine Daham
http://rdf.freebase.com/ns/m.012gg6	Oran	http://rdf.freebase.com/ns/location.location.people_born_here	People born here	http://rdf.freebase.com/ns/m.026x4l7	entity	Adil Hadi bin Hamlili
http://rdf.freebase.com/ns/m.012gg6	Oran	http://rdf.freebase.com/ns/location.location.people_born_here	People born here	http://rdf.freebase.com/ns/m.026y3rt	entity	Moulay Haddou
http://rdf.freebase.com/ns/m.012gg6	Oran	http://rdf.freebase.com/ns/location.location.people_born_here	People born here	http://rdf.freebase.com/ns/m.026y78x	entity	Mohammed Chaouki Zine
http://rdf.freebase.com/ns/m.012gg6	Oran	http://rdf.freebase.com/ns/location.location.people_born_here	People born here	http://rdf.freebase.com/ns/m.026yz60	entity	Jacob ben Aaron Sasportas
http://rdf.freebase.com/ns/m.012gg6	Oran	http://rdf.freebase.com/ns/location.location.people_born_here	People born here	http://rdf.freebase.com/ns/m.0271hdd	entity	Franck Amsallem
http://rdf.freebase.com/ns/m.012gg6	Oran	http://rdf.freebase.com/ns/location.location.people_born_here	People born here	http://rdf.freebase.com/ns/m.027xlq2	entity	Armand Mouyal
http://rdf.freebase.com/ns/m.012gg6	Oran	http://rdf.freebase.com/ns/location.location.people_born_here	People born here	http://rdf.freebase.com/ns/m.02q983b	entity	Bernard Karsenty
http://rdf.freebase.com/ns/m.012gg6	Oran	http://rdf.freebase.com/ns/location.location.people_born_here	People born here	http://rdf.freebase.com/ns/m.02rj0wb	entity	Joseph Alcazar
http://rdf.freebase.com/ns/m.012gg6	Oran	http://rdf.freebase.com/ns/location.location.people_born_here	People born here	http://rdf.freebase.com/ns/m.02rpnzc	entity	Ernest Libérati
http://rdf.freebase.com/ns/m.012gg6	Oran	http://rdf.freebase.com/ns/location.location.people_born_here	People born here	http://rdf.freebase.com/ns/m.02rsvyt	entity	Fares Djabelkheir
http://rdf.freebase.com/ns/m.012gg6	Oran	http://rdf.freebase.com/ns/location.location.people_born_here	People born here	http://rdf.freebase.com/ns/m.02vnc3t	entity	Tahar Chérif El-Ouazzani
http://rdf.freebase.com/ns/m.012gg6	Oran	http://rdf.freebase.com/ns/location.location.people_born_here	People born here	http://rdf.freebase.com/ns/m.02vnq8r	entity	Abdellah Liegeon
http://rdf.freebase.com/ns/m.012gg6	Oran	http://rdf.freebase.com/ns/location.location.people_born_here	People born here	http://rdf.freebase.com/ns/m.02wvy2v	entity	Lucien Jasseron
http://rdf.freebase.com/ns/m.012gg6	Oran	http://rdf.freebase.com/ns/location.location.people_born_here	People born here	http://rdf.freebase.com/ns/m.02z7ctc	entity	Abdelkader Ferhaoui
http://rdf.freebase.com/ns/m.012gg6	Oran	http://rdf.freebase.com/ns/location.location.people_born_here	People born here	http://rdf.freebase.com/ns/m.03c6_z0	entity	Abdelhafid Tasfaout
http://rdf.freebase.com/ns/m.012gg6	Oran	http://rdf.freebase.com/ns/location.location.people_born_here	People born here	http://rdf.freebase.com/ns/m.03c_q7q	entity	Francine Faure
http://rdf.freebase.com/ns/m.012gg6	Oran	http://rdf.freebase.com/ns/location.location.people_born_here	People born here	http://rdf.freebase.com/ns/m.03chm60	entity	Robert Ménard
http://rdf.freebase.com/ns/m.012gg6	Oran	http://rdf.freebase.com/ns/location.location.people_born_here	People born here	http://rdf.freebase.com/ns/m.03d4j6m	entity	Jean-François Mattéi
http://rdf.freebase.com/ns/m.012gg6	Oran	http://rdf.freebase.com/ns/location.location.people_born_here	People born here	http://rdf.freebase.com/ns/m.03d7nm4	entity	Gaston Thomson
http://rdf.freebase.com/ns/m.012gg6	Oran	http://rdf.freebase.com/ns/location.location.people_born_here	People born here	http://rdf.freebase.com/ns/m.03g_dyk	entity	Hemza Mihoubi
http://rdf.freebase.com/ns/m.012gg6	Oran	http://rdf.freebase.com/ns/location.location.people_born_here	People born here	http://rdf.freebase.com/ns/m.03h0b_0	entity	Sofia Boutella
http://rdf.freebase.com/ns/m.012gg6	Oran	http://rdf.freebase.com/ns/location.location.people_born_here	People born here	http://rdf.freebase.com/ns/m.03j05w3	entity	Mardochée Elkoubi
http://rdf.freebase.com/ns/m.012gg6	Oran	http://rdf.freebase.com/ns/location.location.people_born_here	People born here	http://rdf.freebase.com/ns/m.03np5w2	entity	Kader Firoud
http://rdf.freebase.com/ns/m.012gg6	Oran	http://rdf.freebase.com/ns/location.location.people_born_here	People born here	http://rdf.freebase.com/ns/m.03nw7n4	entity	Jean Bastien
http://rdf.freebase.com/ns/m.012gg6	Oran	http://rdf.freebase.com/ns/location.location.people_born_here	People born here	http://rdf.freebase.com/ns/m.03nwf49	entity	Michel Brusseaux
http://rdf.freebase.com/ns/m.012gg6	Oran	http://rdf.freebase.com/ns/location.location.people_born_here	People born here	http://rdf.freebase.com/ns/m.03xpsrh	entity	Lynda Thalie
http://rdf.freebase.com/ns/m.012gg6	Oran	http://rdf.freebase.com/ns/location.location.people_born_here	People born here	http://rdf.freebase.com/ns/m.03y0fh0	entity	Tayeb Berramla
http://rdf.freebase.com/ns/m.012gg6	Oran	http://rdf.freebase.com/ns/location.location.people_born_here	People born here	http://rdf.freebase.com/ns/m.03ynq29	entity	Abdennour Chérif El-Ouazzani
http://rdf.freebase.com/ns/m.012gg6	Oran	http://rdf.freebase.com/ns/location.location.people_born_here	People born here	http://rdf.freebase.com/ns/m.0407bng	entity	Bouabdellah Daoud
http://rdf.freebase.com/ns/m.012gg6	Oran	http://rdf.freebase.com/ns/location.location.people_born_here	People born here	http://rdf.freebase.com/ns/m.043lk5j	entity	Bouazza Feham
http://rdf.freebase.com/ns/m.012gg6	Oran	http://rdf.freebase.com/ns/location.location.people_born_here	People born here	http://rdf.freebase.com/ns/m.043q22k	entity	Kouider Boukessassa
http://rdf.freebase.com/ns/m.012gg6	Oran	http://rdf.freebase.com/ns/location.location.people_born_here	People born here	http://rdf.freebase.com/ns/m.0464jrm	entity	Mohamed Salem
http://rdf.freebase.com/ns/m.012gg6	Oran	http://rdf.freebase.com/ns/location.location.people_born_here	People born here	http://rdf.freebase.com/ns/m.0465_x7	entity	Ali Moumen
http://rdf.freebase.com/ns/m.012gg6	Oran	http://rdf.freebase.com/ns/location.location.people_born_here	People born here	http://rdf.freebase.com/ns/m.0466d2x	entity	Reda Acimi
http://rdf.freebase.com/ns/m.012gg6	Oran	http://rdf.freebase.com/ns/location.location.people_born_here	People born here	http://rdf.freebase.com/ns/m.047b1tr	entity	Salim Boumechra
http://rdf.freebase.com/ns/m.012gg6	Oran	http://rdf.freebase.com/ns/location.location.people_born_here	People born here	http://rdf.freebase.com/ns/m.047g0f4	entity	Zoubir Ouasti
http://rdf.freebase.com/ns/m.012gg6	Oran	http://rdf.freebase.com/ns/location.location.people_born_here	People born here	http://rdf.freebase.com/ns/m.047pyht	entity	Sofiane Daoud
http://rdf.freebase.com/ns/m.012gg6	Oran	http://rdf.freebase.com/ns/location.location.people_born_here	People born here	http://rdf.freebase.com/ns/m.047s3n4	entity	Henri Stambouli
http://rdf.freebase.com/ns/m.012gg6	Oran	http://rdf.freebase.com/ns/location.location.people_born_here	People born here	http://rdf.freebase.com/ns/m.04gl1tf	entity	Farid Bellabès
http://rdf.freebase.com/ns/m.012gg6	Oran	http://rdf.freebase.com/ns/location.location.people_born_here	People born here	http://rdf.freebase.com/ns/m.04grr3q	entity	Saïd Sayah
http://rdf.freebase.com/ns/m.012gg6	Oran	http://rdf.freebase.com/ns/location.location.people_born_here	People born here	http://rdf.freebase.com/ns/m.04lzt5r	entity	Daniel LeConte
http://rdf.freebase.com/ns/m.012gg6	Oran	http://rdf.freebase.com/ns/location.location.people_born_here	People born here	http://rdf.freebase.com/ns/m.04q88pj	entity	François Valéry
http://rdf.freebase.com/ns/m.012gg6	Oran	http://rdf.freebase.com/ns/location.location.people_born_here	People born here	http://rdf.freebase.com/ns/m.04qbb4k	entity	Haim Amsalem
http://rdf.freebase.com/ns/m.012gg6	Oran	http://rdf.freebase.com/ns/location.location.people_born_here	People born here	http://rdf.freebase.com/ns/m.04zz6wj	entity	Julien Dray
http://rdf.freebase.com/ns/m.012gg6	Oran	http://rdf.freebase.com/ns/location.location.people_born_here	People born here	http://rdf.freebase.com/ns/m.050f73	entity	Khaled
http://rdf.freebase.com/ns/m.012gg6	Oran	http://rdf.freebase.com/ns/location.location.people_born_here	People born here	http://rdf.freebase.com/ns/m.053cm4n	entity	Jean-Baptiste Gourion
http://rdf.freebase.com/ns/m.012gg6	Oran	http://rdf.freebase.com/ns/location.location.people_born_here	People born here	http://rdf.freebase.com/ns/m.05l87f	entity	Slimane Raho
http://rdf.freebase.com/ns/m.012gg6	Oran	http://rdf.freebase.com/ns/location.location.people_born_here	People born here	http://rdf.freebase.com/ns/m.05zlnt9	entity	Léon Ashkenazi
http://rdf.freebase.com/ns/m.012gg6	Oran	http://rdf.freebase.com/ns/location.location.people_born_here	People born here	http://rdf.freebase.com/ns/m.05zwdf9	entity	Ali Benhalima
http://rdf.freebase.com/ns/m.012gg6	Oran	http://rdf.freebase.com/ns/location.location.people_born_here	People born here	http://rdf.freebase.com/ns/m.062ff3	entity	Ysa Ferrer
http://rdf.freebase.com/ns/m.012gg6	Oran	http://rdf.freebase.com/ns/location.location.people_born_here	People born here	http://rdf.freebase.com/ns/m.066310	entity	Anne Alvaro
http://rdf.freebase.com/ns/m.012gg6	Oran	http://rdf.freebase.com/ns/location.location.people_born_here	People born here	http://rdf.freebase.com/ns/m.06s9rp	entity	Emmanuel Roblès
http://rdf.freebase.com/ns/m.012gg6	Oran	http://rdf.freebase.com/ns/location.location.people_born_here	People born here	http://rdf.freebase.com/ns/m.06zn2m5	entity	Jean-Pierre Elkabbach
http://rdf.freebase.com/ns/m.012gg6	Oran	http://rdf.freebase.com/ns/location.location.people_born_here	People born here	http://rdf.freebase.com/ns/m.079x_7r	entity	Messaoud Berkous
http://rdf.freebase.com/ns/m.012gg6	Oran	http://rdf.freebase.com/ns/location.location.people_born_here	People born here	http://rdf.freebase.com/ns/m.081vhz	entity	Pierre Bensusan
http://rdf.freebase.com/ns/m.012gg6	Oran	http://rdf.freebase.com/ns/location.location.people_born_here	People born here	http://rdf.freebase.com/ns/m.08wqvy	entity	Ali Benarbia
http://rdf.freebase.com/ns/m.012gg6	Oran	http://rdf.freebase.com/ns/location.location.people_born_here	People born here	http://rdf.freebase.com/ns/m.09gcqmt	entity	Sid-Ahmed Benamara
http://rdf.freebase.com/ns/m.012gg6	Oran	http://rdf.freebase.com/ns/location.location.people_born_here	People born here	http://rdf.freebase.com/ns/m.09gjvr_	entity	Karim Saoula
http://rdf.freebase.com/ns/m.012gg6	Oran	http://rdf.freebase.com/ns/location.location.people_born_here	People born here	http://rdf.freebase.com/ns/m.09gkl49	entity	Abdelmadjid Benatia
http://rdf.freebase.com/ns/m.012gg6	Oran	http://rdf.freebase.com/ns/location.location.people_born_here	People born here	http://rdf.freebase.com/ns/m.09k77lg	entity	Jacques Fieschi
http://rdf.freebase.com/ns/m.012gg6	Oran	http://rdf.freebase.com/ns/location.location.people_born_here	People born here	http://rdf.freebase.com/ns/m.0_yll62	entity	Bouteldja Belkacem
http://rdf.freebase.com/ns/m.012gg6	Oran	http://rdf.freebase.com/ns/location.location.people_born_here	People born here	http://rdf.freebase.com/ns/m.0b_qy8m	entity	Henri Lanoë
http://rdf.freebase.com/ns/m.012gg6	Oran	http://rdf.freebase.com/ns/location.location.people_born_here	People born here	http://rdf.freebase.com/ns/m.0bb4rr	entity	Edmond Jouhaud
http://rdf.freebase.com/ns/m.012gg6	Oran	http://rdf.freebase.com/ns/location.location.people_born_here	People born here	http://rdf.freebase.com/ns/m.0bdtb3k	entity	Jacqueline Bir
http://rdf.freebase.com/ns/m.012gg6	Oran	http://rdf.freebase.com/ns/location.location.people_born_here	People born here	http://rdf.freebase.com/ns/m.0bmcw9g	entity	Cheba Zahouania
http://rdf.freebase.com/ns/m.012gg6	Oran	http://rdf.freebase.com/ns/location.location.people_born_here	People born here	http://rdf.freebase.com/ns/m.0br4d0	entity	Mustapha Moussa
http://rdf.freebase.com/ns/m.012gg6	Oran	http://rdf.freebase.com/ns/location.location.people_born_here	People born here	http://rdf.freebase.com/ns/m.0cgg_5	entity	Salim Iles
http://rdf.freebase.com/ns/m.012gg6	Oran	http://rdf.freebase.com/ns/location.location.people_born_here	People born here	http://rdf.freebase.com/ns/m.0cz87pr	entity	Ahmed Mekky
http://rdf.freebase.com/ns/m.012gg6	Oran	http://rdf.freebase.com/ns/location.location.people_born_here	People born here	http://rdf.freebase.com/ns/m.0cz93dy	entity	Jean Benguigui
http://rdf.freebase.com/ns/m.012gg6	Oran	http://rdf.freebase.com/ns/location.location.people_born_here	People born here	http://rdf.freebase.com/ns/m.0d7nkn	entity	Soufian Abar Huwari
http://rdf.freebase.com/ns/m.012gg6	Oran	http://rdf.freebase.com/ns/location.location.people_born_here	People born here	http://rdf.freebase.com/ns/m.0dj45p5	entity	Jacques Benguigui
http://rdf.freebase.com/ns/m.012gg6	Oran	http://rdf.freebase.com/ns/location.location.people_born_here	People born here	http://rdf.freebase.com/ns/m.0dj5tdz	entity	Jean-Claude Benguigui
http://rdf.freebase.com/ns/m.012gg6	Oran	http://rdf.freebase.com/ns/location.location.people_born_here	People born here	http://rdf.freebase.com/ns/m.0dj5tf8	entity	Richard Benguigui
http://rdf.freebase.com/ns/m.012gg6	Oran	http://rdf.freebase.com/ns/location.location.people_born_here	People born here	http://rdf.freebase.com/ns/m.0ds8jnj	entity	Aharon Chelouche
http://rdf.freebase.com/ns/m.012gg6	Oran	http://rdf.freebase.com/ns/location.location.people_born_here	People born here	http://rdf.freebase.com/ns/m.0f1lc3	entity	Philippe Parreno
http://rdf.freebase.com/ns/m.012gg6	Oran	http://rdf.freebase.com/ns/location.location.people_born_here	People born here	http://rdf.freebase.com/ns/m.0fq4f1	entity	Catherine Destivelle
http://rdf.freebase.com/ns/m.012gg6	Oran	http://rdf.freebase.com/ns/location.location.people_born_here	People born here	http://rdf.freebase.com/ns/m.0g53wtf	entity	Chemseddine Nessakh
http://rdf.freebase.com/ns/m.012gg6	Oran	http://rdf.freebase.com/ns/location.location.people_born_here	People born here	http://rdf.freebase.com/ns/m.0g57zzh	entity	Youcef Belaïli
http://rdf.freebase.com/ns/m.012gg6	Oran	http://rdf.freebase.com/ns/location.location.people_born_here	People born here	http://rdf.freebase.com/ns/m.0g5qsn7	entity	Sid Ahmed Aouedj
http://rdf.freebase.com/ns/m.012gg6	Oran	http://rdf.freebase.com/ns/location.location.people_born_here	People born here	http://rdf.freebase.com/ns/m.0gby6b6	entity	Jean-Claude de Goros
http://rdf.freebase.com/ns/m.012gg6	Oran	http://rdf.freebase.com/ns/location.location.people_born_here	People born here	http://rdf.freebase.com/ns/m.0gfg90	entity	Nicole Garcia
http://rdf.freebase.com/ns/m.012gg6	Oran	http://rdf.freebase.com/ns/location.location.people_born_here	People born here	http://rdf.freebase.com/ns/m.0gg5qkh	entity	Mohamed Boualem
http://rdf.freebase.com/ns/m.012gg6	Oran	http://rdf.freebase.com/ns/location.location.people_born_here	People born here	http://rdf.freebase.com/ns/m.0gg70kz	entity	Seddik Berradja
http://rdf.freebase.com/ns/m.012gg6	Oran	http://rdf.freebase.com/ns/location.location.people_born_here	People born here	http://rdf.freebase.com/ns/m.0gmgpgs	entity	Franck Ducheix
http://rdf.freebase.com/ns/m.012gg6	Oran	http://rdf.freebase.com/ns/location.location.people_born_here	People born here	http://rdf.freebase.com/ns/m.0gtwz_v	entity	Hichem Benmeghit
http://rdf.freebase.com/ns/m.012gg6	Oran	http://rdf.freebase.com/ns/location.location.people_born_here	People born here	http://rdf.freebase.com/ns/m.0gvtlff	entity	Sidi Mohamed Maroufel
http://rdf.freebase.com/ns/m.012gg6	Oran	http://rdf.freebase.com/ns/location.location.people_born_here	People born here	http://rdf.freebase.com/ns/m.0gyl89d	entity	Fortunée Chouraki Messouda Benguigui
http://rdf.freebase.com/ns/m.012gg6	Oran	http://rdf.freebase.com/ns/location.location.people_born_here	People born here	http://rdf.freebase.com/ns/m.0gyrp5k	entity	Kada Kechamli
http://rdf.freebase.com/ns/m.012gg6	Oran	http://rdf.freebase.com/ns/location.location.people_born_here	People born here	http://rdf.freebase.com/ns/m.0gysn06	entity	Mohamed Megherbi
http://rdf.freebase.com/ns/m.012gg6	Oran	http://rdf.freebase.com/ns/location.location.people_born_here	People born here	http://rdf.freebase.com/ns/m.0h3mqp8	entity	Cheïkh Benzerga
http://rdf.freebase.com/ns/m.012gg6	Oran	http://rdf.freebase.com/ns/location.location.people_born_here	People born here	http://rdf.freebase.com/ns/m.0h7lkdn	entity	Sid Ahmed Belkedrouci
http://rdf.freebase.com/ns/m.012gg6	Oran	http://rdf.freebase.com/ns/location.location.people_born_here	People born here	http://rdf.freebase.com/ns/m.0h7nsfq	entity	Baghdad Bounedjah
http://rdf.freebase.com/ns/m.012gg6	Oran	http://rdf.freebase.com/ns/location.location.people_born_here	People born here	http://rdf.freebase.com/ns/m.0h944nn	entity	Hocine Khalfi
http://rdf.freebase.com/ns/m.012gg6	Oran	http://rdf.freebase.com/ns/location.location.people_born_here	People born here	http://rdf.freebase.com/ns/m.0h98p3p	entity	Paul Barbreau
http://rdf.freebase.com/ns/m.012gg6	Oran	http://rdf.freebase.com/ns/location.location.people_born_here	People born here	http://rdf.freebase.com/ns/m.0h_cn8s	entity	Mohamed Zine El-Abidine Sebbah
http://rdf.freebase.com/ns/m.012gg6	Oran	http://rdf.freebase.com/ns/location.location.people_born_here	People born here	http://rdf.freebase.com/ns/m.0hgnz0l	entity	Omar Belatoui
http://rdf.freebase.com/ns/m.012gg6	Oran	http://rdf.freebase.com/ns/location.location.people_born_here	People born here	http://rdf.freebase.com/ns/m.0hgp5x4	entity	Abdelkader Fréha
http://rdf.freebase.com/ns/m.012gg6	Oran	http://rdf.freebase.com/ns/location.location.people_born_here	People born here	http://rdf.freebase.com/ns/m.0hgqz51	entity	Sid Ahmed Zerrouki
http://rdf.freebase.com/ns/m.012gg6	Oran	http://rdf.freebase.com/ns/location.location.people_born_here	People born here	http://rdf.freebase.com/ns/m.0hgr57p	entity	Abdellah Kechra
http://rdf.freebase.com/ns/m.012gg6	Oran	http://rdf.freebase.com/ns/location.location.people_born_here	People born here	http://rdf.freebase.com/ns/m.0hgr8zk	entity	Miloud Hadefi
http://rdf.freebase.com/ns/m.012gg6	Oran	http://rdf.freebase.com/ns/location.location.people_born_here	People born here	http://rdf.freebase.com/ns/m.0hgrn5j	entity	Mohamed Bouhizeb
http://rdf.freebase.com/ns/m.012gg6	Oran	http://rdf.freebase.com/ns/location.location.people_born_here	People born here	http://rdf.freebase.com/ns/m.0hhgwt7	entity	Pierre Gauthier
http://rdf.freebase.com/ns/m.012gg6	Oran	http://rdf.freebase.com/ns/location.location.people_born_here	People born here	http://rdf.freebase.com/ns/m.0hhq5n9	entity	Mokhtar Kechamli
http://rdf.freebase.com/ns/m.012gg6	Oran	http://rdf.freebase.com/ns/location.location.people_born_here	People born here	http://rdf.freebase.com/ns/m.0hhrqc8	entity	Abdelkrim Bendjemil
http://rdf.freebase.com/ns/m.012gg6	Oran	http://rdf.freebase.com/ns/location.location.people_born_here	People born here	http://rdf.freebase.com/ns/m.0hn992h	entity	Mustapha Boukar
http://rdf.freebase.com/ns/m.012gg6	Oran	http://rdf.freebase.com/ns/location.location.people_born_here	People born here	http://rdf.freebase.com/ns/m.0hnb0xk	entity	Mokhtar Belkhiter
http://rdf.freebase.com/ns/m.012gg6	Oran	http://rdf.freebase.com/ns/location.location.people_born_here	People born here	http://rdf.freebase.com/ns/m.0j2806s	entity	Abdesslam Benabdellah
http://rdf.freebase.com/ns/m.012gg6	Oran	http://rdf.freebase.com/ns/location.location.people_born_here	People born here	http://rdf.freebase.com/ns/m.0j44d93	entity	Renée Gailhoustet
http://rdf.freebase.com/ns/m.012gg6	Oran	http://rdf.freebase.com/ns/location.location.people_born_here	People born here	http://rdf.freebase.com/ns/m.0j6brvt	entity	Louise Lagrange
http://rdf.freebase.com/ns/m.012gg6	Oran	http://rdf.freebase.com/ns/location.location.people_born_here	People born here	http://rdf.freebase.com/ns/m.0j7hpt4	entity	Mourad Meziane
http://rdf.freebase.com/ns/m.012gg6	Oran	http://rdf.freebase.com/ns/location.location.people_born_here	People born here	http://rdf.freebase.com/ns/m.0jsn3m	entity	Marc Missonnier
http://rdf.freebase.com/ns/m.012gg6	Oran	http://rdf.freebase.com/ns/location.location.people_born_here	People born here	http://rdf.freebase.com/ns/m.0jzxh8	entity	Louis Gardel
http://rdf.freebase.com/ns/m.012gg6	Oran	http://rdf.freebase.com/ns/location.location.people_born_here	People born here	http://rdf.freebase.com/ns/m.0k19rp	entity	Mustapha Barat
http://rdf.freebase.com/ns/m.012gg6	Oran	http://rdf.freebase.com/ns/location.location.people_born_here	People born here	http://rdf.freebase.com/ns/m.0kcf3z5	entity	Rafik Tahraoui
http://rdf.freebase.com/ns/m.012gg6	Oran	http://rdf.freebase.com/ns/location.location.people_born_here	People born here	http://rdf.freebase.com/ns/m.0kd9dmw	entity	Mehdi Massou
http://rdf.freebase.com/ns/m.012gg6	Oran	http://rdf.freebase.com/ns/location.location.people_born_here	People born here	http://rdf.freebase.com/ns/m.0krrfy	entity	Alain Chabat
http://rdf.freebase.com/ns/m.012gg6	Oran	http://rdf.freebase.com/ns/location.location.people_born_here	People born here	http://rdf.freebase.com/ns/m.0l8bpbv	entity	Mohamed Redouane Guemri
http://rdf.freebase.com/ns/m.012gg6	Oran	http://rdf.freebase.com/ns/location.location.people_born_here	People born here	http://rdf.freebase.com/ns/m.0l8nzw4	entity	Mourad Satli
http://rdf.freebase.com/ns/m.012gg6	Oran	http://rdf.freebase.com/ns/location.location.people_born_here	People born here	http://rdf.freebase.com/ns/m.0ll3k24	entity	Orane Demazis
http://rdf.freebase.com/ns/m.012gg6	Oran	http://rdf.freebase.com/ns/location.location.people_born_here	People born here	http://rdf.freebase.com/ns/m.0m0njd3	entity	Mohamed Bouchiche
http://rdf.freebase.com/ns/m.012gg6	Oran	http://rdf.freebase.com/ns/location.location.people_born_here	People born here	http://rdf.freebase.com/ns/m.0my8kz9	entity	Habib Benglia
http://rdf.freebase.com/ns/m.012gg6	Oran	http://rdf.freebase.com/ns/location.location.people_born_here	People born here	http://rdf.freebase.com/ns/m.0n3z_d7	entity	Mohamed Bentiba
http://rdf.freebase.com/ns/m.012gg6	Oran	http://rdf.freebase.com/ns/location.location.people_born_here	People born here	http://rdf.freebase.com/ns/m.0n4_qp6	entity	Arslane Mazari
http://rdf.freebase.com/ns/m.012gg6	Oran	http://rdf.freebase.com/ns/location.location.people_born_here	People born here	http://rdf.freebase.com/ns/m.0n4bksy	entity	Djamel Haimoudi
http://rdf.freebase.com/ns/m.012gg6	Oran	http://rdf.freebase.com/ns/location.location.people_born_here	People born here	http://rdf.freebase.com/ns/m.0n4cmcr	entity	Sofiane Bouterbiat
http://rdf.freebase.com/ns/m.012gg6	Oran	http://rdf.freebase.com/ns/location.location.people_born_here	People born here	http://rdf.freebase.com/ns/m.0n50grj	entity	Mohamed Hicham Chérif
http://rdf.freebase.com/ns/m.012gg6	Oran	http://rdf.freebase.com/ns/location.location.people_born_here	People born here	http://rdf.freebase.com/ns/m.0n52h2d	entity	Lakhdar Bentaleb
http://rdf.freebase.com/ns/m.012gg6	Oran	http://rdf.freebase.com/ns/location.location.people_born_here	People born here	http://rdf.freebase.com/ns/m.0n53dnd	entity	Mohamed Reda Ouamane
http://rdf.freebase.com/ns/m.012gg6	Oran	http://rdf.freebase.com/ns/location.location.people_born_here	People born here	http://rdf.freebase.com/ns/m.0n5fsfy	entity	Pierre Benichou
http://rdf.freebase.com/ns/m.012gg6	Oran	http://rdf.freebase.com/ns/location.location.people_born_here	People born here	http://rdf.freebase.com/ns/m.0n5x4zw	entity	Mohammed Ghermati
http://rdf.freebase.com/ns/m.012gg6	Oran	http://rdf.freebase.com/ns/location.location.people_born_here	People born here	http://rdf.freebase.com/ns/m.0nd8vjh	entity	Sophie Garel
http://rdf.freebase.com/ns/m.012gg6	Oran	http://rdf.freebase.com/ns/location.location.people_born_here	People born here	http://rdf.freebase.com/ns/m.0q416cb	entity	Errol Parker
http://rdf.freebase.com/ns/m.012gg6	Oran	http://rdf.freebase.com/ns/location.location.people_born_here	People born here	http://rdf.freebase.com/ns/m.0rfh82m	entity	Mohammed Rahoui
http://rdf.freebase.com/ns/m.012gg6	Oran	http://rdf.freebase.com/ns/location.location.people_born_here	People born here	http://rdf.freebase.com/ns/m.0rgd81t	entity	Bernard Murat
http://rdf.freebase.com/ns/m.012gg6	Oran	http://rdf.freebase.com/ns/location.location.people_born_here	People born here	http://rdf.freebase.com/ns/m.0s9666q	entity	Afonso Stuart
http://rdf.freebase.com/ns/m.012gg6	Oran	http://rdf.freebase.com/ns/location.location.people_born_here	People born here	http://rdf.freebase.com/ns/m.0wzj_c1	entity	Hicham Belkaroui
http://rdf.freebase.com/ns/m.012gg6	Oran	http://rdf.freebase.com/ns/location.location.time_zones	Time zone(s)	http://rdf.freebase.com/ns/m.02llzg	entity	Central European Time Zone
http://rdf.freebase.com/ns/m.012gg6	Oran	http://rdf.freebase.com/ns/location.statistical_region.population	Population	1454078	http://www.w3.org/2001/XMLSchema#string	
http://rdf.freebase.com/ns/m.012gg6	Oran	http://rdf.freebase.com/ns/location.statistical_region.population	Population	705335	http://www.w3.org/2001/XMLSchema#string	
http://rdf.freebase.com/ns/m.012gg6	Oran	http://rdf.freebase.com/ns/location.statistical_region.population	Population	803329	http://www.w3.org/2001/XMLSchema#string	
http://rdf.freebase.com/ns/m.012gg6	Oran	http://rdf.freebase.com/ns/topic_server.population_number	population number	705335	http://www.w3.org/2001/XMLSchema#string	
http://rdf.freebase.com/ns/m.012gg6	Oran	http://rdf.freebase.com/ns/topic_server.population_number	population number	803329	http://www.w3.org/2001/XMLSchema#string	
http://rdf.freebase.com/ns/m.012gg6	Oran	http://rdf.freebase.com/ns/travel.travel_destination.tourist_attractions	Tourist attractions	http://rdf.freebase.com/ns/m.0jz3nnx	entity	Santa Cruz Castle
http://rdf.freebase.com/ns/m.012gg6	Oran	http://rdf.freebase.com/ns/type.object.key	Key	/base/dspl/un/population/city_proper/000470	http://www.w3.org/2001/XMLSchema#string	
http://rdf.freebase.com/ns/m.012gg6	Oran	http://rdf.freebase.com/ns/type.object.key	Key	/en/oran	http://www.w3.org/2001/XMLSchema#string	
http://rdf.freebase.com/ns/m.012gg6	Oran	http://rdf.freebase.com/ns/type.object.key	Key	/user/avh/ellerdale/009a-7440	http://www.w3.org/2001/XMLSchema#string	
http://rdf.freebase.com/ns/m.012gg6	Oran	http://rdf.freebase.com/ns/type.object.key	Key	/user/metaweb/datasource/geonames/2485926	http://www.w3.org/2001/XMLSchema#string	
http://rdf.freebase.com/ns/m.012gg6	Oran	http://rdf.freebase.com/ns/type.object.key	Key	/wikipedia/ar/Oran	http://www.w3.org/2001/XMLSchema#string	
http://rdf.freebase.com/ns/m.012gg6	Oran	http://rdf.freebase.com/ns/type.object.key	Key	/wikipedia/ar/مدينة_وهران	http://www.w3.org/2001/XMLSchema#string	
http://rdf.freebase.com/ns/m.012gg6	Oran	http://rdf.freebase.com/ns/type.object.key	Key	/wikipedia/ar/وهران	http://www.w3.org/2001/XMLSchema#string	
http://rdf.freebase.com/ns/m.012gg6	Oran	http://rdf.freebase.com/ns/type.object.key	Key	/wikipedia/ar_id/1862	http://www.w3.org/2001/XMLSchema#string	
http://rdf.freebase.com/ns/m.012gg6	Oran	http://rdf.freebase.com/ns/type.object.key	Key	/wikipedia/ar_title/وهران	http://www.w3.org/2001/XMLSchema#string	
http://rdf.freebase.com/ns/m.012gg6	Oran	http://rdf.freebase.com/ns/type.object.key	Key	/wikipedia/bg/Оран_(град)	http://www.w3.org/2001/XMLSchema#string	
http://rdf.freebase.com/ns/m.012gg6	Oran	http://rdf.freebase.com/ns/type.object.key	Key	/wikipedia/bg_id/122006	http://www.w3.org/2001/XMLSchema#string	
http://rdf.freebase.com/ns/m.012gg6	Oran	http://rdf.freebase.com/ns/type.object.key	Key	/wikipedia/bg_title/Оран_(град)	http://www.w3.org/2001/XMLSchema#string	
http://rdf.freebase.com/ns/m.012gg6	Oran	http://rdf.freebase.com/ns/type.object.key	Key	/wikipedia/ca/Oran	http://www.w3.org/2001/XMLSchema#string	
http://rdf.freebase.com/ns/m.012gg6	Oran	http://rdf.freebase.com/ns/type.object.key	Key	/wikipedia/ca/Orà	http://www.w3.org/2001/XMLSchema#string	
http://rdf.freebase.com/ns/m.012gg6	Oran	http://rdf.freebase.com/ns/type.object.key	Key	/wikipedia/ca/Orà_(Algèria)	http://www.w3.org/2001/XMLSchema#string	
http://rdf.freebase.com/ns/m.012gg6	Oran	http://rdf.freebase.com/ns/type.object.key	Key	/wikipedia/ca/Wahran	http://www.w3.org/2001/XMLSchema#string	
http://rdf.freebase.com/ns/m.012gg6	Oran	http://rdf.freebase.com/ns/type.object.key	Key	/wikipedia/ca_id/37742	http://www.w3.org/2001/XMLSchema#string	
http://rdf.freebase.com/ns/m.012gg6	Oran	http://rdf.freebase.com/ns/type.object.key	Key	/wikipedia/ca_title/Orà	http://www.w3.org/2001/XMLSchema#string	
http://rdf.freebase.com/ns/m.012gg6	Oran	http://rdf.freebase.com/ns/type.object.key	Key	/wikipedia/cs/Oran	http://www.w3.org/2001/XMLSchema#string	
http://rdf.freebase.com/ns/m.012gg6	Oran	http://rdf.freebase.com/ns/type.object.key	Key	/wikipedia/cs/Orán	http://www.w3.org/2001/XMLSchema#string	
http://rdf.freebase.com/ns/m.012gg6	Oran	http://rdf.freebase.com/ns/type.object.key	Key	/wikipedia/cs/Vahrán	http://www.w3.org/2001/XMLSchema#string	
http://rdf.freebase.com/ns/m.012gg6	Oran	http://rdf.freebase.com/ns/type.object.key	Key	/wikipedia/cs/Wahran	http://www.w3.org/2001/XMLSchema#string	
http://rdf.freebase.com/ns/m.012gg6	Oran	http://rdf.freebase.com/ns/type.object.key	Key	/wikipedia/cs_id/209761	http://www.w3.org/2001/XMLSchema#string	
http://rdf.freebase.com/ns/m.012gg6	Oran	http://rdf.freebase.com/ns/type.object.key	Key	/wikipedia/cs_title/Oran	http://www.w3.org/2001/XMLSchema#string	
http://rdf.freebase.com/ns/m.012gg6	Oran	http://rdf.freebase.com/ns/type.object.key	Key	/wikipedia/da/Oran	http://www.w3.org/2001/XMLSchema#string	
http://rdf.freebase.com/ns/m.012gg6	Oran	http://rdf.freebase.com/ns/type.object.key	Key	/wikipedia/da_id/278211	http://www.w3.org/2001/XMLSchema#string	
http://rdf.freebase.com/ns/m.012gg6	Oran	http://rdf.freebase.com/ns/type.object.key	Key	/wikipedia/da_title/Oran	http://www.w3.org/2001/XMLSchema#string	
http://rdf.freebase.com/ns/m.012gg6	Oran	http://rdf.freebase.com/ns/type.object.key	Key	/wikipedia/de/Oran	http://www.w3.org/2001/XMLSchema#string	
http://rdf.freebase.com/ns/m.012gg6	Oran	http://rdf.freebase.com/ns/type.object.key	Key	/wikipedia/de/Wahran	http://www.w3.org/2001/XMLSchema#string	
http://rdf.freebase.com/ns/m.012gg6	Oran	http://rdf.freebase.com/ns/type.object.key	Key	/wikipedia/de_id/167622	http://www.w3.org/2001/XMLSchema#string	
http://rdf.freebase.com/ns/m.012gg6	Oran	http://rdf.freebase.com/ns/type.object.key	Key	/wikipedia/de_title/Oran	http://www.w3.org/2001/XMLSchema#string	
http://rdf.freebase.com/ns/m.012gg6	Oran	http://rdf.freebase.com/ns/type.object.key	Key	/wikipedia/el/Οράν	http://www.w3.org/2001/XMLSchema#string	
http://rdf.freebase.com/ns/m.012gg6	Oran	http://rdf.freebase.com/ns/type.object.key	Key	/wikipedia/el_id/328993	http://www.w3.org/2001/XMLSchema#string	
http://rdf.freebase.com/ns/m.012gg6	Oran	http://rdf.freebase.com/ns/type.object.key	Key	/wikipedia/el_title/Οράν	http://www.w3.org/2001/XMLSchema#string	
http://rdf.freebase.com/ns/m.012gg6	Oran	http://rdf.freebase.com/ns/type.object.key	Key	/wikipedia/en/History_of_Oran	http://www.w3.org/2001/XMLSchema#string	
http://rdf.freebase.com/ns/m.012gg6	Oran	http://rdf.freebase.com/ns/type.object.key	Key	/wikipedia/en/Oram,_Algeria	http://www.w3.org/2001/XMLSchema#string	
http://rdf.freebase.com/ns/m.012gg6	Oran	http://rdf.freebase.com/ns/type.object.key	Key	/wikipedia/en/Oran	http://www.w3.org/2001/XMLSchema#string	
http://rdf.freebase.com/ns/m.012gg6	Oran	http://rdf.freebase.com/ns/type.object.key	Key	/wikipedia/en/Oran,_Algeria	http://www.w3.org/2001/XMLSchema#string	
http://rdf.freebase.com/ns/m.012gg6	Oran	http://rdf.freebase.com/ns/type.object.key	Key	/wikipedia/en/Wahran	http://www.w3.org/2001/XMLSchema#string	
http://rdf.freebase.com/ns/m.012gg6	Oran	http://rdf.freebase.com/ns/type.object.key	Key	/wikipedia/en_id/145335	http://www.w3.org/2001/XMLSchema#string	
http://rdf.freebase.com/ns/m.012gg6	Oran	http://rdf.freebase.com/ns/type.object.key	Key	/wikipedia/en_title/Oran	http://www.w3.org/2001/XMLSchema#string	
http://rdf.freebase.com/ns/m.012gg6	Oran	http://rdf.freebase.com/ns/type.object.key	Key	/wikipedia/es/Oran	http://www.w3.org/2001/XMLSchema#string	
http://rdf.freebase.com/ns/m.012gg6	Oran	http://rdf.freebase.com/ns/type.object.key	Key	/wikipedia/es/Oran_(Argelia)	http://www.w3.org/2001/XMLSchema#string	
http://rdf.freebase.com/ns/m.012gg6	Oran	http://rdf.freebase.com/ns/type.object.key	Key	/wikipedia/es/Orán	http://www.w3.org/2001/XMLSchema#string	
http://rdf.freebase.com/ns/m.012gg6	Oran	http://rdf.freebase.com/ns/type.object.key	Key	/wikipedia/es/Orán_(Argelia)	http://www.w3.org/2001/XMLSchema#string	
http://rdf.freebase.com/ns/m.012gg6	Oran	http://rdf.freebase.com/ns/type.object.key	Key	/wikipedia/es/Wahran	http://www.w3.org/2001/XMLSchema#string	
http://rdf.freebase.com/ns/m.012gg6	Oran	http://rdf.freebase.com/ns/type.object.key	Key	/wikipedia/es/Waran	http://www.w3.org/2001/XMLSchema#string	
http://rdf.freebase.com/ns/m.012gg6	Oran	http://rdf.freebase.com/ns/type.object.key	Key	/wikipedia/es_id/229040	http://www.w3.org/2001/XMLSchema#string	
http://rdf.freebase.com/ns/m.012gg6	Oran	http://rdf.freebase.com/ns/type.object.key	Key	/wikipedia/es_title/Orán	http://www.w3.org/2001/XMLSchema#string	
http://rdf.freebase.com/ns/m.012gg6	Oran	http://rdf.freebase.com/ns/type.object.key	Key	/wikipedia/et/Oran	http://www.w3.org/2001/XMLSchema#string	
http://rdf.freebase.com/ns/m.012gg6	Oran	http://rdf.freebase.com/ns/type.object.key	Key	/wikipedia/et_id/50145	http://www.w3.org/2001/XMLSchema#string	
http://rdf.freebase.com/ns/m.012gg6	Oran	http://rdf.freebase.com/ns/type.object.key	Key	/wikipedia/et_title/Oran	http://www.w3.org/2001/XMLSchema#string	
http://rdf.freebase.com/ns/m.012gg6	Oran	http://rdf.freebase.com/ns/type.object.key	Key	/wikipedia/fa/وهران	http://www.w3.org/2001/XMLSchema#string	
http://rdf.freebase.com/ns/m.012gg6	Oran	http://rdf.freebase.com/ns/type.object.key	Key	/wikipedia/fa/وهران،_الجزاير	http://www.w3.org/2001/XMLSchema#string	
http://rdf.freebase.com/ns/m.012gg6	Oran	http://rdf.freebase.com/ns/type.object.key	Key	/wikipedia/fa/وهران،_الجزایر	http://www.w3.org/2001/XMLSchema#string	
http://rdf.freebase.com/ns/m.012gg6	Oran	http://rdf.freebase.com/ns/type.object.key	Key	/wikipedia/fa_id/7407	http://www.w3.org/2001/XMLSchema#string	
http://rdf.freebase.com/ns/m.012gg6	Oran	http://rdf.freebase.com/ns/type.object.key	Key	/wikipedia/fa_title/وهران،_الجزایر	http://www.w3.org/2001/XMLSchema#string	
http://rdf.freebase.com/ns/m.012gg6	Oran	http://rdf.freebase.com/ns/type.object.key	Key	/wikipedia/fi/Oran	http://www.w3.org/2001/XMLSchema#string	
http://rdf.freebase.com/ns/m.012gg6	Oran	http://rdf.freebase.com/ns/type.object.key	Key	/wikipedia/fi_id/45422	http://www.w3.org/2001/XMLSchema#string	
http://rdf.freebase.com/ns/m.012gg6	Oran	http://rdf.freebase.com/ns/type.object.key	Key	/wikipedia/fi_title/Oran	http://www.w3.org/2001/XMLSchema#string	
http://rdf.freebase.com/ns/m.012gg6	Oran	http://rdf.freebase.com/ns/type.object.key	Key	/wikipedia/fr/Oran	http://www.w3.org/2001/XMLSchema#string	
http://rdf.freebase.com/ns/m.012gg6	Oran	http://rdf.freebase.com/ns/type.object.key	Key	/wikipedia/fr/Oranaise	http://www.w3.org/2001/XMLSchema#string	
http://rdf.freebase.com/ns/m.012gg6	Oran	http://rdf.freebase.com/ns/type.object.key	Key	/wikipedia/fr/Ouahran	http://www.w3.org/2001/XMLSchema#string	
http://rdf.freebase.com/ns/m.012gg6	Oran	http://rdf.freebase.com/ns/type.object.key	Key	/wikipedia/fr/Ouaran	http://www.w3.org/2001/XMLSchema#string	
http://rdf.freebase.com/ns/m.012gg6	Oran	http://rdf.freebase.com/ns/type.object.key	Key	/wikipedia/fr/Wahran	http://www.w3.org/2001/XMLSchema#string	
http://rdf.freebase.com/ns/m.012gg6	Oran	http://rdf.freebase.com/ns/type.object.key	Key	/wikipedia/fr/Waran	http://www.w3.org/2001/XMLSchema#string	
http://rdf.freebase.com/ns/m.012gg6	Oran	http://rdf.freebase.com/ns/type.object.key	Key	/wikipedia/fr_id/50961	http://www.w3.org/2001/XMLSchema#string	
http://rdf.freebase.com/ns/m.012gg6	Oran	http://rdf.freebase.com/ns/type.object.key	Key	/wikipedia/fr_title/Oran	http://www.w3.org/2001/XMLSchema#string	
http://rdf.freebase.com/ns/m.012gg6	Oran	http://rdf.freebase.com/ns/type.object.key	Key	/wikipedia/he/אוראן	http://www.w3.org/2001/XMLSchema#string	
http://rdf.freebase.com/ns/m.012gg6	Oran	http://rdf.freebase.com/ns/type.object.key	Key	/wikipedia/he/והראן	http://www.w3.org/2001/XMLSchema#string	
http://rdf.freebase.com/ns/m.012gg6	Oran	http://rdf.freebase.com/ns/type.object.key	Key	/wikipedia/he/ווהראן	http://www.w3.org/2001/XMLSchema#string	
http://rdf.freebase.com/ns/m.012gg6	Oran	http://rdf.freebase.com/ns/type.object.key	Key	/wikipedia/he_id/87721	http://www.w3.org/2001/XMLSchema#string	
http://rdf.freebase.com/ns/m.012gg6	Oran	http://rdf.freebase.com/ns/type.object.key	Key	/wikipedia/he_title/אוראן	http://www.w3.org/2001/XMLSchema#string	
http://rdf.freebase.com/ns/m.012gg6	Oran	http://rdf.freebase.com/ns/type.object.key	Key	/wikipedia/hr/Oran	http://www.w3.org/2001/XMLSchema#string	
http://rdf.freebase.com/ns/m.012gg6	Oran	http://rdf.freebase.com/ns/type.object.key	Key	/wikipedia/hr_id/47408	http://www.w3.org/2001/XMLSchema#string	
http://rdf.freebase.com/ns/m.012gg6	Oran	http://rdf.freebase.com/ns/type.object.key	Key	/wikipedia/hr_title/Oran	http://www.w3.org/2001/XMLSchema#string	
http://rdf.freebase.com/ns/m.012gg6	Oran	http://rdf.freebase.com/ns/type.object.key	Key	/wikipedia/hu/Oran	http://www.w3.org/2001/XMLSchema#string	
http://rdf.freebase.com/ns/m.012gg6	Oran	http://rdf.freebase.com/ns/type.object.key	Key	/wikipedia/hu/Orán	http://www.w3.org/2001/XMLSchema#string	
http://rdf.freebase.com/ns/m.012gg6	Oran	http://rdf.freebase.com/ns/type.object.key	Key	/wikipedia/hu_id/60989	http://www.w3.org/2001/XMLSchema#string	
http://rdf.freebase.com/ns/m.012gg6	Oran	http://rdf.freebase.com/ns/type.object.key	Key	/wikipedia/hu_title/Orán	http://www.w3.org/2001/XMLSchema#string	
http://rdf.freebase.com/ns/m.012gg6	Oran	http://rdf.freebase.com/ns/type.object.key	Key	/wikipedia/id/Oran	http://www.w3.org/2001/XMLSchema#string	
http://rdf.freebase.com/ns/m.012gg6	Oran	http://rdf.freebase.com/ns/type.object.key	Key	/wikipedia/id_id/40286	http://www.w3.org/2001/XMLSchema#string	
http://rdf.freebase.com/ns/m.012gg6	Oran	http://rdf.freebase.com/ns/type.object.key	Key	/wikipedia/id_title/Oran	http://www.w3.org/2001/XMLSchema#string	
http://rdf.freebase.com/ns/m.012gg6	Oran	http://rdf.freebase.com/ns/type.object.key	Key	/wikipedia/it/Orano	http://www.w3.org/2001/XMLSchema#string	
http://rdf.freebase.com/ns/m.012gg6	Oran	http://rdf.freebase.com/ns/type.object.key	Key	/wikipedia/it_id/330805	http://www.w3.org/2001/XMLSchema#string	
http://rdf.freebase.com/ns/m.012gg6	Oran	http://rdf.freebase.com/ns/type.object.key	Key	/wikipedia/it_title/Orano	http://www.w3.org/2001/XMLSchema#string	
http://rdf.freebase.com/ns/m.012gg6	Oran	http://rdf.freebase.com/ns/type.object.key	Key	/wikipedia/ja/オラン	http://www.w3.org/2001/XMLSchema#string	
http://rdf.freebase.com/ns/m.012gg6	Oran	http://rdf.freebase.com/ns/type.object.key	Key	/wikipedia/ja_id/904312	http://www.w3.org/2001/XMLSchema#string	
http://rdf.freebase.com/ns/m.012gg6	Oran	http://rdf.freebase.com/ns/type.object.key	Key	/wikipedia/ja_title/オラン	http://www.w3.org/2001/XMLSchema#string	
http://rdf.freebase.com/ns/m.012gg6	Oran	http://rdf.freebase.com/ns/type.object.key	Key	/wikipedia/ko/오랑	http://www.w3.org/2001/XMLSchema#string	
http://rdf.freebase.com/ns/m.012gg6	Oran	http://rdf.freebase.com/ns/type.object.key	Key	/wikipedia/ko_id/323627	http://www.w3.org/2001/XMLSchema#string	
http://rdf.freebase.com/ns/m.012gg6	Oran	http://rdf.freebase.com/ns/type.object.key	Key	/wikipedia/ko_title/오랑	http://www.w3.org/2001/XMLSchema#string	
http://rdf.freebase.com/ns/m.012gg6	Oran	http://rdf.freebase.com/ns/type.object.key	Key	/wikipedia/lt/Oran	http://www.w3.org/2001/XMLSchema#string	
http://rdf.freebase.com/ns/m.012gg6	Oran	http://rdf.freebase.com/ns/type.object.key	Key	/wikipedia/lt/Oranas	http://www.w3.org/2001/XMLSchema#string	
http://rdf.freebase.com/ns/m.012gg6	Oran	http://rdf.freebase.com/ns/type.object.key	Key	/wikipedia/lt/Vahranas	http://www.w3.org/2001/XMLSchema#string	
http://rdf.freebase.com/ns/m.012gg6	Oran	http://rdf.freebase.com/ns/type.object.key	Key	/wikipedia/lt_id/65105	http://www.w3.org/2001/XMLSchema#string	
http://rdf.freebase.com/ns/m.012gg6	Oran	http://rdf.freebase.com/ns/type.object.key	Key	/wikipedia/lt_title/Oranas	http://www.w3.org/2001/XMLSchema#string	
http://rdf.freebase.com/ns/m.012gg6	Oran	http://rdf.freebase.com/ns/type.object.key	Key	/wikipedia/lv/Oran	http://www.w3.org/2001/XMLSchema#string	
http://rdf.freebase.com/ns/m.012gg6	Oran	http://rdf.freebase.com/ns/type.object.key	Key	/wikipedia/lv/Orāna	http://www.w3.org/2001/XMLSchema#string	
http://rdf.freebase.com/ns/m.012gg6	Oran	http://rdf.freebase.com/ns/type.object.key	Key	/wikipedia/lv/Vahrāna	http://www.w3.org/2001/XMLSchema#string	
http://rdf.freebase.com/ns/m.012gg6	Oran	http://rdf.freebase.com/ns/type.object.key	Key	/wikipedia/lv_id/236523	http://www.w3.org/2001/XMLSchema#string	
http://rdf.freebase.com/ns/m.012gg6	Oran	http://rdf.freebase.com/ns/type.object.key	Key	/wikipedia/lv_title/Orāna	http://www.w3.org/2001/XMLSchema#string	
http://rdf.freebase.com/ns/m.012gg6	Oran	http://rdf.freebase.com/ns/type.object.key	Key	/wikipedia/ms/Oran,_Algeria	http://www.w3.org/2001/XMLSchema#string	
http://rdf.freebase.com/ns/m.012gg6	Oran	http://rdf.freebase.com/ns/type.object.key	Key	/wikipedia/ms_id/41482	http://www.w3.org/2001/XMLSchema#string	
http://rdf.freebase.com/ns/m.012gg6	Oran	http://rdf.freebase.com/ns/type.object.key	Key	/wikipedia/ms_title/Oran,_Algeria	http://www.w3.org/2001/XMLSchema#string	
http://rdf.freebase.com/ns/m.012gg6	Oran	http://rdf.freebase.com/ns/type.object.key	Key	/wikipedia/nl/Oran_(stad_in_Algerije)	http://www.w3.org/2001/XMLSchema#string	
http://rdf.freebase.com/ns/m.012gg6	Oran	http://rdf.freebase.com/ns/type.object.key	Key	/wikipedia/nl/Wahran	http://www.w3.org/2001/XMLSchema#string	
http://rdf.freebase.com/ns/m.012gg6	Oran	http://rdf.freebase.com/ns/type.object.key	Key	/wikipedia/nl/Wahrān	http://www.w3.org/2001/XMLSchema#string	
http://rdf.freebase.com/ns/m.012gg6	Oran	http://rdf.freebase.com/ns/type.object.key	Key	/wikipedia/nl_id/28755	http://www.w3.org/2001/XMLSchema#string	
http://rdf.freebase.com/ns/m.012gg6	Oran	http://rdf.freebase.com/ns/type.object.key	Key	/wikipedia/nl_title/Oran_(stad_in_Algerije)	http://www.w3.org/2001/XMLSchema#string	
http://rdf.freebase.com/ns/m.012gg6	Oran	http://rdf.freebase.com/ns/type.object.key	Key	/wikipedia/no/Oran	http://www.w3.org/2001/XMLSchema#string	
http://rdf.freebase.com/ns/m.012gg6	Oran	http://rdf.freebase.com/ns/type.object.key	Key	/wikipedia/no_id/122305	http://www.w3.org/2001/XMLSchema#string	
http://rdf.freebase.com/ns/m.012gg6	Oran	http://rdf.freebase.com/ns/type.object.key	Key	/wikipedia/no_title/Oran	http://www.w3.org/2001/XMLSchema#string	
http://rdf.freebase.com/ns/m.012gg6	Oran	http://rdf.freebase.com/ns/type.object.key	Key	/wikipedia/pl/Oran	http://www.w3.org/2001/XMLSchema#string	
http://rdf.freebase.com/ns/m.012gg6	Oran	http://rdf.freebase.com/ns/type.object.key	Key	/wikipedia/pl/Wahran	http://www.w3.org/2001/XMLSchema#string	
http://rdf.freebase.com/ns/m.012gg6	Oran	http://rdf.freebase.com/ns/type.object.key	Key	/wikipedia/pl_id/395217	http://www.w3.org/2001/XMLSchema#string	
http://rdf.freebase.com/ns/m.012gg6	Oran	http://rdf.freebase.com/ns/type.object.key	Key	/wikipedia/pl_title/Oran	http://www.w3.org/2001/XMLSchema#string	
http://rdf.freebase.com/ns/m.012gg6	Oran	http://rdf.freebase.com/ns/type.object.key	Key	/wikipedia/pt/Oran	http://www.w3.org/2001/XMLSchema#string	
http://rdf.freebase.com/ns/m.012gg6	Oran	http://rdf.freebase.com/ns/type.object.key	Key	/wikipedia/pt/Orã	http://www.w3.org/2001/XMLSchema#string	
http://rdf.freebase.com/ns/m.012gg6	Oran	http://rdf.freebase.com/ns/type.object.key	Key	/wikipedia/pt/Orão	http://www.w3.org/2001/XMLSchema#string	
http://rdf.freebase.com/ns/m.012gg6	Oran	http://rdf.freebase.com/ns/type.object.key	Key	/wikipedia/pt/Orão_(Argélia)	http://www.w3.org/2001/XMLSchema#string	
http://rdf.freebase.com/ns/m.012gg6	Oran	http://rdf.freebase.com/ns/type.object.key	Key	/wikipedia/pt_id/105810	http://www.w3.org/2001/XMLSchema#string	
http://rdf.freebase.com/ns/m.012gg6	Oran	http://rdf.freebase.com/ns/type.object.key	Key	/wikipedia/pt_title/Orã	http://www.w3.org/2001/XMLSchema#string	
http://rdf.freebase.com/ns/m.012gg6	Oran	http://rdf.freebase.com/ns/type.object.key	Key	/wikipedia/ro/Oran_(oraş)	http://www.w3.org/2001/XMLSchema#string	
http://rdf.freebase.com/ns/m.012gg6	Oran	http://rdf.freebase.com/ns/type.object.key	Key	/wikipedia/ro/Oran_(oraș)	http://www.w3.org/2001/XMLSchema#string	
http://rdf.freebase.com/ns/m.012gg6	Oran	http://rdf.freebase.com/ns/type.object.key	Key	/wikipedia/ro_id/174886	http://www.w3.org/2001/XMLSchema#string	
http://rdf.freebase.com/ns/m.012gg6	Oran	http://rdf.freebase.com/ns/type.object.key	Key	/wikipedia/ro_title/Oran_(oraș)	http://www.w3.org/2001/XMLSchema#string	
http://rdf.freebase.com/ns/m.012gg6	Oran	http://rdf.freebase.com/ns/type.object.key	Key	/wikipedia/ru/Вахран	http://www.w3.org/2001/XMLSchema#string	
http://rdf.freebase.com/ns/m.012gg6	Oran	http://rdf.freebase.com/ns/type.object.key	Key	/wikipedia/ru/Оран	http://www.w3.org/2001/XMLSchema#string	
http://rdf.freebase.com/ns/m.012gg6	Oran	http://rdf.freebase.com/ns/type.object.key	Key	/wikipedia/ru_id/511664	http://www.w3.org/2001/XMLSchema#string	
http://rdf.freebase.com/ns/m.012gg6	Oran	http://rdf.freebase.com/ns/type.object.key	Key	/wikipedia/ru_title/Оран	http://www.w3.org/2001/XMLSchema#string	
http://rdf.freebase.com/ns/m.012gg6	Oran	http://rdf.freebase.com/ns/type.object.key	Key	/wikipedia/sk/Oran	http://www.w3.org/2001/XMLSchema#string	
http://rdf.freebase.com/ns/m.012gg6	Oran	http://rdf.freebase.com/ns/type.object.key	Key	/wikipedia/sk/Wahrán	http://www.w3.org/2001/XMLSchema#string	
http://rdf.freebase.com/ns/m.012gg6	Oran	http://rdf.freebase.com/ns/type.object.key	Key	/wikipedia/sk_id/466042	http://www.w3.org/2001/XMLSchema#string	
http://rdf.freebase.com/ns/m.012gg6	Oran	http://rdf.freebase.com/ns/type.object.key	Key	/wikipedia/sk_title/Oran	http://www.w3.org/2001/XMLSchema#string	
http://rdf.freebase.com/ns/m.012gg6	Oran	http://rdf.freebase.com/ns/type.object.key	Key	/wikipedia/sr/Оран	http://www.w3.org/2001/XMLSchema#string	
http://rdf.freebase.com/ns/m.012gg6	Oran	http://rdf.freebase.com/ns/type.object.key	Key	/wikipedia/sr/Оран,_Алжир	http://www.w3.org/2001/XMLSchema#string	
http://rdf.freebase.com/ns/m.012gg6	Oran	http://rdf.freebase.com/ns/type.object.key	Key	/wikipedia/sr/وهران	http://www.w3.org/2001/XMLSchema#string	
http://rdf.freebase.com/ns/m.012gg6	Oran	http://rdf.freebase.com/ns/type.object.key	Key	/wikipedia/sr_id/80242	http://www.w3.org/2001/XMLSchema#string	
http://rdf.freebase.com/ns/m.012gg6	Oran	http://rdf.freebase.com/ns/type.object.key	Key	/wikipedia/sr_title/Оран	http://www.w3.org/2001/XMLSchema#string	
http://rdf.freebase.com/ns/m.012gg6	Oran	http://rdf.freebase.com/ns/type.object.key	Key	/wikipedia/sv/Oran	http://www.w3.org/2001/XMLSchema#string	
http://rdf.freebase.com/ns/m.012gg6	Oran	http://rdf.freebase.com/ns/type.object.key	Key	/wikipedia/sv_id/280448	http://www.w3.org/2001/XMLSchema#string	
http://rdf.freebase.com/ns/m.012gg6	Oran	http://rdf.freebase.com/ns/type.object.key	Key	/wikipedia/sv_title/Oran	http://www.w3.org/2001/XMLSchema#string	
http://rdf.freebase.com/ns/m.012gg6	Oran	http://rdf.freebase.com/ns/type.object.key	Key	/wikipedia/th/ออราน	http://www.w3.org/2001/XMLSchema#string	
http://rdf.freebase.com/ns/m.012gg6	Oran	http://rdf.freebase.com/ns/type.object.key	Key	/wikipedia/th/ออร็อง	http://www.w3.org/2001/XMLSchema#string	
http://rdf.freebase.com/ns/m.012gg6	Oran	http://rdf.freebase.com/ns/type.object.key	Key	/wikipedia/th/โอราน	http://www.w3.org/2001/XMLSchema#string	
http://rdf.freebase.com/ns/m.012gg6	Oran	http://rdf.freebase.com/ns/type.object.key	Key	/wikipedia/th_id/446440	http://www.w3.org/2001/XMLSchema#string	
http://rdf.freebase.com/ns/m.012gg6	Oran	http://rdf.freebase.com/ns/type.object.key	Key	/wikipedia/th_title/ออราน	http://www.w3.org/2001/XMLSchema#string	
http://rdf.freebase.com/ns/m.012gg6	Oran	http://rdf.freebase.com/ns/type.object.key	Key	/wikipedia/tr/Oran,_Cezayir	http://www.w3.org/2001/XMLSchema#string	
http://rdf.freebase.com/ns/m.012gg6	Oran	http://rdf.freebase.com/ns/type.object.key	Key	/wikipedia/tr/Oran,_cezayir	http://www.w3.org/2001/XMLSchema#string	
http://rdf.freebase.com/ns/m.012gg6	Oran	http://rdf.freebase.com/ns/type.object.key	Key	/wikipedia/tr/Vahran,_Cezayir	http://www.w3.org/2001/XMLSchema#string	
http://rdf.freebase.com/ns/m.012gg6	Oran	http://rdf.freebase.com/ns/type.object.key	Key	/wikipedia/tr_id/209044	http://www.w3.org/2001/XMLSchema#string	
http://rdf.freebase.com/ns/m.012gg6	Oran	http://rdf.freebase.com/ns/type.object.key	Key	/wikipedia/tr_title/Vahran,_Cezayir	http://www.w3.org/2001/XMLSchema#string	
http://rdf.freebase.com/ns/m.012gg6	Oran	http://rdf.freebase.com/ns/type.object.key	Key	/wikipedia/uk/Оран	http://www.w3.org/2001/XMLSchema#string	
http://rdf.freebase.com/ns/m.012gg6	Oran	http://rdf.freebase.com/ns/type.object.key	Key	/wikipedia/uk_id/515340	http://www.w3.org/2001/XMLSchema#string	
http://rdf.freebase.com/ns/m.012gg6	Oran	http://rdf.freebase.com/ns/type.object.key	Key	/wikipedia/uk_title/Оран	http://www.w3.org/2001/XMLSchema#string	
http://rdf.freebase.com/ns/m.012gg6	Oran	http://rdf.freebase.com/ns/type.object.key	Key	/wikipedia/vi/Oran	http://www.w3.org/2001/XMLSchema#string	
http://rdf.freebase.com/ns/m.012gg6	Oran	http://rdf.freebase.com/ns/type.object.key	Key	/wikipedia/vi_id/94741	http://www.w3.org/2001/XMLSchema#string	
http://rdf.freebase.com/ns/m.012gg6	Oran	http://rdf.freebase.com/ns/type.object.key	Key	/wikipedia/vi_title/Oran	http://www.w3.org/2001/XMLSchema#string	
http://rdf.freebase.com/ns/m.012gg6	Oran	http://rdf.freebase.com/ns/type.object.key	Key	/wikipedia/zh-cn/奥兰_(阿尔及利亚)	http://www.w3.org/2001/XMLSchema#string	
http://rdf.freebase.com/ns/m.012gg6	Oran	http://rdf.freebase.com/ns/type.object.key	Key	/wikipedia/zh-cn/奧蘭_(阿爾及利亞)	http://www.w3.org/2001/XMLSchema#string	
http://rdf.freebase.com/ns/m.012gg6	Oran	http://rdf.freebase.com/ns/type.object.key	Key	/wikipedia/zh-cn/瓦赫兰	http://www.w3.org/2001/XMLSchema#string	
http://rdf.freebase.com/ns/m.012gg6	Oran	http://rdf.freebase.com/ns/type.object.key	Key	/wikipedia/zh-cn/瓦赫蘭	http://www.w3.org/2001/XMLSchema#string	
http://rdf.freebase.com/ns/m.012gg6	Oran	http://rdf.freebase.com/ns/type.object.key	Key	/wikipedia/zh-cn_id/293769	http://www.w3.org/2001/XMLSchema#string	
http://rdf.freebase.com/ns/m.012gg6	Oran	http://rdf.freebase.com/ns/type.object.key	Key	/wikipedia/zh-cn_title/瓦赫蘭	http://www.w3.org/2001/XMLSchema#string	
http://rdf.freebase.com/ns/m.012gg6	Oran	http://rdf.freebase.com/ns/type.object.key	Key	/wikipedia/zh-tw/奥兰_(阿尔及利亚)	http://www.w3.org/2001/XMLSchema#string	
http://rdf.freebase.com/ns/m.012gg6	Oran	http://rdf.freebase.com/ns/type.object.key	Key	/wikipedia/zh-tw/奧蘭_(阿爾及利亞)	http://www.w3.org/2001/XMLSchema#string	
http://rdf.freebase.com/ns/m.012gg6	Oran	http://rdf.freebase.com/ns/type.object.key	Key	/wikipedia/zh-tw/瓦赫兰	http://www.w3.org/2001/XMLSchema#string	
http://rdf.freebase.com/ns/m.012gg6	Oran	http://rdf.freebase.com/ns/type.object.key	Key	/wikipedia/zh-tw/瓦赫蘭	http://www.w3.org/2001/XMLSchema#string	
http://rdf.freebase.com/ns/m.012gg6	Oran	http://rdf.freebase.com/ns/type.object.key	Key	/wikipedia/zh-tw_id/293769	http://www.w3.org/2001/XMLSchema#string	
http://rdf.freebase.com/ns/m.012gg6	Oran	http://rdf.freebase.com/ns/type.object.key	Key	/wikipedia/zh-tw_title/瓦赫蘭	http://www.w3.org/2001/XMLSchema#string	
http://rdf.freebase.com/ns/m.012gg6	Oran	http://rdf.freebase.com/ns/type.object.name	Name	Oran	http://www.w3.org/1999/02/22-rdf-syntax-ns#langString	
http://rdf.freebase.com/ns/m.012gg6	Oran	http://rdf.freebase.com/ns/type.object.type	Type	http://rdf.freebase.com/ns/base.aareas.schema.administrative_area	entity	Administrative Area
http://rdf.freebase.com/ns/m.012gg6	Oran	http://rdf.freebase.com/ns/type.object.type	Type	http://rdf.freebase.com/ns/base.type_ontology.abstract	entity	Abstract
http://rdf.freebase.com/ns/m.012gg6	Oran	http://rdf.freebase.com/ns/type.object.type	Type	http://rdf.freebase.com/ns/base.type_ontology.agent	entity	Agent
http://rdf.freebase.com/ns/m.012gg6	Oran	http://rdf.freebase.com/ns/type.object.type	Type	http://rdf.freebase.com/ns/base.type_ontology.inanimate	entity	Inanimate
http://rdf.freebase.com/ns/m.012gg6	Oran	http://rdf.freebase.com/ns/type.object.type	Type	http://rdf.freebase.com/ns/common.topic	entity	Topic
http://rdf.freebase.com/ns/m.012gg6	Oran	http://rdf.freebase.com/ns/type.object.type	Type	http://rdf.freebase.com/ns/location.administrative_division	entity	Administrative Division
http://rdf.freebase.com/ns/m.012gg6	Oran	http://rdf.freebase.com/ns/type.object.type	Type	http://rdf.freebase.com/ns/location.citytown	entity	City/Town/Village
http://rdf.freebase.com/ns/m.012gg6	Oran	http://rdf.freebase.com/ns/type.object.type	Type	http://rdf.freebase.com/ns/location.dated_location	entity	Dated location
http://rdf.freebase.com/ns/m.012gg6	Oran	http://rdf.freebase.com/ns/type.object.type	Type	http://rdf.freebase.com/ns/location.location	entity	Location
http://rdf.freebase.com/ns/m.012gg6	Oran	http://rdf.freebase.com/ns/type.object.type	Type	http://rdf.freebase.com/ns/location.statistical_region	entity	Statistical region
http://rdf.freebase.com/ns/m.012gg6	Oran	http://rdf.freebase.com/ns/type.object.type	Type	http://rdf.freebase.com/ns/travel.travel_destination	entity	Travel destination
http://rdf.freebase.com/ns/m.012gg6	Oran	http://rdf.freebase.com/ns/user.avh.default_domain.ellerdale_topic.ellerdale_id	Ellerdale ID	009a-7440	http://www.w3.org/2001/XMLSchema#string	
http://rdf.freebase.com/ns/m.012gg6	Oran	http://www.w3.org/1999/02/22-rdf-syntax-ns#type	type	http://rdf.freebase.com/ns/base.aareas.schema.administrative_area	entity	Administrative Area
http://rdf.freebase.com/ns/m.012gg6	Oran	http://www.w3.org/1999/02/22-rdf-syntax-ns#type	type	http://rdf.freebase.com/ns/base.type_ontology.abstract	entity	Abstract
http://rdf.freebase.com/ns/m.012gg6	Oran	http://www.w3.org/1999/02/22-rdf-syntax-ns#type	type	http://rdf.freebase.com/ns/base.type_ontology.agent	entity	Agent
http://rdf.freebase.com/ns/m.012gg6	Oran	http://www.w3.org/1999/02/22-rdf-syntax-ns#type	type	http://rdf.freebase.com/ns/base.type_ontology.inanimate	entity	Inanimate
http://rdf.freebase.com/ns/m.012gg6	Oran	http://www.w3.org/1999/02/22-rdf-syntax-ns#type	type	http://rdf.freebase.com/ns/common.topic	entity	Topic
http://rdf.freebase.com/ns/m.012gg6	Oran	http://www.w3.org/1999/02/22-rdf-syntax-ns#type	type	http://rdf.freebase.com/ns/location.administrative_division	entity	Administrative Division
http://rdf.freebase.com/ns/m.012gg6	Oran	http://www.w3.org/1999/02/22-rdf-syntax-ns#type	type	http://rdf.freebase.com/ns/location.citytown	entity	City/Town/Village
http://rdf.freebase.com/ns/m.012gg6	Oran	http://www.w3.org/1999/02/22-rdf-syntax-ns#type	type	http://rdf.freebase.com/ns/location.dated_location	entity	Dated location
http://rdf.freebase.com/ns/m.012gg6	Oran	http://www.w3.org/1999/02/22-rdf-syntax-ns#type	type	http://rdf.freebase.com/ns/location.location	entity	Location
http://rdf.freebase.com/ns/m.012gg6	Oran	http://www.w3.org/1999/02/22-rdf-syntax-ns#type	type	http://rdf.freebase.com/ns/location.statistical_region	entity	Statistical region
http://rdf.freebase.com/ns/m.012gg6	Oran	http://www.w3.org/1999/02/22-rdf-syntax-ns#type	type	http://rdf.freebase.com/ns/travel.travel_destination	entity	Travel destination
http://rdf.freebase.com/ns/m.012gg6	Oran	http://www.w3.org/2000/01/rdf-schema#label	label	Oran	http://www.w3.org/1999/02/22-rdf-syntax-ns#langString	
http://rdf.freebase.com/ns/m.012gg6	Oran	http://www.w3.org/2003/01/geo/wgs84_pos#lat	latitude	35.696944	http://www.w3.org/2001/XMLSchema#float	
http://rdf.freebase.com/ns/m.012gg6	Oran	http://www.w3.org/2003/01/geo/wgs84_pos#long	longitude	-0.633056	http://www.w3.org/2001/XMLSchema#float	
