sub	subl	prop	propl	obj	obj_t	obj_l
http://rdf.freebase.com/ns/m.0130mq86	Alan Carr	http://rdf.freebase.com/key/dataworld.freeq	freeq	job_b0cf9a12-cddf-4393-b028-3369b72ce623_var_en_wikipedia_org_wiki_Alan_Carr_(footballer)	http://www.w3.org/2001/XMLSchema#string	
http://rdf.freebase.com/ns/m.0130mq86	Alan Carr	http://rdf.freebase.com/key/wikipedia.en	en	Alan_Carr_(footballer)	http://www.w3.org/2001/XMLSchema#string	
http://rdf.freebase.com/ns/m.0130mq86	Alan Carr	http://rdf.freebase.com/key/wikipedia.en_id	en_id	45705804	http://www.w3.org/2001/XMLSchema#string	
http://rdf.freebase.com/ns/m.0130mq86	Alan Carr	http://rdf.freebase.com/key/wikipedia.en_title	en_title	Alan_Carr_(footballer)	http://www.w3.org/2001/XMLSchema#string	
http://rdf.freebase.com/ns/m.0130mq86	Alan Carr	http://rdf.freebase.com/ns/common.topic.description	Description	Alan Carr is a former Australian rules footballer who played with North Melbourne in the Victorian Football League. While captain-coach of Frankston in the 1968 VFA season, Carr had to have an eye removed, due to an injury sustained in a game against Box Hill.	http://www.w3.org/1999/02/22-rdf-syntax-ns#langString	
http://rdf.freebase.com/ns/m.0130mq86	Alan Carr	http://rdf.freebase.com/ns/common.topic.topic_equivalent_webpage	Topic equivalent webpage	http://en.wikipedia.org/wiki/Alan_Carr_(footballer)	uri	null
http://rdf.freebase.com/ns/m.0130mq86	Alan Carr	http://rdf.freebase.com/ns/common.topic.topic_equivalent_webpage	Topic equivalent webpage	http://en.wikipedia.org/wiki/index.html?curid=45705804	uri	null
http://rdf.freebase.com/ns/m.0130mq86	Alan Carr	http://rdf.freebase.com/ns/people.person.date_of_birth	Date of birth	1939-04-21	http://www.w3.org/2001/XMLSchema#date	
http://rdf.freebase.com/ns/m.0130mq86	Alan Carr	http://rdf.freebase.com/ns/type.object.key	Key	/dataworld/freeq/job_b0cf9a12-cddf-4393-b028-3369b72ce623_var_en_wikipedia_org_wiki_Alan_Carr_(footballer)	http://www.w3.org/2001/XMLSchema#string	
http://rdf.freebase.com/ns/m.0130mq86	Alan Carr	http://rdf.freebase.com/ns/type.object.key	Key	/wikipedia/en/Alan_Carr_(footballer)	http://www.w3.org/2001/XMLSchema#string	
http://rdf.freebase.com/ns/m.0130mq86	Alan Carr	http://rdf.freebase.com/ns/type.object.key	Key	/wikipedia/en_id/45705804	http://www.w3.org/2001/XMLSchema#string	
http://rdf.freebase.com/ns/m.0130mq86	Alan Carr	http://rdf.freebase.com/ns/type.object.key	Key	/wikipedia/en_title/Alan_Carr_(footballer)	http://www.w3.org/2001/XMLSchema#string	
http://rdf.freebase.com/ns/m.0130mq86	Alan Carr	http://rdf.freebase.com/ns/type.object.name	Name	Alan Carr	http://www.w3.org/1999/02/22-rdf-syntax-ns#langString	
http://rdf.freebase.com/ns/m.0130mq86	Alan Carr	http://rdf.freebase.com/ns/type.object.type	Type	http://rdf.freebase.com/ns/base.type_ontology.agent	entity	Agent
http://rdf.freebase.com/ns/m.0130mq86	Alan Carr	http://rdf.freebase.com/ns/type.object.type	Type	http://rdf.freebase.com/ns/base.type_ontology.animate	entity	Animate
http://rdf.freebase.com/ns/m.0130mq86	Alan Carr	http://rdf.freebase.com/ns/type.object.type	Type	http://rdf.freebase.com/ns/base.type_ontology.physically_instantiable	entity	Physically Instantiable
http://rdf.freebase.com/ns/m.0130mq86	Alan Carr	http://rdf.freebase.com/ns/type.object.type	Type	http://rdf.freebase.com/ns/common.topic	entity	Topic
http://rdf.freebase.com/ns/m.0130mq86	Alan Carr	http://rdf.freebase.com/ns/type.object.type	Type	http://rdf.freebase.com/ns/people.person	entity	Person
http://rdf.freebase.com/ns/m.0130mq86	Alan Carr	http://www.w3.org/1999/02/22-rdf-syntax-ns#type	type	http://rdf.freebase.com/ns/base.type_ontology.agent	entity	Agent
http://rdf.freebase.com/ns/m.0130mq86	Alan Carr	http://www.w3.org/1999/02/22-rdf-syntax-ns#type	type	http://rdf.freebase.com/ns/base.type_ontology.animate	entity	Animate
http://rdf.freebase.com/ns/m.0130mq86	Alan Carr	http://www.w3.org/1999/02/22-rdf-syntax-ns#type	type	http://rdf.freebase.com/ns/base.type_ontology.physically_instantiable	entity	Physically Instantiable
http://rdf.freebase.com/ns/m.0130mq86	Alan Carr	http://www.w3.org/1999/02/22-rdf-syntax-ns#type	type	http://rdf.freebase.com/ns/common.topic	entity	Topic
http://rdf.freebase.com/ns/m.0130mq86	Alan Carr	http://www.w3.org/1999/02/22-rdf-syntax-ns#type	type	http://rdf.freebase.com/ns/people.person	entity	Person
http://rdf.freebase.com/ns/m.0130mq86	Alan Carr	http://www.w3.org/2000/01/rdf-schema#label	label	Alan Carr	http://www.w3.org/1999/02/22-rdf-syntax-ns#langString	
