sub	subl	prop	propl	obj	obj_t	obj_l
http://www.wikidata.org/entity/Q19662950	Alan Carr	http://www.w3.org/1999/02/22-rdf-syntax-ns#type	type	http://www.wikidata.org/entity/Q5	entity	human
http://www.wikidata.org/entity/Q19662950	Alan Carr	http://www.w3.org/1999/02/22-rdf-syntax-ns#type	type	http://www.wikidata.org/ontology#Item	entity	Item
http://www.wikidata.org/entity/Q19662950	Alan Carr	http://www.w3.org/2000/01/rdf-schema#label	label	Alan Carr	http://www.w3.org/1999/02/22-rdf-syntax-ns#langString	
http://www.wikidata.org/entity/Q19662950	Alan Carr	http://www.wikidata.org/entity/P106c	occupation	http://www.wikidata.org/entity/Q13414980	entity	Australian-rules footballer
http://www.wikidata.org/entity/Q19662950	Alan Carr	http://www.wikidata.org/entity/P21c	sex or gender	http://www.wikidata.org/entity/Q6581097	entity	male
http://www.wikidata.org/entity/Q19662950	Alan Carr	http://www.wikidata.org/entity/P31c	instance of	http://www.wikidata.org/entity/Q5	entity	human
http://www.wikidata.org/entity/Q19662950	Alan Carr	http://www.wikidata.org/entity/P569c	date of birth	1939-04-21	http://www.w3.org/2001/XMLSchema#date	
http://www.wikidata.org/entity/Q19662950	Alan Carr	http://www.wikidata.org/entity/P735c	given name	http://www.wikidata.org/entity/Q294833	entity	Alan
