sub	subl	prop	propl	obj	obj_t	obj_l
http://dbpedia.org/resource/Anthony_Grey	Anthony Grey	http://dbpedia.org/ontology/abstract	has abstract	Anthony Grey OBE (born 5 July 1938) is a British journalist and author. As a journalist for Reuters he was imprisoned by the Chinese government for 27 months in China from 1967 to 1969. He has written a series of historical novels and non-fiction books, including several relating to his detention.	http://www.w3.org/1999/02/22-rdf-syntax-ns#langString	
http://dbpedia.org/resource/Anthony_Grey	Anthony Grey	http://dbpedia.org/ontology/birthDate	birth date	1938-07-05	http://www.w3.org/2001/XMLSchema#date	
http://dbpedia.org/resource/Anthony_Grey	Anthony Grey	http://dbpedia.org/ontology/wikiPageExternalLink	Link from a Wikipage to an external page	http://www.archiveshub.ac.uk/news/agreya.html	uri	null
http://dbpedia.org/resource/Anthony_Grey	Anthony Grey	http://dbpedia.org/ontology/wikiPageExternalLink	Link from a Wikipage to an external page	http://www.time.com/time/magazine/article/0,9171,844706,00.html	uri	null
http://dbpedia.org/resource/Anthony_Grey	Anthony Grey	http://dbpedia.org/ontology/wikiPageID	Wikipage page ID	25415973	http://www.w3.org/2001/XMLSchema#integer	
http://dbpedia.org/resource/Anthony_Grey	Anthony Grey	http://dbpedia.org/ontology/wikiPageLength	page length (characters) of wiki page	5488	http://www.w3.org/2001/XMLSchema#nonNegativeInteger	
http://dbpedia.org/resource/Anthony_Grey	Anthony Grey	http://dbpedia.org/ontology/wikiPageOutDegree	Wiki page out degree	60	http://www.w3.org/2001/XMLSchema#nonNegativeInteger	
http://dbpedia.org/resource/Anthony_Grey	Anthony Grey	http://dbpedia.org/ontology/wikiPageRevisionID	Wikipage revision ID	744454388	http://www.w3.org/2001/XMLSchema#integer	
http://dbpedia.org/resource/Anthony_Grey	Anthony Grey	http://purl.org/dc/terms/description	Description	British journalist and writer	http://www.w3.org/1999/02/22-rdf-syntax-ns#langString	
http://dbpedia.org/resource/Anthony_Grey	Anthony Grey	http://purl.org/dc/terms/subject	Subject	http://dbpedia.org/resource/Category:1938_births	entity	1938 births
http://dbpedia.org/resource/Anthony_Grey	Anthony Grey	http://purl.org/dc/terms/subject	Subject	http://dbpedia.org/resource/Category:British_expatriates_in_China	entity	British expatriates in China
http://dbpedia.org/resource/Anthony_Grey	Anthony Grey	http://purl.org/dc/terms/subject	Subject	http://dbpedia.org/resource/Category:British_people_imprisoned_abroad	entity	British people imprisoned abroad
http://dbpedia.org/resource/Anthony_Grey	Anthony Grey	http://purl.org/dc/terms/subject	Subject	http://dbpedia.org/resource/Category:English_male_journalists	entity	English male journalists
http://dbpedia.org/resource/Anthony_Grey	Anthony Grey	http://purl.org/dc/terms/subject	Subject	http://dbpedia.org/resource/Category:English_writers	entity	English writers
http://dbpedia.org/resource/Anthony_Grey	Anthony Grey	http://purl.org/dc/terms/subject	Subject	http://dbpedia.org/resource/Category:Living_people	entity	Living people
http://dbpedia.org/resource/Anthony_Grey	Anthony Grey	http://purl.org/dc/terms/subject	Subject	http://dbpedia.org/resource/Category:People_from_Norwich	entity	People from Norwich
http://dbpedia.org/resource/Anthony_Grey	Anthony Grey	http://purl.org/dc/terms/subject	Subject	http://dbpedia.org/resource/Category:Prisoners_and_detainees_of_the_People's_Republic_of_China	entity	Prisoners and detainees of the People's Republic of China
http://dbpedia.org/resource/Anthony_Grey	Anthony Grey	http://www.w3.org/1999/02/22-rdf-syntax-ns#type	type	http://dbpedia.org/ontology/Person	entity	person
http://dbpedia.org/resource/Anthony_Grey	Anthony Grey	http://www.w3.org/1999/02/22-rdf-syntax-ns#type	type	http://dbpedia.org/ontology/Writer	entity	writer
http://dbpedia.org/resource/Anthony_Grey	Anthony Grey	http://www.w3.org/2000/01/rdf-schema#comment	comment	Anthony Grey OBE (born 5 July 1938) is a British journalist and author. As a journalist for Reuters he was imprisoned by the Chinese government for 27 months in China from 1967 to 1969. He has written a series of historical novels and non-fiction books, including several relating to his detention.	http://www.w3.org/1999/02/22-rdf-syntax-ns#langString	
http://dbpedia.org/resource/Anthony_Grey	Anthony Grey	http://www.w3.org/2000/01/rdf-schema#label	label	Anthony Grey	http://www.w3.org/1999/02/22-rdf-syntax-ns#langString	
http://dbpedia.org/resource/Anthony_Grey	Anthony Grey	http://www.w3.org/2002/07/owl#sameAs	sameAs	http://dbpedia.org/resource/Anthony_Grey	entity	Anthony Grey
http://dbpedia.org/resource/Anthony_Grey	Anthony Grey	http://www.w3.org/2002/07/owl#sameAs	sameAs	http://rdf.freebase.com/ns/m.05xqpt4	entity	Anthony Grey
http://dbpedia.org/resource/Anthony_Grey	Anthony Grey	http://www.w3.org/2002/07/owl#sameAs	sameAs	http://www.wikidata.org/entity/Q4772626	entity	Anthony Grey
http://dbpedia.org/resource/Anthony_Grey	Anthony Grey	http://www.w3.org/ns/prov#wasDerivedFrom	wasDerivedFrom	http://en.wikipedia.org/wiki/Anthony_Grey?oldid=744454388	uri	null
http://dbpedia.org/resource/Anthony_Grey	Anthony Grey	http://xmlns.com/foaf/0.1/gender	gender	male	http://www.w3.org/1999/02/22-rdf-syntax-ns#langString	
http://dbpedia.org/resource/Anthony_Grey	Anthony Grey	http://xmlns.com/foaf/0.1/givenName	Given name	Anthony	http://www.w3.org/1999/02/22-rdf-syntax-ns#langString	
http://dbpedia.org/resource/Anthony_Grey	Anthony Grey	http://xmlns.com/foaf/0.1/isPrimaryTopicOf	is primary topic of	http://en.wikipedia.org/wiki/Anthony_Grey	uri	null
http://dbpedia.org/resource/Anthony_Grey	Anthony Grey	http://xmlns.com/foaf/0.1/name	name	Anthony Grey	http://www.w3.org/1999/02/22-rdf-syntax-ns#langString	
http://dbpedia.org/resource/Anthony_Grey	Anthony Grey	http://xmlns.com/foaf/0.1/surname	Surname	Grey	http://www.w3.org/1999/02/22-rdf-syntax-ns#langString	
