sub	subl	prop	propl	obj	obj_t	obj_l
http://rdf.freebase.com/ns/m.05xqpt4	Anthony Grey	http://rdf.freebase.com/key/authority.openlibrary.author	author	OL1120327A	http://www.w3.org/2001/XMLSchema#string	
http://rdf.freebase.com/ns/m.05xqpt4	Anthony Grey	http://rdf.freebase.com/key/authority.us.gov.loc.na	na	n50030681	http://www.w3.org/2001/XMLSchema#string	
http://rdf.freebase.com/ns/m.05xqpt4	Anthony Grey	http://rdf.freebase.com/key/user.hangy.viaf	viaf	100378807	http://www.w3.org/2001/XMLSchema#string	
http://rdf.freebase.com/ns/m.05xqpt4	Anthony Grey	http://rdf.freebase.com/key/wikipedia.en	en	Anthony_Grey	http://www.w3.org/2001/XMLSchema#string	
http://rdf.freebase.com/ns/m.05xqpt4	Anthony Grey	http://rdf.freebase.com/key/wikipedia.en_id	en_id	25415973	http://www.w3.org/2001/XMLSchema#string	
http://rdf.freebase.com/ns/m.05xqpt4	Anthony Grey	http://rdf.freebase.com/key/wikipedia.en_title	en_title	Anthony_Grey	http://www.w3.org/2001/XMLSchema#string	
http://rdf.freebase.com/ns/m.05xqpt4	Anthony Grey	http://rdf.freebase.com/ns/book.author.openlibrary_id	Open Library ID	OL1120327A	http://www.w3.org/2001/XMLSchema#string	
http://rdf.freebase.com/ns/m.05xqpt4	Anthony Grey	http://rdf.freebase.com/ns/book.author.works_written	Works written	http://rdf.freebase.com/ns/m.068sfjp	entity	The Bulgarian exclusive
http://rdf.freebase.com/ns/m.05xqpt4	Anthony Grey	http://rdf.freebase.com/ns/book.author.works_written	Works written	http://rdf.freebase.com/ns/m.06bkkwj	entity	The German Stratagem
http://rdf.freebase.com/ns/m.05xqpt4	Anthony Grey	http://rdf.freebase.com/ns/book.author.works_written	Works written	http://rdf.freebase.com/ns/m.06bzdp1	entity	Hostage in Peking
http://rdf.freebase.com/ns/m.05xqpt4	Anthony Grey	http://rdf.freebase.com/ns/book.author.works_written	Works written	http://rdf.freebase.com/ns/m.06hc7cv	entity	The Prime Minister Was a Spy
http://rdf.freebase.com/ns/m.05xqpt4	Anthony Grey	http://rdf.freebase.com/ns/book.author.works_written	Works written	http://rdf.freebase.com/ns/m.06kqgz1	entity	The Naked Angels
http://rdf.freebase.com/ns/m.05xqpt4	Anthony Grey	http://rdf.freebase.com/ns/book.author.works_written	Works written	http://rdf.freebase.com/ns/m.06l15c1	entity	A Gallery of Nudes
http://rdf.freebase.com/ns/m.05xqpt4	Anthony Grey	http://rdf.freebase.com/ns/book.author.works_written	Works written	http://rdf.freebase.com/ns/m.06l66f1	entity	The Chinese assassin
http://rdf.freebase.com/ns/m.05xqpt4	Anthony Grey	http://rdf.freebase.com/ns/book.author.works_written	Works written	http://rdf.freebase.com/ns/m.06lbjgc	entity	Some put their trust in chariots
http://rdf.freebase.com/ns/m.05xqpt4	Anthony Grey	http://rdf.freebase.com/ns/book.author.works_written	Works written	http://rdf.freebase.com/ns/m.06sjqnn	entity	The Bangkok Secret
http://rdf.freebase.com/ns/m.05xqpt4	Anthony Grey	http://rdf.freebase.com/ns/book.author.works_written	Works written	http://rdf.freebase.com/ns/m.06sl40d	entity	Crosswords from Peking
http://rdf.freebase.com/ns/m.05xqpt4	Anthony Grey	http://rdf.freebase.com/ns/common.topic.article	Article	Anthony Grey OBE (5 July 1938 - ) is a British journalist and author. As a journalist for Reuters he was detained for 27 months in China from 1967 to 1969. He has written a series of novels and non-fiction books, including several relating to his detention. While working for Reuters in Beijing in July 1967 he was confined to the basement of his house by the Chinese government, ostensibly for spying, but really in retaliation for the jailing of eight left-wing journalists who had violated emergency regulations in Hong Kong. China demanded the release of the eight before Grey would be released. While the eight were eventually released, China then demanded the release of a further 13 Chinese jailed in Hong Kong. The Hong Kong government refused. Grey was able to communicate by mail with his mother and girlfriend back in England, but was only allowed two 20-minute visits by British consular officials in the first 17 months of his confinement, and was never formally charged. He was released in October 1969 after 27 months of captivity. Upon his return to Britain he was awarded the "Journalist of the Year" prize for 1969 at the IPC National Press awards, and an OBE. He published various	http://www.w3.org/1999/02/22-rdf-syntax-ns#langString	
http://rdf.freebase.com/ns/m.05xqpt4	Anthony Grey	http://rdf.freebase.com/ns/common.topic.description	Description	Anthony Grey OBE is a British journalist and author. As a journalist for Reuters he was detained for 27 months in China from 1967 to 1969. He has written a series of novels and non-fiction books, including several relating to his detention.	http://www.w3.org/1999/02/22-rdf-syntax-ns#langString	
http://rdf.freebase.com/ns/m.05xqpt4	Anthony Grey	http://rdf.freebase.com/ns/common.topic.notable_for	Notable for	Author	http://www.w3.org/1999/02/22-rdf-syntax-ns#langString	
http://rdf.freebase.com/ns/m.05xqpt4	Anthony Grey	http://rdf.freebase.com/ns/common.topic.notable_types	Notable types	http://rdf.freebase.com/ns/m.01xryvt	entity	Author
http://rdf.freebase.com/ns/m.05xqpt4	Anthony Grey	http://rdf.freebase.com/ns/common.topic.topic_equivalent_webpage	Topic equivalent webpage	http://en.wikipedia.org/wiki/Anthony_Grey	uri	null
http://rdf.freebase.com/ns/m.05xqpt4	Anthony Grey	http://rdf.freebase.com/ns/common.topic.topic_equivalent_webpage	Topic equivalent webpage	http://en.wikipedia.org/wiki/index.html?curid=25415973	uri	null
http://rdf.freebase.com/ns/m.05xqpt4	Anthony Grey	http://rdf.freebase.com/ns/common.topic.topic_equivalent_webpage	Topic equivalent webpage	http://id.loc.gov/authorities/names/n50030681.html	uri	null
http://rdf.freebase.com/ns/m.05xqpt4	Anthony Grey	http://rdf.freebase.com/ns/common.topic.topic_equivalent_webpage	Topic equivalent webpage	http://openlibrary.org/authors/OL1120327A	uri	null
http://rdf.freebase.com/ns/m.05xqpt4	Anthony Grey	http://rdf.freebase.com/ns/common.topic.topic_equivalent_webpage	Topic equivalent webpage	http://viaf.org/viaf/100378807/	uri	null
http://rdf.freebase.com/ns/m.05xqpt4	Anthony Grey	http://rdf.freebase.com/ns/kg.object_profile.prominent_type	prominent type	http://rdf.freebase.com/ns/book.author	entity	Author
http://rdf.freebase.com/ns/m.05xqpt4	Anthony Grey	http://rdf.freebase.com/ns/people.person.date_of_birth	Date of birth	1938-07-05	http://www.w3.org/2001/XMLSchema#date	
http://rdf.freebase.com/ns/m.05xqpt4	Anthony Grey	http://rdf.freebase.com/ns/people.person.gender	Gender	http://rdf.freebase.com/ns/m.05zppz	entity	Male
http://rdf.freebase.com/ns/m.05xqpt4	Anthony Grey	http://rdf.freebase.com/ns/people.person.place_of_birth	Place of birth	http://rdf.freebase.com/ns/m.0q34g	entity	Norwich
http://rdf.freebase.com/ns/m.05xqpt4	Anthony Grey	http://rdf.freebase.com/ns/type.object.key	Key	/authority/openlibrary/author/OL1120327A	http://www.w3.org/2001/XMLSchema#string	
http://rdf.freebase.com/ns/m.05xqpt4	Anthony Grey	http://rdf.freebase.com/ns/type.object.key	Key	/authority/us/gov/loc/na/n50030681	http://www.w3.org/2001/XMLSchema#string	
http://rdf.freebase.com/ns/m.05xqpt4	Anthony Grey	http://rdf.freebase.com/ns/type.object.key	Key	/user/hangy/viaf/100378807	http://www.w3.org/2001/XMLSchema#string	
http://rdf.freebase.com/ns/m.05xqpt4	Anthony Grey	http://rdf.freebase.com/ns/type.object.key	Key	/wikipedia/en/Anthony_Grey	http://www.w3.org/2001/XMLSchema#string	
http://rdf.freebase.com/ns/m.05xqpt4	Anthony Grey	http://rdf.freebase.com/ns/type.object.key	Key	/wikipedia/en_id/25415973	http://www.w3.org/2001/XMLSchema#string	
http://rdf.freebase.com/ns/m.05xqpt4	Anthony Grey	http://rdf.freebase.com/ns/type.object.key	Key	/wikipedia/en_title/Anthony_Grey	http://www.w3.org/2001/XMLSchema#string	
http://rdf.freebase.com/ns/m.05xqpt4	Anthony Grey	http://rdf.freebase.com/ns/type.object.name	Name	Anthony Grey	http://www.w3.org/1999/02/22-rdf-syntax-ns#langString	
http://rdf.freebase.com/ns/m.05xqpt4	Anthony Grey	http://rdf.freebase.com/ns/type.object.type	Type	http://rdf.freebase.com/ns/base.type_ontology.agent	entity	Agent
http://rdf.freebase.com/ns/m.05xqpt4	Anthony Grey	http://rdf.freebase.com/ns/type.object.type	Type	http://rdf.freebase.com/ns/base.type_ontology.animate	entity	Animate
http://rdf.freebase.com/ns/m.05xqpt4	Anthony Grey	http://rdf.freebase.com/ns/type.object.type	Type	http://rdf.freebase.com/ns/base.type_ontology.physically_instantiable	entity	Physically Instantiable
http://rdf.freebase.com/ns/m.05xqpt4	Anthony Grey	http://rdf.freebase.com/ns/type.object.type	Type	http://rdf.freebase.com/ns/book.author	entity	Author
http://rdf.freebase.com/ns/m.05xqpt4	Anthony Grey	http://rdf.freebase.com/ns/type.object.type	Type	http://rdf.freebase.com/ns/common.topic	entity	Topic
http://rdf.freebase.com/ns/m.05xqpt4	Anthony Grey	http://rdf.freebase.com/ns/type.object.type	Type	http://rdf.freebase.com/ns/people.person	entity	Person
http://rdf.freebase.com/ns/m.05xqpt4	Anthony Grey	http://www.w3.org/1999/02/22-rdf-syntax-ns#type	type	http://rdf.freebase.com/ns/base.type_ontology.agent	entity	Agent
http://rdf.freebase.com/ns/m.05xqpt4	Anthony Grey	http://www.w3.org/1999/02/22-rdf-syntax-ns#type	type	http://rdf.freebase.com/ns/base.type_ontology.animate	entity	Animate
http://rdf.freebase.com/ns/m.05xqpt4	Anthony Grey	http://www.w3.org/1999/02/22-rdf-syntax-ns#type	type	http://rdf.freebase.com/ns/base.type_ontology.physically_instantiable	entity	Physically Instantiable
http://rdf.freebase.com/ns/m.05xqpt4	Anthony Grey	http://www.w3.org/1999/02/22-rdf-syntax-ns#type	type	http://rdf.freebase.com/ns/book.author	entity	Author
http://rdf.freebase.com/ns/m.05xqpt4	Anthony Grey	http://www.w3.org/1999/02/22-rdf-syntax-ns#type	type	http://rdf.freebase.com/ns/common.topic	entity	Topic
http://rdf.freebase.com/ns/m.05xqpt4	Anthony Grey	http://www.w3.org/1999/02/22-rdf-syntax-ns#type	type	http://rdf.freebase.com/ns/people.person	entity	Person
http://rdf.freebase.com/ns/m.05xqpt4	Anthony Grey	http://www.w3.org/2000/01/rdf-schema#label	label	Anthony Grey	http://www.w3.org/1999/02/22-rdf-syntax-ns#langString	
