sub	subl	prop	propl	obj	obj_t	obj_l
http://dbpedia.org/resource/Anthony_Grey,_11th_Earl_of_Kent	Anthony Grey, 11th Earl of Kent	http://dbpedia.org/ontology/abstract	has abstract	Anthony Grey (1645 – 19 August 1702) was Earl of Kent from 1651 to his death. He was the only son of Henry Grey, 10th Earl of Kent, and his second wife Amabel Benn daughter of Anthony Benn, Recorder of London. His sister Elizabeth Grey married Banastre Maynard, 3rd Baron Maynard. They were parents of Henry Maynard, 4th Baron Maynard, Grey Maynard, 5th Baron Maynard, and Charles Maynard, 1st Viscount Maynard. Anthony married Mary Lucas, Baroness Lucas of Crudwell, only surviving child of John Lucas, 1st Baron Lucas of Shenfield, and Anne Nevill. Anne was a daughter of Sir Christopher Nevill and Mary Darcy. Christopher was a son of Edward Nevill, 8th Baron Bergavenny, and Rachel Lennard. They had two children:  * Henry Grey, 1st Duke of Kent (1671–1740)  * Amabel Grey.	http://www.w3.org/1999/02/22-rdf-syntax-ns#langString	
http://dbpedia.org/resource/Anthony_Grey,_11th_Earl_of_Kent	Anthony Grey, 11th Earl of Kent	http://dbpedia.org/ontology/birthDate	birth date	1645-06-11	http://www.w3.org/2001/XMLSchema#date	
http://dbpedia.org/resource/Anthony_Grey,_11th_Earl_of_Kent	Anthony Grey, 11th Earl of Kent	http://dbpedia.org/ontology/deathDate	death date	1702-08-19	http://www.w3.org/2001/XMLSchema#date	
http://dbpedia.org/resource/Anthony_Grey,_11th_Earl_of_Kent	Anthony Grey, 11th Earl of Kent	http://dbpedia.org/ontology/wikiPageExternalLink	Link from a Wikipage to an external page	http://www.stirnet.com/HTML/genie/british/gg/grey02.htm	uri	null
http://dbpedia.org/resource/Anthony_Grey,_11th_Earl_of_Kent	Anthony Grey, 11th Earl of Kent	http://dbpedia.org/ontology/wikiPageID	Wikipage page ID	9248812	http://www.w3.org/2001/XMLSchema#integer	
http://dbpedia.org/resource/Anthony_Grey,_11th_Earl_of_Kent	Anthony Grey, 11th Earl of Kent	http://dbpedia.org/ontology/wikiPageLength	page length (characters) of wiki page	1541	http://www.w3.org/2001/XMLSchema#nonNegativeInteger	
http://dbpedia.org/resource/Anthony_Grey,_11th_Earl_of_Kent	Anthony Grey, 11th Earl of Kent	http://dbpedia.org/ontology/wikiPageOutDegree	Wiki page out degree	20	http://www.w3.org/2001/XMLSchema#nonNegativeInteger	
http://dbpedia.org/resource/Anthony_Grey,_11th_Earl_of_Kent	Anthony Grey, 11th Earl of Kent	http://dbpedia.org/ontology/wikiPageRevisionID	Wikipage revision ID	732156179	http://www.w3.org/2001/XMLSchema#integer	
http://dbpedia.org/resource/Anthony_Grey,_11th_Earl_of_Kent	Anthony Grey, 11th Earl of Kent	http://purl.org/dc/terms/description	Description	English noble	http://www.w3.org/1999/02/22-rdf-syntax-ns#langString	
http://dbpedia.org/resource/Anthony_Grey,_11th_Earl_of_Kent	Anthony Grey, 11th Earl of Kent	http://purl.org/dc/terms/subject	Subject	http://dbpedia.org/resource/Category:1645_births	entity	1645 births
http://dbpedia.org/resource/Anthony_Grey,_11th_Earl_of_Kent	Anthony Grey, 11th Earl of Kent	http://purl.org/dc/terms/subject	Subject	http://dbpedia.org/resource/Category:1702_deaths	entity	1702 deaths
http://dbpedia.org/resource/Anthony_Grey,_11th_Earl_of_Kent	Anthony Grey, 11th Earl of Kent	http://purl.org/dc/terms/subject	Subject	http://dbpedia.org/resource/Category:Earls_in_the_Peerage_of_England	entity	Earls in the Peerage of England
http://dbpedia.org/resource/Anthony_Grey,_11th_Earl_of_Kent	Anthony Grey, 11th Earl of Kent	http://purl.org/dc/terms/subject	Subject	http://dbpedia.org/resource/Category:Grey_family	entity	Grey family
http://dbpedia.org/resource/Anthony_Grey,_11th_Earl_of_Kent	Anthony Grey, 11th Earl of Kent	http://www.w3.org/1999/02/22-rdf-syntax-ns#type	type	http://dbpedia.org/ontology/Person	entity	person
http://dbpedia.org/resource/Anthony_Grey,_11th_Earl_of_Kent	Anthony Grey, 11th Earl of Kent	http://www.w3.org/1999/02/22-rdf-syntax-ns#type	type	http://www.w3.org/2002/07/owl#Thing	entity	Thing
http://dbpedia.org/resource/Anthony_Grey,_11th_Earl_of_Kent	Anthony Grey, 11th Earl of Kent	http://www.w3.org/2000/01/rdf-schema#comment	comment	Anthony Grey (1645 – 19 August 1702) was Earl of Kent from 1651 to his death. He was the only son of Henry Grey, 10th Earl of Kent, and his second wife Amabel Benn daughter of Anthony Benn, Recorder of London. His sister Elizabeth Grey married Banastre Maynard, 3rd Baron Maynard. They were parents of Henry Maynard, 4th Baron Maynard, Grey Maynard, 5th Baron Maynard, and Charles Maynard, 1st Viscount Maynard. They had two children:  * Henry Grey, 1st Duke of Kent (1671–1740)  * Amabel Grey.	http://www.w3.org/1999/02/22-rdf-syntax-ns#langString	
http://dbpedia.org/resource/Anthony_Grey,_11th_Earl_of_Kent	Anthony Grey, 11th Earl of Kent	http://www.w3.org/2000/01/rdf-schema#label	label	Anthony Grey, 11th Earl of Kent	http://www.w3.org/1999/02/22-rdf-syntax-ns#langString	
http://dbpedia.org/resource/Anthony_Grey,_11th_Earl_of_Kent	Anthony Grey, 11th Earl of Kent	http://www.w3.org/2002/07/owl#sameAs	sameAs	http://dbpedia.org/resource/Anthony_Grey,_11th_Earl_of_Kent	entity	Anthony Grey, 11th Earl of Kent
http://dbpedia.org/resource/Anthony_Grey,_11th_Earl_of_Kent	Anthony Grey, 11th Earl of Kent	http://www.w3.org/2002/07/owl#sameAs	sameAs	http://rdf.freebase.com/ns/m.0281lb2	entity	Anthony Grey, 11th Earl of Kent
http://dbpedia.org/resource/Anthony_Grey,_11th_Earl_of_Kent	Anthony Grey, 11th Earl of Kent	http://www.w3.org/2002/07/owl#sameAs	sameAs	http://www.wikidata.org/entity/Q253557	entity	Anthony Grey, 11th Earl of Kent
http://dbpedia.org/resource/Anthony_Grey,_11th_Earl_of_Kent	Anthony Grey, 11th Earl of Kent	http://www.w3.org/ns/prov#wasDerivedFrom	wasDerivedFrom	http://en.wikipedia.org/wiki/Anthony_Grey,_11th_Earl_of_Kent?oldid=732156179	uri	null
http://dbpedia.org/resource/Anthony_Grey,_11th_Earl_of_Kent	Anthony Grey, 11th Earl of Kent	http://xmlns.com/foaf/0.1/gender	gender	male	http://www.w3.org/1999/02/22-rdf-syntax-ns#langString	
http://dbpedia.org/resource/Anthony_Grey,_11th_Earl_of_Kent	Anthony Grey, 11th Earl of Kent	http://xmlns.com/foaf/0.1/givenName	Given name	Anthony	http://www.w3.org/1999/02/22-rdf-syntax-ns#langString	
http://dbpedia.org/resource/Anthony_Grey,_11th_Earl_of_Kent	Anthony Grey, 11th Earl of Kent	http://xmlns.com/foaf/0.1/isPrimaryTopicOf	is primary topic of	http://en.wikipedia.org/wiki/Anthony_Grey,_11th_Earl_of_Kent	uri	null
http://dbpedia.org/resource/Anthony_Grey,_11th_Earl_of_Kent	Anthony Grey, 11th Earl of Kent	http://xmlns.com/foaf/0.1/name	name	Anthony Grey, 11th Earl of Kent	http://www.w3.org/1999/02/22-rdf-syntax-ns#langString	
http://dbpedia.org/resource/Anthony_Grey,_11th_Earl_of_Kent	Anthony Grey, 11th Earl of Kent	http://xmlns.com/foaf/0.1/surname	Surname	Grey	http://www.w3.org/1999/02/22-rdf-syntax-ns#langString	
