sub	subl	prop	propl	obj	obj_t	obj_l
http://rdf.freebase.com/ns/m.0281lb2	Anthony Grey, 11th Earl of Kent	http://rdf.freebase.com/key/en	com/key/en	anthony_grey_11th_earl_of_kent	http://www.w3.org/2001/XMLSchema#string	
http://rdf.freebase.com/ns/m.0281lb2	Anthony Grey, 11th Earl of Kent	http://rdf.freebase.com/key/wikipedia.en	en	Anthony_Grey,_11th_Earl_of_Kent	http://www.w3.org/2001/XMLSchema#string	
http://rdf.freebase.com/ns/m.0281lb2	Anthony Grey, 11th Earl of Kent	http://rdf.freebase.com/key/wikipedia.en_id	en_id	9248812	http://www.w3.org/2001/XMLSchema#string	
http://rdf.freebase.com/ns/m.0281lb2	Anthony Grey, 11th Earl of Kent	http://rdf.freebase.com/key/wikipedia.en_title	en_title	Anthony_Grey,_11th_Earl_of_Kent	http://www.w3.org/2001/XMLSchema#string	
http://rdf.freebase.com/ns/m.0281lb2	Anthony Grey, 11th Earl of Kent	http://rdf.freebase.com/ns/common.topic.article	Article	Anthony Grey (1645 – 19 August 1702) was Earl of Kent from 1651 to his death. He was the only son of Henry Grey, 10th Earl of Kent and his second wife Amabel Benn. His sister Elizabeth Grey married Banastre Maynard, 3rd Baron Maynard. They were parents of Henry Maynard, 4th Baron Maynard, Grey Maynard, 5th Baron Maynard and Charles Maynard, 1st Viscount Maynard. Anthony married Mary Lucas, Baroness Lucas of Crudwell only surviving child of John Lucas, 1st Baron Lucas of Shenfield and Anne Nevill. Anne was a daughter of Sir Christopher Nevill and Mary Darcy. Christopher was a son of Edward Nevill, 8th Baron Bergavenny and Rachel Lennard. They had two children:	http://www.w3.org/1999/02/22-rdf-syntax-ns#langString	
http://rdf.freebase.com/ns/m.0281lb2	Anthony Grey, 11th Earl of Kent	http://rdf.freebase.com/ns/common.topic.description	Description	Anthony Grey was Earl of Kent from 1651 to his death. He was the only son of Henry Grey, 10th Earl of Kent, and his second wife Amabel Benn daughter of Anthony Benn, Recorder of London. His sister Elizabeth Grey married Banastre Maynard, 3rd Baron Maynard. They were parents of Henry Maynard, 4th Baron Maynard, Grey Maynard, 5th Baron Maynard, and Charles Maynard, 1st Viscount Maynard. Anthony married Mary Lucas, Baroness Lucas of Crudwell, only surviving child of John Lucas, 1st Baron Lucas of Shenfield, and Anne Nevill. Anne was a daughter of Sir Christopher Nevill and Mary Darcy. Christopher was a son of Edward Nevill, 8th Baron Bergavenny, and Rachel Lennard. They had two children: Henry Grey, 1st Duke of Kent Amabel Grey.	http://www.w3.org/1999/02/22-rdf-syntax-ns#langString	
http://rdf.freebase.com/ns/m.0281lb2	Anthony Grey, 11th Earl of Kent	http://rdf.freebase.com/ns/common.topic.notable_for	Notable for	Noble person	http://www.w3.org/1999/02/22-rdf-syntax-ns#langString	
http://rdf.freebase.com/ns/m.0281lb2	Anthony Grey, 11th Earl of Kent	http://rdf.freebase.com/ns/common.topic.notable_types	Notable types	http://rdf.freebase.com/ns/m.04l4q52	entity	Noble person
http://rdf.freebase.com/ns/m.0281lb2	Anthony Grey, 11th Earl of Kent	http://rdf.freebase.com/ns/common.topic.topic_equivalent_webpage	Topic equivalent webpage	http://de.wikipedia.org/wiki/Anthony_Grey,_11._Earl_of_Kent	uri	null
http://rdf.freebase.com/ns/m.0281lb2	Anthony Grey, 11th Earl of Kent	http://rdf.freebase.com/ns/common.topic.topic_equivalent_webpage	Topic equivalent webpage	http://de.wikipedia.org/wiki/index.html?curid=5004967	uri	null
http://rdf.freebase.com/ns/m.0281lb2	Anthony Grey, 11th Earl of Kent	http://rdf.freebase.com/ns/common.topic.topic_equivalent_webpage	Topic equivalent webpage	http://en.wikipedia.org/wiki/Anthony_Grey,_11th_Earl_of_Kent	uri	null
http://rdf.freebase.com/ns/m.0281lb2	Anthony Grey, 11th Earl of Kent	http://rdf.freebase.com/ns/common.topic.topic_equivalent_webpage	Topic equivalent webpage	http://en.wikipedia.org/wiki/index.html?curid=9248812	uri	null
http://rdf.freebase.com/ns/m.0281lb2	Anthony Grey, 11th Earl of Kent	http://rdf.freebase.com/ns/common.topic.topic_equivalent_webpage	Topic equivalent webpage	http://it.wikipedia.org/wiki/Anthony_Grey,_XI_conte_di_Kent	uri	null
http://rdf.freebase.com/ns/m.0281lb2	Anthony Grey, 11th Earl of Kent	http://rdf.freebase.com/ns/common.topic.topic_equivalent_webpage	Topic equivalent webpage	http://it.wikipedia.org/wiki/index.html?curid=4487220	uri	null
http://rdf.freebase.com/ns/m.0281lb2	Anthony Grey, 11th Earl of Kent	http://rdf.freebase.com/ns/kg.object_profile.prominent_type	prominent type	http://rdf.freebase.com/ns/royalty.noble_person	entity	Noble person
http://rdf.freebase.com/ns/m.0281lb2	Anthony Grey, 11th Earl of Kent	http://rdf.freebase.com/ns/people.deceased_person.date_of_death	Date of death	1702-08-19	http://www.w3.org/2001/XMLSchema#date	
http://rdf.freebase.com/ns/m.0281lb2	Anthony Grey, 11th Earl of Kent	http://rdf.freebase.com/ns/people.person.children	Children	http://rdf.freebase.com/ns/m.030gxm	entity	Henry Grey, 1st Duke of Kent
http://rdf.freebase.com/ns/m.0281lb2	Anthony Grey, 11th Earl of Kent	http://rdf.freebase.com/ns/people.person.date_of_birth	Date of birth	1645	http://www.w3.org/2001/XMLSchema#gYear	
http://rdf.freebase.com/ns/m.0281lb2	Anthony Grey, 11th Earl of Kent	http://rdf.freebase.com/ns/people.person.gender	Gender	http://rdf.freebase.com/ns/m.05zppz	entity	Male
http://rdf.freebase.com/ns/m.0281lb2	Anthony Grey, 11th Earl of Kent	http://rdf.freebase.com/ns/people.person.nationality	Country of nationality	http://rdf.freebase.com/ns/m.024pcx	entity	Kingdom of England
http://rdf.freebase.com/ns/m.0281lb2	Anthony Grey, 11th Earl of Kent	http://rdf.freebase.com/ns/people.person.nationality	Country of nationality	http://rdf.freebase.com/ns/m.02jx1	entity	England
http://rdf.freebase.com/ns/m.0281lb2	Anthony Grey, 11th Earl of Kent	http://rdf.freebase.com/ns/people.person.parents	Parents	http://rdf.freebase.com/ns/m.0281l2w	entity	Henry Grey, 10th Earl of Kent
http://rdf.freebase.com/ns/m.0281lb2	Anthony Grey, 11th Earl of Kent	http://rdf.freebase.com/ns/people.person.spouse_s	Spouse (or domestic partner)	http://rdf.freebase.com/ns/m.0bj94j_	entity	Mary Grey, Countess of Kent
http://rdf.freebase.com/ns/m.0281lb2	Anthony Grey, 11th Earl of Kent	http://rdf.freebase.com/ns/royalty.noble_person.titles	Titles	http://rdf.freebase.com/ns/m.0bj949f	entity	Earl of Kent
http://rdf.freebase.com/ns/m.0281lb2	Anthony Grey, 11th Earl of Kent	http://rdf.freebase.com/ns/type.object.key	Key	/en/anthony_grey_11th_earl_of_kent	http://www.w3.org/2001/XMLSchema#string	
http://rdf.freebase.com/ns/m.0281lb2	Anthony Grey, 11th Earl of Kent	http://rdf.freebase.com/ns/type.object.key	Key	/wikipedia/de/Anthony_Grey,_11._Earl_of_Kent	http://www.w3.org/2001/XMLSchema#string	
http://rdf.freebase.com/ns/m.0281lb2	Anthony Grey, 11th Earl of Kent	http://rdf.freebase.com/ns/type.object.key	Key	/wikipedia/de_id/5004967	http://www.w3.org/2001/XMLSchema#string	
http://rdf.freebase.com/ns/m.0281lb2	Anthony Grey, 11th Earl of Kent	http://rdf.freebase.com/ns/type.object.key	Key	/wikipedia/de_title/Anthony_Grey,_11._Earl_of_Kent	http://www.w3.org/2001/XMLSchema#string	
http://rdf.freebase.com/ns/m.0281lb2	Anthony Grey, 11th Earl of Kent	http://rdf.freebase.com/ns/type.object.key	Key	/wikipedia/en/Anthony_Grey,_11th_Earl_of_Kent	http://www.w3.org/2001/XMLSchema#string	
http://rdf.freebase.com/ns/m.0281lb2	Anthony Grey, 11th Earl of Kent	http://rdf.freebase.com/ns/type.object.key	Key	/wikipedia/en_id/9248812	http://www.w3.org/2001/XMLSchema#string	
http://rdf.freebase.com/ns/m.0281lb2	Anthony Grey, 11th Earl of Kent	http://rdf.freebase.com/ns/type.object.key	Key	/wikipedia/en_title/Anthony_Grey,_11th_Earl_of_Kent	http://www.w3.org/2001/XMLSchema#string	
http://rdf.freebase.com/ns/m.0281lb2	Anthony Grey, 11th Earl of Kent	http://rdf.freebase.com/ns/type.object.key	Key	/wikipedia/it/Anthony_Grey,_XI_conte_di_Kent	http://www.w3.org/2001/XMLSchema#string	
http://rdf.freebase.com/ns/m.0281lb2	Anthony Grey, 11th Earl of Kent	http://rdf.freebase.com/ns/type.object.key	Key	/wikipedia/it_id/4487220	http://www.w3.org/2001/XMLSchema#string	
http://rdf.freebase.com/ns/m.0281lb2	Anthony Grey, 11th Earl of Kent	http://rdf.freebase.com/ns/type.object.key	Key	/wikipedia/it_title/Anthony_Grey,_XI_conte_di_Kent	http://www.w3.org/2001/XMLSchema#string	
http://rdf.freebase.com/ns/m.0281lb2	Anthony Grey, 11th Earl of Kent	http://rdf.freebase.com/ns/type.object.name	Name	Anthony Grey, 11th Earl of Kent	http://www.w3.org/1999/02/22-rdf-syntax-ns#langString	
http://rdf.freebase.com/ns/m.0281lb2	Anthony Grey, 11th Earl of Kent	http://rdf.freebase.com/ns/type.object.type	Type	http://rdf.freebase.com/ns/base.type_ontology.agent	entity	Agent
http://rdf.freebase.com/ns/m.0281lb2	Anthony Grey, 11th Earl of Kent	http://rdf.freebase.com/ns/type.object.type	Type	http://rdf.freebase.com/ns/base.type_ontology.animate	entity	Animate
http://rdf.freebase.com/ns/m.0281lb2	Anthony Grey, 11th Earl of Kent	http://rdf.freebase.com/ns/type.object.type	Type	http://rdf.freebase.com/ns/base.type_ontology.physically_instantiable	entity	Physically Instantiable
http://rdf.freebase.com/ns/m.0281lb2	Anthony Grey, 11th Earl of Kent	http://rdf.freebase.com/ns/type.object.type	Type	http://rdf.freebase.com/ns/common.topic	entity	Topic
http://rdf.freebase.com/ns/m.0281lb2	Anthony Grey, 11th Earl of Kent	http://rdf.freebase.com/ns/type.object.type	Type	http://rdf.freebase.com/ns/government.politician	entity	Politician
http://rdf.freebase.com/ns/m.0281lb2	Anthony Grey, 11th Earl of Kent	http://rdf.freebase.com/ns/type.object.type	Type	http://rdf.freebase.com/ns/people.deceased_person	entity	Deceased Person
http://rdf.freebase.com/ns/m.0281lb2	Anthony Grey, 11th Earl of Kent	http://rdf.freebase.com/ns/type.object.type	Type	http://rdf.freebase.com/ns/people.person	entity	Person
http://rdf.freebase.com/ns/m.0281lb2	Anthony Grey, 11th Earl of Kent	http://rdf.freebase.com/ns/type.object.type	Type	http://rdf.freebase.com/ns/royalty.noble_person	entity	Noble person
http://rdf.freebase.com/ns/m.0281lb2	Anthony Grey, 11th Earl of Kent	http://www.w3.org/1999/02/22-rdf-syntax-ns#type	type	http://rdf.freebase.com/ns/base.type_ontology.agent	entity	Agent
http://rdf.freebase.com/ns/m.0281lb2	Anthony Grey, 11th Earl of Kent	http://www.w3.org/1999/02/22-rdf-syntax-ns#type	type	http://rdf.freebase.com/ns/base.type_ontology.animate	entity	Animate
http://rdf.freebase.com/ns/m.0281lb2	Anthony Grey, 11th Earl of Kent	http://www.w3.org/1999/02/22-rdf-syntax-ns#type	type	http://rdf.freebase.com/ns/base.type_ontology.physically_instantiable	entity	Physically Instantiable
http://rdf.freebase.com/ns/m.0281lb2	Anthony Grey, 11th Earl of Kent	http://www.w3.org/1999/02/22-rdf-syntax-ns#type	type	http://rdf.freebase.com/ns/common.topic	entity	Topic
http://rdf.freebase.com/ns/m.0281lb2	Anthony Grey, 11th Earl of Kent	http://www.w3.org/1999/02/22-rdf-syntax-ns#type	type	http://rdf.freebase.com/ns/government.politician	entity	Politician
http://rdf.freebase.com/ns/m.0281lb2	Anthony Grey, 11th Earl of Kent	http://www.w3.org/1999/02/22-rdf-syntax-ns#type	type	http://rdf.freebase.com/ns/people.deceased_person	entity	Deceased Person
http://rdf.freebase.com/ns/m.0281lb2	Anthony Grey, 11th Earl of Kent	http://www.w3.org/1999/02/22-rdf-syntax-ns#type	type	http://rdf.freebase.com/ns/people.person	entity	Person
http://rdf.freebase.com/ns/m.0281lb2	Anthony Grey, 11th Earl of Kent	http://www.w3.org/1999/02/22-rdf-syntax-ns#type	type	http://rdf.freebase.com/ns/royalty.noble_person	entity	Noble person
http://rdf.freebase.com/ns/m.0281lb2	Anthony Grey, 11th Earl of Kent	http://www.w3.org/2000/01/rdf-schema#label	label	Anthony Grey, 11th Earl of Kent	http://www.w3.org/1999/02/22-rdf-syntax-ns#langString	
