sub	subl	prop	propl	obj	obj_t	obj_l
http://yago-knowledge.org/resource/Anthony_Grey,_11th_Earl_of_Kent	Anthony Grey, 11th Earl of Kent	http://www.w3.org/1999/02/22-rdf-syntax-ns#type	type	http://www.w3.org/2002/07/owl#Thing	entity	Thing
http://yago-knowledge.org/resource/Anthony_Grey,_11th_Earl_of_Kent	Anthony Grey, 11th Earl of Kent	http://www.w3.org/1999/02/22-rdf-syntax-ns#type	type	http://yago-knowledge.org/resource/wikicat_Earls_in_the_Peerage_of_England	entity	Earls in the Peerage of England
http://yago-knowledge.org/resource/Anthony_Grey,_11th_Earl_of_Kent	Anthony Grey, 11th Earl of Kent	http://www.w3.org/1999/02/22-rdf-syntax-ns#type	type	http://yago-knowledge.org/resource/wikicat_English_people	entity	English people
http://yago-knowledge.org/resource/Anthony_Grey,_11th_Earl_of_Kent	Anthony Grey, 11th Earl of Kent	http://www.w3.org/1999/02/22-rdf-syntax-ns#type	type	http://yago-knowledge.org/resource/wikicat_English_politicians	entity	English politicians
http://yago-knowledge.org/resource/Anthony_Grey,_11th_Earl_of_Kent	Anthony Grey, 11th Earl of Kent	http://www.w3.org/1999/02/22-rdf-syntax-ns#type	type	http://yago-knowledge.org/resource/wordnet_aristocrat_109807754	entity	aristocrat
http://yago-knowledge.org/resource/Anthony_Grey,_11th_Earl_of_Kent	Anthony Grey, 11th Earl of Kent	http://www.w3.org/1999/02/22-rdf-syntax-ns#type	type	http://yago-knowledge.org/resource/wordnet_causal_agent_100007347	entity	causal agent
http://yago-knowledge.org/resource/Anthony_Grey,_11th_Earl_of_Kent	Anthony Grey, 11th Earl of Kent	http://www.w3.org/1999/02/22-rdf-syntax-ns#type	type	http://yago-knowledge.org/resource/wordnet_earl_110041373	entity	earl
http://yago-knowledge.org/resource/Anthony_Grey,_11th_Earl_of_Kent	Anthony Grey, 11th Earl of Kent	http://www.w3.org/1999/02/22-rdf-syntax-ns#type	type	http://yago-knowledge.org/resource/wordnet_leader_109623038	entity	leader
http://yago-knowledge.org/resource/Anthony_Grey,_11th_Earl_of_Kent	Anthony Grey, 11th Earl of Kent	http://www.w3.org/1999/02/22-rdf-syntax-ns#type	type	http://yago-knowledge.org/resource/wordnet_living_thing_100004258	entity	living thing
http://yago-knowledge.org/resource/Anthony_Grey,_11th_Earl_of_Kent	Anthony Grey, 11th Earl of Kent	http://www.w3.org/1999/02/22-rdf-syntax-ns#type	type	http://yago-knowledge.org/resource/wordnet_male_aristocrat_110285135	entity	male aristocrat
http://yago-knowledge.org/resource/Anthony_Grey,_11th_Earl_of_Kent	Anthony Grey, 11th Earl of Kent	http://www.w3.org/1999/02/22-rdf-syntax-ns#type	type	http://yago-knowledge.org/resource/wordnet_noble_110271677	entity	noble
http://yago-knowledge.org/resource/Anthony_Grey,_11th_Earl_of_Kent	Anthony Grey, 11th Earl of Kent	http://www.w3.org/1999/02/22-rdf-syntax-ns#type	type	http://yago-knowledge.org/resource/wordnet_object_100002684	entity	object
http://yago-knowledge.org/resource/Anthony_Grey,_11th_Earl_of_Kent	Anthony Grey, 11th Earl of Kent	http://www.w3.org/1999/02/22-rdf-syntax-ns#type	type	http://yago-knowledge.org/resource/wordnet_organism_100004475	entity	organism
http://yago-knowledge.org/resource/Anthony_Grey,_11th_Earl_of_Kent	Anthony Grey, 11th Earl of Kent	http://www.w3.org/1999/02/22-rdf-syntax-ns#type	type	http://yago-knowledge.org/resource/wordnet_peer_110412910	entity	peer
http://yago-knowledge.org/resource/Anthony_Grey,_11th_Earl_of_Kent	Anthony Grey, 11th Earl of Kent	http://www.w3.org/1999/02/22-rdf-syntax-ns#type	type	http://yago-knowledge.org/resource/wordnet_person_100007846	entity	person
http://yago-knowledge.org/resource/Anthony_Grey,_11th_Earl_of_Kent	Anthony Grey, 11th Earl of Kent	http://www.w3.org/1999/02/22-rdf-syntax-ns#type	type	http://yago-knowledge.org/resource/wordnet_physical_entity_100001930	entity	physical entity
http://yago-knowledge.org/resource/Anthony_Grey,_11th_Earl_of_Kent	Anthony Grey, 11th Earl of Kent	http://www.w3.org/1999/02/22-rdf-syntax-ns#type	type	http://yago-knowledge.org/resource/wordnet_politician_110450303	entity	politician
http://yago-knowledge.org/resource/Anthony_Grey,_11th_Earl_of_Kent	Anthony Grey, 11th Earl of Kent	http://www.w3.org/1999/02/22-rdf-syntax-ns#type	type	http://yago-knowledge.org/resource/wordnet_whole_100003553	entity	whole
http://yago-knowledge.org/resource/Anthony_Grey,_11th_Earl_of_Kent	Anthony Grey, 11th Earl of Kent	http://www.w3.org/1999/02/22-rdf-syntax-ns#type	type	http://yago-knowledge.org/resource/yagoLegalActor	entity	legal actor
http://yago-knowledge.org/resource/Anthony_Grey,_11th_Earl_of_Kent	Anthony Grey, 11th Earl of Kent	http://www.w3.org/1999/02/22-rdf-syntax-ns#type	type	http://yago-knowledge.org/resource/yagoLegalActorGeo	entity	legal actor or geographic entity
http://yago-knowledge.org/resource/Anthony_Grey,_11th_Earl_of_Kent	Anthony Grey, 11th Earl of Kent	http://www.w3.org/2000/01/rdf-schema#label	label	Anthony Grey	http://www.w3.org/1999/02/22-rdf-syntax-ns#langString	
http://yago-knowledge.org/resource/Anthony_Grey,_11th_Earl_of_Kent	Anthony Grey, 11th Earl of Kent	http://www.w3.org/2000/01/rdf-schema#label	label	Anthony Grey, 11th Earl of Kent	http://www.w3.org/1999/02/22-rdf-syntax-ns#langString	
http://yago-knowledge.org/resource/Anthony_Grey,_11th_Earl_of_Kent	Anthony Grey, 11th Earl of Kent	http://www.w3.org/2002/07/owl#sameAs	sameAs	http://dbpedia.org/resource/Anthony_Grey,_11th_Earl_of_Kent	entity	Anthony Grey, 11th Earl of Kent
http://yago-knowledge.org/resource/Anthony_Grey,_11th_Earl_of_Kent	Anthony Grey, 11th Earl of Kent	http://www.w3.org/2004/02/skos/core#prefLabel	preferred label	Anthony Grey, 11th Earl of Kent	http://www.w3.org/1999/02/22-rdf-syntax-ns#langString	
http://yago-knowledge.org/resource/Anthony_Grey,_11th_Earl_of_Kent	Anthony Grey, 11th Earl of Kent	http://yago-knowledge.org/resource/diedOnDate	Date of death	1702-01-01	http://www.w3.org/2001/XMLSchema#date	
http://yago-knowledge.org/resource/Anthony_Grey,_11th_Earl_of_Kent	Anthony Grey, 11th Earl of Kent	http://yago-knowledge.org/resource/hasGender	sex or gender	http://yago-knowledge.org/resource/male	entity	male
http://yago-knowledge.org/resource/Anthony_Grey,_11th_Earl_of_Kent	Anthony Grey, 11th Earl of Kent	http://yago-knowledge.org/resource/hasWikipediaAnchorText	null	A Grey family pedigree	http://www.w3.org/1999/02/22-rdf-syntax-ns#langString	
http://yago-knowledge.org/resource/Anthony_Grey,_11th_Earl_of_Kent	Anthony Grey, 11th Earl of Kent	http://yago-knowledge.org/resource/hasWikipediaAnchorText	null	Banastre Maynard, 3rd Baron Maynard	http://www.w3.org/1999/02/22-rdf-syntax-ns#langString	
http://yago-knowledge.org/resource/Anthony_Grey,_11th_Earl_of_Kent	Anthony Grey, 11th Earl of Kent	http://yago-knowledge.org/resource/hasWikipediaAnchorText	null	Charles Maynard, 1st Viscount Maynard	http://www.w3.org/1999/02/22-rdf-syntax-ns#langString	
http://yago-knowledge.org/resource/Anthony_Grey,_11th_Earl_of_Kent	Anthony Grey, 11th Earl of Kent	http://yago-knowledge.org/resource/hasWikipediaAnchorText	null	Earl of Kent	http://www.w3.org/1999/02/22-rdf-syntax-ns#langString	
http://yago-knowledge.org/resource/Anthony_Grey,_11th_Earl_of_Kent	Anthony Grey, 11th Earl of Kent	http://yago-knowledge.org/resource/hasWikipediaAnchorText	null	Edward Nevill, 8th Baron Bergavenny	http://www.w3.org/1999/02/22-rdf-syntax-ns#langString	
http://yago-knowledge.org/resource/Anthony_Grey,_11th_Earl_of_Kent	Anthony Grey, 11th Earl of Kent	http://yago-knowledge.org/resource/hasWikipediaAnchorText	null	Grey Maynard, 5th Baron Maynard	http://www.w3.org/1999/02/22-rdf-syntax-ns#langString	
http://yago-knowledge.org/resource/Anthony_Grey,_11th_Earl_of_Kent	Anthony Grey, 11th Earl of Kent	http://yago-knowledge.org/resource/hasWikipediaAnchorText	null	Henry Grey	http://www.w3.org/1999/02/22-rdf-syntax-ns#langString	
http://yago-knowledge.org/resource/Anthony_Grey,_11th_Earl_of_Kent	Anthony Grey, 11th Earl of Kent	http://yago-knowledge.org/resource/hasWikipediaAnchorText	null	Henry Grey, 10th Earl of Kent	http://www.w3.org/1999/02/22-rdf-syntax-ns#langString	
http://yago-knowledge.org/resource/Anthony_Grey,_11th_Earl_of_Kent	Anthony Grey, 11th Earl of Kent	http://yago-knowledge.org/resource/hasWikipediaAnchorText	null	Henry Grey, 1st Duke of Kent	http://www.w3.org/1999/02/22-rdf-syntax-ns#langString	
http://yago-knowledge.org/resource/Anthony_Grey,_11th_Earl_of_Kent	Anthony Grey, 11th Earl of Kent	http://yago-knowledge.org/resource/hasWikipediaAnchorText	null	Henry Maynard, 4th Baron Maynard	http://www.w3.org/1999/02/22-rdf-syntax-ns#langString	
http://yago-knowledge.org/resource/Anthony_Grey,_11th_Earl_of_Kent	Anthony Grey, 11th Earl of Kent	http://yago-knowledge.org/resource/hasWikipediaAnchorText	null	John Lucas, 1st Baron Lucas of Shenfield	http://www.w3.org/1999/02/22-rdf-syntax-ns#langString	
http://yago-knowledge.org/resource/Anthony_Grey,_11th_Earl_of_Kent	Anthony Grey, 11th Earl of Kent	http://yago-knowledge.org/resource/hasWikipediaAnchorText	null	Mary Lucas, Baroness Lucas of Crudwell	http://www.w3.org/1999/02/22-rdf-syntax-ns#langString	
http://yago-knowledge.org/resource/Anthony_Grey,_11th_Earl_of_Kent	Anthony Grey, 11th Earl of Kent	http://yago-knowledge.org/resource/hasWikipediaAnchorText	null	The Complete Peerage	http://www.w3.org/1999/02/22-rdf-syntax-ns#langString	
http://yago-knowledge.org/resource/Anthony_Grey,_11th_Earl_of_Kent	Anthony Grey, 11th Earl of Kent	http://yago-knowledge.org/resource/hasWikipediaArticleLength	null	1718	http://www.w3.org/2001/XMLSchema#integer	
http://yago-knowledge.org/resource/Anthony_Grey,_11th_Earl_of_Kent	Anthony Grey, 11th Earl of Kent	http://yago-knowledge.org/resource/hasWikipediaUrl	null	http://en.wikipedia.org/wiki/Anthony_Grey%2C_11th_Earl_of_Kent	uri	null
http://yago-knowledge.org/resource/Anthony_Grey,_11th_Earl_of_Kent	Anthony Grey, 11th Earl of Kent	http://yago-knowledge.org/resource/linksTo	null	http://yago-knowledge.org/resource/Banastre_Maynard,_3rd_Baron_Maynard	entity	Banastre Maynard, 3rd Baron Maynard
http://yago-knowledge.org/resource/Anthony_Grey,_11th_Earl_of_Kent	Anthony Grey, 11th Earl of Kent	http://yago-knowledge.org/resource/linksTo	null	http://yago-knowledge.org/resource/Baron_Lucas	entity	Baron Lucas
http://yago-knowledge.org/resource/Anthony_Grey,_11th_Earl_of_Kent	Anthony Grey, 11th Earl of Kent	http://yago-knowledge.org/resource/linksTo	null	http://yago-knowledge.org/resource/Earl_of_Kent	entity	Earl of Kent
http://yago-knowledge.org/resource/Anthony_Grey,_11th_Earl_of_Kent	Anthony Grey, 11th Earl of Kent	http://yago-knowledge.org/resource/linksTo	null	http://yago-knowledge.org/resource/Edward_Nevill,_8th_Baron_Bergavenny	entity	Edward Nevill, 8th Baron Bergavenny
http://yago-knowledge.org/resource/Anthony_Grey,_11th_Earl_of_Kent	Anthony Grey, 11th Earl of Kent	http://yago-knowledge.org/resource/linksTo	null	http://yago-knowledge.org/resource/Henry_Grey,_10th_Earl_of_Kent	entity	Henry Grey, 10th Earl of Kent
http://yago-knowledge.org/resource/Anthony_Grey,_11th_Earl_of_Kent	Anthony Grey, 11th Earl of Kent	http://yago-knowledge.org/resource/linksTo	null	http://yago-knowledge.org/resource/Henry_Grey,_1st_Duke_of_Kent	entity	Henry Grey, 1st Duke of Kent
http://yago-knowledge.org/resource/Anthony_Grey,_11th_Earl_of_Kent	Anthony Grey, 11th Earl of Kent	http://yago-knowledge.org/resource/linksTo	null	http://yago-knowledge.org/resource/The_Complete_Peerage	entity	The Complete Peerage
http://yago-knowledge.org/resource/Anthony_Grey,_11th_Earl_of_Kent	Anthony Grey, 11th Earl of Kent	http://yago-knowledge.org/resource/linksTo	null	http://yago-knowledge.org/resource/Viscount_Maynard	entity	Viscount Maynard
http://yago-knowledge.org/resource/Anthony_Grey,_11th_Earl_of_Kent	Anthony Grey, 11th Earl of Kent	http://yago-knowledge.org/resource/wasBornOnDate	date of birth	1645-01-01	http://www.w3.org/2001/XMLSchema#date	
