sub	subl	prop	propl	obj	obj_t	obj_l
http://yago-knowledge.org/resource/Anthony_Grey,_Earl_of_Harold	Anthony Grey, Earl of Harold	http://www.w3.org/1999/02/22-rdf-syntax-ns#type	type	http://www.w3.org/2002/07/owl#Thing	entity	Thing
http://yago-knowledge.org/resource/Anthony_Grey,_Earl_of_Harold	Anthony Grey, Earl of Harold	http://www.w3.org/1999/02/22-rdf-syntax-ns#type	type	http://yago-knowledge.org/resource/wikicat_Barons_in_the_Peerage_of_England	entity	Barons in the Peerage of England
http://yago-knowledge.org/resource/Anthony_Grey,_Earl_of_Harold	Anthony Grey, Earl of Harold	http://www.w3.org/1999/02/22-rdf-syntax-ns#type	type	http://yago-knowledge.org/resource/wikicat_Courtesy_earls	entity	Courtesy earls
http://yago-knowledge.org/resource/Anthony_Grey,_Earl_of_Harold	Anthony Grey, Earl of Harold	http://www.w3.org/1999/02/22-rdf-syntax-ns#type	type	http://yago-knowledge.org/resource/wordnet_aristocrat_109807754	entity	aristocrat
http://yago-knowledge.org/resource/Anthony_Grey,_Earl_of_Harold	Anthony Grey, Earl of Harold	http://www.w3.org/1999/02/22-rdf-syntax-ns#type	type	http://yago-knowledge.org/resource/wordnet_baron_109840520	entity	baron
http://yago-knowledge.org/resource/Anthony_Grey,_Earl_of_Harold	Anthony Grey, Earl of Harold	http://www.w3.org/1999/02/22-rdf-syntax-ns#type	type	http://yago-knowledge.org/resource/wordnet_causal_agent_100007347	entity	causal agent
http://yago-knowledge.org/resource/Anthony_Grey,_Earl_of_Harold	Anthony Grey, Earl of Harold	http://www.w3.org/1999/02/22-rdf-syntax-ns#type	type	http://yago-knowledge.org/resource/wordnet_earl_110041373	entity	earl
http://yago-knowledge.org/resource/Anthony_Grey,_Earl_of_Harold	Anthony Grey, Earl of Harold	http://www.w3.org/1999/02/22-rdf-syntax-ns#type	type	http://yago-knowledge.org/resource/wordnet_leader_109623038	entity	leader
http://yago-knowledge.org/resource/Anthony_Grey,_Earl_of_Harold	Anthony Grey, Earl of Harold	http://www.w3.org/1999/02/22-rdf-syntax-ns#type	type	http://yago-knowledge.org/resource/wordnet_living_thing_100004258	entity	living thing
http://yago-knowledge.org/resource/Anthony_Grey,_Earl_of_Harold	Anthony Grey, Earl of Harold	http://www.w3.org/1999/02/22-rdf-syntax-ns#type	type	http://yago-knowledge.org/resource/wordnet_male_aristocrat_110285135	entity	male aristocrat
http://yago-knowledge.org/resource/Anthony_Grey,_Earl_of_Harold	Anthony Grey, Earl of Harold	http://www.w3.org/1999/02/22-rdf-syntax-ns#type	type	http://yago-knowledge.org/resource/wordnet_noble_110271677	entity	noble
http://yago-knowledge.org/resource/Anthony_Grey,_Earl_of_Harold	Anthony Grey, Earl of Harold	http://www.w3.org/1999/02/22-rdf-syntax-ns#type	type	http://yago-knowledge.org/resource/wordnet_object_100002684	entity	object
http://yago-knowledge.org/resource/Anthony_Grey,_Earl_of_Harold	Anthony Grey, Earl of Harold	http://www.w3.org/1999/02/22-rdf-syntax-ns#type	type	http://yago-knowledge.org/resource/wordnet_organism_100004475	entity	organism
http://yago-knowledge.org/resource/Anthony_Grey,_Earl_of_Harold	Anthony Grey, Earl of Harold	http://www.w3.org/1999/02/22-rdf-syntax-ns#type	type	http://yago-knowledge.org/resource/wordnet_peer_110412910	entity	peer
http://yago-knowledge.org/resource/Anthony_Grey,_Earl_of_Harold	Anthony Grey, Earl of Harold	http://www.w3.org/1999/02/22-rdf-syntax-ns#type	type	http://yago-knowledge.org/resource/wordnet_person_100007846	entity	person
http://yago-knowledge.org/resource/Anthony_Grey,_Earl_of_Harold	Anthony Grey, Earl of Harold	http://www.w3.org/1999/02/22-rdf-syntax-ns#type	type	http://yago-knowledge.org/resource/wordnet_physical_entity_100001930	entity	physical entity
http://yago-knowledge.org/resource/Anthony_Grey,_Earl_of_Harold	Anthony Grey, Earl of Harold	http://www.w3.org/1999/02/22-rdf-syntax-ns#type	type	http://yago-knowledge.org/resource/wordnet_whole_100003553	entity	whole
http://yago-knowledge.org/resource/Anthony_Grey,_Earl_of_Harold	Anthony Grey, Earl of Harold	http://www.w3.org/1999/02/22-rdf-syntax-ns#type	type	http://yago-knowledge.org/resource/yagoLegalActor	entity	legal actor
http://yago-knowledge.org/resource/Anthony_Grey,_Earl_of_Harold	Anthony Grey, Earl of Harold	http://www.w3.org/1999/02/22-rdf-syntax-ns#type	type	http://yago-knowledge.org/resource/yagoLegalActorGeo	entity	legal actor or geographic entity
http://yago-knowledge.org/resource/Anthony_Grey,_Earl_of_Harold	Anthony Grey, Earl of Harold	http://www.w3.org/2000/01/rdf-schema#label	label	Anthony Grey	http://www.w3.org/1999/02/22-rdf-syntax-ns#langString	
http://yago-knowledge.org/resource/Anthony_Grey,_Earl_of_Harold	Anthony Grey, Earl of Harold	http://www.w3.org/2000/01/rdf-schema#label	label	Anthony Grey, Earl of Harold	http://www.w3.org/1999/02/22-rdf-syntax-ns#langString	
http://yago-knowledge.org/resource/Anthony_Grey,_Earl_of_Harold	Anthony Grey, Earl of Harold	http://www.w3.org/2002/07/owl#sameAs	sameAs	http://dbpedia.org/resource/Anthony_Grey,_Earl_of_Harold	entity	Anthony Grey, Earl of Harold
http://yago-knowledge.org/resource/Anthony_Grey,_Earl_of_Harold	Anthony Grey, Earl of Harold	http://www.w3.org/2004/02/skos/core#prefLabel	preferred label	Anthony Grey, Earl of Harold	http://www.w3.org/1999/02/22-rdf-syntax-ns#langString	
http://yago-knowledge.org/resource/Anthony_Grey,_Earl_of_Harold	Anthony Grey, Earl of Harold	http://yago-knowledge.org/resource/diedOnDate	Date of death	1723-01-01	http://www.w3.org/2001/XMLSchema#date	
http://yago-knowledge.org/resource/Anthony_Grey,_Earl_of_Harold	Anthony Grey, Earl of Harold	http://yago-knowledge.org/resource/hasGender	sex or gender	http://yago-knowledge.org/resource/male	entity	male
http://yago-knowledge.org/resource/Anthony_Grey,_Earl_of_Harold	Anthony Grey, Earl of Harold	http://yago-knowledge.org/resource/hasWikipediaAnchorText	null	Baron Lucas	http://www.w3.org/1999/02/22-rdf-syntax-ns#langString	
http://yago-knowledge.org/resource/Anthony_Grey,_Earl_of_Harold	Anthony Grey, Earl of Harold	http://yago-knowledge.org/resource/hasWikipediaAnchorText	null	British	http://www.w3.org/1999/02/22-rdf-syntax-ns#langString	
http://yago-knowledge.org/resource/Anthony_Grey,_Earl_of_Harold	Anthony Grey, Earl of Harold	http://yago-knowledge.org/resource/hasWikipediaAnchorText	null	Henry Grey	http://www.w3.org/1999/02/22-rdf-syntax-ns#langString	
http://yago-knowledge.org/resource/Anthony_Grey,_Earl_of_Harold	Anthony Grey, Earl of Harold	http://yago-knowledge.org/resource/hasWikipediaAnchorText	null	Henry Grey, 1st Duke of Kent	http://www.w3.org/1999/02/22-rdf-syntax-ns#langString	
http://yago-knowledge.org/resource/Anthony_Grey,_Earl_of_Harold	Anthony Grey, Earl of Harold	http://yago-knowledge.org/resource/hasWikipediaAnchorText	null	House of Lords	http://www.w3.org/1999/02/22-rdf-syntax-ns#langString	
http://yago-knowledge.org/resource/Anthony_Grey,_Earl_of_Harold	Anthony Grey, Earl of Harold	http://yago-knowledge.org/resource/hasWikipediaAnchorText	null	John Leveson-Gower, 1st Earl Gower	http://www.w3.org/1999/02/22-rdf-syntax-ns#langString	
http://yago-knowledge.org/resource/Anthony_Grey,_Earl_of_Harold	Anthony Grey, Earl of Harold	http://yago-knowledge.org/resource/hasWikipediaAnchorText	null	Lord of the Bedchamber	http://www.w3.org/1999/02/22-rdf-syntax-ns#langString	
http://yago-knowledge.org/resource/Anthony_Grey,_Earl_of_Harold	Anthony Grey, Earl of Harold	http://yago-knowledge.org/resource/hasWikipediaAnchorText	null	The Letters of Horace Walpole, Earl of Orford — Volume 1 eBook	http://www.w3.org/1999/02/22-rdf-syntax-ns#langString	
http://yago-knowledge.org/resource/Anthony_Grey,_Earl_of_Harold	Anthony Grey, Earl of Harold	http://yago-knowledge.org/resource/hasWikipediaAnchorText	null	Thomas Crew, 2nd Baron Crew	http://www.w3.org/1999/02/22-rdf-syntax-ns#langString	
http://yago-knowledge.org/resource/Anthony_Grey,_Earl_of_Harold	Anthony Grey, Earl of Harold	http://yago-knowledge.org/resource/hasWikipediaAnchorText	null	Thomas Tufton, 6th Earl of Thanet	http://www.w3.org/1999/02/22-rdf-syntax-ns#langString	
http://yago-knowledge.org/resource/Anthony_Grey,_Earl_of_Harold	Anthony Grey, Earl of Harold	http://yago-knowledge.org/resource/hasWikipediaAnchorText	null	barley	http://www.w3.org/1999/02/22-rdf-syntax-ns#langString	
http://yago-knowledge.org/resource/Anthony_Grey,_Earl_of_Harold	Anthony Grey, Earl of Harold	http://yago-knowledge.org/resource/hasWikipediaAnchorText	null	barony of Lucas	http://www.w3.org/1999/02/22-rdf-syntax-ns#langString	
http://yago-knowledge.org/resource/Anthony_Grey,_Earl_of_Harold	Anthony Grey, Earl of Harold	http://yago-knowledge.org/resource/hasWikipediaAnchorText	null	ear	http://www.w3.org/1999/02/22-rdf-syntax-ns#langString	
http://yago-knowledge.org/resource/Anthony_Grey,_Earl_of_Harold	Anthony Grey, Earl of Harold	http://yago-knowledge.org/resource/hasWikipediaAnchorText	null	peer	http://www.w3.org/1999/02/22-rdf-syntax-ns#langString	
http://yago-knowledge.org/resource/Anthony_Grey,_Earl_of_Harold	Anthony Grey, Earl of Harold	http://yago-knowledge.org/resource/hasWikipediaAnchorText	null	writ of acceleration	http://www.w3.org/1999/02/22-rdf-syntax-ns#langString	
http://yago-knowledge.org/resource/Anthony_Grey,_Earl_of_Harold	Anthony Grey, Earl of Harold	http://yago-knowledge.org/resource/hasWikipediaArticleLength	null	2298	http://www.w3.org/2001/XMLSchema#integer	
http://yago-knowledge.org/resource/Anthony_Grey,_Earl_of_Harold	Anthony Grey, Earl of Harold	http://yago-knowledge.org/resource/hasWikipediaUrl	null	http://en.wikipedia.org/wiki/Anthony_Grey%2C_Earl_of_Harold	uri	null
http://yago-knowledge.org/resource/Anthony_Grey,_Earl_of_Harold	Anthony Grey, Earl of Harold	http://yago-knowledge.org/resource/linksTo	null	http://yago-knowledge.org/resource/Baron_Lucas	entity	Baron Lucas
http://yago-knowledge.org/resource/Anthony_Grey,_Earl_of_Harold	Anthony Grey, Earl of Harold	http://yago-knowledge.org/resource/linksTo	null	http://yago-knowledge.org/resource/Ear_(botany)	entity	Ear (botany)
http://yago-knowledge.org/resource/Anthony_Grey,_Earl_of_Harold	Anthony Grey, Earl of Harold	http://yago-knowledge.org/resource/linksTo	null	http://yago-knowledge.org/resource/Henry_Grey,_1st_Duke_of_Kent	entity	Henry Grey, 1st Duke of Kent
http://yago-knowledge.org/resource/Anthony_Grey,_Earl_of_Harold	Anthony Grey, Earl of Harold	http://yago-knowledge.org/resource/linksTo	null	http://yago-knowledge.org/resource/House_of_Lords	entity	House of Lords
http://yago-knowledge.org/resource/Anthony_Grey,_Earl_of_Harold	Anthony Grey, Earl of Harold	http://yago-knowledge.org/resource/linksTo	null	http://yago-knowledge.org/resource/John_Leveson-Gower,_1st_Earl_Gower	entity	John Leveson-Gower, 1st Earl Gower
http://yago-knowledge.org/resource/Anthony_Grey,_Earl_of_Harold	Anthony Grey, Earl of Harold	http://yago-knowledge.org/resource/linksTo	null	http://yago-knowledge.org/resource/Kingdom_of_Great_Britain	entity	Kingdom of Great Britain
http://yago-knowledge.org/resource/Anthony_Grey,_Earl_of_Harold	Anthony Grey, Earl of Harold	http://yago-knowledge.org/resource/linksTo	null	http://yago-knowledge.org/resource/Thomas_Crew,_2nd_Baron_Crew	entity	Thomas Crew, 2nd Baron Crew
http://yago-knowledge.org/resource/Anthony_Grey,_Earl_of_Harold	Anthony Grey, Earl of Harold	http://yago-knowledge.org/resource/linksTo	null	http://yago-knowledge.org/resource/Thomas_Tufton,_6th_Earl_of_Thanet	entity	Thomas Tufton, 6th Earl of Thanet
http://yago-knowledge.org/resource/Anthony_Grey,_Earl_of_Harold	Anthony Grey, Earl of Harold	http://yago-knowledge.org/resource/wasBornOnDate	date of birth	1695-01-01	http://www.w3.org/2001/XMLSchema#date	
