sub	subl	prop	propl	obj	obj_t	obj_l
http://dbpedia.org/resource/William_Beveridge	William Beveridge	http://dbpedia.org/ontology/abstract	has abstract	William Henry Beveridge, 1st Baron Beveridge KCB (5 March 1879 – 16 March 1963) was a British economist, noted progressive and social reformer. He is best known for his 1942 report Social Insurance and Allied Services (known as the Beveridge Report) which served as the basis for the post-World War II welfare state put in place by the Labour government elected in 1945. He was considered an authority on unemployment insurance from early in his career, served under Winston Churchill on the Board of Trade as Director of the newly created labour exchanges and later as Permanent Secretary of the Ministry of Food. He was Director of the London School of Economics and Political Science from 1919 until 1937, when he was elected Master of University College, Oxford. Beveridge published widely on unemployment and social security, his most notable works being: Unemployment: A Problem of Industry (1909), Planning Under Socialism (1936), Full Employment in a Free Society (1944), Pillars of Security (1943), Power and Influence (1953), and A Defence of Free Learning (1959).	http://www.w3.org/1999/02/22-rdf-syntax-ns#langString	
http://dbpedia.org/resource/William_Beveridge	William Beveridge	http://dbpedia.org/ontology/birthDate	birth date	1879-03-05	http://www.w3.org/2001/XMLSchema#date	
http://dbpedia.org/resource/William_Beveridge	William Beveridge	http://dbpedia.org/ontology/birthDate	birth date	1879-03-05	http://www.w3.org/2001/XMLSchema#date	
http://dbpedia.org/resource/William_Beveridge	William Beveridge	http://dbpedia.org/ontology/birthPlace	birth place	http://dbpedia.org/resource/Bengal,_Bangladesh	uri	null
http://dbpedia.org/resource/William_Beveridge	William Beveridge	http://dbpedia.org/ontology/birthPlace	birth place	http://dbpedia.org/resource/British_Raj	entity	British Raj
http://dbpedia.org/resource/William_Beveridge	William Beveridge	http://dbpedia.org/ontology/birthPlace	birth place	http://dbpedia.org/resource/Rangpur_City	entity	Rangpur City
http://dbpedia.org/resource/William_Beveridge	William Beveridge	http://dbpedia.org/ontology/birthYear	birth year	1879	http://www.w3.org/2001/XMLSchema#gYear	
http://dbpedia.org/resource/William_Beveridge	William Beveridge	http://dbpedia.org/ontology/deathDate	death date	1963-03-16	http://www.w3.org/2001/XMLSchema#date	
http://dbpedia.org/resource/William_Beveridge	William Beveridge	http://dbpedia.org/ontology/deathDate	death date	1963-03-16	http://www.w3.org/2001/XMLSchema#date	
http://dbpedia.org/resource/William_Beveridge	William Beveridge	http://dbpedia.org/ontology/deathPlace	death place	http://dbpedia.org/resource/England	entity	England
http://dbpedia.org/resource/William_Beveridge	William Beveridge	http://dbpedia.org/ontology/deathPlace	death place	http://dbpedia.org/resource/Oxford	entity	Oxford
http://dbpedia.org/resource/William_Beveridge	William Beveridge	http://dbpedia.org/ontology/deathYear	death year	1963	http://www.w3.org/2001/XMLSchema#gYear	
http://dbpedia.org/resource/William_Beveridge	William Beveridge	http://dbpedia.org/ontology/education	education	http://dbpedia.org/resource/Balliol_College,_Oxford	entity	Balliol College, Oxford
http://dbpedia.org/resource/William_Beveridge	William Beveridge	http://dbpedia.org/ontology/education	education	http://dbpedia.org/resource/Charterhouse_School	entity	Charterhouse School
http://dbpedia.org/resource/William_Beveridge	William Beveridge	http://dbpedia.org/ontology/knownFor	known for	http://dbpedia.org/resource/Welfare_state_in_the_United_Kingdom	entity	Welfare state in the United Kingdom
http://dbpedia.org/resource/William_Beveridge	William Beveridge	http://dbpedia.org/ontology/occupation	occupation	http://dbpedia.org/resource/Social_Scientist	entity	Social Scientist
http://dbpedia.org/resource/William_Beveridge	William Beveridge	http://dbpedia.org/ontology/occupation	occupation	http://dbpedia.org/resource/William_Beveridge__1	uri	null
http://dbpedia.org/resource/William_Beveridge	William Beveridge	http://dbpedia.org/ontology/party	party	http://dbpedia.org/resource/Liberal_Party_(UK)	entity	Liberal Party (UK)
http://dbpedia.org/resource/William_Beveridge	William Beveridge	http://dbpedia.org/ontology/spouse	spouse	http://dbpedia.org/resource/Order_of_the_British_Empire	entity	Order of the British Empire
http://dbpedia.org/resource/William_Beveridge	William Beveridge	http://dbpedia.org/ontology/thumbnail	thumbnail	http://commons.wikimedia.org/wiki/Special:FilePath/William_Beveridge_D_17134.jpg?width=300	uri	null
http://dbpedia.org/resource/William_Beveridge	William Beveridge	http://dbpedia.org/ontology/wikiPageExternalLink	Link from a Wikipage to an external page	http://archives.lse.ac.uk/TreeBrowse.aspx?src=CalmView.Catalog&field=RefNo&key=BEVERIDGE	uri	null
http://dbpedia.org/resource/William_Beveridge	William Beveridge	http://dbpedia.org/ontology/wikiPageExternalLink	Link from a Wikipage to an external page	http://lib-1.lse.ac.uk/archivesblog/?tag=beveridge	uri	null
http://dbpedia.org/resource/William_Beveridge	William Beveridge	http://dbpedia.org/ontology/wikiPageExternalLink	Link from a Wikipage to an external page	http://www.bbc.co.uk/history/historic_figures/beveridge_william.shtml	uri	null
http://dbpedia.org/resource/William_Beveridge	William Beveridge	http://dbpedia.org/ontology/wikiPageExternalLink	Link from a Wikipage to an external page	http://www.bbc.co.uk/radio4/history/greatlives/	uri	null
http://dbpedia.org/resource/William_Beveridge	William Beveridge	http://dbpedia.org/ontology/wikiPageExternalLink	Link from a Wikipage to an external page	http://www.beveridgefoundation.org/	uri	null
http://dbpedia.org/resource/William_Beveridge	William Beveridge	http://dbpedia.org/ontology/wikiPageExternalLink	Link from a Wikipage to an external page	http://www.burkespeerage.com/	uri	null
http://dbpedia.org/resource/William_Beveridge	William Beveridge	http://dbpedia.org/ontology/wikiPageExternalLink	Link from a Wikipage to an external page	http://www.flickr.com/photos/lselibrary/sets/72157622776229992/	uri	null
http://dbpedia.org/resource/William_Beveridge	William Beveridge	http://dbpedia.org/ontology/wikiPageExternalLink	Link from a Wikipage to an external page	http://www.sochealth.co.uk/public-health-and-wellbeing/beveridge-report/	uri	null
http://dbpedia.org/resource/William_Beveridge	William Beveridge	http://dbpedia.org/ontology/wikiPageExternalLink	Link from a Wikipage to an external page	http://www.spartacus-educational.com/2WWbeveridgereport.htm	uri	null
http://dbpedia.org/resource/William_Beveridge	William Beveridge	http://dbpedia.org/ontology/wikiPageExternalLink	Link from a Wikipage to an external page	http://www.spartacus-educational.com/TUbeveridge.htm	uri	null
http://dbpedia.org/resource/William_Beveridge	William Beveridge	http://dbpedia.org/ontology/wikiPageExternalLink	Link from a Wikipage to an external page	https://archive.org/details/unemploymentapr02bevegoog	uri	null
http://dbpedia.org/resource/William_Beveridge	William Beveridge	http://dbpedia.org/ontology/wikiPageID	Wikipage page ID	217675	http://www.w3.org/2001/XMLSchema#integer	
http://dbpedia.org/resource/William_Beveridge	William Beveridge	http://dbpedia.org/ontology/wikiPageLength	page length (characters) of wiki page	21694	http://www.w3.org/2001/XMLSchema#nonNegativeInteger	
http://dbpedia.org/resource/William_Beveridge	William Beveridge	http://dbpedia.org/ontology/wikiPageOutDegree	Wiki page out degree	152	http://www.w3.org/2001/XMLSchema#nonNegativeInteger	
http://dbpedia.org/resource/William_Beveridge	William Beveridge	http://dbpedia.org/ontology/wikiPageRevisionID	Wikipage revision ID	738516005	http://www.w3.org/2001/XMLSchema#integer	
http://dbpedia.org/resource/William_Beveridge	William Beveridge	http://purl.org/dc/terms/description	Description	Economist and social reformer	http://www.w3.org/1999/02/22-rdf-syntax-ns#langString	
http://dbpedia.org/resource/William_Beveridge	William Beveridge	http://purl.org/dc/terms/subject	Subject	http://dbpedia.org/resource/Category:1879_births	entity	1879 births
http://dbpedia.org/resource/William_Beveridge	William Beveridge	http://purl.org/dc/terms/subject	Subject	http://dbpedia.org/resource/Category:1963_deaths	entity	1963 deaths
http://dbpedia.org/resource/William_Beveridge	William Beveridge	http://purl.org/dc/terms/subject	Subject	http://dbpedia.org/resource/Category:Alumni_of_Balliol_College,_Oxford	entity	Alumni of Balliol College, Oxford
http://dbpedia.org/resource/William_Beveridge	William Beveridge	http://purl.org/dc/terms/subject	Subject	http://dbpedia.org/resource/Category:Alumni_of_University_College,_Oxford	entity	Alumni of University College, Oxford
http://dbpedia.org/resource/William_Beveridge	William Beveridge	http://purl.org/dc/terms/subject	Subject	http://dbpedia.org/resource/Category:Barons_in_the_Peerage_of_the_United_Kingdom	entity	Barons in the Peerage of the United Kingdom
http://dbpedia.org/resource/William_Beveridge	William Beveridge	http://purl.org/dc/terms/subject	Subject	http://dbpedia.org/resource/Category:British_economists	entity	British economists
http://dbpedia.org/resource/William_Beveridge	William Beveridge	http://purl.org/dc/terms/subject	Subject	http://dbpedia.org/resource/Category:British_reformers	entity	British reformers
http://dbpedia.org/resource/William_Beveridge	William Beveridge	http://purl.org/dc/terms/subject	Subject	http://dbpedia.org/resource/Category:Civil_servants_in_the_Board_of_Trade	entity	Civil servants in the Board of Trade
http://dbpedia.org/resource/William_Beveridge	William Beveridge	http://purl.org/dc/terms/subject	Subject	http://dbpedia.org/resource/Category:Knights_Commander_of_the_Order_of_the_Bath	entity	Knights Commander of the Order of the Bath
http://dbpedia.org/resource/William_Beveridge	William Beveridge	http://purl.org/dc/terms/subject	Subject	http://dbpedia.org/resource/Category:Liberal_Party_(UK)_MPs	entity	Liberal Party (UK) MPs
http://dbpedia.org/resource/William_Beveridge	William Beveridge	http://purl.org/dc/terms/subject	Subject	http://dbpedia.org/resource/Category:Masters_of_University_College,_Oxford	entity	Masters of University College, Oxford
http://dbpedia.org/resource/William_Beveridge	William Beveridge	http://purl.org/dc/terms/subject	Subject	http://dbpedia.org/resource/Category:Members_of_the_Parliament_of_the_United_Kingdom_for_English_constituencies	entity	Members of the Parliament of the United Kingdom for English constituencies
http://dbpedia.org/resource/William_Beveridge	William Beveridge	http://purl.org/dc/terms/subject	Subject	http://dbpedia.org/resource/Category:People_associated_with_the_London_School_of_Economics	entity	People associated with the London School of Economics
http://dbpedia.org/resource/William_Beveridge	William Beveridge	http://purl.org/dc/terms/subject	Subject	http://dbpedia.org/resource/Category:People_educated_at_Charterhouse_School	entity	People educated at Charterhouse School
http://dbpedia.org/resource/William_Beveridge	William Beveridge	http://purl.org/dc/terms/subject	Subject	http://dbpedia.org/resource/Category:Permanent_Secretaries_of_the_Ministry_of_Food	entity	Permanent Secretaries of the Ministry of Food
http://dbpedia.org/resource/William_Beveridge	William Beveridge	http://purl.org/dc/terms/subject	Subject	http://dbpedia.org/resource/Category:Presidents_of_the_Royal_Statistical_Society	entity	Presidents of the Royal Statistical Society
http://dbpedia.org/resource/William_Beveridge	William Beveridge	http://purl.org/dc/terms/subject	Subject	http://dbpedia.org/resource/Category:Social_reformers	entity	Social reformers
http://dbpedia.org/resource/William_Beveridge	William Beveridge	http://purl.org/dc/terms/subject	Subject	http://dbpedia.org/resource/Category:UK_MPs_1935–45	entity	UK MPs 1935–45
http://dbpedia.org/resource/William_Beveridge	William Beveridge	http://purl.org/dc/terms/subject	Subject	http://dbpedia.org/resource/Category:Vice-Chancellors_of_the_University_of_London	entity	Vice-Chancellors of the University of London
http://dbpedia.org/resource/William_Beveridge	William Beveridge	http://www.w3.org/1999/02/22-rdf-syntax-ns#type	type	http://dbpedia.org/ontology/Agent	entity	agent
http://dbpedia.org/resource/William_Beveridge	William Beveridge	http://www.w3.org/1999/02/22-rdf-syntax-ns#type	type	http://dbpedia.org/ontology/Person	entity	person
http://dbpedia.org/resource/William_Beveridge	William Beveridge	http://www.w3.org/1999/02/22-rdf-syntax-ns#type	type	http://schema.org/Person	entity	Person
http://dbpedia.org/resource/William_Beveridge	William Beveridge	http://www.w3.org/1999/02/22-rdf-syntax-ns#type	type	http://www.ontologydesignpatterns.org/ont/dul/DUL.owl#Agent	entity	Agent
http://dbpedia.org/resource/William_Beveridge	William Beveridge	http://www.w3.org/1999/02/22-rdf-syntax-ns#type	type	http://www.ontologydesignpatterns.org/ont/dul/DUL.owl#NaturalPerson	entity	Natural person
http://dbpedia.org/resource/William_Beveridge	William Beveridge	http://www.w3.org/1999/02/22-rdf-syntax-ns#type	type	http://www.w3.org/2002/07/owl#Thing	entity	Thing
http://dbpedia.org/resource/William_Beveridge	William Beveridge	http://www.w3.org/1999/02/22-rdf-syntax-ns#type	type	http://www.wikidata.org/entity/Q215627	entity	person
http://dbpedia.org/resource/William_Beveridge	William Beveridge	http://www.w3.org/1999/02/22-rdf-syntax-ns#type	type	http://www.wikidata.org/entity/Q24229398	entity	agent
http://dbpedia.org/resource/William_Beveridge	William Beveridge	http://www.w3.org/1999/02/22-rdf-syntax-ns#type	type	http://www.wikidata.org/entity/Q5	entity	human
http://dbpedia.org/resource/William_Beveridge	William Beveridge	http://www.w3.org/1999/02/22-rdf-syntax-ns#type	type	http://xmlns.com/foaf/0.1/Person	entity	Person
http://dbpedia.org/resource/William_Beveridge	William Beveridge	http://www.w3.org/2000/01/rdf-schema#comment	comment	William Henry Beveridge, 1st Baron Beveridge KCB (5 March 1879 – 16 March 1963) was a British economist, noted progressive and social reformer. He is best known for his 1942 report Social Insurance and Allied Services (known as the Beveridge Report) which served as the basis for the post-World War II welfare state put in place by the Labour government elected in 1945. He was considered an authority on unemployment insurance from early in his career, served under Winston Churchill on the Board of Trade as Director of the newly created labour exchanges and later as Permanent Secretary of the Ministry of Food. He was Director of the London School of Economics and Political Science from 1919 until 1937, when he was elected Master of University College, Oxford. Beveridge published widely on une	http://www.w3.org/1999/02/22-rdf-syntax-ns#langString	
http://dbpedia.org/resource/William_Beveridge	William Beveridge	http://www.w3.org/2000/01/rdf-schema#label	label	William Beveridge	http://www.w3.org/1999/02/22-rdf-syntax-ns#langString	
http://dbpedia.org/resource/William_Beveridge	William Beveridge	http://www.w3.org/2002/07/owl#sameAs	sameAs	http://dbpedia.org/resource/William_Beveridge	entity	William Beveridge
http://dbpedia.org/resource/William_Beveridge	William Beveridge	http://www.w3.org/2002/07/owl#sameAs	sameAs	http://rdf.freebase.com/ns/m.01fwd7	entity	William Beveridge
http://dbpedia.org/resource/William_Beveridge	William Beveridge	http://www.w3.org/2002/07/owl#sameAs	sameAs	http://www.wikidata.org/entity/Q335049	entity	William Beveridge
http://dbpedia.org/resource/William_Beveridge	William Beveridge	http://www.w3.org/ns/prov#wasDerivedFrom	wasDerivedFrom	http://en.wikipedia.org/wiki/William_Beveridge?oldid=738516005	uri	null
http://dbpedia.org/resource/William_Beveridge	William Beveridge	http://xmlns.com/foaf/0.1/depiction	depiction	http://commons.wikimedia.org/wiki/Special:FilePath/William_Beveridge_D_17134.jpg	uri	null
http://dbpedia.org/resource/William_Beveridge	William Beveridge	http://xmlns.com/foaf/0.1/gender	gender	male	http://www.w3.org/1999/02/22-rdf-syntax-ns#langString	
http://dbpedia.org/resource/William_Beveridge	William Beveridge	http://xmlns.com/foaf/0.1/givenName	Given name	William	http://www.w3.org/1999/02/22-rdf-syntax-ns#langString	
http://dbpedia.org/resource/William_Beveridge	William Beveridge	http://xmlns.com/foaf/0.1/isPrimaryTopicOf	is primary topic of	http://en.wikipedia.org/wiki/William_Beveridge	uri	null
http://dbpedia.org/resource/William_Beveridge	William Beveridge	http://xmlns.com/foaf/0.1/name	name	The Lord Beveridge	http://www.w3.org/1999/02/22-rdf-syntax-ns#langString	
http://dbpedia.org/resource/William_Beveridge	William Beveridge	http://xmlns.com/foaf/0.1/name	name	William Beveridge	http://www.w3.org/1999/02/22-rdf-syntax-ns#langString	
http://dbpedia.org/resource/William_Beveridge	William Beveridge	http://xmlns.com/foaf/0.1/surname	Surname	Beveridge	http://www.w3.org/1999/02/22-rdf-syntax-ns#langString	
