sub	subl	prop	propl	obj	obj_t	obj_l
http://www.wikidata.org/entity/Q12900163	William Beveridge	http://schema.org/description	description	English bishop	http://www.w3.org/1999/02/22-rdf-syntax-ns#langString	
http://www.wikidata.org/entity/Q12900163	William Beveridge	http://www.w3.org/1999/02/22-rdf-syntax-ns#type	type	http://www.wikidata.org/entity/Q5	entity	human
http://www.wikidata.org/entity/Q12900163	William Beveridge	http://www.w3.org/1999/02/22-rdf-syntax-ns#type	type	http://www.wikidata.org/ontology#Item	entity	Item
http://www.wikidata.org/entity/Q12900163	William Beveridge	http://www.w3.org/2000/01/rdf-schema#label	label	William Beveridge	http://www.w3.org/1999/02/22-rdf-syntax-ns#langString	
http://www.wikidata.org/entity/Q12900163	William Beveridge	http://www.wikidata.org/entity/P1006c	National Thesaurus for Author Names ID	071456562	http://www.w3.org/2001/XMLSchema#string	
http://www.wikidata.org/entity/Q12900163	William Beveridge	http://www.wikidata.org/entity/P1017c	BAV ID	ADV10046840	http://www.w3.org/2001/XMLSchema#string	
http://www.wikidata.org/entity/Q12900163	William Beveridge	http://www.wikidata.org/entity/P106c	occupation	http://www.wikidata.org/entity/Q42603	entity	priest
http://www.wikidata.org/entity/Q12900163	William Beveridge	http://www.wikidata.org/entity/P1273c	CANTIC-ID	a11233904	http://www.w3.org/2001/XMLSchema#string	
http://www.wikidata.org/entity/Q12900163	William Beveridge	http://www.wikidata.org/entity/P1315c	People Australia ID	1049839	http://www.w3.org/2001/XMLSchema#string	
http://www.wikidata.org/entity/Q12900163	William Beveridge	http://www.wikidata.org/entity/P1343c	described by source	http://www.wikidata.org/entity/Q19076326	entity	Beveridge, William (DNB00)
http://www.wikidata.org/entity/Q12900163	William Beveridge	http://www.wikidata.org/entity/P1415c	Oxford Biography Index Number	101002321	http://www.w3.org/2001/XMLSchema#string	
http://www.wikidata.org/entity/Q12900163	William Beveridge	http://www.wikidata.org/entity/P1463c	PRDL Author ID	143	http://www.w3.org/2001/XMLSchema#string	
http://www.wikidata.org/entity/Q12900163	William Beveridge	http://www.wikidata.org/entity/P1599c	Cambridge Alumni Database ID	BVRG653W	http://www.w3.org/2001/XMLSchema#string	
http://www.wikidata.org/entity/Q12900163	William Beveridge	http://www.wikidata.org/entity/P1816c	National Portrait Gallery (London) person ID	mp13488	http://www.w3.org/2001/XMLSchema#string	
http://www.wikidata.org/entity/Q12900163	William Beveridge	http://www.wikidata.org/entity/P18c	image	http://commons.wikimedia.org/wiki/File:Bishop_William_Beveridge_(6464933159).jpg	uri	null
http://www.wikidata.org/entity/Q12900163	William Beveridge	http://www.wikidata.org/entity/P1946c	National Library of Ireland authority	vtls000453773	http://www.w3.org/2001/XMLSchema#string	
http://www.wikidata.org/entity/Q12900163	William Beveridge	http://www.wikidata.org/entity/P20c	place of death	http://www.wikidata.org/entity/Q84	entity	London
http://www.wikidata.org/entity/Q12900163	William Beveridge	http://www.wikidata.org/entity/P213c	ISNI	0000 0000 8344 3915	http://www.w3.org/2001/XMLSchema#string	
http://www.wikidata.org/entity/Q12900163	William Beveridge	http://www.wikidata.org/entity/P214c	VIAF ID	67869303	http://www.w3.org/2001/XMLSchema#string	
http://www.wikidata.org/entity/Q12900163	William Beveridge	http://www.wikidata.org/entity/P2163c	FAST-ID	143122	http://www.w3.org/2001/XMLSchema#string	
http://www.wikidata.org/entity/Q12900163	William Beveridge	http://www.wikidata.org/entity/P21c	sex or gender	http://www.wikidata.org/entity/Q6581097	entity	male
http://www.wikidata.org/entity/Q12900163	William Beveridge	http://www.wikidata.org/entity/P227c	GND ID	100038956	http://www.w3.org/2001/XMLSchema#string	
http://www.wikidata.org/entity/Q12900163	William Beveridge	http://www.wikidata.org/entity/P2401c	Six Degrees of Francis Bacon ID	10001042	http://www.w3.org/2001/XMLSchema#string	
http://www.wikidata.org/entity/Q12900163	William Beveridge	http://www.wikidata.org/entity/P244c	LCAuth ID	n84121161	http://www.w3.org/2001/XMLSchema#string	
http://www.wikidata.org/entity/Q12900163	William Beveridge	http://www.wikidata.org/entity/P269c	SUDOC authorities	144786028	http://www.w3.org/2001/XMLSchema#string	
http://www.wikidata.org/entity/Q12900163	William Beveridge	http://www.wikidata.org/entity/P2799c	BVMC person ID	63909	http://www.w3.org/2001/XMLSchema#string	
http://www.wikidata.org/entity/Q12900163	William Beveridge	http://www.wikidata.org/entity/P31c	instance of	http://www.wikidata.org/entity/Q5	entity	human
http://www.wikidata.org/entity/Q12900163	William Beveridge	http://www.wikidata.org/entity/P409c	NLA (Australia) ID	35703197	http://www.w3.org/2001/XMLSchema#string	
http://www.wikidata.org/entity/Q12900163	William Beveridge	http://www.wikidata.org/entity/P569c	date of birth	1637	http://www.w3.org/2001/XMLSchema#gYear	
http://www.wikidata.org/entity/Q12900163	William Beveridge	http://www.wikidata.org/entity/P570c	date of death	1708-03-05	http://www.w3.org/2001/XMLSchema#date	
http://www.wikidata.org/entity/Q12900163	William Beveridge	http://www.wikidata.org/entity/P648c	Open Library ID	OL183908A	http://www.w3.org/2001/XMLSchema#string	
http://www.wikidata.org/entity/Q12900163	William Beveridge	http://www.wikidata.org/entity/P735c	given name	http://www.wikidata.org/entity/Q14371254	entity	William
http://www.wikidata.org/entity/Q12900163	William Beveridge	http://www.wikidata.org/entity/P949c	National Library of Israel ID	000020188	http://www.w3.org/2001/XMLSchema#string	
http://www.wikidata.org/entity/Q12900163	William Beveridge	http://www.wikidata.org/entity/P950c	BNE ID	XX1368335	http://www.w3.org/2001/XMLSchema#string	
