sub	subl	prop	propl	obj	obj_t	obj_l
http://www.wikidata.org/entity/Q7155871	Pavilion Kuala Lumpur	http://www.w3.org/1999/02/22-rdf-syntax-ns#type	type	http://www.wikidata.org/entity/Q11303	entity	skyscraper
http://www.wikidata.org/entity/Q7155871	Pavilion Kuala Lumpur	http://www.w3.org/1999/02/22-rdf-syntax-ns#type	type	http://www.wikidata.org/ontology#Item	entity	Item
http://www.wikidata.org/entity/Q7155871	Pavilion Kuala Lumpur	http://www.w3.org/2000/01/rdf-schema#label	label	Pavilion Kuala Lumpur	http://www.w3.org/1999/02/22-rdf-syntax-ns#langString	
http://www.wikidata.org/entity/Q7155871	Pavilion Kuala Lumpur	http://www.w3.org/2003/01/geo/wgs84_pos#lat	latitude	3.14921	http://www.w3.org/2001/XMLSchema#float	
http://www.wikidata.org/entity/Q7155871	Pavilion Kuala Lumpur	http://www.w3.org/2003/01/geo/wgs84_pos#long	longitude	101.714	http://www.w3.org/2001/XMLSchema#float	
http://www.wikidata.org/entity/Q7155871	Pavilion Kuala Lumpur	http://www.wikidata.org/entity/P17c	country	http://www.wikidata.org/entity/Q833	entity	Malaysia
http://www.wikidata.org/entity/Q7155871	Pavilion Kuala Lumpur	http://www.wikidata.org/entity/P18c	image	http://commons.wikimedia.org/wiki/File:Pavillion_KL.jpg	uri	null
http://www.wikidata.org/entity/Q7155871	Pavilion Kuala Lumpur	http://www.wikidata.org/entity/P31c	instance of	http://www.wikidata.org/entity/Q11303	entity	skyscraper
http://www.wikidata.org/entity/Q7155871	Pavilion Kuala Lumpur	http://www.wikidata.org/entity/P373c	Commons category	Pavilion Kuala Lumpur	http://www.w3.org/2001/XMLSchema#string	
http://www.wikidata.org/entity/Q7155871	Pavilion Kuala Lumpur	http://www.wikidata.org/entity/P571c	inception	2007	http://www.w3.org/2001/XMLSchema#gYear	
http://www.wikidata.org/entity/Q7155871	Pavilion Kuala Lumpur	http://www.wikidata.org/entity/P856c	official website	http://www.pavilion-kl.com	uri	null
