sub	subl	prop	propl	obj	obj_t	obj_l
http://rdf.freebase.com/ns/m.02rsrts	Pavilion Kuala Lumpur	http://rdf.freebase.com/key/en	com/key/en	pavilion_kuala_lumpur	http://www.w3.org/2001/XMLSchema#string	
http://rdf.freebase.com/ns/m.02rsrts	Pavilion Kuala Lumpur	http://rdf.freebase.com/key/wikipedia.en	en	Pavilion_KL	http://www.w3.org/2001/XMLSchema#string	
http://rdf.freebase.com/ns/m.02rsrts	Pavilion Kuala Lumpur	http://rdf.freebase.com/key/wikipedia.en	en	Pavilion_Kuala_Lumpur	http://www.w3.org/2001/XMLSchema#string	
http://rdf.freebase.com/ns/m.02rsrts	Pavilion Kuala Lumpur	http://rdf.freebase.com/key/wikipedia.en_id	en_id	11796582	http://www.w3.org/2001/XMLSchema#string	
http://rdf.freebase.com/ns/m.02rsrts	Pavilion Kuala Lumpur	http://rdf.freebase.com/key/wikipedia.en_title	en_title	Pavilion_Kuala_Lumpur	http://www.w3.org/2001/XMLSchema#string	
http://rdf.freebase.com/ns/m.02rsrts	Pavilion Kuala Lumpur	http://rdf.freebase.com/ns/architecture.structure.opened	Opened	2007-09-20	http://www.w3.org/2001/XMLSchema#date	
http://rdf.freebase.com/ns/m.02rsrts	Pavilion Kuala Lumpur	http://rdf.freebase.com/ns/base.schemastaging.context_name.pronunciation	Pronunciation	http://rdf.freebase.com/ns/m.0114yh6j	uri	null
http://rdf.freebase.com/ns/m.02rsrts	Pavilion Kuala Lumpur	http://rdf.freebase.com/ns/business.shopping_center.address	Address	http://rdf.freebase.com/ns/g.11b7w81m_c	uri	null
http://rdf.freebase.com/ns/m.02rsrts	Pavilion Kuala Lumpur	http://rdf.freebase.com/ns/business.shopping_center.address	Address	http://rdf.freebase.com/ns/m.09j038b	uri	null
http://rdf.freebase.com/ns/m.02rsrts	Pavilion Kuala Lumpur	http://rdf.freebase.com/ns/business.shopping_center.address	Address	http://rdf.freebase.com/ns/m.0w_3__z	uri	null
http://rdf.freebase.com/ns/m.02rsrts	Pavilion Kuala Lumpur	http://rdf.freebase.com/ns/common.topic.article	Article	Pavilion Kuala Lumpur is a shopping mall situated in the Bukit Bintang district in Kuala Lumpur, Malaysia. It was built on the former site of Bukit Bintang Girls' School, the oldest school in Kuala Lumpur which was moved to Cheras as Sekolah Seri Bintang Utara in 2000. Opened on 20 September 2007, it consists of four major components: a retail mall, an office tower, two residential and a proposed hotel. Pavilion Kuala Lumpur consists of six shopping precincts and a row of street-front boutiques. Pavilion Kuala Lumpur contains over 450 retail shops that are spread across seven levels. There are a number of double-storey flagship stores, of which some are street-front fashion boutiques which constitute the shopping mall. There are several fashion and luxury goods boutiques that encompass a large portion of the mall's retail floor area. Several eateries and cafés also exist in the shopping mall like fast food restaurants, coffeehouse chains and a food court. Anchor stores include Parkson, Singaporean departmental store Tangs, Mercato d'Marketplace, Golden Screen Cinemas and Harvey Norman. This shopping mall is accessible by several railway lines that run through the city centre.	http://www.w3.org/1999/02/22-rdf-syntax-ns#langString	
http://rdf.freebase.com/ns/m.02rsrts	Pavilion Kuala Lumpur	http://rdf.freebase.com/ns/common.topic.description	Description	Pavilion Kuala Lumpur is a shopping mall situated in the Bukit Bintang district in Kuala Lumpur, Malaysia. It was built on the former site of Bukit Bintang Girls' School, the oldest school in Kuala Lumpur which was moved to Cheras as Sekolah Seri Bintang Utara in 2000. Opened on 20 September 2007, it consists of four major components: a retail mall, an office tower, two residential and a proposed hotel.	http://www.w3.org/1999/02/22-rdf-syntax-ns#langString	
http://rdf.freebase.com/ns/m.02rsrts	Pavilion Kuala Lumpur	http://rdf.freebase.com/ns/common.topic.image	Image	http://rdf.freebase.com/ns/m.041mjyk	entity	{{{image_alt}}}
http://rdf.freebase.com/ns/m.02rsrts	Pavilion Kuala Lumpur	http://rdf.freebase.com/ns/common.topic.notable_for	Notable for	Shopping center	http://www.w3.org/1999/02/22-rdf-syntax-ns#langString	
http://rdf.freebase.com/ns/m.02rsrts	Pavilion Kuala Lumpur	http://rdf.freebase.com/ns/common.topic.notable_types	Notable types	http://rdf.freebase.com/ns/m.03hx9c7	entity	Shopping center
http://rdf.freebase.com/ns/m.02rsrts	Pavilion Kuala Lumpur	http://rdf.freebase.com/ns/common.topic.official_website	Official website	http://www.pavilion-kl.com	uri	null
http://rdf.freebase.com/ns/m.02rsrts	Pavilion Kuala Lumpur	http://rdf.freebase.com/ns/common.topic.topic_equivalent_webpage	Topic equivalent webpage	http://en.wikipedia.org/wiki/Pavilion_Kuala_Lumpur	uri	null
http://rdf.freebase.com/ns/m.02rsrts	Pavilion Kuala Lumpur	http://rdf.freebase.com/ns/common.topic.topic_equivalent_webpage	Topic equivalent webpage	http://en.wikipedia.org/wiki/index.html?curid=11796582	uri	null
http://rdf.freebase.com/ns/m.02rsrts	Pavilion Kuala Lumpur	http://rdf.freebase.com/ns/common.topic.topic_equivalent_webpage	Topic equivalent webpage	http://es.wikipedia.org/wiki/Pavilion_Kuala_Lumpur	uri	null
http://rdf.freebase.com/ns/m.02rsrts	Pavilion Kuala Lumpur	http://rdf.freebase.com/ns/common.topic.topic_equivalent_webpage	Topic equivalent webpage	http://es.wikipedia.org/wiki/index.html?curid=6446801	uri	null
http://rdf.freebase.com/ns/m.02rsrts	Pavilion Kuala Lumpur	http://rdf.freebase.com/ns/common.topic.topic_equivalent_webpage	Topic equivalent webpage	http://id.wikipedia.org/wiki/Pavilion_Kuala_Lumpur	uri	null
http://rdf.freebase.com/ns/m.02rsrts	Pavilion Kuala Lumpur	http://rdf.freebase.com/ns/common.topic.topic_equivalent_webpage	Topic equivalent webpage	http://id.wikipedia.org/wiki/index.html?curid=1404579	uri	null
http://rdf.freebase.com/ns/m.02rsrts	Pavilion Kuala Lumpur	http://rdf.freebase.com/ns/common.topic.topic_equivalent_webpage	Topic equivalent webpage	http://ms.wikipedia.org/wiki/Pavilion_Kuala_Lumpur	uri	null
http://rdf.freebase.com/ns/m.02rsrts	Pavilion Kuala Lumpur	http://rdf.freebase.com/ns/common.topic.topic_equivalent_webpage	Topic equivalent webpage	http://ms.wikipedia.org/wiki/index.html?curid=88015	uri	null
http://rdf.freebase.com/ns/m.02rsrts	Pavilion Kuala Lumpur	http://rdf.freebase.com/ns/common.topic.topic_equivalent_webpage	Topic equivalent webpage	http://zh.wikipedia.org/wiki/index.html?curid=646229	uri	null
http://rdf.freebase.com/ns/m.02rsrts	Pavilion Kuala Lumpur	http://rdf.freebase.com/ns/common.topic.topic_equivalent_webpage	Topic equivalent webpage	http://zh.wikipedia.org/zh-cn/%CF%01%74%E3%34	uri	null
http://rdf.freebase.com/ns/m.02rsrts	Pavilion Kuala Lumpur	http://rdf.freebase.com/ns/common.topic.topic_equivalent_webpage	Topic equivalent webpage	http://zh.wikipedia.org/zh-tw/%CF%01%74%E3%34	uri	null
http://rdf.freebase.com/ns/m.02rsrts	Pavilion Kuala Lumpur	http://rdf.freebase.com/ns/kg.object_profile.prominent_type	prominent type	http://rdf.freebase.com/ns/business.shopping_center	entity	Shopping center
http://rdf.freebase.com/ns/m.02rsrts	Pavilion Kuala Lumpur	http://rdf.freebase.com/ns/type.object.key	Key	/en/pavilion_kuala_lumpur	http://www.w3.org/2001/XMLSchema#string	
http://rdf.freebase.com/ns/m.02rsrts	Pavilion Kuala Lumpur	http://rdf.freebase.com/ns/type.object.key	Key	/wikipedia/en/Pavilion_KL	http://www.w3.org/2001/XMLSchema#string	
http://rdf.freebase.com/ns/m.02rsrts	Pavilion Kuala Lumpur	http://rdf.freebase.com/ns/type.object.key	Key	/wikipedia/en/Pavilion_Kuala_Lumpur	http://www.w3.org/2001/XMLSchema#string	
http://rdf.freebase.com/ns/m.02rsrts	Pavilion Kuala Lumpur	http://rdf.freebase.com/ns/type.object.key	Key	/wikipedia/en_id/11796582	http://www.w3.org/2001/XMLSchema#string	
http://rdf.freebase.com/ns/m.02rsrts	Pavilion Kuala Lumpur	http://rdf.freebase.com/ns/type.object.key	Key	/wikipedia/en_title/Pavilion_Kuala_Lumpur	http://www.w3.org/2001/XMLSchema#string	
http://rdf.freebase.com/ns/m.02rsrts	Pavilion Kuala Lumpur	http://rdf.freebase.com/ns/type.object.key	Key	/wikipedia/es/Pavilion_Kuala_Lumpur	http://www.w3.org/2001/XMLSchema#string	
http://rdf.freebase.com/ns/m.02rsrts	Pavilion Kuala Lumpur	http://rdf.freebase.com/ns/type.object.key	Key	/wikipedia/es_id/6446801	http://www.w3.org/2001/XMLSchema#string	
http://rdf.freebase.com/ns/m.02rsrts	Pavilion Kuala Lumpur	http://rdf.freebase.com/ns/type.object.key	Key	/wikipedia/es_title/Pavilion_Kuala_Lumpur	http://www.w3.org/2001/XMLSchema#string	
http://rdf.freebase.com/ns/m.02rsrts	Pavilion Kuala Lumpur	http://rdf.freebase.com/ns/type.object.key	Key	/wikipedia/id/Pavilion_Kuala_Lumpur	http://www.w3.org/2001/XMLSchema#string	
http://rdf.freebase.com/ns/m.02rsrts	Pavilion Kuala Lumpur	http://rdf.freebase.com/ns/type.object.key	Key	/wikipedia/id_id/1404579	http://www.w3.org/2001/XMLSchema#string	
http://rdf.freebase.com/ns/m.02rsrts	Pavilion Kuala Lumpur	http://rdf.freebase.com/ns/type.object.key	Key	/wikipedia/id_title/Pavilion_Kuala_Lumpur	http://www.w3.org/2001/XMLSchema#string	
http://rdf.freebase.com/ns/m.02rsrts	Pavilion Kuala Lumpur	http://rdf.freebase.com/ns/type.object.key	Key	/wikipedia/ms/Pavilion_KL	http://www.w3.org/2001/XMLSchema#string	
http://rdf.freebase.com/ns/m.02rsrts	Pavilion Kuala Lumpur	http://rdf.freebase.com/ns/type.object.key	Key	/wikipedia/ms/Pavilion_Kuala_Lumpur	http://www.w3.org/2001/XMLSchema#string	
http://rdf.freebase.com/ns/m.02rsrts	Pavilion Kuala Lumpur	http://rdf.freebase.com/ns/type.object.key	Key	/wikipedia/ms_id/88015	http://www.w3.org/2001/XMLSchema#string	
http://rdf.freebase.com/ns/m.02rsrts	Pavilion Kuala Lumpur	http://rdf.freebase.com/ns/type.object.key	Key	/wikipedia/ms_title/Pavilion_Kuala_Lumpur	http://www.w3.org/2001/XMLSchema#string	
http://rdf.freebase.com/ns/m.02rsrts	Pavilion Kuala Lumpur	http://rdf.freebase.com/ns/type.object.key	Key	/wikipedia/zh-cn/Pavilion_Kuala_Lumpur	http://www.w3.org/2001/XMLSchema#string	
http://rdf.freebase.com/ns/m.02rsrts	Pavilion Kuala Lumpur	http://rdf.freebase.com/ns/type.object.key	Key	/wikipedia/zh-cn/柏威年广场	http://www.w3.org/2001/XMLSchema#string	
http://rdf.freebase.com/ns/m.02rsrts	Pavilion Kuala Lumpur	http://rdf.freebase.com/ns/type.object.key	Key	/wikipedia/zh-cn/柏威年廣場	http://www.w3.org/2001/XMLSchema#string	
http://rdf.freebase.com/ns/m.02rsrts	Pavilion Kuala Lumpur	http://rdf.freebase.com/ns/type.object.key	Key	/wikipedia/zh-cn_id/646229	http://www.w3.org/2001/XMLSchema#string	
http://rdf.freebase.com/ns/m.02rsrts	Pavilion Kuala Lumpur	http://rdf.freebase.com/ns/type.object.key	Key	/wikipedia/zh-cn_title/柏威年廣場	http://www.w3.org/2001/XMLSchema#string	
http://rdf.freebase.com/ns/m.02rsrts	Pavilion Kuala Lumpur	http://rdf.freebase.com/ns/type.object.key	Key	/wikipedia/zh-tw/Pavilion_Kuala_Lumpur	http://www.w3.org/2001/XMLSchema#string	
http://rdf.freebase.com/ns/m.02rsrts	Pavilion Kuala Lumpur	http://rdf.freebase.com/ns/type.object.key	Key	/wikipedia/zh-tw/柏威年广场	http://www.w3.org/2001/XMLSchema#string	
http://rdf.freebase.com/ns/m.02rsrts	Pavilion Kuala Lumpur	http://rdf.freebase.com/ns/type.object.key	Key	/wikipedia/zh-tw/柏威年廣場	http://www.w3.org/2001/XMLSchema#string	
http://rdf.freebase.com/ns/m.02rsrts	Pavilion Kuala Lumpur	http://rdf.freebase.com/ns/type.object.key	Key	/wikipedia/zh-tw_id/646229	http://www.w3.org/2001/XMLSchema#string	
http://rdf.freebase.com/ns/m.02rsrts	Pavilion Kuala Lumpur	http://rdf.freebase.com/ns/type.object.key	Key	/wikipedia/zh-tw_title/柏威年廣場	http://www.w3.org/2001/XMLSchema#string	
http://rdf.freebase.com/ns/m.02rsrts	Pavilion Kuala Lumpur	http://rdf.freebase.com/ns/type.object.name	Name	Pavilion Kuala Lumpur	http://www.w3.org/1999/02/22-rdf-syntax-ns#langString	
http://rdf.freebase.com/ns/m.02rsrts	Pavilion Kuala Lumpur	http://rdf.freebase.com/ns/type.object.type	Type	http://rdf.freebase.com/ns/architecture.building	entity	Building
http://rdf.freebase.com/ns/m.02rsrts	Pavilion Kuala Lumpur	http://rdf.freebase.com/ns/type.object.type	Type	http://rdf.freebase.com/ns/architecture.structure	entity	Structure
http://rdf.freebase.com/ns/m.02rsrts	Pavilion Kuala Lumpur	http://rdf.freebase.com/ns/type.object.type	Type	http://rdf.freebase.com/ns/base.type_ontology.inanimate	entity	Inanimate
http://rdf.freebase.com/ns/m.02rsrts	Pavilion Kuala Lumpur	http://rdf.freebase.com/ns/type.object.type	Type	http://rdf.freebase.com/ns/base.type_ontology.non_agent	entity	Non-Agent
http://rdf.freebase.com/ns/m.02rsrts	Pavilion Kuala Lumpur	http://rdf.freebase.com/ns/type.object.type	Type	http://rdf.freebase.com/ns/base.type_ontology.physically_instantiable	entity	Physically Instantiable
http://rdf.freebase.com/ns/m.02rsrts	Pavilion Kuala Lumpur	http://rdf.freebase.com/ns/type.object.type	Type	http://rdf.freebase.com/ns/business.shopping_center	entity	Shopping center
http://rdf.freebase.com/ns/m.02rsrts	Pavilion Kuala Lumpur	http://rdf.freebase.com/ns/type.object.type	Type	http://rdf.freebase.com/ns/common.topic	entity	Topic
http://rdf.freebase.com/ns/m.02rsrts	Pavilion Kuala Lumpur	http://rdf.freebase.com/ns/type.object.type	Type	http://rdf.freebase.com/ns/location.location	entity	Location
http://rdf.freebase.com/ns/m.02rsrts	Pavilion Kuala Lumpur	http://rdf.freebase.com/ns/type.object.type	Type	http://rdf.freebase.com/ns/projects.project_focus	entity	Project focus
http://rdf.freebase.com/ns/m.02rsrts	Pavilion Kuala Lumpur	http://www.w3.org/1999/02/22-rdf-syntax-ns#type	type	http://rdf.freebase.com/ns/architecture.building	entity	Building
http://rdf.freebase.com/ns/m.02rsrts	Pavilion Kuala Lumpur	http://www.w3.org/1999/02/22-rdf-syntax-ns#type	type	http://rdf.freebase.com/ns/architecture.structure	entity	Structure
http://rdf.freebase.com/ns/m.02rsrts	Pavilion Kuala Lumpur	http://www.w3.org/1999/02/22-rdf-syntax-ns#type	type	http://rdf.freebase.com/ns/base.type_ontology.inanimate	entity	Inanimate
http://rdf.freebase.com/ns/m.02rsrts	Pavilion Kuala Lumpur	http://www.w3.org/1999/02/22-rdf-syntax-ns#type	type	http://rdf.freebase.com/ns/base.type_ontology.non_agent	entity	Non-Agent
http://rdf.freebase.com/ns/m.02rsrts	Pavilion Kuala Lumpur	http://www.w3.org/1999/02/22-rdf-syntax-ns#type	type	http://rdf.freebase.com/ns/base.type_ontology.physically_instantiable	entity	Physically Instantiable
http://rdf.freebase.com/ns/m.02rsrts	Pavilion Kuala Lumpur	http://www.w3.org/1999/02/22-rdf-syntax-ns#type	type	http://rdf.freebase.com/ns/business.shopping_center	entity	Shopping center
http://rdf.freebase.com/ns/m.02rsrts	Pavilion Kuala Lumpur	http://www.w3.org/1999/02/22-rdf-syntax-ns#type	type	http://rdf.freebase.com/ns/common.topic	entity	Topic
http://rdf.freebase.com/ns/m.02rsrts	Pavilion Kuala Lumpur	http://www.w3.org/1999/02/22-rdf-syntax-ns#type	type	http://rdf.freebase.com/ns/location.location	entity	Location
http://rdf.freebase.com/ns/m.02rsrts	Pavilion Kuala Lumpur	http://www.w3.org/1999/02/22-rdf-syntax-ns#type	type	http://rdf.freebase.com/ns/projects.project_focus	entity	Project focus
http://rdf.freebase.com/ns/m.02rsrts	Pavilion Kuala Lumpur	http://www.w3.org/2000/01/rdf-schema#label	label	Pavilion Kuala Lumpur	http://www.w3.org/1999/02/22-rdf-syntax-ns#langString	
http://rdf.freebase.com/ns/m.02rsrts	Pavilion Kuala Lumpur	http://www.w3.org/2003/01/geo/wgs84_pos#lat	latitude	3.149215	http://www.w3.org/2001/XMLSchema#float	
http://rdf.freebase.com/ns/m.02rsrts	Pavilion Kuala Lumpur	http://www.w3.org/2003/01/geo/wgs84_pos#long	longitude	101.713529	http://www.w3.org/2001/XMLSchema#float	
