sub	subl	prop	propl	obj	obj_t	obj_l
http://yago-knowledge.org/resource/Barrington_Civic_Center_Historic_District	Barrington Civic Center Historic District	http://www.w3.org/1999/02/22-rdf-syntax-ns#type	type	http://www.w3.org/2002/07/owl#Thing	entity	Thing
http://yago-knowledge.org/resource/Barrington_Civic_Center_Historic_District	Barrington Civic Center Historic District	http://www.w3.org/1999/02/22-rdf-syntax-ns#type	type	http://yago-knowledge.org/resource/wikicat_Historic_districts_in_Bristol_County,_Rhode_Island	entity	Historic districts in Bristol County, Rhode Island
http://yago-knowledge.org/resource/Barrington_Civic_Center_Historic_District	Barrington Civic Center Historic District	http://www.w3.org/1999/02/22-rdf-syntax-ns#type	type	http://yago-knowledge.org/resource/wordnet_district_108552138	entity	district
http://yago-knowledge.org/resource/Barrington_Civic_Center_Historic_District	Barrington Civic Center Historic District	http://www.w3.org/1999/02/22-rdf-syntax-ns#type	type	http://yago-knowledge.org/resource/wordnet_location_100027167	entity	location
http://yago-knowledge.org/resource/Barrington_Civic_Center_Historic_District	Barrington Civic Center Historic District	http://www.w3.org/1999/02/22-rdf-syntax-ns#type	type	http://yago-knowledge.org/resource/wordnet_object_100002684	entity	object
http://yago-knowledge.org/resource/Barrington_Civic_Center_Historic_District	Barrington Civic Center Historic District	http://www.w3.org/1999/02/22-rdf-syntax-ns#type	type	http://yago-knowledge.org/resource/wordnet_physical_entity_100001930	entity	physical entity
http://yago-knowledge.org/resource/Barrington_Civic_Center_Historic_District	Barrington Civic Center Historic District	http://www.w3.org/1999/02/22-rdf-syntax-ns#type	type	http://yago-knowledge.org/resource/wordnet_region_108630985	entity	region
http://yago-knowledge.org/resource/Barrington_Civic_Center_Historic_District	Barrington Civic Center Historic District	http://www.w3.org/1999/02/22-rdf-syntax-ns#type	type	http://yago-knowledge.org/resource/yagoGeoEntity	entity	geographical entity
http://yago-knowledge.org/resource/Barrington_Civic_Center_Historic_District	Barrington Civic Center Historic District	http://www.w3.org/1999/02/22-rdf-syntax-ns#type	type	http://yago-knowledge.org/resource/yagoLegalActorGeo	entity	legal actor or geographic entity
http://yago-knowledge.org/resource/Barrington_Civic_Center_Historic_District	Barrington Civic Center Historic District	http://www.w3.org/1999/02/22-rdf-syntax-ns#type	type	http://yago-knowledge.org/resource/yagoPermanentlyLocatedEntity	entity	yagoPermanentlyLocatedEntity
http://yago-knowledge.org/resource/Barrington_Civic_Center_Historic_District	Barrington Civic Center Historic District	http://www.w3.org/2000/01/rdf-schema#label	label	Barrington Civic Center Historic District	http://www.w3.org/1999/02/22-rdf-syntax-ns#langString	
http://yago-knowledge.org/resource/Barrington_Civic_Center_Historic_District	Barrington Civic Center Historic District	http://www.w3.org/2002/07/owl#sameAs	sameAs	http://dbpedia.org/resource/Barrington_Civic_Center_Historic_District	entity	Barrington Civic Center Historic District
http://yago-knowledge.org/resource/Barrington_Civic_Center_Historic_District	Barrington Civic Center Historic District	http://www.w3.org/2004/02/skos/core#prefLabel	preferred label	Barrington Civic Center Historic District	http://www.w3.org/1999/02/22-rdf-syntax-ns#langString	
http://yago-knowledge.org/resource/Barrington_Civic_Center_Historic_District	Barrington Civic Center Historic District	http://yago-knowledge.org/resource/hasCitationTitle	null	A History of Barrington, Rhode Island	http://www.w3.org/1999/02/22-rdf-syntax-ns#langString	
http://yago-knowledge.org/resource/Barrington_Civic_Center_Historic_District	Barrington Civic Center Historic District	http://yago-knowledge.org/resource/hasCitationTitle	null	Barrington Town Hall Dedication, 1888	http://www.w3.org/1999/02/22-rdf-syntax-ns#langString	
http://yago-knowledge.org/resource/Barrington_Civic_Center_Historic_District	Barrington Civic Center Historic District	http://yago-knowledge.org/resource/hasCitationTitle	null	Home - Barrington Public Library	http://www.w3.org/1999/02/22-rdf-syntax-ns#langString	
http://yago-knowledge.org/resource/Barrington_Civic_Center_Historic_District	Barrington Civic Center Historic District	http://yago-knowledge.org/resource/hasCitationTitle	null	Museum - Barrington Preservation Society	http://www.w3.org/1999/02/22-rdf-syntax-ns#langString	
http://yago-knowledge.org/resource/Barrington_Civic_Center_Historic_District	Barrington Civic Center Historic District	http://yago-knowledge.org/resource/hasCitationTitle	null	National Register of Historic Places nomination - Barrington Civic Center Historic District	http://www.w3.org/1999/02/22-rdf-syntax-ns#langString	
http://yago-knowledge.org/resource/Barrington_Civic_Center_Historic_District	Barrington Civic Center Historic District	http://yago-knowledge.org/resource/hasLatitude	latitude	41.74166666666667	http://yago-knowledge.org/resource/degrees	
http://yago-knowledge.org/resource/Barrington_Civic_Center_Historic_District	Barrington Civic Center Historic District	http://yago-knowledge.org/resource/hasLongitude	longtitude	-71.30833333333334	http://yago-knowledge.org/resource/degrees	
http://yago-knowledge.org/resource/Barrington_Civic_Center_Historic_District	Barrington Civic Center Historic District	http://yago-knowledge.org/resource/hasWikipediaAnchorText	null	Barrington, Rhode Island	http://www.w3.org/1999/02/22-rdf-syntax-ns#langString	
http://yago-knowledge.org/resource/Barrington_Civic_Center_Historic_District	Barrington Civic Center Historic District	http://yago-knowledge.org/resource/hasWikipediaAnchorText	null	Classical Revival	http://www.w3.org/1999/02/22-rdf-syntax-ns#langString	
http://yago-knowledge.org/resource/Barrington_Civic_Center_Historic_District	Barrington Civic Center Historic District	http://yago-knowledge.org/resource/hasWikipediaAnchorText	null	Elizabethan Revival	http://www.w3.org/1999/02/22-rdf-syntax-ns#langString	
http://yago-knowledge.org/resource/Barrington_Civic_Center_Historic_District	Barrington Civic Center Historic District	http://yago-knowledge.org/resource/hasWikipediaAnchorText	null	National Register of Historic Places	http://www.w3.org/1999/02/22-rdf-syntax-ns#langString	
http://yago-knowledge.org/resource/Barrington_Civic_Center_Historic_District	Barrington Civic Center Historic District	http://yago-knowledge.org/resource/hasWikipediaAnchorText	null	National Register of Historic Places listings in Bristol County, Rhode Island	http://www.w3.org/1999/02/22-rdf-syntax-ns#langString	
http://yago-knowledge.org/resource/Barrington_Civic_Center_Historic_District	Barrington Civic Center Historic District	http://yago-knowledge.org/resource/hasWikipediaAnchorText	null	Pawtucket, Rhode Island	http://www.w3.org/1999/02/22-rdf-syntax-ns#langString	
http://yago-knowledge.org/resource/Barrington_Civic_Center_Historic_District	Barrington Civic Center Historic District	http://yago-knowledge.org/resource/hasWikipediaAnchorText	null	Plymouth Rock	http://www.w3.org/1999/02/22-rdf-syntax-ns#langString	
http://yago-knowledge.org/resource/Barrington_Civic_Center_Historic_District	Barrington Civic Center Historic District	http://yago-knowledge.org/resource/hasWikipediaAnchorText	null	Providence, Rhode Island	http://www.w3.org/1999/02/22-rdf-syntax-ns#langString	
http://yago-knowledge.org/resource/Barrington_Civic_Center_Historic_District	Barrington Civic Center Historic District	http://yago-knowledge.org/resource/hasWikipediaAnchorText	null	historic district	http://www.w3.org/1999/02/22-rdf-syntax-ns#langString	
http://yago-knowledge.org/resource/Barrington_Civic_Center_Historic_District	Barrington Civic Center Historic District	http://yago-knowledge.org/resource/hasWikipediaAnchorText	null	pounds sterling	http://www.w3.org/1999/02/22-rdf-syntax-ns#langString	
http://yago-knowledge.org/resource/Barrington_Civic_Center_Historic_District	Barrington Civic Center Historic District	http://yago-knowledge.org/resource/hasWikipediaArticleLength	null	10661	http://www.w3.org/2001/XMLSchema#integer	
http://yago-knowledge.org/resource/Barrington_Civic_Center_Historic_District	Barrington Civic Center Historic District	http://yago-knowledge.org/resource/hasWikipediaUrl	null	http://en.wikipedia.org/wiki/Barrington_Civic_Center_Historic_District	uri	null
http://yago-knowledge.org/resource/Barrington_Civic_Center_Historic_District	Barrington Civic Center Historic District	http://yago-knowledge.org/resource/isLocatedIn	Administrative parent	http://yago-knowledge.org/resource/Barrington,_Rhode_Island	entity	Barrington, Rhode Island
http://yago-knowledge.org/resource/Barrington_Civic_Center_Historic_District	Barrington Civic Center Historic District	http://yago-knowledge.org/resource/linksTo	null	http://yago-knowledge.org/resource/Barrington,_Rhode_Island	entity	Barrington, Rhode Island
http://yago-knowledge.org/resource/Barrington_Civic_Center_Historic_District	Barrington Civic Center Historic District	http://yago-knowledge.org/resource/linksTo	null	http://yago-knowledge.org/resource/National_Register_of_Historic_Places	entity	National Register of Historic Places
http://yago-knowledge.org/resource/Barrington_Civic_Center_Historic_District	Barrington Civic Center Historic District	http://yago-knowledge.org/resource/linksTo	null	http://yago-knowledge.org/resource/Pawtucket,_Rhode_Island	entity	Pawtucket, Rhode Island
http://yago-knowledge.org/resource/Barrington_Civic_Center_Historic_District	Barrington Civic Center Historic District	http://yago-knowledge.org/resource/linksTo	null	http://yago-knowledge.org/resource/Plymouth_Rock	entity	Plymouth Rock
http://yago-knowledge.org/resource/Barrington_Civic_Center_Historic_District	Barrington Civic Center Historic District	http://yago-knowledge.org/resource/linksTo	null	http://yago-knowledge.org/resource/Providence,_Rhode_Island	entity	Providence, Rhode Island
http://yago-knowledge.org/resource/Barrington_Civic_Center_Historic_District	Barrington Civic Center Historic District	http://yago-knowledge.org/resource/redirectedFrom	null	Barrington Civic Center	http://www.w3.org/1999/02/22-rdf-syntax-ns#langString	
