sub	subl	prop	propl	obj	obj_t	obj_l
http://rdf.freebase.com/ns/m.0srn8	Garrison	http://rdf.freebase.com/key/authority.gnis	gnis	456854	http://www.w3.org/2001/XMLSchema#string	
http://rdf.freebase.com/ns/m.0srn8	Garrison	http://rdf.freebase.com/key/authority.hud.countyplace	countyplace	1901130000	http://www.w3.org/2001/XMLSchema#string	
http://rdf.freebase.com/ns/m.0srn8	Garrison	http://rdf.freebase.com/key/authority.nist.fips.55	55	1930000	http://www.w3.org/2001/XMLSchema#string	
http://rdf.freebase.com/ns/m.0srn8	Garrison	http://rdf.freebase.com/key/base.dspl.us_census.population.place	place	1930000	http://www.w3.org/2001/XMLSchema#string	
http://rdf.freebase.com/ns/m.0srn8	Garrison	http://rdf.freebase.com/key/en	com/key/en	garrison_iowa	http://www.w3.org/2001/XMLSchema#string	
http://rdf.freebase.com/ns/m.0srn8	Garrison	http://rdf.freebase.com/key/wikipedia.en	en	Garrison,_IA	http://www.w3.org/2001/XMLSchema#string	
http://rdf.freebase.com/ns/m.0srn8	Garrison	http://rdf.freebase.com/key/wikipedia.en	en	Garrison,_Iowa	http://www.w3.org/2001/XMLSchema#string	
http://rdf.freebase.com/ns/m.0srn8	Garrison	http://rdf.freebase.com/key/wikipedia.en_id	en_id	112750	http://www.w3.org/2001/XMLSchema#string	
http://rdf.freebase.com/ns/m.0srn8	Garrison	http://rdf.freebase.com/key/wikipedia.en_title	en_title	Garrison,_Iowa	http://www.w3.org/2001/XMLSchema#string	
http://rdf.freebase.com/ns/m.0srn8	Garrison	http://rdf.freebase.com/ns/base.wikipedia_infobox.settlement.area_code	Area code	http://rdf.freebase.com/ns/m.0czg7g	entity	Area code 319
http://rdf.freebase.com/ns/m.0srn8	Garrison	http://rdf.freebase.com/ns/common.topic.alias	Also known as	Benton County / Garrison city	http://www.w3.org/1999/02/22-rdf-syntax-ns#langString	
http://rdf.freebase.com/ns/m.0srn8	Garrison	http://rdf.freebase.com/ns/common.topic.alias	Also known as	Garrison, Iowa	http://www.w3.org/1999/02/22-rdf-syntax-ns#langString	
http://rdf.freebase.com/ns/m.0srn8	Garrison	http://rdf.freebase.com/ns/common.topic.article	Article	Garrison is a city in Benton County, Iowa, United States. The population was 371 at the 2010 census. It is part of the Cedar Rapids Metropolitan Statistical Area. Garrison is located at 42°8′37″N 92°8′35″W﻿ / ﻿42.14361°N 92.14306°W﻿ / 42.14361; -92.14306 (42.143604, -92.143015). According to the United States Census Bureau, the city has a total area of 0.25 square miles (0.64 km²), all of it land. As of the census of 2010, there were 371 people, 145 households, and 99 families residing in the town. The population density was 1502 people per square mile (579.9/km²). There were 166 housing units at an average density of 672.1 per square mile (259.5/km²). The racial makeup of the town was 96.2% White, 1.1% African American, 0.3% from other races, and 2.4% from two or more races. Hispanic or Latino of any race were 1.6% of the population. There were 145 households out of which 29.7% had children under the age of 18 living with them, 50.3% were married couples living together, 11.7% had a female householder with no husband present, 6.2% had a male householder with no wife present, and 31.7% were non-families. 22.8% of all households were made up of individuals and 11% had someone living	http://www.w3.org/1999/02/22-rdf-syntax-ns#langString	
http://rdf.freebase.com/ns/m.0srn8	Garrison	http://rdf.freebase.com/ns/common.topic.description	Description	Garrison is a city in Benton County, Iowa, United States. The population was 371 at the 2010 census. It is part of the Cedar Rapids Metropolitan Statistical Area. It was named for abolitionist William Lloyd Garrison.	http://www.w3.org/1999/02/22-rdf-syntax-ns#langString	
http://rdf.freebase.com/ns/m.0srn8	Garrison	http://rdf.freebase.com/ns/common.topic.image	Image	http://rdf.freebase.com/ns/m.0295w5w	entity	Location of Garrison, Iowa
http://rdf.freebase.com/ns/m.0srn8	Garrison	http://rdf.freebase.com/ns/common.topic.notable_for	Notable for	City/Town/Village	http://www.w3.org/1999/02/22-rdf-syntax-ns#langString	
http://rdf.freebase.com/ns/m.0srn8	Garrison	http://rdf.freebase.com/ns/common.topic.notable_types	Notable types	http://rdf.freebase.com/ns/m.01m9	entity	City/Town/Village
http://rdf.freebase.com/ns/m.0srn8	Garrison	http://rdf.freebase.com/ns/common.topic.topic_equivalent_webpage	Topic equivalent webpage	http://ar.wikipedia.org/wiki/%3A%27%31%4A%33%48%46	uri	null
http://rdf.freebase.com/ns/m.0srn8	Garrison	http://rdf.freebase.com/ns/common.topic.topic_equivalent_webpage	Topic equivalent webpage	http://ar.wikipedia.org/wiki/index.html?curid=1947204	uri	null
http://rdf.freebase.com/ns/m.0srn8	Garrison	http://rdf.freebase.com/ns/common.topic.topic_equivalent_webpage	Topic equivalent webpage	http://ca.wikipedia.org/wiki/Garrison_(Iowa)	uri	null
http://rdf.freebase.com/ns/m.0srn8	Garrison	http://rdf.freebase.com/ns/common.topic.topic_equivalent_webpage	Topic equivalent webpage	http://ca.wikipedia.org/wiki/index.html?curid=689135	uri	null
http://rdf.freebase.com/ns/m.0srn8	Garrison	http://rdf.freebase.com/ns/common.topic.topic_equivalent_webpage	Topic equivalent webpage	http://en.wikipedia.org/wiki/Garrison,_Iowa	uri	null
http://rdf.freebase.com/ns/m.0srn8	Garrison	http://rdf.freebase.com/ns/common.topic.topic_equivalent_webpage	Topic equivalent webpage	http://en.wikipedia.org/wiki/index.html?curid=112750	uri	null
http://rdf.freebase.com/ns/m.0srn8	Garrison	http://rdf.freebase.com/ns/common.topic.topic_equivalent_webpage	Topic equivalent webpage	http://es.wikipedia.org/wiki/Garrison_(Iowa)	uri	null
http://rdf.freebase.com/ns/m.0srn8	Garrison	http://rdf.freebase.com/ns/common.topic.topic_equivalent_webpage	Topic equivalent webpage	http://es.wikipedia.org/wiki/index.html?curid=4727237	uri	null
http://rdf.freebase.com/ns/m.0srn8	Garrison	http://rdf.freebase.com/ns/common.topic.topic_equivalent_webpage	Topic equivalent webpage	http://fa.wikipedia.org/wiki/%AF%31%CC%33%48%46%0C_%22%CC%48%48%27	uri	null
http://rdf.freebase.com/ns/m.0srn8	Garrison	http://rdf.freebase.com/ns/common.topic.topic_equivalent_webpage	Topic equivalent webpage	http://fa.wikipedia.org/wiki/index.html?curid=1765564	uri	null
http://rdf.freebase.com/ns/m.0srn8	Garrison	http://rdf.freebase.com/ns/common.topic.topic_equivalent_webpage	Topic equivalent webpage	http://geonames.usgs.gov/pls/gnispublic/f?p=gnispq:3:::NO::P3_FID:456854	uri	null
http://rdf.freebase.com/ns/m.0srn8	Garrison	http://rdf.freebase.com/ns/common.topic.topic_equivalent_webpage	Topic equivalent webpage	http://nl.wikipedia.org/wiki/Garrison_(Iowa)	uri	null
http://rdf.freebase.com/ns/m.0srn8	Garrison	http://rdf.freebase.com/ns/common.topic.topic_equivalent_webpage	Topic equivalent webpage	http://nl.wikipedia.org/wiki/index.html?curid=1010601	uri	null
http://rdf.freebase.com/ns/m.0srn8	Garrison	http://rdf.freebase.com/ns/common.topic.topic_equivalent_webpage	Topic equivalent webpage	http://pl.wikipedia.org/wiki/Garrison_(Iowa)	uri	null
http://rdf.freebase.com/ns/m.0srn8	Garrison	http://rdf.freebase.com/ns/common.topic.topic_equivalent_webpage	Topic equivalent webpage	http://pl.wikipedia.org/wiki/index.html?curid=1979781	uri	null
http://rdf.freebase.com/ns/m.0srn8	Garrison	http://rdf.freebase.com/ns/common.topic.topic_equivalent_webpage	Topic equivalent webpage	http://pt.wikipedia.org/wiki/Garrison_(Iowa)	uri	null
http://rdf.freebase.com/ns/m.0srn8	Garrison	http://rdf.freebase.com/ns/common.topic.topic_equivalent_webpage	Topic equivalent webpage	http://pt.wikipedia.org/wiki/index.html?curid=1364500	uri	null
http://rdf.freebase.com/ns/m.0srn8	Garrison	http://rdf.freebase.com/ns/common.topic.topic_equivalent_webpage	Topic equivalent webpage	http://sr.wikipedia.org/wiki/%13%30%40%38%41%3E%3D_(%10%58%3E%32%30)	uri	null
http://rdf.freebase.com/ns/m.0srn8	Garrison	http://rdf.freebase.com/ns/common.topic.topic_equivalent_webpage	Topic equivalent webpage	http://sr.wikipedia.org/wiki/index.html?curid=700245	uri	null
http://rdf.freebase.com/ns/m.0srn8	Garrison	http://rdf.freebase.com/ns/common.topic.topic_equivalent_webpage	Topic equivalent webpage	http://vi.wikipedia.org/wiki/Garrison,_Iowa	uri	null
http://rdf.freebase.com/ns/m.0srn8	Garrison	http://rdf.freebase.com/ns/common.topic.topic_equivalent_webpage	Topic equivalent webpage	http://vi.wikipedia.org/wiki/index.html?curid=1540579	uri	null
http://rdf.freebase.com/ns/m.0srn8	Garrison	http://rdf.freebase.com/ns/kg.object_profile.prominent_type	prominent type	http://rdf.freebase.com/ns/location.citytown	entity	City/Town/Village
http://rdf.freebase.com/ns/m.0srn8	Garrison	http://rdf.freebase.com/ns/location.citytown.postal_codes	Postal codes	http://rdf.freebase.com/ns/m.03dqp2j	entity	52229
http://rdf.freebase.com/ns/m.0srn8	Garrison	http://rdf.freebase.com/ns/location.hud_county_place.county	County	http://rdf.freebase.com/ns/m.0nskc	entity	Benton County
http://rdf.freebase.com/ns/m.0srn8	Garrison	http://rdf.freebase.com/ns/location.hud_county_place.countyplace_id	County Place ID	1901130000	http://www.w3.org/2001/XMLSchema#string	
http://rdf.freebase.com/ns/m.0srn8	Garrison	http://rdf.freebase.com/ns/location.hud_county_place.place	Place	http://rdf.freebase.com/ns/m.0srn8	entity	Garrison
http://rdf.freebase.com/ns/m.0srn8	Garrison	http://rdf.freebase.com/ns/location.hud_foreclosure_area.bls_unemployment_rate	BLS Unemployment Rate (%)	0.037	http://www.w3.org/2001/XMLSchema#string	
http://rdf.freebase.com/ns/m.0srn8	Garrison	http://rdf.freebase.com/ns/location.hud_foreclosure_area.estimated_number_foreclosures	Estimated Number of Foreclosures	3	http://www.w3.org/2001/XMLSchema#string	
http://rdf.freebase.com/ns/m.0srn8	Garrison	http://rdf.freebase.com/ns/location.hud_foreclosure_area.estimated_number_of_mortgages	Estimated Number of Mortgages	90	http://www.w3.org/2001/XMLSchema#string	
http://rdf.freebase.com/ns/m.0srn8	Garrison	http://rdf.freebase.com/ns/location.hud_foreclosure_area.hhuniv	Household Count	166	http://www.w3.org/2001/XMLSchema#string	
http://rdf.freebase.com/ns/m.0srn8	Garrison	http://rdf.freebase.com/ns/location.hud_foreclosure_area.ofheo_price_change	OFHEO Price Change (%)	0.0	http://www.w3.org/2001/XMLSchema#string	
http://rdf.freebase.com/ns/m.0srn8	Garrison	http://rdf.freebase.com/ns/location.hud_foreclosure_area.total_90_day_vacant_residential_addresses	90-Day Vacant Residential Addresses	0	http://www.w3.org/2001/XMLSchema#string	
http://rdf.freebase.com/ns/m.0srn8	Garrison	http://rdf.freebase.com/ns/location.hud_foreclosure_area.total_residential_addresses	Total Residential Addresses	133	http://www.w3.org/2001/XMLSchema#string	
http://rdf.freebase.com/ns/m.0srn8	Garrison	http://rdf.freebase.com/ns/location.location.area	Area	0.65	http://www.w3.org/2001/XMLSchema#string	
http://rdf.freebase.com/ns/m.0srn8	Garrison	http://rdf.freebase.com/ns/location.location.containedby	Contained by	http://rdf.freebase.com/ns/m.03s0w	entity	Iowa
http://rdf.freebase.com/ns/m.0srn8	Garrison	http://rdf.freebase.com/ns/location.location.containedby	Contained by	http://rdf.freebase.com/ns/m.09c7w0	entity	United States of America
http://rdf.freebase.com/ns/m.0srn8	Garrison	http://rdf.freebase.com/ns/location.location.containedby	Contained by	http://rdf.freebase.com/ns/m.0nskc	entity	Benton County
http://rdf.freebase.com/ns/m.0srn8	Garrison	http://rdf.freebase.com/ns/location.location.gnis_feature_id	GNIS ID	456854	http://www.w3.org/2001/XMLSchema#string	
http://rdf.freebase.com/ns/m.0srn8	Garrison	http://rdf.freebase.com/ns/location.location.time_zones	Time zone(s)	http://rdf.freebase.com/ns/m.02fqwt	entity	Central Time Zone
http://rdf.freebase.com/ns/m.0srn8	Garrison	http://rdf.freebase.com/ns/location.statistical_region.population	Population	323	http://www.w3.org/2001/XMLSchema#string	
http://rdf.freebase.com/ns/m.0srn8	Garrison	http://rdf.freebase.com/ns/location.statistical_region.population	Population	325	http://www.w3.org/2001/XMLSchema#string	
http://rdf.freebase.com/ns/m.0srn8	Garrison	http://rdf.freebase.com/ns/location.statistical_region.population	Population	328	http://www.w3.org/2001/XMLSchema#string	
http://rdf.freebase.com/ns/m.0srn8	Garrison	http://rdf.freebase.com/ns/location.statistical_region.population	Population	333	http://www.w3.org/2001/XMLSchema#string	
http://rdf.freebase.com/ns/m.0srn8	Garrison	http://rdf.freebase.com/ns/location.statistical_region.population	Population	336	http://www.w3.org/2001/XMLSchema#string	
http://rdf.freebase.com/ns/m.0srn8	Garrison	http://rdf.freebase.com/ns/location.statistical_region.population	Population	338	http://www.w3.org/2001/XMLSchema#string	
http://rdf.freebase.com/ns/m.0srn8	Garrison	http://rdf.freebase.com/ns/location.statistical_region.population	Population	339	http://www.w3.org/2001/XMLSchema#string	
http://rdf.freebase.com/ns/m.0srn8	Garrison	http://rdf.freebase.com/ns/location.statistical_region.population	Population	340	http://www.w3.org/2001/XMLSchema#string	
http://rdf.freebase.com/ns/m.0srn8	Garrison	http://rdf.freebase.com/ns/location.statistical_region.population	Population	360	http://www.w3.org/2001/XMLSchema#string	
http://rdf.freebase.com/ns/m.0srn8	Garrison	http://rdf.freebase.com/ns/location.statistical_region.population	Population	364	http://www.w3.org/2001/XMLSchema#string	
http://rdf.freebase.com/ns/m.0srn8	Garrison	http://rdf.freebase.com/ns/location.statistical_region.population	Population	370	http://www.w3.org/2001/XMLSchema#string	
http://rdf.freebase.com/ns/m.0srn8	Garrison	http://rdf.freebase.com/ns/location.statistical_region.population	Population	371	http://www.w3.org/2001/XMLSchema#string	
http://rdf.freebase.com/ns/m.0srn8	Garrison	http://rdf.freebase.com/ns/location.statistical_region.population	Population	402	http://www.w3.org/2001/XMLSchema#string	
http://rdf.freebase.com/ns/m.0srn8	Garrison	http://rdf.freebase.com/ns/location.statistical_region.population	Population	403	http://www.w3.org/2001/XMLSchema#string	
http://rdf.freebase.com/ns/m.0srn8	Garrison	http://rdf.freebase.com/ns/location.statistical_region.population	Population	406	http://www.w3.org/2001/XMLSchema#string	
http://rdf.freebase.com/ns/m.0srn8	Garrison	http://rdf.freebase.com/ns/location.statistical_region.population	Population	410	http://www.w3.org/2001/XMLSchema#string	
http://rdf.freebase.com/ns/m.0srn8	Garrison	http://rdf.freebase.com/ns/location.statistical_region.population	Population	413	http://www.w3.org/2001/XMLSchema#string	
http://rdf.freebase.com/ns/m.0srn8	Garrison	http://rdf.freebase.com/ns/location.statistical_region.population	Population	415	http://www.w3.org/2001/XMLSchema#string	
http://rdf.freebase.com/ns/m.0srn8	Garrison	http://rdf.freebase.com/ns/location.statistical_region.population	Population	420	http://www.w3.org/2001/XMLSchema#string	
http://rdf.freebase.com/ns/m.0srn8	Garrison	http://rdf.freebase.com/ns/location.statistical_region.population	Population	421	http://www.w3.org/2001/XMLSchema#string	
http://rdf.freebase.com/ns/m.0srn8	Garrison	http://rdf.freebase.com/ns/location.statistical_region.population	Population	424	http://www.w3.org/2001/XMLSchema#string	
http://rdf.freebase.com/ns/m.0srn8	Garrison	http://rdf.freebase.com/ns/topic_server.population_number	population number	323	http://www.w3.org/2001/XMLSchema#string	
http://rdf.freebase.com/ns/m.0srn8	Garrison	http://rdf.freebase.com/ns/topic_server.population_number	population number	325	http://www.w3.org/2001/XMLSchema#string	
http://rdf.freebase.com/ns/m.0srn8	Garrison	http://rdf.freebase.com/ns/topic_server.population_number	population number	328	http://www.w3.org/2001/XMLSchema#string	
http://rdf.freebase.com/ns/m.0srn8	Garrison	http://rdf.freebase.com/ns/topic_server.population_number	population number	333	http://www.w3.org/2001/XMLSchema#string	
http://rdf.freebase.com/ns/m.0srn8	Garrison	http://rdf.freebase.com/ns/topic_server.population_number	population number	336	http://www.w3.org/2001/XMLSchema#string	
http://rdf.freebase.com/ns/m.0srn8	Garrison	http://rdf.freebase.com/ns/topic_server.population_number	population number	338	http://www.w3.org/2001/XMLSchema#string	
http://rdf.freebase.com/ns/m.0srn8	Garrison	http://rdf.freebase.com/ns/topic_server.population_number	population number	339	http://www.w3.org/2001/XMLSchema#string	
http://rdf.freebase.com/ns/m.0srn8	Garrison	http://rdf.freebase.com/ns/topic_server.population_number	population number	340	http://www.w3.org/2001/XMLSchema#string	
http://rdf.freebase.com/ns/m.0srn8	Garrison	http://rdf.freebase.com/ns/topic_server.population_number	population number	360	http://www.w3.org/2001/XMLSchema#string	
http://rdf.freebase.com/ns/m.0srn8	Garrison	http://rdf.freebase.com/ns/topic_server.population_number	population number	364	http://www.w3.org/2001/XMLSchema#string	
http://rdf.freebase.com/ns/m.0srn8	Garrison	http://rdf.freebase.com/ns/topic_server.population_number	population number	370	http://www.w3.org/2001/XMLSchema#string	
http://rdf.freebase.com/ns/m.0srn8	Garrison	http://rdf.freebase.com/ns/topic_server.population_number	population number	371	http://www.w3.org/2001/XMLSchema#string	
http://rdf.freebase.com/ns/m.0srn8	Garrison	http://rdf.freebase.com/ns/topic_server.population_number	population number	402	http://www.w3.org/2001/XMLSchema#string	
http://rdf.freebase.com/ns/m.0srn8	Garrison	http://rdf.freebase.com/ns/topic_server.population_number	population number	403	http://www.w3.org/2001/XMLSchema#string	
http://rdf.freebase.com/ns/m.0srn8	Garrison	http://rdf.freebase.com/ns/topic_server.population_number	population number	406	http://www.w3.org/2001/XMLSchema#string	
http://rdf.freebase.com/ns/m.0srn8	Garrison	http://rdf.freebase.com/ns/topic_server.population_number	population number	410	http://www.w3.org/2001/XMLSchema#string	
http://rdf.freebase.com/ns/m.0srn8	Garrison	http://rdf.freebase.com/ns/topic_server.population_number	population number	413	http://www.w3.org/2001/XMLSchema#string	
http://rdf.freebase.com/ns/m.0srn8	Garrison	http://rdf.freebase.com/ns/topic_server.population_number	population number	415	http://www.w3.org/2001/XMLSchema#string	
http://rdf.freebase.com/ns/m.0srn8	Garrison	http://rdf.freebase.com/ns/topic_server.population_number	population number	420	http://www.w3.org/2001/XMLSchema#string	
http://rdf.freebase.com/ns/m.0srn8	Garrison	http://rdf.freebase.com/ns/topic_server.population_number	population number	421	http://www.w3.org/2001/XMLSchema#string	
http://rdf.freebase.com/ns/m.0srn8	Garrison	http://rdf.freebase.com/ns/topic_server.population_number	population number	424	http://www.w3.org/2001/XMLSchema#string	
http://rdf.freebase.com/ns/m.0srn8	Garrison	http://rdf.freebase.com/ns/type.object.key	Key	/authority/gnis/456854	http://www.w3.org/2001/XMLSchema#string	
http://rdf.freebase.com/ns/m.0srn8	Garrison	http://rdf.freebase.com/ns/type.object.key	Key	/authority/hud/countyplace/1901130000	http://www.w3.org/2001/XMLSchema#string	
http://rdf.freebase.com/ns/m.0srn8	Garrison	http://rdf.freebase.com/ns/type.object.key	Key	/authority/nist/fips/55/1930000	http://www.w3.org/2001/XMLSchema#string	
http://rdf.freebase.com/ns/m.0srn8	Garrison	http://rdf.freebase.com/ns/type.object.key	Key	/base/dspl/us_census/population/place/1930000	http://www.w3.org/2001/XMLSchema#string	
http://rdf.freebase.com/ns/m.0srn8	Garrison	http://rdf.freebase.com/ns/type.object.key	Key	/en/garrison_iowa	http://www.w3.org/2001/XMLSchema#string	
http://rdf.freebase.com/ns/m.0srn8	Garrison	http://rdf.freebase.com/ns/type.object.key	Key	/wikipedia/ar/Garrison,_Iowa	http://www.w3.org/2001/XMLSchema#string	
http://rdf.freebase.com/ns/m.0srn8	Garrison	http://rdf.freebase.com/ns/type.object.key	Key	/wikipedia/ar/غاريسون	http://www.w3.org/2001/XMLSchema#string	
http://rdf.freebase.com/ns/m.0srn8	Garrison	http://rdf.freebase.com/ns/type.object.key	Key	/wikipedia/ar/غاريسون_(آيوا)	http://www.w3.org/2001/XMLSchema#string	
http://rdf.freebase.com/ns/m.0srn8	Garrison	http://rdf.freebase.com/ns/type.object.key	Key	/wikipedia/ar_id/1947204	http://www.w3.org/2001/XMLSchema#string	
http://rdf.freebase.com/ns/m.0srn8	Garrison	http://rdf.freebase.com/ns/type.object.key	Key	/wikipedia/ar_title/غاريسون	http://www.w3.org/2001/XMLSchema#string	
http://rdf.freebase.com/ns/m.0srn8	Garrison	http://rdf.freebase.com/ns/type.object.key	Key	/wikipedia/ca/Garrison_(Iowa)	http://www.w3.org/2001/XMLSchema#string	
http://rdf.freebase.com/ns/m.0srn8	Garrison	http://rdf.freebase.com/ns/type.object.key	Key	/wikipedia/ca_id/689135	http://www.w3.org/2001/XMLSchema#string	
http://rdf.freebase.com/ns/m.0srn8	Garrison	http://rdf.freebase.com/ns/type.object.key	Key	/wikipedia/ca_title/Garrison_(Iowa)	http://www.w3.org/2001/XMLSchema#string	
http://rdf.freebase.com/ns/m.0srn8	Garrison	http://rdf.freebase.com/ns/type.object.key	Key	/wikipedia/en/Garrison,_IA	http://www.w3.org/2001/XMLSchema#string	
http://rdf.freebase.com/ns/m.0srn8	Garrison	http://rdf.freebase.com/ns/type.object.key	Key	/wikipedia/en/Garrison,_Iowa	http://www.w3.org/2001/XMLSchema#string	
http://rdf.freebase.com/ns/m.0srn8	Garrison	http://rdf.freebase.com/ns/type.object.key	Key	/wikipedia/en_id/112750	http://www.w3.org/2001/XMLSchema#string	
http://rdf.freebase.com/ns/m.0srn8	Garrison	http://rdf.freebase.com/ns/type.object.key	Key	/wikipedia/en_title/Garrison,_Iowa	http://www.w3.org/2001/XMLSchema#string	
http://rdf.freebase.com/ns/m.0srn8	Garrison	http://rdf.freebase.com/ns/type.object.key	Key	/wikipedia/es/Garrison_(Iowa)	http://www.w3.org/2001/XMLSchema#string	
http://rdf.freebase.com/ns/m.0srn8	Garrison	http://rdf.freebase.com/ns/type.object.key	Key	/wikipedia/es_id/4727237	http://www.w3.org/2001/XMLSchema#string	
http://rdf.freebase.com/ns/m.0srn8	Garrison	http://rdf.freebase.com/ns/type.object.key	Key	/wikipedia/es_title/Garrison_(Iowa)	http://www.w3.org/2001/XMLSchema#string	
http://rdf.freebase.com/ns/m.0srn8	Garrison	http://rdf.freebase.com/ns/type.object.key	Key	/wikipedia/fa/گريسون،_آيووا	http://www.w3.org/2001/XMLSchema#string	
http://rdf.freebase.com/ns/m.0srn8	Garrison	http://rdf.freebase.com/ns/type.object.key	Key	/wikipedia/fa/گريسون،_ايووا	http://www.w3.org/2001/XMLSchema#string	
http://rdf.freebase.com/ns/m.0srn8	Garrison	http://rdf.freebase.com/ns/type.object.key	Key	/wikipedia/fa/گریسون،_آیووا	http://www.w3.org/2001/XMLSchema#string	
http://rdf.freebase.com/ns/m.0srn8	Garrison	http://rdf.freebase.com/ns/type.object.key	Key	/wikipedia/fa/گریسون،_ایووا	http://www.w3.org/2001/XMLSchema#string	
http://rdf.freebase.com/ns/m.0srn8	Garrison	http://rdf.freebase.com/ns/type.object.key	Key	/wikipedia/fa_id/1765564	http://www.w3.org/2001/XMLSchema#string	
http://rdf.freebase.com/ns/m.0srn8	Garrison	http://rdf.freebase.com/ns/type.object.key	Key	/wikipedia/fa_title/گریسون،_آیووا	http://www.w3.org/2001/XMLSchema#string	
http://rdf.freebase.com/ns/m.0srn8	Garrison	http://rdf.freebase.com/ns/type.object.key	Key	/wikipedia/nl/Garrison_(Iowa)	http://www.w3.org/2001/XMLSchema#string	
http://rdf.freebase.com/ns/m.0srn8	Garrison	http://rdf.freebase.com/ns/type.object.key	Key	/wikipedia/nl_id/1010601	http://www.w3.org/2001/XMLSchema#string	
http://rdf.freebase.com/ns/m.0srn8	Garrison	http://rdf.freebase.com/ns/type.object.key	Key	/wikipedia/nl_title/Garrison_(Iowa)	http://www.w3.org/2001/XMLSchema#string	
http://rdf.freebase.com/ns/m.0srn8	Garrison	http://rdf.freebase.com/ns/type.object.key	Key	/wikipedia/pl/Garrison_(Iowa)	http://www.w3.org/2001/XMLSchema#string	
http://rdf.freebase.com/ns/m.0srn8	Garrison	http://rdf.freebase.com/ns/type.object.key	Key	/wikipedia/pl_id/1979781	http://www.w3.org/2001/XMLSchema#string	
http://rdf.freebase.com/ns/m.0srn8	Garrison	http://rdf.freebase.com/ns/type.object.key	Key	/wikipedia/pl_title/Garrison_(Iowa)	http://www.w3.org/2001/XMLSchema#string	
http://rdf.freebase.com/ns/m.0srn8	Garrison	http://rdf.freebase.com/ns/type.object.key	Key	/wikipedia/pt/Garrison_(Iowa)	http://www.w3.org/2001/XMLSchema#string	
http://rdf.freebase.com/ns/m.0srn8	Garrison	http://rdf.freebase.com/ns/type.object.key	Key	/wikipedia/pt_id/1364500	http://www.w3.org/2001/XMLSchema#string	
http://rdf.freebase.com/ns/m.0srn8	Garrison	http://rdf.freebase.com/ns/type.object.key	Key	/wikipedia/pt_title/Garrison_(Iowa)	http://www.w3.org/2001/XMLSchema#string	
http://rdf.freebase.com/ns/m.0srn8	Garrison	http://rdf.freebase.com/ns/type.object.key	Key	/wikipedia/sr/Garrison,_IA	http://www.w3.org/2001/XMLSchema#string	
http://rdf.freebase.com/ns/m.0srn8	Garrison	http://rdf.freebase.com/ns/type.object.key	Key	/wikipedia/sr/Garrison,_Iowa	http://www.w3.org/2001/XMLSchema#string	
http://rdf.freebase.com/ns/m.0srn8	Garrison	http://rdf.freebase.com/ns/type.object.key	Key	/wikipedia/sr/Garrison_(IA)	http://www.w3.org/2001/XMLSchema#string	
http://rdf.freebase.com/ns/m.0srn8	Garrison	http://rdf.freebase.com/ns/type.object.key	Key	/wikipedia/sr/Garrison_(Iowa)	http://www.w3.org/2001/XMLSchema#string	
http://rdf.freebase.com/ns/m.0srn8	Garrison	http://rdf.freebase.com/ns/type.object.key	Key	/wikipedia/sr/Гарисон,_IA	http://www.w3.org/2001/XMLSchema#string	
http://rdf.freebase.com/ns/m.0srn8	Garrison	http://rdf.freebase.com/ns/type.object.key	Key	/wikipedia/sr/Гарисон,_Ајова	http://www.w3.org/2001/XMLSchema#string	
http://rdf.freebase.com/ns/m.0srn8	Garrison	http://rdf.freebase.com/ns/type.object.key	Key	/wikipedia/sr/Гарисон_(IA)	http://www.w3.org/2001/XMLSchema#string	
http://rdf.freebase.com/ns/m.0srn8	Garrison	http://rdf.freebase.com/ns/type.object.key	Key	/wikipedia/sr/Гарисон_(Ајова)	http://www.w3.org/2001/XMLSchema#string	
http://rdf.freebase.com/ns/m.0srn8	Garrison	http://rdf.freebase.com/ns/type.object.key	Key	/wikipedia/sr_id/700245	http://www.w3.org/2001/XMLSchema#string	
http://rdf.freebase.com/ns/m.0srn8	Garrison	http://rdf.freebase.com/ns/type.object.key	Key	/wikipedia/sr_title/Гарисон_(Ајова)	http://www.w3.org/2001/XMLSchema#string	
http://rdf.freebase.com/ns/m.0srn8	Garrison	http://rdf.freebase.com/ns/type.object.key	Key	/wikipedia/vi/Garrison,_Iowa	http://www.w3.org/2001/XMLSchema#string	
http://rdf.freebase.com/ns/m.0srn8	Garrison	http://rdf.freebase.com/ns/type.object.key	Key	/wikipedia/vi_id/1540579	http://www.w3.org/2001/XMLSchema#string	
http://rdf.freebase.com/ns/m.0srn8	Garrison	http://rdf.freebase.com/ns/type.object.key	Key	/wikipedia/vi_title/Garrison,_Iowa	http://www.w3.org/2001/XMLSchema#string	
http://rdf.freebase.com/ns/m.0srn8	Garrison	http://rdf.freebase.com/ns/type.object.name	Name	Garrison	http://www.w3.org/1999/02/22-rdf-syntax-ns#langString	
http://rdf.freebase.com/ns/m.0srn8	Garrison	http://rdf.freebase.com/ns/type.object.type	Type	http://rdf.freebase.com/ns/base.type_ontology.abstract	entity	Abstract
http://rdf.freebase.com/ns/m.0srn8	Garrison	http://rdf.freebase.com/ns/type.object.type	Type	http://rdf.freebase.com/ns/base.type_ontology.agent	entity	Agent
http://rdf.freebase.com/ns/m.0srn8	Garrison	http://rdf.freebase.com/ns/type.object.type	Type	http://rdf.freebase.com/ns/base.type_ontology.inanimate	entity	Inanimate
http://rdf.freebase.com/ns/m.0srn8	Garrison	http://rdf.freebase.com/ns/type.object.type	Type	http://rdf.freebase.com/ns/base.wikipedia_infobox.settlement	entity	Settlement
http://rdf.freebase.com/ns/m.0srn8	Garrison	http://rdf.freebase.com/ns/type.object.type	Type	http://rdf.freebase.com/ns/common.topic	entity	Topic
http://rdf.freebase.com/ns/m.0srn8	Garrison	http://rdf.freebase.com/ns/type.object.type	Type	http://rdf.freebase.com/ns/location.citytown	entity	City/Town/Village
http://rdf.freebase.com/ns/m.0srn8	Garrison	http://rdf.freebase.com/ns/type.object.type	Type	http://rdf.freebase.com/ns/location.dated_location	entity	Dated location
http://rdf.freebase.com/ns/m.0srn8	Garrison	http://rdf.freebase.com/ns/type.object.type	Type	http://rdf.freebase.com/ns/location.hud_county_place	entity	HUD County Place
http://rdf.freebase.com/ns/m.0srn8	Garrison	http://rdf.freebase.com/ns/type.object.type	Type	http://rdf.freebase.com/ns/location.hud_foreclosure_area	entity	HUD Foreclosure Area
http://rdf.freebase.com/ns/m.0srn8	Garrison	http://rdf.freebase.com/ns/type.object.type	Type	http://rdf.freebase.com/ns/location.location	entity	Location
http://rdf.freebase.com/ns/m.0srn8	Garrison	http://rdf.freebase.com/ns/type.object.type	Type	http://rdf.freebase.com/ns/location.statistical_region	entity	Statistical region
http://rdf.freebase.com/ns/m.0srn8	Garrison	http://www.w3.org/1999/02/22-rdf-syntax-ns#type	type	http://rdf.freebase.com/ns/base.type_ontology.abstract	entity	Abstract
http://rdf.freebase.com/ns/m.0srn8	Garrison	http://www.w3.org/1999/02/22-rdf-syntax-ns#type	type	http://rdf.freebase.com/ns/base.type_ontology.agent	entity	Agent
http://rdf.freebase.com/ns/m.0srn8	Garrison	http://www.w3.org/1999/02/22-rdf-syntax-ns#type	type	http://rdf.freebase.com/ns/base.type_ontology.inanimate	entity	Inanimate
http://rdf.freebase.com/ns/m.0srn8	Garrison	http://www.w3.org/1999/02/22-rdf-syntax-ns#type	type	http://rdf.freebase.com/ns/base.wikipedia_infobox.settlement	entity	Settlement
http://rdf.freebase.com/ns/m.0srn8	Garrison	http://www.w3.org/1999/02/22-rdf-syntax-ns#type	type	http://rdf.freebase.com/ns/common.topic	entity	Topic
http://rdf.freebase.com/ns/m.0srn8	Garrison	http://www.w3.org/1999/02/22-rdf-syntax-ns#type	type	http://rdf.freebase.com/ns/location.citytown	entity	City/Town/Village
http://rdf.freebase.com/ns/m.0srn8	Garrison	http://www.w3.org/1999/02/22-rdf-syntax-ns#type	type	http://rdf.freebase.com/ns/location.dated_location	entity	Dated location
http://rdf.freebase.com/ns/m.0srn8	Garrison	http://www.w3.org/1999/02/22-rdf-syntax-ns#type	type	http://rdf.freebase.com/ns/location.hud_county_place	entity	HUD County Place
http://rdf.freebase.com/ns/m.0srn8	Garrison	http://www.w3.org/1999/02/22-rdf-syntax-ns#type	type	http://rdf.freebase.com/ns/location.hud_foreclosure_area	entity	HUD Foreclosure Area
http://rdf.freebase.com/ns/m.0srn8	Garrison	http://www.w3.org/1999/02/22-rdf-syntax-ns#type	type	http://rdf.freebase.com/ns/location.location	entity	Location
http://rdf.freebase.com/ns/m.0srn8	Garrison	http://www.w3.org/1999/02/22-rdf-syntax-ns#type	type	http://rdf.freebase.com/ns/location.statistical_region	entity	Statistical region
http://rdf.freebase.com/ns/m.0srn8	Garrison	http://www.w3.org/2000/01/rdf-schema#label	label	Garrison	http://www.w3.org/1999/02/22-rdf-syntax-ns#langString	
http://rdf.freebase.com/ns/m.0srn8	Garrison	http://www.w3.org/2000/01/rdf-schema#label	label	Garrison	http://www.w3.org/2001/XMLSchema#string	
http://rdf.freebase.com/ns/m.0srn8	Garrison	http://www.w3.org/2003/01/geo/wgs84_pos#lat	latitude	42.143611	http://www.w3.org/2001/XMLSchema#float	
http://rdf.freebase.com/ns/m.0srn8	Garrison	http://www.w3.org/2003/01/geo/wgs84_pos#long	longitude	-92.143056	http://www.w3.org/2001/XMLSchema#float	
