sub	subl	prop	propl	obj	obj_t	obj_l
http://dbpedia.org/resource/Garrison,_North_Dakota	Garrison, North Dakota	http://dbpedia.org/ontology/PopulatedPlace/areaTotal	area total (km2)	3.57	http://dbpedia.org/datatype/squareKilometre	
http://dbpedia.org/resource/Garrison,_North_Dakota	Garrison, North Dakota	http://dbpedia.org/ontology/PopulatedPlace/areaTotal	area total (km2)	3.57418359226368	http://dbpedia.org/datatype/squareKilometre	
http://dbpedia.org/resource/Garrison,_North_Dakota	Garrison, North Dakota	http://dbpedia.org/ontology/PopulatedPlace/populationDensity	population density (/sqkm)	406.5	http://dbpedia.org/datatype/inhabitantsPerSquareKilometre	
http://dbpedia.org/resource/Garrison,_North_Dakota	Garrison, North Dakota	http://dbpedia.org/ontology/PopulatedPlace/populationDensity	population density (/sqkm)	406.5269627293413	http://dbpedia.org/datatype/inhabitantsPerSquareKilometre	
http://dbpedia.org/resource/Garrison,_North_Dakota	Garrison, North Dakota	http://dbpedia.org/ontology/abstract	has abstract	Garrison is a city in McLean County, North Dakota, United States. The population was 1,453 at the 2010 census.	http://www.w3.org/1999/02/22-rdf-syntax-ns#langString	
http://dbpedia.org/resource/Garrison,_North_Dakota	Garrison, North Dakota	http://dbpedia.org/ontology/areaCode	area code	701	http://www.w3.org/2001/XMLSchema#string	
http://dbpedia.org/resource/Garrison,_North_Dakota	Garrison, North Dakota	http://dbpedia.org/ontology/areaLand	area land (m2)	3.57418e+06	http://www.w3.org/2001/XMLSchema#double	
http://dbpedia.org/resource/Garrison,_North_Dakota	Garrison, North Dakota	http://dbpedia.org/ontology/areaLand	area land (m2)	3.57e+06	http://www.w3.org/2001/XMLSchema#double	
http://dbpedia.org/resource/Garrison,_North_Dakota	Garrison, North Dakota	http://dbpedia.org/ontology/areaTotal	area total (m2)	3.57418e+06	http://www.w3.org/2001/XMLSchema#double	
http://dbpedia.org/resource/Garrison,_North_Dakota	Garrison, North Dakota	http://dbpedia.org/ontology/areaTotal	area total (m2)	3.57e+06	http://www.w3.org/2001/XMLSchema#double	
http://dbpedia.org/resource/Garrison,_North_Dakota	Garrison, North Dakota	http://dbpedia.org/ontology/areaWater	area water (m2)	0.0	http://www.w3.org/2001/XMLSchema#double	
http://dbpedia.org/resource/Garrison,_North_Dakota	Garrison, North Dakota	http://dbpedia.org/ontology/country	country	http://dbpedia.org/resource/United_States	entity	United States
http://dbpedia.org/resource/Garrison,_North_Dakota	Garrison, North Dakota	http://dbpedia.org/ontology/elevation	elevation (μ)	587.0	http://www.w3.org/2001/XMLSchema#double	
http://dbpedia.org/resource/Garrison,_North_Dakota	Garrison, North Dakota	http://dbpedia.org/ontology/elevation	elevation (μ)	587.045	http://www.w3.org/2001/XMLSchema#double	
http://dbpedia.org/resource/Garrison,_North_Dakota	Garrison, North Dakota	http://dbpedia.org/ontology/isPartOf	is part of	http://dbpedia.org/resource/McLean_County,_North_Dakota	entity	McLean County, North Dakota
http://dbpedia.org/resource/Garrison,_North_Dakota	Garrison, North Dakota	http://dbpedia.org/ontology/isPartOf	is part of	http://dbpedia.org/resource/North_Dakota	entity	North Dakota
http://dbpedia.org/resource/Garrison,_North_Dakota	Garrison, North Dakota	http://dbpedia.org/ontology/populationDensity	population density (/sqkm)	406.5	http://www.w3.org/2001/XMLSchema#double	
http://dbpedia.org/resource/Garrison,_North_Dakota	Garrison, North Dakota	http://dbpedia.org/ontology/populationDensity	population density (/sqkm)	406.527	http://www.w3.org/2001/XMLSchema#double	
http://dbpedia.org/resource/Garrison,_North_Dakota	Garrison, North Dakota	http://dbpedia.org/ontology/populationTotal	population total	1453	http://www.w3.org/2001/XMLSchema#nonNegativeInteger	
http://dbpedia.org/resource/Garrison,_North_Dakota	Garrison, North Dakota	http://dbpedia.org/ontology/postalCode	postal code	58540	http://www.w3.org/2001/XMLSchema#string	
http://dbpedia.org/resource/Garrison,_North_Dakota	Garrison, North Dakota	http://dbpedia.org/ontology/thumbnail	thumbnail	http://commons.wikimedia.org/wiki/Special:FilePath/ND_McLean_County_Garrison.svg?width=300	uri	null
http://dbpedia.org/resource/Garrison,_North_Dakota	Garrison, North Dakota	http://dbpedia.org/ontology/timeZone	time zone	http://dbpedia.org/resource/North_American_Central_Time_Zone	entity	North American Central Time Zone
http://dbpedia.org/resource/Garrison,_North_Dakota	Garrison, North Dakota	http://dbpedia.org/ontology/type	type	http://dbpedia.org/resource/City	entity	City
http://dbpedia.org/resource/Garrison,_North_Dakota	Garrison, North Dakota	http://dbpedia.org/ontology/utcOffset	UTC offset	-5	http://www.w3.org/2001/XMLSchema#string	
http://dbpedia.org/resource/Garrison,_North_Dakota	Garrison, North Dakota	http://dbpedia.org/ontology/utcOffset	UTC offset	-6	http://www.w3.org/2001/XMLSchema#string	
http://dbpedia.org/resource/Garrison,_North_Dakota	Garrison, North Dakota	http://dbpedia.org/ontology/wikiPageExternalLink	Link from a Wikipage to an external page	http://digitalhorizonsonline.org/	uri	null
http://dbpedia.org/resource/Garrison,_North_Dakota	Garrison, North Dakota	http://dbpedia.org/ontology/wikiPageExternalLink	Link from a Wikipage to an external page	http://www.digitalhorizonsonline.org/cdm4/document.php?CISOROOT=/ndsl-books&CISOPTR=10475&REC=18	uri	null
http://dbpedia.org/resource/Garrison,_North_Dakota	Garrison, North Dakota	http://dbpedia.org/ontology/wikiPageExternalLink	Link from a Wikipage to an external page	http://www.digitalhorizonsonline.org/cdm4/document.php?CISOROOT=/ndsl-books&CISOPTR=3522&REC=3	uri	null
http://dbpedia.org/resource/Garrison,_North_Dakota	Garrison, North Dakota	http://dbpedia.org/ontology/wikiPageExternalLink	Link from a Wikipage to an external page	http://www.garrisonnd.com/	uri	null
http://dbpedia.org/resource/Garrison,_North_Dakota	Garrison, North Dakota	http://dbpedia.org/ontology/wikiPageID	Wikipage page ID	128617	http://www.w3.org/2001/XMLSchema#integer	
http://dbpedia.org/resource/Garrison,_North_Dakota	Garrison, North Dakota	http://dbpedia.org/ontology/wikiPageLength	page length (characters) of wiki page	10356	http://www.w3.org/2001/XMLSchema#nonNegativeInteger	
http://dbpedia.org/resource/Garrison,_North_Dakota	Garrison, North Dakota	http://dbpedia.org/ontology/wikiPageOutDegree	Wiki page out degree	48	http://www.w3.org/2001/XMLSchema#nonNegativeInteger	
http://dbpedia.org/resource/Garrison,_North_Dakota	Garrison, North Dakota	http://dbpedia.org/ontology/wikiPageRevisionID	Wikipage revision ID	729247380	http://www.w3.org/2001/XMLSchema#integer	
http://dbpedia.org/resource/Garrison,_North_Dakota	Garrison, North Dakota	http://purl.org/dc/terms/subject	Subject	http://dbpedia.org/resource/Category:Cities_in_McLean_County,_North_Dakota	entity	Cities in McLean County, North Dakota
http://dbpedia.org/resource/Garrison,_North_Dakota	Garrison, North Dakota	http://purl.org/dc/terms/subject	Subject	http://dbpedia.org/resource/Category:Cities_in_North_Dakota	entity	Cities in North Dakota
http://dbpedia.org/resource/Garrison,_North_Dakota	Garrison, North Dakota	http://purl.org/dc/terms/subject	Subject	http://dbpedia.org/resource/Category:Populated_places_established_in_1905	entity	Populated places established in 1905
http://dbpedia.org/resource/Garrison,_North_Dakota	Garrison, North Dakota	http://www.georss.org/georss/point	null	47.65222222222222 -101.41583333333334	http://www.w3.org/2001/XMLSchema#string	
http://dbpedia.org/resource/Garrison,_North_Dakota	Garrison, North Dakota	http://www.georss.org/georss/point	null	47.65277777777778 -101.41666666666667	http://www.w3.org/2001/XMLSchema#string	
http://dbpedia.org/resource/Garrison,_North_Dakota	Garrison, North Dakota	http://www.w3.org/1999/02/22-rdf-syntax-ns#type	type	http://dbpedia.org/ontology/City	entity	city
http://dbpedia.org/resource/Garrison,_North_Dakota	Garrison, North Dakota	http://www.w3.org/1999/02/22-rdf-syntax-ns#type	type	http://dbpedia.org/ontology/Location	uri	null
http://dbpedia.org/resource/Garrison,_North_Dakota	Garrison, North Dakota	http://www.w3.org/1999/02/22-rdf-syntax-ns#type	type	http://dbpedia.org/ontology/Place	entity	place
http://dbpedia.org/resource/Garrison,_North_Dakota	Garrison, North Dakota	http://www.w3.org/1999/02/22-rdf-syntax-ns#type	type	http://dbpedia.org/ontology/PopulatedPlace	entity	populated place
http://dbpedia.org/resource/Garrison,_North_Dakota	Garrison, North Dakota	http://www.w3.org/1999/02/22-rdf-syntax-ns#type	type	http://dbpedia.org/ontology/Settlement	entity	municipality
http://dbpedia.org/resource/Garrison,_North_Dakota	Garrison, North Dakota	http://www.w3.org/1999/02/22-rdf-syntax-ns#type	type	http://schema.org/City	entity	City
http://dbpedia.org/resource/Garrison,_North_Dakota	Garrison, North Dakota	http://www.w3.org/1999/02/22-rdf-syntax-ns#type	type	http://schema.org/Place	entity	Place
http://dbpedia.org/resource/Garrison,_North_Dakota	Garrison, North Dakota	http://www.w3.org/1999/02/22-rdf-syntax-ns#type	type	http://www.w3.org/2002/07/owl#Thing	entity	Thing
http://dbpedia.org/resource/Garrison,_North_Dakota	Garrison, North Dakota	http://www.w3.org/1999/02/22-rdf-syntax-ns#type	type	http://www.w3.org/2003/01/geo/wgs84_pos#SpatialThing	entity	Spatial Thing
http://dbpedia.org/resource/Garrison,_North_Dakota	Garrison, North Dakota	http://www.w3.org/1999/02/22-rdf-syntax-ns#type	type	http://www.wikidata.org/entity/Q486972	entity	human settlement
http://dbpedia.org/resource/Garrison,_North_Dakota	Garrison, North Dakota	http://www.w3.org/1999/02/22-rdf-syntax-ns#type	type	http://www.wikidata.org/entity/Q515	entity	city
http://dbpedia.org/resource/Garrison,_North_Dakota	Garrison, North Dakota	http://www.w3.org/2000/01/rdf-schema#comment	comment	Garrison is a city in McLean County, North Dakota, United States. The population was 1,453 at the 2010 census.	http://www.w3.org/1999/02/22-rdf-syntax-ns#langString	
http://dbpedia.org/resource/Garrison,_North_Dakota	Garrison, North Dakota	http://www.w3.org/2000/01/rdf-schema#label	label	Garrison, North Dakota	http://www.w3.org/1999/02/22-rdf-syntax-ns#langString	
http://dbpedia.org/resource/Garrison,_North_Dakota	Garrison, North Dakota	http://www.w3.org/2002/07/owl#sameAs	sameAs	http://dbpedia.org/resource/Garrison,_North_Dakota	entity	Garrison, North Dakota
http://dbpedia.org/resource/Garrison,_North_Dakota	Garrison, North Dakota	http://www.w3.org/2002/07/owl#sameAs	sameAs	http://rdf.freebase.com/ns/m.0yps6	entity	Garrison
http://dbpedia.org/resource/Garrison,_North_Dakota	Garrison, North Dakota	http://www.w3.org/2002/07/owl#sameAs	sameAs	http://sws.geonames.org/5689239/	entity	Garrison
http://dbpedia.org/resource/Garrison,_North_Dakota	Garrison, North Dakota	http://www.w3.org/2002/07/owl#sameAs	sameAs	http://www.wikidata.org/entity/Q2278248	entity	Garrison
http://dbpedia.org/resource/Garrison,_North_Dakota	Garrison, North Dakota	http://www.w3.org/2003/01/geo/wgs84_pos#lat	latitude	47.6522	http://www.w3.org/2001/XMLSchema#float	
http://dbpedia.org/resource/Garrison,_North_Dakota	Garrison, North Dakota	http://www.w3.org/2003/01/geo/wgs84_pos#lat	latitude	47.6528	http://www.w3.org/2001/XMLSchema#float	
http://dbpedia.org/resource/Garrison,_North_Dakota	Garrison, North Dakota	http://www.w3.org/2003/01/geo/wgs84_pos#long	longtitude	-101.416	http://www.w3.org/2001/XMLSchema#float	
http://dbpedia.org/resource/Garrison,_North_Dakota	Garrison, North Dakota	http://www.w3.org/2003/01/geo/wgs84_pos#long	longtitude	-101.417	http://www.w3.org/2001/XMLSchema#float	
http://dbpedia.org/resource/Garrison,_North_Dakota	Garrison, North Dakota	http://www.w3.org/ns/prov#wasDerivedFrom	wasDerivedFrom	http://en.wikipedia.org/wiki/Garrison,_North_Dakota?oldid=729247380	uri	null
http://dbpedia.org/resource/Garrison,_North_Dakota	Garrison, North Dakota	http://xmlns.com/foaf/0.1/depiction	depiction	http://commons.wikimedia.org/wiki/Special:FilePath/ND_McLean_County_Garrison.svg	uri	null
http://dbpedia.org/resource/Garrison,_North_Dakota	Garrison, North Dakota	http://xmlns.com/foaf/0.1/homepage	homepage	http://www.garrisonnd.com/	uri	null
http://dbpedia.org/resource/Garrison,_North_Dakota	Garrison, North Dakota	http://xmlns.com/foaf/0.1/isPrimaryTopicOf	is primary topic of	http://en.wikipedia.org/wiki/Garrison,_North_Dakota	uri	null
http://dbpedia.org/resource/Garrison,_North_Dakota	Garrison, North Dakota	http://xmlns.com/foaf/0.1/name	name	Garrison, North Dakota	http://www.w3.org/1999/02/22-rdf-syntax-ns#langString	
