sub	subl	prop	propl	obj	obj_t	obj_l
http://rdf.freebase.com/ns/m.0yps6	Garrison	http://rdf.freebase.com/key/authority.gnis	gnis	1029083	http://www.w3.org/2001/XMLSchema#string	
http://rdf.freebase.com/ns/m.0yps6	Garrison	http://rdf.freebase.com/key/authority.hud.countyplace	countyplace	3805529460	http://www.w3.org/2001/XMLSchema#string	
http://rdf.freebase.com/ns/m.0yps6	Garrison	http://rdf.freebase.com/key/authority.nist.fips.55	55	3829460	http://www.w3.org/2001/XMLSchema#string	
http://rdf.freebase.com/ns/m.0yps6	Garrison	http://rdf.freebase.com/key/base.dspl.us_census.population.place	place	3829460	http://www.w3.org/2001/XMLSchema#string	
http://rdf.freebase.com/ns/m.0yps6	Garrison	http://rdf.freebase.com/key/en	com/key/en	garrison_north_dakota	http://www.w3.org/2001/XMLSchema#string	
http://rdf.freebase.com/ns/m.0yps6	Garrison	http://rdf.freebase.com/key/wikipedia.en	en	Bob_Callies_Elementary_School	http://www.w3.org/2001/XMLSchema#string	
http://rdf.freebase.com/ns/m.0yps6	Garrison	http://rdf.freebase.com/key/wikipedia.en	en	Garrison,_ND	http://www.w3.org/2001/XMLSchema#string	
http://rdf.freebase.com/ns/m.0yps6	Garrison	http://rdf.freebase.com/key/wikipedia.en	en	Garrison,_North_Dakota	http://www.w3.org/2001/XMLSchema#string	
http://rdf.freebase.com/ns/m.0yps6	Garrison	http://rdf.freebase.com/key/wikipedia.en	en	Garrison_Golf_Course	http://www.w3.org/2001/XMLSchema#string	
http://rdf.freebase.com/ns/m.0yps6	Garrison	http://rdf.freebase.com/key/wikipedia.en_id	en_id	128617	http://www.w3.org/2001/XMLSchema#string	
http://rdf.freebase.com/ns/m.0yps6	Garrison	http://rdf.freebase.com/key/wikipedia.en_title	en_title	Garrison,_North_Dakota	http://www.w3.org/2001/XMLSchema#string	
http://rdf.freebase.com/ns/m.0yps6	Garrison	http://rdf.freebase.com/ns/base.wikipedia_infobox.settlement.area_code	Area code	http://rdf.freebase.com/ns/m.04z3kc	entity	Area code 701
http://rdf.freebase.com/ns/m.0yps6	Garrison	http://rdf.freebase.com/ns/common.topic.alias	Also known as	Garrison, North Dakota	http://www.w3.org/1999/02/22-rdf-syntax-ns#langString	
http://rdf.freebase.com/ns/m.0yps6	Garrison	http://rdf.freebase.com/ns/common.topic.alias	Also known as	McLean County / Garrison city	http://www.w3.org/1999/02/22-rdf-syntax-ns#langString	
http://rdf.freebase.com/ns/m.0yps6	Garrison	http://rdf.freebase.com/ns/common.topic.article	Article	Garrison is a city in McLean County, North Dakota in the United States. The population was 1,453 at the 2010 census. Garrison was founded in 1905 by brothers Theodore and Cecil Taylor. Their direct ancestor was Joseph Henry Taylor,trapper and author of 4 books and numerous newspaper articles during his 40 years of pioneering in North Dakota. His books included Frontier and Indian Life and its companion, Kaleidescope Lives. He was the editor of the Washburn paper, the McLean County Mail. Garrison is located at 47°39′08″N 101°24′57″W﻿ / ﻿47.65222°N 101.41583°W﻿ / 47.65222; -101.41583 (47.6522225, -101.4157165). According to the United States Census Bureau, the city has a total area of 1.4 square miles (3.6 km), all of it land. As of the census of 2010, there were 1,453 people, 590 households, and 362 families residing in the city. The population density was 941.5 people per square mile (363.5/km²). There were 655 housing units at an average density of 467.9 per square mile (180.6/km²). The racial makeup of the city was 95.37% White, 2.43% Native American, 0.15% Asian, 0.23% from other races, and 1.82% from two or more races. Hispanic or Latino of any race were 0.83% of the	http://www.w3.org/1999/02/22-rdf-syntax-ns#langString	
http://rdf.freebase.com/ns/m.0yps6	Garrison	http://rdf.freebase.com/ns/common.topic.description	Description	Garrison is a city in McLean County, North Dakota, United States. The population was 1,453 at the 2010 census. Garrison was founded in 1905 by brothers Theodore and Cecil Taylor. Theodore was a rancher in nearby Montrail County, and later was elected Sheriff of Burleigh County. The brother's direct ancestor was Joseph Henry Taylor, trapper and author of four books and numerous newspaper articles during his 40 years of pioneering in North Dakota. His books included Frontier and Indian Life and its companion, Kaleidescope Lives. He was the editor of the Washburn paper, the McLean County Mail.	http://www.w3.org/1999/02/22-rdf-syntax-ns#langString	
http://rdf.freebase.com/ns/m.0yps6	Garrison	http://rdf.freebase.com/ns/common.topic.image	Image	http://rdf.freebase.com/ns/m.0299kt8	entity	Location of Garrison, North Dakota
http://rdf.freebase.com/ns/m.0yps6	Garrison	http://rdf.freebase.com/ns/common.topic.notable_for	Notable for	City/Town/Village	http://www.w3.org/1999/02/22-rdf-syntax-ns#langString	
http://rdf.freebase.com/ns/m.0yps6	Garrison	http://rdf.freebase.com/ns/common.topic.notable_types	Notable types	http://rdf.freebase.com/ns/m.01m9	entity	City/Town/Village
http://rdf.freebase.com/ns/m.0yps6	Garrison	http://rdf.freebase.com/ns/common.topic.topic_equivalent_webpage	Topic equivalent webpage	http://ar.wikipedia.org/wiki/%3A%27%31%4A%33%48%46_(%2F%27%43%48%2A%27_%27%44%34%45%27%44%4A%29)	uri	null
http://rdf.freebase.com/ns/m.0yps6	Garrison	http://rdf.freebase.com/ns/common.topic.topic_equivalent_webpage	Topic equivalent webpage	http://ar.wikipedia.org/wiki/index.html?curid=1963808	uri	null
http://rdf.freebase.com/ns/m.0yps6	Garrison	http://rdf.freebase.com/ns/common.topic.topic_equivalent_webpage	Topic equivalent webpage	http://ca.wikipedia.org/wiki/Garrison_(Dakota_del_Nord)	uri	null
http://rdf.freebase.com/ns/m.0yps6	Garrison	http://rdf.freebase.com/ns/common.topic.topic_equivalent_webpage	Topic equivalent webpage	http://ca.wikipedia.org/wiki/index.html?curid=698956	uri	null
http://rdf.freebase.com/ns/m.0yps6	Garrison	http://rdf.freebase.com/ns/common.topic.topic_equivalent_webpage	Topic equivalent webpage	http://en.wikipedia.org/wiki/Garrison,_North_Dakota	uri	null
http://rdf.freebase.com/ns/m.0yps6	Garrison	http://rdf.freebase.com/ns/common.topic.topic_equivalent_webpage	Topic equivalent webpage	http://en.wikipedia.org/wiki/index.html?curid=128617	uri	null
http://rdf.freebase.com/ns/m.0yps6	Garrison	http://rdf.freebase.com/ns/common.topic.topic_equivalent_webpage	Topic equivalent webpage	http://es.wikipedia.org/wiki/Garrison_(Dakota_del_Norte)	uri	null
http://rdf.freebase.com/ns/m.0yps6	Garrison	http://rdf.freebase.com/ns/common.topic.topic_equivalent_webpage	Topic equivalent webpage	http://es.wikipedia.org/wiki/index.html?curid=4722175	uri	null
http://rdf.freebase.com/ns/m.0yps6	Garrison	http://rdf.freebase.com/ns/common.topic.topic_equivalent_webpage	Topic equivalent webpage	http://fa.wikipedia.org/wiki/%AF%31%33%46%0C_%2F%27%A9%48%2A%27%CC_%34%45%27%44%CC	uri	null
http://rdf.freebase.com/ns/m.0yps6	Garrison	http://rdf.freebase.com/ns/common.topic.topic_equivalent_webpage	Topic equivalent webpage	http://fa.wikipedia.org/wiki/index.html?curid=1650515	uri	null
http://rdf.freebase.com/ns/m.0yps6	Garrison	http://rdf.freebase.com/ns/common.topic.topic_equivalent_webpage	Topic equivalent webpage	http://fr.wikipedia.org/wiki/Garrison_(Dakota_du_Nord)	uri	null
http://rdf.freebase.com/ns/m.0yps6	Garrison	http://rdf.freebase.com/ns/common.topic.topic_equivalent_webpage	Topic equivalent webpage	http://fr.wikipedia.org/wiki/index.html?curid=7859008	uri	null
http://rdf.freebase.com/ns/m.0yps6	Garrison	http://rdf.freebase.com/ns/common.topic.topic_equivalent_webpage	Topic equivalent webpage	http://geonames.usgs.gov/pls/gnispublic/f?p=gnispq:3:::NO::P3_FID:1029083	uri	null
http://rdf.freebase.com/ns/m.0yps6	Garrison	http://rdf.freebase.com/ns/common.topic.topic_equivalent_webpage	Topic equivalent webpage	http://it.wikipedia.org/wiki/Garrison_(Dakota_del_Nord)	uri	null
http://rdf.freebase.com/ns/m.0yps6	Garrison	http://rdf.freebase.com/ns/common.topic.topic_equivalent_webpage	Topic equivalent webpage	http://it.wikipedia.org/wiki/index.html?curid=2628652	uri	null
http://rdf.freebase.com/ns/m.0yps6	Garrison	http://rdf.freebase.com/ns/common.topic.topic_equivalent_webpage	Topic equivalent webpage	http://nl.wikipedia.org/wiki/Garrison_(North_Dakota)	uri	null
http://rdf.freebase.com/ns/m.0yps6	Garrison	http://rdf.freebase.com/ns/common.topic.topic_equivalent_webpage	Topic equivalent webpage	http://nl.wikipedia.org/wiki/index.html?curid=1033793	uri	null
http://rdf.freebase.com/ns/m.0yps6	Garrison	http://rdf.freebase.com/ns/common.topic.topic_equivalent_webpage	Topic equivalent webpage	http://pl.wikipedia.org/wiki/Garrison_(Dakota_P%F3%42nocna)	uri	null
http://rdf.freebase.com/ns/m.0yps6	Garrison	http://rdf.freebase.com/ns/common.topic.topic_equivalent_webpage	Topic equivalent webpage	http://pl.wikipedia.org/wiki/index.html?curid=3342931	uri	null
http://rdf.freebase.com/ns/m.0yps6	Garrison	http://rdf.freebase.com/ns/common.topic.topic_equivalent_webpage	Topic equivalent webpage	http://pt.wikipedia.org/wiki/Garrison_(Dacota_do_Norte)	uri	null
http://rdf.freebase.com/ns/m.0yps6	Garrison	http://rdf.freebase.com/ns/common.topic.topic_equivalent_webpage	Topic equivalent webpage	http://pt.wikipedia.org/wiki/index.html?curid=1416828	uri	null
http://rdf.freebase.com/ns/m.0yps6	Garrison	http://rdf.freebase.com/ns/common.topic.topic_equivalent_webpage	Topic equivalent webpage	http://sr.wikipedia.org/wiki/%13%30%40%38%41%3E%3D_(%21%35%32%35%40%3D%30_%14%30%3A%3E%42%30)	uri	null
http://rdf.freebase.com/ns/m.0yps6	Garrison	http://rdf.freebase.com/ns/common.topic.topic_equivalent_webpage	Topic equivalent webpage	http://sr.wikipedia.org/wiki/index.html?curid=768968	uri	null
http://rdf.freebase.com/ns/m.0yps6	Garrison	http://rdf.freebase.com/ns/common.topic.topic_equivalent_webpage	Topic equivalent webpage	http://vi.wikipedia.org/wiki/Garrison,_B%AFc_Dakota	uri	null
http://rdf.freebase.com/ns/m.0yps6	Garrison	http://rdf.freebase.com/ns/common.topic.topic_equivalent_webpage	Topic equivalent webpage	http://vi.wikipedia.org/wiki/index.html?curid=580693	uri	null
http://rdf.freebase.com/ns/m.0yps6	Garrison	http://rdf.freebase.com/ns/common.topic.topic_equivalent_webpage	Topic equivalent webpage	http://zh.wikipedia.org/wiki/index.html?curid=3133946	uri	null
http://rdf.freebase.com/ns/m.0yps6	Garrison	http://rdf.freebase.com/ns/common.topic.topic_equivalent_webpage	Topic equivalent webpage	http://zh.wikipedia.org/zh-cn/%A0%CC%EE_(%17%BE%D1%D6%DE)	uri	null
http://rdf.freebase.com/ns/m.0yps6	Garrison	http://rdf.freebase.com/ns/common.topic.topic_equivalent_webpage	Topic equivalent webpage	http://zh.wikipedia.org/zh-tw/%A0%CC%EE_(%17%BE%D1%D6%DE)	uri	null
http://rdf.freebase.com/ns/m.0yps6	Garrison	http://rdf.freebase.com/ns/kg.object_profile.prominent_type	prominent type	http://rdf.freebase.com/ns/location.citytown	entity	City/Town/Village
http://rdf.freebase.com/ns/m.0yps6	Garrison	http://rdf.freebase.com/ns/location.citytown.postal_codes	Postal codes	http://rdf.freebase.com/ns/m.02041gk	entity	58540
http://rdf.freebase.com/ns/m.0yps6	Garrison	http://rdf.freebase.com/ns/location.hud_county_place.county	County	http://rdf.freebase.com/ns/m.0n368	entity	McLean County
http://rdf.freebase.com/ns/m.0yps6	Garrison	http://rdf.freebase.com/ns/location.hud_county_place.countyplace_id	County Place ID	3805529460	http://www.w3.org/2001/XMLSchema#string	
http://rdf.freebase.com/ns/m.0yps6	Garrison	http://rdf.freebase.com/ns/location.hud_county_place.place	Place	http://rdf.freebase.com/ns/m.0yps6	entity	Garrison
http://rdf.freebase.com/ns/m.0yps6	Garrison	http://rdf.freebase.com/ns/location.hud_foreclosure_area.bls_unemployment_rate	BLS Unemployment Rate (%)	0.0499	http://www.w3.org/2001/XMLSchema#string	
http://rdf.freebase.com/ns/m.0yps6	Garrison	http://rdf.freebase.com/ns/location.hud_foreclosure_area.estimated_number_foreclosures	Estimated Number of Foreclosures	7	http://www.w3.org/2001/XMLSchema#string	
http://rdf.freebase.com/ns/m.0yps6	Garrison	http://rdf.freebase.com/ns/location.hud_foreclosure_area.estimated_number_of_mortgages	Estimated Number of Mortgages	171	http://www.w3.org/2001/XMLSchema#string	
http://rdf.freebase.com/ns/m.0yps6	Garrison	http://rdf.freebase.com/ns/location.hud_foreclosure_area.hhuniv	Household Count	593	http://www.w3.org/2001/XMLSchema#string	
http://rdf.freebase.com/ns/m.0yps6	Garrison	http://rdf.freebase.com/ns/location.hud_foreclosure_area.total_90_day_vacant_residential_addresses	90-Day Vacant Residential Addresses	0	http://www.w3.org/2001/XMLSchema#string	
http://rdf.freebase.com/ns/m.0yps6	Garrison	http://rdf.freebase.com/ns/location.hud_foreclosure_area.total_residential_addresses	Total Residential Addresses	283	http://www.w3.org/2001/XMLSchema#string	
http://rdf.freebase.com/ns/m.0yps6	Garrison	http://rdf.freebase.com/ns/location.location.area	Area	3.57	http://www.w3.org/2001/XMLSchema#string	
http://rdf.freebase.com/ns/m.0yps6	Garrison	http://rdf.freebase.com/ns/location.location.containedby	Contained by	http://rdf.freebase.com/ns/m.05fky	entity	North Dakota
http://rdf.freebase.com/ns/m.0yps6	Garrison	http://rdf.freebase.com/ns/location.location.containedby	Contained by	http://rdf.freebase.com/ns/m.0n368	entity	McLean County
http://rdf.freebase.com/ns/m.0yps6	Garrison	http://rdf.freebase.com/ns/location.location.contains	Contains	http://rdf.freebase.com/ns/m.0lpxkm3	entity	Fort Stevenson State Park
http://rdf.freebase.com/ns/m.0yps6	Garrison	http://rdf.freebase.com/ns/location.location.gnis_feature_id	GNIS ID	1029083	http://www.w3.org/2001/XMLSchema#string	
http://rdf.freebase.com/ns/m.0yps6	Garrison	http://rdf.freebase.com/ns/location.location.nearby_airports	Nearby airports	http://rdf.freebase.com/ns/m.03h5y7y	entity	Garrison Municipal Airport
http://rdf.freebase.com/ns/m.0yps6	Garrison	http://rdf.freebase.com/ns/location.location.people_born_here	People born here	http://rdf.freebase.com/ns/m.0120wq8p	entity	Jeff Delzer
http://rdf.freebase.com/ns/m.0yps6	Garrison	http://rdf.freebase.com/ns/location.location.time_zones	Time zone(s)	http://rdf.freebase.com/ns/m.02fqwt	entity	Central Time Zone
http://rdf.freebase.com/ns/m.0yps6	Garrison	http://rdf.freebase.com/ns/location.statistical_region.population	Population	1024	http://www.w3.org/2001/XMLSchema#string	
http://rdf.freebase.com/ns/m.0yps6	Garrison	http://rdf.freebase.com/ns/location.statistical_region.population	Population	1117	http://www.w3.org/2001/XMLSchema#string	
http://rdf.freebase.com/ns/m.0yps6	Garrison	http://rdf.freebase.com/ns/location.statistical_region.population	Population	1157	http://www.w3.org/2001/XMLSchema#string	
http://rdf.freebase.com/ns/m.0yps6	Garrison	http://rdf.freebase.com/ns/location.statistical_region.population	Population	1167	http://www.w3.org/2001/XMLSchema#string	
http://rdf.freebase.com/ns/m.0yps6	Garrison	http://rdf.freebase.com/ns/location.statistical_region.population	Population	1174	http://www.w3.org/2001/XMLSchema#string	
http://rdf.freebase.com/ns/m.0yps6	Garrison	http://rdf.freebase.com/ns/location.statistical_region.population	Population	1181	http://www.w3.org/2001/XMLSchema#string	
http://rdf.freebase.com/ns/m.0yps6	Garrison	http://rdf.freebase.com/ns/location.statistical_region.population	Population	1193	http://www.w3.org/2001/XMLSchema#string	
http://rdf.freebase.com/ns/m.0yps6	Garrison	http://rdf.freebase.com/ns/location.statistical_region.population	Population	1219	http://www.w3.org/2001/XMLSchema#string	
http://rdf.freebase.com/ns/m.0yps6	Garrison	http://rdf.freebase.com/ns/location.statistical_region.population	Population	1250	http://www.w3.org/2001/XMLSchema#string	
http://rdf.freebase.com/ns/m.0yps6	Garrison	http://rdf.freebase.com/ns/location.statistical_region.population	Population	1262	http://www.w3.org/2001/XMLSchema#string	
http://rdf.freebase.com/ns/m.0yps6	Garrison	http://rdf.freebase.com/ns/location.statistical_region.population	Population	1286	http://www.w3.org/2001/XMLSchema#string	
http://rdf.freebase.com/ns/m.0yps6	Garrison	http://rdf.freebase.com/ns/location.statistical_region.population	Population	1310	http://www.w3.org/2001/XMLSchema#string	
http://rdf.freebase.com/ns/m.0yps6	Garrison	http://rdf.freebase.com/ns/location.statistical_region.population	Population	1449	http://www.w3.org/2001/XMLSchema#string	
http://rdf.freebase.com/ns/m.0yps6	Garrison	http://rdf.freebase.com/ns/location.statistical_region.population	Population	1453	http://www.w3.org/2001/XMLSchema#string	
http://rdf.freebase.com/ns/m.0yps6	Garrison	http://rdf.freebase.com/ns/location.statistical_region.population	Population	1457	http://www.w3.org/2001/XMLSchema#string	
http://rdf.freebase.com/ns/m.0yps6	Garrison	http://rdf.freebase.com/ns/location.statistical_region.population	Population	1458	http://www.w3.org/2001/XMLSchema#string	
http://rdf.freebase.com/ns/m.0yps6	Garrison	http://rdf.freebase.com/ns/location.statistical_region.population	Population	1460	http://www.w3.org/2001/XMLSchema#string	
http://rdf.freebase.com/ns/m.0yps6	Garrison	http://rdf.freebase.com/ns/location.statistical_region.population	Population	1462	http://www.w3.org/2001/XMLSchema#string	
http://rdf.freebase.com/ns/m.0yps6	Garrison	http://rdf.freebase.com/ns/location.statistical_region.population	Population	1463	http://www.w3.org/2001/XMLSchema#string	
http://rdf.freebase.com/ns/m.0yps6	Garrison	http://rdf.freebase.com/ns/location.statistical_region.population	Population	1470	http://www.w3.org/2001/XMLSchema#string	
http://rdf.freebase.com/ns/m.0yps6	Garrison	http://rdf.freebase.com/ns/location.statistical_region.population	Population	1474	http://www.w3.org/2001/XMLSchema#string	
http://rdf.freebase.com/ns/m.0yps6	Garrison	http://rdf.freebase.com/ns/location.statistical_region.population	Population	1486	http://www.w3.org/2001/XMLSchema#string	
http://rdf.freebase.com/ns/m.0yps6	Garrison	http://rdf.freebase.com/ns/location.statistical_region.population	Population	1493	http://www.w3.org/2001/XMLSchema#string	
http://rdf.freebase.com/ns/m.0yps6	Garrison	http://rdf.freebase.com/ns/location.statistical_region.population	Population	1516	http://www.w3.org/2001/XMLSchema#string	
http://rdf.freebase.com/ns/m.0yps6	Garrison	http://rdf.freebase.com/ns/location.statistical_region.population	Population	1529	http://www.w3.org/2001/XMLSchema#string	
http://rdf.freebase.com/ns/m.0yps6	Garrison	http://rdf.freebase.com/ns/location.statistical_region.population	Population	1538	http://www.w3.org/2001/XMLSchema#string	
http://rdf.freebase.com/ns/m.0yps6	Garrison	http://rdf.freebase.com/ns/location.statistical_region.population	Population	1552	http://www.w3.org/2001/XMLSchema#string	
http://rdf.freebase.com/ns/m.0yps6	Garrison	http://rdf.freebase.com/ns/location.statistical_region.population	Population	1614	http://www.w3.org/2001/XMLSchema#string	
http://rdf.freebase.com/ns/m.0yps6	Garrison	http://rdf.freebase.com/ns/location.statistical_region.population	Population	1794	http://www.w3.org/2001/XMLSchema#string	
http://rdf.freebase.com/ns/m.0yps6	Garrison	http://rdf.freebase.com/ns/location.statistical_region.population	Population	1830	http://www.w3.org/2001/XMLSchema#string	
http://rdf.freebase.com/ns/m.0yps6	Garrison	http://rdf.freebase.com/ns/location.statistical_region.population	Population	1890	http://www.w3.org/2001/XMLSchema#string	
http://rdf.freebase.com/ns/m.0yps6	Garrison	http://rdf.freebase.com/ns/location.statistical_region.population	Population	714	http://www.w3.org/2001/XMLSchema#string	
http://rdf.freebase.com/ns/m.0yps6	Garrison	http://rdf.freebase.com/ns/topic_server.population_number	population number	1157	http://www.w3.org/2001/XMLSchema#string	
http://rdf.freebase.com/ns/m.0yps6	Garrison	http://rdf.freebase.com/ns/topic_server.population_number	population number	1167	http://www.w3.org/2001/XMLSchema#string	
http://rdf.freebase.com/ns/m.0yps6	Garrison	http://rdf.freebase.com/ns/topic_server.population_number	population number	1174	http://www.w3.org/2001/XMLSchema#string	
http://rdf.freebase.com/ns/m.0yps6	Garrison	http://rdf.freebase.com/ns/topic_server.population_number	population number	1181	http://www.w3.org/2001/XMLSchema#string	
http://rdf.freebase.com/ns/m.0yps6	Garrison	http://rdf.freebase.com/ns/topic_server.population_number	population number	1193	http://www.w3.org/2001/XMLSchema#string	
http://rdf.freebase.com/ns/m.0yps6	Garrison	http://rdf.freebase.com/ns/topic_server.population_number	population number	1219	http://www.w3.org/2001/XMLSchema#string	
http://rdf.freebase.com/ns/m.0yps6	Garrison	http://rdf.freebase.com/ns/topic_server.population_number	population number	1250	http://www.w3.org/2001/XMLSchema#string	
http://rdf.freebase.com/ns/m.0yps6	Garrison	http://rdf.freebase.com/ns/topic_server.population_number	population number	1262	http://www.w3.org/2001/XMLSchema#string	
http://rdf.freebase.com/ns/m.0yps6	Garrison	http://rdf.freebase.com/ns/topic_server.population_number	population number	1286	http://www.w3.org/2001/XMLSchema#string	
http://rdf.freebase.com/ns/m.0yps6	Garrison	http://rdf.freebase.com/ns/topic_server.population_number	population number	1310	http://www.w3.org/2001/XMLSchema#string	
http://rdf.freebase.com/ns/m.0yps6	Garrison	http://rdf.freebase.com/ns/topic_server.population_number	population number	1449	http://www.w3.org/2001/XMLSchema#string	
http://rdf.freebase.com/ns/m.0yps6	Garrison	http://rdf.freebase.com/ns/topic_server.population_number	population number	1453	http://www.w3.org/2001/XMLSchema#string	
http://rdf.freebase.com/ns/m.0yps6	Garrison	http://rdf.freebase.com/ns/topic_server.population_number	population number	1457	http://www.w3.org/2001/XMLSchema#string	
http://rdf.freebase.com/ns/m.0yps6	Garrison	http://rdf.freebase.com/ns/topic_server.population_number	population number	1460	http://www.w3.org/2001/XMLSchema#string	
http://rdf.freebase.com/ns/m.0yps6	Garrison	http://rdf.freebase.com/ns/topic_server.population_number	population number	1462	http://www.w3.org/2001/XMLSchema#string	
http://rdf.freebase.com/ns/m.0yps6	Garrison	http://rdf.freebase.com/ns/topic_server.population_number	population number	1463	http://www.w3.org/2001/XMLSchema#string	
http://rdf.freebase.com/ns/m.0yps6	Garrison	http://rdf.freebase.com/ns/topic_server.population_number	population number	1474	http://www.w3.org/2001/XMLSchema#string	
http://rdf.freebase.com/ns/m.0yps6	Garrison	http://rdf.freebase.com/ns/topic_server.population_number	population number	1486	http://www.w3.org/2001/XMLSchema#string	
http://rdf.freebase.com/ns/m.0yps6	Garrison	http://rdf.freebase.com/ns/topic_server.population_number	population number	1493	http://www.w3.org/2001/XMLSchema#string	
http://rdf.freebase.com/ns/m.0yps6	Garrison	http://rdf.freebase.com/ns/topic_server.population_number	population number	1516	http://www.w3.org/2001/XMLSchema#string	
http://rdf.freebase.com/ns/m.0yps6	Garrison	http://rdf.freebase.com/ns/topic_server.population_number	population number	1529	http://www.w3.org/2001/XMLSchema#string	
http://rdf.freebase.com/ns/m.0yps6	Garrison	http://rdf.freebase.com/ns/topic_server.population_number	population number	1538	http://www.w3.org/2001/XMLSchema#string	
http://rdf.freebase.com/ns/m.0yps6	Garrison	http://rdf.freebase.com/ns/topic_server.population_number	population number	1552	http://www.w3.org/2001/XMLSchema#string	
http://rdf.freebase.com/ns/m.0yps6	Garrison	http://rdf.freebase.com/ns/type.object.key	Key	/authority/gnis/1029083	http://www.w3.org/2001/XMLSchema#string	
http://rdf.freebase.com/ns/m.0yps6	Garrison	http://rdf.freebase.com/ns/type.object.key	Key	/authority/hud/countyplace/3805529460	http://www.w3.org/2001/XMLSchema#string	
http://rdf.freebase.com/ns/m.0yps6	Garrison	http://rdf.freebase.com/ns/type.object.key	Key	/authority/nist/fips/55/3829460	http://www.w3.org/2001/XMLSchema#string	
http://rdf.freebase.com/ns/m.0yps6	Garrison	http://rdf.freebase.com/ns/type.object.key	Key	/base/dspl/us_census/population/place/3829460	http://www.w3.org/2001/XMLSchema#string	
http://rdf.freebase.com/ns/m.0yps6	Garrison	http://rdf.freebase.com/ns/type.object.key	Key	/en/garrison_north_dakota	http://www.w3.org/2001/XMLSchema#string	
http://rdf.freebase.com/ns/m.0yps6	Garrison	http://rdf.freebase.com/ns/type.object.key	Key	/wikipedia/ar/Garrison,_North_Dakota	http://www.w3.org/2001/XMLSchema#string	
http://rdf.freebase.com/ns/m.0yps6	Garrison	http://rdf.freebase.com/ns/type.object.key	Key	/wikipedia/ar/غاريسون_(داكوتا_الشمالية)	http://www.w3.org/2001/XMLSchema#string	
http://rdf.freebase.com/ns/m.0yps6	Garrison	http://rdf.freebase.com/ns/type.object.key	Key	/wikipedia/ar_id/1963808	http://www.w3.org/2001/XMLSchema#string	
http://rdf.freebase.com/ns/m.0yps6	Garrison	http://rdf.freebase.com/ns/type.object.key	Key	/wikipedia/ar_title/غاريسون_(داكوتا_الشمالية)	http://www.w3.org/2001/XMLSchema#string	
http://rdf.freebase.com/ns/m.0yps6	Garrison	http://rdf.freebase.com/ns/type.object.key	Key	/wikipedia/ca/Garrison_(Dakota_del_Nord)	http://www.w3.org/2001/XMLSchema#string	
http://rdf.freebase.com/ns/m.0yps6	Garrison	http://rdf.freebase.com/ns/type.object.key	Key	/wikipedia/ca_id/698956	http://www.w3.org/2001/XMLSchema#string	
http://rdf.freebase.com/ns/m.0yps6	Garrison	http://rdf.freebase.com/ns/type.object.key	Key	/wikipedia/ca_title/Garrison_(Dakota_del_Nord)	http://www.w3.org/2001/XMLSchema#string	
http://rdf.freebase.com/ns/m.0yps6	Garrison	http://rdf.freebase.com/ns/type.object.key	Key	/wikipedia/en/Bob_Callies_Elementary_School	http://www.w3.org/2001/XMLSchema#string	
http://rdf.freebase.com/ns/m.0yps6	Garrison	http://rdf.freebase.com/ns/type.object.key	Key	/wikipedia/en/Garrison,_ND	http://www.w3.org/2001/XMLSchema#string	
http://rdf.freebase.com/ns/m.0yps6	Garrison	http://rdf.freebase.com/ns/type.object.key	Key	/wikipedia/en/Garrison,_North_Dakota	http://www.w3.org/2001/XMLSchema#string	
http://rdf.freebase.com/ns/m.0yps6	Garrison	http://rdf.freebase.com/ns/type.object.key	Key	/wikipedia/en/Garrison_Golf_Course	http://www.w3.org/2001/XMLSchema#string	
http://rdf.freebase.com/ns/m.0yps6	Garrison	http://rdf.freebase.com/ns/type.object.key	Key	/wikipedia/en_id/128617	http://www.w3.org/2001/XMLSchema#string	
http://rdf.freebase.com/ns/m.0yps6	Garrison	http://rdf.freebase.com/ns/type.object.key	Key	/wikipedia/en_title/Garrison,_North_Dakota	http://www.w3.org/2001/XMLSchema#string	
http://rdf.freebase.com/ns/m.0yps6	Garrison	http://rdf.freebase.com/ns/type.object.key	Key	/wikipedia/es/Garrison_(Dakota_del_Norte)	http://www.w3.org/2001/XMLSchema#string	
http://rdf.freebase.com/ns/m.0yps6	Garrison	http://rdf.freebase.com/ns/type.object.key	Key	/wikipedia/es_id/4722175	http://www.w3.org/2001/XMLSchema#string	
http://rdf.freebase.com/ns/m.0yps6	Garrison	http://rdf.freebase.com/ns/type.object.key	Key	/wikipedia/es_title/Garrison_(Dakota_del_Norte)	http://www.w3.org/2001/XMLSchema#string	
http://rdf.freebase.com/ns/m.0yps6	Garrison	http://rdf.freebase.com/ns/type.object.key	Key	/wikipedia/fa/گرسن،_داكوتاي_شمالي	http://www.w3.org/2001/XMLSchema#string	
http://rdf.freebase.com/ns/m.0yps6	Garrison	http://rdf.freebase.com/ns/type.object.key	Key	/wikipedia/fa/گرسن،_داکوتای_شمالی	http://www.w3.org/2001/XMLSchema#string	
http://rdf.freebase.com/ns/m.0yps6	Garrison	http://rdf.freebase.com/ns/type.object.key	Key	/wikipedia/fa_id/1650515	http://www.w3.org/2001/XMLSchema#string	
http://rdf.freebase.com/ns/m.0yps6	Garrison	http://rdf.freebase.com/ns/type.object.key	Key	/wikipedia/fa_title/گرسن،_داکوتای_شمالی	http://www.w3.org/2001/XMLSchema#string	
http://rdf.freebase.com/ns/m.0yps6	Garrison	http://rdf.freebase.com/ns/type.object.key	Key	/wikipedia/fr/Garrison_(Dakota_du_Nord)	http://www.w3.org/2001/XMLSchema#string	
http://rdf.freebase.com/ns/m.0yps6	Garrison	http://rdf.freebase.com/ns/type.object.key	Key	/wikipedia/fr_id/7859008	http://www.w3.org/2001/XMLSchema#string	
http://rdf.freebase.com/ns/m.0yps6	Garrison	http://rdf.freebase.com/ns/type.object.key	Key	/wikipedia/fr_title/Garrison_(Dakota_du_Nord)	http://www.w3.org/2001/XMLSchema#string	
http://rdf.freebase.com/ns/m.0yps6	Garrison	http://rdf.freebase.com/ns/type.object.key	Key	/wikipedia/it/Garrison_(Dakota_del_Nord)	http://www.w3.org/2001/XMLSchema#string	
http://rdf.freebase.com/ns/m.0yps6	Garrison	http://rdf.freebase.com/ns/type.object.key	Key	/wikipedia/it_id/2628652	http://www.w3.org/2001/XMLSchema#string	
http://rdf.freebase.com/ns/m.0yps6	Garrison	http://rdf.freebase.com/ns/type.object.key	Key	/wikipedia/it_title/Garrison_(Dakota_del_Nord)	http://www.w3.org/2001/XMLSchema#string	
http://rdf.freebase.com/ns/m.0yps6	Garrison	http://rdf.freebase.com/ns/type.object.key	Key	/wikipedia/nl/Garrison_(North_Dakota)	http://www.w3.org/2001/XMLSchema#string	
http://rdf.freebase.com/ns/m.0yps6	Garrison	http://rdf.freebase.com/ns/type.object.key	Key	/wikipedia/nl_id/1033793	http://www.w3.org/2001/XMLSchema#string	
http://rdf.freebase.com/ns/m.0yps6	Garrison	http://rdf.freebase.com/ns/type.object.key	Key	/wikipedia/nl_title/Garrison_(North_Dakota)	http://www.w3.org/2001/XMLSchema#string	
http://rdf.freebase.com/ns/m.0yps6	Garrison	http://rdf.freebase.com/ns/type.object.key	Key	/wikipedia/pl/Garrison_(Dakota_Północna)	http://www.w3.org/2001/XMLSchema#string	
http://rdf.freebase.com/ns/m.0yps6	Garrison	http://rdf.freebase.com/ns/type.object.key	Key	/wikipedia/pl_id/3342931	http://www.w3.org/2001/XMLSchema#string	
http://rdf.freebase.com/ns/m.0yps6	Garrison	http://rdf.freebase.com/ns/type.object.key	Key	/wikipedia/pl_title/Garrison_(Dakota_Północna)	http://www.w3.org/2001/XMLSchema#string	
http://rdf.freebase.com/ns/m.0yps6	Garrison	http://rdf.freebase.com/ns/type.object.key	Key	/wikipedia/pt/Garrison_(Dacota_do_Norte)	http://www.w3.org/2001/XMLSchema#string	
http://rdf.freebase.com/ns/m.0yps6	Garrison	http://rdf.freebase.com/ns/type.object.key	Key	/wikipedia/pt_id/1416828	http://www.w3.org/2001/XMLSchema#string	
http://rdf.freebase.com/ns/m.0yps6	Garrison	http://rdf.freebase.com/ns/type.object.key	Key	/wikipedia/pt_title/Garrison_(Dacota_do_Norte)	http://www.w3.org/2001/XMLSchema#string	
http://rdf.freebase.com/ns/m.0yps6	Garrison	http://rdf.freebase.com/ns/type.object.key	Key	/wikipedia/sr/Garrison,_ND	http://www.w3.org/2001/XMLSchema#string	
http://rdf.freebase.com/ns/m.0yps6	Garrison	http://rdf.freebase.com/ns/type.object.key	Key	/wikipedia/sr/Garrison,_North_Dakota	http://www.w3.org/2001/XMLSchema#string	
http://rdf.freebase.com/ns/m.0yps6	Garrison	http://rdf.freebase.com/ns/type.object.key	Key	/wikipedia/sr/Garrison_(ND)	http://www.w3.org/2001/XMLSchema#string	
http://rdf.freebase.com/ns/m.0yps6	Garrison	http://rdf.freebase.com/ns/type.object.key	Key	/wikipedia/sr/Garrison_(North_Dakota)	http://www.w3.org/2001/XMLSchema#string	
http://rdf.freebase.com/ns/m.0yps6	Garrison	http://rdf.freebase.com/ns/type.object.key	Key	/wikipedia/sr/Гарисон,_ND	http://www.w3.org/2001/XMLSchema#string	
http://rdf.freebase.com/ns/m.0yps6	Garrison	http://rdf.freebase.com/ns/type.object.key	Key	/wikipedia/sr/Гарисон,_Северна_Дакота	http://www.w3.org/2001/XMLSchema#string	
http://rdf.freebase.com/ns/m.0yps6	Garrison	http://rdf.freebase.com/ns/type.object.key	Key	/wikipedia/sr/Гарисон_(ND)	http://www.w3.org/2001/XMLSchema#string	
http://rdf.freebase.com/ns/m.0yps6	Garrison	http://rdf.freebase.com/ns/type.object.key	Key	/wikipedia/sr/Гарисон_(Северна_Дакота)	http://www.w3.org/2001/XMLSchema#string	
http://rdf.freebase.com/ns/m.0yps6	Garrison	http://rdf.freebase.com/ns/type.object.key	Key	/wikipedia/sr_id/768968	http://www.w3.org/2001/XMLSchema#string	
http://rdf.freebase.com/ns/m.0yps6	Garrison	http://rdf.freebase.com/ns/type.object.key	Key	/wikipedia/sr_title/Гарисон_(Северна_Дакота)	http://www.w3.org/2001/XMLSchema#string	
http://rdf.freebase.com/ns/m.0yps6	Garrison	http://rdf.freebase.com/ns/type.object.key	Key	/wikipedia/vi/Garrison,_Bắc_Dakota	http://www.w3.org/2001/XMLSchema#string	
http://rdf.freebase.com/ns/m.0yps6	Garrison	http://rdf.freebase.com/ns/type.object.key	Key	/wikipedia/vi_id/580693	http://www.w3.org/2001/XMLSchema#string	
http://rdf.freebase.com/ns/m.0yps6	Garrison	http://rdf.freebase.com/ns/type.object.key	Key	/wikipedia/vi_title/Garrison,_Bắc_Dakota	http://www.w3.org/2001/XMLSchema#string	
http://rdf.freebase.com/ns/m.0yps6	Garrison	http://rdf.freebase.com/ns/type.object.key	Key	/wikipedia/zh-cn/Garrison,_North_Dakota	http://www.w3.org/2001/XMLSchema#string	
http://rdf.freebase.com/ns/m.0yps6	Garrison	http://rdf.freebase.com/ns/type.object.key	Key	/wikipedia/zh-cn/加里森_(北达科他州)	http://www.w3.org/2001/XMLSchema#string	
http://rdf.freebase.com/ns/m.0yps6	Garrison	http://rdf.freebase.com/ns/type.object.key	Key	/wikipedia/zh-cn/加里森_(北達科他州)	http://www.w3.org/2001/XMLSchema#string	
http://rdf.freebase.com/ns/m.0yps6	Garrison	http://rdf.freebase.com/ns/type.object.key	Key	/wikipedia/zh-cn_id/3133946	http://www.w3.org/2001/XMLSchema#string	
http://rdf.freebase.com/ns/m.0yps6	Garrison	http://rdf.freebase.com/ns/type.object.key	Key	/wikipedia/zh-cn_title/加里森_(北达科他州)	http://www.w3.org/2001/XMLSchema#string	
http://rdf.freebase.com/ns/m.0yps6	Garrison	http://rdf.freebase.com/ns/type.object.key	Key	/wikipedia/zh-tw/Garrison,_North_Dakota	http://www.w3.org/2001/XMLSchema#string	
http://rdf.freebase.com/ns/m.0yps6	Garrison	http://rdf.freebase.com/ns/type.object.key	Key	/wikipedia/zh-tw/加里森_(北达科他州)	http://www.w3.org/2001/XMLSchema#string	
http://rdf.freebase.com/ns/m.0yps6	Garrison	http://rdf.freebase.com/ns/type.object.key	Key	/wikipedia/zh-tw/加里森_(北達科他州)	http://www.w3.org/2001/XMLSchema#string	
http://rdf.freebase.com/ns/m.0yps6	Garrison	http://rdf.freebase.com/ns/type.object.key	Key	/wikipedia/zh-tw_id/3133946	http://www.w3.org/2001/XMLSchema#string	
http://rdf.freebase.com/ns/m.0yps6	Garrison	http://rdf.freebase.com/ns/type.object.key	Key	/wikipedia/zh-tw_title/加里森_(北达科他州)	http://www.w3.org/2001/XMLSchema#string	
http://rdf.freebase.com/ns/m.0yps6	Garrison	http://rdf.freebase.com/ns/type.object.name	Name	Garrison	http://www.w3.org/1999/02/22-rdf-syntax-ns#langString	
http://rdf.freebase.com/ns/m.0yps6	Garrison	http://rdf.freebase.com/ns/type.object.type	Type	http://rdf.freebase.com/ns/base.type_ontology.abstract	entity	Abstract
http://rdf.freebase.com/ns/m.0yps6	Garrison	http://rdf.freebase.com/ns/type.object.type	Type	http://rdf.freebase.com/ns/base.type_ontology.agent	entity	Agent
http://rdf.freebase.com/ns/m.0yps6	Garrison	http://rdf.freebase.com/ns/type.object.type	Type	http://rdf.freebase.com/ns/base.type_ontology.inanimate	entity	Inanimate
http://rdf.freebase.com/ns/m.0yps6	Garrison	http://rdf.freebase.com/ns/type.object.type	Type	http://rdf.freebase.com/ns/base.wikipedia_infobox.settlement	entity	Settlement
http://rdf.freebase.com/ns/m.0yps6	Garrison	http://rdf.freebase.com/ns/type.object.type	Type	http://rdf.freebase.com/ns/common.topic	entity	Topic
http://rdf.freebase.com/ns/m.0yps6	Garrison	http://rdf.freebase.com/ns/type.object.type	Type	http://rdf.freebase.com/ns/location.citytown	entity	City/Town/Village
http://rdf.freebase.com/ns/m.0yps6	Garrison	http://rdf.freebase.com/ns/type.object.type	Type	http://rdf.freebase.com/ns/location.dated_location	entity	Dated location
http://rdf.freebase.com/ns/m.0yps6	Garrison	http://rdf.freebase.com/ns/type.object.type	Type	http://rdf.freebase.com/ns/location.hud_county_place	entity	HUD County Place
http://rdf.freebase.com/ns/m.0yps6	Garrison	http://rdf.freebase.com/ns/type.object.type	Type	http://rdf.freebase.com/ns/location.hud_foreclosure_area	entity	HUD Foreclosure Area
http://rdf.freebase.com/ns/m.0yps6	Garrison	http://rdf.freebase.com/ns/type.object.type	Type	http://rdf.freebase.com/ns/location.location	entity	Location
http://rdf.freebase.com/ns/m.0yps6	Garrison	http://rdf.freebase.com/ns/type.object.type	Type	http://rdf.freebase.com/ns/location.statistical_region	entity	Statistical region
http://rdf.freebase.com/ns/m.0yps6	Garrison	http://www.w3.org/1999/02/22-rdf-syntax-ns#type	type	http://rdf.freebase.com/ns/base.type_ontology.abstract	entity	Abstract
http://rdf.freebase.com/ns/m.0yps6	Garrison	http://www.w3.org/1999/02/22-rdf-syntax-ns#type	type	http://rdf.freebase.com/ns/base.type_ontology.agent	entity	Agent
http://rdf.freebase.com/ns/m.0yps6	Garrison	http://www.w3.org/1999/02/22-rdf-syntax-ns#type	type	http://rdf.freebase.com/ns/base.type_ontology.inanimate	entity	Inanimate
http://rdf.freebase.com/ns/m.0yps6	Garrison	http://www.w3.org/1999/02/22-rdf-syntax-ns#type	type	http://rdf.freebase.com/ns/base.wikipedia_infobox.settlement	entity	Settlement
http://rdf.freebase.com/ns/m.0yps6	Garrison	http://www.w3.org/1999/02/22-rdf-syntax-ns#type	type	http://rdf.freebase.com/ns/common.topic	entity	Topic
http://rdf.freebase.com/ns/m.0yps6	Garrison	http://www.w3.org/1999/02/22-rdf-syntax-ns#type	type	http://rdf.freebase.com/ns/location.citytown	entity	City/Town/Village
http://rdf.freebase.com/ns/m.0yps6	Garrison	http://www.w3.org/1999/02/22-rdf-syntax-ns#type	type	http://rdf.freebase.com/ns/location.dated_location	entity	Dated location
http://rdf.freebase.com/ns/m.0yps6	Garrison	http://www.w3.org/1999/02/22-rdf-syntax-ns#type	type	http://rdf.freebase.com/ns/location.hud_county_place	entity	HUD County Place
http://rdf.freebase.com/ns/m.0yps6	Garrison	http://www.w3.org/1999/02/22-rdf-syntax-ns#type	type	http://rdf.freebase.com/ns/location.hud_foreclosure_area	entity	HUD Foreclosure Area
http://rdf.freebase.com/ns/m.0yps6	Garrison	http://www.w3.org/1999/02/22-rdf-syntax-ns#type	type	http://rdf.freebase.com/ns/location.location	entity	Location
http://rdf.freebase.com/ns/m.0yps6	Garrison	http://www.w3.org/1999/02/22-rdf-syntax-ns#type	type	http://rdf.freebase.com/ns/location.statistical_region	entity	Statistical region
http://rdf.freebase.com/ns/m.0yps6	Garrison	http://www.w3.org/2000/01/rdf-schema#label	label	Garrison	http://www.w3.org/1999/02/22-rdf-syntax-ns#langString	
http://rdf.freebase.com/ns/m.0yps6	Garrison	http://www.w3.org/2000/01/rdf-schema#label	label	غاريسون	http://www.w3.org/2001/XMLSchema#string	
http://rdf.freebase.com/ns/m.0yps6	Garrison	http://www.w3.org/2003/01/geo/wgs84_pos#lat	latitude	47.652778	http://www.w3.org/2001/XMLSchema#float	
http://rdf.freebase.com/ns/m.0yps6	Garrison	http://www.w3.org/2003/01/geo/wgs84_pos#long	longitude	-101.416667	http://www.w3.org/2001/XMLSchema#float	
