score	dataset	dbpedia	freebase	wikidata	dbpedia	freebase	wikidata	yago-knowledge	freebase	wikidata	yago-knowledge				
	entity	http://dbpedia.org/resource/Ezra_Carll_Homestead	http://rdf.freebase.com/ns/m.0bh8c7f	http://www.wikidata.org/entity/Q5423338	http://dbpedia.org/resource/Ezra_Carpenter_House	http://rdf.freebase.com/ns/m.04gkpqq	http://www.wikidata.org/entity/Q5423337	http://yago-knowledge.org/resource/Ezra_Carpenter_House	http://rdf.freebase.com/ns/m.0c02nhx	http://www.wikidata.org/entity/Q5423342	http://yago-knowledge.org/resource/Ezra_Clark_House				
0	http://dbpedia.org/ontology/abstract	Ezra Carll Homestead is a historic home located in South Huntington, New York in Suffolk County, New	 	 	The Ezra Carpenter House is a historic house at 168 South Street in Foxborough, Massachusetts. The 1	 	 	 	 	 	 	2	0.816497	0.69897	1
0	http://dbpedia.org/ontology/added	1985/9/26	 	 	1985/1/3	 	 	 	 	 	 	2	0.816497	0.69897	1
0	http://dbpedia.org/ontology/area	1214.06	 	 	 	 	 	 	 	 	 	1	0.57735	1	1
0	http://dbpedia.org/ontology/location	Huntington Station, New York	 	 	Foxborough, Massachusetts	 	 	 	 	 	 	2	0.816497	0.69897	1
2	http://dbpedia.org/ontology/nrhpReferenceNumber;http://www.wikidata.org/entity/P649c;http://rdf.freebase.com/key/base.usnris.item;http://rdf.freebase.com/ns/base.usnris.nris_listing.item_number	85002506	 	85002506	85000029	85000029	85000029	 	 	85000338	 	6	0.308607	0.221849	1
2	http://dbpedia.org/ontology/wikiPageID;http://rdf.freebase.com/key/wikipedia.en_id	26525374	26525374	 	18678280	18678280	 	 	27489103	 	 	5	0.516398	0.30103	1
0	http://dbpedia.org/ontology/wikiPageLength	2188	 	 	1771	 	 	 	 	 	 	2	0.816497	0.69897	1
0	http://dbpedia.org/ontology/wikiPageOutDegree	8	 	 	9	 	 	 	 	 	 	2	0.816497	0.69897	1
0	http://dbpedia.org/ontology/wikiPageRevisionID	726509768	 	 	742256535	 	 	 	 	 	 	2	0.816497	0.69897	1
1	http://dbpedia.org/ontology/yearOfConstruction;http://rdf.freebase.com/ns/architecture.structure.opened;http://rdf.freebase.com/ns/base.usnris.nris_listing.significant_year;http://yago-knowledge.org/resource/wasCreatedOnDate	1700	1700	 	1800	1800	 	 	 	 	1780-01-01	5	0.408248	0.30103	1
0	http://purl.org/dc/terms/subject	Houses on the National Register of Historic Places in New York; National Register of Historic Places	 	 	Houses on the National Register of Historic Places in Norfolk County, Massachusetts	 	 	 	 	 	 	2	0.816497	0.69897	1
0	http://www.georss.org/georss/point	40.827777777777776 -73.39666666666666	 	 	42.051944444444445 -71.25472222222223	 	 	 	 	 	 	2	0.816497	0.69897	1
0	http://www.w3.org/1999/02/22-rdf-syntax-ns#type;http://www.wikidata.org/entity/P31c	Spatial Thing; architectural structure	Physically Instantiable; Project focus	historic house	Spatial Thing; architectural structure	NRIS Listing; Physically Instantiable	house	wikicat Houses in Norfolk County, Massachusetts; wordnet house 103544360	Inanimate; Location	historic house	wikicat Houses completed in 1780; wordnet house 103544360	10	0.375534	0	1
1	http://www.w3.org/2000/01/rdf-schema#comment;http://rdf.freebase.com/ns/common.topic.description	Ezra Carll Homestead is a historic home located in South Huntington, New York in Suffolk County, New	Ezra Carll Homestead is a historic home located in South Huntington, New York in Suffolk County, New	 	The Ezra Carpenter House is a historic house at 168 South Street in Foxborough, Massachusetts. The 1	The Ezra Carpenter House is a historic house at 168 South Street in Foxborough, Massachusetts. The 1	 	 	The Ezra Clark House is located on Mill Road in the Town of North East, New York, United States. It 	 	 	5	0.516398	0.30103	1
3	http://www.w3.org/2000/01/rdf-schema#label	Ezra Carll Homestead	Ezra Carll Homestead	Ezra Carll Homestead	Ezra Carpenter House	Ezra Carpenter House	Ezra Carpenter House	Ezra Carpenter House	Ezra Clark House	Ezra Clark House	Ezra Clark House	10	0.182574	0	1
0	http://www.w3.org/2002/07/owl#sameAs	 	 	 	 	 	 	 	 	 	Ezra Clark House	1	0.57735	1	0
3	http://www.w3.org/2003/01/geo/wgs84_pos#lat	40.828	40.828	40.828	42.052	42.052	42.052	 	41.921	41.921	 	8	0.204124	0.09691	1
3	http://www.w3.org/2003/01/geo/wgs84_pos#long	-73.397	-73.397	-73.397	-71.255	-71.255	-71.255	 	-73.518	-73.518	 	8	0.204124	0.09691	1
0	http://www.w3.org/ns/prov#wasDerivedFrom	http://en.wikipedia.org/wiki/Ezra_Carll_Homestead?oldid=726509768	 	 	http://en.wikipedia.org/wiki/Ezra_Carpenter_House?oldid=742256535	 	 	 	 	 	 	2	0.816497	0.69897	1
1	http://xmlns.com/foaf/0.1/isPrimaryTopicOf;http://rdf.freebase.com/ns/common.topic.topic_equivalent_webpage	http://en.wikipedia.org/wiki/Ezra_Carll_Homestead	http://en.wikipedia.org/wiki/Ezra_Carll_Homestead; http://en.wikipedia.org/wiki/index.html?curid=265	 	http://en.wikipedia.org/wiki/Ezra_Carpenter_House	http://en.wikipedia.org/wiki/Ezra_Carpenter_House; http://pdfhost.focus.nps.gov/docs/NRHP/Text/85000	 	 	http://en.wikipedia.org/wiki/Ezra_Clark_House; http://en.wikipedia.org/wiki/index.html?curid=2748910	 	 	5	0.666667	0.30103	1
0	http://xmlns.com/foaf/0.1/name	Ezra Carll Homestead	 	 	Ezra Carpenter House	 	 	 	 	 	 	2	0.816497	0.69897	1
0	http://rdf.freebase.com/key/en	 	ezra_carll_homestead	 	 	ezra_carpenter_house	 	 	 	 	 	2	0.816497	0.69897	1
1	http://rdf.freebase.com/key/wikipedia.en	 	Ezra_Carll_Homestead	 	 	Ezra_Carpenter_House	 	 	Ezra_Clark_House	 	 	3	0.816497	0.522879	1
1	http://rdf.freebase.com/key/wikipedia.en_title	 	Ezra_Carll_Homestead	 	 	Ezra_Carpenter_House	 	 	Ezra_Clark_House	 	 	3	0.816497	0.522879	1
0	http://rdf.freebase.com/ns/common.topic.alias	 	Ezra Carll Homestead, Huntington Station	 	 	Ezra Carpenter House, Foxborough	 	 	 	 	 	2	0.816497	0.69897	1
1	http://rdf.freebase.com/ns/common.topic.article	 	Ezra Carll Homestead is a historic home located in South Huntington, New York in Suffolk County, New	 	 	Ezra Carpenter House is a historic house at 168 South Street in Foxborough, Massachusetts. The house	 	 	The Ezra Clark House is located on Mill Road in the Town of North East, New York, United States. It 	 	 	3	0.816497	0.522879	1
0	http://rdf.freebase.com/ns/common.topic.notable_for	 	House	 	 	National Register of Historic Places Location	 	 	Location	 	 	3	0.816497	0.522879	1
0	http://rdf.freebase.com/ns/common.topic.notable_types	 	House	 	 	Listed Site	 	 	Location	 	 	3	0.816497	0.522879	1
0	http://rdf.freebase.com/ns/kg.object_profile.prominent_type	 	House	 	 	Listed Site	 	 	Location	 	 	3	0.816497	0.522879	1
0	http://rdf.freebase.com/ns/location.location.area	 	0.001	 	 	0.004	 	 	 	 	 	2	0.816497	0.69897	1
0	http://rdf.freebase.com/ns/location.location.containedby	 	Huntington Station	 	 	Foxborough; Massachusetts	 	 	North East	 	 	3	0.816497	0.522879	1
0	http://rdf.freebase.com/ns/protected_sites.listed_site.designation_as_natural_or_cultural_site;http://www.wikidata.org/entity/P1435c	 	http://rdf.freebase.com/ns/m.0wktk41	place listed on the National Register of Historic Places	 	http://rdf.freebase.com/ns/m.05hkh9q	place listed on the National Register of Historic Places	 	http://rdf.freebase.com/ns/g.11b7vs04_9	place listed on the National Register of Historic Places	 	6	0.57735	0.221849	1
0	http://rdf.freebase.com/ns/type.object.key	 	/wikipedia/en_id/26525374; /wikipedia/en_title/Ezra_Carll_Homestead	 	 	/base/usnris/item/85000029; /wikipedia/en_id/18678280	 	 	/wikipedia/en_id/27489103; /wikipedia/en_title/Ezra_Clark_House	 	 	3	0.816497	0.522879	1
0	http://rdf.freebase.com/ns/type.object.name	 	Ezra Carll Homestead	 	 	Ezra Carpenter House	 	 	Ezra Clark House	 	 	3	0.816497	0.522879	1
0	http://rdf.freebase.com/ns/type.object.type	 	Physically Instantiable; Project focus	 	 	NRIS Listing; Physically Instantiable	 	 	Inanimate; Location	 	 	3	0.353553	0.522879	1
0	http://www.wikidata.org/entity/P131c;http://www.wikidata.org/entity/P17c;http://rdf.freebase.com/ns/location.location.street_address;http://yago-knowledge.org/resource/isLocatedIn	 	 	United States of America	 	http://rdf.freebase.com/ns/m.05hkh9j	Massachusetts; United States of America	Foxborough, Massachusetts	 	United States of America	 	5	0.540062	0.30103	1
0	http://www.wikidata.org/entity/P373c	 	 	Ezra Carll Homestead (South Huntington, New York)	 	 	 	 	 	 	 	1	0.57735	1	1
0	http://dbpedia.org/ontology/thumbnail	 	 	 	http://commons.wikimedia.org/wiki/Special:FilePath/Ezra_Carpenter_House,_Foxborough_MA.jpg?width=300	 	 	 	 	 	 	1	0.57735	1	1
0	http://xmlns.com/foaf/0.1/depiction	 	 	 	http://commons.wikimedia.org/wiki/Special:FilePath/Ezra_Carpenter_House,_Foxborough_MA.jpg	 	 	 	 	 	 	1	0.57735	1	1
0	http://rdf.freebase.com/ns/architecture.structure.architectural_style	 	 	 	 	Federal architecture	 	 	 	 	 	1	0.57735	1	1
0	http://rdf.freebase.com/ns/base.usnris.nris_listing.significance_level	 	 	 	 	Local	 	 	 	 	 	1	0.57735	1	1
0	http://www.w3.org/2004/02/skos/core#prefLabel	 	 	 	 	 	 	Ezra Carpenter House	 	 	Ezra Clark House	2	0.816497	0.69897	1
0	http://yago-knowledge.org/resource/hasCitationTitle	 	 	 	 	 	 	MACRIS inventory record for Ezra Carpenter House	 	 	National Register of Historic Places nomination, Ezra Clark House	2	0.816497	0.69897	1
0	http://yago-knowledge.org/resource/hasWikipediaAnchorText	 	 	 	 	 	 	American Revolutionary War	 	 	Coleman Station Historic District; Continental Army	2	0.800641	0.69897	1
0	http://yago-knowledge.org/resource/hasWikipediaArticleLength	 	 	 	 	 	 	1872	 	 	 	1	0.57735	1	1
0	http://yago-knowledge.org/resource/hasWikipediaUrl	 	 	 	 	 	 	http://en.wikipedia.org/wiki/Ezra_Carpenter_House	 	 	 	1	0.57735	1	1
0	http://yago-knowledge.org/resource/linksTo	 	 	 	 	 	 	American Revolutionary War; Foxborough, Massachusetts	 	 	 	1	0.816497	1	1
