score	dataset	dbpedia	freebase	wikidata	dbpedia	freebase	yago-knowledge	dbpedia	freebase	wikidata	yago-knowledge				
	entity	http://dbpedia.org/resource/Albert_Hall,_Manchester	http://rdf.freebase.com/ns/m.0n4890m	http://www.wikidata.org/entity/Q4710402	http://dbpedia.org/resource/Albert_Hall,_Nottingham	http://rdf.freebase.com/ns/m.043r82h	http://yago-knowledge.org/resource/Albert_Hall,_Nottingham	http://dbpedia.org/resource/Royal_Albert_Hall	http://rdf.freebase.com/ns/m.018g60	http://www.wikidata.org/entity/Q193639	http://yago-knowledge.org/resource/Royal_Albert_Hall				
0	http://dbpedia.org/ontology/abstract	The Albert Hall on Peter Street, Manchester, England, was built as the Methodist Central Hall in 191	 	 	The Albert Hall, Nottingham, is a City Centre Conference and Concert venue, situated in Nottingham, 	 	 	The Royal Albert Hall is a concert hall on the northern edge of South Kensington, London, which hold	 	 	 	3	0.816497	0.522879	1
1	http://dbpedia.org/ontology/architecturalStyle;http://rdf.freebase.com/ns/architecture.structure.architectural_style;http://www.wikidata.org/entity/P149c	Gothic Revival architecture	Baroque architecture	 	Baroque Revival	Baroque Revival architecture; Edwardian Baroque architecture	 	Italianate architecture	Italianate architecture	Italianate architecture	 	7	0.666667	0.154902	1
0	http://dbpedia.org/ontology/location	Manchester city centre	 	 	Nottingham	 	 	 	 	 	 	2	0.816497	0.69897	1
0	http://dbpedia.org/ontology/thumbnail	http://commons.wikimedia.org/wiki/Special:FilePath/Albert_Hall,_Manchester.jpg?width=300	 	 	http://commons.wikimedia.org/wiki/Special:FilePath/AlbertHallNottingham.JPG?width=300	 	 	http://en.wikipedia.org/wiki/Special:FilePath/Royal_Albert_Hall,_London_-_Nov_2012.jpg?width=300	 	 	 	3	0.816497	0.522879	1
0	http://dbpedia.org/ontology/wikiPageExternalLink	http://alberthallmanchester.com; http://www.gigseekr.com/venue/82h-albert-hall/	 	 	http://www.alberthallnottingham.co.uk/	 	 	http://www.architecture.com/LibraryDrawingsAndPhotographs/Albertopolis/TheStoryOf/RoyalAlbertHall/Ro	 	 	 	3	0.816497	0.522879	1
2	http://dbpedia.org/ontology/wikiPageID;http://rdf.freebase.com/key/wikipedia.en_id	37075098	37075098	 	17160239	17160239	 	179238	179238	 	 	6	0.408248	0.221849	1
0	http://dbpedia.org/ontology/wikiPageLength	10963	 	 	7483	 	 	53647	 	 	 	3	0.816497	0.522879	1
0	http://dbpedia.org/ontology/wikiPageOutDegree	39	 	 	55	 	 	289	 	 	 	3	0.816497	0.522879	1
0	http://dbpedia.org/ontology/wikiPageRevisionID	727683251	 	 	730198696	 	 	743849857	 	 	 	3	0.816497	0.522879	1
0	http://purl.org/dc/terms/subject	Grade II listed buildings in Manchester; Methodist churches in Greater Manchester	 	 	Albert Edward Lambert buildings; Culture in Nottinghamshire	 	 	1871 establishments in England; Grade I listed concert halls	 	 	 	3	0.816497	0.522879	1
0	http://www.georss.org/georss/point	53.47826 -2.24793	 	 	52.95441944444445 -1.1563944444444445	 	 	51.50094444444444 -0.1774361111111111	 	 	 	3	0.816497	0.522879	1
0	http://www.w3.org/1999/02/22-rdf-syntax-ns#type;http://www.wikidata.org/entity/P31c	Spatial Thing; architectural structure	Physically Instantiable; Project focus	architectural structure	Spatial Thing; architectural structure	Physically Instantiable; Project focus	wikicat Buildings and structures in Nottingham; wikicat Theatres completed in 1908	Spatial Thing; architectural structure	Concert Performance Venue; Physically Instantiable	concert hall	wikicat Buildings and structures in the City of Westminster; wikicat Theatres in the United Kingdom	10	0.368856	0	1
2	http://www.w3.org/2000/01/rdf-schema#comment;http://rdf.freebase.com/ns/common.topic.description	The Albert Hall on Peter Street, Manchester, England, was built as the Methodist Central Hall in 191	The Albert Hall is located in Peter Street, Manchester, England. It was built as the Methodist Centr	 	The Albert Hall, Nottingham, is a City Centre Conference and Concert venue, situated in Nottingham, 	The Albert Hall, Nottingham, is a City Centre Conference and Concert venue, situated in Nottingham, 	 	The Royal Albert Hall is a concert hall on the northern edge of South Kensington, London, which hold	Royal Albert Hall is a concert hall on the northern edge of South Kensington, London, best known for	 	 	6	0.707107	0.221849	1
3	http://www.w3.org/2000/01/rdf-schema#label	Albert Hall, Manchester	Albert Hall, Manchester	Albert Hall, Manchester	Albert Hall, Nottingham	Albert Hall, Nottingham	Albert Hall, Nottingham	Royal Albert Hall	Royal Albert Hall, London	Royal Albert Hall	Royal Albert Hall	10	0.288675	0	1
0	http://www.w3.org/2002/07/owl#sameAs	 	 	 	Albert Hall, Nottingham	 	 	Royal Albert Hall	 	 	 	2	0.816497	0.69897	0
3	http://www.w3.org/2003/01/geo/wgs84_pos#lat;http://yago-knowledge.org/resource/hasLatitude	53.478	53.478	53.478	52.954	52.954	 	51.501	51.501	51.501	51.501	9	0	0.045757	1
3	http://www.w3.org/2003/01/geo/wgs84_pos#long;http://yago-knowledge.org/resource/hasLongitude	-2.248	-2.248	-2.248	-1.156	-1.156	 	-0.177	-0.177	-0.177	-0.177	9	0	0.045757	1
0	http://www.w3.org/ns/prov#wasDerivedFrom	http://en.wikipedia.org/wiki/Albert_Hall,_Manchester?oldid=727683251	 	 	http://en.wikipedia.org/wiki/Albert_Hall,_Nottingham?oldid=730198696	 	 	http://en.wikipedia.org/wiki/Royal_Albert_Hall?oldid=743849857	 	 	 	3	0.816497	0.522879	1
0	http://xmlns.com/foaf/0.1/depiction	http://commons.wikimedia.org/wiki/Special:FilePath/Albert_Hall,_Manchester.jpg	 	 	http://commons.wikimedia.org/wiki/Special:FilePath/AlbertHallNottingham.JPG	 	 	http://en.wikipedia.org/wiki/Special:FilePath/Royal_Albert_Hall,_London_-_Nov_2012.jpg	 	 	 	3	0.816497	0.522879	1
2	http://xmlns.com/foaf/0.1/homepage;http://www.wikidata.org/entity/P856c;http://rdf.freebase.com/ns/common.topic.official_website	http://alberthallmanchester.com	 	http://www.alberthallmanchester.com/	http://www.alberthallnottingham.co.uk/	http://www.alberthallnottingham.co.uk/	 	http://www.royalalberthall.com/	http://www.royalalberthall.com/	http://www.royalalberthall.com	 	7	0.617213	0.154902	1
0	http://xmlns.com/foaf/0.1/isPrimaryTopicOf;http://rdf.freebase.com/ns/common.topic.topic_equivalent_webpage	http://en.wikipedia.org/wiki/Albert_Hall,_Manchester	http://en.wikipedia.org/wiki/Albert_Hall,_Manchester; http://en.wikipedia.org/wiki/index.html?curid=	 	http://en.wikipedia.org/wiki/Albert_Hall,_Nottingham	http://en.wikipedia.org/wiki/Albert_Hall,_Nottingham; http://en.wikipedia.org/wiki/index.html?curid=	 	http://en.wikipedia.org/wiki/Royal_Albert_Hall	http://ar.wikipedia.org/wiki/%42%27%39%29_%23%44%28%31%2A_%27%44%45%44%43%4A%29; http://ca.wikipedia	 	 	6	0.78817	0.221849	1
0	http://xmlns.com/foaf/0.1/name	Albert Hall	 	 	Albert Hall	 	 	Royal Albert Hall	 	 	 	3	0.57735	0.522879	1
1	http://rdf.freebase.com/key/wikipedia.en	 	Albert_Hall,_Manchester	 	 	Albert_Hall,_Nottingham	 	 	Albert_Memorial_Hall; The_Royal_Albert_Hall	 	 	3	0.816497	0.522879	1
1	http://rdf.freebase.com/key/wikipedia.en_title	 	Albert_Hall,_Manchester	 	 	Albert_Hall,_Nottingham	 	 	Royal_Albert_Hall	 	 	3	0.816497	0.522879	1
0	http://rdf.freebase.com/ns/architecture.building.building_function	 	Concert Hall	 	 	 	 	 	Concert Hall	 	 	2	0.57735	0.69897	1
1	http://rdf.freebase.com/ns/architecture.structure.architect;http://dbpedia.org/ontology/architect;http://www.wikidata.org/entity/P84c	 	W.J. Morley	 	Albert Edward Lambert	Albert Edward Lambert	 	Captain Francis Fowke; Henry Young Darracott Scott	Francis Fowke; Henry Young Darracott Scott	Francis Fowke; Henry Young Darracott Scott	 	6	0.471405	0.221849	1
2	http://rdf.freebase.com/ns/architecture.structure.opened;http://yago-knowledge.org/resource/wasCreatedOnDate	 	1910	 	 	1908	1908/1/1	 	1871-03-29	 	1871-01-01	5	0.816497	0.30103	1
0	http://rdf.freebase.com/ns/common.topic.article;http://schema.org/description	 	http://rdf.freebase.com/ns/m.0n4890r	 	 	The Albert Hall, Nottingham, is a City Centre Conference and Concert venue, situated in Nottingham, 	 	 	The Royal Albert Hall is a concert hall situated on the northern edge of the South Kensington area, 	concert hall on the northern edge of South Kensington, London	 	4	0.816497	0.39794	1
0	http://rdf.freebase.com/ns/common.topic.notable_for	 	Gothic Structure	 	 	Edwardian Baroque Structure	 	 	Venue	 	 	3	0.816497	0.522879	1
0	http://rdf.freebase.com/ns/common.topic.notable_types	 	Building	 	 	Structure	 	 	Venue	 	 	3	0.816497	0.522879	1
0	http://rdf.freebase.com/ns/freebase.valuenotation.has_value	 	Floors	 	 	 	 	 	 	 	 	1	0.57735	1	1
0	http://rdf.freebase.com/ns/kg.object_profile.prominent_type	 	Building	 	 	Structure	 	 	Venue	 	 	3	0.816497	0.522879	1
0	http://rdf.freebase.com/ns/location.location.containedby	 	Manchester	 	 	United Kingdom	 	 	City of Westminster	 	 	3	0.707107	0.522879	1
0	http://rdf.freebase.com/ns/protected_sites.listed_site.designation_as_natural_or_cultural_site;http://www.wikidata.org/entity/P1435c	 	http://rdf.freebase.com/ns/m.0_1n8m7	Grade II listed building	 	 	 	 	http://rdf.freebase.com/ns/m.0djwn5t	Grade I listed building	 	4	0.816497	0.39794	1
0	http://rdf.freebase.com/ns/travel.tourist_attraction.near_travel_destination	 	Manchester	 	 	 	 	 	London	 	 	2	0.816497	0.69897	1
0	http://rdf.freebase.com/ns/type.object.key	 	/wikipedia/en_id/37075098; /wikipedia/en_title/Albert_Hall,_Manchester	 	 	/wikipedia/en_id/17160239; /wikipedia/en_title/Albert_Hall,_Nottingham	 	 	/authority/daylife/topic/06tN7bHcRJfIo; /wikipedia/ko_title/搿滌棿_鞎矂韸竉頇€	 	 	3	0.816497	0.522879	1
0	http://rdf.freebase.com/ns/type.object.name	 	Albert Hall, Manchester	 	 	Albert Hall, Nottingham	 	 	Royal Albert Hall, London	 	 	3	0.816497	0.522879	1
0	http://rdf.freebase.com/ns/type.object.type	 	Physically Instantiable; Project focus	 	 	Physically Instantiable; Project focus	 	 	Concert Performance Venue; Physically Instantiable	 	 	3	0.372678	0.522879	1
0	http://www.wikidata.org/entity/P1216c	 	 	1246727	 	 	 	 	 	1217742	 	2	0.816497	0.69897	1
0	http://www.wikidata.org/entity/P131c;http://www.wikidata.org/entity/P17c;http://rdf.freebase.com/ns/location.location.street_address;http://yago-knowledge.org/resource/isLocatedIn	 	 	Manchester; United Kingdom	 	http://rdf.freebase.com/ns/m.07ljnb6	Nottingham	 	http://rdf.freebase.com/ns/m.02t84cs	City of Westminster; United Kingdom	City of Westminster	6	0.68313	0.221849	1
0	http://www.wikidata.org/entity/P18c	 	 	http://commons.wikimedia.org/wiki/File:Albert_Hall,_Manchester.jpg	 	 	 	 	 	http://commons.wikimedia.org/wiki/File:Royal_Albert_Hall,_London_-_Nov_2012.jpg	 	2	0.816497	0.69897	1
0	http://www.wikidata.org/entity/P373c	 	 	Albert Hall, Manchester	 	 	 	 	 	Royal Albert Hall	 	2	0.816497	0.69897	1
0	http://dbpedia.org/ontology/buildingEndDate	 	 	 	1908	 	 	18711	 	 	 	2	0.816497	0.69897	1
0	http://rdf.freebase.com/key/en	 	 	 	 	albert_hall_nottingham	 	 	royal_albert_hall	 	 	2	0.816497	0.69897	1
0	http://rdf.freebase.com/ns/common.topic.image	 	 	 	 	AlbertHallNottingham	 	 	BBC Proms at the Royal Albert Hall -26July2008-2rpc	 	 	2	0.816497	0.69897	1
0	http://www.w3.org/2004/02/skos/core#prefLabel	 	 	 	 	 	Albert Hall, Nottingham	 	 	 	Royal Albert Hall	2	0.816497	0.69897	1
0	http://yago-knowledge.org/resource/hasWikipediaAnchorText	 	 	 	 	 	Albert Edward Lambert; Baroque Revival	 	 	 	Billboard 6 September 1997; Ji艡铆 B臎lohl谩vek	2	0.811482	0.69897	1
0	http://yago-knowledge.org/resource/hasWikipediaArticleLength	 	 	 	 	 	7601	 	 	 	44644	2	0.816497	0.69897	1
0	http://yago-knowledge.org/resource/hasWikipediaUrl	 	 	 	 	 	http://en.wikipedia.org/wiki/Albert_Hall%2C_Nottingham	 	 	 	http://en.wikipedia.org/wiki/Royal_Albert_Hall	2	0.816497	0.69897	1
0	http://yago-knowledge.org/resource/linksTo	 	 	 	 	 	Oswald Mosley; Albert Edward Lambert	 	 	 	101 Dalmatians (1996 film); Shirley Bassey	2	0.809739	0.69897	1
0	http://dbpedia.org/ontology/address	 	 	 	 	 	 	Kensington Gore; London,SW7	 	 	 	1	0.816497	1	1
0	http://dbpedia.org/ontology/buildingStartDate	 	 	 	 	 	 	18671	 	 	 	1	0.57735	1	1
0	http://dbpedia.org/ontology/cost	 	 	 	 	 	 	200000	 	 	 	1	0.57735	1	1
0	http://dbpedia.org/ontology/height	 	 	 	 	 	 	41.148	 	 	 	1	0.57735	1	1
0	http://dbpedia.org/ontology/type	 	 	 	 	 	 	List of concert halls	 	 	 	1	0.57735	1	1
0	http://rdf.freebase.com/key/authority.daylife.topic	 	 	 	 	 	 	 	06tN7bHcRJfIo	 	 	1	0.57735	1	1
0	http://rdf.freebase.com/key/authority.google.google_plus_page	 	 	 	 	 	 	 	1.05482E+20	 	 	1	0.57735	1	1
0	http://rdf.freebase.com/key/user.avh.ellerdale	 	 	 	 	 	 	 	009a-a309	 	 	1	0.57735	1	1
0	http://rdf.freebase.com/ns/architecture.structure.height_meters	 	 	 	 	 	 	 	41.148	 	 	1	0.57735	1	1
0	http://rdf.freebase.com/ns/base.venuebase.venue.capacity	 	 	 	 	 	 	 	http://rdf.freebase.com/ns/m.0hvgt0j	 	 	1	0.57735	1	1
0	http://rdf.freebase.com/ns/common.identity.daylife_topic	 	 	 	 	 	 	 	06tN7bHcRJfIo	 	 	1	0.57735	1	1
0	http://rdf.freebase.com/ns/common.topic.alias	 	 	 	 	 	 	 	Royal Albert Hall	 	 	1	0.57735	1	1
0	http://rdf.freebase.com/ns/common.topic.social_media_presence	 	 	 	 	 	 	 	http://plus.google.com/105481546999261579234	 	 	1	0.57735	1	1
0	http://rdf.freebase.com/ns/location.location.events	 	 	 	 	 	 	 	1972 Rothmans International Tennis Tournament; Ghost Stories, London	 	 	1	0.816497	1	1
0	http://rdf.freebase.com/ns/music.performance_venue.concerts	 	 	 	 	 	 	 	Ghost Stories, London; Horrible Histories Prom	 	 	1	0.816497	1	1
0	http://rdf.freebase.com/ns/symbols.namesake.named_after	 	 	 	 	 	 	 	Albert, Prince Consort	 	 	1	0.57735	1	1
0	http://rdf.freebase.com/ns/theater.theater.theater_production_venue_relationship	 	 	 	 	 	 	 	http://rdf.freebase.com/ns/m.0102my38	 	 	1	0.57735	1	1
0	http://rdf.freebase.com/ns/theater.theater.theatrical_productions_staged_here	 	 	 	 	 	 	 	Cirque du Soleil: Varekai	 	 	1	0.57735	1	1
0	http://rdf.freebase.com/ns/tv.tv_location.tv_episodes_filmed_here	 	 	 	 	 	 	 	Day of Reckoning	 	 	1	0.57735	1	1
0	http://rdf.freebase.com/ns/user.avh.default_domain.ellerdale_topic.ellerdale_id	 	 	 	 	 	 	 	009a-a309	 	 	1	0.57735	1	1
0	http://www.w3.org/2004/02/skos/core#altLabel	 	 	 	 	 	 	 	 	Royal Albert Hall of Arts and Sciences	 	1	0.57735	1	1
0	http://www.wikidata.org/entity/P1004c	 	 	 	 	 	 	 	 	4352063b-a833-421b-a420-e7fb295dece0	 	1	0.57735	1	1
0	http://www.wikidata.org/entity/P1566c	 	 	 	 	 	 	 	 	6944344	 	1	0.57735	1	1
0	http://www.wikidata.org/entity/P193c	 	 	 	 	 	 	 	 	Lucas Brothers, Builders	 	1	0.57735	1	1
0	http://www.wikidata.org/entity/P214c	 	 	 	 	 	 	 	 	155273907	 	1	0.57735	1	1
0	http://www.wikidata.org/entity/P227c	 	 	 	 	 	 	 	 	4801064-9	 	1	0.57735	1	1
0	http://www.wikidata.org/entity/P245c	 	 	 	 	 	 	 	 	500301950	 	1	0.57735	1	1
0	http://www.wikidata.org/entity/P2468c	 	 	 	 	 	 	 	 	1ch	 	1	0.57735	1	1
0	http://www.wikidata.org/entity/P268c	 	 	 	 	 	 	 	 	146064698	 	1	0.57735	1	1
0	http://www.wikidata.org/entity/P269c	 	 	 	 	 	 	 	 	10919621X	 	1	0.57735	1	1
0	http://www.wikidata.org/entity/P646-freebase	 	 	 	 	 	 	 	 	Royal Albert Hall, London	 	1	0.57735	1	1
0	http://www.wikidata.org/entity/P646c	 	 	 	 	 	 	 	 	/m/018g60	 	1	0.57735	1	1
0	http://www.wikidata.org/entity/P910c	 	 	 	 	 	 	 	 	Category:Royal Albert Hall	 	1	0.57735	1	1
0	http://yago-knowledge.org/resource/hasCitationTitle	 	 	 	 	 	 	 	 	 	8build on site at the Royal Albert Hall; A Hedonist's Guide to London	1	0.816497	1	1
0	http://yago-knowledge.org/resource/redirectedFrom	 	 	 	 	 	 	 	 	 	Albert Memorial Hall; The Royal Albert Hall	1	0.816497	1	1
