score	dataset	dbpedia	freebase	wikidata	yago-knowledge	dbpedia	freebase	wikidata	yago-knowledge	wikidata	yago-knowledge				
	entity	http://dbpedia.org/resource/Aberdeen_(Disputanta,_Virginia)	http://rdf.freebase.com/ns/m.06_ptbz	http://www.wikidata.org/entity/Q15177911	http://yago-knowledge.org/resource/Aberdeen_(Disputanta,_Virginia)	http://dbpedia.org/resource/Aberdeen_Centre	http://rdf.freebase.com/ns/m.09xgkr	http://www.wikidata.org/entity/Q4666899	http://yago-knowledge.org/resource/Aberdeen_Centre	http://www.wikidata.org/entity/Q4667021	http://yago-knowledge.org/resource/Aberdeen_floating_village				
0	http://dbpedia.org/ontology/abstract	Aberdeen is a historic plantation house located several miles north of Disputanta, Prince George Cou	 	 	 	Aberdeen Centre (traditional Chinese: 鏅備唬鍧? simplified Chinese: 鏃朵唬鍧? pinyin: Sh铆d脿if膩ng) is a shoppin	 	 	 	 	 	2	0.816497	0.69897	1
0	http://dbpedia.org/ontology/added	2002/2/11	 	 	 	 	 	 	 	 	 	1	0.57735	1	1
0	http://dbpedia.org/ontology/area	1529710	 	 	 	 	 	 	 	 	 	1	0.57735	1	1
0	http://dbpedia.org/ontology/location	Disputanta, Virginia	 	 	 	Richmond, British Columbia	 	 	 	 	 	2	0.816497	0.69897	1
1	http://dbpedia.org/ontology/nrhpReferenceNumber;http://rdf.freebase.com/key/base.usnris.item;http://rdf.freebase.com/ns/base.usnris.nris_listing.item_number;http://www.wikidata.org/entity/P649c	1001569	1001569	1001569	 	 	 	 	 	 	 	3	0.57735	0.522879	1
2	http://dbpedia.org/ontology/wikiPageID;http://rdf.freebase.com/key/wikipedia.en_id	40600082	40600082	 	 	3726149	3726149	 	 	 	 	4	0.408248	0.39794	1
0	http://dbpedia.org/ontology/wikiPageLength	2461	 	 	 	5816	 	 	 	 	 	2	0.816497	0.69897	1
0	http://dbpedia.org/ontology/wikiPageOutDegree	12	 	 	 	36	 	 	 	 	 	2	0.816497	0.69897	1
0	http://dbpedia.org/ontology/wikiPageRevisionID	725660375	 	 	 	742254097	 	 	 	 	 	2	0.816497	0.69897	1
2	http://dbpedia.org/ontology/yearOfConstruction;http://rdf.freebase.com/ns/base.usnris.nris_listing.significant_year;http://yago-knowledge.org/resource/wasCreatedOnDate;http://rdf.freebase.com/ns/architecture.structure.opened;http://www.wikidata.org/entity/P571c	1810	1810	 	1810-01-01	 	1989	1989	 	 	 	5	0.57735	0.30103	1
0	http://purl.org/dc/terms/subject	Houses completed in 1810; Houses on the National Register of Historic Places in Virginia	 	 	 	Buildings and structures in Richmond, British Columbia; Shopping malls established in 1989	 	 	 	 	 	2	0.816497	0.69897	1
0	http://www.georss.org/georss/point	37.22638888888889 -77.14527777777778	 	 	 	49.184053 -123.133639	 	 	 	 	 	2	0.816497	0.69897	1
0	http://www.w3.org/1999/02/22-rdf-syntax-ns#type;http://www.wikidata.org/entity/P31c	Spatial Thing; architectural structure	NRIS Listing; Physically Instantiable	plantation	wikicat Houses completed in 1810; wordnet dwelling 103259505	ShoppingCenter; Spatial Thing	Physically Instantiable; Project focus	shopping mall	wikicat Shopping malls in Metro Vancouver; wordnet place of business 103953020	building	wordnet artifact 100021939; wordnet building 102913152	10	0.400802	0	1
1	http://www.w3.org/2000/01/rdf-schema#comment;http://rdf.freebase.com/ns/common.topic.description	Aberdeen is a historic plantation house located several miles north of Disputanta, Prince George Cou	Aberdeen is a historic plantation home located at Disputanta, Prince George County, Virginia. It was	 	 	Aberdeen Centre (traditional Chinese: 鏅備唬鍧? simplified Chinese: 鏃朵唬鍧? pinyin: Sh铆d脿if膩ng) is a shoppin	Aberdeen Centre is a shopping mall in Richmond, British Columbia. It is located in the Golden Villag	 	 	 	 	4	0.816497	0.39794	1
3	http://www.w3.org/2000/01/rdf-schema#label	Aberdeen (Disputanta, Virginia)	Aberdeen	Aberdeen (Disputanta, Virginia)	Aberdeen (Disputanta, Virginia)	Aberdeen Centre	Aberdeen Centre	Aberdeen Centre	Aberdeen Centre	Aberdeen floating village	Aberdeen floating village	10	0.174078	0	1
0	http://www.w3.org/2002/07/owl#sameAs	 	 	 	 	Aberdeen Centre	 	 	 	 	 	1	0.57735	1	0
3	http://www.w3.org/2003/01/geo/wgs84_pos#lat;http://yago-knowledge.org/resource/hasLatitude	37.226	37.228	37.226	 	49.184	49.184	49.184	49.184	 	 	7	0.308607	0.154902	1
3	http://www.w3.org/2003/01/geo/wgs84_pos#long;http://yago-knowledge.org/resource/hasLongitude	-77.145	-77.136	-77.145	 	-123.134	-123.134	-123.134	-123.134	 	 	7	0.308607	0.154902	1
0	http://www.w3.org/ns/prov#wasDerivedFrom	http://en.wikipedia.org/wiki/Aberdeen_(Disputanta,_Virginia)?oldid=725660375	 	 	 	http://en.wikipedia.org/wiki/Aberdeen_Centre?oldid=742254097	 	 	 	 	 	2	0.816497	0.69897	1
1	http://xmlns.com/foaf/0.1/isPrimaryTopicOf;http://rdf.freebase.com/ns/common.topic.topic_equivalent_webpage	http://en.wikipedia.org/wiki/Aberdeen_(Disputanta,_Virginia)	http://en.wikipedia.org/wiki/Aberdeen_(Disputanta,_Virginia); http://pdfhost.focus.nps.gov/docs/NRHP	 	 	http://en.wikipedia.org/wiki/Aberdeen_Centre	http://en.wikipedia.org/wiki/Aberdeen_Centre; http://zh.wikipedia.org/wiki/index.html?curid=575597	 	 	 	 	4	0.68313	0.39794	1
0	http://xmlns.com/foaf/0.1/name	Aberdeen	 	 	 	Aberdeen Centre	 	 	 	 	 	2	0.816497	0.69897	1
0	http://rdf.freebase.com/key/dataworld.freeq	 	job_d93ac31a-6a7c-486e-8031-9d4d01eda818_var_en_wikipedia_org_wiki_Aberdeen_(Disputanta,_Virginia)	 	 	 	 	 	 	 	 	1	0.57735	1	1
0	http://rdf.freebase.com/key/wikipedia.en	 	Aberdeen_(Disputanta,_Virginia)	 	 	 	Aberdeen_Center	 	 	 	 	2	0.816497	0.69897	1
0	http://rdf.freebase.com/key/wikipedia.en_title	 	Aberdeen_(Disputanta,_Virginia)	 	 	 	Aberdeen_Centre	 	 	 	 	2	0.816497	0.69897	1
0	http://rdf.freebase.com/ns/base.usnris.nris_listing.significance_level	 	State	 	 	 	 	 	 	 	 	1	0.57735	1	1
0	http://rdf.freebase.com/ns/common.topic.alias	 	74-0001	 	 	 	 	 	 	 	 	1	0.57735	1	1
0	http://rdf.freebase.com/ns/common.topic.notable_for	 	Building	 	 	 	Shopping center	 	 	 	 	2	0.816497	0.69897	1
0	http://rdf.freebase.com/ns/common.topic.notable_types	 	Building	 	 	 	Shopping center	 	 	 	 	2	0.816497	0.69897	1
0	http://rdf.freebase.com/ns/kg.object_profile.prominent_type	 	Building	 	 	 	Shopping center	 	 	 	 	2	0.816497	0.69897	1
0	http://rdf.freebase.com/ns/location.location.area	 	1.53	 	 	 	 	 	 	 	 	1	0.57735	1	1
0	http://rdf.freebase.com/ns/location.location.containedby	 	Disputanta	 	 	 	British Columbia	 	 	 	 	2	0.816497	0.69897	1
0	http://rdf.freebase.com/ns/location.location.street_address;http://www.wikidata.org/entity/P17c;http://www.wikidata.org/entity/P131c;http://yago-knowledge.org/resource/isLocatedIn	 	http://rdf.freebase.com/ns/m.06_ptcd	United States of America	 	 	 	British Columbia	Richmond, British Columbia	 	 	4	0.617213	0.39794	1
0	http://rdf.freebase.com/ns/protected_sites.listed_site.designation_as_natural_or_cultural_site;http://www.wikidata.org/entity/P1435c	 	http://rdf.freebase.com/ns/m.06_ptcy	place listed on the National Register of Historic Places	 	 	 	 	 	 	 	2	0.816497	0.69897	1
0	http://rdf.freebase.com/ns/type.object.key	 	/base/usnris/item/01001569; /wikipedia/en_id/40600082	 	 	 	/wikipedia/en_id/3726149; /wikipedia/zh-cn_id/575597	 	 	 	 	2	0.816497	0.69897	1
0	http://rdf.freebase.com/ns/type.object.name	 	Aberdeen	 	 	 	Aberdeen Centre	 	 	 	 	2	0.816497	0.69897	1
0	http://rdf.freebase.com/ns/type.object.type	 	NRIS Listing; Physically Instantiable	 	 	 	Physically Instantiable; Project focus	 	 	 	 	2	0.527046	0.69897	1
0	http://www.w3.org/2004/02/skos/core#prefLabel	 	 	 	Aberdeen (Disputanta, Virginia)	 	 	 	Aberdeen Centre	 	Aberdeen floating village	3	0.816497	0.522879	1
0	http://yago-knowledge.org/resource/hasCitationTitle	 	 	 	National Register of Historic Places Inventory/Nomination: Aberdeen; Virginia Landmarks Register	 	 	 	FREE Wireless Internet Connection @ Aberdeen Centre; Fairchild Media Group	 	 	2	0.816497	0.69897	1
0	http://yago-knowledge.org/resource/hasWikipediaAnchorText	 	 	 	Accompanying photo; Disputanta, Virginia	 	 	 	2008 Summer Olympics; Asian Canadian	 	Recent developments in the Hong Kong Government, by Kathleen Cheek-Milby, (1983); Aberdeen Country	3	0.809813	0.522879	1
0	http://dbpedia.org/ontology/Building/floorArea	 	 	 	 	35303.155	 	 	 	 	 	1	0.57735	1	1
0	http://dbpedia.org/ontology/floorArea	 	 	 	 	35303.2	 	 	 	 	 	1	0.57735	1	1
0	http://dbpedia.org/ontology/owner	 	 	 	 	Fairchild Group	 	 	 	 	 	1	0.57735	1	1
0	http://dbpedia.org/ontology/wikiPageExternalLink	 	 	 	 	http://www.aberdeencentre.com/en/index.php; http://www.webcitation.org/6WOVprzGd	 	 	 	 	 	1	0.816497	1	1
1	http://xmlns.com/foaf/0.1/homepage;http://rdf.freebase.com/ns/common.topic.official_website	 	 	 	 	http://www.aberdeencentre.com	http://www.aberdeencentre.com/	 	 	 	 	2	0.816497	0.69897	1
0	http://rdf.freebase.com/key/en	 	 	 	 	 	aberdeen_centre	 	 	 	 	1	0.57735	1	1
0	http://rdf.freebase.com/ns/business.shopping_center.address	 	 	 	 	 	http://rdf.freebase.com/ns/g.11btvgz61s; http://rdf.freebase.com/ns/m.045ymx6	 	 	 	 	1	0.816497	1	1
0	http://rdf.freebase.com/ns/business.shopping_center.number_of_stores	 	 	 	 	 	http://rdf.freebase.com/ns/m.0ng837h	 	 	 	 	1	0.57735	1	1
0	http://rdf.freebase.com/ns/common.topic.article	 	 	 	 	 	Aberdeen Centre is a shopping mall in Richmond, British Columbia. It is located in the Golden Villag	 	 	 	 	1	0.57735	1	1
0	http://rdf.freebase.com/ns/common.topic.webpage	 	 	 	 	 	http://rdf.freebase.com/ns/m.03lg86r	 	 	 	 	1	0.57735	1	1
0	http://www.wikidata.org/entity/P1566c	 	 	 	 	 	 	7302208	 	 	 	1	0.57735	1	1
0	http://www.wikidata.org/entity/P373c	 	 	 	 	 	 	Aberdeen Centre, Richmond BC	 	 	 	1	0.57735	1	1
0	http://yago-knowledge.org/resource/hasWikipediaArticleLength	 	 	 	 	 	 	 	7781	 	 	1	0.57735	1	1
0	http://yago-knowledge.org/resource/hasWikipediaUrl	 	 	 	 	 	 	 	http://en.wikipedia.org/wiki/Aberdeen_Centre	 	 	1	0.57735	1	1
0	http://yago-knowledge.org/resource/linksTo	 	 	 	 	 	 	 	2008 Summer Olympics; Canadian dollar	 	 	1	0.816497	1	1
0	http://yago-knowledge.org/resource/redirectedFrom	 	 	 	 	 	 	 	Aberdeen Center	 	Hong Kong Boat People (Aberdeen Floating Village)	2	0.816497	0.69897	1
