score	dataset	dbpedia	wikidata	dbpedia	freebase	wikidata	yago-knowledge	dbpedia	freebase	wikidata	yago-knowledge				
	entity	http://dbpedia.org/resource/Tower_House_(Alexandria,_Virginia)	http://www.wikidata.org/entity/Q18755147	http://dbpedia.org/resource/Horatio_Tower_House	http://rdf.freebase.com/ns/m.05h3g8k	http://www.wikidata.org/entity/Q14715559	http://yago-knowledge.org/resource/Horatio_Tower_House	http://dbpedia.org/resource/Lewis_Tower_House	http://rdf.freebase.com/ns/m.043ntg0	http://www.wikidata.org/entity/Q6537113	http://yago-knowledge.org/resource/Lewis_Tower_House				
0	http://dbpedia.org/ontology/abstract	Tower House, also known as Edgewater and Marsland-on-the-Potomac, is a historic home located near Al	 	The Horatio Tower House is a historic house at 71 Pleasant Street in Worcester, Massachusetts. It is	 	 	 	The Lewis Tower House is an historic house at 2199 Mendon Road in Cumberland, Rhode Island. Built c.	 	 	 	3	0.816497	0.522879	1
1	http://dbpedia.org/ontology/added	2006/5/2	 	1980/3/5	 	 	 	1982/8/30	 	 	 	3	0.816497	0.522879	1
0	http://dbpedia.org/ontology/architecturalStyle;http://rdf.freebase.com/ns/architecture.structure.architectural_style;http://www.wikidata.org/entity/P149c	Colonial Revival architecture; Queen Anne Style architecture	 	 	Italianate architecture	Renaissance Revival architecture	 	Federal architecture	Federal architecture	 	 	5	0.707107	0.30103	1
0	http://dbpedia.org/ontology/area	4856.23	 	 	 	 	 	 	 	 	 	1	0.57735	1	1
0	http://dbpedia.org/ontology/location	Alexandria, Virginia	 	Worcester, Massachusetts	 	 	 	Cumberland, Rhode Island	 	 	 	3	0.816497	0.522879	1
3	http://dbpedia.org/ontology/nrhpReferenceNumber;http://www.wikidata.org/entity/P649c;http://rdf.freebase.com/key/base.usnris.item;http://rdf.freebase.com/ns/base.usnris.nris_listing.item_number	6000341	6000341	80000600	80000600	80000600	 	82000010	82000010	82000010	 	8	0.182574	0.09691	1
0	http://dbpedia.org/ontology/thumbnail	http://commons.wikimedia.org/wiki/Special:FilePath/Tower_House.jpg?width=300	 	http://commons.wikimedia.org/wiki/Special:FilePath/Horatio_Tower_House_Worcester_MA.jpg?width=300	 	 	 	http://commons.wikimedia.org/wiki/Special:FilePath/CumberlandRI_LewisTowerHouse.jpg?width=300	 	 	 	3	0.816497	0.522879	1
2	http://dbpedia.org/ontology/wikiPageID;http://rdf.freebase.com/key/wikipedia.en_id	39803779	 	21554160	21554160	 	 	17364901	17364901	 	 	5	0.516398	0.30103	1
0	http://dbpedia.org/ontology/wikiPageLength	2694	 	2246	 	 	 	2247	 	 	 	3	0.816497	0.522879	1
0	http://dbpedia.org/ontology/wikiPageOutDegree	13	 	13	 	 	 	18	 	 	 	3	0.57735	0.522879	1
0	http://dbpedia.org/ontology/wikiPageRevisionID	724449621	 	742263193	 	 	 	726045198	 	 	 	3	0.816497	0.522879	1
3	http://dbpedia.org/ontology/yearOfConstruction;http://rdf.freebase.com/ns/architecture.structure.opened;http://rdf.freebase.com/ns/base.usnris.nris_listing.significant_year;http://yago-knowledge.org/resource/wasCreatedOnDate	1888	 	1848	1848	 	1848-01-01	1825	1825	 	1825-01-01	7	0.471405	0.154902	1
0	http://purl.org/dc/terms/subject	Colonial Revival architecture in Virginia; Queen Anne architecture in Virginia	 	Houses completed in 1848; Italianate architecture in Massachusetts	 	 	 	Houses completed in 1825; Houses in Cumberland, Rhode Island	 	 	 	3	0.816497	0.522879	1
0	http://www.georss.org/georss/point	38.71138888888889 -77.06722222222223	 	42.26361111111111 -71.80527777777777	 	 	 	41.95388888888889 -71.4425	 	 	 	3	0.816497	0.522879	1
0	http://www.w3.org/1999/02/22-rdf-syntax-ns#type;http://www.wikidata.org/entity/P31c	Spatial Thing; architectural structure	house	Spatial Thing; architectural structure	NRIS Listing; Physically Instantiable	house	wikicat Houses completed in 1848; wordnet artifact 100021939	Spatial Thing; architectural structure	NRIS Listing; Physically Instantiable	house	wikicat Houses completed in 1825; wikicat Houses in Providence County, Rhode Island	10	0.316862	0	1
1	http://www.w3.org/2000/01/rdf-schema#comment;http://rdf.freebase.com/ns/common.topic.description	Tower House, also known as Edgewater and Marsland-on-the-Potomac, is a historic home located near Al	 	The Horatio Tower House is a historic house at 71 Pleasant Street in Worcester, Massachusetts. It is	The Horatio Tower House is a historic house at 71 Pleasant Street in Worcester, Massachusetts. It is	 	 	The Lewis Tower House is an historic house at 2199 Mendon Road in Cumberland, Rhode Island. Built c.	The Lewis Tower House is an historic house at 2199 Mendon Road in Cumberland, Rhode Island. Built c.	 	 	5	0.516398	0.30103	1
3	http://www.w3.org/2000/01/rdf-schema#label	Tower House (Alexandria, Virginia)	Tower House	Horatio Tower House	Horatio Tower House	Horatio Tower House	Horatio Tower House	Lewis Tower House	Lewis Tower House	Lewis Tower House	Lewis Tower House	10	0.258199	0	1
0	http://www.w3.org/2002/07/owl#sameAs	Tower House	 	 	 	 	 	 	 	 	 	1	0.57735	1	0
3	http://www.w3.org/2003/01/geo/wgs84_pos#lat	38.711	38.711	42.264	42.264	42.264	 	41.954	41.954	41.954	 	8	0.204124	0.09691	1
3	http://www.w3.org/2003/01/geo/wgs84_pos#long	-77.067	-77.067	-71.805	-71.805	-71.805	 	-71.443	-71.443	-71.443	 	8	0.204124	0.09691	1
0	http://www.w3.org/ns/prov#wasDerivedFrom	http://en.wikipedia.org/wiki/Tower_House_(Alexandria,_Virginia)?oldid=724449621	 	http://en.wikipedia.org/wiki/Horatio_Tower_House?oldid=742263193	 	 	 	http://en.wikipedia.org/wiki/Lewis_Tower_House?oldid=726045198	 	 	 	3	0.816497	0.522879	1
0	http://xmlns.com/foaf/0.1/depiction	http://commons.wikimedia.org/wiki/Special:FilePath/Tower_House.jpg	 	http://commons.wikimedia.org/wiki/Special:FilePath/Horatio_Tower_House_Worcester_MA.jpg	 	 	 	http://commons.wikimedia.org/wiki/Special:FilePath/CumberlandRI_LewisTowerHouse.jpg	 	 	 	3	0.816497	0.522879	1
1	http://xmlns.com/foaf/0.1/isPrimaryTopicOf;http://rdf.freebase.com/ns/common.topic.topic_equivalent_webpage	http://en.wikipedia.org/wiki/Tower_House_(Alexandria,_Virginia)	 	http://en.wikipedia.org/wiki/Horatio_Tower_House	http://en.wikipedia.org/wiki/Horatio_Tower_House; http://en.wikipedia.org/wiki/index.html?curid=2155	 	 	http://en.wikipedia.org/wiki/Lewis_Tower_House	http://en.wikipedia.org/wiki/Lewis_Tower_House; http://en.wikipedia.org/wiki/index.html?curid=173649	 	 	5	0.666667	0.30103	1
0	http://xmlns.com/foaf/0.1/name	Tower House	 	Horatio Tower House	 	 	 	Lewis Tower House	 	 	 	3	0.816497	0.522879	1
0	http://www.wikidata.org/entity/P1435c;http://rdf.freebase.com/ns/protected_sites.listed_site.designation_as_natural_or_cultural_site	 	place listed on the National Register of Historic Places	 	http://rdf.freebase.com/ns/m.0wh16zy	place listed on the National Register of Historic Places	 	 	http://rdf.freebase.com/ns/m.05hnf_1	place listed on the National Register of Historic Places	 	5	0.516398	0.30103	1
1	http://www.wikidata.org/entity/P17c;http://www.wikidata.org/entity/P131c;http://yago-knowledge.org/resource/isLocatedIn;http://rdf.freebase.com/ns/location.location.street_address	 	United States of America	 	 	Massachusetts; United States of America	Worcester, Massachusetts	 	http://rdf.freebase.com/ns/m.05hnfzv	Rhode Island; United States of America	Cumberland, Rhode Island	6	0.645497	0.221849	1
0	http://dbpedia.org/ontology/architect	 	 	Elias Carter	 	 	 	 	 	 	 	1	0.57735	1	1
0	http://rdf.freebase.com/key/en	 	 	 	horatio_tower_house	 	 	 	lewis_tower_house	 	 	2	0.816497	0.69897	1
0	http://rdf.freebase.com/key/wikipedia.en	 	 	 	Horatio_Tower_House	 	 	 	Lewis_Tower_House	 	 	2	0.816497	0.69897	1
0	http://rdf.freebase.com/key/wikipedia.en_title	 	 	 	Horatio_Tower_House	 	 	 	Lewis_Tower_House	 	 	2	0.816497	0.69897	1
0	http://rdf.freebase.com/ns/common.topic.alias	 	 	 	Horatio Tower House, Worcester	 	 	 	Lewis Tower House, Cumberland	 	 	2	0.816497	0.69897	1
0	http://rdf.freebase.com/ns/common.topic.article	 	 	 	Horatio Tower House is a historic house at 71 Pleasant Street in Worcester, Massachusetts. It was bu	 	 	 	The Lewis Tower House is an historic house built around 1825. It is situated at 2199 Mendon Road in 	 	 	2	0.816497	0.69897	1
0	http://rdf.freebase.com/ns/common.topic.notable_for	 	 	 	Italianate Structure	 	 	 	Federal Structure	 	 	2	0.816497	0.69897	1
0	http://rdf.freebase.com/ns/common.topic.notable_types	 	 	 	Structure	 	 	 	Building	 	 	2	0.816497	0.69897	1
0	http://rdf.freebase.com/ns/kg.object_profile.prominent_type	 	 	 	Structure	 	 	 	Building	 	 	2	0.816497	0.69897	1
0	http://rdf.freebase.com/ns/location.location.containedby	 	 	 	Worcester	 	 	 	Rhode Island	 	 	2	0.816497	0.69897	1
0	http://rdf.freebase.com/ns/type.object.key	 	 	 	/base/usnris/item/80000600; /wikipedia/en_id/21554160	 	 	 	/base/usnris/item/82000010; /wikipedia/en_id/17364901	 	 	2	0.816497	0.69897	1
0	http://rdf.freebase.com/ns/type.object.name	 	 	 	Horatio Tower House	 	 	 	Lewis Tower House	 	 	2	0.816497	0.69897	1
0	http://rdf.freebase.com/ns/type.object.type	 	 	 	NRIS Listing; Physically Instantiable	 	 	 	NRIS Listing; Physically Instantiable	 	 	2	0.408248	0.69897	1
0	http://www.wikidata.org/entity/P18c	 	 	 	 	http://commons.wikimedia.org/wiki/File:Horatio_Tower_House_Worcester_MA.jpg	 	 	 	http://commons.wikimedia.org/wiki/File:CumberlandRI_LewisTowerHouse.jpg	 	2	0.816497	0.69897	1
0	http://www.w3.org/2004/02/skos/core#prefLabel	 	 	 	 	 	Horatio Tower House	 	 	 	Lewis Tower House	2	0.816497	0.69897	1
0	http://yago-knowledge.org/resource/hasCitationTitle	 	 	 	 	 	NRHP nomination for Horatio Tower House	 	 	 	 	1	0.57735	1	1
0	http://yago-knowledge.org/resource/hasWikipediaAnchorText	 	 	 	 	 	American Antiquarian Society	 	 	 	Cumberland, Rhode Island; National Register of Historic Places	2	0.777282	0.69897	1
0	http://yago-knowledge.org/resource/hasWikipediaArticleLength	 	 	 	 	 	2278	 	 	 	1885	2	0.816497	0.69897	1
0	http://yago-knowledge.org/resource/hasWikipediaUrl	 	 	 	 	 	http://en.wikipedia.org/wiki/Horatio_Tower_House	 	 	 	http://en.wikipedia.org/wiki/Lewis_Tower_House	2	0.816497	0.69897	1
0	http://yago-knowledge.org/resource/linksTo	 	 	 	 	 	American Antiquarian Society; Mechanics Hall (Worcester, Massachusetts)	 	 	 	Cumberland, Rhode Island; Federal architecture	2	0.752773	0.69897	1
0	http://rdf.freebase.com/ns/base.usnris.nris_listing.significance_level	 	 	 	 	 	 	 	Local	 	 	1	0.57735	1	1
0	http://rdf.freebase.com/ns/location.location.area	 	 	 	 	 	 	 	0.01	 	 	1	0.57735	1	1
