score	dataset	freebase	wikidata	yago-knowledge	dbpedia	freebase	wikidata	dbpedia	freebase	wikidata	yago-knowledge				
	entity	http://rdf.freebase.com/ns/m.09rvd5l	http://www.wikidata.org/entity/Q14706943	http://yago-knowledge.org/resource/Methodist_Episcopal_Church_(Orleans,_New_York)	http://dbpedia.org/resource/Methodist_Episcopal_Church_(Devils_Lake,_North_Dakota)	http://rdf.freebase.com/ns/m.0kg2bmb	http://www.wikidata.org/entity/Q6823779	http://dbpedia.org/resource/Methodist_Episcopal_Church_(Buffalo,_Wyoming)	http://rdf.freebase.com/ns/m.0hn9408	http://www.wikidata.org/entity/Q6823777	http://yago-knowledge.org/resource/Methodist_Episcopal_Church_(Buffalo,_Wyoming)				
1	http://rdf.freebase.com/key/wikipedia.en	Methodist_Episcopal_Church_(Orleans,_New_York)	 	 	 	Methodist_Episcopal_Church_(Devils_Lake,_North_Dakota)	 	 	Methodist_Episcopal_Church_(Buffalo,_Wyoming)	 	 	3	0.816497	0.522879	1
2	http://rdf.freebase.com/key/wikipedia.en_id;http://dbpedia.org/ontology/wikiPageID	25478726	 	 	36543199	36543199	 	33970441	33970441	 	 	5	0.516398	0.30103	1
1	http://rdf.freebase.com/key/wikipedia.en_title	Methodist_Episcopal_Church_(Orleans,_New_York)	 	 	 	Methodist_Episcopal_Church_(Devils_Lake,_North_Dakota)	 	 	Methodist_Episcopal_Church_(Buffalo,_Wyoming)	 	 	3	0.816497	0.522879	1
0	http://rdf.freebase.com/ns/architecture.structure.architectural_style;http://dbpedia.org/ontology/architecturalStyle	Late Gothic Revival	 	 	Classical Revival architecture; Romanesque architecture	Neoclassical architecture; Romanesque architecture	 	Akron Plan	 	 	 	4	0.707107	0.39794	1
1	http://rdf.freebase.com/ns/common.topic.article;http://schema.org/description	Methodist Episcopal Church, also known as Omar-Fisher's Landing Methodist Church, is a historic Meth	 	 	 	http://rdf.freebase.com/ns/m.0kg2bmg	church in Devils Lake, North Dakota	 	Methodist Episcopal Church (First United Methodist Church) is a historic Methodist church at Fort an	historic Methodist church in Buffalo, Wyoming	 	5	0.816497	0.30103	1
2	http://rdf.freebase.com/ns/common.topic.description;http://www.w3.org/2000/01/rdf-schema#comment	Methodist Episcopal Church, also known as Omar-Fisher's Landing Methodist Church, is a historic Meth	 	 	The Methodist Episcopal Church on 5th St., NE in Devils Lake, North Dakota was built in 1915. It was	The Methodist Episcopal Church on 5th St., NE in Devils Lake, North Dakota was built in 1915. It was	 	Methodist Episcopal Church (First United Methodist Church) is a historic Methodist church at Fort an	Methodist Episcopal Church is a historic Methodist church at Fort and N. Adams Streets in Buffalo, W	 	 	5	0.68313	0.30103	1
0	http://rdf.freebase.com/ns/common.topic.notable_for	Location	 	 	 	Location	 	 	Location	 	 	3	0.57735	0.522879	1
0	http://rdf.freebase.com/ns/common.topic.notable_types	Location	 	 	 	Location	 	 	Location	 	 	3	0.57735	0.522879	1
1	http://rdf.freebase.com/ns/common.topic.topic_equivalent_webpage;http://xmlns.com/foaf/0.1/isPrimaryTopicOf	http://en.wikipedia.org/wiki/Methodist_Episcopal_Church_(Orleans,_New_York); http://en.wikipedia.org	 	 	http://en.wikipedia.org/wiki/Methodist_Episcopal_Church_(Devils_Lake,_North_Dakota)	http://en.wikipedia.org/wiki/Methodist_Episcopal_Church_(Devils_Lake,_North_Dakota); http://en.wikip	 	http://en.wikipedia.org/wiki/Methodist_Episcopal_Church_(Buffalo,_Wyoming)	http://en.wikipedia.org/wiki/Methodist_Episcopal_Church_(Buffalo,_Wyoming); http://en.wikipedia.org/	 	 	5	0.645497	0.30103	1
0	http://rdf.freebase.com/ns/kg.object_profile.prominent_type	Location	 	 	 	Location	 	 	Location	 	 	3	0.57735	0.522879	1
0	http://rdf.freebase.com/ns/location.location.containedby	Orleans	 	 	 	Devils Lake	 	 	Buffalo	 	 	3	0.816497	0.522879	1
0	http://rdf.freebase.com/ns/protected_sites.listed_site.designation_as_natural_or_cultural_site;http://www.wikidata.org/entity/P1435c	http://rdf.freebase.com/ns/g.11btv6ynhf	place listed on the National Register of Historic Places	 	 	http://rdf.freebase.com/ns/g.11btv6ynh5	place listed on the National Register of Historic Places	 	http://rdf.freebase.com/ns/g.11b7vt_24x	place listed on the National Register of Historic Places	 	6	0.57735	0.221849	1
0	http://rdf.freebase.com/ns/type.object.key	/wikipedia/en_id/25478726; /wikipedia/en_title/Methodist_Episcopal_Church_(Orleans,_New_York)	 	 	 	/wikipedia/en_id/36543199; /wikipedia/en_title/Methodist_Episcopal_Church_(Devils_Lake,_North_Dakota	 	 	/wikipedia/en_id/33970441; /wikipedia/en_title/Methodist_Episcopal_Church_(Buffalo,_Wyoming)	 	 	3	0.816497	0.522879	1
0	http://rdf.freebase.com/ns/type.object.name	Methodist Episcopal Church	 	 	 	Methodist Episcopal Church	 	 	Methodist Episcopal Church	 	 	3	0.57735	0.522879	1
0	http://rdf.freebase.com/ns/type.object.type	Physically Instantiable	 	 	 	Inanimate; Location	 	 	Inanimate; Location	 	 	3	0.348155	0.522879	1
0	http://www.w3.org/1999/02/22-rdf-syntax-ns#type;http://www.wikidata.org/entity/P31c	Physically Instantiable	church	wikicat 19th-century Methodist church buildings; wikicat Churches in Jefferson County, New York	Spatial Thing; architectural structure	Inanimate; Location	church	Spatial Thing; architectural structure	Inanimate; Location	church	wikicat Akron Plan churches; wordnet church 103028079	10	0.389249	0	1
3	http://www.w3.org/2000/01/rdf-schema#label	Methodist Episcopal Church	Methodist Episcopal Church (Orleans, New York)	Methodist Episcopal Church (Orleans, New York)	Methodist Episcopal Church (Devils Lake, North Dakota)	Methodist Episcopal Church	Methodist Episcopal Church	Methodist Episcopal Church (Buffalo, Wyoming)	Methodist Episcopal Church	Methodist Episcopal Church	Methodist Episcopal Church (Buffalo, Wyoming)	10	0	0	1
3	http://www.w3.org/2003/01/geo/wgs84_pos#lat	44.262	44.262	 	48.116	48.116	48.116	44.349	44.349	44.349	 	8	0.204124	0.09691	1
3	http://www.w3.org/2003/01/geo/wgs84_pos#long	-75.976	-75.976	 	-98.857	-98.857	-98.857	-106.7	-106.7	-106.7	 	8	0.204124	0.09691	1
0	http://www.wikidata.org/entity/P131c;http://www.wikidata.org/entity/P17c	 	United States of America	 	 	 	North Dakota; United States of America	 	 	United States of America	 	3	0.57735	0.522879	1
2	http://www.wikidata.org/entity/P649c;http://dbpedia.org/ontology/nrhpReferenceNumber	 	96000663	 	8000680	 	8000680	76001952	 	76001952	 	5	0.516398	0.30103	1
0	http://www.w3.org/2002/07/owl#sameAs	 	 	Methodist Episcopal Church (Orleans, New York)	 	 	 	 	 	 	 	1	0.57735	1	0
0	http://www.w3.org/2004/02/skos/core#prefLabel	 	 	Methodist Episcopal Church (Orleans, New York)	 	 	 	 	 	 	Methodist Episcopal Church (Buffalo, Wyoming)	2	0.816497	0.69897	1
0	http://yago-knowledge.org/resource/hasCitationTitle	 	 	Accompanying two photos	 	 	 	 	 	 	Buffalo's First Century; First United Methodist Church of Buffalo Wyoming	2	0.816497	0.69897	1
0	http://yago-knowledge.org/resource/hasWikipediaAnchorText	 	 	Jefferson County, New York; Methodist Episcopal	 	 	 	 	 	 	Buffalo, Wyoming; Jim Gatchell Memorial Museum	2	0.816497	0.69897	1
1	http://yago-knowledge.org/resource/wasCreatedOnDate;http://dbpedia.org/ontology/yearOfConstruction	 	 	1892-01-01	1915	 	 	1899	 	 	1899-01-01	4	0.816497	0.39794	1
0	http://dbpedia.org/ontology/abstract	 	 	 	The Methodist Episcopal Church on 5th St., NE in Devils Lake, North Dakota was built in 1915. It was	 	 	Methodist Episcopal Church (First United Methodist Church) is a historic Methodist church at Fort an	 	 	 	2	0.816497	0.69897	1
0	http://dbpedia.org/ontology/added	 	 	 	2008/7/16	 	 	1976/9/13	 	 	 	2	0.816497	0.69897	1
0	http://dbpedia.org/ontology/architect	 	 	 	Joseph A. Shannon	 	 	 	 	 	 	1	0.57735	1	1
0	http://dbpedia.org/ontology/area	 	 	 	1214.06	 	 	1214.06	 	 	 	2	0.57735	0.69897	1
0	http://dbpedia.org/ontology/location	 	 	 	Devils Lake, North Dakota	 	 	Buffalo, Wyoming	 	 	 	2	0.816497	0.69897	1
0	http://dbpedia.org/ontology/wikiPageLength	 	 	 	1980	 	 	4714	 	 	 	2	0.816497	0.69897	1
0	http://dbpedia.org/ontology/wikiPageOutDegree	 	 	 	14	 	 	16	 	 	 	2	0.816497	0.69897	1
0	http://dbpedia.org/ontology/wikiPageRevisionID	 	 	 	727054290	 	 	735707110	 	 	 	2	0.816497	0.69897	1
0	http://purl.org/dc/terms/subject	 	 	 	Buildings and structures in Ramsey County, North Dakota; Neoclassical architecture in North Dakota	 	 	Akron Plan churches; Buildings and structures in Buffalo, Wyoming	 	 	 	2	0.816497	0.69897	1
0	http://www.georss.org/georss/point	 	 	 	48.11555555555555 -98.85666666666667	 	 	44.34861111111111 -106.70027777777777	 	 	 	2	0.816497	0.69897	1
0	http://www.w3.org/ns/prov#wasDerivedFrom	 	 	 	http://en.wikipedia.org/wiki/Methodist_Episcopal_Church_(Devils_Lake,_North_Dakota)?oldid=727054290	 	 	http://en.wikipedia.org/wiki/Methodist_Episcopal_Church_(Buffalo,_Wyoming)?oldid=735707110	 	 	 	2	0.816497	0.69897	1
0	http://xmlns.com/foaf/0.1/name	 	 	 	Methodist Episcopal Church	 	 	Methodist Episcopal Church	 	 	 	2	0.57735	0.69897	1
0	http://dbpedia.org/ontology/thumbnail	 	 	 	 	 	 	http://commons.wikimedia.org/wiki/Special:FilePath/Methodist_Church_Buffalo_Wyoming.jpg?width=300	 	 	 	1	0.57735	1	1
0	http://xmlns.com/foaf/0.1/depiction	 	 	 	 	 	 	http://commons.wikimedia.org/wiki/Special:FilePath/Methodist_Church_Buffalo_Wyoming.jpg	 	 	 	1	0.57735	1	1
