score	dataset	dbpedia	freebase	wikidata	yago-knowledge	freebase	wikidata	yago-knowledge	dbpedia	freebase	wikidata				
	entity	http://dbpedia.org/resource/The_Pyramids_(Indianapolis)	http://rdf.freebase.com/ns/m.04mzlh2	http://www.wikidata.org/entity/Q1136354	http://yago-knowledge.org/resource/The_Pyramids_(Indianapolis)	http://rdf.freebase.com/ns/m.09v2rq5	http://www.wikidata.org/entity/Q882505	http://yago-knowledge.org/resource/Die_Pyramide	http://dbpedia.org/resource/Memphis_Pyramid	http://rdf.freebase.com/ns/m.02y9hg	http://www.wikidata.org/entity/Q2226897				
0	http://dbpedia.org/ontology/Building/floorArea	32516.064	 	 	 	 	 	 	 	 	 	1	0.57735	1	1
0	http://dbpedia.org/ontology/abstract	The Pyramids are three pyramid-shaped office buildings that are part of a 200-acre (810,000 m2) comm	 	 	 	 	 	 	The Memphis Pyramid, initially known as the Great American Pyramid, formerly referred to as the Pyra	 	 	2	0.816497	0.69897	1
1	http://dbpedia.org/ontology/architect;http://www.wikidata.org/entity/P84c	Roche-Dinkeloo	 	Roche-Dinkeloo	 	 	 	 	Rosser International	 	Rosser International	4	0.408248	0.39794	1
0	http://dbpedia.org/ontology/buildingEndDate	1972	 	 	 	 	 	 	 	 	 	1	0.57735	1	1
0	http://dbpedia.org/ontology/floorArea	32516.1	 	 	 	 	 	 	 	 	 	1	0.57735	1	1
0	http://dbpedia.org/ontology/floorCount	11	 	 	 	 	 	 	 	 	 	1	0.57735	1	1
0	http://dbpedia.org/ontology/location	Indianapolis	 	 	 	 	 	 	 	 	 	1	0.57735	1	1
0	http://dbpedia.org/ontology/thumbnail	http://commons.wikimedia.org/wiki/Special:FilePath/Indianapolis_Pyramids.jpg?width=300	 	 	 	 	 	 	http://commons.wikimedia.org/wiki/Special:FilePath/Memphis_Pyramid.JPG?width=300	 	 	2	0.816497	0.69897	1
0	http://dbpedia.org/ontology/wikiPageExternalLink	http://skyscraperpage.com/cities/?buildingID=16827	 	 	 	 	 	 	http://www.emporis.com/building/greatamericanpyramid-memphis-tn-usa	 	 	2	0.816497	0.69897	1
2	http://dbpedia.org/ontology/wikiPageID;http://rdf.freebase.com/key/wikipedia.en_id	27716136	27716136	 	 	25801420	 	 	628208	628208	 	5	0.516398	0.30103	1
0	http://dbpedia.org/ontology/wikiPageLength	5409	 	 	 	 	 	 	15537	 	 	2	0.816497	0.69897	1
0	http://dbpedia.org/ontology/wikiPageOutDegree	14	 	 	 	 	 	 	98	 	 	2	0.816497	0.69897	1
0	http://dbpedia.org/ontology/wikiPageRevisionID	743481650	 	 	 	 	 	 	743266169	 	 	2	0.816497	0.69897	1
0	http://purl.org/dc/terms/subject	Office buildings completed in 1972; Office buildings in Indianapolis	 	 	 	 	 	 	1991 establishments in Tennessee; Defunct arena football venues	 	 	2	0.783604	0.69897	1
0	http://www.georss.org/georss/point	39.9201 -86.2209	 	 	 	 	 	 	35.15555555555556 -90.05194444444444	 	 	2	0.816497	0.69897	1
0	http://www.w3.org/1999/02/22-rdf-syntax-ns#type;http://www.wikidata.org/entity/P31c	Spatial Thing; architectural structure	Building complex; Project focus	building complex	wikicat Buildings and structures in Indianapolis, Indiana; wikicat Roche-Dinkeloo buildings	Physically Instantiable; Project focus	skyscraper; tower block	wikicat Buildings and structures in Marzahn-Hellersdorf; wikicat Skyscrapers in Berlin	Spatial Thing; architectural structure	Physically Instantiable; Project focus	arena	10	0.449868	0	1
1	http://www.w3.org/2000/01/rdf-schema#comment;http://rdf.freebase.com/ns/common.topic.description	The Pyramids are three pyramid-shaped office buildings that are part of a 200-acre (810,000 m2) comm	The Pyramids are three pyramid-shaped office buildings that are part of a 200-acre commercial develo	 	 	Die Pyramide is a high-rise building built in 1994/95 and located in the Berlin region of Marzahn-He	 	 	The Memphis Pyramid, initially known as the Great American Pyramid, formerly referred to as the Pyra	The Memphis Pyramid, initially known as the Great American Pyramid, formerly referred to as the Pyra	 	5	0.68313	0.30103	1
3	http://www.w3.org/2000/01/rdf-schema#label	The Pyramids (Indianapolis)	The Pyramids	The Pyramids	The Pyramids (Indianapolis)	Die Pyramide	Die Pyramide	Die Pyramide	Memphis Pyramid	Memphis Pyramid	Pyramid Arena	10	0.348155	0	1
0	http://www.w3.org/2002/07/owl#sameAs	 	 	 	 	 	 	Die Pyramide	 	 	 	1	0.57735	1	0
3	http://www.w3.org/2003/01/geo/wgs84_pos#lat	39.92	39.92	39.92	 	52.535	52.535	 	35.156	35.156	35.156	8	0.204124	0.09691	1
3	http://www.w3.org/2003/01/geo/wgs84_pos#long	-86.221	-86.221	-86.221	 	13.519	13.519	 	-90.052	-90.052	-90.052	8	0.204124	0.09691	1
0	http://www.w3.org/ns/prov#wasDerivedFrom	http://en.wikipedia.org/wiki/The_Pyramids_(Indianapolis)?oldid=743481650	 	 	 	 	 	 	http://en.wikipedia.org/wiki/Memphis_Pyramid?oldid=743266169	 	 	2	0.816497	0.69897	1
0	http://xmlns.com/foaf/0.1/depiction	http://commons.wikimedia.org/wiki/Special:FilePath/Indianapolis_Pyramids.jpg	 	 	 	 	 	 	http://commons.wikimedia.org/wiki/Special:FilePath/Memphis_Pyramid.JPG	 	 	2	0.816497	0.69897	1
0	http://xmlns.com/foaf/0.1/homepage	http://www.indypyramids.com/	 	 	 	 	 	 	 	 	 	1	0.57735	1	1
1	http://xmlns.com/foaf/0.1/isPrimaryTopicOf;http://rdf.freebase.com/ns/common.topic.topic_equivalent_webpage	http://en.wikipedia.org/wiki/The_Pyramids_(Indianapolis)	http://de.wikipedia.org/wiki/The_Pyramids_(Geb%E4udekomplex)	 	 	http://de.wikipedia.org/wiki/Die_Pyramide_(Hochhaus); http://www.skyscrapercenter.com/building.php?b	 	 	http://en.wikipedia.org/wiki/Memphis_Pyramid	http://en.wikipedia.org/wiki/Memphis_Pyramid; http://es.wikipedia.org/wiki/Pyramid_Arena	 	5	0.778499	0.30103	1
0	http://xmlns.com/foaf/0.1/name	The Pyramids	 	 	 	 	 	 	Memphis Pyramid	 	 	2	0.816497	0.69897	1
1	http://rdf.freebase.com/key/wikipedia.en	 	College_Life_Insurance_Company_headquarters; College_Life_Insurance_building	 	 	Die_Pyramide	 	 	 	Great_American_Pyramid; Pyramid_Arena_(Memphis,_TN)	 	3	0.816497	0.522879	1
1	http://rdf.freebase.com/key/wikipedia.en_title	 	The_Pyramids_(Indianapolis)	 	 	Die_Pyramide	 	 	 	Memphis_Pyramid	 	3	0.816497	0.522879	1
0	http://rdf.freebase.com/ns/architecture.building.floors	 	11	 	 	23	 	 	 	 	 	2	0.816497	0.69897	1
0	http://rdf.freebase.com/ns/architecture.building_complex.buildings_in_complex	 	The Pyramids I	 	 	 	 	 	 	 	 	1	0.57735	1	1
1	http://rdf.freebase.com/ns/common.topic.article;http://schema.org/description	 	The Pyramids are three pyramid-shaped office buildings that are part of a 200-acre (810,000 m) comme	architectural structure	 	Die Pyramide (The Pyramid) is a high-rise building built in 1994/95 and located in the Berlin Boroug	tower block	 	 	The Pyramid Arena, initially known as the Great American Pyramid was originally built as a 20,142-se	 	5	0.816497	0.30103	1
0	http://rdf.freebase.com/ns/common.topic.image	 	College Life Insurance; Indianapolis Pyramids	 	 	 	 	 	 	The Pyramid Arena, photographed from Auction Avenue bridge.	 	2	0.816497	0.69897	1
0	http://rdf.freebase.com/ns/common.topic.notable_for	 	Building complex	 	 	Skyscraper	 	 	 	Sports Facility	 	3	0.816497	0.522879	1
0	http://rdf.freebase.com/ns/common.topic.notable_types	 	Building complex	 	 	Skyscraper	 	 	 	Sports Facility	 	3	0.816497	0.522879	1
0	http://rdf.freebase.com/ns/kg.object_profile.prominent_type	 	Building complex	 	 	Skyscraper	 	 	 	Sports Facility	 	3	0.816497	0.522879	1
0	http://rdf.freebase.com/ns/location.location.containedby	 	46268-1926; Marion County	 	 	Berlin	 	 	 	Memphis	 	3	0.816497	0.522879	1
0	http://rdf.freebase.com/ns/location.location.street_address;http://www.wikidata.org/entity/P131c;http://www.wikidata.org/entity/P17c	 	http://rdf.freebase.com/ns/m.04zdhth	United States of America	 	http://rdf.freebase.com/ns/m.0fplt6l	Marzahn	 	 	 	United States of America	5	0.73598	0.30103	1
0	http://rdf.freebase.com/ns/type.object.key	 	/wikipedia/de/College_Life_Insurance_Company_of_America_Headquarters; /wikipedia/en/College_Life_Ins	 	 	/authority/ctbuh/tsc/10079; /wikipedia/de_title/Die_Pyramide_(Hochhaus)	 	 	 	/user/avh/ellerdale/0081-3158; /wikipedia/ko_id/1315232	 	3	0.816497	0.522879	1
0	http://rdf.freebase.com/ns/type.object.name	 	The Pyramids	 	 	Die Pyramide	 	 	 	Memphis Pyramid	 	3	0.816497	0.522879	1
0	http://rdf.freebase.com/ns/type.object.type	 	Building complex; Project focus	 	 	Physically Instantiable; Project focus	 	 	 	Physically Instantiable; Project focus	 	3	0.432049	0.522879	1
0	http://www.wikidata.org/entity/P1101c	 	 	11	 	 	23	 	 	 	 	2	0.816497	0.69897	1
0	http://www.wikidata.org/entity/P18c	 	 	http://commons.wikimedia.org/wiki/File:Indianapolis_Pyramids.jpg	 	 	http://commons.wikimedia.org/wiki/File:Berlin-Marzahn_-_Die_Pyramide_3.jpg	 	 	 	http://commons.wikimedia.org/wiki/File:PyramidArena.jpg	3	0.816497	0.522879	1
1	http://www.wikidata.org/entity/P373c	 	 	The Pyramids (Indianapolis)	 	 	Die Pyramide	 	 	 	Pyramid Arena	3	0.816497	0.522879	1
0	http://www.wikidata.org/entity/P646-freebase	 	 	The Pyramids	 	 	 	 	 	 	Memphis Pyramid	2	0.816497	0.69897	1
0	http://www.wikidata.org/entity/P646c	 	 	/m/04mzlh2	 	 	 	 	 	 	/m/02y9hg	2	0.816497	0.69897	1
0	http://www.w3.org/2004/02/skos/core#prefLabel	 	 	 	The Pyramids (Indianapolis)	 	 	Die Pyramide	 	 	 	2	0.816497	0.69897	1
0	http://yago-knowledge.org/resource/hasCitationTitle	 	 	 	Award-Winning Architect Links His Designs With Building Function; Contemporary Curtain Wall Architec	 	 	 	 	 	 	1	0.816497	1	1
0	http://yago-knowledge.org/resource/hasWikipediaAnchorText	 	 	 	College Life Insurance Company; Indianapolis, Indiana	 	 	List of tallest buildings in Germany	 	 	 	2	0.816497	0.69897	1
0	http://yago-knowledge.org/resource/redirectedFrom	 	 	 	College Life Insurance Company headquarters; College Life Insurance building	 	 	 	 	 	 	1	0.816497	1	1
1	http://yago-knowledge.org/resource/wasCreatedOnDate;http://rdf.freebase.com/ns/architecture.structure.opened	 	 	 	1972/1/1	1995	 	1995/1/1	 	1991	 	4	0.816497	0.39794	1
1	http://rdf.freebase.com/key/authority.ctbuh.tsc;http://www.wikidata.org/entity/P1305c	 	 	 	 	10079	10079	 	 	 	 	2	0.57735	0.69897	1
0	http://rdf.freebase.com/ns/architecture.structure.height_meters	 	 	 	 	100	 	 	 	98	 	2	0.816497	0.69897	1
0	http://www.wikidata.org/entity/P935c	 	 	 	 	 	Die Pyramide	 	 	 	 	1	0.57735	1	1
0	http://dbpedia.org/ontology/address	 	 	 	 	 	 	 	1 Bass Pro Drive (formerly 1 Auction Avenue); Memphis, Tennessee38105	 	 	1	0.816497	1	1
0	http://dbpedia.org/ontology/cost	 	 	 	 	 	 	 	65000000	 	 	1	0.57735	1	1
0	http://dbpedia.org/ontology/formerName	 	 	 	 	 	 	 	Great American Pyramid, Pyramid Arena	 	 	1	0.57735	1	1
0	http://dbpedia.org/ontology/height	 	 	 	 	 	 	 	97.841	 	 	1	0.57735	1	1
0	http://dbpedia.org/ontology/owner;http://www.wikidata.org/entity/P127c	 	 	 	 	 	 	 	Memphis, Tennessee	 	Memphis	2	0.816497	0.69897	1
0	http://dbpedia.org/ontology/tenant	 	 	 	 	 	 	 	Bass Pro Shops	 	 	1	0.57735	1	1
0	http://rdf.freebase.com/key/en	 	 	 	 	 	 	 	 	pyramid_arena	 	1	0.57735	1	1
0	http://rdf.freebase.com/key/user.avh.ellerdale	 	 	 	 	 	 	 	 	0081-3158	 	1	0.57735	1	1
0	http://rdf.freebase.com/ns/architecture.structure.architectural_style	 	 	 	 	 	 	 	 	Egyptian Revival architecture	 	1	0.57735	1	1
0	http://rdf.freebase.com/ns/architecture.structure.closed	 	 	 	 	 	 	 	 	2004	 	1	0.57735	1	1
0	http://rdf.freebase.com/ns/common.topic.alias	 	 	 	 	 	 	 	 	Great American Pyramid; Pyramid Arena, Memphis	 	1	0.816497	1	1
0	http://rdf.freebase.com/ns/location.location.events	 	 	 	 	 	 	 	 	2001 NCAA Men's Division I Basketball Tournament- South Regional First Round; Kansas-Purdue 1997 NCA	 	1	0.816497	1	1
0	http://rdf.freebase.com/ns/user.avh.default_domain.ellerdale_topic.ellerdale_id	 	 	 	 	 	 	 	 	0081-3158	 	1	0.57735	1	1
0	http://www.wikidata.org/entity/P1004c	 	 	 	 	 	 	 	 	 	c96d3626-7557-44db-8054-b2b007aa8be8	1	0.57735	1	1
0	http://www.wikidata.org/entity/P1083c	 	 	 	 	 	 	 	 	 	21000	1	0.57735	1	1
0	http://www.wikidata.org/entity/P193c	 	 	 	 	 	 	 	 	 	Hunt Construction Group	1	0.57735	1	1
0	http://www.wikidata.org/entity/P454c	 	 	 	 	 	 	 	 	 	20004666	1	0.57735	1	1
0	http://www.wikidata.org/entity/P466c	 	 	 	 	 	 	 	 	 	Memphis Tigers	1	0.57735	1	1
0	http://www.wikidata.org/entity/P631c	 	 	 	 	 	 	 	 	 	Walter P Moore Engineers and Consultants	1	0.57735	1	1
0	http://www.wikidata.org/entity/P641c	 	 	 	 	 	 	 	 	 	basketball	1	0.57735	1	1
