score	dataset	dbpedia	freebase	wikidata	yago-knowledge	freebase	wikidata	yago-knowledge	freebase	wikidata	yago-knowledge				
	entity	http://dbpedia.org/resource/Stagecoach_Inn_(California)	http://rdf.freebase.com/ns/m.05ylyc	http://www.wikidata.org/entity/Q7596851	http://yago-knowledge.org/resource/Stagecoach_Inn_(California)	http://rdf.freebase.com/ns/m.09g8l35	http://www.wikidata.org/entity/Q7596854	http://yago-knowledge.org/resource/Stagecoach_Inn_of_Chappell_Hill	http://rdf.freebase.com/ns/m.026cyc7	http://www.wikidata.org/entity/Q7596852	http://yago-knowledge.org/resource/Stagecoach_Inn_(Texas)				
0	http://dbpedia.org/ontology/abstract	The Stagecoach Inn in Newbury Park, California, originally known as the Grand Union Hotel, was used 	 	 	 	 	 	 	 	 	 	1	0.57735	1	1
0	http://dbpedia.org/ontology/added	1975/12/30	 	 	 	 	 	 	 	 	 	1	0.57735	1	1
0	http://dbpedia.org/ontology/location	Newbury Park, California	 	 	 	 	 	 	 	 	 	1	0.57735	1	1
2	http://dbpedia.org/ontology/nrhpReferenceNumber;http://rdf.freebase.com/key/base.usnris.item;http://rdf.freebase.com/ns/base.usnris.nris_listing.item_number;http://www.wikidata.org/entity/P649c	75000495	75000495	75000495	 	 	76002082	 	83003085	83003085	 	6	0.204124	0.221849	1
0	http://dbpedia.org/ontology/thumbnail	http://commons.wikimedia.org/wiki/Special:FilePath/Stagecoach_Inn.jpg?width=300	 	 	 	 	 	 	 	 	 	1	0.57735	1	1
0	http://dbpedia.org/ontology/wikiPageExternalLink	http://www.stagecoachmuseum.org/	 	 	 	 	 	 	 	 	 	1	0.57735	1	1
2	http://dbpedia.org/ontology/wikiPageID;http://rdf.freebase.com/key/wikipedia.en_id	1808610	1808610	 	 	25171966	 	 	7783777	 	 	4	0.645497	0.39794	1
0	http://dbpedia.org/ontology/wikiPageLength	5437	 	 	 	 	 	 	 	 	 	1	0.57735	1	1
0	http://dbpedia.org/ontology/wikiPageOutDegree	32	 	 	 	 	 	 	 	 	 	1	0.57735	1	1
0	http://dbpedia.org/ontology/wikiPageRevisionID	729404804	 	 	 	 	 	 	 	 	 	1	0.57735	1	1
1	http://dbpedia.org/ontology/yearOfConstruction;http://rdf.freebase.com/ns/architecture.structure.opened;http://rdf.freebase.com/ns/base.usnris.nris_listing.significant_year;http://yago-knowledge.org/resource/wasCreatedOnDate	1876	1876	 	1876-01-01	 	 	1850-01-01	1852	 	 	5	0.540062	0.30103	1
0	http://purl.org/dc/terms/subject	1876 establishments in California; California Historical Landmarks	 	 	 	 	 	 	 	 	 	1	0.816497	1	1
0	http://www.georss.org/georss/point	34.17805555555555 -118.9113888888889	 	 	 	 	 	 	 	 	 	1	0.57735	1	1
0	http://www.w3.org/1999/02/22-rdf-syntax-ns#type;http://www.wikidata.org/entity/P31c	Spatial Thing; architectural structure	Physically Instantiable; Project focus	hotel	wikicat Buildings and structures in Thousand Oaks, California; wikicat Hotels established in 1876	Inanimate; Location	building	wikicat Buildings and structures in Washington County, Texas; wikicat Houses completed in 1850	Accommodation; NRIS Listing	hotel	wikicat Buildings and structures in Bell County, Texas; wordnet artifact 100021939	10	0.428393	0	1
1	http://www.w3.org/2000/01/rdf-schema#comment;http://rdf.freebase.com/ns/common.topic.description	The Stagecoach Inn in Newbury Park, California, originally known as the Grand Union Hotel, was used 	The Stagecoach Inn in Newbury Park, California, originally known as the Grand Union Hotel, was used 	 	 	The Stagecoach Inn of Chappell Hill is a historic stagecoach inn at Main and Chestnut Streets in Cha	 	 	Built starting in 1852, the Stagecoach Inn of Salado, Texas is thought to be the oldest extant struc	 	 	4	0.645497	0.39794	1
3	http://www.w3.org/2000/01/rdf-schema#label	Stagecoach Inn (California)	Stagecoach Inn	Stagecoach Inn	Grand Union Hotel; Stagecoach Inn (California)	Stagecoach Inn of Chappell Hill	Stagecoach Inn of Chappell Hill	Stagecoach Inn of Chappell Hill	Stagecoach Inn	Stagecoach Inn	Stagecoach Inn (Texas)	10	0.226455	0	1
0	http://www.w3.org/2002/07/owl#sameAs	 	 	 	 	 	 	Stagecoach Inn of Chappell Hill	 	 	Stagecoach Inn (Texas)	2	0.816497	0.69897	0
3	http://www.w3.org/2003/01/geo/wgs84_pos#lat	34.178	34.178	34.178	 	30.143	30.143	 	30.943	30.943	 	7	0.308607	0.154902	1
3	http://www.w3.org/2003/01/geo/wgs84_pos#long	-118.911	-118.911	-118.911	 	-96.257	-96.257	 	-97.539	-97.539	 	7	0.308607	0.154902	1
0	http://www.w3.org/ns/prov#wasDerivedFrom	http://en.wikipedia.org/wiki/Stagecoach_Inn_(California)?oldid=729404804	 	 	 	 	 	 	 	 	 	1	0.57735	1	1
0	http://xmlns.com/foaf/0.1/depiction	http://commons.wikimedia.org/wiki/Special:FilePath/Stagecoach_Inn.jpg	 	 	 	 	 	 	 	 	 	1	0.57735	1	1
1	http://xmlns.com/foaf/0.1/homepage;http://www.wikidata.org/entity/P856c	http://www.stagecoachmuseum.org/	 	 	 	 	 	 	 	http://www.staystagecoach.com/	 	2	0.816497	0.69897	1
1	http://xmlns.com/foaf/0.1/isPrimaryTopicOf;http://rdf.freebase.com/ns/common.topic.topic_equivalent_webpage	http://en.wikipedia.org/wiki/Stagecoach_Inn_(California)	http://en.wikipedia.org/wiki/Stagecoach_Inn_(California); http://pdfhost.focus.nps.gov/docs/NRHP/Tex	 	 	http://en.wikipedia.org/wiki/Stagecoach_Inn_of_Chappell_Hill; http://en.wikipedia.org/wiki/index.htm	 	 	http://en.wikipedia.org/wiki/Stagecoach_Inn_(Texas); http://pdfhost.focus.nps.gov/docs/NRHP/Text/830	 	 	4	0.745356	0.39794	1
0	http://xmlns.com/foaf/0.1/name	Grand Union Hotel	 	 	 	 	 	 	 	 	 	1	0.57735	1	1
0	http://rdf.freebase.com/key/en	 	stagecoach_inn	 	 	stagecoach_inn_of_chappell_hill	 	 	 	 	 	2	0.816497	0.69897	1
1	http://rdf.freebase.com/key/wikipedia.en	 	Grand_Union_Hotel_(Newbury_Park,_California); Stagecoach_Inn_(California)	 	 	Stage_Coach_Inn_(Chappell_Hill,_Texas)	 	 	Stagecoach_Inn,_Salado_Texas	 	 	3	0.816497	0.522879	1
1	http://rdf.freebase.com/key/wikipedia.en_title	 	Stagecoach_Inn_(California)	 	 	Stagecoach_Inn_of_Chappell_Hill	 	 	Stagecoach_Inn_(Texas)	 	 	3	0.816497	0.522879	1
0	http://rdf.freebase.com/ns/base.usnris.nris_listing.significance_level	 	Local	 	 	 	 	 	 	 	 	1	0.57735	1	1
0	http://rdf.freebase.com/ns/common.topic.alias	 	Grand Union Hotel; Stagecoach Inn Museum	 	 	 	 	 	Stagecoach Inn, Salado	 	 	2	0.816497	0.69897	1
1	http://rdf.freebase.com/ns/common.topic.article	 	Grand Union Hotel, also known as Stagecoach Inn Museum, is a building in Newbury Park, California. I	 	 	The Stagecoach Inn of Chappell Hill (also known as the Stage Coach Inn)is a historic stage coach inn	 	 	Founded in 1861, the Stagecoach Inn of Salado, Texas is the longest, continuously operating hotel in	 	 	3	0.816497	0.522879	1
0	http://rdf.freebase.com/ns/common.topic.image	 	Old Fort Tejon is located in California; Stagecoach Inn	 	 	Stage coach inn chappell hill 2008	 	 	 	 	 	2	0.816497	0.69897	1
0	http://rdf.freebase.com/ns/common.topic.notable_for	 	National Register of Historic Places Location	 	 	Location	 	 	Accommodation	 	 	3	0.816497	0.522879	1
0	http://rdf.freebase.com/ns/common.topic.notable_types	 	Museum	 	 	Location	 	 	Accommodation	 	 	3	0.816497	0.522879	1
0	http://rdf.freebase.com/ns/kg.object_profile.prominent_type	 	Museum	 	 	Location	 	 	Accommodation	 	 	3	0.816497	0.522879	1
0	http://rdf.freebase.com/ns/location.location.area	 	0.006	 	 	 	 	 	 	 	 	1	0.57735	1	1
0	http://rdf.freebase.com/ns/location.location.containedby	 	Newbury Park, California	 	 	Chappell Hill	 	 	Texas	 	 	3	0.816497	0.522879	1
0	http://rdf.freebase.com/ns/location.location.street_address;http://www.wikidata.org/entity/P131c;http://www.wikidata.org/entity/P17c;http://yago-knowledge.org/resource/isLocatedIn	 	http://rdf.freebase.com/ns/m.0707cq2	United States of America	Ventura County, California	 	United States of America	 	 	United States of America	Salado, Texas	6	0.516398	0.221849	1
0	http://rdf.freebase.com/ns/protected_sites.listed_site.designation_as_natural_or_cultural_site;http://www.wikidata.org/entity/P1435c	 	http://rdf.freebase.com/ns/m.0707cww	place listed on the National Register of Historic Places	 	http://rdf.freebase.com/ns/g.11btv6y1jy	place listed on the National Register of Historic Places	 	http://rdf.freebase.com/ns/m.0whs_f9	place listed on the National Register of Historic Places	 	6	0.57735	0.221849	1
0	http://rdf.freebase.com/ns/type.object.key	 	/base/usnris/item/75000495; /wikipedia/en_id/1808610	 	 	/wikipedia/en/Stage_Coach_Inn_(Chappell_Hill,_Texas); /wikipedia/en_id/25171966	 	 	/base/usnris/item/83003085; /wikipedia/en/Stagecoach_Inn,_Salado_Texas	 	 	3	0.816497	0.522879	1
0	http://rdf.freebase.com/ns/type.object.name	 	Stagecoach Inn	 	 	Stagecoach Inn of Chappell Hill	 	 	Stagecoach Inn	 	 	3	0.57735	0.522879	1
0	http://rdf.freebase.com/ns/type.object.type	 	Physically Instantiable; Project focus	 	 	Inanimate; Location	 	 	Accommodation; NRIS Listing	 	 	3	0.427546	0.522879	1
0	http://www.wikidata.org/entity/P18c	 	 	http://commons.wikimedia.org/wiki/File:Stagecoach_Inn.jpg	 	 	 	 	 	 	 	1	0.57735	1	1
0	http://www.w3.org/2004/02/skos/core#prefLabel	 	 	 	Stagecoach Inn (California)	 	 	Stagecoach Inn of Chappell Hill	 	 	Stagecoach Inn (Texas)	3	0.816497	0.522879	1
0	http://yago-knowledge.org/resource/hasWikipediaAnchorText	 	 	 	California Historical Landmark; Cultural landscape	 	 	Chappell Hill, Texas; F.P. Sawyers	 	 	Chisholm Trail; General George A. Custer	3	0.816497	0.522879	1
0	http://yago-knowledge.org/resource/hasWikipediaArticleLength	 	 	 	5465	 	 	 	 	 	1424	2	0.816497	0.69897	1
0	http://yago-knowledge.org/resource/hasWikipediaUrl	 	 	 	http://en.wikipedia.org/wiki/Stagecoach_Inn_%28California%29	 	 	 	 	 	http://en.wikipedia.org/wiki/Stagecoach_Inn_%28Texas%29	2	0.816497	0.69897	1
0	http://yago-knowledge.org/resource/linksTo	 	 	 	California Historical Landmark; Camarillo, California	 	 	 	 	 	Chisholm Trail; George Armstrong Custer	2	0.816497	0.69897	1
0	http://yago-knowledge.org/resource/redirectedFrom	 	 	 	Grand Union Hotel (Newbury Park, California)	 	 	Stage Coach Inn (Chappell Hill, Texas)	 	 	Stagecoach Inn (Salado, Texas)	3	0.816497	0.522879	1
0	http://rdf.freebase.com/ns/architecture.structure.architectural_style	 	 	 	 	Greek Revival	 	 	 	 	 	1	0.57735	1	1
