score	dataset	dbpedia	freebase	wikidata	yago-knowledge	freebase	wikidata	yago-knowledge	dbpedia	freebase	wikidata				
	entity	http://dbpedia.org/resource/Royal_Pavilion	http://rdf.freebase.com/ns/m.0pqnq	http://www.wikidata.org/entity/Q62364	http://yago-knowledge.org/resource/Royal_Pavilion	http://rdf.freebase.com/ns/m.02rsrts	http://www.wikidata.org/entity/Q7155871	http://yago-knowledge.org/resource/Pavilion_Kuala_Lumpur	http://dbpedia.org/resource/The_Pavilion_(mall)	http://rdf.freebase.com/ns/m.0h3wwb1	http://www.wikidata.org/entity/Q7756396				
0	http://dbpedia.org/ontology/abstract	The Royal Pavilion, also known as the Brighton Pavilion, is a former royal residence located in Brig	 	 	 	 	 	 	The Pavilion is the second largest shopping centre located in Durban and one of the largest shopping	 	 	2	0.816497	0.69897	1
0	http://dbpedia.org/ontology/architect;http://rdf.freebase.com/ns/architecture.structure.architect;http://www.wikidata.org/entity/P84c	John Nash (architect)	Augustus Charles Pugin; Henry Holland	John Nash	 	 	 	 	 	 	 	3	0.707107	0.522879	1
0	http://dbpedia.org/ontology/architecturalStyle;http://rdf.freebase.com/ns/architecture.structure.architectural_style;http://www.wikidata.org/entity/P149c	Indo-Saracenic Revival architecture	Indo-Saracenic Revival architecture	Indo-Saracenic Revival architecture	 	 	 	 	 	 	 	3	0.57735	0.522879	1
0	http://dbpedia.org/ontology/buildingEndDate	1823	 	 	 	 	 	 	Oct-93	 	 	2	0.816497	0.69897	1
0	http://dbpedia.org/ontology/buildingStartDate	1787	 	 	 	 	 	 	 	 	 	1	0.57735	1	1
0	http://dbpedia.org/ontology/country;http://www.wikidata.org/entity/P131c;http://www.wikidata.org/entity/P17c;http://yago-knowledge.org/resource/isLocatedIn	United Kingdom	 	United Kingdom	Brighton (England)	 	Malaysia	Kuala Lumpur	South Africa	 	 	6	0.645497	0.221849	1
0	http://dbpedia.org/ontology/location	Brighton	 	 	 	 	 	 	Westville, KwaZulu-Natal	 	 	2	0.816497	0.69897	1
0	http://dbpedia.org/ontology/thumbnail	http://commons.wikimedia.org/wiki/Special:FilePath/Brighton_royal_pavilion_Qmin.jpg?width=300	 	 	 	 	 	 	 	 	 	1	0.57735	1	1
0	http://dbpedia.org/ontology/wikiPageExternalLink	http://www.brighton-hove-rpml.org.uk/RoyalPavilion/Pages/home.aspx; http://www.sikhmuseum.com/bright	 	 	 	 	 	 	http://www.bus-ex.com/article/pavilion/; http://www.thepav.co.za/	 	 	2	0.816497	0.69897	1
2	http://dbpedia.org/ontology/wikiPageID;http://rdf.freebase.com/key/wikipedia.en_id	101181	101181	 	 	11796582	 	 	32882298	32882298	 	5	0.516398	0.30103	1
0	http://dbpedia.org/ontology/wikiPageLength	14425	 	 	 	 	 	 	3430	 	 	2	0.816497	0.69897	1
0	http://dbpedia.org/ontology/wikiPageOutDegree	55	 	 	 	 	 	 	5	 	 	2	0.816497	0.69897	1
0	http://dbpedia.org/ontology/wikiPageRevisionID	742724201	 	 	 	 	 	 	744149071	 	 	2	0.816497	0.69897	1
0	http://purl.org/dc/terms/subject	Gardens in East Sussex; Houses completed in 1802	 	 	 	 	 	 	Shopping centres in Durban; Shopping malls established in 1993	 	 	2	0.816497	0.69897	1
0	http://www.georss.org/georss/point	50.823055555555555 -0.1375	 	 	 	 	 	 	 	 	 	1	0.57735	1	1
0	http://www.w3.org/1999/02/22-rdf-syntax-ns#type;http://www.wikidata.org/entity/P31c	Spatial Thing; architectural structure	Filming location; Physically Instantiable	English country house; historic house museum	wikicat Country houses in Brighton and Hove; wordnet housing 103546340	Physically Instantiable; Project focus	skyscraper	wikicat Shopping malls established in 2007; wikicat Shopping malls in Kuala Lumpur	architectural structure; http://dbpedia.org/ontology/Location	Physically Instantiable	building	10	0.50361	0	1
1	http://www.w3.org/2000/01/rdf-schema#comment;http://rdf.freebase.com/ns/common.topic.description	The Royal Pavilion, also known as the Brighton Pavilion, is a former royal residence located in Brig	The Royal Pavilion is a former royal residence located in Brighton, England, United Kingdom. It was 	 	 	Pavilion Kuala Lumpur is a shopping mall situated in the Bukit Bintang district in Kuala Lumpur, Mal	 	 	The Pavilion is the second largest shopping centre located in Durban and one of the largest shopping	The Pavilion is a large shopping centre located in Westville, Durban. It is one of the biggest malls	 	5	0.816497	0.30103	1
3	http://www.w3.org/2000/01/rdf-schema#label	Royal Pavilion	Royal Pavilion	Royal Pavilion	Royal Pavilion	Pavilion Kuala Lumpur	Pavilion Kuala Lumpur	Pavilion Kuala Lumpur	The Pavilion (mall)	The Pavilion	The Pavilion	10	0.174078	0	1
0	http://www.w3.org/2002/07/owl#sameAs	 	 	 	 	 	 	Pavilion Kuala Lumpur	 	 	 	1	0.57735	1	0
2	http://www.w3.org/2003/01/geo/wgs84_pos#lat;http://yago-knowledge.org/resource/hasLatitude	50.823	50.823	50.823	50.823	3.149	3.149	 	 	 	 	6	0	0.221849	1
2	http://www.w3.org/2003/01/geo/wgs84_pos#long;http://yago-knowledge.org/resource/hasLongitude	-0.138	-0.138	-0.138	-0.138	101.714	101.714	 	 	 	 	6	0	0.221849	1
0	http://www.w3.org/ns/prov#wasDerivedFrom	http://en.wikipedia.org/wiki/Royal_Pavilion?oldid=742724201	 	 	 	 	 	 	http://en.wikipedia.org/wiki/The_Pavilion_(mall)?oldid=744149071	 	 	2	0.816497	0.69897	1
0	http://xmlns.com/foaf/0.1/depiction	http://commons.wikimedia.org/wiki/Special:FilePath/Brighton_royal_pavilion_Qmin.jpg	 	 	 	 	 	 	 	 	 	1	0.57735	1	1
2	http://xmlns.com/foaf/0.1/homepage;http://rdf.freebase.com/ns/common.topic.official_website;http://www.wikidata.org/entity/P856c	http://brightonmuseums.org.uk/royalpavilion/	http://www.brighton-hove-rpml.org.uk/RoyalPavilion/Pages/home.aspx	http://www.brighton-hove-rpml.org.uk/RoyalPavilion/Pages/home.aspx	 	http://www.pavilion-kl.com	http://www.pavilion-kl.com	 	http://www.thepav.co.za/	http://www.thepav.co.za/	 	7	0.48795	0.154902	1
1	http://xmlns.com/foaf/0.1/isPrimaryTopicOf;http://rdf.freebase.com/ns/common.topic.topic_equivalent_webpage	http://en.wikipedia.org/wiki/Royal_Pavilion	http://de.wikipedia.org/wiki/index.html?curid=268819; http://fr.wikipedia.org/wiki/Brighton_Pavilion	 	 	http://en.wikipedia.org/wiki/Pavilion_Kuala_Lumpur; http://zh.wikipedia.org/zh-cn/%CF%01%74%E3%34	 	 	http://en.wikipedia.org/wiki/The_Pavilion_(mall)	http://en.wikipedia.org/wiki/The_Pavilion_(mall)	 	5	0.793492	0.30103	1
0	http://xmlns.com/foaf/0.1/name	Royal Pavilion	 	 	 	 	 	 	The Pavilion	 	 	2	0.816497	0.69897	1
0	http://rdf.freebase.com/key/en	 	royal_pavilion	 	 	pavilion_kuala_lumpur	 	 	 	 	 	2	0.816497	0.69897	1
0	http://rdf.freebase.com/key/user.avh.ellerdale	 	0099-d312	 	 	 	 	 	 	 	 	1	0.57735	1	1
1	http://rdf.freebase.com/key/wikipedia.en	 	Marine_Pavilion_(Brighton,_England); Royal_Brighton_Pavilion	 	 	Pavilion_Kuala_Lumpur	 	 	 	The_Pavilion_(mall)	 	3	0.816497	0.522879	1
1	http://rdf.freebase.com/key/wikipedia.en_title	 	Royal_Pavilion	 	 	Pavilion_Kuala_Lumpur	 	 	 	The_Pavilion_(mall)	 	3	0.816497	0.522879	1
0	http://rdf.freebase.com/ns/architecture.structure.construction_started	 	1786	 	 	 	 	 	 	 	 	1	0.57735	1	1
2	http://rdf.freebase.com/ns/architecture.structure.opened;http://yago-knowledge.org/resource/wasCreatedOnDate;http://www.wikidata.org/entity/P571c	 	1823	 	1802-01-01	2007/9/20	2007	2007/1/1	 	Oct-93	1993	7	0.816497	0.154902	1
0	http://rdf.freebase.com/ns/architecture.structure.owner	 	http://rdf.freebase.com/ns/m.07shmdt	 	 	 	 	 	 	 	 	1	0.816497	1	1
0	http://rdf.freebase.com/ns/common.topic.alias	 	Royal Pavilion, Brighton	 	 	 	 	 	 	 	 	1	0.57735	1	1
0	http://rdf.freebase.com/ns/common.topic.article;http://schema.org/description	 	The Royal Pavilion is a former royal residence located in Brighton, England. It was built in three c	former royal residence located in Brighton, England	 	Pavilion Kuala Lumpur is a shopping mall situated in the Bukit Bintang district in Kuala Lumpur, Mal	 	 	 	The Pavilion is a large shopping centre located in Westville, Durban. It is one of the biggest malls	 	4	0.816497	0.39794	1
0	http://rdf.freebase.com/ns/common.topic.image	 	Brighton Royal Pavilion	 	 	{{{image_alt}}}	 	 	 	 	 	2	0.816497	0.69897	1
0	http://rdf.freebase.com/ns/common.topic.notable_for	 	Indo-Saracenic Revival Structure	 	 	Shopping center	 	 	 	Location	 	3	0.816497	0.522879	1
0	http://rdf.freebase.com/ns/common.topic.notable_types	 	House	 	 	Shopping center	 	 	 	Location	 	3	0.816497	0.522879	1
0	http://rdf.freebase.com/ns/film.film_location.featured_in_films	 	Brighton Wok: The Legend of Ganja Boxing; Oh! What a Lovely War	 	 	 	 	 	 	 	 	1	0.816497	1	1
0	http://rdf.freebase.com/ns/kg.object_profile.prominent_type	 	House	 	 	Shopping center	 	 	 	Location	 	3	0.816497	0.522879	1
0	http://rdf.freebase.com/ns/location.location.containedby	 	Brighton	 	 	 	 	 	 	 	 	1	0.57735	1	1
0	http://rdf.freebase.com/ns/projects.project_focus.projects	 	Initial design and construction of Royal Pavilion	 	 	 	 	 	 	 	 	1	0.57735	1	1
0	http://rdf.freebase.com/ns/travel.tourist_attraction.near_travel_destination	 	Brighton	 	 	 	 	 	 	 	 	1	0.57735	1	1
0	http://rdf.freebase.com/ns/type.object.key	 	/user/avh/ellerdale/0099-d312; /wikipedia/fi_id/855631	 	 	/wikipedia/en_id/11796582; /wikipedia/es_id/6446801	 	 	 	/wikipedia/en_id/32882298; /wikipedia/en_title/The_Pavilion_(mall)	 	3	0.816497	0.522879	1
0	http://rdf.freebase.com/ns/type.object.name	 	Royal Pavilion	 	 	Pavilion Kuala Lumpur	 	 	 	The Pavilion	 	3	0.816497	0.522879	1
0	http://rdf.freebase.com/ns/type.object.type	 	Filming location; Physically Instantiable	 	 	Physically Instantiable; Project focus	 	 	 	Physically Instantiable	 	3	0.382971	0.522879	1
0	http://rdf.freebase.com/ns/user.avh.default_domain.ellerdale_topic.ellerdale_id	 	0099-d312	 	 	 	 	 	 	 	 	1	0.57735	1	1
0	http://www.w3.org/2004/02/skos/core#altLabel	 	 	Brighton Pavilion	 	 	 	 	 	 	 	1	0.57735	1	1
0	http://www.wikidata.org/entity/P1216c	 	 	1380680	 	 	 	 	 	 	 	1	0.57735	1	1
0	http://www.wikidata.org/entity/P127c	 	 	George IV of the United Kingdom	 	 	 	 	 	 	 	1	0.57735	1	1
0	http://www.wikidata.org/entity/P1435c	 	 	Grade I listed building	 	 	 	 	 	 	 	1	0.57735	1	1
0	http://www.wikidata.org/entity/P18c	 	 	http://commons.wikimedia.org/wiki/File:Brighton_Royal_Pavilion.jpg	 	 	http://commons.wikimedia.org/wiki/File:Pavillion_KL.jpg	 	 	 	 	2	0.816497	0.69897	1
0	http://www.wikidata.org/entity/P214c	 	 	266403870	 	 	 	 	 	 	 	1	0.57735	1	1
0	http://www.wikidata.org/entity/P373c	 	 	Royal Pavilion, Brighton	 	 	Pavilion Kuala Lumpur	 	 	 	 	2	0.816497	0.69897	1
0	http://www.wikidata.org/entity/P454c	 	 	20013633	 	 	 	 	 	 	 	1	0.57735	1	1
0	http://www.wikidata.org/entity/P646-freebase	 	 	Royal Pavilion	 	 	 	 	 	 	 	1	0.57735	1	1
0	http://www.wikidata.org/entity/P646c	 	 	/m/0pqnq	 	 	 	 	 	 	 	1	0.57735	1	1
0	http://www.w3.org/2004/02/skos/core#prefLabel	 	 	 	Royal Pavilion	 	 	Pavilion Kuala Lumpur	 	 	 	2	0.816497	0.69897	1
0	http://yago-knowledge.org/resource/hasCitationTitle	 	 	 	Brighton Town and Brighton People; The Royal Pavilion and Museums Foundation	 	 	Pavilion KL on course to open in September 2007; Pavillon KL - Centre Court	 	 	 	2	0.816497	0.69897	1
0	http://yago-knowledge.org/resource/hasWikipediaAnchorText	 	 	 	2013 Same Sex Couples Act; Biagio Rebecca	 	 	Bukit Bintang Girls' School; Harvey Norman	 	 	 	2	0.816497	0.69897	1
0	http://yago-knowledge.org/resource/hasWikipediaArticleLength	 	 	 	12123	 	 	5760	 	 	 	2	0.816497	0.69897	1
0	http://yago-knowledge.org/resource/hasWikipediaUrl	 	 	 	http://en.wikipedia.org/wiki/Royal_Pavilion	 	 	http://en.wikipedia.org/wiki/Pavilion_Kuala_Lumpur	 	 	 	2	0.816497	0.69897	1
0	http://yago-knowledge.org/resource/linksTo	 	 	 	Biagio Rebecca; Carlton House	 	 	Atrium (architecture); Cheras, Kuala Lumpur	 	 	 	2	0.816497	0.69897	1
0	http://yago-knowledge.org/resource/redirectedFrom	 	 	 	Marine Pavilion (Brighton, England); Royal Brighton Pavilion	 	 	Pavilion KL	 	 	 	2	0.816497	0.69897	1
0	http://rdf.freebase.com/ns/base.schemastaging.context_name.pronunciation	 	 	 	 	http://rdf.freebase.com/ns/m.0114yh6j	 	 	 	 	 	1	0.57735	1	1
0	http://rdf.freebase.com/ns/business.shopping_center.address	 	 	 	 	http://rdf.freebase.com/ns/g.11b7w81m_c; http://rdf.freebase.com/ns/m.09j038b	 	 	 	 	 	1	0.816497	1	1
0	http://dbpedia.org/ontology/Building/floorArea	 	 	 	 	 	 	 	135000	 	 	1	0.57735	1	1
0	http://dbpedia.org/ontology/floorArea	 	 	 	 	 	 	 	135000	 	 	1	0.57735	1	1
