score	dataset	dbpedia	freebase	wikidata	yago-knowledge	freebase	wikidata	yago-knowledge	dbpedia	freebase	wikidata				
	entity	http://dbpedia.org/resource/Harvey_House_(Florence,_Kansas)	http://rdf.freebase.com/ns/m.06z_wjj	http://www.wikidata.org/entity/Q14689568	http://yago-knowledge.org/resource/Harvey_House_(Florence,_Kansas)	http://rdf.freebase.com/ns/m.06z_d1k	http://www.wikidata.org/entity/Q5677292	http://yago-knowledge.org/resource/Harvey_House_(Huntington,_West_Virginia)	http://dbpedia.org/resource/Harvey_House_(Radford,_Virginia)	http://rdf.freebase.com/ns/m.06_f8s2	http://www.wikidata.org/entity/Q16841472				
0	http://dbpedia.org/ontology/abstract	Harvey House of Florence, Kansas, United States, also known under the older name of Clifton Hotel, w	 	 	 	 	 	 	Harvey House, also known as the Dimmick-Harvey House, is a historic home located at Radford, Virgini	 	 	2	0.816497	0.69897	1
0	http://dbpedia.org/ontology/added	1973/8/14	 	 	 	 	 	 	1976/7/30	 	 	2	0.816497	0.69897	1
0	http://dbpedia.org/ontology/location	Florence, Kansas	 	 	 	 	 	 	Radford, Virginia	 	 	2	0.816497	0.69897	1
3	http://dbpedia.org/ontology/nrhpReferenceNumber;http://rdf.freebase.com/key/base.usnris.item;http://rdf.freebase.com/ns/base.usnris.nris_listing.item_number;http://www.wikidata.org/entity/P649c	73000763	73000763	73000763	 	72001285	72001285	 	76002228	76002228	76002228	8	0.246183	0.09691	1
0	http://dbpedia.org/ontology/wikiPageExternalLink	http://www.florenceks.com/text/local/local_harvey_house.htm	 	 	 	 	 	 	 	 	 	1	0.816497	1	1
2	http://dbpedia.org/ontology/wikiPageID;http://rdf.freebase.com/key/wikipedia.en_id	32333239	32333239	 	 	32516740	 	 	41428770	41428770	 	5	0.516398	0.30103	1
0	http://dbpedia.org/ontology/wikiPageLength	3981	 	 	 	 	 	 	2708	 	 	2	0.816497	0.69897	1
0	http://dbpedia.org/ontology/wikiPageOutDegree	17	 	 	 	 	 	 	10	 	 	2	0.816497	0.69897	1
0	http://dbpedia.org/ontology/wikiPageRevisionID	713385835	 	 	 	 	 	 	725723041	 	 	2	0.816497	0.69897	1
3	http://dbpedia.org/ontology/yearOfConstruction;http://rdf.freebase.com/ns/base.usnris.nris_listing.significant_year;http://yago-knowledge.org/resource/wasCreatedOnDate;http://www.wikidata.org/entity/P585c	1876	1876	 	1876-01-01	1874	1874	1874-01-01	1891	1891	 	8	0.57735	0.09691	1
0	http://purl.org/dc/terms/subject	Fred Harvey Company; Historic house museums in Kansas	 	 	 	 	 	 	Houses completed in 1892; Queen Anne architecture in Virginia	 	 	2	0.816497	0.69897	1
0	http://www.georss.org/georss/point	38.24 -96.92805555555556	 	 	 	 	 	 	37.128055555555555 -80.57027777777778	 	 	2	0.816497	0.69897	1
0	http://www.w3.org/1999/02/22-rdf-syntax-ns#type;http://www.wikidata.org/entity/P31c	Spatial Thing; architectural structure	NRIS Listing; Physically Instantiable	house	wikicat Buildings and structures in Marion County, Kansas; wordnet artifact 100021939	NRIS Listing; Physically Instantiable	building	wikicat Houses completed in 1874; wordnet artifact 100021939	Spatial Thing; architectural structure	NRIS Listing; Physically Instantiable	house	10	0.280056	0	1
1	http://www.w3.org/2000/01/rdf-schema#comment;http://rdf.freebase.com/ns/common.topic.description	Harvey House of Florence, Kansas, United States, also known under the older name of Clifton Hotel, w	Harvey House of Florence, Kansas, United States, also known under the older name of Clifton Hotel, w	 	 	Harvey House, also known as the "Coin" Harvey House, is a historic home located at Huntington, Cabel	 	 	Harvey House, also known as the Dimmick-Harvey House, is a historic home located at Radford, Virgini	Harvey House, also known as the Dimmick-Harvey House, is a historic home located at Radford, Virgini	 	5	0.516398	0.30103	1
3	http://www.w3.org/2000/01/rdf-schema#label	Harvey House (Florence, Kansas)	Harvey House	Harvey House (Florence, Kansas)	Harvey House (Florence, Kansas)	Harvey House	Harvey House	Harvey House (Huntington, West Virginia)	Harvey House (Radford, Virginia)	Harvey House	Harvey House	10	0	0	1
0	http://www.w3.org/2002/07/owl#sameAs	 	 	 	 	 	 	Harvey House (Huntington, West Virginia)	 	 	 	1	0.57735	1	0
3	http://www.w3.org/2003/01/geo/wgs84_pos#lat	38.24	38.24	38.24	 	38.423	38.423	 	37.128	37.128	37.128	8	0.204124	0.09691	1
3	http://www.w3.org/2003/01/geo/wgs84_pos#long	-96.928	-96.929	-96.928	 	-82.437	-82.438	 	-80.57	-80.57	-80.57	8	0.540062	0.09691	1
0	http://www.w3.org/ns/prov#wasDerivedFrom	http://en.wikipedia.org/wiki/Harvey_House_(Florence,_Kansas)?oldid=713385835	 	 	 	 	 	 	http://en.wikipedia.org/wiki/Harvey_House_(Radford,_Virginia)?oldid=725723041	 	 	2	0.816497	0.69897	1
1	http://xmlns.com/foaf/0.1/homepage;http://rdf.freebase.com/ns/common.topic.official_website	http://www.florenceks.com/text/local/local_harvey_house.htm	http://www.florenceks.com/text/local/local_harvey_house.htm	 	 	 	 	 	 	 	 	2	0.57735	0.69897	1
1	http://xmlns.com/foaf/0.1/isPrimaryTopicOf;http://rdf.freebase.com/ns/common.topic.topic_equivalent_webpage	http://en.wikipedia.org/wiki/Harvey_House_(Florence,_Kansas)	http://en.wikipedia.org/wiki/Harvey_House_(Florence,_Kansas); http://en.wikipedia.org/wiki/index.htm	 	 	http://en.wikipedia.org/wiki/Harvey_House_(Huntington,_West_Virginia); http://en.wikipedia.org/wiki/	 	 	http://en.wikipedia.org/wiki/Harvey_House_(Radford,_Virginia)	http://en.wikipedia.org/wiki/Harvey_House_(Radford,_Virginia); http://en.wikipedia.org/wiki/index.ht	 	5	0.696311	0.30103	1
0	http://xmlns.com/foaf/0.1/name	Harvey House (Florence, Kanasas)	 	 	 	 	 	 	Harvey House	 	 	2	0.816497	0.69897	1
1	http://rdf.freebase.com/key/wikipedia.en	 	Harvey_House_(Florence,_Kansas)	 	 	Harvey_House_(Huntington,_West_Virginia)	 	 	 	Harvey_House_(Radford,_Virginia)	 	3	0.816497	0.522879	1
1	http://rdf.freebase.com/key/wikipedia.en_title	 	Harvey_House_(Florence,_Kansas)	 	 	Harvey_House_(Huntington,_West_Virginia)	 	 	 	Harvey_House_(Radford,_Virginia)	 	3	0.816497	0.522879	1
0	http://rdf.freebase.com/ns/base.usnris.nris_listing.significance_level	 	National	 	 	National	 	 	 	State	 	3	0.57735	0.522879	1
0	http://rdf.freebase.com/ns/common.topic.alias	 	Clifton Hotel; Harvey House, Florence	 	 	Harvey House, Huntington	 	 	 	Dimmick-Harvey House; Harvey House, Radford	 	3	0.816497	0.522879	1
0	http://rdf.freebase.com/ns/common.topic.article;http://schema.org/description	 	Harvey House of Florence, Kansas, also known under the older name of Clifton Hotel, was listed on th	 	 	Harvey House, also known as the "Coin" Harvey House, is a historic home located at Huntington, Cabel	 	 	 	 	house in Radford, Virginia	3	0.816497	0.522879	1
0	http://rdf.freebase.com/ns/common.topic.notable_for	 	National Register of Historic Places Location	 	 	National Register of Historic Places Location	 	 	 	National Register of Historic Places Location	 	3	0.57735	0.522879	1
0	http://rdf.freebase.com/ns/common.topic.notable_types	 	Building	 	 	Building	 	 	 	Building	 	3	0.57735	0.522879	1
0	http://rdf.freebase.com/ns/kg.object_profile.prominent_type	 	Building	 	 	Building	 	 	 	Building	 	3	0.57735	0.522879	1
0	http://rdf.freebase.com/ns/location.location.area	 	0.004	 	 	0	 	 	 	0.004	 	3	0.57735	0.522879	1
0	http://rdf.freebase.com/ns/location.location.containedby	 	Florence	 	 	Huntington; West Virginia	 	 	 	Virginia	 	3	0.816497	0.522879	1
1	http://rdf.freebase.com/ns/location.location.street_address;http://www.wikidata.org/entity/P131c;http://www.wikidata.org/entity/P17c;http://yago-knowledge.org/resource/isLocatedIn	 	http://rdf.freebase.com/ns/m.06z_wjy	United States of America	Marion County, Kansas	http://rdf.freebase.com/ns/m.06z_d1_	United States of America; West Virginia	 	 	http://rdf.freebase.com/ns/m.06_f8sj	United States of America	7	0.627646	0.154902	1
0	http://rdf.freebase.com/ns/protected_sites.listed_site.designation_as_natural_or_cultural_site;http://www.wikidata.org/entity/P1435c	 	http://rdf.freebase.com/ns/m.06z_wkf	place listed on the National Register of Historic Places	 	http://rdf.freebase.com/ns/m.06z_d2h	place listed on the National Register of Historic Places	 	 	http://rdf.freebase.com/ns/m.06_f8t0	 	5	0.68313	0.30103	1
0	http://rdf.freebase.com/ns/type.object.key	 	/base/usnris/item/73000763; /wikipedia/en_id/32333239	 	 	/base/usnris/item/72001285; /wikipedia/en_id/32516740	 	 	 	/base/usnris/item/76002228; /wikipedia/en_id/41428770	 	3	0.816497	0.522879	1
0	http://rdf.freebase.com/ns/type.object.name	 	Harvey House	 	 	Harvey House	 	 	 	Harvey House	 	3	0.57735	0.522879	1
0	http://rdf.freebase.com/ns/type.object.type	 	NRIS Listing; Physically Instantiable	 	 	NRIS Listing; Physically Instantiable	 	 	 	NRIS Listing; Physically Instantiable	 	3	0.182574	0.522879	1
0	http://www.w3.org/2004/02/skos/core#prefLabel	 	 	 	Harvey House (Florence, Kansas)	 	 	Harvey House (Huntington, West Virginia)	 	 	 	2	0.816497	0.69897	1
0	http://yago-knowledge.org/resource/hasWikipediaAnchorText	 	 	 	Appetite for America - Authors web site; Fred Harvey Company	 	 	Cabell County, West Virginia; Huntington, West Virginia	 	 	 	2	0.7951	0.69897	1
0	http://rdf.freebase.com/ns/common.topic.image	 	 	 	 	Coin Harvey House Huntington WV	 	 	 	 	 	1	0.57735	1	1
0	http://yago-knowledge.org/resource/hasCitationTitle	 	 	 	 	 	 	National Register of Historic Places Inventory Nomination Form: Harvey House	 	 	 	1	0.57735	1	1
0	http://dbpedia.org/ontology/architecturalStyle;http://rdf.freebase.com/ns/architecture.structure.architectural_style;http://www.wikidata.org/entity/P149c	 	 	 	 	 	 	 	Queen Anne Style architecture	Queen Anne Style architecture (Great Britain & Australia)	Queen Anne style architecture	3	0.816497	0.522879	1
0	http://dbpedia.org/ontology/area	 	 	 	 	 	 	 	4046.86	 	 	1	0.57735	1	1
0	http://dbpedia.org/ontology/thumbnail	 	 	 	 	 	 	 	http://commons.wikimedia.org/wiki/Special:FilePath/Harvey_House_Radford_Virginia.JPG?width=300	 	 	1	0.57735	1	1
0	http://xmlns.com/foaf/0.1/depiction	 	 	 	 	 	 	 	http://commons.wikimedia.org/wiki/Special:FilePath/Harvey_House_Radford_Virginia.JPG	 	 	1	0.57735	1	1
0	http://rdf.freebase.com/key/dataworld.freeq	 	 	 	 	 	 	 	 	job_e1001b45-871a-4b30-acd5-a07fd64a831d_var_en_wikipedia_org_wiki_Harvey_House_(Radford,_Virginia)	 	1	0.57735	1	1
