score	dataset	freebase	wikidata	yago-knowledge	dbpedia	freebase	wikidata	dbpedia	freebase	wikidata	yago-knowledge				
	entity	http://rdf.freebase.com/ns/m.05c2hmr	http://www.wikidata.org/entity/Q7637754	http://yago-knowledge.org/resource/Summit_(Catonsville,_Maryland)	http://dbpedia.org/resource/Summit_Mall	http://rdf.freebase.com/ns/m.0fv_3j	http://www.wikidata.org/entity/Q7637834	http://dbpedia.org/resource/Summit_Playhouse	http://rdf.freebase.com/ns/m.0h55q54	http://www.wikidata.org/entity/Q7637852	http://yago-knowledge.org/resource/Summit_Playhouse				
2	http://rdf.freebase.com/key/base.usnris.item;http://rdf.freebase.com/ns/base.usnris.nris_listing.item_number;http://www.wikidata.org/entity/P649c;http://dbpedia.org/ontology/nrhpReferenceNumber	79001114	79001114	 	 	 	 	9001177	 	9001177	 	4	0.258199	0.39794	1
1	http://rdf.freebase.com/key/wikipedia.en	Summit_(Catonsville,_Maryland)	 	 	 	Summit_Mall_(Akron,_Ohio)	 	 	Summit_Playhouse	 	 	3	0.816497	0.522879	1
2	http://rdf.freebase.com/key/wikipedia.en_id;http://dbpedia.org/ontology/wikiPageID	21132366	 	 	6190678	6190678	 	33063324	33063324	 	 	5	0.516398	0.30103	1
1	http://rdf.freebase.com/key/wikipedia.en_title	Summit_(Catonsville,_Maryland)	 	 	 	Summit_Mall	 	 	Summit_Playhouse	 	 	3	0.816497	0.522879	1
0	http://rdf.freebase.com/ns/architecture.structure.architectural_style;http://www.wikidata.org/entity/P149c;http://dbpedia.org/ontology/architecturalStyle	Italianate architecture; Second Empire architecture	Renaissance Revival architecture	 	 	 	 	Romanesque Revival architecture	Romanesque Revival architecture	 	 	4	0.68313	0.39794	1
2	http://rdf.freebase.com/ns/architecture.structure.opened;http://rdf.freebase.com/ns/base.usnris.nris_listing.significant_year;http://yago-knowledge.org/resource/wasCreatedOnDate;http://dbpedia.org/ontology/yearOfConstruction	1854	 	1854-01-01	 	1965/10/28	 	1891	 	 	1891-01-01	5	0.73598	0.30103	1
0	http://rdf.freebase.com/ns/base.usnris.nris_listing.significance_level	State	 	 	 	 	 	 	 	 	 	1	0.57735	1	1
0	http://rdf.freebase.com/ns/common.topic.alias	Gary,James A.,House; Summit Park Apartments	 	 	 	 	 	 	 	 	 	1	0.816497	1	1
1	http://rdf.freebase.com/ns/common.topic.article;http://schema.org/description	Summit is a historic home located at Catonsville, Baltimore County, Maryland. It a large brick house	historic home located at Catonsville, Baltimore County, Maryland	 	 	Summit Mall is a one-story, 770,000-square-foot (72,000 m)  enclosed mall located at 3265 W. Market 	 	 	The Summit Playhouse is a theater in Summit, New Jersey and home to one of the oldest continuously o	 	 	4	0.816497	0.39794	1
2	http://rdf.freebase.com/ns/common.topic.description;http://www.w3.org/2000/01/rdf-schema#comment	Summit is a historic home located at Catonsville, Baltimore County, Maryland. It a large brick house	 	 	Summit Mall is a one-story, 770,000-square-foot (72,000 m2)  enclosed shopping mall located at 3265 	Summit Mall is a one-story, 770,000-square-foot enclosed shopping mall located at 3265 W. Market Str	 	The Summit Playhouse is a theater in Summit, New Jersey and home to one of the oldest continuously o	The Summit Playhouse is a theater in Summit, New Jersey and home to one of the oldest continuously o	 	 	5	0.68313	0.30103	1
0	http://rdf.freebase.com/ns/common.topic.image	Summit Catonsville MD Dec 09	 	 	 	Main entrance to Summit Mall; SummitMallSunburst	 	 	Summit Playhouse jeh	 	 	3	0.816497	0.522879	1
0	http://rdf.freebase.com/ns/common.topic.notable_for	Italianate Structure	 	 	 	Shopping center	 	 	Location	 	 	3	0.816497	0.522879	1
0	http://rdf.freebase.com/ns/common.topic.notable_types	Building	 	 	 	Shopping center	 	 	Location	 	 	3	0.816497	0.522879	1
1	http://rdf.freebase.com/ns/common.topic.topic_equivalent_webpage;http://xmlns.com/foaf/0.1/isPrimaryTopicOf	http://en.wikipedia.org/wiki/Summit_(Catonsville,_Maryland); http://pdfhost.focus.nps.gov/docs/NRHP/	 	 	http://en.wikipedia.org/wiki/Summit_Mall	http://en.wikipedia.org/wiki/Summit_Mall; http://en.wikipedia.org/wiki/index.html?curid=6190678	 	http://en.wikipedia.org/wiki/Summit_Playhouse	http://en.wikipedia.org/wiki/Summit_Playhouse; http://en.wikipedia.org/wiki/index.html?curid=3306332	 	 	5	0.666667	0.30103	1
0	http://rdf.freebase.com/ns/kg.object_profile.prominent_type	Building	 	 	 	Shopping center	 	 	Location	 	 	3	0.816497	0.522879	1
0	http://rdf.freebase.com/ns/location.location.area	0.006	 	 	 	 	 	 	 	 	 	1	0.57735	1	1
0	http://rdf.freebase.com/ns/location.location.containedby	Catonsville; Maryland	 	 	 	 	 	 	Summit	 	 	2	0.816497	0.69897	1
1	http://rdf.freebase.com/ns/location.location.street_address;http://www.wikidata.org/entity/P131c;http://www.wikidata.org/entity/P17c;http://yago-knowledge.org/resource/isLocatedIn	http://rdf.freebase.com/ns/m.05h7rc0	United States of America	Catonsville, Maryland	 	 	United States of America	 	 	United States of America	Union County, New Jersey	6	0.666667	0.221849	1
0	http://rdf.freebase.com/ns/protected_sites.listed_site.designation_as_natural_or_cultural_site;http://www.wikidata.org/entity/P1435c	http://rdf.freebase.com/ns/m.05h7rcn	place listed on the National Register of Historic Places	 	 	 	 	 	http://rdf.freebase.com/ns/g.11b7vy5sz0	place listed on the National Register of Historic Places	 	4	0.645497	0.39794	1
0	http://rdf.freebase.com/ns/type.object.key	/base/usnris/item/79001114; /wikipedia/en_id/21132366	 	 	 	/wikipedia/en/Summit_Mall_(Akron,_Ohio); /wikipedia/en_id/6190678	 	 	/wikipedia/en_id/33063324; /wikipedia/en_title/Summit_Playhouse	 	 	3	0.816497	0.522879	1
0	http://rdf.freebase.com/ns/type.object.name	Summit	 	 	 	Summit Mall	 	 	Summit Playhouse	 	 	3	0.816497	0.522879	1
0	http://rdf.freebase.com/ns/type.object.type	NRIS Listing; Physically Instantiable	 	 	 	Physically Instantiable; Project focus	 	 	Inanimate; Location	 	 	3	0.408248	0.522879	1
0	http://www.w3.org/1999/02/22-rdf-syntax-ns#type;http://www.wikidata.org/entity/P31c	NRIS Listing; Physically Instantiable	building	wikicat Houses completed in 1854; wordnet dwelling 103259505	ShoppingCenter; Spatial Thing	Physically Instantiable; Project focus	shopping mall	Spatial Thing; architectural structure	Inanimate; Location	theater	wikicat Buildings and structures in Union County, New Jersey; wikicat Library buildings completed in	10	0.423281	0	1
3	http://www.w3.org/2000/01/rdf-schema#label	Summit	Summit	Summit (Catonsville, Maryland)	Summit Mall	Summit Mall	Summit Mall	Summit Playhouse	Summit Playhouse	Summit Playhouse	Summit Playhouse	10	0	0	1
3	http://www.w3.org/2003/01/geo/wgs84_pos#lat	39.268	39.268	 	41.132	41.132	41.132	40.715	40.715	40.715	 	8	0.204124	0.09691	1
3	http://www.w3.org/2003/01/geo/wgs84_pos#long	-76.743	-76.743	 	-81.618	-81.618	-81.618	-74.365	-74.365	-74.365	 	8	0.204124	0.09691	1
0	http://www.wikidata.org/entity/P18c	 	http://commons.wikimedia.org/wiki/File:Summit_Catonsville_MD_Dec_09.JPG	 	 	 	 	 	 	 	 	1	0.57735	1	1
0	http://www.w3.org/2002/07/owl#sameAs	 	 	Summit (Catonsville, Maryland)	 	 	 	 	 	 	 	1	0.57735	1	0
0	http://www.w3.org/2004/02/skos/core#prefLabel	 	 	Summit (Catonsville, Maryland)	 	 	 	 	 	 	Summit Playhouse	2	0.816497	0.69897	1
0	http://yago-knowledge.org/resource/hasCitationTitle	 	 	Maryland Historical Trust; Taylor Portfolio	 	 	 	 	 	 	A Challenging Work in Progress at Summit Playhouse; SUMMIT PLAYHOUSE PROUDLY PRESENTS 94TH SEASON	2	0.816497	0.69897	1
0	http://yago-knowledge.org/resource/hasWikipediaAnchorText	 	 	Catonsville, Maryland; National Register of Historic Places	 	 	 	 	 	 	Arthur Bates Jennings; Closer Than Ever	2	0.816497	0.69897	1
0	http://yago-knowledge.org/resource/hasWikipediaArticleLength	 	 	2627	 	 	 	 	 	 	 	1	0.57735	1	1
0	http://yago-knowledge.org/resource/hasWikipediaUrl	 	 	http://en.wikipedia.org/wiki/Summit_%28Catonsville%2C_Maryland%29	 	 	 	 	 	 	 	1	0.57735	1	1
0	http://yago-knowledge.org/resource/linksTo	 	 	Baltimore County, Maryland; Catonsville, Maryland	 	 	 	 	 	 	 	1	0.816497	1	1
0	http://dbpedia.org/ontology/Building/floorArea	 	 	 	71535.341	 	 	 	 	 	 	1	0.57735	1	1
0	http://dbpedia.org/ontology/abstract	 	 	 	Summit Mall is a one-story, 770,000-square-foot (72,000 m2)  enclosed shopping mall located at 3265 	 	 	The Summit Playhouse is a theater in Summit, New Jersey and home to one of the oldest continuously o	 	 	 	2	0.816497	0.69897	1
0	http://dbpedia.org/ontology/floorArea	 	 	 	71535.3	 	 	 	 	 	 	1	0.57735	1	1
0	http://dbpedia.org/ontology/location	 	 	 	Fairlawn, Ohio	 	 	Summit, New Jersey	 	 	 	2	0.816497	0.69897	1
0	http://dbpedia.org/ontology/openingDate	 	 	 	1965/10/28	 	 	 	 	 	 	1	0.57735	1	1
0	http://dbpedia.org/ontology/owner	 	 	 	Simon Property Group	 	 	 	 	 	 	1	0.57735	1	1
0	http://dbpedia.org/ontology/thumbnail	 	 	 	http://commons.wikimedia.org/wiki/Special:FilePath/Summit-Mall.jpg?width=300	 	 	http://commons.wikimedia.org/wiki/Special:FilePath/Summit_Playhouse_jeh.JPG?width=300	 	 	 	2	0.816497	0.69897	1
0	http://dbpedia.org/ontology/wikiPageExternalLink	 	 	 	http://www.simon.com/mall/default.aspx?ID=161; http://www.simon.com/mall/summit-mall	 	 	http://summitplayhouse.org/	 	 	 	2	0.816497	0.69897	1
0	http://dbpedia.org/ontology/wikiPageLength	 	 	 	4692	 	 	5143	 	 	 	2	0.816497	0.69897	1
0	http://dbpedia.org/ontology/wikiPageOutDegree	 	 	 	34	 	 	22	 	 	 	2	0.816497	0.69897	1
0	http://dbpedia.org/ontology/wikiPageRevisionID	 	 	 	742253400	 	 	733445273	 	 	 	2	0.816497	0.69897	1
0	http://purl.org/dc/terms/subject	 	 	 	1965 establishments in Ohio; Shopping malls established in 1965	 	 	1891 establishments in New Jersey; Community theatre	 	 	 	2	0.816497	0.69897	1
0	http://www.georss.org/georss/point	 	 	 	41.13216 -81.6183	 	 	40.715 -74.36527777777778	 	 	 	2	0.816497	0.69897	1
0	http://www.w3.org/ns/prov#wasDerivedFrom	 	 	 	http://en.wikipedia.org/wiki/Summit_Mall?oldid=742253400	 	 	http://en.wikipedia.org/wiki/Summit_Playhouse?oldid=733445273	 	 	 	2	0.816497	0.69897	1
0	http://xmlns.com/foaf/0.1/depiction	 	 	 	http://commons.wikimedia.org/wiki/Special:FilePath/Summit-Mall.jpg	 	 	http://commons.wikimedia.org/wiki/Special:FilePath/Summit_Playhouse_jeh.JPG	 	 	 	2	0.816497	0.69897	1
1	http://xmlns.com/foaf/0.1/homepage;http://rdf.freebase.com/ns/common.topic.official_website	 	 	 	http://www.simon.com/mall/summit-mall	http://www.simon.com/mall/default.aspx?ID=161	 	 	 	 	 	2	0.816497	0.69897	1
0	http://xmlns.com/foaf/0.1/name	 	 	 	Summit Mall	 	 	Summit Playhouse	 	 	 	2	0.816497	0.69897	1
0	http://rdf.freebase.com/key/en	 	 	 	 	summit_mall	 	 	 	 	 	1	0.57735	1	1
0	http://rdf.freebase.com/ns/business.shopping_center.address	 	 	 	 	http://rdf.freebase.com/ns/g.11btvgzmws; http://rdf.freebase.com/ns/m.03l__s5	 	 	 	 	 	1	0.816497	1	1
0	http://rdf.freebase.com/ns/business.shopping_center.mall_id	 	 	 	 	161	 	 	 	 	 	1	0.57735	1	1
0	http://rdf.freebase.com/ns/business.shopping_center.owner	 	 	 	 	Simon Property Group	 	 	 	 	 	1	0.57735	1	1
0	http://rdf.freebase.com/ns/business.shopping_center.retail_floor_space_m_2	 	 	 	 	71535	 	 	 	 	 	1	0.57735	1	1
0	http://rdf.freebase.com/ns/business.shopping_center.store	 	 	 	 	Abercrombie & Fitch, Summit Mall; Ruby Tuesday, Summit Mall	 	 	 	 	 	1	0.816497	1	1
0	http://rdf.freebase.com/ns/common.topic.webpage	 	 	 	 	http://rdf.freebase.com/ns/m.03lpngv	 	 	 	 	 	1	0.57735	1	1
0	http://dbpedia.org/ontology/added	 	 	 	 	 	 	2009/12/30	 	 	 	1	0.57735	1	1
0	http://dbpedia.org/ontology/architect;http://rdf.freebase.com/ns/architecture.structure.architect	 	 	 	 	 	 	Arthur Bates Jennings	Arthur Bates Jennings	 	 	2	0.57735	0.69897	1
