score	dataset	dbpedia	freebase	wikidata	yago-knowledge	dbpedia	freebase	wikidata	dbpedia	freebase	wikidata				
	entity	http://dbpedia.org/resource/Barrington_Civic_Center_Historic_District	http://rdf.freebase.com/ns/m.043lck1	http://www.wikidata.org/entity/Q4863655	http://yago-knowledge.org/resource/Barrington_Civic_Center_Historic_District	http://dbpedia.org/resource/Duluth_Civic_Center_Historic_District	http://rdf.freebase.com/ns/m.06_c864	http://www.wikidata.org/entity/Q5313503	http://dbpedia.org/resource/Wailuku_Civic_Center_Historic_District	http://rdf.freebase.com/ns/m.0bmggph	http://www.wikidata.org/entity/Q7960077				
0	http://dbpedia.org/ontology/abstract	Barrington Civic Center Historic District is a historic district in Barrington, Rhode Island on Coun	 	 	 	Duluth Civic Center Historic District is a historic district in Duluth, Minnesota that includes four	 	 	The Wailuku Civic Center Historic District is a group of four historic buildings and one non-contrib	 	 	3	0.816497	0.522879	1
1	http://dbpedia.org/ontology/added	1976/12/12	 	 	 	1986/11/6	 	 	1986/8/20	 	 	3	0.816497	0.522879	1
1	http://dbpedia.org/ontology/architect	Howe & Church; Stone, Carpenter & Willson	 	 	 	Daniel Burnham	 	 	C.W. Dickey	 	 	3	0.816497	0.522879	1
0	http://dbpedia.org/ontology/location	Barrington, Rhode Island	 	 	 	Duluth, Minnesota	 	 	 	 	 	2	0.816497	0.69897	1
3	http://dbpedia.org/ontology/nrhpReferenceNumber;http://rdf.freebase.com/key/base.usnris.item;http://rdf.freebase.com/ns/base.usnris.nris_listing.item_number;http://www.wikidata.org/entity/P649c	76000198	76000198	76000198	 	86003097	86003097	86003097	86001624	 	86001624	8	0.182574	0.09691	1
0	http://dbpedia.org/ontology/thumbnail	http://commons.wikimedia.org/wiki/Special:FilePath/Barrington_RI_Town_Hall_in_2008.jpg?width=300	 	 	 	http://commons.wikimedia.org/wiki/Special:FilePath/Duluth_City_Hall.jpg?width=300	 	 	http://commons.wikimedia.org/wiki/Special:FilePath/Wailuku_Civic_Center_Historic_District.PNG?width=	 	 	3	0.816497	0.522879	1
2	http://dbpedia.org/ontology/wikiPageID;http://rdf.freebase.com/key/wikipedia.en_id	17301447	17301447	 	 	25868052	25868052	 	26744353	26744353	 	6	0.408248	0.221849	1
0	http://dbpedia.org/ontology/wikiPageLength	10641	 	 	 	2686	 	 	11588	 	 	3	0.816497	0.522879	1
0	http://dbpedia.org/ontology/wikiPageOutDegree	26	 	 	 	16	 	 	40	 	 	3	0.816497	0.522879	1
0	http://dbpedia.org/ontology/wikiPageRevisionID	738193417	 	 	 	727599244	 	 	728998550	 	 	3	0.816497	0.522879	1
2	http://dbpedia.org/ontology/yearOfConstruction;http://rdf.freebase.com/ns/architecture.structure.opened;http://rdf.freebase.com/ns/base.usnris.nris_listing.significant_year	1717	1717	 	 	1909	1909	 	1907	 	 	5	0.60553	0.30103	1
0	http://purl.org/dc/terms/subject	Historic districts in Bristol County, Rhode Island	 	 	 	Buildings and structures in Duluth, Minnesota; County courthouses in Minnesota	 	 	Government buildings on the National Register of Historic Places in Hawaii; Mediterranean Revival ar	 	 	3	0.816497	0.522879	1
0	http://www.georss.org/georss/point	41.74166666666667 -71.30833333333334	 	 	 	46.78333333333333 -92.10638888888889	 	 	 	 	 	2	0.816497	0.69897	1
0	http://www.w3.org/1999/02/22-rdf-syntax-ns#type;http://www.wikidata.org/entity/P31c	Spatial Thing; architectural structure	NRIS Listing; Physically Instantiable	historic district in the United States	wikicat Historic districts in Bristol County, Rhode Island; wordnet district 108552138	Spatial Thing; architectural structure	Listed Site; NRIS Listing	historic district in the United States	architectural structure; http://dbpedia.org/ontology/Location	Inanimate; Location	historic district in the United States	10	0.333333	0	1
2	http://www.w3.org/2000/01/rdf-schema#comment;http://rdf.freebase.com/ns/common.topic.description	Barrington Civic Center Historic District is a historic district in Barrington, Rhode Island on Coun	Barrington Civic Center Historic District is a historic district in Barrington, Rhode Island on Coun	 	 	Duluth Civic Center Historic District is a historic district in Duluth, Minnesota that includes four	Duluth Civic Center Historic District is a historic district in Duluth, Minnesota that includes four	 	The Wailuku Civic Center Historic District is a group of four historic buildings and one non-contrib	The Wailuku Civic Center Historic District is a group of four historic buildings and one non-contrib	 	6	0.408248	0.221849	1
3	http://www.w3.org/2000/01/rdf-schema#label	Barrington Civic Center Historic District	Barrington Civic Center Historic District	Barrington Civic Center Historic District	Barrington Civic Center Historic District	Duluth Civic Center Historic District	Duluth Civic Center Historic District	Duluth Civic Center Historic District	Wailuku Civic Center Historic District	Wailuku Civic Center Historic District	Wailuku Civic Center Historic District	10	0.182574	0	1
0	http://www.w3.org/2002/07/owl#sameAs	Barrington Civic Center Historic District	 	 	 	 	 	 	 	 	 	1	0.57735	1	0
3	http://www.w3.org/2003/01/geo/wgs84_pos#lat;http://yago-knowledge.org/resource/hasLatitude	41.742	41.742	41.742	41.742	46.783	46.783	46.783	 	 	 	7	0.218218	0.154902	1
3	http://www.w3.org/2003/01/geo/wgs84_pos#long;http://yago-knowledge.org/resource/hasLongitude	-71.308	-71.308	-71.308	-71.308	-92.106	-92.106	-92.106	 	 	 	7	0.218218	0.154902	1
0	http://www.w3.org/ns/prov#wasDerivedFrom	http://en.wikipedia.org/wiki/Barrington_Civic_Center_Historic_District?oldid=738193417	 	 	 	http://en.wikipedia.org/wiki/Duluth_Civic_Center_Historic_District?oldid=727599244	 	 	http://en.wikipedia.org/wiki/Wailuku_Civic_Center_Historic_District?oldid=728998550	 	 	3	0.816497	0.522879	1
0	http://xmlns.com/foaf/0.1/depiction	http://commons.wikimedia.org/wiki/Special:FilePath/Barrington_RI_Town_Hall_in_2008.jpg	 	 	 	http://commons.wikimedia.org/wiki/Special:FilePath/Duluth_City_Hall.jpg	 	 	http://commons.wikimedia.org/wiki/Special:FilePath/Wailuku_Civic_Center_Historic_District.PNG	 	 	3	0.816497	0.522879	1
2	http://xmlns.com/foaf/0.1/isPrimaryTopicOf;http://rdf.freebase.com/ns/common.topic.topic_equivalent_webpage	http://en.wikipedia.org/wiki/Barrington_Civic_Center_Historic_District	http://en.wikipedia.org/wiki/Barrington_Civic_Center_Historic_District; http://pdfhost.focus.nps.gov	 	 	http://en.wikipedia.org/wiki/Duluth_Civic_Center_Historic_District	http://en.wikipedia.org/wiki/Duluth_Civic_Center_Historic_District; http://pdfhost.focus.nps.gov/doc	 	http://en.wikipedia.org/wiki/Wailuku_Civic_Center_Historic_District	http://en.wikipedia.org/wiki/Wailuku_Civic_Center_Historic_District; http://en.wikipedia.org/wiki/in	 	6	0.627646	0.221849	1
0	http://xmlns.com/foaf/0.1/name	Barrington Civic Center	 	 	 	Duluth Civic Center Historic District	 	 	Wailuku Civic Center Historic District	 	 	3	0.816497	0.522879	1
0	http://rdf.freebase.com/key/en	 	barrington_civic_center_historic_district	 	 	 	 	 	 	wailuku_civic_center_historic_district	 	2	0.816497	0.69897	1
1	http://rdf.freebase.com/key/wikipedia.en	 	Barrington_Civic_Center_Historic_District	 	 	 	Duluth_Civic_Center_Historic_District	 	 	Wailuku_Civic_Center_Historic_District	 	3	0.816497	0.522879	1
1	http://rdf.freebase.com/key/wikipedia.en_title	 	Barrington_Civic_Center_Historic_District	 	 	 	Duluth_Civic_Center_Historic_District	 	 	Wailuku_Civic_Center_Historic_District	 	3	0.816497	0.522879	1
1	http://rdf.freebase.com/ns/common.topic.article	 	Barrington Civic Center Historic District is a historic district in Barrington, Rhode Island on Coun	 	 	 	Duluth Civic Center Historic District is a historic district in Duluth, Minnesota that includes thre	 	 	The Wailuku Civic Center Historic District is a group of four historic buildings and one non-contrib	 	3	0.816497	0.522879	1
1	http://rdf.freebase.com/ns/common.topic.image	 	Barrington Town Hall in 2008	 	 	 	Duluth City Hall	 	 	Wailuku Civic Center Historic District	 	3	0.816497	0.522879	1
0	http://rdf.freebase.com/ns/common.topic.notable_for	 	Listed Site	 	 	 	National Register of Historic Places Location	 	 	Location	 	3	0.816497	0.522879	1
0	http://rdf.freebase.com/ns/common.topic.notable_types	 	Listed Site	 	 	 	Listed Site	 	 	Location	 	3	0.57735	0.522879	1
0	http://rdf.freebase.com/ns/kg.object_profile.prominent_type	 	Listed Site	 	 	 	Listed Site	 	 	Location	 	3	0.57735	0.522879	1
0	http://rdf.freebase.com/ns/location.location.containedby	 	Barrington	 	 	 	Minnesota	 	 	 	 	2	0.816497	0.69897	1
0	http://rdf.freebase.com/ns/protected_sites.listed_site.designation_as_natural_or_cultural_site;http://www.wikidata.org/entity/P1435c	 	http://rdf.freebase.com/ns/m.0whwdvp	place listed on the National Register of Historic Places	 	 	http://rdf.freebase.com/ns/m.06_c86r	place listed on the National Register of Historic Places	 	http://rdf.freebase.com/ns/g.11btv6r5yc	National Register Historic District	6	0.707107	0.221849	1
0	http://rdf.freebase.com/ns/type.object.key	 	/base/usnris/item/76000198; /wikipedia/en_id/17301447	 	 	 	/base/usnris/item/86003097; /wikipedia/en_id/25868052	 	 	/wikipedia/en_id/26744353; /wikipedia/en_title/Wailuku_Civic_Center_Historic_District	 	3	0.816497	0.522879	1
0	http://rdf.freebase.com/ns/type.object.name	 	Barrington Civic Center Historic District	 	 	 	Duluth Civic Center Historic District	 	 	Wailuku Civic Center Historic District	 	3	0.816497	0.522879	1
0	http://rdf.freebase.com/ns/type.object.type	 	NRIS Listing; Physically Instantiable	 	 	 	Listed Site; NRIS Listing	 	 	Inanimate; Location	 	3	0.374634	0.522879	1
0	http://www.wikidata.org/entity/P131c;http://www.wikidata.org/entity/P17c;http://yago-knowledge.org/resource/isLocatedIn	 	 	Rhode Island; United States of America	Barrington, Rhode Island	 	 	United States of America	 	 	United States of America	4	0.57735	0.39794	1
0	http://www.wikidata.org/entity/P1566c	 	 	5220803	 	 	 	 	 	 	 	1	0.57735	1	1
0	http://www.w3.org/2004/02/skos/core#prefLabel	 	 	 	Barrington Civic Center Historic District	 	 	 	 	 	 	1	0.57735	1	1
0	http://yago-knowledge.org/resource/hasCitationTitle	 	 	 	A History of Barrington, Rhode Island; Home - Barrington Public Library	 	 	 	 	 	 	1	0.816497	1	1
0	http://yago-knowledge.org/resource/hasWikipediaAnchorText	 	 	 	Elizabethan Revival; National Register of Historic Places listings in Bristol County, Rhode Island	 	 	 	 	 	 	1	0.816497	1	1
0	http://yago-knowledge.org/resource/hasWikipediaArticleLength	 	 	 	10661	 	 	 	 	 	 	1	0.57735	1	1
0	http://yago-knowledge.org/resource/hasWikipediaUrl	 	 	 	http://en.wikipedia.org/wiki/Barrington_Civic_Center_Historic_District	 	 	 	 	 	 	1	0.57735	1	1
0	http://yago-knowledge.org/resource/linksTo	 	 	 	Barrington, Rhode Island; Pawtucket, Rhode Island	 	 	 	 	 	 	1	0.816497	1	1
0	http://yago-knowledge.org/resource/redirectedFrom	 	 	 	Barrington Civic Center	 	 	 	 	 	 	1	0.57735	1	1
0	http://dbpedia.org/ontology/area	 	 	 	 	42492	 	 	161874	 	 	2	0.816497	0.69897	1
0	http://dbpedia.org/ontology/governingBody	 	 	 	 	General Services Administration	 	 	Maui County, Hawaii	 	 	2	0.816497	0.69897	1
0	http://rdf.freebase.com/ns/base.usnris.nris_listing.significance_level	 	 	 	 	 	State	 	 	 	 	1	0.57735	1	1
0	http://rdf.freebase.com/ns/location.location.area	 	 	 	 	 	0.042	 	 	 	 	1	0.57735	1	1
0	http://dbpedia.org/ontology/architecturalStyle;http://rdf.freebase.com/ns/architecture.structure.architectural_style;http://www.wikidata.org/entity/P149c	 	 	 	 	 	 	 	Mediterranean Revival Style architecture	Beaux-Arts architecture; Mediterranean Revival architecture	Mediterranean Revival architecture	3	0.48795	0.522879	1
0	http://dbpedia.org/ontology/wikiPageExternalLink	 	 	 	 	 	 	 	http://bookshawaii.net/exploring-historic-wailuku.html; http://www.hawaiibooks.net/pohaku.html	 	 	1	0.816497	1	1
0	http://www.wikidata.org/entity/P373c	 	 	 	 	 	 	 	 	 	Wailuku Civic Center Historic District	1	0.57735	1	1
