score	dataset	dbpedia	freebase	wikidata	yago-knowledge	dbpedia	freebase	yago-knowledge	dbpedia	wikidata	yago-knowledge				
	entity	http://dbpedia.org/resource/White_House	http://rdf.freebase.com/ns/m.081sq	http://www.wikidata.org/entity/Q35525	http://yago-knowledge.org/resource/White_House_Complex	http://dbpedia.org/resource/First_White_House_of_the_Confederacy	http://rdf.freebase.com/ns/m.04n0w00	http://yago-knowledge.org/resource/First_White_House_of_the_Confederacy	http://dbpedia.org/resource/Little_White_House	http://www.wikidata.org/entity/Q2714456	http://yago-knowledge.org/resource/Little_White_House				
0	http://dbpedia.org/ontology/abstract	The White House is the official residence and principal workplace of the President of the United Sta	 	 	 	The First White House of the Confederacy was the executive residence of President Jefferson Davis an	 	 	The Little White House, in the Warm Springs Historic District in Warm Springs, Georgia, is the name 	 	 	3	0.816497	0.522879	1
0	http://dbpedia.org/ontology/address;http://www.wikidata.org/entity/P969c	1600Pennsylvania Avenue; NW Washington, D.C. 20500U.S.	 	1600 Pennsylvania Avenue, NW Washington, D.C. 20500 U.S.	 	 	 	 	 	 	 	2	0.816497	0.69897	1
1	http://dbpedia.org/ontology/architect;http://rdf.freebase.com/ns/architecture.structure.architect;http://www.wikidata.org/entity/P84c	James Hoban	James Hoban	James Hoban	 	 	 	 	 	 	 	3	0.57735	0.522879	1
0	http://dbpedia.org/ontology/tenant	Barack Obama; Obama family	 	 	 	 	 	 	 	 	 	1	0.816497	1	1
0	http://dbpedia.org/ontology/thumbnail	http://commons.wikimedia.org/wiki/Special:FilePath/White_House_north_and_south_sides.jpg?width=300	 	 	 	http://commons.wikimedia.org/wiki/Special:FilePath/First_White_House_of_the_Confederacy,_Montgomery,	 	 	http://commons.wikimedia.org/wiki/Special:FilePath/USA-Georgia-Warm_Springs-Roosevelt's_Little_White	 	 	3	0.816497	0.522879	1
0	http://dbpedia.org/ontology/wikiPageExternalLink	http://www.c-span.org/search/?sdate=&edate=&searchtype=Videos&sort=Most+Popular&text=0&all%5B%5D=whi	 	 	 	http://www.800alabama.com/things-to-do/alabama-attractions/first_white_house_of_the_confederacy.html	 	 	http://atlantatimemachine.com/houses_apts/jackson1.htm; http://cdm.sos.state.ga.us/u?/adhoc,237	 	 	3	0.816497	0.522879	1
2	http://dbpedia.org/ontology/wikiPageID;http://rdf.freebase.com/key/wikipedia.en_id	33057	33057	 	 	19446985	19446985	 	869841	 	 	5	0.516398	0.30103	1
0	http://dbpedia.org/ontology/wikiPageLength	73706	 	 	 	4007	 	 	10846	 	 	3	0.816497	0.522879	1
0	http://dbpedia.org/ontology/wikiPageOutDegree	341	 	 	 	22	 	 	46	 	 	3	0.816497	0.522879	1
0	http://dbpedia.org/ontology/wikiPageRevisionID	742052537	 	 	 	730854347	 	 	743931494	 	 	3	0.816497	0.522879	1
0	http://purl.org/dc/terms/subject	1800 establishments in Washington, D.C.; Presidential museums in Washington, D.C.	 	 	 	1861 establishments in the Confederate States of America; Historic house museums in Alabama	 	 	Biographical museums in Georgia (U.S. state); Franklin D. Roosevelt	 	 	3	0.816497	0.522879	1
0	http://www.georss.org/georss/point	38.8977 -77.0365	 	 	 	32.376152777777776 -86.29991944444444	 	 	32.881388888888885 -84.68763888888888	 	 	3	0.816497	0.522879	1
0	http://www.w3.org/1999/02/22-rdf-syntax-ns#type;http://www.wikidata.org/entity/P31c	Spatial Thing; architectural structure	Exhibition venue; Literature Subject	mansion	wikicat Government buildings in Washington, D.C.; wordnet government building 103449564	Spatial Thing; architectural structure	NRIS Listing; Physically Instantiable	wikicat American Civil War museums in Alabama; wikicat Confederate States of America	Spatial Thing; architectural structure	building	wikicat Biographical museums in Georgia (U.S. state); wordnet tract 108673395	10	0.503123	0	1
2	http://www.w3.org/2000/01/rdf-schema#comment;http://rdf.freebase.com/ns/common.topic.description	The White House is the official residence and principal workplace of the President of the United Sta	The White House is the official residence and principal workplace of the President of the United Sta	 	 	The First White House of the Confederacy was the executive residence of President Jefferson Davis an	The First White House of the Confederacy was the executive residence of President Jefferson Davis an	 	The Little White House, in the Warm Springs Historic District in Warm Springs, Georgia, is the name 	 	 	5	0.516398	0.30103	1
3	http://www.w3.org/2000/01/rdf-schema#label	White House	White House	White House	White House Complex	First White House of the Confederacy	First White House of the Confederacy	First White House of the Confederacy	Little White House	Little White House	Little White House	10	0.258199	0	1
0	http://www.w3.org/2000/01/rdf-schema#seeAlso	Executive Office of the President of the United States; White House Visitors Office	 	 	 	Museum of the Confederacy	 	 	 	 	 	2	0.816497	0.69897	1
1	http://www.w3.org/2002/07/owl#sameAs	White House	 	 	White House Complex	First White House of the Confederacy	 	 	Little White House	 	 	4	0.68313	0.39794	0
3	http://www.w3.org/2003/01/geo/wgs84_pos#lat;http://yago-knowledge.org/resource/hasLatitude	38.898	38.898	38.898	38.898	32.376	32.376	 	32.881	32.881	 	8	0.204124	0.09691	1
3	http://www.w3.org/2003/01/geo/wgs84_pos#long;http://yago-knowledge.org/resource/hasLongitude	-77.037	-77.037	-77.037	-77.037	-86.3	-86.3	 	-84.688	-84.685	 	8	0.408248	0.09691	1
0	http://www.w3.org/ns/prov#wasDerivedFrom	http://en.wikipedia.org/wiki/White_House?oldid=742052537	 	 	 	http://en.wikipedia.org/wiki/First_White_House_of_the_Confederacy?oldid=730854347	 	 	http://en.wikipedia.org/wiki/Little_White_House?oldid=743931494	 	 	3	0.816497	0.522879	1
0	http://xmlns.com/foaf/0.1/depiction	http://commons.wikimedia.org/wiki/Special:FilePath/White_House_north_and_south_sides.jpg	 	 	 	http://commons.wikimedia.org/wiki/Special:FilePath/First_White_House_of_the_Confederacy,_Montgomery,	 	 	http://commons.wikimedia.org/wiki/Special:FilePath/USA-Georgia-Warm_Springs-Roosevelt's_Little_White	 	 	3	0.816497	0.522879	1
1	http://xmlns.com/foaf/0.1/homepage;http://rdf.freebase.com/ns/common.topic.official_website;http://www.wikidata.org/entity/P856c	http://www.whitehouse.gov/	http://www.whitehouse.gov/	https://www.whitehouse.gov/	 	 	 	 	 	http://gastateparks.org/info/littlewhite	 	4	0.645497	0.39794	1
1	http://xmlns.com/foaf/0.1/isPrimaryTopicOf;http://rdf.freebase.com/ns/common.topic.topic_equivalent_webpage	http://en.wikipedia.org/wiki/White_House	http://ar.wikipedia.org/wiki/%27%44%28%4A%2A_%27%44%23%28%4A%36; http://zh.wikipedia.org/zh-cn/%7D%A	 	 	http://en.wikipedia.org/wiki/First_White_House_of_the_Confederacy	http://en.wikipedia.org/wiki/First_White_House_of_the_Confederacy; http://pdfhost.focus.nps.gov/docs	 	http://en.wikipedia.org/wiki/Little_White_House	 	 	5	0.802773	0.30103	1
0	http://xmlns.com/foaf/0.1/name	White House	 	 	 	First White House of the Confederacy	 	 	Little White House	 	 	3	0.816497	0.522879	1
0	http://rdf.freebase.com/key/authority.daylife.topic	 	0903aw7gtf4NH	 	 	 	 	 	 	 	 	1	0.57735	1	1
0	http://rdf.freebase.com/key/authority.google.google_plus	 	1.05E+20	 	 	 	 	 	 	 	 	1	0.57735	1	1
1	http://rdf.freebase.com/key/authority.twitter;http://www.wikidata.org/entity/P2002c	 	whitehouse	whitehouse	 	 	 	 	 	 	 	2	0.57735	0.69897	1
0	http://rdf.freebase.com/key/base.ranker.rankerurlname	 	white-house/2384097	 	 	 	 	 	 	 	 	1	0.57735	1	1
0	http://rdf.freebase.com/key/en	 	white_house	 	 	 	first_white_house_of_the_confederacy	 	 	 	 	2	0.816497	0.69897	1
0	http://rdf.freebase.com/key/user.avh.ellerdale	 	0080-7b7c	 	 	 	 	 	 	 	 	1	0.57735	1	1
0	http://rdf.freebase.com/key/user.ovguide.sid	 	12102	 	 	 	 	 	 	 	 	1	0.57735	1	1
0	http://rdf.freebase.com/key/user.pak21.foursquare	 	3945	 	 	 	 	 	 	 	 	1	0.57735	1	1
0	http://rdf.freebase.com/key/wikipedia.en	 	+1.202-456-1111; 1600_Pennsylvania_Avenue	 	 	 	First_White_House_of_the_Confederacy	 	 	 	 	2	0.816497	0.69897	1
0	http://rdf.freebase.com/key/wikipedia.en_title	 	White_House	 	 	 	First_White_House_of_the_Confederacy	 	 	 	 	2	0.816497	0.69897	1
0	http://rdf.freebase.com/ns/architecture.building.building_function	 	Residential building	 	 	 	 	 	 	 	 	1	0.816497	1	1
0	http://rdf.freebase.com/ns/architecture.building.floor_space_square_meters	 	5100	 	 	 	 	 	 	 	 	1	0.57735	1	1
0	http://rdf.freebase.com/ns/architecture.building.floors	 	4	 	 	 	 	 	 	 	 	1	0.57735	1	1
0	http://rdf.freebase.com/ns/architecture.building.occupant	 	http://rdf.freebase.com/ns/m.0dfzl4x	 	 	 	 	 	 	 	 	1	0.816497	1	1
1	http://rdf.freebase.com/ns/architecture.structure.architectural_style;http://www.wikidata.org/entity/P149c;http://dbpedia.org/ontology/architecturalStyle	 	Neoclassical architecture	neoclassical architecture	 	Italianate architecture	Italianate architecture	 	 	 	 	4	0.707107	0.39794	1
0	http://rdf.freebase.com/ns/architecture.structure.construction_started	 	1792	 	 	 	 	 	 	 	 	1	0.57735	1	1
3	http://rdf.freebase.com/ns/architecture.structure.opened;http://www.wikidata.org/entity/P1619c;http://dbpedia.org/ontology/yearOfConstruction;http://rdf.freebase.com/ns/base.usnris.nris_listing.significant_year;http://yago-knowledge.org/resource/wasCreatedOnDate	 	1800	1800	 	1835	1835	1835-01-01	1932	 	1932/1/1	7	0.68313	0.154902	1
0	http://rdf.freebase.com/ns/award.ranked_item.appears_in_ranked_lists	 	http://rdf.freebase.com/ns/m.0djzvk7	 	 	 	 	 	 	 	 	1	0.57735	1	1
0	http://rdf.freebase.com/ns/base.foursquare.foursquare_location.foursquare_id	 	3945	 	 	 	 	 	 	 	 	1	0.57735	1	1
0	http://rdf.freebase.com/ns/base.ontologies.ontology_instance.equivalent_instances	 	the White House	 	 	 	 	 	 	 	 	1	0.57735	1	1
0	http://rdf.freebase.com/ns/base.skosbase.vocabulary_equivalent_topic.equivalent_concept	 	White House (Washington, D.C.)	 	 	 	 	 	 	 	 	1	0.57735	1	1
0	http://rdf.freebase.com/ns/book.book_subject.works	 	Real Life at the White House: 200 Years of Daily Life at America's Most Famous Residence; This Time,	 	 	 	 	 	 	 	 	1	0.816497	1	1
0	http://rdf.freebase.com/ns/business.employer.employees	 	David Hume Kennerly; Sonal Shah	 	 	 	 	 	 	 	 	1	0.816497	1	1
0	http://rdf.freebase.com/ns/common.identity.daylife_topic	 	0903aw7gtf4NH	 	 	 	 	 	 	 	 	1	0.57735	1	1
1	http://rdf.freebase.com/ns/common.topic.article;http://schema.org/description	 	The White House is the official residence and principal workplace of the President of the United Sta	official residence and workplace of the President of the United States	 	 	The First White House of the Confederacy was the executive residence of President Jefferson Davis an	 	 	 	 	3	0.816497	0.522879	1
0	http://rdf.freebase.com/ns/common.topic.image	 	A 1793 elevation by James Hoban, the selected architect from the competition; North Fa莽ade White Hou	 	 	 	First White House of the Confederacy	 	 	 	 	2	0.816497	0.69897	1
0	http://rdf.freebase.com/ns/common.topic.notable_for	 	Neoclassical Structure	 	 	 	National Register of Historic Places Location	 	 	 	 	2	0.816497	0.69897	1
0	http://rdf.freebase.com/ns/common.topic.notable_types	 	House	 	 	 	Building	 	 	 	 	2	0.816497	0.69897	1
0	http://rdf.freebase.com/ns/common.topic.social_media_presence	 	http://plus.google.com/105479712798762608629; http://www.twitter.com/whitehouse	 	 	 	 	 	 	 	 	1	0.816497	1	1
0	http://rdf.freebase.com/ns/common.topic.webpage	 	'30 Rock': The 10 best lines from 'Klaus and Greta' and 'Black Light Attack!'; Laura Bush...the book	 	 	 	 	 	 	 	 	1	0.816497	1	1
0	http://rdf.freebase.com/ns/dataworld.gardening_hint.split_to	 	Federal government of the United States	 	 	 	 	 	 	 	 	1	0.57735	1	1
0	http://rdf.freebase.com/ns/exhibitions.exhibition_venue.exhibitions_at_this_venue	 	http://rdf.freebase.com/ns/m.05168xz	 	 	 	 	 	 	 	 	1	0.57735	1	1
0	http://rdf.freebase.com/ns/kg.object_profile.prominent_type	 	House	 	 	 	Building	 	 	 	 	2	0.816497	0.69897	1
1	http://rdf.freebase.com/ns/location.location.containedby;http://www.wikidata.org/entity/P361c	 	United States of America; Washington, D.C.	White House Complex	 	 	Alabama; Montgomery	 	 	 	 	3	0.707107	0.522879	1
0	http://rdf.freebase.com/ns/location.location.contains	 	Red Room; West Wing	 	 	 	 	 	 	 	 	1	0.816497	1	1
0	http://rdf.freebase.com/ns/location.location.events	 	1959 White House Easter Egg Roll; 2011 White House shooting	 	 	 	 	 	 	 	 	1	0.816497	1	1
0	http://rdf.freebase.com/ns/location.location.people_born_here	 	Esther Cleveland; Francis Bowes Sayre, Jr.	 	 	 	 	 	 	 	 	1	0.816497	1	1
2	http://rdf.freebase.com/ns/location.location.street_address;http://www.wikidata.org/entity/P131c;http://www.wikidata.org/entity/P17c;http://yago-knowledge.org/resource/isLocatedIn	 	http://rdf.freebase.com/ns/m.07y5brl	United States of America	 	 	http://rdf.freebase.com/ns/m.05h6v0k	Montgomery, Alabama	 	United States of America; Warm Springs	Georgia (U.S. state); Meriwether County, Georgia	6	0.758787	0.221849	1
0	http://rdf.freebase.com/ns/projects.project_focus.projects	 	Initial design and construction of White House	 	 	 	 	 	 	 	 	1	0.57735	1	1
0	http://rdf.freebase.com/ns/travel.tourist_attraction.near_travel_destination	 	Washington, D.C.	 	 	 	 	 	 	 	 	1	0.57735	1	1
0	http://rdf.freebase.com/ns/tv.tv_location.tv_shows_filmed_here	 	The White House: Behind Closed Doors	 	 	 	 	 	 	 	 	1	0.57735	1	1
0	http://rdf.freebase.com/ns/tv.tv_subject.tv_programs	 	The White House: Behind Closed Doors	 	 	 	 	 	 	 	 	1	0.57735	1	1
0	http://rdf.freebase.com/ns/type.object.key	 	/authority/daylife/topic/0903aw7gtf4NH; /user/ovguide/sid/12102	 	 	 	/base/usnris/item/74000432; /wikipedia/en_id/19446985	 	 	 	 	2	0.816497	0.69897	1
0	http://rdf.freebase.com/ns/type.object.name	 	White House	 	 	 	First White House of the Confederacy	 	 	 	 	2	0.816497	0.69897	1
0	http://rdf.freebase.com/ns/type.object.type	 	Exhibition venue; Literature Subject	 	 	 	NRIS Listing; Physically Instantiable	 	 	 	 	2	0.60553	0.69897	1
0	http://rdf.freebase.com/ns/user.avh.default_domain.ellerdale_topic.ellerdale_id	 	0080-7b7c	 	 	 	 	 	 	 	 	1	0.57735	1	1
0	http://rdf.freebase.com/ns/user.robert.default_domain.daylife.hero_image_id	 	04Vu64Y29mcmt	 	 	 	 	 	 	 	 	1	0.57735	1	1
0	http://rdf.freebase.com/ns/visual_art.art_owner.artworks_owned	 	http://rdf.freebase.com/ns/m.0gy5xw_; http://rdf.freebase.com/ns/m.0h0szv0	 	 	 	 	 	 	 	 	1	0.816497	1	1
0	http://www.w3.org/2004/02/skos/core#altLabel	 	 	President's House; Presidential Mansion	 	 	 	 	 	 	 	1	0.816497	1	1
0	http://www.wikidata.org/entity/P1004c	 	 	5df4ac64-d016-4ecf-96b6-13c91aabaa00	 	 	 	 	 	 	 	1	0.57735	1	1
0	http://www.wikidata.org/entity/P1174c	 	 	1500000	 	 	 	 	 	 	 	1	0.57735	1	1
0	http://www.wikidata.org/entity/P1329c	 	 	-2071	 	 	 	 	 	 	 	1	0.57735	1	1
0	http://www.wikidata.org/entity/P1417c	 	 	place/White-House-building-London-England	 	 	 	 	 	 	 	1	0.57735	1	1
0	http://www.wikidata.org/entity/P1566c	 	 	4140704	 	 	 	 	 	 	 	1	0.57735	1	1
0	http://www.wikidata.org/entity/P1581c	 	 	http://www.whitehouse.gov/blog	 	 	 	 	 	 	 	1	0.57735	1	1
0	http://www.wikidata.org/entity/P1612c	 	 	White House	 	 	 	 	 	 	 	1	0.57735	1	1
0	http://www.wikidata.org/entity/P1669c	 	 	700000083	 	 	 	 	 	 	 	1	0.57735	1	1
0	http://www.wikidata.org/entity/P18c	 	 	http://commons.wikimedia.org/wiki/File:WhiteHouseSouthFacade.JPG	 	 	 	 	 	http://commons.wikimedia.org/wiki/File:USA-Georgia-Warm_Springs-Roosevelt's_Little_White_House.JPG	 	2	0.816497	0.69897	1
0	http://www.wikidata.org/entity/P2003c	 	 	whitehouse	 	 	 	 	 	 	 	1	0.57735	1	1
0	http://www.wikidata.org/entity/P2013c	 	 	WhiteHouse	 	 	 	 	 	 	 	1	0.57735	1	1
0	http://www.wikidata.org/entity/P214c	 	 	155235437	 	 	 	 	 	 	 	1	0.57735	1	1
0	http://www.wikidata.org/entity/P227c	 	 	4331244-5	 	 	 	 	 	 	 	1	0.57735	1	1
0	http://www.wikidata.org/entity/P281c	 	 	20500	 	 	 	 	 	 	 	1	0.57735	1	1
0	http://www.wikidata.org/entity/P373c	 	 	White House	 	 	 	 	 	Little White House	 	2	0.816497	0.69897	1
0	http://www.wikidata.org/entity/P402c	 	 	3461864	 	 	 	 	 	 	 	1	0.57735	1	1
0	http://www.wikidata.org/entity/P590c	 	 	531723	 	 	 	 	 	 	 	1	0.57735	1	1
0	http://www.wikidata.org/entity/P646-freebase	 	 	White House	 	 	 	 	 	Little White House	 	2	0.816497	0.69897	1
0	http://www.wikidata.org/entity/P646c	 	 	/m/081sq	 	 	 	 	 	/m/03k52g	 	2	0.816497	0.69897	1
1	http://www.wikidata.org/entity/P649c;http://dbpedia.org/ontology/nrhpReferenceNumber;http://rdf.freebase.com/key/base.usnris.item;http://rdf.freebase.com/ns/base.usnris.nris_listing.item_number	 	 	19600001	 	74000432	74000432	 	 	 	 	3	0.408248	0.522879	1
0	http://www.wikidata.org/entity/P910c	 	 	Category:White House	 	 	 	 	 	 	 	1	0.57735	1	1
0	http://www.wikidata.org/entity/P935c	 	 	White House	 	 	 	 	 	 	 	1	0.57735	1	1
0	http://www.w3.org/2004/02/skos/core#prefLabel	 	 	 	White House Complex	 	 	First White House of the Confederacy	 	 	Little White House	3	0.816497	0.522879	1
0	http://yago-knowledge.org/resource/hasWikipediaAnchorText	 	 	 	Eisenhower Executive Office Building; Jacqueline Kennedy Garden	 	 	Alabama Register of Landmarks and Heritage; Jefferson Davis	 	 	Colonial Revival; Elizabeth Shoumatoff	3	0.816497	0.522879	1
0	http://yago-knowledge.org/resource/hasWikipediaArticleLength	 	 	 	2779	 	 	3996	 	 	9785	3	0.816497	0.522879	1
0	http://yago-knowledge.org/resource/hasWikipediaUrl	 	 	 	http://en.wikipedia.org/wiki/White_House_Complex	 	 	http://en.wikipedia.org/wiki/First_White_House_of_the_Confederacy	 	 	http://en.wikipedia.org/wiki/Little_White_House	3	0.816497	0.522879	1
0	http://yago-knowledge.org/resource/linksTo	 	 	 	Cabinet Room (White House); North Lawn (White House)	 	 	Confederate States of America; Italianate architecture	 	 	Chesapeake Bay; Hyde Park, New York	3	0.816497	0.522879	1
0	http://dbpedia.org/ontology/added	 	 	 	 	1974/6/25	 	 	 	 	 	1	0.57735	1	1
0	http://dbpedia.org/ontology/location	 	 	 	 	Montgomery, Alabama	 	 	Georgia (U.S. state); Warm Springs, Georgia	 	 	2	0.816497	0.69897	1
0	http://rdf.freebase.com/ns/base.usnris.nris_listing.significance_level	 	 	 	 	 	National	 	 	 	 	1	0.57735	1	1
0	http://rdf.freebase.com/ns/common.topic.alias	 	 	 	 	 	First White House of the Confederacy, Montgomery	 	 	 	 	1	0.57735	1	1
0	http://rdf.freebase.com/ns/protected_sites.listed_site.designation_as_natural_or_cultural_site	 	 	 	 	 	http://rdf.freebase.com/ns/m.05h6v0s	 	 	 	 	1	0.57735	1	1
0	http://yago-knowledge.org/resource/hasCitationTitle	 	 	 	 	 	 	Accompanying photos; First White House of the Confederacy	 	 	NPS Focus	2	0.816497	0.69897	1
0	http://dbpedia.org/ontology/governingBody	 	 	 	 	 	 	 	Georgia (U.S. state)	 	 	1	0.57735	1	1
0	http://www.wikidata.org/entity/P1705c	 	 	 	 	 	 	 	 	Little White House	 	1	0.57735	1	1
0	http://yago-knowledge.org/resource/redirectedFrom	 	 	 	 	 	 	 	 	 	Little White House Historic Site	1	0.57735	1	1
