score	dataset	dbpedia	wikidata	dbpedia	freebase	wikidata	yago-knowledge	dbpedia	freebase	wikidata	yago-knowledge				
	entity	http://dbpedia.org/resource/Claudia_Severa	http://www.wikidata.org/entity/Q5129262	http://dbpedia.org/resource/Ernst_Severa	http://rdf.freebase.com/ns/m.07s5tcl	http://www.wikidata.org/entity/Q5395138	http://yago-knowledge.org/resource/Ernst_Severa	http://dbpedia.org/resource/Marcia_Otacilia_Severa	http://rdf.freebase.com/ns/m.02vxdzf	http://www.wikidata.org/entity/Q241474	http://yago-knowledge.org/resource/Marcia_Otacilia_Severa				
0	http://dbpedia.org/ontology/abstract	Claudia Severa was a literate Roman woman, the wife of Aelius Brocchus, commander of an unidentified	 	Ernst Severa (born September 21, 1934) is an Austrian who competed in the four man kayak and who com	 	 	 	Marcia Otacilia Severa or Otacilia Severa was the Empress of Rome and wife of Emperor Marcus Julius 	 	 	 	3	0.816497	0.522879	1
1	http://dbpedia.org/ontology/country;http://www.wikidata.org/entity/P27c	United Kingdom	 	 	 	Austria	 	 	 	 	 	2	0.816497	0.69897	1
0	http://dbpedia.org/ontology/wikiPageExternalLink	http://vindolanda.csad.ox.ac.uk/tablets/TVIIcat-let-le.shtml	 	http://www.sports-reference.com/olympics/athletes/se/ernst-severa-1.html	 	 	 	http://ettuantiquities.com/Philip_1/Otacilia-index.htm; http://www.livius.org/on-oz/otacilia/otacili	 	 	 	3	0.816497	0.522879	1
2	http://dbpedia.org/ontology/wikiPageID;http://rdf.freebase.com/key/wikipedia.en_id	960235	 	24244410	24244410	 	 	12246233	12246233	 	 	5	0.516398	0.30103	1
0	http://dbpedia.org/ontology/wikiPageLength	3047	 	663	 	 	 	4588	 	 	 	3	0.816497	0.522879	1
0	http://dbpedia.org/ontology/wikiPageOutDegree	17	 	8	 	 	 	38	 	 	 	3	0.816497	0.522879	1
0	http://dbpedia.org/ontology/wikiPageRevisionID	739986896	 	743186879	 	 	 	742534832	 	 	 	3	0.816497	0.522879	1
0	http://purl.org/dc/terms/description	Roman writer	 	Austrian canoeist	 	 	 	Empress	 	 	 	3	0.816497	0.522879	1
0	http://purl.org/dc/terms/subject	1st-century women writers; Date of death unknown	 	Austrian male canoeists; Living people	 	 	 	3rd-century Romans; Crisis of the Third Century	 	 	 	3	0.791623	0.522879	1
0	http://www.w3.org/1999/02/22-rdf-syntax-ns#type;http://www.wikidata.org/entity/P31c	Natural person	human	person	Measured person; Physically Instantiable	human	wikicat Austrian canoeists; wikicat Living people	person	Deceased Person; Physically Instantiable	human	wikicat Ancient Roman women; wikicat Roman empresses	10	0.503322	0	1
2	http://www.w3.org/2000/01/rdf-schema#comment;http://rdf.freebase.com/ns/common.topic.description	Claudia Severa was a literate Roman woman, the wife of Aelius Brocchus, commander of an unidentified	 	Ernst Severa (born September 21, 1934) is an Austrian who competed in the four man kayak and who com	Ernst Severa is an Austrian who competed in the four man kayak and who competed in the mid-1960s. He	 	 	Marcia Otacilia Severa or Otacilia Severa was the Empress of Rome and wife of Emperor Marcus Julius 	Marcia Otacilia Severa or Otacilia Severa was the Empress of Rome and wife of Emperor Marcus Julius 	 	 	5	0.68313	0.30103	1
2	http://www.w3.org/2000/01/rdf-schema#label	Claudia Severa	Claudia Severa	Ernst Severa	Ernst Severa	Ernst Severa	Ernst Severa	Marcia Otacilia Severa	Marcia Otacilia Severa	Marcia Otacilia Severa	Marcia Otacilia Severa; Otacilia Severa Augusta	10	0.322749	0	1
0	http://www.w3.org/2002/07/owl#sameAs	Claudia Severa	 	 	 	 	 	 	 	 	 	1	0.57735	1	0
0	http://www.w3.org/ns/prov#wasDerivedFrom	http://en.wikipedia.org/wiki/Claudia_Severa?oldid=739986896	 	http://en.wikipedia.org/wiki/Ernst_Severa?oldid=743186879	 	 	 	http://en.wikipedia.org/wiki/Marcia_Otacilia_Severa?oldid=742534832	 	 	 	3	0.816497	0.522879	1
1	http://xmlns.com/foaf/0.1/gender;http://www.wikidata.org/entity/P21c;http://rdf.freebase.com/ns/people.person.gender;http://yago-knowledge.org/resource/hasGender	female	female	male	male	male	male	female	female	female	female	10	0.365148	0	1
2	http://xmlns.com/foaf/0.1/isPrimaryTopicOf;http://rdf.freebase.com/ns/common.topic.topic_equivalent_webpage	http://en.wikipedia.org/wiki/Claudia_Severa	 	http://en.wikipedia.org/wiki/Ernst_Severa	http://en.wikipedia.org/wiki/Ernst_Severa; http://en.wikipedia.org/wiki/index.html?curid=24244410	 	 	http://en.wikipedia.org/wiki/Marcia_Otacilia_Severa	http://bg.wikipedia.org/wiki/%1C%30%40%46%38%4F_%1E%42%30%46%38%3B%38%4F_%21%35%32%35%40%30; http://	 	 	5	0.78072	0.30103	1
0	http://xmlns.com/foaf/0.1/name	Claudia Severa	 	Ernst Severa	 	 	 	Marcia Otacilia Severa	 	 	 	3	0.816497	0.522879	1
1	http://schema.org/description;http://rdf.freebase.com/ns/common.topic.article	 	Roman writer	 	Ernst Severa (born September 21, 1934) is an Austrian sprint canoer who competed in the mid 1960s. H	Austrian canoeist	 	 	Marcia Otacilia Severa or Otacilia Severa was the Empress of Rome and wife of Emperor Marcus Julius 	Empress	 	5	0.816497	0.30103	1
0	http://www.wikidata.org/entity/P1415c	 	101095669	 	 	 	 	 	 	 	 	1	0.57735	1	1
0	http://www.wikidata.org/entity/P2348c	 	Roman Empire	 	 	 	 	 	 	Roman Empire	 	2	0.57735	0.69897	1
2	http://www.wikidata.org/entity/P735c;http://xmlns.com/foaf/0.1/givenName;http://yago-knowledge.org/resource/hasGivenName	 	Claudia	Ernst	 	Ernst	Ernst	 	 	Marcia	Marcia	6	0.408248	0.221849	1
2	http://dbpedia.org/ontology/birthDate;http://rdf.freebase.com/ns/people.person.date_of_birth;http://www.wikidata.org/entity/P569c;http://yago-knowledge.org/resource/wasBornOnDate	 	 	1934/9/21	1934/9/21	1934/9/21	1934/1/1	300-01-01	 	300	 	6	0.57735	0.221849	1
0	http://xmlns.com/foaf/0.1/surname;http://yago-knowledge.org/resource/hasFamilyName	 	 	Severa	 	 	Severa	 	 	 	Severa	3	0.57735	0.522879	1
0	http://rdf.freebase.com/key/en	 	 	 	ernst_severa	 	 	 	marcia_otacilia_severa	 	 	2	0.816497	0.69897	1
0	http://rdf.freebase.com/key/wikipedia.en	 	 	 	Ernst_Severa	 	 	 	Marcia_Otacilia_Severa	 	 	2	0.816497	0.69897	1
0	http://rdf.freebase.com/key/wikipedia.en_title	 	 	 	Ernst_Severa	 	 	 	Marcia_Otacilia_Severa	 	 	2	0.816497	0.69897	1
0	http://rdf.freebase.com/ns/common.topic.notable_for	 	 	 	Professional Athlete	 	 	 	Deceased Person	 	 	2	0.816497	0.69897	1
0	http://rdf.freebase.com/ns/common.topic.notable_types	 	 	 	Athlete	 	 	 	Deceased Person	 	 	2	0.816497	0.69897	1
0	http://rdf.freebase.com/ns/kg.object_profile.prominent_type	 	 	 	Athlete	 	 	 	Deceased Person	 	 	2	0.816497	0.69897	1
0	http://rdf.freebase.com/ns/type.object.key	 	 	 	/wikipedia/en_id/24244410; /wikipedia/en_title/Ernst_Severa	 	 	 	/wikipedia/bg_id/254954; /wikipedia/bg_title/袦邪褉褑懈褟_袨褌邪褑懈谢懈褟_小械胁械褉邪	 	 	2	0.816497	0.69897	1
0	http://rdf.freebase.com/ns/type.object.name	 	 	 	Ernst Severa	 	 	 	Marcia Otacilia Severa	 	 	2	0.816497	0.69897	1
0	http://rdf.freebase.com/ns/type.object.type	 	 	 	Measured person; Physically Instantiable	 	 	 	Deceased Person; Physically Instantiable	 	 	2	0.531085	0.69897	1
0	http://www.wikidata.org/entity/P106c	 	 	 	 	canoer	 	 	 	 	 	1	0.57735	1	1
0	http://www.wikidata.org/entity/P1344c	 	 	 	 	1964 Summer Olympics	 	 	 	 	 	1	0.57735	1	1
0	http://www.wikidata.org/entity/P1447c	 	 	 	 	se/ernst-severa-1	 	 	 	 	 	1	0.57735	1	1
0	http://www.wikidata.org/entity/P641c	 	 	 	 	canoeing and kayaking	 	 	 	 	 	1	0.57735	1	1
0	http://www.w3.org/2004/02/skos/core#prefLabel	 	 	 	 	 	Ernst Severa	 	 	 	Marcia Otacilia Severa	2	0.816497	0.69897	1
0	http://yago-knowledge.org/resource/hasWikipediaAnchorText	 	 	 	 	 	1964 Summer Olympics; K-4 1000 m	 	 	 	Alexander Severus; Empress of Rome	2	0.816497	0.69897	1
1	http://dbpedia.org/ontology/deathDate;http://www.wikidata.org/entity/P570c	 	 	 	 	 	 	300-01-01	 	300	 	2	0.816497	0.69897	1
0	http://dbpedia.org/ontology/thumbnail	 	 	 	 	 	 	http://commons.wikimedia.org/wiki/Special:FilePath/Otacilia_Severa_Musei_Capitolini_MC2765.jpg?width	 	 	 	1	0.57735	1	1
0	http://xmlns.com/foaf/0.1/depiction	 	 	 	 	 	 	http://commons.wikimedia.org/wiki/Special:FilePath/Otacilia_Severa_Musei_Capitolini_MC2765.jpg	 	 	 	1	0.57735	1	1
0	http://rdf.freebase.com/ns/common.topic.image	 	 	 	 	 	 	 	Otacilia Severa Musei Capitolini MC2765	 	 	1	0.57735	1	1
1	http://rdf.freebase.com/ns/people.person.children;http://www.wikidata.org/entity/P40c;http://yago-knowledge.org/resource/hasChild	 	 	 	 	 	 	 	Philippus II	Philippus II	Philippus II	3	0.57735	0.522879	1
0	http://rdf.freebase.com/ns/people.person.spouse_s	 	 	 	 	 	 	 	Philip the Arab	 	 	1	0.57735	1	1
0	http://www.wikidata.org/entity/P18c	 	 	 	 	 	 	 	 	http://commons.wikimedia.org/wiki/File:Roman_-_Coin_with_a_Hippopotamus_and_Portrait_of_Otacilia_Sev	 	1	0.57735	1	1
0	http://www.wikidata.org/entity/P2950c	 	 	 	 	 	 	 	 	otacilia_severa	 	1	0.57735	1	1
0	http://www.wikidata.org/entity/P373c	 	 	 	 	 	 	 	 	Marcia Otacilia Severa	 	1	0.57735	1	1
0	http://www.wikidata.org/entity/P646-freebase	 	 	 	 	 	 	 	 	Marcia Otacilia Severa	 	1	0.57735	1	1
0	http://www.wikidata.org/entity/P646c	 	 	 	 	 	 	 	 	/m/02vxdzf	 	1	0.57735	1	1
0	http://www.wikidata.org/entity/P935c	 	 	 	 	 	 	 	 	Marcia Otacilia Severa	 	1	0.57735	1	1
0	http://yago-knowledge.org/resource/hasCitationTitle	 	 	 	 	 	 	 	 	 	Roman Imperial Coinage of Otacilia Severa	1	0.816497	1	1
0	http://yago-knowledge.org/resource/hasWikipediaArticleLength	 	 	 	 	 	 	 	 	 	4634	1	0.57735	1	1
0	http://yago-knowledge.org/resource/hasWikipediaUrl	 	 	 	 	 	 	 	 	 	http://en.wikipedia.org/wiki/Marcia_Otacilia_Severa	1	0.57735	1	1
0	http://yago-knowledge.org/resource/isMarriedTo	 	 	 	 	 	 	 	 	 	Philip the Arab	1	0.57735	1	1
0	http://yago-knowledge.org/resource/linksTo	 	 	 	 	 	 	 	 	 	Alexander Severus; Augusta (honorific)	1	0.816497	1	1
0	http://yago-knowledge.org/resource/redirectedFrom	 	 	 	 	 	 	 	 	 	Otacilia Severa	1	0.57735	1	1
