score	dataset	dbpedia	freebase	wikidata	yago-knowledge	dbpedia	wikidata	dbpedia	freebase	wikidata	yago-knowledge				
	entity	http://dbpedia.org/resource/Eric_Northman	http://rdf.freebase.com/ns/m.0411sjw	http://www.wikidata.org/entity/Q1771759	http://yago-knowledge.org/resource/Eric_Northman	http://dbpedia.org/resource/Edith_Northman	http://www.wikidata.org/entity/Q21069983	http://dbpedia.org/resource/Northman	http://rdf.freebase.com/ns/m.04zy0l6	http://www.wikidata.org/entity/Q7059569	http://yago-knowledge.org/resource/Northman				
0	http://dbpedia.org/ontology/abstract	Eric Northman is a fictional character in The Southern Vampire Mysteries, a series of thirteen books	 	 	 	Edith Mortensen Northman was born October 8, 1893, in Denmark to a Danish father and a Swedish mothe	 	Northman (Old English: Nor镁man; fl. 994) was a late 10th-century English ealdorman (or earl), with a	 	 	 	3	0.816497	0.522879	1
0	http://dbpedia.org/ontology/child	Pam Ravenscroft; Pamela Swynford De Beaufort	 	 	 	 	 	 	 	 	 	1	0.816497	1	1
1	http://dbpedia.org/ontology/creator;http://rdf.freebase.com/ns/fictional_universe.fictional_character.character_created_by	Charlaine Harris	Charlaine Harris	 	 	 	 	 	 	 	 	2	0.57735	0.69897	1
0	http://dbpedia.org/ontology/firstAppearance	Escape from Dragon House; Dead Until Dark	 	 	 	 	 	 	 	 	 	1	0.816497	1	1
0	http://dbpedia.org/ontology/portrayer	Alexander Skarsg氓rd	 	 	 	 	 	 	 	 	 	1	0.57735	1	1
0	http://dbpedia.org/ontology/relative	Characters of True Blood; List of The Southern Vampire Mysteries characters	 	 	 	 	 	 	 	 	 	1	0.816497	1	1
0	http://dbpedia.org/ontology/series	Southern Vampire Mysteries	 	 	 	 	 	 	 	 	 	1	0.57735	1	1
0	http://dbpedia.org/ontology/species	Vampire	 	 	 	 	 	 	 	 	 	1	0.57735	1	1
1	http://dbpedia.org/ontology/spouse;http://www.wikidata.org/entity/P26c	Sookie Stackhouse	 	Sookie Stackhouse	 	 	 	 	 	 	 	2	0.57735	0.69897	1
2	http://dbpedia.org/ontology/wikiPageID;http://rdf.freebase.com/key/wikipedia.en_id	16907086	16907086	 	 	47699687	 	22085956	22085956	 	 	5	0.516398	0.30103	1
0	http://dbpedia.org/ontology/wikiPageLength	26708	 	 	 	5375	 	10571	 	 	 	3	0.816497	0.522879	1
0	http://dbpedia.org/ontology/wikiPageOutDegree	66	 	 	 	16	 	46	 	 	 	3	0.816497	0.522879	1
0	http://dbpedia.org/ontology/wikiPageRevisionID	683529889	 	 	 	726350666	 	740930595	 	 	 	3	0.816497	0.522879	1
0	http://purl.org/dc/terms/subject	Characters in American novels of the 21st century; Fictional World War II veterans	 	 	 	1893 births; 20th-century American architects	 	Earls, ealdormen and high-reeves of Bamburgh; Year of birth unknown	 	 	 	3	0.816497	0.522879	1
0	http://www.w3.org/1999/02/22-rdf-syntax-ns#type;http://www.wikidata.org/entity/P31c	Natural person; fictional character	Fictional Character	fictional character	wikicat Characters in American novels of the 21st century; wordnet mystery 105685538	Natural person; architect	human	person	Deceased Person; Physically Instantiable	human	wordnet causal agent 100007347; wordnet object 100002684	10	0.589506	0	1
2	http://www.w3.org/2000/01/rdf-schema#comment;http://rdf.freebase.com/ns/common.topic.description	Eric Northman is a fictional character in The Southern Vampire Mysteries, a series of thirteen books	Eric Northman is a fictional character in The Southern Vampire Mysteries, a series of thirteen books	 	 	Edith Mortensen Northman was born October 8, 1893, in Denmark to a Danish father and a Swedish mothe	 	Northman (Old English: Nor镁man; fl. 994) was a late 10th-century English ealdorman (or earl), with a	Northman was a late 10th-century English ealdorman, with a territorial base in Northumbria north of 	 	 	5	0.68313	0.30103	1
3	http://www.w3.org/2000/01/rdf-schema#label	Eric Northman	Eric Northman	Eric Northman	Eric Northman	Edith Northman	Edith Northman	Northman	Northman	Northman	Northman	10	0	0	1
0	http://www.w3.org/2002/07/owl#sameAs	 	 	 	 	 	 	 	 	 	 	0	NaN	Infinity	0
0	http://www.w3.org/ns/prov#wasDerivedFrom	http://en.wikipedia.org/wiki/Eric_Northman?oldid=683529889	 	 	 	http://en.wikipedia.org/wiki/Edith_Northman?oldid=726350666	 	http://en.wikipedia.org/wiki/Northman?oldid=740930595	 	 	 	3	0.816497	0.522879	1
1	http://xmlns.com/foaf/0.1/gender;http://rdf.freebase.com/ns/fictional_universe.fictional_character.gender;http://www.wikidata.org/entity/P21c;http://yago-knowledge.org/resource/hasGender	male	male	male	 	female	female	male	 	male	male	8	0.288675	0.09691	1
0	http://xmlns.com/foaf/0.1/givenName;http://www.wikidata.org/entity/P735c	Eric	 	Eric	 	Edith	Edith	 	 	 	 	4	0.408248	0.39794	1
1	http://xmlns.com/foaf/0.1/isPrimaryTopicOf;http://rdf.freebase.com/ns/common.topic.topic_equivalent_webpage	http://en.wikipedia.org/wiki/Eric_Northman	http://en.wikipedia.org/wiki/Eric_Northman; http://it.wikipedia.org/wiki/index.html?curid=3045587	 	 	http://en.wikipedia.org/wiki/Edith_Northman	 	http://en.wikipedia.org/wiki/Northman	http://en.wikipedia.org/wiki/index.html?curid=22085956	 	 	5	0.716115	0.30103	1
0	http://xmlns.com/foaf/0.1/name	Eric Northman	 	 	 	Edith Northman	 	Northman	 	 	 	3	0.816497	0.522879	1
0	http://xmlns.com/foaf/0.1/nick	Viking	 	 	 	 	 	 	 	 	 	1	0.57735	1	1
0	http://xmlns.com/foaf/0.1/surname	Northman	 	 	 	Northman	 	 	 	 	 	2	0.57735	0.69897	1
0	http://rdf.freebase.com/key/en	 	eric_northman	 	 	 	 	 	northman	 	 	2	0.816497	0.69897	1
0	http://rdf.freebase.com/key/user.avh.ellerdale	 	00ad-bc9e	 	 	 	 	 	 	 	 	1	0.57735	1	1
0	http://rdf.freebase.com/key/wikipedia.en	 	Eric_Northman	 	 	 	 	 	Northman	 	 	2	0.816497	0.69897	1
0	http://rdf.freebase.com/key/wikipedia.en_title	 	Eric_Northman	 	 	 	 	 	Northman	 	 	2	0.816497	0.69897	1
0	http://rdf.freebase.com/ns/book.book_character.appears_in_book	 	Dead Until Dark	 	 	 	 	 	 	 	 	1	0.57735	1	1
0	http://rdf.freebase.com/ns/common.topic.alias	 	Eric	 	 	 	 	 	 	 	 	1	0.57735	1	1
1	http://rdf.freebase.com/ns/common.topic.article;http://schema.org/description	 	Eric Northman is a fictional character in The Southern Vampire Mysteries, a series of twelve books w	 	 	 	 	 	Northman (Old English: Nor镁man; fl. 994) was a late 10th century English ealdorman (or earl), with a	English noble	 	3	0.816497	0.522879	1
0	http://rdf.freebase.com/ns/common.topic.notable_for	 	Fictional Character	 	 	 	 	 	Deceased Person	 	 	2	0.816497	0.69897	1
0	http://rdf.freebase.com/ns/common.topic.notable_types	 	Fictional Character	 	 	 	 	 	Deceased Person	 	 	2	0.816497	0.69897	1
0	http://rdf.freebase.com/ns/common.topic.webpage	 	TV's Best Bads: 'True Blood''s Eric to rival 'Buffy''s Mayor; 鈥淭rue Blood鈥?Showdown: Team Bill vs. T	 	 	 	 	 	 	 	 	1	0.816497	1	1
0	http://rdf.freebase.com/ns/fictional_universe.fictional_character.based_on	 	Eric Bloodaxe	 	 	 	 	 	 	 	 	1	0.57735	1	1
0	http://rdf.freebase.com/ns/fictional_universe.fictional_character.children	 	Pam	 	 	 	 	 	 	 	 	1	0.57735	1	1
0	http://rdf.freebase.com/ns/fictional_universe.fictional_character.married_to	 	http://rdf.freebase.com/ns/m.0gx4h1m	 	 	 	 	 	 	 	 	1	0.57735	1	1
0	http://rdf.freebase.com/ns/fictional_universe.fictional_character.occupation	 	Vampire Sheriff	 	 	 	 	 	 	 	 	1	0.57735	1	1
0	http://rdf.freebase.com/ns/fictional_universe.fictional_character.place_of_birth	 	脴rland	 	 	 	 	 	 	 	 	1	0.57735	1	1
0	http://rdf.freebase.com/ns/fictional_universe.fictional_character.romantically_involved_with	 	http://rdf.freebase.com/ns/m.0djxw4z	 	 	 	 	 	 	 	 	1	0.57735	1	1
0	http://rdf.freebase.com/ns/fictional_universe.fictional_character.species	 	Vampire	 	 	 	 	 	 	 	 	1	0.57735	1	1
0	http://rdf.freebase.com/ns/kg.object_profile.prominent_type	 	Fictional Character	 	 	 	 	 	Deceased Person	 	 	2	0.816497	0.69897	1
0	http://rdf.freebase.com/ns/tv.tv_character.appeared_in_tv_episodes	 	http://rdf.freebase.com/ns/m.09nzzpq	 	 	 	 	 	 	 	 	1	0.57735	1	1
0	http://rdf.freebase.com/ns/tv.tv_character.appeared_in_tv_program	 	http://rdf.freebase.com/ns/m.0djxstc	 	 	 	 	 	 	 	 	1	0.816497	1	1
0	http://rdf.freebase.com/ns/type.object.key	 	/user/avh/ellerdale/00ad-bc9e; /wikipedia/es_id/2935421	 	 	 	 	 	/wikipedia/en_id/22085956; /wikipedia/en_title/Northman	 	 	2	0.816497	0.69897	1
0	http://rdf.freebase.com/ns/type.object.name	 	Eric Northman	 	 	 	 	 	Northman	 	 	2	0.816497	0.69897	1
0	http://rdf.freebase.com/ns/type.object.type	 	Fictional Character	 	 	 	 	 	Deceased Person; Physically Instantiable	 	 	2	0.716115	0.69897	1
0	http://rdf.freebase.com/ns/user.avh.default_domain.ellerdale_topic.ellerdale_id	 	00ad-bc9e	 	 	 	 	 	 	 	 	1	0.57735	1	1
0	http://www.wikidata.org/entity/P106c	 	 	explorer	 	 	architect	 	 	 	 	2	0.816497	0.69897	1
0	http://www.wikidata.org/entity/P1080c	 	 	True Blood fictional universe	 	 	 	 	 	 	 	1	0.57735	1	1
0	http://www.wikidata.org/entity/P345c	 	 	ch0112201	 	 	 	 	 	 	 	1	0.57735	1	1
0	http://www.w3.org/2004/02/skos/core#prefLabel	 	 	 	Eric Northman	 	 	 	 	 	Northman	2	0.816497	0.69897	1
0	http://yago-knowledge.org/resource/hasCitationTitle	 	 	 	Dead to the World	 	 	 	 	 	An Atlas of Attestations in Anglo-Saxon Charters, c. 670鈥?066; From Pictland to Alba, 789鈥?070	2	0.816497	0.69897	1
0	http://yago-knowledge.org/resource/hasWikipediaAnchorText	 	 	 	Alexander Skarsg氓rd; joie de vivre	 	 	 	 	 	Bishop Auckland; Day of Judgment	2	0.809587	0.69897	1
0	http://yago-knowledge.org/resource/hasWikipediaArticleLength	 	 	 	25808	 	 	 	 	 	 	1	0.57735	1	1
0	http://yago-knowledge.org/resource/hasWikipediaUrl	 	 	 	http://en.wikipedia.org/wiki/Eric_Northman	 	 	 	 	 	 	1	0.57735	1	1
0	http://yago-knowledge.org/resource/linksTo	 	 	 	Alexander Skarsg氓rd; Charlaine Harris	 	 	 	 	 	 	1	0.816497	1	1
0	http://yago-knowledge.org/resource/wasCreatedOnDate	 	 	 	2001/1/1	 	 	 	 	 	 	1	0.57735	1	1
1	http://dbpedia.org/ontology/birthDate;http://www.wikidata.org/entity/P569c	 	 	 	 	1893-10-08	1893-10-08	 	 	 	 	2	0.57735	0.69897	1
1	http://dbpedia.org/ontology/deathDate;http://www.wikidata.org/entity/P570c	 	 	 	 	1956-00-00	1956	 	 	 	 	2	0.816497	0.69897	1
0	http://dbpedia.org/ontology/wikiPageExternalLink	 	 	 	 	 	 	http://asc.jebbo.co.uk/; https://books.google.com/books?id=QvoQAAAAMAAJ	 	 	 	1	0.816497	1	1
0	http://purl.org/dc/terms/description	 	 	 	 	 	 	English noble	 	 	 	1	0.57735	1	1
