score	dataset	dbpedia	freebase	wikidata	dbpedia	freebase	wikidata	yago-knowledge	freebase	wikidata	yago-knowledge				
	entity	http://dbpedia.org/resource/Anthony_Grey	http://rdf.freebase.com/ns/m.05xqpt4	http://www.wikidata.org/entity/Q4772626	http://dbpedia.org/resource/Anthony_Grey,_11th_Earl_of_Kent	http://rdf.freebase.com/ns/m.0281lb2	http://www.wikidata.org/entity/Q253557	http://yago-knowledge.org/resource/Anthony_Grey,_11th_Earl_of_Kent	http://rdf.freebase.com/ns/m.027w_1n	http://www.wikidata.org/entity/Q4772628	http://yago-knowledge.org/resource/Anthony_Grey,_Earl_of_Harold				
0	http://dbpedia.org/ontology/abstract	Anthony Grey OBE (born 5 July 1938) is a British journalist and author. As a journalist for Reuters 	 	 	Anthony Grey (1645 鈥?19 August 1702) was Earl of Kent from 1651 to his death. He was the only son of	 	 	 	 	 	 	2	0.816497	0.69897	1
3	http://dbpedia.org/ontology/birthDate;http://rdf.freebase.com/ns/people.person.date_of_birth;http://www.wikidata.org/entity/P569c;http://yago-knowledge.org/resource/wasBornOnDate	1938/7/5	1938/7/5	1938/7/5	1645-06-11	1645	1645-06-11	1645-01-01	1695-02-21	 	1695-01-01	9	0.57735	0.045757	1
0	http://dbpedia.org/ontology/wikiPageExternalLink	http://www.archiveshub.ac.uk/news/agreya.html	 	 	http://www.stirnet.com/HTML/genie/british/gg/grey02.htm	 	 	 	 	 	 	2	0.816497	0.69897	1
2	http://dbpedia.org/ontology/wikiPageID;http://rdf.freebase.com/key/wikipedia.en_id	25415973	25415973	 	9248812	9248812	 	 	9081715	 	 	5	0.516398	0.30103	1
0	http://dbpedia.org/ontology/wikiPageLength	5488	 	 	1541	 	 	 	 	 	 	2	0.816497	0.69897	1
0	http://dbpedia.org/ontology/wikiPageOutDegree	60	 	 	20	 	 	 	 	 	 	2	0.816497	0.69897	1
0	http://dbpedia.org/ontology/wikiPageRevisionID	744454388	 	 	732156179	 	 	 	 	 	 	2	0.816497	0.69897	1
0	http://purl.org/dc/terms/description	British journalist and writer	 	 	English noble	 	 	 	 	 	 	2	0.816497	0.69897	1
0	http://purl.org/dc/terms/subject	1938 births; British expatriates in China	 	 	1645 births; 1702 deaths	 	 	 	 	 	 	2	0.816497	0.69897	1
0	http://www.w3.org/1999/02/22-rdf-syntax-ns#type;http://www.wikidata.org/entity/P31c	person	Physically Instantiable	human	person	Deceased Person; Physically Instantiable	human	wikicat Earls in the Peerage of England; wikicat English politicians	Deceased Person; Physically Instantiable	human	wikicat Barons in the Peerage of England; wikicat Courtesy earls	10	0.399772	0	1
2	http://www.w3.org/2000/01/rdf-schema#comment;http://rdf.freebase.com/ns/common.topic.description	Anthony Grey OBE (born 5 July 1938) is a British journalist and author. As a journalist for Reuters 	Anthony Grey OBE is a British journalist and author. As a journalist for Reuters he was detained for	 	Anthony Grey (1645 鈥?19 August 1702) was Earl of Kent from 1651 to his death. He was the only son of	Anthony Grey was Earl of Kent from 1651 to his death. He was the only son of Henry Grey, 10th Earl o	 	 	Anthony Grey, 3rd Baron Lucas, styled Earl of Harold was a British peer and courtier. Grey was the e	 	 	5	0.816497	0.30103	1
3	http://www.w3.org/2000/01/rdf-schema#label	Anthony Grey	Anthony Grey	Anthony Grey	Anthony Grey, 11th Earl of Kent	Anthony Grey, 11th Earl of Kent	Anthony Grey, 11th Earl of Kent	Anthony Grey, 11th Earl of Kent	Anthony Grey, Earl of Harold	Anthony Grey, Earl of Harold	Anthony Grey, Earl of Harold	10	0.288675	0	1
0	http://www.w3.org/2002/07/owl#sameAs	 	 	 	 	 	 	 	 	 	Anthony Grey, Earl of Harold	1	0.57735	1	0
0	http://www.w3.org/ns/prov#wasDerivedFrom	http://en.wikipedia.org/wiki/Anthony_Grey?oldid=744454388	 	 	http://en.wikipedia.org/wiki/Anthony_Grey,_11th_Earl_of_Kent?oldid=732156179	 	 	 	 	 	 	2	0.816497	0.69897	1
0	http://xmlns.com/foaf/0.1/gender;http://rdf.freebase.com/ns/people.person.gender;http://www.wikidata.org/entity/P21c;http://yago-knowledge.org/resource/hasGender	male	male	male	male	male	male	male	male	male	male	10	0.57735	0	1
0	http://xmlns.com/foaf/0.1/givenName;http://www.wikidata.org/entity/P735c	Anthony	 	Anthony	Anthony	 	Anthony	 	 	Anthony	 	5	0.57735	0.30103	1
1	http://xmlns.com/foaf/0.1/isPrimaryTopicOf;http://rdf.freebase.com/ns/common.topic.topic_equivalent_webpage	http://en.wikipedia.org/wiki/Anthony_Grey	http://en.wikipedia.org/wiki/Anthony_Grey; http://openlibrary.org/authors/OL1120327A	 	http://en.wikipedia.org/wiki/Anthony_Grey,_11th_Earl_of_Kent	http://de.wikipedia.org/wiki/Anthony_Grey,_11._Earl_of_Kent; http://it.wikipedia.org/wiki/index.html	 	 	http://en.wikipedia.org/wiki/Anthony_Grey,_Earl_of_Harold; http://en.wikipedia.org/wiki/index.html?c	 	 	5	0.730297	0.30103	1
0	http://xmlns.com/foaf/0.1/name	Anthony Grey	 	 	Anthony Grey, 11th Earl of Kent	 	 	 	 	 	 	2	0.816497	0.69897	1
0	http://xmlns.com/foaf/0.1/surname	Grey	 	 	Grey	 	 	 	 	 	 	2	0.57735	0.69897	1
0	http://rdf.freebase.com/key/authority.openlibrary.author;http://rdf.freebase.com/ns/book.author.openlibrary_id	 	OL1120327A	 	 	 	 	 	 	 	 	1	0.57735	1	1
0	http://rdf.freebase.com/key/authority.us.gov.loc.na	 	n50030681	 	 	 	 	 	 	 	 	1	0.57735	1	1
1	http://rdf.freebase.com/key/user.hangy.viaf;http://www.wikidata.org/entity/P214c	 	100378807	69723856	 	 	34314416	 	 	 	 	3	0.816497	0.522879	1
1	http://rdf.freebase.com/key/wikipedia.en	 	Anthony_Grey	 	 	Anthony_Grey,_11th_Earl_of_Kent	 	 	Anthony_Grey,_Earl_of_Harold	 	 	3	0.816497	0.522879	1
1	http://rdf.freebase.com/key/wikipedia.en_title	 	Anthony_Grey	 	 	Anthony_Grey,_11th_Earl_of_Kent	 	 	Anthony_Grey,_Earl_of_Harold	 	 	3	0.816497	0.522879	1
0	http://rdf.freebase.com/ns/book.author.works_written	 	A Gallery of Nudes; Hostage in Peking	 	 	 	 	 	 	 	 	1	0.816497	1	1
2	http://rdf.freebase.com/ns/common.topic.article;http://schema.org/description	 	Anthony Grey OBE (5 July 1938 - ) is a British journalist and author. As a journalist for Reuters he	British journalist and writer	 	Anthony Grey (1645 鈥?19 August 1702) was Earl of Kent from 1651 to his death. He was the only son of	English noble	 	Anthony Grey, 3rd Baron Lucas, styled Earl of Harold (21 February 1695 鈥?21 July 1723) was a British	English noble	 	6	0.707107	0.221849	1
0	http://rdf.freebase.com/ns/common.topic.notable_for	 	Author	 	 	Noble person	 	 	Noble person	 	 	3	0.57735	0.522879	1
0	http://rdf.freebase.com/ns/common.topic.notable_types	 	Author	 	 	Noble person	 	 	Noble person	 	 	3	0.57735	0.522879	1
0	http://rdf.freebase.com/ns/kg.object_profile.prominent_type	 	Author	 	 	Noble person	 	 	Noble person	 	 	3	0.57735	0.522879	1
0	http://rdf.freebase.com/ns/people.person.place_of_birth	 	Norwich	 	 	 	 	 	 	 	 	1	0.57735	1	1
0	http://rdf.freebase.com/ns/type.object.key	 	/authority/openlibrary/author/OL1120327A; /authority/us/gov/loc/na/n50030681	 	 	/wikipedia/de_id/5004967; /wikipedia/de_title/Anthony_Grey,_11._Earl_of_Kent	 	 	/wikipedia/en_id/9081715; /wikipedia/en_title/Anthony_Grey,_Earl_of_Harold	 	 	3	0.816497	0.522879	1
0	http://rdf.freebase.com/ns/type.object.name	 	Anthony Grey	 	 	Anthony Grey, 11th Earl of Kent	 	 	Anthony Grey, Earl of Harold	 	 	3	0.816497	0.522879	1
0	http://rdf.freebase.com/ns/type.object.type	 	Physically Instantiable	 	 	Deceased Person; Physically Instantiable	 	 	Deceased Person; Physically Instantiable	 	 	3	0.308607	0.522879	1
0	http://www.wikidata.org/entity/P106c	 	 	journalist	 	 	 	 	 	 	 	1	0.57735	1	1
0	http://www.wikidata.org/entity/P2163c	 	 	10222	 	 	 	 	 	 	 	1	0.57735	1	1
0	http://www.wikidata.org/entity/P269c	 	 	73937584	 	 	 	 	 	 	 	1	0.57735	1	1
2	http://dbpedia.org/ontology/deathDate;http://rdf.freebase.com/ns/people.deceased_person.date_of_death;http://www.wikidata.org/entity/P570c;http://yago-knowledge.org/resource/diedOnDate	 	 	 	1702-08-19	1702-08-19	1702-08-19	1702-01-01	1723-07-21	 	1723-01-01	6	0.57735	0.221849	1
0	http://rdf.freebase.com/key/en	 	 	 	 	anthony_grey_11th_earl_of_kent	 	 	anthony_grey_earl_of_harold	 	 	2	0.816497	0.69897	1
1	http://rdf.freebase.com/ns/people.person.children;http://www.wikidata.org/entity/P40c	 	 	 	 	Henry Grey, 1st Duke of Kent	Henry Grey, 1st Duke of Kent	 	 	 	 	2	0.57735	0.69897	1
1	http://rdf.freebase.com/ns/people.person.nationality;http://www.wikidata.org/entity/P27c	 	 	 	 	Kingdom of England	United Kingdom	 	 	 	 	2	0.816497	0.69897	1
0	http://rdf.freebase.com/ns/people.person.parents	 	 	 	 	Henry Grey, 10th Earl of Kent	 	 	Henry Grey, 1st Duke of Kent	 	 	2	0.816497	0.69897	1
0	http://rdf.freebase.com/ns/people.person.spouse_s	 	 	 	 	Mary Grey, Countess of Kent	 	 	 	 	 	1	0.57735	1	1
0	http://rdf.freebase.com/ns/royalty.noble_person.titles	 	 	 	 	Earl of Kent	 	 	Baron Lucas	 	 	2	0.816497	0.69897	1
0	http://www.wikidata.org/entity/P22c	 	 	 	 	 	Henry Grey, 10th Earl of Kent	 	 	Henry Grey, 1st Duke of Kent	 	2	0.816497	0.69897	1
0	http://www.wikidata.org/entity/P734c	 	 	 	 	 	Grey	 	 	Lucas	 	2	0.816497	0.69897	1
0	http://www.w3.org/2004/02/skos/core#prefLabel	 	 	 	 	 	 	Anthony Grey, 11th Earl of Kent	 	 	Anthony Grey, Earl of Harold	2	0.816497	0.69897	1
0	http://yago-knowledge.org/resource/hasWikipediaAnchorText	 	 	 	 	 	 	A Grey family pedigree; Henry Maynard, 4th Baron Maynard	 	 	Henry Grey, 1st Duke of Kent; Lord of the Bedchamber	2	0.771517	0.69897	1
0	http://yago-knowledge.org/resource/hasWikipediaArticleLength	 	 	 	 	 	 	1718	 	 	2298	2	0.816497	0.69897	1
0	http://yago-knowledge.org/resource/hasWikipediaUrl	 	 	 	 	 	 	http://en.wikipedia.org/wiki/Anthony_Grey%2C_11th_Earl_of_Kent	 	 	http://en.wikipedia.org/wiki/Anthony_Grey%2C_Earl_of_Harold	2	0.816497	0.69897	1
0	http://yago-knowledge.org/resource/linksTo	 	 	 	 	 	 	Banastre Maynard, 3rd Baron Maynard; Edward Nevill, 8th Baron Bergavenny	 	 	Henry Grey, 1st Duke of Kent; House of Lords	2	0.73598	0.69897	1
