score	dataset	dbpedia	wikidata	yago-knowledge	dbpedia	freebase	wikidata	dbpedia	freebase	wikidata	yago-knowledge			
	entity	http://dbpedia.org/resource/Ann-Maree_Putney	http://www.wikidata.org/entity/Q4766177	http://yago-knowledge.org/resource/Ann-Maree_Putney	http://dbpedia.org/resource/J.T._Putney	http://rdf.freebase.com/ns/m.0h3pmzc	http://www.wikidata.org/entity/Q16015254	http://dbpedia.org/resource/John_Putney	http://rdf.freebase.com/ns/m.026zrln	http://www.wikidata.org/entity/Q6253590	http://yago-knowledge.org/resource/John_Putney			
0	http://dbpedia.org/ontology/abstract	Ann-Maree Putney of New South Wales is a female Australian ten-pin bowler. As of May 2010 she was ra	 	 	J.T. Putney (October 5, 1928 - April 11, 2001) was a former NASCAR Grand National Series race car dr	 	 	John Putney (born March 6, 1944) was the Iowa State Senator from the 20th District and minority whip	 	 	 	3	0.816497	0.522879
2	http://dbpedia.org/ontology/wikiPageID;http://rdf.freebase.com/key/wikipedia.en_id	27555092	 	 	32724955	32724955	 	8304932	8304932	 	 	5	0.516398	0.30103
0	http://dbpedia.org/ontology/wikiPageLength	710	 	 	4077	 	 	3273	 	 	 	3	0.816497	0.522879
0	http://dbpedia.org/ontology/wikiPageOutDegree	8	 	 	24	 	 	23	 	 	 	3	0.816497	0.522879
0	http://dbpedia.org/ontology/wikiPageRevisionID	718305769	 	 	720375114	 	 	709851957	 	 	 	3	0.816497	0.522879
0	http://purl.org/dc/terms/description	Australian ten-pin bowler	 	 	Former NASCAR driver	 	 	American politician	 	 	 	3	0.816497	0.522879
0	http://purl.org/dc/terms/subject	Australian bowling players; Australian sportswomen	 	 	1928 births; 2001 deaths	 	 	1944 births; Iowa Republicans	 	 	 	3	0.779643	0.522879
0	http://www.w3.org/1999/02/22-rdf-syntax-ns#type;http://www.wikidata.org/entity/P31c	person	human	wikicat Living people; wordnet object 100002684	Natural person; motorsport racer	Measured person; NASCAR Driver	human	Natural person; office holder	Physically Instantiable	human	wikicat Iowa State University alumni; yagoLegalActorGeo	10	0.408248	0
2	http://www.w3.org/2000/01/rdf-schema#comment;http://rdf.freebase.com/ns/common.topic.description	Ann-Maree Putney of New South Wales is a female Australian ten-pin bowler. As of May 2010 she was ra	 	 	J.T. Putney (October 5, 1928 - April 11, 2001) was a former NASCAR Grand National Series race car dr	J.T. Putney was a former NASCAR Grand National Series race car driver who would accomplish 16 finish	 	John Putney (born March 6, 1944) was the Iowa State Senator from the 20th District and minority whip	John Putney was the Iowa State Senator from the 20th District and minority whip. A Republican, he se	 	 	5	0.816497	0.30103
3	http://www.w3.org/2000/01/rdf-schema#label	Ann-Maree Putney	Ann-Maree Putney	Ann-Maree Putney	J.T. Putney	J.T. Putney	J.T. Putney	John Putney	John Putney	John Putney	John Putney	10	0.288675	0
0	http://www.w3.org/2002/07/owl#sameAs	Ann-Maree Putney	 	 	 	 	 	 	 	 	 	1	0.57735	1
0	http://www.w3.org/ns/prov#wasDerivedFrom	http://en.wikipedia.org/wiki/Ann-Maree_Putney?oldid=718305769	 	 	http://en.wikipedia.org/wiki/J.T._Putney?oldid=720375114	 	 	http://en.wikipedia.org/wiki/John_Putney?oldid=709851957	 	 	 	3	0.816497	0.522879
1	http://xmlns.com/foaf/0.1/gender;http://www.wikidata.org/entity/P21c;http://yago-knowledge.org/resource/hasGender;http://rdf.freebase.com/ns/people.person.gender	female	female	female	male	 	male	male	male	male	male	9	0.333333	0.045757
1	http://xmlns.com/foaf/0.1/isPrimaryTopicOf;http://rdf.freebase.com/ns/common.topic.topic_equivalent_webpage	http://en.wikipedia.org/wiki/Ann-Maree_Putney	 	 	http://en.wikipedia.org/wiki/J.T._Putney	http://en.wikipedia.org/wiki/J.T._Putney; http://en.wikipedia.org/wiki/index.html?curid=32724955	 	http://en.wikipedia.org/wiki/John_Putney	http://en.wikipedia.org/wiki/John_Putney; http://en.wikipedia.org/wiki/index.html?curid=8304932	 	 	5	0.617213	0.30103
0	http://xmlns.com/foaf/0.1/name	Ann-Maree Putney	 	 	J.T. Putney	 	 	John Putney	 	 	 	3	0.816497	0.522879
2	http://schema.org/description;http://rdf.freebase.com/ns/common.topic.article	 	Australian ten-pin bowler	 	 	J.T. Putney (October 5, 1928 - April 11, 2001)) was a former NASCAR Grand National Series race car d	Former NASCAR driver	 	John Putney (born March 6, 1944) was the Iowa State Senator from the 20th District and minority whip	American politician	 	5	0.816497	0.30103
1	http://www.wikidata.org/entity/P106c;http://dbpedia.org/ontology/occupation	 	bowler	 	 	 	 	Iowa State Fair	 	politician	 	3	0.816497	0.522879
0	http://www.wikidata.org/entity/P27c	 	Australia	 	 	 	 	 	 	United States of America	 	2	0.816497	0.69897
0	http://www.w3.org/2004/02/skos/core#prefLabel	 	 	Ann-Maree Putney	 	 	 	 	 	 	John Putney	2	0.816497	0.69897
0	http://yago-knowledge.org/resource/hasCitationTitle	 	 	National Rankings Adult Female Top 20	 	 	 	 	 	 	 	1	0.57735	1
0	http://yago-knowledge.org/resource/hasFamilyName;http://xmlns.com/foaf/0.1/surname	 	 	Putney	 	 	 	Putney	 	 	Putney	3	0.57735	0.522879
1	http://yago-knowledge.org/resource/hasGivenName;http://xmlns.com/foaf/0.1/givenName;http://www.wikidata.org/entity/P735c	 	 	Ann-Maree	J.	 	J.	John	 	John	John	6	0.408248	0.221849
0	http://yago-knowledge.org/resource/hasWikipediaAnchorText	 	 	Natalie Shelley; New South Wales	 	 	 	 	 	 	Gladbrook, Iowa; Iowa State University	2	0.816497	0.69897
3	http://dbpedia.org/ontology/birthDate;http://rdf.freebase.com/ns/people.person.date_of_birth;http://www.wikidata.org/entity/P569c;http://yago-knowledge.org/resource/wasBornOnDate	 	 	 	1928/10/5	1928/10/5	1928/10/5	1944/3/6	1944/3/6	1944/3/6	1944/3/6	7	0.288675	0.154902
1	http://dbpedia.org/ontology/deathDate;http://rdf.freebase.com/ns/people.deceased_person.date_of_death;http://www.wikidata.org/entity/P570c	 	 	 	2001/4/11	2001/4/11	2001/4/11	 	 	 	 	3	0.57735	0.522879
0	http://rdf.freebase.com/key/wikipedia.en	 	 	 	 	J.T._Putney	 	 	John_Putney	 	 	2	0.816497	0.69897
0	http://rdf.freebase.com/key/wikipedia.en_title	 	 	 	 	J.T._Putney	 	 	John_Putney	 	 	2	0.816497	0.69897
0	http://rdf.freebase.com/ns/common.topic.notable_for	 	 	 	 	Professional Athlete	 	 	Politician	 	 	2	0.816497	0.69897
0	http://rdf.freebase.com/ns/common.topic.notable_types	 	 	 	 	Athlete	 	 	Politician	 	 	2	0.816497	0.69897
0	http://rdf.freebase.com/ns/kg.object_profile.prominent_type	 	 	 	 	Athlete	 	 	Politician	 	 	2	0.816497	0.69897
1	http://rdf.freebase.com/ns/people.person.place_of_birth;http://dbpedia.org/ontology/birthPlace;http://yago-knowledge.org/resource/wasBornIn	 	 	 	 	Arden	 	Gladbrook, Iowa	Gladbrook	 	Gladbrook, Iowa	4	0.645497	0.39794
0	http://rdf.freebase.com/ns/type.object.key	 	 	 	 	/wikipedia/en_id/32724955; /wikipedia/en_title/J.T._Putney	 	 	/source/videosurf/128825; /wikipedia/en_id/8304932	 	 	2	0.816497	0.69897
0	http://rdf.freebase.com/ns/type.object.name	 	 	 	 	J.T. Putney	 	 	John Putney	 	 	2	0.816497	0.69897
0	http://rdf.freebase.com/ns/type.object.type	 	 	 	 	Measured person; NASCAR Driver	 	 	Physically Instantiable	 	 	2	0.556349	0.69897
1	http://dbpedia.org/ontology/almaMater;http://rdf.freebase.com/ns/people.person.education;http://www.wikidata.org/entity/P69c;http://yago-knowledge.org/resource/graduatedFrom	 	 	 	 	 	 	Iowa State University; University of Nebraska	Iowa State University; University of Nebraska鈥揕incoln	Iowa State University	Iowa State University; University of Nebraska鈥揕incoln	4	0.308607	0.39794
1	http://dbpedia.org/ontology/party;http://rdf.freebase.com/ns/government.politician.party;http://www.wikidata.org/entity/P102c;http://yago-knowledge.org/resource/isAffiliatedTo	 	 	 	 	 	 	Republican Party of Iowa	Republican Party of Iowa	Republican Party of Iowa	Republican Party of Iowa	4	0	0.39794
0	http://dbpedia.org/ontology/residence	 	 	 	 	 	 	Gladbrook, Iowa	 	 	 	1	0.57735	1
0	http://dbpedia.org/ontology/termPeriod	 	 	 	 	 	 	http://dbpedia.org/resource/John_Putney__1	 	 	 	1	0.57735	1
0	http://dbpedia.org/ontology/thumbnail	 	 	 	 	 	 	http://commons.wikimedia.org/wiki/Special:FilePath/John_Putney_-_Official_Portrait_-_82nd_GA.jpg?wid	 	 	 	1	0.57735	1
0	http://dbpedia.org/ontology/wikiPageExternalLink	 	 	 	 	 	 	http://votesmart.org/bio.php?can_id=32551; http://www3.legis.state.ia.us/ga/member.do?id=271&ga=82	 	 	 	1	0.816497	1
0	http://xmlns.com/foaf/0.1/depiction	 	 	 	 	 	 	http://commons.wikimedia.org/wiki/Special:FilePath/John_Putney_-_Official_Portrait_-_82nd_GA.jpg	 	 	 	1	0.57735	1
1	http://xmlns.com/foaf/0.1/homepage;http://rdf.freebase.com/ns/common.topic.official_website;http://yago-knowledge.org/resource/hasWebsite	 	 	 	 	 	 	http://www3.legis.state.ia.us/ga/member.do?id=271&ga=82	http://www3.legis.state.ia.us/ga/member.do?id=271&amp;ga=82	 	http://www3.legis.state.ia.us/ga/member.do	3	0.816497	0.522879
0	http://rdf.freebase.com/key/en	 	 	 	 	 	 	 	john_putney	 	 	1	0.57735	1
0	http://rdf.freebase.com/key/source.videosurf	 	 	 	 	 	 	 	128825	 	 	1	0.57735	1
0	http://rdf.freebase.com/ns/common.topic.webpage	 	 	 	 	 	 	 	http://rdf.freebase.com/ns/m.03lw8kz	 	 	1	0.57735	1
1	http://rdf.freebase.com/ns/people.person.places_lived;http://yago-knowledge.org/resource/livesIn	 	 	 	 	 	 	 	Gladbrook	 	Gladbrook, Iowa	2	0.816497	0.69897
0	http://rdf.freebase.com/ns/people.person.spouse_s	 	 	 	 	 	 	 	Emily Putney	 	 	1	0.57735	1
0	http://www.wikidata.org/entity/P18c	 	 	 	 	 	 	 	 	http://commons.wikimedia.org/wiki/File:John_Putney_-_Official_Portrait_-_82nd_GA.jpg	 	1	0.57735	1
0	http://www.wikidata.org/entity/P373c	 	 	 	 	 	 	 	 	John Putney	 	1	0.57735	1
0	http://www.wikidata.org/entity/P39c	 	 	 	 	 	 	 	 	member of the Iowa Senate	 	1	0.57735	1
0	http://yago-knowledge.org/resource/hasWikipediaArticleLength	 	 	 	 	 	 	 	 	 	3652	1	0.57735	1
0	http://yago-knowledge.org/resource/hasWikipediaUrl	 	 	 	 	 	 	 	 	 	http://en.wikipedia.org/wiki/John_Putney	1	0.57735	1
0	http://yago-knowledge.org/resource/linksTo	 	 	 	 	 	 	 	 	 	Gladbrook, Iowa; Iowa State University	1	0.816497	1
