score	dataset	dbpedia	wikidata	dbpedia	freebase	wikidata	yago-knowledge	dbpedia	freebase	wikidata	yago-knowledge				
	entity	http://dbpedia.org/resource/Clement_Mudford	http://www.wikidata.org/entity/Q20679418	http://dbpedia.org/resource/Grant_Mudford	http://rdf.freebase.com/ns/m.02rf8tj	http://www.wikidata.org/entity/Q5596363	http://yago-knowledge.org/resource/Grant_Mudford	http://dbpedia.org/resource/Ken_Mudford	http://rdf.freebase.com/ns/m.03qh27g	http://www.wikidata.org/entity/Q3814495	http://yago-knowledge.org/resource/Ken_Mudford				
0	http://dbpedia.org/ontology/abstract	Clement Mudford (21 January 1915 鈥?10 March 1977) was an Australian sports shooter. He competed in t	 	Grant Mudford (born 1944 in Sydney), is an Australian photographer.	 	 	 	Ken Mudford (17 April 1923 鈥?17 May 2004) is a former Grand Prix motorcycle road racer from New Zeal	 	 	 	3	0.816497	0.522879	1
3	http://dbpedia.org/ontology/birthDate;http://www.wikidata.org/entity/P569c;http://rdf.freebase.com/ns/people.person.date_of_birth;http://yago-knowledge.org/resource/wasBornOnDate	1915/1/21	1915/1/21	1944/1/1	1944	1944	1944/1/1	1923/4/17	1923/4/17	1923/4/17	1923/1/1	10	0.348155	0	1
1	http://dbpedia.org/ontology/birthPlace;http://rdf.freebase.com/ns/people.person.place_of_birth	Malmsbury, Victoria	 	Sydney	Australia	 	 	 	 	 	 	3	0.816497	0.522879	1
2	http://dbpedia.org/ontology/deathDate;http://www.wikidata.org/entity/P570c;http://rdf.freebase.com/ns/people.deceased_person.date_of_death;http://yago-knowledge.org/resource/diedOnDate	1977/3/10	1977/3/10	 	 	 	 	2004/5/17	2004/5/17	2004/5/17	2004/1/1	6	0.308607	0.221849	1
0	http://dbpedia.org/ontology/deathPlace	Ringwood, Victoria	 	 	 	 	 	 	 	 	 	1	0.57735	1	1
2	http://dbpedia.org/ontology/wikiPageID;http://rdf.freebase.com/key/wikipedia.en_id	47023951	 	11481086	11481086	 	 	15928117	15928117	 	 	5	0.516398	0.30103	1
0	http://dbpedia.org/ontology/wikiPageLength	1370	 	7671	 	 	 	1786	 	 	 	3	0.816497	0.522879	1
0	http://dbpedia.org/ontology/wikiPageOutDegree	11	 	24	 	 	 	25	 	 	 	3	0.816497	0.522879	1
0	http://dbpedia.org/ontology/wikiPageRevisionID	667664302	 	711287151	 	 	 	713712404	 	 	 	3	0.816497	0.522879	1
0	http://purl.org/dc/terms/subject	Australian male sport shooters; Olympic shooters of Australia	 	1944 births; Architectural photographers	 	 	 	1923 births; 350cc World Championship riders	 	 	 	3	0.816497	0.522879	1
0	http://www.w3.org/1999/02/22-rdf-syntax-ns#type;http://www.wikidata.org/entity/P31c	Natural person	human	person	Physically Instantiable; Visual Artist	human	wikicat Architectural photographers; wikicat Living people	Natural person; motorcycle rider	Deceased Person; Physically Instantiable	human	wikicat 350cc World Championship riders; wordnet object 100002684	10	0.358057	0	1
2	http://www.w3.org/2000/01/rdf-schema#comment;http://rdf.freebase.com/ns/common.topic.description	Clement Mudford (21 January 1915 鈥?10 March 1977) was an Australian sports shooter. He competed in t	 	Grant Mudford (born 1944 in Sydney), is an Australian photographer.	Grant Mudford, is an Australian photographer.	 	 	Ken Mudford (17 April 1923 鈥?17 May 2004) is a former Grand Prix motorcycle road racer from New Zeal	Ken Mudford is a former Grand Prix motorcycle road racer from New Zealand. He competed in Grand Prix	 	 	5	0.816497	0.30103	1
3	http://www.w3.org/2000/01/rdf-schema#label	Clement Mudford	Clement Mudford	Grant Mudford	Grant Mudford	Grant Mudford	Grant Mudford	Ken Mudford	Ken Mudford	Ken Mudford	Ken Mudford	10	0.288675	0	1
0	http://www.w3.org/2002/07/owl#sameAs	Clement Mudford	 	 	 	 	 	 	 	 	 	1	0.57735	1	0
0	http://www.w3.org/ns/prov#wasDerivedFrom	http://en.wikipedia.org/wiki/Clement_Mudford?oldid=667664302	 	http://en.wikipedia.org/wiki/Grant_Mudford?oldid=711287151	 	 	 	http://en.wikipedia.org/wiki/Ken_Mudford?oldid=713712404	 	 	 	3	0.816497	0.522879	1
0	http://xmlns.com/foaf/0.1/gender;http://www.wikidata.org/entity/P21c;http://rdf.freebase.com/ns/people.person.gender;http://yago-knowledge.org/resource/hasGender	male	male	male	male	male	male	male	male	male	male	10	0.57735	0	1
2	http://xmlns.com/foaf/0.1/givenName;http://www.wikidata.org/entity/P735c;http://yago-knowledge.org/resource/hasGivenName	Clement	Clement	Grant	 	Grant	Grant	Ken	 	Ken	Ken	8	0.204124	0.09691	1
1	http://xmlns.com/foaf/0.1/isPrimaryTopicOf;http://rdf.freebase.com/ns/common.topic.topic_equivalent_webpage	http://en.wikipedia.org/wiki/Clement_Mudford	 	http://en.wikipedia.org/wiki/Grant_Mudford	http://en.wikipedia.org/wiki/Grant_Mudford; http://en.wikipedia.org/wiki/index.html?curid=11481086	 	 	http://en.wikipedia.org/wiki/Ken_Mudford	http://en.wikipedia.org/wiki/Ken_Mudford; http://it.wikipedia.org/wiki/index.html?curid=2999962	 	 	5	0.666667	0.30103	1
0	http://xmlns.com/foaf/0.1/name	Clement Mudford	 	Grant Mudford	 	 	 	Ken Mudford	 	 	 	3	0.816497	0.522879	1
0	http://xmlns.com/foaf/0.1/surname;http://yago-knowledge.org/resource/hasFamilyName	Mudford	 	Mudford	 	 	Mudford	Mudford	 	 	Mudford	5	0.57735	0.30103	1
0	http://www.wikidata.org/entity/P1344c	 	1956 Summer Olympics	 	 	 	 	 	 	 	 	1	0.57735	1	1
0	http://www.wikidata.org/entity/P1447c	 	mu/clement-mudford-1	 	 	 	 	 	 	 	 	1	0.57735	1	1
2	http://www.wikidata.org/entity/P27c;http://dbpedia.org/ontology/country;http://dbpedia.org/ontology/nationality;http://rdf.freebase.com/ns/people.person.nationality;http://yago-knowledge.org/resource/isCitizenOf	 	Australia	 	 	Australia	 	New Zealand	New Zealand	New Zealand	New Zealand	6	0.218218	0.221849	1
0	http://dbpedia.org/ontology/thumbnail	 	 	http://commons.wikimedia.org/wiki/Special:FilePath/Grant_mudford.jpg?width=300	 	 	 	 	 	 	 	1	0.57735	1	1
0	http://dbpedia.org/ontology/wikiPageExternalLink	 	 	http://artscenecal.com/ArticlesFile/Archive/Articles2002/Articles1202/GMudfordA.html; http://nla.gov	 	 	 	 	 	 	 	1	0.816497	1	1
0	http://purl.org/dc/terms/description	 	 	Australian photographer	 	 	 	New Zealand motorcycle racer	 	 	 	2	0.816497	0.69897	1
0	http://xmlns.com/foaf/0.1/depiction	 	 	http://commons.wikimedia.org/wiki/Special:FilePath/Grant_mudford.jpg	 	 	 	 	 	 	 	1	0.57735	1	1
1	http://xmlns.com/foaf/0.1/homepage;http://www.wikidata.org/entity/P856c	 	 	http://www.grantmudford.com/	 	http://www.grantmudford.com/	 	 	 	 	 	2	0.57735	0.69897	1
0	http://rdf.freebase.com/key/en	 	 	 	grant_mudford	 	 	 	ken_mudford	 	 	2	0.816497	0.69897	1
0	http://rdf.freebase.com/key/wikipedia.en	 	 	 	Grant_Mudford	 	 	 	Ken_Mudford	 	 	2	0.816497	0.69897	1
0	http://rdf.freebase.com/key/wikipedia.en_title	 	 	 	Grant_Mudford	 	 	 	Ken_Mudford	 	 	2	0.816497	0.69897	1
1	http://rdf.freebase.com/ns/common.topic.article;http://schema.org/description	 	 	 	Grant Mudford. Born 1944 in Sydney, Australia. Australian contemporary photographer. From 1963 to 19	Australian photographer	 	 	Ken Mudford (April 17, 1923 - May 17, 2004) is a former Grand Prix motorcycle road racer from New Ze	New Zealand motorcycle racer	 	4	0.816497	0.39794	1
0	http://rdf.freebase.com/ns/common.topic.image	 	 	 	Grant mudford	 	 	 	 	 	 	1	0.57735	1	1
0	http://rdf.freebase.com/ns/common.topic.notable_for	 	 	 	http://rdf.freebase.com/ns/g.125bxmqc6	 	 	 	Man	 	 	2	0.816497	0.69897	1
0	http://rdf.freebase.com/ns/common.topic.notable_types	 	 	 	Visual Artist	 	 	 	Deceased Person	 	 	2	0.816497	0.69897	1
0	http://rdf.freebase.com/ns/kg.object_profile.prominent_type	 	 	 	Visual Artist	 	 	 	Deceased Person	 	 	2	0.816497	0.69897	1
0	http://rdf.freebase.com/ns/people.person.education;http://www.wikidata.org/entity/P69c	 	 	 	University of New South Wales	University of New South Wales	 	 	 	 	 	2	0.57735	0.69897	1
1	http://rdf.freebase.com/ns/people.person.profession;http://www.wikidata.org/entity/P106c	 	 	 	Photographer	photographer	 	 	 	motorcycle racer	 	3	0.816497	0.522879	1
0	http://rdf.freebase.com/ns/type.object.key	 	 	 	/wikipedia/en_id/11481086; /wikipedia/en_title/Grant_Mudford	 	 	 	/wikipedia/en_id/15928117; /wikipedia/en_title/Ken_Mudford	 	 	2	0.816497	0.69897	1
0	http://rdf.freebase.com/ns/type.object.name	 	 	 	Grant Mudford	 	 	 	Ken Mudford	 	 	2	0.816497	0.69897	1
0	http://rdf.freebase.com/ns/type.object.type	 	 	 	Physically Instantiable; Visual Artist	 	 	 	Deceased Person; Physically Instantiable	 	 	2	0.5	0.69897	1
0	http://www.w3.org/2004/02/skos/core#altLabel	 	 	 	 	Grant Leighton Mudford	 	 	 	 	 	1	0.57735	1	1
0	http://www.wikidata.org/entity/P1006c	 	 	 	 	96859164	 	 	 	 	 	1	0.57735	1	1
0	http://www.wikidata.org/entity/P1412c	 	 	 	 	English	 	 	 	 	 	1	0.57735	1	1
0	http://www.wikidata.org/entity/P1795c	 	 	 	 	18501	 	 	 	 	 	1	0.57735	1	1
0	http://www.wikidata.org/entity/P2041c	 	 	 	 	2547	 	 	 	 	 	1	0.57735	1	1
0	http://www.wikidata.org/entity/P213c	 	 	 	 	0000 0001 1020 6932	 	 	 	 	 	1	0.57735	1	1
0	http://www.wikidata.org/entity/P214c	 	 	 	 	7607915	 	 	 	 	 	1	0.57735	1	1
0	http://www.wikidata.org/entity/P2163c	 	 	 	 	34370	 	 	 	 	 	1	0.57735	1	1
0	http://www.wikidata.org/entity/P245c	 	 	 	 	500112196	 	 	 	 	 	1	0.57735	1	1
0	http://www.wikidata.org/entity/P268c	 	 	 	 	144436505	 	 	 	 	 	1	0.57735	1	1
0	http://www.wikidata.org/entity/P269c	 	 	 	 	88732142	 	 	 	 	 	1	0.57735	1	1
0	http://www.wikidata.org/entity/P650c	 	 	 	 	319971	 	 	 	 	 	1	0.57735	1	1
0	http://www.w3.org/2004/02/skos/core#prefLabel	 	 	 	 	 	Grant Mudford	 	 	 	Ken Mudford	2	0.816497	0.69897	1
0	http://yago-knowledge.org/resource/hasWikipediaAnchorText	 	 	 	 	 	Architectural Digest; Grant's Website	 	 	 	Isle of Man; Ken Mudford career statistics at MotoGP.com	2	0.816497	0.69897	1
0	http://yago-knowledge.org/resource/hasWikipediaArticleLength	 	 	 	 	 	7990	 	 	 	2022	2	0.816497	0.69897	1
0	http://yago-knowledge.org/resource/hasWikipediaUrl	 	 	 	 	 	http://en.wikipedia.org/wiki/Grant_Mudford	 	 	 	http://en.wikipedia.org/wiki/Ken_Mudford	2	0.816497	0.69897	1
0	http://yago-knowledge.org/resource/linksTo	 	 	 	 	 	Architectural Digest; Harper's Bazaar	 	 	 	1951 Grand Prix motorcycle racing season; 1951 Isle of Man TT	2	0.816497	0.69897	1
