score	dataset	dbpedia	freebase	wikidata	yago-knowledge	dbpedia	freebase	wikidata	yago-knowledge	dbpedia	wikidata				
	entity	http://dbpedia.org/resource/Erasmus_Darwin	http://rdf.freebase.com/ns/m.02jrd	http://www.wikidata.org/entity/Q234050	http://yago-knowledge.org/resource/Erasmus_Darwin	http://dbpedia.org/resource/Erasmus_Darwin_Barlow	http://rdf.freebase.com/ns/m.027dh2d	http://www.wikidata.org/entity/Q5384951	http://yago-knowledge.org/resource/Erasmus_Darwin_Barlow	http://dbpedia.org/resource/Erasmus_Darwin_IV	http://www.wikidata.org/entity/Q16059004				
0	http://dbpedia.org/ontology/abstract	Erasmus Darwin (12 December 1731 鈥?18 April 1802) was an English physician. One of the key thinkers 	 	 	 	Erasmus Darwin Barlow, FRCPsych, FZS (15 April 1915 鈥?2 August 2005) was a British psychiatrist, phy	 	 	 	Erasmus Darwin MA (7 December 1881 鈥?24 April 1915), grandson of the naturalist Charles Darwin, was 	 	3	0.816497	0.522879	1
3	http://dbpedia.org/ontology/birthDate;http://dbpedia.org/ontology/birthYear;http://rdf.freebase.com/ns/people.person.date_of_birth;http://www.wikidata.org/entity/P569c;http://yago-knowledge.org/resource/wasBornOnDate	1731-12-12	1731-12-12	1731-12-12	1731-12-12	1915/4/15	1915/4/15	1915/4/15	1915/1/1	1881-12-07	1881-12-07	10	0.348155	0	1
1	http://dbpedia.org/ontology/birthPlace;http://rdf.freebase.com/ns/people.person.place_of_birth;http://www.wikidata.org/entity/P19c;http://yago-knowledge.org/resource/wasBornIn	Newark-on-Trent; Nottinghamshire	Newark-on-Trent	Elston	Nottingham	 	 	 	 	 	 	4	0.57735	0.39794	1
3	http://dbpedia.org/ontology/deathDate;http://rdf.freebase.com/ns/people.deceased_person.date_of_death;http://www.wikidata.org/entity/P570c;http://yago-knowledge.org/resource/diedOnDate	1802-04-18	1802-04-18	1802-04-18	1802-04-18	2005/8/2	2005/8/2	2005/8/2	2005/1/1	1915/4/24	1915/4/24	10	0.174078	0	1
1	http://dbpedia.org/ontology/deathPlace;http://rdf.freebase.com/ns/people.deceased_person.place_of_death;http://www.wikidata.org/entity/P20c	Breadsall	Breadsall	Breadsall	 	 	 	 	 	 	 	3	0.408248	0.522879	1
0	http://dbpedia.org/ontology/deathYear	1802	 	 	 	 	 	 	 	 	 	1	0.57735	1	1
0	http://dbpedia.org/ontology/residence	Lichfield	 	 	 	 	 	 	 	 	 	1	0.57735	1	1
0	http://dbpedia.org/ontology/restingPlace	Breadsall	 	 	 	 	 	 	 	 	 	1	0.57735	1	1
0	http://dbpedia.org/ontology/thumbnail	http://commons.wikimedia.org/wiki/Special:FilePath/Portrait_of_Erasmus_Darwin_by_Joseph_Wright_of_De	 	 	 	 	 	 	 	http://commons.wikimedia.org/wiki/Special:FilePath/Menenpoort_ieper.jpg?width=300	 	2	0.816497	0.69897	1
0	http://dbpedia.org/ontology/wikiPageExternalLink	http://asteria.fivecolleges.edu/findaids/mountholyoke/mshm003_main.html; http://www.erasmusdarwin.or	 	 	 	 	 	 	 	 	 	1	0.816497	1	1
2	http://dbpedia.org/ontology/wikiPageID;http://rdf.freebase.com/key/wikipedia.en_id	9299	9299	 	 	8673558	8673558	 	 	38980076	 	5	0.516398	0.30103	1
0	http://dbpedia.org/ontology/wikiPageLength	31314	 	 	 	6372	 	 	 	9047	 	3	0.816497	0.522879	1
0	http://dbpedia.org/ontology/wikiPageOutDegree	165	 	 	 	57	 	 	 	80	 	3	0.816497	0.522879	1
0	http://dbpedia.org/ontology/wikiPageRevisionID	744466127	 	 	 	739778222	 	 	 	723002314	 	3	0.816497	0.522879	1
0	http://purl.org/dc/terms/description	English physician, botanist; member of the Lunar Society	 	 	 	British scientist and businessman	 	 	 	Grandson of Charles Darwin	 	3	0.816497	0.522879	1
0	http://purl.org/dc/terms/subject	1731 births; 1802 deaths	 	 	 	1915 births; Alumni of University College London	 	 	 	1881 births; British military personnel killed in World War I	 	3	0.816497	0.522879	1
0	http://www.w3.org/1999/02/22-rdf-syntax-ns#type;http://www.wikidata.org/entity/P31c	Natural person	Deceased Person; Family member	human	wordnet zoologist 110806222; wikicat 18th-century botanists	person	Deceased Person; Family member	human	wikicat Alumni of Trinity College, Cambridge; wordnet physiologist 110429965	person	human	10	0.572675	0	1
2	http://www.w3.org/2000/01/rdf-schema#comment;http://rdf.freebase.com/ns/common.topic.description	Erasmus Darwin (12 December 1731 鈥?18 April 1802) was an English physician. One of the key thinkers 	Erasmus Darwin was an English physician. One of the key thinkers of the Midlands Enlightenment, he w	 	 	Erasmus Darwin Barlow, FRCPsych, FZS (15 April 1915 鈥?2 August 2005) was a British psychiatrist, phy	Erasmus Darwin Barlow, FRCPsych, FZS was a British psychiatrist, physiologist and businessman. Born 	 	 	Erasmus Darwin MA (7 December 1881 鈥?24 April 1915), grandson of the naturalist Charles Darwin, was 	 	5	0.816497	0.30103	1
3	http://www.w3.org/2000/01/rdf-schema#label	Erasmus Darwin	Erasmus Darwin	Erasmus Darwin	Erasmus Darwin	Erasmus Darwin Barlow	Erasmus Darwin Barlow	Erasmus Darwin Barlow	Erasmus Darwin Barlow	Erasmus Darwin IV	Erasmus Darwin IV	10	0.160128	0	1
0	http://www.w3.org/2002/07/owl#sameAs	 	 	 	 	 	 	 	 	Erasmus Darwin IV	 	1	0.57735	1	0
0	http://www.w3.org/ns/prov#wasDerivedFrom	http://en.wikipedia.org/wiki/Erasmus_Darwin?oldid=744466127	 	 	 	http://en.wikipedia.org/wiki/Erasmus_Darwin_Barlow?oldid=739778222	 	 	 	http://en.wikipedia.org/wiki/Erasmus_Darwin_IV?oldid=723002314	 	3	0.816497	0.522879	1
0	http://xmlns.com/foaf/0.1/depiction	http://commons.wikimedia.org/wiki/Special:FilePath/Portrait_of_Erasmus_Darwin_by_Joseph_Wright_of_De	 	 	 	 	 	 	 	http://commons.wikimedia.org/wiki/Special:FilePath/Menenpoort_ieper.jpg	 	2	0.816497	0.69897	1
0	http://xmlns.com/foaf/0.1/gender;http://rdf.freebase.com/ns/people.person.gender;http://www.wikidata.org/entity/P21c;http://yago-knowledge.org/resource/hasGender	male	male	male	male	male	male	male	male	male	male	10	0.57735	0	1
0	http://xmlns.com/foaf/0.1/givenName;http://www.wikidata.org/entity/P735c;http://yago-knowledge.org/resource/hasGivenName	Erasmus	 	Erasmus	Erasmus	Erasmus	 	Erasmus	Erasmus	Erasmus	Erasmus	8	0.57735	0.09691	1
1	http://xmlns.com/foaf/0.1/isPrimaryTopicOf;http://rdf.freebase.com/ns/common.topic.topic_equivalent_webpage	http://en.wikipedia.org/wiki/Erasmus_Darwin	http://ar.wikipedia.org/wiki/%25%31%27%33%45%48%33_%2F%27%31%48%4A%46; http://viaf.org/viaf/7419078/	 	 	http://en.wikipedia.org/wiki/Erasmus_Darwin_Barlow	http://en.wikipedia.org/wiki/Erasmus_Darwin_Barlow	 	 	http://en.wikipedia.org/wiki/Erasmus_Darwin_IV	 	5	0.795822	0.30103	1
0	http://xmlns.com/foaf/0.1/name	Erasmus Darwin	 	 	 	Erasmus Darwin Barlow	 	 	 	Erasmus Darwin IV	 	3	0.816497	0.522879	1
0	http://xmlns.com/foaf/0.1/surname;http://yago-knowledge.org/resource/hasFamilyName	Darwin	 	 	Darwin	 	 	 	Barlow	 	 	3	0.57735	0.522879	1
1	http://rdf.freebase.com/key/authority.nndb;http://rdf.freebase.com/ns/user.narphorium.people.nndb_person.nndb_id;http://www.wikidata.org/entity/P1263c	 	256/000049109	256/000049109	 	 	 	 	 	 	 	2	0.57735	0.69897	1
1	http://rdf.freebase.com/key/authority.openlibrary.author;http://rdf.freebase.com/ns/book.author.openlibrary_id;http://www.wikidata.org/entity/P648c	 	OL162570A	OL162570A	 	 	 	 	 	 	 	2	0.57735	0.69897	1
1	http://rdf.freebase.com/key/authority.us.gov.loc.na;http://www.wikidata.org/entity/P244c	 	n50037924	n50037924	 	 	 	 	 	 	 	2	0.57735	0.69897	1
0	http://rdf.freebase.com/key/en	 	erasmus_darwin	 	 	 	erasmus_darwin_barlow	 	 	 	 	2	0.816497	0.69897	1
0	http://rdf.freebase.com/key/source.videosurf	 	115190	 	 	 	 	 	 	 	 	1	0.57735	1	1
0	http://rdf.freebase.com/key/user.avh.ellerdale	 	0080-428f	 	 	 	 	 	 	 	 	1	0.57735	1	1
1	http://rdf.freebase.com/key/user.hangy.viaf;http://www.wikidata.org/entity/P214c	 	7419078	7419078	 	 	 	 	 	 	 	2	0.57735	0.69897	1
0	http://rdf.freebase.com/key/wikipedia.en	 	Botanical_Society_of_Lichfield; Erasmus_Darwin_the_Elder	 	 	 	Erasmus_Darwin_Barlow	 	 	 	 	2	0.816497	0.69897	1
0	http://rdf.freebase.com/key/wikipedia.en_title	 	Erasmus_Darwin	 	 	 	Erasmus_Darwin_Barlow	 	 	 	 	2	0.816497	0.69897	1
0	http://rdf.freebase.com/ns/base.kwebbase.kwtopic.assessment	 	Darwin was a prominent member of the skeptical materialists of the 18th century whose belief in evol	 	 	 	 	 	 	 	 	1	0.57735	1	1
0	http://rdf.freebase.com/ns/base.kwebbase.kwtopic.category	 	medicine and psychology	 	 	 	 	 	 	 	 	1	0.57735	1	1
0	http://rdf.freebase.com/ns/base.kwebbase.kwtopic.connections_from	 	erasmus darwin a pal of jean jacques rousseau; erasmus darwin a pal of matthew boulton	 	 	 	 	 	 	 	 	1	0.816497	1	1
0	http://rdf.freebase.com/ns/base.kwebbase.kwtopic.connections_to	 	etienne-jules marey work related to erasmus darwin; john wilkinson knew erasmus darwin	 	 	 	 	 	 	 	 	1	0.816497	1	1
0	http://rdf.freebase.com/ns/base.kwebbase.kwtopic.disciplines	 	physician	 	 	 	 	 	 	 	 	1	0.57735	1	1
0	http://rdf.freebase.com/ns/base.kwebbase.kwtopic.has_sentences	 	Zoonamia was translated into several European languages and a pirated edition was printed in Ameri	 	 	 	 	 	 	 	 	1	0.816497	1	1
0	http://rdf.freebase.com/ns/base.kwebbase.kwtopic.kwtype	 	Person	 	 	 	 	 	 	 	 	1	0.57735	1	1
0	http://rdf.freebase.com/ns/book.author.works_written	 	Beauties of The botanic garden; Les amours des plantes	 	 	 	 	 	 	 	 	1	0.816497	1	1
0	http://rdf.freebase.com/ns/book.book_subject.works	 	The Life of Erasmus Darwin	 	 	 	 	 	 	 	 	1	0.57735	1	1
1	http://rdf.freebase.com/ns/common.topic.article;http://schema.org/description	 	Erasmus Darwin (12 December 1731 鈥?18 April 1802) was an English physician who turned down George II	English physician, botanist; member of the Lunar Society	 	 	Erasmus Darwin Barlow FRCPsych FZS (15 April 1915 鈥?2 August 2005) was a British psychiatrist, physi	British scientist and businessman	 	 	Grandson of Charles Darwin	5	0.816497	0.30103	1
0	http://rdf.freebase.com/ns/common.topic.image	 	Erasmus Darwin	 	 	 	 	 	 	 	 	1	0.57735	1	1
0	http://rdf.freebase.com/ns/common.topic.notable_for	 	Botanist	 	 	 	Deceased Person	 	 	 	 	2	0.816497	0.69897	1
0	http://rdf.freebase.com/ns/common.topic.notable_types	 	Physician	 	 	 	Deceased Person	 	 	 	 	2	0.816497	0.69897	1
0	http://rdf.freebase.com/ns/kg.object_profile.prominent_type	 	Physician	 	 	 	Deceased Person	 	 	 	 	2	0.816497	0.69897	1
0	http://rdf.freebase.com/ns/organization.organization_founder.organizations_founded	 	Derby Philosophical Society; Lunar Society of Birmingham	 	 	 	 	 	 	 	 	1	0.816497	1	1
0	http://rdf.freebase.com/ns/organization.organization_member.member_of	 	Freemasonry	 	 	 	 	 	 	 	 	1	0.57735	1	1
0	http://rdf.freebase.com/ns/people.deceased_person.place_of_burial	 	All Saints Church, Breadsall	 	 	 	 	 	 	 	 	1	0.57735	1	1
0	http://rdf.freebase.com/ns/people.family_member.family	 	Darwin鈥揥edgwood family	 	 	 	Darwin鈥揥edgwood family	 	 	 	 	2	0.57735	0.69897	1
0	http://rdf.freebase.com/ns/people.person.children;http://www.wikidata.org/entity/P40c	 	Emma Georgina Elizabeth Darwin; Erasmus Darwin the Younger	Francis Sacheverel Darwin	 	 	 	Phyllida Barlow	 	 	 	3	0.692219	0.522879	1
0	http://rdf.freebase.com/ns/people.person.education;http://www.wikidata.org/entity/P69c	 	St John's College, Cambridge; University of Edinburgh Medical School	St John's College; University of Edinburgh	 	 	Marlborough College; Trinity College, Cambridge	University College London	 	 	 	4	0.745356	0.39794	1
0	http://rdf.freebase.com/ns/people.person.parents	 	Elizabeth Hill; Robert Darwin of Elston	 	 	 	 	 	 	 	 	1	0.816497	1	1
0	http://rdf.freebase.com/ns/people.person.places_lived	 	Breadsall Priory; Lichfield	 	 	 	 	 	 	 	 	1	0.816497	1	1
1	http://rdf.freebase.com/ns/people.person.profession;http://www.wikidata.org/entity/P106c	 	Botanist; Physician	botanist; philosopher	 	 	 	psychiatrist	 	 	soldier	4	0.816497	0.39794	1
0	http://rdf.freebase.com/ns/people.person.sibling_s	 	Robert Waring Darwin of Elston; Susannah Darwin	 	 	 	 	 	 	 	 	1	0.816497	1	1
0	http://rdf.freebase.com/ns/people.person.spouse_s	 	Elizabeth Pole; Mary Howard	 	 	 	 	 	 	 	 	1	0.816497	1	1
0	http://rdf.freebase.com/ns/symbols.name_source.namesakes	 	Erasmus Darwin House	 	 	 	 	 	 	 	 	1	0.57735	1	1
0	http://rdf.freebase.com/ns/type.object.key	 	/authority/nndb/256/000049109; /source/videosurf/115190	 	 	 	/wikipedia/en_id/8673558; /wikipedia/en_title/Erasmus_Darwin_Barlow	 	 	 	 	2	0.816497	0.69897	1
0	http://rdf.freebase.com/ns/type.object.name	 	Erasmus Darwin	 	 	 	Erasmus Darwin Barlow	 	 	 	 	2	0.816497	0.69897	1
0	http://rdf.freebase.com/ns/type.object.type	 	Deceased Person; Family member	 	 	 	Deceased Person; Family member	 	 	 	 	2	0.550482	0.69897	1
0	http://rdf.freebase.com/ns/user.avh.default_domain.ellerdale_topic.ellerdale_id	 	0080-428f	 	 	 	 	 	 	 	 	1	0.57735	1	1
0	http://www.wikidata.org/entity/P1005c	 	 	168556	 	 	 	 	 	 	 	1	0.57735	1	1
0	http://www.wikidata.org/entity/P1006c	 	 	68936656	 	 	 	 	 	 	 	1	0.57735	1	1
0	http://www.wikidata.org/entity/P1017c	 	 	ADV10115992	 	 	 	 	 	 	 	1	0.57735	1	1
0	http://www.wikidata.org/entity/P1207c	 	 	n01042487	 	 	 	 	 	 	 	1	0.57735	1	1
0	http://www.wikidata.org/entity/P1315c	 	 	806019	 	 	 	 	 	 	 	1	0.57735	1	1
0	http://www.wikidata.org/entity/P1343c	 	 	Darwin, Erasmus (DNB00)	 	 	 	 	 	 	 	1	0.57735	1	1
0	http://www.wikidata.org/entity/P1412c	 	 	English	 	 	 	 	 	 	 	1	0.57735	1	1
0	http://www.wikidata.org/entity/P1415c	 	 	101007177	 	 	 	 	 	 	 	1	0.57735	1	1
0	http://www.wikidata.org/entity/P1430c	 	 	9928	 	 	 	 	 	 	 	1	0.57735	1	1
0	http://www.wikidata.org/entity/P1599c	 	 	DRWN750E	 	 	 	 	 	 	 	1	0.57735	1	1
0	http://www.wikidata.org/entity/P166c	 	 	Fellow of the Royal Society	 	 	 	 	 	 	 	1	0.57735	1	1
0	http://www.wikidata.org/entity/P1711c	 	 	68143	 	 	 	 	 	 	 	1	0.57735	1	1
0	http://www.wikidata.org/entity/P1816c	 	 	mp01197	 	 	 	 	 	 	 	1	0.57735	1	1
0	http://www.wikidata.org/entity/P1819c	 	 	I00248565	 	 	 	 	 	 	I00560497	2	0.816497	0.69897	1
0	http://www.wikidata.org/entity/P1871c	 	 	cnp01259790	 	 	 	 	 	 	 	1	0.57735	1	1
0	http://www.wikidata.org/entity/P18c	 	 	http://commons.wikimedia.org/wiki/File:Portrait_of_Erasmus_Darwin_by_Joseph_Wright_of_Derby_(1792).j	 	 	 	 	 	 	 	1	0.57735	1	1
0	http://www.wikidata.org/entity/P1938c	 	 	3099	 	 	 	 	 	 	 	1	0.57735	1	1
0	http://www.wikidata.org/entity/P213c	 	 	0000 0000 8339 0630	 	 	 	 	 	 	 	1	0.57735	1	1
0	http://www.wikidata.org/entity/P2163c	 	 	12942	 	 	 	 	 	 	 	1	0.57735	1	1
0	http://www.wikidata.org/entity/P2252c	 	 	7101	 	 	 	 	 	 	 	1	0.57735	1	1
0	http://www.wikidata.org/entity/P227c	 	 	118671049	 	 	 	 	 	 	 	1	0.57735	1	1
0	http://www.wikidata.org/entity/P22c	 	 	Robert Darwin of Elston	 	 	 	Sir Alan Barlow, 2nd Baronet	 	 	Horace Darwin	3	0.816497	0.522879	1
0	http://www.wikidata.org/entity/P245c	 	 	500355025	 	 	 	 	 	 	 	1	0.57735	1	1
0	http://www.wikidata.org/entity/P268c	 	 	120977765	 	 	 	 	 	 	 	1	0.57735	1	1
0	http://www.wikidata.org/entity/P269c	 	 	29327687	 	 	 	 	 	 	 	1	0.57735	1	1
0	http://www.wikidata.org/entity/P27c	 	 	United Kingdom	 	 	 	 	 	 	 	1	0.57735	1	1
0	http://www.wikidata.org/entity/P2924c	 	 	1940993	 	 	 	 	 	 	 	1	0.57735	1	1
0	http://www.wikidata.org/entity/P2973c	 	 	33137	 	 	 	 	 	 	 	1	0.57735	1	1
0	http://www.wikidata.org/entity/P349c	 	 	620558	 	 	 	 	 	 	 	1	0.57735	1	1
0	http://www.wikidata.org/entity/P373c	 	 	Erasmus Darwin	 	 	 	 	 	 	 	1	0.57735	1	1
0	http://www.wikidata.org/entity/P409c	 	 	35033441	 	 	 	 	 	 	 	1	0.57735	1	1
0	http://www.wikidata.org/entity/P463c	 	 	Royal Society	 	 	 	 	 	 	 	1	0.57735	1	1
0	http://www.wikidata.org/entity/P646-freebase	 	 	Erasmus Darwin	 	 	 	 	 	 	 	1	0.57735	1	1
0	http://www.wikidata.org/entity/P646c	 	 	/m/02jrd	 	 	 	 	 	 	 	1	0.57735	1	1
0	http://www.wikidata.org/entity/P691c	 	 	nlk20000083979	 	 	 	 	 	 	 	1	0.57735	1	1
0	http://www.wikidata.org/entity/P7c	 	 	Robert Waring Darwin of Elston	 	 	 	Sir Thomas Barlow, 3rd Baronet	 	 	 	2	0.816497	0.69897	1
0	http://www.wikidata.org/entity/P906c	 	 	183441	 	 	 	 	 	 	 	1	0.57735	1	1
0	http://www.wikidata.org/entity/P935c	 	 	Erasmus Darwin	 	 	 	 	 	 	 	1	0.57735	1	1
0	http://www.wikidata.org/entity/P949c	 	 	37079	 	 	 	 	 	 	 	1	0.816497	1	1
0	http://www.wikidata.org/entity/P950c	 	 	XX1301780	 	 	 	 	 	 	 	1	0.57735	1	1
0	http://www.w3.org/2004/02/skos/core#prefLabel	 	 	 	Erasmus Darwin	 	 	 	Erasmus Darwin Barlow	 	 	2	0.816497	0.69897	1
0	http://yago-knowledge.org/resource/hasCitationTitle	 	 	 	A History of Modern Psychology; Sexing the plants	 	 	 	Horace Darwin's shop: a history of the Cambridge Scientific Instrument Company, 1878 to 1968; Mervyn	 	 	2	0.816497	0.69897	1
0	http://yago-knowledge.org/resource/hasWikipediaAnchorText	 	 	 	Introduction Frankenstein (1831 edition); Royal Physician	 	 	 	Anthony Whitworth-Jones; Barlow Collection	 	 	2	0.803074	0.69897	1
0	http://yago-knowledge.org/resource/hasWikipediaArticleLength	 	 	 	26537	 	 	 	6424	 	 	2	0.816497	0.69897	1
0	http://yago-knowledge.org/resource/hasWikipediaUrl	 	 	 	http://en.wikipedia.org/wiki/Erasmus_Darwin	 	 	 	http://en.wikipedia.org/wiki/Erasmus_Darwin_Barlow	 	 	2	0.816497	0.69897	1
0	http://yago-knowledge.org/resource/linksTo	 	 	 	Academy (English school); Josiah Wedgwood	 	 	 	Anthony Whitworth-Jones; Hugh de Wardener	 	 	2	0.804518	0.69897	1
0	http://yago-knowledge.org/resource/redirectedFrom	 	 	 	Erasmus Darwin the Elder	 	 	 	Erasmus Barlow	 	 	2	0.816497	0.69897	1
0	http://www.wikidata.org/entity/P25c	 	 	 	 	 	 	Nora Barlow	 	 	Ida Darwin	2	0.816497	0.69897	1
0	http://www.wikidata.org/entity/P607c	 	 	 	 	 	 	 	 	 	World War I	1	0.57735	1	1
0	http://www.wikidata.org/entity/P9c	 	 	 	 	 	 	 	 	 	Nora Barlow; Ruth Darwin	1	0.816497	1	1
