score	dataset	dbpedia	freebase	wikidata	dbpedia	freebase	yago-knowledge	dbpedia	freebase	wikidata	yago-knowledge				
	entity	http://dbpedia.org/resource/Viper_(Madame_Hydra)	http://rdf.freebase.com/ns/m.0k703q7	http://www.wikidata.org/entity/Q568267	http://dbpedia.org/resource/Viper_(Marvel_Comics)	http://rdf.freebase.com/ns/m.06lfn5	http://yago-knowledge.org/resource/Viper_(Marvel_Comics)	http://dbpedia.org/resource/Viper_(actress)	http://rdf.freebase.com/ns/m.02vpc0q	http://www.wikidata.org/entity/Q3560521	http://yago-knowledge.org/resource/Viper_(entertainer)				
0	http://dbpedia.org/ontology/abstract	Viper (real name Ophelia Sarkissian, formerly known as Madame Hydra) is a fictional supervillain app	 	 	Viper is the name of three fictional characters, supervillains appearing in American comic books pub	 	 	Viper (September 12, 1959 鈥?December 24, 2010) was the stage name of Stephanie Green, an American po	 	 	 	3	0.816497	0.522879	1
1	http://dbpedia.org/ontology/creator;http://rdf.freebase.com/ns/fictional_universe.fictional_character.character_created_by	Bob Harras; Jim Steranko	Bob Harras; Jim Steranko	 	John Verpoorten; Sal Buscema	John Verpoorten; Sal Buscema	 	 	 	 	 	4	0.408248	0.39794	1
0	http://dbpedia.org/ontology/wikiPageExternalLink	http://marvel.wikia.com/wiki/Ophelia_Sarkissian_%28Earth-616%29; http://uncannyxmen.net/characters/v	 	 	 	 	 	 	 	 	 	1	0.816497	1	1
2	http://dbpedia.org/ontology/wikiPageID;http://rdf.freebase.com/key/wikipedia.en_id	3167609	3167609	 	2089542	2089542	 	12085299	12085299	 	 	6	0.408248	0.221849	1
0	http://dbpedia.org/ontology/wikiPageLength	23102	 	 	8006	 	 	6395	 	 	 	3	0.816497	0.522879	1
0	http://dbpedia.org/ontology/wikiPageOutDegree	159	 	 	64	 	 	39	 	 	 	3	0.816497	0.522879	1
0	http://dbpedia.org/ontology/wikiPageRevisionID	741352213	 	 	738732750	 	 	738633731	 	 	 	3	0.816497	0.522879	1
0	http://purl.org/dc/terms/subject	Characters created by Bob Harras; Fictional Hungarian people	 	 	Characters created by Sal Buscema; Fictional crime bosses	 	 	1959 births; American Ballet Theatre dancers	 	 	 	3	0.762202	0.522879	1
0	http://www.w3.org/1999/02/22-rdf-syntax-ns#type;http://www.wikidata.org/entity/P31c	Natural person; fictional character	Comic Book Character; Fictional Character	supervillain	Natural person; fictional character	Fictional Character	wikicat Characters created by Sal Buscema; wordnet abstraction 100002137	Natural person; adult (pornographic) actor	Adult entertainer; Deceased Person	human	wikicat American female pornographic film actors; wordnet actor 109765278	10	0.480649	0	1
2	http://www.w3.org/2000/01/rdf-schema#comment;http://rdf.freebase.com/ns/common.topic.description	Viper (real name Ophelia Sarkissian, formerly known as Madame Hydra) is a fictional supervillain app	Viper is a fictional character from the 2013 film The Wolverine.	 	Viper is the name of three fictional characters, supervillains appearing in American comic books pub	Viper is the name of three fictional characters in the Marvel Comics universe. All three are villain	 	Viper (September 12, 1959 鈥?December 24, 2010) was the stage name of Stephanie Green, an American po	Viper was the stage name of Stephanie Patricia Green, an American pornographic actress, known for a 	 	 	6	0.816497	0.221849	1
3	http://www.w3.org/2000/01/rdf-schema#label	Viper (Madame Hydra)	Viper	Viper	Viper (Marvel Comics)	Viper	Viper (Marvel Comics)	Viper (actress)	Viper	Viper	Stephanie Patricia Green; Viper (entertainer)	10	0.365148	0	1
0	http://www.w3.org/2002/07/owl#sameAs	 	 	 	Viper	 	 	 	 	 	Viper (entertainer)	2	0.816497	0.69897	0
0	http://www.w3.org/ns/prov#wasDerivedFrom	http://en.wikipedia.org/wiki/Viper_(Madame_Hydra)?oldid=741352213	 	 	http://en.wikipedia.org/wiki/Viper_(Marvel_Comics)?oldid=738732750	 	 	http://en.wikipedia.org/wiki/Viper_(actress)?oldid=738633731	 	 	 	3	0.816497	0.522879	1
0	http://xmlns.com/foaf/0.1/givenName	Viper (Madame Hydra)	 	 	Viper	 	 	 	 	 	 	2	0.816497	0.69897	1
1	http://xmlns.com/foaf/0.1/isPrimaryTopicOf;http://rdf.freebase.com/ns/common.topic.topic_equivalent_webpage	http://en.wikipedia.org/wiki/Viper_(Madame_Hydra)	http://en.wikipedia.org/wiki/Viper_(Madame_Hydra); http://it.wikipedia.org/wiki/Ophelia_Sarkissian	 	http://en.wikipedia.org/wiki/Viper_(Marvel_Comics)	http://en.wikipedia.org/wiki/Viper_(Marvel_Comics); http://fr.wikipedia.org/wiki/La_Vip%E8re_(comics	 	http://en.wikipedia.org/wiki/Viper_(actress)	http://en.wikipedia.org/wiki/index.html?curid=12085299; http://fa.wikipedia.org/wiki/%48%27%CC%7E%31	 	 	6	0.754912	0.221849	1
0	http://rdf.freebase.com/key/en	 	madame_hydra	 	 	 	 	 	viper_1959	 	 	2	0.816497	0.69897	1
1	http://rdf.freebase.com/key/wikipedia.en	 	Viper_(Madame_Hydra)	 	 	Viper_(Marvel_Comics)	 	 	Stephanie_Green; Viper_(entertainer)	 	 	3	0.816497	0.522879	1
1	http://rdf.freebase.com/key/wikipedia.en_title	 	Viper_(Madame_Hydra)	 	 	Viper_(Marvel_Comics)	 	 	Viper_(actress)	 	 	3	0.816497	0.522879	1
0	http://rdf.freebase.com/ns/common.topic.alias	 	Victoria	 	 	 	 	 	Stephanie Green	 	 	2	0.816497	0.69897	1
1	http://rdf.freebase.com/ns/common.topic.article;http://schema.org/description	 	Viper is a fictional character from the 2013 film The Wolverine.	fictional character in the Marvel Comics universe	 	Viper is the name of three fictional characters in the Marvel Comics universe. All three are villain	 	 	Viper (September 12, 1959 鈥?December 24, 2010) was the stage name of Stephanie Patricia Green, an Am	American pornographic actress	 	5	0.816497	0.30103	1
0	http://rdf.freebase.com/ns/common.topic.notable_for	 	Film character	 	 	Fictional Character	 	 	Pornographic actor	 	 	3	0.816497	0.522879	1
0	http://rdf.freebase.com/ns/common.topic.notable_types	 	Film character	 	 	Fictional Character	 	 	Film actor	 	 	3	0.816497	0.522879	1
0	http://rdf.freebase.com/ns/fictional_universe.fictional_character.appears_in_these_fictional_universes	 	Marvel Universe	 	 	Marvel Universe	 	 	 	 	 	2	0.57735	0.69897	1
0	http://rdf.freebase.com/ns/fictional_universe.fictional_character.gender;http://www.wikidata.org/entity/P21c;http://xmlns.com/foaf/0.1/gender;http://rdf.freebase.com/ns/people.person.gender	 	female	female	 	female	 	female	female	female	 	6	0.57735	0.221849	1
0	http://rdf.freebase.com/ns/fictional_universe.fictional_character.married_to	 	http://rdf.freebase.com/ns/m.0gyn8b0	 	 	 	 	 	 	 	 	1	0.57735	1	1
0	http://rdf.freebase.com/ns/fictional_universe.fictional_character.organizations	 	Hydra	 	 	 	 	 	 	 	 	1	0.57735	1	1
0	http://rdf.freebase.com/ns/film.film_character.portrayed_in_films	 	The Wolverine	 	 	 	 	 	 	 	 	1	0.57735	1	1
0	http://rdf.freebase.com/ns/kg.object_profile.prominent_type	 	Film character	 	 	Fictional Character	 	 	Film actor	 	 	3	0.816497	0.522879	1
0	http://rdf.freebase.com/ns/type.object.key	 	/wikipedia/en_id/3167609; /wikipedia/he_title/讜讬讬驻专_(拽讜诪讬拽住)	 	 	/wikipedia/en_id/2089542; /wikipedia/fr_title/La_Vip猫re_(comics)	 	 	/wikipedia/en/Stephanie_Green; /wikipedia/en/Viper_(entertainer)	 	 	3	0.816497	0.522879	1
0	http://rdf.freebase.com/ns/type.object.name	 	Viper	 	 	Viper	 	 	Viper	 	 	3	0.57735	0.522879	1
0	http://rdf.freebase.com/ns/type.object.type	 	Comic Book Character; Fictional Character	 	 	Fictional Character	 	 	Adult entertainer; Deceased Person	 	 	3	0.590326	0.522879	1
0	http://www.w3.org/2004/02/skos/core#altLabel	 	 	Madame Hydra	 	 	 	 	 	Stephanie Patricia Green	 	2	0.816497	0.69897	1
0	http://www.wikidata.org/entity/P1080c	 	 	Marvel Universe	 	 	 	 	 	 	 	1	0.57735	1	1
0	http://www.wikidata.org/entity/P646-freebase	 	 	http://rdf.freebase.com/ns/m.025smfm	 	 	 	 	 	 	 	1	0.57735	1	1
0	http://www.wikidata.org/entity/P646c	 	 	/m/025smfm	 	 	 	 	 	 	 	1	0.57735	1	1
0	http://www.w3.org/2004/02/skos/core#prefLabel	 	 	 	 	 	Viper (Marvel Comics)	 	 	 	Viper (entertainer)	2	0.816497	0.69897	1
0	http://yago-knowledge.org/resource/hasWikipediaAnchorText	 	 	 	 	 	Cowled Commander; Hell鈥檚 Angel	 	 	 	Viper (pornographic actress)	2	0.816497	0.69897	1
0	http://yago-knowledge.org/resource/hasWikipediaArticleLength	 	 	 	 	 	6462	 	 	 	 	1	0.57735	1	1
0	http://yago-knowledge.org/resource/hasWikipediaUrl	 	 	 	 	 	http://en.wikipedia.org/wiki/Viper_%28Marvel_Comics%29	 	 	 	 	1	0.57735	1	1
0	http://yago-knowledge.org/resource/linksTo	 	 	 	 	 	Captain America; Jessica Biel	 	 	 	 	1	0.816497	1	1
0	http://yago-knowledge.org/resource/wasCreatedOnDate	 	 	 	 	 	1973/1/1	 	 	 	 	1	0.57735	1	1
0	http://dbpedia.org/ontology/Person/height	 	 	 	 	 	 	175.26	 	 	 	1	0.57735	1	1
0	http://dbpedia.org/ontology/Person/weight	 	 	 	 	 	 	56.7	 	 	 	1	0.57735	1	1
2	http://dbpedia.org/ontology/birthDate;http://rdf.freebase.com/ns/people.person.date_of_birth;http://www.wikidata.org/entity/P569c;http://yago-knowledge.org/resource/wasBornOnDate	 	 	 	 	 	 	1959/9/12	1959/9/12	1959/9/12	1959/1/1	4	0.258199	0.39794	1
0	http://dbpedia.org/ontology/birthName	 	 	 	 	 	 	Stephanie Green	 	 	 	1	0.57735	1	1
0	http://dbpedia.org/ontology/birthPlace;http://rdf.freebase.com/ns/people.person.place_of_birth;http://www.wikidata.org/entity/P19c;http://yago-knowledge.org/resource/wasBornIn	 	 	 	 	 	 	Oak Ridge, Tennessee	Oak Ridge	Oak Ridge	Oak Ridge	4	0.408248	0.39794	1
1	http://dbpedia.org/ontology/deathDate;http://rdf.freebase.com/ns/people.deceased_person.date_of_death;http://www.wikidata.org/entity/P570c;http://yago-knowledge.org/resource/diedOnDate	 	 	 	 	 	 	2010/12/24	2010/12/24	2010/12/24	2010/1/1	4	0.408248	0.39794	1
1	http://dbpedia.org/ontology/deathPlace;http://rdf.freebase.com/ns/people.deceased_person.place_of_death;http://www.wikidata.org/entity/P20c;http://yago-knowledge.org/resource/diedIn	 	 	 	 	 	 	Portsmouth, New Hampshire	Portsmouth	Portsmouth	Portsmouth (New Hampshire)	4	0.645497	0.39794	1
0	http://dbpedia.org/ontology/height	 	 	 	 	 	 	1.753	 	 	 	1	0.57735	1	1
0	http://dbpedia.org/ontology/numberOfFilms	 	 	 	 	 	 	168	 	 	 	1	0.57735	1	1
0	http://dbpedia.org/ontology/thumbnail	 	 	 	 	 	 	http://commons.wikimedia.org/wiki/Special:FilePath/Viper_and_cat.jpg?width=300	 	 	 	1	0.57735	1	1
0	http://dbpedia.org/ontology/weight	 	 	 	 	 	 	56700	 	 	 	1	0.57735	1	1
0	http://purl.org/dc/terms/description	 	 	 	 	 	 	American pornographic actress	 	 	 	1	0.57735	1	1
0	http://xmlns.com/foaf/0.1/depiction	 	 	 	 	 	 	http://commons.wikimedia.org/wiki/Special:FilePath/Viper_and_cat.jpg	 	 	 	1	0.57735	1	1
0	http://xmlns.com/foaf/0.1/name	 	 	 	 	 	 	Viper	 	 	 	1	0.57735	1	1
0	http://rdf.freebase.com/ns/common.topic.image	 	 	 	 	 	 	 	Viper and cat	 	 	1	0.57735	1	1
0	http://rdf.freebase.com/ns/organization.organization_founder.organizations_founded	 	 	 	 	 	 	 	Fans of X-Rated Entertainment	 	 	1	0.57735	1	1
0	http://rdf.freebase.com/ns/people.person.height_meters	 	 	 	 	 	 	 	1.75	 	 	1	0.57735	1	1
0	http://rdf.freebase.com/ns/people.person.nationality;http://www.wikidata.org/entity/P27c	 	 	 	 	 	 	 	United States of America	United States of America	 	2	0.57735	0.69897	1
0	http://rdf.freebase.com/ns/people.person.places_lived	 	 	 	 	 	 	 	New Hampshire	 	 	1	0.57735	1	1
0	http://rdf.freebase.com/ns/people.person.profession;http://www.wikidata.org/entity/P106c	 	 	 	 	 	 	 	Pornographic film actor	ballet dancer; pornographic actor	 	2	0.816497	0.69897	1
0	http://rdf.freebase.com/ns/people.person.weight_kg	 	 	 	 	 	 	 	56.7	 	 	1	0.57735	1	1
0	http://www.wikidata.org/entity/P1196c	 	 	 	 	 	 	 	 	natural causes	 	1	0.57735	1	1
0	http://www.wikidata.org/entity/P18c	 	 	 	 	 	 	 	 	http://commons.wikimedia.org/wiki/File:Viper_and_cat.jpg	 	1	0.57735	1	1
0	http://www.wikidata.org/entity/P345c	 	 	 	 	 	 	 	 	nm0899269	 	1	0.57735	1	1
0	http://www.wikidata.org/entity/P509c	 	 	 	 	 	 	 	 	lung cancer	 	1	0.57735	1	1
