score	dataset	dbpedia	freebase	wikidata	yago-knowledge	dbpedia	wikidata	yago-knowledge	dbpedia	wikidata	yago-knowledge				
	entity	http://dbpedia.org/resource/Andrew_John_Berger	http://rdf.freebase.com/ns/m.0cm5cp	http://www.wikidata.org/entity/Q505506	http://yago-knowledge.org/resource/Andrew_John_Berger	http://dbpedia.org/resource/John_Berger	http://www.wikidata.org/entity/Q382604	http://yago-knowledge.org/resource/John_Berger	http://dbpedia.org/resource/John_Berger_(author)	http://www.wikidata.org/entity/Q6221637	http://yago-knowledge.org/resource/John_Berger_(author)				
0	http://dbpedia.org/ontology/abstract	Andrew John Berger (August 30, 1915 鈥?July 4, 1995) was an American ornithologist from the American 	 	 	 	John Peter Berger (born 5 November 1926) is an English art critic, novelist, painter and poet. His n	 	 	Dr. John J Berger (born May 8, 1945 in New York City) is an American author and environmental consul	 	 	3	0.816497	0.522879	1
2	http://dbpedia.org/ontology/almaMater;http://rdf.freebase.com/ns/people.person.education;http://www.wikidata.org/entity/P69c;http://yago-knowledge.org/resource/graduatedFrom;http://dbpedia.org/ontology/education	Oberlin College; University of Michigan	Oberlin College; University of Michigan	Oberlin College; University of Michigan	Oberlin College; University of Michigan	Central School of Art; St Edward's School, Oxford	Central School of Art and Design; Chelsea College of Art and Design	Chelsea College of Arts	 	Stanford University; University of California, Berkeley	 	8	0.540062	0.09691	1
3	http://dbpedia.org/ontology/birthDate;http://rdf.freebase.com/ns/people.person.date_of_birth;http://www.wikidata.org/entity/P569c;http://yago-knowledge.org/resource/wasBornOnDate	1915/8/30	1915/8/30	1915/8/30	1915/8/30	1926/11/5	1926/11/5	1926/11/5	1945/5/8	1945/5/8	1945/5/8	10	0.320256	0	1
2	http://dbpedia.org/ontology/birthPlace;http://rdf.freebase.com/ns/people.person.place_of_birth;http://yago-knowledge.org/resource/wasBornIn;http://www.wikidata.org/entity/P19c	Warren, Ohio	Warren	 	Warren, Ohio	London Borough of Hackney; United Kingdom of Great Britain and Ireland	London Borough of Hackney	London	 	 	 	6	0.617213	0.221849	1
1	http://dbpedia.org/ontology/deathDate;http://rdf.freebase.com/ns/people.deceased_person.date_of_death;http://www.wikidata.org/entity/P570c;http://yago-knowledge.org/resource/diedOnDate	1995/7/4	1995/7/4	1995/7/4	1995/7/4	 	 	 	 	 	 	4	0.57735	0.39794	1
1	http://dbpedia.org/ontology/deathPlace;http://rdf.freebase.com/ns/people.deceased_person.place_of_death	Hawaii	Hawaii	 	 	 	 	 	 	 	 	2	0.57735	0.69897	1
0	http://dbpedia.org/ontology/field	Ornithology	 	 	 	 	 	 	 	 	 	1	0.816497	1	1
0	http://dbpedia.org/ontology/nationality;http://rdf.freebase.com/ns/people.person.nationality;http://www.wikidata.org/entity/P27c;http://yago-knowledge.org/resource/isCitizenOf	United States	United States of America	United States of America	United States	 	United Kingdom	 	 	United States of America	 	6	0.408248	0.221849	1
0	http://dbpedia.org/ontology/wikiPageExternalLink	http://digitallibrary.amnh.org/dspace/bitstream/2246/1254/1/B113a03.pdf; http://siarchives.si.edu/co	 	 	 	http://www.verlagdrkovac.de/3-8300-1287-X.htm	 	 	http://blogs.scientificamerican.com/guest-blog/crisis-in-the-cryosphere-part-1/; http://cec.igc.org/	 	 	3	0.816497	0.522879	1
2	http://dbpedia.org/ontology/wikiPageID;http://rdf.freebase.com/key/wikipedia.en_id	4766184	4766184	 	 	1450871	 	 	36649465	 	 	4	0.645497	0.39794	1
0	http://dbpedia.org/ontology/wikiPageLength	4995	 	 	 	16788	 	 	14337	 	 	3	0.816497	0.522879	1
0	http://dbpedia.org/ontology/wikiPageOutDegree	41	 	 	 	110	 	 	63	 	 	3	0.816497	0.522879	1
0	http://dbpedia.org/ontology/wikiPageRevisionID	743657231	 	 	 	744386516	 	 	722123767	 	 	3	0.816497	0.522879	1
0	http://purl.org/dc/terms/description	American ornithologist	 	 	 	British painter, writer and art critic	 	 	Author, Editor and consultant	 	 	3	0.816497	0.522879	1
0	http://purl.org/dc/terms/subject	20th-century American scientists; 20th-century zoologists	 	 	 	20th-century British writers; English art critics	 	 	1945 births; American ecologists	 	 	3	0.801041	0.522879	1
0	http://www.w3.org/1999/02/22-rdf-syntax-ns#type;http://www.wikidata.org/entity/P31c	Natural person; scientist	Award Winner; Deceased Person	human	wordnet peer 109626238; wikicat American ornithologists	Natural person	human	wikicat 20th-century British writers; wordnet poet 110444194	Natural person	human	wikicat American ecologists; wikicat American male writers	10	0.512989	0	1
1	http://www.w3.org/2000/01/rdf-schema#comment;http://rdf.freebase.com/ns/common.topic.description	Andrew John Berger (August 30, 1915 鈥?July 4, 1995) was an American ornithologist from the American 	Andrew John Berger was an American ornithologist from the American Museum of Natural History. Berger	 	 	John Peter Berger (born 5 November 1926) is an English art critic, novelist, painter and poet. His n	 	 	Dr. John J Berger (born May 8, 1945 in New York City) is an American author and environmental consul	 	 	4	0.816497	0.39794	1
3	http://www.w3.org/2000/01/rdf-schema#label	Andrew John Berger	Andrew John Berger	Andrew John Berger	Andrew Berger	John Berger	John Berger	John Peter Berger	John Berger (author)	John Berger	John Berger (author)	10	0	0	1
0	http://www.w3.org/2002/07/owl#sameAs	 	 	 	 	John Berger	 	 	John Berger	 	 	2	0.57735	0.69897	0
0	http://www.w3.org/ns/prov#wasDerivedFrom	http://en.wikipedia.org/wiki/Andrew_John_Berger?oldid=743657231	 	 	 	http://en.wikipedia.org/wiki/John_Berger?oldid=744386516	 	 	http://en.wikipedia.org/wiki/John_Berger_(author)?oldid=722123767	 	 	3	0.816497	0.522879	1
0	http://xmlns.com/foaf/0.1/gender;http://rdf.freebase.com/ns/people.person.gender;http://www.wikidata.org/entity/P21c;http://yago-knowledge.org/resource/hasGender	male	male	male	male	male	male	male	male	male	male	10	0.57735	0	1
1	http://xmlns.com/foaf/0.1/givenName;http://www.wikidata.org/entity/P735c;http://yago-knowledge.org/resource/hasGivenName	Andrew	 	Andrew	Andrew	John	John	John	John	John	John	9	0.333333	0.045757	1
1	http://xmlns.com/foaf/0.1/isPrimaryTopicOf;http://rdf.freebase.com/ns/common.topic.topic_equivalent_webpage	http://en.wikipedia.org/wiki/Andrew_John_Berger	http://de.wikipedia.org/wiki/Andrew_John_Berger; http://viaf.org/viaf/109870200/	 	 	http://en.wikipedia.org/wiki/John_Berger	 	 	http://en.wikipedia.org/wiki/John_Berger_(author)	 	 	4	0.752773	0.39794	1
0	http://xmlns.com/foaf/0.1/name	Andrew John Berger	 	 	 	John Berger	 	 	John J Berger, PhD	 	 	3	0.645497	0.522879	1
1	http://rdf.freebase.com/key/authority.us.gov.loc.na;http://www.wikidata.org/entity/P244c	 	n50007429	n50007429	 	 	n79135220	 	 	 	 	3	0.57735	0.522879	1
0	http://rdf.freebase.com/key/en	 	andrew_john_berger	 	 	 	 	 	 	 	 	1	0.57735	1	1
1	http://rdf.freebase.com/key/user.hangy.viaf;http://www.wikidata.org/entity/P214c	 	109870200	109870200	 	 	14766158	 	 	 	 	3	0.57735	0.522879	1
0	http://rdf.freebase.com/key/wikipedia.en	 	Andrew_J._Berger	 	 	 	 	 	 	 	 	1	0.816497	1	1
0	http://rdf.freebase.com/key/wikipedia.en_title	 	Andrew_John_Berger	 	 	 	 	 	 	 	 	1	0.57735	1	1
2	http://rdf.freebase.com/ns/award.award_winner.awards_won;http://www.wikidata.org/entity/P166c;http://dbpedia.org/ontology/award;http://yago-knowledge.org/resource/hasWonPrize	 	Guggenheim Fellowship for Natural Sciences, US & Canada	Guggenheim Fellowship	 	James Tait Black Memorial Prize	James Tait Black Memorial Prize	James Tait Black Memorial Prize	 	 	 	5	0.540062	0.30103	1
0	http://rdf.freebase.com/ns/book.author.works_written	 	Hawaiian birdlife	 	 	 	 	 	 	 	 	1	0.57735	1	1
1	http://rdf.freebase.com/ns/common.topic.article;http://schema.org/description	 	Andrew John Berger (1915鈥?995) was an American ornithologist from the American Museum of Natural His	American ornithologist	 	 	British painter, writer and art critic	 	 	Author, Editor and consultant	 	4	0.816497	0.39794	1
0	http://rdf.freebase.com/ns/common.topic.notable_for	 	Writer	 	 	 	 	 	 	 	 	1	0.57735	1	1
0	http://rdf.freebase.com/ns/common.topic.notable_types	 	Author	 	 	 	 	 	 	 	 	1	0.57735	1	1
0	http://rdf.freebase.com/ns/kg.object_profile.prominent_type	 	Author	 	 	 	 	 	 	 	 	1	0.57735	1	1
0	http://rdf.freebase.com/ns/people.person.places_lived	 	Hawaii	 	 	 	 	 	 	 	 	1	0.57735	1	1
0	http://rdf.freebase.com/ns/type.object.key	 	/authority/us/gov/loc/na/n50007429; /user/hangy/viaf/109870200	 	 	 	 	 	 	 	 	1	0.816497	1	1
0	http://rdf.freebase.com/ns/type.object.name	 	Andrew John Berger	 	 	 	 	 	 	 	 	1	0.57735	1	1
0	http://rdf.freebase.com/ns/type.object.type	 	Award Winner; Deceased Person	 	 	 	 	 	 	 	 	1	0.816497	1	1
1	http://www.wikidata.org/entity/P106c;http://dbpedia.org/ontology/occupation	 	 	ornithologist	 	Novelist	art historian; journalist	 	 	 	 	3	0.816497	0.522879	1
0	http://www.wikidata.org/entity/P213c	 	 	0000 0001 1698 3089	 	 	0000 0001 2276 7972	 	 	 	 	2	0.816497	0.69897	1
0	http://www.wikidata.org/entity/P269c	 	 	83997261	 	 	31150217	 	 	 	 	2	0.816497	0.69897	1
0	http://www.w3.org/2004/02/skos/core#prefLabel	 	 	 	Andrew John Berger	 	 	John Berger	 	 	John Berger (author)	3	0.816497	0.522879	1
0	http://yago-knowledge.org/resource/hasCitationTitle	 	 	 	In Memoriam Andrew J. Berger 1915鈥?995; New Life Member	 	 	Berger picks up Golden PEN award; Berger turns tables on Booker	 	 	Chronicle Science Writer; Climate Change Policy: A Survey	3	0.816497	0.522879	1
0	http://yago-knowledge.org/resource/hasFamilyName;http://xmlns.com/foaf/0.1/surname	 	 	 	Berger	Berger	 	Berger	Berger	 	Berger	5	0.57735	0.30103	1
0	http://yago-knowledge.org/resource/hasWikipediaAnchorText	 	 	 	American Museum of Natural History; Audubon Society	 	 	Fellow Prisoners; Leicester Galleries	 	 	Stanford University; A Big Hand for a Little Owl	3	0.816497	0.522879	1
0	http://yago-knowledge.org/resource/hasWikipediaArticleLength	 	 	 	5304	 	 	19443	 	 	 	2	0.816497	0.69897	1
0	http://yago-knowledge.org/resource/hasWikipediaUrl	 	 	 	http://en.wikipedia.org/wiki/Andrew_John_Berger	 	 	http://en.wikipedia.org/wiki/John_Berger	 	 	 	2	0.816497	0.69897	1
0	http://yago-knowledge.org/resource/linksTo	 	 	 	American Museum of Natural History; Oberlin College	 	 	Baruch Spinoza; Ernst Neizvestny	 	 	 	2	0.805682	0.69897	1
0	http://yago-knowledge.org/resource/redirectedFrom	 	 	 	Andrew J. Berger	 	 	John Peter Berger	 	 	 	2	0.816497	0.69897	1
0	http://yago-knowledge.org/resource/worksAt	 	 	 	University of Michigan Health System	 	 	 	 	 	 	1	0.57735	1	1
0	http://dbpedia.org/ontology/birthName	 	 	 	 	John Peter Berger	 	 	 	 	 	1	0.57735	1	1
0	http://dbpedia.org/ontology/thumbnail	 	 	 	 	http://commons.wikimedia.org/wiki/Special:FilePath/John_Berger-2009_(6).jpg?width=300	 	 	http://commons.wikimedia.org/wiki/Special:FilePath/Johnjbergerportrait.jpg?width=300	 	 	2	0.816497	0.69897	1
0	http://xmlns.com/foaf/0.1/depiction	 	 	 	 	http://commons.wikimedia.org/wiki/Special:FilePath/John_Berger-2009_(6).jpg	 	 	http://commons.wikimedia.org/wiki/Special:FilePath/Johnjbergerportrait.jpg	 	 	2	0.816497	0.69897	1
0	http://www.w3.org/2004/02/skos/core#altLabel	 	 	 	 	 	John Peter Berger	 	 	 	 	1	0.57735	1	1
0	http://www.wikidata.org/entity/P1005c	 	 	 	 	 	61279	 	 	 	 	1	0.57735	1	1
0	http://www.wikidata.org/entity/P1006c	 	 	 	 	 	68420781	 	 	 	 	1	0.57735	1	1
0	http://www.wikidata.org/entity/P1017c	 	 	 	 	 	ADV12092658	 	 	 	 	1	0.57735	1	1
0	http://www.wikidata.org/entity/P1207c	 	 	 	 	 	n96036037	 	 	 	 	1	0.57735	1	1
0	http://www.wikidata.org/entity/P1263c	 	 	 	 	 	113/000114768	 	 	 	 	1	0.57735	1	1
0	http://www.wikidata.org/entity/P1273c	 	 	 	 	 	a11862889	 	 	 	 	1	0.57735	1	1
0	http://www.wikidata.org/entity/P1289c	 	 	 	 	 	18000000627	 	 	 	 	1	0.57735	1	1
0	http://www.wikidata.org/entity/P1367c	 	 	 	 	 	berger-john-b-1926	 	 	 	 	1	0.57735	1	1
0	http://www.wikidata.org/entity/P1412c	 	 	 	 	 	English	 	 	 	 	1	0.57735	1	1
0	http://www.wikidata.org/entity/P18c	 	 	 	 	 	http://commons.wikimedia.org/wiki/File:John_Berger-2009_(6).jpg	 	 	http://commons.wikimedia.org/wiki/File:Johnjbergerportrait.jpg	 	2	0.816497	0.69897	1
0	http://www.wikidata.org/entity/P2163c	 	 	 	 	 	46099	 	 	 	 	1	0.57735	1	1
0	http://www.wikidata.org/entity/P227c	 	 	 	 	 	118891413	 	 	 	 	1	0.57735	1	1
0	http://www.wikidata.org/entity/P2332c	 	 	 	 	 	bergerj	 	 	 	 	1	0.57735	1	1
0	http://www.wikidata.org/entity/P241c	 	 	 	 	 	British Army	 	 	 	 	1	0.57735	1	1
0	http://www.wikidata.org/entity/P268c	 	 	 	 	 	11891388v	 	 	 	 	1	0.57735	1	1
0	http://www.wikidata.org/entity/P345c	 	 	 	 	 	nm0074237	 	 	 	 	1	0.57735	1	1
0	http://www.wikidata.org/entity/P349c	 	 	 	 	 	433007	 	 	 	 	1	0.57735	1	1
0	http://www.wikidata.org/entity/P373c	 	 	 	 	 	John Berger	 	 	 	 	1	0.57735	1	1
0	http://www.wikidata.org/entity/P409c	 	 	 	 	 	36580978	 	 	 	 	1	0.57735	1	1
0	http://www.wikidata.org/entity/P463c	 	 	 	 	 	Academy of Arts, Berlin	 	 	 	 	1	0.57735	1	1
0	http://www.wikidata.org/entity/P607c	 	 	 	 	 	World War II	 	 	 	 	1	0.57735	1	1
0	http://www.wikidata.org/entity/P646-freebase	 	 	 	 	 	John Berger	 	 	 	 	1	0.57735	1	1
0	http://www.wikidata.org/entity/P646c	 	 	 	 	 	/m/052lvf	 	 	 	 	1	0.57735	1	1
0	http://www.wikidata.org/entity/P691c	 	 	 	 	 	jn19990000706	 	 	 	 	1	0.57735	1	1
0	http://www.wikidata.org/entity/P734c	 	 	 	 	 	Berger	 	 	 	 	1	0.57735	1	1
0	http://www.wikidata.org/entity/P866c	 	 	 	 	 	john-berger	 	 	 	 	1	0.57735	1	1
0	http://www.wikidata.org/entity/P906c	 	 	 	 	 	177588	 	 	 	 	1	0.57735	1	1
0	http://www.wikidata.org/entity/P950c	 	 	 	 	 	XX1039110	 	 	 	 	1	0.57735	1	1
0	http://yago-knowledge.org/resource/created	 	 	 	 	 	 	G. (novel); Jonah Who Will Be 25 in the Year 2000	 	 	 	1	0.816497	1	1
0	http://yago-knowledge.org/resource/influences	 	 	 	 	 	 	Colum McCann	 	 	 	1	0.57735	1	1
0	http://dbpedia.org/ontology/activeYearsStartYear	 	 	 	 	 	 	 	1976	 	 	1	0.57735	1	1
0	http://dbpedia.org/ontology/genre	 	 	 	 	 	 	 	Climate change; Conservation biology	 	 	1	0.816497	1	1
1	http://xmlns.com/foaf/0.1/homepage;http://www.wikidata.org/entity/P856c	 	 	 	 	 	 	 	http://www.johnjberger.com	http://www.johnjberger.com	 	2	0.57735	0.69897	1
