score	dataset	dbpedia	freebase	wikidata	dbpedia	freebase	wikidata	dbpedia	freebase	wikidata	yago-knowledge				
	entity	http://dbpedia.org/resource/P._Ravi_Shankar	http://rdf.freebase.com/ns/m.0n5w7rc	http://www.wikidata.org/entity/Q7117492	http://dbpedia.org/resource/Ravi_Shankar_Prasad	http://rdf.freebase.com/ns/m.02w32hq	http://www.wikidata.org/entity/Q3630922	http://dbpedia.org/resource/Ravi_Shankar	http://rdf.freebase.com/ns/m.0pj8m	http://www.wikidata.org/entity/Q103774	http://yago-knowledge.org/resource/Ravi_Shankar				
0	http://dbpedia.org/ontology/abstract	P. Ravi Shankar (born Pudipeddi Ravi Shankar Sarma) also known as Kempegowda Ravi or Armuga Ravishan	 	 	Ravi Shankar Prasad (born 30 August 1954) is an Indian lawyer, politician and the current Union Mini	 	 	Ravi Shankar, KBE (IPA: [ËrÉbi ËÊÉÅkÉr]; 7 April 1920 â?11 December 2012), born Rabindra Shankar Cho	 	 	 	3	0.816497	0.522879	1
0	http://dbpedia.org/ontology/activeYearsStartYear	1986	 	 	 	 	 	1939	 	 	 	2	0.816497	0.69897	1
0	http://dbpedia.org/ontology/alias	Kempegowda Ravi Shankar	 	 	 	 	 	 	 	 	 	1	0.816497	1	1
3	http://dbpedia.org/ontology/birthDate;http://dbpedia.org/ontology/birthYear;http://www.wikidata.org/entity/P569c;http://rdf.freebase.com/ns/people.person.date_of_birth;http://yago-knowledge.org/resource/wasBornOnDate	1966-00-00	 	1966	1954/8/30	1954/8/30	1954/8/30	1920/4/7	1920/4/7	1920/4/7	1920/4/7	9	0	0.045757	1
0	http://dbpedia.org/ontology/birthName	Ravi Shankar Pudipeddi	 	 	 	 	 	 	 	 	 	1	0.57735	1	1
2	http://dbpedia.org/ontology/birthPlace;http://rdf.freebase.com/ns/people.person.place_of_birth;http://www.wikidata.org/entity/P19c;http://yago-knowledge.org/resource/wasBornIn	Andhra Pradesh	Chennai	Andhra Pradesh	Bihar	Patna	Patna	British India	Varanasi	Varanasi	Varanasi	10	0.452911	0	1
3	http://dbpedia.org/ontology/occupation;http://rdf.freebase.com/ns/people.person.profession;http://www.wikidata.org/entity/P106c	http://dbpedia.org/resource/P._Ravi_Shankar__1	Film director; Screenwriter	film director	 	Politician; Spokesperson	politician	 	Film Score Composer	composer; musician	 	7	0.718795	0.154902	1
0	http://dbpedia.org/ontology/relative	Aadi (Telugu actor); Saikumar (actor, born 1960)	 	 	 	 	 	 	 	 	 	1	0.816497	1	1
0	http://dbpedia.org/ontology/residence	Karnataka	 	 	 	 	 	 	 	 	 	1	0.57735	1	1
0	http://dbpedia.org/ontology/thumbnail	http://commons.wikimedia.org/wiki/Special:FilePath/Ravishankar_At_Kotigobba_2_Audio_launch.jpeg?widt	 	 	http://commons.wikimedia.org/wiki/Special:FilePath/Ravi_Shankar_Prasad_At_Office.jpg?width=300	 	 	http://commons.wikimedia.org/wiki/Special:FilePath/Ravi_Shankar_2009_crop.jpg?width=300	 	 	 	3	0.816497	0.522879	1
2	http://dbpedia.org/ontology/wikiPageID;http://rdf.freebase.com/key/wikipedia.en_id	37306818	37306818	 	12395952	12395952	 	100156	100156	 	 	6	0.408248	0.221849	1
0	http://dbpedia.org/ontology/wikiPageLength	23738	 	 	13537	 	 	48678	 	 	 	3	0.816497	0.522879	1
0	http://dbpedia.org/ontology/wikiPageOutDegree	229	 	 	95	 	 	278	 	 	 	3	0.816497	0.522879	1
0	http://dbpedia.org/ontology/wikiPageRevisionID	744731689	 	 	744210375	 	 	744928397	 	 	 	3	0.816497	0.522879	1
0	http://purl.org/dc/terms/description	Indian actor	 	 	Indian politician	 	 	Indian musician and sitar player	 	 	 	3	0.816497	0.522879	1
0	http://purl.org/dc/terms/subject	20th-century Indian male actors; Indian male voice actors	 	 	1954 births; Living people	 	 	20th-century Indian composers; Private Music artists	 	 	 	3	0.798007	0.522879	1
0	http://www.w3.org/1999/02/22-rdf-syntax-ns#type;http://www.wikidata.org/entity/P31c	Natural person	Award Nominee; Film crewmember	human	Natural person; office holder	Physically Instantiable	human	Natural person; musical artist	Award Nominee; Broadcast Artist	human	wikicat 20th-century composers; yagoLegalActorGeo	10	0.559017	0	1
2	http://www.w3.org/2000/01/rdf-schema#comment;http://rdf.freebase.com/ns/common.topic.description	P. Ravi Shankar (born Pudipeddi Ravi Shankar Sarma) also known as Kempegowda Ravi or Armuga Ravishan	P. Ravi Shankar also known as Bommali Ravi Shankar or Sai Ravi is an Indian film actor, dubbing arti	 	Ravi Shankar Prasad (born 30 August 1954) is an Indian lawyer, politician and the current Union Mini	Ravi Shankar Prasad is an Indian lawyer, politician and the current Union Minister holding Communica	 	Ravi Shankar, KBE (IPA: [ËrÉbi ËÊÉÅkÉr]; 7 April 1920 â?11 December 2012), born Rabindra Shankar Cho	Ravi Shankar, born Robindro Shaunkor Chowdhury, his name often preceded by the title Pandit, was an 	 	 	6	0.816497	0.221849	1
3	http://www.w3.org/2000/01/rdf-schema#label	P. Ravi Shankar	P. Ravi Shankar	P. Ravi Shankar	Ravi Shankar Prasad	Ravi Shankar Prasad	Ravi Shankar Prasad	Ravi Shankar	Ravi Shankar	Ravi Shankar	Rabindra Shankar Chowdhury	10	0.408248	0	1
0	http://www.w3.org/2002/07/owl#sameAs	 	 	 	 	 	 	 	 	 	 	0	NaN	Infinity	0
0	http://www.w3.org/ns/prov#wasDerivedFrom	http://en.wikipedia.org/wiki/P._Ravi_Shankar?oldid=744731689	 	 	http://en.wikipedia.org/wiki/Ravi_Shankar_Prasad?oldid=744210375	 	 	http://en.wikipedia.org/wiki/Ravi_Shankar?oldid=744928397	 	 	 	3	0.816497	0.522879	1
0	http://xmlns.com/foaf/0.1/depiction	http://commons.wikimedia.org/wiki/Special:FilePath/Ravishankar_At_Kotigobba_2_Audio_launch.jpeg	 	 	http://commons.wikimedia.org/wiki/Special:FilePath/Ravi_Shankar_Prasad_At_Office.jpg	 	 	http://commons.wikimedia.org/wiki/Special:FilePath/Ravi_Shankar_2009_crop.jpg	 	 	 	3	0.816497	0.522879	1
0	http://xmlns.com/foaf/0.1/gender;http://rdf.freebase.com/ns/people.person.gender;http://www.wikidata.org/entity/P21c;http://yago-knowledge.org/resource/hasGender	male	male	male	male	male	male	male	male	male	male	10	0.57735	0	1
1	http://xmlns.com/foaf/0.1/givenName;http://www.wikidata.org/entity/P735c;http://yago-knowledge.org/resource/hasGivenName	P.	 	P.	Ravi	 	Ravi	Rabindra Shankar Chowdhury; àŠ°àŠ¬à§àŠšà§àŠŠà§àŠ?àŠ¶àŠà§àŠàŠ?àŠà§àŠ§à§àŠ°à§	 	Ravi	Ravi	7	0.333333	0.154902	1
1	http://xmlns.com/foaf/0.1/isPrimaryTopicOf;http://rdf.freebase.com/ns/common.topic.topic_equivalent_webpage	http://en.wikipedia.org/wiki/P._Ravi_Shankar	http://en.wikipedia.org/wiki/P._Ravi_Shankar; http://www.imdb.com/name/nm5698493/	 	http://en.wikipedia.org/wiki/Ravi_Shankar_Prasad	http://en.wikipedia.org/wiki/Ravi_Shankar_Prasad; http://hi.wikipedia.org/wiki/%30%35%3F_%36%02%15%3	 	http://en.wikipedia.org/wiki/Ravi_Shankar	http://ar.wikipedia.org/wiki/%31%27%41%4A_%34%27%46%43%27%31; http://viaf.org/viaf/84975629/	 	 	6	0.79753	0.221849	1
0	http://xmlns.com/foaf/0.1/name	P. Ravi Shankar	 	 	Ravi Shankar Prasad	 	 	Ravi Shankar	 	 	 	3	0.816497	0.522879	1
2	http://rdf.freebase.com/key/authority.imdb.name;http://rdf.freebase.com/ns/imdb.topic.name_id;http://www.wikidata.org/entity/P345c	 	nm5698493	nm5698493	 	 	 	 	nm0788170	nm0788170	 	4	0	0.39794	1
1	http://rdf.freebase.com/key/en	 	p_ravi_shankar	 	 	ravi_shankar_prasad	 	 	ravi_shankar	 	 	3	0.816497	0.522879	1
1	http://rdf.freebase.com/key/wikipedia.en	 	P._Ravi_Sankar	 	 	Ravi_Shankar_Prasad	 	 	Pandit_Ravi_Shankar; Ravi_Shankar_(musician)	 	 	3	0.816497	0.522879	1
1	http://rdf.freebase.com/key/wikipedia.en_title	 	P._Ravi_Shankar	 	 	Ravi_Shankar_Prasad	 	 	Ravi_Shankar	 	 	3	0.816497	0.522879	1
0	http://rdf.freebase.com/ns/award.award_nominee.award_nominations	 	Filmfare Award for Best Supporting Actor â?Kannada; Filmfare Award for Best Supporting Actor â?Telug	 	 	 	 	 	Academy Award for Best Original Music Score; Grammy Award for Album of the Year	 	 	2	0.666667	0.69897	1
2	http://rdf.freebase.com/ns/award.award_winner.awards_won;http://www.wikidata.org/entity/P166c;http://yago-knowledge.org/resource/hasWonPrize	 	Filmfare Award for Best Supporting Actor â?Kannada; Nandi Award for Best Male Dubbing Artist	Filmfare Awards South	 	 	 	 	Grammy Award for Album of the Year; Grammy Lifetime Achievement Award	Banga Bibhushan; Commandeur des Arts et des Lettresâ?Bharat Ratna; Fukuoka Asian Culture Prize	5	0.536925	0.30103	1	
0	http://rdf.freebase.com/ns/common.topic.alias	 	Bommali Ravi Shankar; Pudipeddi Ravi Shankar Sarma	 	 	 	 	 	Pandit Ravi Shankar; Robindra Shankar Chowdhury	 	 	2	0.779643	0.69897	1
2	http://rdf.freebase.com/ns/common.topic.article;http://schema.org/description	 	http://rdf.freebase.com/ns/m.0n5w7rh	Indian actor	 	Ravi Shankar Prasad (Hindi: à€°à€µà€?à€¶à€à€à€° à€ªà¥à€°à€žà€Ÿà€Š, b. August 30, 1954) is an Indian lawyer and politician 	Indian politician	 	Ravi Shankar (Bengali: àŠ°àŠ¬àŠ?àŠ¶àŠàŠàŠ°; born Robindro Shaunkor Chowdhury on 7 April 1920), often referred t	Indian musician and sitar player	 	6	0.816497	0.221849	1
0	http://rdf.freebase.com/ns/common.topic.notable_for	 	Actor	 	 	Politician	 	 	Hindustani classical Artist	 	 	3	0.816497	0.522879	1
0	http://rdf.freebase.com/ns/common.topic.notable_types	 	Musical Artist	 	 	Politician	 	 	Musical Artist	 	 	3	0.57735	0.522879	1
0	http://rdf.freebase.com/ns/common.topic.webpage	 	http://rdf.freebase.com/ns/m.0cqgqs8	 	 	 	 	 	http://musicmoz.org/Bands_and_Artists/S/Shankar,_Ravi/; http://www.discogs.com/artist/Ravi+Shankar	 	 	2	0.816497	0.69897	1
0	http://rdf.freebase.com/ns/film.actor.film	 	Abhinetri; Chaarulatha	 	 	 	 	 	Double Trouble; Palm World Voices: Vedic Path	 	 	2	0.798809	0.69897	1
0	http://rdf.freebase.com/ns/film.director.film	 	Durgi	 	 	 	 	 	Double Trouble	 	 	2	0.816497	0.69897	1
0	http://rdf.freebase.com/ns/film.film_crewmember.films_crewed	 	http://rdf.freebase.com/ns/m.0_sgp22	 	 	 	 	 	 	 	 	1	0.816497	1	1
0	http://rdf.freebase.com/ns/film.writer.film	 	Narasimhudu	 	 	 	 	 	Double Trouble	 	 	2	0.816497	0.69897	1
0	http://rdf.freebase.com/ns/freebase.valuenotation.has_value	 	Date of birth	 	 	 	 	 	Education	 	 	2	0.816497	0.69897	1
0	http://rdf.freebase.com/ns/freebase.valuenotation.is_reviewed	 	Profession	 	 	 	 	 	Country of nationality; Date of birth	 	 	2	0.707107	0.69897	1
0	http://rdf.freebase.com/ns/kg.object_profile.prominent_type	 	Musical Artist	 	 	Politician	 	 	Musical Artist	 	 	3	0.57735	0.522879	1
0	http://rdf.freebase.com/ns/music.artist.track	 	Aigiri Nandini	 	 	 	 	 	'I like a lot of music'; Maru-Bihag, Part 1	 	 	2	0.708829	0.69897	1
0	http://rdf.freebase.com/ns/people.person.children;http://www.wikidata.org/entity/P40c	 	Adhvey Shankar	 	 	 	 	 	Norah Jones; Shubhendra Shankar	Anoushka Shankar; Norah Jones	 	3	0.617213	0.522879	1
0	http://rdf.freebase.com/ns/people.person.nationality;http://www.wikidata.org/entity/P27c	 	India	India	 	India	India	 	India	India	 	6	0.57735	0.221849	1
0	http://rdf.freebase.com/ns/people.person.parents	 	Sarma P.J.	 	 	 	 	 	Hemangini Devi; Shyam Shankar	 	 	2	0.816497	0.69897	1
0	http://rdf.freebase.com/ns/people.person.sibling_s	 	Sai Kumar	 	 	 	 	 	Bhupendra Shankar	 	 	2	0.816497	0.69897	1
1	http://rdf.freebase.com/ns/people.person.spouse_s	 	Suchil Ravi Shankar	 	 	Maya Shankar	 	 	Annapurna Devi; Kamala Shastri	 	 	3	0.816497	0.522879	1
0	http://rdf.freebase.com/ns/type.object.key	 	/authority/imdb/name/nm5698493; /wikipedia/en_id/37306818	 	 	/authority/google/google_plus_page/114084850997523768843; /wikipedia/en_id/12395952	 	 	/authority/daylife/topic/02bPeHQ68Qa6Z; /wikipedia/bg_id/447737	 	 	3	0.816497	0.522879	1
0	http://rdf.freebase.com/ns/type.object.name	 	P. Ravi Shankar	 	 	Ravi Shankar Prasad	 	 	Ravi Shankar	 	 	3	0.816497	0.522879	1
0	http://rdf.freebase.com/ns/type.object.type	 	Award Nominee; Film crewmember	 	 	Physically Instantiable	 	 	Award Nominee; Broadcast Artist	 	 	3	0.56466	0.522879	1
0	http://rdf.freebase.com/ns/user.alust.default_domain.processed_with_review_queue.question_id	 	/rabj/store/questions/question_337959027d11637f	 	 	 	 	 	 	 	 	1	0.57735	1	1
0	http://www.wikidata.org/entity/P1412c	 	 	Telugu	 	 	 	 	 	English	 	2	0.816497	0.69897	1
0	http://www.wikidata.org/entity/P22c	 	 	P. J. Sarma	 	 	 	 	 	 	 	1	0.57735	1	1
0	http://www.wikidata.org/entity/P2604c	 	 	1498496	 	 	 	 	 	 	 	1	0.816497	1	1
0	http://www.wikidata.org/entity/P7c	 	 	Sai Kumar	 	 	 	 	 	 	 	1	0.57735	1	1
1	http://dbpedia.org/ontology/almaMater;http://rdf.freebase.com/ns/people.person.education;http://www.wikidata.org/entity/P69c	 	 	 	Patna University	Patna University	Patna University	 	 	 	 	3	0.57735	0.522879	1
0	http://dbpedia.org/ontology/office	 	 	 	MPofRajya SabhaforBihar; Minister of Law and Justice	 	 	 	 	 	 	1	0.816497	1	1
1	http://dbpedia.org/ontology/party;http://rdf.freebase.com/ns/government.politician.party;http://www.wikidata.org/entity/P102c	 	 	 	Bharatiya Janata Party	Bharatiya Janata Party	Bharatiya Janata Party	 	 	 	 	3	0.57735	0.522879	1
0	http://dbpedia.org/ontology/predecessor	 	 	 	D. V. Sadananda Gowda; Kapil Sibal	 	 	 	 	 	 	1	0.816497	1	1
0	http://dbpedia.org/ontology/primeMinister	 	 	 	Narendra Modi	 	 	 	 	 	 	1	0.57735	1	1
0	http://dbpedia.org/ontology/profession	 	 	 	Lawyer	 	 	 	 	 	 	1	0.57735	1	1
0	http://dbpedia.org/ontology/successor	 	 	 	D. V. Sadananda Gowda; Manoj Sinha	 	 	 	 	 	 	1	0.816497	1	1
0	http://dbpedia.org/ontology/termPeriod	 	 	 	http://dbpedia.org/resource/Ravi_Shankar_Prasad__1	 	 	 	 	 	 	1	0.816497	1	1
0	http://dbpedia.org/ontology/wikiPageExternalLink	 	 	 	http://www.archive.india.gov.in/govt/rajyasabhampbiodata.php?mpcode=214	 	 	http://ravishankar.org	 	 	 	2	0.816497	0.69897	1
0	http://rdf.freebase.com/key/authority.google.google_plus_page	 	 	 	 	1.14E+020	 	 	 	 	 	1	0.57735	1	1
0	http://rdf.freebase.com/ns/common.topic.social_media_presence	 	 	 	 	http://plus.google.com/114084850997523768843	 	 	 	 	 	1	0.57735	1	1
0	http://rdf.freebase.com/ns/government.politician.government_positions_held;http://www.wikidata.org/entity/P39c	 	 	 	 	Narendra Modi ministry; Union Council of Ministers of India	member of the Rajya Sabha	 	 	member of the Rajya Sabha	 	3	0.707107	0.522879	1
0	http://rdf.freebase.com/ns/people.person.places_lived;http://www.wikidata.org/entity/P551c	 	 	 	 	Bihar	 	 	Encinitas	Encinitas	 	3	0.57735	0.522879	1
1	http://rdf.freebase.com/ns/people.person.religion;http://www.wikidata.org/entity/P140c	 	 	 	 	Hindu	 	 	Hinduism	Hinduism	 	3	0.57735	0.522879	1
0	http://www.wikidata.org/entity/P18c	 	 	 	 	 	http://commons.wikimedia.org/wiki/File:Ravi_Shankar_Prasad_At_Office.jpg	 	 	http://commons.wikimedia.org/wiki/File:Ravi_Shankar_2009_crop.jpg	 	2	0.816497	0.69897	1
0	http://www.wikidata.org/entity/P646-freebase	 	 	 	 	 	Ravi Shankar Prasad	 	 	Ravi Shankar	 	2	0.816497	0.69897	1
0	http://www.wikidata.org/entity/P646c	 	 	 	 	 	/m/02w32hq	 	 	/m/0pj8m	 	2	0.816497	0.69897	1
0	http://dbpedia.org/ontology/activeYearsEndYear	 	 	 	 	 	 	2012	 	 	 	1	0.57735	1	1
0	http://dbpedia.org/ontology/associatedBand	 	 	 	 	 	 	Ali Akbar Khan; Allauddin Khan	 	 	 	1	0.816497	1	1
0	http://dbpedia.org/ontology/associatedMusicalArtist	 	 	 	 	 	 	Ali Akbar Khan; Allauddin Khan	 	 	 	1	0.816497	1	1
0	http://dbpedia.org/ontology/background	 	 	 	 	 	 	non_vocal_instrumentalist	 	 	 	1	0.57735	1	1
1	http://dbpedia.org/ontology/deathDate;http://rdf.freebase.com/ns/people.deceased_person.date_of_death;http://www.wikidata.org/entity/P570c;http://yago-knowledge.org/resource/diedOnDate	 	 	 	 	 	 	2012/12/11	2012/12/11	2012/12/11	2012/12/11	4	0.57735	0.39794	1
0	http://dbpedia.org/ontology/deathPlace;http://rdf.freebase.com/ns/people.deceased_person.place_of_death;http://www.wikidata.org/entity/P20c;http://yago-knowledge.org/resource/diedIn	 	 	 	 	 	 	San Diego	La Jolla	San Diego	San Diego	4	0.408248	0.39794	1
1	http://dbpedia.org/ontology/genre;http://rdf.freebase.com/ns/music.artist.genre;http://www.wikidata.org/entity/P136c	 	 	 	 	 	 	Hindustani classical music	Hindustani classical music	Hindustani classical music	 	3	0.408248	0.522879	1
0	http://dbpedia.org/ontology/instrument;http://rdf.freebase.com/ns/music.group_member.instruments_played;http://www.wikidata.org/entity/P1303c;http://yago-knowledge.org/resource/hasMusicalRole	 	 	 	 	 	 	Singing	Sitar	sitar	wordnet sitar 104224842	4	0.68313	0.39794	1
0	http://dbpedia.org/ontology/recordLabel;http://rdf.freebase.com/ns/music.artist.label;http://www.wikidata.org/entity/P264c	 	 	 	 	 	 	East Meets West Music	Dark Horse Records; East Meets West Music	His Master's Voice; Private Music	 	3	0.48795	0.522879	1
1	http://xmlns.com/foaf/0.1/homepage;http://rdf.freebase.com/ns/common.topic.official_website;http://www.wikidata.org/entity/P856c;http://yago-knowledge.org/resource/hasWebsite	 	 	 	 	 	 	http://ravishankar.org	http://www.ravishankar.org/	http://www.ravishankar.org	http://ravishankar.org/	4	0.816497	0.39794	1
0	http://xmlns.com/foaf/0.1/surname;http://yago-knowledge.org/resource/hasFamilyName	 	 	 	 	 	 	Shankar	 	 	Shankar	2	0.57735	0.69897	1
0	http://rdf.freebase.com/key/authority.daylife.topic	 	 	 	 	 	 	 	02bPeHQ68Qa6Z	 	 	1	0.57735	1	1
1	http://rdf.freebase.com/key/authority.discogs.artist;http://www.wikidata.org/entity/P1953c	 	 	 	 	 	 	 	299241; Ravi+Shankar	299241	 	2	0.57735	0.69897	1
0	http://rdf.freebase.com/key/authority.musicbrainz	 	 	 	 	 	 	 	697f8b9f-0454-40f2-bba2-58f35668cdbe	 	 	1	0.57735	1	1
1	http://rdf.freebase.com/key/authority.musicbrainz.artist;http://www.wikidata.org/entity/P434c	 	 	 	 	 	 	 	697f8b9f-0454-40f2-bba2-58f35668cdbe	697f8b9f-0454-40f2-bba2-58f35668cdbe	 	2	0.57735	0.69897	1
0	http://rdf.freebase.com/key/authority.myspace	 	 	 	 	 	 	 	ravishankarmusic	 	 	1	0.57735	1	1
0	http://rdf.freebase.com/key/authority.netflix.api	 	 	 	 	 	 	 	http://api.netflix.com/catalog/people/20039810	 	 	1	0.57735	1	1
0	http://rdf.freebase.com/key/authority.netflix.role	 	 	 	 	 	 	 	20039810	 	 	1	0.57735	1	1
0	http://rdf.freebase.com/key/authority.tvrage.person	 	 	 	 	 	 	 	210109	 	 	1	0.57735	1	1
1	http://rdf.freebase.com/key/authority.us.gov.loc.na;http://www.wikidata.org/entity/P244c	 	 	 	 	 	 	 	n50001487	n50001487	 	2	0.57735	0.69897	1
0	http://rdf.freebase.com/key/base.ranker.rankerurlname	 	 	 	 	 	 	 	ravi-shankar/1877085	 	 	1	0.57735	1	1
0	http://rdf.freebase.com/key/source.nytimes	 	 	 	 	 	 	 	top/reference/timestopics/people/s/ravi_shankar	 	 	1	0.57735	1	1
0	http://rdf.freebase.com/key/source.videosurf	 	 	 	 	 	 	 	12465	 	 	1	0.57735	1	1
0	http://rdf.freebase.com/key/user.avh.ellerdale	 	 	 	 	 	 	 	0080-5558	 	 	1	0.57735	1	1
1	http://rdf.freebase.com/key/user.hangy.viaf;http://www.wikidata.org/entity/P214c	 	 	 	 	 	 	 	84975629	84975629	 	2	0.57735	0.69897	1
0	http://rdf.freebase.com/key/user.jamie.nytdataid	 	 	 	 	 	 	 	N32403871299449645493	 	 	1	0.57735	1	1
0	http://rdf.freebase.com/ns/base.schemastaging.context_name.official_name	 	 	 	 	 	 	 	Robindro Shaunkor Chowdhury	 	 	1	0.57735	1	1
0	http://rdf.freebase.com/ns/base.websites.website.website	 	 	 	 	 	 	 	http://www.ravishankar.org	 	 	1	0.57735	1	1
0	http://rdf.freebase.com/ns/book.author.works_written	 	 	 	 	 	 	 	Raga Mala	 	 	1	0.57735	1	1
0	http://rdf.freebase.com/ns/broadcast.artist.content	 	 	 	 	 	 	 	NeverEndingWonder Radio	 	 	1	0.57735	1	1
0	http://rdf.freebase.com/ns/common.identity.daylife_topic	 	 	 	 	 	 	 	02bPeHQ68Qa6Z	 	 	1	0.57735	1	1
0	http://rdf.freebase.com/ns/common.topic.image	 	 	 	 	 	 	 	Dia5275 Ravi Shankar; Ravi Shankar with his sitar	 	 	1	0.816497	1	1
0	http://rdf.freebase.com/ns/common.topic.topical_webpage	 	 	 	 	 	 	 	http://musicmoz.org/Bands_and_Artists/S/Shankar,_Ravi/; http://www.discogs.com/artist/Ravi+Shankar	 	 	1	0.816497	1	1
0	http://rdf.freebase.com/ns/film.music_contributor.film	 	 	 	 	 	 	 	A Chairy Tale; Alice in Wonderland	 	 	1	0.816497	1	1
0	http://rdf.freebase.com/ns/film.person_or_entity_appearing_in_film.films	 	 	 	 	 	 	 	Glass: A Portrait of Philip in Twelve Parts; Ravi Shankar: Between Two Worlds	 	 	1	0.816497	1	1
0	http://rdf.freebase.com/ns/film.producer.film	 	 	 	 	 	 	 	Double Trouble	 	 	1	0.57735	1	1
0	http://rdf.freebase.com/ns/influence.influence_node.influenced	 	 	 	 	 	 	 	Leela Floyd; Philip Glass	 	 	1	0.816497	1	1
0	http://rdf.freebase.com/ns/music.artist.album	 	 	 	 	 	 	 	More Flowers of India; A Morning Raga / An Evening Raga	 	 	1	0.816497	1	1
0	http://rdf.freebase.com/ns/music.artist.concert_tours	 	 	 	 	 	 	 	George Harrison and Ravi Shankar's 1974 North American tour; Ravi Shankar's Music Festival from Indi	 	 	1	0.816497	1	1
0	http://rdf.freebase.com/ns/music.artist.contribution	 	 	 	 	 	 	 	Passages	 	 	1	0.57735	1	1
0	http://rdf.freebase.com/ns/music.artist.supporting_artists	 	 	 	 	 	 	 	Alla Rakha	 	 	1	0.57735	1	1
0	http://rdf.freebase.com/ns/music.artist.track_contributions	 	 	 	 	 	 	 	Alap - Gat I (Tala: Tin-Tal) - Gat II (Tala: Tin-Tal); Homage to Baba Allauddin	 	 	1	0.452911	1	1
0	http://rdf.freebase.com/ns/music.composer.compositions	 	 	 	 	 	 	 	Concerto for Sitar and Orchestra: II. Raga Sindhi Bhairavi; I Am Missing You	 	 	1	0.816497	1	1
0	http://rdf.freebase.com/ns/music.featured_artist.recordings	 	 	 	 	 	 	 	Introduction; Oceanic, Part 1	 	 	1	0.816497	1	1
0	http://rdf.freebase.com/ns/music.group_member.membership	 	 	 	 	 	 	 	Ravi Shankar & George Fenton; Ravi Shankar & Yehudi Menuhin	 	 	1	0.816497	1	1
0	http://rdf.freebase.com/ns/music.lyricist.lyrics_written	 	 	 	 	 	 	 	I Am Missing You	 	 	1	0.57735	1	1
0	http://rdf.freebase.com/ns/nytimes.topic.uri	 	 	 	 	 	 	 	top/reference/timestopics/people/s/ravi_shankar	 	 	1	0.57735	1	1
0	http://rdf.freebase.com/ns/people.deceased_person.cause_of_death;http://www.wikidata.org/entity/P509c	 	 	 	 	 	 	 	Respiratory failure	respiratory failure	 	2	0.816497	0.69897	1
0	http://rdf.freebase.com/ns/people.person.employment_history	 	 	 	 	 	 	 	http://rdf.freebase.com/ns/m.0h4jmqw	 	 	1	0.816497	1	1
0	http://rdf.freebase.com/ns/people.person.ethnicity;http://www.wikidata.org/entity/P172c	 	 	 	 	 	 	 	Bengali Brahmins	Bengali Brahmins	 	2	0.57735	0.69897	1
0	http://rdf.freebase.com/ns/people.person.languages	 	 	 	 	 	 	 	Bengali Language	 	 	1	0.816497	1	1
0	http://rdf.freebase.com/ns/symbols.name_source.namesakes	 	 	 	 	 	 	 	Ravi Coltrane	 	 	1	0.57735	1	1
0	http://rdf.freebase.com/ns/tv.tv_actor.guest_roles	 	 	 	 	 	 	 	http://rdf.freebase.com/ns/m.0bvw2sb	 	 	1	0.816497	1	1
0	http://rdf.freebase.com/ns/user.avh.default_domain.ellerdale_topic.ellerdale_id	 	 	 	 	 	 	 	0080-5558	 	 	1	0.57735	1	1
0	http://rdf.freebase.com/ns/user.robert.default_domain.daylife.hero_image_id	 	 	 	 	 	 	 	01PH3xPerDaSZ	 	 	1	0.57735	1	1
0	http://www.w3.org/2004/02/skos/core#altLabel	 	 	 	 	 	 	 	 	Pandit Ravi Shankar; Robindro Shaunkor Chowdhury	 	1	0.816497	1	1
0	http://www.wikidata.org/entity/P1006c	 	 	 	 	 	 	 	 	72076496	 	1	0.57735	1	1
0	http://www.wikidata.org/entity/P1207c	 	 	 	 	 	 	 	 	n2007102668	 	1	0.57735	1	1
0	http://www.wikidata.org/entity/P1263c	 	 	 	 	 	 	 	 	847/000022781	 	1	0.57735	1	1
0	http://www.wikidata.org/entity/P1273c	 	 	 	 	 	 	 	 	a11027861	 	1	0.57735	1	1
0	http://www.wikidata.org/entity/P1284c	 	 	 	 	 	 	 	 	28236	 	1	0.57735	1	1
0	http://www.wikidata.org/entity/P1315c	 	 	 	 	 	 	 	 	972681	 	1	0.57735	1	1
0	http://www.wikidata.org/entity/P1816c	 	 	 	 	 	 	 	 	mp61863	 	1	0.57735	1	1
0	http://www.wikidata.org/entity/P213c	 	 	 	 	 	 	 	 	0000 0001 2141 8949	 	1	0.57735	1	1
0	http://www.wikidata.org/entity/P2163c	 	 	 	 	 	 	 	 	1801540	 	1	0.57735	1	1
0	http://www.wikidata.org/entity/P227c	 	 	 	 	 	 	 	 	118764993	 	1	0.57735	1	1
0	http://www.wikidata.org/entity/P2639c	 	 	 	 	 	 	 	 	f01f1f8ab5844f16b752a0faec6c4ac5	 	1	0.57735	1	1
0	http://www.wikidata.org/entity/P268c	 	 	 	 	 	 	 	 	138997049	 	1	0.57735	1	1
0	http://www.wikidata.org/entity/P269c	 	 	 	 	 	 	 	 	06700931X	 	1	0.57735	1	1
0	http://www.wikidata.org/entity/P349c	 	 	 	 	 	 	 	 	456221	 	1	0.57735	1	1
0	http://www.wikidata.org/entity/P358c	 	 	 	 	 	 	 	 	Ravi Shankar discography	 	1	0.57735	1	1
0	http://www.wikidata.org/entity/P373c	 	 	 	 	 	 	 	 	Ravi Shankar	 	1	0.57735	1	1
0	http://www.wikidata.org/entity/P409c	 	 	 	 	 	 	 	 	35492497	 	1	0.57735	1	1
0	http://www.wikidata.org/entity/P463c	 	 	 	 	 	 	 	 	American Academy of Arts and Letters	 	1	0.57735	1	1
0	http://www.wikidata.org/entity/P906c	 	 	 	 	 	 	 	 	358805	 	1	0.57735	1	1
0	http://www.wikidata.org/entity/P950c	 	 	 	 	 	 	 	 	XX885220	 	1	0.57735	1	1
0	http://www.w3.org/2004/02/skos/core#prefLabel	 	 	 	 	 	 	 	 	 	Ravi Shankar	1	0.57735	1	1
0	http://yago-knowledge.org/resource/created	 	 	 	 	 	 	 	 	 	A Morning Raga / An Evening Raga; In New York (EP)	1	0.816497	1	1
0	http://yago-knowledge.org/resource/hasCitationTitle	 	 	 	 	 	 	 	 	 	&year=All&genre=All; In Her Father's Footsteps	1	0.816497	1	1
0	http://yago-knowledge.org/resource/hasWikipediaAnchorText	 	 	 	 	 	 	 	 	 	Ravi Shankar, legendary sitar player whose music inspired The Beatles dies aged 92 at dailymail.co	1	0.816497	1	1
0	http://yago-knowledge.org/resource/hasWikipediaArticleLength	 	 	 	 	 	 	 	 	 	43131	1	0.57735	1	1
0	http://yago-knowledge.org/resource/hasWikipediaUrl	 	 	 	 	 	 	 	 	 	http://en.wikipedia.org/wiki/Ravi_Shankar	1	0.57735	1	1
0	http://yago-knowledge.org/resource/linksTo	 	 	 	 	 	 	 	 	 	7th Berlin International Film Festival; Yehudi Menuhin	1	0.816497	1	1
0	http://yago-knowledge.org/resource/redirectedFrom	 	 	 	 	 	 	 	 	 	Pandit Ravi Shankar; Ravi Shankar (musician)	1	0.816497	1	1
0	http://yago-knowledge.org/resource/wroteMusicFor	 	 	 	 	 	 	 	 	 	A Chairy Tale; Chappaqua (film)	1	0.816497	1	1
