score	dataset	dbpedia	freebase	wikidata	yago-knowledge	dbpedia	freebase	wikidata	dbpedia	freebase	wikidata				
	entity	http://dbpedia.org/resource/Karl_Troll	http://rdf.freebase.com/ns/m.03g_m91	http://www.wikidata.org/entity/Q3505476	http://yago-knowledge.org/resource/Karl_Troll	http://dbpedia.org/resource/Troll_2	http://rdf.freebase.com/ns/m.082pyx	http://www.wikidata.org/entity/Q771485	http://dbpedia.org/resource/Wilhelm_Troll	http://rdf.freebase.com/ns/m.01317pxs	http://www.wikidata.org/entity/Q121525				
0	http://dbpedia.org/ontology/abstract	Karl Troll (November 1, 1865 in OberwÃ¶lbling, Lower Austria â?December 30, 1954 in Vienna) was an Au	 	 	 	Troll 2 is a 1990 B-horror comedy movie directed by Claudio Fragasso (under the pseudonym Drake Floy	 	 	Julius Georg Hubertus Wilhelm Troll (3 November 1897, Munich â?28 December 1978, Mainz) was a German	 	 	3	0.816497	0.522879	1
3	http://dbpedia.org/ontology/birthDate;http://rdf.freebase.com/ns/people.person.date_of_birth;http://www.wikidata.org/entity/P569c;http://yago-knowledge.org/resource/wasBornOnDate	1865-11-01	1865-11-01	1865-11-01	1865-01-01	 	 	 	1897-11-03	1897	1897-11-03	7	0.48795	0.154902	1
2	http://dbpedia.org/ontology/deathDate;http://rdf.freebase.com/ns/people.deceased_person.date_of_death;http://www.wikidata.org/entity/P570c;http://yago-knowledge.org/resource/diedOnDate	1954/12/30	1954/12/30	1954/12/30	1954/1/1	 	 	 	1978/12/28	 	1978/12/28	6	0.408248	0.221849	1
0	http://dbpedia.org/ontology/thumbnail	http://commons.wikimedia.org/wiki/Special:FilePath/EvangelickÃœ_kostel_v_Mor._OstravÄ.jpg?width=300	 	 	 	 	 	 	 	 	 	1	0.57735	1	1
0	http://dbpedia.org/ontology/wikiPageExternalLink	http://www.azw.at/www.architektenlexikon.at/de/651.htm; http://www.hernstein.gv.at/kultur/kirchen/	 	 	 	 	 	 	 	 	 	1	0.816497	1	1
2	http://dbpedia.org/ontology/wikiPageID;http://rdf.freebase.com/key/wikipedia.en_id	14864353	14864353	 	 	2786477	2786477	 	46275607	46275607	 	6	0.408248	0.221849	1
0	http://dbpedia.org/ontology/wikiPageLength	2417	 	 	 	19557	 	 	4153	 	 	3	0.816497	0.522879	1
0	http://dbpedia.org/ontology/wikiPageOutDegree	19	 	 	 	86	 	 	25	 	 	3	0.816497	0.522879	1
0	http://dbpedia.org/ontology/wikiPageRevisionID	714975645	 	 	 	735478295	 	 	742049299	 	 	3	0.816497	0.522879	1
0	http://purl.org/dc/terms/description	austrian architect	 	 	 	 	 	 	German botanist	 	 	2	0.816497	0.69897	1
0	http://purl.org/dc/terms/subject	1865 births; Academy of Fine Arts Vienna alumni	 	 	 	1990 direct-to-video films; American films	 	 	1897 births; German botanists	 	 	3	0.816497	0.522879	1
0	http://www.w3.org/1999/02/22-rdf-syntax-ns#type;http://www.wikidata.org/entity/P31c	person	Deceased Person; Physically Instantiable	human	wikicat Austrian architects; wordnet creator 109614315	CreativeWork; http://dbpedia.org/ontology/Wikidata:Q11424	Netflix Title	film	person	Physically Instantiable	human	10	0.588784	0	1
1	http://www.w3.org/2000/01/rdf-schema#comment;http://rdf.freebase.com/ns/common.topic.description	Karl Troll (November 1, 1865 in OberwÃ¶lbling, Lower Austria â?December 30, 1954 in Vienna) was an Au	Karl Troll was an Austrian architect. Karl Troll was the son of a carpenter from a small village in 	 	 	Troll 2 is a 1990 B-horror comedy movie directed by Claudio Fragasso (under the pseudonym Drake Floy	Troll 2 is a 1990 horror comedy B movie directed by Claudio Fragasso and starring Michael Stephenson	 	Julius Georg Hubertus Wilhelm Troll (3 November 1897, Munich â?28 December 1978, Mainz) was a German	Julius Georg Hubertus Wilhelm Troll was a German botanist, known for his studies in the field of pla	 	6	0.816497	0.221849	1
2	http://www.w3.org/2000/01/rdf-schema#label	Karl Troll	Karl Troll	Karl Troll	Karl Troll	Troll 2	Troll 2	Troll 2	Wilhelm Troll	Wilhelm Troll	Wilhelm Troll	10	0.246183	0	1
0	http://www.w3.org/2002/07/owl#sameAs	 	 	 	 	 	 	 	 	 	 	0	NaN	Infinity	0
0	http://www.w3.org/ns/prov#wasDerivedFrom	http://en.wikipedia.org/wiki/Karl_Troll?oldid=714975645	 	 	 	http://en.wikipedia.org/wiki/Troll_2?oldid=735478295	 	 	http://en.wikipedia.org/wiki/Wilhelm_Troll?oldid=742049299	 	 	3	0.816497	0.522879	1
0	http://xmlns.com/foaf/0.1/depiction	http://commons.wikimedia.org/wiki/Special:FilePath/EvangelickÃœ_kostel_v_Mor._OstravÄ.jpg	 	 	 	 	 	 	 	 	 	1	0.57735	1	1
0	http://xmlns.com/foaf/0.1/gender;http://rdf.freebase.com/ns/people.person.gender;http://www.wikidata.org/entity/P21c;http://yago-knowledge.org/resource/hasGender	male	male	male	male	 	 	 	male	 	male	6	0.57735	0.221849	1
1	http://xmlns.com/foaf/0.1/givenName;http://www.wikidata.org/entity/P735c;http://yago-knowledge.org/resource/hasGivenName	Karl	 	Karl	Karl	 	 	 	Wilhelm	 	Wilhelm	5	0.258199	0.30103	1
1	http://xmlns.com/foaf/0.1/isPrimaryTopicOf;http://rdf.freebase.com/ns/common.topic.topic_equivalent_webpage	http://en.wikipedia.org/wiki/Karl_Troll	http://cs.wikipedia.org/wiki/Karl_Troll; http://pl.wikipedia.org/wiki/index.html?curid=2534327	 	 	http://en.wikipedia.org/wiki/Troll_2	http://de.wikipedia.org/wiki/index.html?curid=3756069; http://www.imdb.com/title/tt0105643/	 	http://en.wikipedia.org/wiki/Wilhelm_Troll	http://de.wikipedia.org/wiki/Wilhelm_Troll; http://es.wikipedia.org/wiki/index.html?curid=5098695	 	6	0.769199	0.221849	1
0	http://xmlns.com/foaf/0.1/name	Karl Troll	 	 	 	Troll 2	 	 	Wilhelm Troll	 	 	3	0.816497	0.522879	1
0	http://xmlns.com/foaf/0.1/surname;http://yago-knowledge.org/resource/hasFamilyName	Troll	 	 	Troll	 	 	 	Troll	 	 	3	0.57735	0.522879	1
0	http://rdf.freebase.com/key/en	 	karl_troll	 	 	 	troll_2	 	 	 	 	2	0.816497	0.69897	1
1	http://rdf.freebase.com/key/wikipedia.en	 	Karl_Troll	 	 	 	Darren_Ewing; Grandpa_Seth	 	 	Wilhelm_Troll	 	3	0.816497	0.522879	1
1	http://rdf.freebase.com/key/wikipedia.en_title	 	Karl_Troll	 	 	 	Troll_2	 	 	Wilhelm_Troll	 	3	0.816497	0.522879	1
1	http://rdf.freebase.com/ns/common.topic.article;http://schema.org/description	 	Karl Troll (November 1, 1865 in OberwÃ¶lbling, Lower Austria - December 30, 1954 in Vienna) was an Au	austrian architect	 	 	Troll 2 is a 1990 B-Movie-horror film directed by Claudio Fragasso (under the pseudonym Drake Floyd)	film	 	 	German botanist	5	0.816497	0.30103	1
0	http://rdf.freebase.com/ns/common.topic.image	 	Former DEK Church in Ostrava	 	 	 	 	 	 	 	 	1	0.57735	1	1
0	http://rdf.freebase.com/ns/common.topic.notable_for	 	Architect	 	 	 	Horror Film	 	 	 	 	2	0.816497	0.69897	1
0	http://rdf.freebase.com/ns/common.topic.notable_types	 	Architect	 	 	 	Film	 	 	 	 	2	0.816497	0.69897	1
0	http://rdf.freebase.com/ns/kg.object_profile.prominent_type	 	Architect	 	 	 	Film	 	 	 	 	2	0.816497	0.69897	1
0	http://rdf.freebase.com/ns/people.person.education;http://www.wikidata.org/entity/P69c	 	Academy of Fine Arts Vienna	 	 	 	 	 	 	 	Ludwig Maximilian University of Munich	2	0.816497	0.69897	1
0	http://rdf.freebase.com/ns/people.person.profession;http://www.wikidata.org/entity/P106c	 	Architect	architect	 	 	 	 	 	 	university teacher	3	0.816497	0.522879	1
0	http://rdf.freebase.com/ns/type.object.key	 	/wikipedia/cs_title/Karl_Troll; /wikipedia/en_id/14864353	 	 	 	/wikipedia/he_id/1092341; /authority/imdb/title/tt0105643	 	 	/dataworld/freeq/job_aef0184a-8226-468a-b9fd-3cd2209eb6b7_var_wikipedia_en_46275607; /wikipedia/es/J	 	3	0.816497	0.522879	1
0	http://rdf.freebase.com/ns/type.object.name	 	Karl Troll	 	 	 	Troll 2	 	 	Wilhelm Troll	 	3	0.816497	0.522879	1
0	http://rdf.freebase.com/ns/type.object.type	 	Deceased Person; Physically Instantiable	 	 	 	Netflix Title	 	 	Physically Instantiable	 	3	0.57735	0.522879	1
0	http://www.w3.org/2004/02/skos/core#prefLabel	 	 	 	Karl Troll	 	 	 	 	 	 	1	0.57735	1	1
0	http://yago-knowledge.org/resource/hasWikipediaAnchorText	 	 	 	Academy of Fine Arts; Austria-Hungary	 	 	 	 	 	 	1	0.816497	1	1
0	http://yago-knowledge.org/resource/hasWikipediaArticleLength	 	 	 	2722	 	 	 	 	 	 	1	0.57735	1	1
0	http://yago-knowledge.org/resource/hasWikipediaUrl	 	 	 	http://en.wikipedia.org/wiki/Karl_Troll	 	 	 	 	 	 	1	0.57735	1	1
0	http://yago-knowledge.org/resource/linksTo	 	 	 	Academy of Fine Arts Vienna; Austria-Hungary	 	 	 	 	 	 	1	0.816497	1	1
1	http://dbpedia.org/ontology/Work/runtime;http://dbpedia.org/ontology/runtime;http://rdf.freebase.com/ns/film.film.runtime;http://www.wikidata.org/entity/P2047c	 	 	 	 	94	90	95	 	 	 	3	0.723747	0.522879	1
0	http://dbpedia.org/ontology/budget	 	 	 	 	200000	 	 	 	 	 	1	0.57735	1	1
1	http://dbpedia.org/ontology/director;http://rdf.freebase.com/ns/film.film.directed_by;http://www.wikidata.org/entity/P57c	 	 	 	 	Claudio Fragasso	Claudio Fragasso	Claudio Fragasso	 	 	 	3	0.57735	0.522879	1
0	http://dbpedia.org/ontology/producer;http://www.wikidata.org/entity/P162c	 	 	 	 	Joe D'Amato	 	Joe D'Amato	 	 	 	2	0.57735	0.69897	1
1	http://dbpedia.org/ontology/starring;http://rdf.freebase.com/ns/film.film.starring;http://www.wikidata.org/entity/P161c	 	 	 	 	Connie Young; George Hardy (actor)	Christina Reynolds; Deborah Reed	Connie Young; Darren Ewing	 	 	 	3	0.652141	0.522879	1
1	http://dbpedia.org/ontology/writer;http://rdf.freebase.com/ns/film.film.story_by;http://rdf.freebase.com/ns/film.film.written_by	 	 	 	 	Claudio Fragasso	Claudio Fragasso; Rossella Drudi	 	 	 	 	2	0.258199	0.69897	1
1	http://rdf.freebase.com/key/authority.imdb.title;http://rdf.freebase.com/ns/imdb.topic.title_id;http://www.wikidata.org/entity/P345c	 	 	 	 	 	tt0105643	tt0105643	 	 	 	2	0.57735	0.69897	1
0	http://rdf.freebase.com/key/authority.netflix.api	 	 	 	 	 	http://api.netflix.com/catalog/titles/movies/70084091	 	 	 	 	1	0.57735	1	1
1	http://rdf.freebase.com/key/authority.netflix.movie;http://rdf.freebase.com/ns/film.film.netflix_id;http://www.wikidata.org/entity/P1874c	 	 	 	 	 	70084091	70084091	 	 	 	2	0.57735	0.69897	1
0	http://rdf.freebase.com/key/authority.netflix.tiny	 	 	 	 	 	BVedn	 	 	 	 	1	0.57735	1	1
0	http://rdf.freebase.com/key/base.ranker.rankerurlname	 	 	 	 	 	troll-2/2280847	 	 	 	 	1	0.57735	1	1
0	http://rdf.freebase.com/key/source.clicker.film	 	 	 	 	 	troll-2	 	 	 	 	1	0.57735	1	1
0	http://rdf.freebase.com/key/source.rottentomatoes.movie	 	 	 	 	 	troll_2	 	 	 	 	1	0.57735	1	1
0	http://rdf.freebase.com/key/source.showtimes.intl.movie	 	 	 	 	 	0x910850aa8919e75f	 	 	 	 	1	0.57735	1	1
0	http://rdf.freebase.com/key/source.videosurf	 	 	 	 	 	96288	 	 	 	 	1	0.57735	1	1
0	http://rdf.freebase.com/key/user.avh.ellerdale	 	 	 	 	 	009e-b8c3	 	 	 	 	1	0.57735	1	1
0	http://rdf.freebase.com/ns/common.topic.alias	 	 	 	 	 	Goblins	 	 	 	 	1	0.816497	1	1
0	http://rdf.freebase.com/ns/common.topic.webpage	 	 	 	 	 	'Troll 2': Talking with the Alabama dentist who helped make the 'Best Worst Movie' of all time	 	 	 	 	1	0.57735	1	1
1	http://rdf.freebase.com/ns/film.film.cinematography;http://www.wikidata.org/entity/P344c	 	 	 	 	 	Giancarlo Ferrando	Giancarlo Ferrando	 	 	 	2	0.57735	0.69897	1
0	http://rdf.freebase.com/ns/film.film.costume_design_by	 	 	 	 	 	Laura Gemser	 	 	 	 	1	0.57735	1	1
1	http://rdf.freebase.com/ns/film.film.country;http://www.wikidata.org/entity/P495c;http://www.wikidata.org/entity/P27c	 	 	 	 	 	United States of America	United States of America	 	 	Germany	3	0.516398	0.522879	1
0	http://rdf.freebase.com/ns/film.film.distributors	 	 	 	 	 	Metro-Goldwyn-Mayer	 	 	 	 	1	0.57735	1	1
1	http://rdf.freebase.com/ns/film.film.edited_by;http://www.wikidata.org/entity/P1040c	 	 	 	 	 	Vanio Amici	Vanio Amici	 	 	 	2	0.57735	0.69897	1
0	http://rdf.freebase.com/ns/film.film.film_art_direction_by	 	 	 	 	 	Massimo Lentini	 	 	 	 	1	0.57735	1	1
0	http://rdf.freebase.com/ns/film.film.film_series	 	 	 	 	 	Troll Film series	 	 	 	 	1	0.57735	1	1
0	http://rdf.freebase.com/ns/film.film.genre;http://rdf.freebase.com/ns/media_common.netflix_title.netflix_genres;http://www.wikidata.org/entity/P136c	 	 	 	 	 	Monster Movies; Supernatural Horror	monster film	 	 	 	2	0.752773	0.69897	1
0	http://rdf.freebase.com/ns/film.film.initial_release_date;http://www.wikidata.org/entity/P577c	 	 	 	 	 	1990/10/3	1990	 	 	 	2	0.816497	0.69897	1
0	http://rdf.freebase.com/ns/film.film.language;http://www.wikidata.org/entity/P364c	 	 	 	 	 	English Language	English	 	 	 	2	0.816497	0.69897	1
0	http://rdf.freebase.com/ns/film.film.music;http://www.wikidata.org/entity/P86c	 	 	 	 	 	Carlo Maria Cordio	Carlo Maria Cordio	 	 	 	2	0.57735	0.69897	1
0	http://rdf.freebase.com/ns/film.film.prequel	 	 	 	 	 	Troll	 	 	 	 	1	0.57735	1	1
0	http://rdf.freebase.com/ns/film.film.rating	 	 	 	 	 	PG-13 (USA)	 	 	 	 	1	0.57735	1	1
0	http://rdf.freebase.com/ns/film.film.release_date_s	 	 	 	 	 	1990-10-03; 2009-06-19	 	 	 	 	1	0.816497	1	1
0	http://rdf.freebase.com/ns/film.film.rottentomatoes_id	 	 	 	 	 	troll_2	 	 	 	 	1	0.57735	1	1
0	http://rdf.freebase.com/ns/film.film.subjects	 	 	 	 	 	Vegetarianism	 	 	 	 	1	0.816497	1	1
0	http://rdf.freebase.com/ns/film.film.tagline	 	 	 	 	 	The original boogeyman is back.	 	 	 	 	1	0.57735	1	1
0	http://rdf.freebase.com/ns/film.film.trailers	 	 	 	 	 	http://www.youtube.com/watch?v=9KCct4RwLNM	 	 	 	 	1	0.57735	1	1
0	http://rdf.freebase.com/ns/freebase.valuenotation.has_no_value	 	 	 	 	 	Sequel	 	 	 	 	1	0.57735	1	1
0	http://rdf.freebase.com/ns/freebase.valuenotation.has_value	 	 	 	 	 	Produced by	 	 	 	 	1	0.57735	1	1
0	http://rdf.freebase.com/ns/user.avh.default_domain.ellerdale_topic.ellerdale_id	 	 	 	 	 	009e-b8c3	 	 	 	 	1	0.57735	1	1
0	http://www.wikidata.org/entity/P1258c	 	 	 	 	 	 	m/troll-2	 	 	 	1	0.57735	1	1
0	http://www.wikidata.org/entity/P1265c	 	 	 	 	 	 	169900	 	 	 	1	0.57735	1	1
0	http://www.wikidata.org/entity/P1476c	 	 	 	 	 	 	Troll 2	 	 	 	1	0.57735	1	1
0	http://www.wikidata.org/entity/P1562c	 	 	 	 	 	 	v51054	 	 	 	1	0.57735	1	1
0	http://www.wikidata.org/entity/P272c	 	 	 	 	 	 	Filmirage	 	 	 	1	0.57735	1	1
0	http://www.wikidata.org/entity/P480c	 	 	 	 	 	 	507293	 	 	 	1	0.57735	1	1
0	http://www.wikidata.org/entity/P646-freebase	 	 	 	 	 	 	Troll 2	 	 	 	1	0.57735	1	1
0	http://www.wikidata.org/entity/P646c	 	 	 	 	 	 	/m/082pyx	 	 	 	1	0.57735	1	1
0	http://dbpedia.org/ontology/birthPlace;http://www.wikidata.org/entity/P19c	 	 	 	 	 	 	 	Munich	 	Munich	2	0.57735	0.69897	1
0	http://dbpedia.org/ontology/deathPlace;http://www.wikidata.org/entity/P20c	 	 	 	 	 	 	 	Mainz	 	Mainz	2	0.57735	0.69897	1
0	http://rdf.freebase.com/key/dataworld.freeq	 	 	 	 	 	 	 	 	job_aef0184a-8226-468a-b9fd-3cd2209eb6b7_var_wikipedia_en_46275607	 	1	0.57735	1	1
0	http://rdf.freebase.com/ns/people.person.places_lived	 	 	 	 	 	 	 	 	Munich	 	1	0.57735	1	1
0	http://www.w3.org/2004/02/skos/core#altLabel	 	 	 	 	 	 	 	 	 	Troll	1	0.57735	1	1
0	http://www.wikidata.org/entity/P1006c	 	 	 	 	 	 	 	 	 	12633479X	1	0.57735	1	1
0	http://www.wikidata.org/entity/P108c	 	 	 	 	 	 	 	 	 	University of Halle-Wittenberg	1	0.816497	1	1
0	http://www.wikidata.org/entity/P1412c	 	 	 	 	 	 	 	 	 	German	1	0.57735	1	1
0	http://www.wikidata.org/entity/P166c	 	 	 	 	 	 	 	 	 	Knight in the Order of the Holy Sepulchre	1	0.57735	1	1
0	http://www.wikidata.org/entity/P2005c	 	 	 	 	 	 	 	 	 	trollwilhelm	1	0.57735	1	1
0	http://www.wikidata.org/entity/P213c	 	 	 	 	 	 	 	 	 	0000 0001 0878 1882	1	0.57735	1	1
0	http://www.wikidata.org/entity/P214c	 	 	 	 	 	 	 	 	 	22222266	1	0.57735	1	1
0	http://www.wikidata.org/entity/P2273c	 	 	 	 	 	 	 	 	 	614	1	0.57735	1	1
0	http://www.wikidata.org/entity/P227c	 	 	 	 	 	 	 	 	 	118624075	1	0.57735	1	1
0	http://www.wikidata.org/entity/P244c	 	 	 	 	 	 	 	 	 	n82059449	1	0.57735	1	1
0	http://www.wikidata.org/entity/P268c	 	 	 	 	 	 	 	 	 	123798730	1	0.57735	1	1
0	http://www.wikidata.org/entity/P269c	 	 	 	 	 	 	 	 	 	03284882X	1	0.57735	1	1
0	http://www.wikidata.org/entity/P428c	 	 	 	 	 	 	 	 	 	Troll	1	0.57735	1	1
0	http://www.wikidata.org/entity/P463c	 	 	 	 	 	 	 	 	 	Academy of Sciences and Literature; German Academy of Sciences Leopoldina	1	0.816497	1	1
0	http://www.wikidata.org/entity/P586c	 	 	 	 	 	 	 	 	 	10843-1	1	0.57735	1	1
