score	dataset	dbpedia	freebase	wikidata	dbpedia	freebase	wikidata	yago-knowledge	dbpedia	freebase	wikidata				
	entity	http://dbpedia.org/resource/Steve_McMahon_(footballer,_born_1970)	http://rdf.freebase.com/ns/m.012vts2n	http://www.wikidata.org/entity/Q19561497	http://dbpedia.org/resource/Steve_McMahon	http://rdf.freebase.com/ns/m.04jdjh	http://www.wikidata.org/entity/Q706593	http://yago-knowledge.org/resource/Steve_McMahon	http://dbpedia.org/resource/Steve_McMahon_(consultant)	http://rdf.freebase.com/ns/m.0w1f4tf	http://www.wikidata.org/entity/Q16732373				
0	http://dbpedia.org/ontology/abstract	Steven "Steve" McMahon (born 22 April 1970) is a Scottish former footballer who played in the Footba	 	 	Stephen Joseph "Steve" McMahon (born 20 August 1961) is an English former professional footballer, m	 	 	 	Steve McMahon is an American lawyer and media consultant who has worked on political campaigns for D	 	 	3	0.816497	0.522879	1
3	http://dbpedia.org/ontology/birthDate;http://rdf.freebase.com/ns/people.person.date_of_birth;http://www.wikidata.org/entity/P569c;http://yago-knowledge.org/resource/wasBornOnDate	1970/4/22	1970/4/22	1970/4/22	1961/8/20	1961/8/20	1961/8/20	1961/8/20	 	 	 	7	0.333333	0.154902	1
2	http://dbpedia.org/ontology/birthPlace;http://rdf.freebase.com/ns/people.person.place_of_birth;http://www.wikidata.org/entity/P19c	Glasgow	Glasgow	 	Halewood	Halewood	Halewood	 	 	 	 	5	0.48795	0.30103	1
0	http://dbpedia.org/ontology/careerStation	http://dbpedia.org/resource/Steve_McMahon_(footballer,_born_1970)__10	 	 	http://dbpedia.org/resource/Steve_McMahon__10	 	 	 	 	 	 	2	0.816497	0.69897	1
0	http://dbpedia.org/ontology/position	Defender (association football)	 	 	Midfielder (football)	 	 	 	 	 	 	2	0.816497	0.69897	1
2	http://dbpedia.org/ontology/team;http://rdf.freebase.com/ns/sports.pro_athlete.teams;http://yago-knowledge.org/resource/playsFor	Carlisle United F.C.; Cowdenbeath F.C.	http://rdf.freebase.com/ns/m.012zy5jn	 	Aston Villa F.C.; Liverpool F.C.	 	 	Aston Villa F.C.; Liverpool F.C.	 	 	 	4	0.601929	0.39794	1
2	http://dbpedia.org/ontology/wikiPageID;http://rdf.freebase.com/key/wikipedia.en_id	45410320	45410320	 	39683719	39683719	 	 	39576622	39576622	 	6	0.408248	0.221849	1
0	http://dbpedia.org/ontology/wikiPageLength	3716	 	 	29938	 	 	 	11525	 	 	3	0.816497	0.522879	1
0	http://dbpedia.org/ontology/wikiPageOutDegree	39	 	 	207	 	 	 	44	 	 	3	0.816497	0.522879	1
0	http://dbpedia.org/ontology/wikiPageRevisionID	728545047	 	 	741811567	 	 	 	723213854	 	 	3	0.816497	0.522879	1
0	http://purl.org/dc/terms/description	Scottish footballer	 	 	English footballer	 	 	 	American lawyer and media consultant	 	 	3	0.816497	0.522879	1
0	http://purl.org/dc/terms/subject	1970 births; Cowdenbeath F.C. players	 	 	1990 FIFA World Cup players; Liverpool F.C. players	 	 	 	American political consultants; Year of birth missing (living people)	 	 	3	0.776426	0.522879	1
0	http://www.w3.org/1999/02/22-rdf-syntax-ns#type;http://www.wikidata.org/entity/P31c	Natural person; association football player	Physically Instantiable	human	Natural person; association football manager	Football player; Measured person	human	wikicat 1990 FIFA World Cup players; wordnet head 110162991	Natural person	Physically Instantiable	human	10	0.479347	0	1
2	http://www.w3.org/2000/01/rdf-schema#comment;http://rdf.freebase.com/ns/common.topic.description	Steven "Steve" McMahon (born 22 April 1970) is a Scottish former footballer who played in the Footba	Steven "Steve" McMahon is a Scottish former footballer who played in the Football League for Swansea	 	Stephen Joseph "Steve" McMahon (born 20 August 1961) is an English former professional footballer, m	Stephen Joseph "Steve" McMahon is an English former professional footballer, manager and sports tele	 	 	Steve McMahon is an American lawyer and media consultant who has worked on political campaigns for D	Steve McMahon is an American lawyer and media consultant who has worked on political campaigns for D	 	6	0.707107	0.221849	1
3	http://www.w3.org/2000/01/rdf-schema#label	Steve McMahon (footballer, born 1970)	Steve McMahon	Steve McMahon	Steve McMahon	Steve McMahon	Steve McMahon	Steve McMahon	Steve McMahon (consultant)	Steve McMahon	Steve McMahon	10	0	0	1
0	http://www.w3.org/2002/07/owl#sameAs	 	 	 	 	 	 	 	 	 	 	0	NaN	Infinity	0
0	http://www.w3.org/ns/prov#wasDerivedFrom	http://en.wikipedia.org/wiki/Steve_McMahon_(footballer,_born_1970)?oldid=728545047	 	 	http://en.wikipedia.org/wiki/Steve_McMahon?oldid=741811567	 	 	 	http://en.wikipedia.org/wiki/Steve_McMahon_(consultant)?oldid=723213854	 	 	3	0.816497	0.522879	1
0	http://xmlns.com/foaf/0.1/gender;http://www.wikidata.org/entity/P21c;http://rdf.freebase.com/ns/people.person.gender;http://yago-knowledge.org/resource/hasGender	male	 	male	male	male	male	male	male	male	male	9	0.57735	0.045757	1
0	http://xmlns.com/foaf/0.1/givenName;http://www.wikidata.org/entity/P735c;http://yago-knowledge.org/resource/hasGivenName	Steve	 	Steve	Steve	 	Steve	Steve	Steve	 	Steve	7	0.57735	0.154902	1
1	http://xmlns.com/foaf/0.1/isPrimaryTopicOf;http://rdf.freebase.com/ns/common.topic.topic_equivalent_webpage	http://en.wikipedia.org/wiki/Steve_McMahon_(footballer,_born_1970)	http://en.wikipedia.org/wiki/Steve_McMahon_(footballer,_born_1970)	 	http://en.wikipedia.org/wiki/Steve_McMahon	http://ar.wikipedia.org/wiki/%33%2A%4A%41_%45%43%45%27%47%48%46	 	 	http://en.wikipedia.org/wiki/Steve_McMahon_(consultant)	http://en.wikipedia.org/wiki/Steve_McMahon_(consultant); http://en.wikipedia.org/wiki/index.html?cur	 	6	0.754912	0.221849	1
0	http://xmlns.com/foaf/0.1/name	Steve McMahon	 	 	Stephen Joseph McMahon	 	 	 	Steve McMahon	 	 	3	0.516398	0.522879	1
0	http://xmlns.com/foaf/0.1/surname;http://yago-knowledge.org/resource/hasFamilyName	McMahon	 	 	McMahon	 	 	McMahon	McMahon	 	 	4	0.57735	0.39794	1
0	http://rdf.freebase.com/key/dataworld.freeq	 	job_27f6fe9f-650e-45f6-8bb7-5715308d3dc2_var_en_wikipedia_org_wiki_Steve_McMahon_(footballer,_born_1	 	 	 	 	 	 	 	 	1	0.57735	1	1
1	http://rdf.freebase.com/key/wikipedia.en	 	Steve_McMahon_(footballer,_born_1970)	 	 	Steve_McMahon_(footballer)	 	 	 	Steve_McMahon_(consultant)	 	3	0.816497	0.522879	1
1	http://rdf.freebase.com/key/wikipedia.en_title	 	Steve_McMahon_(footballer,_born_1970)	 	 	Steve_McMahon	 	 	 	Steve_McMahon_(consultant)	 	3	0.816497	0.522879	1
0	http://rdf.freebase.com/ns/common.topic.notable_for	 	Soccer Defender	 	 	Professional Association Football Player	 	 	 	Lawyer	 	3	0.816497	0.522879	1
0	http://rdf.freebase.com/ns/type.object.key	 	/dataworld/freeq/job_27f6fe9f-650e-45f6-8bb7-5715308d3dc2_var_en_wikipedia_org_wiki_Steve_McMahon_(f	 	 	/authority/daylife/topic/01m1gHz4Upghv; /source/videosurf/20505	 	 	 	/wikipedia/en_id/39576622; /wikipedia/en_title/Steve_McMahon_(consultant)	 	3	0.816497	0.522879	1
0	http://rdf.freebase.com/ns/type.object.name	 	Steve McMahon	 	 	Steve McMahon	 	 	 	Steve McMahon	 	3	0.57735	0.522879	1
0	http://rdf.freebase.com/ns/type.object.type	 	Physically Instantiable	 	 	Football player; Measured person	 	 	 	Physically Instantiable	 	3	0.333333	0.522879	1
1	http://schema.org/description;http://rdf.freebase.com/ns/common.topic.article	 	 	Scottish footballer	 	http://rdf.freebase.com/ns/m.04jdjp	English footballer	 	 	http://rdf.freebase.com/ns/m.0w1f4tg	American lawyer and media consultant	5	0.816497	0.30103	1
2	http://www.wikidata.org/entity/P106c;http://rdf.freebase.com/ns/people.person.profession;http://dbpedia.org/ontology/occupation	 	 	association football manager	 	Football player	association football manager	 	http://dbpedia.org/resource/Steve_McMahon_(consultant)__1	Media consultant	lawyer	6	0.627646	0.221849	1
1	http://www.wikidata.org/entity/P27c;http://rdf.freebase.com/ns/people.person.nationality	 	 	United Kingdom	 	England	United Kingdom	 	 	United States of America	 	4	0.645497	0.39794	1
1	http://www.wikidata.org/entity/P413c;http://rdf.freebase.com/ns/soccer.football_player.position_s	 	 	defender	 	Midfielder	midfielder	 	 	 	 	3	0.816497	0.522879	1
0	http://www.wikidata.org/entity/P641c;http://rdf.freebase.com/ns/sports.pro_athlete.sports_played_professionally	 	 	association football	 	Football	association football	 	 	 	 	3	0.57735	0.522879	1
0	http://dbpedia.org/ontology/Person/height	 	 	 	176	 	 	 	 	 	 	1	0.57735	1	1
0	http://dbpedia.org/ontology/height	 	 	 	1.76	 	 	 	 	 	 	1	0.57735	1	1
0	http://dbpedia.org/ontology/managerClub	 	 	 	Blackpool F.C.; Perth Glory FC	 	 	 	 	 	 	1	0.816497	1	1
0	http://dbpedia.org/ontology/wikiPageExternalLink	 	 	 	http://www.lfchistory.net/player_profile.asp?player_id=372; http://www.profitablegroup.com	 	 	 	 	 	 	1	0.816497	1	1
0	http://rdf.freebase.com/key/authority.daylife.topic	 	 	 	 	01m1gHz4Upghv	 	 	 	 	 	1	0.57735	1	1
0	http://rdf.freebase.com/key/en	 	 	 	 	steve_mcmahon	 	 	 	 	 	1	0.57735	1	1
0	http://rdf.freebase.com/key/source.videosurf	 	 	 	 	20505	 	 	 	 	 	1	0.57735	1	1
0	http://rdf.freebase.com/ns/common.identity.daylife_topic	 	 	 	 	01m1gHz4Upghv	 	 	 	 	 	1	0.57735	1	1
0	http://rdf.freebase.com/ns/common.topic.notable_types	 	 	 	 	Football player	 	 	 	Person	 	2	0.816497	0.69897	1
0	http://rdf.freebase.com/ns/kg.object_profile.prominent_type	 	 	 	 	Football player	 	 	 	Person	 	2	0.816497	0.69897	1
1	http://rdf.freebase.com/ns/people.person.height_meters;http://www.wikidata.org/entity/P2048c	 	 	 	 	1.76	176	 	 	 	 	2	0.816497	0.69897	1
0	http://rdf.freebase.com/ns/people.person.places_lived	 	 	 	 	Liverpool	 	 	 	 	 	1	0.816497	1	1
0	http://www.wikidata.org/entity/P1344c	 	 	 	 	 	1990 FIFA World Cup; UEFA Euro 1988	 	 	 	 	1	0.816497	1	1
0	http://www.wikidata.org/entity/P2193c	 	 	 	 	 	5249	 	 	 	 	1	0.57735	1	1
0	http://www.wikidata.org/entity/P2195c	 	 	 	 	 	1154	 	 	 	 	1	0.57735	1	1
0	http://www.wikidata.org/entity/P2574c	 	 	 	 	 	16994	 	 	 	 	1	0.57735	1	1
0	http://www.wikidata.org/entity/P646-freebase	 	 	 	 	 	Steve McMahon	 	 	 	 	1	0.57735	1	1
0	http://www.wikidata.org/entity/P646c	 	 	 	 	 	/m/04jdjh	 	 	 	 	1	0.57735	1	1
0	http://www.w3.org/2004/02/skos/core#prefLabel	 	 	 	 	 	 	Steve McMahon	 	 	 	1	0.57735	1	1
0	http://yago-knowledge.org/resource/hasCitationTitle	 	 	 	 	 	 	100 PWSTK - No.42: Steve McMahon; Â£260 million Toon Takeaway	 	 	 	1	0.816497	1	1
0	http://yago-knowledge.org/resource/hasWikipediaAnchorText	 	 	 	 	 	 	'Liverpool FC News: "Opportunity knocks for Reds in Asia"'; Perth Glory F.C.	 	 	 	1	0.816497	1	1
0	http://yago-knowledge.org/resource/redirectedFrom	 	 	 	 	 	 	Steve McMahon (footballer)	 	 	 	1	0.816497	1	1
0	http://dbpedia.org/ontology/employer;http://rdf.freebase.com/ns/people.person.employment_history	 	 	 	 	 	 	 	Purple Strategies	http://rdf.freebase.com/ns/m.012dzknx	 	2	0.816497	0.69897	1
0	http://dbpedia.org/ontology/knownFor	 	 	 	 	 	 	 	Howard Dean presidential campaign, 2004	 	 	1	0.57735	1	1
0	http://rdf.freebase.com/ns/freebase.valuenotation.has_value	 	 	 	 	 	 	 	 	Date of birth	 	1	0.816497	1	1
