score	dataset	dbpedia	freebase	wikidata	yago-knowledge	dbpedia	freebase	wikidata	yago-knowledge	dbpedia	wikidata				
	entity	http://dbpedia.org/resource/Robert_Ker	http://rdf.freebase.com/ns/m.07dwgv	http://www.wikidata.org/entity/Q7346323	http://yago-knowledge.org/resource/Robert_Ker	http://dbpedia.org/resource/Robert_Ker_Porter	http://rdf.freebase.com/ns/m.0br7835	http://www.wikidata.org/entity/Q2701225	http://yago-knowledge.org/resource/Robert_Ker_Porter	http://dbpedia.org/resource/Robert_Ker,_2nd_Duke_of_Roxburghe	http://www.wikidata.org/entity/Q19787074				
0	http://dbpedia.org/ontology/abstract	Robert Ker (August 14, 1824 â?11 or 12 February 1879) was the first Auditor General of the Colony an	 	 	 	Sir Robert Ker Porter, KCH (1777â?842) was a Scottish artist, author, diplomat and traveller. Known 	 	 	 	Robert Ker, 2nd Duke of Roxburghe (c.â?709 â?20 August 1755) was a Scottish peer. Ker was the only s	 	3	0.816497	0.522879	1
3	http://dbpedia.org/ontology/birthDate;http://rdf.freebase.com/ns/people.person.date_of_birth;http://www.wikidata.org/entity/P569c;http://yago-knowledge.org/resource/wasBornOnDate	1824-08-14	1824-08-14	1824-08-14	1824-01-01	1777-01-01	1777	1777	1777-01-01	 	 	8	0.471405	0.09691	1
3	http://dbpedia.org/ontology/deathDate;http://rdf.freebase.com/ns/people.deceased_person.date_of_death;http://www.wikidata.org/entity/P570c;http://yago-knowledge.org/resource/diedOnDate	1879-02-12	1879	1879-02-12	1879-01-01	1842-01-01	1842	1842	1842-01-01	1755-08-20	1755-08-20	10	0.516398	0	1
1	http://dbpedia.org/ontology/nationality;http://www.wikidata.org/entity/P27c	Canada	 	 	 	 	 	United Kingdom	 	 	 	2	0.816497	0.69897	1
0	http://dbpedia.org/ontology/wikiPageExternalLink	http://www.biographi.ca/009004-119.01-e.php?&id_nbr=5076	 	 	 	http://www.bbc.co.uk/arts/yourpaintings/artists/robert-ker-porter	 	 	 	 	 	2	0.816497	0.69897	1
2	http://dbpedia.org/ontology/wikiPageID;http://rdf.freebase.com/key/wikipedia.en_id	2449044	2449044	 	 	25460151	25460151	 	 	46271986	 	5	0.516398	0.30103	1
0	http://dbpedia.org/ontology/wikiPageLength	1361	 	 	 	8076	 	 	 	3713	 	3	0.816497	0.522879	1
0	http://dbpedia.org/ontology/wikiPageOutDegree	20	 	 	 	47	 	 	 	29	 	3	0.816497	0.522879	1
0	http://dbpedia.org/ontology/wikiPageRevisionID	705569278	 	 	 	717633946	 	 	 	725411353	 	3	0.816497	0.522879	1
0	http://purl.org/dc/terms/description	British colonial administrator	 	 	 	British artist, writer and diplomat	 	 	 	 	 	2	0.816497	0.69897	1
0	http://purl.org/dc/terms/subject	1824 births; Canadian auditors	 	 	 	1777 births; 18th-century English painters	 	 	 	1710s births; Dukes of Roxburghe	 	3	0.816497	0.522879	1
0	http://www.w3.org/1999/02/22-rdf-syntax-ns#type;http://www.wikidata.org/entity/P31c	Natural person	Deceased Person; Physically Instantiable	human	wikicat People from Dalkeith; wordnet object 100002684	person	Deceased Person; Physically Instantiable	human	wikicat 18th-century English painters; wikicat Explorers of Iran	person	human	10	0.552236	0	1
0	http://www.w3.org/2000/01/rdf-schema#comment;http://rdf.freebase.com/ns/common.topic.description	Robert Ker (August 14, 1824 â?11 or 12 February 1879) was the first Auditor General of the Colony an	Robert Ker was the first Auditor General of the Colony and then the Province of British Columbia. A 	 	 	Sir Robert Ker Porter, KCH (1777â?842) was a Scottish artist, author, diplomat and traveller. Known 	Robert Ker Porter was an English artist, author, diplomat and traveller. Known today for his account	 	 	Robert Ker, 2nd Duke of Roxburghe (c.â?709 â?20 August 1755) was a Scottish peer. Ker was the only s	 	5	0.816497	0.30103	1
3	http://www.w3.org/2000/01/rdf-schema#label	Robert Ker	Robert Ker	Robert Ker	Robert Ker	Robert Ker Porter	Robert Ker Porter	Robert Ker Porter	Robert Ker Porter	Robert Ker, 2nd Duke of Roxburghe	Robert Ker, 2nd Duke of Roxburghe	10	0.154303	0	1
0	http://www.w3.org/2002/07/owl#sameAs	 	 	 	 	 	 	 	 	Robert Ker, 2nd Duke of Roxburghe	 	1	0.57735	1	0
0	http://www.w3.org/ns/prov#wasDerivedFrom	http://en.wikipedia.org/wiki/Robert_Ker?oldid=705569278	 	 	 	http://en.wikipedia.org/wiki/Robert_Ker_Porter?oldid=717633946	 	 	 	http://en.wikipedia.org/wiki/Robert_Ker,_2nd_Duke_of_Roxburghe?oldid=725411353	 	3	0.816497	0.522879	1
0	http://xmlns.com/foaf/0.1/gender;http://rdf.freebase.com/ns/people.person.gender;http://www.wikidata.org/entity/P21c;http://yago-knowledge.org/resource/hasGender	male	male	male	male	male	male	male	male	male	male	10	0.57735	0	1
0	http://xmlns.com/foaf/0.1/givenName;http://www.wikidata.org/entity/P735c;http://yago-knowledge.org/resource/hasGivenName	Robert	 	Robert	Robert	Robert	 	Robert	Robert	Robert	Robert	8	0.57735	0.09691	1
1	http://xmlns.com/foaf/0.1/isPrimaryTopicOf;http://rdf.freebase.com/ns/common.topic.topic_equivalent_webpage	http://en.wikipedia.org/wiki/Robert_Ker	http://en.wikipedia.org/wiki/Robert_Ker; http://en.wikipedia.org/wiki/index.html?curid=2449044	 	 	http://en.wikipedia.org/wiki/Robert_Ker_Porter	http://en.wikipedia.org/wiki/Robert_Ker_Porter; http://id.loc.gov/authorities/names/n90692933.html	 	 	http://en.wikipedia.org/wiki/Robert_Ker,_2nd_Duke_of_Roxburghe	 	5	0.749269	0.30103	1
0	http://xmlns.com/foaf/0.1/name	Robert Ker	 	 	 	Robert Ker Porter	 	 	 	Robert Ker, 2nd Duke of Roxburghe	 	3	0.816497	0.522879	1
1	http://xmlns.com/foaf/0.1/surname;http://yago-knowledge.org/resource/hasFamilyName	Ker	 	 	Ker	Porter	 	 	Porter	 	 	4	0.408248	0.39794	1
0	http://rdf.freebase.com/key/en	 	robert_ker	 	 	 	 	 	 	 	 	1	0.57735	1	1
0	http://rdf.freebase.com/key/wikipedia.en	 	Robert_Ker	 	 	 	Robert_Ker_Porter	 	 	 	 	2	0.816497	0.69897	1
0	http://rdf.freebase.com/key/wikipedia.en_title	 	Robert_Ker	 	 	 	Robert_Ker_Porter	 	 	 	 	2	0.816497	0.69897	1
1	http://rdf.freebase.com/ns/common.topic.article;http://schema.org/description	 	Robert Ker (August 14, 1824 â?11 or 12 February 1879) was the first Auditor General of the Colony an	British colonial administrator	 	 	Robert Ker Porter (1777â?842), noted artist, author, diplomat and traveler. Known today for his acco	British artist, writer and diplomat	 	 	 	4	0.816497	0.39794	1
0	http://rdf.freebase.com/ns/common.topic.notable_for	 	Deceased Person	 	 	 	Author	 	 	 	 	2	0.816497	0.69897	1
0	http://rdf.freebase.com/ns/common.topic.notable_types	 	Deceased Person	 	 	 	Author	 	 	 	 	2	0.816497	0.69897	1
0	http://rdf.freebase.com/ns/kg.object_profile.prominent_type	 	Deceased Person	 	 	 	Author	 	 	 	 	2	0.816497	0.69897	1
1	http://rdf.freebase.com/ns/people.person.place_of_birth;http://dbpedia.org/ontology/birthPlace;http://www.wikidata.org/entity/P19c	 	Scotland	 	 	Durham, England	 	Durham	 	 	 	3	0.816497	0.522879	1
0	http://rdf.freebase.com/ns/type.object.key	 	/wikipedia/en_id/2449044; /wikipedia/en_title/Robert_Ker	 	 	 	/authority/us/gov/loc/na/n90692933; /user/hangy/viaf/47031151	 	 	 	 	2	0.816497	0.69897	1
0	http://rdf.freebase.com/ns/type.object.name	 	Robert Ker	 	 	 	Robert Ker Porter	 	 	 	 	2	0.816497	0.69897	1
0	http://rdf.freebase.com/ns/type.object.type	 	Deceased Person; Physically Instantiable	 	 	 	Deceased Person; Physically Instantiable	 	 	 	 	2	0.452911	0.69897	1
0	http://www.w3.org/2004/02/skos/core#prefLabel	 	 	 	Robert Ker	 	 	 	Robert Ker Porter	 	 	2	0.816497	0.69897	1
0	http://yago-knowledge.org/resource/hasWikipediaAnchorText	 	 	 	Allan Ebenezer Ker; Canadian Confederation	 	 	 	Alexander I; Benjamin West	 	 	2	0.816497	0.69897	1
0	http://yago-knowledge.org/resource/hasWikipediaArticleLength	 	 	 	1771	 	 	 	 	 	 	1	0.57735	1	1
0	http://yago-knowledge.org/resource/hasWikipediaUrl	 	 	 	http://en.wikipedia.org/wiki/Robert_Ker	 	 	 	 	 	 	1	0.57735	1	1
0	http://yago-knowledge.org/resource/linksTo	 	 	 	Art Gallery of Greater Victoria; Canadian Confederation	 	 	 	 	 	 	1	0.816497	1	1
1	http://dbpedia.org/ontology/deathPlace;http://www.wikidata.org/entity/P20c	 	 	 	 	Saint Petersburg	 	Saint Petersburg	 	 	 	2	0.57735	0.69897	1
0	http://dbpedia.org/ontology/thumbnail	 	 	 	 	http://commons.wikimedia.org/wiki/Special:FilePath/Robert_Ker_Porter.jpg?width=300	 	 	 	 	 	1	0.57735	1	1
0	http://xmlns.com/foaf/0.1/depiction	 	 	 	 	http://commons.wikimedia.org/wiki/Special:FilePath/Robert_Ker_Porter.jpg	 	 	 	 	 	1	0.57735	1	1
1	http://rdf.freebase.com/key/authority.us.gov.loc.na;http://www.wikidata.org/entity/P244c	 	 	 	 	 	n90692933	n90692933	 	 	 	2	0.57735	0.69897	1
1	http://rdf.freebase.com/key/user.hangy.viaf;http://www.wikidata.org/entity/P214c	 	 	 	 	 	47031151	47031151	 	 	 	2	0.57735	0.69897	1
0	http://rdf.freebase.com/ns/book.author.works_written	 	 	 	 	 	A narrative of the campaign in Russia during the year 1812; Travelling sketches in Russia and Sweden	 	 	 	 	1	0.816497	1	1
0	http://www.w3.org/2004/02/skos/core#altLabel	 	 	 	 	 	 	Reynold Steinkirk; Robert Kerr Porter	 	 	 	1	0.816497	1	1
0	http://www.wikidata.org/entity/P1003c	 	 	 	 	 	 	RUNLRAUTH7794600	 	 	 	1	0.57735	1	1
0	http://www.wikidata.org/entity/P1006c	 	 	 	 	 	 	115784411	 	 	 	1	0.57735	1	1
0	http://www.wikidata.org/entity/P106c	 	 	 	 	 	 	politician	 	 	 	1	0.816497	1	1
0	http://www.wikidata.org/entity/P1315c	 	 	 	 	 	 	949651	 	 	 	1	0.57735	1	1
0	http://www.wikidata.org/entity/P1343c	 	 	 	 	 	 	Porter, Robert Ker (DNB00)	 	 	 	1	0.57735	1	1
0	http://www.wikidata.org/entity/P1367c	 	 	 	 	 	 	porter-robert-ker-17771842	 	 	 	1	0.57735	1	1
0	http://www.wikidata.org/entity/P1412c	 	 	 	 	 	 	English	 	 	 	1	0.57735	1	1
0	http://www.wikidata.org/entity/P1415c	 	 	 	 	 	 	101022577	 	 	 	1	0.57735	1	1
0	http://www.wikidata.org/entity/P1711c	 	 	 	 	 	 	62776	 	 	 	1	0.57735	1	1
0	http://www.wikidata.org/entity/P1816c	 	 	 	 	 	 	mp56820	 	 	mp68602	2	0.816497	0.69897	1
0	http://www.wikidata.org/entity/P1871c	 	 	 	 	 	 	cnp00920142	 	 	 	1	0.57735	1	1
0	http://www.wikidata.org/entity/P18c	 	 	 	 	 	 	http://commons.wikimedia.org/wiki/File:Robert_Ker_Porter.jpg	 	 	 	1	0.57735	1	1
0	http://www.wikidata.org/entity/P2041c	 	 	 	 	 	 	6443	 	 	 	1	0.57735	1	1
0	http://www.wikidata.org/entity/P213c	 	 	 	 	 	 	0000 0000 8125 7684	 	 	 	1	0.57735	1	1
0	http://www.wikidata.org/entity/P2163c	 	 	 	 	 	 	275280	 	 	 	1	0.57735	1	1
0	http://www.wikidata.org/entity/P2252c	 	 	 	 	 	 	5264	 	 	 	1	0.57735	1	1
0	http://www.wikidata.org/entity/P227c	 	 	 	 	 	 	119178672	 	 	 	1	0.57735	1	1
0	http://www.wikidata.org/entity/P245c	 	 	 	 	 	 	500009807	 	 	 	1	0.57735	1	1
0	http://www.wikidata.org/entity/P268c	 	 	 	 	 	 	149557891	 	 	 	1	0.57735	1	1
0	http://www.wikidata.org/entity/P269c	 	 	 	 	 	 	83791671	 	 	 	1	0.57735	1	1
0	http://www.wikidata.org/entity/P2741c	 	 	 	 	 	 	2524	 	 	 	1	0.57735	1	1
0	http://www.wikidata.org/entity/P373c	 	 	 	 	 	 	Robert Ker Porter	 	 	 	1	0.57735	1	1
0	http://www.wikidata.org/entity/P409c	 	 	 	 	 	 	35429296	 	 	 	1	0.57735	1	1
0	http://www.wikidata.org/entity/P428c	 	 	 	 	 	 	R.K.Porter	 	 	 	1	0.57735	1	1
0	http://www.wikidata.org/entity/P586c	 	 	 	 	 	 	13536-1	 	 	 	1	0.57735	1	1
0	http://www.wikidata.org/entity/P646-freebase	 	 	 	 	 	 	Robert Ker Porter	 	 	 	1	0.57735	1	1
0	http://www.wikidata.org/entity/P646c	 	 	 	 	 	 	/m/0br7835	 	 	 	1	0.57735	1	1
0	http://www.wikidata.org/entity/P648c	 	 	 	 	 	 	OL6001022A	 	 	 	1	0.57735	1	1
0	http://www.wikidata.org/entity/P650c	 	 	 	 	 	 	64370	 	 	 	1	0.57735	1	1
0	http://www.wikidata.org/entity/P734c	 	 	 	 	 	 	Porter	 	 	 	1	0.57735	1	1
0	http://www.wikidata.org/entity/P742c	 	 	 	 	 	 	Reynold Steinkirk	 	 	 	1	0.57735	1	1
0	http://www.wikidata.org/entity/P949c	 	 	 	 	 	 	504015	 	 	 	1	0.57735	1	1
0	http://www.wikidata.org/entity/P9c	 	 	 	 	 	 	Anna Maria Porter	 	 	 	1	0.816497	1	1
0	http://yago-knowledge.org/resource/hasCitationTitle	 	 	 	 	 	 	 	Porter, Robert Ker	 	 	1	0.57735	1	1
