score	dataset	dbpedia	freebase	wikidata	yago-knowledge	dbpedia	wikidata	dbpedia	freebase	wikidata	yago-knowledge				
	entity	http://dbpedia.org/resource/William_Beveridge	http://rdf.freebase.com/ns/m.01fwd7	http://www.wikidata.org/entity/Q335049	http://yago-knowledge.org/resource/William_Beveridge	http://dbpedia.org/resource/William_Beveridge_(bishop)	http://www.wikidata.org/entity/Q12900163	http://dbpedia.org/resource/William_Beveridge_(footballer)	http://rdf.freebase.com/ns/m.03c6zt7	http://www.wikidata.org/entity/Q8005517	http://yago-knowledge.org/resource/William_Beveridge_(footballer)				
0	http://dbpedia.org/ontology/abstract	William Henry Beveridge, 1st Baron Beveridge KCB (5 March 1879 â?16 March 1963) was a British econom	 	 	 	William Beveridge (1637â?708) was an English Bishop of St Asaph.	 	William Wightman Beveridge (27 November 1858 â?20 January 1941) was a Scottish footballer and track 	 	 	 	3	0.816497	0.522879	1
3	http://dbpedia.org/ontology/birthDate;http://dbpedia.org/ontology/birthYear;http://rdf.freebase.com/ns/people.person.date_of_birth;http://www.wikidata.org/entity/P569c;http://yago-knowledge.org/resource/wasBornOnDate	1879-03-05	1879-03-05	1879-03-05	1879-03-05	1637-01-01	1637	1858-11-27	1858-11-27	1858-11-27	1858-01-01	10	0.358057	0	1
3	http://dbpedia.org/ontology/birthPlace;http://rdf.freebase.com/ns/people.person.place_of_birth;http://www.wikidata.org/entity/P19c	British Raj; Rangpur City	Rangpur City	Rangpur	 	Barrow upon Soar	 	 	 	 	 	4	0.707107	0.39794	1
3	http://dbpedia.org/ontology/deathDate;http://rdf.freebase.com/ns/people.deceased_person.date_of_death;http://www.wikidata.org/entity/P570c;http://yago-knowledge.org/resource/diedOnDate	1963/3/16	1963/3/16	1963/3/16	1963/3/16	1708-03-05	1708-03-05	1941/1/20	1941/1/20	1941/1/20	1941/1/1	10	0	0	1
0	http://dbpedia.org/ontology/deathPlace;http://rdf.freebase.com/ns/people.deceased_person.place_of_death;http://www.wikidata.org/entity/P20c;http://yago-knowledge.org/resource/diedIn	England	Oxford	England	Oxford	London	London	 	 	 	 	6	0.308607	0.221849	1
0	http://dbpedia.org/ontology/deathYear	1963	 	 	 	1708	 	 	 	 	 	2	0.816497	0.69897	1
1	http://dbpedia.org/ontology/education;http://rdf.freebase.com/ns/people.person.education;http://www.wikidata.org/entity/P69c	Balliol College, Oxford; Charterhouse School	Balliol College; Charterhouse School	Balliol College, Oxford; Charterhouse School	 	 	 	 	 	 	 	3	0.48795	0.522879	1
0	http://dbpedia.org/ontology/knownFor	Welfare state in the United Kingdom	 	 	 	 	 	 	 	 	 	1	0.57735	1	1
1	http://dbpedia.org/ontology/occupation;http://rdf.freebase.com/ns/people.person.profession;http://www.wikidata.org/entity/P106c	Social Scientist; http://dbpedia.org/resource/William_Beveridge__1	Economist	economist; statistician	 	 	priest	 	 	association football manager; athletics competitor	 	5	0.816497	0.30103	1
0	http://dbpedia.org/ontology/party;http://rdf.freebase.com/ns/government.politician.party;http://www.wikidata.org/entity/P102c;http://yago-knowledge.org/resource/isAffiliatedTo	Liberal Party (UK)	Liberal Party	Liberal Party	Liberal Party (UK)	 	 	 	 	 	 	4	0.408248	0.39794	1
0	http://dbpedia.org/ontology/spouse	Order of the British Empire	 	 	 	 	 	 	 	 	 	1	0.57735	1	1
0	http://dbpedia.org/ontology/thumbnail	http://commons.wikimedia.org/wiki/Special:FilePath/William_Beveridge_D_17134.jpg?width=300	 	 	 	http://commons.wikimedia.org/wiki/Special:FilePath/Bishop_William_Beveridge_(6464933159).jpg?width=3	 	 	 	 	 	2	0.816497	0.69897	1
0	http://dbpedia.org/ontology/wikiPageExternalLink	http://archives.lse.ac.uk/TreeBrowse.aspx?src=CalmView.Catalog&field=RefNo&key=BEVERIDGE; http://www	 	 	 	 	 	http://www.londonhearts.com/scotland/players/williamwightmanbeveridge.html	 	 	 	2	0.816497	0.69897	1
2	http://dbpedia.org/ontology/wikiPageID;http://rdf.freebase.com/key/wikipedia.en_id	217675	217675	 	 	23579052	 	13487741	13487741	 	 	5	0.516398	0.30103	1
0	http://dbpedia.org/ontology/wikiPageLength	21694	 	 	 	5555	 	1293	 	 	 	3	0.816497	0.522879	1
0	http://dbpedia.org/ontology/wikiPageOutDegree	152	 	 	 	31	 	21	 	 	 	3	0.816497	0.522879	1
0	http://dbpedia.org/ontology/wikiPageRevisionID	738516005	 	 	 	723065127	 	732095759	 	 	 	3	0.816497	0.522879	1
0	http://purl.org/dc/terms/description	Economist and social reformer	 	 	 	English bishop	 	Scottish footballer	 	 	 	3	0.816497	0.522879	1
0	http://purl.org/dc/terms/subject	1879 births; Alumni of Balliol College, Oxford	 	 	 	18th-century Anglican bishops; Bishops of St Asaph	 	1858 births; 1941 deaths	 	 	 	3	0.816497	0.522879	1
0	http://www.w3.org/1999/02/22-rdf-syntax-ns#type;http://www.wikidata.org/entity/P31c	Natural person	Deceased Person; Organization founder	human	wikicat 20th-century economists; yagoLegalActorGeo	Natural person	human	person	Deceased Person; Football player	human	wikicat People from Cumnock; wikicat Scottish athletes	10	0.559659	0	1
1	http://www.w3.org/2000/01/rdf-schema#comment;http://rdf.freebase.com/ns/common.topic.description	William Henry Beveridge, 1st Baron Beveridge KCB (5 March 1879 â?16 March 1963) was a British econom	William Henry Beveridge, 1st Baron Beveridge KCB was a British economist, noted progressive and soci	 	 	William Beveridge (1637â?708) was an English Bishop of St Asaph.	 	William Wightman Beveridge (27 November 1858 â?20 January 1941) was a Scottish footballer and track 	William Wightman Beveridge was a Scottish footballer and track and field athlete. A Scottish athleti	 	 	5	0.816497	0.30103	1
3	http://www.w3.org/2000/01/rdf-schema#label	William Beveridge	William Beveridge	William Beveridge	William Beveridge	William Beveridge (bishop)	William Beveridge	William Beveridge (footballer)	William Beveridge	William Beveridge	William Beveridge (footballer)	10	0.320256	0	1
0	http://www.w3.org/2002/07/owl#sameAs	 	 	 	 	William Beveridge	 	 	 	 	 	1	0.57735	1	0
0	http://www.w3.org/ns/prov#wasDerivedFrom	http://en.wikipedia.org/wiki/William_Beveridge?oldid=738516005	 	 	 	http://en.wikipedia.org/wiki/William_Beveridge_(bishop)?oldid=723065127	 	http://en.wikipedia.org/wiki/William_Beveridge_(footballer)?oldid=732095759	 	 	 	3	0.816497	0.522879	1
0	http://xmlns.com/foaf/0.1/depiction	http://commons.wikimedia.org/wiki/Special:FilePath/William_Beveridge_D_17134.jpg	 	 	 	http://commons.wikimedia.org/wiki/Special:FilePath/Bishop_William_Beveridge_(6464933159).jpg	 	 	 	 	 	2	0.816497	0.69897	1
0	http://xmlns.com/foaf/0.1/gender;http://rdf.freebase.com/ns/people.person.gender;http://www.wikidata.org/entity/P21c;http://yago-knowledge.org/resource/hasGender	male	male	male	male	male	male	male	male	male	male	10	0.57735	0	1
0	http://xmlns.com/foaf/0.1/givenName;http://www.wikidata.org/entity/P735c;http://yago-knowledge.org/resource/hasGivenName	William	 	William	William	William	William	William	 	William	William	8	0.57735	0.09691	1
1	http://xmlns.com/foaf/0.1/isPrimaryTopicOf;http://rdf.freebase.com/ns/common.topic.topic_equivalent_webpage	http://en.wikipedia.org/wiki/William_Beveridge	http://ca.wikipedia.org/wiki/index.html?curid=662902; http://ko.wikipedia.org/wiki/%0C%AC%C4_%A0%84%	 	 	http://en.wikipedia.org/wiki/William_Beveridge_(bishop)	 	http://en.wikipedia.org/wiki/William_Beveridge_(footballer)	http://en.wikipedia.org/wiki/William_Beveridge_(footballer); http://en.wikipedia.org/wiki/index.html	 	 	5	0.78817	0.30103	1
0	http://xmlns.com/foaf/0.1/name	The Lord Beveridge; William Beveridge	 	 	 	William Beveridge	 	William Beveridge	 	 	 	3	0.408248	0.522879	1
0	http://xmlns.com/foaf/0.1/surname;http://yago-knowledge.org/resource/hasFamilyName	Beveridge	 	 	Beveridge	Beveridge	 	Beveridge	 	 	Beveridge	5	0.57735	0.30103	1
0	http://rdf.freebase.com/key/en	 	william_beveridge	 	 	 	 	 	 	 	 	1	0.57735	1	1
0	http://rdf.freebase.com/key/source.videosurf	 	197526	 	 	 	 	 	 	 	 	1	0.57735	1	1
0	http://rdf.freebase.com/key/user.avh.ellerdale	 	0080-47d7	 	 	 	 	 	 	 	 	1	0.57735	1	1
0	http://rdf.freebase.com/key/wikipedia.en	 	Beveridge,_William_Henry,_1st_Baron_Beveridge_of_Tuggal; William_Henry,_1st_Baron_Beveridge_of_Tugga	 	 	 	 	 	William_Beveridge_(footballer)	 	 	2	0.816497	0.69897	1
0	http://rdf.freebase.com/key/wikipedia.en_title	 	William_Beveridge	 	 	 	 	 	William_Beveridge_(footballer)	 	 	2	0.816497	0.69897	1
0	http://rdf.freebase.com/ns/book.author.works_written	 	Full Employment in a Free Society; India Called Them	 	 	 	 	 	 	 	 	1	0.816497	1	1
1	http://rdf.freebase.com/ns/common.topic.article;http://schema.org/description	 	William Henry Beveridge, 1st Baron Beveridge KCB (5 March 1879 â?16 March 1963) was a British econom	Economist and social reformer	 	 	English bishop	 	William Wightman Beveridge (27 November 1858 â?20 January 1941) was a Scottish footballer and athlet	Scottish footballer	 	5	0.816497	0.30103	1
0	http://rdf.freebase.com/ns/common.topic.notable_for	 	Economist	 	 	 	 	 	Professional Association Football Player	 	 	2	0.816497	0.69897	1
0	http://rdf.freebase.com/ns/common.topic.notable_types	 	Politician	 	 	 	 	 	Football player	 	 	2	0.816497	0.69897	1
0	http://rdf.freebase.com/ns/kg.object_profile.prominent_type	 	Politician	 	 	 	 	 	Football player	 	 	2	0.816497	0.69897	1
0	http://rdf.freebase.com/ns/organization.organization_founder.organizations_founded	 	Council for Assisting Refugee Academics	 	 	 	 	 	 	 	 	1	0.57735	1	1
0	http://rdf.freebase.com/ns/people.person.nationality;http://www.wikidata.org/entity/P27c;http://yago-knowledge.org/resource/isCitizenOf	 	United Kingdom	United Kingdom	United Kingdom	 	 	 	Scotland	United Kingdom	 	5	0.258199	0.30103	1
0	http://rdf.freebase.com/ns/people.person.parents	 	Henry Beveridge	 	 	 	 	 	 	 	 	1	0.57735	1	1
0	http://rdf.freebase.com/ns/symbols.name_source.namesakes	 	Beveridge curve	 	 	 	 	 	 	 	 	1	0.57735	1	1
0	http://rdf.freebase.com/ns/type.object.key	 	/source/videosurf/197526; /wikipedia/zh-cn_id/70276	 	 	 	 	 	/wikipedia/en_id/13487741; /wikipedia/en_title/William_Beveridge_(footballer)	 	 	2	0.816497	0.69897	1
0	http://rdf.freebase.com/ns/type.object.name	 	William Beveridge	 	 	 	 	 	William Beveridge	 	 	2	0.57735	0.69897	1
0	http://rdf.freebase.com/ns/type.object.type	 	Deceased Person; Organization founder	 	 	 	 	 	Deceased Person; Football player	 	 	2	0.57735	0.69897	1
0	http://rdf.freebase.com/ns/user.avh.default_domain.ellerdale_topic.ellerdale_id	 	0080-47d7	 	 	 	 	 	 	 	 	1	0.57735	1	1
0	http://www.w3.org/2004/02/skos/core#altLabel	 	 	William Henry Beveridge, 1st Baron Beveridge	 	 	 	 	 	 	 	1	0.816497	1	1
0	http://www.wikidata.org/entity/P1005c	 	 	131229	 	 	 	 	 	 	 	1	0.57735	1	1
0	http://www.wikidata.org/entity/P1006c	 	 	068479026; 315480424	 	 	71456562	 	 	 	 	2	0.816497	0.69897	1
0	http://www.wikidata.org/entity/P1017c	 	 	ADV10046845	 	 	ADV10046840	 	 	 	 	2	0.816497	0.69897	1
0	http://www.wikidata.org/entity/P1207c	 	 	n02022364	 	 	 	 	 	 	 	1	0.57735	1	1
0	http://www.wikidata.org/entity/P1263c	 	 	080/000196489	 	 	 	 	 	 	 	1	0.57735	1	1
0	http://www.wikidata.org/entity/P1284c	 	 	329	 	 	 	 	 	 	 	1	0.57735	1	1
0	http://www.wikidata.org/entity/P1296c	 	 	9803	 	 	 	 	 	 	 	1	0.57735	1	1
0	http://www.wikidata.org/entity/P1412c	 	 	English	 	 	 	 	 	 	 	1	0.57735	1	1
0	http://www.wikidata.org/entity/P1415c	 	 	101031871	 	 	101002321	 	 	 	 	2	0.816497	0.69897	1
0	http://www.wikidata.org/entity/P1559c	 	 	William Henry Beveridge	 	 	 	 	 	 	 	1	0.57735	1	1
0	http://www.wikidata.org/entity/P166c	 	 	Knight Commander of the Order of the Bath	 	 	 	 	 	 	 	1	0.57735	1	1
0	http://www.wikidata.org/entity/P1816c	 	 	mp00412	 	 	mp13488	 	 	 	 	2	0.816497	0.69897	1
0	http://www.wikidata.org/entity/P18c	 	 	http://commons.wikimedia.org/wiki/File:William_Beveridge_D_17134.jpg	 	 	http://commons.wikimedia.org/wiki/File:Bishop_William_Beveridge_(6464933159).jpg	 	 	 	 	2	0.816497	0.69897	1
0	http://www.wikidata.org/entity/P1946c	 	 	vtls000451534	 	 	vtls000453773	 	 	 	 	2	0.816497	0.69897	1
0	http://www.wikidata.org/entity/P2015c	 	 	sir-william-beveridge	 	 	 	 	 	 	 	1	0.57735	1	1
0	http://www.wikidata.org/entity/P213c	 	 	0000 0001 2099 8240	 	 	0000 0000 8344 3915	 	 	 	 	2	0.816497	0.69897	1
0	http://www.wikidata.org/entity/P214c	 	 	22212326	 	 	67869303	 	 	308180703	 	3	0.816497	0.522879	1
0	http://www.wikidata.org/entity/P2163c	 	 	2719	 	 	143122	 	 	 	 	2	0.816497	0.69897	1
0	http://www.wikidata.org/entity/P227c	 	 	118662813	 	 	100038956	 	 	 	 	2	0.816497	0.69897	1
0	http://www.wikidata.org/entity/P22c	 	 	Henry Beveridge	 	 	 	 	 	 	 	1	0.57735	1	1
0	http://www.wikidata.org/entity/P244c	 	 	n50009525	 	 	n84121161	 	 	 	 	2	0.816497	0.69897	1
0	http://www.wikidata.org/entity/P2639c	 	 	d02195d6d603429daf60d44aa7ef0d0d	 	 	 	 	 	 	 	1	0.57735	1	1
0	http://www.wikidata.org/entity/P268c	 	 	12329941m	 	 	 	 	 	 	 	1	0.57735	1	1
0	http://www.wikidata.org/entity/P269c	 	 	32228074	 	 	144786028	 	 	 	 	2	0.816497	0.69897	1
0	http://www.wikidata.org/entity/P345c	 	 	nm2929108	 	 	 	 	 	 	 	1	0.57735	1	1
0	http://www.wikidata.org/entity/P349c	 	 	433215	 	 	 	 	 	 	 	1	0.57735	1	1
0	http://www.wikidata.org/entity/P373c	 	 	William Beveridge	 	 	 	 	 	 	 	1	0.57735	1	1
0	http://www.wikidata.org/entity/P39c	 	 	Member of Parliament in the United Kingdom; Member of the House of Lords	 	 	 	 	 	 	 	1	0.816497	1	1
0	http://www.wikidata.org/entity/P409c	 	 	35506963	 	 	35703197	 	 	 	 	2	0.816497	0.69897	1
0	http://www.wikidata.org/entity/P463c	 	 	37th United Kingdom Parliament; Royal Statistical Society	 	 	 	 	 	 	 	1	0.816497	1	1
0	http://www.wikidata.org/entity/P646-freebase	 	 	William Beveridge	 	 	 	 	 	 	 	1	0.57735	1	1
0	http://www.wikidata.org/entity/P646c	 	 	/m/01fwd7	 	 	 	 	 	 	 	1	0.57735	1	1
0	http://www.wikidata.org/entity/P691c	 	 	jn20010602239	 	 	 	 	 	 	 	1	0.57735	1	1
0	http://www.wikidata.org/entity/P906c	 	 	178213	 	 	 	 	 	 	 	1	0.57735	1	1
0	http://www.wikidata.org/entity/P937c	 	 	London	 	 	 	 	 	 	 	1	0.57735	1	1
0	http://www.wikidata.org/entity/P950c	 	 	XX933386	 	 	XX1368335	 	 	 	 	2	0.816497	0.69897	1
0	http://www.w3.org/2004/02/skos/core#prefLabel	 	 	 	William Beveridge	 	 	 	 	 	William Beveridge (footballer)	2	0.816497	0.69897	1
0	http://yago-knowledge.org/resource/hasCitationTitle	 	 	 	Five years of Darwin seminars: a paradigm shift?; How eugenics poisoned the welfare state	 	 	 	 	 	 	1	0.816497	1	1
0	http://yago-knowledge.org/resource/hasWikipediaAnchorText	 	 	 	1945 general election; Alexander Carr-Saunders	 	 	 	 	 	Church of Scotland; Edinburgh University	2	0.816497	0.69897	1
0	http://yago-knowledge.org/resource/hasWikipediaArticleLength	 	 	 	21451	 	 	 	 	 	1562	2	0.816497	0.69897	1
0	http://yago-knowledge.org/resource/hasWikipediaUrl	 	 	 	http://en.wikipedia.org/wiki/William_Beveridge	 	 	 	 	 	http://en.wikipedia.org/wiki/William_Beveridge_%28footballer%29	2	0.816497	0.69897	1
0	http://yago-knowledge.org/resource/linksTo	 	 	 	Lancelot Hogben; Alexander Carr-Saunders	 	 	 	 	 	Church of Scotland; Minister (Christianity)	2	0.816497	0.69897	1
0	http://yago-knowledge.org/resource/redirectedFrom	 	 	 	Beveridge, William Henry, 1st Baron Beveridge of Tuggal; William Henry Beveridge, 1st Baron Beveridg	 	 	 	 	 	 	1	0.816497	1	1
0	http://www.wikidata.org/entity/P1273c	 	 	 	 	 	a11233904	 	 	 	 	1	0.57735	1	1
0	http://www.wikidata.org/entity/P1315c	 	 	 	 	 	1049839	 	 	 	 	1	0.57735	1	1
0	http://www.wikidata.org/entity/P1343c	 	 	 	 	 	Beveridge, William (DNB00)	 	 	 	 	1	0.57735	1	1
0	http://www.wikidata.org/entity/P1463c	 	 	 	 	 	143	 	 	 	 	1	0.57735	1	1
0	http://www.wikidata.org/entity/P1599c	 	 	 	 	 	BVRG653W	 	 	 	 	1	0.57735	1	1
0	http://www.wikidata.org/entity/P2401c	 	 	 	 	 	10001042	 	 	 	 	1	0.57735	1	1
0	http://www.wikidata.org/entity/P2799c	 	 	 	 	 	63909	 	 	 	 	1	0.57735	1	1
0	http://www.wikidata.org/entity/P648c	 	 	 	 	 	OL183908A	 	 	 	 	1	0.57735	1	1
0	http://www.wikidata.org/entity/P949c	 	 	 	 	 	20188	 	 	 	 	1	0.57735	1	1
0	http://rdf.freebase.com/ns/sports.pro_athlete.sports_played_professionally	 	 	 	 	 	 	 	Football	 	 	1	0.57735	1	1
