score	dataset	dbpedia	freebase	wikidata	yago-knowledge	dbpedia	wikidata	yago-knowledge	dbpedia	wikidata	yago-knowledge				
	entity	http://dbpedia.org/resource/Ian_Curtis	http://rdf.freebase.com/ns/m.01vs1dh	http://www.wikidata.org/entity/Q207867	http://yago-knowledge.org/resource/Ian_Curtis	http://dbpedia.org/resource/Ian_Curtis_(actor)	http://www.wikidata.org/entity/Q5981335	http://yago-knowledge.org/resource/Ian_Curtis_(actor)	http://dbpedia.org/resource/Ian_Curtis_(cricketer)	http://www.wikidata.org/entity/Q5981345	http://yago-knowledge.org/resource/Ian_Curtis_(cricketer)				
0	http://dbpedia.org/ontology/abstract	Ian Kevin Curtis (15 July 1956 â?18 May 1980) was an English singer-songwriter and musician. He is b	 	 	 	Ian Curtis (born 1972, Manchester, England, UK) is a British actor, writer and director who is bette	 	 	Ian James Curtis (born 13 May 1959) is a former English cricketer. Curtis was a left-handed batsman 	 	 	3	0.816497	0.522879	1
0	http://dbpedia.org/ontology/activeYearsStartYear	1976	 	 	 	 	 	 	 	 	 	1	0.57735	1	1
0	http://dbpedia.org/ontology/associatedBand	Joy Division	 	 	 	 	 	 	 	 	 	1	0.57735	1	1
0	http://dbpedia.org/ontology/associatedMusicalArtist	Joy Division	 	 	 	 	 	 	 	 	 	1	0.57735	1	1
0	http://dbpedia.org/ontology/background	solo_singer	 	 	 	 	 	 	 	 	 	1	0.57735	1	1
3	http://dbpedia.org/ontology/birthDate;http://rdf.freebase.com/ns/people.person.date_of_birth;http://www.wikidata.org/entity/P569c;http://yago-knowledge.org/resource/wasBornOnDate	1956/7/15	1956/7/15	1956/7/15	1956/7/15	1972/1/1	1972	1972/1/1	1959/5/13	1959/5/13	1959/1/1	10	0.288675	0	1
2	http://dbpedia.org/ontology/birthPlace;http://rdf.freebase.com/ns/people.person.place_of_birth;http://www.wikidata.org/entity/P19c;http://yago-knowledge.org/resource/wasBornIn	Lancashire; Stretford	Stretford	Trafford	Stretford	 	 	 	Purley, London	 	 	5	0.48795	0.30103	1
1	http://dbpedia.org/ontology/deathDate;http://rdf.freebase.com/ns/people.deceased_person.date_of_death;http://www.wikidata.org/entity/P570c;http://yago-knowledge.org/resource/diedOnDate	1980/5/18	1980/5/18	1980/5/18	1980/5/18	 	 	 	 	 	 	4	0.57735	0.39794	1
1	http://dbpedia.org/ontology/deathPlace;http://rdf.freebase.com/ns/people.deceased_person.place_of_death;http://www.wikidata.org/entity/P20c	Macclesfield	Macclesfield	Macclesfield	 	 	 	 	 	 	 	3	0.408248	0.522879	1
0	http://dbpedia.org/ontology/genre;http://rdf.freebase.com/ns/music.artist.genre;http://www.wikidata.org/entity/P136c	Post-punk	Gothic rock; New Wave	rock music	 	 	 	 	 	 	 	3	0.707107	0.522879	1
0	http://dbpedia.org/ontology/instrument;http://rdf.freebase.com/ns/music.group_member.instruments_played;http://yago-knowledge.org/resource/hasMusicalRole	Vox Phantom	Keyboard	 	wordnet guitar 103467517; wordnet synthesist 110687231	 	 	 	 	 	 	3	0.816497	0.522879	1
0	http://dbpedia.org/ontology/recordLabel;http://rdf.freebase.com/ns/music.artist.label	Factory Records	Factory	 	 	 	 	 	 	 	 	2	0.816497	0.69897	1
0	http://dbpedia.org/ontology/wikiPageExternalLink	http://www.joydiv.org/iancurtis.htm	 	 	 	 	 	 	http://www.cricketarchive.com/Archive/Players/10/10869/10869.html; http://www.espncricinfo.com/ci/co	 	 	2	0.816497	0.69897	1
2	http://dbpedia.org/ontology/wikiPageID;http://rdf.freebase.com/key/wikipedia.en_id	40547	40547	 	 	7891194	 	 	32694736	 	 	4	0.645497	0.39794	1
0	http://dbpedia.org/ontology/wikiPageLength	20426	 	 	 	1393	 	 	7841	 	 	3	0.816497	0.522879	1
0	http://dbpedia.org/ontology/wikiPageOutDegree	117	 	 	 	17	 	 	55	 	 	3	0.816497	0.522879	1
0	http://dbpedia.org/ontology/wikiPageRevisionID	744379463	 	 	 	740107336	 	 	729776502	 	 	3	0.816497	0.522879	1
0	http://purl.org/dc/terms/description	musician and songwriter	 	 	 	British actor	 	 	English cricketer	 	 	3	0.816497	0.522879	1
0	http://purl.org/dc/terms/subject	1956 births; Burials in Cheshire	 	 	 	1972 births; English male soap opera actors	 	 	1959 births; Living people	 	 	3	0.798809	0.522879	1
0	http://www.w3.org/1999/02/22-rdf-syntax-ns#type;http://www.wikidata.org/entity/P31c	Natural person; musical artist	Convicted criminal; Dead by 30	human	wordnet creator 109614315; wikicat 20th-century English singers	person	human	wikicat English male soap opera actors; wikicat Living people	Natural person; cricketer	human	wikicat Alumni of the University of Oxford; wikicat Living people	10	0.558416	0	1
1	http://www.w3.org/2000/01/rdf-schema#comment;http://rdf.freebase.com/ns/common.topic.description	Ian Kevin Curtis (15 July 1956 â?18 May 1980) was an English singer-songwriter and musician. He is b	Ian Kevin Curtis was an English musician and singer-songwriter. He is best known as the lead singer 	 	 	Ian Curtis (born 1972, Manchester, England, UK) is a British actor, writer and director who is bette	 	 	Ian James Curtis (born 13 May 1959) is a former English cricketer. Curtis was a left-handed batsman 	 	 	4	0.816497	0.39794	1
3	http://www.w3.org/2000/01/rdf-schema#label	Ian Curtis	Ian Curtis	Ian Curtis	Ian Kevin Curtis	Ian Curtis (actor)	Ian Curtis	Ian Curtis (actor)	Ian Curtis (cricketer)	Ian Curtis	Ian Curtis (cricketer)	10	0.19803	0	1
0	http://www.w3.org/2002/07/owl#differentFrom	Ian Curteis	 	 	 	Ian Curteis	 	 	Ian Curteis	 	 	3	0.57735	0.522879	1
0	http://www.w3.org/2002/07/owl#sameAs	 	 	 	 	Ian Curtis	 	 	Ian Curtis	 	 	2	0.57735	0.69897	0
0	http://www.w3.org/ns/prov#wasDerivedFrom	http://en.wikipedia.org/wiki/Ian_Curtis?oldid=744379463	 	 	 	http://en.wikipedia.org/wiki/Ian_Curtis_(actor)?oldid=740107336	 	 	http://en.wikipedia.org/wiki/Ian_Curtis_(cricketer)?oldid=729776502	 	 	3	0.816497	0.522879	1
0	http://xmlns.com/foaf/0.1/gender;http://rdf.freebase.com/ns/people.person.gender;http://www.wikidata.org/entity/P21c;http://yago-knowledge.org/resource/hasGender	male	male	male	male	male	male	male	male	male	male	10	0.57735	0	1
0	http://xmlns.com/foaf/0.1/givenName;http://www.wikidata.org/entity/P735c;http://yago-knowledge.org/resource/hasGivenName	Ian Kevin Curtis	 	Ian	Ian	Ian	Ian	Ian	Ian	Ian	Ian	9	0.365148	0.045757	1
1	http://xmlns.com/foaf/0.1/isPrimaryTopicOf;http://rdf.freebase.com/ns/common.topic.topic_equivalent_webpage	http://en.wikipedia.org/wiki/Ian_Curtis	http://ar.wikipedia.org/wiki/%25%4A%46_%43%48%31%2A%4A%33; http://viaf.org/viaf/5034013/	 	 	http://en.wikipedia.org/wiki/Ian_Curtis_(actor)	 	 	http://en.wikipedia.org/wiki/Ian_Curtis_(cricketer)	 	 	4	0.80829	0.39794	1
0	http://xmlns.com/foaf/0.1/name	Ian Curtis	 	 	 	Ian Curtis	 	 	Ian James Curtis	 	 	3	0.408248	0.522879	1
0	http://xmlns.com/foaf/0.1/surname;http://yago-knowledge.org/resource/hasFamilyName	Curtis	 	 	Curtis	Curtis	 	Curtis	Curtis	 	Curtis	6	0.57735	0.221849	1
0	http://rdf.freebase.com/key/authority.daylife.topic	 	04xj4hR5Iz5lD	 	 	 	 	 	 	 	 	1	0.57735	1	1
1	http://rdf.freebase.com/key/authority.discogs.artist;http://www.wikidata.org/entity/P1953c	 	236149; Ian+Curtis	236149	 	 	 	 	 	 	 	2	0.57735	0.69897	1
1	http://rdf.freebase.com/key/authority.imdb.name;http://rdf.freebase.com/ns/imdb.topic.name_id;http://www.wikidata.org/entity/P345c	 	nm0193350	nm0193350	 	 	 	 	 	 	 	2	0.57735	0.69897	1
0	http://rdf.freebase.com/key/authority.musicbrainz	 	10ae1bf6-88b2-4fb4-8fbe-8227a49803d3	 	 	 	 	 	 	 	 	1	0.57735	1	1
1	http://rdf.freebase.com/key/authority.musicbrainz.artist;http://www.wikidata.org/entity/P434c	 	10ae1bf6-88b2-4fb4-8fbe-8227a49803d3	10ae1bf6-88b2-4fb4-8fbe-8227a49803d3	 	 	 	 	 	 	 	2	0.57735	0.69897	1
1	http://rdf.freebase.com/key/authority.rovi.music.artist;http://www.wikidata.org/entity/P1728c	 	mn0000073046	mn0000073046	 	 	 	 	 	 	 	2	0.57735	0.69897	1
0	http://rdf.freebase.com/key/base.ranker.rankerurlname	 	ian-curtis/1204151	 	 	 	 	 	 	 	 	1	0.57735	1	1
0	http://rdf.freebase.com/key/en	 	ian_curtis	 	 	 	 	 	 	 	 	1	0.57735	1	1
0	http://rdf.freebase.com/key/source.videosurf	 	60525	 	 	 	 	 	 	 	 	1	0.57735	1	1
0	http://rdf.freebase.com/key/user.avh.ellerdale	 	0080-4df6	 	 	 	 	 	 	 	 	1	0.57735	1	1
1	http://rdf.freebase.com/key/user.hangy.viaf;http://www.wikidata.org/entity/P214c	 	5034013	5034013	 	 	 	 	 	 	 	2	0.57735	0.69897	1
0	http://rdf.freebase.com/key/wikipedia.en	 	Deborah_Woodruff; Joy_Division's_singer_Ian_Curtis	 	 	 	 	 	 	 	 	1	0.816497	1	1
0	http://rdf.freebase.com/key/wikipedia.en_title	 	Ian_Curtis	 	 	 	 	 	 	 	 	1	0.57735	1	1
0	http://rdf.freebase.com/ns/common.identity.daylife_topic	 	04xj4hR5Iz5lD	 	 	 	 	 	 	 	 	1	0.57735	1	1
0	http://rdf.freebase.com/ns/common.topic.alias	 	Ian Kevin Curtis	 	 	 	 	 	 	 	 	1	0.816497	1	1
1	http://rdf.freebase.com/ns/common.topic.article;http://schema.org/description	 	Ian Kevin Curtis (15 July 1956 - 18 May 1980) was an English musician, best known as the lead singer	musician and songwriter	 	 	British actor	 	 	English cricketer	 	4	0.816497	0.39794	1
0	http://rdf.freebase.com/ns/common.topic.image	 	Ian Curtis digital	 	 	 	 	 	 	 	 	1	0.57735	1	1
0	http://rdf.freebase.com/ns/common.topic.notable_for	 	Post-punk Artist	 	 	 	 	 	 	 	 	1	0.57735	1	1
0	http://rdf.freebase.com/ns/common.topic.notable_types	 	Musical Artist	 	 	 	 	 	 	 	 	1	0.57735	1	1
0	http://rdf.freebase.com/ns/common.topic.webpage	 	Cannes: Javier Bardem, Frank Miller, and more; http://rdf.freebase.com/ns/m.0cq6v3b	 	 	 	 	 	 	 	 	1	0.816497	1	1
0	http://rdf.freebase.com/ns/film.actor.film	 	Bravo Two Zero	 	 	 	 	 	 	 	 	1	0.57735	1	1
0	http://rdf.freebase.com/ns/film.film_subject.films	 	Control	 	 	 	 	 	 	 	 	1	0.57735	1	1
0	http://rdf.freebase.com/ns/film.person_or_entity_appearing_in_film.films	 	Joy Division	 	 	 	 	 	 	 	 	1	0.57735	1	1
0	http://rdf.freebase.com/ns/freebase.valuenotation.has_value	 	Parents	 	 	 	 	 	 	 	 	1	0.57735	1	1
0	http://rdf.freebase.com/ns/kg.object_profile.prominent_type	 	Musical Artist	 	 	 	 	 	 	 	 	1	0.57735	1	1
0	http://rdf.freebase.com/ns/music.artist.track_contributions	 	A Means To An End; Atrocity Exhibition	 	 	 	 	 	 	 	 	1	0.540062	1	1
0	http://rdf.freebase.com/ns/music.composer.compositions	 	A Means to an End; Heart and Soul	 	 	 	 	 	 	 	 	1	0.816497	1	1
0	http://rdf.freebase.com/ns/music.group_member.membership	 	Joy Division	 	 	 	 	 	 	 	 	1	0.57735	1	1
0	http://rdf.freebase.com/ns/music.lyricist.lyrics_written	 	Atrocity Exhibition; Love Will Tear Us Apart	 	 	 	 	 	 	 	 	1	0.816497	1	1
1	http://rdf.freebase.com/ns/people.deceased_person.cause_of_death;http://www.wikidata.org/entity/P509c	 	Suicide by hanging	suicide by hanging	 	 	 	 	 	 	 	2	0.816497	0.69897	1
0	http://rdf.freebase.com/ns/people.person.children	 	Natalie Curtis	 	 	 	 	 	 	 	 	1	0.57735	1	1
0	http://rdf.freebase.com/ns/people.person.height_meters	 	1.85	 	 	 	 	 	 	 	 	1	0.57735	1	1
0	http://rdf.freebase.com/ns/people.person.nationality;http://www.wikidata.org/entity/P27c	 	United Kingdom	United Kingdom	 	 	 	 	 	United Kingdom	 	3	0.57735	0.522879	1
1	http://rdf.freebase.com/ns/people.person.profession;http://www.wikidata.org/entity/P106c	 	Musician; Songwriter	singer-songwriter	 	 	actor	 	 	cricketer	 	4	0.816497	0.39794	1
0	http://rdf.freebase.com/ns/people.person.spouse_s	 	Deborah Curtis	 	 	 	 	 	 	 	 	1	0.57735	1	1
0	http://rdf.freebase.com/ns/type.object.key	 	/authority/daylife/topic/04xj4hR5Iz5lD; /wikipedia/fr_id/339383	 	 	 	 	 	 	 	 	1	0.816497	1	1
0	http://rdf.freebase.com/ns/type.object.name	 	Ian Curtis	 	 	 	 	 	 	 	 	1	0.57735	1	1
0	http://rdf.freebase.com/ns/type.object.type	 	Convicted criminal; Dead by 30	 	 	 	 	 	 	 	 	1	0.690066	1	1
0	http://rdf.freebase.com/ns/user.avh.default_domain.ellerdale_topic.ellerdale_id	 	0080-4df6	 	 	 	 	 	 	 	 	1	0.57735	1	1
0	http://rdf.freebase.com/ns/user.robert.default_domain.daylife.hero_image_id	 	00cy5xpdAXeR9	 	 	 	 	 	 	 	 	1	0.57735	1	1
0	http://www.w3.org/2004/02/skos/core#altLabel	 	 	Ian Kevin Curtis	 	 	 	 	 	 	 	1	0.57735	1	1
0	http://www.wikidata.org/entity/P1005c	 	 	167775	 	 	 	 	 	 	 	1	0.57735	1	1
0	http://www.wikidata.org/entity/P1006c	 	 	146045653	 	 	 	 	 	 	 	1	0.57735	1	1
0	http://www.wikidata.org/entity/P1050c	 	 	epilepsy	 	 	 	 	 	 	 	1	0.57735	1	1
0	http://www.wikidata.org/entity/P1196c	 	 	suicide	 	 	 	 	 	 	 	1	0.57735	1	1
0	http://www.wikidata.org/entity/P1263c	 	 	761/000066563	 	 	 	 	 	 	 	1	0.57735	1	1
0	http://www.wikidata.org/entity/P1412c	 	 	English	 	 	 	 	 	 	 	1	0.57735	1	1
0	http://www.wikidata.org/entity/P1415c	 	 	101058866	 	 	 	 	 	 	 	1	0.57735	1	1
0	http://www.wikidata.org/entity/P1816c	 	 	mp70666	 	 	 	 	 	 	 	1	0.57735	1	1
0	http://www.wikidata.org/entity/P18c	 	 	http://commons.wikimedia.org/wiki/File:Ian_Curtis_(Joy_Division).jpg	 	 	 	 	 	 	 	1	0.57735	1	1
0	http://www.wikidata.org/entity/P213c	 	 	0000 0000 6648 3982	 	 	 	 	 	 	 	1	0.57735	1	1
0	http://www.wikidata.org/entity/P2163c	 	 	437898	 	 	 	 	 	 	 	1	0.57735	1	1
0	http://www.wikidata.org/entity/P227c	 	 	119470071	 	 	 	 	 	 	 	1	0.57735	1	1
0	http://www.wikidata.org/entity/P244c	 	 	n99833755	 	 	 	 	 	 	 	1	0.57735	1	1
0	http://www.wikidata.org/entity/P268c	 	 	12488040z	 	 	 	 	 	 	 	1	0.57735	1	1
0	http://www.wikidata.org/entity/P269c	 	 	34088822	 	 	 	 	 	 	 	1	0.57735	1	1
0	http://www.wikidata.org/entity/P349c	 	 	1060465	 	 	 	 	 	 	 	1	0.57735	1	1
0	http://www.wikidata.org/entity/P373c	 	 	Ian Curtis	 	 	 	 	 	 	 	1	0.57735	1	1
0	http://www.wikidata.org/entity/P412c	 	 	baritone	 	 	 	 	 	 	 	1	0.57735	1	1
0	http://www.wikidata.org/entity/P535c	 	 	1831	 	 	 	 	 	 	 	1	0.57735	1	1
0	http://www.wikidata.org/entity/P646-freebase	 	 	Ian Curtis	 	 	 	 	 	 	 	1	0.57735	1	1
0	http://www.wikidata.org/entity/P646c	 	 	/m/01vs1dh	 	 	 	 	 	 	 	1	0.57735	1	1
0	http://www.wikidata.org/entity/P691c	 	 	ola2002152139	 	 	 	 	 	 	 	1	0.57735	1	1
0	http://www.w3.org/2004/02/skos/core#prefLabel	 	 	 	Ian Curtis	 	 	Ian Curtis (actor)	 	 	Ian Curtis (cricketer)	3	0.816497	0.522879	1
0	http://yago-knowledge.org/resource/created	 	 	 	Atmosphere (Joy Division song); FM (TV series)	 	 	 	 	 	 	1	0.816497	1	1
0	http://yago-knowledge.org/resource/hasCitationTitle	 	 	 	10 Things You Never Knew AboutÂ ... Ian Curtis; Ian Curtis memorial stone stolen	 	 	IMDb	 	 	First-class Bowling For Each Team by Ian Curtis; Glamorgan v Oxford University, 1982	3	0.816497	0.522879	1
0	http://yago-knowledge.org/resource/hasWikipediaAnchorText	 	 	 	10,000 Things; Unknown Pleasures	 	 	A Touch of Frost; Dalziel and Pascoe	 	 	1980 Benson & Hedges Cup; CricketArchive	3	0.816497	0.522879	1
0	http://yago-knowledge.org/resource/hasWikipediaArticleLength	 	 	 	19592	 	 	1702	 	 	 	2	0.816497	0.69897	1
0	http://yago-knowledge.org/resource/hasWikipediaUrl	 	 	 	http://en.wikipedia.org/wiki/Ian_Curtis	 	 	http://en.wikipedia.org/wiki/Ian_Curtis_%28actor%29	 	 	 	2	0.816497	0.69897	1
0	http://yago-knowledge.org/resource/linksTo	 	 	 	Martin Hannett; 24 Hour Party People	 	 	A Touch of Frost; Holby City	 	 	 	2	0.816497	0.69897	1
0	http://yago-knowledge.org/resource/redirectedFrom	 	 	 	Deborah Woodruff; Joy Division's singer Ian Curtis	 	 	 	 	 	 	1	0.816497	1	1
0	http://www.wikidata.org/entity/P2545c	 	 	 	 	 	 	 	 	Left-arm orthodox spin	 	1	0.57735	1	1
0	http://www.wikidata.org/entity/P69c	 	 	 	 	 	 	 	 	University of Oxford	 	1	0.57735	1	1
