score	dataset	dbpedia	freebase	wikidata	yago-knowledge	dbpedia	freebase	wikidata	dbpedia	freebase	wikidata				
	entity	http://dbpedia.org/resource/Dover,_Arkansas	http://rdf.freebase.com/ns/m.0qwjr	http://www.wikidata.org/entity/Q79470	http://yago-knowledge.org/resource/Dover,_Arkansas	http://dbpedia.org/resource/Dover,_Delaware	http://rdf.freebase.com/ns/m.0fttz	http://www.wikidata.org/entity/Q33518	http://dbpedia.org/resource/Dover,_Idaho	http://rdf.freebase.com/ns/m.0s12r	http://www.wikidata.org/entity/Q733687				
2	http://dbpedia.org/ontology/PopulatedPlace/areaTotal;http://dbpedia.org/ontology/areaTotal;http://rdf.freebase.com/ns/location.location.area	4661980	4.662	 	 	 	58.8	 	8391560	8.39	 	5	0.696311	0.30103	1
0	http://dbpedia.org/ontology/PopulatedPlace/populationDensity	282.8	 	 	 	 	 	 	66.68	 	 	2	0.816497	0.69897	1
0	http://dbpedia.org/ontology/abstract	Dover is a small town in Pope County, Arkansas, United States. The population was 1,329 at the 2000 	 	 	 	Dover (/藞do蕣v蓹r/) is the capital and second-largest city in the U.S. state of Delaware. It is also t	 	 	Dover is a city in Bonner County, Idaho. The population was 556 at the 2010 census.	 	 	3	0.816497	0.522879	1
0	http://dbpedia.org/ontology/areaCode	479	 	 	 	302	 	 	208	 	 	3	0.816497	0.522879	1
0	http://dbpedia.org/ontology/areaLand	4661980	 	 	 	 	 	 	8339760	 	 	2	0.816497	0.69897	1
0	http://dbpedia.org/ontology/areaWater	0	 	 	 	 	 	 	50000	 	 	2	0.816497	0.69897	1
3	http://dbpedia.org/ontology/country;http://rdf.freebase.com/ns/location.hud_county_place.county;http://www.wikidata.org/entity/P131c;http://www.wikidata.org/entity/P17c;http://yago-knowledge.org/resource/isLocatedIn	United States	Pope County	Pope County; United States of America	Pope County, Arkansas; United States	United States	Kent County	Kent County; United States of America	United States	Bonner County	Bonner County; United States of America	10	0.365148	0	1
1	http://dbpedia.org/ontology/elevation	135.941	 	 	 	10.973	 	 	630.936	 	 	3	0.816497	0.522879	1
1	http://dbpedia.org/ontology/isPartOf;http://rdf.freebase.com/ns/location.location.containedby	Pope County, Arkansas	Pope County; United States of America	 	 	 	Kent County; United States of America	 	Bonner County, Idaho	Bonner County; United States of America	 	5	0.599145	0.30103	1
0	http://dbpedia.org/ontology/populationDensity	282.8	 	 	 	 	 	 	66.68	 	 	2	0.816497	0.69897	1
3	http://dbpedia.org/ontology/populationTotal;http://rdf.freebase.com/ns/location.statistical_region.population;http://yago-knowledge.org/resource/hasNumberOfPeople	1329	1250	 	1329	37366	28930	 	556	309	 	7	0.784878	0.154902	1
1	http://dbpedia.org/ontology/postalCode	72837	 	 	 	19901鈥?9906	 	 	83825	 	 	3	0.816497	0.522879	1
0	http://dbpedia.org/ontology/thumbnail	http://commons.wikimedia.org/wiki/Special:FilePath/Doverffd.jpg?width=300	 	 	 	http://commons.wikimedia.org/wiki/Special:FilePath/Dover_Delaware.jpg?width=300	 	 	http://commons.wikimedia.org/wiki/Special:FilePath/Bonner_County_Idaho_Incorporated_and_Unincorporat	 	 	3	0.816497	0.522879	1
1	http://dbpedia.org/ontology/timeZone	North American Central Time Zone	 	 	 	Eastern Time Zone	 	 	Pacific Time Zone	 	 	3	0.816497	0.522879	1
0	http://dbpedia.org/ontology/type	City	 	 	 	List of cities in Delaware	 	 	City	 	 	3	0.57735	0.522879	1
0	http://dbpedia.org/ontology/utcOffset	-5	 	 	 	 	 	 	-7	 	 	2	0.816497	0.69897	1
2	http://dbpedia.org/ontology/wikiPageID;http://rdf.freebase.com/key/wikipedia.en_id	107205	107205	 	 	57694	57694	 	110630	110630	 	6	0.408248	0.221849	1
0	http://dbpedia.org/ontology/wikiPageLength	9865	 	 	 	31336	 	 	10072	 	 	3	0.816497	0.522879	1
0	http://dbpedia.org/ontology/wikiPageOutDegree	67	 	 	 	235	 	 	39	 	 	3	0.816497	0.522879	1
0	http://dbpedia.org/ontology/wikiPageRevisionID	728956488	 	 	 	741980078	 	 	729093218	 	 	3	0.816497	0.522879	1
0	http://purl.org/dc/terms/subject	Cities in Pope County, Arkansas; Russellville, Arkansas micropolitan area	 	 	 	1683 establishments in Delaware; Cities in Kent County, Delaware	 	 	Cities in Bonner County, Idaho	 	 	3	0.816497	0.522879	1
0	http://www.georss.org/georss/point	35.400555555555556 -93.1125	 	 	 	39.161944444444444 -75.52666666666667	 	 	48.25361111111111 -116.60027777777778	 	 	3	0.816497	0.522879	1
1	http://www.w3.org/1999/02/22-rdf-syntax-ns#type;http://www.wikidata.org/entity/P31c	Spatial Thing; http://dbpedia.org/ontology/Location	Administrative Area; City/Town/Village	city	wikicat Cities in Pope County, Arkansas; wordnet location 100027167	Spatial Thing; http://dbpedia.org/ontology/Location	Capital of administrative division; Governmental Jurisdiction	county seat	Spatial Thing; http://dbpedia.org/ontology/Location	City/Town/Village; Dated location	city	10	0.336554	0	1
2	http://www.w3.org/2000/01/rdf-schema#comment;http://rdf.freebase.com/ns/common.topic.description	Dover is a small town in Pope County, Arkansas, United States. The population was 1,329 at the 2000 	Dover is a small town in Pope County, Arkansas, United States. The population was 1,329 at the 2000 	 	 	Dover (/藞do蕣v蓹r/) is the capital and second-largest city in the U.S. state of Delaware. It is also t	Dover is the capital and second largest city in the U.S. state of Delaware. It is also the county se	 	Dover is a city in Bonner County, Idaho. The population was 556 at the 2010 census.	Dover is a city in Bonner County, Idaho. The population was 556 at the 2010 census.	 	6	0.57735	0.221849	1
2	http://www.w3.org/2000/01/rdf-schema#label	Dover, Arkansas	Dover, Arkansas	Dover	Dover, Arkansas	Dover, Delaware	Dover	Dover	Dover, Idaho	袛芯褍胁褗褉	Dover	10	0.258199	0	1
0	http://www.w3.org/2002/07/owl#sameAs	Dover	 	 	 	Dover	 	 	Dover	 	 	3	0.57735	0.522879	0
3	http://www.w3.org/2003/01/geo/wgs84_pos#lat	35.401	35.401	35.401	 	39.162	39.162	39.162	48.254	48.254	48.254	9	0	0.045757	1
3	http://www.w3.org/2003/01/geo/wgs84_pos#long	-93.113	-93.113	-93.113	 	-75.527	-75.527	-75.527	-116.6	-116.6	-116.6	9	0	0.045757	1
0	http://www.w3.org/ns/prov#wasDerivedFrom	http://en.wikipedia.org/wiki/Dover,_Arkansas?oldid=728956488	 	 	 	http://en.wikipedia.org/wiki/Dover,_Delaware?oldid=741980078	 	 	http://en.wikipedia.org/wiki/Dover,_Idaho?oldid=729093218	 	 	3	0.816497	0.522879	1
0	http://xmlns.com/foaf/0.1/depiction	http://commons.wikimedia.org/wiki/Special:FilePath/Doverffd.jpg	 	 	 	http://commons.wikimedia.org/wiki/Special:FilePath/Dover_Delaware.jpg	 	 	http://commons.wikimedia.org/wiki/Special:FilePath/Bonner_County_Idaho_Incorporated_and_Unincorporat	 	 	3	0.816497	0.522879	1
1	http://xmlns.com/foaf/0.1/isPrimaryTopicOf;http://rdf.freebase.com/ns/common.topic.topic_equivalent_webpage	http://en.wikipedia.org/wiki/Dover,_Arkansas	http://ar.wikipedia.org/wiki/%2F%48%41%31_(%23%31%43%46%33%27%33); http://geonames.usgs.gov/pls/gnis	 	 	http://en.wikipedia.org/wiki/Dover,_Delaware	http://ar.wikipedia.org/wiki/%2F%48%41%31_(%2F%4A%44%27%48%4A%31); http://www.geonames.org/4142290/	 	http://en.wikipedia.org/wiki/Dover,_Idaho	http://ar.wikipedia.org/wiki/%2F%48%41%4A%31_(%23%4A%2F%27%47%48); http://fa.wikipedia.org/wiki/%2F%	 	6	0.802016	0.221849	1
0	http://xmlns.com/foaf/0.1/name	Dover, Arkansas	 	 	 	Dover, Delaware	 	 	Dover, Idaho	 	 	3	0.816497	0.522879	1
2	http://rdf.freebase.com/key/authority.gnis;http://www.wikidata.org/entity/P590c	 	79133	79133	 	 	217882	 	 	397637	397637	5	0.516398	0.30103	1
1	http://rdf.freebase.com/key/authority.hud.countyplace	 	511519600	 	 	 	100090	 	 	1601722510	 	3	0.816497	0.522879	1
2	http://rdf.freebase.com/key/authority.nist.fips.55;http://www.wikidata.org/entity/P774c	 	519600	 	 	 	1021200	10-21200	 	1622510	 	4	0.816497	0.39794	1
1	http://rdf.freebase.com/key/base.dspl.us_census.population.place	 	519600	 	 	 	1021200	 	 	1622510	 	3	0.816497	0.522879	1
1	http://rdf.freebase.com/key/en	 	dover_arkansas	 	 	 	dover_delaware	 	 	dover_idaho	 	3	0.816497	0.522879	1
1	http://rdf.freebase.com/key/wikipedia.en	 	Dover,_Arkansas	 	 	 	Capital_of_Delaware; Downtown_Dover,_Delaware	 	 	Dover,_ID	 	3	0.816497	0.522879	1
1	http://rdf.freebase.com/key/wikipedia.en_title	 	Dover,_Arkansas	 	 	 	Dover,_Delaware	 	 	Dover,_Idaho	 	3	0.816497	0.522879	1
0	http://rdf.freebase.com/ns/base.wikipedia_infobox.settlement.area_code	 	Area code 479	 	 	 	 	 	 	Area code 208	 	2	0.816497	0.69897	1
0	http://rdf.freebase.com/ns/common.topic.alias	 	Dover, Arkansas; Pope County / Dover city	 	 	 	Dover, Delaware; Kent County / Dover city	 	 	Bonner County / Dover city	 	3	0.816497	0.522879	1
2	http://rdf.freebase.com/ns/common.topic.article;http://schema.org/description	 	Dover is a small town in Pope County, Arkansas, United States. The population was 1,329 at the 2000 	small town in Pope County, Arkansas, United States	 	 	The city of Dover is the capital and second largest city in the U.S. state of Delaware. It is also t	capital of Delaware and county seat of Kent County	 	Dover is a city in Bonner County, Idaho. The population was 556 at the 2010 census. Dover is located	city	6	0.816497	0.221849	1
0	http://rdf.freebase.com/ns/common.topic.image	 	main street Dover; Location of Dover, Arkansas	 	 	 	none West Loockerman Street in downtown Dover in 2006	 	 	Location of Dover, Idaho	 	3	0.816497	0.522879	1
0	http://rdf.freebase.com/ns/common.topic.notable_for	 	City/Town/Village	 	 	 	City/Town/Village	 	 	City/Town/Village	 	3	0.57735	0.522879	1
0	http://rdf.freebase.com/ns/common.topic.notable_types	 	City/Town/Village	 	 	 	City/Town/Village	 	 	City/Town/Village	 	3	0.57735	0.522879	1
0	http://rdf.freebase.com/ns/kg.object_profile.prominent_type	 	City/Town/Village	 	 	 	City/Town/Village	 	 	City/Town/Village	 	3	0.57735	0.522879	1
1	http://rdf.freebase.com/ns/location.citytown.postal_codes	 	72837	 	 	 	19904	 	 	83825	 	3	0.816497	0.522879	1
1	http://rdf.freebase.com/ns/location.hud_county_place.countyplace_id	 	511519600	 	 	 	100090	 	 	1601722510	 	3	0.816497	0.522879	1
0	http://rdf.freebase.com/ns/location.hud_county_place.place	 	Dover	 	 	 	Dover	 	 	Dover	 	3	0.57735	0.522879	1
0	http://rdf.freebase.com/ns/location.hud_foreclosure_area.bls_unemployment_rate	 	0.052	 	 	 	0.046	 	 	0.042	 	3	0.816497	0.522879	1
0	http://rdf.freebase.com/ns/location.hud_foreclosure_area.estimated_number_foreclosures	 	8	 	 	 	226	 	 	1	 	3	0.816497	0.522879	1
0	http://rdf.freebase.com/ns/location.hud_foreclosure_area.estimated_number_of_mortgages	 	237	 	 	 	6219	 	 	103	 	3	0.816497	0.522879	1
0	http://rdf.freebase.com/ns/location.hud_foreclosure_area.hhuniv	 	541	 	 	 	12460	 	 	155	 	3	0.816497	0.522879	1
0	http://rdf.freebase.com/ns/location.hud_foreclosure_area.ofheo_price_change	 	0	 	 	 	0	 	 	0	 	3	0.57735	0.522879	1
0	http://rdf.freebase.com/ns/location.hud_foreclosure_area.total_90_day_vacant_residential_addresses	 	2	 	 	 	417	 	 	1	 	3	0.816497	0.522879	1
0	http://rdf.freebase.com/ns/location.hud_foreclosure_area.total_residential_addresses	 	542	 	 	 	14671	 	 	145	 	3	0.816497	0.522879	1
1	http://rdf.freebase.com/ns/location.location.gnis_feature_id	 	79133	 	 	 	217882	 	 	397637	 	3	0.816497	0.522879	1
0	http://rdf.freebase.com/ns/location.location.time_zones	 	Central Time Zone	 	 	 	 	 	 	Pacific Time Zone	 	2	0.816497	0.69897	1
0	http://rdf.freebase.com/ns/topic_server.population_number	 	1250	 	 	 	28930	 	 	309	 	3	0.816497	0.522879	1
0	http://rdf.freebase.com/ns/type.object.key	 	/authority/hud/countyplace/0511519600; /wikipedia/fa_title/丿賵賵乇_(丌乇讴丕賳夭丕爻)	 	 	 	/authority/hud/countyplace/100090; /wikipedia/zh-cn_id/395269	 	 	/authority/gnis/397637; /wikipedia/ar_title/丿賵賮賷乇_(兀賷丿丕賴賵)	 	3	0.816497	0.522879	1
0	http://rdf.freebase.com/ns/type.object.name	 	Dover	 	 	 	Dover	 	 	Dover	 	3	0.57735	0.522879	1
0	http://rdf.freebase.com/ns/type.object.type	 	Administrative Area; City/Town/Village	 	 	 	Capital of administrative division; Governmental Jurisdiction	 	 	City/Town/Village; Dated location	 	3	0.258199	0.522879	1
2	http://www.wikidata.org/entity/P1566c;http://rdf.freebase.com/key/user.metaweb.datasource.geonames	 	 	4108950	 	 	4142290	4142290	 	 	5591362	4	0.645497	0.39794	1
0	http://www.wikidata.org/entity/P2044c	 	 	136	 	 	 	 	 	 	 	1	0.57735	1	1
0	http://www.wikidata.org/entity/P2046c	 	 	4700000	 	 	 	 	 	 	8391561	2	0.816497	0.69897	1
0	http://www.wikidata.org/entity/P646-freebase	 	 	Dover	 	 	 	Dover	 	 	Dover	3	0.57735	0.522879	1
0	http://www.wikidata.org/entity/P646c	 	 	/m/0qwjr	 	 	 	/m/0fttz	 	 	/m/0s12r	3	0.816497	0.522879	1
0	http://www.w3.org/2004/02/skos/core#prefLabel	 	 	 	Dover, Arkansas	 	 	 	 	 	 	1	0.57735	1	1
0	http://yago-knowledge.org/resource/hasArea	 	 	 	4.7	 	 	 	 	 	 	1	0.57735	1	1
0	http://yago-knowledge.org/resource/hasCitationTitle	 	 	 	Arkansas Place Names	 	 	 	 	 	 	1	0.57735	1	1
0	http://yago-knowledge.org/resource/hasPopulationDensity	 	 	 	282.8	 	 	 	 	 	 	1	0.57735	1	1
0	http://yago-knowledge.org/resource/hasWikipediaAnchorText	 	 	 	2012 National Finals Rodeo; Dover, Kent, England	 	 	 	 	 	 	1	0.816497	1	1
0	http://yago-knowledge.org/resource/hasWikipediaArticleLength	 	 	 	8077	 	 	 	 	 	 	1	0.57735	1	1
0	http://yago-knowledge.org/resource/hasWikipediaUrl	 	 	 	http://en.wikipedia.org/wiki/Dover%2C_Arkansas	 	 	 	 	 	 	1	0.57735	1	1
0	http://yago-knowledge.org/resource/linksTo	 	 	 	Virginia Hudson; 2012 National Finals Rodeo	 	 	 	 	 	 	1	0.816497	1	1
0	http://yago-knowledge.org/resource/redirectedFrom	 	 	 	Dover, AR	 	 	 	 	 	 	1	0.816497	1	1
0	http://yago-knowledge.org/resource/wasCreatedOnDate	 	 	 	1832-01-01	 	 	 	 	 	 	1	0.57735	1	1
0	http://dbpedia.org/ontology/daylightSavingTimeZone	 	 	 	 	Eastern Daylight Time	 	 	 	 	 	1	0.57735	1	1
0	http://dbpedia.org/ontology/mayor	 	 	 	 	http://dbpedia.org/resource/Robin_R._Christiansen	 	 	 	 	 	1	0.57735	1	1
0	http://dbpedia.org/ontology/populationMetro	 	 	 	 	152255	 	 	 	 	 	1	0.57735	1	1
0	http://dbpedia.org/ontology/region	 	 	 	 	Kent County, Delaware	 	 	 	 	 	1	0.57735	1	1
0	http://dbpedia.org/ontology/state	 	 	 	 	Delaware	 	 	 	 	 	1	0.57735	1	1
0	http://dbpedia.org/ontology/synonym	 	 	 	 	City of Dover	 	 	 	 	 	1	0.57735	1	1
0	http://dbpedia.org/ontology/wikiPageExternalLink	 	 	 	 	http://delaware.newszap.com/; http://www.biggsmuseum.org/	 	 	http://www.doveridaho.org	 	 	2	0.816497	0.69897	1
1	http://xmlns.com/foaf/0.1/homepage;http://rdf.freebase.com/ns/common.topic.official_website;http://www.wikidata.org/entity/P856c	 	 	 	 	http://www.cityofdover.com	http://www.cityofdover.com/	http://www.cityofdover.com/	 	 	 	3	0.57735	0.522879	1
0	http://xmlns.com/foaf/0.1/nick	 	 	 	 	Capital of the First State	 	 	 	 	 	1	0.57735	1	1
0	http://rdf.freebase.com/key/base.dspl.us_bls.unemployment.city	 	 	 	 	 	CT1021200000000	 	 	 	 	1	0.57735	1	1
0	http://rdf.freebase.com/key/user.avh.ellerdale	 	 	 	 	 	009a-0967	 	 	 	 	1	0.57735	1	1
0	http://rdf.freebase.com/ns/common.topic.webpage	 	 	 	 	 	http://rdf.freebase.com/ns/m.03lnddv	 	 	 	 	1	0.57735	1	1
0	http://rdf.freebase.com/ns/government.governmental_jurisdiction.governing_officials	 	 	 	 	 	Mayor of Dover	 	 	 	 	1	0.57735	1	1
0	http://rdf.freebase.com/ns/location.capital_of_administrative_division.capital_of	 	 	 	 	 	Delaware; Kent County	 	 	 	 	1	0.816497	1	1
0	http://rdf.freebase.com/ns/location.location.contains	 	 	 	 	 	Alumni Stadium; Bradford-Loockerman House	 	 	Dover Church	 	2	0.816497	0.69897	1
0	http://rdf.freebase.com/ns/location.location.events	 	 	 	 	 	2014 Firefly Music Festival; Delaware State University shooting	 	 	 	 	1	0.816497	1	1
0	http://rdf.freebase.com/ns/location.location.nearby_airports	 	 	 	 	 	Chandelle Estates Airport; Dover Air Force Base	 	 	 	 	1	0.816497	1	1
0	http://rdf.freebase.com/ns/location.location.people_born_here	 	 	 	 	 	Allison Rosati; Bruce Ennis	 	 	G. C. Danielson	 	2	0.801422	0.69897	1
0	http://rdf.freebase.com/ns/location.statistical_region.unemployment_rate	 	 	 	 	 	10	 	 	 	 	1	0.816497	1	1
0	http://rdf.freebase.com/ns/sports.sports_team_location.teams	 	 	 	 	 	Delaware State Hornets men's basketball	 	 	 	 	1	0.57735	1	1
0	http://rdf.freebase.com/ns/travel.travel_destination.tourist_attractions	 	 	 	 	 	Delaware Agricultural Museum and Village	 	 	 	 	1	0.57735	1	1
0	http://rdf.freebase.com/ns/user.avh.default_domain.ellerdale_topic.ellerdale_id	 	 	 	 	 	009a-0967	 	 	 	 	1	0.57735	1	1
0	http://www.w3.org/2004/02/skos/core#altLabel	 	 	 	 	 	 	Dover, Delaware	 	 	Dover, Idaho	2	0.816497	0.69897	1
0	http://www.wikidata.org/entity/P1376c	 	 	 	 	 	 	Delaware; Kent County	 	 	 	1	0.816497	1	1
0	http://www.wikidata.org/entity/P1792c	 	 	 	 	 	 	Category:People from Dover, Delaware	 	 	 	1	0.57735	1	1
0	http://www.wikidata.org/entity/P1997c	 	 	 	 	 	 	1.12E+14	 	 	 	1	0.57735	1	1
0	http://www.wikidata.org/entity/P214c	 	 	 	 	 	 	236604486	 	 	189391817	2	0.816497	0.69897	1
0	http://www.wikidata.org/entity/P227c	 	 	 	 	 	 	7661842-0	 	 	 	1	0.57735	1	1
0	http://www.wikidata.org/entity/P244c	 	 	 	 	 	 	n81084390	 	 	 	1	0.57735	1	1
0	http://www.wikidata.org/entity/P268c	 	 	 	 	 	 	12035954p	 	 	 	1	0.57735	1	1
0	http://www.wikidata.org/entity/P373c	 	 	 	 	 	 	Dover, Delaware	 	 	 	1	0.57735	1	1
0	http://www.wikidata.org/entity/P910c	 	 	 	 	 	 	Category:Dover, Delaware	 	 	 	1	0.57735	1	1
0	http://www.wikidata.org/entity/P948c	 	 	 	 	 	 	http://commons.wikimedia.org/wiki/File:Dover_Delavare_banner.jpg	 	 	 	1	0.57735	1	1
0	http://www.wikidata.org/entity/P982c	 	 	 	 	 	 	04f7aa6d-9f59-4d7a-91ad-717ffecf793f	 	 	 	1	0.57735	1	1
0	http://www.wikidata.org/entity/P242c	 	 	 	 	 	 	 	 	 	http://commons.wikimedia.org/wiki/File:IDMap-doton-Dover.PNG	1	0.57735	1	1
