score	dataset	dbpedia	freebase	wikidata	yago-knowledge	dbpedia	freebase	wikidata	dbpedia	freebase	wikidata				
	entity	http://dbpedia.org/resource/Crystal,_Minnesota	http://rdf.freebase.com/ns/m.0w0wz	http://www.wikidata.org/entity/Q948360	http://yago-knowledge.org/resource/Crystal,_Minnesota	http://dbpedia.org/resource/Crystal,_North_Dakota	http://rdf.freebase.com/ns/m.0yq5z	http://www.wikidata.org/entity/Q2310201	http://dbpedia.org/resource/Crystal_City,_Missouri	http://rdf.freebase.com/ns/m.0xhjx	http://www.wikidata.org/entity/Q963485				
2	http://dbpedia.org/ontology/PopulatedPlace/areaTotal;http://dbpedia.org/ontology/areaTotal;http://rdf.freebase.com/ns/location.location.area	15229100	15.23	 	 	1683490	1.68	 	11836200	11.84	 	6	0.68313	0.221849	1
1	http://dbpedia.org/ontology/PopulatedPlace/populationDensity	1479.698	 	 	 	81.969	 	 	411.083	 	 	3	0.816497	0.522879	1
0	http://dbpedia.org/ontology/abstract	Crystal is a city in Hennepin County, Minnesota, United States. The population was 22,151 at the 201	 	 	 	Crystal is a city in Pembina County, North Dakota, United States. The population was 138 at the 2010	 	 	Crystal City is a city in Jefferson County, Missouri, United States. The population was 4,855 at the	 	 	3	0.816497	0.522879	1
0	http://dbpedia.org/ontology/areaCode	763	 	 	 	701	 	 	636	 	 	3	0.816497	0.522879	1
0	http://dbpedia.org/ontology/areaLand	14970100	 	 	 	1683490	 	 	11810300	 	 	3	0.816497	0.522879	1
0	http://dbpedia.org/ontology/areaWater	258999	 	 	 	0	 	 	25899.900; 30000.000	 	 	3	0.816497	0.522879	1
3	http://dbpedia.org/ontology/country;http://rdf.freebase.com/ns/location.hud_county_place.county;http://www.wikidata.org/entity/P131c;http://www.wikidata.org/entity/P17c;http://yago-knowledge.org/resource/isLocatedIn	United States	Hennepin County	Hennepin County; United States of America	Hennepin County, Minnesota; United States	United States	Pembina County	Pembina County; United States of America	 	Jefferson County	Jefferson County; United States of America	9	0.408248	0.045757	1
1	http://dbpedia.org/ontology/elevation	271.882	 	 	 	277	 	 	131.674	 	 	3	0.816497	0.522879	1
1	http://dbpedia.org/ontology/isPartOf;http://rdf.freebase.com/ns/location.location.containedby	Hennepin County, Minnesota	Hennepin County; United States of America	 	 	Pembina County, North Dakota	North Dakota; Pembina County	 	Jefferson County, Missouri	Jefferson County; United States of America	 	6	0.617213	0.221849	1
0	http://dbpedia.org/ontology/leaderTitle	Mayor	 	 	 	 	 	 	Mayor	 	 	2	0.57735	0.69897	1
0	http://dbpedia.org/ontology/populationDensity	1479.7	 	 	 	81.97	 	 	411.083	 	 	3	0.816497	0.522879	1
3	http://dbpedia.org/ontology/populationTotal;http://rdf.freebase.com/ns/location.statistical_region.population;http://yago-knowledge.org/resource/hasNumberOfPeople	22151	21564	 	22151	138	133	 	4855	3993	 	7	0.786796	0.154902	1
1	http://dbpedia.org/ontology/postalCode	55422, 55427, 55428, 55429	 	 	 	58222	 	 	63019	 	 	3	0.816497	0.522879	1
0	http://dbpedia.org/ontology/thumbnail	http://commons.wikimedia.org/wiki/Special:FilePath/Hennepin_County_Minnesota_Incorporated_and_Uninco	 	 	 	http://commons.wikimedia.org/wiki/Special:FilePath/Crystal,_North_Dakota.jpg?width=300	 	 	http://commons.wikimedia.org/wiki/Special:FilePath/Jefferson_County_Missouri_Incorporated_and_Uninco	 	 	3	0.816497	0.522879	1
0	http://dbpedia.org/ontology/timeZone	Central Time Zone	 	 	 	North American Central Time Zone	 	 	North American Central Time Zone	 	 	3	0.57735	0.522879	1
0	http://dbpedia.org/ontology/type	City	 	 	 	City	 	 	City	 	 	3	0.57735	0.522879	1
0	http://dbpedia.org/ontology/utcOffset	-5	 	 	 	-5	 	 	-5	 	 	3	0	0.522879	1
0	http://dbpedia.org/ontology/wikiPageExternalLink	http://www.ci.crystal.mn.us/parks_and_amp_recreation/index.html	 	 	 	http://cdm16921.contentdm.oclc.org/cdm/ref/collection/p16921coll1/id/466; http://digitalhorizonsonli	 	 	http://dl.mospace.umsystem.edu/mu/islandora/object/mu%3A138771; http://www.city-data.com/city/Crysta	 	 	3	0.816497	0.522879	1
2	http://dbpedia.org/ontology/wikiPageID;http://rdf.freebase.com/key/wikipedia.en_id	120173	120173	 	 	128662	128662	 	124772	124772	 	6	0.408248	0.221849	1
0	http://dbpedia.org/ontology/wikiPageLength	11555	 	 	 	9935	 	 	10635	 	 	3	0.816497	0.522879	1
0	http://dbpedia.org/ontology/wikiPageOutDegree	74	 	 	 	41	 	 	50	 	 	3	0.816497	0.522879	1
0	http://dbpedia.org/ontology/wikiPageRevisionID	729200479	 	 	 	729700507	 	 	745105518	 	 	3	0.816497	0.522879	1
0	http://purl.org/dc/terms/subject	1866 establishments in Minnesota; Cities in Hennepin County, Minnesota	 	 	 	Cities in Pembina County, North Dakota; Populated places established in 1882	 	 	Cities in Jefferson County, Missouri; Defunct glassmaking companies	 	 	3	0.816497	0.522879	1
0	http://www.georss.org/georss/point	45.03277777777778 -93.36027777777778; 45.03722222222222 -93.35944444444445	 	 	 	48.596666666666664 -97.67055555555555	 	 	38.221666666666664 -90.3825	 	 	3	0.816497	0.522879	1
0	http://www.w3.org/1999/02/22-rdf-syntax-ns#type;http://www.wikidata.org/entity/P31c	Spatial Thing; http://dbpedia.org/ontology/Location	City/Town/Village; Dated location	city	wikicat Cities in Hennepin County, Minnesota; wordnet location 100027167	Spatial Thing; http://dbpedia.org/ontology/Location	City/Town/Village; Dated location	city	Spatial Thing; http://dbpedia.org/ontology/Location	City/Town/Village; Dated location	city	10	0.303642	0	1
2	http://www.w3.org/2000/01/rdf-schema#comment;http://rdf.freebase.com/ns/common.topic.description	Crystal is a city in Hennepin County, Minnesota, United States. The population was 22,151 at the 201	Crystal is a city in Hennepin County, Minnesota, United States. The population was 22,151 at the 201	 	 	Crystal is a city in Pembina County, North Dakota, United States. The population was 138 at the 2010	Crystal is a city in Pembina County, North Dakota, United States. The population was 138 at the 2010	 	Crystal City is a city in Jefferson County, Missouri, United States. The population was 4,855 at the	Crystal City is a city in Jefferson County, Missouri, United States. The population was 4,855 at the	 	6	0.408248	0.221849	1
2	http://www.w3.org/2000/01/rdf-schema#label	Crystal, Minnesota	Crystal, Minnesota	Crystal	Crystal, Minnesota	Crystal, North Dakota	Crystal	Crystal	Crystal City, Missouri	Crystal City, Missouri	Crystal City	10	0.258199	0	1
0	http://www.w3.org/2002/07/owl#sameAs	Crystal	 	 	 	Crystal	 	 	Crystal City	 	 	3	0.57735	0.522879	0
3	http://www.w3.org/2003/01/geo/wgs84_pos#lat;http://yago-knowledge.org/resource/hasLatitude	45.033	45.033	45.033	45.033	48.597	48.597	48.597	38.222	38.222	38.222	10	0.174078	0	1
3	http://www.w3.org/2003/01/geo/wgs84_pos#long;http://yago-knowledge.org/resource/hasLongitude	-93.359	-93.36	-93.36	-93.36	-97.671	-97.671	-97.671	-90.383	-90.383	-90.383	10	0.174078	0	1
0	http://www.w3.org/ns/prov#wasDerivedFrom	http://en.wikipedia.org/wiki/Crystal,_Minnesota?oldid=729200479	 	 	 	http://en.wikipedia.org/wiki/Crystal,_North_Dakota?oldid=729700507	 	 	http://en.wikipedia.org/wiki/Crystal_City,_Missouri?oldid=745105518	 	 	3	0.816497	0.522879	1
0	http://xmlns.com/foaf/0.1/depiction	http://commons.wikimedia.org/wiki/Special:FilePath/Hennepin_County_Minnesota_Incorporated_and_Uninco	 	 	 	http://commons.wikimedia.org/wiki/Special:FilePath/Crystal,_North_Dakota.jpg	 	 	http://commons.wikimedia.org/wiki/Special:FilePath/Jefferson_County_Missouri_Incorporated_and_Uninco	 	 	3	0.816497	0.522879	1
2	http://xmlns.com/foaf/0.1/homepage;http://rdf.freebase.com/ns/common.topic.official_website;http://www.wikidata.org/entity/P856c;http://yago-knowledge.org/resource/hasWebsite	http://www.ci.crystal.mn.us/	http://www.ci.crystal.mn.us/	http://www.ci.crystal.mn.us/	http://www.ci.crystal.mn.us	 	 	 	http://www.crystalcitymo.org	 	http://www.crystalcitymo.org	6	0.308607	0.221849	1
1	http://xmlns.com/foaf/0.1/isPrimaryTopicOf;http://rdf.freebase.com/ns/common.topic.topic_equivalent_webpage	http://en.wikipedia.org/wiki/Crystal,_Minnesota	http://ar.wikipedia.org/wiki/%43%31%4A%33%2A%27%44_(%45%4A%46%4A%33%48%2A%27); http://ca.wikipedia.o	 	 	http://en.wikipedia.org/wiki/Crystal,_North_Dakota	http://ar.wikipedia.org/wiki/%43%31%4A%33%2A%27%44_(%2F%27%43%48%2A%27_%27%44%34%45%27%44%4A%29); ht	 	http://en.wikipedia.org/wiki/Crystal_City,_Missouri	http://ar.wikipedia.org/wiki/%43%31%4A%33%2A%27%44_%33%2A%4A	 	6	0.792901	0.221849	1
0	http://xmlns.com/foaf/0.1/name	Crystal, Minnesota	 	 	 	Crystal, North Dakota	 	 	Crystal City, Missouri	 	 	3	0.816497	0.522879	1
2	http://rdf.freebase.com/key/authority.gnis;http://www.wikidata.org/entity/P590c	 	642518	642518	 	 	1028559	1028559	 	736291	736291	6	0.408248	0.221849	1
1	http://rdf.freebase.com/key/authority.hud.countyplace	 	2705314158	 	 	 	3806717060	 	 	2909917632	 	3	0.816497	0.522879	1
2	http://rdf.freebase.com/key/authority.nist.fips.55;http://www.wikidata.org/entity/P774c	 	2714158	27-14158	 	 	3817060	 	 	2917632	 	4	0.816497	0.39794	1
1	http://rdf.freebase.com/key/base.dspl.us_census.population.place	 	2714158	 	 	 	3817060	 	 	2917632	 	3	0.816497	0.522879	1
1	http://rdf.freebase.com/key/en	 	crystal_minnesota	 	 	 	crystal_north_dakota	 	 	crystal_city_missouri	 	3	0.816497	0.522879	1
1	http://rdf.freebase.com/key/wikipedia.en	 	Crystal_(city,_Minnesota)	 	 	 	Crystal,_North_Dakota	 	 	Crystal_City,_Missouri; UN/LOCODE:USCCM	 	3	0.816497	0.522879	1
1	http://rdf.freebase.com/key/wikipedia.en_title	 	Crystal,_Minnesota	 	 	 	Crystal,_North_Dakota	 	 	Crystal_City,_Missouri	 	3	0.816497	0.522879	1
0	http://rdf.freebase.com/ns/base.wikipedia_infobox.settlement.area_code	 	Area code 763	 	 	 	Area code 701	 	 	Area code 636	 	3	0.816497	0.522879	1
0	http://rdf.freebase.com/ns/common.topic.alias	 	Crystal, Minnesota; Hennepin County / Crystal city	 	 	 	Crystal, North Dakota; Pembina County / Crystal city	 	 	Crystal City, Missouri; Jefferson County / Crystal City city	 	3	0.816497	0.522879	1
1	http://rdf.freebase.com/ns/common.topic.article;http://schema.org/description	 	Crystal is a city in Hennepin County, Minnesota, United States. The population was 22,151 at the 201	city in Hennepin County, Minnesota	 	 	Crystal is a city in Pembina County, North Dakota in the United States. The population was 138 at th	 	 	Crystal City is a city in Jefferson County, Missouri, United States. The population was 4,855 at the	city	5	0.816497	0.30103	1
0	http://rdf.freebase.com/ns/common.topic.image	 	Location of Crystal, Minnesota	 	 	 	American Legion post in Crystal, North Dakota	 	 	Location of Crystal City, Missouri	 	3	0.816497	0.522879	1
0	http://rdf.freebase.com/ns/common.topic.notable_for	 	City/Town/Village	 	 	 	City/Town/Village	 	 	City/Town/Village	 	3	0.57735	0.522879	1
0	http://rdf.freebase.com/ns/common.topic.notable_types	 	City/Town/Village	 	 	 	City/Town/Village	 	 	City/Town/Village	 	3	0.57735	0.522879	1
0	http://rdf.freebase.com/ns/common.topic.webpage	 	http://rdf.freebase.com/ns/m.03k_zcp	 	 	 	 	 	 	 	 	1	0.57735	1	1
0	http://rdf.freebase.com/ns/kg.object_profile.prominent_type	 	City/Town/Village	 	 	 	City/Town/Village	 	 	City/Town/Village	 	3	0.57735	0.522879	1
1	http://rdf.freebase.com/ns/location.citytown.postal_codes	 	55422	 	 	 	58222	 	 	63019	 	3	0.816497	0.522879	1
1	http://rdf.freebase.com/ns/location.hud_county_place.countyplace_id	 	2705314158	 	 	 	3806717060	 	 	2909917632	 	3	0.816497	0.522879	1
0	http://rdf.freebase.com/ns/location.hud_county_place.place	 	Crystal	 	 	 	Crystal	 	 	Crystal City	 	3	0.57735	0.522879	1
0	http://rdf.freebase.com/ns/location.hud_foreclosure_area.bls_unemployment_rate	 	0.051	 	 	 	0.058	 	 	0.061	 	3	0.816497	0.522879	1
0	http://rdf.freebase.com/ns/location.hud_foreclosure_area.estimated_number_foreclosures	 	428	 	 	 	1	 	 	55	 	3	0.816497	0.522879	1
0	http://rdf.freebase.com/ns/location.hud_foreclosure_area.estimated_number_of_mortgages	 	7146	 	 	 	17	 	 	1369	 	3	0.816497	0.522879	1
0	http://rdf.freebase.com/ns/location.hud_foreclosure_area.hhuniv	 	9477	 	 	 	74	 	 	1630	 	3	0.816497	0.522879	1
0	http://rdf.freebase.com/ns/location.hud_foreclosure_area.ofheo_price_change	 	-0.035	 	 	 	 	 	 	0	 	2	0.816497	0.69897	1
0	http://rdf.freebase.com/ns/location.hud_foreclosure_area.total_90_day_vacant_residential_addresses	 	226	 	 	 	0	 	 	51	 	3	0.816497	0.522879	1
0	http://rdf.freebase.com/ns/location.hud_foreclosure_area.total_residential_addresses	 	9830	 	 	 	47	 	 	1935	 	3	0.816497	0.522879	1
1	http://rdf.freebase.com/ns/location.location.gnis_feature_id	 	642518	 	 	 	1028559	 	 	736291	 	3	0.816497	0.522879	1
0	http://rdf.freebase.com/ns/location.location.nearby_airports	 	Crystal Airport	 	 	 	 	 	 	 	 	1	0.57735	1	1
0	http://rdf.freebase.com/ns/location.location.partiallycontains	 	55422	 	 	 	 	 	 	 	 	1	0.57735	1	1
0	http://rdf.freebase.com/ns/location.location.people_born_here	 	Jessie DeZiel; Travis Richards	 	 	 	Fern Headley	 	 	Bill Bradley; Donald Baganoff	 	3	0.816497	0.522879	1
0	http://rdf.freebase.com/ns/location.location.time_zones	 	Central Time Zone	 	 	 	Central Time Zone	 	 	Central Time Zone	 	3	0.57735	0.522879	1
0	http://rdf.freebase.com/ns/topic_server.population_number	 	21564	 	 	 	133	 	 	3993	 	3	0.816497	0.522879	1
0	http://rdf.freebase.com/ns/type.object.key	 	/authority/hud/countyplace/2705314158; /authority/nist/fips/55/2714158	 	 	 	/authority/gnis/1028559; /wikipedia/zh-cn_title/克里斯特尔_(北达科他�?	 	 	/authority/hud/countyplace/2909917632; /wikipedia/ar/كريستال_ستي_(ميزوري)	 	3	0.816497	0.522879	1
0	http://rdf.freebase.com/ns/type.object.name	 	Crystal	 	 	 	Crystal	 	 	Crystal City	 	3	0.57735	0.522879	1
0	http://rdf.freebase.com/ns/type.object.type	 	City/Town/Village; Dated location	 	 	 	City/Town/Village; Dated location	 	 	City/Town/Village; Dated location	 	3	0	0.522879	1
0	http://www.w3.org/2004/02/skos/core#altLabel	 	 	Crystal, Minnesota	 	 	 	Crystal, North Dakota	 	 	Crystal City, Missouri	3	0.816497	0.522879	1
1	http://www.wikidata.org/entity/P1566c	 	 	5023571	 	 	 	5058787	 	 	4383041	3	0.816497	0.522879	1
1	http://www.wikidata.org/entity/P2044c	 	 	272	 	 	 	277	 	 	132	3	0.816497	0.522879	1
1	http://www.wikidata.org/entity/P2046c	 	 	15230000	 	 	 	1683492	 	 	11840000	3	0.816497	0.522879	1
0	http://www.wikidata.org/entity/P47c	 	 	Brooklyn Park; Golden Valley	 	 	 	 	 	 	 	1	0.816497	1	1
0	http://www.wikidata.org/entity/P646-freebase	 	 	Crystal	 	 	 	Crystal	 	 	Crystal City	3	0.57735	0.522879	1
0	http://www.wikidata.org/entity/P646c	 	 	/m/0w0wz	 	 	 	/m/0yq5z	 	 	/m/0xhjx	3	0.816497	0.522879	1
0	http://www.wikidata.org/entity/P910c	 	 	Category:Crystal, Minnesota	 	 	 	 	 	 	 	1	0.57735	1	1
0	http://www.w3.org/2004/02/skos/core#prefLabel	 	 	 	Crystal, Minnesota	 	 	 	 	 	 	1	0.57735	1	1
0	http://yago-knowledge.org/resource/hasArea	 	 	 	15.23	 	 	 	 	 	 	1	0.57735	1	1
0	http://yago-knowledge.org/resource/hasCitationTitle	 	 	 	2010 Census Redistricting Data (Public Law 94-171) Summary File; American FactFinder	 	 	 	 	 	 	1	0.816497	1	1
0	http://yago-knowledge.org/resource/hasPopulationDensity	 	 	 	1479.7	 	 	 	 	 	 	1	0.57735	1	1
0	http://yago-knowledge.org/resource/hasWikipediaAnchorText	 	 	 	Brooklyn Center; County Road 81	 	 	 	 	 	 	1	0.816497	1	1
0	http://yago-knowledge.org/resource/hasWikipediaArticleLength	 	 	 	11830	 	 	 	 	 	 	1	0.57735	1	1
0	http://yago-knowledge.org/resource/hasWikipediaUrl	 	 	 	http://en.wikipedia.org/wiki/Crystal%2C_Minnesota	 	 	 	 	 	 	1	0.57735	1	1
0	http://yago-knowledge.org/resource/linksTo	 	 	 	Area code 763; Central Time Zone	 	 	 	 	 	 	1	0.816497	1	1
0	http://yago-knowledge.org/resource/redirectedFrom	 	 	 	Crystal (city, Minnesota)	 	 	 	 	 	 	1	0.816497	1	1
0	http://yago-knowledge.org/resource/wasCreatedOnDate	 	 	 	1866-01-01	 	 	 	 	 	 	1	0.57735	1	1
0	http://www.wikidata.org/entity/P18c	 	 	 	 	 	 	http://commons.wikimedia.org/wiki/File:Crystal,_North_Dakota.jpg	 	 	 	1	0.57735	1	1
0	http://xmlns.com/foaf/0.1/nick	 	 	 	 	 	 	 	Crystal Clear town	 	 	1	0.57735	1	1
