score	dataset	dbpedia	freebase	wikidata	yago-knowledge	dbpedia	freebase	wikidata	dbpedia	freebase	wikidata				
	entity	http://dbpedia.org/resource/Westphalia,_Iowa	http://rdf.freebase.com/ns/m.0t35x	http://www.wikidata.org/entity/Q1012317	http://yago-knowledge.org/resource/Westphalia,_Iowa	http://dbpedia.org/resource/Westphalia,_Kansas	http://rdf.freebase.com/ns/m.0t513	http://www.wikidata.org/entity/Q1010509	http://dbpedia.org/resource/Westphalia,_Missouri	http://rdf.freebase.com/ns/m.0wys6	http://www.wikidata.org/entity/Q962207				
2	http://dbpedia.org/ontology/PopulatedPlace/areaTotal;http://dbpedia.org/ontology/areaTotal;http://rdf.freebase.com/ns/location.location.area	258999	0.26	 	 	490000	0.49	 	1372690	1.37	 	6	0.68313	0.221849	1
0	http://dbpedia.org/ontology/PopulatedPlace/populationDensity	490.3	 	 	 	 	 	 	283.399	 	 	2	0.816497	0.69897	1
0	http://dbpedia.org/ontology/abstract	Westphalia is a city in Shelby County, Iowa, United States. The population was 127 at the 2010 censu	 	 	 	Westphalia is a city in Anderson County, Kansas, United States. As of the 2010 census, its populatio	 	 	Westphalia is a city in Osage County, Missouri, United States. The population was 389 at the 2010 ce	 	 	3	0.816497	0.522879	1
0	http://dbpedia.org/ontology/areaCode	712	 	 	 	785	 	 	573	 	 	3	0.816497	0.522879	1
0	http://dbpedia.org/ontology/areaLand	258999	 	 	 	490000	 	 	1372690	 	 	3	0.816497	0.522879	1
0	http://dbpedia.org/ontology/areaWater	0	 	 	 	0	 	 	0	 	 	3	0.57735	0.522879	1
3	http://dbpedia.org/ontology/country;http://rdf.freebase.com/ns/location.hud_county_place.county;http://www.wikidata.org/entity/P131c;http://www.wikidata.org/entity/P17c;http://yago-knowledge.org/resource/isLocatedIn	United States	Shelby County	Shelby County; United States of America	Shelby County, Iowa; United States	United States	Anderson County	Anderson County; United States of America	United States	Osage County	Osage County; United States of America	10	0.365148	0	1
1	http://dbpedia.org/ontology/elevation	437.998	 	 	 	335.89	 	 	185.928	 	 	3	0.816497	0.522879	1
1	http://dbpedia.org/ontology/isPartOf;http://rdf.freebase.com/ns/location.location.containedby	Shelby County, Iowa	Shelby County; United States of America	 	 	Anderson County, Kansas	Anderson County; United States of America	 	Osage County, Missouri	Osage County; United States of America	 	6	0.57735	0.221849	1
0	http://dbpedia.org/ontology/populationDensity	490.3	 	 	 	 	 	 	283.399	 	 	2	0.816497	0.69897	1
3	http://dbpedia.org/ontology/populationTotal;http://rdf.freebase.com/ns/location.statistical_region.population;http://yago-knowledge.org/resource/hasNumberOfPeople	127	125	 	127	163	147	 	389	240	 	7	0.731792	0.154902	1
1	http://dbpedia.org/ontology/postalCode	51578	 	 	 	66093	 	 	65085	 	 	3	0.816497	0.522879	1
0	http://dbpedia.org/ontology/thumbnail	http://commons.wikimedia.org/wiki/Special:FilePath/Shelby_County_Iowa_Incorporated_and_Unincorporate	 	 	 	http://commons.wikimedia.org/wiki/Special:FilePath/Anderson_County_Kansas_Incorporated_and_Unincorpo	 	 	http://commons.wikimedia.org/wiki/Special:FilePath/Osage_County_Missouri_Incorporated_and_Unincorpor	 	 	3	0.816497	0.522879	1
0	http://dbpedia.org/ontology/timeZone	North American Central Time Zone	 	 	 	North American Central Time Zone	 	 	North American Central Time Zone	 	 	3	0.57735	0.522879	1
0	http://dbpedia.org/ontology/type	City	 	 	 	City	 	 	City	 	 	3	0.57735	0.522879	1
0	http://dbpedia.org/ontology/utcOffset	-5	 	 	 	-5	 	 	-5	 	 	3	0	0.522879	1
0	http://dbpedia.org/ontology/wikiPageExternalLink	http://data.iowadatacenter.org/datatables/PlacesAll/plpopulation18502000.pdf; http://www.netins.net/	 	 	 	http://www.census.gov/prod/www/abs/decennial/; http://www.lkm.org/directory/cities.php?ID=522	 	 	 	 	 	2	0.816497	0.69897	1
2	http://dbpedia.org/ontology/wikiPageID;http://rdf.freebase.com/key/wikipedia.en_id	114225	114225	 	 	114400	114400	 	122996	122996	 	6	0.408248	0.221849	1
0	http://dbpedia.org/ontology/wikiPageLength	8337	 	 	 	11760	 	 	9492	 	 	3	0.816497	0.522879	1
0	http://dbpedia.org/ontology/wikiPageOutDegree	34	 	 	 	48	 	 	50	 	 	3	0.816497	0.522879	1
0	http://dbpedia.org/ontology/wikiPageRevisionID	729178552	 	 	 	735300163	 	 	729229550	 	 	3	0.816497	0.522879	1
0	http://purl.org/dc/terms/subject	Cities in Shelby County, Iowa	 	 	 	Cities in Anderson County, Kansas	 	 	Cities in Osage County, Missouri; German-American culture in Missouri	 	 	3	0.816497	0.522879	1
0	http://www.georss.org/georss/point	41.71944444444444 -95.39444444444445	 	 	 	38.181111111111115 -95.49083333333333	 	 	38.44027777777778 -91.99777777777778	 	 	3	0.816497	0.522879	1
0	http://www.w3.org/1999/02/22-rdf-syntax-ns#type;http://www.wikidata.org/entity/P31c	Spatial Thing; http://dbpedia.org/ontology/Location	City/Town/Village; Dated location	city	wikicat Cities in Shelby County, Iowa; wordnet location 100027167	Spatial Thing; http://dbpedia.org/ontology/Location	City/Town/Village; Dated location	city	Spatial Thing; http://dbpedia.org/ontology/Location	City/Town/Village; Dated location	city	10	0.270666	0	1
2	http://www.w3.org/2000/01/rdf-schema#comment;http://rdf.freebase.com/ns/common.topic.description	Westphalia is a city in Shelby County, Iowa, United States. The population was 127 at the 2010 censu	Westphalia is a city in Shelby County, Iowa, United States. The population was 127 at the 2010 censu	 	 	Westphalia is a city in Anderson County, Kansas, United States. As of the 2010 census, its populatio	Westphalia is a city in Anderson County, Kansas, United States. As of the 2010 census, its populatio	 	Westphalia is a city in Osage County, Missouri, United States. The population was 389 at the 2010 ce	Westphalia is a city in Osage County, Missouri, United States. The population was 389 at the 2010 ce	 	6	0.408248	0.221849	1
2	http://www.w3.org/2000/01/rdf-schema#label	Westphalia, Iowa	Westphalia; ويستفاليا	Westphalia	Westphalia, Iowa	Westphalia, Kansas	Westphalia; Вестфејлија	Westphalia	Westphalia, Missouri	Westphalia; Вестфејлија	Westphalia	10	0.258199	0	1
0	http://www.w3.org/2002/07/owl#sameAs	Westphalia	 	 	 	Westphalia	 	 	Westphalia	 	 	3	0.57735	0.522879	0
3	http://www.w3.org/2003/01/geo/wgs84_pos#lat	41.719	41.719	41.719	 	38.181	38.181	38.181	38.44	38.44	38.44	9	0	0.045757	1
3	http://www.w3.org/2003/01/geo/wgs84_pos#long	-95.394	-95.394	-95.394	 	-95.491	-95.491	-95.491	-91.998	-91.998	-91.998	9	0	0.045757	1
0	http://www.w3.org/ns/prov#wasDerivedFrom	http://en.wikipedia.org/wiki/Westphalia,_Iowa?oldid=729178552	 	 	 	http://en.wikipedia.org/wiki/Westphalia,_Kansas?oldid=735300163	 	 	http://en.wikipedia.org/wiki/Westphalia,_Missouri?oldid=729229550	 	 	3	0.816497	0.522879	1
0	http://xmlns.com/foaf/0.1/depiction	http://commons.wikimedia.org/wiki/Special:FilePath/Shelby_County_Iowa_Incorporated_and_Unincorporate	 	 	 	http://commons.wikimedia.org/wiki/Special:FilePath/Anderson_County_Kansas_Incorporated_and_Unincorpo	 	 	http://commons.wikimedia.org/wiki/Special:FilePath/Osage_County_Missouri_Incorporated_and_Unincorpor	 	 	3	0.816497	0.522879	1
1	http://xmlns.com/foaf/0.1/isPrimaryTopicOf;http://rdf.freebase.com/ns/common.topic.topic_equivalent_webpage	http://en.wikipedia.org/wiki/Westphalia,_Iowa	http://ar.wikipedia.org/wiki/%48%4A%33%2A%41%27%44%4A%27	 	 	http://en.wikipedia.org/wiki/Westphalia,_Kansas	http://ar.wikipedia.org/wiki/%48%4A%33%2A%41%27%44%4A%27_(%43%27%46%33%27%33); http://fa.wikipedia.o	 	http://en.wikipedia.org/wiki/Westphalia,_Missouri	http://ca.wikipedia.org/wiki/Westphalia_(Missouri); http://geonames.usgs.gov/pls/gnispublic/f?p=gnis	 	6	0.789018	0.221849	1
0	http://xmlns.com/foaf/0.1/name	Westphalia, Iowa	 	 	 	Westphalia, Kansas	 	 	Westphalia, Missouri	 	 	3	0.816497	0.522879	1
2	http://rdf.freebase.com/key/authority.gnis;http://www.wikidata.org/entity/P590c	 	462946	462946	 	 	477874	477874	 	729411	729411	6	0.408248	0.221849	1
1	http://rdf.freebase.com/key/authority.hud.countyplace	 	1916584540	 	 	 	2000377250	 	 	2915178910	 	3	0.816497	0.522879	1
2	http://rdf.freebase.com/key/authority.nist.fips.55;http://www.wikidata.org/entity/P774c	 	1984540	1984540	 	 	2077250	2077250	 	2978910	29-78910	6	0.57735	0.221849	1
1	http://rdf.freebase.com/key/base.dspl.us_census.population.place	 	1984540	 	 	 	2077250	 	 	2978910	 	3	0.816497	0.522879	1
1	http://rdf.freebase.com/key/en	 	westphalia_iowa	 	 	 	westphalia_kansas	 	 	westphalia_missouri	 	3	0.816497	0.522879	1
1	http://rdf.freebase.com/key/wikipedia.en	 	Westphalia,_IA	 	 	 	Westphalia,_KS	 	 	Westphalia,_Missouri	 	3	0.816497	0.522879	1
1	http://rdf.freebase.com/key/wikipedia.en_title	 	Westphalia,_Iowa	 	 	 	Westphalia,_Kansas	 	 	Westphalia,_Missouri	 	3	0.816497	0.522879	1
0	http://rdf.freebase.com/ns/base.wikipedia_infobox.settlement.area_code	 	Area code 712	 	 	 	Area code 785	 	 	Area code 573	 	3	0.816497	0.522879	1
0	http://rdf.freebase.com/ns/common.topic.alias	 	Shelby County / Westphalia city	 	 	 	Anderson County / Westphalia city; Westphalia, Kansas	 	 	Osage County / Westphalia city; Westphalia, Missouri	 	3	0.816497	0.522879	1
2	http://rdf.freebase.com/ns/common.topic.article;http://schema.org/description	 	Westphalia is a city in Shelby County, Iowa, United States. The population was 127 at the 2010 censu	city in Iowa, United States	 	 	Westphalia is a city in Anderson County, Kansas, United States. As of the 2010 census, the city popu	city in Kansas, United States	 	Westphalia is a city in Osage County, Missouri, United States. The population was 389 at the 2010 ce	city in Missouri, United States	6	0.816497	0.221849	1
0	http://rdf.freebase.com/ns/common.topic.image	 	Location of Westphalia, Iowa	 	 	 	Location of Westphalia, Kansas	 	 	Location of Westphalia, Missouri	 	3	0.816497	0.522879	1
0	http://rdf.freebase.com/ns/common.topic.notable_for	 	City/Town/Village	 	 	 	City/Town/Village	 	 	City/Town/Village	 	3	0.57735	0.522879	1
0	http://rdf.freebase.com/ns/common.topic.notable_types	 	City/Town/Village	 	 	 	City/Town/Village	 	 	City/Town/Village	 	3	0.57735	0.522879	1
0	http://rdf.freebase.com/ns/kg.object_profile.prominent_type	 	City/Town/Village	 	 	 	City/Town/Village	 	 	City/Town/Village	 	3	0.57735	0.522879	1
2	http://rdf.freebase.com/ns/location.citytown.postal_codes;http://www.wikidata.org/entity/P281c	 	51578	51578	 	 	66093	66093	 	65085	65085	6	0.48795	0.221849	1
1	http://rdf.freebase.com/ns/location.hud_county_place.countyplace_id	 	1916584540	 	 	 	2000377250	 	 	2915178910	 	3	0.816497	0.522879	1
0	http://rdf.freebase.com/ns/location.hud_county_place.place	 	Westphalia	 	 	 	Westphalia	 	 	Westphalia	 	3	0.57735	0.522879	1
0	http://rdf.freebase.com/ns/location.hud_foreclosure_area.bls_unemployment_rate	 	0.031	 	 	 	0.048	 	 	0.056	 	3	0.816497	0.522879	1
0	http://rdf.freebase.com/ns/location.hud_foreclosure_area.estimated_number_foreclosures	 	1	 	 	 	1	 	 	1	 	3	0.57735	0.522879	1
0	http://rdf.freebase.com/ns/location.hud_foreclosure_area.estimated_number_of_mortgages	 	19	 	 	 	16	 	 	47	 	3	0.816497	0.522879	1
0	http://rdf.freebase.com/ns/location.hud_foreclosure_area.hhuniv	 	61	 	 	 	68	 	 	122	 	3	0.816497	0.522879	1
0	http://rdf.freebase.com/ns/location.hud_foreclosure_area.ofheo_price_change	 	0	 	 	 	0	 	 	0	 	3	0.57735	0.522879	1
0	http://rdf.freebase.com/ns/location.hud_foreclosure_area.total_90_day_vacant_residential_addresses	 	0	 	 	 	0	 	 	0	 	3	0.57735	0.522879	1
0	http://rdf.freebase.com/ns/location.hud_foreclosure_area.total_residential_addresses	 	31	 	 	 	59	 	 	73	 	3	0.816497	0.522879	1
1	http://rdf.freebase.com/ns/location.location.gnis_feature_id	 	462946	 	 	 	477874	 	 	729411	 	3	0.816497	0.522879	1
0	http://rdf.freebase.com/ns/location.location.time_zones	 	Central Time Zone	 	 	 	Central Time Zone	 	 	Central Time Zone	 	3	0.57735	0.522879	1
0	http://rdf.freebase.com/ns/topic_server.population_number	 	125	 	 	 	147	 	 	240	 	3	0.782382	0.522879	1
0	http://rdf.freebase.com/ns/type.object.key	 	/authority/hud/countyplace/1916584540; /wikipedia/ar/ويستفاليا_(آيوا)	 	 	 	/authority/hud/countyplace/2000377250; /authority/nist/fips/55/2077250	 	 	/authority/hud/countyplace/2915178910; /authority/nist/fips/55/2978910	 	3	0.816497	0.522879	1
0	http://rdf.freebase.com/ns/type.object.name	 	Westphalia	 	 	 	Westphalia	 	 	Westphalia	 	3	0.57735	0.522879	1
0	http://rdf.freebase.com/ns/type.object.type	 	City/Town/Village; Dated location	 	 	 	City/Town/Village; Dated location	 	 	City/Town/Village; Dated location	 	3	0	0.522879	1
0	http://www.w3.org/2004/02/skos/core#altLabel	 	 	Westphalia, Iowa	 	 	 	Westfalia, Kansas	 	 	Westphalia, Missouri	3	0.816497	0.522879	1
1	http://www.wikidata.org/entity/P1566c	 	 	4881660	 	 	 	4281621	 	 	4414280	3	0.816497	0.522879	1
1	http://www.wikidata.org/entity/P2044c	 	 	438	 	 	 	336	 	 	186	3	0.816497	0.522879	1
1	http://www.wikidata.org/entity/P2046c	 	 	260000	 	 	 	492097	 	 	1372693	3	0.816497	0.522879	1
0	http://www.wikidata.org/entity/P646-freebase	 	 	Westphalia	 	 	 	Westphalia	 	 	Westphalia	3	0.57735	0.522879	1
0	http://www.wikidata.org/entity/P646c	 	 	/m/0t35x	 	 	 	/m/0t513	 	 	/m/0wys6	3	0.816497	0.522879	1
0	http://www.w3.org/2004/02/skos/core#prefLabel	 	 	 	Westphalia, Iowa	 	 	 	 	 	 	1	0.57735	1	1
0	http://yago-knowledge.org/resource/hasArea	 	 	 	0.26	 	 	 	 	 	 	1	0.57735	1	1
0	http://yago-knowledge.org/resource/hasCitationTitle	 	 	 	American FactFinder; Population Estimates	 	 	 	 	 	 	1	0.816497	1	1
0	http://yago-knowledge.org/resource/hasPopulationDensity	 	 	 	490.3	 	 	 	 	 	 	1	0.57735	1	1
0	http://yago-knowledge.org/resource/hasWikipediaAnchorText	 	 	 	Iowa Data Center; Shelby County	 	 	 	 	 	 	1	0.816497	1	1
0	http://yago-knowledge.org/resource/hasWikipediaArticleLength	 	 	 	7926	 	 	 	 	 	 	1	0.57735	1	1
0	http://yago-knowledge.org/resource/hasWikipediaUrl	 	 	 	http://en.wikipedia.org/wiki/Westphalia%2C_Iowa	 	 	 	 	 	 	1	0.57735	1	1
0	http://yago-knowledge.org/resource/linksTo	 	 	 	Area code 712; Geographic Names Information System	 	 	 	 	 	 	1	0.816497	1	1
0	http://yago-knowledge.org/resource/redirectedFrom	 	 	 	Westphalia, IA	 	 	 	 	 	 	1	0.57735	1	1
0	http://xmlns.com/foaf/0.1/homepage	 	 	 	 	http://www.lkm.org/directory/cities.php?ID=522	 	 	 	 	 	1	0.57735	1	1
0	http://rdf.freebase.com/ns/location.location.people_born_here	 	 	 	 	 	Ennis Whitehead	 	 	 	 	1	0.57735	1	1
0	http://www.wikidata.org/entity/P214c	 	 	 	 	 	 	152587008	 	 	 	1	0.57735	1	1
0	http://xmlns.com/foaf/0.1/nick	 	 	 	 	 	 	 	The Pearl of Osage County	 	 	1	0.57735	1	1
0	http://rdf.freebase.com/ns/location.location.contains	 	 	 	 	 	 	 	 	St. Joseph Church	 	1	0.816497	1	1
