score	dataset	dbpedia	freebase	wikidata	yago-knowledge	dbpedia	freebase	yago-knowledge	dbpedia	freebase	yago-knowledge				
	entity	http://dbpedia.org/resource/Portsmouth	http://rdf.freebase.com/ns/m.0619_	http://www.wikidata.org/entity/Q72259	http://yago-knowledge.org/resource/Portsmouth	http://dbpedia.org/resource/Portsmouth,_Iowa	http://rdf.freebase.com/ns/m.0t356	http://yago-knowledge.org/resource/Portsmouth,_Iowa	http://dbpedia.org/resource/Portsmouth,_Virginia	http://rdf.freebase.com/ns/m.0mn8t	http://yago-knowledge.org/resource/Portsmouth,_Virginia				
2	http://dbpedia.org/ontology/PopulatedPlace/areaTotal;http://dbpedia.org/ontology/areaTotal;http://rdf.freebase.com/ns/location.location.area	40250000	40.25	 	 	725197	0.73	 	121729000	120.693	 	6	0.696311	0.221849	1
0	http://dbpedia.org/ontology/abstract	Portsmouth (/藞p蓴藧rtsm蓹胃/) is a port city in the ceremonial county of Hampshire on the south coast of	 	 	 	Portsmouth is a city in Shelby County, Iowa, United States. The population was 195 at the 2010 censu	 	 	Portsmouth is an independent city located in the U.S. commonwealth of Virginia. As of the 2010 censu	 	 	3	0.816497	0.522879	1
0	http://dbpedia.org/ontology/areaCode	23	 	 	 	712	 	 	757	 	 	3	0.816497	0.522879	1
2	http://dbpedia.org/ontology/country;http://rdf.freebase.com/ns/base.aareas.schema.administrative_area.administrative_parent;http://rdf.freebase.com/ns/base.biblioness.bibs_location.country;http://rdf.freebase.com/ns/location.administrative_division.country;http://rdf.freebase.com/ns/location.administrative_division.second_level_division_of;http://www.wikidata.org/entity/P131c;http://www.wikidata.org/entity/P17c;http://yago-knowledge.org/resource/isLocatedIn;http://rdf.freebase.com/ns/location.hud_county_place.county	United Kingdom	Hampshire; United Kingdom	Portsmouth; United Kingdom	PO postcode area; South East England	United States	Shelby County	Shelby County, Iowa; United States	United States	Portsmouth; United States of America	United States	10	0.460566	0	1
0	http://dbpedia.org/ontology/governmentType	City status in the United Kingdom; Unitary authority	 	 	 	 	 	 	 	 	 	1	0.816497	1	1
2	http://dbpedia.org/ontology/isPartOf;http://rdf.freebase.com/ns/location.location.containedby	South East England	Southern England; United Kingdom, with Dependencies and Territories	 	 	Shelby County, Iowa	Shelby County; United States of America	 	Independent city (United States)	Area code 757; Virginia Beach-Norfolk-Newport News, VA-NC Metropolitan Statistical Area	 	6	0.666667	0.221849	1
0	http://dbpedia.org/ontology/leaderName	Portsmouth City Council	 	 	 	 	 	 	 	 	 	1	0.57735	1	1
0	http://dbpedia.org/ontology/leaderTitle	Governing body; Leadership	 	 	 	Mayor	 	 	Mayor	 	 	3	0.645497	0.522879	1
0	http://dbpedia.org/ontology/motto	Heaven's Light Our Guide	 	 	 	 	 	 	 	 	 	1	0.57735	1	1
0	http://dbpedia.org/ontology/populationMetro	1547000	 	 	 	 	 	 	 	 	 	1	0.57735	1	1
3	http://dbpedia.org/ontology/populationTotal;http://yago-knowledge.org/resource/hasNumberOfPeople;http://rdf.freebase.com/ns/location.statistical_region.population	205100	 	 	205400	195	192	195	95535	100169	95535	8	0.775163	0.09691	1
0	http://dbpedia.org/ontology/populationUrban	855679	 	 	 	 	 	 	 	 	 	1	0.57735	1	1
0	http://dbpedia.org/ontology/postalCode	PO1 鈥?PO8 Inclusive	 	 	 	51565	 	 	 	 	 	2	0.816497	0.69897	1
0	http://dbpedia.org/ontology/synonym	City of Portsmouth	 	 	 	 	 	 	 	 	 	1	0.57735	1	1
0	http://dbpedia.org/ontology/thumbnail	http://commons.wikimedia.org/wiki/Special:FilePath/Portsmouth_montage.png?width=300	 	 	 	http://commons.wikimedia.org/wiki/Special:FilePath/Shelby_County_Iowa_Incorporated_and_Unincorporate	 	 	http://commons.wikimedia.org/wiki/Special:FilePath/US_Navy_030820-N-9851B-011_Tug_boats_guide_USS_Ha	 	 	3	0.816497	0.522879	1
0	http://dbpedia.org/ontology/type	City status in the United Kingdom	 	 	 	City	 	 	Independent city	 	 	3	0.816497	0.522879	1
0	http://dbpedia.org/ontology/utcOffset	1	 	 	 	-5	 	 	-4	 	 	3	0.707107	0.522879	1
0	http://dbpedia.org/ontology/wikiPageExternalLink	http://www.portsmouth.gov.uk	 	 	 	http://data.iowadatacenter.org/datatables/PlacesAll/plpopulation18502000.pdf; http://portsmouthiowa.	 	 	http://www.portsmouthva.gov/	 	 	3	0.816497	0.522879	1
2	http://dbpedia.org/ontology/wikiPageID;http://rdf.freebase.com/key/wikipedia.en_id	24207	24207	 	 	114223	114223	 	91265	91265	 	6	0.408248	0.221849	1
0	http://dbpedia.org/ontology/wikiPageLength	175879	 	 	 	8512	 	 	35819	 	 	3	0.816497	0.522879	1
0	http://dbpedia.org/ontology/wikiPageOutDegree	647	 	 	 	34	 	 	236	 	 	3	0.816497	0.522879	1
0	http://dbpedia.org/ontology/wikiPageRevisionID	744626041	 	 	 	729177735	 	 	744813585	 	 	3	0.816497	0.522879	1
0	http://purl.org/dc/terms/subject	1180 establishments; Local government in Hampshire	 	 	 	Cities in Shelby County, Iowa	 	 	1752 establishments in the Thirteen Colonies; Cities in Virginia	 	 	3	0.816497	0.522879	1
0	http://www.georss.org/georss/point	50.81666666666667 -1.0833333333333333	 	 	 	41.65083333333333 -95.51972222222223	 	 	36.832994 -76.29723	 	 	3	0.816497	0.522879	1
0	http://www.w3.org/1999/02/22-rdf-syntax-ns#type;http://www.wikidata.org/entity/P31c	Spatial Thing; http://dbpedia.org/ontology/Location	Administrative Division; City/Town/Village	city	wikicat Local government districts of South East England; wordnet village 108672738	Spatial Thing; http://dbpedia.org/ontology/Location	City/Town/Village; Dated location	wikicat Cities in Shelby County, Iowa; wordnet object 100002684	Spatial Thing; http://dbpedia.org/ontology/Location	Capital of administrative division; HUD County Place	wikicat Cities in Virginia; wikicat Hampton Roads	10	0.408248	0	1
2	http://www.w3.org/2000/01/rdf-schema#comment;http://rdf.freebase.com/ns/common.topic.description	Portsmouth (/藞p蓴藧rtsm蓹胃/) is a port city in the ceremonial county of Hampshire on the south coast of	Portsmouth is the second largest city in the ceremonial county of Hampshire on the south coast of En	 	 	Portsmouth is a city in Shelby County, Iowa, United States. The population was 195 at the 2010 censu	Portsmouth is a city in Shelby County, Iowa, United States. The population was 195 at the 2010 censu	 	Portsmouth is an independent city located in the U.S. commonwealth of Virginia. As of the 2010 censu	Portsmouth is an independent city located in the U.S. commonwealth of Virginia. As of the 2010 censu	 	6	0.57735	0.221849	1
3	http://www.w3.org/2000/01/rdf-schema#label	Portsmouth	Portsmouth	Portsmouth	Portsmouth	Portsmouth, Iowa	Portsmouth, Iowa	Portsmouth, Iowa	Portsmouth, Virginia	Portsmouth; 亘賵乇鬲爻賲賵孬	Churchland; Portsmouth, Virginia	10	0.187317	0	1
0	http://www.w3.org/2000/01/rdf-schema#seeAlso	List of tallest buildings; Portsmouth	 	 	 	 	 	 	 	 	 	1	0.816497	1	1
0	http://www.w3.org/2002/07/owl#sameAs	Portsmouth	 	 	http://sws.geonames.org/2639996	Portsmouth	 	 	Portsmouth	 	 	4	0	0.39794	0
3	http://www.w3.org/2003/01/geo/wgs84_pos#lat;http://yago-knowledge.org/resource/hasLatitude	50.817	50.817	50.795	50.817	41.651	41.651	 	36.833	36.831	36.831	9	0.471405	0.045757	1
3	http://www.w3.org/2003/01/geo/wgs84_pos#long;http://yago-knowledge.org/resource/hasLongitude	-1.083	-1.083	-1.089	-1.083	-95.52	-95.52	 	-76.297	-76.346	-76.346	9	0.471405	0.045757	1
0	http://www.w3.org/ns/prov#wasDerivedFrom	http://en.wikipedia.org/wiki/Portsmouth?oldid=744626041	 	 	 	http://en.wikipedia.org/wiki/Portsmouth,_Iowa?oldid=729177735	 	 	http://en.wikipedia.org/wiki/Portsmouth,_Virginia?oldid=744813585	 	 	3	0.816497	0.522879	1
0	http://xmlns.com/foaf/0.1/depiction	http://commons.wikimedia.org/wiki/Special:FilePath/Portsmouth_montage.png	 	 	 	http://commons.wikimedia.org/wiki/Special:FilePath/Shelby_County_Iowa_Incorporated_and_Unincorporate	 	 	http://commons.wikimedia.org/wiki/Special:FilePath/US_Navy_030820-N-9851B-011_Tug_boats_guide_USS_Ha	 	 	3	0.816497	0.522879	1
3	http://xmlns.com/foaf/0.1/homepage;http://www.wikidata.org/entity/P856c;http://yago-knowledge.org/resource/hasWebsite;http://rdf.freebase.com/ns/common.topic.official_website	http://www.portsmouth.gov.uk	 	http://www.portsmouth.gov.uk/	http://www.portsmouth.gov.uk	http://portsmouthiowa.com/	 	http://portsmouthiowa.com/	http://www.portsmouthva.gov/	http://www.portsmouthva.gov/	http://www.portsmouthva.gov/	8	0.408248	0.09691	1
1	http://xmlns.com/foaf/0.1/isPrimaryTopicOf;http://rdf.freebase.com/ns/common.topic.topic_equivalent_webpage	http://en.wikipedia.org/wiki/Portsmouth	http://ar.wikipedia.org/wiki/%28%48%31%2A%33%45%48%2B; http://el.wikipedia.org/wiki/%A0%CC%C1%C4%C3%	 	 	http://en.wikipedia.org/wiki/Portsmouth,_Iowa	http://ar.wikipedia.org/wiki/%28%48%31%2A%33%45%48%2B_(%22%4A%48%27); http://fa.wikipedia.org/wiki/%	 	http://en.wikipedia.org/wiki/Portsmouth,_Virginia	http://ar.wikipedia.org/wiki/%28%48%31%2A%33%45%48%2B_(%41%4A%31%2C%4A%46%4A%27); http://ko.wikipedi	 	6	0.803638	0.221849	1
0	http://xmlns.com/foaf/0.1/name	Portsmouth	 	 	 	Portsmouth, Iowa	 	 	Portsmouth, Virginia	 	 	3	0.816497	0.522879	1
0	http://xmlns.com/foaf/0.1/nick	Pompey	 	 	 	 	 	 	 	 	 	1	0.57735	1	1
0	http://rdf.freebase.com/key/authority.daylife.topic	 	03adaNhckK8XF; 04Gbavp5kz2TA	 	 	 	 	 	 	 	 	1	0.816497	1	1
0	http://rdf.freebase.com/key/authority.eurostat.nuts	 	UKJ31	 	 	 	 	 	 	 	 	1	0.57735	1	1
0	http://rdf.freebase.com/key/authority.gns	 	6077625	 	 	 	 	 	 	 	 	1	0.57735	1	1
1	http://rdf.freebase.com/key/authority.iso.3166-2;http://rdf.freebase.com/ns/location.administrative_division.iso_3166_2_code;http://www.wikidata.org/entity/P300c	 	GB-POR	GB-POR	 	 	 	 	 	 	 	2	0.57735	0.69897	1
1	http://rdf.freebase.com/key/authority.nist.fips.10_4.adm_div;http://rdf.freebase.com/ns/location.administrative_division.fips_10_4_region_code;http://www.wikidata.org/entity/P901c	 	UKK6	UKK6	 	 	 	 	 	US51740	 	3	0.258199	0.522879	1
0	http://rdf.freebase.com/key/authority.uk.gov.ons.gss_code	 	E06000044	 	 	 	 	 	 	 	 	1	0.57735	1	1
0	http://rdf.freebase.com/key/authority.uk.gov.ons.ons_code	 	00MR	 	 	 	 	 	 	 	 	1	0.57735	1	1
1	http://rdf.freebase.com/key/en	 	portsmouth	 	 	 	portsmouth_iowa	 	 	portsmouth_virginia	 	3	0.816497	0.522879	1
0	http://rdf.freebase.com/key/user.avh.ellerdale	 	0099-cb5f	 	 	 	 	 	 	0080-7749	 	2	0.816497	0.69897	1
1	http://rdf.freebase.com/key/user.metaweb.datasource.geonames;http://www.wikidata.org/entity/P1566c	 	2639996	2639996	 	 	 	 	 	 	 	2	0.57735	0.69897	1
1	http://rdf.freebase.com/key/wikipedia.en	 	County_Borough_of_Portsmouth; Havenmuiden	 	 	 	Portsmouth,_IA	 	 	Churchland,_Virginia; Downtown_Portsmouth,_Virginia	 	3	0.816497	0.522879	1
1	http://rdf.freebase.com/key/wikipedia.en_title	 	Portsmouth	 	 	 	Portsmouth,_Iowa	 	 	Portsmouth,_Virginia	 	3	0.816497	0.522879	1
0	http://rdf.freebase.com/ns/base.aareas.schema.administrative_area.administrative_area_type	 	English unitary authority city	 	 	 	 	 	 	 	 	1	0.57735	1	1
0	http://rdf.freebase.com/ns/base.aubreymaturin.place.mentions	 	http://rdf.freebase.com/ns/m.05pwjql	 	 	 	 	 	 	 	 	1	0.57735	1	1
0	http://rdf.freebase.com/ns/base.biblioness.bibs_location.loc_type	 	City	 	 	 	 	 	 	 	 	1	0.57735	1	1
0	http://rdf.freebase.com/ns/base.biblioness.bibs_location.state	 	Hampshire	 	 	 	 	 	 	 	 	1	0.57735	1	1
0	http://rdf.freebase.com/ns/base.ontologies.ontology_instance.equivalent_instances	 	http://rdf.freebase.com/ns/m.09klh5b	 	 	 	 	 	 	 	 	1	0.57735	1	1
0	http://rdf.freebase.com/ns/common.identity.daylife_topic	 	03adaNhckK8XF; 04Gbavp5kz2TA	 	 	 	 	 	 	 	 	1	0.816497	1	1
0	http://rdf.freebase.com/ns/common.topic.alias	 	City Of Portsmouth; Portsmouth, Hampshire, England	 	 	 	Shelby County / Portsmouth city	 	 	Portsmouth city / Portsmouth city; Portsmouth, Virginia	 	3	0.816497	0.522879	1
0	http://rdf.freebase.com/ns/common.topic.article;http://schema.org/description	 	Portsmouth (/藞p蓴藧tsm蓹胃/) is the second largest city in the ceremonial county of Hampshire on the sou	city in Hampshire, England	 	 	Portsmouth is a city in Shelby County, Iowa, United States. The population was 195 at the 2010 censu	 	 	Portsmouth is located in the Hampton Roads metropolitan area of the U.S. Commonwealth of Virginia. A	 	4	0.816497	0.39794	1
0	http://rdf.freebase.com/ns/common.topic.image	 	Portsmouth as seen from Ryde - geograph; Spinnaker Tower and harbour	 	 	 	Location of Portsmouth, Iowa	 	 	Aerial View of the Norfolk Naval Shipyard; Downtown Portsmouth	 	3	0.816497	0.522879	1
0	http://rdf.freebase.com/ns/common.topic.notable_for	 	English unitary authority	 	 	 	City/Town/Village	 	 	City/Town/Village	 	3	0.57735	0.522879	1
0	http://rdf.freebase.com/ns/common.topic.notable_types	 	English unitary authority	 	 	 	City/Town/Village	 	 	City/Town/Village	 	3	0.57735	0.522879	1
0	http://rdf.freebase.com/ns/kg.object_profile.prominent_type	 	English unitary authority	 	 	 	City/Town/Village	 	 	City/Town/Village	 	3	0.57735	0.522879	1
0	http://rdf.freebase.com/ns/location.location.contains	 	Fratton Park; Highbury College	 	 	 	 	 	 	Armistead Forest; Cedar Grove Cemetery	 	2	0.816497	0.69897	1
0	http://rdf.freebase.com/ns/location.location.events	 	Portsmouth City Council election, 2014; Siege of Portsmouth	 	 	 	 	 	 	Battle of Craney Island; Battle of Pig Point	 	2	0.816497	0.69897	1
0	http://rdf.freebase.com/ns/location.location.gns_ufi	 	6077625	 	 	 	 	 	 	 	 	1	0.57735	1	1
0	http://rdf.freebase.com/ns/location.location.nearby_airports	 	Portsmouth Airport, Hampshire	 	 	 	 	 	 	 	 	1	0.57735	1	1
0	http://rdf.freebase.com/ns/location.location.people_born_here	 	A.V. Bramble; Pete Lockett	 	 	 	 	 	 	Anthony Pratkanis; Bob Baumhower	 	2	0.815246	0.69897	1
0	http://rdf.freebase.com/ns/location.uk_statistical_location.gss_code	 	E06000044	 	 	 	 	 	 	 	 	1	0.57735	1	1
0	http://rdf.freebase.com/ns/location.uk_statistical_location.ons_code	 	00MR	 	 	 	 	 	 	 	 	1	0.57735	1	1
0	http://rdf.freebase.com/ns/periodicals.newspaper_circulation_area.newspapers	 	Eastbourne Gazette	 	 	 	 	 	 	 	 	1	0.57735	1	1
0	http://rdf.freebase.com/ns/sports.sports_team_location.teams	 	Portsmouth F.C.	 	 	 	 	 	 	 	 	1	0.57735	1	1
0	http://rdf.freebase.com/ns/symbols.name_source.namesakes	 	Portsmouth	 	 	 	 	 	 	 	 	1	0.57735	1	1
0	http://rdf.freebase.com/ns/travel.travel_destination.tourist_attractions	 	Blue Reef Aquarium; Clarence Pier	 	 	 	 	 	 	 	 	1	0.816497	1	1
0	http://rdf.freebase.com/ns/type.object.key	 	/authority/daylife/topic/03adaNhckK8XF; /authority/iso/3166-2/GB-POR	 	 	 	/authority/hud/countyplace/1916564200; /authority/nist/fips/55/1964200	 	 	/authority/hud/countyplace/511236; /authority/hud/fmr_id/5174099999	 	3	0.816497	0.522879	1
0	http://rdf.freebase.com/ns/type.object.name	 	Portsmouth	 	 	 	Portsmouth	 	 	Portsmouth	 	3	0.57735	0.522879	1
0	http://rdf.freebase.com/ns/type.object.type	 	Administrative Division; City/Town/Village	 	 	 	City/Town/Village; Dated location	 	 	Capital of administrative division; HUD County Place	 	3	0.441552	0.522879	1
0	http://rdf.freebase.com/ns/user.avh.default_domain.ellerdale_topic.ellerdale_id	 	0099-cb5f	 	 	 	 	 	 	0080-7749	 	2	0.816497	0.69897	1
0	http://rdf.freebase.com/ns/user.robert.default_domain.daylife.hero_image_id	 	02ge8io1Nb05a	 	 	 	 	 	 	 	 	1	0.57735	1	1
0	http://www.wikidata.org/entity/P1792c	 	 	Category:People from Portsmouth	 	 	 	 	 	 	 	1	0.57735	1	1
0	http://www.wikidata.org/entity/P18c	 	 	http://commons.wikimedia.org/wiki/File:Portsmouth-from-PortsdownHill.jpg	 	 	 	 	 	 	 	1	0.816497	1	1
0	http://www.wikidata.org/entity/P190c	 	 	Portsmouth; Reggio Calabria	 	 	 	 	 	 	 	1	0.816497	1	1
0	http://www.wikidata.org/entity/P1997c	 	 	1.13E+14	 	 	 	 	 	 	 	1	0.57735	1	1
0	http://www.wikidata.org/entity/P2046c	 	 	40250000	 	 	 	 	 	 	 	1	0.57735	1	1
0	http://www.wikidata.org/entity/P214c	 	 	4.88E+20	 	 	 	 	 	 	 	1	0.57735	1	1
0	http://www.wikidata.org/entity/P227c	 	 	4046835-5	 	 	 	 	 	 	 	1	0.57735	1	1
0	http://www.wikidata.org/entity/P373c	 	 	Portsmouth	 	 	 	 	 	 	 	1	0.57735	1	1
0	http://www.wikidata.org/entity/P402c	 	 	127167	 	 	 	 	 	 	 	1	0.57735	1	1
0	http://www.wikidata.org/entity/P41c	 	 	http://commons.wikimedia.org/wiki/File:City_Flag_of_Portsmouth.svg	 	 	 	 	 	 	 	1	0.57735	1	1
0	http://www.wikidata.org/entity/P646-freebase	 	 	Portsmouth	 	 	 	 	 	 	 	1	0.57735	1	1
0	http://www.wikidata.org/entity/P646c	 	 	/m/0619_	 	 	 	 	 	 	 	1	0.57735	1	1
0	http://www.wikidata.org/entity/P910c	 	 	Category:Portsmouth	 	 	 	 	 	 	 	1	0.57735	1	1
0	http://www.wikidata.org/entity/P935c	 	 	Portsmouth	 	 	 	 	 	 	 	1	0.57735	1	1
0	http://www.wikidata.org/entity/P948c	 	 	http://commons.wikimedia.org/wiki/File:Portsmouth_MMB_83B_Spinnaker_WikiVoyage_banner.jpg	 	 	 	 	 	 	 	1	0.57735	1	1
0	http://www.wikidata.org/entity/P982c	 	 	7b6383fb-468f-4a2b-916f-b4cbbfb5253e	 	 	 	 	 	 	 	1	0.57735	1	1
0	http://www.w3.org/2004/02/skos/core#prefLabel	 	 	 	Portsmouth	 	 	Portsmouth, Iowa	 	 	Portsmouth, Virginia	3	0.816497	0.522879	1
0	http://yago-knowledge.org/resource/hasArea	 	 	 	40.25	 	 	0.73	 	 	 	2	0.816497	0.69897	1
0	http://yago-knowledge.org/resource/hasCitationTitle	 	 	 	'Minimum rape risk' posed in city; Geeta Basra 鈥?Biography	 	 	American FactFinder; Population Estimates	 	 	About ODU - Old Dominion University; Ben Jones: A Conversation	3	0.816497	0.522879	1
0	http://yago-knowledge.org/resource/hasWikipediaAnchorText	 	 	 	107.4 The Quay; Garrison Church	 	 	African American; Central (CST)	 	 	Jack T. Kirby, Southern Historian, Dies at 70; James I of England	3	0.80259	0.522879	1
0	http://yago-knowledge.org/resource/hasWikipediaArticleLength	 	 	 	100444	 	 	8113	 	 	31013	3	0.816497	0.522879	1
0	http://yago-knowledge.org/resource/hasWikipediaUrl	 	 	 	http://en.wikipedia.org/wiki/Portsmouth	 	 	http://en.wikipedia.org/wiki/Portsmouth%2C_Iowa	 	 	http://en.wikipedia.org/wiki/Portsmouth%2C_Virginia	3	0.816497	0.522879	1
0	http://yago-knowledge.org/resource/linksTo	 	 	 	Domesday Book; 2003 World Aquatics Championships	 	 	Area code 712; Geographic Names Information System	 	 	African Methodist Episcopal Church; Obituary (band)	3	0.811356	0.522879	1
0	http://yago-knowledge.org/resource/redirectedFrom	 	 	 	County Borough of Portsmouth; Havenmuiden	 	 	Portsmouth, IA	 	 	Churchland, Virginia; Downtown Portsmouth, Virginia	3	0.816497	0.522879	1
0	http://yago-knowledge.org/resource/wasCreatedOnDate	 	 	 	1180-01-01	 	 	 	 	 	1752-01-01	2	0.816497	0.69897	1
0	http://dbpedia.org/ontology/PopulatedPlace/populationDensity	 	 	 	 	268.882	 	 	 	 	 	1	0.816497	1	1
0	http://dbpedia.org/ontology/areaLand	 	 	 	 	725197	 	 	88059600	 	 	2	0.816497	0.69897	1
0	http://dbpedia.org/ontology/areaWater	 	 	 	 	0	 	 	33669800	 	 	2	0.816497	0.69897	1
0	http://dbpedia.org/ontology/elevation	 	 	 	 	373	 	 	6	 	 	2	0.816497	0.69897	1
0	http://dbpedia.org/ontology/populationDensity	 	 	 	 	268.882	 	 	 	 	 	1	0.816497	1	1
0	http://dbpedia.org/ontology/timeZone	 	 	 	 	North American Central Time Zone	 	 	Eastern Daylight Time; Eastern Standard Time Zone	 	 	2	0.816497	0.69897	1
0	http://rdf.freebase.com/key/authority.gnis	 	 	 	 	 	460369	 	 	1497102	 	2	0.816497	0.69897	1
0	http://rdf.freebase.com/key/authority.hud.countyplace	 	 	 	 	 	1916564200	 	 	511236	 	2	0.816497	0.69897	1
0	http://rdf.freebase.com/key/authority.nist.fips.55	 	 	 	 	 	1964200	 	 	5164000	 	2	0.816497	0.69897	1
0	http://rdf.freebase.com/key/base.dspl.us_census.population.place	 	 	 	 	 	1964200	 	 	5164000	 	2	0.816497	0.69897	1
0	http://rdf.freebase.com/ns/base.wikipedia_infobox.settlement.area_code	 	 	 	 	 	Area code 712	 	 	Area code 757	 	2	0.816497	0.69897	1
0	http://rdf.freebase.com/ns/location.citytown.postal_codes	 	 	 	 	 	51565	 	 	23704	 	2	0.816497	0.69897	1
0	http://rdf.freebase.com/ns/location.hud_county_place.countyplace_id	 	 	 	 	 	1916564200	 	 	511236	 	2	0.816497	0.69897	1
0	http://rdf.freebase.com/ns/location.hud_county_place.place	 	 	 	 	 	Portsmouth	 	 	Portsmouth	 	2	0.57735	0.69897	1
0	http://rdf.freebase.com/ns/location.hud_foreclosure_area.bls_unemployment_rate	 	 	 	 	 	0.031	 	 	0.053	 	2	0.816497	0.69897	1
0	http://rdf.freebase.com/ns/location.hud_foreclosure_area.estimated_number_foreclosures	 	 	 	 	 	2	 	 	1117	 	2	0.816497	0.69897	1
0	http://rdf.freebase.com/ns/location.hud_foreclosure_area.estimated_number_of_mortgages	 	 	 	 	 	28	 	 	19217	 	2	0.816497	0.69897	1
0	http://rdf.freebase.com/ns/location.hud_foreclosure_area.hhuniv	 	 	 	 	 	90	 	 	38137	 	2	0.816497	0.69897	1
0	http://rdf.freebase.com/ns/location.hud_foreclosure_area.ofheo_price_change	 	 	 	 	 	0	 	 	-0.007	 	2	0.816497	0.69897	1
0	http://rdf.freebase.com/ns/location.hud_foreclosure_area.total_90_day_vacant_residential_addresses	 	 	 	 	 	0	 	 	1178	 	2	0.816497	0.69897	1
0	http://rdf.freebase.com/ns/location.hud_foreclosure_area.total_residential_addresses	 	 	 	 	 	45	 	 	41061	 	2	0.816497	0.69897	1
0	http://rdf.freebase.com/ns/location.location.gnis_feature_id	 	 	 	 	 	460369	 	 	1497102	 	2	0.816497	0.69897	1
0	http://rdf.freebase.com/ns/location.location.time_zones	 	 	 	 	 	Central Time Zone	 	 	Eastern Time Zone; UTC鈭?5:00	 	2	0.816497	0.69897	1
0	http://rdf.freebase.com/ns/topic_server.population_number	 	 	 	 	 	192	 	 	100169	 	2	0.816497	0.69897	1
0	http://yago-knowledge.org/resource/hasPopulationDensity	 	 	 	 	 	 	268.9	 	 	 	1	0.57735	1	1
0	http://dbpedia.org/ontology/PopulatedPlace/area	 	 	 	 	 	 	 	0	 	 	1	0.57735	1	1
0	http://dbpedia.org/ontology/area	 	 	 	 	 	 	 	1	 	 	1	0.57735	1	1
0	http://rdf.freebase.com/key/authority.hud.fmr_id	 	 	 	 	 	 	 	 	5174099999	 	1	0.57735	1	1
0	http://rdf.freebase.com/key/authority.us.gov.bls.laus	 	 	 	 	 	 	 	 	PS510600	 	1	0.57735	1	1
0	http://rdf.freebase.com/key/base.dspl.un.population.city_proper	 	 	 	 	 	 	 	 	47590	 	1	0.57735	1	1
0	http://rdf.freebase.com/key/base.dspl.us_bls.unemployment.city	 	 	 	 	 	 	 	 	CT5164000000000	 	1	0.57735	1	1
0	http://rdf.freebase.com/key/base.dspl.us_census.population.county	 	 	 	 	 	 	 	 	51740	 	1	0.57735	1	1
0	http://rdf.freebase.com/ns/common.topic.webpage	 	 	 	 	 	 	 	 	http://rdf.freebase.com/ns/m.03ly88g	 	1	0.57735	1	1
0	http://rdf.freebase.com/ns/location.administrative_division.capital	 	 	 	 	 	 	 	 	Portsmouth	 	1	0.57735	1	1
0	http://rdf.freebase.com/ns/location.capital_of_administrative_division.capital_of	 	 	 	 	 	 	 	 	Portsmouth	 	1	0.57735	1	1
0	http://rdf.freebase.com/ns/location.statistical_region.co2_emissions_commercial	 	 	 	 	 	 	 	 	http://rdf.freebase.com/ns/m.045jb_b	 	1	0.57735	1	1
0	http://rdf.freebase.com/ns/location.statistical_region.co2_emissions_industrial	 	 	 	 	 	 	 	 	http://rdf.freebase.com/ns/m.045kg_g	 	1	0.57735	1	1
0	http://rdf.freebase.com/ns/location.statistical_region.co2_emissions_mobile	 	 	 	 	 	 	 	 	http://rdf.freebase.com/ns/m.045kt7z	 	1	0.57735	1	1
0	http://rdf.freebase.com/ns/location.statistical_region.co2_emissions_residential	 	 	 	 	 	 	 	 	http://rdf.freebase.com/ns/m.045k5jd	 	1	0.57735	1	1
0	http://rdf.freebase.com/ns/location.statistical_region.co2_emissions_total	 	 	 	 	 	 	 	 	http://rdf.freebase.com/ns/m.045hwyc	 	1	0.57735	1	1
0	http://rdf.freebase.com/ns/location.statistical_region.hud_id	 	 	 	 	 	 	 	 	5174099999	 	1	0.57735	1	1
0	http://rdf.freebase.com/ns/location.statistical_region.rent50_0	 	 	 	 	 	 	 	 	http://rdf.freebase.com/ns/m.05ggksp	 	1	0.57735	1	1
0	http://rdf.freebase.com/ns/location.statistical_region.rent50_1	 	 	 	 	 	 	 	 	http://rdf.freebase.com/ns/m.05ggksx	 	1	0.57735	1	1
0	http://rdf.freebase.com/ns/location.statistical_region.rent50_2	 	 	 	 	 	 	 	 	http://rdf.freebase.com/ns/m.05ggkt3	 	1	0.57735	1	1
0	http://rdf.freebase.com/ns/location.statistical_region.rent50_3	 	 	 	 	 	 	 	 	http://rdf.freebase.com/ns/m.05ggktb	 	1	0.57735	1	1
0	http://rdf.freebase.com/ns/location.statistical_region.rent50_4	 	 	 	 	 	 	 	 	http://rdf.freebase.com/ns/m.05ggktk	 	1	0.57735	1	1
0	http://rdf.freebase.com/ns/location.statistical_region.unemployment_rate	 	 	 	 	 	 	 	 	10	 	1	0.816497	1	1
0	http://rdf.freebase.com/ns/location.us_county.county_seat	 	 	 	 	 	 	 	 	Portsmouth	 	1	0.57735	1	1
0	http://rdf.freebase.com/ns/location.us_county.hud_county_place	 	 	 	 	 	 	 	 	Portsmouth	 	1	0.57735	1	1
0	http://rdf.freebase.com/ns/location.us_county.hud_section_8_area	 	 	 	 	 	 	 	 	Virginia Beach-Norfolk-Newport News, VA-NC MSA HUD Section 8 Area	 	1	0.57735	1	1
