score	dataset	dbpedia	freebase	yago-knowledge	dbpedia	freebase	yago-knowledge	dbpedia	freebase	wikidata	yago-knowledge				
	entity	http://dbpedia.org/resource/Oran,_Missouri	http://rdf.freebase.com/ns/m.0w_1w	http://yago-knowledge.org/resource/Oran,_Missouri	http://dbpedia.org/resource/Oran,_India	http://rdf.freebase.com/ns/m.02p9sfn	http://yago-knowledge.org/resource/Oran,_India	http://dbpedia.org/resource/Oran	http://rdf.freebase.com/ns/m.012gg6	http://www.wikidata.org/entity/Q131818	http://yago-knowledge.org/resource/Oran				
1	http://dbpedia.org/ontology/PopulatedPlace/areaTotal;http://dbpedia.org/ontology/areaTotal;http://rdf.freebase.com/ns/location.location.area	2797190	2.8	 	 	 	 	2121000000	2121	 	 	4	0.645497	0.39794	1
0	http://dbpedia.org/ontology/PopulatedPlace/populationDensity	462.589	 	 	 	 	 	 	 	 	 	1	0.816497	1	1
0	http://dbpedia.org/ontology/abstract	Oran is a city in Scott County, Missouri, United States. The population was 1,294 at the 2010 census	 	 	Oran is a town and a nagar panchayat in Banda district in the Indian state of Uttar Pradesh.	 	 	Oran (Arabic: 賵賴乇丕賳鈥庘€?Wahr膩n; Berber: 獾♀椿獾€ Wehran) is an important coastal city that is located in th	 	 	 	3	0.816497	0.522879	1
0	http://dbpedia.org/ontology/areaCode	573	 	 	 	 	 	 	 	 	 	1	0.57735	1	1
0	http://dbpedia.org/ontology/areaLand	2797190	 	 	 	 	 	 	 	 	 	1	0.816497	1	1
0	http://dbpedia.org/ontology/areaWater	0	 	 	 	 	 	 	 	 	 	1	0.57735	1	1
2	http://dbpedia.org/ontology/country;http://rdf.freebase.com/ns/location.hud_county_place.county;http://yago-knowledge.org/resource/isLocatedIn;http://www.wikidata.org/entity/P131c;http://www.wikidata.org/entity/P17c	United States	Scott County	Scott County, Missouri; United States	India	 	Banda district; Uttar Pradesh	Algeria	 	Oran	Oran Province	8	0.617213	0.09691	1
0	http://dbpedia.org/ontology/elevation	103	 	 	118	 	 	0.914	 	 	 	3	0.816497	0.522879	1
1	http://dbpedia.org/ontology/isPartOf;http://rdf.freebase.com/ns/location.location.containedby	Scott County, Missouri	Scott County; United States of America	 	Banda district; Uttar Pradesh	Banda district; Uttar Pradesh	 	Oran District	Oran Province	 	 	6	0.632456	0.221849	1
0	http://dbpedia.org/ontology/populationDensity	462.589	 	 	 	 	 	 	 	 	 	1	0.816497	1	1
2	http://dbpedia.org/ontology/populationTotal;http://rdf.freebase.com/ns/location.statistical_region.population;http://yago-knowledge.org/resource/hasNumberOfPeople	1294	1165	1294	6189	6189	6189	1560329	1454078	 	609940	9	0.723747	0.045757	1
0	http://dbpedia.org/ontology/postalCode	63771	 	 	 	 	 	31000 - 31037	 	 	 	2	0.816497	0.69897	1
0	http://dbpedia.org/ontology/thumbnail	http://commons.wikimedia.org/wiki/Special:FilePath/Scott_County_Missouri_Incorporated_and_Unincorpor	 	 	 	 	 	http://commons.wikimedia.org/wiki/Special:FilePath/Armoirie_oran.png?width=300	 	 	 	2	0.816497	0.69897	1
0	http://dbpedia.org/ontology/timeZone	North American Central Time Zone	 	 	Indian Standard Time	 	 	Central European Time	 	 	 	3	0.816497	0.522879	1
0	http://dbpedia.org/ontology/type	City	 	 	 	 	 	City	 	 	 	2	0.57735	0.69897	1
0	http://dbpedia.org/ontology/utcOffset	-5	 	 	+5:30	 	 	1	 	 	 	3	0.816497	0.522879	1
0	http://dbpedia.org/ontology/wikiPageExternalLink	http://dl.mospace.umsystem.edu/mu/islandora/object/mu%3A138918; http://oran.k12.mo.us/	 	 	http://up.gov.in	 	 	http://membres.lycos.fr/oranairport/; http://www.easyalgerie.com	 	 	 	3	0.816497	0.522879	1
2	http://dbpedia.org/ontology/wikiPageID;http://rdf.freebase.com/key/wikipedia.en_id	123117	123117	 	5804893	5804893	 	145335	145335	 	 	6	0.408248	0.221849	1
0	http://dbpedia.org/ontology/wikiPageLength	9390	 	 	3365	 	 	33813	 	 	 	3	0.816497	0.522879	1
0	http://dbpedia.org/ontology/wikiPageOutDegree	40	 	 	13	 	 	199	 	 	 	3	0.816497	0.522879	1
0	http://dbpedia.org/ontology/wikiPageRevisionID	739608156	 	 	742217639	 	 	744803085	 	 	 	3	0.816497	0.522879	1
0	http://purl.org/dc/terms/subject	Cities in Scott County, Missouri	 	 	Cities and towns in Banda district	 	 	903 establishments; Former Spanish colonies	 	 	 	3	0.816497	0.522879	1
0	http://www.georss.org/georss/point	37.08444444444444 -89.65416666666667	 	 	25.38 80.75	 	 	35.69694444444445 -0.6330555555555556	 	 	 	3	0.816497	0.522879	1
0	http://www.w3.org/1999/02/22-rdf-syntax-ns#type;http://www.wikidata.org/entity/P31c	Spatial Thing; http://dbpedia.org/ontology/Location	City/Town/Village; Dated location	wikicat Populated places in Scott County, Missouri; wordnet object 100002684	Spatial Thing; http://dbpedia.org/ontology/Location	City/Town/Village; Dated location	wikicat Cities and towns in Banda district; wordnet object 100002684	Spatial Thing; http://dbpedia.org/ontology/Location	Administrative Division; City/Town/Village	municipality of Algeria	wordnet town 108665504; wikicat Mediterranean port cities and towns in Algeria	10	0.380273	0	1
2	http://www.w3.org/2000/01/rdf-schema#comment;http://rdf.freebase.com/ns/common.topic.description	Oran is a city in Scott County, Missouri, United States. The population was 1,294 at the 2010 census	Oran is a city in Scott County, Missouri, United States. The population was 1,294 at the 2010 census	 	Oran is a town and a nagar panchayat in Banda district in the Indian state of Uttar Pradesh.	Oran is a town and a nagar panchayat in Banda district in the Indian state of Uttar Pradesh.	 	Oran (Arabic: 賵賴乇丕賳鈥庘€?Wahr膩n; Berber: 獾♀椿獾€ Wehran) is an important coastal city that is located in th	Oran is a major city on the northwestern Mediterranean coast of Algeria, and the second largest city	 	 	6	0.57735	0.221849	1
3	http://www.w3.org/2000/01/rdf-schema#label	Oran, Missouri	Oran	Oran, Missouri	Oran, India	Oran	Oran, India	Oran	Oran	Oran	The radiant; 丕賱亘丕賴賷丞	10	0.318511	0	1
0	http://www.w3.org/2002/07/owl#sameAs	Oran	 	 	Oran	 	 	Commune d鈥橭ran	 	 	http://sws.geonames.org/2485926	4	0.308607	0.39794	0
3	http://www.w3.org/2003/01/geo/wgs84_pos#lat	37.084	37.084	 	25.38	25.38	 	35.697	35.697	35.697	 	7	0.308607	0.154902	1
3	http://www.w3.org/2003/01/geo/wgs84_pos#long	-89.654	-89.654	 	80.75	80.75	 	-0.633	-0.633	-0.633	 	7	0.308607	0.154902	1
0	http://www.w3.org/ns/prov#wasDerivedFrom	http://en.wikipedia.org/wiki/Oran,_Missouri?oldid=739608156	 	 	http://en.wikipedia.org/wiki/Oran,_India?oldid=742217639	 	 	http://en.wikipedia.org/wiki/Oran?oldid=744803085	 	 	 	3	0.816497	0.522879	1
0	http://xmlns.com/foaf/0.1/depiction	http://commons.wikimedia.org/wiki/Special:FilePath/Scott_County_Missouri_Incorporated_and_Unincorpor	 	 	 	 	 	http://commons.wikimedia.org/wiki/Special:FilePath/Armoirie_oran.png	 	 	 	2	0.816497	0.69897	1
1	http://xmlns.com/foaf/0.1/isPrimaryTopicOf;http://rdf.freebase.com/ns/common.topic.topic_equivalent_webpage	http://en.wikipedia.org/wiki/Oran,_Missouri	http://ca.wikipedia.org/wiki/Oran_(Missouri); http://geonames.usgs.gov/pls/gnispublic/f?p=gnispq:3::	 	http://en.wikipedia.org/wiki/Oran,_India	http://en.wikipedia.org/wiki/Oran,_India; http://fr.wikipedia.org/wiki/index.html?curid=4695682	 	http://en.wikipedia.org/wiki/Oran	http://zh.wikipedia.org/zh-cn/%E6%6B%2D; http://bg.wikipedia.org/wiki/%1E%40%30%3D_(%33%40%30%34)	 	 	6	0.798282	0.221849	1
0	http://xmlns.com/foaf/0.1/name	Oran, Missouri	 	 	Oran, India	 	 	獾♀椿獾€獾斺窗獾? 	 	 	3	0.73598	0.522879	1	
0	http://rdf.freebase.com/key/authority.gnis	 	731629	 	 	 	 	 	 	 	 	1	0.57735	1	1
0	http://rdf.freebase.com/key/authority.hud.countyplace	 	2920154758	 	 	 	 	 	 	 	 	1	0.57735	1	1
0	http://rdf.freebase.com/key/authority.nist.fips.55	 	2954758	 	 	 	 	 	 	 	 	1	0.57735	1	1
0	http://rdf.freebase.com/key/base.dspl.us_census.population.place	 	2954758	 	 	 	 	 	 	 	 	1	0.57735	1	1
1	http://rdf.freebase.com/key/en	 	oran_missouri	 	 	oran_india	 	 	oran	 	 	3	0.816497	0.522879	1
1	http://rdf.freebase.com/key/wikipedia.en	 	Oran,_Missouri	 	 	Oran,_Uttar_Pradesh	 	 	History_of_Oran; Oram,_Algeria	 	 	3	0.816497	0.522879	1
1	http://rdf.freebase.com/key/wikipedia.en_title	 	Oran,_Missouri	 	 	Oran,_India	 	 	Oran	 	 	3	0.816497	0.522879	1
0	http://rdf.freebase.com/ns/base.wikipedia_infobox.settlement.area_code	 	Area code 573	 	 	 	 	 	 	 	 	1	0.57735	1	1
1	http://rdf.freebase.com/ns/common.topic.alias	 	Oran, Missouri; Scott County / Oran city	 	 	Oran, India	 	 	Departement D' Oran; Oran, Algeria	 	 	3	0.816497	0.522879	1
1	http://rdf.freebase.com/ns/common.topic.article;http://schema.org/description	 	Oran is a city in Scott County, Missouri, United States. The population was 1,264 at the 2000 census	 	 	Oran is a town and a nagar panchayat in Banda district in the Indian state of Uttar Pradesh. Oran is	 	 	Oran (Arabic: 賵賴乇丕賳鈥? Wahr膩n) is a major city on the northwestern Mediterranean coast of Algeria, an	City in Algeria	 	4	0.816497	0.39794	1
0	http://rdf.freebase.com/ns/common.topic.image	 	Location of Oran, Missouri	 	 	 	 	 	Oran facade maritime; View of Oran	 	 	2	0.816497	0.69897	1
0	http://rdf.freebase.com/ns/common.topic.notable_for	 	City/Town/Village	 	 	City/Town/Village	 	 	City/Town/Village	 	 	3	0.57735	0.522879	1
0	http://rdf.freebase.com/ns/common.topic.notable_types	 	City/Town/Village	 	 	City/Town/Village	 	 	City/Town/Village	 	 	3	0.57735	0.522879	1
0	http://rdf.freebase.com/ns/kg.object_profile.prominent_type	 	City/Town/Village	 	 	City/Town/Village	 	 	City/Town/Village	 	 	3	0.57735	0.522879	1
0	http://rdf.freebase.com/ns/location.citytown.postal_codes	 	63771	 	 	 	 	 	 	 	 	1	0.57735	1	1
0	http://rdf.freebase.com/ns/location.hud_county_place.countyplace_id	 	2920154758	 	 	 	 	 	 	 	 	1	0.57735	1	1
0	http://rdf.freebase.com/ns/location.hud_county_place.place	 	Oran	 	 	 	 	 	 	 	 	1	0.57735	1	1
0	http://rdf.freebase.com/ns/location.hud_foreclosure_area.bls_unemployment_rate	 	0.065	 	 	 	 	 	 	 	 	1	0.57735	1	1
0	http://rdf.freebase.com/ns/location.hud_foreclosure_area.estimated_number_foreclosures	 	9	 	 	 	 	 	 	 	 	1	0.57735	1	1
0	http://rdf.freebase.com/ns/location.hud_foreclosure_area.estimated_number_of_mortgages	 	153	 	 	 	 	 	 	 	 	1	0.57735	1	1
0	http://rdf.freebase.com/ns/location.hud_foreclosure_area.hhuniv	 	513	 	 	 	 	 	 	 	 	1	0.57735	1	1
0	http://rdf.freebase.com/ns/location.hud_foreclosure_area.ofheo_price_change	 	0	 	 	 	 	 	 	 	 	1	0.57735	1	1
0	http://rdf.freebase.com/ns/location.hud_foreclosure_area.total_90_day_vacant_residential_addresses	 	0	 	 	 	 	 	 	 	 	1	0.57735	1	1
0	http://rdf.freebase.com/ns/location.hud_foreclosure_area.total_residential_addresses	 	303	 	 	 	 	 	 	 	 	1	0.57735	1	1
0	http://rdf.freebase.com/ns/location.location.gnis_feature_id	 	731629	 	 	 	 	 	 	 	 	1	0.57735	1	1
0	http://rdf.freebase.com/ns/location.location.people_born_here	 	Amber Seyer	 	 	 	 	 	Abdelhafid Tasfaout; Daniel LeConte	 	 	2	0.816497	0.69897	1
0	http://rdf.freebase.com/ns/location.location.time_zones	 	Central Time Zone	 	 	India Time Zone	 	 	Central European Time Zone	 	 	3	0.816497	0.522879	1
0	http://rdf.freebase.com/ns/topic_server.population_number	 	1165	 	 	6189	 	 	705335	 	 	3	0.816497	0.522879	1
0	http://rdf.freebase.com/ns/type.object.key	 	/authority/hud/countyplace/2920154758; /authority/nist/fips/55/2954758	 	 	/wikipedia/en/Oran,_Uttar_Pradesh; /wikipedia/en_title/Oran,_India	 	 	/base/dspl/un/population/city_proper/000470; /wikipedia/ar/賲丿賷賳丞_賵賴乇丕賳	 	 	3	0.816497	0.522879	1
0	http://rdf.freebase.com/ns/type.object.name	 	Oran	 	 	Oran	 	 	Oran	 	 	3	0.57735	0.522879	1
0	http://rdf.freebase.com/ns/type.object.type	 	City/Town/Village; Dated location	 	 	City/Town/Village; Dated location	 	 	Administrative Division; City/Town/Village	 	 	3	0.365148	0.522879	1
0	http://www.w3.org/2004/02/skos/core#prefLabel	 	 	Oran, Missouri	 	 	Oran, India	 	 	 	Oran	3	0.816497	0.522879	1
0	http://yago-knowledge.org/resource/hasArea	 	 	2.8	 	 	 	 	 	 	2121	2	0.816497	0.69897	1
0	http://yago-knowledge.org/resource/hasCitationTitle	 	 	American FactFinder; Population Estimates	 	 	 	 	 	 	Arab Noise and Ramadan Nights: Rai, Rap and Franco-Maghrebi Identities The Anthology of Globalizat	2	0.816497	0.69897	1
0	http://yago-knowledge.org/resource/hasPopulationDensity	 	 	462.6	 	 	 	 	 	 	 	1	0.57735	1	1
0	http://yago-knowledge.org/resource/hasWikipediaAnchorText	 	 	African American; Central (CST)	 	 	Banda district; Falling Rain Genomics, Inc - Oran	 	 	 	Sephardic Jews; Algerian independence	3	0.808994	0.522879	1
0	http://yago-knowledge.org/resource/hasWikipediaArticleLength	 	 	7933	 	 	3014	 	 	 	38401	3	0.816497	0.522879	1
0	http://yago-knowledge.org/resource/hasWikipediaUrl	 	 	http://en.wikipedia.org/wiki/Oran%2C_Missouri	 	 	http://en.wikipedia.org/wiki/Oran%2C_India	 	 	 	http://en.wikipedia.org/wiki/Oran	3	0.816497	0.522879	1
0	http://yago-knowledge.org/resource/linksTo	 	 	Area code 573; Scott County, Missouri	 	 	Banda district; Indian Standard Time	 	 	 	Algerian Arabic; Alg茅rie Ferries	3	0.816497	0.522879	1
0	http://yago-knowledge.org/resource/redirectedFrom	 	 	Oran, MO	 	 	Oran, Uttar Pradesh	 	 	 	History of Oran; Oram, Algeria	3	0.816497	0.522879	1
1	http://xmlns.com/foaf/0.1/homepage;http://www.wikidata.org/entity/P856c	 	 	 	http://up.gov.in	 	 	 	 	http://www.oran-dz.com	 	2	0.816497	0.69897	1
0	http://dbpedia.org/ontology/leaderName	 	 	 	 	 	 	http://dbpedia.org/resource/Saddek_Benkada	 	 	 	1	0.57735	1	1
0	http://dbpedia.org/ontology/leaderTitle	 	 	 	 	 	 	Wali(Governor)	 	 	 	1	0.57735	1	1
0	http://dbpedia.org/ontology/populationMetro	 	 	 	 	 	 	3454078	 	 	 	1	0.57735	1	1
0	http://dbpedia.org/ontology/synonym	 	 	 	 	 	 	Vssbn m'as s 脿	 	 	 	1	0.57735	1	1
0	http://www.w3.org/2000/01/rdf-schema#seeAlso	 	 	 	 	 	 	List of twin towns and sister cities in Africa; Timeline of Oran	 	 	 	1	0.816497	1	1
0	http://xmlns.com/foaf/0.1/nick	 	 	 	 	 	 	The radiant " 丕賱亘丕賴賷丞 "	 	 	 	1	0.57735	1	1
0	http://rdf.freebase.com/key/base.dspl.un.population.city_proper	 	 	 	 	 	 	 	470	 	 	1	0.57735	1	1
0	http://rdf.freebase.com/key/user.avh.ellerdale	 	 	 	 	 	 	 	009a-7440	 	 	1	0.57735	1	1
1	http://rdf.freebase.com/key/user.metaweb.datasource.geonames;http://www.wikidata.org/entity/P1566c	 	 	 	 	 	 	 	2485926	2485926	 	2	0.57735	0.69897	1
0	http://rdf.freebase.com/ns/location.location.contains	 	 	 	 	 	 	 	Bahia Center 3; Cite Jeanne D'Arc	 	 	1	0.816497	1	1
0	http://rdf.freebase.com/ns/location.location.events	 	 	 	 	 	 	 	1960 World Men's Military Cup; Attack on Mers-el-K茅bir	 	 	1	0.816497	1	1
0	http://rdf.freebase.com/ns/location.location.nearby_airports	 	 	 	 	 	 	 	Oran Es S茅nia Airport; Oran Tafraoui Airport	 	 	1	0.816497	1	1
0	http://rdf.freebase.com/ns/travel.travel_destination.tourist_attractions	 	 	 	 	 	 	 	Santa Cruz Castle	 	 	1	0.57735	1	1
0	http://rdf.freebase.com/ns/user.avh.default_domain.ellerdale_topic.ellerdale_id	 	 	 	 	 	 	 	009a-7440	 	 	1	0.57735	1	1
0	http://www.w3.org/2004/02/skos/core#altLabel	 	 	 	 	 	 	 	 	Oran, Algeria	 	1	0.816497	1	1
0	http://www.wikidata.org/entity/P1376c	 	 	 	 	 	 	 	 	Oran Department	 	1	0.57735	1	1
0	http://www.wikidata.org/entity/P1465c	 	 	 	 	 	 	 	 	Category:Death in Oran	 	1	0.57735	1	1
0	http://www.wikidata.org/entity/P158c	 	 	 	 	 	 	 	 	http://commons.wikimedia.org/wiki/File:Armoirie_oran.png	 	1	0.57735	1	1
0	http://www.wikidata.org/entity/P18c	 	 	 	 	 	 	 	 	http://commons.wikimedia.org/wiki/File:Oran_facade_maritime.JPG	 	1	0.57735	1	1
0	http://www.wikidata.org/entity/P190c	 	 	 	 	 	 	 	 	Strasbourg	 	1	0.816497	1	1
0	http://www.wikidata.org/entity/P206c	 	 	 	 	 	 	 	 	Mediterranean Sea	 	1	0.57735	1	1
0	http://www.wikidata.org/entity/P227c	 	 	 	 	 	 	 	 	4268463-8	 	1	0.57735	1	1
0	http://www.wikidata.org/entity/P373c	 	 	 	 	 	 	 	 	Oran	 	1	0.57735	1	1
0	http://www.wikidata.org/entity/P47c	 	 	 	 	 	 	 	 	Mers El K茅bir; Misserghin	 	1	0.816497	1	1
0	http://www.wikidata.org/entity/P646-freebase	 	 	 	 	 	 	 	 	Oran	 	1	0.57735	1	1
0	http://www.wikidata.org/entity/P646c	 	 	 	 	 	 	 	 	/m/012gg6	 	1	0.57735	1	1
0	http://www.wikidata.org/entity/P910c	 	 	 	 	 	 	 	 	Category:Oran	 	1	0.57735	1	1
0	http://www.wikidata.org/entity/P935c	 	 	 	 	 	 	 	 	Oran	 	1	0.57735	1	1
0	http://www.wikidata.org/entity/P948c	 	 	 	 	 	 	 	 	http://commons.wikimedia.org/wiki/File:Oran_banner.jpg	 	1	0.57735	1	1
0	http://www.wikidata.org/entity/P94c	 	 	 	 	 	 	 	 	http://commons.wikimedia.org/wiki/File:Armoirie_oran.png	 	1	0.57735	1	1
0	http://www.wikidata.org/entity/P982c	 	 	 	 	 	 	 	 	792b1496-3f80-4ad0-92c2-2c2154a9b642	 	1	0.57735	1	1
0	http://yago-knowledge.org/resource/owns	 	 	 	 	 	 	 	 	 	Stade Ahmed Zabana; Stade Habib Bouakeul	1	0.816497	1	1
0	http://yago-knowledge.org/resource/wasCreatedOnDate	 	 	 	 	 	 	 	 	 	944-01-01	1	0.57735	1	1
