score	dataset	dbpedia	freebase	wikidata	dbpedia	freebase	wikidata	dbpedia	freebase	wikidata	yago-knowledge				
	entity	http://dbpedia.org/resource/Garrison,_Iowa	http://rdf.freebase.com/ns/m.0srn8	http://www.wikidata.org/entity/Q1933213	http://dbpedia.org/resource/Garrison,_Minnesota	http://rdf.freebase.com/ns/m.0vyly	http://www.wikidata.org/entity/Q2230665	http://dbpedia.org/resource/Garrison,_North_Dakota	http://rdf.freebase.com/ns/m.0yps6	http://www.wikidata.org/entity/Q2278248	http://yago-knowledge.org/resource/Garrison,_North_Dakota				
2	http://dbpedia.org/ontology/PopulatedPlace/areaTotal;http://dbpedia.org/ontology/areaTotal;http://rdf.freebase.com/ns/location.location.area	647497	0.65	 	2848990	2.85	 	3574180	3.57	 	 	6	0.68313	0.221849	1
1	http://dbpedia.org/ontology/PopulatedPlace/populationDensity	572.976	 	 	73.7	 	 	406.5	 	 	 	3	0.816497	0.522879	1
0	http://dbpedia.org/ontology/abstract	Garrison is a city in Benton County, Iowa, United States. The population was 371 at the 2010 census.	 	 	Garrison is a city in Crow Wing County, Minnesota, United States, along Mille Lacs Lake. The populat	 	 	Garrison is a city in McLean County, North Dakota, United States. The population was 1,453 at the 20	 	 	 	3	0.816497	0.522879	1
0	http://dbpedia.org/ontology/areaCode	319	 	 	320	 	 	701	 	 	 	3	0.816497	0.522879	1
0	http://dbpedia.org/ontology/areaLand	647497	 	 	2848990	 	 	3574180	 	 	 	3	0.816497	0.522879	1
0	http://dbpedia.org/ontology/areaWater	0	 	 	0	 	 	0	 	 	 	3	0.57735	0.522879	1
3	http://dbpedia.org/ontology/country;http://rdf.freebase.com/ns/location.hud_county_place.county;http://www.wikidata.org/entity/P131c;http://www.wikidata.org/entity/P17c;http://yago-knowledge.org/resource/isLocatedIn	United States	Benton County	Benton County; United States of America	United States	Crow Wing County	Crow Wing County; United States of America	United States	McLean County	McLean County; United States of America	McLean County, North Dakota; United States	10	0.408248	0	1
1	http://dbpedia.org/ontology/elevation	267.919	 	 	383	 	 	587	 	 	 	3	0.816497	0.522879	1
1	http://dbpedia.org/ontology/isPartOf;http://rdf.freebase.com/ns/location.location.containedby	Benton County, Iowa	Benton County; United States of America	 	Crow Wing County, Minnesota	Crow Wing County; United States of America	 	McLean County, North Dakota	McLean County; North Dakota	 	 	6	0.617213	0.221849	1
0	http://dbpedia.org/ontology/populationDensity	572.976	 	 	73.7	 	 	406.5	 	 	 	3	0.816497	0.522879	1
3	http://dbpedia.org/ontology/populationTotal;http://rdf.freebase.com/ns/location.statistical_region.population;http://yago-knowledge.org/resource/hasNumberOfPeople	371	323	 	210	139	 	1453	1024	 	1453	7	0.77625	0.154902	1
1	http://dbpedia.org/ontology/postalCode	52229	 	 	56450	 	 	58540	 	 	 	3	0.816497	0.522879	1
0	http://dbpedia.org/ontology/thumbnail	http://commons.wikimedia.org/wiki/Special:FilePath/Benton_County_Iowa_Incorporated_and_Unincorporate	 	 	http://commons.wikimedia.org/wiki/Special:FilePath/FlagsGarrisonMN.jpg?width=300	 	 	http://commons.wikimedia.org/wiki/Special:FilePath/ND_McLean_County_Garrison.svg?width=300	 	 	 	3	0.816497	0.522879	1
0	http://dbpedia.org/ontology/timeZone	North American Central Time Zone	 	 	North American Central Time Zone	 	 	North American Central Time Zone	 	 	 	3	0.57735	0.522879	1
0	http://dbpedia.org/ontology/type	City	 	 	City	 	 	City	 	 	 	3	0.57735	0.522879	1
0	http://dbpedia.org/ontology/utcOffset	-5	 	 	-5	 	 	-5	 	 	 	3	0	0.522879	1
0	http://dbpedia.org/ontology/wikiPageExternalLink	http://data.iowadatacenter.org/datatables/PlacesAll/plpopulation18502000.pdf; http://www.city-data.c	 	 	http://millelacs.com/; http://www.census.gov/prod/www/abs/decennial/	 	 	http://www.digitalhorizonsonline.org/cdm4/document.php?CISOROOT=/ndsl-books&CISOPTR=10475&REC=18	 	 	 	3	0.816497	0.522879	1
2	http://dbpedia.org/ontology/wikiPageID;http://rdf.freebase.com/key/wikipedia.en_id	112750	112750	 	119857	119857	 	128617	128617	 	 	6	0.408248	0.221849	1
0	http://dbpedia.org/ontology/wikiPageLength	10801	 	 	9975	 	 	10356	 	 	 	3	0.816497	0.522879	1
0	http://dbpedia.org/ontology/wikiPageOutDegree	46	 	 	47	 	 	48	 	 	 	3	0.816497	0.522879	1
0	http://dbpedia.org/ontology/wikiPageRevisionID	744422931	 	 	732768539	 	 	729247380	 	 	 	3	0.816497	0.522879	1
0	http://purl.org/dc/terms/subject	Cedar Rapids metropolitan area; Cities in Benton County, Iowa	 	 	Brainerd, Minnesota micropolitan area; Cities in Crow Wing County, Minnesota	 	 	Cities in McLean County, North Dakota; Populated places established in 1905	 	 	 	3	0.816497	0.522879	1
0	http://www.georss.org/georss/point	42.14361111111111 -92.14305555555555	 	 	46.294444444444444 -93.82694444444445; 46.295833333333334 -93.82444444444444	 	 	47.65222222222222 -101.41583333333334; 47.65277777777778 -101.41666666666667	 	 	 	3	0.816497	0.522879	1
0	http://www.w3.org/1999/02/22-rdf-syntax-ns#type;http://www.wikidata.org/entity/P31c	Spatial Thing; http://dbpedia.org/ontology/Location	City/Town/Village; Dated location	city	Spatial Thing; http://dbpedia.org/ontology/Location	City/Town/Village; Dated location	city	Spatial Thing; http://dbpedia.org/ontology/Location	City/Town/Village; Dated location	city	wikicat Cities in McLean County, North Dakota; wordnet location 100027167	10	0.303642	0	1
2	http://www.w3.org/2000/01/rdf-schema#comment;http://rdf.freebase.com/ns/common.topic.description	Garrison is a city in Benton County, Iowa, United States. The population was 371 at the 2010 census.	Garrison is a city in Benton County, Iowa, United States. The population was 371 at the 2010 census.	 	Garrison is a city in Crow Wing County, Minnesota, United States, along Mille Lacs Lake. The populat	Garrison is a city in Crow Wing County, Minnesota, USA, on Mille Lacs Lake. The population was 210 a	 	Garrison is a city in McLean County, North Dakota, United States. The population was 1,453 at the 20	Garrison is a city in McLean County, North Dakota, United States. The population was 1,453 at the 20	 	 	6	0.57735	0.221849	1
3	http://www.w3.org/2000/01/rdf-schema#label	Garrison, Iowa	Garrison	Garrison	Garrison, Minnesota	Garrison, Minnesota	Garrison	Garrison, North Dakota	Garrison; غاريسون	Garrison	Garrison, North Dakota	10	0	0	1
0	http://www.w3.org/2002/07/owl#sameAs	Garrison	 	 	Garrison Township	 	 	Garrison	 	 	 	3	0.57735	0.522879	0
3	http://www.w3.org/2003/01/geo/wgs84_pos#lat	42.144	42.144	42.144	46.294	46.294	46.294	47.652	47.653	47.653	 	9	0.348155	0.045757	1
3	http://www.w3.org/2003/01/geo/wgs84_pos#long	-92.143	-92.143	-92.143	-93.824	-93.827	-93.827	-101.416	-101.417	-101.417	 	9	0.348155	0.045757	1
0	http://www.w3.org/ns/prov#wasDerivedFrom	http://en.wikipedia.org/wiki/Garrison,_Iowa?oldid=744422931	 	 	http://en.wikipedia.org/wiki/Garrison,_Minnesota?oldid=732768539	 	 	http://en.wikipedia.org/wiki/Garrison,_North_Dakota?oldid=729247380	 	 	 	3	0.816497	0.522879	1
0	http://xmlns.com/foaf/0.1/depiction	http://commons.wikimedia.org/wiki/Special:FilePath/Benton_County_Iowa_Incorporated_and_Unincorporate	 	 	http://commons.wikimedia.org/wiki/Special:FilePath/FlagsGarrisonMN.jpg	 	 	http://commons.wikimedia.org/wiki/Special:FilePath/ND_McLean_County_Garrison.svg	 	 	 	3	0.816497	0.522879	1
1	http://xmlns.com/foaf/0.1/isPrimaryTopicOf;http://rdf.freebase.com/ns/common.topic.topic_equivalent_webpage	http://en.wikipedia.org/wiki/Garrison,_Iowa	http://ar.wikipedia.org/wiki/%3A%27%31%4A%33%48%46; http://sr.wikipedia.org/wiki/%13%30%40%38%41%3E%	 	http://en.wikipedia.org/wiki/Garrison,_Minnesota	http://ar.wikipedia.org/wiki/%3A%27%31%4A%33%48%46_(%45%4A%46%4A%33%48%2A%27); http://uk.wikipedia.o	 	http://en.wikipedia.org/wiki/Garrison,_North_Dakota	http://ar.wikipedia.org/wiki/%3A%27%31%4A%33%48%46_(%2F%27%43%48%2A%27_%27%44%34%45%27%44%4A%29); ht	 	 	6	0.792279	0.221849	1
0	http://xmlns.com/foaf/0.1/name	Garrison, Iowa	 	 	Garrison, Minnesota	 	 	Garrison, North Dakota	 	 	 	3	0.816497	0.522879	1
2	http://rdf.freebase.com/key/authority.gnis;http://www.wikidata.org/entity/P590c	 	456854	456854	 	644048	644048	 	1029083	1029083	 	6	0.408248	0.221849	1
1	http://rdf.freebase.com/key/authority.hud.countyplace	 	1901130000	 	 	2703523192	 	 	3805529460	 	 	3	0.816497	0.522879	1
1	http://rdf.freebase.com/key/authority.nist.fips.55	 	1930000	 	 	2723192	 	 	3829460	 	 	3	0.816497	0.522879	1
1	http://rdf.freebase.com/key/base.dspl.us_census.population.place	 	1930000	 	 	2723192	 	 	3829460	 	 	3	0.816497	0.522879	1
1	http://rdf.freebase.com/key/en	 	garrison_iowa	 	 	garrison_minnesota	 	 	garrison_north_dakota	 	 	3	0.816497	0.522879	1
1	http://rdf.freebase.com/key/wikipedia.en	 	Garrison,_IA	 	 	Garrison,_Minnesota	 	 	Bob_Callies_Elementary_School; Garrison,_North_Dakota	 	 	3	0.816497	0.522879	1
1	http://rdf.freebase.com/key/wikipedia.en_title	 	Garrison,_Iowa	 	 	Garrison,_Minnesota	 	 	Garrison,_North_Dakota	 	 	3	0.816497	0.522879	1
0	http://rdf.freebase.com/ns/base.wikipedia_infobox.settlement.area_code	 	Area code 319	 	 	Area code 320	 	 	Area code 701	 	 	3	0.816497	0.522879	1
0	http://rdf.freebase.com/ns/common.topic.alias	 	Benton County / Garrison city	 	 	Crow Wing County / Garrison city; Garrison, Minnesota	 	 	Garrison, North Dakota; McLean County / Garrison city	 	 	3	0.816497	0.522879	1
2	http://rdf.freebase.com/ns/common.topic.article;http://schema.org/description	 	Garrison is a city in Benton County, Iowa, United States. The population was 371 at the 2010 census.	city in Benton County, Iowa, United States	 	Garrison is a city in Crow Wing County, Minnesota, USA, on Mille Lacs Lake. The population was 210 a	city in Crow Wing County, Minnesota, USA	 	Garrison is a city in McLean County, North Dakota in the United States. The population was 1,453 at 	city in McLean County, North Dakota, United States	 	6	0.816497	0.221849	1
0	http://rdf.freebase.com/ns/common.topic.image	 	Location of Garrison, Iowa	 	 	Garrison Big Fish	 	 	Location of Garrison, North Dakota	 	 	3	0.816497	0.522879	1
0	http://rdf.freebase.com/ns/common.topic.notable_for	 	City/Town/Village	 	 	City/Town/Village	 	 	City/Town/Village	 	 	3	0.57735	0.522879	1
0	http://rdf.freebase.com/ns/common.topic.notable_types	 	City/Town/Village	 	 	City/Town/Village	 	 	City/Town/Village	 	 	3	0.57735	0.522879	1
0	http://rdf.freebase.com/ns/kg.object_profile.prominent_type	 	City/Town/Village	 	 	City/Town/Village	 	 	City/Town/Village	 	 	3	0.57735	0.522879	1
1	http://rdf.freebase.com/ns/location.citytown.postal_codes	 	52229	 	 	56450	 	 	58540	 	 	3	0.816497	0.522879	1
1	http://rdf.freebase.com/ns/location.hud_county_place.countyplace_id	 	1901130000	 	 	2703523192	 	 	3805529460	 	 	3	0.816497	0.522879	1
0	http://rdf.freebase.com/ns/location.hud_county_place.place	 	Garrison	 	 	Garrison	 	 	Garrison	 	 	3	0.57735	0.522879	1
0	http://rdf.freebase.com/ns/location.hud_foreclosure_area.bls_unemployment_rate	 	0.037	 	 	0.06	 	 	0.05	 	 	3	0.816497	0.522879	1
0	http://rdf.freebase.com/ns/location.hud_foreclosure_area.estimated_number_foreclosures	 	3	 	 	2	 	 	7	 	 	3	0.816497	0.522879	1
0	http://rdf.freebase.com/ns/location.hud_foreclosure_area.estimated_number_of_mortgages	 	90	 	 	32	 	 	171	 	 	3	0.816497	0.522879	1
0	http://rdf.freebase.com/ns/location.hud_foreclosure_area.hhuniv	 	166	 	 	93	 	 	593	 	 	3	0.816497	0.522879	1
0	http://rdf.freebase.com/ns/location.hud_foreclosure_area.ofheo_price_change	 	0	 	 	0	 	 	 	 	 	2	0.57735	0.69897	1
0	http://rdf.freebase.com/ns/location.hud_foreclosure_area.total_90_day_vacant_residential_addresses	 	0	 	 	9	 	 	0	 	 	3	0.57735	0.522879	1
0	http://rdf.freebase.com/ns/location.hud_foreclosure_area.total_residential_addresses	 	133	 	 	116	 	 	283	 	 	3	0.816497	0.522879	1
1	http://rdf.freebase.com/ns/location.location.gnis_feature_id	 	456854	 	 	644048	 	 	1029083	 	 	3	0.816497	0.522879	1
1	http://rdf.freebase.com/ns/location.location.time_zones	 	Central Time Zone	 	 	Central Time Zone	 	 	Central Time Zone	 	 	3	0.57735	0.522879	1
0	http://rdf.freebase.com/ns/topic_server.population_number	 	323	 	 	139	 	 	1157	 	 	3	0.816497	0.522879	1
0	http://rdf.freebase.com/ns/type.object.key	 	/authority/hud/countyplace/1901130000; /wikipedia/ar/غاريسون_(آيوا)	 	 	/authority/gnis/644048; /authority/nist/fips/55/2723192	 	 	/authority/hud/countyplace/3805529460; /wikipedia/en/Garrison_Golf_Course	 	 	3	0.816497	0.522879	1
0	http://rdf.freebase.com/ns/type.object.name	 	Garrison	 	 	Garrison	 	 	Garrison	 	 	3	0.57735	0.522879	1
0	http://rdf.freebase.com/ns/type.object.type	 	City/Town/Village; Dated location	 	 	City/Town/Village; Dated location	 	 	City/Town/Village; Dated location	 	 	3	0	0.522879	1
0	http://www.w3.org/2004/02/skos/core#altLabel	 	 	Garrison, Iowa	 	 	Garrison, Minnesota	 	 	Garrison, North Dakota	 	3	0.816497	0.522879	1
1	http://www.wikidata.org/entity/P1566c	 	 	4858139	 	 	5027713	 	 	5689239	 	3	0.816497	0.522879	1
1	http://www.wikidata.org/entity/P2044c	 	 	268	 	 	383	 	 	587	 	3	0.816497	0.522879	1
0	http://www.wikidata.org/entity/P2046c	 	 	650000	 	 	2850000	 	 	 	 	2	0.816497	0.69897	1
0	http://www.wikidata.org/entity/P646-freebase	 	 	Garrison	 	 	Garrison	 	 	Garrison	 	3	0.57735	0.522879	1
0	http://www.wikidata.org/entity/P646c	 	 	/m/0srn8	 	 	/m/0vyly	 	 	/m/0yps6	 	3	0.816497	0.522879	1
0	http://rdf.freebase.com/ns/location.location.contains	 	 	 	 	Bridge No. 5265-Garrison	 	 	Fort Stevenson State Park	 	 	2	0.816497	0.69897	1
0	http://www.wikidata.org/entity/P18c	 	 	 	 	 	http://commons.wikimedia.org/wiki/File:FlagsGarrisonMN.jpg	 	 	 	 	1	0.57735	1	1
1	http://xmlns.com/foaf/0.1/homepage;http://www.wikidata.org/entity/P856c;http://yago-knowledge.org/resource/hasWebsite	 	 	 	 	 	 	http://www.garrisonnd.com/	 	http://www.garrisonnd.com/	http://www.garrisonnd.com	3	0.408248	0.522879	1
0	http://rdf.freebase.com/ns/location.location.nearby_airports	 	 	 	 	 	 	 	Garrison Municipal Airport	 	 	1	0.57735	1	1
0	http://rdf.freebase.com/ns/location.location.people_born_here	 	 	 	 	 	 	 	Jeff Delzer	 	 	1	0.57735	1	1
0	http://www.wikidata.org/entity/P998c	 	 	 	 	 	 	 	 	Regional/North_America/United_States/North_Dakota/Localities/G/Garrison/	 	1	0.57735	1	1
0	http://www.w3.org/2004/02/skos/core#prefLabel	 	 	 	 	 	 	 	 	 	Garrison, North Dakota	1	0.57735	1	1
0	http://yago-knowledge.org/resource/hasArea	 	 	 	 	 	 	 	 	 	3.57	1	0.57735	1	1
0	http://yago-knowledge.org/resource/hasCitationTitle	 	 	 	 	 	 	 	 	 	2010 Census Redistricting Data (Public Law 94-171) Summary File; American FactFinder	1	0.816497	1	1
0	http://yago-knowledge.org/resource/hasPopulationDensity	 	 	 	 	 	 	 	 	 	406.5	1	0.57735	1	1
0	http://yago-knowledge.org/resource/hasWikipediaAnchorText	 	 	 	 	 	 	 	 	 	African American; Central (CST)	1	0.816497	1	1
0	http://yago-knowledge.org/resource/hasWikipediaArticleLength	 	 	 	 	 	 	 	 	 	9451	1	0.57735	1	1
0	http://yago-knowledge.org/resource/hasWikipediaUrl	 	 	 	 	 	 	 	 	 	http://en.wikipedia.org/wiki/Garrison%2C_North_Dakota	1	0.57735	1	1
0	http://yago-knowledge.org/resource/linksTo	 	 	 	 	 	 	 	 	 	Area code 701; McLean County, North Dakota	1	0.816497	1	1
0	http://yago-knowledge.org/resource/redirectedFrom	 	 	 	 	 	 	 	 	 	Garrison Golf Course	1	0.816497	1	1
0	http://yago-knowledge.org/resource/wasCreatedOnDate	 	 	 	 	 	 	 	 	 	1905/1/1	1	0.57735	1	1
