score	dataset	dbpedia	freebase	wikidata	yago-knowledge	dbpedia	freebase	wikidata	dbpedia	freebase	wikidata				
	entity	http://dbpedia.org/resource/Albion,_Michigan	http://rdf.freebase.com/ns/m.0yrn	http://www.wikidata.org/entity/Q2327553	http://yago-knowledge.org/resource/Albion,_Michigan	http://dbpedia.org/resource/Albion,_Idaho	http://rdf.freebase.com/ns/m.0s1ft	http://www.wikidata.org/entity/Q1513337	http://dbpedia.org/resource/Albion,_Iowa	http://rdf.freebase.com/ns/m.0t196	http://www.wikidata.org/entity/Q1922674				
2	http://dbpedia.org/ontology/PopulatedPlace/areaTotal;http://dbpedia.org/ontology/areaTotal;http://rdf.freebase.com/ns/location.location.area	11680800	11.68	 	 	1217290	1.22	 	1553990	1.55	 	6	0.68313	0.221849	1
1	http://dbpedia.org/ontology/PopulatedPlace/populationDensity	754.3	 	 	 	219.3	 	 	324.982	 	 	3	0.816497	0.522879	1
0	http://dbpedia.org/ontology/abstract	Albion is a city in Calhoun County in the south central region of the Lower Peninsula of the U.S. st	 	 	 	Albion is a city in Cassia County, Idaho, United States. It is part of the Burley, Idaho Micropolita	 	 	Albion is a city in Marshall County, Iowa, United States. The population was 505 at the 2010 census.	 	 	3	0.816497	0.522879	1
0	http://dbpedia.org/ontology/areaCode	517	 	 	 	208	 	 	641	 	 	3	0.816497	0.522879	1
0	http://dbpedia.org/ontology/areaLand	11421800	 	 	 	1217290	 	 	1553990	 	 	3	0.816497	0.522879	1
0	http://dbpedia.org/ontology/areaWater	258999	 	 	 	0	 	 	0	 	 	3	0.645497	0.522879	1
1	http://dbpedia.org/ontology/elevation	289.865	 	 	 	1439.88	 	 	291.998	 	 	3	0.816497	0.522879	1
1	http://dbpedia.org/ontology/isPartOf;http://rdf.freebase.com/ns/location.location.containedby	Calhoun County, Michigan	Calhoun County; United States of America	 	 	Cassia County, Idaho	Cassia County; United States of America	 	Marshall County, Iowa	Marshall County; United States of America	 	6	0.57735	0.221849	1
0	http://dbpedia.org/ontology/populationDensity	754.3	 	 	 	219.3	 	 	324.982	 	 	3	0.816497	0.522879	1
3	http://dbpedia.org/ontology/populationTotal;http://rdf.freebase.com/ns/location.statistical_region.population;http://yago-knowledge.org/resource/hasNumberOfPeople	8616	10119	 	8616	267	250	 	505	471	 	7	0.783156	0.154902	1
1	http://dbpedia.org/ontology/postalCode	49224	 	 	 	83311	 	 	50005	 	 	3	0.816497	0.522879	1
0	http://dbpedia.org/ontology/thumbnail	http://commons.wikimedia.org/wiki/Special:FilePath/Calhoun_County_Michigan_Incorporated_and_Unincorp	 	 	 	http://commons.wikimedia.org/wiki/Special:FilePath/Cassia_County_Idaho_Incorporated_and_Unincorporat	 	 	http://commons.wikimedia.org/wiki/Special:FilePath/Marshall_County_Iowa_Incorporated_and_Unincorpora	 	 	3	0.816497	0.522879	1
1	http://dbpedia.org/ontology/timeZone	Eastern Time Zone	 	 	 	Mountain Time Zone	 	 	North American Central Time Zone	 	 	3	0.816497	0.522879	1
0	http://dbpedia.org/ontology/utcOffset	-4	 	 	 	-6	 	 	-5	 	 	3	0.57735	0.522879	1
0	http://dbpedia.org/ontology/wikiPageExternalLink	http://www.albionfoundation.org/; http://www.festivaloftheforks.com/	 	 	 	 	 	 	http://data.iowadatacenter.org/datatables/PlacesAll/plpopulation18502000.pdf	 	 	2	0.816497	0.69897	1
2	http://dbpedia.org/ontology/wikiPageID;http://rdf.freebase.com/key/wikipedia.en_id	2346	2346	 	 	110662	110662	 	114049	114049	 	6	0.408248	0.221849	1
0	http://dbpedia.org/ontology/wikiPageLength	14617	 	 	 	11580	 	 	9606	 	 	3	0.816497	0.522879	1
0	http://dbpedia.org/ontology/wikiPageOutDegree	64	 	 	 	49	 	 	36	 	 	3	0.816497	0.522879	1
0	http://dbpedia.org/ontology/wikiPageRevisionID	743098072	 	 	 	743097679	 	 	743097899	 	 	3	0.816497	0.522879	1
0	http://purl.org/dc/terms/subject	Cities in Calhoun County, Michigan; Populated places established in 1835	 	 	 	Burley, Idaho micropolitan area; Cities in Cassia County, Idaho	 	 	Cities in Marshall County, Iowa	 	 	3	0.816497	0.522879	1
0	http://www.georss.org/georss/point	42.24666666666667 -84.75333333333333	 	 	 	42.410833333333336 -113.58083333333333	 	 	42.111666666666665 -92.99083333333333	 	 	3	0.816497	0.522879	1
0	http://www.w3.org/1999/02/22-rdf-syntax-ns#type;http://www.wikidata.org/entity/P31c	Spatial Thing; http://dbpedia.org/ontology/Location	City/Town/Village; HUD County Place	city	wikicat Cities in Calhoun County, Michigan; wordnet location 100027167	Spatial Thing; http://dbpedia.org/ontology/Location	City/Town/Village; Dated location	city	Spatial Thing; http://dbpedia.org/ontology/Location	City/Town/Village; Dated location	city	10	0.322749	0	1
2	http://www.w3.org/2000/01/rdf-schema#comment;http://rdf.freebase.com/ns/common.topic.description	Albion is a city in Calhoun County in the south central region of the Lower Peninsula of the U.S. st	Albion is a city in Calhoun County in the south central region of the Lower Peninsula of the U.S. st	 	 	Albion is a city in Cassia County, Idaho, United States. It is part of the Burley, Idaho Micropolita	Albion is a city in Cassia County, Idaho, United States. It is part of the Burley, Idaho Micropolita	 	Albion is a city in Marshall County, Iowa, United States. The population was 505 at the 2010 census.	Albion is a city in Marshall County, Iowa, United States. The population was 505 at the 2010 census.	 	6	0.408248	0.221849	1
2	http://www.w3.org/2000/01/rdf-schema#label	Albion, Michigan	Albion; آلبیون، میشیگان	Albion	Albion, Michigan	Albion, Idaho	Albion; آلبیون، آیداهو	Albion	Albion, Iowa	Albion; ألبيون	Albion	10	0.365148	0	1
0	http://www.w3.org/2002/07/owl#sameAs	Albion	 	 	 	Albion	 	 	Albion	 	 	3	0.57735	0.522879	0
3	http://www.w3.org/2003/01/geo/wgs84_pos#lat	42.247	42.247	42.247	 	42.411	42.411	42.411	42.112	42.112	42.112	9	0	0.045757	1
3	http://www.w3.org/2003/01/geo/wgs84_pos#long	-84.753	-84.753	-84.753	 	-113.581	-113.581	-113.581	-92.991	-92.991	-92.991	9	0	0.045757	1
0	http://www.w3.org/ns/prov#wasDerivedFrom	http://en.wikipedia.org/wiki/Albion,_Michigan?oldid=743098072	 	 	 	http://en.wikipedia.org/wiki/Albion,_Idaho?oldid=743097679	 	 	http://en.wikipedia.org/wiki/Albion,_Iowa?oldid=743097899	 	 	3	0.816497	0.522879	1
0	http://xmlns.com/foaf/0.1/depiction	http://commons.wikimedia.org/wiki/Special:FilePath/Calhoun_County_Michigan_Incorporated_and_Unincorp	 	 	 	http://commons.wikimedia.org/wiki/Special:FilePath/Cassia_County_Idaho_Incorporated_and_Unincorporat	 	 	http://commons.wikimedia.org/wiki/Special:FilePath/Marshall_County_Iowa_Incorporated_and_Unincorpora	 	 	3	0.816497	0.522879	1
1	http://xmlns.com/foaf/0.1/isPrimaryTopicOf;http://rdf.freebase.com/ns/common.topic.topic_equivalent_webpage	http://en.wikipedia.org/wiki/Albion,_Michigan	http://ar.wikipedia.org/wiki/%23%44%28%4A%48%46_(%45%4A%34%4A%3A%27%46)	 	 	http://en.wikipedia.org/wiki/Albion,_Idaho	http://ar.wikipedia.org/wiki/%23%44%28%4A%48%46_(%23%4A%2F%27%47%48); http://bg.wikipedia.org/wiki/%	 	http://en.wikipedia.org/wiki/Albion,_Iowa	http://ar.wikipedia.org/wiki/index.html?curid=1946854; http://ca.wikipedia.org/wiki/Albion_(Iowa)	 	6	0.790569	0.221849	1
0	http://xmlns.com/foaf/0.1/name	Albion, Michigan	 	 	 	Albion, Idaho	 	 	Albion, Iowa	 	 	3	0.816497	0.522879	1
2	http://rdf.freebase.com/key/authority.gnis;http://www.wikidata.org/entity/P590c	 	619906	619906	 	 	397366	397366	 	454115	454115	6	0.408248	0.221849	1
1	http://rdf.freebase.com/key/authority.hud.countyplace	 	2602500980	 	 	 	1603101000	 	 	1912700955	 	3	0.816497	0.522879	1
1	http://rdf.freebase.com/key/authority.nist.fips.55	 	2600980	 	 	 	1601000	 	 	1900955	 	3	0.816497	0.522879	1
1	http://rdf.freebase.com/key/base.dspl.us_census.population.place	 	2600980	 	 	 	1601000	 	 	1900955	 	3	0.816497	0.522879	1
1	http://rdf.freebase.com/key/en	 	albion_michigan	 	 	 	albion_idaho	 	 	albion_iowa	 	3	0.816497	0.522879	1
1	http://rdf.freebase.com/key/wikipedia.en	 	Albion,_Michigan	 	 	 	Albion,_ID	 	 	Albion,_IA	 	3	0.816497	0.522879	1
1	http://rdf.freebase.com/key/wikipedia.en_title	 	Albion,_Michigan	 	 	 	Albion,_Idaho	 	 	Albion,_Iowa	 	3	0.816497	0.522879	1
0	http://rdf.freebase.com/ns/base.wikipedia_infobox.settlement.area_code	 	Area code 517	 	 	 	Area code 208	 	 	Area code 641	 	3	0.816497	0.522879	1
0	http://rdf.freebase.com/ns/common.topic.alias	 	Albion, Michigan; Calhoun County / Albion city	 	 	 	Cassia County / Albion city	 	 	Marshall County / Albion city	 	3	0.816497	0.522879	1
2	http://rdf.freebase.com/ns/common.topic.article;http://schema.org/description	 	Albion is a city in Calhoun County in the south central region of the Lower Peninsula of the US stat	city in Calhoun County, Michigan	 	 	Albion is a city in Cassia County, Idaho, United States. It is part of the Burley, Idaho Micropolita	city in Cassia County, Idaho	 	Albion is a city in Marshall County, Iowa, United States. The population was 505 at the 2010 census.	city in Marshall County, Iowa	6	0.816497	0.221849	1
0	http://rdf.freebase.com/ns/common.topic.image	 	Location of Albion, Michigan	 	 	 	Location of Albion, Idaho	 	 	Location of Albion, Iowa	 	3	0.816497	0.522879	1
0	http://rdf.freebase.com/ns/common.topic.notable_for	 	City/Town/Village	 	 	 	City/Town/Village	 	 	City/Town/Village	 	3	0.57735	0.522879	1
0	http://rdf.freebase.com/ns/common.topic.notable_types	 	City/Town/Village	 	 	 	City/Town/Village	 	 	City/Town/Village	 	3	0.57735	0.522879	1
0	http://rdf.freebase.com/ns/kg.object_profile.prominent_type	 	City/Town/Village	 	 	 	City/Town/Village	 	 	City/Town/Village	 	3	0.57735	0.522879	1
1	http://rdf.freebase.com/ns/location.citytown.postal_codes	 	49224	 	 	 	83311	 	 	50005	 	3	0.816497	0.522879	1
0	http://rdf.freebase.com/ns/location.dated_location.date_founded;http://yago-knowledge.org/resource/wasCreatedOnDate	 	1885	 	1835-01-01	 	 	 	 	 	 	2	0.816497	0.69897	1
3	http://rdf.freebase.com/ns/location.hud_county_place.county;http://www.wikidata.org/entity/P131c;http://www.wikidata.org/entity/P17c;http://yago-knowledge.org/resource/isLocatedIn;http://dbpedia.org/ontology/country	 	Calhoun County	Calhoun County; United States of America	Calhoun County, Michigan; United States	United States	Cassia County	Cassia County; United States of America	United States	Marshall County	Marshall County; United States of America	9	0.408248	0.045757	1
1	http://rdf.freebase.com/ns/location.hud_county_place.countyplace_id	 	2602500980	 	 	 	1603101000	 	 	1912700955	 	3	0.816497	0.522879	1
0	http://rdf.freebase.com/ns/location.hud_county_place.place	 	Albion	 	 	 	Albion	 	 	Albion	 	3	0.57735	0.522879	1
0	http://rdf.freebase.com/ns/location.hud_foreclosure_area.bls_unemployment_rate	 	0.078	 	 	 	0.029	 	 	0.045	 	3	0.816497	0.522879	1
0	http://rdf.freebase.com/ns/location.hud_foreclosure_area.estimated_number_foreclosures	 	103	 	 	 	0	 	 	4	 	3	0.816497	0.522879	1
0	http://rdf.freebase.com/ns/location.hud_foreclosure_area.estimated_number_of_mortgages	 	1200	 	 	 	16	 	 	105	 	3	0.816497	0.522879	1
0	http://rdf.freebase.com/ns/location.hud_foreclosure_area.hhuniv	 	3291	 	 	 	91	 	 	216	 	3	0.816497	0.522879	1
0	http://rdf.freebase.com/ns/location.hud_foreclosure_area.ofheo_price_change	 	-0.016	 	 	 	0	 	 	0	 	3	0.57735	0.522879	1
0	http://rdf.freebase.com/ns/location.hud_foreclosure_area.total_90_day_vacant_residential_addresses	 	464	 	 	 	0	 	 	0	 	3	0.57735	0.522879	1
0	http://rdf.freebase.com/ns/location.hud_foreclosure_area.total_residential_addresses	 	3586	 	 	 	64	 	 	165	 	3	0.816497	0.522879	1
0	http://rdf.freebase.com/ns/location.location.contains	 	Albion College; Victory park	 	 	 	Albion Methodist Church; Albion State Normal School	 	 	 	 	2	0.816497	0.69897	1
1	http://rdf.freebase.com/ns/location.location.gnis_feature_id	 	619906	 	 	 	397366	 	 	454115	 	3	0.816497	0.522879	1
0	http://rdf.freebase.com/ns/location.location.nearby_airports	 	Midway Airport	 	 	 	 	 	 	 	 	1	0.57735	1	1
0	http://rdf.freebase.com/ns/location.location.people_born_here	 	Andrew D. "Andy" Johnson; Jerome D. Mack	 	 	 	Burley Parke; Ivan H. Parke	 	 	 	 	2	0.816497	0.69897	1
1	http://rdf.freebase.com/ns/location.location.time_zones	 	Eastern Time Zone	 	 	 	Mountain Time Zone	 	 	Central Time Zone	 	3	0.816497	0.522879	1
0	http://rdf.freebase.com/ns/periodicals.newspaper_circulation_area.newspapers	 	Pleiad	 	 	 	 	 	 	 	 	1	0.57735	1	1
0	http://rdf.freebase.com/ns/topic_server.population_number	 	10119	 	 	 	250	 	 	471	 	3	0.816497	0.522879	1
0	http://rdf.freebase.com/ns/type.object.key	 	/authority/hud/countyplace/2602500980; /wikipedia/ar_id/1974779	 	 	 	/authority/gnis/397366; /wikipedia/ca_title/Albion_(Idaho)	 	 	/authority/hud/countyplace/1912700955; /wikipedia/ar/ألبيون_(آيوا)	 	3	0.816497	0.522879	1
0	http://rdf.freebase.com/ns/type.object.name	 	Albion	 	 	 	Albion	 	 	Albion	 	3	0.57735	0.522879	1
0	http://rdf.freebase.com/ns/type.object.type	 	City/Town/Village; HUD County Place	 	 	 	City/Town/Village; Dated location	 	 	City/Town/Village; Dated location	 	3	0.140028	0.522879	1
1	http://www.wikidata.org/entity/P1566c	 	 	4983905	 	 	 	5583814	 	 	4846541	3	0.816497	0.522879	1
1	http://www.wikidata.org/entity/P2044c	 	 	290	 	 	 	1440	 	 	292	3	0.816497	0.522879	1
1	http://www.wikidata.org/entity/P2046c	 	 	11680846	 	 	 	1220000	 	 	1553992	3	0.816497	0.522879	1
0	http://www.wikidata.org/entity/P242c	 	 	http://commons.wikimedia.org/wiki/File:Calhoun_County_Michigan_Incorporated_and_Unincorporated_areas	 	 	 	 	 	 	 	1	0.57735	1	1
0	http://www.wikidata.org/entity/P373c	 	 	Albion, Michigan	 	 	 	 	 	 	 	1	0.57735	1	1
0	http://www.wikidata.org/entity/P646-freebase	 	 	Albion	 	 	 	Albion	 	 	Albion	3	0.57735	0.522879	1
0	http://www.wikidata.org/entity/P646c	 	 	/m/0yrn	 	 	 	/m/0s1ft	 	 	/m/0t196	3	0.816497	0.522879	1
0	http://www.wikidata.org/entity/P910c	 	 	Category:Albion, Michigan	 	 	 	 	 	 	 	1	0.57735	1	1
0	http://www.w3.org/2004/02/skos/core#prefLabel	 	 	 	Albion, Michigan	 	 	 	 	 	 	1	0.57735	1	1
0	http://yago-knowledge.org/resource/hasArea	 	 	 	11.68	 	 	 	 	 	 	1	0.57735	1	1
0	http://yago-knowledge.org/resource/hasCitationTitle	 	 	 	2010 Census Interactive Population Search: Albion, MI; American FactFinder	 	 	 	 	 	 	1	0.816497	1	1
0	http://yago-knowledge.org/resource/hasPopulationDensity	 	 	 	754.3	 	 	 	 	 	 	1	0.57735	1	1
0	http://yago-knowledge.org/resource/hasWikipediaAnchorText	 	 	 	The Passing Scene; Albion District Library	 	 	 	 	 	 	1	0.816497	1	1
0	http://yago-knowledge.org/resource/hasWikipediaArticleLength	 	 	 	12793	 	 	 	 	 	 	1	0.57735	1	1
0	http://yago-knowledge.org/resource/hasWikipediaUrl	 	 	 	http://en.wikipedia.org/wiki/Albion%2C_Michigan	 	 	 	 	 	 	1	0.57735	1	1
0	http://yago-knowledge.org/resource/linksTo	 	 	 	All-America City Award; Area code 517	 	 	 	 	 	 	1	0.816497	1	1
0	http://yago-knowledge.org/resource/redirectedFrom	 	 	 	Albion Michigan	 	 	 	 	 	 	1	0.816497	1	1
0	http://dbpedia.org/ontology/type	 	 	 	 	City	 	 	City	 	 	2	0.57735	0.69897	1
