score	dataset	dbpedia	freebase	wikidata	dbpedia	freebase	wikidata	dbpedia	freebase	wikidata	yago-knowledge				
	entity	http://dbpedia.org/resource/Fountain,_Minnesota	http://rdf.freebase.com/ns/m.0v_68	http://www.wikidata.org/entity/Q2230885	http://dbpedia.org/resource/Fountain_Valley,_California	http://rdf.freebase.com/ns/m.0dwgs	http://www.wikidata.org/entity/Q838769	http://dbpedia.org/resource/Fountain_Square,_Cincinnati	http://rdf.freebase.com/ns/m.0271ryf	http://www.wikidata.org/entity/Q5474767	http://yago-knowledge.org/resource/Fountain_Square,_Cincinnati				
1	http://dbpedia.org/ontology/PopulatedPlace/areaTotal;http://dbpedia.org/ontology/areaTotal;http://rdf.freebase.com/ns/location.location.area	2149690	2.15	 	23390200	23.391	 	 	 	 	 	4	0.60553	0.39794	1
0	http://dbpedia.org/ontology/PopulatedPlace/populationDensity	190.7	 	 	 	 	 	 	 	 	 	1	0.816497	1	1
0	http://dbpedia.org/ontology/abstract	Fountain is a city in Fillmore County, Minnesota, United States. The population was 410 at the 2010 	 	 	Fountain Valley is a suburban city in Orange County, California. The population was 55,313 at the 20	 	 	Fountain Square is a city square in Cincinnati, Ohio, United States. Founded in 1871, it was renovat	 	 	 	3	0.816497	0.522879	1
0	http://dbpedia.org/ontology/areaCode	507	 	 	657/714	 	 	513	 	 	 	3	0.816497	0.522879	1
0	http://dbpedia.org/ontology/areaLand	2149690	 	 	23356500	 	 	 	 	 	 	2	0.816497	0.69897	1
0	http://dbpedia.org/ontology/areaWater	0	 	 	33669.8	 	 	 	 	 	 	2	0.816497	0.69897	1
3	http://dbpedia.org/ontology/country;http://rdf.freebase.com/ns/location.hud_county_place.county;http://www.wikidata.org/entity/P131c;http://www.wikidata.org/entity/P17c;http://yago-knowledge.org/resource/isLocatedIn	United States	Fillmore County	Fillmore County; United States of America	United States	Orange County	Orange County; United States of America	United States	 	Hamilton County; United States of America	Downtown Cincinnati; Hamilton County, Ohio	9	0.447214	0.045757	1
1	http://dbpedia.org/ontology/elevation	398	 	 	10	 	 	146.914	 	 	 	3	0.816497	0.522879	1
1	http://dbpedia.org/ontology/isPartOf;http://rdf.freebase.com/ns/location.location.containedby	Fillmore County, Minnesota	Fillmore County; United States of America	 	Orange County, California	Orange County; United States of America	 	Downtown Cincinnati; Hamilton County, Ohio	Ohio	 	 	6	0.617213	0.221849	1
0	http://dbpedia.org/ontology/populationDensity	190.7	 	 	 	 	 	 	 	 	 	1	0.816497	1	1
1	http://dbpedia.org/ontology/populationTotal;http://rdf.freebase.com/ns/location.statistical_region.population	410	334	 	55313	53742	 	 	 	 	 	4	0.788811	0.39794	1
0	http://dbpedia.org/ontology/postalCode	55935	 	 	92708, 92728	 	 	 	 	 	 	2	0.816497	0.69897	1
0	http://dbpedia.org/ontology/thumbnail	http://commons.wikimedia.org/wiki/Special:FilePath/Fillmore_County_Minnesota_Incorporated_and_Uninco	 	 	http://commons.wikimedia.org/wiki/Special:FilePath/Fountain_Valley,_California.jpg?width=300	 	 	http://commons.wikimedia.org/wiki/Special:FilePath/FountainSquare.jpg?width=300	 	 	 	3	0.816497	0.522879	1
1	http://dbpedia.org/ontology/timeZone	North American Central Time Zone	 	 	Pacific Daylight Time	 	 	Eastern Standard Time Zone	 	 	 	3	0.816497	0.522879	1
0	http://dbpedia.org/ontology/type	City	 	 	City (California)	 	 	City square	 	 	 	3	0.816497	0.522879	1
0	http://dbpedia.org/ontology/utcOffset	-5	 	 	-7	 	 	-5	 	 	 	3	0.68313	0.522879	1
0	http://dbpedia.org/ontology/wikiPageExternalLink	http://www.bluffcountry.com/fountain.htm; https://fillmorecountyhistory.wordpress.com/	 	 	http://www.fountainvalleymagazine.com/	 	 	http://www.cincinnatiartmuseum.org/search/CollectionResultsItemDetail.aspx?OID=73349; http://www.myf	 	 	 	3	0.816497	0.522879	1
2	http://dbpedia.org/ontology/wikiPageID;http://rdf.freebase.com/key/wikipedia.en_id	120016	120016	 	52825	52825	 	8388881	8388881	 	 	6	0.408248	0.221849	1
0	http://dbpedia.org/ontology/wikiPageLength	8907	 	 	25077	 	 	6757	 	 	 	3	0.816497	0.522879	1
0	http://dbpedia.org/ontology/wikiPageOutDegree	39	 	 	184	 	 	45	 	 	 	3	0.816497	0.522879	1
0	http://dbpedia.org/ontology/wikiPageRevisionID	729201205	 	 	737626396	 	 	743402604	 	 	 	3	0.816497	0.522879	1
0	http://purl.org/dc/terms/subject	Cities in Fillmore County, Minnesota	 	 	1957 establishments in California; Cities in Orange County, California	 	 	1871 establishments in Ohio; Landmarks in Cincinnati	 	 	 	3	0.816497	0.522879	1
0	http://www.georss.org/georss/point	43.74 -92.13638888888889; 43.74138888888889 -92.13555555555556	 	 	33.70861111111111 -117.9563888888889	 	 	39.10161111111111 -84.5125	 	 	 	3	0.816497	0.522879	1
0	http://www.w3.org/1999/02/22-rdf-syntax-ns#type;http://www.wikidata.org/entity/P31c	Spatial Thing; http://dbpedia.org/ontology/Location	City/Town/Village; Dated location	city	Spatial Thing; http://dbpedia.org/ontology/Location	City/Town/Village; Dated location	city	Spatial Thing; http://dbpedia.org/ontology/Location	City/Town/Village; Dated location	park	wikicat Landmarks in Cincinnati, Ohio; wordnet landmark 108624891	10	0.36799	0	1
2	http://www.w3.org/2000/01/rdf-schema#comment;http://rdf.freebase.com/ns/common.topic.description	Fountain is a city in Fillmore County, Minnesota, United States. The population was 410 at the 2010 	Fountain is a city in Fillmore County, Minnesota, United States. The population was 410 at the 2010 	 	Fountain Valley is a suburban city in Orange County, California. The population was 55,313 at the 20	Fountain Valley is a city in Orange County, California. The population was 55,313 at the 2010 census	 	Fountain Square is a city square in Cincinnati, Ohio, United States. Founded in 1871, it was renovat	Fountain Square is a city square in Cincinnati, Ohio, United States. Founded in 1871, it was renovat	 	 	6	0.57735	0.221849	1
3	http://www.w3.org/2000/01/rdf-schema#label	Fountain, Minnesota	Fountain; فاونتین، مینه‌سوت�?Fountain	Fountain Valley, California	Fountain Valley, California	Fountain Valley	Fountain Square, Cincinnati	Fountain Square, Cincinnati	Fountain Square, Cincinnati	Fountain Square, Cincinnati	10	0.408248	0	1	
0	http://www.w3.org/2002/07/owl#sameAs	Fountain	 	 	Fountain Valley	 	 	 	 	 	 	2	0.816497	0.69897	0
3	http://www.w3.org/2003/01/geo/wgs84_pos#lat	43.74	43.74	43.74	33.709	33.709	33.709	39.102	39.136	39.136	 	9	0.408248	0.045757	1
3	http://www.w3.org/2003/01/geo/wgs84_pos#long	-92.136	-92.136	-92.136	-117.956	-117.956	-117.956	-84.513	-84.503	-84.503	 	9	0.258199	0.045757	1
0	http://www.w3.org/ns/prov#wasDerivedFrom	http://en.wikipedia.org/wiki/Fountain,_Minnesota?oldid=729201205	 	 	http://en.wikipedia.org/wiki/Fountain_Valley,_California?oldid=737626396	 	 	http://en.wikipedia.org/wiki/Fountain_Square,_Cincinnati?oldid=743402604	 	 	 	3	0.816497	0.522879	1
0	http://xmlns.com/foaf/0.1/depiction	http://commons.wikimedia.org/wiki/Special:FilePath/Fillmore_County_Minnesota_Incorporated_and_Uninco	 	 	http://commons.wikimedia.org/wiki/Special:FilePath/Fountain_Valley,_California.jpg	 	 	http://commons.wikimedia.org/wiki/Special:FilePath/FountainSquare.jpg	 	 	 	3	0.816497	0.522879	1
1	http://xmlns.com/foaf/0.1/isPrimaryTopicOf;http://rdf.freebase.com/ns/common.topic.topic_equivalent_webpage	http://en.wikipedia.org/wiki/Fountain,_Minnesota	http://ar.wikipedia.org/wiki/index.html?curid=1959405; http://geonames.usgs.gov/pls/gnispublic/f?p=g	 	http://en.wikipedia.org/wiki/Fountain_Valley,_California	http://ar.wikipedia.org/wiki/%41%48%48%46%2A%4A%46_%41%27%44%4A_(%43%27%44%4A%41%48%31%46%4A%27); ht	 	http://en.wikipedia.org/wiki/Fountain_Square,_Cincinnati	http://en.wikipedia.org/wiki/Fountain_Square,_Cincinnati; http://zh.wikipedia.org/zh-cn/%B7%C9%7F%3A	 	 	6	0.791955	0.221849	1
0	http://xmlns.com/foaf/0.1/name	Fountain, Minnesota	 	 	City of Fountain Valley	 	 	Fountain Square	 	 	 	3	0.816497	0.522879	1
2	http://rdf.freebase.com/key/authority.gnis;http://www.wikidata.org/entity/P590c	 	643839	643839	 	1652712	1652712	 	 	 	 	4	0.516398	0.39794	1
0	http://rdf.freebase.com/key/authority.hud.countyplace	 	2704522094	 	 	61380	 	 	 	 	 	2	0.816497	0.69897	1
2	http://rdf.freebase.com/key/authority.nist.fips.55;http://www.wikidata.org/entity/P774c	 	2722094	27-22094	 	625380	06-25380	 	 	 	 	4	0.816497	0.39794	1
0	http://rdf.freebase.com/key/base.dspl.us_census.population.place	 	2722094	 	 	625380	 	 	 	 	 	2	0.816497	0.69897	1
1	http://rdf.freebase.com/key/en	 	fountain_minnesota	 	 	fountain_valley	 	 	fountain_square_cincinnati	 	 	3	0.816497	0.522879	1
1	http://rdf.freebase.com/key/wikipedia.en	 	Fountain_Minnesota's_environment	 	 	Fountain_Valley,_Calif.; Talbert,_California	 	 	Cincinnati_Fountain_Square; Fountain_Square,_Cincinnati	 	 	3	0.816497	0.522879	1
1	http://rdf.freebase.com/key/wikipedia.en_title	 	Fountain,_Minnesota	 	 	Fountain_Valley,_California	 	 	Fountain_Square,_Cincinnati	 	 	3	0.816497	0.522879	1
0	http://rdf.freebase.com/ns/base.wikipedia_infobox.settlement.area_code	 	Area code 507	 	 	Area codes 657 and 714	 	 	Area code 513	 	 	3	0.816497	0.522879	1
0	http://rdf.freebase.com/ns/common.topic.alias	 	Fillmore County / Fountain city; Fountain, Minnesota	 	 	Fountain Valley, California; Gospel Swamps	 	 	 	 	 	2	0.816497	0.69897	1
1	http://rdf.freebase.com/ns/common.topic.article;http://schema.org/description	 	Fountain is a city in Fillmore County, Minnesota, United States. The population was 410 at the 2010 	city in Minnesota, United States	 	Fountain Valley is a city in Orange County, California. The population was 55,313 at the 2010 census	city in Orange County, California, United States	 	Fountain Square is a city square in Cincinnati. Founded in 1871, it was renovated in 1971 and 2005 a	 	 	5	0.816497	0.30103	1
0	http://rdf.freebase.com/ns/common.topic.image	 	Location of Fountain, Minnesota	 	 	 	 	 	Skyline of Fountain Square	 	 	2	0.816497	0.69897	1
0	http://rdf.freebase.com/ns/common.topic.notable_for	 	City/Town/Village	 	 	City/Town/Village	 	 	Location	 	 	3	0.57735	0.522879	1
0	http://rdf.freebase.com/ns/common.topic.notable_types	 	City/Town/Village	 	 	City/Town/Village	 	 	Location	 	 	3	0.57735	0.522879	1
0	http://rdf.freebase.com/ns/kg.object_profile.prominent_type	 	City/Town/Village	 	 	City/Town/Village	 	 	Location	 	 	3	0.57735	0.522879	1
1	http://rdf.freebase.com/ns/location.citytown.postal_codes;http://www.wikidata.org/entity/P281c	 	55935	55935	 	92708	 	 	 	 	 	3	0.645497	0.522879	1
0	http://rdf.freebase.com/ns/location.hud_county_place.countyplace_id	 	2704522094	 	 	61380	 	 	 	 	 	2	0.816497	0.69897	1
0	http://rdf.freebase.com/ns/location.hud_county_place.place	 	Fountain	 	 	Fountain Valley	 	 	 	 	 	2	0.816497	0.69897	1
0	http://rdf.freebase.com/ns/location.hud_foreclosure_area.bls_unemployment_rate	 	0.057	 	 	0.043	 	 	 	 	 	2	0.816497	0.69897	1
0	http://rdf.freebase.com/ns/location.hud_foreclosure_area.estimated_number_foreclosures	 	3	 	 	272	 	 	 	 	 	2	0.816497	0.69897	1
0	http://rdf.freebase.com/ns/location.hud_foreclosure_area.estimated_number_of_mortgages	 	50	 	 	7502	 	 	 	 	 	2	0.816497	0.69897	1
0	http://rdf.freebase.com/ns/location.hud_foreclosure_area.hhuniv	 	125	 	 	18139	 	 	 	 	 	2	0.816497	0.69897	1
0	http://rdf.freebase.com/ns/location.hud_foreclosure_area.ofheo_price_change	 	0	 	 	-0.175	 	 	 	 	 	2	0.816497	0.69897	1
0	http://rdf.freebase.com/ns/location.hud_foreclosure_area.total_90_day_vacant_residential_addresses	 	7	 	 	132	 	 	 	 	 	2	0.816497	0.69897	1
0	http://rdf.freebase.com/ns/location.hud_foreclosure_area.total_residential_addresses	 	110	 	 	19166	 	 	 	 	 	2	0.816497	0.69897	1
0	http://rdf.freebase.com/ns/location.location.gnis_feature_id	 	643839	 	 	1652712	 	 	 	 	 	2	0.816497	0.69897	1
1	http://rdf.freebase.com/ns/location.location.time_zones	 	Central Time Zone	 	 	Pacific Time Zone	 	 	Eastern Time Zone	 	 	3	0.816497	0.522879	1
0	http://rdf.freebase.com/ns/topic_server.population_number	 	334	 	 	53742	 	 	 	 	 	2	0.816497	0.69897	1
0	http://rdf.freebase.com/ns/type.object.key	 	/authority/gnis/643839; /wikipedia/de_id/7509683	 	 	/authority/daylife/topic/04vu34J4NT03R; /wikipedia/en/UN/LOCODE:USFVC	 	 	/wikipedia/en/Cincinnati_Fountain_Square; /wikipedia/en_title/Fountain_Square,_Cincinnati	 	 	3	0.816497	0.522879	1
0	http://rdf.freebase.com/ns/type.object.name	 	Fountain	 	 	Fountain Valley	 	 	Fountain Square, Cincinnati	 	 	3	0.816497	0.522879	1
0	http://rdf.freebase.com/ns/type.object.type	 	City/Town/Village; Dated location	 	 	City/Town/Village; Dated location	 	 	City/Town/Village; Dated location	 	 	3	0.246183	0.522879	1
0	http://www.wikidata.org/entity/P1566c	 	 	5027207	 	 	5350207	 	 	 	 	2	0.816497	0.69897	1
1	http://www.wikidata.org/entity/P2044c	 	 	398	 	 	10	 	 	147	 	3	0.816497	0.522879	1
0	http://www.wikidata.org/entity/P2046c	 	 	2150000	 	 	23391000	 	 	 	 	2	0.816497	0.69897	1
0	http://www.wikidata.org/entity/P646-freebase	 	 	Fountain	 	 	Fountain Valley	 	 	 	 	2	0.816497	0.69897	1
0	http://www.wikidata.org/entity/P646c	 	 	/m/0v_68	 	 	/m/0dwgs	 	 	 	 	2	0.816497	0.69897	1
0	http://dbpedia.org/ontology/foundingDate;http://yago-knowledge.org/resource/wasCreatedOnDate	 	 	 	1957/6/13	 	 	 	 	 	1871-01-01	2	0.816497	0.69897	1
0	http://dbpedia.org/ontology/leaderTitle	 	 	 	Mayor	 	 	 	 	 	 	1	0.57735	1	1
0	http://dbpedia.org/ontology/motto	 	 	 	A Nice Place to Live	 	 	 	 	 	 	1	0.57735	1	1
0	http://dbpedia.org/ontology/percentageOfAreaWater	 	 	 	0.14	 	 	 	 	 	 	1	0.57735	1	1
2	http://xmlns.com/foaf/0.1/homepage;http://rdf.freebase.com/ns/common.topic.official_website;http://www.wikidata.org/entity/P856c;http://yago-knowledge.org/resource/hasWebsite	 	 	 	http://www.fountainvalley.org	http://www.fountainvalley.org/	http://www.fountainvalley.org	http://www.myfountainsquare.com	http://www.myfountainsquare.com/	http://www.myfountainsquare.com	http://www.myfountainsquare.com	7	0.48795	0.154902	1
0	http://rdf.freebase.com/key/authority.daylife.topic	 	 	 	 	04vu34J4NT03R	 	 	 	 	 	1	0.57735	1	1
0	http://rdf.freebase.com/key/base.dspl.us_bls.unemployment.city	 	 	 	 	CT0625380000000	 	 	 	 	 	1	0.57735	1	1
0	http://rdf.freebase.com/ns/common.identity.daylife_topic	 	 	 	 	04vu34J4NT03R	 	 	 	 	 	1	0.57735	1	1
0	http://rdf.freebase.com/ns/common.topic.webpage	 	 	 	 	City of Fountain Valley Website	 	 	http://rdf.freebase.com/ns/m.03lwfwc	 	 	2	0.816497	0.69897	1
0	http://rdf.freebase.com/ns/government.governmental_jurisdiction.governing_officials	 	 	 	 	Fountain Valley City Council Member; Mayor Pro Tem of Fountain Valley	 	 	 	 	 	1	0.516398	1	1
0	http://rdf.freebase.com/ns/government.governmental_jurisdiction.government_bodies	 	 	 	 	Fountain Valley City Council	 	 	 	 	 	1	0.57735	1	1
0	http://rdf.freebase.com/ns/government.governmental_jurisdiction.government_positions	 	 	 	 	Fountain Valley City Council Member; Mayor Pro Tem of Fountain Valley	 	 	 	 	 	1	0.816497	1	1
0	http://rdf.freebase.com/ns/location.location.contains	 	 	 	 	Coastline Community College; Modern Technology School	 	 	Fountain square	 	 	2	0.816497	0.69897	1
0	http://rdf.freebase.com/ns/location.location.people_born_here	 	 	 	 	Aaron Schoenke; Summer Altice	 	 	 	 	 	1	0.816497	1	1
0	http://rdf.freebase.com/ns/location.statistical_region.unemployment_rate	 	 	 	 	1.8	 	 	 	 	 	1	0.816497	1	1
0	http://rdf.freebase.com/ns/organization.organization_scope.organizations_with_this_scope	 	 	 	 	Fanning Plumbers	 	 	 	 	 	1	0.57735	1	1
0	http://www.w3.org/2004/02/skos/core#altLabel	 	 	 	 	 	Fountain Valley, California	 	 	 	 	1	0.57735	1	1
0	http://www.wikidata.org/entity/P18c	 	 	 	 	 	http://commons.wikimedia.org/wiki/File:Fountain_Valley,_California.jpg	 	 	http://commons.wikimedia.org/wiki/File:FountainSquare.jpg	 	2	0.816497	0.69897	1
0	http://www.wikidata.org/entity/P214c	 	 	 	 	 	131367693	 	 	 	 	1	0.57735	1	1
0	http://www.wikidata.org/entity/P373c	 	 	 	 	 	Fountain Valley, California	 	 	 	 	1	0.57735	1	1
0	http://www.wikidata.org/entity/P910c	 	 	 	 	 	Category:Fountain Valley, California	 	 	 	 	1	0.57735	1	1
0	http://www.wikidata.org/entity/P982c	 	 	 	 	 	eea602f5-89e7-458a-97ad-7e796a24abb4	 	 	 	 	1	0.57735	1	1
0	http://xmlns.com/foaf/0.1/nick	 	 	 	 	 	 	The Square	 	 	 	1	0.57735	1	1
0	http://www.w3.org/2004/02/skos/core#prefLabel	 	 	 	 	 	 	 	 	 	Fountain Square, Cincinnati	1	0.57735	1	1
0	http://yago-knowledge.org/resource/hasCitationTitle	 	 	 	 	 	 	 	 	 	Cincinnati, a Guide to the Queen City and Its Neighbors	1	0.816497	1	1
0	http://yago-knowledge.org/resource/hasWikipediaAnchorText	 	 	 	 	 	 	 	 	 	BHDP Architecture; Ferdinand von Miller	1	0.816497	1	1
0	http://yago-knowledge.org/resource/hasWikipediaArticleLength	 	 	 	 	 	 	 	 	 	6776	1	0.57735	1	1
0	http://yago-knowledge.org/resource/hasWikipediaUrl	 	 	 	 	 	 	 	 	 	http://en.wikipedia.org/wiki/Fountain_Square%2C_Cincinnati	1	0.57735	1	1
0	http://yago-knowledge.org/resource/linksTo	 	 	 	 	 	 	 	 	 	Area code 513; Delta Air Lines	1	0.816497	1	1
