score	dataset	dbpedia	freebase	wikidata	yago-knowledge	dbpedia	freebase	yago-knowledge	dbpedia	freebase	yago-knowledge				
	entity	http://dbpedia.org/resource/Hobart	http://rdf.freebase.com/ns/m.03kjh	http://www.wikidata.org/entity/Q40191	http://yago-knowledge.org/resource/Hobart	http://dbpedia.org/resource/Hobart,_Indiana	http://rdf.freebase.com/ns/m.0sn54	http://yago-knowledge.org/resource/Hobart,_Indiana	http://dbpedia.org/resource/Hobart,_Oklahoma	http://rdf.freebase.com/ns/m.0z6xf	http://yago-knowledge.org/resource/Hobart,_Oklahoma				
0	http://dbpedia.org/ontology/abstract	Hobart (/藞ho蕣b蓱藧rt/) is the capital and most populous city of the Australian island state of Tasmani	 	 	 	Hobart is a city in Lake County, Indiana, United States. The population was 29,059 at the 2010 censu	 	 	Hobart is a city and the county seat of Kiowa County, Oklahoma, United States. It was named for Garr	 	 	3	0.816497	0.522879	1
3	http://dbpedia.org/ontology/country;http://rdf.freebase.com/ns/base.biblioness.bibs_location.country;http://www.wikidata.org/entity/P131c;http://www.wikidata.org/entity/P17c;http://yago-knowledge.org/resource/isLocatedIn;http://rdf.freebase.com/ns/location.hud_county_place.county	Australia	Australia	Tasmania	Launceston, Tasmania; New Norfolk, Tasmania	United States	Lake County	Lake County, Indiana; United States	United States	Kiowa County	Kiowa County, Oklahoma; United States	10	0.590326	0	1
3	http://dbpedia.org/ontology/populationTotal;http://rdf.freebase.com/ns/location.statistical_region.population;http://yago-knowledge.org/resource/hasNumberOfPeople	217973	128579	 	202138	29059	24270	29059	3756	3519	3756	9	0.7779	0.045757	1
0	http://dbpedia.org/ontology/thumbnail	http://commons.wikimedia.org/wiki/Special:FilePath/Hobart_from_the_air.jpg?width=300	 	 	 	http://commons.wikimedia.org/wiki/Special:FilePath/Main_Street_in_downtown_Hobart,_Indiana.jpg?width	 	 	http://commons.wikimedia.org/wiki/Special:FilePath/Hobart_Main_Street.jpg?width=300	 	 	3	0.816497	0.522879	1
0	http://dbpedia.org/ontology/wikiPageExternalLink	http://maps.google.com/maps?q=hobart&ll=-42.88,147.35&spn=0.049270,0.098173&t=k&hl=en; http://www.ho	 	 	 	http://www.cityofhobart.org/	 	 	http://www.hobartdemocratchief.com/sub/account_login.asp; http://www.library.okstate.edu/okmaps/	 	 	3	0.816497	0.522879	1
2	http://dbpedia.org/ontology/wikiPageID;http://rdf.freebase.com/key/wikipedia.en_id	13699	13699	 	 	112417	112417	 	130296	130296	 	6	0.408248	0.221849	1
0	http://dbpedia.org/ontology/wikiPageLength	53714	 	 	 	20951	 	 	13383	 	 	3	0.816497	0.522879	1
0	http://dbpedia.org/ontology/wikiPageOutDegree	451	 	 	 	98	 	 	55	 	 	3	0.816497	0.522879	1
0	http://dbpedia.org/ontology/wikiPageRevisionID	744788557	 	 	 	731616337	 	 	740821453	 	 	3	0.816497	0.522879	1
0	http://purl.org/dc/terms/subject	1803 establishments in Australia; Australian capital cities	 	 	 	Cities in Lake County, Indiana	 	 	Cities in Kiowa County, Oklahoma; County seats in Oklahoma	 	 	3	0.816497	0.522879	1
0	http://www.georss.org/georss/point	42.88055555555555 147.325	 	 	 	41.52861111111111 -87.2675	 	 	35.02638888888889 -99.09083333333334	 	 	3	0.816497	0.522879	1
0	http://www.w3.org/1999/02/22-rdf-syntax-ns#type;http://www.wikidata.org/entity/P31c	Spatial Thing; http://dbpedia.org/ontology/Location	Capital of administrative division; Newspaper circulation area	city	yagoLegalActorGeo; wikicat Australian capital cities	Spatial Thing; http://dbpedia.org/ontology/Location	City/Town/Village; Dated location	wikicat Populated places established in 1931; wikicat Populated places in Lake County, Indiana	Spatial Thing; http://dbpedia.org/ontology/Location	City/Town/Village; Dated location	wikicat Cities in Kiowa County, Oklahoma; wikicat County seats in Oklahoma	10	0.40011	0	1
2	http://www.w3.org/2000/01/rdf-schema#comment;http://rdf.freebase.com/ns/common.topic.description	Hobart (/藞ho蕣b蓱藧rt/) is the capital and most populous city of the Australian island state of Tasmani	Hobart is the capital and most populous city of the Australian island state of Tasmania. Founded in 	 	 	Hobart is a city in Lake County, Indiana, United States. The population was 29,059 at the 2010 censu	Hobart is a city in Lake County, Indiana, United States. The population was 29,059 at the 2010 censu	 	Hobart is a city and the county seat of Kiowa County, Oklahoma, United States. It was named for Garr	Hobart is a city and the county seat of Kiowa County, Oklahoma, United States. It was named for Garr	 	6	0.57735	0.221849	1
3	http://www.w3.org/2000/01/rdf-schema#label	Hobart	Hobart	Hobart	Hobart Cenotaph; Salamanca Market	Hobart, Indiana	Hobart; 啸芯斜邪褉褌	Hobart, Indiana	Hobart, Oklahoma	Hobart; 啸芯斜邪褉褌	Hobart, Oklahoma	10	0.258199	0	1
0	http://www.w3.org/2000/01/rdf-schema#seeAlso	Economy of Tasmania	 	 	 	 	 	 	 	 	 	1	0.816497	1	1
0	http://www.w3.org/2002/07/owl#sameAs	Hobart	 	 	 	Hobart	 	 	Hobart	 	 	3	0.57735	0.522879	0
3	http://www.w3.org/2003/01/geo/wgs84_pos#lat	42.881	-42.881	-42.883	 	41.529	41.529	 	35.026	35.026	 	7	0.617213	0.154902	1
3	http://www.w3.org/2003/01/geo/wgs84_pos#long	147.325	147.325	147.317	 	-87.268	-87.268	 	-99.091	-99.091	 	7	0.48795	0.154902	1
0	http://www.w3.org/ns/prov#wasDerivedFrom	http://en.wikipedia.org/wiki/Hobart?oldid=744788557	 	 	 	http://en.wikipedia.org/wiki/Hobart,_Indiana?oldid=731616337	 	 	http://en.wikipedia.org/wiki/Hobart,_Oklahoma?oldid=740821453	 	 	3	0.816497	0.522879	1
0	http://xmlns.com/foaf/0.1/depiction	http://commons.wikimedia.org/wiki/Special:FilePath/Hobart_from_the_air.jpg	 	 	 	http://commons.wikimedia.org/wiki/Special:FilePath/Main_Street_in_downtown_Hobart,_Indiana.jpg	 	 	http://commons.wikimedia.org/wiki/Special:FilePath/Hobart_Main_Street.jpg	 	 	3	0.816497	0.522879	1
1	http://xmlns.com/foaf/0.1/isPrimaryTopicOf;http://rdf.freebase.com/ns/common.topic.topic_equivalent_webpage	http://en.wikipedia.org/wiki/Hobart	http://ar.wikipedia.org/wiki/%47%48%28%27%31%2A; http://el.wikipedia.org/wiki/%A7%CC%BC%C0%B1%C1%C4	 	 	http://en.wikipedia.org/wiki/Hobart,_Indiana	http://ar.wikipedia.org/wiki/%47%48%28%27%31%2A_(%25%46%2F%4A%27%46%27); http://geonames.usgs.gov/pl	 	http://en.wikipedia.org/wiki/Hobart,_Oklahoma	http://ar.wikipedia.org/wiki/%47%48%28%27%31%2A_(%23%48%43%44%27%47%48%45%27); http://geonames.usgs.	 	6	0.80267	0.221849	1
0	http://xmlns.com/foaf/0.1/name	Hobart	 	 	 	Hobart, Indiana	 	 	Hobart, Oklahoma	 	 	3	0.816497	0.522879	1
0	http://rdf.freebase.com/key/authority.daylife.topic	 	0bHE7tn0fQa3C	 	 	 	 	 	 	 	 	1	0.57735	1	1
0	http://rdf.freebase.com/key/base.dspl.un.population.city_proper	 	1020	 	 	 	 	 	 	 	 	1	0.57735	1	1
1	http://rdf.freebase.com/key/en	 	hobart	 	 	 	hobart_indiana	 	 	hobart_oklahoma	 	3	0.816497	0.522879	1
0	http://rdf.freebase.com/key/user.avh.ellerdale	 	0080-3d5d	 	 	 	 	 	 	 	 	1	0.57735	1	1
0	http://rdf.freebase.com/key/user.jamie.nytdataid	 	N12534711098590869561	 	 	 	 	 	 	 	 	1	0.57735	1	1
1	http://rdf.freebase.com/key/wikipedia.en	 	Capital_of_Tasmania; Hobart_Function_&_Conference_Centre	 	 	 	Hobart,_IN; UN/LOCODE:USHBA	 	 	Hobart,_Oklahoma	 	3	0.816497	0.522879	1
1	http://rdf.freebase.com/key/wikipedia.en_title	 	Hobart	 	 	 	Hobart,_Indiana	 	 	Hobart,_Oklahoma	 	3	0.816497	0.522879	1
0	http://rdf.freebase.com/ns/base.biblioness.bibs_location.loc_type	 	City	 	 	 	 	 	 	 	 	1	0.57735	1	1
0	http://rdf.freebase.com/ns/base.biblioness.bibs_location.state	 	Tasmania	 	 	 	 	 	 	 	 	1	0.57735	1	1
0	http://rdf.freebase.com/ns/base.ontologies.ontology_instance.equivalent_instances	 	http://rdf.freebase.com/ns/m.09dvl0z	 	 	 	 	 	 	 	 	1	0.57735	1	1
0	http://rdf.freebase.com/ns/common.identity.daylife_topic	 	0bHE7tn0fQa3C	 	 	 	 	 	 	 	 	1	0.57735	1	1
1	http://rdf.freebase.com/ns/common.topic.alias	 	Hobart, Tasmania	 	 	 	Hobart, Indiana; Lake County / Hobart city	 	 	Hobart, Oklahoma; Kiowa County / Hobart city	 	3	0.816497	0.522879	1
1	http://rdf.freebase.com/ns/common.topic.article;http://schema.org/description	 	Hobart (聽/藞ho蕣b蓱rt/) is the state capital and most populous city of the Australian island state of T	capital city of Tasmania, Australia	 	 	Hobart is a city in Lake County, Indiana, United States. The population was 29,059 at the 2010 censu	 	 	Hobart (pronounced ho-BURt, not ho-BARt) is a city in and the county seat of Kiowa County, Oklahoma,	 	4	0.816497	0.39794	1
1	http://rdf.freebase.com/ns/common.topic.image	 	Hobart Marina MTWellington	 	 	 	The gazebo at Hobart's Lakefront Park on the shore of Lake George	 	 	OKMap-doton-Hobart	 	3	0.816497	0.522879	1
0	http://rdf.freebase.com/ns/common.topic.notable_for	 	City/Town/Village	 	 	 	City/Town/Village	 	 	City/Town/Village	 	3	0.57735	0.522879	1
0	http://rdf.freebase.com/ns/common.topic.notable_types	 	City/Town/Village	 	 	 	City/Town/Village	 	 	City/Town/Village	 	3	0.57735	0.522879	1
0	http://rdf.freebase.com/ns/kg.object_profile.prominent_type	 	City/Town/Village	 	 	 	City/Town/Village	 	 	City/Town/Village	 	3	0.57735	0.522879	1
0	http://rdf.freebase.com/ns/location.capital_of_administrative_division.capital_of	 	Tasmania	 	 	 	 	 	 	 	 	1	0.57735	1	1
1	http://rdf.freebase.com/ns/location.dated_location.date_founded;http://yago-knowledge.org/resource/wasCreatedOnDate	 	1804	 	1803-01-01	 	 	1931/1/1	 	 	 	3	0.816497	0.522879	1
0	http://rdf.freebase.com/ns/location.location.adjoin_s	 	Tasman Bridge	 	 	 	 	 	 	 	 	1	0.57735	1	1
1	http://rdf.freebase.com/ns/location.location.area;http://dbpedia.org/ontology/PopulatedPlace/areaTotal;http://dbpedia.org/ontology/areaTotal	 	1695.5	 	 	69178600	69.18	 	8437310	8.437	 	5	0.666667	0.30103	1
1	http://rdf.freebase.com/ns/location.location.containedby;http://dbpedia.org/ontology/isPartOf	 	Tasmania	 	 	Lake County, Indiana	Lake County; United States of America	 	Kiowa County, Oklahoma	Kiowa County	 	5	0.696311	0.30103	1
0	http://rdf.freebase.com/ns/location.location.contains	 	Campbell Street Gaol; Elizabeth College	 	 	 	First Unitarian Church of Hobart; Pennsylvania Railroad Station	 	 	 	 	2	0.816497	0.69897	1
0	http://rdf.freebase.com/ns/location.location.events	 	2007 Lavazza Italian Film Festival; Tasman Bridge disaster	 	 	 	 	 	 	 	 	1	0.816497	1	1
0	http://rdf.freebase.com/ns/location.location.nearby_airports	 	Cambridge Aerodrome; Hobart International Airport	 	 	 	Hobart Sky Ranch Airport; Johnsons Strawberry Farm Airport	 	 	Hobart Regional Airport	 	3	0.816497	0.522879	1
0	http://rdf.freebase.com/ns/location.location.people_born_here	 	Aaron Cornelius; Catryna Bilyk	 	 	 	Darren Elkins; Larry Bigbie	 	 	Boody Rogers; Brad Calip	 	3	0.814234	0.522879	1
0	http://rdf.freebase.com/ns/organization.organization_scope.organizations_with_this_scope	 	Australian Online Roller Shutters; Herlife Insurance	 	 	 	Australian Flower Delivery	 	 	 	 	2	0.816497	0.69897	1
0	http://rdf.freebase.com/ns/periodicals.newspaper_circulation_area.newspapers	 	The Mercury	 	 	 	 	 	 	 	 	1	0.57735	1	1
1	http://rdf.freebase.com/ns/symbols.namesake.named_after;http://www.wikidata.org/entity/P138c	 	Robert Hobart, 4th Earl of Buckinghamshire	Robert Hobart, 4th Earl of Buckinghamshire	 	 	 	 	 	 	 	2	0.57735	0.69897	1
0	http://rdf.freebase.com/ns/topic_server.population_number	 	128579	 	 	 	24270	 	 	3519	 	3	0.816497	0.522879	1
0	http://rdf.freebase.com/ns/travel.travel_destination.tourist_attractions	 	Cape Bruny Lighthouse; Museum of Old and New Art	 	 	 	 	 	 	 	 	1	0.816497	1	1
0	http://rdf.freebase.com/ns/type.object.key	 	/wikipedia/ja/銉涖兗銉愩兗銉? /authority/daylife/topic/0bHE7tn0fQa3C	 	 	 	/authority/gnis/436256; /base/dspl/us_bls/unemployment/city/CT1834114000000	 	 	/authority/hud/countyplace/4007535000; /authority/nist/fips/55/4035000	 	3	0.816497	0.522879	1
0	http://rdf.freebase.com/ns/type.object.name	 	Hobart	 	 	 	Hobart	 	 	Hobart	 	3	0.57735	0.522879	1
0	http://rdf.freebase.com/ns/type.object.type	 	Capital of administrative division; Newspaper circulation area	 	 	 	City/Town/Village; Dated location	 	 	City/Town/Village; Dated location	 	3	0.408248	0.522879	1
0	http://rdf.freebase.com/ns/user.avh.default_domain.ellerdale_topic.ellerdale_id	 	0080-3d5d	 	 	 	 	 	 	 	 	1	0.57735	1	1
0	http://www.w3.org/2004/02/skos/core#altLabel	 	 	Hobart, Tasmania	 	 	 	 	 	 	 	1	0.816497	1	1
0	http://www.wikidata.org/entity/P1365c	 	 	Settlement of Sullivans Cove	 	 	 	 	 	 	 	1	0.57735	1	1
0	http://www.wikidata.org/entity/P1376c	 	 	Tasmania	 	 	 	 	 	 	 	1	0.57735	1	1
0	http://www.wikidata.org/entity/P1465c	 	 	Category:Death in Hobart	 	 	 	 	 	 	 	1	0.57735	1	1
0	http://www.wikidata.org/entity/P1566c	 	 	2163355	 	 	 	 	 	 	 	1	0.57735	1	1
0	http://www.wikidata.org/entity/P1792c	 	 	Category:People from Hobart	 	 	 	 	 	 	 	1	0.57735	1	1
0	http://www.wikidata.org/entity/P18c	 	 	http://commons.wikimedia.org/wiki/File:Hobart_Montage.jpg	 	 	 	 	 	 	 	1	0.57735	1	1
0	http://www.wikidata.org/entity/P190c	 	 	Valdivia	 	 	 	 	 	 	 	1	0.816497	1	1
0	http://www.wikidata.org/entity/P214c	 	 	151291823	 	 	 	 	 	 	 	1	0.57735	1	1
0	http://www.wikidata.org/entity/P227c	 	 	4113926-4	 	 	 	 	 	 	 	1	0.57735	1	1
0	http://www.wikidata.org/entity/P242c	 	 	http://commons.wikimedia.org/wiki/File:LGA_Tas_SE_Hobart.png	 	 	 	 	 	 	 	1	0.57735	1	1
0	http://www.wikidata.org/entity/P244c	 	 	n82069987	 	 	 	 	 	 	 	1	0.57735	1	1
0	http://www.wikidata.org/entity/P268c	 	 	13193588z	 	 	 	 	 	 	 	1	0.57735	1	1
0	http://www.wikidata.org/entity/P373c	 	 	Hobart, Tasmania	 	 	 	 	 	 	 	1	0.57735	1	1
0	http://www.wikidata.org/entity/P421c;http://rdf.freebase.com/ns/location.location.time_zones	 	 	UTC+10:00	 	 	Central Time Zone	 	 	Central Time Zone	 	3	0.57735	0.522879	1
0	http://www.wikidata.org/entity/P646-freebase	 	 	Hobart	 	 	 	 	 	 	 	1	0.57735	1	1
0	http://www.wikidata.org/entity/P646c	 	 	/m/03kjh	 	 	 	 	 	 	 	1	0.57735	1	1
0	http://www.wikidata.org/entity/P910c	 	 	Category:Hobart	 	 	 	 	 	 	 	1	0.57735	1	1
0	http://www.wikidata.org/entity/P935c	 	 	Hobart	 	 	 	 	 	 	 	1	0.57735	1	1
0	http://www.wikidata.org/entity/P948c	 	 	http://commons.wikimedia.org/wiki/File:Bannerhobart.jpg	 	 	 	 	 	 	 	1	0.57735	1	1
0	http://www.wikidata.org/entity/P982c	 	 	0f9d35ff-9295-4435-a261-de8216cb8dad	 	 	 	 	 	 	 	1	0.57735	1	1
0	http://www.wikidata.org/entity/P998c	 	 	Regional/Oceania/Australia/Tasmania/Localities/H/Hobart/	 	 	 	 	 	 	 	1	0.57735	1	1
0	http://www.w3.org/2004/02/skos/core#prefLabel	 	 	 	Hobart	 	 	Hobart, Indiana	 	 	Hobart, Oklahoma	3	0.816497	0.522879	1
0	http://yago-knowledge.org/resource/hasArea	 	 	 	1695.5	 	 	69.18	 	 	8.437	3	0.816497	0.522879	1
0	http://yago-knowledge.org/resource/hasCitationTitle	 	 	 	3218.0 - Regional Population Growth, Australia, 2012-13: ESTIMATED RESIDENT POPULATION, States and T	 	 	2010 Census U.S. Gazetteer Files for Places 鈥?Indiana; Cressmoor Prairie Nature Preserve	 	 	Historical Weather for Hobart, Oklahoma, United States	3	0.816497	0.522879	1
0	http://yago-knowledge.org/resource/hasWikipediaAnchorText	 	 	 	Spoilt for choice with wine; William Buckley	 	 	Bob Kuechenberg; William Revelli	 	 	African American; Hobart Democrat-Chief	3	0.785413	0.522879	1
0	http://yago-knowledge.org/resource/hasWikipediaArticleLength	 	 	 	48513	 	 	16923	 	 	11556	3	0.816497	0.522879	1
0	http://yago-knowledge.org/resource/hasWikipediaUrl	 	 	 	http://en.wikipedia.org/wiki/Hobart	 	 	http://en.wikipedia.org/wiki/Hobart%2C_Indiana	 	 	http://en.wikipedia.org/wiki/Hobart%2C_Oklahoma	3	0.816497	0.522879	1
0	http://yago-knowledge.org/resource/linksTo	 	 	 	Pakistani cuisine; 1966 VFL Grand Final	 	 	Area code 219; Bob Kuechenberg	 	 	Area code 580; Hobart Regional Airport	3	0.806591	0.522879	1
0	http://yago-knowledge.org/resource/redirectedFrom	 	 	 	Capital of Tasmania; Hobart , Australia	 	 	Hobart, IN; UN/LOCODE:USHBA	 	 	Hobart, OK	3	0.816497	0.522879	1
0	http://dbpedia.org/ontology/PopulatedPlace/area	 	 	 	 	0	 	 	 	 	 	1	0.57735	1	1
0	http://dbpedia.org/ontology/PopulatedPlace/populationDensity	 	 	 	 	426.1	 	 	 	 	 	1	0.816497	1	1
0	http://dbpedia.org/ontology/area	 	 	 	 	1	 	 	 	 	 	1	0.57735	1	1
0	http://dbpedia.org/ontology/areaCode	 	 	 	 	219	 	 	580	 	 	2	0.816497	0.69897	1
0	http://dbpedia.org/ontology/areaLand	 	 	 	 	68194400	 	 	8437310	 	 	2	0.816497	0.69897	1
0	http://dbpedia.org/ontology/areaWater	 	 	 	 	980000	 	 	0	 	 	2	0.816497	0.69897	1
0	http://dbpedia.org/ontology/elevation	 	 	 	 	189.89	 	 	473	 	 	2	0.816497	0.69897	1
0	http://dbpedia.org/ontology/governmentType	 	 	 	 	City	 	 	 	 	 	1	0.57735	1	1
0	http://dbpedia.org/ontology/leaderName	 	 	 	 	Democratic Party (United States)	 	 	 	 	 	1	0.57735	1	1
0	http://dbpedia.org/ontology/leaderTitle	 	 	 	 	Mayor	 	 	 	 	 	1	0.57735	1	1
0	http://dbpedia.org/ontology/populationDensity	 	 	 	 	426.1	 	 	 	 	 	1	0.816497	1	1
0	http://dbpedia.org/ontology/postalCode	 	 	 	 	46342	 	 	73651	 	 	2	0.816497	0.69897	1
0	http://dbpedia.org/ontology/timeZone	 	 	 	 	North American Central Time Zone	 	 	North American Central Time Zone	 	 	2	0.57735	0.69897	1
0	http://dbpedia.org/ontology/type	 	 	 	 	City	 	 	City	 	 	2	0.57735	0.69897	1
0	http://dbpedia.org/ontology/utcOffset	 	 	 	 	-5	 	 	-5	 	 	2	0.408248	0.69897	1
2	http://xmlns.com/foaf/0.1/homepage;http://rdf.freebase.com/ns/common.topic.official_website;http://yago-knowledge.org/resource/hasWebsite	 	 	 	 	http://www.cityofhobart.org/	http://www.city.hobart.in.us/	http://www.cityofhobart.org/	http://www.hobartok.com/	 	http://www.hobartok.com/	5	0.516398	0.30103	1
0	http://rdf.freebase.com/key/authority.gnis	 	 	 	 	 	436256	 	 	1093806	 	2	0.816497	0.69897	1
0	http://rdf.freebase.com/key/authority.hud.countyplace	 	 	 	 	 	1808934114	 	 	4007535000	 	2	0.816497	0.69897	1
0	http://rdf.freebase.com/key/authority.nist.fips.55	 	 	 	 	 	1834114	 	 	4035000	 	2	0.816497	0.69897	1
0	http://rdf.freebase.com/key/base.dspl.us_bls.unemployment.city	 	 	 	 	 	CT1834114000000	 	 	 	 	1	0.57735	1	1
0	http://rdf.freebase.com/key/base.dspl.us_census.population.place	 	 	 	 	 	1834114	 	 	4035000	 	2	0.816497	0.69897	1
0	http://rdf.freebase.com/ns/base.wikipedia_infobox.settlement.area_code	 	 	 	 	 	Area code 219	 	 	Area code 580	 	2	0.816497	0.69897	1
0	http://rdf.freebase.com/ns/common.topic.webpage	 	 	 	 	 	http://rdf.freebase.com/ns/m.03kyzkg	 	 	 	 	1	0.57735	1	1
0	http://rdf.freebase.com/ns/location.citytown.postal_codes	 	 	 	 	 	46342	 	 	73651	 	2	0.816497	0.69897	1
0	http://rdf.freebase.com/ns/location.hud_county_place.countyplace_id	 	 	 	 	 	1808934114	 	 	4007535000	 	2	0.816497	0.69897	1
0	http://rdf.freebase.com/ns/location.hud_county_place.place	 	 	 	 	 	Hobart	 	 	Hobart	 	2	0.57735	0.69897	1
0	http://rdf.freebase.com/ns/location.hud_foreclosure_area.bls_unemployment_rate	 	 	 	 	 	0.06	 	 	0.045	 	2	0.816497	0.69897	1
0	http://rdf.freebase.com/ns/location.hud_foreclosure_area.estimated_number_foreclosures	 	 	 	 	 	644	 	 	37	 	2	0.816497	0.69897	1
0	http://rdf.freebase.com/ns/location.hud_foreclosure_area.estimated_number_of_mortgages	 	 	 	 	 	7608	 	 	368	 	2	0.816497	0.69897	1
0	http://rdf.freebase.com/ns/location.hud_foreclosure_area.hhuniv	 	 	 	 	 	9866	 	 	1591	 	2	0.816497	0.69897	1
0	http://rdf.freebase.com/ns/location.hud_foreclosure_area.ofheo_price_change	 	 	 	 	 	0	 	 	 	 	1	0.57735	1	1
0	http://rdf.freebase.com/ns/location.hud_foreclosure_area.total_90_day_vacant_residential_addresses	 	 	 	 	 	444	 	 	210	 	2	0.816497	0.69897	1
0	http://rdf.freebase.com/ns/location.hud_foreclosure_area.total_residential_addresses	 	 	 	 	 	12231	 	 	2030	 	2	0.816497	0.69897	1
0	http://rdf.freebase.com/ns/location.location.gnis_feature_id	 	 	 	 	 	436256	 	 	1093806	 	2	0.816497	0.69897	1
0	http://rdf.freebase.com/ns/location.statistical_region.unemployment_rate	 	 	 	 	 	1.8	 	 	 	 	1	0.816497	1	1
0	http://yago-knowledge.org/resource/hasPopulationDensity	 	 	 	 	 	 	426.1	 	 	 	1	0.57735	1	1
0	http://dbpedia.org/ontology/motto	 	 	 	 	 	 	 	Hobart is not just a town, It's a community.	 	 	1	0.57735	1	1
