score	dataset	dbpedia	freebase	wikidata	yago-knowledge	dbpedia	freebase	wikidata	yago-knowledge	dbpedia	wikidata				
	entity	http://dbpedia.org/resource/Berlin,_New_Hampshire	http://rdf.freebase.com/ns/m.0xfhc	http://www.wikidata.org/entity/Q821244	http://yago-knowledge.org/resource/Berlin,_New_Hampshire	http://dbpedia.org/resource/Berlin,_North_Dakota	http://rdf.freebase.com/ns/m.0ypbd	http://www.wikidata.org/entity/Q821229	http://yago-knowledge.org/resource/Berlin,_North_Dakota	http://dbpedia.org/resource/Berlin,_Wisconsin	http://www.wikidata.org/entity/Q1569850				
2	http://dbpedia.org/ontology/PopulatedPlace/areaTotal;http://dbpedia.org/ontology/areaTotal;http://rdf.freebase.com/ns/location.location.area	161874000	260.294	 	 	258999	0.26	 	 	16472300	 	5	0.763763	0.30103	1
0	http://dbpedia.org/ontology/abstract	Berlin /ˈbɜːrlᵻn/ is a city along the Androscoggin River in Coos County in northern New Hampshire, U	 	 	 	Berlin is a city in LaMoure County, North Dakota, United States. The population was 34 at the 2010 c	 	 	 	Berlin is a city in Green Lake and Waushara counties in the U.S. state of Wisconsin. The population 	 	3	0.816497	0.522879	1
0	http://dbpedia.org/ontology/areaCode	603	 	 	 	701	 	 	 	920	 	3	0.816497	0.522879	1
0	http://dbpedia.org/ontology/areaLand	159543000	 	 	 	258999	 	 	 	14970100	 	3	0.816497	0.522879	1
0	http://dbpedia.org/ontology/areaWater	2330990	 	 	 	0	 	 	 	1502190	 	3	0.816497	0.522879	1
0	http://dbpedia.org/ontology/country;http://rdf.freebase.com/ns/location.hud_county_place.county;http://www.wikidata.org/entity/P131c;http://www.wikidata.org/entity/P17c;http://yago-knowledge.org/resource/isLocatedIn	United States	Coos County	Coös County; United States of America	Coös County, New Hampshire; United States	United States	LaMoure County	LaMoure County; United States of America	LaMoure County, North Dakota; United States	United States	Green Lake County; United States of America	10	0.527046	0	1
1	http://dbpedia.org/ontology/elevation	310.896	 	 	 	447	 	 	 	245.974	 	3	0.816497	0.522879	1
1	http://dbpedia.org/ontology/isPartOf;http://rdf.freebase.com/ns/location.location.containedby	Coos County, New Hampshire	Coos County; New Hampshire	 	 	LaMoure County, North Dakota	LaMoure County; North Dakota	 	 	Green Lake County, Wisconsin; Waushara County, Wisconsin	 	5	0.696311	0.30103	1
0	http://dbpedia.org/ontology/leaderTitle	City Council; City Manager	 	 	 	 	 	 	 	 	 	1	0.816497	1	1
3	http://dbpedia.org/ontology/populationTotal;http://rdf.freebase.com/ns/location.statistical_region.population;http://yago-knowledge.org/resource/hasNumberOfPeople	10051	10005	 	10051	34	30	 	34	5524	 	7	0.754391	0.154902	1
0	http://dbpedia.org/ontology/postalCode	3570	 	 	 	58415	 	 	 	 	 	2	0.816497	0.69897	1
0	http://dbpedia.org/ontology/thumbnail	http://commons.wikimedia.org/wiki/Special:FilePath/Berlin_-_Autumne.jpg?width=300	 	 	 	http://commons.wikimedia.org/wiki/Special:FilePath/Berlin,_North_Dakota_6-12-2008.jpg?width=300	 	 	 	http://commons.wikimedia.org/wiki/Special:FilePath/HuronStHistoricDistrictBerlinWisconsinWIS49.jpg?w	 	3	0.816497	0.522879	1
0	http://dbpedia.org/ontology/timeZone	Eastern Daylight Time; North American Eastern Time Zone	 	 	 	North American Central Time Zone	 	 	 	North American Central Time Zone	 	3	0.645497	0.522879	1
1	http://dbpedia.org/ontology/utcOffset	-4	 	 	 	-5	 	 	 	-5	 	3	0.408248	0.522879	1
0	http://dbpedia.org/ontology/wikiPageExternalLink	http://berlinnhhistoricalsociety.org/; http://www.northernforestheritage.org/	 	 	 	 	 	 	 	http://content.wisconsinhistory.org/cdm/ref/collection/maps/id/4363	 	2	0.816497	0.69897	1
2	http://dbpedia.org/ontology/wikiPageID;http://rdf.freebase.com/key/wikipedia.en_id	124571	124571	 	 	128576	128576	 	 	545427	 	5	0.516398	0.30103	1
0	http://dbpedia.org/ontology/wikiPageLength	29881	 	 	 	8793	 	 	 	14601	 	3	0.816497	0.522879	1
0	http://dbpedia.org/ontology/wikiPageOutDegree	210	 	 	 	34	 	 	 	90	 	3	0.816497	0.522879	1
0	http://dbpedia.org/ontology/wikiPageRevisionID	740552055	 	 	 	729246709	 	 	 	744704469	 	3	0.816497	0.522879	1
0	http://purl.org/dc/terms/subject	Berlin, New Hampshire micropolitan area; Cities in Coos County, New Hampshire	 	 	 	Cities in LaMoure County, North Dakota; Populated places established in 1887	 	 	 	Cities in Green Lake County, Wisconsin; Cities in Waushara County, Wisconsin	 	3	0.816497	0.522879	1
0	http://www.georss.org/georss/point	44.46861111111111 -71.18388888888889	 	 	 	46.37833333333333 -98.48777777777778	 	 	 	43.969722222222224 -88.9486111111111	 	3	0.816497	0.522879	1
0	http://www.w3.org/1999/02/22-rdf-syntax-ns#type;http://www.wikidata.org/entity/P31c	Spatial Thing; http://dbpedia.org/ontology/Location	City/Town/Village; HUD County Place	city	wikicat Cities in Coos County, New Hampshire; wordnet object 100002684	Spatial Thing; http://dbpedia.org/ontology/Location	City/Town/Village; Dated location	city	wikicat Cities in LaMoure County, North Dakota; wordnet object 100002684	Spatial Thing; http://dbpedia.org/ontology/Location	fourth-class city	10	0.338062	0	1
2	http://www.w3.org/2000/01/rdf-schema#comment;http://rdf.freebase.com/ns/common.topic.description	Berlin /ˈbɜːrlᵻn/ is a city along the Androscoggin River in Coos County in northern New Hampshire, U	Berlin /ˈbɜrlɨn/ is a city along the Androscoggin River in Coos County in northern New Hampshire, Un	 	 	Berlin is a city in LaMoure County, North Dakota, United States. The population was 34 at the 2010 c	Berlin is a city in LaMoure County, North Dakota, United States. The population was 34 at the 2010 c	 	 	Berlin is a city in Green Lake and Waushara counties in the U.S. state of Wisconsin. The population 	 	5	0.68313	0.30103	1
2	http://www.w3.org/2000/01/rdf-schema#label	Berlin, New Hampshire	Berlin	Berlin	Berlin, New Hampshire; Hockey Town USA	Berlin, North Dakota	Berlin; Берлин	Berlin	Berlin, North Dakota	Berlin, Wisconsin	Berlin	10	0.408248	0	1
0	http://www.w3.org/2002/07/owl#sameAs	Berlin	 	 	 	Berlin	 	 	 	Berlin	 	3	0.57735	0.522879	0
3	http://www.w3.org/2003/01/geo/wgs84_pos#lat	44.469	44.469	44.469	 	46.378	46.378	46.378	 	43.97	43.97	8	0.204124	0.09691	1
3	http://www.w3.org/2003/01/geo/wgs84_pos#long	-71.184	-71.184	-71.184	 	-98.488	-98.488	-98.488	 	-88.949	-88.949	8	0.204124	0.09691	1
0	http://www.w3.org/ns/prov#wasDerivedFrom	http://en.wikipedia.org/wiki/Berlin,_New_Hampshire?oldid=740552055	 	 	 	http://en.wikipedia.org/wiki/Berlin,_North_Dakota?oldid=729246709	 	 	 	http://en.wikipedia.org/wiki/Berlin,_Wisconsin?oldid=744704469	 	3	0.816497	0.522879	1
0	http://xmlns.com/foaf/0.1/depiction	http://commons.wikimedia.org/wiki/Special:FilePath/Berlin_-_Autumne.jpg	 	 	 	http://commons.wikimedia.org/wiki/Special:FilePath/Berlin,_North_Dakota_6-12-2008.jpg	 	 	 	http://commons.wikimedia.org/wiki/Special:FilePath/HuronStHistoricDistrictBerlinWisconsinWIS49.jpg	 	3	0.816497	0.522879	1
2	http://xmlns.com/foaf/0.1/homepage;http://rdf.freebase.com/ns/common.topic.official_website;http://www.wikidata.org/entity/P856c;http://yago-knowledge.org/resource/hasWebsite	http://www.berlinnh.gov	http://www.berlinnh.gov/	http://www.berlinnh.gov/	http://www.berlinnh.gov	 	 	 	 	http://cityofberlin.net	 	5	0.516398	0.30103	1
1	http://xmlns.com/foaf/0.1/isPrimaryTopicOf;http://rdf.freebase.com/ns/common.topic.topic_equivalent_webpage	http://en.wikipedia.org/wiki/Berlin,_New_Hampshire	http://ar.wikipedia.org/wiki/%28%31%44%4A%46_(%46%4A%48%47%27%45%34%4A%31); http://ko.wikipedia.org/	 	 	http://en.wikipedia.org/wiki/Berlin,_North_Dakota	http://ar.wikipedia.org/wiki/%28%31%44%4A%46_(%2F%27%43%48%2A%27_%27%44%34%45%27%44%4A%29); http://p	 	 	http://en.wikipedia.org/wiki/Berlin,_Wisconsin	 	5	0.801234	0.30103	1
0	http://xmlns.com/foaf/0.1/name	Berlin, New Hampshire	 	 	 	Berlin, North Dakota	 	 	 	Berlin, Wisconsin	 	3	0.816497	0.522879	1
0	http://xmlns.com/foaf/0.1/nick	Hockey Town USA; The City That Trees Built	 	 	 	 	 	 	 	fur and leather city	 	2	0.816497	0.69897	1
2	http://rdf.freebase.com/key/authority.gnis;http://www.wikidata.org/entity/P590c	 	871491	871491	 	 	1033627	1033627	 	 	1561600	5	0.516398	0.30103	1
0	http://rdf.freebase.com/key/authority.hud.countyplace	 	3300705140	 	 	 	3804506300	 	 	 	 	2	0.816497	0.69897	1
0	http://rdf.freebase.com/key/authority.hud.fmr_id	 	3300705140	 	 	 	 	 	 	 	 	1	0.57735	1	1
2	http://rdf.freebase.com/key/authority.nist.fips.55;http://www.wikidata.org/entity/P774c	 	3305140	33-05140	 	 	3806300	38-06300	 	 	55-06925	5	0.816497	0.30103	1
0	http://rdf.freebase.com/key/base.dspl.us_census.population.place	 	3305140	 	 	 	3806300	 	 	 	 	2	0.816497	0.69897	1
0	http://rdf.freebase.com/key/en	 	berlin_new_hampshire	 	 	 	berlin_north_dakota	 	 	 	 	2	0.816497	0.69897	1
0	http://rdf.freebase.com/key/wikipedia.en	 	Maynesborough,_New_Hampshie; The_City_That_Trees_Built	 	 	 	Berlin,_North_Dakota	 	 	 	 	2	0.816497	0.69897	1
0	http://rdf.freebase.com/key/wikipedia.en_title	 	Berlin,_New_Hampshire	 	 	 	Berlin,_North_Dakota	 	 	 	 	2	0.816497	0.69897	1
0	http://rdf.freebase.com/ns/base.wikipedia_infobox.settlement.area_code	 	Area code 603	 	 	 	Area code 701	 	 	 	 	2	0.816497	0.69897	1
0	http://rdf.freebase.com/ns/common.topic.alias	 	Berlin, New Hampshire; Coos County / Berlin city	 	 	 	Berlin, North Dakota; LaMoure County / Berlin city	 	 	 	 	2	0.816497	0.69897	1
1	http://rdf.freebase.com/ns/common.topic.article;http://schema.org/description	 	Berlin ( /ˈbɜrlɨn/) is a city along the Androscoggin River in Coos County in northern New Hampshire,	city in New Hampshire, United States	 	 	Berlin is a city in LaMoure County, North Dakota in the United States. The population was 34 at the 	city in North Dakota	 	 	city in Green Lake and Waushara Counties, Wisconsin, USA	5	0.816497	0.30103	1
0	http://rdf.freebase.com/ns/common.topic.image	 	Berlin	 	 	 	 	 	 	 	 	1	0.57735	1	1
0	http://rdf.freebase.com/ns/common.topic.notable_for	 	City/Town/Village	 	 	 	City/Town/Village	 	 	 	 	2	0.57735	0.69897	1
0	http://rdf.freebase.com/ns/common.topic.notable_types	 	City/Town/Village	 	 	 	City/Town/Village	 	 	 	 	2	0.57735	0.69897	1
0	http://rdf.freebase.com/ns/common.topic.webpage	 	http://rdf.freebase.com/ns/m.03l148v	 	 	 	 	 	 	 	 	1	0.57735	1	1
0	http://rdf.freebase.com/ns/kg.object_profile.prominent_type	 	City/Town/Village	 	 	 	City/Town/Village	 	 	 	 	2	0.57735	0.69897	1
2	http://rdf.freebase.com/ns/location.citytown.postal_codes;http://www.wikidata.org/entity/P281c	 	3570	3570	 	 	58415	58415	 	 	54923	5	0.516398	0.30103	1
0	http://rdf.freebase.com/ns/location.hud_county_place.countyplace_id	 	3300705140	 	 	 	3804506300	 	 	 	 	2	0.816497	0.69897	1
0	http://rdf.freebase.com/ns/location.hud_county_place.place	 	Berlin	 	 	 	Berlin	 	 	 	 	2	0.57735	0.69897	1
0	http://rdf.freebase.com/ns/location.hud_foreclosure_area.bls_unemployment_rate	 	0.057	 	 	 	0.04	 	 	 	 	2	0.816497	0.69897	1
0	http://rdf.freebase.com/ns/location.hud_foreclosure_area.estimated_number_foreclosures	 	123	 	 	 	0	 	 	 	 	2	0.816497	0.69897	1
0	http://rdf.freebase.com/ns/location.hud_foreclosure_area.estimated_number_of_mortgages	 	1259	 	 	 	2	 	 	 	 	2	0.816497	0.69897	1
0	http://rdf.freebase.com/ns/location.hud_foreclosure_area.hhuniv	 	4555	 	 	 	16	 	 	 	 	2	0.816497	0.69897	1
0	http://rdf.freebase.com/ns/location.hud_foreclosure_area.ofheo_price_change	 	0	 	 	 	 	 	 	 	 	1	0.57735	1	1
0	http://rdf.freebase.com/ns/location.hud_foreclosure_area.total_90_day_vacant_residential_addresses	 	432	 	 	 	0	 	 	 	 	2	0.816497	0.69897	1
0	http://rdf.freebase.com/ns/location.hud_foreclosure_area.total_residential_addresses	 	4875	 	 	 	9	 	 	 	 	2	0.816497	0.69897	1
0	http://rdf.freebase.com/ns/location.location.contains	 	Congregational Church; Holy Resurrection Orthodox Church	 	 	 	 	 	 	 	 	1	0.816497	1	1
0	http://rdf.freebase.com/ns/location.location.gnis_feature_id	 	871491	 	 	 	1033627	 	 	 	 	2	0.816497	0.69897	1
0	http://rdf.freebase.com/ns/location.location.people_born_here	 	Bernhard Kugler; Claus Hubalek	 	 	 	Milton Young	 	 	 	 	2	0.816497	0.69897	1
0	http://rdf.freebase.com/ns/location.location.time_zones	 	Eastern Time Zone	 	 	 	Central Time Zone	 	 	 	 	2	0.816497	0.69897	1
0	http://rdf.freebase.com/ns/location.statistical_region.hud_id	 	3300705140	 	 	 	 	 	 	 	 	1	0.57735	1	1
0	http://rdf.freebase.com/ns/location.statistical_region.rent50_0	 	http://rdf.freebase.com/ns/m.05gdm4v	 	 	 	 	 	 	 	 	1	0.57735	1	1
0	http://rdf.freebase.com/ns/location.statistical_region.rent50_1	 	http://rdf.freebase.com/ns/m.05gdm51	 	 	 	 	 	 	 	 	1	0.57735	1	1
0	http://rdf.freebase.com/ns/location.statistical_region.rent50_2	 	http://rdf.freebase.com/ns/m.05gdm58	 	 	 	 	 	 	 	 	1	0.57735	1	1
0	http://rdf.freebase.com/ns/location.statistical_region.rent50_3	 	http://rdf.freebase.com/ns/m.05gdm5h	 	 	 	 	 	 	 	 	1	0.57735	1	1
0	http://rdf.freebase.com/ns/location.statistical_region.rent50_4	 	http://rdf.freebase.com/ns/m.05gdm5q	 	 	 	 	 	 	 	 	1	0.57735	1	1
0	http://rdf.freebase.com/ns/periodicals.newspaper_circulation_area.newspapers	 	The Berlin Daily Sun	 	 	 	 	 	 	 	 	1	0.57735	1	1
0	http://rdf.freebase.com/ns/topic_server.population_number	 	10005	 	 	 	30	 	 	 	 	2	0.816497	0.69897	1
0	http://rdf.freebase.com/ns/travel.travel_destination.tourist_attractions	 	Forest Lake State Park	 	 	 	 	 	 	 	 	1	0.57735	1	1
0	http://rdf.freebase.com/ns/type.object.key	 	/authority/hud/countyplace/3300705140; /wikipedia/uk_id/1848363	 	 	 	/authority/gnis/1033627; /wikipedia/zh-cn/Berlin,_North_Dakota	 	 	 	 	2	0.816497	0.69897	1
0	http://rdf.freebase.com/ns/type.object.name	 	Berlin	 	 	 	Berlin	 	 	 	 	2	0.57735	0.69897	1
0	http://rdf.freebase.com/ns/type.object.type	 	City/Town/Village; HUD County Place	 	 	 	City/Town/Village; Dated location	 	 	 	 	2	0.456435	0.69897	1
1	http://www.wikidata.org/entity/P1566c	 	 	5083330	 	 	 	5058265	 	 	5245497	3	0.816497	0.522879	1
1	http://www.wikidata.org/entity/P18c	 	 	http://commons.wikimedia.org/wiki/File:Berlin_-_Autumne.jpg	 	 	 	http://commons.wikimedia.org/wiki/File:Berlin,_North_Dakota_6-12-2008.jpg	 	 	http://commons.wikimedia.org/wiki/File:HuronStHistoricDistrictBerlinWisconsinWIS49.jpg	3	0.816497	0.522879	1
1	http://www.wikidata.org/entity/P2046c	 	 	161874256	 	 	 	260000	 	 	16472324	3	0.816497	0.522879	1
0	http://www.wikidata.org/entity/P373c	 	 	Berlin, New Hampshire	 	 	 	 	 	 	Berlin, Wisconsin	2	0.816497	0.69897	1
1	http://www.wikidata.org/entity/P571c;http://yago-knowledge.org/resource/wasCreatedOnDate	 	 	1829	1829-01-01	 	 	 	1887-01-01	 	 	3	0.816497	0.522879	1
0	http://www.wikidata.org/entity/P646-freebase	 	 	Berlin	 	 	 	Berlin	 	 	Berlin	3	0.57735	0.522879	1
0	http://www.wikidata.org/entity/P646c	 	 	/m/0xfhc	 	 	 	/m/0ypbd	 	 	/m/02nlwm	3	0.816497	0.522879	1
0	http://www.wikidata.org/entity/P910c	 	 	Category:Berlin, New Hampshire	 	 	 	 	 	 	 	1	0.57735	1	1
0	http://www.wikidata.org/entity/P998c	 	 	Regional/North_America/United_States/New_Hampshire/Localities/B/Berlin/	 	 	 	 	 	 	 	1	0.57735	1	1
0	http://www.w3.org/2004/02/skos/core#prefLabel	 	 	 	Berlin, New Hampshire	 	 	 	Berlin, North Dakota	 	 	2	0.816497	0.69897	1
0	http://yago-knowledge.org/resource/hasCitationTitle	 	 	 	ACSC GOE: Michael J. Durant 2005 Biography; Community Profiles Berlin, NH	 	 	 	2010 Census Redistricting Data (Public Law 94-171) Summary File; American FactFinder	 	 	2	0.816497	0.69897	1
0	http://yago-knowledge.org/resource/hasWikipediaAnchorText	 	 	 	Giants of the Past: The Battle Over Hydrogenation (1903-1920); Androscoggin River	 	 	 	Central (CST); LaMoure County	 	 	2	0.764811	0.69897	1
0	http://yago-knowledge.org/resource/hasWikipediaArticleLength	 	 	 	29073	 	 	 	8481	 	 	2	0.816497	0.69897	1
0	http://yago-knowledge.org/resource/hasWikipediaUrl	 	 	 	http://en.wikipedia.org/wiki/Berlin%2C_New_Hampshire	 	 	 	http://en.wikipedia.org/wiki/Berlin%2C_North_Dakota	 	 	2	0.816497	0.69897	1
0	http://yago-knowledge.org/resource/linksTo	 	 	 	American Revolution; Androscoggin River	 	 	 	Area code 701; LaMoure County, North Dakota	 	 	2	0.782696	0.69897	1
0	http://yago-knowledge.org/resource/redirectedFrom	 	 	 	Maynesborough, New Hampshie; The City That Trees Built	 	 	 	Berlin, ND	 	 	2	0.816497	0.69897	1
0	http://dbpedia.org/ontology/PopulatedPlace/populationDensity	 	 	 	 	131.275	 	 	 	368.998	 	2	0.816497	0.69897	1
0	http://dbpedia.org/ontology/populationDensity	 	 	 	 	131.275	 	 	 	368.998	 	2	0.816497	0.69897	1
0	http://dbpedia.org/ontology/type	 	 	 	 	City	 	 	 	City	 	2	0.57735	0.69897	1
0	http://www.wikidata.org/entity/P2044c	 	 	 	 	 	 	447	 	 	246	2	0.816497	0.69897	1
0	http://yago-knowledge.org/resource/hasArea	 	 	 	 	 	 	 	0.26	 	 	1	0.57735	1	1
0	http://yago-knowledge.org/resource/hasPopulationDensity	 	 	 	 	 	 	 	131.3	 	 	1	0.57735	1	1
0	http://www.wikidata.org/entity/P242c	 	 	 	 	 	 	 	 	 	http://commons.wikimedia.org/wiki/File:WIMap-doton-Berlin_c.png	1	0.57735	1	1
