score	dataset	dbpedia	freebase	wikidata	yago-knowledge	dbpedia	freebase	wikidata	dbpedia	freebase	wikidata				
	entity	http://dbpedia.org/resource/El_Dorado,_Kansas	http://rdf.freebase.com/ns/m.0t5h_	http://www.wikidata.org/entity/Q630677	http://yago-knowledge.org/resource/El_Dorado,_Kansas	http://dbpedia.org/resource/El_Dorado,_Arkansas	http://rdf.freebase.com/ns/m.0qxck	http://www.wikidata.org/entity/Q79489	http://dbpedia.org/resource/El_Dorado_Springs,_Missouri	http://rdf.freebase.com/ns/m.0wtgm	http://www.wikidata.org/entity/Q1023032				
2	http://dbpedia.org/ontology/PopulatedPlace/areaTotal;http://dbpedia.org/ontology/areaTotal;http://rdf.freebase.com/ns/location.location.area	23102700	23.1	 	 	42200000	42.48	 	8003060	8.029	 	6	0.774597	0.221849	1
0	http://dbpedia.org/ontology/abstract	El Dorado (/ˌɛldəˈreɪdoʊ/ EL-də-RAY-doh) is city and county seat of Butler County, Kansas, United St	 	 	 	El Dorado is a city in and the county seat of Union County, Arkansas, USA. According to estimates, t	 	 	El Dorado Springs is the largest city in Cedar County, Missouri, United States. The population was 3	 	 	3	0.816497	0.522879	1
0	http://dbpedia.org/ontology/areaCode	316	 	 	 	870	 	 	417	 	 	3	0.816497	0.522879	1
0	http://dbpedia.org/ontology/areaLand	22947300	 	 	 	42100000	 	 	7977160	 	 	3	0.816497	0.522879	1
0	http://dbpedia.org/ontology/areaWater	155399	 	 	 	100000.000; 258999.000	 	 	25899.900; 30000.000	 	 	3	0.816497	0.522879	1
3	http://dbpedia.org/ontology/country;http://rdf.freebase.com/ns/location.hud_county_place.county;http://www.wikidata.org/entity/P131c;http://www.wikidata.org/entity/P17c;http://yago-knowledge.org/resource/isLocatedIn	United States	Butler County	Butler County; United States of America	Butler County, Kansas; United States	United States	Union County	Union County; United States of America	United States	Cedar County	Cedar County; United States of America	10	0.365148	0	1
0	http://dbpedia.org/ontology/elevation	409	 	 	 	 	 	 	259	 	 	2	0.816497	0.69897	1
1	http://dbpedia.org/ontology/isPartOf;http://rdf.freebase.com/ns/location.location.containedby	Butler County, Kansas	Butler County; United States of America	 	 	Union County, Arkansas	Union County; United States of America	 	Cedar County, Missouri	Cedar County; United States of America	 	6	0.57735	0.221849	1
0	http://dbpedia.org/ontology/leaderTitle	Mayor	 	 	 	Mayor	 	 	 	 	 	2	0.57735	0.69897	1
0	http://dbpedia.org/ontology/percentageOfAreaWater	0.67	 	 	 	 	 	 	 	 	 	1	0.57735	1	1
3	http://dbpedia.org/ontology/populationTotal;http://rdf.freebase.com/ns/location.statistical_region.population;http://yago-knowledge.org/resource/hasNumberOfPeople	13021	10045	 	12718	18884	18539	 	3593	3550	 	7	0.790009	0.154902	1
1	http://dbpedia.org/ontology/postalCode	67042	 	 	 	71730, 71731, 71768	 	 	64744	 	 	3	0.816497	0.522879	1
0	http://dbpedia.org/ontology/thumbnail	http://commons.wikimedia.org/wiki/Special:FilePath/El_Dorado_Kansas_Pine_Main_Intersection.jpg?width	 	 	 	http://commons.wikimedia.org/wiki/Special:FilePath/ChrisLitherlandElDorado.jpg?width=300	 	 	http://commons.wikimedia.org/wiki/Special:FilePath/Cedar_County_Missouri_Incorporated_and_Unincorpor	 	 	3	0.816497	0.522879	1
1	http://dbpedia.org/ontology/timeZone	Central Time Zone	 	 	 	Central Time Zone (North America); North American Central Time Zone	 	 	North American Central Time Zone	 	 	3	0.645497	0.522879	1
0	http://dbpedia.org/ontology/type	City	 	 	 	 	 	 	City	 	 	2	0.57735	0.69897	1
0	http://dbpedia.org/ontology/utcOffset	-5	 	 	 	-5	 	 	-5	 	 	3	0	0.522879	1
0	http://dbpedia.org/ontology/wikiPageExternalLink	http://www.census.gov/prod/www/abs/decennial/; http://www.lkm.org/directory/cities.php?ID=45	 	 	 	http://westsidechristianschool.org/; http://www.eldoradopromise.com/	 	 	http://dl.mospace.umsystem.edu/mu/islandora/object/mu%3A138783; http://www.eldo.k12.mo.us/	 	 	3	0.816497	0.522879	1
2	http://dbpedia.org/ontology/wikiPageID;http://rdf.freebase.com/key/wikipedia.en_id	114444	114444	 	 	107282	107282	 	122596	122596	 	6	0.408248	0.221849	1
0	http://dbpedia.org/ontology/wikiPageLength	24429	 	 	 	46937	 	 	11273	 	 	3	0.816497	0.522879	1
0	http://dbpedia.org/ontology/wikiPageOutDegree	175	 	 	 	290	 	 	48	 	 	3	0.816497	0.522879	1
0	http://dbpedia.org/ontology/wikiPageRevisionID	745222178	 	 	 	739969014	 	 	743177326	 	 	3	0.816497	0.522879	1
0	http://purl.org/dc/terms/subject	1871 establishments in Kansas; County seats in Kansas	 	 	 	1843 establishments in Arkansas; County seats in Arkansas	 	 	Cities in Cedar County, Missouri	 	 	3	0.816497	0.522879	1
0	http://www.georss.org/georss/point	37.82111111111111 -96.85833333333333	 	 	 	33.21361111111111 -92.6625	 	 	37.87083333333333 -94.02111111111111	 	 	3	0.816497	0.522879	1
0	http://www.w3.org/1999/02/22-rdf-syntax-ns#type;http://www.wikidata.org/entity/P31c	Spatial Thing; http://dbpedia.org/ontology/Location	Capital of administrative division; City/Town/Village	city	wikicat Cities in Butler County, Kansas; wordnet location 100027167	Spatial Thing; http://dbpedia.org/ontology/Location	Capital of administrative division; City/Town/Village	city	Spatial Thing; http://dbpedia.org/ontology/Location	City/Town/Village; Dated location	city	10	0.358057	0	1
2	http://www.w3.org/2000/01/rdf-schema#comment;http://rdf.freebase.com/ns/common.topic.description	El Dorado (/ˌɛldəˈreɪdoʊ/ EL-də-RAY-doh) is city and county seat of Butler County, Kansas, United St	El Dorado /ɛldɵˈreɪdoʊ/ EL-də-RAY-doh is a city situated along the Walnut River in the central part 	 	 	El Dorado is a city in and the county seat of Union County, Arkansas, USA. According to estimates, t	El Dorado is a city in and the county seat of Union County, Arkansas, USA. According to estimates, t	 	El Dorado Springs is the largest city in Cedar County, Missouri, United States. The population was 3	El Dorado Springs is the largest city in Cedar County, Missouri, United States. The population was 3	 	6	0.57735	0.221849	1
2	http://www.w3.org/2000/01/rdf-schema#label	El Dorado, Kansas	El Dorado	El Dorado	El Dorado, Kansas	El Dorado, Arkansas	El Dorado; Ель-Дорадо	El Dorado	El Dorado Springs, Missouri	El Dorado Springs; Ел Дорадо Спрингс	El Dorado Springs	10	0.365148	0	1
0	http://www.w3.org/2000/01/rdf-schema#seeAlso	Butler County Community College (Kansas)	 	 	 	 	 	 	 	 	 	1	0.816497	1	1
0	http://www.w3.org/2002/07/owl#sameAs	El Dorado	 	 	 	El Dorado	 	 	El Dorado Springs	 	 	3	0.57735	0.522879	0
3	http://www.w3.org/2003/01/geo/wgs84_pos#lat	37.821	37.821	37.821	 	33.214	33.214	33.214	37.871	37.871	37.871	9	0	0.045757	1
3	http://www.w3.org/2003/01/geo/wgs84_pos#long	-96.858	-96.858	-96.858	 	-92.663	-92.663	-92.663	-94.021	-94.021	-94.021	9	0	0.045757	1
0	http://www.w3.org/ns/prov#wasDerivedFrom	http://en.wikipedia.org/wiki/El_Dorado,_Kansas?oldid=745222178	 	 	 	http://en.wikipedia.org/wiki/El_Dorado,_Arkansas?oldid=739969014	 	 	http://en.wikipedia.org/wiki/El_Dorado_Springs,_Missouri?oldid=743177326	 	 	3	0.816497	0.522879	1
0	http://xmlns.com/foaf/0.1/depiction	http://commons.wikimedia.org/wiki/Special:FilePath/El_Dorado_Kansas_Pine_Main_Intersection.jpg	 	 	 	http://commons.wikimedia.org/wiki/Special:FilePath/ChrisLitherlandElDorado.jpg	 	 	http://commons.wikimedia.org/wiki/Special:FilePath/Cedar_County_Missouri_Incorporated_and_Unincorpor	 	 	3	0.816497	0.522879	1
2	http://xmlns.com/foaf/0.1/homepage;http://rdf.freebase.com/ns/common.topic.official_website;http://www.wikidata.org/entity/P856c;http://yago-knowledge.org/resource/hasWebsite	http://www.eldoks.com/	http://www.eldoks.com/	http://www.360eldorado.com/Government/CityofElDorado.html	http://www.eldoks.com/	http://www.eldoradoar.org/	http://www.eldoradoar.org/	http://www.eldoradoar.org/	 	 	 	7	0.308607	0.154902	1
1	http://xmlns.com/foaf/0.1/isPrimaryTopicOf;http://rdf.freebase.com/ns/common.topic.topic_equivalent_webpage	http://en.wikipedia.org/wiki/El_Dorado,_Kansas	http://ar.wikipedia.org/wiki/%25%44%2F%48%31%27%2F%48_(%43%27%46%33%27%33); http://ca.wikipedia.org/	 	 	http://en.wikipedia.org/wiki/El_Dorado,_Arkansas	http://ar.wikipedia.org/wiki/%25%44_%2F%48%31%27%2F%48_(%23%31%43%46%33%27%33); http://fa.wikipedia.	 	http://en.wikipedia.org/wiki/El_Dorado_Springs,_Missouri	http://ar.wikipedia.org/wiki/%25%44_%2F%48%31%27%2F%48_%33%28%31%46%3A%32; http://geonames.usgs.gov/	 	6	0.793777	0.221849	1
0	http://xmlns.com/foaf/0.1/name	El Dorado, Kansas	 	 	 	El Dorado, Arkansas	 	 	El Dorado Springs, Missouri	 	 	3	0.816497	0.522879	1
2	http://rdf.freebase.com/key/authority.gnis;http://www.wikidata.org/entity/P590c	 	485449	485449	 	 	76861	76861	 	748498	748498	6	0.408248	0.221849	1
1	http://rdf.freebase.com/key/authority.hud.countyplace	 	2001520075	 	 	 	513921070	 	 	2903921502	 	3	0.816497	0.522879	1
2	http://rdf.freebase.com/key/authority.nist.fips.55;http://www.wikidata.org/entity/P774c	 	2020075	 	 	 	521070	05-21070	 	2921502	29-21502	5	0.816497	0.30103	1
1	http://rdf.freebase.com/key/base.dspl.us_census.population.place	 	2020075	 	 	 	521070	 	 	2921502	 	3	0.816497	0.522879	1
1	http://rdf.freebase.com/key/en	 	el_dorado_kansas	 	 	 	el_dorado_arkansas	 	 	el_dorado_springs	 	3	0.816497	0.522879	1
1	http://rdf.freebase.com/key/wikipedia.en	 	El_Dorado_North,_Kansas; UN/LOCODE:USEDK	 	 	 	El_Dorado,_Arkansas; UN/LOCODE:USELD	 	 	El_Dorado_Springs,_Missouri; UN/LOCODE:USEOO	 	3	0.816497	0.522879	1
1	http://rdf.freebase.com/key/wikipedia.en_title	 	El_Dorado,_Kansas	 	 	 	El_Dorado,_Arkansas	 	 	El_Dorado_Springs,_Missouri	 	3	0.816497	0.522879	1
0	http://rdf.freebase.com/ns/base.wikipedia_infobox.settlement.area_code	 	Area code 316	 	 	 	Area code 870	 	 	Area code 417	 	3	0.816497	0.522879	1
0	http://rdf.freebase.com/ns/common.topic.alias	 	Butler County / El Dorado city; El Dorado, Kansas	 	 	 	El Dorado, Arkansas; Union County / El Dorado city	 	 	Cedar County / El Dorado Springs city; El Dorado Springs, Missouri	 	3	0.816497	0.522879	1
2	http://rdf.freebase.com/ns/common.topic.article;http://schema.org/description	 	El Dorado /ɛldɵˈreɪdoʊ/ EL-də-RAY-doh is a city situated along the Walnut River in the central part 	city in Kansas	 	 	El Dorado (/ˈɛl dəˈreɪdoʊ/, el d'-RAY-do, or /ˈɛl dəˈreɪdə/) is a city in Union County, Arkansas, US	city in Arkansas, USA	 	El Dorado Springs is the largest city in Cedar County, Missouri, United States. The population was 3	city	6	0.816497	0.221849	1
0	http://rdf.freebase.com/ns/common.topic.image	 	Kta towanda ramp; Location of El Dorado in Kansas	 	 	 	Location of El Dorado, Arkansas	 	 	Location of El Dorado Springs, Missouri	 	3	0.816497	0.522879	1
0	http://rdf.freebase.com/ns/common.topic.notable_for	 	City/Town/Village	 	 	 	City/Town/Village	 	 	City/Town/Village	 	3	0.57735	0.522879	1
0	http://rdf.freebase.com/ns/common.topic.notable_types	 	City/Town/Village	 	 	 	City/Town/Village	 	 	City/Town/Village	 	3	0.57735	0.522879	1
0	http://rdf.freebase.com/ns/common.topic.webpage	 	http://rdf.freebase.com/ns/m.03kzfxf	 	 	 	http://rdf.freebase.com/ns/m.05ckksp	 	 	 	 	2	0.816497	0.69897	1
0	http://rdf.freebase.com/ns/kg.object_profile.prominent_type	 	City/Town/Village	 	 	 	City/Town/Village	 	 	City/Town/Village	 	3	0.57735	0.522879	1
0	http://rdf.freebase.com/ns/location.capital_of_administrative_division.capital_of	 	Butler County	 	 	 	Union County	 	 	 	 	2	0.816497	0.69897	1
1	http://rdf.freebase.com/ns/location.citytown.postal_codes;http://www.wikidata.org/entity/P281c	 	67042	 	 	 	71730	 	 	64744	64744	4	0.68313	0.39794	1
1	http://rdf.freebase.com/ns/location.hud_county_place.countyplace_id	 	2001520075	 	 	 	513921070	 	 	2903921502	 	3	0.816497	0.522879	1
0	http://rdf.freebase.com/ns/location.hud_county_place.place	 	El Dorado	 	 	 	El Dorado	 	 	El Dorado Springs	 	3	0.57735	0.522879	1
0	http://rdf.freebase.com/ns/location.hud_foreclosure_area.bls_unemployment_rate	 	0.043	 	 	 	0.075	 	 	0.071	 	3	0.816497	0.522879	1
0	http://rdf.freebase.com/ns/location.hud_foreclosure_area.estimated_number_foreclosures	 	88	 	 	 	86	 	 	35	 	3	0.816497	0.522879	1
0	http://rdf.freebase.com/ns/location.hud_foreclosure_area.estimated_number_of_mortgages	 	2164	 	 	 	1432	 	 	508	 	3	0.816497	0.522879	1
0	http://rdf.freebase.com/ns/location.hud_foreclosure_area.hhuniv	 	5090	 	 	 	8696	 	 	1679	 	3	0.816497	0.522879	1
0	http://rdf.freebase.com/ns/location.hud_foreclosure_area.ofheo_price_change	 	0	 	 	 	0	 	 	0	 	3	0.57735	0.522879	1
0	http://rdf.freebase.com/ns/location.hud_foreclosure_area.total_90_day_vacant_residential_addresses	 	332	 	 	 	991	 	 	125	 	3	0.816497	0.522879	1
0	http://rdf.freebase.com/ns/location.hud_foreclosure_area.total_residential_addresses	 	5523	 	 	 	9461	 	 	2077	 	3	0.816497	0.522879	1
0	http://rdf.freebase.com/ns/location.location.contains	 	Butler Community College; Butler County Courthouse	 	 	 	Bank of Commerce; Masonic Temple	 	 	 	 	2	0.816497	0.69897	1
1	http://rdf.freebase.com/ns/location.location.gnis_feature_id	 	485449	 	 	 	76861	 	 	748498	 	3	0.816497	0.522879	1
0	http://rdf.freebase.com/ns/location.location.nearby_airports	 	Captain Jack Thomas/El Dorado Airport	 	 	 	South Arkansas Regional Airport at Goodwin Field	 	 	 	 	2	0.816497	0.69897	1
0	http://rdf.freebase.com/ns/location.location.people_born_here	 	Alex Graves; Beals Becker	 	 	 	Adam Setliff; Shayne Benton	 	 	 	 	2	0.816497	0.69897	1
0	http://rdf.freebase.com/ns/location.location.time_zones	 	Central Time Zone	 	 	 	Central Time Zone	 	 	Central Time Zone	 	3	0.57735	0.522879	1
0	http://rdf.freebase.com/ns/topic_server.population_number	 	11575	 	 	 	18539	 	 	3550	 	3	0.816497	0.522879	1
0	http://rdf.freebase.com/ns/type.object.key	 	/authority/gnis/485449; /wikipedia/en/El_Dorado_North,_Kansas	 	 	 	/authority/hud/countyplace/0513921070; /wikipedia/it_id/3073522	 	 	/authority/gnis/748498; /wikipedia/ar/إل_دورادو_سبرنغز_(ميزوري)	 	3	0.816497	0.522879	1
0	http://rdf.freebase.com/ns/type.object.name	 	El Dorado	 	 	 	El Dorado	 	 	El Dorado Springs	 	3	0.57735	0.522879	1
0	http://rdf.freebase.com/ns/type.object.type	 	Capital of administrative division; City/Town/Village	 	 	 	Capital of administrative division; City/Town/Village	 	 	City/Town/Village; Dated location	 	3	0.187317	0.522879	1
0	http://www.w3.org/2004/02/skos/core#altLabel	 	 	El Dorado, Kansas	 	 	 	 	 	 	 	1	0.57735	1	1
1	http://www.wikidata.org/entity/P1566c	 	 	4270863	 	 	 	4109785	 	 	4385317	3	0.816497	0.522879	1
0	http://www.wikidata.org/entity/P18c	 	 	http://commons.wikimedia.org/wiki/File:El_Dorado_Kansas_Pine_Main_Intersection.jpg	 	 	 	http://commons.wikimedia.org/wiki/File:ChrisLitherlandElDorado.jpg	 	 	 	2	0.816497	0.69897	1
0	http://www.wikidata.org/entity/P2044c	 	 	409	 	 	 	 	 	 	259	2	0.816497	0.69897	1
1	http://www.wikidata.org/entity/P2046c	 	 	23102693	 	 	 	42475805	 	 	8003063	3	0.816497	0.522879	1
0	http://www.wikidata.org/entity/P242c	 	 	http://commons.wikimedia.org/wiki/File:Butler_County_Kansas_Incorporated_and_Unincorporated_areas_El	 	 	 	 	 	 	 	1	0.57735	1	1
0	http://www.wikidata.org/entity/P373c	 	 	El Dorado, Kansas	 	 	 	El Dorado, Arkansas	 	 	 	2	0.816497	0.69897	1
0	http://www.wikidata.org/entity/P646-freebase	 	 	El Dorado	 	 	 	El Dorado	 	 	El Dorado Springs	3	0.57735	0.522879	1
0	http://www.wikidata.org/entity/P646c	 	 	/m/0t5h_	 	 	 	/m/0qxck	 	 	/m/0wtgm	3	0.816497	0.522879	1
0	http://www.wikidata.org/entity/P910c	 	 	Category:El Dorado, Kansas	 	 	 	 	 	 	 	1	0.57735	1	1
0	http://www.wikidata.org/entity/P982c	 	 	d249e90b-8768-41fa-a35a-35b0d6482180	 	 	 	585114a8-761b-4709-a97a-e47c4a5b0891	 	 	 	2	0.816497	0.69897	1
0	http://www.wikidata.org/entity/P998c	 	 	Regional/North_America/United_States/Kansas/Localities/E/El_Dorado/	 	 	 	Regional/North_America/United_States/Arkansas/Localities/E/El_Dorado/	 	 	 	2	0.816497	0.69897	1
0	http://www.w3.org/2004/02/skos/core#prefLabel	 	 	 	El Dorado, Kansas	 	 	 	 	 	 	1	0.57735	1	1
0	http://yago-knowledge.org/resource/hasArea	 	 	 	23.1	 	 	 	 	 	 	1	0.57735	1	1
0	http://yago-knowledge.org/resource/hasCitationTitle	 	 	 	2010 City Population and Housing Occupancy Status; American FactFinder	 	 	 	 	 	 	1	0.816497	1	1
0	http://yago-knowledge.org/resource/hasPopulationDensity	 	 	 	567.4	 	 	 	 	 	 	1	0.57735	1	1
0	http://yago-knowledge.org/resource/hasWikipediaAnchorText	 	 	 	population density; 1958 El Dorado Tornado Photo Collection	 	 	 	 	 	 	1	0.816497	1	1
0	http://yago-knowledge.org/resource/hasWikipediaArticleLength	 	 	 	22304	 	 	 	 	 	 	1	0.57735	1	1
0	http://yago-knowledge.org/resource/hasWikipediaUrl	 	 	 	http://en.wikipedia.org/wiki/El_Dorado%2C_Kansas	 	 	 	 	 	 	1	0.57735	1	1
0	http://yago-knowledge.org/resource/linksTo	 	 	 	Almon Brown Strowger; Camp Concordia	 	 	 	 	 	 	1	0.816497	1	1
0	http://yago-knowledge.org/resource/redirectedFrom	 	 	 	El Dorado North, Kansas; UN/LOCODE:USEDK	 	 	 	 	 	 	1	0.816497	1	1
0	http://yago-knowledge.org/resource/wasCreatedOnDate;http://dbpedia.org/ontology/foundingDate	 	 	 	1871-09-12	1870-05-05	 	 	 	 	 	2	0.816497	0.69897	1
0	http://dbpedia.org/ontology/PopulatedPlace/populationDensity	 	 	 	 	506.875	 	 	450.4	 	 	2	0.816497	0.69897	1
0	http://dbpedia.org/ontology/governmentType	 	 	 	 	Mayor-council government	 	 	 	 	 	1	0.57735	1	1
0	http://dbpedia.org/ontology/maximumElevation	 	 	 	 	81.991	 	 	 	 	 	1	0.57735	1	1
0	http://dbpedia.org/ontology/minimumElevation	 	 	 	 	75.895	 	 	 	 	 	1	0.57735	1	1
0	http://dbpedia.org/ontology/populationDensity	 	 	 	 	506.875	 	 	450.4	 	 	2	0.816497	0.69897	1
0	http://dbpedia.org/ontology/populationMetro	 	 	 	 	44170	 	 	 	 	 	1	0.57735	1	1
0	http://rdf.freebase.com/ns/government.governmental_jurisdiction.governing_officials	 	 	 	 	 	Mayor of El Dorado	 	 	 	 	1	0.57735	1	1
0	http://www.wikidata.org/entity/P1281c	 	 	 	 	 	 	 	 	 	2397771	1	0.57735	1	1
0	http://www.wikidata.org/entity/P214c	 	 	 	 	 	 	 	 	 	154833066	1	0.57735	1	1
