score	dataset	dbpedia	freebase	wikidata	yago-knowledge	dbpedia	freebase	wikidata	dbpedia	freebase	wikidata				
	entity	http://dbpedia.org/resource/Underwood,_Iowa	http://rdf.freebase.com/ns/m.0t2m_	http://www.wikidata.org/entity/Q609135	http://yago-knowledge.org/resource/Underwood,_Iowa	http://dbpedia.org/resource/New_Underwood,_South_Dakota	http://rdf.freebase.com/ns/m.0_rvr	http://www.wikidata.org/entity/Q2197104	http://dbpedia.org/resource/Underwood,_Minnesota	http://rdf.freebase.com/ns/m.0wcd0	http://www.wikidata.org/entity/Q1012194				
2	http://dbpedia.org/ontology/PopulatedPlace/areaTotal;http://dbpedia.org/ontology/areaTotal;http://rdf.freebase.com/ns/location.location.area	1191390	1.19	 	 	2589990	2.59	 	1502190	1.5	 	6	0.632456	0.221849	1
1	http://dbpedia.org/ontology/PopulatedPlace/populationDensity	769.695	 	 	 	254.8	 	 	226.989	 	 	3	0.816497	0.522879	1
0	http://dbpedia.org/ontology/abstract	Underwood is a city in Pottawattamie County, Iowa, United States. The population was 917 at the 2010	 	 	 	New Underwood (Lakota: wóȟešma tȟéča; "new undergrowth") is a city in Pennington County, South Dakot	 	 	Underwood is a city in Otter Tail County, Minnesota, United States. The population was 341 at the 20	 	 	3	0.816497	0.522879	1
0	http://dbpedia.org/ontology/areaCode	712	 	 	 	605	 	 	218	 	 	3	0.816497	0.522879	1
0	http://dbpedia.org/ontology/areaLand	1191390	 	 	 	2589990	 	 	1502190	 	 	3	0.816497	0.522879	1
0	http://dbpedia.org/ontology/areaWater	0	 	 	 	0	 	 	0	 	 	3	0.57735	0.522879	1
3	http://dbpedia.org/ontology/country;http://rdf.freebase.com/ns/location.hud_county_place.county;http://www.wikidata.org/entity/P131c;http://www.wikidata.org/entity/P17c;http://yago-knowledge.org/resource/isLocatedIn	United States	Pottawattamie County	Pottawattamie County; United States of America	Pottawattamie County, Iowa; United States	United States	Pennington County	Pennington County; United States of America	United States	Otter Tail County	Otter Tail County; United States of America	10	0.365148	0	1
1	http://dbpedia.org/ontology/elevation	326	 	 	 	866.851	 	 	406.908	 	 	3	0.816497	0.522879	1
1	http://dbpedia.org/ontology/isPartOf;http://rdf.freebase.com/ns/location.location.containedby	Pottawattamie County, Iowa	Pottawattamie County; United States of America	 	 	Pennington County, South Dakota	Pennington County; South Dakota	 	Otter Tail County, Minnesota	Otter Tail County; United States of America	 	6	0.617213	0.221849	1
0	http://dbpedia.org/ontology/leaderTitle	Mayor Pro-tem	 	 	 	 	 	 	City Council	 	 	2	0.645497	0.69897	1
0	http://dbpedia.org/ontology/populationDensity	769.695	 	 	 	254.8	 	 	226.989	 	 	3	0.816497	0.522879	1
3	http://dbpedia.org/ontology/populationTotal;http://rdf.freebase.com/ns/location.statistical_region.population;http://yago-knowledge.org/resource/hasNumberOfPeople	917	515	 	688	660	561	 	341	283	 	7	0.782696	0.154902	1
1	http://dbpedia.org/ontology/postalCode	51576	 	 	 	57761	 	 	56586	 	 	3	0.816497	0.522879	1
0	http://dbpedia.org/ontology/thumbnail	http://commons.wikimedia.org/wiki/Special:FilePath/Pottawattamie_County_Iowa_Incorporated_and_Uninco	 	 	 	http://commons.wikimedia.org/wiki/Special:FilePath/Pennington_County_South_Dakota_Incorporated_and_U	 	 	http://commons.wikimedia.org/wiki/Special:FilePath/Otter_Tail_County_Minnesota_Incorporated_and_Unin	 	 	3	0.816497	0.522879	1
1	http://dbpedia.org/ontology/timeZone	North American Central Time Zone	 	 	 	Mountain Time Zone	 	 	North American Central Time Zone	 	 	3	0.57735	0.522879	1
0	http://dbpedia.org/ontology/type	City	 	 	 	City	 	 	City	 	 	3	0.57735	0.522879	1
1	http://dbpedia.org/ontology/utcOffset	-5	 	 	 	-6	 	 	-5	 	 	3	0.408248	0.522879	1
0	http://dbpedia.org/ontology/wikiPageExternalLink	http://data.iowadatacenter.org/datatables/PlacesAll/plpopulation18502000.pdf; http://www.underwoodea	 	 	 	 	 	 	http://www.ci.underwood.mn.us/index.html; http://www.prtelweb.com/underwood/	 	 	2	0.816497	0.69897	1
2	http://dbpedia.org/ontology/wikiPageID;http://rdf.freebase.com/key/wikipedia.en_id	114173	114173	 	 	134985	134985	 	121225	121225	 	6	0.408248	0.221849	1
0	http://dbpedia.org/ontology/wikiPageLength	10763	 	 	 	11678	 	 	10065	 	 	3	0.816497	0.522879	1
0	http://dbpedia.org/ontology/wikiPageOutDegree	39	 	 	 	44	 	 	42	 	 	3	0.816497	0.522879	1
0	http://dbpedia.org/ontology/wikiPageRevisionID	729178320	 	 	 	729376885	 	 	729222816	 	 	3	0.816497	0.522879	1
0	http://purl.org/dc/terms/subject	Cities in Pottawattamie County, Iowa	 	 	 	Cities in Pennington County, South Dakota; Rapid City metropolitan area	 	 	Cities in Otter Tail County, Minnesota	 	 	3	0.816497	0.522879	1
0	http://www.georss.org/georss/point	41.386944444444445 -95.67861111111111	 	 	 	44.09388888888889 -102.83416666666666	 	 	46.28527777777778 -95.87083333333334	 	 	3	0.816497	0.522879	1
0	http://www.w3.org/1999/02/22-rdf-syntax-ns#type;http://www.wikidata.org/entity/P31c	Spatial Thing; http://dbpedia.org/ontology/Location	City/Town/Village; Dated location	city	wikicat Cities in Pottawattamie County, Iowa; wordnet location 100027167	Spatial Thing; http://dbpedia.org/ontology/Location	City/Town/Village; Dated location	city	Spatial Thing; http://dbpedia.org/ontology/Location	City/Town/Village; Dated location	city	10	0.270666	0	1
2	http://www.w3.org/2000/01/rdf-schema#comment;http://rdf.freebase.com/ns/common.topic.description	Underwood is a city in Pottawattamie County, Iowa, United States. The population was 917 at the 2010	Underwood is a city in Pottawattamie County, Iowa, United States. The population was 917 at the 2010	 	 	New Underwood (Lakota: wóȟešma tȟéča; "new undergrowth") is a city in Pennington County, South Dakot	New Underwood is a city in Pennington County, South Dakota, United States. The population was 660 at	 	Underwood is a city in Otter Tail County, Minnesota, United States. The population was 341 at the 20	Underwood is a city in Otter Tail County, Minnesota, United States. The population was 341 at the 20	 	6	0.57735	0.221849	1
2	http://www.w3.org/2000/01/rdf-schema#label	Underwood, Iowa	Underwood; آندروود، آیووا	Underwood	Underwood, Iowa	New Underwood, South Dakota	New Underwood	New Underwood	Underwood, Minnesota	Underwood; أندروود	Underwood	10	0.447214	0	1
0	http://www.w3.org/2002/07/owl#sameAs	Underwood	 	 	 	New Underwood	 	 	Underwood	 	 	3	0.57735	0.522879	0
3	http://www.w3.org/2003/01/geo/wgs84_pos#lat	41.387	41.387	41.387	 	44.094	44.094	44.094	46.285	46.285	46.285	9	0	0.045757	1
3	http://www.w3.org/2003/01/geo/wgs84_pos#long	-95.679	-95.679	-95.679	 	-102.834	-102.834	-102.834	-95.871	-95.871	-95.871	9	0	0.045757	1
0	http://www.w3.org/ns/prov#wasDerivedFrom	http://en.wikipedia.org/wiki/Underwood,_Iowa?oldid=729178320	 	 	 	http://en.wikipedia.org/wiki/New_Underwood,_South_Dakota?oldid=729376885	 	 	http://en.wikipedia.org/wiki/Underwood,_Minnesota?oldid=729222816	 	 	3	0.816497	0.522879	1
0	http://xmlns.com/foaf/0.1/depiction	http://commons.wikimedia.org/wiki/Special:FilePath/Pottawattamie_County_Iowa_Incorporated_and_Uninco	 	 	 	http://commons.wikimedia.org/wiki/Special:FilePath/Pennington_County_South_Dakota_Incorporated_and_U	 	 	http://commons.wikimedia.org/wiki/Special:FilePath/Otter_Tail_County_Minnesota_Incorporated_and_Unin	 	 	3	0.816497	0.522879	1
2	http://xmlns.com/foaf/0.1/homepage;http://www.wikidata.org/entity/P856c;http://yago-knowledge.org/resource/hasWebsite	http://www.underwoodia.com/	 	http://www.underwoodia.com/	http://www.underwoodia.com/	 	 	 	http://www.ci.underwood.mn.us/	 	http://www.ci.underwood.mn.us/	5	0.258199	0.30103	1
1	http://xmlns.com/foaf/0.1/isPrimaryTopicOf;http://rdf.freebase.com/ns/common.topic.topic_equivalent_webpage	http://en.wikipedia.org/wiki/Underwood,_Iowa	http://ar.wikipedia.org/wiki/index.html?curid=1947823; http://fa.wikipedia.org/wiki/%22%46%2F%31%48%	 	 	http://en.wikipedia.org/wiki/New_Underwood,_South_Dakota	http://ar.wikipedia.org/wiki/index.html?curid=2197680; http://zh.wikipedia.org/zh-cn/%B0%89%B7%0D%B7	 	http://en.wikipedia.org/wiki/Underwood,_Minnesota	http://ar.wikipedia.org/wiki/%23%46%2F%31%48%48%2F_(%45%4A%46%4A%33%48%2A%27)	 	6	0.79093	0.221849	1
0	http://xmlns.com/foaf/0.1/name	Underwood, Iowa	 	 	 	New Underwood, South Dakota; wóȟešma tȟéča	 	 	Underwood, Minnesota	 	 	3	0.816497	0.522879	1
2	http://rdf.freebase.com/key/authority.gnis;http://www.wikidata.org/entity/P590c	 	462415	462415	 	 	1256685	1256685	 	653489	653489	6	0.408248	0.221849	1
1	http://rdf.freebase.com/key/authority.hud.countyplace	 	1915579500	 	 	 	4610345060	 	 	2711166172	 	3	0.816497	0.522879	1
2	http://rdf.freebase.com/key/authority.nist.fips.55;http://www.wikidata.org/entity/P774c	 	1979500	19-79500	 	 	4645060	 	 	2766172	2766172	5	0.68313	0.30103	1
1	http://rdf.freebase.com/key/base.dspl.us_census.population.place	 	1979500	 	 	 	4645060	 	 	2766172	 	3	0.816497	0.522879	1
1	http://rdf.freebase.com/key/en	 	underwood_iowa	 	 	 	new_underwood	 	 	underwood_minnesota	 	3	0.816497	0.522879	1
1	http://rdf.freebase.com/key/wikipedia.en	 	Underwood,_IA	 	 	 	New_Underwood,_South_Dakota	 	 	Underwood,_Minnesota	 	3	0.816497	0.522879	1
1	http://rdf.freebase.com/key/wikipedia.en_title	 	Underwood,_Iowa	 	 	 	New_Underwood,_South_Dakota	 	 	Underwood,_Minnesota	 	3	0.816497	0.522879	1
0	http://rdf.freebase.com/ns/base.wikipedia_infobox.settlement.area_code	 	Area code 712	 	 	 	Area code 605	 	 	Area code 218	 	3	0.816497	0.522879	1
0	http://rdf.freebase.com/ns/common.topic.alias	 	Pottawattamie County / Underwood city	 	 	 	New Underwood, South Dakota; Pennington County / New Underwood city	 	 	Otter Tail County / Underwood city; Underwood, Minnesota	 	3	0.816497	0.522879	1
1	http://rdf.freebase.com/ns/common.topic.article;http://schema.org/description	 	Underwood is a city in Pottawattamie County, Iowa, United States. The population was 688 at the 2000	city in Iowa	 	 	New Underwood is a city in Pennington County, South Dakota, United States. The population was 660 at	 	 	Underwood is a city in Otter Tail County, Minnesota, United States. The population was 341 at the 20	city in Minnesota	5	0.816497	0.30103	1
0	http://rdf.freebase.com/ns/common.topic.image	 	Location of Underwood, Iowa	 	 	 	Location of New Underwood, South Dakota	 	 	Location of Underwood, Minnesota	 	3	0.816497	0.522879	1
0	http://rdf.freebase.com/ns/common.topic.notable_for	 	City/Town/Village	 	 	 	City/Town/Village	 	 	City/Town/Village	 	3	0.57735	0.522879	1
0	http://rdf.freebase.com/ns/common.topic.notable_types	 	City/Town/Village	 	 	 	City/Town/Village	 	 	City/Town/Village	 	3	0.57735	0.522879	1
0	http://rdf.freebase.com/ns/kg.object_profile.prominent_type	 	City/Town/Village	 	 	 	City/Town/Village	 	 	City/Town/Village	 	3	0.57735	0.522879	1
2	http://rdf.freebase.com/ns/location.citytown.postal_codes;http://www.wikidata.org/entity/P281c	 	51576	51576	 	 	57761	 	 	56586	56586	5	0.516398	0.30103	1
1	http://rdf.freebase.com/ns/location.hud_county_place.countyplace_id	 	1915579500	 	 	 	4610345060	 	 	2711166172	 	3	0.816497	0.522879	1
0	http://rdf.freebase.com/ns/location.hud_county_place.place	 	Underwood	 	 	 	New Underwood	 	 	Underwood	 	3	0.57735	0.522879	1
0	http://rdf.freebase.com/ns/location.hud_foreclosure_area.bls_unemployment_rate	 	0.04	 	 	 	0.025	 	 	0.052	 	3	0.816497	0.522879	1
0	http://rdf.freebase.com/ns/location.hud_foreclosure_area.estimated_number_foreclosures	 	5	 	 	 	5	 	 	2	 	3	0.57735	0.522879	1
0	http://rdf.freebase.com/ns/location.hud_foreclosure_area.estimated_number_of_mortgages	 	239	 	 	 	154	 	 	56	 	3	0.816497	0.522879	1
0	http://rdf.freebase.com/ns/location.hud_foreclosure_area.hhuniv	 	252	 	 	 	234	 	 	142	 	3	0.816497	0.522879	1
0	http://rdf.freebase.com/ns/location.hud_foreclosure_area.ofheo_price_change	 	0	 	 	 	 	 	 	0	 	2	0.57735	0.69897	1
0	http://rdf.freebase.com/ns/location.hud_foreclosure_area.total_90_day_vacant_residential_addresses	 	0	 	 	 	0	 	 	0	 	3	0.57735	0.522879	1
0	http://rdf.freebase.com/ns/location.hud_foreclosure_area.total_residential_addresses	 	253	 	 	 	231	 	 	162	 	3	0.816497	0.522879	1
1	http://rdf.freebase.com/ns/location.location.gnis_feature_id	 	462415	 	 	 	1256685	 	 	653489	 	3	0.816497	0.522879	1
0	http://rdf.freebase.com/ns/location.location.time_zones	 	Central Time Zone	 	 	 	Mountain Time Zone	 	 	Central Time Zone	 	3	0.57735	0.522879	1
0	http://rdf.freebase.com/ns/topic_server.population_number	 	515	 	 	 	561	 	 	283	 	3	0.816497	0.522879	1
0	http://rdf.freebase.com/ns/type.object.key	 	/authority/hud/countyplace/1915579500; /authority/nist/fips/55/1979500	 	 	 	/authority/hud/countyplace/4610345060; /wikipedia/ar/نيو_أندروود_(داكوتا_الجنوبية)	 	 	/authority/gnis/653489; /wikipedia/ca_title/Underwood_(Minnesota)	 	3	0.816497	0.522879	1
0	http://rdf.freebase.com/ns/type.object.name	 	Underwood	 	 	 	New Underwood	 	 	Underwood	 	3	0.57735	0.522879	1
0	http://rdf.freebase.com/ns/type.object.type	 	City/Town/Village; Dated location	 	 	 	City/Town/Village; Dated location	 	 	City/Town/Village; Dated location	 	3	0	0.522879	1
1	http://www.wikidata.org/entity/P1566c	 	 	4879266	 	 	 	5767383	 	 	5050883	3	0.816497	0.522879	1
0	http://www.wikidata.org/entity/P2044c	 	 	326	 	 	 	 	 	 	407	2	0.816497	0.69897	1
0	http://www.wikidata.org/entity/P2046c	 	 	1191394	 	 	 	 	 	 	1502193	2	0.816497	0.69897	1
0	http://www.wikidata.org/entity/P242c	 	 	http://commons.wikimedia.org/wiki/File:IAMap-doton-Underwood.PNG	 	 	 	 	 	 	 	1	0.57735	1	1
0	http://www.wikidata.org/entity/P646-freebase	 	 	Underwood	 	 	 	New Underwood	 	 	Underwood	3	0.57735	0.522879	1
0	http://www.wikidata.org/entity/P646c	 	 	/m/0t2m_	 	 	 	/m/0_rvr	 	 	/m/0wcd0	3	0.816497	0.522879	1
0	http://www.w3.org/2004/02/skos/core#prefLabel	 	 	 	Underwood, Iowa	 	 	 	 	 	 	1	0.57735	1	1
0	http://yago-knowledge.org/resource/hasArea	 	 	 	1.19	 	 	 	 	 	 	1	0.57735	1	1
0	http://yago-knowledge.org/resource/hasCitationTitle	 	 	 	American FactFinder; Population Estimates	 	 	 	 	 	 	1	0.816497	1	1
0	http://yago-knowledge.org/resource/hasPopulationDensity	 	 	 	769.7	 	 	 	 	 	 	1	0.57735	1	1
0	http://yago-knowledge.org/resource/hasWikipediaAnchorText	 	 	 	African American; Iowa Data Center	 	 	 	 	 	 	1	0.816497	1	1
0	http://yago-knowledge.org/resource/hasWikipediaArticleLength	 	 	 	10304	 	 	 	 	 	 	1	0.57735	1	1
0	http://yago-knowledge.org/resource/hasWikipediaUrl	 	 	 	http://en.wikipedia.org/wiki/Underwood%2C_Iowa	 	 	 	 	 	 	1	0.57735	1	1
0	http://yago-knowledge.org/resource/linksTo	 	 	 	Area code 712; Pottawattamie County, Iowa	 	 	 	 	 	 	1	0.816497	1	1
0	http://yago-knowledge.org/resource/redirectedFrom	 	 	 	Underwood, IA	 	 	 	 	 	 	1	0.57735	1	1
0	http://www.w3.org/2004/02/skos/core#altLabel	 	 	 	 	 	 	New Underwood, South Dakota	 	 	 	1	0.57735	1	1
