score	dataset	dbpedia	freebase	wikidata	yago-knowledge	dbpedia	freebase	wikidata	dbpedia	freebase	wikidata				
	entity	http://dbpedia.org/resource/Tipton,_Iowa	http://rdf.freebase.com/ns/m.0sssr	http://www.wikidata.org/entity/Q1925245	http://yago-knowledge.org/resource/Tipton,_Iowa	http://dbpedia.org/resource/Tipton,_Kansas	http://rdf.freebase.com/ns/m.0t8t0	http://www.wikidata.org/entity/Q2173868	http://dbpedia.org/resource/Tipton,_Missouri	http://rdf.freebase.com/ns/m.0wx_k	http://www.wikidata.org/entity/Q960333				
2	http://dbpedia.org/ontology/PopulatedPlace/areaTotal;http://dbpedia.org/ontology/areaTotal;http://rdf.freebase.com/ns/location.location.area	5413080	5.41	 	 	670000	0.67	 	5464870	5.46	 	6	0.68313	0.221849	1
0	http://dbpedia.org/ontology/PopulatedPlace/populationDensity	595	 	 	 	 	 	 	602.6	 	 	2	0.816497	0.69897	1
0	http://dbpedia.org/ontology/abstract	Tipton is a city in Cedar County, Iowa, United States. The population was 3,221 at the 2010 census. 	 	 	 	Tipton is a city in Mitchell County, Kansas, United States. As of the 2010 census, the city populati	 	 	Tipton is a city in Moniteau County, Missouri, United States. The population was 3,262 at the 2010 c	 	 	3	0.816497	0.522879	1
0	http://dbpedia.org/ontology/areaCode	563	 	 	 	785	 	 	660	 	 	3	0.816497	0.522879	1
0	http://dbpedia.org/ontology/areaLand	5413080	 	 	 	670000	 	 	5413080	 	 	3	0.57735	0.522879	1
0	http://dbpedia.org/ontology/areaWater	0	 	 	 	0	 	 	50000	 	 	3	0.645497	0.522879	1
3	http://dbpedia.org/ontology/country;http://rdf.freebase.com/ns/location.hud_county_place.county;http://www.wikidata.org/entity/P131c;http://www.wikidata.org/entity/P17c;http://yago-knowledge.org/resource/isLocatedIn	United States	Cedar County	Cedar County; United States of America	Cedar County, Iowa; United States	United States	Mitchell County	Mitchell County; United States of America	United States	Moniteau County	Moniteau County; United States of America	10	0.365148	0	1
1	http://dbpedia.org/ontology/elevation	250.85	 	 	 	488.899	 	 	281.94	 	 	3	0.816497	0.522879	1
1	http://dbpedia.org/ontology/isPartOf;http://rdf.freebase.com/ns/location.location.containedby	Cedar County, Iowa	Cedar County; United States of America	 	 	Mitchell County, Kansas	Mitchell County; United States of America	 	Moniteau County, Missouri	Moniteau County; United States of America	 	6	0.57735	0.221849	1
0	http://dbpedia.org/ontology/motto	Where Dreams Happen!	 	 	 	 	 	 	 	 	 	1	0.57735	1	1
0	http://dbpedia.org/ontology/populationDensity	595	 	 	 	 	 	 	602.6	 	 	2	0.816497	0.69897	1
3	http://dbpedia.org/ontology/populationTotal;http://rdf.freebase.com/ns/location.statistical_region.population;http://yago-knowledge.org/resource/hasNumberOfPeople	3221	2989	 	3155	210	206	 	3262	1947	 	7	0.783604	0.154902	1
1	http://dbpedia.org/ontology/postalCode	52772	 	 	 	67485	 	 	65081	 	 	3	0.816497	0.522879	1
0	http://dbpedia.org/ontology/thumbnail	http://commons.wikimedia.org/wiki/Special:FilePath/Tipton,_Iowa.jpg?width=300	 	 	 	http://commons.wikimedia.org/wiki/Special:FilePath/Mitchell_County_Kansas_Incorporated_and_Unincorpo	 	 	http://commons.wikimedia.org/wiki/Special:FilePath/Moniteau_County_Missouri_Incorporated_and_Unincor	 	 	3	0.816497	0.522879	1
0	http://dbpedia.org/ontology/timeZone	North American Central Time Zone	 	 	 	North American Central Time Zone	 	 	North American Central Time Zone	 	 	3	0.57735	0.522879	1
0	http://dbpedia.org/ontology/type	City	 	 	 	City	 	 	City	 	 	3	0.57735	0.522879	1
0	http://dbpedia.org/ontology/utcOffset	-5	 	 	 	-5	 	 	-5	 	 	3	0	0.522879	1
0	http://dbpedia.org/ontology/wikiPageExternalLink	http://www.city-data.com/city/Tipton-Iowa.html	 	 	 	http://www.census.gov/prod/www/abs/decennial/; http://www.tiptonkansas.com	 	 	http://dl.mospace.umsystem.edu/mu/islandora/object/mu%3A138991	 	 	3	0.816497	0.522879	1
2	http://dbpedia.org/ontology/wikiPageID;http://rdf.freebase.com/key/wikipedia.en_id	112856	112856	 	 	114752	114752	 	122925	122925	 	6	0.408248	0.221849	1
0	http://dbpedia.org/ontology/wikiPageLength	12101	 	 	 	10164	 	 	12600	 	 	3	0.816497	0.522879	1
0	http://dbpedia.org/ontology/wikiPageOutDegree	55	 	 	 	50	 	 	75	 	 	3	0.816497	0.522879	1
0	http://dbpedia.org/ontology/wikiPageRevisionID	740416105	 	 	 	729181735	 	 	735577634	 	 	3	0.816497	0.522879	1
0	http://purl.org/dc/terms/subject	Cities in Cedar County, Iowa; County seats in Iowa	 	 	 	Cities in Mitchell County, Kansas	 	 	Cities in Moniteau County, Missouri; Stagecoach stops in the United States	 	 	3	0.816497	0.522879	1
0	http://www.georss.org/georss/point	41.77055555555555 -91.12916666666666	 	 	 	39.339444444444446 -98.47027777777778	 	 	38.65472222222222 -92.77888888888889	 	 	3	0.816497	0.522879	1
0	http://www.w3.org/1999/02/22-rdf-syntax-ns#type;http://www.wikidata.org/entity/P31c	Spatial Thing; http://dbpedia.org/ontology/Location	Capital of administrative division; City/Town/Village	city	wikicat Cities in Cedar County, Iowa; wordnet location 100027167	Spatial Thing; http://dbpedia.org/ontology/Location	City/Town/Village; Dated location	city	Spatial Thing; http://dbpedia.org/ontology/Location	City/Town/Village; Dated location	city	10	0.340068	0	1
2	http://www.w3.org/2000/01/rdf-schema#comment;http://rdf.freebase.com/ns/common.topic.description	Tipton is a city in Cedar County, Iowa, United States. The population was 3,221 at the 2010 census. 	Tipton is a city in Cedar County, Iowa, United States. The population was 3,221 at the 2010 census. 	 	 	Tipton is a city in Mitchell County, Kansas, United States. As of the 2010 census, the city populati	Tipton is a city in Mitchell County, Kansas, United States. As of the 2010 census, the city populati	 	Tipton is a city in Moniteau County, Missouri, United States. The population was 3,262 at the 2010 c	Tipton is a city in Moniteau County, Missouri, United States. The population was 3,262 at the 2010 c	 	6	0.408248	0.221849	1
2	http://www.w3.org/2000/01/rdf-schema#label	Tipton, Iowa	Tipton	Tipton	Tipton, Iowa	Tipton, Kansas	Tipton; تيبتون	Tipton	Tipton, Missouri	Tipton; Типтон	Tipton	10	0.258199	0	1
0	http://www.w3.org/2002/07/owl#sameAs	Tipton	 	 	 	Tipton	 	 	Tipton	 	 	3	0.57735	0.522879	0
3	http://www.w3.org/2003/01/geo/wgs84_pos#lat	41.771	41.771	41.771	 	39.339	39.339	39.339	38.655	38.655	38.655	9	0	0.045757	1
3	http://www.w3.org/2003/01/geo/wgs84_pos#long	-91.129	-91.129	-91.129	 	-98.47	-98.47	-98.47	-92.779	-92.779	-92.779	9	0	0.045757	1
0	http://www.w3.org/ns/prov#wasDerivedFrom	http://en.wikipedia.org/wiki/Tipton,_Iowa?oldid=740416105	 	 	 	http://en.wikipedia.org/wiki/Tipton,_Kansas?oldid=729181735	 	 	http://en.wikipedia.org/wiki/Tipton,_Missouri?oldid=735577634	 	 	3	0.816497	0.522879	1
0	http://xmlns.com/foaf/0.1/depiction	http://commons.wikimedia.org/wiki/Special:FilePath/Tipton,_Iowa.jpg	 	 	 	http://commons.wikimedia.org/wiki/Special:FilePath/Mitchell_County_Kansas_Incorporated_and_Unincorpo	 	 	http://commons.wikimedia.org/wiki/Special:FilePath/Moniteau_County_Missouri_Incorporated_and_Unincor	 	 	3	0.816497	0.522879	1
2	http://xmlns.com/foaf/0.1/homepage;http://www.wikidata.org/entity/P856c;http://yago-knowledge.org/resource/hasWebsite	http://www.tiptoniowa.org/	 	http://www.tiptoniowa.org/	http://www.tiptoniowa.org/	http://www.tiptonkansas.com	 	http://www.tiptonkansas.com	 	 	 	5	0.258199	0.30103	1
1	http://xmlns.com/foaf/0.1/isPrimaryTopicOf;http://rdf.freebase.com/ns/common.topic.topic_equivalent_webpage	http://en.wikipedia.org/wiki/Tipton,_Iowa	http://ar.wikipedia.org/wiki/index.html?curid=1947810; http://fa.wikipedia.org/wiki/%2A%CC%7E%2A%48%	 	 	http://en.wikipedia.org/wiki/Tipton,_Kansas	http://ar.wikipedia.org/wiki/%2A%4A%28%2A%48%46_(%43%27%46%33%27%33)	 	http://en.wikipedia.org/wiki/Tipton,_Missouri	http://ar.wikipedia.org/wiki/%2A%4A%28%2A%48%46_(%45%4A%32%48%31%4A)	 	6	0.789018	0.221849	1
0	http://xmlns.com/foaf/0.1/name	Tipton, Iowa	 	 	 	Tipton, Kansas	 	 	City of Tipton; Tipton, Missouri	 	 	3	0.816497	0.522879	1
2	http://rdf.freebase.com/key/authority.gnis;http://www.wikidata.org/entity/P590c	 	462257	462257	 	 	472408	472408	 	727679	727679	6	0.408248	0.221849	1
1	http://rdf.freebase.com/key/authority.hud.countyplace	 	1903178285	 	 	 	2012370675	 	 	2913573420	 	3	0.816497	0.522879	1
2	http://rdf.freebase.com/key/authority.nist.fips.55;http://www.wikidata.org/entity/P774c	 	1978285	19-78285	 	 	2070675	 	 	2973420	 	4	0.816497	0.39794	1
1	http://rdf.freebase.com/key/base.dspl.us_census.population.place	 	1978285	 	 	 	2070675	 	 	2973420	 	3	0.816497	0.522879	1
1	http://rdf.freebase.com/key/en	 	tipton_iowa	 	 	 	tipton_kansas	 	 	tipton_missouri	 	3	0.816497	0.522879	1
1	http://rdf.freebase.com/key/wikipedia.en	 	Tipton,_IA	 	 	 	Tipton,_KS	 	 	Tipton,_Missouri	 	3	0.816497	0.522879	1
1	http://rdf.freebase.com/key/wikipedia.en_title	 	Tipton,_Iowa	 	 	 	Tipton,_Kansas	 	 	Tipton,_Missouri	 	3	0.816497	0.522879	1
0	http://rdf.freebase.com/ns/base.wikipedia_infobox.settlement.area_code	 	Area code 563	 	 	 	Area code 785	 	 	Area code 660	 	3	0.816497	0.522879	1
0	http://rdf.freebase.com/ns/common.topic.alias	 	Cedar County / Tipton city	 	 	 	Mitchell County / Tipton city; Tipton, Kansas	 	 	Moniteau County / Tipton city; Tipton, Missouri	 	3	0.816497	0.522879	1
1	http://rdf.freebase.com/ns/common.topic.article;http://schema.org/description	 	Tipton is a city in Cedar County, Iowa, United States. The population was 3,221 at the 2010 census. 	town in Iowa	 	 	Tipton is a city in Mitchell County, Kansas, United States. As of the 2010 census, the city populati	 	 	Tipton is a city in Moniteau County, Missouri, United States. The population was 3,261 at the 2000 c	town in Missouri	5	0.816497	0.30103	1
0	http://rdf.freebase.com/ns/common.topic.image	 	Location of Tipton, Iowa	 	 	 	Location of Tipton, Kansas	 	 	Location of Tipton, Missouri	 	3	0.816497	0.522879	1
0	http://rdf.freebase.com/ns/common.topic.notable_for	 	City/Town/Village	 	 	 	City/Town/Village	 	 	City/Town/Village	 	3	0.57735	0.522879	1
0	http://rdf.freebase.com/ns/common.topic.notable_types	 	City/Town/Village	 	 	 	City/Town/Village	 	 	City/Town/Village	 	3	0.57735	0.522879	1
0	http://rdf.freebase.com/ns/film.film_location.featured_in_films	 	Zadar! Cow from Hell	 	 	 	 	 	 	 	 	1	0.57735	1	1
0	http://rdf.freebase.com/ns/kg.object_profile.prominent_type	 	City/Town/Village	 	 	 	City/Town/Village	 	 	City/Town/Village	 	3	0.57735	0.522879	1
0	http://rdf.freebase.com/ns/location.capital_of_administrative_division.capital_of	 	Cedar County	 	 	 	 	 	 	 	 	1	0.57735	1	1
1	http://rdf.freebase.com/ns/location.citytown.postal_codes;http://www.wikidata.org/entity/P281c	 	52772	52772	 	 	67485	 	 	65081	 	4	0.645497	0.39794	1
1	http://rdf.freebase.com/ns/location.hud_county_place.countyplace_id	 	1903178285	 	 	 	2012370675	 	 	2913573420	 	3	0.816497	0.522879	1
0	http://rdf.freebase.com/ns/location.hud_county_place.place	 	Tipton	 	 	 	Tipton	 	 	Tipton	 	3	0.57735	0.522879	1
0	http://rdf.freebase.com/ns/location.hud_foreclosure_area.bls_unemployment_rate	 	0.036	 	 	 	0.035	 	 	0.048	 	3	0.816497	0.522879	1
0	http://rdf.freebase.com/ns/location.hud_foreclosure_area.estimated_number_foreclosures	 	36	 	 	 	0	 	 	16	 	3	0.816497	0.522879	1
0	http://rdf.freebase.com/ns/location.hud_foreclosure_area.estimated_number_of_mortgages	 	734	 	 	 	5	 	 	289	 	3	0.816497	0.522879	1
0	http://rdf.freebase.com/ns/location.hud_foreclosure_area.hhuniv	 	1326	 	 	 	105	 	 	864	 	3	0.816497	0.522879	1
0	http://rdf.freebase.com/ns/location.hud_foreclosure_area.ofheo_price_change	 	0	 	 	 	0	 	 	0	 	3	0.57735	0.522879	1
0	http://rdf.freebase.com/ns/location.hud_foreclosure_area.total_90_day_vacant_residential_addresses	 	35	 	 	 	0	 	 	1	 	3	0.816497	0.522879	1
0	http://rdf.freebase.com/ns/location.hud_foreclosure_area.total_residential_addresses	 	1452	 	 	 	62	 	 	557	 	3	0.816497	0.522879	1
0	http://rdf.freebase.com/ns/location.location.contains	 	Cedar County Sheriff's House and Jail; Red Oak Grove Presbyterian Church and Cemetery	 	 	 	 	 	 	 	 	1	0.816497	1	1
0	http://rdf.freebase.com/ns/location.location.events	 	1998 HardAcre Film Festival	 	 	 	 	 	 	 	 	1	0.816497	1	1
1	http://rdf.freebase.com/ns/location.location.gnis_feature_id	 	462257	 	 	 	472408	 	 	727679	 	3	0.816497	0.522879	1
0	http://rdf.freebase.com/ns/location.location.people_born_here	 	Bertha Lum; Daria O'Neill	 	 	 	 	 	 	David Koechner; Gene Clark	 	2	0.816497	0.69897	1
0	http://rdf.freebase.com/ns/location.location.time_zones	 	Central Time Zone	 	 	 	Central Time Zone	 	 	Central Time Zone	 	3	0.57735	0.522879	1
0	http://rdf.freebase.com/ns/topic_server.population_number	 	2989	 	 	 	208	 	 	1947	 	3	0.816497	0.522879	1
0	http://rdf.freebase.com/ns/type.object.key	 	/authority/hud/countyplace/1903178285; /wikipedia/ar/تيبتون_(آيوا)	 	 	 	/authority/hud/countyplace/2012370675; /authority/nist/fips/55/2070675	 	 	/authority/hud/countyplace/2913573420; /authority/nist/fips/55/2973420	 	3	0.816497	0.522879	1
0	http://rdf.freebase.com/ns/type.object.name	 	Tipton	 	 	 	Tipton	 	 	Tipton	 	3	0.57735	0.522879	1
0	http://rdf.freebase.com/ns/type.object.type	 	Capital of administrative division; City/Town/Village	 	 	 	City/Town/Village; Dated location	 	 	City/Town/Village; Dated location	 	3	0.19518	0.522879	1
1	http://www.wikidata.org/entity/P1566c	 	 	4878643	 	 	 	4280484	 	 	4411809	3	0.816497	0.522879	1
1	http://www.wikidata.org/entity/P2044c	 	 	251	 	 	 	489	 	 	282	3	0.816497	0.522879	1
1	http://www.wikidata.org/entity/P2046c	 	 	5413075	 	 	 	673396	 	 	5464874	3	0.816497	0.522879	1
0	http://www.wikidata.org/entity/P373c	 	 	Tipton, Iowa	 	 	 	 	 	 	 	1	0.57735	1	1
0	http://www.wikidata.org/entity/P646-freebase	 	 	Tipton	 	 	 	Tipton	 	 	Tipton	3	0.57735	0.522879	1
0	http://www.wikidata.org/entity/P646c	 	 	/m/0sssr	 	 	 	/m/0t8t0	 	 	/m/0wx_k	3	0.816497	0.522879	1
0	http://www.wikidata.org/entity/P910c	 	 	Category:Tipton, Iowa	 	 	 	 	 	 	 	1	0.57735	1	1
0	http://www.w3.org/2004/02/skos/core#prefLabel	 	 	 	Tipton, Iowa	 	 	 	 	 	 	1	0.57735	1	1
0	http://yago-knowledge.org/resource/hasArea	 	 	 	5.41	 	 	 	 	 	 	1	0.57735	1	1
0	http://yago-knowledge.org/resource/hasCitationTitle	 	 	 	American FactFinder; Population Estimates	 	 	 	 	 	 	1	0.816497	1	1
0	http://yago-knowledge.org/resource/hasPopulationDensity	 	 	 	595	 	 	 	 	 	 	1	0.57735	1	1
0	http://yago-knowledge.org/resource/hasWikipediaAnchorText	 	 	 	African American; Central (CST)	 	 	 	 	 	 	1	0.816497	1	1
0	http://yago-knowledge.org/resource/hasWikipediaArticleLength	 	 	 	11460	 	 	 	 	 	 	1	0.57735	1	1
0	http://yago-knowledge.org/resource/hasWikipediaUrl	 	 	 	http://en.wikipedia.org/wiki/Tipton%2C_Iowa	 	 	 	 	 	 	1	0.57735	1	1
0	http://yago-knowledge.org/resource/linksTo	 	 	 	Area code 563; Cedar County, Iowa	 	 	 	 	 	 	1	0.816497	1	1
0	http://yago-knowledge.org/resource/redirectedFrom	 	 	 	Tipton, IA	 	 	 	 	 	 	1	0.57735	1	1
0	http://dbpedia.org/ontology/governmentType	 	 	 	 	Mayor–council government	 	 	 	 	 	1	0.57735	1	1
0	http://www.w3.org/2004/02/skos/core#altLabel	 	 	 	 	 	 	Tipton, Kansas	 	 	 	1	0.57735	1	1
0	http://www.wikidata.org/entity/P242c	 	 	 	 	 	 	http://commons.wikimedia.org/wiki/File:KSMap-doton-Tipton.png	 	 	 	1	0.57735	1	1
0	http://dbpedia.org/ontology/leaderTitle	 	 	 	 	 	 	 	Mayor	 	 	1	0.57735	1	1
0	http://www.wikidata.org/entity/P982c	 	 	 	 	 	 	 	 	 	9bf25f65-5413-43e2-9309-2fe846c8f304	1	0.57735	1	1
