score	dataset	freebase	wikidata	freebase	wikidata	freebase	wikidata	freebase	wikidata	freebase	wikidata				
	entity	http://rdf.freebase.com/ns/m.025cf3	http://www.wikidata.org/entity/Q78980	http://rdf.freebase.com/ns/m.0r5lz	http://www.wikidata.org/entity/Q49012	http://rdf.freebase.com/ns/m.02l5sw	http://www.wikidata.org/entity/Q44818	http://rdf.freebase.com/ns/m.0r9b5	http://www.wikidata.org/entity/Q1990776	http://rdf.freebase.com/ns/m.0c02jh8	http://www.wikidata.org/entity/Q1103153				
0	http://rdf.freebase.com/key/authority.gns	-1698753	 	 	 	-1013350	 	 	 	 	 	2	0.816497	0.69897	1
0	http://rdf.freebase.com/key/authority.iso.3166-2	MX-SLP	 	 	 	AR-D	 	 	 	 	 	2	0.816497	0.69897	1
0	http://rdf.freebase.com/key/authority.mx.gov.inegi.state	SLP	 	 	 	 	 	 	 	 	 	1	0.57735	1	1
0	http://rdf.freebase.com/key/authority.nist.fips.10_4.adm_div	MX24	 	 	 	AR19	 	 	 	 	 	2	0.816497	0.69897	1
0	http://rdf.freebase.com/key/base.dspl.mx_inegi.population.state	SLP	 	 	 	 	 	 	 	 	 	1	0.57735	1	1
1	http://rdf.freebase.com/key/en	san_luis_potosi	 	san_luis_obispo	 	san_luis_province	 	san_luis_colorado	 	san_luis_futbol_club	 	5	0.816497	0.30103	1
0	http://rdf.freebase.com/key/user.avh.ellerdale	0081-ef58	 	0080-ca41	 	 	 	 	 	 	 	2	0.816497	0.69897	1
1	http://rdf.freebase.com/key/wikipedia.en	Estado_Libre_y_Soberano_de_San_Luis_Potosi; San_Luis_Potosi_(state)	 	San_Louis_Obispo_International_Film_Festival; UN/LOCODE:USCSL	 	Province_of_San_Luis; San_Luis_Province_(Argentina)	 	San_Luis_de_la_Culebra; UN/LOCODE:USSLU	 	San_Luis_Futbol_Club	 	5	0.816497	0.30103	1
1	http://rdf.freebase.com/key/wikipedia.en_id	413170	 	108096	 	522353	 	108429	 	2296540	 	5	0.816497	0.30103	1
1	http://rdf.freebase.com/key/wikipedia.en_title	San_Luis_Potosí	 	San_Luis_Obispo,_California	 	San_Luis_Province	 	San_Luis,_Colorado	 	San_Luis_F.C.	 	5	0.816497	0.30103	1
0	http://rdf.freebase.com/ns/base.aareas.schema.administrative_area.administrative_area_type	Mexican state	 	 	 	Argentinian province	 	 	 	 	 	2	0.816497	0.69897	1
0	http://rdf.freebase.com/ns/base.aareas.schema.administrative_area.administrative_parent	Mexico	 	 	 	Argentina	 	 	 	 	 	2	0.816497	0.69897	0
0	http://rdf.freebase.com/ns/base.aareas.schema.administrative_area.capital	San Luis Potosí	 	 	 	San Luis	 	 	 	 	 	2	0.816497	0.69897	1
1	http://rdf.freebase.com/ns/common.topic.alias	Estado De San Luis Potosi	 	San Luis Obispo County / San Luis Obispo city	 	Provincia De San Luis	 	Costilla County / San Luis town; San Luis, Colorado	 	San Luis F.C.	 	5	0.816497	0.30103	1
2	http://rdf.freebase.com/ns/common.topic.article	San Luis Potosí (Spanish pronunciation: [ˈsan ˈlwis potoˈsi]), officially Free and Sovereign State o	 	San Luis Obispo ( /sæn ˈluːɪs ɵˈbɪspoʊ/; Spanish for St. Louis, the Bishop) is a city in California,	 	San Luis (Spanish pronunciation: [san ˈlwis]) is a province of Argentina located near the geographic	 	The Town of San Luis is a statutory town that is the county seat and the most populous town of Costi	 	San Luis Fútbol Club, known more commonly as San Luis or San Luis Potosí, is a Mexican professional 	 	5	0.816497	0.30103	1
2	http://rdf.freebase.com/ns/common.topic.description	San Luis Potosí, officially Free and Sovereign State of San Luis Potosí, is one of the 31 states whi	 	San Luis Obispo is a city in the U.S. state of California, located roughly midway between Los Angele	 	San Luis is a province of Argentina located near the geographical center of the country. Neighboring	 	The Town of San Luis is a statutory town that is the county seat and the most populous town of Costi	 	San Luis Fútbol Club, known more commonly as San Luis or San Luis Potosí, was a Mexican professional	 	5	0.816497	0.30103	1
1	http://rdf.freebase.com/ns/common.topic.image	Bandera de San Luis PotosÃ­; Flag of San Luis Potosí	 	Sanluisobispo	 	Flag of San Luis province in Argentina	 	Location of San Luis, Colorado	 	 	 	4	0.816497	0.39794	1
1	http://rdf.freebase.com/ns/common.topic.notable_for	Mexican state	 	City/Town/Village	 	Argentine province	 	City/Town/Village	 	Soccer Team	 	5	0.68313	0.30103	0
0	http://rdf.freebase.com/ns/common.topic.notable_types	Mexican state	 	City/Town/Village	 	Argentine province	 	City/Town/Village	 	Football team	 	5	0.68313	0.30103	1
2	http://rdf.freebase.com/ns/common.topic.official_website	http://www.slp.gob.mx/	 	http://www.slocity.org/	 	http://www.sanluis.gov.ar/	 	 	 	http://www.clubsanluis.com.mx/	 	4	0.816497	0.39794	1
2	http://rdf.freebase.com/ns/common.topic.topic_equivalent_webpage	http://ar.wikipedia.org/wiki/%33%27%46_%44%48%4A%33_%28%48%2A%48%33%4A; http://th.wikipedia.org/wiki	 	http://www.ranker.com/review/san-luis-obispo/1976636; http://ar.wikipedia.org/wiki/%33%27%46_%44%48%	 	http://ar.wikipedia.org/wiki/%33%27%46_%44%48%4A%33_(%45%2D%27%41%38%29); http://hi.wikipedia.org/wi	 	http://ar.wikipedia.org/wiki/%33%27%46_%44%48%4A%33_(%43%48%44%48%31%27%2F%48); http://geonames.usgs	 	http://ar.wikipedia.org/wiki/%46%27%2F%4A_%33%27%46_%44%48%4A%33; http://ja.wikipedia.org/wiki/%B5%F	 	5	0.816497	0.30103	1
1	http://rdf.freebase.com/ns/common.topic.webpage	http://rdf.freebase.com/ns/m.03lhh92	 	http://rdf.freebase.com/ns/m.03kxt32	 	http://rdf.freebase.com/ns/m.04d52rn	 	 	 	 	 	3	0.816497	0.522879	1
0	http://rdf.freebase.com/ns/kg.object_profile.prominent_type	Mexican state	 	City/Town/Village	 	Argentine province	 	City/Town/Village	 	Football team	 	5	0.68313	0.30103	1
0	http://rdf.freebase.com/ns/location.administrative_division.capital	San Luis Potosí	 	 	 	San Luis	 	 	 	 	 	2	0.816497	0.69897	1
0	http://rdf.freebase.com/ns/location.administrative_division.country	Mexico	 	 	 	Argentina	 	 	 	 	 	2	0.816497	0.69897	0
0	http://rdf.freebase.com/ns/location.administrative_division.fips_10_4_region_code	MX24	 	 	 	AR19	 	 	 	 	 	2	0.816497	0.69897	1
0	http://rdf.freebase.com/ns/location.administrative_division.first_level_division_of	Mexico	 	 	 	Argentina	 	 	 	 	 	2	0.816497	0.69897	0
0	http://rdf.freebase.com/ns/location.administrative_division.iso_3166_2_code	MX-SLP	 	 	 	AR-D	 	 	 	 	 	2	0.816497	0.69897	1
0	http://rdf.freebase.com/ns/location.location.area	61137	 	33.489	 	76748	 	1.4	 	 	 	4	0.816497	0.39794	0
0	http://rdf.freebase.com/ns/location.location.containedby	North-Central Mexico	 	San Luis Obispo County; United States of America	 	Argentina	 	Costilla County; United States of America	 	 	 	4	0.752773	0.39794	1
0	http://rdf.freebase.com/ns/location.location.contains	Armadillo de los Infante; Axtla de Terrazas	 	Alex G. Spanos Stadium; William Shipsey House	 	Ayacucho Department, San Luis; Coronel Pringles Department	 	Plaza de San Luis de la Culebra	 	 	 	4	0.816497	0.39794	1
0	http://rdf.freebase.com/ns/location.location.events	Mexican Drug War; Nuestra Belleza México 2004	 	2014 San Luis Obispo International Film Festival	 	 	 	 	 	 	 	2	0.816497	0.69897	1
0	http://rdf.freebase.com/ns/location.location.geometry	http://rdf.freebase.com/ns/m.04kg86r	 	 	 	http://rdf.freebase.com/ns/m.04kg2ks	 	 	 	 	 	2	0.816497	0.69897	1
0	http://rdf.freebase.com/ns/location.location.gns_ufi	-1698753	 	 	 	-1013350	 	 	 	 	 	2	0.816497	0.69897	1
0	http://rdf.freebase.com/ns/location.location.people_born_here	Adrián Salvador Galarza González; Michel Rosales	 	Arron Oberholser; Asher Metchik	 	José Luis Alfonzo; Juan Bautista Baigorria	 	Kylie Worthy	 	 	 	4	0.816497	0.39794	1
1	http://rdf.freebase.com/ns/location.location.time_zones	Central Time Zone	 	Pacific Time Zone	 	 	 	Mountain Time Zone	 	 	 	3	0.816497	0.522879	1
0	http://rdf.freebase.com/ns/location.mx_state.capital	San Luis Potosí	 	 	 	 	 	 	 	 	 	1	0.57735	1	1
0	http://rdf.freebase.com/ns/location.statistical_region.population	1048297	 	41526	 	431588	 	619	 	 	 	4	0.816497	0.39794	1
0	http://rdf.freebase.com/ns/periodicals.newspaper_circulation_area.newspapers	La Jornada	 	Mustang Daily	 	 	 	 	 	 	 	2	0.816497	0.69897	1
0	http://rdf.freebase.com/ns/topic_server.population_number	1048297	 	41526	 	432310	 	619	 	 	 	4	0.816497	0.39794	1
0	http://rdf.freebase.com/ns/type.object.key	/authority/gns/-1698753; /authority/iso/3166-2/MX-SLP	 	/wikipedia/ja/サンルイスオビスポ_(カリフォルニア州); /authority/gnis/1652788	 	/authority/gns/-1013350; /wikipedia/fa_title/ایالت_سان_لوئیز	 	/authority/hud/countyplace/0802368105; /authority/nist/fips/55/0868105	 	/wikipedia/ar_title/نادي_سان_لويس; /wikipedia/de_id/1552559	 	5	0.816497	0.30103	1
0	http://rdf.freebase.com/ns/type.object.name	San Luis Potosí	 	San Luis Obispo	 	San Luis Province	 	San Luis	 	San Luis Futbol Club	 	5	0.816497	0.30103	0
0	http://rdf.freebase.com/ns/type.object.type	Administrative Division; Newspaper circulation area	 	Capital of administrative division; City/Town/Village	 	Administrative Division; Argentinian province	 	Administrative Area; City/Town/Village	 	Football team; Organization	 	5	0.286446	0.30103	1
0	http://rdf.freebase.com/ns/user.avh.default_domain.ellerdale_topic.ellerdale_id	0081-ef58	 	0080-ca41	 	 	 	 	 	 	 	2	0.816497	0.69897	0
1	http://www.w3.org/1999/02/22-rdf-syntax-ns#type	Administrative Division; Newspaper circulation area	state of Mexico	Capital of administrative division; City/Town/Village	city	Administrative Division; Argentinian province	province of Argentina	Administrative Area; City/Town/Village	town of the United States	Football team; Organization	association football club	10	0.326599	0	1
2	http://www.w3.org/2000/01/rdf-schema#label	San Luis Potosí	San Luis Potosí	San Luis Obispo; سان لويس أوبيسبو	San Luis Obispo	San Luis Province	San Luis Province	San Luis	San Luis	San Luis Futbol Club	San Luis F.C.	10	0.57735	0	1
3	http://www.w3.org/2003/01/geo/wgs84_pos#lat	22.6	22.603	35.274	35.274	-33.3	-33.3	37.202	37.202	 	 	8	0.540062	0.09691	1
3	http://www.w3.org/2003/01/geo/wgs84_pos#long	-100.433	-100.43	-120.663	-120.663	-66.35	-66.35	-105.422	-105.422	 	 	8	0.540062	0.09691	1
1	http://schema.org/description	 	state of Mexico	 	county seat of San Luis Obispo County, California, United States	 	province of Argentina	 	county seat of Costilla County, Colorado, United States	 	association football club	5	0.816497	0.30103	1
0	http://www.wikidata.org/entity/P1036c	 	2--7244	 	2--79478	 	2--8262	 	 	 	 	3	0.816497	0.522879	1
1	http://www.wikidata.org/entity/P131c	 	Mexico	 	San Luis Obispo County	 	Argentina	 	Costilla County	 	 	4	0.816497	0.39794	1
1	http://www.wikidata.org/entity/P1566c	 	3985605	 	5392323	 	3837029	 	5437682	 	 	4	0.816497	0.39794	1
0	http://www.wikidata.org/entity/P17c	 	Mexico	 	United States of America	 	Argentina	 	United States of America	 	Mexico	5	0.516398	0.30103	1
0	http://www.wikidata.org/entity/P281c	 	78	 	93401–93403	 	 	 	81152	 	 	3	0.816497	0.522879	1
0	http://www.wikidata.org/entity/P300c	 	MX-SLP	 	 	 	AR-D	 	 	 	 	2	0.816497	0.69897	1
0	http://www.wikidata.org/entity/P31c	 	state of Mexico	 	city	 	province of Argentina	 	town of the United States	 	association football club	5	0.816497	0.30103	1
0	http://www.wikidata.org/entity/P373c	 	San Luis Potosí	 	San Luis Obispo, California	 	San Luis Province	 	San Luis, Colorado	 	 	4	0.816497	0.39794	1
0	http://www.wikidata.org/entity/P41c	 	http://commons.wikimedia.org/wiki/File:Flag_of_San_Luis_Potosi.svg	 	http://commons.wikimedia.org/wiki/File:Flag_of_San_Luis_Obispo,_California.gif	 	http://commons.wikimedia.org/wiki/File:Bandera_de_la_Provincia_de_San_Luis.svg	 	 	 	 	3	0.816497	0.522879	1
1	http://www.wikidata.org/entity/P421c	 	UTC−06:00	 	 	 	UTC−03:00	 	Mountain Time Zone	 	 	3	0.816497	0.522879	1
0	http://www.wikidata.org/entity/P47c	 	Guanajuato	 	 	 	Córdoba Province; La Pampa Province	 	 	 	 	2	0.816497	0.69897	1
1	http://www.wikidata.org/entity/P571c	 	1823	 	 	 	1820	 	 	 	2001	3	0.816497	0.522879	1
0	http://www.wikidata.org/entity/P646-freebase	 	San Luis Potosí	 	San Luis Obispo	 	 	 	San Luis	 	San Luis Futbol Club	4	0.816497	0.39794	1
0	http://www.wikidata.org/entity/P646c	 	/m/025cf3	 	/m/0r5lz	 	 	 	/m/0r9b5	 	/m/0c02jh8	4	0.816497	0.39794	1
1	http://www.wikidata.org/entity/P856c	 	http://www.sanluispotosi.gob.mx/	 	http://www.slocity.org	 	http://www.sanluis.gov.ar/	 	 	 	http://www.sanluisfutbol.com.mx/	4	0.816497	0.39794	1
0	http://www.wikidata.org/entity/P901c	 	MX24	 	 	 	AR19	 	 	 	 	2	0.816497	0.69897	1
0	http://www.wikidata.org/entity/P910c	 	Category:San Luis Potosí	 	Category:San Luis Obispo, California	 	Category:San Luis Province	 	 	 	Category:San Luis F.C.	4	0.816497	0.39794	1
0	http://www.wikidata.org/entity/P935c	 	San Luis Potosí	 	 	 	 	 	 	 	 	1	0.57735	1	1
0	http://www.wikidata.org/entity/P948c	 	http://commons.wikimedia.org/wiki/File:San_Luis_Potosí_banner.jpg	 	 	 	 	 	 	 	 	1	0.57735	1	1
0	http://www.wikidata.org/entity/P94c	 	http://commons.wikimedia.org/wiki/File:Coat_of_arms_of_San_Luis_Potosi.svg	 	 	 	http://commons.wikimedia.org/wiki/File:Escudo_de_San_Luis_ARG.png	 	 	 	 	2	0.816497	0.69897	1
0	http://www.wikidata.org/entity/P982c	 	c1e0f478-cab3-42f7-8beb-f0ef183f4f6d	 	eeab8640-d52e-440a-af1a-425a1754975a	 	b1d26b74-30b4-4b57-9a6d-298570e097d6	 	 	 	 	3	0.816497	0.522879	1
0	http://www.wikidata.org/entity/P998c	 	Regional/North_America/Mexico/States/San_Luis_Potosi/	 	Regional/North_America/United_States/California/Localities/S/San_Luis_Obispo/	 	 	 	 	 	 	2	0.816497	0.69897	1
0	http://rdf.freebase.com/key/authority.gnis	 	 	1652788	 	 	 	204787	 	 	 	2	0.816497	0.69897	1
0	http://rdf.freebase.com/key/authority.hud.countyplace	 	 	607968154	 	 	 	802368105	 	 	 	2	0.816497	0.69897	1
0	http://rdf.freebase.com/key/authority.nist.fips.55	 	 	668154	 	 	 	868105	 	 	 	2	0.816497	0.69897	1
0	http://rdf.freebase.com/key/base.dspl.us_bls.unemployment.city	 	 	CT0668154000000	 	 	 	 	 	 	 	1	0.57735	1	1
0	http://rdf.freebase.com/key/base.dspl.us_census.population.place	 	 	668154	 	 	 	868105	 	 	 	2	0.816497	0.69897	1
0	http://rdf.freebase.com/key/base.ranker.rankerurlname	 	 	san-luis-obispo/1976636	 	 	 	 	 	 	 	1	0.57735	1	1
0	http://rdf.freebase.com/key/user.jamie.nytdataid	 	 	N87625749019403345781	 	 	 	 	 	 	 	1	0.57735	1	1
0	http://rdf.freebase.com/ns/base.biblioness.bibs_location.country	 	 	United States of America	 	 	 	 	 	 	 	1	0.57735	1	0
0	http://rdf.freebase.com/ns/base.biblioness.bibs_location.loc_type	 	 	City	 	 	 	 	 	 	 	1	0.57735	1	0
0	http://rdf.freebase.com/ns/base.biblioness.bibs_location.state	 	 	California	 	 	 	 	 	 	 	1	0.57735	1	0
0	http://rdf.freebase.com/ns/base.wikipedia_infobox.settlement.area_code	 	 	Area code 805	 	 	 	Area code 719	 	 	 	2	0.816497	0.69897	1
0	http://rdf.freebase.com/ns/government.governmental_jurisdiction.governing_officials	 	 	Mayor of San Luis Obispo	 	 	 	 	 	 	 	1	0.57735	1	1
0	http://rdf.freebase.com/ns/location.capital_of_administrative_division.capital_of	 	 	San Luis Obispo County	 	 	 	 	 	 	 	1	0.57735	1	1
0	http://rdf.freebase.com/ns/location.citytown.postal_codes	 	 	93401	 	 	 	81152	 	 	 	2	0.816497	0.69897	1
0	http://rdf.freebase.com/ns/location.hud_county_place.county	 	 	San Luis Obispo County	 	 	 	Costilla County	 	 	 	2	0.816497	0.69897	0
0	http://rdf.freebase.com/ns/location.hud_county_place.countyplace_id	 	 	607968154	 	 	 	802368105	 	 	 	2	0.816497	0.69897	1
0	http://rdf.freebase.com/ns/location.hud_county_place.place	 	 	San Luis Obispo	 	 	 	San Luis	 	 	 	2	0.816497	0.69897	0
0	http://rdf.freebase.com/ns/location.hud_foreclosure_area.bls_unemployment_rate	 	 	0.062	 	 	 	0.092	 	 	 	2	0.816497	0.69897	1
0	http://rdf.freebase.com/ns/location.hud_foreclosure_area.estimated_number_foreclosures	 	 	93	 	 	 	3	 	 	 	2	0.816497	0.69897	1
0	http://rdf.freebase.com/ns/location.hud_foreclosure_area.estimated_number_of_mortgages	 	 	3238	 	 	 	25	 	 	 	2	0.816497	0.69897	1
0	http://rdf.freebase.com/ns/location.hud_foreclosure_area.hhuniv	 	 	18656	 	 	 	339	 	 	 	2	0.816497	0.69897	1
0	http://rdf.freebase.com/ns/location.hud_foreclosure_area.ofheo_price_change	 	 	-0.12	 	 	 	0	 	 	 	2	0.816497	0.69897	1
0	http://rdf.freebase.com/ns/location.hud_foreclosure_area.total_90_day_vacant_residential_addresses	 	 	157	 	 	 	0	 	 	 	2	0.816497	0.69897	1
0	http://rdf.freebase.com/ns/location.hud_foreclosure_area.total_residential_addresses	 	 	21154	 	 	 	96	 	 	 	2	0.816497	0.69897	1
0	http://rdf.freebase.com/ns/location.location.adjoin_s	 	 	Pismo Beach	 	Córdoba Province, Argentina; San Juan Province, Argentina	 	 	 	 	 	2	0.816497	0.69897	1
0	http://rdf.freebase.com/ns/location.location.gnis_feature_id	 	 	1652788	 	 	 	204787	 	 	 	2	0.816497	0.69897	1
0	http://rdf.freebase.com/ns/location.location.nearby_airports	 	 	San Luis Obispo County Regional Airport	 	 	 	 	 	 	 	1	0.57735	1	1
0	http://rdf.freebase.com/ns/location.statistical_region.unemployment_rate	 	 	10	 	 	 	 	 	 	 	1	0.816497	1	1
0	http://rdf.freebase.com/ns/travel.travel_destination.tourist_attractions	 	 	Bubblegum Alley; Fremont Theater	 	 	 	 	 	 	 	1	0.816497	1	1
0	http://rdf.freebase.com/ns/user.alust.default_domain.processed_with_review_queue.internal_question_id	 	 	rabj/store/questions/question_fffdfd31050ccf79	 	 	 	 	 	 	 	1	0.57735	1	1
0	http://rdf.freebase.com/ns/user.brendan.default_domain.top_architectural_city.structure_count	 	 	1	 	 	 	 	 	 	 	1	0.57735	1	0
0	http://www.w3.org/2004/02/skos/core#altLabel	 	 	 	San Luis Obispo, California	 	 	 	San Luis, Colorado	 	 	2	0.816497	0.69897	1
0	http://www.wikidata.org/entity/P1281c	 	 	 	2488117	 	 	 	 	 	 	1	0.57735	1	1
0	http://www.wikidata.org/entity/P1417c	 	 	 	place/San-Luis-Obispo	 	 	 	 	 	 	1	0.57735	1	1
0	http://www.wikidata.org/entity/P1792c	 	 	 	Category:People from San Luis Obispo, California	 	 	 	 	 	 	1	0.57735	1	1
0	http://www.wikidata.org/entity/P18c	 	 	 	http://commons.wikimedia.org/wiki/File:Sanluisobispo.jpg	 	 	 	http://commons.wikimedia.org/wiki/File:San_Luis,_Colorado.JPG	 	 	2	0.816497	0.69897	1
0	http://www.wikidata.org/entity/P1997c	 	 	 	1.13469E+14	 	 	 	 	 	 	1	0.57735	1	1
0	http://www.wikidata.org/entity/P2046c	 	 	 	33489000	 	 	 	1400000	 	 	2	0.816497	0.69897	1
0	http://www.wikidata.org/entity/P214c	 	 	 	138343460	 	 	 	 	 	 	1	0.57735	1	1
0	http://www.wikidata.org/entity/P227c	 	 	 	4342348-6	 	 	 	 	 	 	1	0.57735	1	1
0	http://www.wikidata.org/entity/P244c	 	 	 	n50056322	 	 	 	 	 	 	1	0.57735	1	1
0	http://www.wikidata.org/entity/P590c	 	 	 	1652788	 	 	 	204787	 	 	2	0.816497	0.69897	1
0	http://www.wikidata.org/entity/P774c	 	 	 	06-68154	 	 	 	 	 	 	1	0.57735	1	1
0	http://rdf.freebase.com/ns/base.aareas.schema.administrative_area.administrative_children	 	 	 	 	Ayacucho Department, San Luis; Coronel Pringles Department	 	 	 	 	 	1	0.816497	1	1
0	http://rdf.freebase.com/ns/freebase.valuenotation.is_reviewed	 	 	 	 	Population	 	 	 	 	 	1	0.57735	1	1
0	http://rdf.freebase.com/ns/location.ar_province.capital	 	 	 	 	San Luis	 	 	 	 	 	1	0.57735	1	0
0	http://www.wikidata.org/entity/P150c	 	 	 	 	 	Ayacucho Department, San Luis; Coronel Pringles Department, San Luis	 	 	 	 	1	0.816497	1	1
0	http://www.wikidata.org/entity/P36c	 	 	 	 	 	San Luis	 	 	 	 	1	0.57735	1	1
0	http://www.wikidata.org/entity/P242c	 	 	 	 	 	 	 	http://commons.wikimedia.org/wiki/File:Costilla_County_Colorado_Incorporated_and_Unincorporated_area	 	 	1	0.57735	1	1
0	http://rdf.freebase.com/ns/soccer.football_team.league	 	 	 	 	 	 	 	 	Liga MX	 	1	0.57735	1	1
0	http://rdf.freebase.com/ns/soccer.football_team.manager	 	 	 	 	 	 	 	 	Carlos María Morales; Eduardo Fentanes	 	1	0.816497	1	1
0	http://rdf.freebase.com/ns/soccer.football_team.player_statistics	 	 	 	 	 	 	 	 	http://rdf.freebase.com/ns/m.0w8x4bb	 	1	0.816497	1	0
0	http://rdf.freebase.com/ns/sports.sports_team.arena_stadium	 	 	 	 	 	 	 	 	Estadio Alfonso Lastras	 	1	0.57735	1	1
0	http://rdf.freebase.com/ns/sports.sports_team.colors	 	 	 	 	 	 	 	 	Blue	 	1	0.816497	1	1
0	http://rdf.freebase.com/ns/sports.sports_team.league	 	 	 	 	 	 	 	 	Liga MX	 	1	0.57735	1	1
0	http://rdf.freebase.com/ns/sports.sports_team.location	 	 	 	 	 	 	 	 	San Luis Potosí	 	1	0.57735	1	1
0	http://rdf.freebase.com/ns/sports.sports_team.roster	 	 	 	 	 	 	 	 	Adrián Martínez; Jorge Bernal	 	1	0.792594	1	1
0	http://rdf.freebase.com/ns/sports.sports_team.sport	 	 	 	 	 	 	 	 	Football	 	1	0.57735	1	0
0	http://rdf.freebase.com/ns/sports.sports_team.venue	 	 	 	 	 	 	 	 	Estadio Alfonso Lastras	 	1	0.57735	1	1
0	http://rdf.freebase.com/ns/user.alust.default_domain.processed_with_review_queue.question_id	 	 	 	 	 	 	 	 	/rabj/store/questions/question_76dd8c84c7a0d61b	 	1	0.57735	1	1
0	http://www.wikidata.org/entity/P115c	 	 	 	 	 	 	 	 	 	Estadio Alfonso Lastras	1	0.57735	1	1
0	http://www.wikidata.org/entity/P118c	 	 	 	 	 	 	 	 	 	Liga M	1	0.57735	1	1
0	http://www.wikidata.org/entity/P2002c	 	 	 	 	 	 	 	 	 	SanLuis_FC	1	0.57735	1	1
0	http://www.wikidata.org/entity/P286c	 	 	 	 	 	 	 	 	 	Sergio Bueno	1	0.57735	1	1
0	http://www.wikidata.org/entity/P576c	 	 	 	 	 	 	 	 	 	2013	1	0.57735	1	1
0	http://www.wikidata.org/entity/P641c	 	 	 	 	 	 	 	 	 	association football	1	0.57735	1	1
