score	dataset	dbpedia	wikidata	yago-knowledge	dbpedia	freebase	wikidata	yago-knowledge	dbpedia	wikidata	yago-knowledge				
	entity	http://dbpedia.org/resource/Mount_Bishop_(Fannin_Range)	http://www.wikidata.org/entity/Q8520691	http://yago-knowledge.org/resource/Mount_Bishop_(Fannin_Range)	http://dbpedia.org/resource/Bishop_Peak_(Antarctica)	http://rdf.freebase.com/ns/m.02p_1p5	http://www.wikidata.org/entity/Q4917676	http://yago-knowledge.org/resource/Bishop_Peak_(Antarctica)	http://dbpedia.org/resource/Bishop_Peak_(California)	http://www.wikidata.org/entity/Q4917677	http://yago-knowledge.org/resource/Bishop_Peak_(California)				
0	http://dbpedia.org/ontology/abstract	Mount Bishop is a mountain located on the northern border of Mount Seymour Provincial Park in the Di	 	 	Bishop Peak is a peak, rising to 3,460 m (11,352 feet), near the center of Rampart Ridge, in the Roy	 	 	 	Bishop Peak is a 1,546-foot (471 m) volcanic plug in San Luis Obispo, California. It is the tallest 	 	 	3	0.816497	0.522879	1
1	http://dbpedia.org/ontology/elevation	1509	 	 	3460.09	 	 	 	472.135	 	 	3	0.816497	0.522879	1
0	http://dbpedia.org/ontology/firstAscentYear	1909	 	 	 	 	 	 	 	 	 	1	0.57735	1	1
2	http://dbpedia.org/ontology/locatedInArea;http://www.wikidata.org/entity/P131c;http://www.wikidata.org/entity/P17c;http://yago-knowledge.org/resource/isLocatedIn	British Columbia	British Columbia	British Columbia	Antarctica; Victoria Land	 	Antarctic Treaty area	Antarctica	San Luis Obispo County, California; United States	United States of America	San Luis Obispo County, California; United States	9	0.478714	0.045757	1
0	http://dbpedia.org/ontology/mountainRange	North Shore Mountains; Pacific Ranges	 	 	Royal Society Range	 	 	 	Santa Lucia Range	 	 	3	0.816497	0.522879	1
0	http://dbpedia.org/ontology/nationalTopographicSystemMapNumber	NTS92G/07	 	 	 	 	 	 	San Luis Obispo	 	 	2	0.816497	0.69897	1
0	http://dbpedia.org/ontology/prominence	613	 	 	 	 	 	 	331.013	 	 	2	0.816497	0.69897	1
0	http://dbpedia.org/ontology/thumbnail	http://commons.wikimedia.org/wiki/Special:FilePath/Mount_Bishop.jpg?width=300	 	 	 	 	 	 	http://commons.wikimedia.org/wiki/Special:FilePath/Bishop_Peak_from_Cerro_San_Luis.JPG?width=300	 	 	2	0.816497	0.69897	1
0	http://dbpedia.org/ontology/wikiPageExternalLink	http://bcmc.ca/index.asp; http://www.dnv.org/nvma/index.htm	 	 	 	 	 	 	http://www.slocity.org/parksandrecreation/download/rangers/bpmap.pdf	 	 	2	0.816497	0.69897	1
2	http://dbpedia.org/ontology/wikiPageID;http://rdf.freebase.com/key/wikipedia.en_id	2486846	 	 	10021402	10021402	 	 	1693428	 	 	4	0.645497	0.39794	1
0	http://dbpedia.org/ontology/wikiPageLength	3635	 	 	1456	 	 	 	5212	 	 	3	0.816497	0.522879	1
0	http://dbpedia.org/ontology/wikiPageOutDegree	30	 	 	13	 	 	 	43	 	 	3	0.816497	0.522879	1
0	http://dbpedia.org/ontology/wikiPageRevisionID	663872480	 	 	691739227	 	 	 	729534135	 	 	3	0.816497	0.522879	1
0	http://purl.org/dc/terms/subject	Mountains of British Columbia; North Shore Mountains	 	 	Mountains of Victoria Land; Royal Society Range	 	 	 	Mountains of San Luis Obispo County, California; Volcanic plugs of California	 	 	3	0.816497	0.522879	1
0	http://www.georss.org/georss/point	49.430277777777775 -122.92722222222223	 	 	-78.16666666666667 162.15	 	 	 	35.3024744 -120.6973949	 	 	3	0.816497	0.522879	1
0	http://www.w3.org/1999/02/22-rdf-syntax-ns#type;http://www.wikidata.org/entity/P31c	Spatial Thing; http://dbpedia.org/ontology/Location	mountain	wikicat Mountains of British Columbia; wikicat North Shore Mountains	Spatial Thing; http://dbpedia.org/ontology/Location	Geographical Feature; Physically Instantiable	mountain	wikicat Mountains of Victoria Land; wordnet mountain 109359803	Spatial Thing; http://dbpedia.org/ontology/Location	mountain	wikicat Mountains of San Luis Obispo County, California; wordnet object 100002684	10	0.166667	0	1
1	http://www.w3.org/2000/01/rdf-schema#comment;http://rdf.freebase.com/ns/common.topic.description	Mount Bishop is a mountain located on the northern border of Mount Seymour Provincial Park in the Di	 	 	Bishop Peak is a peak, rising to 3,460 m (11,352 feet), near the center of Rampart Ridge, in the Roy	Bishop Peak is a peak, rising to 3,460 m, near the center of Rampart Ridge, in the Royal Society Ran	 	 	Bishop Peak is a 1,546-foot (471 m) volcanic plug in San Luis Obispo, California. It is the tallest 	 	 	4	0.816497	0.39794	1
2	http://www.w3.org/2000/01/rdf-schema#label	Mount Bishop (Fannin Range)	Mount Bishop (British Columbia)	Mount Bishop (Fannin Range)	Bishop Peak (Antarctica)	Bishop Peak	Bishop Peak	Bishop Peak (Antarctica)	Bishop Peak (California)	Bishop Peak	Bishop Peak (California)	10	0.358057	0	1
0	http://www.w3.org/2002/07/owl#sameAs	Mount Bishop	 	 	Bishop Peak	 	 	 	Bishop Peak	 	 	3	0.408248	0.522879	0
3	http://www.w3.org/2003/01/geo/wgs84_pos#lat	49.43	49.43	 	-78.167	-78.167	-78.167	 	35.303	35.303	 	7	0.308607	0.154902	1
3	http://www.w3.org/2003/01/geo/wgs84_pos#long	-122.927	-122.927	 	162.15	162.15	162.15	 	-120.697	-120.697	 	7	0.308607	0.154902	1
0	http://www.w3.org/ns/prov#wasDerivedFrom	http://en.wikipedia.org/wiki/Mount_Bishop_(Fannin_Range)?oldid=663872480	 	 	http://en.wikipedia.org/wiki/Bishop_Peak_(Antarctica)?oldid=691739227	 	 	 	http://en.wikipedia.org/wiki/Bishop_Peak_(California)?oldid=729534135	 	 	3	0.816497	0.522879	1
0	http://xmlns.com/foaf/0.1/depiction	http://commons.wikimedia.org/wiki/Special:FilePath/Mount_Bishop.jpg	 	 	 	 	 	 	http://commons.wikimedia.org/wiki/Special:FilePath/Bishop_Peak_from_Cerro_San_Luis.JPG	 	 	2	0.816497	0.69897	1
1	http://xmlns.com/foaf/0.1/isPrimaryTopicOf;http://rdf.freebase.com/ns/common.topic.topic_equivalent_webpage	http://en.wikipedia.org/wiki/Mount_Bishop_(Fannin_Range)	 	 	http://en.wikipedia.org/wiki/Bishop_Peak_(Antarctica)	http://en.wikipedia.org/wiki/Bishop_Peak_(Antarctica); http://zh.wikipedia.org/wiki/index.html?curid	 	 	http://en.wikipedia.org/wiki/Bishop_Peak_(California)	 	 	4	0.73598	0.39794	1
0	http://xmlns.com/foaf/0.1/name	Mount Bishop	 	 	Bishop Peak	 	 	 	Bishop Peak	 	 	3	0.57735	0.522879	1
0	http://www.wikidata.org/entity/P18c	 	http://commons.wikimedia.org/wiki/File:Mount_Bishop.jpg	 	 	 	 	 	 	http://commons.wikimedia.org/wiki/File:Bishop_Peak_from_Cerro_San_Luis.JPG	 	2	0.816497	0.69897	1
0	http://www.w3.org/2004/02/skos/core#prefLabel	 	 	Mount Bishop (Fannin Range)	 	 	 	Bishop Peak (Antarctica)	 	 	Bishop Peak (California)	3	0.816497	0.522879	1
0	http://yago-knowledge.org/resource/hasCitationTitle	 	 	Mount Bishop	 	 	 	Bishop Peak	 	 	Bishop Peak Open Space Map; The Nine Sisters of San Luis Obispo County	3	0.816497	0.522879	1
0	http://yago-knowledge.org/resource/hasWikipediaAnchorText	 	 	British Columbia Mountaineering Club; District of North Vancouver	 	 	 	Advisory Committee on Antarctic Names; Bernice P. Bishop Museum	 	 	California blackberry; Nine Sisters	3	0.816497	0.522879	1
0	http://yago-knowledge.org/resource/hasWikipediaArticleLength	 	 	3690	 	 	 	1511	 	 	4641	3	0.816497	0.522879	1
0	http://yago-knowledge.org/resource/hasWikipediaUrl	 	 	http://en.wikipedia.org/wiki/Mount_Bishop_%28Fannin_Range%29	 	 	 	http://en.wikipedia.org/wiki/Bishop_Peak_%28Antarctica%29	 	 	http://en.wikipedia.org/wiki/Bishop_Peak_%28California%29	3	0.816497	0.522879	1
0	http://yago-knowledge.org/resource/linksTo	 	 	British Columbia Mountaineering Club; Metro Vancouver	 	 	 	Advisory Committee on Antarctic Names; Rampart Ridge	 	 	Coastal sage scrub; San Luis Obispo County, California	3	0.816497	0.522879	1
0	http://dbpedia.org/ontology/location	 	 	 	Antarctica; Victoria Land	 	 	 	 	 	 	1	0.816497	1	1
0	http://rdf.freebase.com/key/wikipedia.en	 	 	 	 	Bishop_Peak_(Antarctica)	 	 	 	 	 	1	0.57735	1	1
0	http://rdf.freebase.com/key/wikipedia.en_title	 	 	 	 	Bishop_Peak_(Antarctica)	 	 	 	 	 	1	0.57735	1	1
0	http://rdf.freebase.com/ns/common.topic.article	 	 	 	 	Bishop Peak is a peak, rising to 3,460 m (11,352 feet), near the center of Rampart Ridge, in the Roy	 	 	 	 	 	1	0.57735	1	1
0	http://rdf.freebase.com/ns/common.topic.notable_for	 	 	 	 	Mountain	 	 	 	 	 	1	0.57735	1	1
0	http://rdf.freebase.com/ns/common.topic.notable_types	 	 	 	 	Mountain	 	 	 	 	 	1	0.57735	1	1
0	http://rdf.freebase.com/ns/geography.mountain.elevation	 	 	 	 	3460.1	 	 	 	 	 	1	0.57735	1	1
0	http://rdf.freebase.com/ns/geography.mountain.mountain_range	 	 	 	 	Royal Society Range	 	 	 	 	 	1	0.57735	1	1
0	http://rdf.freebase.com/ns/kg.object_profile.prominent_type	 	 	 	 	Mountain	 	 	 	 	 	1	0.57735	1	1
0	http://rdf.freebase.com/ns/location.location.containedby	 	 	 	 	Antarctica	 	 	 	 	 	1	0.57735	1	1
0	http://rdf.freebase.com/ns/type.object.key	 	 	 	 	/wikipedia/en_id/10021402; /wikipedia/zh-cn_id/3811612	 	 	 	 	 	1	0.816497	1	1
0	http://rdf.freebase.com/ns/type.object.name	 	 	 	 	Bishop Peak	 	 	 	 	 	1	0.57735	1	1
0	http://rdf.freebase.com/ns/type.object.type	 	 	 	 	Geographical Feature; Physically Instantiable	 	 	 	 	 	1	0.73598	1	1
0	http://www.wikidata.org/entity/P1566c	 	 	 	 	 	6625753	 	 	5328838	 	2	0.816497	0.69897	1
0	http://www.wikidata.org/entity/P30c	 	 	 	 	 	Antarctica	 	 	 	 	1	0.57735	1	1
0	http://dbpedia.org/ontology/type	 	 	 	 	 	 	 	Volcanic plug	 	 	1	0.57735	1	1
