score	dataset	freebase	wikidata	yago-knowledge	freebase	wikidata	yago-knowledge	dbpedia	freebase	wikidata	yago-knowledge				
	entity	http://rdf.freebase.com/ns/m.02ql97	http://www.wikidata.org/entity/Q895385	http://yago-knowledge.org/resource/Bow_River	http://rdf.freebase.com/ns/m.03cwcrm	http://www.wikidata.org/entity/Q895384	http://yago-knowledge.org/resource/Bow_River_(Kimberley_region,_Western_Australia)	http://dbpedia.org/resource/Bow_River_(New_South_Wales)	http://rdf.freebase.com/ns/m.06wbbzk	http://www.wikidata.org/entity/Q895382	http://yago-knowledge.org/resource/Bow_River_(New_South_Wales)				
0	http://rdf.freebase.com/key/en	bow_river	 	 	 	 	 	 	 	 	 	1	0.57735	1	1
1	http://rdf.freebase.com/key/wikipedia.en	Bow_(river,_Canada); Bow_River_(Alberta)	 	 	Bow_River_(Kimberley_District,_Western_Australia)	 	 	 	Bow_River_(New_South_Wales)	 	 	3	0.816497	0.522879	1
2	http://rdf.freebase.com/key/wikipedia.en_id;http://dbpedia.org/ontology/wikiPageID	565137	 	 	14158986	 	 	23577061	23577061	 	 	4	0.645497	0.39794	1
1	http://rdf.freebase.com/key/wikipedia.en_title	Bow_River	 	 	Bow_River_(Kimberley_region,_Western_Australia)	 	 	 	Bow_River_(New_South_Wales)	 	 	3	0.816497	0.522879	1
1	http://rdf.freebase.com/ns/common.topic.article;http://schema.org/description	The Bow River is a river in the Canadian province of Alberta. It begins in the Rocky Mountains and w	river in Alberta, Canada	 	Bow River is a 148 km long tributary of the Ord River in the Kimberley region of northern Western Au	 	 	 	The Bow River is a river of the state of New South Wales in Australia.	river	 	5	0.816497	0.30103	1
1	http://rdf.freebase.com/ns/common.topic.description;http://www.w3.org/2000/01/rdf-schema#comment	The Bow River is a river in the Canadian province of Alberta. It begins in the Rocky Mountains and w	 	 	Bow River is a 148-kilometre long tributary of the Ord River in the Kimberley region of northern Wes	 	 	Bow River, a partly perennial stream of the Hunter River catchment, is located in the Hunter distric	Bow River, a partly perennial stream of the Hunter River catchment, is located in the Hunter distric	 	 	4	0.645497	0.39794	1
0	http://rdf.freebase.com/ns/common.topic.image	View from Morant's Curve in Banff National Park	 	 	 	 	 	 	 	 	 	1	0.57735	1	1
0	http://rdf.freebase.com/ns/common.topic.notable_for	River	 	 	River	 	 	 	River	 	 	3	0.57735	0.522879	1
0	http://rdf.freebase.com/ns/common.topic.notable_types	River	 	 	River	 	 	 	River	 	 	3	0.57735	0.522879	1
1	http://rdf.freebase.com/ns/common.topic.topic_equivalent_webpage;http://xmlns.com/foaf/0.1/isPrimaryTopicOf	http://ca.wikipedia.org/wiki/index.html?curid=1212716; http://es.wikipedia.org/wiki/R%EDo_Bow	 	 	http://de.wikipedia.org/wiki/index.html?curid=6457124; http://en.wikipedia.org/wiki/Bow_River_(Kimbe	 	 	http://en.wikipedia.org/wiki/Bow_River_(New_South_Wales)	http://de.wikipedia.org/wiki/Bow_River_(Goulburn_River)	 	 	4	0.803638	0.39794	1
0	http://rdf.freebase.com/ns/geography.body_of_water.bridges	Centre Street Bridge; Langevin Bridge	 	 	 	 	 	 	 	 	 	1	0.816497	1	1
0	http://rdf.freebase.com/ns/geography.river.basin_area	26200	 	 	 	 	 	 	 	 	 	1	0.57735	1	1
0	http://rdf.freebase.com/ns/geography.river.cities	Arrowwood; Cochrane	 	 	 	 	 	 	 	 	 	1	0.816497	1	1
0	http://rdf.freebase.com/ns/geography.river.discharge	129	 	 	 	 	 	 	 	 	 	1	0.57735	1	1
0	http://rdf.freebase.com/ns/geography.river.length	587	 	 	148	 	 	 	 	 	 	2	0.816497	0.69897	1
1	http://rdf.freebase.com/ns/geography.river.mouth;http://www.wikidata.org/entity/P403c	South Saskatchewan River	South Saskatchewan River	 	 	Ord River	 	 	Goulburn River	Goulburn River	 	5	0.516398	0.30103	1
0	http://rdf.freebase.com/ns/geography.river.mouth_elevation_in_meters	700	 	 	 	 	 	 	192	 	 	2	0.816497	0.69897	1
0	http://rdf.freebase.com/ns/geography.river.origin	Bow Glacier	 	 	Kimberley	 	 	 	 	 	 	2	0.816497	0.69897	1
0	http://rdf.freebase.com/ns/kg.object_profile.prominent_type	River	 	 	River	 	 	 	River	 	 	3	0.57735	0.522879	1
0	http://rdf.freebase.com/ns/location.location.containedby	North America	 	 	Western Australia	 	 	 	 	 	 	2	0.816497	0.69897	1
0	http://rdf.freebase.com/ns/location.location.people_born_here	Keeseekoowenin	 	 	 	 	 	 	 	 	 	1	0.57735	1	1
0	http://rdf.freebase.com/ns/type.object.key	/wikipedia/bg_title/Боу_(река); /wikipedia/ca_title/Riu_Bow	 	 	/wikipedia/de_id/6457124; /wikipedia/en_id/14158986	 	 	 	/wikipedia/de_title/Bow_River_(Goulburn_River); /wikipedia/en_title/Bow_River_(New_South_Wales)	 	 	3	0.816497	0.522879	1
0	http://rdf.freebase.com/ns/type.object.name	Bow River	 	 	Bow River	 	 	 	Bow River	 	 	3	0.57735	0.522879	1
0	http://rdf.freebase.com/ns/type.object.type	Body Of Water; Geographical Feature	 	 	Body Of Water; Geographical Feature	 	 	 	Body Of Water; Geographical Feature	 	 	3	0	0.522879	1
0	http://www.w3.org/1999/02/22-rdf-syntax-ns#type;http://www.wikidata.org/entity/P31c	Body Of Water; Geographical Feature	river	wikicat Rivers of North America; wordnet river 109411430	Body Of Water; Geographical Feature	river	wikicat Rivers of Western Australia; wordnet river 109411430	Spatial Thing; body of water	Body Of Water; Geographical Feature	river	wikicat Rivers of New South Wales; wordnet river 109411430	10	0.317612	0	1
2	http://www.w3.org/2000/01/rdf-schema#label	Bow River	Bow River	Bow River	Bow River	Bow River	Bow River (Kimberley region, Western Australia)	Bow River (New South Wales)	Bow River	Bow River	Bow River (New South Wales)	10	0.288675	0	1
3	http://www.w3.org/2003/01/geo/wgs84_pos#lat;http://yago-knowledge.org/resource/hasLatitude	 	49.935	49.935	-16.65	-16.65	-16.65	-32.199	 	-32.199	-32.199	8	0.204124	0.09691	1
3	http://www.w3.org/2003/01/geo/wgs84_pos#long;http://yago-knowledge.org/resource/hasLongitude	 	-111.689	-111.689	128.664	128.664	128.664	150.218	 	150.218	150.218	8	0.204124	0.09691	1
0	http://www.w3.org/2004/02/skos/core#altLabel	 	Bow	 	 	 	 	 	 	 	 	1	0.57735	1	1
3	http://www.wikidata.org/entity/P131c;http://www.wikidata.org/entity/P17c;http://yago-knowledge.org/resource/isLocatedIn;http://dbpedia.org/ontology/country;http://rdf.freebase.com/ns/geography.river.basin_countries	 	Alberta	Canadian Rockies; North America	 	Western Australia	Western Australia	Australia	Australia	New South Wales	Hunter Region; New South Wales	8	0.408248	0.09691	1
0	http://www.wikidata.org/entity/P1566c	 	5906848	 	 	 	 	 	 	 	 	1	0.57735	1	1
0	http://www.wikidata.org/entity/P18c	 	http://commons.wikimedia.org/wiki/File:Bow_River_Calgary_2.jpg	 	 	 	 	 	 	 	 	1	0.57735	1	1
0	http://www.wikidata.org/entity/P2043c	 	587	 	 	 	 	 	 	 	 	1	0.57735	1	1
0	http://www.wikidata.org/entity/P2053c	 	26200	 	 	 	 	 	 	 	 	1	0.57735	1	1
0	http://www.wikidata.org/entity/P214c	 	247424564	 	 	 	 	 	 	 	 	1	0.57735	1	1
0	http://www.wikidata.org/entity/P227c	 	7614075-1	 	 	 	 	 	 	 	 	1	0.57735	1	1
0	http://www.wikidata.org/entity/P373c	 	Bow River	 	 	 	 	 	 	 	 	1	0.57735	1	1
0	http://www.wikidata.org/entity/P646-freebase	 	Bow River	 	 	 	 	 	 	 	 	1	0.57735	1	1
0	http://www.wikidata.org/entity/P646c	 	/m/02ql97	 	 	 	 	 	 	 	 	1	0.57735	1	1
0	http://www.wikidata.org/entity/P974c	 	Cascade River	 	 	Wilson River	 	 	 	 	 	2	0.816497	0.69897	1
0	http://www.w3.org/2002/07/owl#sameAs	 	 	Bow River	 	 	Bow River (Kimberley region, Western Australia)	 	 	 	 	2	0.816497	0.69897	0
0	http://www.w3.org/2004/02/skos/core#prefLabel	 	 	Bow River	 	 	Bow River (Kimberley region, Western Australia)	 	 	 	Bow River (New South Wales)	3	0.816497	0.522879	1
0	http://yago-knowledge.org/resource/hasCitationTitle	 	 	Alberta Formed, Alberta Transformed; History of the District	 	 	Bonzle Digital Atlas - Map of Bow River, WA	 	 	 	Hunter River catchment; Map of Bow River, NSW	3	0.816497	0.522879	1
0	http://yago-knowledge.org/resource/hasWikipediaAnchorText	 	 	hydroelectric; Alberta Fish and Wildlife Division	 	 	County Galway; Kimberley region	 	 	 	Goulburn River National Park; Local government area	3	0.816497	0.522879	1
0	http://yago-knowledge.org/resource/hasWikipediaArticleLength	 	 	50564	 	 	1690	 	 	 	 	2	0.816497	0.69897	1
0	http://yago-knowledge.org/resource/hasWikipediaUrl	 	 	http://en.wikipedia.org/wiki/Bow_River	 	 	http://en.wikipedia.org/wiki/Bow_River_%28Kimberley_region%2C_Western_Australia%29	 	 	 	 	2	0.816497	0.69897	1
0	http://yago-knowledge.org/resource/linksTo	 	 	Arrowwood, Alberta; Wapta Icefield	 	 	County Galway; Kimberley (Western Australia)	 	 	 	 	2	0.816497	0.69897	1
0	http://yago-knowledge.org/resource/redirectedFrom	 	 	Bow (river, Canada); Bow River (Alberta)	 	 	Bow River (Kimberley District, Western Australia)	 	 	 	 	2	0.816497	0.69897	1
0	http://yago-knowledge.org/resource/hasLength	 	 	 	 	 	148000	 	 	 	 	1	0.57735	1	1
0	http://dbpedia.org/ontology/abstract	 	 	 	 	 	 	Bow River, a partly perennial stream of the Hunter River catchment, is located in the Hunter distric	 	 	 	1	0.57735	1	1
0	http://dbpedia.org/ontology/mouthElevation	 	 	 	 	 	 	192	 	 	 	1	0.57735	1	1
0	http://dbpedia.org/ontology/mouthMountain	 	 	 	 	 	 	Denman, New South Wales	 	 	 	1	0.57735	1	1
0	http://dbpedia.org/ontology/mouthPlace	 	 	 	 	 	 	Denman, New South Wales	 	 	 	1	0.57735	1	1
0	http://dbpedia.org/ontology/municipality	 	 	 	 	 	 	Upper Hunter Shire	 	 	 	1	0.57735	1	1
0	http://dbpedia.org/ontology/region	 	 	 	 	 	 	Hunter Region; Sydney Basin	 	 	 	1	0.816497	1	1
0	http://dbpedia.org/ontology/riverMouth	 	 	 	 	 	 	Goulburn River (New South Wales)	 	 	 	1	0.57735	1	1
0	http://dbpedia.org/ontology/sourceConfluenceElevation	 	 	 	 	 	 	342	 	 	 	1	0.57735	1	1
0	http://dbpedia.org/ontology/sourceConfluenceMountain	 	 	 	 	 	 	Merriwa, New South Wales	 	 	 	1	0.57735	1	1
0	http://dbpedia.org/ontology/sourceConfluencePlace	 	 	 	 	 	 	Merriwa, New South Wales	 	 	 	1	0.57735	1	1
0	http://dbpedia.org/ontology/state	 	 	 	 	 	 	New South Wales	 	 	 	1	0.57735	1	1
0	http://dbpedia.org/ontology/synonym	 	 	 	 	 	 	Bow Creek	 	 	 	1	0.57735	1	1
0	http://dbpedia.org/ontology/type	 	 	 	 	 	 	Perennial stream	 	 	 	1	0.57735	1	1
0	http://dbpedia.org/ontology/wikiPageLength	 	 	 	 	 	 	6096	 	 	 	1	0.57735	1	1
0	http://dbpedia.org/ontology/wikiPageOutDegree	 	 	 	 	 	 	30	 	 	 	1	0.57735	1	1
0	http://dbpedia.org/ontology/wikiPageRevisionID	 	 	 	 	 	 	718471273	 	 	 	1	0.57735	1	1
0	http://purl.org/dc/terms/subject	 	 	 	 	 	 	Rivers of the Hunter Region; Upper Hunter Shire	 	 	 	1	0.816497	1	1
0	http://www.georss.org/georss/point	 	 	 	 	 	 	-32.19861111111111 150.21777777777777	 	 	 	1	0.57735	1	1
0	http://www.w3.org/ns/prov#wasDerivedFrom	 	 	 	 	 	 	http://en.wikipedia.org/wiki/Bow_River_(New_South_Wales)?oldid=718471273	 	 	 	1	0.57735	1	1
0	http://xmlns.com/foaf/0.1/name	 	 	 	 	 	 	Bow River	 	 	 	1	0.57735	1	1
