score	dataset	freebase	wikidata	dbpedia	freebase	wikidata	freebase	wikidata	sws.geonames	freebase	wikidata				
	entity	http://rdf.freebase.com/ns/m.04qm4t	http://www.wikidata.org/entity/Q5188336	http://dbpedia.org/resource/Cross_Lake,_Manitoba	http://rdf.freebase.com/ns/m.09pyf7	http://www.wikidata.org/entity/Q2090702	http://rdf.freebase.com/ns/m.0272jb1	http://www.wikidata.org/entity/Q5188337	http://sws.geonames.org/5933123/	http://rdf.freebase.com/ns/m.0bbyvsr	http://www.wikidata.org/entity/Q5188338				
1	http://rdf.freebase.com/key/en	cross_lake	 	 	cross_lake_manitoba	 	cross_lake_louisiana	 	 	 	 	3	0.816497	0.522879	1
1	http://rdf.freebase.com/key/wikipedia.en	Cross_Lake	 	 	Cross_Lake,_Manitoba,_Canada; Cross_Lake_Indian_Reserve	 	Cross_Lake,_Shreveport,_Louisiana	 	 	Cross_Lake_(Moore_Creek)	 	4	0.816497	0.39794	1
2	http://rdf.freebase.com/key/wikipedia.en_id;http://dbpedia.org/ontology/wikiPageID	1292446	 	3612932	3612932	 	8412790	 	 	26338282	 	5	0.68313	0.30103	1
1	http://rdf.freebase.com/key/wikipedia.en_title	Cross_Lake	 	 	Cross_Lake,_Manitoba	 	Cross_Lake_(Shreveport,_Louisiana)	 	 	Cross_Lake_(Moore_Creek)	 	4	0.816497	0.39794	1
0	http://rdf.freebase.com/ns/common.topic.article	Cross Lake lies on the border of Cayuga and Onondaga Counties in New York. Cross Lake lies within th	 	 	Cross Lake is the name of two closely related, adjoining but independent communities in the Canadian	 	Cross Lake (French: Lac de la Croix) is an 8,575-acre (35 km) lake located near Shreveport, Louisian	 	 	Cross Lake is a lake in South Algonquin, Nipissing District, Ontario, Canada, about 12 kilometres (7	 	4	0.816497	0.39794	1
1	http://rdf.freebase.com/ns/common.topic.description;http://www.w3.org/2000/01/rdf-schema#comment	Cross Lake is a lake on the border of Cayuga and Onondaga Counties in New York, United States. The l	 	Cross Lake is the name of two closely related, adjoining but independent communities in the Canadian	Cross Lake is the name of two closely related, adjoining but independent communities in the Canadian	 	Cross Lake is an 8,575-acre lake located near Shreveport, Louisiana. The waterway provides the water	 	 	Cross Lake is a lake in South Algonquin, Nipissing District, Ontario, Canada, about 12 kilometres so	 	5	0.68313	0.30103	1
0	http://rdf.freebase.com/ns/common.topic.notable_for	Lake	 	 	Location	 	Lake	 	 	Lake	 	4	0.408248	0.39794	1
0	http://rdf.freebase.com/ns/common.topic.notable_types	Lake	 	 	Location	 	Lake	 	 	Lake	 	4	0.408248	0.39794	1
1	http://rdf.freebase.com/ns/common.topic.topic_equivalent_webpage;http://xmlns.com/foaf/0.1/isPrimaryTopicOf	http://en.wikipedia.org/wiki/Cross_Lake; http://en.wikipedia.org/wiki/index.html?curid=1292446	 	http://en.wikipedia.org/wiki/Cross_Lake,_Manitoba	http://en.wikipedia.org/wiki/Cross_Lake,_Manitoba; http://fa.wikipedia.org/wiki/%A9%31%27%33_%44%CC%	 	http://en.wikipedia.org/wiki/Cross_Lake_(Shreveport,_Louisiana); http://en.wikipedia.org/wiki/index.	 	 	http://en.wikipedia.org/wiki/Cross_Lake_(Moore_Creek); http://en.wikipedia.org/wiki/index.html?curid	 	5	0.779643	0.30103	1
0	http://rdf.freebase.com/ns/geography.body_of_water.depth	19.507	 	 	 	 	 	 	 	 	 	1	0.57735	1	1
0	http://rdf.freebase.com/ns/geography.lake.basin_countries;http://www.wikidata.org/entity/P131c;http://www.wikidata.org/entity/P17c;http://dbpedia.org/ontology/country;http://www.geonames.org/ontology#parentADM1;http://www.geonames.org/ontology#parentADM2;http://www.geonames.org/ontology#parentCountry	United States of America	United States of America	Canada	 	Manitoba	United States of America	United States of America	Nipissing District	Canada	Ontario	9	0.365148	0.045757	1
0	http://rdf.freebase.com/ns/geography.lake.cities	Cato	 	 	 	 	 	 	 	South Algonquin	 	2	0.816497	0.69897	1
0	http://rdf.freebase.com/ns/geography.lake.inflow	Seneca River	 	 	 	 	 	 	 	 	 	1	0.57735	1	1
0	http://rdf.freebase.com/ns/geography.lake.length	6.1	 	 	 	 	 	 	 	3.6	 	2	0.816497	0.69897	1
0	http://rdf.freebase.com/ns/geography.lake.outflow	Seneca River	 	 	 	 	 	 	 	Moore Creek	 	2	0.816497	0.69897	1
0	http://rdf.freebase.com/ns/geography.lake.surface_elevation	113.7	 	 	 	 	 	 	 	441	 	2	0.816497	0.69897	1
0	http://rdf.freebase.com/ns/kg.object_profile.prominent_type	Lake	 	 	Location	 	Lake	 	 	Lake	 	4	0.408248	0.39794	1
0	http://rdf.freebase.com/ns/location.location.containedby;http://dbpedia.org/ontology/isPartOf;http://www.geonames.org/ontology#parentFeature	Cayuga County; New York	 	Division No. 22, Manitoba; Northern Region, Manitoba	Manitoba	 	Caddo Parish; Louisiana	 	Nipissing District	South Algonquin	 	6	0.758787	0.221849	1
0	http://rdf.freebase.com/ns/type.object.key	/wikipedia/en_id/1292446; /wikipedia/en_title/Cross_Lake	 	 	/wikipedia/en/Cross_Lake,_Manitoba,_Canada; /wikipedia/en/Cross_Lake_Indian_Reserve	 	/wikipedia/en_id/8412790; /wikipedia/en_title/Cross_Lake_(Shreveport,_Louisiana)	 	 	/wikipedia/en_id/26338282; /wikipedia/en_title/Cross_Lake_(Moore_Creek)	 	4	0.816497	0.39794	1
0	http://rdf.freebase.com/ns/type.object.name	Cross Lake	 	 	Cross Lake, Manitoba	 	Cross Lake	 	 	Cross Lake	 	4	0.408248	0.39794	1
0	http://rdf.freebase.com/ns/type.object.type	Body Of Water; Geographical Feature	 	 	Inanimate; Location	 	Body Of Water; Geographical Feature	 	 	Body Of Water; Geographical Feature	 	4	0.19245	0.39794	1
0	http://www.w3.org/1999/02/22-rdf-syntax-ns#type;http://www.wikidata.org/entity/P31c	Body Of Water; Geographical Feature	lake	Spatial Thing; http://dbpedia.org/ontology/Location	Inanimate; Location	lake	Body Of Water; Geographical Feature	lake	Feature	Body Of Water; Geographical Feature	lake	10	0.273551	0	1
2	http://www.w3.org/2000/01/rdf-schema#label;http://www.geonames.org/ontology#name	Cross Lake	Cross Lake	Cross Lake, Manitoba	Cross Lake, Manitoba	Cross Lake	Cross Lake	Cross Lake	Cross Lake	Cross Lake	Cross Lake	10	0.365148	0	1
3	http://www.w3.org/2003/01/geo/wgs84_pos#lat	43.116	43.125	54.626	54.626	54.717	32.502	32.502	45.397	45.397	45.397	10	0.516398	0	1
3	http://www.w3.org/2003/01/geo/wgs84_pos#long	-76.475	-76.484	-97.78	-97.78	-97.417	-93.845	-93.845	-77.943	-77.942	-77.942	10	0.60553	0	1
1	http://www.wikidata.org/entity/P1566c	 	5114176	 	 	5933127	 	4321272	 	 	5933123	4	0.816497	0.39794	1
0	http://dbpedia.org/ontology/abstract	 	 	Cross Lake is the name of two closely related, adjoining but independent communities in the Canadian	 	 	 	 	 	 	 	1	0.57735	1	1
0	http://dbpedia.org/ontology/elevation	 	 	206.959	 	 	 	 	 	 	 	1	0.57735	1	1
0	http://dbpedia.org/ontology/thumbnail	 	 	http://commons.wikimedia.org/wiki/Special:FilePath/Cross_Lake,_Manitoba.jpg?width=300	 	 	 	 	 	 	 	1	0.57735	1	1
0	http://dbpedia.org/ontology/timeZone	 	 	Central Standard Time	 	 	 	 	 	 	 	1	0.57735	1	1
0	http://dbpedia.org/ontology/utcOffset	 	 	�?	 	 	 	 	 	 	 	1	0.816497	1	1
0	http://dbpedia.org/ontology/wikiPageLength	 	 	9139	 	 	 	 	 	 	 	1	0.57735	1	1
0	http://dbpedia.org/ontology/wikiPageOutDegree	 	 	34	 	 	 	 	 	 	 	1	0.57735	1	1
0	http://dbpedia.org/ontology/wikiPageRevisionID	 	 	709782427	 	 	 	 	 	 	 	1	0.57735	1	1
0	http://purl.org/dc/terms/subject	 	 	Designated places in Manitoba; Hudson's Bay Company trading posts	 	 	 	 	 	 	 	1	0.816497	1	1
0	http://www.georss.org/georss/point	 	 	54.62555555555556 -97.78	 	 	 	 	 	 	 	1	0.57735	1	1
0	http://www.w3.org/2002/07/owl#sameAs	 	 	Cross Lake	 	 	 	 	 	 	 	1	0.57735	1	0
0	http://www.w3.org/ns/prov#wasDerivedFrom	 	 	http://en.wikipedia.org/wiki/Cross_Lake,_Manitoba?oldid=709782427	 	 	 	 	 	 	 	1	0.57735	1	1
0	http://xmlns.com/foaf/0.1/depiction	 	 	http://commons.wikimedia.org/wiki/Special:FilePath/Cross_Lake,_Manitoba.jpg	 	 	 	 	 	 	 	1	0.57735	1	1
0	http://xmlns.com/foaf/0.1/name	 	 	Cross Lake	 	 	 	 	 	 	 	1	0.57735	1	1
0	http://rdf.freebase.com/ns/location.location.nearby_airports	 	 	 	Cross Lake (Charlie Sinclair Memorial) Airport	 	 	 	 	 	 	1	0.57735	1	1
0	http://rdf.freebase.com/ns/location.location.time_zones	 	 	 	Central Time Zone	 	 	 	 	 	 	1	0.57735	1	1
0	http://www.wikidata.org/entity/P18c	 	 	 	 	http://commons.wikimedia.org/wiki/File:Cross_Lake,_Manitoba.jpg	 	http://commons.wikimedia.org/wiki/File:Cross_Lake_near_Ford_Park,_Shreveport,_LA_IMG_1349.JPG	 	 	 	2	0.816497	0.69897	1
0	http://www.wikidata.org/entity/P646-freebase	 	 	 	 	Cross Lake, Manitoba	 	 	 	 	 	1	0.57735	1	1
0	http://www.wikidata.org/entity/P646c	 	 	 	 	/m/09pyf7	 	 	 	 	 	1	0.57735	1	1
0	http://rdf.freebase.com/ns/common.topic.alias	 	 	 	 	 	Cross Lake, Shreveport, Louisiana	 	 	 	 	1	0.57735	1	1
0	http://rdf.freebase.com/ns/geography.body_of_water.surface_area	 	 	 	 	 	34.702	 	 	 	 	1	0.57735	1	1
0	http://rdf.freebase.com/ns/location.location.area	 	 	 	 	 	34.702	 	 	 	 	1	0.57735	1	1
0	http://www.geonames.org/ontology#countryCode	 	 	 	 	 	 	 	CA	 	 	1	0.57735	1	1
0	http://www.geonames.org/ontology#featureClass	 	 	 	 	 	 	 	http://www.geonames.org/ontology#H	 	 	1	0.57735	1	1
0	http://www.geonames.org/ontology#featureCode	 	 	 	 	 	 	 	http://www.geonames.org/ontology#H.LK	 	 	1	0.57735	1	1
0	http://www.geonames.org/ontology#locationMap	 	 	 	 	 	 	 	http://www.geonames.org/5933123/cross-lake.html	 	 	1	0.57735	1	1
0	http://www.geonames.org/ontology#nearbyFeatures	 	 	 	 	 	 	 	http://sws.geonames.org/5933123/nearby.rdf	 	 	1	0.57735	1	1
0	http://www.geonames.org/ontology#wikipediaArticle	 	 	 	 	 	 	 	http://en.wikipedia.org/wiki/Cross_Lake_%28Moore_Creek%29	 	 	1	0.57735	1	1
0	http://www.w3.org/2000/01/rdf-schema#seeAlso	 	 	 	 	 	 	 	http://dbpedia.org/resource/Cross_Lake_%28Moore_Creek%29	 	 	1	0.57735	1	1
0	http://rdf.freebase.com/ns/geography.lake.width	 	 	 	 	 	 	 	 	2.3	 	1	0.57735	1	1
0	http://www.wikidata.org/entity/P2044c	 	 	 	 	 	 	 	 	 	437	1	0.57735	1	1
