score	dataset	dbpedia	freebase	wikidata	yago-knowledge	dbpedia	freebase	wikidata	dbpedia	freebase	wikidata				
	entity	http://dbpedia.org/resource/Putna_River_(Moldova)	http://rdf.freebase.com/ns/m.02x2gd4	http://www.wikidata.org/entity/Q7262307	http://yago-knowledge.org/resource/Putna_River_(Moldova)	http://dbpedia.org/resource/Putna_River_(Prigor)	http://rdf.freebase.com/ns/m.03y9mrc	http://www.wikidata.org/entity/Q7262305	http://dbpedia.org/resource/Putna_River_(Siret)	http://rdf.freebase.com/ns/m.0f_3wn	http://www.wikidata.org/entity/Q5733828				
0	http://dbpedia.org/ontology/abstract	The Putna River is a right tributary of the river Moldova in Romania. It is formed at the confluence	 	 	 	The Putna River is a tributary of the Prigor River in Romania.	 	 	Putna River is a right tributary of the river Siret in Vrancea County in Romania, in the historical 	 	 	3	0.816497	0.522879	1
1	http://dbpedia.org/ontology/city;http://dbpedia.org/ontology/country;http://dbpedia.org/ontology/district;http://rdf.freebase.com/ns/geography.river.basin_countries;http://www.wikidata.org/entity/P17c;http://yago-knowledge.org/resource/isLocatedIn	Pojorâta; Suceava County	Romania	Romania	Suceava County	Caraş-Severin County; http://dbpedia.org/resource/Putna,_Caraş-Severin	Romania	Romania	Vrancea County	Romania	Romania	10	0.280056	0	1
0	http://dbpedia.org/ontology/mouthPosition	http://dbpedia.org/resource/Putna_River_(Moldova)__mouthPosition__1	 	 	 	 	 	 	http://dbpedia.org/resource/Putna_River_(Siret)__mouthPosition__1	 	 	2	0.816497	0.69897	1
0	http://dbpedia.org/ontology/riverMouth	Moldova River	 	 	 	Prigor River	 	 	Siret (river)	 	 	3	0.816497	0.522879	1
0	http://dbpedia.org/ontology/source	Putna Mică River; Pârâul Roșu (Putna)	 	 	 	 	 	 	http://dbpedia.org/resource/Lăcăuți-Arișoaia_Ridge	 	 	2	0.816497	0.69897	1
0	http://dbpedia.org/ontology/sourceMountain	http://dbpedia.org/resource/Giumălău_Mountains	 	 	 	 	 	 	Vrancea Mountains	 	 	2	0.816497	0.69897	1
0	http://dbpedia.org/ontology/sourcePlace	http://dbpedia.org/resource/Giumălău_Mountains	 	 	 	 	 	 	Vrancea Mountains	 	 	2	0.816497	0.69897	1
0	http://dbpedia.org/ontology/wikiPageExternalLink	http://harti.mielu.ro/obcinele_bucovinene.html; http://harti.mielu.ro/rarau_giumalau.html	 	 	 	http://www.e-calauza.ro/index.php?afiseaza=trasee-turistice-caras; http://www.harta-turistica.ro/map	 	 	http://harti.mielu.ro/vrancei.html	 	 	3	0.816497	0.522879	1
2	http://dbpedia.org/ontology/wikiPageID;http://rdf.freebase.com/key/wikipedia.en_id	12730273	12730273	 	 	16549671	16549671	 	6275183	6275183	 	6	0.408248	0.221849	1
0	http://dbpedia.org/ontology/wikiPageLength	4313	 	 	 	3366	 	 	7782	 	 	3	0.816497	0.522879	1
0	http://dbpedia.org/ontology/wikiPageOutDegree	27	 	 	 	10	 	 	74	 	 	3	0.816497	0.522879	1
0	http://dbpedia.org/ontology/wikiPageRevisionID	741435035	 	 	 	717115290	 	 	741727768	 	 	3	0.816497	0.522879	1
0	http://purl.org/dc/terms/subject	Rivers of Suceava County	 	 	 	Rivers of Caraș-Severin County; Rivers of the Nera-Cerna subbasin	 	 	Rivers of Vrancea County	 	 	3	0.617213	0.522879	1
3	http://www.w3.org/1999/02/22-rdf-syntax-ns#type;http://www.wikidata.org/entity/P31c	body of water; http://dbpedia.org/ontology/Location	Body Of Water; Geographical Feature	river	wikicat Rivers of Suceava County; wordnet river 109411430	body of water; http://dbpedia.org/ontology/Location	Body Of Water; Geographical Feature	river	body of water; http://dbpedia.org/ontology/Location	Body Of Water; Geographical Feature	river	10	0.170783	0	1
2	http://www.w3.org/2000/01/rdf-schema#comment;http://rdf.freebase.com/ns/common.topic.description	The Putna River is a right tributary of the river Moldova in Romania. It is formed at the confluence	The Putna River is a tributary of the Moldova River in Romania. It is formed at the junction of two 	 	 	The Putna River is a tributary of the Prigor River in Romania.	The Putna River is a tributary of the Prigor River in Romania.	 	Putna River is a right tributary of the river Siret in Vrancea County in Romania, in the historical 	Putna River is a tributary of the Siret River in Vrancea County in Romania, in the historical region	 	6	0.707107	0.221849	1
3	http://www.w3.org/2000/01/rdf-schema#label	Putna River (Moldova)	Putna River	Putna River	Putna River (Moldova)	Putna River (Prigor)	Putna River	Putna River	Putna River (Siret)	Putna River	Putna River	10	0.174078	0	1
0	http://www.w3.org/2002/07/owl#sameAs	 	 	 	 	 	 	 	 	 	 	0	NaN	Infinity	0
0	http://www.w3.org/ns/prov#wasDerivedFrom	http://en.wikipedia.org/wiki/Putna_River_(Moldova)?oldid=741435035	 	 	 	http://en.wikipedia.org/wiki/Putna_River_(Prigor)?oldid=717115290	 	 	http://en.wikipedia.org/wiki/Putna_River_(Siret)?oldid=741727768	 	 	3	0.816497	0.522879	1
1	http://xmlns.com/foaf/0.1/isPrimaryTopicOf;http://rdf.freebase.com/ns/common.topic.topic_equivalent_webpage	http://en.wikipedia.org/wiki/Putna_River_(Moldova)	http://en.wikipedia.org/wiki/Putna_River_(Moldova); http://ro.wikipedia.org/wiki/R%E2ul_Putna,_Moldo	 	 	http://en.wikipedia.org/wiki/Putna_River_(Prigor)	http://en.wikipedia.org/wiki/Putna_River_(Prigor); http://en.wikipedia.org/wiki/index.html?curid=165	 	http://en.wikipedia.org/wiki/Putna_River_(Siret)	http://en.wikipedia.org/wiki/Putna_River_(Siret); http://ro.wikipedia.org/wiki/R%E2ul_Putna,_Siret	 	6	0.70014	0.221849	1
0	http://xmlns.com/foaf/0.1/name	Putna River	 	 	 	Putna River	 	 	Putna River	 	 	3	0.57735	0.522879	1
1	http://rdf.freebase.com/key/wikipedia.en	 	Putna_River_(Moldova)	 	 	 	Putna_River_(Prigor)	 	 	Putna_River_(Siret)	 	3	0.816497	0.522879	1
1	http://rdf.freebase.com/key/wikipedia.en_title	 	Putna_River_(Moldova)	 	 	 	Putna_River_(Prigor)	 	 	Putna_River_(Siret)	 	3	0.816497	0.522879	1
0	http://rdf.freebase.com/ns/common.topic.article	 	The Putna River is a tributary of the Moldova River in Romania. It is formed at the junction of two 	 	 	 	The Putna River is a tributary of the Prigor River in Romania.	 	 	Putna River is a tributary of the Siret River in Vrancea County in Romania, in the historical region	 	3	0.816497	0.522879	1
0	http://rdf.freebase.com/ns/common.topic.notable_for	 	River	 	 	 	River	 	 	River	 	3	0.57735	0.522879	1
0	http://rdf.freebase.com/ns/common.topic.notable_types	 	River	 	 	 	River	 	 	River	 	3	0.57735	0.522879	1
0	http://rdf.freebase.com/ns/geography.river.length	 	20	 	 	 	 	 	 	144	 	2	0.816497	0.69897	1
0	http://rdf.freebase.com/ns/geography.river.mouth	 	Moldova River	 	 	 	Prigor River	 	 	Siret River	 	3	0.816497	0.522879	1
0	http://rdf.freebase.com/ns/kg.object_profile.prominent_type	 	River	 	 	 	River	 	 	River	 	3	0.57735	0.522879	1
0	http://rdf.freebase.com/ns/location.location.containedby	 	Suceava County	 	 	 	Caraș-Severin County	 	 	Vrancea County	 	3	0.57735	0.522879	1
0	http://rdf.freebase.com/ns/type.object.key	 	/wikipedia/en_id/12730273; /wikipedia/ro_title/Râul_Putna,_Moldova	 	 	 	/wikipedia/en_id/16549671; /wikipedia/en_title/Putna_River_(Prigor)	 	 	/wikipedia/en_id/6275183; /wikipedia/lt/Putna_(Sireto_intakas)	 	3	0.816497	0.522879	1
0	http://rdf.freebase.com/ns/type.object.name	 	Putna River	 	 	 	Putna River	 	 	Putna River	 	3	0.57735	0.522879	1
0	http://rdf.freebase.com/ns/type.object.type	 	Body Of Water; Geographical Feature	 	 	 	Body Of Water; Geographical Feature	 	 	Body Of Water; Geographical Feature	 	3	0	0.522879	1
0	http://www.w3.org/2004/02/skos/core#prefLabel	 	 	 	Putna River (Moldova)	 	 	 	 	 	 	1	0.57735	1	1
0	http://yago-knowledge.org/resource/hasWikipediaAnchorText	 	 	 	Giumălău Mountains; Moldova River	 	 	 	 	 	 	1	0.816497	1	1
0	http://yago-knowledge.org/resource/hasWikipediaArticleLength	 	 	 	4692	 	 	 	 	 	 	1	0.57735	1	1
0	http://yago-knowledge.org/resource/hasWikipediaUrl	 	 	 	http://en.wikipedia.org/wiki/Putna_River_%28Moldova%29	 	 	 	 	 	 	1	0.57735	1	1
0	http://yago-knowledge.org/resource/linksTo	 	 	 	Chiril River (Putna); Putnișoara River (Moldova)	 	 	 	 	 	 	1	0.816497	1	1
0	http://dbpedia.org/ontology/mouthMountain	 	 	 	 	 	 	 	Vulturu, Vrancea	 	 	1	0.57735	1	1
0	http://dbpedia.org/ontology/mouthPlace	 	 	 	 	 	 	 	Vulturu, Vrancea	 	 	1	0.57735	1	1
0	http://dbpedia.org/ontology/rightTributary	 	 	 	 	 	 	 	Milcov River (Siret); Râmna River (Putna)	 	 	1	0.816497	1	1
0	http://rdf.freebase.com/key/en	 	 	 	 	 	 	 	 	putna_river	 	1	0.57735	1	1
0	http://rdf.freebase.com/ns/geography.river.basin_area	 	 	 	 	 	 	 	 	2720	 	1	0.57735	1	1
0	http://rdf.freebase.com/ns/geography.river.origin	 	 	 	 	 	 	 	 	Vrancea Mountains	 	1	0.57735	1	1
0	http://www.w3.org/2003/01/geo/wgs84_pos#lat	 	 	 	 	 	 	 	 	 	45.607	1	0.57735	1	1
0	http://www.w3.org/2003/01/geo/wgs84_pos#long	 	 	 	 	 	 	 	 	 	27.497	1	0.57735	1	1
0	http://www.wikidata.org/entity/P18c	 	 	 	 	 	 	 	 	 	http://commons.wikimedia.org/wiki/File:RO_VN_Putna_river_1.jpg	1	0.57735	1	1
0	http://www.wikidata.org/entity/P646-freebase	 	 	 	 	 	 	 	 	 	Putna River	1	0.57735	1	1
0	http://www.wikidata.org/entity/P646c	 	 	 	 	 	 	 	 	 	/m/0f_3wn	1	0.57735	1	1
