score	dataset	dbpedia	freebase	wikidata	yago-knowledge	dbpedia	freebase	wikidata	dbpedia	freebase	wikidata				
	entity	http://dbpedia.org/resource/Dnieper	http://rdf.freebase.com/ns/m.021g_z	http://www.wikidata.org/entity/Q40855	http://yago-knowledge.org/resource/Dnieper_River	http://dbpedia.org/resource/Dnieper-Bug_Estuary	http://rdf.freebase.com/ns/m.0g56dzg	http://www.wikidata.org/entity/Q2618618	http://dbpedia.org/resource/Dnieper_Reservoir	http://rdf.freebase.com/ns/m.0dnfk9	http://www.wikidata.org/entity/Q2381584				
0	http://dbpedia.org/ontology/Stream/dischargeAverage	1670	 	 	 	 	 	 	 	 	 	1	0.57735	1	1
0	http://dbpedia.org/ontology/abstract	The Dnieper River /ˈniːpər/ or /dəˈnjɛpər/ (also known as: Dnepr, Dnyapro or Dnipro) is one of the m	 	 	 	The Dnieper-Bug Estuary (Ukrainian: Дніпровсько-Бузький лиман) is an open estuary, or liman, of two 	 	 	The Dnieper Reservoir (Ukrainian: Дніпровське водосховище, Dniprovs'ke vodoskhovyshche) is a water r	 	 	3	0.816497	0.522879	1
3	http://dbpedia.org/ontology/city;http://dbpedia.org/ontology/country;http://rdf.freebase.com/ns/geography.river.basin_countries;http://www.wikidata.org/entity/P17c;http://yago-knowledge.org/resource/isLocatedIn	Dnipro (city); Dorogobuzh	Belarus; Ukraine	Russia	Dnipropetrovsk Oblast; Vitebsk Region	Ukraine	 	Ukraine	Ukraine	 	Ukraine	8	0.497305	0.09691	1
0	http://dbpedia.org/ontology/dischargeAverage	1670	 	 	 	 	 	 	 	 	 	1	0.57735	1	1
0	http://dbpedia.org/ontology/leftTributary	Bilozerka River	 	 	 	 	 	 	 	 	 	1	0.816497	1	1
0	http://dbpedia.org/ontology/mouthCountry	Ukraine	 	 	 	 	 	 	 	 	 	1	0.57735	1	1
0	http://dbpedia.org/ontology/mouthElevation	0	 	 	 	 	 	 	 	 	 	1	0.57735	1	1
0	http://dbpedia.org/ontology/mouthPosition	http://dbpedia.org/resource/Dnieper__mouthPosition__1	 	 	 	 	 	 	 	 	 	1	0.57735	1	1
0	http://dbpedia.org/ontology/rightTributary	Bazavluk River; Inhulets River	 	 	 	 	 	 	 	 	 	1	0.816497	1	1
0	http://dbpedia.org/ontology/sourceCountry	Russia	 	 	 	 	 	 	 	 	 	1	0.57735	1	1
0	http://dbpedia.org/ontology/sourceElevation	220	 	 	 	 	 	 	 	 	 	1	0.57735	1	1
0	http://dbpedia.org/ontology/sourceMountain	Valdai Hills	 	 	 	 	 	 	 	 	 	1	0.57735	1	1
0	http://dbpedia.org/ontology/sourcePlace	Valdai Hills	 	 	 	 	 	 	 	 	 	1	0.57735	1	1
0	http://dbpedia.org/ontology/sourcePosition	http://dbpedia.org/resource/Dnieper__sourcePosition__1	 	 	 	 	 	 	 	 	 	1	0.57735	1	1
0	http://dbpedia.org/ontology/synonym	(Dnepr)	 	 	 	 	 	 	 	 	 	1	0.816497	1	1
0	http://dbpedia.org/ontology/thumbnail	http://commons.wikimedia.org/wiki/Special:FilePath/Dnipro_Basin_River_Town_International.png?width=3	 	 	 	http://commons.wikimedia.org/wiki/Special:FilePath/Dnieper_32.03650E_46.60888N.jpg?width=300	 	 	http://commons.wikimedia.org/wiki/Special:FilePath/Landsat_Dnieper_Reservoir.JPG?width=300	 	 	3	0.816497	0.522879	1
0	http://dbpedia.org/ontology/wikiPageExternalLink	http://charts.gov.ua/index_en.htm; http://izvestia.ru/news/378899	 	 	 	http://www.encyclopediaofukraine.com/display.asp?linkpath=pages%5CD%5CN%5CDnieper6BohEstuary.htm	 	 	 	 	 	2	0.816497	0.69897	1
2	http://dbpedia.org/ontology/wikiPageID;http://rdf.freebase.com/key/wikipedia.en_id	380138	380138	 	 	30103357	30103357	 	5473263	5473263	 	6	0.408248	0.221849	1
0	http://dbpedia.org/ontology/wikiPageLength	26317	 	 	 	3748	 	 	1690	 	 	3	0.816497	0.522879	1
0	http://dbpedia.org/ontology/wikiPageOutDegree	277	 	 	 	31	 	 	21	 	 	3	0.816497	0.522879	1
0	http://dbpedia.org/ontology/wikiPageRevisionID	740551157	 	 	 	709085318	 	 	679440715	 	 	3	0.816497	0.522879	1
0	http://purl.org/dc/terms/subject	Belarus–Ukraine border; Dnieper River system	 	 	 	Dnieper-Bug Estuary; Estuaries of the Black Sea	 	 	Geography of Dnipropetrovsk Oblast; Geography of Zaporizhia Oblast	 	 	3	0.816497	0.522879	1
0	http://www.w3.org/1999/02/22-rdf-syntax-ns#type;http://www.wikidata.org/entity/P31c	body of water; http://dbpedia.org/ontology/Location	Body Of Water; Geographical Feature	river	wikicat International rivers of Europe; wordnet river 109411430	Spatial Thing; body of water	Body Of Water; Geographical Feature	lake	Spatial Thing; body of water	Body Of Water; Geographical Feature	reservoir	10	0.433524	0	1
2	http://www.w3.org/2000/01/rdf-schema#comment;http://rdf.freebase.com/ns/common.topic.description	The Dnieper River /ˈniːpər/ or /dəˈnjɛpər/ (also known as: Dnepr, Dnyapro or Dnipro) is one of the m	The Dnieper River /ˈniːpər/ is one of the major rivers of Europe, rising near Smolensk, Russia and f	 	 	The Dnieper-Bug Estuary (Ukrainian: Дніпровсько-Бузький лиман) is an open estuary, or liman, of two 	Dnieper-Bug Estuary is an open estuary, or liman, of two rivers: Dnieper and Southern Bug. It is loc	 	The Dnieper Reservoir (Ukrainian: Дніпровське водосховище, Dniprovs'ke vodoskhovyshche) is a water r	The Dnieper Reservoir is a water reservoir on, and named after the Dnieper River in Ukraine. It is l	 	6	0.816497	0.221849	1
2	http://www.w3.org/2000/01/rdf-schema#label	Dnieper	Dnieper	Dnieper River	Dnieper River	Dnieper-Bug Estuary	Dnieper-Bug Estuary	Dnieper-Bug Estuary	Dnieper Reservoir	Dnieper Reservoir	Dnieper Reservoir	10	0.358057	0	1
0	http://www.w3.org/2000/01/rdf-schema#seeAlso	Ukrhydroenerho	 	 	 	 	 	 	 	 	 	1	0.57735	1	1
0	http://www.w3.org/2002/07/owl#sameAs	 	 	 	Dnieper River	 	 	 	 	 	 	1	0.57735	1	0
0	http://www.w3.org/ns/prov#wasDerivedFrom	http://en.wikipedia.org/wiki/Dnieper?oldid=740551157	 	 	 	http://en.wikipedia.org/wiki/Dnieper-Bug_Estuary?oldid=709085318	 	 	http://en.wikipedia.org/wiki/Dnieper_Reservoir?oldid=679440715	 	 	3	0.816497	0.522879	1
0	http://xmlns.com/foaf/0.1/depiction	http://commons.wikimedia.org/wiki/Special:FilePath/Dnipro_Basin_River_Town_International.png	 	 	 	http://commons.wikimedia.org/wiki/Special:FilePath/Dnieper_32.03650E_46.60888N.jpg	 	 	http://commons.wikimedia.org/wiki/Special:FilePath/Landsat_Dnieper_Reservoir.JPG	 	 	3	0.816497	0.522879	1
1	http://xmlns.com/foaf/0.1/isPrimaryTopicOf;http://rdf.freebase.com/ns/common.topic.topic_equivalent_webpage	http://en.wikipedia.org/wiki/Dnieper	http://ar.wikipedia.org/wiki/%2F%46%4A%28%31; http://nl.wikipedia.org/wiki/Dnjepr_(rivier)	 	 	http://en.wikipedia.org/wiki/Dnieper-Bug_Estuary	http://en.wikipedia.org/wiki/Dnieper-Bug_Estuary; http://et.wikipedia.org/wiki/Dnepri-Bugi_limaan	 	http://en.wikipedia.org/wiki/Dnieper_Reservoir	http://cs.wikipedia.org/wiki/Dn%1Bpersk%E1_p%59ehradn%ED_n%E1dr%7E	 	6	0.799143	0.221849	1
0	http://xmlns.com/foaf/0.1/name	Dnieper	 	 	 	Dnieper-Bug Estuary	 	 	Dnieper Reservoir	 	 	3	0.816497	0.522879	1
0	http://rdf.freebase.com/key/en	 	dnieper_river	 	 	 	 	 	 	dnieper_reservoir	 	2	0.816497	0.69897	1
0	http://rdf.freebase.com/key/user.avh.ellerdale	 	0081-6469	 	 	 	 	 	 	 	 	1	0.57735	1	1
0	http://rdf.freebase.com/key/user.maxim75.wikipedia_uk	 	Дніпро	 	 	 	 	 	 	 	 	1	0.57735	1	1
1	http://rdf.freebase.com/key/wikipedia.en	 	Dneiper_River; River_Dnieper	 	 	 	Dnieper-Bug_Estuary	 	 	Zaporizhzhia_Reservoir	 	3	0.816497	0.522879	1
1	http://rdf.freebase.com/key/wikipedia.en_title	 	Dnieper	 	 	 	Dnieper-Bug_Estuary	 	 	Dnieper_Reservoir	 	3	0.816497	0.522879	1
1	http://rdf.freebase.com/ns/common.topic.article;http://schema.org/description	 	The Dnieper River /ˈniːpər/ is one of the major rivers of Europe (fourth by length) that flows from 	longest river of Ukraine and Belarus	 	 	Dnieper-Bug Estuary (Ukrainian: Дніпровсько-Бузький лиман) is an open estuary, or liman, of two rive	 	 	The Dnieper Reservoir (Ukrainian: Дніпровське водосховище, Dniprovs'ke vodoskhovyshche) is a water r	 	4	0.816497	0.39794	1
0	http://rdf.freebase.com/ns/common.topic.image	 	The Dnieper River near the Kiev Pechersk Lavra in Kiev, Ukraine; none The Dnieper River seen atop a 	 	 	 	Dnieper 32	 	 	Dnieper Reservoir -	 	3	0.816497	0.522879	1
0	http://rdf.freebase.com/ns/common.topic.notable_for	 	River	 	 	 	Lake	 	 	Water reservoir Lake	 	3	0.816497	0.522879	1
0	http://rdf.freebase.com/ns/common.topic.notable_types	 	River	 	 	 	Lake	 	 	Lake	 	3	0.57735	0.522879	1
0	http://rdf.freebase.com/ns/geography.body_of_water.bridges	 	Kiev Metro Bridge; New Darnytskyi Bridge	 	 	 	 	 	 	 	 	1	0.816497	1	1
0	http://rdf.freebase.com/ns/geography.geographical_feature.category	 	River	 	 	 	 	 	 	 	 	1	0.57735	1	1
0	http://rdf.freebase.com/ns/geography.river.basin_area	 	516300	 	 	 	 	 	 	 	 	1	0.57735	1	1
0	http://rdf.freebase.com/ns/geography.river.cities	 	Dniprodzerzhynsk; Kamianka-Dniprovska	 	 	 	 	 	 	 	 	1	0.816497	1	1
0	http://rdf.freebase.com/ns/geography.river.discharge	 	1670	 	 	 	 	 	 	 	 	1	0.57735	1	1
0	http://rdf.freebase.com/ns/geography.river.length	 	2290	 	 	 	 	 	 	 	 	1	0.57735	1	1
0	http://rdf.freebase.com/ns/geography.river.mouth;http://www.wikidata.org/entity/P403c	 	Black Sea	Dnieper Estuary	 	 	 	 	 	 	 	2	0.816497	0.69897	1
0	http://rdf.freebase.com/ns/geography.river.mouth_elevation_in_meters	 	0	 	 	 	 	 	 	 	 	1	0.57735	1	1
0	http://rdf.freebase.com/ns/geography.river.mouth_long_lat	 	http://rdf.freebase.com/ns/m.0nfkxp7	 	 	 	 	 	 	 	 	1	0.57735	1	1
0	http://rdf.freebase.com/ns/geography.river.origin	 	Valdai Hills	 	 	 	 	 	 	 	 	1	0.57735	1	1
0	http://rdf.freebase.com/ns/geography.river.origin_long_lat	 	220	 	 	 	 	 	 	 	 	1	0.57735	1	1
0	http://rdf.freebase.com/ns/geography.river.source_elevation	 	220	 	 	 	 	 	 	 	 	1	0.57735	1	1
0	http://rdf.freebase.com/ns/kg.object_profile.prominent_type	 	River	 	 	 	Lake	 	 	Lake	 	3	0.57735	0.522879	1
0	http://rdf.freebase.com/ns/location.location.containedby	 	Europe	 	 	 	Ukraine	 	 	Zaporizhia	 	3	0.816497	0.522879	1
0	http://rdf.freebase.com/ns/location.location.events	 	Battle of Borysthenes; Battle of the Vorskla River	 	 	 	 	 	 	 	 	1	0.816497	1	1
0	http://rdf.freebase.com/ns/location.location.partially_contained_by	 	Belarus; Ukraine	 	 	 	 	 	 	 	 	1	0.816497	1	1
0	http://rdf.freebase.com/ns/location.location.partially_containedby	 	Belarus; Ukraine	 	 	 	 	 	 	 	 	1	0.816497	1	1
0	http://rdf.freebase.com/ns/type.object.key	 	/user/avh/ellerdale/0081-6469; /wikipedia/ar_title/دنيبر	 	 	 	/wikipedia/en_id/30103357; /wikipedia/pl/Liman_Dnieprzańsko-Buski	 	 	/wikipedia/cs/Leninovo_jezero; /wikipedia/cs/Záporožská_přehrada	 	3	0.816497	0.522879	1
0	http://rdf.freebase.com/ns/type.object.name	 	Dnieper	 	 	 	Dnieper-Bug Estuary	 	 	Dnieper Reservoir	 	3	0.816497	0.522879	1
0	http://rdf.freebase.com/ns/type.object.type	 	Body Of Water; Geographical Feature	 	 	 	Body Of Water; Geographical Feature	 	 	Body Of Water; Geographical Feature	 	3	0.258199	0.522879	1
0	http://rdf.freebase.com/ns/user.avh.default_domain.ellerdale_topic.ellerdale_id	 	0081-6469	 	 	 	 	 	 	 	 	1	0.57735	1	1
0	http://rdf.freebase.com/ns/user.maxim75.default_domain.dbpedia_import.geocode_checked	 	2010/7/25	 	 	 	 	 	 	 	 	1	0.57735	1	1
3	http://www.w3.org/2003/01/geo/wgs84_pos#lat	 	 	46.526	 	46.617	46.617	46.617	48.136	48.136	47.96	7	0.48795	0.154902	1
3	http://www.w3.org/2003/01/geo/wgs84_pos#long	 	 	32.252	 	31.95	31.95	31.95	35.129	35.129	35.114	7	0.48795	0.154902	1
0	http://www.wikidata.org/entity/P1200c	 	 	Category:Dnieper Basin	 	 	 	 	 	 	 	1	0.57735	1	1
0	http://www.wikidata.org/entity/P1566c	 	 	565896	 	 	 	 	 	 	 	1	0.57735	1	1
0	http://www.wikidata.org/entity/P18c	 	 	http://commons.wikimedia.org/wiki/File:Dniepr_river_in_Kyiv.jpg	 	 	 	http://commons.wikimedia.org/wiki/File:Dnieper_32.03650E_46.60888N.jpg	 	 	 	2	0.816497	0.69897	1
0	http://www.wikidata.org/entity/P2043c	 	 	2145	 	 	 	 	 	 	 	1	0.57735	1	1
0	http://www.wikidata.org/entity/P2053c	 	 	504000	 	 	 	 	 	 	 	1	0.57735	1	1
0	http://www.wikidata.org/entity/P214c	 	 	244547785	 	 	 	 	 	 	 	1	0.57735	1	1
0	http://www.wikidata.org/entity/P227c	 	 	4070511-0	 	 	 	7533464-1	 	 	 	2	0.816497	0.69897	1
0	http://www.wikidata.org/entity/P30c	 	 	Europe	 	 	 	 	 	 	 	1	0.57735	1	1
1	http://www.wikidata.org/entity/P373c	 	 	Dnieper River	 	 	 	Dnieper-Bug Estuary	 	 	Dnieper Reservoir	3	0.816497	0.522879	1
0	http://www.wikidata.org/entity/P646-freebase	 	 	Dnieper	 	 	 	Dnieper-Bug Estuary	 	 	Dnieper Reservoir	3	0.816497	0.522879	1
0	http://www.wikidata.org/entity/P646c	 	 	/m/021g_z	 	 	 	/m/0g56dzg	 	 	/m/0dnfk9	3	0.816497	0.522879	1
0	http://www.wikidata.org/entity/P910c	 	 	Category:Dnieper River system	 	 	 	Category:Dnieper-Bug Estuary	 	 	 	2	0.816497	0.69897	1
0	http://www.wikidata.org/entity/P974c	 	 	Berezina River; Inhulets River	 	 	 	 	 	 	 	1	0.816497	1	1
0	http://www.w3.org/2004/02/skos/core#prefLabel	 	 	 	Dnieper River	 	 	 	 	 	 	1	0.57735	1	1
0	http://yago-knowledge.org/resource/hasCitationTitle	 	 	 	Dreissena rostriformis bugensis Andrusov, 1897	 	 	 	 	 	 	1	0.816497	1	1
0	http://yago-knowledge.org/resource/hasWikipediaAnchorText	 	 	 	Braghin District; invasive species	 	 	 	 	 	 	1	0.816497	1	1
0	http://yago-knowledge.org/resource/hasWikipediaArticleLength	 	 	 	19819	 	 	 	 	 	 	1	0.57735	1	1
0	http://yago-knowledge.org/resource/hasWikipediaUrl	 	 	 	http://en.wikipedia.org/wiki/Dnieper_River	 	 	 	 	 	 	1	0.57735	1	1
0	http://yago-knowledge.org/resource/linksTo	 	 	 	Berezina River; Brest, Belarus	 	 	 	 	 	 	1	0.816497	1	1
0	http://yago-knowledge.org/resource/redirectedFrom	 	 	 	Dneiper River	 	 	 	 	 	 	1	0.816497	1	1
0	http://yago-knowledge.org/resource/wasCreatedOnDate	 	 	 	1877-11-24	 	 	 	 	 	 	1	0.57735	1	1
0	http://dbpedia.org/ontology/averageDepth	 	 	 	 	4	 	 	8	 	 	2	0.816497	0.69897	1
0	http://dbpedia.org/ontology/inflow	 	 	 	 	Southern Bug	 	 	Dnieper River	 	 	2	0.816497	0.69897	1
0	http://dbpedia.org/ontology/length	 	 	 	 	63000	 	 	129000	 	 	2	0.816497	0.69897	1
0	http://dbpedia.org/ontology/location	 	 	 	 	Ukraine	 	 	Dnipropetrovsk Oblast; Zaporizhia Oblast	 	 	2	0.816497	0.69897	1
0	http://dbpedia.org/ontology/maximumDepth	 	 	 	 	12	 	 	53	 	 	2	0.816497	0.69897	1
0	http://dbpedia.org/ontology/nearestCity	 	 	 	 	Mykolaiv	 	 	 	 	 	1	0.816497	1	1
0	http://dbpedia.org/ontology/type	 	 	 	 	Estuary	 	 	Hydroelectricity	 	 	2	0.816497	0.69897	1
0	http://dbpedia.org/ontology/width	 	 	 	 	17000	 	 	 	 	 	1	0.57735	1	1
0	http://www.georss.org/georss/point	 	 	 	 	46.61666666666667 31.95	 	 	48.13583333333333 35.12861111111111	 	 	2	0.816497	0.69897	1
0	http://rdf.freebase.com/ns/geography.body_of_water.depth	 	 	 	 	 	12	 	 	53	 	2	0.816497	0.69897	1
0	http://rdf.freebase.com/ns/geography.lake.cities	 	 	 	 	 	Mykolaiv	 	 	Dnipropetrovsk; Zaporizhia	 	2	0.816497	0.69897	1
0	http://rdf.freebase.com/ns/geography.lake.inflow	 	 	 	 	 	Southern Bug	 	 	Dnieper	 	2	0.57735	0.69897	1
0	http://rdf.freebase.com/ns/geography.lake.length	 	 	 	 	 	63	 	 	129	 	2	0.816497	0.69897	1
0	http://rdf.freebase.com/ns/geography.lake.width	 	 	 	 	 	17	 	 	 	 	1	0.57735	1	1
0	http://dbpedia.org/ontology/Lake/volume	 	 	 	 	 	 	 	3300000000	 	 	1	0.57735	1	1
0	http://dbpedia.org/ontology/outflow	 	 	 	 	 	 	 	Dnieper River	 	 	1	0.57735	1	1
0	http://dbpedia.org/ontology/volume	 	 	 	 	 	 	 	3300000000	 	 	1	0.57735	1	1
0	http://rdf.freebase.com/ns/geography.body_of_water.mean_depth	 	 	 	 	 	 	 	 	8	 	1	0.57735	1	1
0	http://rdf.freebase.com/ns/geography.body_of_water.volume	 	 	 	 	 	 	 	 	3.3	 	1	0.57735	1	1
0	http://rdf.freebase.com/ns/geography.lake.lake_type	 	 	 	 	 	 	 	 	Reservoir	 	1	0.57735	1	1
0	http://rdf.freebase.com/ns/geography.lake.outflow	 	 	 	 	 	 	 	 	Dnieper	 	1	0.57735	1	1
0	http://rdf.freebase.com/ns/geography.lake.surface_elevation	 	 	 	 	 	 	 	 	1676.4	 	1	0.57735	1	1
