score	dataset	dbpedia	freebase	wikidata	yago-knowledge	freebase	wikidata	yago-knowledge	dbpedia	freebase	wikidata				
	entity	http://dbpedia.org/resource/Hector_River	http://rdf.freebase.com/ns/m.06wbbcg	http://www.wikidata.org/entity/Q15223468	http://yago-knowledge.org/resource/Hector_River	http://rdf.freebase.com/ns/m.06w1k6t	http://www.wikidata.org/entity/Q5697024	http://yago-knowledge.org/resource/Hectors_River	http://dbpedia.org/resource/Mount_Hector_(Alberta)	http://rdf.freebase.com/ns/m.08th52	http://www.wikidata.org/entity/Q740274				
0	http://dbpedia.org/ontology/abstract	The Hector River is a river of New Zealand's southern North Island. It rises on the noprthern slopes	 	 	 	 	 	 	Mount Hector is a mountain in Banff National Park, Canada. The mountain was named in 1884 by George 	 	 	2	0.816497	0.69897	1
0	http://dbpedia.org/ontology/length	10000	 	 	 	 	 	 	 	 	 	1	0.57735	1	1
0	http://dbpedia.org/ontology/mouthMountain	Waiohine River	 	 	 	 	 	 	 	 	 	1	0.57735	1	1
0	http://dbpedia.org/ontology/mouthPlace	Waiohine River	 	 	 	 	 	 	 	 	 	1	0.57735	1	1
0	http://dbpedia.org/ontology/sourceCountry	New Zealand	 	 	 	 	 	 	 	 	 	1	0.57735	1	1
0	http://dbpedia.org/ontology/thumbnail	http://commons.wikimedia.org/wiki/Special:FilePath/Mt_Hector_River,_Tararuas,_New_Zealand,_July_2015	 	 	 	 	 	 	http://commons.wikimedia.org/wiki/Special:FilePath/Mount_Hector_Alberta_Canada_2014.jpg?width=300	 	 	2	0.816497	0.69897	1
2	http://dbpedia.org/ontology/wikiPageID;http://rdf.freebase.com/key/wikipedia.en_id	23578879	23578879	 	 	23544417	 	 	3131945	3131945	 	5	0.516398	0.30103	1
0	http://dbpedia.org/ontology/wikiPageLength	1121	 	 	 	 	 	 	2071	 	 	2	0.816497	0.69897	1
0	http://dbpedia.org/ontology/wikiPageOutDegree	11	 	 	 	 	 	 	21	 	 	2	0.816497	0.69897	1
0	http://dbpedia.org/ontology/wikiPageRevisionID	721451826	 	 	 	 	 	 	700514199	 	 	2	0.816497	0.69897	1
0	http://purl.org/dc/terms/subject	Rivers of the Wellington Region	 	 	 	 	 	 	Mountains of Alberta	 	 	2	0.816497	0.69897	1
0	http://www.georss.org/georss/point	-40.930125 175.40188	 	 	 	 	 	 	51.57333333333333 -116.25833333333334	 	 	2	0.816497	0.69897	1
0	http://www.w3.org/1999/02/22-rdf-syntax-ns#type;http://www.wikidata.org/entity/P31c	Spatial Thing; body of water	Body Of Water; Geographical Feature	river	wikicat Rivers of the Wellington Region; wordnet river 109411430	Body Of Water; Geographical Feature	river	wikicat Rivers of Jamaica; wordnet river 109411430	Spatial Thing; http://dbpedia.org/ontology/Location	Geographical Feature; Physically Instantiable	mountain	10	0.311805	0	1
2	http://www.w3.org/2000/01/rdf-schema#comment;http://rdf.freebase.com/ns/common.topic.description	The Hector River is a river of New Zealand's southern North Island. It rises on the noprthern slopes	The Hector River is a river of New Zealand's southern North Island. It rises on the noprthern slopes	 	 	The Hectors River is a river of Jamaica.	 	 	Mount Hector is a mountain in Banff National Park, Canada. The mountain was named in 1884 by George 	Mount Hector is a mountain in Banff National Park, Canada. The mountain was named in 1884 by George 	 	5	0.516398	0.30103	1
2	http://www.w3.org/2000/01/rdf-schema#label	Hector River	Hector River	Hector River	Hector River	Hectors River	Hectors River	Hectors River	Mount Hector (Alberta)	Mount Hector	Mount Hector	10	0.258199	0	1
0	http://www.w3.org/2002/07/owl#differentFrom	Hectors River	 	 	 	 	 	 	 	 	 	1	0.57735	1	1
0	http://www.w3.org/2002/07/owl#sameAs	Hector River	 	 	 	 	 	Hectors River	Mount Hector	 	 	3	0.816497	0.522879	0
3	http://www.w3.org/2003/01/geo/wgs84_pos#lat;http://yago-knowledge.org/resource/hasLatitude	-40.93	-40.93	-40.93	-40.93	18.233	18.233	18.233	51.573	51.573	51.573	10	0.182574	0	1
3	http://www.w3.org/2003/01/geo/wgs84_pos#long;http://yago-knowledge.org/resource/hasLongitude	175.402	175.402	175.402	175.402	-77.633	-77.633	-77.633	-116.258	-116.258	-116.258	10	0.182574	0	1
0	http://www.w3.org/ns/prov#wasDerivedFrom	http://en.wikipedia.org/wiki/Hector_River?oldid=721451826	 	 	 	 	 	 	http://en.wikipedia.org/wiki/Mount_Hector_(Alberta)?oldid=700514199	 	 	2	0.816497	0.69897	1
0	http://xmlns.com/foaf/0.1/depiction	http://commons.wikimedia.org/wiki/Special:FilePath/Mt_Hector_River,_Tararuas,_New_Zealand,_July_2015	 	 	 	 	 	 	http://commons.wikimedia.org/wiki/Special:FilePath/Mount_Hector_Alberta_Canada_2014.jpg	 	 	2	0.816497	0.69897	1
1	http://xmlns.com/foaf/0.1/isPrimaryTopicOf;http://rdf.freebase.com/ns/common.topic.topic_equivalent_webpage	http://en.wikipedia.org/wiki/Hector_River	http://en.wikipedia.org/wiki/Hector_River; http://en.wikipedia.org/wiki/index.html?curid=23578879	 	 	http://en.wikipedia.org/wiki/Hectors_River; http://en.wikipedia.org/wiki/index.html?curid=23544417	 	 	http://en.wikipedia.org/wiki/Mount_Hector_(Alberta)	http://de.wikipedia.org/wiki/index.html?curid=2578735; http://it.wikipedia.org/wiki/index.html?curid	 	5	0.73598	0.30103	1
0	http://xmlns.com/foaf/0.1/name	Hector River	 	 	 	 	 	 	Mount Hector	 	 	2	0.816497	0.69897	1
1	http://rdf.freebase.com/key/en	 	hector_river	 	 	hectors_river	 	 	 	mount_hector	 	3	0.816497	0.522879	1
1	http://rdf.freebase.com/key/wikipedia.en	 	Hector_River	 	 	Hectors_River	 	 	 	Mount_Hector_(Alberta)	 	3	0.816497	0.522879	1
1	http://rdf.freebase.com/key/wikipedia.en_title	 	Hector_River	 	 	Hectors_River	 	 	 	Mount_Hector_(Alberta)	 	3	0.816497	0.522879	1
1	http://rdf.freebase.com/ns/common.topic.article;http://schema.org/description	 	The Hector River is a river of New Zealand's southern North Island. It rises on the noprthern slopes	 	 	The Hectors River is a river of Jamaica.	 	 	 	Mount Hector is a mountain in Banff National Park, Canada. The mountain was named in 1884 by George 	mountain	4	0.816497	0.39794	1
0	http://rdf.freebase.com/ns/common.topic.notable_for	 	River	 	 	River	 	 	 	Mountain	 	3	0.57735	0.522879	1
0	http://rdf.freebase.com/ns/common.topic.notable_types	 	River	 	 	River	 	 	 	Mountain	 	3	0.57735	0.522879	1
2	http://rdf.freebase.com/ns/geography.river.basin_countries;http://www.wikidata.org/entity/P17c;http://yago-knowledge.org/resource/isLocatedIn;http://dbpedia.org/ontology/locatedInArea;http://www.wikidata.org/entity/P131c	 	New Zealand	New Zealand	Wellington Region	Jamaica	Jamaica	Jamaica	Alberta	 	Canada	8	0.408248	0.09691	1
0	http://rdf.freebase.com/ns/geography.river.length	 	10	 	 	5.1	 	 	 	 	 	2	0.816497	0.69897	1
0	http://rdf.freebase.com/ns/geography.river.mouth	 	Waiohine River	 	 	 	 	 	 	 	 	1	0.57735	1	1
0	http://rdf.freebase.com/ns/geography.river.origin	 	Tararua Range	 	 	 	 	 	 	 	 	1	0.57735	1	1
0	http://rdf.freebase.com/ns/kg.object_profile.prominent_type	 	River	 	 	River	 	 	 	Mountain	 	3	0.57735	0.522879	1
1	http://rdf.freebase.com/ns/location.location.containedby;http://www.wikidata.org/entity/P361c	 	New Zealand	 	 	North America	 	 	 	Alberta	Rocky Mountains	4	0.816497	0.39794	1
0	http://rdf.freebase.com/ns/type.object.key	 	/wikipedia/en_id/23578879; /wikipedia/en_title/Hector_River	 	 	/wikipedia/en_id/23544417; /wikipedia/en_title/Hectors_River	 	 	 	/wikipedia/de_id/2578735; /wikipedia/it_id/1726334	 	3	0.816497	0.522879	1
0	http://rdf.freebase.com/ns/type.object.name	 	Hector River	 	 	Hectors River	 	 	 	Mount Hector	 	3	0.816497	0.522879	1
0	http://rdf.freebase.com/ns/type.object.type	 	Body Of Water; Geographical Feature	 	 	Body Of Water; Geographical Feature	 	 	 	Geographical Feature; Physically Instantiable	 	3	0.240772	0.522879	1
1	http://www.wikidata.org/entity/P1566c	 	 	6225853	 	 	3490093	 	 	 	6081105	3	0.816497	0.522879	1
0	http://www.w3.org/2004/02/skos/core#prefLabel	 	 	 	Hector River	 	 	Hectors River	 	 	 	2	0.816497	0.69897	1
0	http://yago-knowledge.org/resource/hasWikipediaAnchorText	 	 	 	List of rivers of New Zealand; Mount Hector	 	 	GEOnet Names Server; List of rivers of Jamaica	 	 	 	2	0.816497	0.69897	1
0	http://dbpedia.org/ontology/elevation	 	 	 	 	 	 	 	3394	 	 	1	0.57735	1	1
0	http://dbpedia.org/ontology/firstAscentYear	 	 	 	 	 	 	 	1895	 	 	1	0.57735	1	1
0	http://dbpedia.org/ontology/mountainRange	 	 	 	 	 	 	 	Canadian Rockies	 	 	1	0.57735	1	1
0	http://dbpedia.org/ontology/nationalTopographicSystemMapNumber	 	 	 	 	 	 	 	NTS82N/09	 	 	1	0.57735	1	1
0	http://dbpedia.org/ontology/prominence	 	 	 	 	 	 	 	1759	 	 	1	0.57735	1	1
0	http://dbpedia.org/ontology/wikiPageExternalLink	 	 	 	 	 	 	 	http://www.bivouac.com/MtnPg.asp?MtnId=1727; http://www.peakbagger.com/peak.aspx?pid=4590	 	 	1	0.816497	1	1
0	http://rdf.freebase.com/ns/common.topic.alias	 	 	 	 	 	 	 	 	Hector mountain	 	1	0.57735	1	1
0	http://rdf.freebase.com/ns/geography.mountain.date_of_first_ascent	 	 	 	 	 	 	 	 	1895	 	1	0.57735	1	1
0	http://rdf.freebase.com/ns/geography.mountain.elevation	 	 	 	 	 	 	 	 	3394	 	1	0.57735	1	1
0	http://rdf.freebase.com/ns/geography.mountain.mountain_range	 	 	 	 	 	 	 	 	Canadian Rockies	 	1	0.57735	1	1
0	http://rdf.freebase.com/ns/symbols.namesake.named_after	 	 	 	 	 	 	 	 	James Hector	 	1	0.57735	1	1
0	http://www.wikidata.org/entity/P18c	 	 	 	 	 	 	 	 	 	http://commons.wikimedia.org/wiki/File:Mount_Hector_Alberta_Canada_2014.jpg	1	0.57735	1	1
0	http://www.wikidata.org/entity/P2044c	 	 	 	 	 	 	 	 	 	3394	1	0.57735	1	1
0	http://www.wikidata.org/entity/P3018c	 	 	 	 	 	 	 	 	 	Banff National Park	1	0.57735	1	1
0	http://www.wikidata.org/entity/P646-freebase	 	 	 	 	 	 	 	 	 	Mount Hector	1	0.57735	1	1
0	http://www.wikidata.org/entity/P646c	 	 	 	 	 	 	 	 	 	/m/08th52	1	0.57735	1	1
