score	dataset	dbpedia	freebase	wikidata	yago-knowledge	freebase	wikidata	yago-knowledge	freebase	wikidata	yago-knowledge				
	entity	http://dbpedia.org/resource/Capivari_River_(Pardo_River)	http://rdf.freebase.com/ns/m.06_wpgc	http://www.wikidata.org/entity/Q5036021	http://yago-knowledge.org/resource/Capivari_River_(Pardo_River)	http://rdf.freebase.com/ns/m.076wygd	http://www.wikidata.org/entity/Q5127737	http://yago-knowledge.org/resource/Claro_River_(Pardo_River)	http://rdf.freebase.com/ns/m.076vgbn	http://www.wikidata.org/entity/Q7128401	http://yago-knowledge.org/resource/Palmital_River_(Pardo_River)				
0	http://dbpedia.org/ontology/abstract	The Capivara River (Pardo River) is a river of Minas Gerais state in southeastern Brazil.	 	 	 	 	 	 	 	 	 	1	0.57735	1	1
0	http://dbpedia.org/ontology/sourceCountry	Brazil	 	 	 	 	 	 	 	 	 	1	0.57735	1	1
0	http://dbpedia.org/ontology/wikiPageExternalLink	http://www.zonu.com/imapa/americas/md_Minas_Gerais_brazil.pdf	 	 	 	 	 	 	 	 	 	1	0.57735	1	1
2	http://dbpedia.org/ontology/wikiPageID;http://rdf.freebase.com/key/wikipedia.en_id	23795614	23795614	 	 	23924810	 	 	23924892	 	 	4	0.645497	0.39794	1
0	http://dbpedia.org/ontology/wikiPageLength	742	 	 	 	 	 	 	 	 	 	1	0.57735	1	1
0	http://dbpedia.org/ontology/wikiPageOutDegree	6	 	 	 	 	 	 	 	 	 	1	0.57735	1	1
0	http://dbpedia.org/ontology/wikiPageRevisionID	718877309	 	 	 	 	 	 	 	 	 	1	0.57735	1	1
0	http://purl.org/dc/terms/subject	Rivers of Minas Gerais	 	 	 	 	 	 	 	 	 	1	0.57735	1	1
0	http://www.w3.org/1999/02/22-rdf-syntax-ns#type;http://www.wikidata.org/entity/P31c	body of water; http://dbpedia.org/ontology/Location	Body Of Water; Geographical Feature	river	wikicat Rivers of Minas Gerais; wordnet river 109411430	Body Of Water; Geographical Feature	river	wikicat Rivers of São Paulo (state); wordnet river 109411430	Body Of Water; Geographical Feature	river	wikicat Rivers of São Paulo (state); wordnet river 109411430	10	0.235702	0	1
1	http://www.w3.org/2000/01/rdf-schema#comment;http://rdf.freebase.com/ns/common.topic.description	The Capivara River (Pardo River) is a river of Minas Gerais state in southeastern Brazil.	The Capivara River (Pardo River) is a river of Minas Gerais state in southeastern Brazil.	 	 	The Claro River (Pardo River) is a river of São Paulo state in southeastern Brazil.	 	 	The Palmital River (Pardo River) is a river of São Paulo state in southeastern Brazil.	 	 	4	0.645497	0.39794	1
2	http://www.w3.org/2000/01/rdf-schema#label	Capivari River (Pardo River)	Capivari River	Capivari River	Capivari River (Pardo River)	Claro River (Pardo River)	Claro River	Claro River (Pardo River)	Palmital River (Pardo River)	Palmital River	Palmital River (Pardo River)	10	0.358057	0	1
0	http://www.w3.org/2002/07/owl#sameAs	 	 	 	 	 	 	Claro River (Pardo River)	 	 	Palmital River (Pardo River)	2	0.816497	0.69897	0
0	http://www.w3.org/ns/prov#wasDerivedFrom	http://en.wikipedia.org/wiki/Capivari_River_(Pardo_River)?oldid=718877309	 	 	 	 	 	 	 	 	 	1	0.57735	1	1
1	http://xmlns.com/foaf/0.1/isPrimaryTopicOf;http://rdf.freebase.com/ns/common.topic.topic_equivalent_webpage	http://en.wikipedia.org/wiki/Capivari_River_(Pardo_River)	http://en.wikipedia.org/wiki/Capivari_River_(Pardo_River); http://en.wikipedia.org/wiki/index.html?c	 	 	http://en.wikipedia.org/wiki/Claro_River_(Pardo_River); http://en.wikipedia.org/wiki/index.html?curi	 	 	http://en.wikipedia.org/wiki/Palmital_River_(Pardo_River); http://pt.wikipedia.org/wiki/Rio_Palmital	 	 	4	0.745356	0.39794	1
0	http://xmlns.com/foaf/0.1/name	Capivara River (Pardo River)	 	 	 	 	 	 	 	 	 	1	0.57735	1	1
1	http://rdf.freebase.com/key/wikipedia.en	 	Capivara_River_(Pardo_River)	 	 	Claro_River_(Pardo_River)	 	 	Palmital_River_(Pardo_River)	 	 	3	0.816497	0.522879	1
1	http://rdf.freebase.com/key/wikipedia.en_title	 	Capivari_River_(Pardo_River)	 	 	Claro_River_(Pardo_River)	 	 	Palmital_River_(Pardo_River)	 	 	3	0.816497	0.522879	1
1	http://rdf.freebase.com/ns/common.topic.article;http://schema.org/description	 	The Capivara River (Pardo River) is a river of Minas Gerais state in southeastern Brazil.	 	 	The Claro River (Pardo River) is a river of São Paulo state in southeastern Brazil.	tributary of the Pardo River of São Paulo state in southeastern Brazil	 	The Palmital River (Pardo River) is a river of São Paulo state in southeastern Brazil.	 	 	4	0.816497	0.39794	1
0	http://rdf.freebase.com/ns/common.topic.notable_for	 	River	 	 	River	 	 	River	 	 	3	0.57735	0.522879	1
0	http://rdf.freebase.com/ns/common.topic.notable_types	 	River	 	 	River	 	 	River	 	 	3	0.57735	0.522879	1
3	http://rdf.freebase.com/ns/geography.river.basin_countries;http://www.wikidata.org/entity/P17c;http://yago-knowledge.org/resource/isLocatedIn	 	Brazil	Brazil	Minas Gerais	Brazil	Brazil	São Paulo (state)	Brazil	Brazil	São Paulo (state)	9	0	0.045757	1
0	http://rdf.freebase.com/ns/geography.river.origin	 	Minas Gerais	 	 	São Paulo	 	 	São Paulo	 	 	3	0.57735	0.522879	1
0	http://rdf.freebase.com/ns/kg.object_profile.prominent_type	 	River	 	 	River	 	 	River	 	 	3	0.57735	0.522879	1
0	http://rdf.freebase.com/ns/type.object.key	 	/wikipedia/en_id/23795614; /wikipedia/en_title/Capivari_River_(Pardo_River)	 	 	/wikipedia/en_id/23924810; /wikipedia/en_title/Claro_River_(Pardo_River)	 	 	/wikipedia/en_id/23924892; /wikipedia/pt_title/Rio_Palmital_(São_Paulo)	 	 	3	0.816497	0.522879	1
0	http://rdf.freebase.com/ns/type.object.name	 	Capivari River	 	 	Claro River (Pardo River)	 	 	Palmital River (Pardo River)	 	 	3	0.816497	0.522879	1
0	http://rdf.freebase.com/ns/type.object.type	 	Body Of Water; Geographical Feature	 	 	Body Of Water; Geographical Feature	 	 	Body Of Water; Geographical Feature	 	 	3	0	0.522879	1
0	http://www.w3.org/2004/02/skos/core#prefLabel	 	 	 	Capivari River (Pardo River)	 	 	Claro River (Pardo River)	 	 	Palmital River (Pardo River)	3	0.816497	0.522879	1
0	http://yago-knowledge.org/resource/hasWikipediaAnchorText	 	 	 	[[Ministry of Transport (Brazil)|Ministry of Transport	 	 	Brazilian Ministry of Transport; List of rivers of São Paulo	 	 	Brazilian Ministry of Transport; List of rivers of São Paulo	3	0.5	0.522879	1
0	http://yago-knowledge.org/resource/redirectedFrom	 	 	 	Capivara River (Pardo River)	 	 	 	 	 	 	1	0.57735	1	1
