score	dataset	dbpedia	freebase	wikidata	yago-knowledge	dbpedia	freebase	wikidata	yago-knowledge	freebase	wikidata						
	entity	http://dbpedia.org/resource/Mosquito_Mound	http://rdf.freebase.com/ns/m.04jcf21	http://www.wikidata.org/entity/Q6916486	http://yago-knowledge.org/resource/Mosquito_Mound	http://dbpedia.org/resource/Mosquito_Range	http://rdf.freebase.com/ns/m.05wy_0	http://www.wikidata.org/entity/Q6916494	http://yago-knowledge.org/resource/Mosquito_Range	http://rdf.freebase.com/ns/m.05wzfn	http://www.wikidata.org/entity/Q6916487						
0	http://dbpedia.org/ontology/abstract	Mosquito Mound is a tuya in east-central British Columbia, Canada, located in Wells Gray Provincial 	 	 	 	The Mosquito Range (elevation approximately 14,000 ft) is a high mountain range in the Rocky Mountai	 	 	 	 	 	2	0.816497	0.69897	1		
2	http://dbpedia.org/ontology/country;http://dbpedia.org/ontology/locatedInArea;http://dbpedia.org/ontology/province;http://yago-knowledge.org/resource/isLocatedIn;http://www.wikidata.org/entity/P131c;http://www.wikidata.org/entity/P17c	British Columbia Interior	 	 	British Columbia	United States	 	United States of America	United States	 	United States of America	6	0.460566	0.221849	1		
0	http://dbpedia.org/ontology/elevation	1065	 	 	 	 	 	 	 	 	 	1	0.57735	1	1		
0	http://dbpedia.org/ontology/type	Tuya	 	 	 	 	 	 	 	 	 	1	0.57735	1	1		
2	http://dbpedia.org/ontology/wikiPageID;http://rdf.freebase.com/key/wikipedia.en_id	18895250	18895250	 	 	1787725	1787725	 	 	1787824	 	5	0.516398	0.30103	1		
0	http://dbpedia.org/ontology/wikiPageLength	1057	 	 	 	5272	 	 	 	 	 	2	0.816497	0.69897	1		
0	http://dbpedia.org/ontology/wikiPageOutDegree	17	 	 	 	60	 	 	 	 	 	2	0.816497	0.69897	1		
0	http://dbpedia.org/ontology/wikiPageRevisionID	427941782	 	 	 	655012300	 	 	 	 	 	2	0.816497	0.69897	1		
0	http://purl.org/dc/terms/subject	Monogenetic volcanoes; Mountains of British Columbia	 	 	 	Landforms of Summit County, Colorado; Mountain ranges of Colorado	 	 	 	 	 	2	0.816497	0.69897	1		
0	http://www.georss.org/georss/point	52.02 -120.18	 	 	 	 	 	 	 	 	 	1	0.57735	1	1		
0	http://www.w3.org/1999/02/22-rdf-syntax-ns#type;http://www.wikidata.org/entity/P31c	Spatial Thing; http://dbpedia.org/ontology/Location	Geographical Feature; Physically Instantiable	mountain	wikicat Monogenetic volcanoes; wordnet shape 100027807	http://dbpedia.org/ontology/Location; mountain range	Geographical Feature; Mountain range	Item	wikicat Mountain ranges of Colorado; wikicat Ranges of the Rocky Mountains	Geographical Feature; Mountain pass	mountain pass	10	0.489898	0	1		
2	http://www.w3.org/2000/01/rdf-schema#comment;http://rdf.freebase.com/ns/common.topic.description	Mosquito Mound is a tuya in east-central British Columbia, Canada, located in Wells Gray Provincial 	Mosquito Mound is a tuya in east-central British Columbia, Canada, located in Wells Gray Provincial 	 	 	The Mosquito Range (elevation approximately 14,000 ft) is a high mountain range in the Rocky Mountai	The Mosquito Range is a high mountain range in the Rocky Mountains of central Colorado in the United	 	 	Mosquito Pass, elevation 13,185 ft, is a high mountain pass in the Mosquito Range of central Colorad	 	5	0.68313	0.30103	1		
3	http://www.w3.org/2000/01/rdf-schema#label	Mosquito Mound	Mosquito Mound	Mosquito Mound	Mosquito Mound	Mosquito Range	Mosquito Range	Mosquito Range	Mosquito Range	Mosquito Pass	Mosquito Pass	10	0.182574	0	1		
0	http://www.w3.org/2002/07/owl#sameAs	 	 	 	 	 	 	 	 	 	 	0	NaN	Infinity	0		
3	http://www.w3.org/2003/01/geo/wgs84_pos#lat	52.02	52.02	52.02	 	 	39.351	39.351	 	39.281	39.281	7	0.308607	0.154902	1		
3	http://www.w3.org/2003/01/geo/wgs84_pos#long	-120.18	-120.18	-120.18	 	 	-106.111	-106.111	 	-106.186	-106.186	7	0.308607	0.154902	1		
0	http://www.w3.org/ns/prov#wasDerivedFrom	http://en.wikipedia.org/wiki/Mosquito_Mound?oldid=427941782	 	 	 	http://en.wikipedia.org/wiki/Mosquito_Range?oldid=655012300	 	 	 	 	 	2	0.816497	0.69897	1		
1	http://xmlns.com/foaf/0.1/isPrimaryTopicOf;http://rdf.freebase.com/ns/common.topic.topic_equivalent_webpage	http://en.wikipedia.org/wiki/Mosquito_Mound	http://en.wikipedia.org/wiki/Mosquito_Mound; http://en.wikipedia.org/wiki/index.html?curid=18895250	 	 	http://en.wikipedia.org/wiki/Mosquito_Range	http://en.wikipedia.org/wiki/Mosquito_Range; http://es.wikipedia.org/wiki/Cordillera_del_Mosquito	 	 	http://en.wikipedia.org/wiki/Mosquito_Pass; http://en.wikipedia.org/wiki/index.html?curid=1787824	 	5	0.68313	0.30103	1		
0	http://xmlns.com/foaf/0.1/name	Mosquito Mound	 	 	 	Mosquito Range	 	 	 	 	 	2	0.816497	0.69897	1		
1	http://rdf.freebase.com/key/en	 	mosquito_mound	 	 	 	mosquito_range	 	 	mosquito_pass	 	3	0.816497	0.522879	1		
1	http://rdf.freebase.com/key/wikipedia.en	 	Mosquito_Mound	 	 	 	Mosquito_Range	 	 	Mosquito_Pass	 	3	0.816497	0.522879	1		
1	http://rdf.freebase.com/key/wikipedia.en_title	 	Mosquito_Mound	 	 	 	Mosquito_Range	 	 	Mosquito_Pass	 	3	0.816497	0.522879	1		
0	http://rdf.freebase.com/ns/common.topic.article	 	Mosquito Mound is a tuya in east-central British Columbia, Canada, located in Wells Gray Provincial 	 	 	 	The Mosquito Range (elevation approximately 14,000 ft) is a high mountain range in the Rocky Mountai	 	 	Mosquito Pass (el. 13,185 ft.) is a high mountain pass in the Mosquito Range of central Colorado in 	 	3	0.816497	0.522879	1		
0	http://rdf.freebase.com/ns/common.topic.notable_for	 	Tuya	 	 	 	Mountain range	 	 	Mountain pass	 	3	0.816497	0.522879	1		
0	http://rdf.freebase.com/ns/common.topic.notable_types	 	Mountain	 	 	 	Mountain range	 	 	Mountain pass	 	3	0.816497	0.522879	1		
0	http://rdf.freebase.com/ns/geography.mountain.elevation	 	1065	 	 	 	 	 	 	 	 	1	0.57735	1	1		
0	http://rdf.freebase.com/ns/geography.mountain.mountain_type	 	Tuya	 	 	 	 	 	 	 	 	1	0.57735	1	1		
0	http://rdf.freebase.com/ns/kg.object_profile.prominent_type	 	Mountain	 	 	 	Mountain range	 	 	Mountain pass	 	3	0.816497	0.522879	1		
0	http://rdf.freebase.com/ns/location.location.containedby	 	British Columbia	 	 	 	 	 	 	Park County; United States of America	 	2	0.816497	0.69897	1		
0	http://rdf.freebase.com/ns/type.object.key	 	/wikipedia/en_id/18895250; /wikipedia/en_title/Mosquito_Mound	 	 	 	/wikipedia/en_id/1787725; /wikipedia/es_id/4793214	 	 	/wikipedia/en_id/1787824; /wikipedia/en_title/Mosquito_Pass	 	3	0.816497	0.522879	1		
0	http://rdf.freebase.com/ns/type.object.name	 	Mosquito Mound	 	 	 	Mosquito Range	 	 	Mosquito Pass	 	3	0.816497	0.522879	1		
0	http://rdf.freebase.com/ns/type.object.type	 	Geographical Feature; Physically Instantiable	 	 	 	Geographical Feature; Mountain range	 	 	Geographical Feature; Mountain pass	 	3	0.308607	0.522879	1		
0	http://www.w3.org/2004/02/skos/core#prefLabel	 	 	 	Mosquito Mound	 	 	 	Mosquito Range	 	 	2	0.816497	0.69897	1		
0	http://yago-knowledge.org/resource/hasWikipediaAnchorText	 	 	 	British Columbia, Canada; List of volcanoes in Canada	 	 	 	Arkansas River; Laramide orogeny	 	 	2	0.806718	0.69897	1		
0	http://yago-knowledge.org/resource/hasWikipediaArticleLength	 	 	 	1069	 	 	 	5311	 	 	2	0.816497	0.69897	1		
0	http://yago-knowledge.org/resource/hasWikipediaUrl	 	 	 	http://en.wikipedia.org/wiki/Mosquito_Mound	 	 	 	http://en.wikipedia.org/wiki/Mosquito_Range	 	 	2	0.816497	0.69897	1		
0	http://yago-knowledge.org/resource/linksTo	 	 	 	British Columbia; Wells Gray Provincial Park	 	 	 	Arkansas River; United States	 	 	2	0.800641	0.69897	1		
0	http://dbpedia.org/ontology/state	 	 	 	 	Colorado	 	 	 	 	 	1	0.57735	1	1		
0	http://dbpedia.org/ontology/thumbnail	 	 	 	 	http://commons.wikimedia.org/wiki/Special:FilePath/Mt_Lincoln.jpg?width=300	 	 	 	 	 	1	0.57735	1	1		
0	http://dbpedia.org/ontology/wikiPageExternalLink	 	 	 	 	http://msrmaps.com/image.aspx?T=2&S=16&Z=13&X=31&Y=339&W=1	 	 	 	 	 	1	0.816497	1	1		
0	http://xmlns.com/foaf/0.1/depiction	 	 	 	 	http://commons.wikimedia.org/wiki/Special:FilePath/Mt_Lincoln.jpg	 	 	 	 	 	1	0.57735	1	1		
0	http://rdf.freebase.com/ns/common.topic.image	 	 	 	 	 	Mt Lincoln	 	 	 	 	1	0.57735	1	1		
0	http://rdf.freebase.com/ns/geography.mountain_range.mountains	 	 	 	 	 	Horseshoe Mountain; Mount Buckskin	 	 	 	 	1	0.816497	1	1		
0	http://rdf.freebase.com/ns/geography.mountain_range.passes	 	 	 	 	 	Red Hill Pass; Trout Creek Pass	 	 	 	 	1	0.816497	1	1		
0	http://rdf.freebase.com/ns/location.location.contains	 	 	 	 	 	Mount Lincoln; Quandary Peak	 	 	 	 	1	0.816497	1	1		
0	http://www.wikidata.org/entity/P18c	 	 	 	 	 	 	http://commons.wikimedia.org/wiki/File:Mt_Lincoln.jpg	 	 	 	1	0.57735	1	1		
0	http://yago-knowledge.org/resource/hasCitationTitle	 	 	 	 	 	 	 	No tall tale: State higher than thought	 	 	1	0.57735	1	1		
0	http://rdf.freebase.com/ns/geography.mountain_pass.elevation	 	 	 	 	 	 	 	 	4019	 	1	0.57735	1	1		
0	http://rdf.freebase.com/ns/geography.mountain_pass.range	 	 	 	 	 	 	 	 	Mosquito Range; Rocky Mountains	 	1	0.816497	1	1		
0	http://www.wikidata.org/entity/P1566c	 	 	 	 	 	 	 	 	 	5431964	1	0.57735	1	1		
