score	dataset	dbpedia	freebase	sws.geonames	dbpedia	freebase	sws.geonames	yago-knowledge	dbpedia	freebase	yago-knowledge						
	entity	http://dbpedia.org/resource/Stone_Mountain	http://rdf.freebase.com/ns/m.01vdln	http://sws.geonames.org/4224746/	http://dbpedia.org/resource/Stone_Mountain_(North_Carolina)	http://rdf.freebase.com/ns/m.04gvtfr	http://sws.geonames.org/4493565/	http://yago-knowledge.org/resource/Stone_Mountain_(North_Carolina)	http://dbpedia.org/resource/Stone_Mountain_(Pennsylvania)	http://rdf.freebase.com/ns/m.03m9hl4	http://yago-knowledge.org/resource/Stone_Mountain_(Pennsylvania)						
0	http://dbpedia.org/ontology/abstract	Stone Mountain is a quartz monzonite dome monadnock and the site of Stone Mountain Park in Stone Mou	 	 	Stone Mountain is the centerpiece of Stone Mountain State Park. It is a dome of exposed granite (spe	 	 	 	Stone Mountain is a stratigraphic ridge in central Pennsylvania, United States, trending northwest o	 	 	3	0.816497	0.522879	1		
1	http://dbpedia.org/ontology/elevation	513.893	 	 	702.564	 	 	 	668.122	 	 	3	0.816497	0.522879	1		
0	http://dbpedia.org/ontology/locatedInArea;http://www.geonames.org/ontology#parentADM1;http://www.geonames.org/ontology#parentADM2;http://www.geonames.org/ontology#parentCountry;http://www.geonames.org/ontology#parentADM3;http://yago-knowledge.org/resource/isLocatedIn	Stone Mountain, Georgia	 	DeKalb County; United States	Alleghany County, North Carolina	 	Alleghany County; Cherry Lane Township	Alleghany County, North Carolina	Pennsylvania; United States	 	Pennsylvania; United States	7	0.471405	0.154902	1		
0	http://dbpedia.org/ontology/nationalTopographicSystemMapNumber	USGSStone Mountain, GA	 	 	 	 	 	 	USGSAllensville (PA) Quadrangle	 	 	2	0.816497	0.69897	1		
0	http://dbpedia.org/ontology/thumbnail	http://commons.wikimedia.org/wiki/Special:FilePath/Stone_Mountain,_the_carving,_and_the_Train.jpeg?w	 	 	http://commons.wikimedia.org/wiki/Special:FilePath/Fls-stonemtn-nc.jpg?width=300	 	 	 	 	 	 	2	0.816497	0.69897	1		
0	http://dbpedia.org/ontology/wikiPageExternalLink	http://cdm.sos.state.ga.us/u?/adhoc,324; http://www.gaudc.org/founding.htm	 	 	 	 	 	 	http://geonames.usgs.gov/pls/gnispublic	 	 	2	0.816497	0.69897	1		
2	http://dbpedia.org/ontology/wikiPageID;http://rdf.freebase.com/key/wikipedia.en_id	320118	320118	 	18679444	18679444	 	 	15443128	15443128	 	6	0.408248	0.221849	1		
0	http://dbpedia.org/ontology/wikiPageLength	32302	 	 	2521	 	 	 	3061	 	 	3	0.816497	0.522879	1		
0	http://dbpedia.org/ontology/wikiPageOutDegree	186	 	 	24	 	 	 	35	 	 	3	0.816497	0.522879	1		
0	http://dbpedia.org/ontology/wikiPageRevisionID	744294184	 	 	716963697	 	 	 	723910333	 	 	3	0.816497	0.522879	1		
0	http://purl.org/dc/terms/subject	1996 Summer Olympic venues; Olympic archery venues	 	 	Inselbergs of Piedmont (United States); National Natural Landmarks in North Carolina	 	 	 	Landforms of Huntingdon County, Pennsylvania	 	 	3	0.799775	0.522879	1		
0	http://www.georss.org/georss/point	33.80594444444444 -84.14542222222222	 	 	36.39361111111111 -81.04333333333334	 	 	 	40.548611111111114 -77.84277777777778	 	 	3	0.816497	0.522879	1		
0	http://www.w3.org/1999/02/22-rdf-syntax-ns#type	Spatial Thing; http://dbpedia.org/ontology/Location	Geographical Feature; Organization scope	Feature	Spatial Thing; http://dbpedia.org/ontology/Location	Geographical Feature; Physically Instantiable	Feature	wikicat National Natural Landmarks in North Carolina; wordnet landmark 108624891	Spatial Thing; http://dbpedia.org/ontology/Location	Geographical Feature; Physically Instantiable	wikicat Ridges of Pennsylvania; wordnet object 100002684	10	0.351364	0	1		
2	http://www.w3.org/2000/01/rdf-schema#comment;http://rdf.freebase.com/ns/common.topic.description	Stone Mountain is a quartz monzonite dome monadnock and the site of Stone Mountain Park in Stone Mou	Stone Mountain is a quartz monzonite dome monadnock and the site of Stone Mountain Park in Stone Mou	 	Stone Mountain is the centerpiece of Stone Mountain State Park. It is a dome of exposed granite (spe	Stone Mountain is the centerpiece of Stone Mountain State Park. It is a dome of exposed granite of D	 	 	Stone Mountain is a stratigraphic ridge in central Pennsylvania, United States, trending northwest o	Stone Mountain is a stratigraphic ridge in central Pennsylvania, United States, trending northwest o	 	6	0.57735	0.221849	1		
2	http://www.w3.org/2000/01/rdf-schema#label;http://www.geonames.org/ontology#name	Stone Mountain	Stone Mountain	Stone Mountain	Stone Mountain (North Carolina)	Stone Mountain	Stone Mountain	Stone Mountain (North Carolina)	Stone Mountain (Pennsylvania)	Stone Mountain	Stone Mountain (Pennsylvania)	10	0.320256	0	1		
0	http://www.w3.org/2002/07/owl#sameAs	Stone Mountain	 	 	Stone Mountain	 	 	 	Stone Mountain	 	 	3	0.57735	0.522879	0		
3	http://www.w3.org/2003/01/geo/wgs84_pos#lat;http://yago-knowledge.org/resource/hasLatitude	33.806	33.806	33.806	36.394	36.394	36.394	36.394	40.549	40.549	 	9	0	0.045757	1		
3	http://www.w3.org/2003/01/geo/wgs84_pos#long;http://yago-knowledge.org/resource/hasLongitude	-84.145	-84.145	-84.146	-81.043	-81.043	-81.043	-81.043	-77.843	-77.843	 	9	0.333333	0.045757	1		
0	http://www.w3.org/ns/prov#wasDerivedFrom	http://en.wikipedia.org/wiki/Stone_Mountain?oldid=744294184	 	 	http://en.wikipedia.org/wiki/Stone_Mountain_(North_Carolina)?oldid=716963697	 	 	 	http://en.wikipedia.org/wiki/Stone_Mountain_(Pennsylvania)?oldid=723910333	 	 	3	0.816497	0.522879	1		
0	http://xmlns.com/foaf/0.1/depiction	http://commons.wikimedia.org/wiki/Special:FilePath/Stone_Mountain,_the_carving,_and_the_Train.jpeg	 	 	http://commons.wikimedia.org/wiki/Special:FilePath/Fls-stonemtn-nc.jpg	 	 	 	 	 	 	2	0.816497	0.69897	1		
1	http://xmlns.com/foaf/0.1/isPrimaryTopicOf;http://rdf.freebase.com/ns/common.topic.topic_equivalent_webpage	http://en.wikipedia.org/wiki/Stone_Mountain	http://fr.wikipedia.org/wiki/index.html?curid=1941273; http://ja.wikipedia.org/wiki/%B9%C8%FC%F3%FB%	 	http://en.wikipedia.org/wiki/Stone_Mountain_(North_Carolina)	http://en.wikipedia.org/wiki/Stone_Mountain_(North_Carolina); http://en.wikipedia.org/wiki/index.htm	 	 	http://en.wikipedia.org/wiki/Stone_Mountain_(Pennsylvania)	http://en.wikipedia.org/wiki/Stone_Mountain_(Pennsylvania); http://en.wikipedia.org/wiki/index.html?	 	6	0.758787	0.221849	1		
0	http://xmlns.com/foaf/0.1/name	Stone Mountain	 	 	Stone Mountain	 	 	 	Stone Mountain	 	 	3	0.57735	0.522879	1		
0	http://rdf.freebase.com/key/en	 	stone_mountain	 	 	 	 	 	 	 	 	1	0.57735	1	1		
0	http://rdf.freebase.com/key/user.avh.ellerdale	 	009a-bf1a	 	 	 	 	 	 	 	 	1	0.57735	1	1		
1	http://rdf.freebase.com/key/wikipedia.en	 	Stone_Mountain_Park_Archery_Center; Stone_Mountain_Park_Velodrome	 	 	Stone_Mountain_(North_Carolina)	 	 	 	Stone_Mountain_(Huntingdon_County,_Pennsylvania)	 	3	0.816497	0.522879	1		
1	http://rdf.freebase.com/key/wikipedia.en_title	 	Stone_Mountain	 	 	Stone_Mountain_(North_Carolina)	 	 	 	Stone_Mountain_(Pennsylvania)	 	3	0.816497	0.522879	1		
0	http://rdf.freebase.com/ns/common.topic.article	 	Stone Mountain is a quartz monzonite dome monadnock in Stone Mountain, Georgia, United States. At it	 	 	Stone Mountain is the centerpiece of Stone Mountain State Park. It is a dome of exposed granite (spe	 	 	 	Stone Mountain is a stratigraphic ridge in central Pennsylvania, United States, trending northwest o	 	3	0.816497	0.522879	1		
0	http://rdf.freebase.com/ns/common.topic.image	 	Panoramic view from the top (10Mb); Stone Mountain	 	 	none	 	 	 	 	 	2	0.816497	0.69897	1		
0	http://rdf.freebase.com/ns/common.topic.notable_for	 	Mountain	 	 	Mountain	 	 	 	Mountain	 	3	0.57735	0.522879	1		
0	http://rdf.freebase.com/ns/common.topic.notable_types	 	Mountain	 	 	Mountain	 	 	 	Mountain	 	3	0.57735	0.522879	1		
1	http://rdf.freebase.com/ns/geography.mountain.elevation	 	514	 	 	703	 	 	 	668	 	3	0.816497	0.522879	1		
0	http://rdf.freebase.com/ns/geography.mountain.prominence	 	251	 	 	183	 	 	 	170.68	 	3	0.816497	0.522879	1		
0	http://rdf.freebase.com/ns/kg.object_profile.prominent_type	 	Mountain	 	 	Mountain	 	 	 	Mountain	 	3	0.57735	0.522879	1		
0	http://rdf.freebase.com/ns/location.location.containedby;http://www.geonames.org/ontology#parentFeature	 	Stone Mountain; United States of America	DeKalb County	 	Alleghany County; North Carolina	Cherry Lane Township	 	 	Appalachian Mountains; Pennsylvania	 	5	0.672593	0.30103	1		
0	http://rdf.freebase.com/ns/organization.organization_scope.organizations_with_this_scope	 	StructureMEDIC	 	 	 	 	 	 	 	 	1	0.57735	1	1		
0	http://rdf.freebase.com/ns/type.object.key	 	/user/avh/ellerdale/009a-bf1a; /wikipedia/ja_id/2067390	 	 	/wikipedia/en_id/18679444; /wikipedia/nl_id/2823658	 	 	 	/wikipedia/en/Stone_Mountain_(Huntingdon_County,_Pennsylvania); /wikipedia/en_id/15443128	 	3	0.816497	0.522879	1		
0	http://rdf.freebase.com/ns/type.object.name	 	Stone Mountain	 	 	Stone Mountain	 	 	 	Stone Mountain	 	3	0.57735	0.522879	1		
0	http://rdf.freebase.com/ns/type.object.type	 	Geographical Feature; Organization scope	 	 	Geographical Feature; Physically Instantiable	 	 	 	Geographical Feature; Physically Instantiable	 	3	0.174078	0.522879	1		
0	http://rdf.freebase.com/ns/user.avh.default_domain.ellerdale_topic.ellerdale_id	 	009a-bf1a	 	 	 	 	 	 	 	 	1	0.57735	1	1		
0	http://www.geonames.org/ontology#alternateName	 	 	New Gibralter; Rock Fort Mountain	 	 	 	 	 	 	 	1	0.816497	1	1		
0	http://www.geonames.org/ontology#countryCode	 	 	US	 	 	US	 	 	 	 	2	0.57735	0.69897	1		
0	http://www.geonames.org/ontology#featureClass	 	 	http://www.geonames.org/ontology#T	 	 	http://www.geonames.org/ontology#T	 	 	 	 	2	0.57735	0.69897	1		
0	http://www.geonames.org/ontology#featureCode	 	 	http://www.geonames.org/ontology#T.MT	 	 	http://www.geonames.org/ontology#T.MT	 	 	 	 	2	0.57735	0.69897	1		
0	http://www.geonames.org/ontology#locationMap	 	 	http://www.geonames.org/4224746/stone-mountain.html	 	 	http://www.geonames.org/4493565/stone-mountain.html	 	 	 	 	2	0.816497	0.69897	1		
0	http://www.geonames.org/ontology#nearbyFeatures	 	 	http://sws.geonames.org/4224746/nearby.rdf	 	 	http://sws.geonames.org/4493565/nearby.rdf	 	 	 	 	2	0.816497	0.69897	1		
0	http://www.geonames.org/ontology#officialName	 	 	Stone Mountain	 	 	 	 	 	 	 	1	0.57735	1	1		
0	http://www.geonames.org/ontology#wikipediaArticle	 	 	http://en.wikipedia.org/wiki/Stone_Mountain	 	 	http://en.wikipedia.org/wiki/Stone_Mountain_%28North_Carolina%29	 	 	 	 	2	0.816497	0.69897	1		
0	http://www.w3.org/2000/01/rdf-schema#seeAlso	 	 	Stone Mountain	 	 	http://dbpedia.org/resource/Stone_Mountain_%28North_Carolina%29	 	 	 	 	2	0.816497	0.69897	1		
0	http://www.w3.org/2003/01/geo/wgs84_pos#alt	 	 	514	 	 	700	 	 	 	 	2	0.816497	0.69897	1		
0	http://dbpedia.org/ontology/mountainRange	 	 	 	Blue Ridge Mountains	 	 	 	Appalachian Mountains	 	 	2	0.816497	0.69897	1		
0	http://dbpedia.org/ontology/prominence	 	 	 	182.88	 	 	 	 	 	 	1	0.57735	1	1		
0	http://rdf.freebase.com/ns/geography.mountain.mountain_range	 	 	 	 	Blue Ridge Mountains	 	 	 	Appalachian Mountains	 	2	0.816497	0.69897	1		
0	http://www.w3.org/2004/02/skos/core#prefLabel	 	 	 	 	 	 	Stone Mountain (North Carolina)	 	 	Stone Mountain (Pennsylvania)	2	0.816497	0.69897	1		
0	http://yago-knowledge.org/resource/hasCitationTitle	 	 	 	 	 	 	Stone Mountain: National Natural Landmark	 	 	Bedrock Geology of the Allensville Quadrangle, Huntingdon and Mifflin Counties, Pennsylvania	2	0.816497	0.69897	1		
0	http://yago-knowledge.org/resource/hasWikipediaAnchorText	 	 	 	 	 	 	Blue Ridge Mountains; National Park Service	 	 	Appalachian Mountains; Reedsville Formation	2	0.816497	0.69897	1		
0	http://yago-knowledge.org/resource/hasWikipediaArticleLength	 	 	 	 	 	 	2500	 	 	3011	2	0.816497	0.69897	1		
0	http://yago-knowledge.org/resource/hasWikipediaUrl	 	 	 	 	 	 	http://en.wikipedia.org/wiki/Stone_Mountain_%28North_Carolina%29	 	 	http://en.wikipedia.org/wiki/Stone_Mountain_%28Pennsylvania%29	2	0.816497	0.69897	1		
0	http://yago-knowledge.org/resource/linksTo	 	 	 	 	 	 	Alleghany County, North Carolina; Blue Ridge Mountains	 	 	Allensville, Pennsylvania; Appalachian Mountains	2	0.816497	0.69897	1		
0	http://yago-knowledge.org/resource/redirectedFrom	 	 	 	 	 	 	 	 	 	Stone Mountain (Huntingdon County, Pennsylvania)	1	0.57735	1	1		
