score	dataset	dbpedia	freebase	wikidata	dbpedia	freebase	wikidata	dbpedia	freebase	wikidata	dbpedia						
	entity	http://dbpedia.org/resource/Qullpa_Qaqa	http://rdf.freebase.com/ns/m.012hpztl	http://www.wikidata.org/entity/Q19421390	http://dbpedia.org/resource/Qullpa_Qaqa_(Cusco-Puno)	http://rdf.freebase.com/ns/m.012rcjmt	http://www.wikidata.org/entity/Q19421392	http://dbpedia.org/resource/Qullpa_Qaqa_(Marcapata)	http://rdf.freebase.com/ns/m.012rcpk8	http://www.wikidata.org/entity/Q19421394	http://dbpedia.org/resource/Qullpa_Qaqa_(Huch'uy_Ananta)						
0	http://dbpedia.org/ontology/abstract	"Qullpa Qaqa (Quechua qullpa salty, salpeter, qaqa rock, ""salpeter rock"", hispanicized spelling Collp"	 	 	"Qullpa Qaqa (Quechua qullpa salty, salpeter, qaqa rock, ""salpeter rock"", hispanicized spelling Jolpa"	 	 	"Qullpa Qaqa (Quechua qullpa salty, salpeter, qaqa rock, ""salpeter rock"", hispanicized spelling Jollp"	 	 	"Qullpa Qaqa (Quechua qullpa salty, salpeter, qaqa rock, ""salpeter rock"", hispanicized spelling Collp"	4	0.645497	0.39794	1		
1	http://dbpedia.org/ontology/elevation	5000	 	 	4900	 	 	4600	 	 	5000	4	0.645497	0.39794	1		
3	http://dbpedia.org/ontology/locatedInArea;http://www.wikidata.org/entity/P17c	Puno Region	 	Peru	Cusco Region	 	Peru	Marcapata District; Quispicanchi Province	 	Peru	Marcapata District; Quispicanchi Province	7	0.144338	0.154902	1		
0	http://dbpedia.org/ontology/mountainRange	Willkanuta mountain range	 	 	Willkanuta mountain range	 	 	Willkanuta mountain range	 	 	Willkanuta mountain range	4	0.288675	0.39794	1		
3	http://dbpedia.org/ontology/wikiPageID;http://rdf.freebase.com/key/wikipedia.en_id	44804982	44804982	 	45272122	45272122	 	45272483	45272483	 	47227874	7	0.48795	0.154902	1		
0	http://dbpedia.org/ontology/wikiPageLength	1556	 	 	1772	 	 	1745	 	 	1943	4	0.816497	0.39794	1		
0	http://dbpedia.org/ontology/wikiPageOutDegree	15	 	 	22	 	 	18	 	 	18	4	0.645497	0.39794	1		
0	http://dbpedia.org/ontology/wikiPageRevisionID	694072463	 	 	694072484	 	 	694072557	 	 	694072498	4	0.816497	0.39794	1		
0	http://purl.org/dc/terms/subject	Mountains of Puno Region	 	 	Mountains of Cusco Region	 	 	Mountains of Cusco Region	 	 	Mountains of Cusco Region	4	0	0.39794	1		
0	http://www.georss.org/georss/point	-84.82611111	 	 	-84.37333333	 	 	-84.425	 	 	-84.73361111	4	0.816497	0.39794	1		
0	http://www.w3.org/1999/02/22-rdf-syntax-ns#type;http://www.wikidata.org/entity/P31c	Spatial Thing; http://dbpedia.org/ontology/Location	Inanimate; Location	mountain	Spatial Thing; http://dbpedia.org/ontology/Location	Inanimate; Location	mountain	Spatial Thing; http://dbpedia.org/ontology/Location	Inanimate; Location	mountain	Spatial Thing; http://dbpedia.org/ontology/Location	10	0.333333	0	1		
3	http://www.w3.org/2000/01/rdf-schema#comment;http://rdf.freebase.com/ns/common.topic.description	"Qullpa Qaqa (Quechua qullpa salty, salpeter, qaqa rock, ""salpeter rock"", hispanicized spelling Collp"	Qullpa Qaqa is a mountain in the southern extensions of the Willkanuta mountain range in the Andes o	 	"Qullpa Qaqa (Quechua qullpa salty, salpeter, qaqa rock, ""salpeter rock"", hispanicized spelling Jolpa"	Qullpa Qaqa is a mountain in the Willkanuta mountain range in the Andes of Peru, about 4,900 metres 	 	"Qullpa Qaqa (Quechua qullpa salty, salpeter, qaqa rock, ""salpeter rock"", hispanicized spelling Jollp"	Qullpa Qaqa is a mountain in the Willkanuta mountain range in the Andes of Peru, about 4,600 metres 	 	"Qullpa Qaqa (Quechua qullpa salty, salpeter, qaqa rock, ""salpeter rock"", hispanicized spelling Collp"	7	0.723747	0.154902	1		
2	http://www.w3.org/2000/01/rdf-schema#label	Qullpa Qaqa	Qullpa Qaqa	Qullpa Qaqa	Qullpa Qaqa (Cusco-Puno)	Qullpa Qaqa	Qullpa Qaqa	Qullpa Qaqa (Marcapata)	Qullpa Qaqa	Qullpa Qaqa	Qullpa Qaqa (Huch'uy Ananta)	10	0.258199	0	1		
0	http://www.w3.org/2002/07/owl#sameAs	 	 	 	 	 	 	 	 	 	Qullpa Qaqa	1	0.57735	1	0		
3	http://www.w3.org/2003/01/geo/wgs84_pos#lat	-14.185	-14.185	-14.185	-13.661	-13.661	-13.661	-13.633	-13.633	-13.633	-13.699	10	0.258199	0	1		
3	http://www.w3.org/2003/01/geo/wgs84_pos#long	-70.641	-70.641	-70.641	-70.712	-70.712	-70.712	-70.792	-70.792	-70.792	-71.034	10	0.258199	0	1		
0	http://www.w3.org/ns/prov#wasDerivedFrom	http://en.wikipedia.org/wiki/Qullpa_Qaqa?oldid=694072463	 	 	http://en.wikipedia.org/wiki/Qullpa_Qaqa_(Cusco-Puno)?oldid=694072484	 	 	http://en.wikipedia.org/wiki/Qullpa_Qaqa_(Marcapata)?oldid=694072557	 	 	http://en.wikipedia.org/wiki/Qullpa_Qaqa_(Huch'uy_Ananta)?oldid=694072498	4	0.816497	0.39794	1		
1	http://xmlns.com/foaf/0.1/isPrimaryTopicOf;http://rdf.freebase.com/ns/common.topic.topic_equivalent_webpage	http://en.wikipedia.org/wiki/Qullpa_Qaqa	http://en.wikipedia.org/wiki/Qullpa_Qaqa; http://en.wikipedia.org/wiki/index.html?curid=44804982	 	http://en.wikipedia.org/wiki/Qullpa_Qaqa_(Cusco-Puno)	http://en.wikipedia.org/wiki/Qullpa_Qaqa_(Cusco-Puno); http://en.wikipedia.org/wiki/index.html?curid	 	http://en.wikipedia.org/wiki/Qullpa_Qaqa_(Marcapata)	http://en.wikipedia.org/wiki/Qullpa_Qaqa_(Marcapata); http://en.wikipedia.org/wiki/index.html?curid=	 	http://en.wikipedia.org/wiki/Qullpa_Qaqa_(Huch'uy_Ananta)	7	0.60553	0.154902	1		
0	http://xmlns.com/foaf/0.1/name	Qullpa Qaqa	 	 	Qullpa Qaqa	 	 	Qullpa Qaqa	 	 	Qullpa Qaqa	4	0.57735	0.39794	1		
1	http://rdf.freebase.com/key/dataworld.freeq	 	job_b7610d20-59b4-44fd-a8fa-5e3a9e81b678_var_en_wikipedia_org_wiki_Qullpaqaqa	 	 	job_4a9e768f-c3c8-46fc-abd5-50b37fb62ac9_var_en_wikipedia_org_wiki_Qullpa_Qaqa_(Cusco-Puno)	 	 	job_4a9e768f-c3c8-46fc-abd5-50b37fb62ac9_var_en_wikipedia_org_wiki_Qullpa_Qaqa_(Marcapata)	 	 	3	0.816497	0.522879	1		
1	http://rdf.freebase.com/key/wikipedia.en	 	Cerro_Collpacaja	 	 	Qullpa_Qaqa_(Cusco-Puno)	 	 	Qullpa_Qaqa_(Marcapata)	 	 	3	0.816497	0.522879	1		
1	http://rdf.freebase.com/key/wikipedia.en_title	 	Qullpa_Qaqa	 	 	Qullpa_Qaqa_(Cusco-Puno)	 	 	Qullpa_Qaqa_(Marcapata)	 	 	3	0.816497	0.522879	1		
0	http://rdf.freebase.com/ns/geography.mountain.mountain_range	 	Andes	 	 	Andes	 	 	Andes	 	 	3	0.57735	0.522879	1		
1	http://rdf.freebase.com/ns/location.location.mean_elevation	 	5000	 	 	4900	 	 	4600	 	 	3	0.816497	0.522879	1		
0	http://rdf.freebase.com/ns/type.object.key	 	/dataworld/freeq/job_b7610d20-59b4-44fd-a8fa-5e3a9e81b678_var_en_wikipedia_org_wiki_Qullpaqaqa; /wik	 	 	/dataworld/freeq/job_4a9e768f-c3c8-46fc-abd5-50b37fb62ac9_var_en_wikipedia_org_wiki_Qullpa_Qaqa_(Cus	 	 	/dataworld/freeq/job_4a9e768f-c3c8-46fc-abd5-50b37fb62ac9_var_en_wikipedia_org_wiki_Qullpa_Qaqa_(Mar	 	 	3	0.816497	0.522879	1		
0	http://rdf.freebase.com/ns/type.object.name	 	Qullpa Qaqa	 	 	Qullpa Qaqa	 	 	Qullpa Qaqa	 	 	3	0.57735	0.522879	1		
0	http://rdf.freebase.com/ns/type.object.type	 	Inanimate; Location	 	 	Inanimate; Location	 	 	Inanimate; Location	 	 	3	0	0.522879	1		
