score	dataset	dbpedia	freebase	wikidata	yago-knowledge	dbpedia	freebase	wikidata	yago-knowledge	dbpedia	wikidata						
	entity	http://dbpedia.org/resource/Cairnie_Hill	http://rdf.freebase.com/ns/m.026ynr9	http://www.wikidata.org/entity/Q5017697	http://yago-knowledge.org/resource/Cairnie_Hill	http://dbpedia.org/resource/Cairnpapple_Hill	http://rdf.freebase.com/ns/m.03m0bd	http://www.wikidata.org/entity/Q1025955	http://yago-knowledge.org/resource/Cairnpapple_Hill	http://dbpedia.org/resource/Cairn_Toul	http://www.wikidata.org/entity/Q1025930						
0	http://dbpedia.org/ontology/abstract	Cairnie Hill lies at the eastern end of the Ochil Hills, above the village of Collessie Scotland. It	 	 	 	Cairnpapple Hill is a hill with a dominating position in central lowland Scotland with views from co	 	 	 	Cairn Toul (from the Gaelic Càrn an t-Sabhail, 'Hill of the barn') is the fourth highest mountain in	 	3	0.816497	0.522879	1		
1	http://dbpedia.org/ontology/elevation	228	 	 	 	312	 	 	 	1291	 	3	0.816497	0.522879	1		
2	http://dbpedia.org/ontology/locatedInArea;http://www.wikidata.org/entity/P17c;http://yago-knowledge.org/resource/isLocatedIn;http://www.wikidata.org/entity/P131c	Scotland	 	United Kingdom	Scotland	West Lothian	 	United Kingdom	West Lothian	Cairngorms	Aberdeenshire; United Kingdom	8	0.408248	0.09691	1		
0	http://dbpedia.org/ontology/mountainRange	Ochil Hills	 	 	 	 	 	 	 	 	 	1	0.57735	1	1		
0	http://dbpedia.org/ontology/nationalTopographicSystemMapNumber	OSLandranger 59	 	 	 	OSLandranger 65	 	 	 	OSLandrangers 36, 43	 	3	0.816497	0.522879	1		
0	http://dbpedia.org/ontology/prominence	150	 	 	 	173	 	 	 	166	 	3	0.816497	0.522879	1		
0	http://dbpedia.org/ontology/thumbnail	http://commons.wikimedia.org/wiki/Special:FilePath/Cairnie_Hill_2.jpg?width=300	 	 	 	http://commons.wikimedia.org/wiki/Special:FilePath/CairnpappleHill.jpg?width=300	 	 	 	http://commons.wikimedia.org/wiki/Special:FilePath/Cairn_toul.jpg?width=300	 	3	0.816497	0.522879	1		
0	http://dbpedia.org/ontology/wikiPageExternalLink	http://www.cairneys.org/	 	 	 	http://www.cairnpapplecars.co.uk/CairnpappleHill/index.html; http://www.cyberscotia.com/cairnpapple/	 	 	 	 	 	2	0.816497	0.69897	1		
2	http://dbpedia.org/ontology/wikiPageID;http://rdf.freebase.com/key/wikipedia.en_id	8274396	8274396	 	 	888791	888791	 	 	2306069	 	5	0.516398	0.30103	1		
0	http://dbpedia.org/ontology/wikiPageLength	1514	 	 	 	7096	 	 	 	2781	 	3	0.816497	0.522879	1		
0	http://dbpedia.org/ontology/wikiPageOutDegree	16	 	 	 	44	 	 	 	35	 	3	0.816497	0.522879	1		
0	http://dbpedia.org/ontology/wikiPageRevisionID	740008795	 	 	 	668004995	 	 	 	694445991	 	3	0.816497	0.522879	1		
0	http://purl.org/dc/terms/subject	Hills of Fife; Marilyns of Scotland	 	 	 	Archaeological museums in Scotland; Iron Age sites in Scotland	 	 	 	Mountains and hills of Aberdeenshire; One-thousanders of the British Isles	 	3	0.755929	0.522879	1		
0	http://www.georss.org/georss/point	56.3264 -3.1675	 	 	 	55.92805555555555 -3.6225	 	 	 	57.05415 -3.71122	 	3	0.816497	0.522879	1		
0	http://www.w3.org/1999/02/22-rdf-syntax-ns#type;http://www.wikidata.org/entity/P31c	Spatial Thing; http://dbpedia.org/ontology/Location	Geographical Feature; Physically Instantiable	mountain	wikicat Hills of the Scottish Midland Valley; wordnet mountain 109359803	Spatial Thing; http://dbpedia.org/ontology/Location	Geographical Feature; Physically Instantiable	archaeological site	wikicat Archaeological museums in Scotland; wordnet tract 108673395	Spatial Thing; http://dbpedia.org/ontology/Location	mountain	10	0.414644	0	1		
2	http://www.w3.org/2000/01/rdf-schema#comment;http://rdf.freebase.com/ns/common.topic.description	Cairnie Hill lies at the eastern end of the Ochil Hills, above the village of Collessie Scotland. It	Cairnie Hill lies at the eastern end of the Ochil Hills, above the village of Collessie Scotland. It	 	 	Cairnpapple Hill is a hill with a dominating position in central lowland Scotland with views from co	Cairnpapple Hill is a hill with a dominating position in central lowland Scotland with views from co	 	 	Cairn Toul (from the Gaelic Càrn an t-Sabhail, 'Hill of the barn') is the fourth highest mountain in	 	5	0.516398	0.30103	1		
3	http://www.w3.org/2000/01/rdf-schema#label	Cairnie Hill	Cairnie Hill	Cairnie Hill	Cairnie Hill	Cairnpapple Hill	Cairnpapple Hill	Cairnpapple Hill	Cairnpapple Hill	Cairn Toul	Cairn Toul	10	0	0	1		
0	http://www.w3.org/2002/07/owl#sameAs	 	 	 	 	 	 	 	 	Cairn Toul	 	1	0.57735	1	0		
3	http://www.w3.org/2003/01/geo/wgs84_pos#lat	56.326	56.326	56.326	 	55.928	55.928	55.928	 	57.054	57.054	8	0.204124	0.09691	1		
3	http://www.w3.org/2003/01/geo/wgs84_pos#long	-3.168	-3.168	-3.168	 	-3.623	-3.623	-3.623	 	-3.711	-3.711	8	0.204124	0.09691	1		
0	http://www.w3.org/ns/prov#wasDerivedFrom	http://en.wikipedia.org/wiki/Cairnie_Hill?oldid=740008795	 	 	 	http://en.wikipedia.org/wiki/Cairnpapple_Hill?oldid=668004995	 	 	 	http://en.wikipedia.org/wiki/Cairn_Toul?oldid=694445991	 	3	0.816497	0.522879	1		
0	http://xmlns.com/foaf/0.1/depiction	http://commons.wikimedia.org/wiki/Special:FilePath/Cairnie_Hill_2.jpg	 	 	 	http://commons.wikimedia.org/wiki/Special:FilePath/CairnpappleHill.jpg	 	 	 	http://commons.wikimedia.org/wiki/Special:FilePath/Cairn_toul.jpg	 	3	0.816497	0.522879	1		
1	http://xmlns.com/foaf/0.1/isPrimaryTopicOf;http://rdf.freebase.com/ns/common.topic.topic_equivalent_webpage	http://en.wikipedia.org/wiki/Cairnie_Hill	http://en.wikipedia.org/wiki/Cairnie_Hill; http://en.wikipedia.org/wiki/index.html?curid=8274396	 	 	http://en.wikipedia.org/wiki/Cairnpapple_Hill	http://de.wikipedia.org/wiki/Cairnpapple_Hill; http://ja.wikipedia.org/wiki/%B1%A2%F3%D1%C3%D7%EB%FB	 	 	http://en.wikipedia.org/wiki/Cairn_Toul	 	5	0.740959	0.30103	1		
0	http://xmlns.com/foaf/0.1/name	Cairnie Hill	 	 	 	Cairnpapple Hill	 	 	 	Cairn Toul	 	3	0.816497	0.522879	1		
0	http://rdf.freebase.com/key/en	 	cairnie_hill	 	 	 	cairnpapple_hill	 	 	 	 	2	0.816497	0.69897	1		
0	http://rdf.freebase.com/key/wikipedia.en	 	Cairnie_Hill	 	 	 	Cairnpapple	 	 	 	 	2	0.816497	0.69897	1		
0	http://rdf.freebase.com/key/wikipedia.en_title	 	Cairnie_Hill	 	 	 	Cairnpapple_Hill	 	 	 	 	2	0.816497	0.69897	1		
0	http://rdf.freebase.com/ns/common.topic.alias	 	Cairnie Hill, Fife	 	 	 	 	 	 	 	 	1	0.57735	1	1		
1	http://rdf.freebase.com/ns/common.topic.article;http://schema.org/description	 	Cairnie Hill lies at the eastern end of the Ochil Hills, above the village of Collessie Scotland. It	 	 	 	Cairnpapple Hill is a hill with a dominating position in central lowland Scotland with views from co	Neolithic henge monument	 	 	mountain	4	0.816497	0.39794	1		
0	http://rdf.freebase.com/ns/common.topic.image	 	Cairnie Hill 2	 	 	 	CairnpappleHill	 	 	 	 	2	0.816497	0.69897	1		
0	http://rdf.freebase.com/ns/common.topic.notable_for	 	Marilyn Mountain	 	 	 	Marilyn Mountain	 	 	 	 	2	0.57735	0.69897	1		
0	http://rdf.freebase.com/ns/common.topic.notable_types	 	Mountain	 	 	 	Mountain	 	 	 	 	2	0.57735	0.69897	1		
0	http://rdf.freebase.com/ns/geography.mountain.elevation	 	228	 	 	 	312	 	 	 	 	2	0.816497	0.69897	1		
0	http://rdf.freebase.com/ns/geography.mountain.listings	 	Marilyn	 	 	 	Marilyn	 	 	 	 	2	0.57735	0.69897	1		
0	http://rdf.freebase.com/ns/geography.mountain.mountain_range	 	Ochil Hills	 	 	 	 	 	 	 	 	1	0.57735	1	1		
0	http://rdf.freebase.com/ns/geography.mountain.prominence	 	150	 	 	 	 	 	 	 	 	1	0.57735	1	1		
0	http://rdf.freebase.com/ns/kg.object_profile.prominent_type	 	Mountain	 	 	 	Mountain	 	 	 	 	2	0.57735	0.69897	1		
1	http://rdf.freebase.com/ns/location.location.containedby;http://www.wikidata.org/entity/P361c	 	Fife	 	 	 	West Lothian	 	 	 	Cairngorms	3	0.816497	0.522879	1		
0	http://rdf.freebase.com/ns/type.object.key	 	/wikipedia/en_id/8274396; /wikipedia/en_title/Cairnie_Hill	 	 	 	/wikipedia/de_id/5106993; /wikipedia/ja_title/ケアンパップル・ヒル	 	 	 	 	2	0.816497	0.69897	1		
0	http://rdf.freebase.com/ns/type.object.name	 	Cairnie Hill	 	 	 	Cairnpapple Hill	 	 	 	 	2	0.816497	0.69897	1		
0	http://rdf.freebase.com/ns/type.object.type	 	Geographical Feature; Physically Instantiable	 	 	 	Geographical Feature; Physically Instantiable	 	 	 	 	2	0.408248	0.69897	1		
1	http://www.wikidata.org/entity/P18c	 	 	http://commons.wikimedia.org/wiki/File:Cairnie_Hill_2.jpg	 	 	 	http://commons.wikimedia.org/wiki/File:CairnpappleHill.jpg	 	 	http://commons.wikimedia.org/wiki/File:Cairn_toul.jpg	3	0.816497	0.522879	1		
0	http://www.w3.org/2004/02/skos/core#prefLabel	 	 	 	Cairnie Hill	 	 	 	Cairnpapple Hill	 	 	2	0.816497	0.69897	1		
0	http://yago-knowledge.org/resource/hasWikipediaAnchorText	 	 	 	Cairney History and Genealogy; arable farming	 	 	 	Aerial photos; Gordon Barclay	 	 	2	0.801041	0.69897	1		
0	http://yago-knowledge.org/resource/hasWikipediaArticleLength	 	 	 	1525	 	 	 	6937	 	 	2	0.816497	0.69897	1		
0	http://yago-knowledge.org/resource/hasWikipediaUrl	 	 	 	http://en.wikipedia.org/wiki/Cairnie_Hill	 	 	 	http://en.wikipedia.org/wiki/Cairnpapple_Hill	 	 	2	0.816497	0.69897	1		
0	http://yago-knowledge.org/resource/linksTo	 	 	 	Marilyn (hill); Ordnance Survey	 	 	 	Historic Scotland; Ordnance Survey	 	 	2	0.771517	0.69897	1		
0	http://www.wikidata.org/entity/P373c	 	 	 	 	 	 	Cairnpapple Hill	 	 	Cairn Toul	2	0.816497	0.69897	1		
0	http://www.wikidata.org/entity/P646-freebase	 	 	 	 	 	 	Cairnpapple Hill	 	 	Cairn Toul	2	0.816497	0.69897	1		
0	http://www.wikidata.org/entity/P646c	 	 	 	 	 	 	/m/03m0bd	 	 	/m/072jp7	2	0.816497	0.69897	1		
0	http://yago-knowledge.org/resource/hasCitationTitle	 	 	 	 	 	 	 	The Modern Antiquarian	 	 	1	0.57735	1	1		
0	http://yago-knowledge.org/resource/redirectedFrom	 	 	 	 	 	 	 	Cairnpapple	 	 	1	0.57735	1	1		
0	http://dbpedia.org/ontology/parentMountainPeak	 	 	 	 	 	 	 	 	Braeriach	 	1	0.57735	1	1		
0	http://www.wikidata.org/entity/P1566c	 	 	 	 	 	 	 	 	 	2654049	1	0.57735	1	1		
0	http://www.wikidata.org/entity/P2044c	 	 	 	 	 	 	 	 	 	1291	1	0.57735	1	1		
