score	dataset	dbpedia	freebase	wikidata	yago-knowledge	dbpedia	freebase	wikidata	dbpedia	freebase	wikidata						
	entity	http://dbpedia.org/resource/Green_Mountain_(Lakewood,_Colorado)	http://rdf.freebase.com/ns/m.0w307jx	http://www.wikidata.org/entity/Q14684543	http://yago-knowledge.org/resource/Green_Mountain_(Lakewood,_Colorado)	http://dbpedia.org/resource/Green_Mountain_(Snohomish_County,_Washington)	http://rdf.freebase.com/ns/m.0123kcr7	http://www.wikidata.org/entity/Q18392430	http://dbpedia.org/resource/Green_Mountain	http://rdf.freebase.com/ns/m.07rf6d	http://www.wikidata.org/entity/Q5602884						
0	http://dbpedia.org/ontology/abstract	Green Mountain is a mesa on the eastern flank of the Front Range of the Rocky Mountains of North Ame	 	 	 	Green Mountain is a peak in the Glacier Peak Wilderness above the Sauk River in Snohomish County, Wa	 	 	"Green Mountain is a common name for ""The Peak"", the highest point on Ascension Island, which has gai"	 	 	3	0.816497	0.522879	1		
1	http://dbpedia.org/ontology/elevation	2089.1	 	 	 	1950.11	 	 	859	 	 	3	0.816497	0.522879	1		
2	http://dbpedia.org/ontology/locatedInArea;http://rdf.freebase.com/ns/location.location.street_address;http://www.wikidata.org/entity/P131c;http://www.wikidata.org/entity/P17c;http://yago-knowledge.org/resource/isLocatedIn;http://www.wikidata.org/entity/P276c	Jefferson County, Colorado; United States	http://rdf.freebase.com/ns/m.0wf4zy0	United States of America	Colorado	Snohomish County, Washington; Washington (state)	 	Glacier Peak Wilderness; Snohomish County	Ascension Island; Atlantic Ocean	 	Saint Helena, Ascension and Tristan da Cunha	8	0.65679	0.09691	1		
0	http://dbpedia.org/ontology/mountainRange	Front Range	 	 	 	 	 	 	 	 	 	1	0.57735	1	1		
0	http://dbpedia.org/ontology/nationalTopographicSystemMapNumber	Morrison, Colorado; USGS 7.5' topographic map	 	 	 	Downey Mountain, WA	 	 	 	 	 	2	0.816497	0.69897	1		
0	http://dbpedia.org/ontology/prominence	206.35	 	 	 	 	 	 	859	 	 	2	0.816497	0.69897	1		
0	http://dbpedia.org/ontology/thumbnail	http://commons.wikimedia.org/wiki/Special:FilePath/Green_Mountain_(Lakewood,_Colorado).jpg?width=300	 	 	 	http://commons.wikimedia.org/wiki/Special:FilePath/Green_Mountain_Lookout_1971.jpg?width=300	 	 	http://commons.wikimedia.org/wiki/Special:FilePath/Green_Mountain1.JPG?width=300	 	 	3	0.816497	0.522879	1		
2	http://dbpedia.org/ontology/wikiPageID;http://rdf.freebase.com/key/wikipedia.en_id	39786050	39786050	 	 	44100634	44100634	 	2608513	2608513	 	6	0.408248	0.221849	1		
0	http://dbpedia.org/ontology/wikiPageLength	3033	 	 	 	2528	 	 	6108	 	 	3	0.816497	0.522879	1		
0	http://dbpedia.org/ontology/wikiPageOutDegree	27	 	 	 	11	 	 	35	 	 	3	0.816497	0.522879	1		
0	http://dbpedia.org/ontology/wikiPageRevisionID	729233967	 	 	 	697801070	 	 	742701177	 	 	3	0.816497	0.522879	1		
0	http://purl.org/dc/terms/subject	Landforms of Jefferson County, Colorado; North American 2000 m summits	 	 	 	Mountains of Snohomish County, Washington; Mountains of Washington (state)	 	 	Holocene volcanoes; Inactive volcanoes	 	 	3	0.816497	0.522879	1		
0	http://www.georss.org/georss/point	39.7009482 -105.1777065	 	 	 	48.291666666666664 -121.23861111111111	 	 	-22.3	 	 	3	0.816497	0.522879	1		
0	http://www.w3.org/1999/02/22-rdf-syntax-ns#type;http://www.wikidata.org/entity/P31c	Spatial Thing; http://dbpedia.org/ontology/Location	Geographical Feature; Physically Instantiable	mountain	wikicat Mountains of Colorado; wordnet mountain 109359803	Spatial Thing; http://dbpedia.org/ontology/Location	Inanimate; Location	mountain	Spatial Thing; http://dbpedia.org/ontology/Location	Geographical Feature; Physically Instantiable	mountain	10	0.245172	0	1		
2	http://www.w3.org/2000/01/rdf-schema#comment;http://rdf.freebase.com/ns/common.topic.description	Green Mountain is a mesa on the eastern flank of the Front Range of the Rocky Mountains of North Ame	Green Mountain is a mesa on the eastern flank of the Front Range of the Rocky Mountains of North Ame	 	 	Green Mountain is a peak in the Glacier Peak Wilderness above the Sauk River in Snohomish County, Wa	Green Mountain is a peak in the Glacier Peak Wilderness above the Sauk River in Snohomish County, Wa	 	"Green Mountain is a common name for ""The Peak"", the highest point on Ascension Island, which has gai"	"Green Mountain is a common name for ""The Peak"", the highest point on Ascension Island, which has gai"	 	6	0.408248	0.221849	1		
2	http://www.w3.org/2000/01/rdf-schema#label	Green Mountain (Lakewood, Colorado)	Green Mountain	Green Mountain (Lakewood, Colorado)	Green Mountain (Lakewood, Colorado)	Green Mountain (Snohomish County, Washington)	Green Mountain	Green Mountain	Green Mountain	Green Mountain	Green Mountain	10	0.246183	0	1		
0	http://www.w3.org/2002/07/owl#sameAs	 	 	 	 	 	 	 	The Peak	 	 	1	0.57735	1	0		
3	http://www.w3.org/2003/01/geo/wgs84_pos#lat	39.701	39.701	39.701	 	48.292	48.292	48.292	-7.95	-7.95	-7.95	9	0	0.045757	1		
3	http://www.w3.org/2003/01/geo/wgs84_pos#long	-105.178	-105.178	-105.178	 	-121.239	-121.239	-121.239	-14.35	-14.35	-14.35	9	0	0.045757	1		
0	http://www.w3.org/ns/prov#wasDerivedFrom	http://en.wikipedia.org/wiki/Green_Mountain_(Lakewood,_Colorado)?oldid=729233967	 	 	 	http://en.wikipedia.org/wiki/Green_Mountain_(Snohomish_County,_Washington)?oldid=697801070	 	 	http://en.wikipedia.org/wiki/Green_Mountain?oldid=742701177	 	 	3	0.816497	0.522879	1		
0	http://xmlns.com/foaf/0.1/depiction	http://commons.wikimedia.org/wiki/Special:FilePath/Green_Mountain_(Lakewood,_Colorado).jpg	 	 	 	http://commons.wikimedia.org/wiki/Special:FilePath/Green_Mountain_Lookout_1971.jpg	 	 	http://commons.wikimedia.org/wiki/Special:FilePath/Green_Mountain1.JPG	 	 	3	0.816497	0.522879	1		
1	http://xmlns.com/foaf/0.1/isPrimaryTopicOf;http://rdf.freebase.com/ns/common.topic.topic_equivalent_webpage	http://en.wikipedia.org/wiki/Green_Mountain_(Lakewood,_Colorado)	http://en.wikipedia.org/wiki/Green_Mountain_(Lakewood,_Colorado); http://en.wikipedia.org/wiki/index	 	 	http://en.wikipedia.org/wiki/Green_Mountain_(Snohomish_County,_Washington)	http://en.wikipedia.org/wiki/Green_Mountain_(Snohomish_County,_Washington); http://en.wikipedia.org/	 	http://en.wikipedia.org/wiki/Green_Mountain	http://cs.wikipedia.org/wiki/index.html?curid=896668; http://es.wikipedia.org/wiki/Green_Mountain_(A	 	6	0.70014	0.221849	1		
0	http://xmlns.com/foaf/0.1/name	Green Mountain	 	 	 	Green Mountain	 	 	Green Mountain, Ascension Island	 	 	3	0.57735	0.522879	1		
1	http://rdf.freebase.com/key/wikipedia.en	 	Green_Mountain_(Lakewood,_Colorado)	 	 	 	Green_Mountain_(Snohomish_County,_Washington)	 	 	Green_Mountain	 	3	0.816497	0.522879	1		
1	http://rdf.freebase.com/key/wikipedia.en_title	 	Green_Mountain_(Lakewood,_Colorado)	 	 	 	Green_Mountain_(Snohomish_County,_Washington)	 	 	Green_Mountain	 	3	0.816497	0.522879	1		
1	http://rdf.freebase.com/ns/common.topic.article;http://schema.org/description	 	http://rdf.freebase.com/ns/m.0w307jz	 	 	 	 	peak in the Glacier Peak Wilderness in Snohomish County, Washington, USA	 	"Green Mountain is a common name for ""The Peak"", the highest point on Ascension Island, which has gai"	highest point on Ascension Island	4	0.816497	0.39794	1		
0	http://rdf.freebase.com/ns/common.topic.notable_for	 	Mountain	 	 	 	 	 	 	Mountain	 	2	0.57735	0.69897	1		
0	http://rdf.freebase.com/ns/common.topic.notable_types	 	Mountain	 	 	 	 	 	 	Mountain	 	2	0.57735	0.69897	1		
0	http://rdf.freebase.com/ns/geography.geographical_feature.category	 	Summit	 	 	 	 	 	 	 	 	1	0.57735	1	1		
1	http://rdf.freebase.com/ns/geography.mountain.elevation	 	2090	 	 	 	1950.1	 	 	859	 	3	0.816497	0.522879	1		
0	http://rdf.freebase.com/ns/geography.mountain.mountain_range	 	Front Range	 	 	 	 	 	 	 	 	1	0.57735	1	1		
0	http://rdf.freebase.com/ns/geography.mountain.prominence	 	206	 	 	 	 	 	 	859	 	2	0.816497	0.69897	1		
0	http://rdf.freebase.com/ns/kg.object_profile.prominent_type	 	Mountain	 	 	 	 	 	 	Mountain	 	2	0.57735	0.69897	1		
0	http://rdf.freebase.com/ns/location.location.containedby	 	Colorado; Jefferson County	 	 	 	 	 	 	Saint Helena, Ascension and Tristan da Cunha	 	2	0.816497	0.69897	1		
0	http://rdf.freebase.com/ns/type.object.key	 	/wikipedia/en_id/39786050; /wikipedia/en_title/Green_Mountain_(Lakewood,_Colorado)	 	 	 	/dataworld/freeq/job_0fdb54f2-99b1-449c-b130-41824e26da85_var_en_wikipedia_org_wiki_Green_Mountain_(	 	 	/wikipedia/cs_id/896668; /wikipedia/en_id/2608513	 	3	0.816497	0.522879	1		
0	http://rdf.freebase.com/ns/type.object.name	 	Green Mountain	 	 	 	Green Mountain	 	 	Green Mountain	 	3	0.57735	0.522879	1		
0	http://rdf.freebase.com/ns/type.object.type	 	Geographical Feature; Physically Instantiable	 	 	 	Inanimate; Location	 	 	Geographical Feature; Physically Instantiable	 	3	0.280056	0.522879	1		
0	http://www.w3.org/2004/02/skos/core#prefLabel	 	 	 	Green Mountain (Lakewood, Colorado)	 	 	 	 	 	 	1	0.57735	1	1		
0	http://yago-knowledge.org/resource/hasWikipediaAnchorText	 	 	 	Jefferson County, Colorado; Mountain peaks of Colorado	 	 	 	 	 	 	1	0.816497	1	1		
0	http://dbpedia.org/ontology/wikiPageExternalLink	 	 	 	 	http://www.fs.usda.gov/detailfull/mbs/recreation/?cid=stelprdb5194244&width=full; http://www.wta.org	 	 	http://www.staff.livjm.ac.uk/biedwilk/pdfs/greenmt.pdf	 	 	2	0.816497	0.69897	1		
0	http://rdf.freebase.com/key/dataworld.freeq	 	 	 	 	 	job_0fdb54f2-99b1-449c-b130-41824e26da85_var_en_wikipedia_org_wiki_Green_Mountain_(Snohomish_County,	 	 	 	 	1	0.57735	1	1		
0	http://dbpedia.org/ontology/type	 	 	 	 	 	 	 	Stratovolcano	 	 	1	0.57735	1	1		
0	http://rdf.freebase.com/key/en	 	 	 	 	 	 	 	 	green_mountain	 	1	0.57735	1	1		
0	http://rdf.freebase.com/ns/common.topic.image	 	 	 	 	 	 	 	 	Green Mountain1	 	1	0.57735	1	1		
0	http://rdf.freebase.com/ns/geography.mountain.age_of_rock	 	 	 	 	 	 	 	 	http://rdf.freebase.com/ns/m.02kzfgn	 	1	0.57735	1	1		
0	http://rdf.freebase.com/ns/geography.mountain.mountain_type	 	 	 	 	 	 	 	 	Stratovolcano	 	1	0.816497	1	1		
0	http://www.w3.org/2004/02/skos/core#altLabel	 	 	 	 	 	 	 	 	 	The Peak	1	0.57735	1	1		
0	http://www.wikidata.org/entity/P1566c	 	 	 	 	 	 	 	 	 	2411367	1	0.57735	1	1		
0	http://www.wikidata.org/entity/P18c	 	 	 	 	 	 	 	 	 	http://commons.wikimedia.org/wiki/File:Green_Mountain2.JPG	1	0.57735	1	1		
0	http://www.wikidata.org/entity/P2659c	 	 	 	 	 	 	 	 	 	1842	1	0.57735	1	1		
0	http://www.wikidata.org/entity/P2660c	 	 	 	 	 	 	 	 	 	859	1	0.57735	1	1		
0	http://www.wikidata.org/entity/P30c	 	 	 	 	 	 	 	 	 	Africa	1	0.57735	1	1		
0	http://www.wikidata.org/entity/P706c	 	 	 	 	 	 	 	 	 	Ascension Island	1	0.57735	1	1		
