score	dataset	freebase	wikidata	yago-knowledge	freebase	wikidata	yago-knowledge	dbpedia	freebase	wikidata	yago-knowledge						
	entity	http://rdf.freebase.com/ns/m.0bgg6h	http://www.wikidata.org/entity/Q6415617	http://yago-knowledge.org/resource/Kirkcaldy_RFC	http://rdf.freebase.com/ns/m.047msvp	http://www.wikidata.org/entity/Q6415622	http://yago-knowledge.org/resource/Kirkcaldy_United_F.C.	http://dbpedia.org/resource/Kirkcaldy_YM_F.C.	http://rdf.freebase.com/ns/m.02pwx8t	http://www.wikidata.org/entity/Q6415623	http://yago-knowledge.org/resource/Kirkcaldy_YM_F.C.						
1	http://rdf.freebase.com/key/en	kirkcaldy_rfc	 	 	kirkcaldy_united_f_c	 	 	 	kirkcaldy_ym_f_c	 	 	3	0.816497	0.522879	1		
1	http://rdf.freebase.com/key/wikipedia.en	Kirkcaldy_RFC	 	 	Kirkcaldy_United_F.C.	 	 	 	Kirkcaldy_YMCA_Football_Club	 	 	3	0.816497	0.522879	1		
2	http://rdf.freebase.com/key/wikipedia.en_id;http://dbpedia.org/ontology/wikiPageID	4068716	 	 	17522453	 	 	9914843	9914843	 	 	4	0.645497	0.39794	1		
1	http://rdf.freebase.com/key/wikipedia.en_title	Kirkcaldy_RFC	 	 	Kirkcaldy_United_F.C.	 	 	 	Kirkcaldy_YM_F.C.	 	 	3	0.816497	0.522879	1		
0	http://rdf.freebase.com/ns/common.topic.article	Kirkcaldy Rugby Football Club are a rugby union side from Kirkcaldy, Fife, Scotland. The team was es	 	 	Kirkcaldy United FC started life as Kirkcaldy Amateurs in 1901�?2 season. Then after just two season	 	 	 	Kirkcaldy YM Junior F.C. are a Scottish football club based in Kirkcaldy, Fife. Formed in 1969 as an	 	 	3	0.816497	0.522879	1		
1	http://rdf.freebase.com/ns/common.topic.description;http://www.w3.org/2000/01/rdf-schema#comment	Kirkcaldy Rugby Football Club is a rugby union club from Kirkcaldy, Fife, Scotland. The team was est	 	 	Kirkcaldy United FC started life as Kirkcaldy Amateurs in 1901�?2 season. Then after just two season	 	 	Kirkcaldy YM Junior Football Club are a Scottish football club based in Kirkcaldy, Fife. Formed in 1	Kirkcaldy YM Junior F.C. are a Scottish football club based in Kirkcaldy, Fife. Formed in 1969 as an	 	 	4	0.816497	0.39794	1		
0	http://rdf.freebase.com/ns/common.topic.notable_for	Rugby union Team	 	 	Soccer Team	 	 	 	Soccer Team	 	 	3	0.57735	0.522879	1		
0	http://rdf.freebase.com/ns/common.topic.notable_types	Sports Team	 	 	Football team	 	 	 	Football team	 	 	3	0.57735	0.522879	1		
1	http://rdf.freebase.com/ns/common.topic.official_website;http://xmlns.com/foaf/0.1/homepage;http://yago-knowledge.org/resource/hasWebsite	http://www.kirkcaldyrugby.co.uk/	 	 	 	 	 	http://www.kirkcaldyymjfc.co.uk/	http://www.kirkcaldyymjfc.co.uk/	 	http://www.kirkcaldyymjfc.co.uk	4	0.645497	0.39794	1		
1	http://rdf.freebase.com/ns/common.topic.topic_equivalent_webpage;http://xmlns.com/foaf/0.1/isPrimaryTopicOf	http://en.wikipedia.org/wiki/Kirkcaldy_RFC; http://en.wikipedia.org/wiki/index.html?curid=4068716	 	 	http://en.wikipedia.org/wiki/Kirkcaldy_United_F.C.; http://en.wikipedia.org/wiki/index.html?curid=17	 	 	http://en.wikipedia.org/wiki/Kirkcaldy_YM_F.C.	http://en.wikipedia.org/wiki/Kirkcaldy_YM_F.C.; http://en.wikipedia.org/wiki/index.html?curid=991484	 	 	4	0.723747	0.39794	1		
0	http://rdf.freebase.com/ns/common.topic.webpage	http://rdf.freebase.com/ns/m.04m8m_7	 	 	 	 	 	 	http://rdf.freebase.com/ns/m.04z1js0	 	 	2	0.816497	0.69897	1		
0	http://rdf.freebase.com/ns/kg.object_profile.prominent_type	Sports Team	 	 	Football team	 	 	 	Football team	 	 	3	0.57735	0.522879	1		
2	http://rdf.freebase.com/ns/sports.sports_team.founded;http://yago-knowledge.org/resource/wasCreatedOnDate	1873	 	1873-01-01	1901	 	1901/1/1	 	1969	 	1969/1/1	6	0.816497	0.221849	1		
1	http://rdf.freebase.com/ns/sports.sports_team.league;http://dbpedia.org/ontology/league;http://www.wikidata.org/entity/P118c	Scottish Premiership	 	 	 	 	 	Scottish Junior Football East Region South Division	Scottish Junior Football East Region North Division	Scottish Junior Football East Region Central Division	 	4	0.816497	0.39794	1		
0	http://rdf.freebase.com/ns/sports.sports_team.sport;http://www.wikidata.org/entity/P641c	Rugby union	 	 	Football	association football	 	 	Football	association football	 	5	0.516398	0.30103	1		
0	http://rdf.freebase.com/ns/type.object.key	/wikipedia/en_id/4068716; /wikipedia/en_title/Kirkcaldy_RFC	 	 	/wikipedia/en_id/17522453; /wikipedia/en_title/Kirkcaldy_United_F.C.	 	 	 	/wikipedia/en/Kirkcaldy_YMCA_Football_Club; /wikipedia/en_id/9914843	 	 	3	0.816497	0.522879	1		
0	http://rdf.freebase.com/ns/type.object.name	Kirkcaldy RFC	 	 	Kirkcaldy United F.C.	 	 	 	Kirkcaldy YM F.C.	 	 	3	0.816497	0.522879	1		
0	http://rdf.freebase.com/ns/type.object.type	Inanimate; Sports Team	 	 	Football team; Organization	 	 	 	Football team; Organization	 	 	3	0.187317	0.522879	1		
0	http://www.w3.org/1999/02/22-rdf-syntax-ns#type;http://www.wikidata.org/entity/P31c	Inanimate; Sports Team	rugby union team	wikicat Scottish rugby union teams; wikicat Sports clubs established in 1873	Football team; Organization	association football club	wikicat Association football clubs disestablished in 1916; wikicat Defunct football clubs in Scotlan	Social person; association football club	Football team; Organization	association football club	wikicat Association football clubs established in 1969; wikicat Football clubs in Scotland	10	0.359398	0	1		
2	http://www.w3.org/2000/01/rdf-schema#label	Kirkcaldy RFC	Kirkcaldy RFC	Kirkcaldy Rugby Football Club	Kirkcaldy United F.C.	Kirkcaldy United F.C.	Kirkcaldy United Football Club	Kirkcaldy YM F.C.	Kirkcaldy YM F.C.	Kirkcaldy YM F.C.	Kirkcaldy YM Junior Football Club	10	0.447214	0	1		
0	http://www.wikidata.org/entity/P2002c	 	kirkcaldyrugby	 	 	 	 	 	 	 	 	1	0.57735	1	1		
0	http://www.wikidata.org/entity/P2013c	 	kirkcaldyrugby	 	 	 	 	 	 	 	 	1	0.57735	1	1		
0	http://www.w3.org/2002/07/owl#sameAs	 	 	Kirkcaldy RFC	 	 	Kirkcaldy United F.C.	 	 	 	 	2	0.816497	0.69897	0		
0	http://www.w3.org/2004/02/skos/core#prefLabel	 	 	Kirkcaldy RFC	 	 	Kirkcaldy United F.C.	 	 	 	Kirkcaldy YM F.C.	3	0.816497	0.522879	1		
0	http://yago-knowledge.org/resource/hasWikipediaAnchorText	 	 	Beveridge Park; Club website	 	 	Cowdenbeath; Kirkcaldy	 	 	 	Coaltown of Wemyss; East Region, Central Division	3	0.756913	0.522879	1		
0	http://yago-knowledge.org/resource/hasWikipediaArticleLength	 	 	14880	 	 	1950	 	 	 	2085	3	0.816497	0.522879	1		
0	http://yago-knowledge.org/resource/hasWikipediaUrl	 	 	http://en.wikipedia.org/wiki/Kirkcaldy_RFC	 	 	http://en.wikipedia.org/wiki/Kirkcaldy_United_F.C.	 	 	 	http://en.wikipedia.org/wiki/Kirkcaldy_YM_F.C.	3	0.816497	0.522879	1		
1	http://yago-knowledge.org/resource/isLocatedIn;http://www.wikidata.org/entity/P17c	 	 	Kirkcaldy	 	United Kingdom	 	 	 	United Kingdom	 	3	0.645497	0.522879	1		
0	http://yago-knowledge.org/resource/linksTo	 	 	Dunfermline RFC; Glenrothes RFC	 	 	Cowdenbeath F.C.; Eastern Football League (Scotland)	 	 	 	Coaltown of Wemyss; Scottish Junior Football East Region Central Division	3	0.755929	0.522879	1		
0	http://yago-knowledge.org/resource/wasDestroyedOnDate	 	 	 	 	 	1916/1/1	 	 	 	 	1	0.57735	1	1		
0	http://dbpedia.org/ontology/abstract	 	 	 	 	 	 	Kirkcaldy YM Junior Football Club are a Scottish football club based in Kirkcaldy, Fife. Formed in 1	 	 	 	1	0.57735	1	1		
0	http://dbpedia.org/ontology/ground	 	 	 	 	 	 	Kirkcaldy	 	 	 	1	0.57735	1	1		
0	http://dbpedia.org/ontology/position	 	 	 	 	 	 	Scottish Junior Football East Region South Division	 	 	 	1	0.57735	1	1		
0	http://dbpedia.org/ontology/wikiPageExternalLink	 	 	 	 	 	 	http://www.kirkcaldyymjfc.co.uk/	 	 	 	1	0.57735	1	1		
0	http://dbpedia.org/ontology/wikiPageLength	 	 	 	 	 	 	3040	 	 	 	1	0.57735	1	1		
0	http://dbpedia.org/ontology/wikiPageOutDegree	 	 	 	 	 	 	16	 	 	 	1	0.57735	1	1		
0	http://dbpedia.org/ontology/wikiPageRevisionID	 	 	 	 	 	 	742572146	 	 	 	1	0.57735	1	1		
0	http://purl.org/dc/terms/subject	 	 	 	 	 	 	1969 establishments in Scotland; Football clubs in Scotland	 	 	 	1	0.816497	1	1		
0	http://www.w3.org/ns/prov#wasDerivedFrom	 	 	 	 	 	 	http://en.wikipedia.org/wiki/Kirkcaldy_YM_F.C.?oldid=742572146	 	 	 	1	0.57735	1	1		
0	http://xmlns.com/foaf/0.1/name	 	 	 	 	 	 	Kirkcaldy YM Junior Football Club	 	 	 	1	0.816497	1	1		
0	http://xmlns.com/foaf/0.1/nick	 	 	 	 	 	 	YM	 	 	 	1	0.57735	1	1		
0	http://rdf.freebase.com/ns/freebase.valuenotation.is_reviewed	 	 	 	 	 	 	 	Sport	 	 	1	0.57735	1	1		
0	http://yago-knowledge.org/resource/redirectedFrom	 	 	 	 	 	 	 	 	 	Kirkcaldy YM Football Club	1	0.816497	1	1		
