score	dataset	dbpedia	freebase	wikidata	yago-knowledge	dbpedia	freebase	yago-knowledge	dbpedia	freebase	yago-knowledge						
	entity	http://dbpedia.org/resource/Philadelphia_Eagles	http://rdf.freebase.com/ns/m.05tg3	http://www.wikidata.org/entity/Q219714	http://yago-knowledge.org/resource/Philadelphia_Eagles	http://dbpedia.org/resource/Marquette_Golden_Eagles	http://rdf.freebase.com/ns/m.02729xs	http://yago-knowledge.org/resource/Marquette_Golden_Eagles	http://dbpedia.org/resource/Oral_Roberts_Golden_Eagles	http://rdf.freebase.com/ns/m.027txcj	http://yago-knowledge.org/resource/Oral_Roberts_Golden_Eagles						
0	http://dbpedia.org/ontology/abstract	The Philadelphia Eagles are a professional football franchise based in Philadelphia, Pennsylvania. T	 	 	 	The Marquette Golden Eagles, formerly known as the Marquette Warriors, Blue and Gold, Gold, Hilltopp	 	 	The Oral Roberts Golden Eagles are the 16 intercollegiate teams representing the Oral Roberts Univer	 	 	3	0.816497	0.522879	1		
0	http://dbpedia.org/ontology/coach	Doug Pederson	 	 	 	 	 	 	 	 	 	1	0.57735	1	1		
0	http://dbpedia.org/ontology/formationYear	1933	 	 	 	 	 	 	 	 	 	1	0.57735	1	1		
0	http://dbpedia.org/ontology/locationCity	Lincoln Financial Field; Philadelphia	 	 	 	 	 	 	 	 	 	1	0.816497	1	1		
0	http://dbpedia.org/ontology/owner;http://www.wikidata.org/entity/P127c	Jeffrey Lurie	 	Jeffrey Lurie	 	 	 	 	 	 	 	2	0.57735	0.69897	1		
0	http://dbpedia.org/ontology/thumbnail	http://commons.wikimedia.org/wiki/Special:FilePath/Philadelphia_Eagles_wordmark.svg?width=300	 	 	 	http://en.wikipedia.org/wiki/Special:FilePath/Marquette_Golden_Eagles.svg?width=300	 	 	 	 	 	2	0.816497	0.69897	1		
0	http://dbpedia.org/ontology/wikiPageExternalLink	http://espn.go.com/blog/statsinfo/post/_/id/12179/eagles-soar-high-behind-vicks-six-touchdowns; http	 	 	 	http://gomarquette.com/	 	 	http://www.oruathletics.com/	 	 	3	0.816497	0.522879	1		
2	http://dbpedia.org/ontology/wikiPageID;http://rdf.freebase.com/key/wikipedia.en_id	23339	23339	 	 	8406534	8406534	 	9024397	9024397	 	6	0.408248	0.221849	1		
0	http://dbpedia.org/ontology/wikiPageLength	75194	 	 	 	26460	 	 	18936	 	 	3	0.816497	0.522879	1		
0	http://dbpedia.org/ontology/wikiPageOutDegree	513	 	 	 	226	 	 	95	 	 	3	0.816497	0.522879	1		
0	http://dbpedia.org/ontology/wikiPageRevisionID	745171894	 	 	 	739745675	 	 	715590092	 	 	3	0.816497	0.522879	1		
0	http://purl.org/dc/terms/subject	1933 establishments in Pennsylvania; Culture of Philadelphia	 	 	 	Marquette Golden Eagles	 	 	Oral Roberts Golden Eagles	 	 	3	0.816497	0.522879	1		
0	http://www.w3.org/1999/02/22-rdf-syntax-ns#type;http://www.wikidata.org/entity/P31c	Social person; american football Team	American football team; Award Nominee	American football team	wikicat National Football League teams; wordnet association 108049401	Social person; organisation	Athletics brand	wikicat Sports in Milwaukee, Wisconsin; wordnet activity 100407535	Social person; organisation	Athletics brand	wordnet abstraction 100002137; wordnet activity 100407535	10	0.420813	0	1		
2	http://www.w3.org/2000/01/rdf-schema#comment;http://rdf.freebase.com/ns/common.topic.description	The Philadelphia Eagles are a professional football franchise based in Philadelphia, Pennsylvania. T	The Philadelphia Eagles are a professional American football team based in Philadelphia, Pennsylvani	 	 	The Marquette Golden Eagles, formerly known as the Marquette Warriors, Blue and Gold, Gold, Hilltopp	The Marquette Golden Eagles, formerly known as the Marquette Warriors, Blue and Gold, Gold, Hilltopp	 	The Oral Roberts Golden Eagles are the 16 intercollegiate teams representing the Oral Roberts Univer	The Oral Roberts Golden Eagles are the 16 intercollegiate teams representing the Oral Roberts Univer	 	6	0.57735	0.221849	1		
2	http://www.w3.org/2000/01/rdf-schema#label	Philadelphia Eagles	Eagles de Philadelphie; Philadelphia Eagles	Philadelphia Eagles	Philadelphia Eagles	Marquette Golden Eagles	Marquette Golden Eagles	Marquette Golden Eagles	Oral Roberts Golden Eagles	Oral Roberts Golden Eagles	Oral Roberts Golden Eagles	10	0.235702	0	1		
0	http://www.w3.org/2002/07/owl#sameAs	 	 	 	 	Marquette Golden Eagles	 	 	Oral Roberts Golden Eagles	 	 	2	0.816497	0.69897	0		
0	http://www.w3.org/ns/prov#wasDerivedFrom	http://en.wikipedia.org/wiki/Philadelphia_Eagles?oldid=745171894	 	 	 	http://en.wikipedia.org/wiki/Marquette_Golden_Eagles?oldid=739745675	 	 	http://en.wikipedia.org/wiki/Oral_Roberts_Golden_Eagles?oldid=715590092	 	 	3	0.816497	0.522879	1		
0	http://xmlns.com/foaf/0.1/depiction	http://commons.wikimedia.org/wiki/Special:FilePath/Philadelphia_Eagles_wordmark.svg	 	 	 	http://en.wikipedia.org/wiki/Special:FilePath/Marquette_Golden_Eagles.svg	 	 	 	 	 	2	0.816497	0.69897	1		
1	http://xmlns.com/foaf/0.1/isPrimaryTopicOf;http://rdf.freebase.com/ns/common.topic.topic_equivalent_webpage	http://en.wikipedia.org/wiki/Philadelphia_Eagles	http://bg.wikipedia.org/wiki/%24%38%3B%30%34%35%3B%44%38%4F_%18%39%33%4A%3B%41; http://www.tvrage.co	 	 	http://en.wikipedia.org/wiki/Marquette_Golden_Eagles	http://en.wikipedia.org/wiki/Marquette_Golden_Eagles; http://fr.wikipedia.org/wiki/Golden_Eagles_de_	 	http://en.wikipedia.org/wiki/Oral_Roberts_Golden_Eagles	http://en.wikipedia.org/wiki/Oral_Roberts_Golden_Eagles	 	6	0.79093	0.221849	1		
0	http://xmlns.com/foaf/0.1/name	Philadelphia Eagles	 	 	 	Marquette Golden Eagles	 	 	Oral Roberts Golden Eagles	 	 	3	0.816497	0.522879	1		
0	http://xmlns.com/foaf/0.1/nick	* Gang Green; *The Birds	 	 	 	Golden Eagles	 	 	Golden Eagles	 	 	3	0.645497	0.522879	1		
0	http://rdf.freebase.com/key/authority.daylife.topic	 	031F99z28I30P	 	 	 	 	 	 	 	 	1	0.57735	1	1		
0	http://rdf.freebase.com/key/authority.google.google_plus_page	 	1.12E+020	 	 	 	 	 	 	 	 	1	0.57735	1	1		
0	http://rdf.freebase.com/key/authority.netflix.api	 	http://api.netflix.com/catalog/people/20048082	 	 	 	 	 	 	 	 	1	0.57735	1	1		
0	http://rdf.freebase.com/key/authority.netflix.role	 	20048082	 	 	 	 	 	 	 	 	1	0.57735	1	1		
0	http://rdf.freebase.com/key/authority.tvrage.person	 	117856	 	 	 	 	 	 	 	 	1	0.57735	1	1		
0	http://rdf.freebase.com/key/base.ranker.rankerurlname	 	philadelphia-eagles/1792388	 	 	 	 	 	 	 	 	1	0.57735	1	1		
1	http://rdf.freebase.com/key/en	 	philadelphia_eagles	 	 	 	marquette_golden_eagles	 	 	oral_roberts_golden_eagles	 	3	0.816497	0.522879	1		
0	http://rdf.freebase.com/key/source.videosurf	 	17853	 	 	 	 	 	 	 	 	1	0.57735	1	1		
0	http://rdf.freebase.com/key/user.avh.ellerdale	 	0080-ae36	 	 	 	00a7-2662	 	 	 	 	2	0.816497	0.69897	1		
0	http://rdf.freebase.com/key/user.jamie.nytdataid	 	2.5E+019	 	 	 	 	 	 	 	 	1	0.57735	1	1		
1	http://rdf.freebase.com/key/wikipedia.en	 	Logos_and_uniforms_of_the_Philadelphia_Eagles	 	 	 	Marquette_Golden_Eagles_men's_lacrosse; Marquette_University_Rugby_Football_Club	 	 	Oral_Roberts_Golden_Eagles	 	3	0.816497	0.522879	1		
1	http://rdf.freebase.com/key/wikipedia.en_title	 	Philadelphia_Eagles	 	 	 	Marquette_Golden_Eagles	 	 	Oral_Roberts_Golden_Eagles	 	3	0.816497	0.522879	1		
0	http://rdf.freebase.com/ns/american_football.football_team.away_games	 	Philadelphia Eagles at Arizona Cardinals, 2009-01-18; Philadelphia Eagles at Minnesota Vikings, 2009	 	 	 	 	 	 	 	 	1	0.816497	1	1		
0	http://rdf.freebase.com/ns/american_football.football_team.conference	 	National Football Conference	 	 	 	 	 	 	 	 	1	0.57735	1	1		
0	http://rdf.freebase.com/ns/american_football.football_team.current_head_coach	 	Chip Kelly	 	 	 	 	 	 	 	 	1	0.57735	1	1		
0	http://rdf.freebase.com/ns/american_football.football_team.division	 	NFC East	 	 	 	 	 	 	 	 	1	0.57735	1	1		
0	http://rdf.freebase.com/ns/american_football.football_team.historical_coaching_staff	 	http://rdf.freebase.com/ns/m.04xgyj_; http://rdf.freebase.com/ns/m.0s9d0t8	 	 	 	 	 	 	 	 	1	0.816497	1	1		
0	http://rdf.freebase.com/ns/american_football.football_team.home_games	 	Arizona Cardinals at Philadelphia Eagles, 2008-11-27; Dallas Cowboys at Philadelphia Eagles, 2008-12	 	 	 	 	 	 	 	 	1	0.816497	1	1		
0	http://rdf.freebase.com/ns/award.award_nominee.award_nominations	 	NFL Honors - Madden Most Valuable Protectors Award	 	 	 	 	 	 	 	 	1	0.816497	1	1		
0	http://rdf.freebase.com/ns/award.award_winner.awards_won	 	Best Game ESPY Award	 	 	 	 	 	 	 	 	1	0.57735	1	1		
0	http://rdf.freebase.com/ns/base.ontologies.ontology_instance.equivalent_instances	 	the Philadelphia Eagles	 	 	 	 	 	 	 	 	1	0.57735	1	1		
0	http://rdf.freebase.com/ns/base.popstra.organization.supporter	 	Matthew Fox	 	 	 	 	 	 	 	 	1	0.57735	1	1		
0	http://rdf.freebase.com/ns/base.schemastaging.organization_extra.contact_webpages	 	http://rdf.freebase.com/ns/m.010dd5_b	 	 	 	 	 	 	 	 	1	0.57735	1	1		
0	http://rdf.freebase.com/ns/base.schemastaging.organization_extra.phone_number	 	215 463 2500	 	 	 	 	 	 	 	 	1	0.57735	1	1		
0	http://rdf.freebase.com/ns/business.employer.employees	 	Jeffrey Lurie; Larry Pasquale	 	 	 	 	 	 	 	 	1	0.816497	1	1		
0	http://rdf.freebase.com/ns/common.identity.daylife_topic	 	031F99z28I30P	 	 	 	 	 	 	 	 	1	0.57735	1	1		
0	http://rdf.freebase.com/ns/common.topic.alias	 	Eagles	 	 	 	 	 	 	 	 	1	0.57735	1	1		
1	http://rdf.freebase.com/ns/common.topic.article;http://schema.org/description	 	The Philadelphia Eagles is a professional American football team based in Philadelphia, Pennsylvania	American football team	 	 	The Marquette Golden Eagles (formerly known as the Marquette Warriors, Blue and Gold, Hilltoppers, a	 	 	The Oral Roberts Golden Eagles are the 16 intercollegiate teams representing the Oral Roberts Univer	 	4	0.816497	0.39794	1		
0	http://rdf.freebase.com/ns/common.topic.image	 	Philadelphia Eagles Helmet	 	 	 	 	 	 	 	 	1	0.57735	1	1		
0	http://rdf.freebase.com/ns/common.topic.notable_for	 	Professional Sports Team	 	 	 	 	 	 	 	 	1	0.57735	1	1		
0	http://rdf.freebase.com/ns/common.topic.notable_types	 	Professional Sports Team	 	 	 	 	 	 	 	 	1	0.57735	1	1		
2	http://rdf.freebase.com/ns/common.topic.official_website;http://xmlns.com/foaf/0.1/homepage	 	http://www.philadelphiaeagles.com/	 	 	http://gomarquette.com/	http://gomarquette.cstv.com/	 	http://www.oruathletics.com/	http://www.orugoldeneagles.com/	 	5	0.816497	0.30103	1		
0	http://rdf.freebase.com/ns/common.topic.social_media_presence	 	http://plus.google.com/111931059361690358810	 	 	 	 	 	 	 	 	1	0.57735	1	1		
0	http://rdf.freebase.com/ns/common.topic.topical_webpage	 	http://topics.nytimes.com/top/news/sports/profootball/nationalfootballleague/philadelphiaeagles/inde	 	 	 	 	 	 	 	 	1	0.57735	1	1		
0	http://rdf.freebase.com/ns/common.topic.webpage	 	'Girls Next Door' star Kendra Wilkinson gets E! spin-off; CBS kills in weekend ratings	 	 	 	http://rdf.freebase.com/ns/m.04mfktg	 	 	http://rdf.freebase.com/ns/m.04mf_m1	 	3	0.816497	0.522879	1		
0	http://rdf.freebase.com/ns/kg.object_profile.prominent_type	 	Professional Sports Team	 	 	 	 	 	 	 	 	1	0.57735	1	1		
0	http://rdf.freebase.com/ns/organization.organization.founders	 	Bert Bell	 	 	 	 	 	 	 	 	1	0.57735	1	1		
0	http://rdf.freebase.com/ns/organization.organization.leadership	 	Harry Gamble; Jeffrey Lurie	 	 	 	 	 	 	 	 	1	0.816497	1	1		
0	http://rdf.freebase.com/ns/sports.professional_sports_team.draft_picks	 	http://rdf.freebase.com/ns/m.010hbl7n; http://rdf.freebase.com/ns/m.011dwtxp	 	 	 	 	 	 	 	 	1	0.816497	1	1		
0	http://rdf.freebase.com/ns/sports.professional_sports_team.owner_s	 	Jeffrey Lurie	 	 	 	 	 	 	 	 	1	0.57735	1	1		
0	http://rdf.freebase.com/ns/sports.sports_team.abbreviation	 	Phi	 	 	 	 	 	 	 	 	1	0.57735	1	1		
0	http://rdf.freebase.com/ns/sports.sports_team.arena_stadium;http://www.wikidata.org/entity/P115c	 	Lincoln Financial Field	Lincoln Financial Field	 	 	 	 	 	 	 	2	0.57735	0.69897	1		
0	http://rdf.freebase.com/ns/sports.sports_team.championships	 	2005 NFC Championship Game	 	 	 	 	 	 	 	 	1	0.57735	1	1		
0	http://rdf.freebase.com/ns/sports.sports_team.colors	 	Charcoal; Midnight green	 	 	 	 	 	 	 	 	1	0.816497	1	1		
0	http://rdf.freebase.com/ns/sports.sports_team.fight_song	 	Fly, Eagles Fly	 	 	 	 	 	 	 	 	1	0.57735	1	1		
1	http://rdf.freebase.com/ns/sports.sports_team.founded;http://www.wikidata.org/entity/P571c;http://yago-knowledge.org/resource/wasCreatedOnDate	 	1931	1933	1933/1/1	 	 	2011/4/11	 	 	 	4	0.816497	0.39794	1		
0	http://rdf.freebase.com/ns/sports.sports_team.league	 	National Football Conference	 	 	 	 	 	 	 	 	1	0.816497	1	1		
0	http://rdf.freebase.com/ns/sports.sports_team.location	 	Philadelphia	 	 	 	 	 	 	 	 	1	0.57735	1	1		
0	http://rdf.freebase.com/ns/sports.sports_team.previously_known_as	 	Philadelphia-Pittsburgh Steagles	 	 	 	 	 	 	 	 	1	0.57735	1	1		
0	http://rdf.freebase.com/ns/sports.sports_team.roster	 	A. J. Feeley; Vai Sikahema	 	 	 	 	 	 	 	 	1	0.787302	1	1		
0	http://rdf.freebase.com/ns/sports.sports_team.season_record	 	http://rdf.freebase.com/ns/m.075fq_4	 	 	 	 	 	 	 	 	1	0.816497	1	1		
0	http://rdf.freebase.com/ns/sports.sports_team.sport;http://www.wikidata.org/entity/P641c	 	American football	American football	 	 	 	 	 	 	 	2	0.57735	0.69897	1		
0	http://rdf.freebase.com/ns/sports.sports_team.team_mascot	 	Philadelphia Eagles Swoop	 	 	 	 	 	 	 	 	1	0.57735	1	1		
0	http://rdf.freebase.com/ns/sports.sports_team.venue	 	Lincoln Financial Field	 	 	 	 	 	 	 	 	1	0.57735	1	1		
0	http://rdf.freebase.com/ns/tv.tv_actor.guest_roles	 	http://rdf.freebase.com/ns/m.0gf_3b9	 	 	 	 	 	 	 	 	1	0.816497	1	1		
0	http://rdf.freebase.com/ns/type.object.key	 	/authority/daylife/topic/031F99z28I30P; /source/videosurf/17853	 	 	 	/user/avh/ellerdale/00a7-2662; /wikipedia/en/Marquette_Golden_Eagles_men's_lacrosse	 	 	/wikipedia/en_id/9024397; /wikipedia/en_title/Oral_Roberts_Golden_Eagles	 	3	0.816497	0.522879	1		
0	http://rdf.freebase.com/ns/type.object.name	 	Philadelphia Eagles	 	 	 	Marquette Golden Eagles	 	 	Oral Roberts Golden Eagles	 	3	0.816497	0.522879	1		
0	http://rdf.freebase.com/ns/type.object.type	 	American football team; Award Nominee	 	 	 	Athletics brand	 	 	Athletics brand	 	3	0.630425	0.522879	1		
0	http://rdf.freebase.com/ns/user.avh.default_domain.ellerdale_topic.ellerdale_id	 	0080-ae36	 	 	 	00a7-2662	 	 	 	 	2	0.816497	0.69897	1		
0	http://rdf.freebase.com/ns/user.robert.default_domain.daylife.hero_image_id	 	0gqE4Sl4q38Ck	 	 	 	 	 	 	 	 	1	0.57735	1	1		
0	http://rdf.freebase.com/ns/user.szaijan.fantasy_football.player.nfl_team	 	Philadelphia Eagles	 	 	 	 	 	 	 	 	1	0.57735	1	1		
0	http://rdf.freebase.com/ns/user.szaijan.fantasy_football.player.position	 	Defensive Unit	 	 	 	 	 	 	 	 	1	0.57735	1	1		
0	http://www.w3.org/2004/02/skos/core#altLabel	 	 	Eagles	 	 	 	 	 	 	 	1	0.57735	1	1		
0	http://www.wikidata.org/entity/P1417c	 	 	topic/Philadelphia-Eagles	 	 	 	 	 	 	 	1	0.57735	1	1		
2	http://www.wikidata.org/entity/P17c;http://yago-knowledge.org/resource/isLocatedIn;http://dbpedia.org/ontology/city	 	 	United States of America	Lincoln Financial Field; Pennsylvania	Milwaukee	 	Milwaukee; Wisconsin	Tulsa, Oklahoma	 	Tulsa, Oklahoma	6	0.696311	0.221849	1		
0	http://www.wikidata.org/entity/P2002c	 	 	Eagles	 	 	 	 	 	 	 	1	0.57735	1	1		
0	http://www.wikidata.org/entity/P2003c	 	 	philadelphiaeagles	 	 	 	 	 	 	 	1	0.57735	1	1		
0	http://www.wikidata.org/entity/P2013c	 	 	philadelphiaeagles	 	 	 	 	 	 	 	1	0.57735	1	1		
0	http://www.wikidata.org/entity/P361c	 	 	NFC East	 	 	 	 	 	 	 	1	0.57735	1	1		
0	http://www.wikidata.org/entity/P373c	 	 	Philadelphia Eagles	 	 	 	 	 	 	 	1	0.57735	1	1		
0	http://www.wikidata.org/entity/P463c	 	 	National Football League	 	 	 	 	 	 	 	1	0.57735	1	1		
0	http://www.wikidata.org/entity/P646-freebase	 	 	Philadelphia Eagles	 	 	 	 	 	 	 	1	0.57735	1	1		
0	http://www.wikidata.org/entity/P646c	 	 	/m/05tg3	 	 	 	 	 	 	 	1	0.57735	1	1		
0	http://www.wikidata.org/entity/P822c	 	 	Swoop	 	 	 	 	 	 	 	1	0.57735	1	1		
0	http://www.wikidata.org/entity/P910c	 	 	Category:Philadelphia Eagles	 	 	 	 	 	 	 	1	0.57735	1	1		
0	http://www.w3.org/2004/02/skos/core#prefLabel	 	 	 	Philadelphia Eagles	 	 	Marquette Golden Eagles	 	 	Oral Roberts Golden Eagles	3	0.816497	0.522879	1		
0	http://yago-knowledge.org/resource/hasCitationTitle	 	 	 	Year-by-Year History; Allen, Johnson will be inducted into Eagles Honor Roll	 	 	'New' Big East prepared to make its formal introduction; For the Record: Football	 	 	 	2	0.816497	0.69897	1		
0	http://yago-knowledge.org/resource/hasWikipediaAnchorText	 	 	 	Happy Hundred,; 501(c)(3)	 	 	1936 Golden Avalanche; triple-double	 	 	Local sports loses great friend in Oral Roberts; 2008 Summer Olympics	3	0.800063	0.522879	1		
0	http://yago-knowledge.org/resource/hasWikipediaArticleLength	 	 	 	58561	 	 	26041	 	 	22181	3	0.816497	0.522879	1		
0	http://yago-knowledge.org/resource/hasWikipediaUrl	 	 	 	http://en.wikipedia.org/wiki/Philadelphia_Eagles	 	 	http://en.wikipedia.org/wiki/Marquette_Golden_Eagles	 	 	http://en.wikipedia.org/wiki/Oral_Roberts_Golden_Eagles	3	0.816497	0.522879	1		
0	http://yago-knowledge.org/resource/linksTo	 	 	 	Academy Awards; 1948 Chicago Cardinals season	 	 	1933 Green Bay Packers season; Houston Rockets	 	 	Sunny Golloway; 2006 NCAA Men's Division I Basketball Tournament	3	0.804914	0.522879	1		
0	http://yago-knowledge.org/resource/redirectedFrom	 	 	 	Logos and uniforms of the Philadelphia Eagles	 	 	Marquette Golden Eagles men's lacrosse; Marquette University Rugby Football Club	 	 	 	2	0.816497	0.69897	1		
0	http://dbpedia.org/ontology/mascot	 	 	 	 	Golden eagle	 	 	Eli	 	 	2	0.816497	0.69897	1		
0	http://dbpedia.org/ontology/university	 	 	 	 	Marquette University	 	 	Oral Roberts University	 	 	2	0.816497	0.69897	1		
0	http://www.w3.org/2000/01/rdf-schema#seeAlso	 	 	 	 	Marquette Golden Avalanche football; Varsity team	 	 	 	 	 	1	0.816497	1	1		
0	http://rdf.freebase.com/ns/education.athletics_brand.institution	 	 	 	 	 	Marquette University	 	 	Oral Roberts University	 	2	0.816497	0.69897	1		
0	http://rdf.freebase.com/ns/education.athletics_brand.teams	 	 	 	 	 	Marquette Golden Eagles Women's Volleyball	 	 	Oral Roberts Golden Eagles men's basketball	 	2	0.816497	0.69897	1		
0	http://dbpedia.org/ontology/stadium	 	 	 	 	 	 	 	J. L. Johnson Stadium	 	 	1	0.57735	1	1		
