score	dataset	dbpedia	wikidata	yago-knowledge	dbpedia	freebase	wikidata	yago-knowledge	dbpedia	freebase	wikidata						
	entity	http://dbpedia.org/resource/Budapest_Hurricanes	http://www.wikidata.org/entity/Q15649016	http://yago-knowledge.org/resource/Budapest_Hurricanes	http://dbpedia.org/resource/Carolina_Hurricanes	http://rdf.freebase.com/ns/m.0j8cb	http://www.wikidata.org/entity/Q201857	http://yago-knowledge.org/resource/Carolina_Hurricanes	http://dbpedia.org/resource/Dundee_Hurricanes	http://rdf.freebase.com/ns/m.03qkh6w	http://www.wikidata.org/entity/Q5314822						
0	http://dbpedia.org/ontology/abstract	The Budapest Hurricanes were an American football team based in Budapest, Hungary. The team competed	 	 	The Carolina Hurricanes are an American professional ice hockey team based in Raleigh, North Carolin	 	 	 	The Dundee Hurricanes are an American football team based in Dundee, Scotland. They are members of t	 	 	3	0.816497	0.522879	1		
1	http://dbpedia.org/ontology/city;http://rdf.freebase.com/ns/organization.organization.headquarters;http://www.wikidata.org/entity/P17c;http://yago-knowledge.org/resource/isLocatedIn	Budapest	 	 	 	http://rdf.freebase.com/ns/m.0106g7xn	United States of America	Raleigh, North Carolina	 	 	 	4	0.816497	0.39794	1		
0	http://dbpedia.org/ontology/foundingYear	2009	 	 	 	 	 	 	 	 	 	1	0.57735	1	1		
1	http://dbpedia.org/ontology/league;http://rdf.freebase.com/ns/sports.sports_team.league;http://www.wikidata.org/entity/P118c	http://dbpedia.org/resource/AFBÖ_DIV2; http://dbpedia.org/resource/MAFSZ_HFL	 	 	 	National Hockey League	National Hockey League	 	 	 	 	3	0.707107	0.522879	1		
0	http://dbpedia.org/ontology/logo	Budapest Hurricanes Logo.jpg	 	 	 	 	 	 	 	 	 	1	0.57735	1	1		
0	http://dbpedia.org/ontology/owner	http://dbpedia.org/resource/Péter_Hajós	 	 	 	 	 	 	 	 	 	1	0.816497	1	1		
0	http://dbpedia.org/ontology/president	http://dbpedia.org/resource/Zsóka_Hajós	 	 	 	 	 	 	 	 	 	1	0.57735	1	1		
0	http://dbpedia.org/ontology/wikiPageExternalLink	http://hurricanes.hu/component/comprofiler/userslist/HURRICANES%20?Itemid=534; http://www.europlayer	 	 	http://hurricanes.nhl.tv/team/console.jsp?catid=616&id=73422; https://www.nhl.com/hurricanes	 	 	 	http://dundee-hurricanes.co.uk/; http://www.bafanl.co.uk	 	 	3	0.816497	0.522879	1		
2	http://dbpedia.org/ontology/wikiPageID;http://rdf.freebase.com/key/wikipedia.en_id	41750066	 	 	70523	70523	 	 	16002638	16002638	 	5	0.516398	0.30103	1		
0	http://dbpedia.org/ontology/wikiPageLength	24386	 	 	45962	 	 	 	15554	 	 	3	0.816497	0.522879	1		
0	http://dbpedia.org/ontology/wikiPageOutDegree	81	 	 	413	 	 	 	34	 	 	3	0.816497	0.522879	1		
0	http://dbpedia.org/ontology/wikiPageRevisionID	740547430	 	 	745275440	 	 	 	742449515	 	 	3	0.816497	0.522879	1		
0	http://purl.org/dc/terms/subject	Defunct American football teams in Europe; Sport in Budapest	 	 	Carolina Hurricanes; Ice hockey teams in North Carolina	 	 	 	American football teams in Scotland; BAFA National League teams	 	 	3	0.816497	0.522879	1		
0	http://www.w3.org/1999/02/22-rdf-syntax-ns#type;http://www.wikidata.org/entity/P31c	Social person; organisation	sports team	wikicat American football teams in Europe; wikicat Sports teams in Hungary	Social person; hockey team	Award Nominee; Ice hockey team	ice hockey team	wikicat Ice hockey teams in North Carolina; wordnet association 108049401	Social person; canadian football Team	Organization; Sports Team	Item	10	0.394711	0	1		
2	http://www.w3.org/2000/01/rdf-schema#comment;http://rdf.freebase.com/ns/common.topic.description	The Budapest Hurricanes were an American football team based in Budapest, Hungary. The team competed	 	 	The Carolina Hurricanes are an American professional ice hockey team based in Raleigh, North Carolin	The Carolina Hurricanes are a professional ice hockey team based in Raleigh, North Carolina. They ar	 	 	The Dundee Hurricanes are an American football team based in Dundee, Scotland. They are members of t	The Dundee Hurricanes are an American football team based in Dundee, Scotland. They are members of t	 	5	0.68313	0.30103	1		
3	http://www.w3.org/2000/01/rdf-schema#label	Budapest Hurricanes	Budapest Hurricanes	Budapest Hurricanes	Carolina Hurricanes	Carolina Hurricanes	Carolina Hurricanes	Carolina Hurricanes	Dundee Hurricanes	Dundee Hurricanes	Dundee Hurricanes	10	0	0	1		
0	http://www.w3.org/2002/07/owl#sameAs	Budapest Hurricanes	 	 	 	 	 	 	 	 	 	1	0.57735	1	0		
0	http://www.w3.org/ns/prov#wasDerivedFrom	http://en.wikipedia.org/wiki/Budapest_Hurricanes?oldid=740547430	 	 	http://en.wikipedia.org/wiki/Carolina_Hurricanes?oldid=745275440	 	 	 	http://en.wikipedia.org/wiki/Dundee_Hurricanes?oldid=742449515	 	 	3	0.816497	0.522879	1		
2	http://xmlns.com/foaf/0.1/homepage;http://rdf.freebase.com/ns/common.topic.official_website;http://www.wikidata.org/entity/P856c;http://yago-knowledge.org/resource/hasWebsite	http://hurricanes.hu	 	 	https://www.nhl.com/hurricanes	http://hurricanes.nhl.com/	http://hurricanes.nhl.com/	http://hurricanes.nhl.com/index.html	http://dundee-hurricanes.co.uk/	http://www.dundeehurricanes.com/	 	7	0.73598	0.154902	1		
1	http://xmlns.com/foaf/0.1/isPrimaryTopicOf;http://rdf.freebase.com/ns/common.topic.topic_equivalent_webpage	http://en.wikipedia.org/wiki/Budapest_Hurricanes	 	 	http://en.wikipedia.org/wiki/Carolina_Hurricanes	http://ar.wikipedia.org/wiki/%43%27%31%48%44%27%4A%46%27_%47%31%4A%43%4A%46%32; http://zh.wikipedia.	 	 	http://en.wikipedia.org/wiki/Dundee_Hurricanes	http://en.wikipedia.org/wiki/Dundee_Hurricanes; http://en.wikipedia.org/wiki/index.html?curid=160026	 	5	0.798549	0.30103	1		
0	http://xmlns.com/foaf/0.1/name	Budapest Hurricanes	 	 	Carolina Hurricanes	 	 	 	Dundee Hurricanes	 	 	3	0.816497	0.522879	1		
0	http://xmlns.com/foaf/0.1/nick	'Canes	 	 	 	 	 	 	 	 	 	1	0.57735	1	1		
0	http://www.w3.org/2004/02/skos/core#prefLabel	 	 	Budapest Hurricanes	 	 	 	Carolina Hurricanes	 	 	 	2	0.816497	0.69897	1		
0	http://yago-knowledge.org/resource/hasWikipediaAnchorText	 	 	Balázs Zagyva; Zsolt Kovács	 	 	 	Karmanos: Hard-nosed owner, die-hard hockey fan.; Piedmont Triad	 	 	 	2	0.816497	0.69897	1		
1	http://yago-knowledge.org/resource/wasCreatedOnDate;http://rdf.freebase.com/ns/organization.organization.date_founded;http://rdf.freebase.com/ns/sports.sports_team.founded;http://www.wikidata.org/entity/P571c	 	 	2009/1/1	 	1972	1971	1972/1/1	 	 	 	4	0.68313	0.39794	1		
0	http://dbpedia.org/ontology/formationYear	 	 	 	1972	 	 	 	 	 	 	1	0.57735	1	1		
0	http://dbpedia.org/ontology/generalManager	 	 	 	Ron Francis	 	 	 	 	 	 	1	0.57735	1	1		
0	http://dbpedia.org/ontology/locationCity	 	 	 	Raleigh, North Carolina	 	 	 	 	 	 	1	0.57735	1	1		
0	http://dbpedia.org/ontology/manager	 	 	 	Bill Peters (ice hockey)	 	 	 	 	 	 	1	0.57735	1	1		
0	http://rdf.freebase.com/key/authority.daylife.topic	 	 	 	 	05emcU7f3R5yd	 	 	 	 	 	1	0.57735	1	1		
0	http://rdf.freebase.com/key/authority.google.google_plus_page	 	 	 	 	1.12E+020	 	 	 	 	 	1	0.57735	1	1		
0	http://rdf.freebase.com/key/base.ranker.rankerurlname	 	 	 	 	carolina-hurricanes/676949	 	 	 	 	 	1	0.57735	1	1		
0	http://rdf.freebase.com/key/en	 	 	 	 	carolina_hurricanes	 	 	 	dundee_hurricanes	 	2	0.816497	0.69897	1		
0	http://rdf.freebase.com/key/source.videosurf	 	 	 	 	21954	 	 	 	 	 	1	0.57735	1	1		
0	http://rdf.freebase.com/key/user.avh.ellerdale	 	 	 	 	0080-ffb2	 	 	 	 	 	1	0.57735	1	1		
0	http://rdf.freebase.com/key/user.jamie.nytdataid	 	 	 	 	4.19E+019	 	 	 	 	 	1	0.57735	1	1		
0	http://rdf.freebase.com/key/wikipedia.en	 	 	 	 	Carolina_Hurricanes; Hurricanes,_Carolina	 	 	 	Dundee_Hurricanes	 	2	0.816497	0.69897	1		
0	http://rdf.freebase.com/key/wikipedia.en_title	 	 	 	 	Carolina_Hurricanes	 	 	 	Dundee_Hurricanes	 	2	0.816497	0.69897	1		
0	http://rdf.freebase.com/ns/award.award_nominee.award_nominations	 	 	 	 	Outstanding Team ESPY Award	 	 	 	 	 	1	0.57735	1	1		
0	http://rdf.freebase.com/ns/award.award_winner.awards_won	 	 	 	 	Telly Award for TV Programs, Segments, or Promotional Pieces Film/Video - Live Events	 	 	 	 	 	1	0.57735	1	1		
0	http://rdf.freebase.com/ns/base.ontologies.ontology_instance.equivalent_instances	 	 	 	 	the Carolina Hurricanes	 	 	 	 	 	1	0.57735	1	1		
0	http://rdf.freebase.com/ns/common.identity.daylife_topic	 	 	 	 	05emcU7f3R5yd	 	 	 	 	 	1	0.57735	1	1		
1	http://rdf.freebase.com/ns/common.topic.article;http://schema.org/description	 	 	 	 	The Carolina Hurricanes are a professional ice hockey team based in Raleigh, North Carolina, USA. Th	hockey team of the National Hockey League	 	 	The Dundee Hurricanes are an American football team based in Dundee, Scotland. They are members of D	 	3	0.816497	0.522879	1		
0	http://rdf.freebase.com/ns/common.topic.notable_for	 	 	 	 	Hockey Team	 	 	 	Football Team	 	2	0.816497	0.69897	1		
0	http://rdf.freebase.com/ns/common.topic.notable_types	 	 	 	 	Ice hockey team	 	 	 	Organization	 	2	0.816497	0.69897	1		
0	http://rdf.freebase.com/ns/common.topic.social_media_presence	 	 	 	 	http://plus.google.com/111914813163307586365	 	 	 	 	 	1	0.57735	1	1		
0	http://rdf.freebase.com/ns/common.topic.topical_webpage	 	 	 	 	http://topics.nytimes.com/top/news/sports/hockey/nationalhockeyleague/carolinahurricanes/index.html	 	 	 	 	 	1	0.57735	1	1		
0	http://rdf.freebase.com/ns/common.topic.webpage	 	 	 	 	New York Times	 	 	 	http://rdf.freebase.com/ns/m.04z5h90	 	2	0.816497	0.69897	1		
0	http://rdf.freebase.com/ns/freebase.valuenotation.has_value	 	 	 	 	Leadership	 	 	 	 	 	1	0.816497	1	1		
0	http://rdf.freebase.com/ns/ice_hockey.hockey_team.captain	 	 	 	 	Eric Staal	 	 	 	 	 	1	0.57735	1	1		
0	http://rdf.freebase.com/ns/ice_hockey.hockey_team.coach	 	 	 	 	Bill Peters	 	 	 	 	 	1	0.57735	1	1		
0	http://rdf.freebase.com/ns/ice_hockey.hockey_team.conference	 	 	 	 	Eastern Conference	 	 	 	 	 	1	0.57735	1	1		
0	http://rdf.freebase.com/ns/ice_hockey.hockey_team.division	 	 	 	 	Metropolitan Division	 	 	 	 	 	1	0.57735	1	1		
0	http://rdf.freebase.com/ns/kg.object_profile.prominent_type	 	 	 	 	Ice hockey team	 	 	 	Organization	 	2	0.816497	0.69897	1		
0	http://rdf.freebase.com/ns/sports.professional_sports_team.owner_s	 	 	 	 	Peter Karmanos, Jr.	 	 	 	 	 	1	0.57735	1	1		
0	http://rdf.freebase.com/ns/sports.sports_team.arena_stadium	 	 	 	 	Germain Arena	 	 	 	 	 	1	0.816497	1	1		
0	http://rdf.freebase.com/ns/sports.sports_team.championships	 	 	 	 	2006 Stanley Cup Finals	 	 	 	 	 	1	0.57735	1	1		
0	http://rdf.freebase.com/ns/sports.sports_team.location	 	 	 	 	Raleigh	 	 	 	 	 	1	0.57735	1	1		
0	http://rdf.freebase.com/ns/sports.sports_team.roster	 	 	 	 	Aaron Palushaj; Jiří Tlustý	 	 	 	 	 	1	0.794325	1	1		
1	http://rdf.freebase.com/ns/sports.sports_team.sport;http://www.wikidata.org/entity/P641c	 	 	 	 	Ice Hockey	ice hockey	 	 	American football	American football	4	0.645497	0.39794	1		
0	http://rdf.freebase.com/ns/sports.sports_team.team_mascot	 	 	 	 	Stormy	 	 	 	 	 	1	0.57735	1	1		
0	http://rdf.freebase.com/ns/sports.sports_team.venue	 	 	 	 	PNC Arena	 	 	 	 	 	1	0.57735	1	1		
0	http://rdf.freebase.com/ns/type.object.key	 	 	 	 	/authority/daylife/topic/05emcU7f3R5yd; /source/videosurf/21954	 	 	 	/wikipedia/en_id/16002638; /wikipedia/en_title/Dundee_Hurricanes	 	2	0.816497	0.69897	1		
0	http://rdf.freebase.com/ns/type.object.name	 	 	 	 	Carolina Hurricanes	 	 	 	Dundee Hurricanes	 	2	0.816497	0.69897	1		
0	http://rdf.freebase.com/ns/type.object.type	 	 	 	 	Award Nominee; Ice hockey team	 	 	 	Organization; Sports Team	 	2	0.546119	0.69897	1		
0	http://rdf.freebase.com/ns/user.avh.default_domain.ellerdale_topic.ellerdale_id	 	 	 	 	0080-ffb2	 	 	 	 	 	1	0.57735	1	1		
0	http://rdf.freebase.com/ns/user.rcheramy.default_domain.hockey_team.championships1	 	 	 	 	2006 Stanley Cup playoffs	 	 	 	 	 	1	0.57735	1	1		
0	http://rdf.freebase.com/ns/user.robert.default_domain.daylife.hero_image_id	 	 	 	 	0gkccjBb5k15E	 	 	 	 	 	1	0.57735	1	1		
0	http://www.wikidata.org/entity/P373c	 	 	 	 	 	Carolina Hurricanes	 	 	 	 	1	0.57735	1	1		
0	http://www.wikidata.org/entity/P646-freebase	 	 	 	 	 	Carolina Hurricanes	 	 	 	 	1	0.57735	1	1		
0	http://www.wikidata.org/entity/P646c	 	 	 	 	 	/m/0j8cb	 	 	 	 	1	0.57735	1	1		
0	http://www.wikidata.org/entity/P910c	 	 	 	 	 	Category:Carolina Hurricanes	 	 	 	 	1	0.57735	1	1		
0	http://yago-knowledge.org/resource/hasCitationTitle	 	 	 	 	 	 	Canes to retire Brind'Amour's jersey; Kation's Korner, Feb. 26 2011	 	 	 	1	0.816497	1	1		
0	http://yago-knowledge.org/resource/hasWikipediaArticleLength	 	 	 	 	 	 	43175	 	 	 	1	0.57735	1	1		
0	http://yago-knowledge.org/resource/hasWikipediaUrl	 	 	 	 	 	 	http://en.wikipedia.org/wiki/Carolina_Hurricanes	 	 	 	1	0.57735	1	1		
0	http://yago-knowledge.org/resource/linksTo	 	 	 	 	 	 	1972�?3 WHA season; Jussi Jokinen	 	 	 	1	0.816497	1	1		
0	http://yago-knowledge.org/resource/owns	 	 	 	 	 	 	Germain Arena	 	 	 	1	0.57735	1	1		
0	http://yago-knowledge.org/resource/redirectedFrom	 	 	 	 	 	 	Carolina hurricanes; Hurricanes, Carolina	 	 	 	1	0.816497	1	1		
0	http://dbpedia.org/ontology/location	 	 	 	 	 	 	 	Dundee	 	 	1	0.57735	1	1		
0	http://dbpedia.org/ontology/thumbnail	 	 	 	 	 	 	 	http://commons.wikimedia.org/wiki/Special:FilePath/Dundee_Hurricanes_Logo2.png?width=300	 	 	1	0.57735	1	1		
0	http://xmlns.com/foaf/0.1/depiction	 	 	 	 	 	 	 	http://commons.wikimedia.org/wiki/Special:FilePath/Dundee_Hurricanes_Logo2.png	 	 	1	0.57735	1	1		
0	http://rdf.freebase.com/ns/freebase.valuenotation.is_reviewed	 	 	 	 	 	 	 	 	Sport	 	1	0.57735	1	1		
