score	dataset	dbpedia	wikidata	yago-knowledge	dbpedia	freebase	wikidata	yago-knowledge	dbpedia	freebase	yago-knowledge						
	entity	http://dbpedia.org/resource/Atlanta_Steam	http://www.wikidata.org/entity/Q7589685	http://yago-knowledge.org/resource/Atlanta_Steam	http://dbpedia.org/resource/Chicago_Steam	http://rdf.freebase.com/ns/m.054b_mf	http://www.wikidata.org/entity/Q5095790	http://yago-knowledge.org/resource/Chicago_Steam	http://dbpedia.org/resource/Cincinnati_Thunder	http://rdf.freebase.com/ns/m.05f90d5	http://yago-knowledge.org/resource/Cincinnati_Swords_(2013-)						
0	http://dbpedia.org/ontology/abstract	The Atlanta Steam is a women's American football team of the Legends Football League based in Atlant	 	 	The Chicago Steam is a basketball team of the American Basketball Association. Founded in 2007, the 	 	 	 	The Cincinnati Thunder is a USA Hockey-sanctioned Tier III Junior A ice hockey team that competes in	 	 	3	0.816497	0.522879	1		
0	http://dbpedia.org/ontology/homeStadium	Infinite Energy Arena	 	 	 	 	 	 	 	 	 	1	0.57735	1	1		
0	http://dbpedia.org/ontology/location	Atlanta, Georgia	 	 	 	 	 	 	 	 	 	1	0.57735	1	1		
0	http://dbpedia.org/ontology/wikiPageExternalLink	http://www.lflus.com/atlantasteam	 	 	http://chicagosteambasketball.com/	 	 	 	http://www.cincythunderhockey.com/view/cincythunderhockey	 	 	3	0.816497	0.522879	1		
2	http://dbpedia.org/ontology/wikiPageID;http://rdf.freebase.com/key/wikipedia.en_id	36275437	 	 	20758466	20758466	 	 	21459145	21459145	 	5	0.516398	0.30103	1		
0	http://dbpedia.org/ontology/wikiPageLength	5594	 	 	2024	 	 	 	5662	 	 	3	0.816497	0.522879	1		
0	http://dbpedia.org/ontology/wikiPageOutDegree	22	 	 	13	 	 	 	33	 	 	3	0.816497	0.522879	1		
0	http://dbpedia.org/ontology/wikiPageRevisionID	743273867	 	 	745296328	 	 	 	743402239	 	 	3	0.816497	0.522879	1		
0	http://purl.org/dc/terms/subject	2012 establishments in Georgia (U.S. state); Legends Football League US teams	 	 	2008 establishments in Illinois; Basketball teams in Chicago	 	 	 	Ice hockey teams in Ohio; Sports in Cincinnati	 	 	3	0.816497	0.522879	1		
0	http://www.w3.org/1999/02/22-rdf-syntax-ns#type;http://www.wikidata.org/entity/P31c	Social person; canadian football Team	Item	wikicat American football teams in Georgia (U.S. state); wikicat Legends Football League US teams	Social person; organisation	Basketball Team; Organization	basketball team	wikicat American Basketball Association (2000–present) teams; wordnet basketball team 108079852	Social person; hockey team	Ice hockey team; Inanimate	wikicat Ice hockey teams in Ohio; wordnet hockey team 108080386	10	0.338502	0	1		
2	http://www.w3.org/2000/01/rdf-schema#comment;http://rdf.freebase.com/ns/common.topic.description	The Atlanta Steam is a women's American football team of the Legends Football League based in Atlant	 	 	The Chicago Steam is a basketball team of the American Basketball Association. Founded in 2007, the 	The Chicago Steam is a basketball team of the American Basketball Association. Founded in 2007, the 	 	 	The Cincinnati Thunder is a USA Hockey-sanctioned Tier III Junior A ice hockey team that competes in	The Cincinnati Thunder is a USA Hockey sanctioned Tier III Jr. A ice hockey team that competes in th	 	5	0.68313	0.30103	1		
2	http://www.w3.org/2000/01/rdf-schema#label	Atlanta Steam	St. Louis Saints	Atlanta Steam	Chicago Steam	Chicago Steam	Chicago Steam	Chicago Steam	Cincinnati Thunder	Cincinnati Thunder	Cincinnati Swords (2013-)	10	0.460566	0	1		
0	http://www.w3.org/2002/07/owl#sameAs	Atlanta Steam	 	 	 	 	 	 	Cincinnati Swords	 	Cincinnati Swords (2013-)	3	0.816497	0.522879	0		
0	http://www.w3.org/ns/prov#wasDerivedFrom	http://en.wikipedia.org/wiki/Atlanta_Steam?oldid=743273867	 	 	http://en.wikipedia.org/wiki/Chicago_Steam?oldid=745296328	 	 	 	http://en.wikipedia.org/wiki/Cincinnati_Thunder?oldid=743402239	 	 	3	0.816497	0.522879	1		
1	http://xmlns.com/foaf/0.1/homepage;http://www.wikidata.org/entity/P856c	http://www.lflus.com/atlantasteam	http://www.lflus.com/atlantasteam	 	http://chicagosteambasketball.com/	 	 	 	http://www.na3hl.com/	 	 	4	0.645497	0.39794	1		
1	http://xmlns.com/foaf/0.1/isPrimaryTopicOf;http://rdf.freebase.com/ns/common.topic.topic_equivalent_webpage	http://en.wikipedia.org/wiki/Atlanta_Steam	 	 	http://en.wikipedia.org/wiki/Chicago_Steam	http://en.wikipedia.org/wiki/Chicago_Steam; http://zh.wikipedia.org/zh-cn/%9D%A0%E5%47%DA%4B%1F%1F	 	 	http://en.wikipedia.org/wiki/Cincinnati_Thunder	http://en.wikipedia.org/wiki/Cincinnati_Thunder; http://en.wikipedia.org/wiki/index.html?curid=21459	 	5	0.68313	0.30103	1		
0	http://xmlns.com/foaf/0.1/name	Atlanta Steam	 	 	 	 	 	 	 	 	 	1	0.57735	1	1		
1	http://www.wikidata.org/entity/P17c;http://dbpedia.org/ontology/city;http://yago-knowledge.org/resource/isLocatedIn	 	United States of America	 	South Holland, Illinois	 	United States of America	South Holland, Illinois	 	 	 	4	0.408248	0.39794	1		
0	http://www.wikidata.org/entity/P2002c	 	MyAtlantaSteam	 	 	 	 	 	 	 	 	1	0.57735	1	1		
0	http://www.wikidata.org/entity/P2013c	 	AtlantaSteam	 	 	 	 	 	 	 	 	1	0.57735	1	1		
1	http://www.wikidata.org/entity/P571c;http://yago-knowledge.org/resource/wasCreatedOnDate	 	2012	2012/1/1	 	 	2008	2008/1/1	 	 	 	4	0.816497	0.39794	1		
0	http://www.w3.org/2004/02/skos/core#prefLabel	 	 	Atlanta Steam	 	 	 	Chicago Steam	 	 	Cincinnati Swords (2013-)	3	0.816497	0.522879	1		
0	http://yago-knowledge.org/resource/hasCitationTitle	 	 	BREEZE, PURNELL MAKE IT LOOK EASY IN THE SEASON OPENER; New LFL Team Will Launch In Atlanta « 30 and	 	 	 	Players accusing semi-pro team of cheating them out of money	 	 	Queen City Steam to become the Cincinnati Swords	3	0.816497	0.522879	1		
0	http://yago-knowledge.org/resource/hasWikipediaAnchorText	 	 	Arena at Gwinnett Center; Jacksonville Breeze	 	 	 	American Basketball Association; Kentucky Bisons	 	 	Cincinnati Swords Website; Evendale, Ohio	3	0.816497	0.522879	1		
0	http://yago-knowledge.org/resource/redirectedFrom	 	 	Saint Louis Saints	 	 	 	 	 	 	Queen City Steam	2	0.816497	0.69897	1		
0	http://dbpedia.org/ontology/foundingYear	 	 	 	2007	 	 	 	 	 	 	1	0.57735	1	1		
1	http://dbpedia.org/ontology/league;http://rdf.freebase.com/ns/sports.sports_team.league	 	 	 	American Basketball Association (2000-)	American Basketball Association	 	 	 	North American 3 Hockey League	 	3	0.816497	0.522879	1		
0	http://dbpedia.org/ontology/logo	 	 	 	ChicagoSteam.PNG	 	 	 	 	 	 	1	0.57735	1	1		
0	http://dbpedia.org/ontology/stadium	 	 	 	South Suburban College	 	 	 	 	 	 	1	0.57735	1	1		
0	http://rdf.freebase.com/key/en	 	 	 	 	chicago_steam	 	 	 	queen_city_steam	 	2	0.816497	0.69897	1		
0	http://rdf.freebase.com/key/wikipedia.en	 	 	 	 	Chicago_Steam	 	 	 	Cincinnati_Swords_(2013-); Cincinnati_Thunder	 	2	0.816497	0.69897	1		
0	http://rdf.freebase.com/key/wikipedia.en_title	 	 	 	 	Chicago_Steam	 	 	 	Cincinnati_Thunder	 	2	0.816497	0.69897	1		
0	http://rdf.freebase.com/ns/common.topic.article	 	 	 	 	The Chicago Steam is a team of the American Basketball Association which began play in 2008. Based i	 	 	 	The Queen City Steam is a USA Hockey sanctioned Tier III Jr. A ice hockey team that competes in the 	 	2	0.816497	0.69897	1		
0	http://rdf.freebase.com/ns/common.topic.notable_for	 	 	 	 	Basketball Team	 	 	 	Hockey Team	 	2	0.816497	0.69897	1		
0	http://rdf.freebase.com/ns/common.topic.notable_types	 	 	 	 	Basketball Team	 	 	 	Ice hockey team	 	2	0.816497	0.69897	1		
0	http://rdf.freebase.com/ns/freebase.valuenotation.is_reviewed	 	 	 	 	Member of	 	 	 	 	 	1	0.816497	1	1		
0	http://rdf.freebase.com/ns/kg.object_profile.prominent_type	 	 	 	 	Basketball Team	 	 	 	Ice hockey team	 	2	0.816497	0.69897	1		
0	http://rdf.freebase.com/ns/sports.sports_team.colors	 	 	 	 	Black	 	 	 	 	 	1	0.816497	1	1		
0	http://rdf.freebase.com/ns/sports.sports_team.sport	 	 	 	 	Basketball	 	 	 	Ice Hockey	 	2	0.816497	0.69897	1		
0	http://rdf.freebase.com/ns/type.object.key	 	 	 	 	/wikipedia/en_id/20758466; /wikipedia/zh-cn_id/467909	 	 	 	/wikipedia/en/Cincinnati_Swords_(2013-); /wikipedia/en/Queen_City_Steam	 	2	0.816497	0.69897	1		
0	http://rdf.freebase.com/ns/type.object.name	 	 	 	 	Chicago Steam	 	 	 	Cincinnati Thunder	 	2	0.816497	0.69897	1		
0	http://rdf.freebase.com/ns/type.object.type	 	 	 	 	Basketball Team; Organization	 	 	 	Ice hockey team; Inanimate	 	2	0.556349	0.69897	1		
0	http://www.w3.org/2004/02/skos/core#altLabel	 	 	 	 	 	Chicago Rockstars	 	 	 	 	1	0.57735	1	1		
0	http://yago-knowledge.org/resource/hasWikipediaArticleLength	 	 	 	 	 	 	2687	 	 	3511	2	0.816497	0.69897	1		
0	http://yago-knowledge.org/resource/hasWikipediaUrl	 	 	 	 	 	 	http://en.wikipedia.org/wiki/Chicago_Steam	 	 	http://en.wikipedia.org/wiki/Cincinnati_Swords_%282013-%29	2	0.816497	0.69897	1		
0	http://yago-knowledge.org/resource/linksTo	 	 	 	 	 	 	Kentucky Bisons; Maywood Buzz	 	 	Division III (NCAA); Evendale, Ohio	2	0.816497	0.69897	1		
0	http://rdf.freebase.com/ns/sports.sports_team.arena_stadium	 	 	 	 	 	 	 	 	Sports Plus Arena	 	1	0.57735	1	1		
0	http://rdf.freebase.com/ns/sports.sports_team.venue	 	 	 	 	 	 	 	 	Sports Plus Arena	 	1	0.57735	1	1		
