score	dataset	dbpedia	freebase	wikidata	yago-knowledge	dbpedia	freebase	wikidata	freebase	wikidata	yago-knowledge						
	entity	http://dbpedia.org/resource/San_Antonio_Scorpions	http://rdf.freebase.com/ns/m.0dlm0fx	http://www.wikidata.org/entity/Q1442028	http://yago-knowledge.org/resource/San_Antonio_Scorpions	http://dbpedia.org/resource/Hannover_Scorpions	http://rdf.freebase.com/ns/m.0cv4f6	http://www.wikidata.org/entity/Q688101	http://rdf.freebase.com/ns/m.04y05y	http://www.wikidata.org/entity/Q1982743	http://yago-knowledge.org/resource/New_Mexico_Scorpions						
0	http://dbpedia.org/ontology/abstract	The San Antonio Scorpions were an American professional soccer team based in San Antonio, Texas, Uni	 	 	 	The Hannover Scorpions are a professional ice hockey team, which plays in the Oberliga, Germany's th	 	 	 	 	 	2	0.816497	0.69897	1		
0	http://dbpedia.org/ontology/capacity	8296	 	 	 	 	 	 	 	 	 	1	0.57735	1	1		
0	http://dbpedia.org/ontology/chairmanTitle	Owner	 	 	 	 	 	 	 	 	 	1	0.57735	1	1		
0	http://dbpedia.org/ontology/ground	San Antonio; Toyota Field	 	 	 	 	 	 	 	 	 	1	0.816497	1	1		
2	http://dbpedia.org/ontology/league;http://rdf.freebase.com/ns/sports.sports_team.league;http://www.wikidata.org/entity/P118c	North American Soccer League	North American Soccer League	North American Soccer League	 	 	Oberliga	 	Central Hockey League	 	 	5	0.516398	0.30103	1		
0	http://dbpedia.org/ontology/managerTitle	Head Coach	 	 	 	 	 	 	 	 	 	1	0.57735	1	1		
0	http://dbpedia.org/ontology/season	2015 North American Soccer League season	 	 	 	 	 	 	 	 	 	1	0.57735	1	1		
0	http://dbpedia.org/ontology/wikiPageExternalLink	http://www.sascorpions.com/	 	 	 	http://www.hannoverscorpions.de/scorpions_team.php	 	 	 	 	 	2	0.816497	0.69897	1		
2	http://dbpedia.org/ontology/wikiPageID;http://rdf.freebase.com/key/wikipedia.en_id	29080740	29080740	 	 	4918401	4918401	 	1379651	 	 	5	0.516398	0.30103	1		
0	http://dbpedia.org/ontology/wikiPageLength	32801	 	 	 	5711	 	 	 	 	 	2	0.816497	0.69897	1		
0	http://dbpedia.org/ontology/wikiPageOutDegree	200	 	 	 	43	 	 	 	 	 	2	0.816497	0.69897	1		
0	http://dbpedia.org/ontology/wikiPageRevisionID	743669114	 	 	 	705006320	 	 	 	 	 	2	0.816497	0.69897	1		
0	http://purl.org/dc/terms/subject	2010 establishments in Texas; San Antonio Scorpions	 	 	 	1975 establishments in West Germany; Deutsche Eishockey Liga teams	 	 	 	 	 	2	0.816497	0.69897	1		
0	http://www.w3.org/1999/02/22-rdf-syntax-ns#type;http://www.wikidata.org/entity/P31c	Social person; association football club	Football team; Organization	association football club	wikicat Association football clubs established in 2010; wikicat Soccer clubs in the United States	Social person; hockey team	Ice hockey team; Organization	ice hockey team	Ice hockey team; Organization	Item	wikicat Defunct Central Hockey League teams; wikicat Ice hockey teams in New Mexico	10	0.342368	0	1		
2	http://www.w3.org/2000/01/rdf-schema#comment;http://rdf.freebase.com/ns/common.topic.description	The San Antonio Scorpions were an American professional soccer team based in San Antonio, Texas, Uni	The San Antonio Scorpions are an American professional soccer team based in San Antonio, Texas, Unit	 	 	The Hannover Scorpions are a professional ice hockey team, which plays in the Oberliga, Germany's th	The Hannover Scorpions are a professional ice hockey team, which plays in the Oberliga, Germany's th	 	The New Mexico Scorpions were a Central Hockey League team located in Rio Rancho, New Mexico. The te	 	 	5	0.68313	0.30103	1		
2	http://www.w3.org/2000/01/rdf-schema#label	San Antonio Scorpions	San Antonio Scorpions	San Antonio Scorpions	San Antonio Scorpions Football Club	Hannover Scorpions	Hannover Scorpions	Hannover Scorpions	New Mexico Scorpions	New Mexico Scorpions	New Mexico Scorpions	10	0.308607	0	1		
0	http://www.w3.org/2002/07/owl#sameAs	 	 	 	 	 	 	 	 	 	New Mexico Scorpions	1	0.57735	1	0		
0	http://www.w3.org/ns/prov#wasDerivedFrom	http://en.wikipedia.org/wiki/San_Antonio_Scorpions?oldid=743669114	 	 	 	http://en.wikipedia.org/wiki/Hannover_Scorpions?oldid=705006320	 	 	 	 	 	2	0.816497	0.69897	1		
2	http://xmlns.com/foaf/0.1/homepage;http://rdf.freebase.com/ns/common.topic.official_website;http://www.wikidata.org/entity/P856c	http://www.sascorpions.com/	http://www.sanantonioscorpions.com/	http://www.sascorpions.com//	 	http://www.hannoverscorpions.de/index.php	http://www.hannoverscorpions.de/scorpions_team.php	http://www.hannoverscorpions.de/	 	 	 	6	0.816497	0.221849	1		
1	http://xmlns.com/foaf/0.1/isPrimaryTopicOf;http://rdf.freebase.com/ns/common.topic.topic_equivalent_webpage	http://en.wikipedia.org/wiki/San_Antonio_Scorpions	http://de.wikipedia.org/wiki/San_Antonio_Scorpions; http://ko.wikipedia.org/wiki/%CC%48%A0%C8%24_%A4	 	 	http://en.wikipedia.org/wiki/Hannover_Scorpions	http://de.wikipedia.org/wiki/index.html?curid=3298055; http://lv.wikipedia.org/wiki/Hannoveres_%22Sc	 	http://de.wikipedia.org/wiki/New_Mexico_Scorpions	 	 	5	0.794325	0.30103	1		
0	http://xmlns.com/foaf/0.1/name	San Antonio Scorpions Football Club	 	 	 	 	 	 	 	 	 	1	0.816497	1	1		
0	http://xmlns.com/foaf/0.1/nick	Scorpions	 	 	 	 	 	 	 	 	 	1	0.57735	1	1		
1	http://rdf.freebase.com/key/en	 	san_antonio_scorpions	 	 	 	hannover_scorpions	 	new_mexico_scorpions	 	 	3	0.816497	0.522879	1		
1	http://rdf.freebase.com/key/wikipedia.en	 	San_Antonio_NASL_2012; San_Antonio_Scorpions	 	 	 	Hannover_Scorpions; Wedemark_Scorpions	 	New_Mexico_Scorpions	 	 	3	0.816497	0.522879	1		
1	http://rdf.freebase.com/key/wikipedia.en_title	 	San_Antonio_Scorpions	 	 	 	Hannover_Scorpions	 	New_Mexico_Scorpions	 	 	3	0.816497	0.522879	1		
0	http://rdf.freebase.com/ns/base.schemastaging.sports_team_extra.training_ground	 	STAR Soccer Complex	 	 	 	 	 	 	 	 	1	0.57735	1	1		
0	http://rdf.freebase.com/ns/common.topic.alias	 	San Antonio NASL 2012	 	 	 	 	 	 	 	 	1	0.57735	1	1		
1	http://rdf.freebase.com/ns/common.topic.article;http://schema.org/description	 	San Antonio Scorpions is an American professional soccer team based in San Antonio, Texas, United St	association football club	 	 	The Hannover Scorpions are a professional ice hockey team founded in 1975 as ESC Wedemark. The team 	ice hockey team	The New Mexico Scorpions were a Central Hockey League (CHL) team located in Rio Rancho, New Mexico. 	 	 	5	0.816497	0.30103	1		
0	http://rdf.freebase.com/ns/common.topic.notable_for	 	Soccer Team	 	 	 	Hockey Team	 	Hockey Team	 	 	3	0.57735	0.522879	1		
0	http://rdf.freebase.com/ns/common.topic.notable_types	 	Football team	 	 	 	Ice hockey team	 	Ice hockey team	 	 	3	0.57735	0.522879	1		
0	http://rdf.freebase.com/ns/common.topic.webpage	 	http://rdf.freebase.com/ns/m.0jmy14v	 	 	 	http://rdf.freebase.com/ns/m.0b79bmb	 	 	 	 	2	0.816497	0.69897	1		
0	http://rdf.freebase.com/ns/kg.object_profile.prominent_type	 	Football team	 	 	 	Ice hockey team	 	Ice hockey team	 	 	3	0.57735	0.522879	1		
0	http://rdf.freebase.com/ns/soccer.football_team.league	 	North American Soccer League	 	 	 	 	 	 	 	 	1	0.57735	1	1		
0	http://rdf.freebase.com/ns/soccer.football_team.manager	 	Alen Marcina; Tim Hankinson	 	 	 	 	 	 	 	 	1	0.816497	1	1		
0	http://rdf.freebase.com/ns/soccer.football_team.player_statistics	 	http://rdf.freebase.com/ns/m.0w9fyt8	 	 	 	 	 	 	 	 	1	0.816497	1	1		
1	http://rdf.freebase.com/ns/sports.sports_team.arena_stadium;http://www.wikidata.org/entity/P115c	 	Heroes Stadium; Toyota Field	Toyota Field	 	 	TUI Arena	 	Santa Ana Star Center	 	 	4	0.68313	0.39794	1		
2	http://rdf.freebase.com/ns/sports.sports_team.founded;http://yago-knowledge.org/resource/wasCreatedOnDate;http://www.wikidata.org/entity/P571c	 	2010	 	2010/1/1	 	 	1975	 	1996	1996/1/1	5	0.816497	0.30103	1		
0	http://rdf.freebase.com/ns/sports.sports_team.roster	 	Bryan Jordan; Jeff Cunningham	 	 	 	Aris Brimanis; Chris Herperger	 	Doug McCarthy; Jason Wolfe	 	 	3	0.816497	0.522879	1		
1	http://rdf.freebase.com/ns/sports.sports_team.sport;http://www.wikidata.org/entity/P641c	 	Football	association football	 	 	Ice Hockey	ice hockey	Ice Hockey	ice hockey	 	6	0.57735	0.221849	1		
0	http://rdf.freebase.com/ns/sports.sports_team.venue	 	Heroes Stadium; Toyota Field	 	 	 	TUI Arena	 	Santa Ana Star Center	 	 	3	0.816497	0.522879	1		
0	http://rdf.freebase.com/ns/type.object.key	 	/wikipedia/de_id/6775579; /wikipedia/en/San_Antonio_NASL_2012	 	 	 	/wikipedia/de_id/3298055; /wikipedia/fi/Wedemark_Wildcats	 	/wikipedia/de_id/2468028; /wikipedia/de_title/New_Mexico_Scorpions	 	 	3	0.816497	0.522879	1		
0	http://rdf.freebase.com/ns/type.object.name	 	San Antonio Scorpions	 	 	 	Hannover Scorpions	 	New Mexico Scorpions	 	 	3	0.816497	0.522879	1		
0	http://rdf.freebase.com/ns/type.object.type	 	Football team; Organization	 	 	 	Ice hockey team; Organization	 	Ice hockey team; Organization	 	 	3	0	0.522879	1		
2	http://www.wikidata.org/entity/P17c;http://yago-knowledge.org/resource/isLocatedIn	 	 	United States of America	San Antonio	 	 	Germany	 	United States of America	Rio Rancho, New Mexico	5	0.723747	0.30103	1		
0	http://www.wikidata.org/entity/P286c	 	 	Tim Hankinson	 	 	 	 	 	 	 	1	0.57735	1	1		
0	http://www.wikidata.org/entity/P373c	 	 	San Antonio Scorpions	 	 	 	Hannover Scorpions	 	 	 	2	0.816497	0.69897	1		
0	http://www.wikidata.org/entity/P646-freebase	 	 	San Antonio Scorpions	 	 	 	Hannover Scorpions	 	 	 	2	0.816497	0.69897	1		
0	http://www.wikidata.org/entity/P646c	 	 	/m/0dlm0fx	 	 	 	/m/0cv4f6	 	 	 	2	0.816497	0.69897	1		
0	http://www.wikidata.org/entity/P910c	 	 	Category:San Antonio Scorpions	 	 	 	Category:Hannover Scorpions	 	 	 	2	0.816497	0.69897	1		
0	http://www.w3.org/2004/02/skos/core#prefLabel	 	 	 	San Antonio Scorpions	 	 	 	 	 	New Mexico Scorpions	2	0.816497	0.69897	1		
0	http://yago-knowledge.org/resource/hasCitationTitle	 	 	 	Alen Marcina Named Scorpions Head Coach; Match Recap {{!	 	 	 	 	 	Hockey Night in Dixie: Minor Pro Hockey in the American South; Scorpions cease operations	2	0.816497	0.69897	1		
0	http://yago-knowledge.org/resource/hasWikipediaAnchorText	 	 	 	"San Antonio Scorpions know what it will take to join MLS ranks: This has to be a community effort"""	 	 	 	 	 	Albuquerque, New Mexico; Rio Rancho, New Mexico	2	0.816497	0.69897	1		
0	http://yago-knowledge.org/resource/redirectedFrom	 	 	 	San Antonio NASL 2012; San Antonio Scorpions FC	 	 	 	 	 	 	1	0.816497	1	1		
0	http://rdf.freebase.com/ns/common.topic.image	 	 	 	 	 	Scorpionslogo neu	 	 	 	 	1	0.57735	1	1		
0	http://rdf.freebase.com/ns/sports.sports_team.colors	 	 	 	 	 	Red	 	 	 	 	1	0.57735	1	1		
0	http://rdf.freebase.com/ns/sports.sports_team.location	 	 	 	 	 	Hanover	 	 	 	 	1	0.57735	1	1		
0	http://rdf.freebase.com/ns/freebase.valuenotation.is_reviewed	 	 	 	 	 	 	 	Member of	 	 	1	0.816497	1	1		
0	http://yago-knowledge.org/resource/hasWikipediaArticleLength	 	 	 	 	 	 	 	 	 	2913	1	0.57735	1	1		
0	http://yago-knowledge.org/resource/hasWikipediaUrl	 	 	 	 	 	 	 	 	 	http://en.wikipedia.org/wiki/New_Mexico_Scorpions	1	0.57735	1	1		
0	http://yago-knowledge.org/resource/linksTo	 	 	 	 	 	 	 	 	 	Albuquerque, New Mexico; David Ellett	1	0.816497	1	1		
0	http://yago-knowledge.org/resource/wasDestroyedOnDate	 	 	 	 	 	 	 	 	 	2009/1/1	1	0.57735	1	1		
