score	dataset	dbpedia	freebase	wikidata	yago-knowledge	dbpedia	freebase	wikidata	dbpedia	freebase	wikidata						
	entity	http://dbpedia.org/resource/Vancouver_Whitecaps_FC_U-23	http://rdf.freebase.com/ns/m.03gt1_t	http://www.wikidata.org/entity/Q7914272	http://yago-knowledge.org/resource/Vancouver_Whitecaps_FC_U-23	http://dbpedia.org/resource/Vancouver_Whitecaps_FC	http://rdf.freebase.com/ns/m.02rzl9	http://www.wikidata.org/entity/Q196107	http://dbpedia.org/resource/Vancouver_Whitecaps_FC_(women)	http://rdf.freebase.com/ns/m.0466qbj	http://www.wikidata.org/entity/Q3567798						
0	http://dbpedia.org/ontology/abstract	Vancouver Whitecaps FC U-23, formerly known as Whitecaps FC Reserves, was a Canadian soccer team bas	 	 	 	Vancouver Whitecaps FC is a Canadian professional soccer team based in Vancouver, British Columbia t	 	 	The Vancouver Whitecaps FC women are a Canadian women's soccer team founded in 2001 and a part of th	 	 	3	0.816497	0.522879	1		
0	http://dbpedia.org/ontology/capacity	3500	 	 	 	22120	 	 	5288	 	 	3	0.816497	0.522879	1		
0	http://dbpedia.org/ontology/chairman	http://dbpedia.org/resource/Greg_Kerfoot	 	 	 	Jeff Mallett; Steve Luczo	 	 	Bob Lenarduzzi	 	 	3	0.816497	0.522879	1		
0	http://dbpedia.org/ontology/chairmanTitle	Owner	 	 	 	Owners	 	 	 	 	 	2	0.816497	0.69897	1		
3	http://dbpedia.org/ontology/league;http://rdf.freebase.com/ns/sports.sports_team.league;http://www.wikidata.org/entity/P118c	Premier Development League	Premier Development League	USL Premier Development League	 	Major League Soccer	Major League Soccer; USL First Division	Major League Soccer	USL W-League	W-League	W-League	9	0.516398	0.045757	1		
2	http://dbpedia.org/ontology/manager;http://www.wikidata.org/entity/P286c	Craig Dalrymple	 	Craig Dalrymple	 	Carl Robinson	 	Martin Rennie	Hubert Busby Jr.	 	Hubert Busby, Jr.	6	0.707107	0.221849	1		
0	http://dbpedia.org/ontology/managerTitle	Head Coach	 	 	 	Head Coach	 	 	 	 	 	2	0.57735	0.69897	1		
0	http://dbpedia.org/ontology/season	2014 PDL season	 	 	 	2015 Major League Soccer season	 	 	2011 W-League Season	 	 	3	0.816497	0.522879	1		
0	http://dbpedia.org/ontology/wikiPageExternalLink	http://www.uslsoccer.com/history/index_E.html.	 	 	 	http://www.whitecapsfc.com/	 	 	http://www.uslsoccer.com/teams/2011/22395.html#MAIN	 	 	3	0.816497	0.522879	1		
2	http://dbpedia.org/ontology/wikiPageID;http://rdf.freebase.com/key/wikipedia.en_id	14685908	14685908	 	 	22060729	22060729	 	3145765	3145765	 	6	0.408248	0.221849	1		
0	http://dbpedia.org/ontology/wikiPageLength	11664	 	 	 	61522	 	 	20927	 	 	3	0.816497	0.522879	1		
0	http://dbpedia.org/ontology/wikiPageOutDegree	127	 	 	 	237	 	 	90	 	 	3	0.816497	0.522879	1		
0	http://dbpedia.org/ontology/wikiPageRevisionID	735242419	 	 	 	744866661	 	 	742969619	 	 	3	0.816497	0.522879	1		
0	http://purl.org/dc/terms/subject	2005 establishments in British Columbia; Canadian reserve soccer teams	 	 	 	2009 establishments in British Columbia; Major League Soccer teams based in Canada	 	 	2001 establishments in British Columbia; United Soccer Leagues W-League teams	 	 	3	0.730297	0.522879	1		
0	http://www.w3.org/1999/02/22-rdf-syntax-ns#type;http://www.wikidata.org/entity/P31c	Social person; association football club	Football team; Inanimate	association football club	wikicat Association football clubs established in 2005; wordnet club 108227214	Social person; association football club	Football team extra; Organization	association football club	Social person; association football club	Football team; Inanimate	association football club	10	0.262375	0	1		
2	http://www.w3.org/2000/01/rdf-schema#comment;http://rdf.freebase.com/ns/common.topic.description	Vancouver Whitecaps FC U-23, formerly known as Whitecaps FC Reserves, was a Canadian soccer team bas	Vancouver Whitecaps FC U-23, formerly known as Whitecaps FC Reserves, was a Canadian soccer team bas	 	 	Vancouver Whitecaps FC is a Canadian professional soccer team based in Vancouver, British Columbia t	Vancouver Whitecaps FC are a Canadian professional soccer team based in Vancouver, British Columbia 	 	The Vancouver Whitecaps FC women are a Canadian women's soccer team founded in 2001 and a part of th	The Vancouver Whitecaps FC women are a Canadian women's soccer team founded in 2001 and a part of th	 	6	0.48795	0.221849	1		
2	http://www.w3.org/2000/01/rdf-schema#label	Vancouver Whitecaps FC U-23	Vancouver Whitecaps FC U-23	Vancouver Whitecaps FC U-23	Vancouver Whitecaps FC U-23	Vancouver Whitecaps FC	Vancouver Whitecaps FC	Vancouver Whitecaps FC	Vancouver Whitecaps FC (women)	Vancouver Whitecaps FC	Vancouver Whitecaps	10	0.288675	0	1		
0	http://www.w3.org/2002/07/owl#sameAs	 	 	 	 	 	 	 	 	 	 	0	NaN	Infinity	0		
0	http://www.w3.org/ns/prov#wasDerivedFrom	http://en.wikipedia.org/wiki/Vancouver_Whitecaps_FC_U-23?oldid=735242419	 	 	 	http://en.wikipedia.org/wiki/Vancouver_Whitecaps_FC?oldid=744866661	 	 	http://en.wikipedia.org/wiki/Vancouver_Whitecaps_FC_(women)?oldid=742969619	 	 	3	0.816497	0.522879	1		
1	http://xmlns.com/foaf/0.1/isPrimaryTopicOf;http://rdf.freebase.com/ns/common.topic.topic_equivalent_webpage	http://en.wikipedia.org/wiki/Vancouver_Whitecaps_FC_U-23	http://en.wikipedia.org/wiki/Vancouver_Whitecaps_FC_U-23	 	 	http://en.wikipedia.org/wiki/Vancouver_Whitecaps_FC	http://zh.wikipedia.org/zh-cn/%AB%E5%EF%7D%3D%B3%03%03; http://ar.wikipedia.org/wiki/%41%27%46%43%48	 	http://en.wikipedia.org/wiki/Vancouver_Whitecaps_FC_(women)	http://en.wikipedia.org/wiki/Vancouver_Whitecaps_FC_(women); http://fr.wikipedia.org/wiki/index.html	 	6	0.785281	0.221849	1		
0	http://xmlns.com/foaf/0.1/name	Vancouver Whitecaps FC U-23	 	 	 	Vancouver Whitecaps FC	 	 	Vancouver Whitecaps	 	 	3	0.645497	0.522879	1		
0	http://xmlns.com/foaf/0.1/nick	The Caps	 	 	 	Blue and White	 	 	Whitecaps	 	 	3	0.816497	0.522879	1		
0	http://rdf.freebase.com/key/authority.daylife.topic	 	00Bp6TjdGidwD	 	 	 	 	 	 	 	 	1	0.57735	1	1		
1	http://rdf.freebase.com/key/en	 	vancouver_whitecaps_residency; whitecaps_fc_reserves	 	 	 	vancouver_mls_2011; vancouver_whitecaps	 	 	vancouver_whitecaps_women	 	3	0.816497	0.522879	1		
1	http://rdf.freebase.com/key/wikipedia.en	 	Vancouver_Whitecaps_FC_U-23; Whitecaps_FC_Reserves	 	 	 	Major_League_Soccer_Vancouver_2011; Vancouver_Major_League_Soccer_2011	 	 	Vancouver_Whitecaps_FC_(women)	 	3	0.816497	0.522879	1		
1	http://rdf.freebase.com/key/wikipedia.en_title	 	Vancouver_Whitecaps_FC_U-23	 	 	 	Vancouver_Whitecaps_FC	 	 	Vancouver_Whitecaps_FC_(women)	 	3	0.816497	0.522879	1		
0	http://rdf.freebase.com/ns/common.identity.daylife_topic	 	00Bp6TjdGidwD	 	 	 	 	 	 	 	 	1	0.57735	1	1		
0	http://rdf.freebase.com/ns/common.topic.alias	 	Whitecaps FC Reserves	 	 	 	Vancouver MLS 2011; Vancouver Whitecaps	 	 	 	 	2	0.816497	0.69897	1		
1	http://rdf.freebase.com/ns/common.topic.article;http://schema.org/description	 	Vancouver Whitecaps FC U-23, formerly known as Whitecaps FC Reserves, is a Canadian soccer team base	 	 	 	Vancouver Whitecaps FC is a Canadian professional soccer team based in Vancouver, British Columbia t	Major League Soccer team in Vancouver, BC, Canada	 	The Vancouver Whitecaps FC women are a Canadian women's soccer team founded in 2001 and a part of th	W-League association football team fielded by the Vancouver Whitecaps FC	5	0.816497	0.30103	1		
0	http://rdf.freebase.com/ns/common.topic.notable_for	 	Soccer Team	 	 	 	Soccer Team	 	 	Soccer Team	 	3	0.57735	0.522879	1		
0	http://rdf.freebase.com/ns/common.topic.notable_types	 	Football team	 	 	 	Football team	 	 	Football team	 	3	0.57735	0.522879	1		
2	http://rdf.freebase.com/ns/common.topic.official_website;http://yago-knowledge.org/resource/hasWebsite;http://xmlns.com/foaf/0.1/homepage;http://www.wikidata.org/entity/P856c	 	http://www.whitecapsfc.com/	 	http://www.whitecapsfc.com/	http://www.whitecapsfc.com/	http://www.whitecapsfc.com/	http://www.whitecapsfc.com/	 	 	 	5	0.57735	0.30103	1		
0	http://rdf.freebase.com/ns/kg.object_profile.prominent_type	 	Football team	 	 	 	Football team	 	 	Football team	 	3	0.57735	0.522879	1		
0	http://rdf.freebase.com/ns/soccer.football_team.player_statistics	 	http://rdf.freebase.com/ns/m.0w9dsyl	 	 	 	http://rdf.freebase.com/ns/m.0w8_73l	 	 	http://rdf.freebase.com/ns/m.0w9b16b	 	3	0.816497	0.522879	1		
1	http://rdf.freebase.com/ns/sports.sports_team.arena_stadium;http://www.wikidata.org/entity/P115c	 	Thunderbird Stadium	Thunderbird Stadium	 	 	BC Place; Swangard Stadium	 	 	Swangard Stadium	Swangard Stadium	5	0.408248	0.30103	1		
2	http://rdf.freebase.com/ns/sports.sports_team.founded;http://www.wikidata.org/entity/P571c;http://yago-knowledge.org/resource/wasCreatedOnDate	 	2005	2005	2005/1/1	 	1986	2009	 	2001	 	6	0.707107	0.221849	1		
0	http://rdf.freebase.com/ns/sports.sports_team.roster	 	Cornelius Stewart; Kénold Versailles	 	 	 	Alfredo Valente; Andy O'Brien	 	 	Christine Sinclair; Hubert Busby, Jr.	 	3	0.735311	0.522879	1		
0	http://rdf.freebase.com/ns/sports.sports_team.sport;http://www.wikidata.org/entity/P641c	 	Football	association football	 	 	Football	association football	 	Football	association football	6	0	0.221849	1		
0	http://rdf.freebase.com/ns/sports.sports_team.venue	 	Thunderbird Stadium	 	 	 	BC Place; Swangard Stadium	 	 	Swangard Stadium; Terry Fox Field	 	3	0.68313	0.522879	1		
0	http://rdf.freebase.com/ns/type.object.key	 	/authority/daylife/topic/00Bp6TjdGidwD; /wikipedia/en/Whitecaps_FC_Reserves	 	 	 	/authority/google/google_plus/105138039967112503409; /user/avh/ellerdale/0081-4be1	 	 	/wikipedia/en_id/3145765; /wikipedia/fr_id/5504710	 	3	0.816497	0.522879	1		
0	http://rdf.freebase.com/ns/type.object.name	 	Vancouver Whitecaps FC U-23	 	 	 	Vancouver Whitecaps FC	 	 	Vancouver Whitecaps FC	 	3	0.57735	0.522879	1		
0	http://rdf.freebase.com/ns/type.object.type	 	Football team; Inanimate	 	 	 	Football team extra; Organization	 	 	Football team; Inanimate	 	3	0.214423	0.522879	1		
1	http://www.wikidata.org/entity/P17c	 	 	Canada	 	 	 	Canada	 	 	Canada	3	0.57735	0.522879	1		
0	http://www.w3.org/2004/02/skos/core#prefLabel	 	 	 	Vancouver Whitecaps FC U-23	 	 	 	 	 	 	1	0.57735	1	1		
0	http://yago-knowledge.org/resource/hasWikipediaAnchorText	 	 	 	Abbotsford Mariners; Bobby Jhutty	 	 	 	 	 	 	1	0.816497	1	1		
0	http://yago-knowledge.org/resource/hasWikipediaArticleLength	 	 	 	13004	 	 	 	 	 	 	1	0.57735	1	1		
0	http://yago-knowledge.org/resource/hasWikipediaUrl	 	 	 	http://en.wikipedia.org/wiki/Vancouver_Whitecaps_FC_U-23	 	 	 	 	 	 	1	0.57735	1	1		
0	http://yago-knowledge.org/resource/linksTo	 	 	 	2013 PDL season; Diaz Kambere	 	 	 	 	 	 	1	0.816497	1	1		
0	http://yago-knowledge.org/resource/redirectedFrom	 	 	 	Whitecaps FC Reserves	 	 	 	 	 	 	1	0.57735	1	1		
0	http://dbpedia.org/ontology/thumbnail	 	 	 	 	http://commons.wikimedia.org/wiki/Special:FilePath/Football_pictogram.svg?width=300	 	 	 	 	 	1	0.57735	1	1		
0	http://www.w3.org/2000/01/rdf-schema#seeAlso	 	 	 	 	Canadian Championship	 	 	 	 	 	1	0.816497	1	1		
0	http://xmlns.com/foaf/0.1/depiction	 	 	 	 	http://commons.wikimedia.org/wiki/Special:FilePath/Football_pictogram.svg	 	 	 	 	 	1	0.57735	1	1		
0	http://rdf.freebase.com/key/authority.google.google_plus	 	 	 	 	 	1.05E+020	 	 	 	 	1	0.57735	1	1		
0	http://rdf.freebase.com/key/authority.google.google_plus_page	 	 	 	 	 	1.05E+020	 	 	 	 	1	0.57735	1	1		
0	http://rdf.freebase.com/key/user.avh.ellerdale	 	 	 	 	 	0081-4be1	 	 	 	 	1	0.816497	1	1		
0	http://rdf.freebase.com/ns/common.topic.social_media_presence	 	 	 	 	 	http://plus.google.com/105138039967112503409	 	 	 	 	1	0.57735	1	1		
0	http://rdf.freebase.com/ns/common.topic.webpage	 	 	 	 	 	http://rdf.freebase.com/ns/m.0chd4jw	 	 	 	 	1	0.57735	1	1		
0	http://rdf.freebase.com/ns/freebase.valuenotation.is_reviewed	 	 	 	 	 	Sport	 	 	 	 	1	0.57735	1	1		
0	http://rdf.freebase.com/ns/soccer.football_team.league	 	 	 	 	 	American Professional Soccer League; Major League Soccer	 	 	 	 	1	0.816497	1	1		
0	http://rdf.freebase.com/ns/soccer.football_team.manager	 	 	 	 	 	Carl Robinson; Martin Rennie	 	 	 	 	1	0.816497	1	1		
0	http://rdf.freebase.com/ns/sports.defunct_sports_team.active	 	 	 	 	 	http://rdf.freebase.com/ns/m.0p7bhp9	 	 	 	 	1	0.57735	1	1		
0	http://rdf.freebase.com/ns/sports.defunct_sports_team.sport	 	 	 	 	 	Football	 	 	 	 	1	0.57735	1	1		
0	http://rdf.freebase.com/ns/sports.professional_sports_team.owner_s	 	 	 	 	 	Greg Kerfoot	 	 	 	 	1	0.57735	1	1		
0	http://rdf.freebase.com/ns/sports.sports_team.colors	 	 	 	 	 	Blue	 	 	 	 	1	0.816497	1	1		
0	http://rdf.freebase.com/ns/sports.sports_team.location	 	 	 	 	 	Vancouver	 	 	 	 	1	0.57735	1	1		
0	http://rdf.freebase.com/ns/sports.sports_team.previously_known_as	 	 	 	 	 	Vancouver 86ers	 	 	 	 	1	0.57735	1	1		
0	http://rdf.freebase.com/ns/sports.sports_team.team_mascot	 	 	 	 	 	Spike	 	 	 	 	1	0.816497	1	1		
0	http://rdf.freebase.com/ns/user.avh.default_domain.ellerdale_topic.ellerdale_id	 	 	 	 	 	0105-fa1c	 	 	 	 	1	0.57735	1	1		
0	http://www.w3.org/2004/02/skos/core#altLabel	 	 	 	 	 	 	Vancouver Whitecaps	 	 	Vancouver Breakers; Whitecaps	2	0.816497	0.69897	1		
0	http://www.wikidata.org/entity/P373c	 	 	 	 	 	 	Vancouver Whitecaps	 	 	 	1	0.57735	1	1		
0	http://www.wikidata.org/entity/P910c	 	 	 	 	 	 	Category:Vancouver Whitecaps FC	 	 	Category:Vancouver Whitecaps FC (women)	2	0.816497	0.69897	1		
