score	dataset	dbpedia	freebase	yago-knowledge	dbpedia	freebase	yago-knowledge	dbpedia	freebase	wikidata	yago-knowledge						
	entity	http://dbpedia.org/resource/Johnstown_Tomahawks	http://rdf.freebase.com/ns/m.0f03ks	http://yago-knowledge.org/resource/Johnstown_Tomahawks	http://dbpedia.org/resource/Adelaide_Avalanche	http://rdf.freebase.com/ns/m.04p__2v	http://yago-knowledge.org/resource/Adelaide_Avalanche	http://dbpedia.org/resource/Denver_Avalanche	http://rdf.freebase.com/ns/m.068q2z	http://www.wikidata.org/entity/Q5259675	http://yago-knowledge.org/resource/Denver_Avalanche						
0	http://dbpedia.org/ontology/abstract	The Johnstown Tomahawks are a Tier II junior ice hockey team in the North American Hockey League's E	 	 	The Adelaide Avalanche were a semi-professional ice hockey team based in Thebarton, South Australia 	 	 	The Denver Avalanche was an American soccer team based out of Denver, Colorado that played in the Ma	 	 	 	3	0.816497	0.522879	1		
0	http://dbpedia.org/ontology/wikiPageExternalLink	http://fasthockey.com/login.php; http://www.thetomablog.com	 	 	http://www.adelaideavalanche.com/	 	 	http://www.funwhileitlasted.net/2013/04/27/1980-1982-denver-avalanche/; http://www.oursportscentral.	 	 	 	3	0.816497	0.522879	1		
2	http://dbpedia.org/ontology/wikiPageID;http://rdf.freebase.com/key/wikipedia.en_id	5705233	5705233	 	18365879	18365879	 	1955142	1955142	 	 	6	0.408248	0.221849	1		
0	http://dbpedia.org/ontology/wikiPageLength	7319	 	 	6188	 	 	4378	 	 	 	3	0.816497	0.522879	1		
0	http://dbpedia.org/ontology/wikiPageOutDegree	39	 	 	54	 	 	41	 	 	 	3	0.816497	0.522879	1		
0	http://dbpedia.org/ontology/wikiPageRevisionID	721862458	 	 	698790813	 	 	745277727	 	 	 	3	0.816497	0.522879	1		
0	http://purl.org/dc/terms/subject	2012 establishments in Pennsylvania; Johnstown, Pennsylvania	 	 	2000 establishments in Australia; Australian Ice Hockey League teams	 	 	1980 establishments in Colorado; Major Indoor Soccer League (1978�?2) teams	 	 	 	3	0.816497	0.522879	1		
0	http://www.w3.org/1999/02/22-rdf-syntax-ns#type;http://www.wikidata.org/entity/P31c	Social person; hockey team	Ice hockey team; Inanimate	wikicat Ice hockey teams in Pennsylvania; wikicat North American Hockey League teams	Social person; hockey team	Organization; Sports Team	wikicat Australian Ice Hockey League teams; wikicat Sports clubs established in 2000	Social person; association football club	Football team; Inanimate	association football club	wikicat Defunct indoor soccer clubs in the United States; wikicat Soccer clubs in Denver, Colorado	10	0.281976	0	1		
2	http://www.w3.org/2000/01/rdf-schema#comment;http://rdf.freebase.com/ns/common.topic.description	The Johnstown Tomahawks are a Tier II junior ice hockey team in the North American Hockey League's E	The Johnstown Tomahawks are a Tier II Junior A ice hockey team in the North American Hockey League's	 	The Adelaide Avalanche were a semi-professional ice hockey team based in Thebarton, South Australia 	The Adelaide Avalanche were a semi-professional ice hockey team based in Thebarton, South Australia 	 	The Denver Avalanche was an American soccer team based out of Denver, Colorado that played in the Ma	The Denver Avalanche was an American soccer team based out of Denver, Colorado that played in the Ma	 	 	6	0.57735	0.221849	1		
3	http://www.w3.org/2000/01/rdf-schema#label	Johnstown Tomahawks	Johnstown Tomahawks	Johnstown Tomahawks	Adelaide Avalanche	Adelaide Avalanche	Adelaide Avalanche	Denver Avalanche	Denver Avalanche	Denver Avalanche	Denver Avalanche	10	0.174078	0	1		
0	http://www.w3.org/2002/07/owl#sameAs	Johnstown Tomahawks	 	 	Adelaide Avalanche	 	 	 	 	 	 	2	0.816497	0.69897	0		
0	http://www.w3.org/ns/prov#wasDerivedFrom	http://en.wikipedia.org/wiki/Johnstown_Tomahawks?oldid=721862458	 	 	http://en.wikipedia.org/wiki/Adelaide_Avalanche?oldid=698790813	 	 	http://en.wikipedia.org/wiki/Denver_Avalanche?oldid=745277727	 	 	 	3	0.816497	0.522879	1		
0	http://xmlns.com/foaf/0.1/homepage;http://rdf.freebase.com/ns/common.topic.official_website	http://www.johnstowntomahawks.com	http://alaskaavalanche.pointstreaksites.com/view/alaskaavalanche/the-alaska-avalanche	 	 	 	 	 	 	 	 	2	0.816497	0.69897	1		
1	http://xmlns.com/foaf/0.1/isPrimaryTopicOf;http://rdf.freebase.com/ns/common.topic.topic_equivalent_webpage	http://en.wikipedia.org/wiki/Johnstown_Tomahawks	http://en.wikipedia.org/wiki/Johnstown_Tomahawks	 	http://en.wikipedia.org/wiki/Adelaide_Avalanche	http://de.wikipedia.org/wiki/Adelaide_Avalanche; http://fr.wikipedia.org/wiki/index.html?curid=24609	 	http://en.wikipedia.org/wiki/Denver_Avalanche	http://en.wikipedia.org/wiki/Denver_Avalanche; http://en.wikipedia.org/wiki/index.html?curid=1955142	 	 	6	0.660225	0.221849	1		
0	http://rdf.freebase.com/key/en	 	alaska_avalanche	 	 	 	 	 	denver_avalanche	 	 	2	0.816497	0.69897	1		
1	http://rdf.freebase.com/key/wikipedia.en	 	Alaska_Avalanche; Johnstown_Tomahawks	 	 	Adelaide_Avalanche	 	 	Denver_Avalanche	 	 	3	0.816497	0.522879	1		
1	http://rdf.freebase.com/key/wikipedia.en_title	 	Johnstown_Tomahawks	 	 	Adelaide_Avalanche	 	 	Denver_Avalanche	 	 	3	0.816497	0.522879	1		
1	http://rdf.freebase.com/ns/common.topic.article;http://schema.org/description	 	The Alaska Avalanche are a Tier II Junior A ice hockey team in the North American Hockey League's We	 	 	The Adelaide Avalanche were a semi-professional ice hockey team based in Thebarton, South Australia 	 	 	The Denver Avalanche was an American soccer team based out of Denver, Colorado that played in the Ma	American soccer team	 	4	0.816497	0.39794	1		
0	http://rdf.freebase.com/ns/common.topic.notable_for	 	Hockey Team	 	 	Hockey Team	 	 	Soccer Team	 	 	3	0.57735	0.522879	1		
0	http://rdf.freebase.com/ns/common.topic.notable_types	 	Ice hockey team	 	 	Organization	 	 	Football team	 	 	3	0.816497	0.522879	1		
0	http://rdf.freebase.com/ns/kg.object_profile.prominent_type	 	Ice hockey team	 	 	Organization	 	 	Football team	 	 	3	0.816497	0.522879	1		
1	http://rdf.freebase.com/ns/sports.sports_team.arena_stadium;http://www.wikidata.org/entity/P115c	 	Cambria County War Memorial Arena	 	 	 	 	 	McNichols Sports Arena	McNichols Sports Arena	 	3	0.57735	0.522879	1		
1	http://rdf.freebase.com/ns/sports.sports_team.sport;http://www.wikidata.org/entity/P641c	 	Ice Hockey	 	 	Ice Hockey	 	 	Football	association football	 	4	0.645497	0.39794	1		
0	http://rdf.freebase.com/ns/sports.sports_team.venue	 	Cambria County War Memorial Arena	 	 	 	 	 	McNichols Sports Arena	 	 	2	0.816497	0.69897	1		
0	http://rdf.freebase.com/ns/type.object.key	 	/wikipedia/en/Alaska_Avalanche; /wikipedia/en_id/5705233	 	 	/wikipedia/de_id/4282830; /wikipedia/en_id/18365879	 	 	/wikipedia/en_id/1955142; /wikipedia/en_title/Denver_Avalanche	 	 	3	0.816497	0.522879	1		
0	http://rdf.freebase.com/ns/type.object.name	 	Johnstown Tomahawks	 	 	Adelaide Avalanche	 	 	Denver Avalanche	 	 	3	0.816497	0.522879	1		
0	http://rdf.freebase.com/ns/type.object.type	 	Ice hockey team; Inanimate	 	 	Organization; Sports Team	 	 	Football team; Inanimate	 	 	3	0.318511	0.522879	1		
0	http://www.w3.org/2004/02/skos/core#prefLabel	 	 	Johnstown Tomahawks	 	 	Adelaide Avalanche	 	 	 	Denver Avalanche	3	0.816497	0.522879	1		
0	http://yago-knowledge.org/resource/hasWikipediaAnchorText	 	 	Cambria County War Memorial Arena; Fairbanks Ice Dogs	 	 	2006 AIHL season; Brad Wanchulak	 	 	 	Albert Gudmondsson; Chris Cattaneo	3	0.810025	0.522879	1		
0	http://yago-knowledge.org/resource/hasWikipediaArticleLength	 	 	7300	 	 	6324	 	 	 	4287	3	0.816497	0.522879	1		
0	http://yago-knowledge.org/resource/hasWikipediaUrl	 	 	http://en.wikipedia.org/wiki/Johnstown_Tomahawks	 	 	http://en.wikipedia.org/wiki/Adelaide_Avalanche	 	 	 	http://en.wikipedia.org/wiki/Denver_Avalanche	3	0.816497	0.522879	1		
0	http://yago-knowledge.org/resource/linksTo	 	 	Cambria County War Memorial Arena; Fairbanks Ice Dogs	 	 	2001 AIHL season; Brad Wanchulak	 	 	 	Adrian Brooks; Chris Cattaneo	3	0.816497	0.522879	1		
0	http://yago-knowledge.org/resource/redirectedFrom	 	 	Alaska Avalanche	 	 	 	 	 	 	 	1	0.57735	1	1		
1	http://dbpedia.org/ontology/city;http://yago-knowledge.org/resource/isLocatedIn;http://www.wikidata.org/entity/P17c	 	 	 	Thebarton, South Australia	 	Thebarton, South Australia	 	 	United States of America	 	3	0.68313	0.522879	1		
0	http://dbpedia.org/ontology/foundingYear	 	 	 	2000	 	 	 	 	 	 	1	0.57735	1	1		
1	http://dbpedia.org/ontology/league;http://rdf.freebase.com/ns/sports.sports_team.league;http://www.wikidata.org/entity/P118c	 	 	 	Australian Ice Hockey League	 	 	MISL I	Major Indoor Soccer League	Major Indoor Soccer League	 	4	0.645497	0.39794	1		
0	http://rdf.freebase.com/ns/sports.sports_team.location	 	 	 	 	Thebarton	 	 	 	 	 	1	0.57735	1	1		
1	http://yago-knowledge.org/resource/wasCreatedOnDate;http://rdf.freebase.com/ns/sports.sports_team.founded;http://www.wikidata.org/entity/P571c	 	 	 	 	 	2000/1/1	 	1980	1980	1980/1/1	4	0.645497	0.39794	1		
0	http://yago-knowledge.org/resource/wasDestroyedOnDate	 	 	 	 	 	2008/1/1	 	 	 	1983/1/1	2	0.816497	0.69897	1		
0	http://dbpedia.org/ontology/capacity	 	 	 	 	 	 	16061	 	 	 	1	0.57735	1	1		
0	http://dbpedia.org/ontology/chairman	 	 	 	 	 	 	Ron Maierhofer	 	 	 	1	0.57735	1	1		
0	http://dbpedia.org/ontology/chairmanTitle	 	 	 	 	 	 	Owner	 	 	 	1	0.57735	1	1		
0	http://dbpedia.org/ontology/ground	 	 	 	 	 	 	McNichols Sports Arena	 	 	 	1	0.816497	1	1		
0	http://dbpedia.org/ontology/manager	 	 	 	 	 	 	Dave Clements	 	 	 	1	0.57735	1	1		
0	http://dbpedia.org/ontology/managerTitle	 	 	 	 	 	 	Head Coach	 	 	 	1	0.57735	1	1		
0	http://xmlns.com/foaf/0.1/name	 	 	 	 	 	 	Denver Avalanche	 	 	 	1	0.57735	1	1		
0	http://xmlns.com/foaf/0.1/nick	 	 	 	 	 	 	Avalanche	 	 	 	1	0.57735	1	1		
0	http://www.wikidata.org/entity/P576c	 	 	 	 	 	 	 	 	1983	 	1	0.57735	1	1		
