score	dataset	dbpedia	wikidata	yago-knowledge	dbpedia	freebase	wikidata	dbpedia	freebase	wikidata	yago-knowledge						
	entity	http://dbpedia.org/resource/Montana_State_Bobcats	http://www.wikidata.org/entity/Q2908028	http://yago-knowledge.org/resource/Montana_State_Bobcats	http://dbpedia.org/resource/Ohio_Bobcats	http://rdf.freebase.com/ns/m.0b8mlc	http://www.wikidata.org/entity/Q2908034	http://dbpedia.org/resource/Texas_State_Bobcats	http://rdf.freebase.com/ns/m.052581c	http://www.wikidata.org/entity/Q2908032	http://yago-knowledge.org/resource/Texas_State_Bobcats_softball						
0	http://dbpedia.org/ontology/abstract	The Montana State Bobcats are the varsity athletic teams representing Montana State University in Bo	 	 	Ohio University intercollegiate athletics include six men's squads and nine women's squads and range	 	 	The Texas State Bobcats are the sports teams that represent Texas State University. Currently, they 	 	 	 	3	0.816497	0.522879	1		
2	http://dbpedia.org/ontology/city;http://yago-knowledge.org/resource/isLocatedIn	Bozeman, Montana	 	Bozeman, Montana	Athens, Ohio	 	 	San Marcos, Texas	 	 	 	4	0.68313	0.39794	1		
0	http://dbpedia.org/ontology/director	http://dbpedia.org/resource/Leon_Costello	 	 	 	 	 	 	 	 	 	1	0.57735	1	1		
0	http://dbpedia.org/ontology/stadium	Bobcat Stadium (Montana State University)	 	 	Peden Stadium	 	 	Bobcat Baseball Stadium; Bobcat Stadium (Texas State)	 	 	 	3	0.816497	0.522879	1		
0	http://dbpedia.org/ontology/university	Montana State University	 	 	Ohio University	 	 	Texas State University	 	 	 	3	0.816497	0.522879	1		
0	http://dbpedia.org/ontology/wikiPageExternalLink	http://nccsdataweb.urban.org/orgs/profile/651245668?popup=1; http://www.montana.edu/wwwsa/	 	 	http://www.ohiobobcats.com	 	 	http://www.hometeamsonline.com/teams/default.asp?u=RENEGADERUGBY&t=c&s=htosports&p=coachprofile&coac	 	 	 	3	0.816497	0.522879	1		
2	http://dbpedia.org/ontology/wikiPageID;http://rdf.freebase.com/key/wikipedia.en_id	20319301	 	 	3957704	3957704	 	14290089	14290089	 	 	5	0.516398	0.30103	1		
0	http://dbpedia.org/ontology/wikiPageLength	8823	 	 	59122	 	 	13772	 	 	 	3	0.816497	0.522879	1		
0	http://dbpedia.org/ontology/wikiPageOutDegree	35	 	 	349	 	 	40	 	 	 	3	0.816497	0.522879	1		
0	http://dbpedia.org/ontology/wikiPageRevisionID	740477379	 	 	741609782	 	 	739103541	 	 	 	3	0.816497	0.522879	1		
0	http://purl.org/dc/terms/subject	Montana State Bobcats	 	 	Ohio Bobcats	 	 	Texas State Bobcats	 	 	 	3	0.816497	0.522879	1		
0	http://www.w3.org/1999/02/22-rdf-syntax-ns#type;http://www.wikidata.org/entity/P31c	Social person; organisation	university and college sports club	wikicat Sports in Montana; wordnet activity 100407535	Social person; organisation	Athletics brand	university and college sports club	Social person; organisation	Athletics brand	university and college sports club	wikicat Texas State Bobcats; wordnet animal 100015388	10	0.471405	0	1		
2	http://www.w3.org/2000/01/rdf-schema#comment;http://rdf.freebase.com/ns/common.topic.description	The Montana State Bobcats are the varsity athletic teams representing Montana State University in Bo	 	 	Ohio University intercollegiate athletics include six men's squads and nine women's squads and range	Ohio University intercollegiate athletics include six men's squads and nine women's squads and range	 	The Texas State Bobcats are the sports teams that represent Texas State University. Currently, they 	The Texas State Bobcats are the sports teams that represent Texas State University. Currently, they 	 	 	5	0.516398	0.30103	1		
2	http://www.w3.org/2000/01/rdf-schema#label	Montana State Bobcats	Montana State Bobcats	Montana State Bobcats	Ohio Bobcats	Ohio Bobcats	Ohio Bobcats	Texas State Bobcats	Texas State Bobcats	Texas State Bobcats	Texas State Bobcats softball	10	0.348155	0	1		
0	http://www.w3.org/2002/07/owl#sameAs	Montana State Bobcats	 	 	 	 	 	 	 	 	Texas State Bobcats softball	2	0.816497	0.69897	0		
0	http://www.w3.org/ns/prov#wasDerivedFrom	http://en.wikipedia.org/wiki/Montana_State_Bobcats?oldid=740477379	 	 	http://en.wikipedia.org/wiki/Ohio_Bobcats?oldid=741609782	 	 	http://en.wikipedia.org/wiki/Texas_State_Bobcats?oldid=739103541	 	 	 	3	0.816497	0.522879	1		
3	http://xmlns.com/foaf/0.1/homepage;http://www.wikidata.org/entity/P856c;http://rdf.freebase.com/ns/common.topic.official_website	http://www.msubobcats.com/	http://www.msubobcats.com/	 	http://www.ohiobobcats.com	http://ohiobobcats.cstv.com/	http://www.ohiobobcats.com/	http://www.txstatebobcats.com/	http://txstatebobcats.cstv.com/	http://www.txstatebobcats.com/	 	8	0.57735	0.09691	1		
1	http://xmlns.com/foaf/0.1/isPrimaryTopicOf;http://rdf.freebase.com/ns/common.topic.topic_equivalent_webpage	http://en.wikipedia.org/wiki/Montana_State_Bobcats	 	 	http://en.wikipedia.org/wiki/Ohio_Bobcats	http://en.wikipedia.org/wiki/Ohio_Bobcats; http://en.wikipedia.org/wiki/index.html?curid=3957704	 	http://en.wikipedia.org/wiki/Texas_State_Bobcats	http://en.wikipedia.org/wiki/Texas_State_Bobcats; http://fr.wikipedia.org/wiki/index.html?curid=5093	 	 	5	0.730297	0.30103	1		
0	http://xmlns.com/foaf/0.1/name	Montana State Bobcats	 	 	Ohio Bobcats	 	 	Texas State Bobcats	 	 	 	3	0.816497	0.522879	1		
0	http://xmlns.com/foaf/0.1/nick	Bobcats	 	 	Bobcats	 	 	Bobcats	 	 	 	3	0.57735	0.522879	1		
0	http://www.wikidata.org/entity/P646-freebase	 	Montana State Bobcats	 	 	 	Ohio Bobcats	 	 	 	 	2	0.816497	0.69897	1		
0	http://www.wikidata.org/entity/P646c	 	/m/0rfd6g9	 	 	 	/m/0b8mlc	 	 	 	 	2	0.816497	0.69897	1		
1	http://www.wikidata.org/entity/P910c	 	Category:Montana State Bobcats	 	 	 	Category:Ohio Bobcats	 	 	Category:Texas State Bobcats	 	3	0.816497	0.522879	1		
0	http://www.w3.org/2004/02/skos/core#prefLabel	 	 	Montana State Bobcats	 	 	 	 	 	 	Texas State Bobcats softball	2	0.816497	0.69897	1		
0	http://yago-knowledge.org/resource/hasCitationTitle	 	 	Bobcat Skiing A Commitment to Excellence; G. Ott Romney Staff Bio {{!	 	 	 	 	 	 	 	1	0.816497	1	1		
0	http://yago-knowledge.org/resource/hasWikipediaAnchorText	 	 	Big Sky Conference; Bobcat Stadium	 	 	 	 	 	 	Texas State Bobcats#Softball	2	0.816497	0.69897	1		
0	http://yago-knowledge.org/resource/hasWikipediaArticleLength	 	 	5877	 	 	 	 	 	 	 	1	0.57735	1	1		
0	http://yago-knowledge.org/resource/hasWikipediaUrl	 	 	http://en.wikipedia.org/wiki/Montana_State_Bobcats	 	 	 	 	 	 	 	1	0.57735	1	1		
0	http://yago-knowledge.org/resource/linksTo	 	 	Big Sky Conference; Division I (NCAA)	 	 	 	 	 	 	 	1	0.816497	1	1		
0	http://yago-knowledge.org/resource/redirectedFrom	 	 	Montana State Bobcats ski team	 	 	 	 	 	 	 	1	0.57735	1	1		
0	http://dbpedia.org/ontology/mascot	 	 	 	Rufus the Bobcat	 	 	Boko the Bobcat	 	 	 	2	0.816497	0.69897	1		
0	http://dbpedia.org/ontology/thumbnail	 	 	 	http://commons.wikimedia.org/wiki/Special:FilePath/Ohio_Bobcat_Statue.JPG?width=300	 	 	 	 	 	 	1	0.57735	1	1		
0	http://xmlns.com/foaf/0.1/depiction	 	 	 	http://commons.wikimedia.org/wiki/Special:FilePath/Ohio_Bobcat_Statue.JPG	 	 	 	 	 	 	1	0.57735	1	1		
0	http://rdf.freebase.com/key/en	 	 	 	 	ohio_bobcats	 	 	texas_state_bobcats	 	 	2	0.816497	0.69897	1		
0	http://rdf.freebase.com/key/wikipedia.en	 	 	 	 	Ohio_Bobcats_baseball; Ohio_Bobcats_field_hockey	 	 	Southwest_Texas_State_Bobcats; Texas_State-San_Marcos_Bobcats	 	 	2	0.816497	0.69897	1		
0	http://rdf.freebase.com/key/wikipedia.en_title	 	 	 	 	Ohio_Bobcats	 	 	Texas_State_Bobcats	 	 	2	0.816497	0.69897	1		
0	http://rdf.freebase.com/ns/common.topic.article	 	 	 	 	Ohio University intercollegiate athletics include six men's squads and nine women's squads and range	 	 	The Texas State Bobcats are the sports teams that represent Texas State University–San Marcos. Curre	 	 	2	0.816497	0.69897	1		
0	http://rdf.freebase.com/ns/common.topic.webpage	 	 	 	 	http://rdf.freebase.com/ns/m.04m8kcn	 	 	http://rdf.freebase.com/ns/m.059trn1	 	 	2	0.816497	0.69897	1		
0	http://rdf.freebase.com/ns/education.athletics_brand.institution	 	 	 	 	Ohio University	 	 	Texas State University	 	 	2	0.816497	0.69897	1		
0	http://rdf.freebase.com/ns/education.athletics_brand.teams	 	 	 	 	Ohio Bobcats men's basketball	 	 	Texas State Bobcats men's basketball	 	 	2	0.816497	0.69897	1		
0	http://rdf.freebase.com/ns/type.object.key	 	 	 	 	/wikipedia/en/Ohio_Bobcats_baseball; /wikipedia/en/Ohio_University_Bobcats	 	 	/wikipedia/en/Southwest_Texas_State_Bobcats; /wikipedia/en/Texas_State-San_Marcos_Bobcats	 	 	2	0.816497	0.69897	1		
0	http://rdf.freebase.com/ns/type.object.name	 	 	 	 	Ohio Bobcats	 	 	Texas State Bobcats	 	 	2	0.816497	0.69897	1		
0	http://rdf.freebase.com/ns/type.object.type	 	 	 	 	Athletics brand	 	 	Athletics brand	 	 	2	0.408248	0.69897	1		
0	http://www.wikidata.org/entity/P214c	 	 	 	 	 	123430507	 	 	 	 	1	0.57735	1	1		
0	http://www.wikidata.org/entity/P244c	 	 	 	 	 	n2010069893	 	 	 	 	1	0.57735	1	1		
0	http://www.wikidata.org/entity/P373c	 	 	 	 	 	Ohio University athletics	 	 	 	 	1	0.57735	1	1		
0	http://www.wikidata.org/entity/P527c	 	 	 	 	 	Ohio Bobcats men's basketball	 	 	 	 	1	0.816497	1	1		
0	http://rdf.freebase.com/ns/common.topic.image	 	 	 	 	 	 	 	180 university       = Texas State Universitypx	 	 	1	0.57735	1	1		
