score	dataset	dbpedia	freebase	wikidata	yago-knowledge	freebase	wikidata	yago-knowledge	dbpedia	freebase	yago-knowledge						
	entity	http://dbpedia.org/resource/Kenora_Muskies	http://rdf.freebase.com/ns/m.051zg5d	http://www.wikidata.org/entity/Q16988896	http://yago-knowledge.org/resource/Kenora_Muskies	http://rdf.freebase.com/ns/m.056mw6	http://www.wikidata.org/entity/Q3132882	http://yago-knowledge.org/resource/Kenora_Thistles	http://dbpedia.org/resource/Kenora_Thistles_(intermediate)	http://rdf.freebase.com/ns/m.0523b4t	http://yago-knowledge.org/resource/Kenora_Thistles_(intermediate)						
0	http://dbpedia.org/ontology/abstract	The Kenora Muskies, known as the Kenora Thistles from 1975 to 1982, are a defunct Manitoba Junior Ho	 	 	 	 	 	 	The Kenora Thistles were a Canadian Senior/Intermediate ice hockey club from Kenora, Ontario. They w	 	 	2	0.816497	0.69897	1		
0	http://dbpedia.org/ontology/wikiPageExternalLink	http://www.kenorathistles.com/	 	 	 	 	 	 	http://www.kenorathistles.com	 	 	2	0.816497	0.69897	1		
2	http://dbpedia.org/ontology/wikiPageID;http://rdf.freebase.com/key/wikipedia.en_id	20711618	20711618	 	 	1506209	 	 	20713525	20713525	 	5	0.516398	0.30103	1		
0	http://dbpedia.org/ontology/wikiPageLength	5575	 	 	 	 	 	 	5631	 	 	2	0.816497	0.69897	1		
0	http://dbpedia.org/ontology/wikiPageOutDegree	41	 	 	 	 	 	 	47	 	 	2	0.816497	0.69897	1		
0	http://dbpedia.org/ontology/wikiPageRevisionID	695269077	 	 	 	 	 	 	526532856	 	 	2	0.816497	0.69897	1		
0	http://purl.org/dc/terms/subject	1968 establishments in Ontario; Sport in Kenora	 	 	 	 	 	 	Defunct ice hockey teams in Canada; Sport in Kenora	 	 	2	0.752773	0.69897	1		
0	http://www.w3.org/1999/02/22-rdf-syntax-ns#type;http://www.wikidata.org/entity/P31c	Social person; hockey team	Ice hockey team; Organization	Item	wikicat Defunct Manitoba Junior Hockey League teams; wordnet team 108208560	Ice hockey team; Organization	ice hockey team	wikicat Defunct ice hockey teams in Canada; wikicat Sports teams in Ontario	Social person; hockey team	Organization; Sports Team	wikicat Defunct ice hockey teams in Canada; wordnet hockey team 108080386	10	0.262375	0	1		
2	http://www.w3.org/2000/01/rdf-schema#comment;http://rdf.freebase.com/ns/common.topic.description	The Kenora Muskies, known as the Kenora Thistles from 1975 to 1982, are a defunct Manitoba Junior Ho	The Kenora Muskies, known as the Kenora Thistles from 1975 to 1982, are a defunct Manitoba Junior Ho	 	 	The Kenora Thistles were an early amateur men's ice hockey team based in Kenora, Ontario, Canada, fo	 	 	The Kenora Thistles were a Canadian Senior/Intermediate ice hockey club from Kenora, Ontario. They w	The Kenora Thistles were a Canadian Senior/Intermediate ice hockey club from Kenora, Ontario. They w	 	5	0.516398	0.30103	1		
2	http://www.w3.org/2000/01/rdf-schema#label	Kenora Muskies	Kenora Muskies	Kenora Muskies	Kenora Muskies	Kenora Thistles	Kenora Thistles	Kenora Thistles	Kenora Thistles (intermediate)	Kenora Thistles	Kenora Thistles (intermediate)	10	0.246183	0	1		
0	http://www.w3.org/2002/07/owl#sameAs	 	 	 	 	 	 	Kenora Thistles	Kenora Thistles	 	 	2	0.57735	0.69897	0		
0	http://www.w3.org/ns/prov#wasDerivedFrom	http://en.wikipedia.org/wiki/Kenora_Muskies?oldid=695269077	 	 	 	 	 	 	http://en.wikipedia.org/wiki/Kenora_Thistles_(intermediate)?oldid=526532856	 	 	2	0.816497	0.69897	1		
0	http://xmlns.com/foaf/0.1/homepage	http://www.kenorathistles.com/	 	 	 	 	 	 	http://www.kenorathistles.com	 	 	2	0.816497	0.69897	1		
1	http://xmlns.com/foaf/0.1/isPrimaryTopicOf;http://rdf.freebase.com/ns/common.topic.topic_equivalent_webpage	http://en.wikipedia.org/wiki/Kenora_Muskies	http://en.wikipedia.org/wiki/Kenora_Muskies; http://en.wikipedia.org/wiki/index.html?curid=20711618	 	 	http://en.wikipedia.org/wiki/Kenora_Thistles; http://fi.wikipedia.org/wiki/index.html?curid=646273	 	 	http://en.wikipedia.org/wiki/Kenora_Thistles_(intermediate)	http://en.wikipedia.org/wiki/Kenora_Thistles_(intermediate); http://en.wikipedia.org/wiki/index.html	 	5	0.73598	0.30103	1		
1	http://rdf.freebase.com/key/wikipedia.en	 	Kenora_Thistles_(1968-1982)	 	 	Rat_Portage_Thistles	 	 	 	Kenora_Thistles_(intermediate)	 	3	0.816497	0.522879	1		
1	http://rdf.freebase.com/key/wikipedia.en_title	 	Kenora_Muskies	 	 	Kenora_Thistles	 	 	 	Kenora_Thistles_(intermediate)	 	3	0.816497	0.522879	1		
0	http://rdf.freebase.com/ns/common.topic.article	 	The Kenora Thistles were a Manitoba Junior Hockey League team playing in the Canadian town of Kenora	 	 	The Kenora Thistles were an early amateur men's ice hockey team based in Kenora, Ontario, Canada, fo	 	 	 	The Kenora Thistles were a Canadian Senior/Intermediate ice hockey club from Kenora, Ontario. They w	 	3	0.816497	0.522879	1		
0	http://rdf.freebase.com/ns/common.topic.notable_for	 	Hockey Team	 	 	Hockey Team	 	 	 	Hockey Team	 	3	0.57735	0.522879	1		
0	http://rdf.freebase.com/ns/common.topic.notable_types	 	Ice hockey team	 	 	Ice hockey team	 	 	 	Organization	 	3	0.57735	0.522879	1		
0	http://rdf.freebase.com/ns/kg.object_profile.prominent_type	 	Ice hockey team	 	 	Ice hockey team	 	 	 	Organization	 	3	0.57735	0.522879	1		
0	http://rdf.freebase.com/ns/sports.sports_team.league;http://dbpedia.org/ontology/league	 	Manitoba Junior Hockey League	 	 	 	 	 	http://dbpedia.org/resource/Thunder_Bay_Intermediate_Hockey_League	 	 	2	0.816497	0.69897	1		
1	http://rdf.freebase.com/ns/sports.sports_team.sport;http://www.wikidata.org/entity/P641c	 	Ice Hockey	 	 	Ice Hockey	ice hockey	 	 	Ice Hockey	 	4	0.408248	0.39794	1		
0	http://rdf.freebase.com/ns/type.object.key	 	/wikipedia/en/Kenora_Thistles_(1968-1982); /wikipedia/en_id/20711618	 	 	/wikipedia/en/Rat_Portage_Thistles; /wikipedia/en_id/1506209	 	 	 	/wikipedia/en_id/20713525; /wikipedia/en_title/Kenora_Thistles_(intermediate)	 	3	0.816497	0.522879	1		
0	http://rdf.freebase.com/ns/type.object.name	 	Kenora Muskies	 	 	Kenora Thistles	 	 	 	Kenora Thistles	 	3	0.57735	0.522879	1		
0	http://rdf.freebase.com/ns/type.object.type	 	Ice hockey team; Organization	 	 	Ice hockey team; Organization	 	 	 	Organization; Sports Team	 	3	0.129099	0.522879	1		
1	http://www.wikidata.org/entity/P17c;http://dbpedia.org/ontology/city;http://yago-knowledge.org/resource/isLocatedIn	 	 	Canada	 	 	Canada	 	Kenora	 	Kenora	4	0.408248	0.39794	1		
0	http://www.w3.org/2004/02/skos/core#prefLabel	 	 	 	Kenora Muskies	 	 	Kenora Thistles	 	 	Kenora Thistles (intermediate)	3	0.816497	0.522879	1		
0	http://yago-knowledge.org/resource/hasWikipediaAnchorText	 	 	 	Charlie Luksa; Dauphin Kings	 	 	1906�?7 Ottawa Hockey Club season; Billy McGimsie	 	 	Big Six Intermediate Hockey League; Brandon Wheat Kings	3	0.743223	0.522879	1		
0	http://yago-knowledge.org/resource/hasWikipediaArticleLength	 	 	 	5656	 	 	8982	 	 	5641	3	0.816497	0.522879	1		
0	http://yago-knowledge.org/resource/hasWikipediaUrl	 	 	 	http://en.wikipedia.org/wiki/Kenora_Muskies	 	 	http://en.wikipedia.org/wiki/Kenora_Thistles	 	 	http://en.wikipedia.org/wiki/Kenora_Thistles_%28intermediate%29	3	0.816497	0.522879	1		
0	http://yago-knowledge.org/resource/linksTo	 	 	 	Charlie Simmer; Dauphin Kings	 	 	1906�?7 Ottawa Hockey Club season; Billy McGimsie	 	 	Brandon Wheat Kings; Keewatin, Ontario	3	0.701964	0.522879	1		
0	http://yago-knowledge.org/resource/redirectedFrom	 	 	 	Kenora Thistles (1968-1982)	 	 	Rat Portage Thistles	 	 	 	2	0.816497	0.69897	1		
0	http://yago-knowledge.org/resource/wasCreatedOnDate	 	 	 	1968/1/1	 	 	1885-01-01	 	 	 	2	0.816497	0.69897	1		
0	http://yago-knowledge.org/resource/wasDestroyedOnDate	 	 	 	1982/1/1	 	 	 	 	 	 	1	0.57735	1	1		
0	http://rdf.freebase.com/key/en	 	 	 	 	kenora_thistles	 	 	 	 	 	1	0.57735	1	1		
0	http://rdf.freebase.com/ns/common.topic.image	 	 	 	 	Kenorathistles	 	 	 	 	 	1	0.57735	1	1		
0	http://www.wikidata.org/entity/P646-freebase	 	 	 	 	 	Kenora Thistles	 	 	 	 	1	0.57735	1	1		
0	http://www.wikidata.org/entity/P646c	 	 	 	 	 	/m/056mw6	 	 	 	 	1	0.57735	1	1		
0	http://yago-knowledge.org/resource/hasCitationTitle	 	 	 	 	 	 	Stanley Cup Winners: Kenora Thistles 1906-07Jan	 	 	 	1	0.57735	1	1		
0	http://rdf.freebase.com/ns/sports.sports_team.location	 	 	 	 	 	 	 	 	Kenora	 	1	0.57735	1	1		
0	http://yago-knowledge.org/resource/isAffiliatedTo	 	 	 	 	 	 	 	 	 	Kenora Thistles	1	0.57735	1	1		
