score	dataset	dbpedia	freebase	wikidata	yago-knowledge	dbpedia	wikidata	dbpedia	freebase	wikidata	yago-knowledge						
	entity	http://dbpedia.org/resource/Anchor_(brand)	http://rdf.freebase.com/ns/m.031t21	http://www.wikidata.org/entity/Q4752653	http://yago-knowledge.org/resource/Anchor_(brand)	http://dbpedia.org/resource/Anchor_Hocking	http://www.wikidata.org/entity/Q4752681	http://dbpedia.org/resource/Anchor_Inc.	http://rdf.freebase.com/ns/m.0bj3xk	http://www.wikidata.org/entity/Q4752680	http://yago-knowledge.org/resource/Anchor_Inc.						
0	http://dbpedia.org/ontology/abstract	Anchor is a brand of dairy products that was founded in New Zealand in 1886 and is one of the key br	 	 	 	Anchor Hocking Company is a manufacturer of glassware that is part of EveryWare Global Inc.. The Hoc	 	Anchor Inc. (アンカー株式会社 Ankā kabushikigaisha) is a Tokyo-based video game developer and CG production 	 	 	 	3	0.816497	0.522879	1		
0	http://dbpedia.org/ontology/foundingYear	1886	 	 	 	 	 	 	 	 	 	1	0.57735	1	1		
1	http://dbpedia.org/ontology/industry;http://www.wikidata.org/entity/P452c	Dairy	 	 	 	Consumer products; Glassware	 	Interactive entertainment; Video game industry	 	video game industry	 	4	0.816497	0.39794	1		
0	http://dbpedia.org/ontology/internationally	1	 	 	 	 	 	 	 	 	 	1	0.57735	1	1		
0	http://dbpedia.org/ontology/locationCity	Auckland	 	 	 	 	 	 	 	 	 	1	0.57735	1	1		
0	http://dbpedia.org/ontology/locationCountry	New Zealand	 	 	 	 	 	 	 	 	 	1	0.57735	1	1		
0	http://dbpedia.org/ontology/parentCompany	Fonterra	 	 	 	 	 	 	 	 	 	1	0.57735	1	1		
0	http://dbpedia.org/ontology/type	Privately held company	 	 	 	 	 	 	 	 	 	1	0.57735	1	1		
0	http://dbpedia.org/ontology/wikiPageExternalLink	http://www.anchorinstitute.com/	 	 	 	http://www.glassbottlemarks.com/anchor-and-h-entwined-mark-anchor-hocking-glass-corporation/	 	http://www.anchorinc.co.jp; http://www.giantbomb.com/anchor-inc/65-5089/	 	 	 	3	0.816497	0.522879	1		
2	http://dbpedia.org/ontology/wikiPageID;http://rdf.freebase.com/key/wikipedia.en_id	673586	673586	 	 	7221860	 	4103082	4103082	 	 	5	0.516398	0.30103	1		
0	http://dbpedia.org/ontology/wikiPageLength	6580	 	 	 	5377	 	1476	 	 	 	3	0.816497	0.522879	1		
0	http://dbpedia.org/ontology/wikiPageOutDegree	54	 	 	 	28	 	17	 	 	 	3	0.816497	0.522879	1		
0	http://dbpedia.org/ontology/wikiPageRevisionID	744003696	 	 	 	742934383	 	670248450	 	 	 	3	0.816497	0.522879	1		
0	http://purl.org/dc/terms/subject	1886 introductions; Agricultural marketing cooperatives	 	 	 	1905 establishments in Ohio; Glassmaking companies of the United States	 	Companies based in Tokyo; Video game companies of Japan	 	 	 	3	0.816497	0.522879	1		
0	http://www.w3.org/1999/02/22-rdf-syntax-ns#type;http://www.wikidata.org/entity/P31c	Social person; organisation	Organization	business enterprise	wikicat Dairy products companies of New Zealand; wordnet food company 108003427	Social person; organisation	business enterprise	Social person; organisation	Business Operation; Video Game Developer	video game developer	wikicat Companies based in Tokyo; wikicat Companies established in 1996	10	0.339683	0	1		
2	http://www.w3.org/2000/01/rdf-schema#comment;http://rdf.freebase.com/ns/common.topic.description	Anchor is a brand of dairy products that was founded in New Zealand in 1886 and is one of the key br	Anchor is a brand of dairy products that was founded in New Zealand in 1886 and is one of the key br	 	 	Anchor Hocking Company is a manufacturer of glassware that is part of EveryWare Global Inc.. The Hoc	 	Anchor Inc. (アンカー株式会社 Ankā kabushikigaisha) is a Tokyo-based video game developer and CG production 	Anchor Inc. is a Tokyo-based video game developer and CG production studio specializing in fighting 	 	 	5	0.68313	0.30103	1		
3	http://www.w3.org/2000/01/rdf-schema#label	Anchor (brand)	Anchor	Anchor	Anchor (brand)	Anchor Hocking	Anchor Hocking	Anchor Inc.	Anchor Inc.	Anchor Inc.	Anchor Inc.	10	0.174078	0	1		
0	http://www.w3.org/2002/07/owl#sameAs	 	 	 	 	Anchor Hocking	 	 	 	 	 	1	0.57735	1	0		
0	http://www.w3.org/ns/prov#wasDerivedFrom	http://en.wikipedia.org/wiki/Anchor_(brand)?oldid=744003696	 	 	 	http://en.wikipedia.org/wiki/Anchor_Hocking?oldid=742934383	 	http://en.wikipedia.org/wiki/Anchor_Inc.?oldid=670248450	 	 	 	3	0.816497	0.522879	1		
3	http://xmlns.com/foaf/0.1/homepage;http://rdf.freebase.com/ns/common.topic.official_website;http://www.wikidata.org/entity/P856c;http://yago-knowledge.org/resource/hasWebsite	http://www.anchor.co.nz	http://www.anchor.co.nz/	http://www.anchor.co.nz	http://www.anchor.co.nz	http://www.anchorhocking.com	 	http://www.anchorinc.co.jp	http://www.anchorinc.co.jp/	http://www.anchorinc.co.jp	http://www.anchorinc.co.jp	9	0.408248	0.045757	1		
1	http://xmlns.com/foaf/0.1/isPrimaryTopicOf;http://rdf.freebase.com/ns/common.topic.topic_equivalent_webpage	http://en.wikipedia.org/wiki/Anchor_(brand)	http://en.wikipedia.org/wiki/Anchor_(brand); http://en.wikipedia.org/wiki/index.html?curid=673586	 	 	http://en.wikipedia.org/wiki/Anchor_Hocking	 	http://en.wikipedia.org/wiki/Anchor_Inc.	http://en.wikipedia.org/wiki/Anchor_Inc.; http://www.anchorinc.co.jp/	 	 	5	0.68313	0.30103	1		
0	http://xmlns.com/foaf/0.1/name	Anchor	 	 	 	Anchor Hocking	 	Anchor, Inc.	 	 	 	3	0.816497	0.522879	1		
0	http://rdf.freebase.com/key/en	 	anchor_milk	 	 	 	 	 	anchor_inc	 	 	2	0.816497	0.69897	1		
0	http://rdf.freebase.com/key/wikipedia.en	 	Anchor_Spreadable	 	 	 	 	 	Anchor_Inc.	 	 	2	0.816497	0.69897	1		
0	http://rdf.freebase.com/key/wikipedia.en_title	 	Anchor_(brand)	 	 	 	 	 	Anchor_Inc.	 	 	2	0.816497	0.69897	1		
0	http://rdf.freebase.com/ns/business.brand.owner_s	 	http://rdf.freebase.com/ns/m.0y41j1y	 	 	 	 	 	 	 	 	1	0.57735	1	1		
1	http://rdf.freebase.com/ns/common.topic.article;http://schema.org/description	 	Anchor is a brand of dairy products that was founded in New Zealand in 1886 and is one of the key br	brand of dairy products	 	 	 	 	Anchor Inc. (アンカー株式会社 Ankā kabushikigaisha) is a Tokyo-based video game developer and CG production 	 	 	3	0.816497	0.522879	1		
0	http://rdf.freebase.com/ns/common.topic.image	 	A dairy outside Otorohanga painted with Anchor livery	 	 	 	 	 	 	 	 	1	0.57735	1	1		
0	http://rdf.freebase.com/ns/common.topic.notable_for	 	Brand	 	 	 	 	 	Video game developer	 	 	2	0.816497	0.69897	1		
0	http://rdf.freebase.com/ns/common.topic.notable_types	 	Brand	 	 	 	 	 	Video Game Developer	 	 	2	0.816497	0.69897	1		
0	http://rdf.freebase.com/ns/common.topic.webpage	 	http://rdf.freebase.com/ns/m.04611jl	 	 	 	 	 	http://rdf.freebase.com/ns/m.0jx6v4t	 	 	2	0.816497	0.69897	1		
0	http://rdf.freebase.com/ns/kg.object_profile.prominent_type	 	Brand	 	 	 	 	 	Video Game Developer	 	 	2	0.816497	0.69897	1		
2	http://rdf.freebase.com/ns/organization.organization.date_founded;http://www.wikidata.org/entity/P571c;http://yago-knowledge.org/resource/wasCreatedOnDate	 	1886	1886	1886-01-01	 	 	 	1996/10/8	1996	1996/1/1	6	0.707107	0.221849	1		
0	http://rdf.freebase.com/ns/type.object.key	 	/wikipedia/en/Anchor_Spreadable; /wikipedia/en_id/673586	 	 	 	 	 	/authority/giantbomb/company/65-5089; /authority/mobygames/company/anchor-inc	 	 	2	0.816497	0.69897	1		
0	http://rdf.freebase.com/ns/type.object.name	 	Anchor	 	 	 	 	 	Anchor Inc.	 	 	2	0.816497	0.69897	1		
0	http://rdf.freebase.com/ns/type.object.type	 	Organization	 	 	 	 	 	Business Operation; Video Game Developer	 	 	2	0.57735	0.69897	1		
1	http://www.wikidata.org/entity/P159c;http://yago-knowledge.org/resource/isLocatedIn	 	 	Auckland	Auckland	 	 	 	 	Tokyo	 	3	0.57735	0.522879	1		
0	http://www.w3.org/2004/02/skos/core#prefLabel	 	 	 	Anchor (brand)	 	 	 	 	 	Anchor Inc.	2	0.816497	0.69897	1		
0	http://yago-knowledge.org/resource/hasCitationTitle	 	 	 	Food & beverage industry news; Our Brands �?Anchor	 	 	 	 	 	 	1	0.816497	1	1		
0	http://yago-knowledge.org/resource/hasWikipediaAnchorText	 	 	 	Anchor Institute; Anchor Malaysia	 	 	 	 	 	Interactive entertainment; Masahiro Onoguchi	2	0.816497	0.69897	1		
0	http://yago-knowledge.org/resource/hasWikipediaArticleLength	 	 	 	6173	 	 	 	 	 	1527	2	0.816497	0.69897	1		
0	http://yago-knowledge.org/resource/hasWikipediaUrl	 	 	 	http://en.wikipedia.org/wiki/Anchor_%28brand%29	 	 	 	 	 	http://en.wikipedia.org/wiki/Anchor_Inc.	2	0.816497	0.69897	1		
0	http://yago-knowledge.org/resource/linksTo	 	 	 	Arla Foods UK; Goodman Fielder	 	 	 	 	 	Ultimate Fighting Championship (video game); Video game industry	2	0.816497	0.69897	1		
0	http://yago-knowledge.org/resource/redirectedFrom	 	 	 	Anchor Spreadable	 	 	 	 	 	 	1	0.816497	1	1		
0	http://dbpedia.org/ontology/thumbnail	 	 	 	 	http://commons.wikimedia.org/wiki/Special:FilePath/PhoenixGlassMonacaPA.jpg?width=300	 	http://commons.wikimedia.org/wiki/Special:FilePath/Anchor_Inc_Logo.jpg?width=300	 	 	 	2	0.816497	0.69897	1		
0	http://xmlns.com/foaf/0.1/depiction	 	 	 	 	http://commons.wikimedia.org/wiki/Special:FilePath/PhoenixGlassMonacaPA.jpg	 	http://commons.wikimedia.org/wiki/Special:FilePath/Anchor_Inc_Logo.jpg	 	 	 	2	0.816497	0.69897	1		
0	http://www.wikidata.org/entity/P373c	 	 	 	 	 	Anchor Hocking	 	 	 	 	1	0.57735	1	1		
0	http://rdf.freebase.com/key/authority.giantbomb.company	 	 	 	 	 	 	 	65-5089	 	 	1	0.57735	1	1		
0	http://rdf.freebase.com/key/authority.mobygames.company	 	 	 	 	 	 	 	anchor-inc	 	 	1	0.57735	1	1		
0	http://rdf.freebase.com/ns/business.business_operation.industry	 	 	 	 	 	 	 	Interactive entertainment; Video game industry	 	 	1	0.816497	1	1		
0	http://rdf.freebase.com/ns/common.topic.alias	 	 	 	 	 	 	 	Anchor, Inc.	 	 	1	0.816497	1	1		
0	http://rdf.freebase.com/ns/cvg.cvg_developer.game_versions_developed	 	 	 	 	 	 	 	Ultimate Fighting Championship; WWE RAW 2	 	 	1	0.408248	1	1		
0	http://rdf.freebase.com/ns/cvg.cvg_developer.games_developed	 	 	 	 	 	 	 	Pride FC: Fighting Championships; Ultimate Fighting Championship	 	 	1	0.816497	1	1		
0	http://rdf.freebase.com/ns/organization.organization.place_founded	 	 	 	 	 	 	 	Ōta, Tokyo	 	 	1	0.57735	1	1		
0	http://yago-knowledge.org/resource/created	 	 	 	 	 	 	 	 	 	Ultimate Fighting Championship (video game)	1	0.816497	1	1		
