score	dataset	freebase	wikidata	yago-knowledge	dbpedia	freebase	yago-knowledge	dbpedia	freebase	wikidata	yago-knowledge						
	entity	http://rdf.freebase.com/ns/m.061vdb	http://www.wikidata.org/entity/Q477532	http://yago-knowledge.org/resource/Hunting_Aircraft	http://dbpedia.org/resource/Hunting-Clan_Air_Transport	http://rdf.freebase.com/ns/m.064lx62	http://yago-knowledge.org/resource/Hunting-Clan_Air_Transport	http://dbpedia.org/resource/Hunting_plc	http://rdf.freebase.com/ns/m.047drq1	http://www.wikidata.org/entity/Q5945022	http://yago-knowledge.org/resource/Hunting_plc						
1	http://rdf.freebase.com/key/en	hunting_aircraft; percival_aircraft_limited	 	 	 	hunting_clan_air_transport	 	 	hunting_plc	 	 	3	0.816497	0.522879	1		
1	http://rdf.freebase.com/key/wikipedia.en	Hunting-Percival; Hunting_Aircraft	 	 	 	Hunting-Clan_Air_Transport	 	 	Hunting_plc	 	 	3	0.816497	0.522879	1		
2	http://rdf.freebase.com/key/wikipedia.en_id;http://dbpedia.org/ontology/wikiPageID	1861037	 	 	23119793	23119793	 	17723819	17723819	 	 	5	0.516398	0.30103	1		
1	http://rdf.freebase.com/key/wikipedia.en_title	Hunting_Aircraft	 	 	 	Hunting-Clan_Air_Transport	 	 	Hunting_plc	 	 	3	0.816497	0.522879	1		
0	http://rdf.freebase.com/ns/aviation.aircraft_designer.aircraft_models_designed	BAC One-Eleven	 	 	 	 	 	 	 	 	 	1	0.57735	1	1		
0	http://rdf.freebase.com/ns/aviation.aircraft_manufacturer.aircraft_models_made	Hunting H.126; Percival Merganser	 	 	 	 	 	 	 	 	 	1	0.816497	1	1		
0	http://rdf.freebase.com/ns/business.business_operation.industry	Aerospace	 	 	 	Airline	 	 	Energy	 	 	3	0.816497	0.522879	1		
0	http://rdf.freebase.com/ns/business.defunct_company.ceased_operations	1959	 	 	 	 	 	 	 	 	 	1	0.57735	1	1		
0	http://rdf.freebase.com/ns/business.defunct_company.reason_for_ceasing_operations	Merger	 	 	 	 	 	 	 	 	 	1	0.57735	1	1		
0	http://rdf.freebase.com/ns/common.topic.alias	Hunting Percival Aircraft; Percival Aircraft Limited	 	 	 	 	 	 	 	 	 	1	0.816497	1	1		
1	http://rdf.freebase.com/ns/common.topic.article;http://schema.org/description	Hunting Aircraft was a British aircraft manufacturer, that produced light training aircraft and init	British aircraft manufacturer	 	 	Hunting-Clan Air Transport was a wholly private, British independent airline that was founded in the	 	 	Hunting plc (LSE: HTG) is a leading British-based supplier to the oil and gas industry. Some 27% of 	 	 	4	0.816497	0.39794	1		
2	http://rdf.freebase.com/ns/common.topic.description;http://www.w3.org/2000/01/rdf-schema#comment	Hunting Aircraft was a British aircraft manufacturer, that produced light training aircraft and the 	 	 	Hunting-Clan Air Transport was a wholly private, British independent airline that was founded in the	Hunting-Clan Air Transport was a wholly private, British independent airline that was founded in the	 	Hunting plc is a British-based supplier to the oil and gas industry. Some 27% of the business is own	Hunting plc is a British-based supplier to the oil and gas industry. Some 27% of the business is own	 	 	5	0.516398	0.30103	1		
0	http://rdf.freebase.com/ns/common.topic.image	Hunting Aircraft in context of mergers and acquisitions of the British aviation industry	 	 	 	Douglas C-47B G-AMSK Hunting Clan RWY 29; Vickers Viscount 732 G-ANRR Hunting Clan LAP 05	 	 	 	 	 	2	0.816497	0.69897	1		
0	http://rdf.freebase.com/ns/common.topic.notable_for	Aerospace Business	 	 	 	Airline	 	 	Public company	 	 	3	0.816497	0.522879	1		
0	http://rdf.freebase.com/ns/common.topic.notable_types	Defunct Organization	 	 	 	Airline	 	 	Business Operation	 	 	3	0.816497	0.522879	1		
1	http://rdf.freebase.com/ns/common.topic.topic_equivalent_webpage;http://xmlns.com/foaf/0.1/isPrimaryTopicOf	http://de.wikipedia.org/wiki/Hunting_Aircraft; http://sv.wikipedia.org/wiki/Percival_Aircraft	 	 	http://en.wikipedia.org/wiki/Hunting-Clan_Air_Transport	http://en.wikipedia.org/wiki/Hunting-Clan_Air_Transport; http://en.wikipedia.org/wiki/index.html?cur	 	http://en.wikipedia.org/wiki/Hunting_plc	http://en.wikipedia.org/wiki/Hunting_plc; http://en.wikipedia.org/wiki/index.html?curid=17723819	 	 	5	0.723747	0.30103	1		
0	http://rdf.freebase.com/ns/kg.object_profile.prominent_type	Defunct Organization	 	 	 	Airline	 	 	Business Operation	 	 	3	0.816497	0.522879	1		
3	http://rdf.freebase.com/ns/organization.organization.date_founded;http://www.wikidata.org/entity/P571c;http://yago-knowledge.org/resource/wasCreatedOnDate	1933	1933	1933/1/1	 	1946	1945/1/1	 	1874	1874	1874-01-01	8	0.645497	0.09691	1		
0	http://rdf.freebase.com/ns/organization.organization.founders;http://www.wikidata.org/entity/P112c	Edgar Percival	Edgar Percival	 	 	 	 	 	 	 	 	2	0.57735	0.69897	1		
1	http://rdf.freebase.com/ns/organization.organization.headquarters;http://www.wikidata.org/entity/P159c;http://yago-knowledge.org/resource/isLocatedIn	http://rdf.freebase.com/ns/m.04xdcw6	Luton	Luton	 	 	 	 	http://rdf.freebase.com/ns/m.04yt99q	London	United Kingdom; United States	6	0.666667	0.221849	1		
0	http://rdf.freebase.com/ns/organization.organization.involved_in_merger	http://rdf.freebase.com/ns/m.04xdcpl	 	 	 	 	 	 	 	 	 	1	0.57735	1	1		
0	http://rdf.freebase.com/ns/organization.organization.parent	Hunting Group	 	 	 	 	 	 	 	 	 	1	0.57735	1	1		
0	http://rdf.freebase.com/ns/organization.organization.previous_names	http://rdf.freebase.com/ns/m.04xdcrb	 	 	 	 	 	 	 	 	 	1	0.816497	1	1		
0	http://rdf.freebase.com/ns/type.object.key	/wikipedia/de/Hunting_Percival_Aircraft; /wikipedia/de_id/1372785	 	 	 	/wikipedia/en_id/23119793; /wikipedia/en_title/Hunting-Clan_Air_Transport	 	 	/wikipedia/en_id/17723819; /wikipedia/en_title/Hunting_plc	 	 	3	0.816497	0.522879	1		
0	http://rdf.freebase.com/ns/type.object.name	Hunting Aircraft	 	 	 	Hunting-Clan Air Transport	 	 	Hunting plc	 	 	3	0.816497	0.522879	1		
0	http://rdf.freebase.com/ns/type.object.type	Aircraft manufacturer; Business Operation	 	 	 	Aircraft Owner; Business Operation	 	 	Business Operation; Engineering Firm	 	 	3	0.427546	0.522879	1		
0	http://www.w3.org/1999/02/22-rdf-syntax-ns#type;http://www.wikidata.org/entity/P31c	Aircraft manufacturer; Business Operation	business enterprise	wikicat Companies established in 1933; wordnet business 108061042	Social person; organisation	Aircraft Owner; Business Operation	wikicat Airlines disestablished in 1960; wordnet airline 102690081	Social person; organisation	Business Operation; Engineering Firm	business enterprise	wikicat Companies established in 1874; wikicat Engineering companies of the United Kingdom	10	0.402374	0	1		
2	http://www.w3.org/2000/01/rdf-schema#label	Hunting Aircraft	Hunting Aircraft	Hunting Aircraft	Hunting-Clan Air Transport	Hunting-Clan Air Transport	Hunting-Clan Air Transport	Hunting plc	Hunting plc	Hunting plc	Hunting plc	10	0.288675	0	1		
0	http://www.w3.org/2004/02/skos/core#altLabel	 	Hunting Percival Aircraft; Percival Aircraft Company	 	 	 	 	 	 	 	 	1	0.816497	1	1		
0	http://www.wikidata.org/entity/P373c	 	Hunting Aircraft	 	 	 	 	 	 	 	 	1	0.57735	1	1		
1	http://www.wikidata.org/entity/P452c;http://dbpedia.org/ontology/industry	 	aerospace industry	 	Air Transport	 	 	Energy	 	 	 	3	0.816497	0.522879	1		
0	http://www.wikidata.org/entity/P576c	 	1959	 	 	 	 	 	 	 	 	1	0.57735	1	1		
0	http://www.wikidata.org/entity/P646-freebase	 	Hunting Aircraft	 	 	 	 	 	 	 	 	1	0.57735	1	1		
0	http://www.wikidata.org/entity/P646c	 	/m/061vdb	 	 	 	 	 	 	 	 	1	0.57735	1	1		
0	http://www.w3.org/2002/07/owl#sameAs	 	 	Hunting Aircraft	Hunting-Clan Air Transport	 	 	 	 	 	 	2	0.816497	0.69897	0		
0	http://www.w3.org/2004/02/skos/core#prefLabel	 	 	Hunting Aircraft	 	 	Hunting-Clan Air Transport	 	 	 	Hunting plc	3	0.816497	0.522879	1		
0	http://yago-knowledge.org/resource/hasCitationTitle	 	 	hunting percival	 	 	Flight International; Fly me, I'm Freddie	 	 	 	Flight International	3	0.645497	0.522879	1		
0	http://yago-knowledge.org/resource/hasWikipediaAnchorText	 	 	Aerospace industry in the United Kingdom; English Electric	 	 	ASN Aircraft accident description Vickers 614 Viking 1 G-AHPI �?near Burgio, Sicily, Italy; British 	 	 	 	About us - History. ASL Aviation; Bae Systems: History	3	0.772033	0.522879	1		
0	http://yago-knowledge.org/resource/hasWikipediaArticleLength	 	 	3513	 	 	 	 	 	 	6383	2	0.816497	0.69897	1		
0	http://yago-knowledge.org/resource/hasWikipediaUrl	 	 	http://en.wikipedia.org/wiki/Hunting_Aircraft	 	 	 	 	 	 	http://en.wikipedia.org/wiki/Hunting_plc	2	0.816497	0.69897	1		
0	http://yago-knowledge.org/resource/linksTo	 	 	BAE Systems; Edgar Percival	 	 	 	 	 	 	Atomic Weapons Establishment; Cayzer baronets	2	0.800219	0.69897	1		
0	http://yago-knowledge.org/resource/redirectedFrom	 	 	Hunting Percival; Percival Aircraft Company	 	 	Hunting Air Travel	 	 	 	 	2	0.816497	0.69897	1		
0	http://dbpedia.org/ontology/abstract	 	 	 	Hunting-Clan Air Transport was a wholly private, British independent airline that was founded in the	 	 	Hunting plc is a British-based supplier to the oil and gas industry. Some 27% of the business is own	 	 	 	2	0.816497	0.69897	1		
0	http://dbpedia.org/ontology/destination	 	 	 	British Isles; Continental Europe	 	 	 	 	 	 	1	0.816497	1	1		
0	http://dbpedia.org/ontology/hubAirport	 	 	 	London Heathrow Airport; RAF Bovingdon	 	 	 	 	 	 	1	0.816497	1	1		
0	http://dbpedia.org/ontology/iataAirlineCode	 	 	 	HC	 	 	 	 	 	 	1	0.57735	1	1		
0	http://dbpedia.org/ontology/thumbnail	 	 	 	http://commons.wikimedia.org/wiki/Special:FilePath/Douglas_C-47B_G-AMSK_Hunting_Clan_RWY_29.07.10R_e	 	 	 	 	 	 	1	0.57735	1	1		
0	http://dbpedia.org/ontology/wikiPageExternalLink	 	 	 	http://aviation-safety.net/database/operator/airline.php?var=6021; http://www.timetableimages.com/tt	 	 	http://www.hunting.plc.uk/	 	 	 	2	0.816497	0.69897	1		
0	http://dbpedia.org/ontology/wikiPageLength	 	 	 	27599	 	 	7217	 	 	 	2	0.816497	0.69897	1		
0	http://dbpedia.org/ontology/wikiPageOutDegree	 	 	 	167	 	 	46	 	 	 	2	0.816497	0.69897	1		
0	http://dbpedia.org/ontology/wikiPageRevisionID	 	 	 	740689662	 	 	740551830	 	 	 	2	0.816497	0.69897	1		
0	http://purl.org/dc/terms/subject	 	 	 	Airlines disestablished in 1960; Defunct airlines of the United Kingdom	 	 	1874 establishments in England; Companies established in 1874	 	 	 	2	0.816497	0.69897	1		
0	http://www.w3.org/ns/prov#wasDerivedFrom	 	 	 	http://en.wikipedia.org/wiki/Hunting-Clan_Air_Transport?oldid=740689662	 	 	http://en.wikipedia.org/wiki/Hunting_plc?oldid=740551830	 	 	 	2	0.816497	0.69897	1		
0	http://xmlns.com/foaf/0.1/depiction	 	 	 	http://commons.wikimedia.org/wiki/Special:FilePath/Douglas_C-47B_G-AMSK_Hunting_Clan_RWY_29.07.10R_e	 	 	 	 	 	 	1	0.57735	1	1		
0	http://xmlns.com/foaf/0.1/name	 	 	 	Hunting-Clan Air Transport	 	 	Hunting plc	 	 	 	2	0.816497	0.69897	1		
0	http://rdf.freebase.com/ns/aviation.airline.hubs	 	 	 	 	London Heathrow Airport	 	 	 	 	 	1	0.57735	1	1		
0	http://rdf.freebase.com/ns/aviation.airline.iata_airline_designator	 	 	 	 	HC	 	 	 	 	 	1	0.57735	1	1		
0	http://yago-knowledge.org/resource/wasDestroyedOnDate	 	 	 	 	 	1960/1/1	 	 	 	 	1	0.57735	1	1		
0	http://dbpedia.org/ontology/foundingYear	 	 	 	 	 	 	1874	 	 	 	1	0.57735	1	1		
0	http://dbpedia.org/ontology/keyPerson	 	 	 	 	 	 	Chair (official)	 	 	 	1	0.816497	1	1		
0	http://dbpedia.org/ontology/location	 	 	 	 	 	 	United Kingdom	 	 	 	1	0.816497	1	1		
0	http://dbpedia.org/ontology/numberOfEmployees	 	 	 	 	 	 	3355	 	 	 	1	0.57735	1	1		
0	http://dbpedia.org/ontology/operatingIncome	 	 	 	 	 	 	16400000	 	 	 	1	0.57735	1	1		
0	http://dbpedia.org/ontology/revenue	 	 	 	 	 	 	810500000	 	 	 	1	0.57735	1	1		
0	http://dbpedia.org/ontology/type	 	 	 	 	 	 	Public company	 	 	 	1	0.57735	1	1		
1	http://xmlns.com/foaf/0.1/homepage;http://rdf.freebase.com/ns/common.topic.official_website;http://www.wikidata.org/entity/P856c;http://yago-knowledge.org/resource/hasWebsite	 	 	 	 	 	 	http://www.huntingplc.com/	http://www.hunting.plc.uk/	http://www.huntingplc.com/	http://www.huntingplc.com	4	0.516398	0.39794	1		
0	http://rdf.freebase.com/ns/business.issuer.issue	 	 	 	 	 	 	 	HUNTING PLC Common Stock	 	 	1	0.57735	1	1		
0	http://rdf.freebase.com/ns/common.topic.topical_webpage	 	 	 	 	 	 	 	http://www.hunting.plc.com/	 	 	1	0.57735	1	1		
0	http://rdf.freebase.com/ns/common.topic.webpage	 	 	 	 	 	 	 	http://rdf.freebase.com/ns/m.04djc0b	 	 	1	0.816497	1	1		
0	http://rdf.freebase.com/ns/organization.organization.legal_structure	 	 	 	 	 	 	 	Public company	 	 	1	0.57735	1	1		
0	http://www.wikidata.org/entity/P414c	 	 	 	 	 	 	 	 	London Stock Exchange	 	1	0.57735	1	1		
0	http://yago-knowledge.org/resource/hasNumberOfPeople	 	 	 	 	 	 	 	 	 	3990	1	0.57735	1	1		
