score	dataset	dbpedia	wikidata	dbpedia	freebase	wikidata	yago-knowledge	dbpedia	freebase	wikidata	yago-knowledge						
	entity	http://dbpedia.org/resource/Boomtown,_Inc.	http://www.wikidata.org/entity/Q4943544	http://dbpedia.org/resource/Boomtown_Records	http://rdf.freebase.com/ns/m.08jcv0	http://www.wikidata.org/entity/Q4943556	http://yago-knowledge.org/resource/Boomtown_Records	http://dbpedia.org/resource/Pinnacle_Entertainment	http://rdf.freebase.com/ns/m.06363g	http://www.wikidata.org/entity/Q7196290	http://yago-knowledge.org/resource/Pinnacle_Entertainment						
0	http://dbpedia.org/ontology/abstract	Boomtown, Inc. was a gaming company based in Verdi, Nevada and was the headquarters of Boomtown Reno	 	Boomtown Records was an independent record label founded by Jaddan Comerford in October 2002 and bas	 	 	 	Pinnacle Entertainment is an American gaming and hospitality company. It operates sixteen casino pro	 	 	 	3	0.816497	0.522879	1		
0	http://dbpedia.org/ontology/extinctionDate	1997/6/30	 	 	 	 	 	 	 	 	 	1	0.57735	1	1		
0	http://dbpedia.org/ontology/extinctionYear	1997	 	 	 	 	 	 	 	 	 	1	0.57735	1	1		
0	http://dbpedia.org/ontology/fate	Merged withHollywood Park, Inc.	 	 	 	 	 	 	 	 	 	1	0.57735	1	1		
0	http://dbpedia.org/ontology/foundationPlace	United States; Verdi, Nevada	 	 	 	 	 	Inglewood, California	 	 	 	2	0.816497	0.69897	1		
1	http://dbpedia.org/ontology/foundingYear	1988	 	2002	 	 	 	1938	 	 	 	3	0.816497	0.522879	1		
0	http://dbpedia.org/ontology/industry	Entertainment	 	 	 	 	 	Horse racing; Hospitality industry	 	 	 	2	0.816497	0.69897	1		
0	http://dbpedia.org/ontology/location	United States; Verdi, Nevada	 	Richmond, Victoria	 	 	 	 	 	 	 	2	0.816497	0.69897	1		
0	http://dbpedia.org/ontology/owner	Pinnacle Entertainment	 	 	 	 	 	 	 	 	 	1	0.57735	1	1		
0	http://dbpedia.org/ontology/owningCompany	Pinnacle Entertainment	 	 	 	 	 	 	 	 	 	1	0.57735	1	1		
0	http://dbpedia.org/ontology/successor	Hollywood Park, Inc.	 	 	 	 	 	 	 	 	 	1	0.57735	1	1		
0	http://dbpedia.org/ontology/type	Public company	 	 	 	 	 	 	 	 	 	1	0.57735	1	1		
2	http://dbpedia.org/ontology/wikiPageID;http://rdf.freebase.com/key/wikipedia.en_id	36592850	 	2994367	2994367	 	 	1879105	1879105	 	 	5	0.516398	0.30103	1		
0	http://dbpedia.org/ontology/wikiPageLength	2875	 	14814	 	 	 	14626	 	 	 	3	0.816497	0.522879	1		
0	http://dbpedia.org/ontology/wikiPageOutDegree	39	 	125	 	 	 	93	 	 	 	3	0.816497	0.522879	1		
0	http://dbpedia.org/ontology/wikiPageRevisionID	739704575	 	738099282	 	 	 	739136774	 	 	 	3	0.816497	0.522879	1		
0	http://purl.org/dc/terms/subject	1988 establishments in Nevada; Companies based in Reno, Nevada	 	2002 establishments in Australia; Alternative rock record labels	 	 	 	Companies based in the Las Vegas Valley; Hospitality companies of the United States	 	 	 	3	0.745356	0.522879	1		
0	http://www.w3.org/1999/02/22-rdf-syntax-ns#type;http://www.wikidata.org/entity/P31c	Social person; organisation	business enterprise	Social person; organisation	Business Operation; Defunct Organization	record label	wikicat Alternative rock record labels; wikicat Record labels established in 2002	Social person; organisation	Business Operation	business enterprise	wikicat Companies based in the Las Vegas Valley; wikicat Companies established in 1938	10	0.329435	0	1		
2	http://www.w3.org/2000/01/rdf-schema#comment;http://rdf.freebase.com/ns/common.topic.description	Boomtown, Inc. was a gaming company based in Verdi, Nevada and was the headquarters of Boomtown Reno	 	Boomtown Records was an independent record label founded by Jaddan Comerford in October 2002 and bas	Boomtown Records is an independent record label founded by Jaddan Comerford in October 2002 and base	 	 	Pinnacle Entertainment is an American gaming and hospitality company. It operates sixteen casino pro	Pinnacle Entertainment owns and operates 15 gaming entertainment properties, located in Colorado, In	 	 	5	0.816497	0.30103	1		
3	http://www.w3.org/2000/01/rdf-schema#label	Boomtown, Inc.	Boomtown, Inc.	Boomtown Records	Boomtown Records	Boomtown Records	Boomtown Records	Pinnacle Entertainment	Pinnacle Entertainment	Pinnacle Entertainment	Pinnacle Entertainment	10	0.182574	0	1		
0	http://www.w3.org/2002/07/owl#sameAs	Boomtown, Inc.	 	 	 	 	 	 	 	 	 	1	0.57735	1	0		
0	http://www.w3.org/ns/prov#wasDerivedFrom	http://en.wikipedia.org/wiki/Boomtown,_Inc.?oldid=739704575	 	http://en.wikipedia.org/wiki/Boomtown_Records?oldid=738099282	 	 	 	http://en.wikipedia.org/wiki/Pinnacle_Entertainment?oldid=739136774	 	 	 	3	0.816497	0.522879	1		
1	http://xmlns.com/foaf/0.1/isPrimaryTopicOf;http://rdf.freebase.com/ns/common.topic.topic_equivalent_webpage	http://en.wikipedia.org/wiki/Boomtown,_Inc.	 	http://en.wikipedia.org/wiki/Boomtown_Records	http://en.wikipedia.org/wiki/Boomtown_Records; http://en.wikipedia.org/wiki/index.html?curid=2994367	 	 	http://en.wikipedia.org/wiki/Pinnacle_Entertainment	http://croctail.corpwatch.org/#cw_2915,cw_2915; http://en.wikipedia.org/wiki/Pinnacle_Entertainment	 	 	5	0.696311	0.30103	1		
0	http://xmlns.com/foaf/0.1/name	Boomtown, Inc.	 	 	 	 	 	Pinnacle Entertainment, Inc.	 	 	 	2	0.816497	0.69897	1		
2	http://www.wikidata.org/entity/P159c;http://dbpedia.org/ontology/country;http://www.wikidata.org/entity/P17c;http://yago-knowledge.org/resource/isLocatedIn;http://rdf.freebase.com/ns/organization.organization.headquarters	 	Verdi	Australia	 	Australia	Richmond, Victoria	 	http://rdf.freebase.com/ns/m.09rzt3l	Spring Valley	Spring Valley, Nevada	7	0.645497	0.154902	1		
2	http://www.wikidata.org/entity/P571c;http://yago-knowledge.org/resource/wasCreatedOnDate;http://rdf.freebase.com/ns/organization.organization.date_founded	 	1988	 	 	2002	2002/1/1	 	1938	1938	1938/1/1	6	0.707107	0.221849	1		
0	http://dbpedia.org/ontology/distributingCompany	 	 	Shock Records	 	 	 	 	 	 	 	1	0.57735	1	1		
0	http://dbpedia.org/ontology/distributingLabel	 	 	Shock Records	 	 	 	 	 	 	 	1	0.57735	1	1		
0	http://dbpedia.org/ontology/wikiPageExternalLink	 	 	http://musicbrainz.org/label/a2967871-6954-4b69-a690-c76d4a87ee5e.html; http://www.boomtownrecords.c	 	 	 	https://www.pnkinc.com/	 	 	 	2	0.816497	0.69897	1		
2	http://xmlns.com/foaf/0.1/homepage;http://rdf.freebase.com/ns/common.topic.official_website;http://www.wikidata.org/entity/P856c;http://yago-knowledge.org/resource/hasWebsite	 	 	http://www.boomtownrecords.com.au	http://www.boomtownrecords.com.au/	http://www.boomtownrecords.com.au	http://www.boomtownrecords.com.au	http://pnkinc.com	http://www.pnkinc.com/	https://www.pnkinc.com/	 	7	0.617213	0.154902	1		
0	http://rdf.freebase.com/key/authority.musicbrainz	 	 	 	a2967871-6954-4b69-a690-c76d4a87ee5e	 	 	 	 	 	 	1	0.57735	1	1		
1	http://rdf.freebase.com/key/authority.musicbrainz.label;http://www.wikidata.org/entity/P966c	 	 	 	a2967871-6954-4b69-a690-c76d4a87ee5e	a2967871-6954-4b69-a690-c76d4a87ee5e	 	 	 	 	 	2	0.57735	0.69897	1		
0	http://rdf.freebase.com/key/authority.myspace	 	 	 	boomtownshowdown	 	 	 	 	 	 	1	0.57735	1	1		
0	http://rdf.freebase.com/key/en	 	 	 	boomtown_records	 	 	 	pinnacle_entertainment	 	 	2	0.816497	0.69897	1		
0	http://rdf.freebase.com/key/wikipedia.en	 	 	 	Boomtown_Records	 	 	 	Hollywood_Park,_Inc.; Pinnacle_Entertainment,_Inc.	 	 	2	0.816497	0.69897	1		
0	http://rdf.freebase.com/key/wikipedia.en_title	 	 	 	Boomtown_Records	 	 	 	Pinnacle_Entertainment	 	 	2	0.816497	0.69897	1		
0	http://rdf.freebase.com/ns/common.topic.article	 	 	 	Boomtown Records is an independent record label founded by Jaddan Comerford in October 2002 and base	 	 	 	Pinnacle Entertainment, Inc. (NYSE: PNK) is a gaming and hospitality company based in the Las Vegas 	 	 	2	0.816497	0.69897	1		
0	http://rdf.freebase.com/ns/common.topic.notable_for	 	 	 	Record label	 	 	 	Hospitality Business	 	 	2	0.816497	0.69897	1		
0	http://rdf.freebase.com/ns/common.topic.notable_types	 	 	 	Record label	 	 	 	Business Operation	 	 	2	0.816497	0.69897	1		
0	http://rdf.freebase.com/ns/common.topic.webpage	 	 	 	http://rdf.freebase.com/ns/m.05t6yds	 	 	 	http://rdf.freebase.com/ns/m.05np3x8	 	 	2	0.816497	0.69897	1		
0	http://rdf.freebase.com/ns/kg.object_profile.prominent_type	 	 	 	Record label	 	 	 	Business Operation	 	 	2	0.816497	0.69897	1		
0	http://rdf.freebase.com/ns/music.record_label.artist	 	 	 	Angelas Dish; Behind Crimson Eyes	 	 	 	 	 	 	1	0.816497	1	1		
0	http://rdf.freebase.com/ns/type.object.key	 	 	 	/authority/musicbrainz/label/a2967871-6954-4b69-a690-c76d4a87ee5e; /authority/myspace/boomtownshowdo	 	 	 	/authority/daylife/topic/0gXX24c6Ga6lt; /business/cik/0000356213	 	 	2	0.816497	0.69897	1		
0	http://rdf.freebase.com/ns/type.object.name	 	 	 	Boomtown Records	 	 	 	Pinnacle Entertainment	 	 	2	0.816497	0.69897	1		
0	http://rdf.freebase.com/ns/type.object.type	 	 	 	Business Operation; Defunct Organization	 	 	 	Business Operation	 	 	2	0.516398	0.69897	1		
0	http://www.w3.org/2004/02/skos/core#prefLabel	 	 	 	 	 	Boomtown Records	 	 	 	Pinnacle Entertainment	2	0.816497	0.69897	1		
0	http://yago-knowledge.org/resource/hasCitationTitle	 	 	 	 	 	2008 Jagermeister AIR Award nominees announced; AIR Charts Weekly Top 20	 	 	 	Hollywood Park completes acquisition of Casino Magic; Hollywood Park to buy Casino Magic for $81 mil	2	0.816497	0.69897	1		
0	http://yago-knowledge.org/resource/hasWikipediaAnchorText	 	 	 	 	 	Jonah Matranga; ...Like a Cannonball to the Ocean Floor	 	 	 	Pinnacle folds its hand in Atlantic City; St. Louis County	2	0.816497	0.69897	1		
0	http://yago-knowledge.org/resource/hasWikipediaArticleLength	 	 	 	 	 	15054	 	 	 	11799	2	0.816497	0.69897	1		
0	http://yago-knowledge.org/resource/hasWikipediaUrl	 	 	 	 	 	http://en.wikipedia.org/wiki/Boomtown_Records	 	 	 	http://en.wikipedia.org/wiki/Pinnacle_Entertainment	2	0.816497	0.69897	1		
0	http://yago-knowledge.org/resource/linksTo	 	 	 	 	 	Australian Recording Industry Association; Blackpool Lights	 	 	 	Ameristar Casino East Chicago; Jackpot, Nevada	2	0.816497	0.69897	1		
1	http://dbpedia.org/ontology/foundedBy;http://rdf.freebase.com/ns/organization.organization.founders;http://www.wikidata.org/entity/P112c	 	 	 	 	 	 	Jack L. Warner	Jack L. Warner	Jack Warner	 	3	0.57735	0.522879	1		
0	http://dbpedia.org/ontology/locationCity	 	 	 	 	 	 	Spring Valley, Nevada	 	 	 	1	0.816497	1	1		
0	http://dbpedia.org/ontology/locationCountry	 	 	 	 	 	 	United States	 	 	 	1	0.57735	1	1		
0	http://dbpedia.org/ontology/numberOfEmployees	 	 	 	 	 	 	15000	 	 	 	1	0.57735	1	1		
0	http://dbpedia.org/ontology/operatingIncome	 	 	 	 	 	 	104000000	 	 	 	1	0.57735	1	1		
0	http://dbpedia.org/ontology/revenue	 	 	 	 	 	 	1490000000	 	 	 	1	0.57735	1	1		
0	http://rdf.freebase.com/key/authority.daylife.topic	 	 	 	 	 	 	 	0gXX24c6Ga6lt	 	 	1	0.57735	1	1		
0	http://rdf.freebase.com/key/authority.us.gov.irs.ein	 	 	 	 	 	 	 	27-2612545	 	 	1	0.57735	1	1		
0	http://rdf.freebase.com/key/business.cik	 	 	 	 	 	 	 	356213	 	 	1	0.57735	1	1		
0	http://rdf.freebase.com/key/source.corpwatch	 	 	 	 	 	 	 	2915	 	 	1	0.57735	1	1		
0	http://rdf.freebase.com/ns/base.casinos.casino_owner.casinos_owned	 	 	 	 	 	 	 	Belterra Casino Resort & Spa; Boomtown Reno	 	 	1	0.816497	1	1		
0	http://rdf.freebase.com/ns/business.business_operation.assets	 	 	 	 	 	 	 	1919220000	 	 	1	0.57735	1	1		
0	http://rdf.freebase.com/ns/business.business_operation.cash	 	 	 	 	 	 	 	115710000	 	 	1	0.57735	1	1		
0	http://rdf.freebase.com/ns/business.business_operation.current_assets	 	 	 	 	 	 	 	167330000	 	 	1	0.57735	1	1		
0	http://rdf.freebase.com/ns/business.business_operation.current_liabilities	 	 	 	 	 	 	 	174610000	 	 	1	0.57735	1	1		
0	http://rdf.freebase.com/ns/business.business_operation.industry	 	 	 	 	 	 	 	Other Amusement and Recreation Industries	 	 	1	0.816497	1	1		
0	http://rdf.freebase.com/ns/business.business_operation.liabilities	 	 	 	 	 	 	 	1179880000	 	 	1	0.57735	1	1		
0	http://rdf.freebase.com/ns/business.business_operation.net_profit	 	 	 	 	 	 	 	-322600000	 	 	1	0.57735	1	1		
0	http://rdf.freebase.com/ns/business.business_operation.operating_income	 	 	 	 	 	 	 	176500000	 	 	1	0.57735	1	1		
0	http://rdf.freebase.com/ns/business.business_operation.retained_earnings	 	 	 	 	 	 	 	-230080000	 	 	1	0.57735	1	1		
0	http://rdf.freebase.com/ns/business.business_operation.revenue	 	 	 	 	 	 	 	1044680000	 	 	1	0.816497	1	1		
0	http://rdf.freebase.com/ns/business.issuer.issue	 	 	 	 	 	 	 	PINNACLE ENTERTAINMENT INC Common Stock	 	 	1	0.57735	1	1		
0	http://rdf.freebase.com/ns/common.identity.daylife_topic	 	 	 	 	 	 	 	0gXX24c6Ga6lt	 	 	1	0.57735	1	1		
0	http://rdf.freebase.com/ns/common.topic.alias	 	 	 	 	 	 	 	HOLLYWOOD PARK INC; PINNACLE ENTERTAINMENT INC	 	 	1	0.816497	1	1		
0	http://rdf.freebase.com/ns/organization.organization.board_members	 	 	 	 	 	 	 	Bruce A.. Leslie; James L. Martineau	 	 	1	0.816497	1	1		
0	http://rdf.freebase.com/ns/organization.organization.child;http://yago-knowledge.org/resource/owns	 	 	 	 	 	 	 	AREP BOARDWALK LLC; Double Bogey LLC	 	Ameristar Casino East Chicago; Belterra Casino Resort & Spa	2	0.816497	0.69897	1		
0	http://rdf.freebase.com/ns/organization.organization.leadership	 	 	 	 	 	 	 	Anthony Michael Sanfilippo	 	 	1	0.57735	1	1		
0	http://www.wikidata.org/entity/P414c	 	 	 	 	 	 	 	 	New York Stock Exchange	 	1	0.57735	1	1		
0	http://www.wikidata.org/entity/P910c	 	 	 	 	 	 	 	 	Category:Pinnacle Entertainment	 	1	0.57735	1	1		
0	http://yago-knowledge.org/resource/hasNumberOfPeople	 	 	 	 	 	 	 	 	 	7600	1	0.57735	1	1		
0	http://yago-knowledge.org/resource/hasRevenue	 	 	 	 	 	 	 	 	 	923710000	1	0.57735	1	1		
0	http://yago-knowledge.org/resource/redirectedFrom	 	 	 	 	 	 	 	 	 	Hollywood Park, Inc.; Pinnacle Entertainment Inc.	1	0.816497	1	1		
