score	dataset	dbpedia	freebase	wikidata	yago-knowledge	dbpedia	freebase	wikidata	yago-knowledge	freebase	wikidata						
	entity	http://dbpedia.org/resource/Parallax,_Inc._(company)	http://rdf.freebase.com/ns/m.09g_pd	http://www.wikidata.org/entity/Q2346366	http://yago-knowledge.org/resource/Parallax,_Inc._(company)	http://dbpedia.org/resource/Parallax_Software	http://rdf.freebase.com/ns/m.05mcgp	http://www.wikidata.org/entity/Q4355671	http://yago-knowledge.org/resource/Parallax_Software	http://rdf.freebase.com/ns/m.01bbd2	http://www.wikidata.org/entity/Q196936						
0	http://dbpedia.org/ontology/abstract	Parallax Inc. is a privately held company in Rocklin, California. Parallax Inc. designs, manufacture	 	 	 	Parallax Software was a video game developer best known for creating the Descent series of computer 	 	 	 	 	 	2	0.816497	0.69897	1		
0	http://dbpedia.org/ontology/foundationPlace	Rocklin, California	 	 	 	 	 	 	 	 	 	1	0.57735	1	1		
0	http://dbpedia.org/ontology/foundingYear	1987	 	 	 	1993	 	 	 	 	 	2	0.816497	0.69897	1		
1	http://dbpedia.org/ontology/industry;http://www.wikidata.org/entity/P452c	Technology	 	 	 	Video game	 	video game industry	 	 	 	3	0.816497	0.522879	1		
0	http://dbpedia.org/ontology/location	Rocklin, California	 	 	 	Ann Arbor, Michigan; Champaign, Illinois	 	 	 	 	 	2	0.816497	0.69897	1		
0	http://dbpedia.org/ontology/product	BASIC Stamp; Parallax Propeller	 	 	 	Descent (video game)	 	 	 	 	 	2	0.816497	0.69897	1		
0	http://dbpedia.org/ontology/type	Private Company	 	 	 	 	 	 	 	 	 	1	0.57735	1	1		
0	http://dbpedia.org/ontology/wikiPageExternalLink	http://forums.parallax.com/forums/default.aspx; http://www.active-robots.com/brands/parallax/	 	 	 	http://www.revivalprod.com/; https://web.archive.org/web/20030805005538/http:/www.pxsoftware.com/	 	 	 	 	 	2	0.816497	0.69897	1		
2	http://dbpedia.org/ontology/wikiPageID;http://rdf.freebase.com/key/wikipedia.en_id	3502160	3502160	 	 	1673660	1673660	 	 	192469	 	5	0.516398	0.30103	1		
0	http://dbpedia.org/ontology/wikiPageLength	12963	 	 	 	4585	 	 	 	 	 	2	0.816497	0.69897	1		
0	http://dbpedia.org/ontology/wikiPageOutDegree	56	 	 	 	35	 	 	 	 	 	2	0.816497	0.69897	1		
0	http://dbpedia.org/ontology/wikiPageRevisionID	738132628	 	 	 	737796624	 	 	 	 	 	2	0.816497	0.69897	1		
0	http://purl.org/dc/terms/subject	Companies based in Placer County, California; Electronics companies of the United States	 	 	 	Defunct video game companies; Descent (series)	 	 	 	 	 	2	0.816497	0.69897	1		
1	http://www.w3.org/1999/02/22-rdf-syntax-ns#type;http://www.wikidata.org/entity/P31c	Social person; organisation	Business Operation	business enterprise	wikicat Companies based in Placer County, California; wordnet electronics company 108003035	Social person; organisation	Business Operation; Defunct Organization	video game developer	wikicat Defunct video game companies; wordnet company 108058098	Award-Nominated Work; Netflix Title	film	10	0.442043	0	1		
2	http://www.w3.org/2000/01/rdf-schema#comment;http://rdf.freebase.com/ns/common.topic.description	Parallax Inc. is a privately held company in Rocklin, California. Parallax Inc. designs, manufacture	Parallax Inc. is a privately held company in Rocklin, California. Parallax Inc. designs, manufacture	 	 	Parallax Software was a video game developer best known for creating the Descent series of computer 	Parallax Software was a video game developer best known for creating the Descent series of computer 	 	 	The Parallax View is a 1974 American political thriller film directed and produced by Alan J. Pakula	 	5	0.516398	0.30103	1		
3	http://www.w3.org/2000/01/rdf-schema#label	Parallax, Inc. (company)	Parallax, Inc.	Parallax, Inc.	Parallax, Inc. (company)	Parallax Software	Parallax Software	Parallax Software	Parallax Software	The Parallax View	The Parallax View	10	0.174078	0	1		
0	http://www.w3.org/2002/07/owl#sameAs	 	 	 	 	 	 	 	 	 	 	0	NaN	Infinity	0		
0	http://www.w3.org/ns/prov#wasDerivedFrom	http://en.wikipedia.org/wiki/Parallax,_Inc._(company)?oldid=738132628	 	 	 	http://en.wikipedia.org/wiki/Parallax_Software?oldid=737796624	 	 	 	 	 	2	0.816497	0.69897	1		
3	http://xmlns.com/foaf/0.1/homepage;http://rdf.freebase.com/ns/common.topic.official_website;http://www.wikidata.org/entity/P856c;http://yago-knowledge.org/resource/hasWebsite	http://www.parallax.com	http://www.parallax.com/	http://www.parallax.com/	http://www.parallax.com	https://web.archive.org/web/20030805005538/http://www.pxsoftware.com/	 	http://web.archive.org/web/20030805005538/http://www.pxsoftware.com/	http://web.archive.org/web/20030805005538/http; http://www.pxsoftware.com/	 	 	7	0.60553	0.154902	1		
1	http://xmlns.com/foaf/0.1/isPrimaryTopicOf;http://rdf.freebase.com/ns/common.topic.topic_equivalent_webpage	http://en.wikipedia.org/wiki/Parallax,_Inc._(company)	http://croctail.corpwatch.org/#cw_522913,cw_522913; http://nl.wikipedia.org/wiki/Parallax_(bedrijf)	 	 	http://en.wikipedia.org/wiki/Parallax_Software	http://en.wikipedia.org/wiki/Parallax_Software; http://www.mobygames.com/company/parallax-software-c	 	 	http://ca.wikipedia.org/wiki/The_Parallax_View; http://www.imdb.com/title/tt0071970/	 	5	0.794719	0.30103	1		
0	http://xmlns.com/foaf/0.1/name	Parallax Inc.	 	 	 	Parallax Software	 	 	 	 	 	2	0.816497	0.69897	1		
1	http://rdf.freebase.com/key/en	 	parallax_inc	 	 	 	parallax_software	 	 	the_parallax_view	 	3	0.816497	0.522879	1		
0	http://rdf.freebase.com/key/source.corpwatch	 	522913	 	 	 	 	 	 	 	 	1	0.57735	1	1		
1	http://rdf.freebase.com/key/wikipedia.en	 	Parallax,_Inc._(company)	 	 	 	Parallax_Software_Corp.	 	 	Parallax_view	 	3	0.816497	0.522879	1		
1	http://rdf.freebase.com/key/wikipedia.en_title	 	Parallax,_Inc._(company)	 	 	 	Parallax_Software	 	 	The_Parallax_View	 	3	0.816497	0.522879	1		
0	http://rdf.freebase.com/ns/business.business_operation.industry	 	Technology	 	 	 	Video game	 	 	 	 	2	0.816497	0.69897	1		
1	http://rdf.freebase.com/ns/common.topic.article;http://schema.org/description	 	Parallax Inc. is a privately held company in Rocklin, California. Parallax Inc. designs, manufacture	 	 	 	Parallax Software was a video game developer best known for creating the Descent series of computer 	 	 	The Parallax View is a 1974 American thriller film directed by Alan J. Pakula and starring Warren Be	1974 film	4	0.816497	0.39794	1		
0	http://rdf.freebase.com/ns/common.topic.notable_for	 	Technology Business	 	 	 	Video game developer	 	 	Political thriller Film	 	3	0.816497	0.522879	1		
0	http://rdf.freebase.com/ns/common.topic.notable_types	 	Business Operation	 	 	 	Video Game Developer	 	 	Film	 	3	0.816497	0.522879	1		
0	http://rdf.freebase.com/ns/common.topic.webpage	 	http://rdf.freebase.com/ns/m.03lfjtd; http://rdf.freebase.com/ns/m.0g4y5gh	 	 	 	 	 	 	2004 Berlin International Film Festival; Author/producer Steven Bach, 70, dies	 	2	0.816497	0.69897	1		
0	http://rdf.freebase.com/ns/kg.object_profile.prominent_type	 	Business Operation	 	 	 	Video Game Developer	 	 	Film	 	3	0.816497	0.522879	1		
1	http://rdf.freebase.com/ns/organization.organization.headquarters;http://www.wikidata.org/entity/P17c;http://yago-knowledge.org/resource/isLocatedIn;http://www.wikidata.org/entity/P159c;http://rdf.freebase.com/ns/film.film.country;http://www.wikidata.org/entity/P495c	 	http://rdf.freebase.com/ns/m.02t7h90	United States of America	Rocklin, California	 	http://rdf.freebase.com/ns/m.0wlz3_r; http://rdf.freebase.com/ns/m.0y58mkv	United States of America	Ann Arbor, Michigan; Champaign, Illinois	United States of America	United States of America	8	0.627646	0.09691	1		
0	http://rdf.freebase.com/ns/organization.organization.parent	 	EnergySolutions Federal Services Inc	 	 	 	 	 	 	 	 	1	0.57735	1	1		
0	http://rdf.freebase.com/ns/organization.organization.place_founded	 	Rocklin	 	 	 	 	 	 	 	 	1	0.57735	1	1		
0	http://rdf.freebase.com/ns/type.object.key	 	/source/corpwatch/522913; /wikipedia/en_id/3502160	 	 	 	/authority/giantbomb/company/65-1561; /wikipedia/en/Parallax_Software_Corp.	 	 	/authority/imdb/title/tt0071970; /wikipedia/nl_id/1192228	 	3	0.816497	0.522879	1		
0	http://rdf.freebase.com/ns/type.object.name	 	Parallax, Inc.	 	 	 	Parallax Software	 	 	The Parallax View	 	3	0.816497	0.522879	1		
0	http://rdf.freebase.com/ns/type.object.type	 	Business Operation	 	 	 	Business Operation; Defunct Organization	 	 	Award-Nominated Work; Netflix Title	 	3	0.467323	0.522879	1		
3	http://www.wikidata.org/entity/P571c;http://yago-knowledge.org/resource/wasCreatedOnDate;http://rdf.freebase.com/ns/organization.organization.date_founded;http://rdf.freebase.com/ns/film.film.initial_release_date;http://www.wikidata.org/entity/P577c	 	 	1987	1987/1/1	 	1993	1993	1993/1/1	1974/6/14	1974	7	0.723747	0.154902	1		
0	http://www.wikidata.org/entity/P646-freebase	 	 	Parallax, Inc.	 	 	 	Parallax Software	 	 	The Parallax View	3	0.816497	0.522879	1		
0	http://www.wikidata.org/entity/P646c	 	 	/m/09g_pd	 	 	 	/m/05mcgp	 	 	/m/01bbd2	3	0.816497	0.522879	1		
0	http://www.w3.org/2004/02/skos/core#prefLabel	 	 	 	Parallax, Inc. (company)	 	 	 	Parallax Software	 	 	2	0.816497	0.69897	1		
0	http://yago-knowledge.org/resource/hasWikipediaAnchorText	 	 	 	BASIC Stamp; Make Magazine	 	 	 	Ann Arbor, Michigan; Champaign, Illinois	 	 	2	0.816497	0.69897	1		
0	http://yago-knowledge.org/resource/hasWikipediaArticleLength	 	 	 	11982	 	 	 	2278	 	 	2	0.816497	0.69897	1		
0	http://yago-knowledge.org/resource/hasWikipediaUrl	 	 	 	http://en.wikipedia.org/wiki/Parallax%2C_Inc._%28company%29	 	 	 	http://en.wikipedia.org/wiki/Parallax_Software	 	 	2	0.816497	0.69897	1		
0	http://yago-knowledge.org/resource/linksTo	 	 	 	HYDRA Game Development Kit; Jameco Electronics	 	 	 	Ann Arbor, Michigan; Champaign, Illinois	 	 	2	0.816497	0.69897	1		
0	http://yago-knowledge.org/resource/redirectedFrom	 	 	 	Parallax (company)	 	 	 	Parallax Software Corp.	 	 	2	0.816497	0.69897	1		
0	http://dbpedia.org/ontology/fate	 	 	 	 	Still exists as of 2015 according to Matt Toschlog, one of the founders of Parallax Software in a Go	 	 	 	 	 	1	0.57735	1	1		
0	http://rdf.freebase.com/key/authority.giantbomb.company	 	 	 	 	 	65-1561	 	 	 	 	1	0.57735	1	1		
0	http://rdf.freebase.com/key/authority.mobygames.company	 	 	 	 	 	parallax-software-corp	 	 	 	 	1	0.57735	1	1		
0	http://rdf.freebase.com/ns/common.topic.alias	 	 	 	 	 	Parallax Software Corp.	 	 	 	 	1	0.57735	1	1		
0	http://rdf.freebase.com/ns/cvg.cvg_developer.game_versions_developed	 	 	 	 	 	Descent Maximum	 	 	 	 	1	0	1	1		
0	http://rdf.freebase.com/ns/cvg.cvg_developer.games_developed	 	 	 	 	 	Descent II	 	 	 	 	1	0.816497	1	1		
0	http://rdf.freebase.com/ns/organization.organization.founders	 	 	 	 	 	Matt Toschlog; Mike Kulas	 	 	 	 	1	0.816497	1	1		
0	http://rdf.freebase.com/ns/organization.organization.spin_offs	 	 	 	 	 	Outrage Entertainment	 	 	 	 	1	0.816497	1	1		
0	http://yago-knowledge.org/resource/created	 	 	 	 	 	 	 	Descent (video game)	 	 	1	0.816497	1	1		
1	http://rdf.freebase.com/key/authority.imdb.title;http://rdf.freebase.com/ns/imdb.topic.title_id;http://www.wikidata.org/entity/P345c	 	 	 	 	 	 	 	 	tt0071970	tt0071970	2	0.57735	0.69897	1		
0	http://rdf.freebase.com/key/authority.netflix.api	 	 	 	 	 	 	 	 	http://api.netflix.com/catalog/titles/movies/841836	 	1	0.57735	1	1		
1	http://rdf.freebase.com/key/authority.netflix.movie;http://rdf.freebase.com/ns/film.film.netflix_id;http://www.wikidata.org/entity/P1874c	 	 	 	 	 	 	 	 	841836	841836	2	0.57735	0.69897	1		
0	http://rdf.freebase.com/key/authority.netflix.tiny	 	 	 	 	 	 	 	 	7j92	 	1	0.57735	1	1		
0	http://rdf.freebase.com/key/base.ranker.rankerurlname	 	 	 	 	 	 	 	 	the-parallax-view/2212629	 	1	0.57735	1	1		
0	http://rdf.freebase.com/key/source.cine21.movie	 	 	 	 	 	 	 	 	8063	 	1	0.57735	1	1		
0	http://rdf.freebase.com/key/source.cineseoul.cinemaid	 	 	 	 	 	 	 	 	5675	 	1	0.57735	1	1		
0	http://rdf.freebase.com/key/source.clicker.film	 	 	 	 	 	 	 	 	the-parallax-view	 	1	0.57735	1	1		
0	http://rdf.freebase.com/key/source.daum.movieid	 	 	 	 	 	 	 	 	15147	 	1	0.57735	1	1		
0	http://rdf.freebase.com/key/source.entertainmentweekly.mediaproduct	 	 	 	 	 	 	 	 	MovieTheParallaxView	 	1	0.57735	1	1		
0	http://rdf.freebase.com/key/source.movist.mid	 	 	 	 	 	 	 	 	10995	 	1	0.57735	1	1		
0	http://rdf.freebase.com/key/source.nate.cinema_id	 	 	 	 	 	 	 	 	5675	 	1	0.57735	1	1		
0	http://rdf.freebase.com/key/source.rottentomatoes.movie	 	 	 	 	 	 	 	 	parallax_view	 	1	0.57735	1	1		
0	http://rdf.freebase.com/key/source.showtimes.intl.movie	 	 	 	 	 	 	 	 	0x3f4e6344c2df6811	 	1	0.57735	1	1		
0	http://rdf.freebase.com/key/user.avh.ellerdale	 	 	 	 	 	 	 	 	009a-7ab2	 	1	0.57735	1	1		
0	http://rdf.freebase.com/ns/award.award_nominated_work.award_nominations	 	 	 	 	 	 	 	 	Edgar Award for Best Motion Picture Screenplay; Writers Guild of America Award for Best Adapted Dram	 	1	0.816497	1	1		
0	http://rdf.freebase.com/ns/award.award_winning_work.awards_won	 	 	 	 	 	 	 	 	National Society of Film Critics Award for Best Cinematography	 	1	0.57735	1	1		
0	http://rdf.freebase.com/ns/award.ranked_item.appears_in_ranked_lists	 	 	 	 	 	 	 	 	http://rdf.freebase.com/ns/m.0brhnnb	 	1	0.816497	1	1		
0	http://rdf.freebase.com/ns/common.topic.topical_webpage	 	 	 	 	 	 	 	 	http://www.berlinale.de/en/archiv/jahresarchive/2004/02_programm_2004/02_Filmdatenblatt_2004_2004230	 	1	0.816497	1	1		
0	http://rdf.freebase.com/ns/film.film.cinematography;http://www.wikidata.org/entity/P344c	 	 	 	 	 	 	 	 	Gordon Willis	Gordon Willis	2	0.57735	0.69897	1		
0	http://rdf.freebase.com/ns/film.film.costume_design_by	 	 	 	 	 	 	 	 	Frank L. Thompson	 	1	0.57735	1	1		
0	http://rdf.freebase.com/ns/film.film.directed_by;http://www.wikidata.org/entity/P57c	 	 	 	 	 	 	 	 	Alan J. Pakula	Alan J. Pakula	2	0.57735	0.69897	1		
0	http://rdf.freebase.com/ns/film.film.distributors	 	 	 	 	 	 	 	 	Paramount Pictures	 	1	0.57735	1	1		
0	http://rdf.freebase.com/ns/film.film.edited_by	 	 	 	 	 	 	 	 	John W. Wheeler	 	1	0.57735	1	1		
0	http://rdf.freebase.com/ns/film.film.executive_produced_by	 	 	 	 	 	 	 	 	Gabriel Katzka	 	1	0.57735	1	1		
0	http://rdf.freebase.com/ns/film.film.film_casting_director	 	 	 	 	 	 	 	 	Alixe Gordin; Joe Scully	 	1	0.816497	1	1		
0	http://rdf.freebase.com/ns/film.film.film_festivals	 	 	 	 	 	 	 	 	2004 Berlin International Film Festival; 2013 Flanders International Film Festival Ghent	 	1	0.816497	1	1		
0	http://rdf.freebase.com/ns/film.film.film_production_design_by	 	 	 	 	 	 	 	 	George C. Jenkins	 	1	0.57735	1	1		
0	http://rdf.freebase.com/ns/film.film.film_set_decoration_by	 	 	 	 	 	 	 	 	Reg Allen	 	1	0.57735	1	1		
0	http://rdf.freebase.com/ns/film.film.genre;http://rdf.freebase.com/ns/media_common.netflix_title.netflix_genres;http://www.wikidata.org/entity/P136c	 	 	 	 	 	 	 	 	Classic Movies; Crime Fiction	film adaptation; political thriller	2	0.723747	0.69897	1		
0	http://rdf.freebase.com/ns/film.film.language;http://www.wikidata.org/entity/P364c	 	 	 	 	 	 	 	 	English Language	English	2	0.816497	0.69897	1		
0	http://rdf.freebase.com/ns/film.film.music;http://www.wikidata.org/entity/P86c	 	 	 	 	 	 	 	 	Michael Small	Michael Small	2	0.57735	0.69897	1		
0	http://rdf.freebase.com/ns/film.film.produced_by;http://www.wikidata.org/entity/P162c	 	 	 	 	 	 	 	 	Alan J. Pakula	Alan J. Pakula	2	0.57735	0.69897	1		
0	http://rdf.freebase.com/ns/film.film.production_companies	 	 	 	 	 	 	 	 	Paramount Pictures	 	1	0.57735	1	1		
0	http://rdf.freebase.com/ns/film.film.rating	 	 	 	 	 	 	 	 	R (USA)	 	1	0.57735	1	1		
0	http://rdf.freebase.com/ns/film.film.release_date_s	 	 	 	 	 	 	 	 	1974-06-14; 2013-10-09	 	1	0.816497	1	1		
0	http://rdf.freebase.com/ns/film.film.rottentomatoes_id	 	 	 	 	 	 	 	 	parallax_view	 	1	0.57735	1	1		
0	http://rdf.freebase.com/ns/film.film.runtime;http://www.wikidata.org/entity/P2047c	 	 	 	 	 	 	 	 	102	102	2	0.816497	0.69897	1		
0	http://rdf.freebase.com/ns/film.film.starring;http://www.wikidata.org/entity/P161c	 	 	 	 	 	 	 	 	Alma Beltran; Richard Bull	Bill McKinney; Earl Hindman	2	0.657742	0.69897	1		
0	http://rdf.freebase.com/ns/film.film.story_by;http://rdf.freebase.com/ns/film.film.written_by;http://www.wikidata.org/entity/P58c	 	 	 	 	 	 	 	 	David Giler; Lorenzo Semple, Jr.	David Giler; Lorenzo Semple, Jr.	2	0.48795	0.69897	1		
0	http://rdf.freebase.com/ns/film.film.subjects	 	 	 	 	 	 	 	 	Brainwashing	 	1	0.57735	1	1		
0	http://rdf.freebase.com/ns/film.film.tagline	 	 	 	 	 	 	 	 	There is no conspiracy. Just twelve people dead.	 	1	0.57735	1	1		
0	http://rdf.freebase.com/ns/film.film.trailers	 	 	 	 	 	 	 	 	https://www.youtube.com/watch?v=KSMfrfpj9FQ	 	1	0.57735	1	1		
0	http://rdf.freebase.com/ns/freebase.valuenotation.has_no_value	 	 	 	 	 	 	 	 	Film Series	 	1	0.816497	1	1		
0	http://rdf.freebase.com/ns/user.avh.default_domain.ellerdale_topic.ellerdale_id	 	 	 	 	 	 	 	 	009a-7ab2	 	1	0.57735	1	1		
0	http://www.wikidata.org/entity/P1258c	 	 	 	 	 	 	 	 	 	m/parallax_view	1	0.57735	1	1		
0	http://www.wikidata.org/entity/P1265c	 	 	 	 	 	 	 	 	 	1349	1	0.57735	1	1		
0	http://www.wikidata.org/entity/P135c	 	 	 	 	 	 	 	 	 	New Hollywood	1	0.57735	1	1		
0	http://www.wikidata.org/entity/P144c	 	 	 	 	 	 	 	 	 	Loren Singer	1	0.57735	1	1		
0	http://www.wikidata.org/entity/P1476c	 	 	 	 	 	 	 	 	 	The Parallax View	1	0.57735	1	1		
0	http://www.wikidata.org/entity/P1562c	 	 	 	 	 	 	 	 	 	v37236	1	0.57735	1	1		
0	http://www.wikidata.org/entity/P1804c	 	 	 	 	 	 	 	 	 	2856	1	0.57735	1	1		
0	http://www.wikidata.org/entity/P1970c	 	 	 	 	 	 	 	 	 	3998	1	0.57735	1	1		
0	http://www.wikidata.org/entity/P1981c	 	 	 	 	 	 	 	 	 	FSK 16	1	0.57735	1	1		
0	http://www.wikidata.org/entity/P214c	 	 	 	 	 	 	 	 	 	214012058	1	0.57735	1	1		
0	http://www.wikidata.org/entity/P227c	 	 	 	 	 	 	 	 	 	7676910-0	1	0.57735	1	1		
0	http://www.wikidata.org/entity/P2465c	 	 	 	 	 	 	 	 	 	18495	1	0.57735	1	1		
0	http://www.wikidata.org/entity/P2508c	 	 	 	 	 	 	 	 	 	7409	1	0.57735	1	1		
0	http://www.wikidata.org/entity/P840c	 	 	 	 	 	 	 	 	 	Seattle	1	0.57735	1	1		
