score	dataset	dbpedia	wikidata	dbpedia	freebase	wikidata	yago-knowledge	dbpedia	freebase	wikidata	yago-knowledge						
	entity	http://dbpedia.org/resource/Lufthansa_Consulting	http://www.wikidata.org/entity/Q15994228	http://dbpedia.org/resource/Deutsche_Lufthansa_(East_Germany)	http://rdf.freebase.com/ns/m.0r4ytb2	http://www.wikidata.org/entity/Q1203441	http://yago-knowledge.org/resource/Deutsche_Lufthansa_(East_Germany)	http://dbpedia.org/resource/Lufthansa_Cargo	http://rdf.freebase.com/ns/m.04qbt0	http://www.wikidata.org/entity/Q265138	http://yago-knowledge.org/resource/Lufthansa_Cargo						
0	http://dbpedia.org/ontology/abstract	Lufthansa Consulting is an international aviation consultancy for airlines, airports and related ind	 	Deutsche Lufthansa (abbreviated DLH) was an airline serving as the flag carrier of East Germany from	 	 	 	Lufthansa Cargo AG is a German cargo airline and a wholly owned subsidiary of Lufthansa. It operates	 	 	 	3	0.816497	0.522879	1		
0	http://dbpedia.org/ontology/foundingYear	1988	 	 	 	 	 	 	 	 	 	1	0.57735	1	1		
0	http://dbpedia.org/ontology/numberOfLocations	3	 	 	 	 	 	 	 	 	 	1	0.57735	1	1		
0	http://dbpedia.org/ontology/parentCompany	Deutsche Lufthansa AG	 	 	 	 	 	Lufthansa	 	 	 	2	0.816497	0.69897	1		
0	http://dbpedia.org/ontology/thumbnail	http://commons.wikimedia.org/wiki/Special:FilePath/Office_Lufthansa_Consulting_GmbH.jpg?width=300	 	http://commons.wikimedia.org/wiki/Special:FilePath/Bundesarchiv_Bild_183-41100-0006,_Leipzig,_Flugha	 	 	 	http://commons.wikimedia.org/wiki/Special:FilePath/LCAG_LOGO_2010.svg?width=300	 	 	 	3	0.816497	0.522879	1		
0	http://dbpedia.org/ontology/wikiPageExternalLink	http://www.LHConsulting.ru; http://www.Lufthansa.com	 	 	 	 	 	http://lufthansa-cargo.com/	 	 	 	2	0.816497	0.69897	1		
2	http://dbpedia.org/ontology/wikiPageID;http://rdf.freebase.com/key/wikipedia.en_id	22800028	 	38472715	38472715	 	 	1289326	1289326	 	 	5	0.516398	0.30103	1		
0	http://dbpedia.org/ontology/wikiPageLength	7651	 	5857	 	 	 	12153	 	 	 	3	0.816497	0.522879	1		
0	http://dbpedia.org/ontology/wikiPageOutDegree	29	 	70	 	 	 	75	 	 	 	3	0.816497	0.522879	1		
0	http://dbpedia.org/ontology/wikiPageRevisionID	731804537	 	740870522	 	 	 	742517558	 	 	 	3	0.816497	0.522879	1		
0	http://purl.org/dc/terms/subject	Companies based in Cologne; Companies based in Frankfurt	 	Airlines disestablished in 1963; Defunct airlines of East Germany	 	 	 	Airlines established in 1994; Airlines of Germany	 	 	 	3	0.763763	0.522879	1		
0	http://www.w3.org/1999/02/22-rdf-syntax-ns#type;http://www.wikidata.org/entity/P31c	Social person; organisation	business enterprise	Social person; organisation	Aircraft Owner; Business Operation	business enterprise	wikicat Airlines disestablished in 1963; wikicat Defunct airlines of East Germany	Social person; organisation	Aircraft Owner; Business Operation	airline	wikicat Airlines established in 1994; wikicat Airlines of Germany	10	0.308607	0	1		
2	http://www.w3.org/2000/01/rdf-schema#comment;http://rdf.freebase.com/ns/common.topic.description	Lufthansa Consulting is an international aviation consultancy for airlines, airports and related ind	 	Deutsche Lufthansa (abbreviated DLH) was an airline serving as the flag carrier of East Germany from	Deutsche Lufthansa was an airline serving as the flag carrier of East Germany from 1955 to 1963. Bec	 	 	Lufthansa Cargo AG is a German cargo airline and a wholly owned subsidiary of Lufthansa. It operates	Lufthansa Cargo AG is a German cargo airline and a wholly owned subsidiary of Lufthansa. It operates	 	 	5	0.68313	0.30103	1		
3	http://www.w3.org/2000/01/rdf-schema#label	Lufthansa Consulting	Lufthansa Consulting	Deutsche Lufthansa (East Germany)	Deutsche Lufthansa	Deutsche Lufthansa	Deutsche Lufthansa (East Germany)	Lufthansa Cargo	Lufthansa Cargo	Lufthansa Cargo	Lufthansa Cargo	10	0	0	1		
0	http://www.w3.org/2002/07/owl#sameAs	Lufthansa Consulting	 	 	 	 	 	 	 	 	 	1	0.57735	1	0		
0	http://www.w3.org/ns/prov#wasDerivedFrom	http://en.wikipedia.org/wiki/Lufthansa_Consulting?oldid=731804537	 	http://en.wikipedia.org/wiki/Deutsche_Lufthansa_(East_Germany)?oldid=740870522	 	 	 	http://en.wikipedia.org/wiki/Lufthansa_Cargo?oldid=742517558	 	 	 	3	0.816497	0.522879	1		
0	http://xmlns.com/foaf/0.1/depiction	http://commons.wikimedia.org/wiki/Special:FilePath/Office_Lufthansa_Consulting_GmbH.jpg	 	http://commons.wikimedia.org/wiki/Special:FilePath/Bundesarchiv_Bild_183-41100-0006,_Leipzig,_Flugha	 	 	 	http://commons.wikimedia.org/wiki/Special:FilePath/LCAG_LOGO_2010.svg	 	 	 	3	0.816497	0.522879	1		
2	http://xmlns.com/foaf/0.1/homepage;http://rdf.freebase.com/ns/common.topic.official_website;http://www.wikidata.org/entity/P856c;http://yago-knowledge.org/resource/hasWebsite	http://www.lhconsulting.com/	 	 	 	 	 	http://lufthansa-cargo.com/	http://lufthansa-cargo.com/	https://lufthansa-cargo.com	http://lufthansa-cargo.com/	5	0.516398	0.30103	1		
1	http://xmlns.com/foaf/0.1/isPrimaryTopicOf;http://rdf.freebase.com/ns/common.topic.topic_equivalent_webpage	http://en.wikipedia.org/wiki/Lufthansa_Consulting	 	http://en.wikipedia.org/wiki/Deutsche_Lufthansa_(East_Germany)	http://en.wikipedia.org/wiki/Deutsche_Lufthansa_(East_Germany); http://ja.wikipedia.org/wiki/%EB%D5%	 	 	http://en.wikipedia.org/wiki/Lufthansa_Cargo	http://ar.wikipedia.org/wiki/%44%48%41%2A%47%27%46%32%27_%44%44%34%2D%46; http://ko.wikipedia.org/wi	 	 	5	0.789423	0.30103	1		
0	http://xmlns.com/foaf/0.1/name	Lufthansa Consulting	 	(East Germany); Deutsche Lufthansa	 	 	 	Lufthansa Cargo	 	 	 	3	0.816497	0.522879	1		
0	http://www.wikidata.org/entity/P159c;http://dbpedia.org/ontology/headquarter;http://rdf.freebase.com/ns/organization.organization.headquarters;http://www.wikidata.org/entity/P17c;http://yago-knowledge.org/resource/isLocatedIn	 	Frankfurt	East Berlin	http://rdf.freebase.com/ns/m.0wk6r00	East Germany	Berlin Schönefeld Airport	Frankfurt	http://rdf.freebase.com/ns/m.045xxf9	Frankfurt	Sharjah International Airport; Yemelyanovo International Airport	9	0.560112	0.045757	1		
0	http://dbpedia.org/ontology/hubAirport	 	 	Berlin Schönefeld Airport	 	 	 	Rajiv Gandhi International Airport; Tolmachevo Airport	 	 	 	2	0.816497	0.69897	1		
0	http://dbpedia.org/ontology/industry	 	 	Air Transport	 	 	 	Air Transport	 	 	 	2	0.57735	0.69897	1		
0	http://rdf.freebase.com/key/wikipedia.en	 	 	 	Deutsche_Lufthansa_(East_Germany)	 	 	 	Lufthansa_Cargo_dispute	 	 	2	0.816497	0.69897	1		
0	http://rdf.freebase.com/key/wikipedia.en_title	 	 	 	Deutsche_Lufthansa_(East_Germany)	 	 	 	Lufthansa_Cargo	 	 	2	0.816497	0.69897	1		
1	http://rdf.freebase.com/ns/aviation.airline.hubs;http://www.wikidata.org/entity/P113c	 	 	 	Berlin Schönefeld Airport	 	 	 	Rajiv Gandhi International Airport; Yemelyanovo International Airport	Frankfurt Airport	 	3	0.68313	0.522879	1		
0	http://rdf.freebase.com/ns/aviation.airline.iata_airline_designator	 	 	 	DH	 	 	 	LH	 	 	2	0.816497	0.69897	1		
0	http://rdf.freebase.com/ns/business.defunct_company.ceased_operations	 	 	 	1963/9/1	 	 	 	 	 	 	1	0.57735	1	1		
0	http://rdf.freebase.com/ns/business.defunct_company.reason_for_ceasing_operations	 	 	 	Liquidation	 	 	 	 	 	 	1	0.57735	1	1		
1	http://rdf.freebase.com/ns/common.topic.article;http://schema.org/description	 	 	 	http://rdf.freebase.com/ns/m.0r4ytb8	airline	 	 	Lufthansa Cargo AG is a cargo airline from Germany, operating worldwide air freight and logistics se	airline	 	4	0.645497	0.39794	1		
0	http://rdf.freebase.com/ns/common.topic.notable_for	 	 	 	Airline	 	 	 	Airline	 	 	2	0.57735	0.69897	1		
0	http://rdf.freebase.com/ns/common.topic.notable_types	 	 	 	Airline	 	 	 	Airline	 	 	2	0.57735	0.69897	1		
0	http://rdf.freebase.com/ns/kg.object_profile.prominent_type	 	 	 	Airline	 	 	 	Airline	 	 	2	0.57735	0.69897	1		
2	http://rdf.freebase.com/ns/organization.organization.date_founded;http://www.wikidata.org/entity/P571c;http://yago-knowledge.org/resource/wasCreatedOnDate	 	 	 	1955	1955	1955/1/1	 	1994	1994	1994/1/1	6	0.57735	0.221849	1		
0	http://rdf.freebase.com/ns/type.object.key	 	 	 	/wikipedia/en_id/38472715; /wikipedia/ja_id/2623729	 	 	 	/authority/icao/airline/GEC; /wikipedia/it_id/2660720	 	 	2	0.816497	0.69897	1		
0	http://rdf.freebase.com/ns/type.object.name	 	 	 	Deutsche Lufthansa	 	 	 	Lufthansa Cargo	 	 	2	0.816497	0.69897	1		
0	http://rdf.freebase.com/ns/type.object.type	 	 	 	Aircraft Owner; Business Operation	 	 	 	Aircraft Owner; Business Operation	 	 	2	0.439298	0.69897	1		
0	http://www.wikidata.org/entity/P576c	 	 	 	 	1963	 	 	 	 	 	1	0.57735	1	1		
0	http://www.wikidata.org/entity/P646-freebase	 	 	 	 	Deutsche Lufthansa	 	 	 	Lufthansa Cargo	 	2	0.816497	0.69897	1		
0	http://www.wikidata.org/entity/P646c	 	 	 	 	/m/0r4ytb2	 	 	 	/m/04qbt0	 	2	0.816497	0.69897	1		
0	http://www.w3.org/2004/02/skos/core#prefLabel	 	 	 	 	 	Deutsche Lufthansa (East Germany)	 	 	 	Lufthansa Cargo	2	0.816497	0.69897	1		
0	http://yago-knowledge.org/resource/hasWikipediaAnchorText	 	 	 	 	 	Berlin Schönefeld Airport; Czechoslovakia	 	 	 	Official website; AeroLogic outlines launch and expansion plans	2	0.806872	0.69897	1		
0	http://yago-knowledge.org/resource/wasDestroyedOnDate	 	 	 	 	 	1963/1/1	 	 	 	 	1	0.57735	1	1		
0	http://dbpedia.org/ontology/iataAirlineCode;http://www.wikidata.org/entity/P229c	 	 	 	 	 	 	LH	 	LH	 	2	0.57735	0.69897	1		
1	http://dbpedia.org/ontology/icaoAirlineCode;http://rdf.freebase.com/key/authority.icao.airline;http://www.wikidata.org/entity/P230c	 	 	 	 	 	 	GEC	GEC	GEC	 	3	0.57735	0.522879	1		
0	http://rdf.freebase.com/key/en	 	 	 	 	 	 	 	lufthansa_cargo	 	 	1	0.57735	1	1		
0	http://rdf.freebase.com/ns/aviation.aircraft_owner.aircraft_fleet_composition	 	 	 	 	 	 	 	http://rdf.freebase.com/ns/m.02hv_p3	 	 	1	0.57735	1	1		
0	http://rdf.freebase.com/ns/aviation.airline.accidents	 	 	 	 	 	 	 	Lufthansa Cargo Flight 8460	 	 	1	0.57735	1	1		
0	http://rdf.freebase.com/ns/common.topic.alias	 	 	 	 	 	 	 	Lufthansa Cargo AG	 	 	1	0.57735	1	1		
0	http://rdf.freebase.com/ns/common.topic.image	 	 	 	 	 	 	 	Lufthansa Cargo MD11 D-ALCB	 	 	1	0.57735	1	1		
0	http://rdf.freebase.com/ns/common.topic.webpage	 	 	 	 	 	 	 	http://rdf.freebase.com/ns/m.03l26zr	 	 	1	0.816497	1	1		
0	http://rdf.freebase.com/ns/organization.organization.child	 	 	 	 	 	 	 	AeroLogic	 	 	1	0.57735	1	1		
0	http://rdf.freebase.com/ns/organization.organization.parent;http://www.wikidata.org/entity/P749c	 	 	 	 	 	 	 	Lufthansa	Lufthansa	 	2	0.57735	0.69897	1		
0	http://www.wikidata.org/entity/P121c	 	 	 	 	 	 	 	 	MD-11	 	1	0.57735	1	1		
0	http://www.wikidata.org/entity/P127c	 	 	 	 	 	 	 	 	Lufthansa	 	1	0.57735	1	1		
0	http://www.wikidata.org/entity/P18c	 	 	 	 	 	 	 	 	http://commons.wikimedia.org/wiki/File:Lufthansa_Cargo_MD11_D-ALCB.jpg	 	1	0.57735	1	1		
0	http://www.wikidata.org/entity/P214c	 	 	 	 	 	 	 	 	142842759	 	1	0.57735	1	1		
0	http://www.wikidata.org/entity/P227c	 	 	 	 	 	 	 	 	10035311-3	 	1	0.57735	1	1		
0	http://www.wikidata.org/entity/P373c	 	 	 	 	 	 	 	 	Lufthansa Cargo	 	1	0.57735	1	1		
0	http://www.wikidata.org/entity/P432c	 	 	 	 	 	 	 	 	LUFTHANSA CARGO	 	1	0.57735	1	1		
0	http://yago-knowledge.org/resource/hasCitationTitle	 	 	 	 	 	 	 	 	 	BBC News - Lufthansa cargo plane crashes at Riyadh airport; Lufthansa Cargo focuses on Latin America	1	0.816497	1	1		
0	http://yago-knowledge.org/resource/hasWikipediaArticleLength	 	 	 	 	 	 	 	 	 	11662	1	0.57735	1	1		
0	http://yago-knowledge.org/resource/hasWikipediaUrl	 	 	 	 	 	 	 	 	 	http://en.wikipedia.org/wiki/Lufthansa_Cargo	1	0.57735	1	1		
0	http://yago-knowledge.org/resource/linksTo	 	 	 	 	 	 	 	 	 	Air Atlanta Icelandic; Austrian Airlines	1	0.816497	1	1		
0	http://yago-knowledge.org/resource/redirectedFrom	 	 	 	 	 	 	 	 	 	Lufthansa Cargo dispute	1	0.816497	1	1		
