score	dataset	dbpedia	freebase	wikidata	yago-knowledge	dbpedia	wikidata	yago-knowledge	dbpedia	freebase	yago-knowledge						
	entity	http://dbpedia.org/resource/Tribune_Broadcasting	http://rdf.freebase.com/ns/m.04hc2p	http://www.wikidata.org/entity/Q7840488	http://yago-knowledge.org/resource/Tribune_Broadcasting	http://dbpedia.org/resource/Tribune_Media	http://www.wikidata.org/entity/Q2140077	http://yago-knowledge.org/resource/Tribune_Company	http://dbpedia.org/resource/Tronc	http://rdf.freebase.com/ns/m.0bl15_	http://yago-knowledge.org/resource/Tribune_Publishing						
0	http://dbpedia.org/ontology/abstract	Tribune Broadcasting (corporate name: Tribune Broadcasting Company, LLC) is an American media compan	 	 	 	"(""Tribune Company"" redirects here. For the news and print publishing company formerly known as Tribu"	 	 	"(For other uses, see Tronc (disambiguation).)(""Tribune Publishing"" redirects here. For the broadcast"	 	 	3	0.816497	0.522879	1		
0	http://dbpedia.org/ontology/genre	Media company	 	 	 	 	 	 	 	 	 	1	0.57735	1	1		
0	http://dbpedia.org/ontology/industry	Terrestrial television	 	 	 	Conglomerate (company)	 	 	Commuter; Newspaper	 	 	3	0.816497	0.522879	1		
0	http://dbpedia.org/ontology/keyPerson	Peter Liguori	 	 	 	Bruce Karsh; Peter Liguori	 	 	http://dbpedia.org/resource/Justin_C._Dearborn	 	 	3	0.645497	0.522879	1		
0	http://dbpedia.org/ontology/parentCompany	Tribune Media	 	 	 	 	 	 	Tribune Media	 	 	2	0.57735	0.69897	1		
0	http://dbpedia.org/ontology/regionServed	United States	 	 	 	 	 	 	 	 	 	1	0.57735	1	1		
0	http://dbpedia.org/ontology/thumbnail	http://commons.wikimedia.org/wiki/Special:FilePath/Tribune_Broadcasting.PNG?width=300	 	 	 	http://commons.wikimedia.org/wiki/Special:FilePath/Tm_logo_solo.svg?width=300	 	 	http://commons.wikimedia.org/wiki/Special:FilePath/Chicago_29_Oct116.jpg?width=300	 	 	3	0.816497	0.522879	1		
0	http://dbpedia.org/ontology/type	Subsidiary	 	 	 	Publicly traded company	 	 	 	 	 	2	0.816497	0.69897	1		
0	http://dbpedia.org/ontology/wikiPageExternalLink	http://www.tribunemedia.com	 	 	 	http://CareerBuilder.com; http://GreatDealsInMyCity.com	 	 	http://motiv8agency.com; http://www.tronc.com/	 	 	3	0.816497	0.522879	1		
2	http://dbpedia.org/ontology/wikiPageID;http://rdf.freebase.com/key/wikipedia.en_id	1208225	1208225	 	 	368391	 	 	4136440	4136440	 	5	0.516398	0.30103	1		
0	http://dbpedia.org/ontology/wikiPageLength	41219	 	 	 	44178	 	 	28128	 	 	3	0.816497	0.522879	1		
0	http://dbpedia.org/ontology/wikiPageOutDegree	319	 	 	 	243	 	 	168	 	 	3	0.816497	0.522879	1		
0	http://dbpedia.org/ontology/wikiPageRevisionID	742736016	 	 	 	745236390	 	 	744727373	 	 	3	0.816497	0.522879	1		
0	http://purl.org/dc/terms/subject	Companies that have filed for Chapter 11 bankruptcy; Television broadcasting companies of the United	 	 	 	1847 establishments in Illinois; Chicago Cubs owners	 	 	1847 establishments in Illinois; American companies established in 2014	 	 	3	0.742484	0.522879	1		
0	http://www.w3.org/1999/02/22-rdf-syntax-ns#type;http://www.wikidata.org/entity/P31c	Social person; organisation	Broadcast Distributor; Business Operation	Item	wikicat Tribune Company subsidiaries; wordnet subsidiary company 108003935	Social person; organisation	TV production company	wikicat Companies based in Chicago, Illinois; wikicat Companies established in 1847	Social person; organisation	Award Nominee; Business Operation	wikicat Companies established in 1847; wikicat Newspaper companies of the United States	10	0.342997	0	1		
2	http://www.w3.org/2000/01/rdf-schema#comment;http://rdf.freebase.com/ns/common.topic.description	Tribune Broadcasting (corporate name: Tribune Broadcasting Company, LLC) is an American media compan	Tribune Broadcasting is an American media company which operates as a subsidiary of Tribune Media, a	 	 	"(""Tribune Company"" redirects here. For the news and print publishing company formerly known as Tribu"	 	 	"(For other uses, see Tronc (disambiguation).)(""Tribune Publishing"" redirects here. For the broadcast"	Tribune Publishing Company is an American newspaper and print media publishing company based in Chic	 	5	0.816497	0.30103	1		
3	http://www.w3.org/2000/01/rdf-schema#label	Tribune Broadcasting	Tribune Broadcasting	Tribune Broadcasting	Tribune Broadcasting	Tribune Media	Tribune Company	Tribune Company	Tronc	Tribune Publishing	Tribune Publishing	10	0.348155	0	1		
1	http://www.w3.org/2002/07/owl#sameAs	 	 	 	 	Tribune Media	 	Tribune Company	Tribune Publishing	 	Tribune Publishing	4	0.645497	0.39794	0		
0	http://www.w3.org/ns/prov#wasDerivedFrom	http://en.wikipedia.org/wiki/Tribune_Broadcasting?oldid=742736016	 	 	 	http://en.wikipedia.org/wiki/Tribune_Media?oldid=745236390	 	 	http://en.wikipedia.org/wiki/Tronc?oldid=744727373	 	 	3	0.816497	0.522879	1		
0	http://xmlns.com/foaf/0.1/depiction	http://commons.wikimedia.org/wiki/Special:FilePath/Tribune_Broadcasting.PNG	 	 	 	http://commons.wikimedia.org/wiki/Special:FilePath/Tm_logo_solo.svg	 	 	http://commons.wikimedia.org/wiki/Special:FilePath/Chicago_29_Oct116.jpg	 	 	3	0.816497	0.522879	1		
2	http://xmlns.com/foaf/0.1/homepage;http://yago-knowledge.org/resource/hasWebsite;http://www.wikidata.org/entity/P856c	http://www.tribunemedia.com	 	 	http://www.tribune.com/	http://www.tribunemedia.com/	http://www.tribune.com/	http://www.tribune.com/	http://www.tronc.com/	 	http://www.tribune.com	7	0.540062	0.154902	1		
1	http://xmlns.com/foaf/0.1/isPrimaryTopicOf;http://rdf.freebase.com/ns/common.topic.topic_equivalent_webpage	http://en.wikipedia.org/wiki/Tribune_Broadcasting	http://croctail.corpwatch.org/#cw_145205,cw_145205; http://en.wikipedia.org/wiki/Tribune_Broadcastin	 	 	http://en.wikipedia.org/wiki/Tribune_Media	 	 	http://en.wikipedia.org/wiki/Tronc	http://en.wikipedia.org/wiki/Tribune_Publishing; http://en.wikipedia.org/wiki/index.html?curid=41364	 	5	0.752773	0.30103	1		
0	http://xmlns.com/foaf/0.1/name	Tribune Broadcasting Company	 	 	 	Tribune Media Company	 	 	tronc, Inc.	 	 	3	0.816497	0.522879	1		
0	http://rdf.freebase.com/key/en	 	tribune_broadcasting	 	 	 	 	 	 	tribune_publishing	 	2	0.816497	0.69897	1		
0	http://rdf.freebase.com/key/source.corpwatch	 	145205	 	 	 	 	 	 	 	 	1	0.57735	1	1		
0	http://rdf.freebase.com/key/wikipedia.en	 	Tribune_Broadcasting	 	 	 	 	 	 	Tribune_Publishing_Company	 	2	0.816497	0.69897	1		
0	http://rdf.freebase.com/key/wikipedia.en_title	 	Tribune_Broadcasting	 	 	 	 	 	 	Tribune_Publishing	 	2	0.816497	0.69897	1		
0	http://rdf.freebase.com/ns/award.award_winner.awards_won	 	Peabody Award	 	 	 	 	 	 	 	 	1	0.57735	1	1		
0	http://rdf.freebase.com/ns/broadcast.distributor.distributes	 	Ghostbusters	 	 	 	 	 	 	 	 	1	0.57735	1	1		
0	http://rdf.freebase.com/ns/broadcast.radio_station_owner.radio_stations	 	WGN	 	 	 	 	 	 	 	 	1	0.57735	1	1		
0	http://rdf.freebase.com/ns/broadcast.tv_station_owner.tv_stations	 	KPLR-TV	 	 	 	 	 	 	 	 	1	0.816497	1	1		
0	http://rdf.freebase.com/ns/business.business_operation.industry	 	Television Broadcasting	 	 	 	 	 	 	Newspaper	 	2	0.816497	0.69897	1		
0	http://rdf.freebase.com/ns/business.employer.employees	 	Hal Fishman; Larry McCormick	 	 	 	 	 	 	Bruce Russell; Gene Sherman	 	2	0.816497	0.69897	1		
0	http://rdf.freebase.com/ns/common.topic.alias	 	Tribune Broadcasting Co	 	 	 	 	 	 	 	 	1	0.57735	1	1		
0	http://rdf.freebase.com/ns/common.topic.article	 	The Tribune Broadcasting Company is a group of radio and television stations located throughout the 	 	 	 	 	 	 	Tribune Publishing is a group of newspapers located throughout the United States which are owned and	 	2	0.816497	0.69897	1		
0	http://rdf.freebase.com/ns/common.topic.image	 	TRIBUNE broadcasting.jpg	 	 	 	 	 	 	 	 	1	0.816497	1	1		
0	http://rdf.freebase.com/ns/common.topic.notable_for	 	Television Broadcasting Business	 	 	 	 	 	 	Newspaper Business	 	2	0.816497	0.69897	1		
0	http://rdf.freebase.com/ns/common.topic.notable_types	 	TV station owner	 	 	 	 	 	 	Business Operation	 	2	0.816497	0.69897	1		
0	http://rdf.freebase.com/ns/common.topic.webpage	 	'30 Rock' syndication run to start in 2011	 	 	 	 	 	 	 	 	1	0.57735	1	1		
0	http://rdf.freebase.com/ns/kg.object_profile.prominent_type	 	TV station owner	 	 	 	 	 	 	Business Operation	 	2	0.816497	0.69897	1		
1	http://rdf.freebase.com/ns/organization.organization.child;http://yago-knowledge.org/resource/owns	 	Tribune Entertainment; WGN America	 	Chicagoland Television; WGN America	 	 	CareerBuilder; Chicagoland Television	 	Daily Press Media Group; Forsalebyowner.com	 	4	0.764656	0.39794	1		
3	http://rdf.freebase.com/ns/organization.organization.date_founded;http://yago-knowledge.org/resource/wasCreatedOnDate;http://www.wikidata.org/entity/P571c;http://dbpedia.org/ontology/foundingDate	 	24-Jun	 	1981/1/1	 	1847	1847-01-01	1847-06-10	1847-06-10	1847-06-10	7	0.645497	0.154902	1		
1	http://rdf.freebase.com/ns/organization.organization.headquarters;http://www.wikidata.org/entity/P159c;http://www.wikidata.org/entity/P17c;http://yago-knowledge.org/resource/isLocatedIn	 	http://rdf.freebase.com/ns/m.0whh59g	Tribune Tower	 	 	United States of America	Tribune Tower	 	http://rdf.freebase.com/ns/m.0whp5bx	Illinois	6	0.57735	0.221849	1		
0	http://rdf.freebase.com/ns/organization.organization.involved_in_merger	 	http://rdf.freebase.com/ns/m.0c1nprs	 	 	 	 	 	 	 	 	1	0.57735	1	1		
0	http://rdf.freebase.com/ns/organization.organization.parent	 	Tribune Media; http://rdf.freebase.com/ns/m.09py8q9	 	 	 	 	 	 	Tribune Media	 	2	0.57735	0.69897	1		
0	http://rdf.freebase.com/ns/organization.organization.place_founded	 	Chicago	 	 	 	 	 	 	 	 	1	0.57735	1	1		
0	http://rdf.freebase.com/ns/organization.organization.previous_names	 	http://rdf.freebase.com/ns/m.05txlgb	 	 	 	 	 	 	 	 	1	0.816497	1	1		
0	http://rdf.freebase.com/ns/tv.tv_program_creator.programs_created	 	Creature Double Feature	 	 	 	 	 	 	 	 	1	0.57735	1	1		
0	http://rdf.freebase.com/ns/type.object.key	 	/source/corpwatch/145205; /wikipedia/en_id/1208225	 	 	 	 	 	 	/wikipedia/en/Tribune_Publishing_Company; /wikipedia/en_id/4136440	 	2	0.816497	0.69897	1		
0	http://rdf.freebase.com/ns/type.object.name	 	Tribune Broadcasting	 	 	 	 	 	 	Tribune Publishing	 	2	0.816497	0.69897	1		
0	http://rdf.freebase.com/ns/type.object.type	 	Broadcast Distributor; Business Operation	 	 	 	 	 	 	Award Nominee; Business Operation	 	2	0.588784	0.69897	1		
0	http://rdf.freebase.com/ns/user.detroiter313.default_domain.licensee.licensed_as	 	Channel 39, Inc; Tribune Television New Orleans Inc	 	 	 	 	 	 	 	 	1	0.816497	1	1		
0	http://www.wikidata.org/entity/P910c	 	 	Category:Tribune Broadcasting	 	 	Category:Tribune Media	 	 	 	 	2	0.816497	0.69897	1		
0	http://www.w3.org/2004/02/skos/core#prefLabel	 	 	 	Tribune Broadcasting	 	 	Tribune Company	 	 	Tribune Publishing	3	0.816497	0.522879	1		
0	http://yago-knowledge.org/resource/created	 	 	 	Creature Double Feature	 	 	 	 	 	 	1	0.57735	1	1		
0	http://yago-knowledge.org/resource/hasCitationTitle	 	 	 	Acquisition to make Tribune Co. largest U.S. TV station operator; Tribune Interactive, Schurz in Web	 	 	Acquisition to make Tribune Co. largest U.S. TV station operator; Cubs sale to Ricketts is complete	 	 	At Flagging Tribune, Tales of a Bankrupt Culture; Tribune Shareholders Back Zell's Takeover	3	0.607758	0.522879	1		
0	http://yago-knowledge.org/resource/hasWikipediaAnchorText	 	 	 	"Fort Collins, Colorado; ""In brief."" Broadcasting, November 14, 1980, pg. 34"	 	 	Newspaper Chain Agrees to a Sale for $4.5 Billion; ForSalebyowner.com	 	 	Newspaper Chain Agrees to a Sale for $4.5 Billion; Baltimore Sun	3	0.687005	0.522879	1		
0	http://yago-knowledge.org/resource/hasWikipediaArticleLength	 	 	 	35695	 	 	37298	 	 	13936	3	0.816497	0.522879	1		
0	http://yago-knowledge.org/resource/hasWikipediaUrl	 	 	 	http://en.wikipedia.org/wiki/Tribune_Broadcasting	 	 	http://en.wikipedia.org/wiki/Tribune_Company	 	 	http://en.wikipedia.org/wiki/Tribune_Publishing	3	0.816497	0.522879	1		
0	http://yago-knowledge.org/resource/linksTo	 	 	 	American Broadcasting Company; Associated Press	 	 	Albany, New York; Bloomberg News	 	 	Allentown, Pennsylvania; Lake Street (Chicago)	3	0.646479	0.522879	1		
0	http://dbpedia.org/ontology/foundingYear	 	 	 	 	1861	 	 	1847	 	 	2	0.816497	0.69897	1		
0	http://dbpedia.org/ontology/locationCity	 	 	 	 	Illinois	 	 	Chicago, Illinois	 	 	2	0.816497	0.69897	1		
0	http://dbpedia.org/ontology/locationCountry	 	 	 	 	United States	 	 	United States	 	 	2	0.57735	0.69897	1		
0	http://dbpedia.org/ontology/numberOfEmployees	 	 	 	 	14000	 	 	 	 	 	1	0.57735	1	1		
0	http://dbpedia.org/ontology/owner	 	 	 	 	Angelo, Gordon & Co.; JPMorgan Chase	 	 	 	 	 	1	0.816497	1	1		
0	http://dbpedia.org/ontology/owningCompany	 	 	 	 	Angelo, Gordon & Co.; JPMorgan Chase	 	 	 	 	 	1	0.816497	1	1		
0	http://dbpedia.org/ontology/product	 	 	 	 	Real estate; Television production	 	 	 	 	 	1	0.816497	1	1		
0	http://www.w3.org/2004/02/skos/core#altLabel	 	 	 	 	 	Tribune Newspapers	 	 	 	 	1	0.57735	1	1		
0	http://www.wikidata.org/entity/P1454c	 	 	 	 	 	joint-stock company	 	 	 	 	1	0.57735	1	1		
0	http://www.wikidata.org/entity/P154c	 	 	 	 	 	http://commons.wikimedia.org/wiki/File:Tribune_Company.svg	 	 	 	 	1	0.57735	1	1		
0	http://www.wikidata.org/entity/P373c	 	 	 	 	 	Tribune Company	 	 	 	 	1	0.57735	1	1		
0	http://www.wikidata.org/entity/P646-freebase	 	 	 	 	 	Tribune Media	 	 	 	 	1	0.57735	1	1		
0	http://www.wikidata.org/entity/P646c	 	 	 	 	 	/m/0206k5	 	 	 	 	1	0.57735	1	1		
0	http://yago-knowledge.org/resource/hasNumberOfPeople	 	 	 	 	 	 	14000	 	 	 	1	0.57735	1	1		
0	http://yago-knowledge.org/resource/redirectedFrom	 	 	 	 	 	 	California Community News; The Tribune Company	 	 	 	1	0.816497	1	1		
0	http://rdf.freebase.com/ns/award.award_nominee.award_nominations	 	 	 	 	 	 	 	 	GLAAD Media Award for Outstanding Newspaper Overall Coverage	 	1	0.57735	1	1		
0	http://rdf.freebase.com/ns/book.periodical_publisher.periodicals_published	 	 	 	 	 	 	 	 	http://rdf.freebase.com/ns/m.0ywkyz1	 	1	0.57735	1	1		
0	http://rdf.freebase.com/ns/comic_strips.comic_strip_syndicate.comic_strips_syndicated	 	 	 	 	 	 	 	 	http://rdf.freebase.com/ns/m.01029sm_	 	1	0.57735	1	1		
0	http://rdf.freebase.com/ns/user.micahsaul.advertising.advertiser.ad_campaigns	 	 	 	 	 	 	 	 	Chicago Tribune	 	1	0.57735	1	1		
