score	dataset	wikidata	yago-knowledge	dbpedia	freebase	wikidata	yago-knowledge	dbpedia	freebase	wikidata	yago-knowledge						
	entity	http://www.wikidata.org/entity/Q4836582	http://yago-knowledge.org/resource/BSD_Records	http://dbpedia.org/resource/Berkeley_Software_Design	http://rdf.freebase.com/ns/m.045qdl	http://www.wikidata.org/entity/Q629470	http://yago-knowledge.org/resource/Berkeley_Software_Design	http://dbpedia.org/resource/Blue_State_Digital	http://rdf.freebase.com/ns/m.06lzw0	http://www.wikidata.org/entity/Q4929921	http://yago-knowledge.org/resource/Blue_State_Digital						
0	http://www.w3.org/1999/02/22-rdf-syntax-ns#type;http://www.wikidata.org/entity/P31c	record label	wikicat American record labels; wikicat Record labels disestablished in 1957	Social person; organisation	Business Operation	business enterprise	wikicat Companies based in California; wikicat Companies disestablished in 2002	Social person; organisation	Business Operation	business enterprise	wikicat Privately held companies based in Washington, D.C.; wordnet company 108058098	10	0.293972	0	1		
3	http://www.w3.org/2000/01/rdf-schema#label	BSD Records	BSD Records	Berkeley Software Design	Berkeley Software Design	Berkeley Software Design	Berkeley Software Design	Blue State Digital	Blue State Digital	Blue State Digital	Blue State Digital	10	0.182574	0	1		
3	http://www.wikidata.org/entity/P571c;http://yago-knowledge.org/resource/wasCreatedOnDate;http://rdf.freebase.com/ns/organization.organization.date_founded	1951	1951/1/1	 	1991	1991	1991/1/1	 	2004	2004	2004/1/1	8	0.645497	0.09691	1		
0	http://www.w3.org/2002/07/owl#sameAs	 	BSD Records	 	 	 	 	 	 	 	 	1	0.57735	1	0		
0	http://www.w3.org/2004/02/skos/core#prefLabel	 	BSD Records	 	 	 	Berkeley Software Design	 	 	 	Blue State Digital	3	0.816497	0.522879	1		
0	http://yago-knowledge.org/resource/hasWikipediaAnchorText	 	Angelo Pergolito; Jimmy Cavallo	 	 	 	Apple's Jordan Hubbard Joins iXsystems; Marshall Kirk McKusick	 	 	 	It Gets Better Down in Fort Worth, Texas | Tech President; America Coming Together	3	0.812173	0.522879	1		
0	http://yago-knowledge.org/resource/hasWikipediaArticleLength	 	786	 	 	 	8121	 	 	 	 	2	0.816497	0.69897	1		
0	http://yago-knowledge.org/resource/hasWikipediaUrl	 	http://en.wikipedia.org/wiki/BSD_Records	 	 	 	http://en.wikipedia.org/wiki/Berkeley_Software_Design	 	 	 	 	2	0.816497	0.69897	1		
0	http://yago-knowledge.org/resource/linksTo	 	1951 in music; Jimmy Cavallo	 	 	 	Berkeley Software Distribution; Leverage (finance)	 	 	 	 	2	0.816497	0.69897	1		
0	http://yago-knowledge.org/resource/wasDestroyedOnDate	 	1957/1/1	 	 	 	2002/1/1	 	 	 	 	2	0.816497	0.69897	1		
0	http://dbpedia.org/ontology/abstract	 	 	Berkeley Software Design Inc. (BSDI or, later, BSDi) was a corporation which developed, sold license	 	 	 	Blue State Digital is a digital strategy and technology firm that specializes in online fundraising,	 	 	 	2	0.816497	0.69897	1		
0	http://dbpedia.org/ontology/extinctionYear	 	 	2001	 	 	 	 	 	 	 	1	0.57735	1	1		
0	http://dbpedia.org/ontology/fate	 	 	Acquired	 	 	 	 	 	 	 	1	0.57735	1	1		
1	http://dbpedia.org/ontology/foundedBy;http://rdf.freebase.com/ns/organization.organization.founders;http://www.wikidata.org/entity/P112c	 	 	Bill Jolitz; Keith Bostic	Keith Bostic; Rick Adams	Rick Adams	 	 	Clay Johnson	 	 	4	0.666667	0.39794	1		
0	http://dbpedia.org/ontology/foundingYear	 	 	1991	 	 	 	2004	 	 	 	2	0.816497	0.69897	1		
0	http://dbpedia.org/ontology/genre	 	 	Operating system	 	 	 	 	 	 	 	1	0.57735	1	1		
0	http://dbpedia.org/ontology/industry	 	 	Computer software	 	 	 	Consultant	 	 	 	2	0.816497	0.69897	1		
0	http://dbpedia.org/ontology/locationCountry	 	 	United States	 	 	 	 	 	 	 	1	0.57735	1	1		
0	http://dbpedia.org/ontology/product	 	 	BSD/OS	 	 	 	 	 	 	 	1	0.57735	1	1		
0	http://dbpedia.org/ontology/successor	 	 	Wind River Systems	 	 	 	 	 	 	 	1	0.816497	1	1		
2	http://dbpedia.org/ontology/wikiPageID;http://rdf.freebase.com/key/wikipedia.en_id	 	 	1096826	1096826	 	 	30863334	30863334	 	 	4	0.408248	0.39794	1		
0	http://dbpedia.org/ontology/wikiPageLength	 	 	7014	 	 	 	13780	 	 	 	2	0.816497	0.69897	1		
0	http://dbpedia.org/ontology/wikiPageOutDegree	 	 	57	 	 	 	65	 	 	 	2	0.816497	0.69897	1		
0	http://dbpedia.org/ontology/wikiPageRevisionID	 	 	725032704	 	 	 	656236894	 	 	 	2	0.816497	0.69897	1		
0	http://purl.org/dc/terms/subject	 	 	American companies established in 1991; Berkeley Software Distribution	 	 	 	2004 establishments in Washington, D.C.; Privately held companies based in Washington, D.C.	 	 	 	2	0.816497	0.69897	1		
1	http://www.w3.org/2000/01/rdf-schema#comment;http://rdf.freebase.com/ns/common.topic.description	 	 	Berkeley Software Design Inc. (BSDI or, later, BSDi) was a corporation which developed, sold license	Berkeley Software Design Inc. was a corporation which developed, sold licenses for, and supported BS	 	 	Blue State Digital is a digital strategy and technology firm that specializes in online fundraising,	Blue State Digital is a digital strategy and technology firm that specializes in online fundraising,	 	 	4	0.645497	0.39794	1		
0	http://www.w3.org/2002/07/owl#differentFrom	 	 	Berkeley Software Distribution	 	 	 	 	 	 	 	1	0.57735	1	1		
0	http://www.w3.org/ns/prov#wasDerivedFrom	 	 	http://en.wikipedia.org/wiki/Berkeley_Software_Design?oldid=725032704	 	 	 	http://en.wikipedia.org/wiki/Blue_State_Digital?oldid=656236894	 	 	 	2	0.816497	0.69897	1		
1	http://xmlns.com/foaf/0.1/isPrimaryTopicOf;http://rdf.freebase.com/ns/common.topic.topic_equivalent_webpage	 	 	http://en.wikipedia.org/wiki/Berkeley_Software_Design	http://en.wikipedia.org/wiki/Berkeley_Software_Design; http://fa.wikipedia.org/wiki/%28%31%A9%44%CC_	 	 	http://en.wikipedia.org/wiki/Blue_State_Digital	http://en.wikipedia.org/wiki/Blue_State_Digital; http://en.wikipedia.org/wiki/index.html?curid=30863	 	 	4	0.68313	0.39794	1		
0	http://xmlns.com/foaf/0.1/name	 	 	Berkeley Software Design, Inc.	 	 	 	Blue State Digital	 	 	 	2	0.816497	0.69897	1		
0	http://rdf.freebase.com/key/authority.google.google_plus_page	 	 	 	1.03E+020	 	 	 	 	 	 	1	0.57735	1	1		
0	http://rdf.freebase.com/key/en	 	 	 	berkeley_software_design	 	 	 	blue_state_digital	 	 	2	0.816497	0.69897	1		
0	http://rdf.freebase.com/key/wikipedia.en	 	 	 	Berkeley_Software_Design	 	 	 	Blue_State_Digital	 	 	2	0.816497	0.69897	1		
0	http://rdf.freebase.com/key/wikipedia.en_title	 	 	 	Berkeley_Software_Design	 	 	 	Blue_State_Digital	 	 	2	0.816497	0.69897	1		
0	http://rdf.freebase.com/ns/common.topic.alias	 	 	 	Berkeley Software Design	 	 	 	 	 	 	1	0.57735	1	1		
1	http://rdf.freebase.com/ns/common.topic.article;http://schema.org/description	 	 	 	Berkeley Software Design Inc. (BSDI or, later, BSDi) was a corporation which developed, sold license	company	 	 	Blue State Digital is a new media strategy and technology firm that specializes in online fundraisin	 	 	3	0.816497	0.522879	1		
0	http://rdf.freebase.com/ns/common.topic.notable_for	 	 	 	Business Operation	 	 	 	Business Operation	 	 	2	0.57735	0.69897	1		
0	http://rdf.freebase.com/ns/common.topic.notable_types	 	 	 	Business Operation	 	 	 	Business Operation	 	 	2	0.57735	0.69897	1		
0	http://rdf.freebase.com/ns/common.topic.social_media_presence	 	 	 	http://plus.google.com/103239532448324979707	 	 	 	 	 	 	1	0.57735	1	1		
0	http://rdf.freebase.com/ns/kg.object_profile.prominent_type	 	 	 	Business Operation	 	 	 	Business Operation	 	 	2	0.57735	0.69897	1		
1	http://rdf.freebase.com/ns/organization.organization.headquarters;http://www.wikidata.org/entity/P17c;http://www.wikidata.org/entity/P159c	 	 	 	http://rdf.freebase.com/ns/m.0wlts41	United States of America	 	 	http://rdf.freebase.com/ns/m.04hrytw	United States of America; Washington	 	4	0.68313	0.39794	1		
0	http://rdf.freebase.com/ns/type.object.key	 	 	 	/authority/google/google_plus_page/103239532448324979707; /wikipedia/en_title/Berkeley_Software_Desi	 	 	 	/wikipedia/en_id/30863334; /wikipedia/en_title/Blue_State_Digital	 	 	2	0.816497	0.69897	1		
0	http://rdf.freebase.com/ns/type.object.name	 	 	 	Berkeley Software Design	 	 	 	Blue State Digital	 	 	2	0.816497	0.69897	1		
0	http://rdf.freebase.com/ns/type.object.type	 	 	 	Business Operation	 	 	 	Business Operation	 	 	2	0.365148	0.69897	1		
0	http://yago-knowledge.org/resource/created	 	 	 	 	 	BSD/OS	 	 	 	 	1	0.57735	1	1		
0	http://yago-knowledge.org/resource/hasCitationTitle	 	 	 	 	 	AT&T Lawsuit Helps to Launch Linux Into Mainstream; About the FreeBSD Project	 	 	 	"Ad creator claimed role in Obama campaign �?Los Angeles Times; I Made the ""Vote Different"" Ad"	2	0.816497	0.69897	1		
0	http://yago-knowledge.org/resource/redirectedFrom	 	 	 	 	 	Berkeley Software Design Inc.	 	 	 	Blue state digital	2	0.816497	0.69897	1		
0	http://dbpedia.org/ontology/location	 	 	 	 	 	 	New York, NY; United States	 	 	 	1	0.816497	1	1		
0	http://dbpedia.org/ontology/parentCompany	 	 	 	 	 	 	WPP plc	 	 	 	1	0.57735	1	1		
0	http://dbpedia.org/ontology/type	 	 	 	 	 	 	Subsidiary	 	 	 	1	0.57735	1	1		
0	http://dbpedia.org/ontology/wikiPageExternalLink	 	 	 	 	 	 	http://www.bluestatedigital.com	 	 	 	1	0.816497	1	1		
0	http://xmlns.com/foaf/0.1/homepage;http://rdf.freebase.com/ns/common.topic.official_website	 	 	 	 	 	 	http://www.bluestatedigital.com	http://www.bluestatedigital.com/	 	 	2	0.816497	0.69897	1		
0	http://rdf.freebase.com/ns/business.business_operation.industry	 	 	 	 	 	 	 	Consultant	 	 	1	0.57735	1	1		
0	http://rdf.freebase.com/ns/business.employer.employees	 	 	 	 	 	 	 	Joe Rospars	 	 	1	0.57735	1	1		
0	http://rdf.freebase.com/ns/common.topic.webpage	 	 	 	 	 	 	 	http://rdf.freebase.com/ns/m.04d73j_	 	 	1	0.816497	1	1		
0	http://rdf.freebase.com/ns/organization.organization.parent	 	 	 	 	 	 	 	WPP plc	 	 	1	0.57735	1	1		
