score	dataset	dbpedia	freebase	wikidata	yago-knowledge	dbpedia	freebase	wikidata	yago-knowledge	freebase	wikidata						
	entity	http://dbpedia.org/resource/Miller_Brewing_Company	http://rdf.freebase.com/ns/m.0f511	http://www.wikidata.org/entity/Q658637	http://yago-knowledge.org/resource/Miller_Brewing_Company	http://dbpedia.org/resource/Miller_Camera_Support_Equipment	http://rdf.freebase.com/ns/m.06zmhwn	http://www.wikidata.org/entity/Q3314317	http://yago-knowledge.org/resource/Miller_Camera_Support_Equipment	http://rdf.freebase.com/ns/m.0g2bqm	http://www.wikidata.org/entity/Q6859119						
0	http://dbpedia.org/ontology/abstract	The Miller Brewing Company is an American beer brewing company headquartered in Milwaukee, Wisconsin	 	 	 	Miller Camera Support Equipment is the commercial name of R. E. Miller Pty Ltd, an independent Austr	 	 	 	 	 	2	0.816497	0.69897	1		
0	http://dbpedia.org/ontology/foundingYear	1855	 	 	 	1954	 	 	 	 	 	2	0.816497	0.69897	1		
0	http://dbpedia.org/ontology/industry	Alcoholic beverage	 	 	 	 	 	 	 	 	 	1	0.57735	1	1		
0	http://dbpedia.org/ontology/internationally	1	 	 	 	 	 	 	 	 	 	1	0.57735	1	1		
0	http://dbpedia.org/ontology/keyPerson	Tom Long (CEO)	 	 	 	 	 	 	 	 	 	1	0.57735	1	1		
0	http://dbpedia.org/ontology/locationCity	Milwaukee, Wisconsin	 	 	 	 	 	 	 	 	 	1	0.57735	1	1		
0	http://dbpedia.org/ontology/parentCompany	SABMiller	 	 	 	 	 	 	 	 	 	1	0.57735	1	1		
0	http://dbpedia.org/ontology/product	Beer	 	 	 	Tripod	 	 	 	 	 	2	0.816497	0.69897	1		
0	http://dbpedia.org/ontology/thumbnail	http://commons.wikimedia.org/wiki/Special:FilePath/Miller_Valley,_location_of_the_Miller_Brewing_Com	 	 	 	 	 	 	 	 	 	1	0.57735	1	1		
0	http://dbpedia.org/ontology/wikiPageExternalLink	http://www.millercoors.com/	 	 	 	http://www.millertripods.com; http://www.powerhousemuseum.com/collection/database/?irn=118472	 	 	 	 	 	2	0.816497	0.69897	1		
2	http://dbpedia.org/ontology/wikiPageID;http://rdf.freebase.com/key/wikipedia.en_id	54178	54178	 	 	23611099	23611099	 	 	6356999	 	5	0.516398	0.30103	1		
0	http://dbpedia.org/ontology/wikiPageLength	18218	 	 	 	4924	 	 	 	 	 	2	0.816497	0.69897	1		
0	http://dbpedia.org/ontology/wikiPageOutDegree	90	 	 	 	13	 	 	 	 	 	2	0.816497	0.69897	1		
0	http://dbpedia.org/ontology/wikiPageRevisionID	743559246	 	 	 	732652483	 	 	 	 	 	2	0.816497	0.69897	1		
0	http://purl.org/dc/terms/subject	Beer brewing companies based in Wisconsin; Companies based in Milwaukee	 	 	 	Photography equipment	 	 	 	 	 	2	0.816497	0.69897	1		
0	http://www.w3.org/1999/02/22-rdf-syntax-ns#type;http://www.wikidata.org/entity/P31c	Social person; organisation	Brewery / Brand of beer; Business Operation	brewery	wikicat Brewery companies; wikicat Companies established in 1855	Social person; organisation	Business Operation; Social network user	business enterprise	wordnet abstraction 100002137; wordnet company 108058098	Business Operation	business enterprise	10	0.368514	0	1		
2	http://www.w3.org/2000/01/rdf-schema#comment;http://rdf.freebase.com/ns/common.topic.description	The Miller Brewing Company is an American beer brewing company headquartered in Milwaukee, Wisconsin	The Miller Brewing Company is a beer brewing company owned by SABMiller. Its regional headquarters i	 	 	Miller Camera Support Equipment is the commercial name of R. E. Miller Pty Ltd, an independent Austr	Miller Camera Support Equipment is the commercial name of R. E. Miller Pty Ltd, an independent Austr	 	 	Miller Electric is an arc welding and cutting equipment manufacturing company based in Appleton, WI.	 	5	0.68313	0.30103	1		
3	http://www.w3.org/2000/01/rdf-schema#label	Miller Brewing Company	Miller Brewing Company	Miller Brewing Company	Miller Brewing Company	Miller Camera Support Equipment	Miller Camera Support Equipment	Miller Camera Support Equipment	Miller Camera Support Equipment	Miller Electric	Miller Electric	10	0	0	1		
0	http://www.w3.org/2002/07/owl#sameAs	 	 	 	 	 	 	 	 	 	 	0	NaN	Infinity	0		
0	http://www.w3.org/ns/prov#wasDerivedFrom	http://en.wikipedia.org/wiki/Miller_Brewing_Company?oldid=743559246	 	 	 	http://en.wikipedia.org/wiki/Miller_Camera_Support_Equipment?oldid=732652483	 	 	 	 	 	2	0.816497	0.69897	1		
0	http://xmlns.com/foaf/0.1/depiction	http://commons.wikimedia.org/wiki/Special:FilePath/Miller_Valley,_location_of_the_Miller_Brewing_Com	 	 	 	 	 	 	 	 	 	1	0.57735	1	1		
2	http://xmlns.com/foaf/0.1/homepage;http://rdf.freebase.com/ns/common.topic.official_website;http://www.wikidata.org/entity/P856c;http://yago-knowledge.org/resource/hasWebsite	http://www.millercoors.com/	http://www.millerbrewing.com/	http://www.millercoors.com	http://www.millercoors.com/	http://www.millertripods.com/	http://www.millertripods.com/	http://www.millertripods.com/	 	 	 	7	0.48795	0.154902	1		
1	http://xmlns.com/foaf/0.1/isPrimaryTopicOf;http://rdf.freebase.com/ns/common.topic.topic_equivalent_webpage	http://en.wikipedia.org/wiki/Miller_Brewing_Company	http://ar.wikipedia.org/wiki/%45%4A%44%31_(%34%31%43%29_%2C%39%29); http://ja.wikipedia.org/wiki/%DF	 	 	http://en.wikipedia.org/wiki/Miller_Camera_Support_Equipment	http://en.wikipedia.org/wiki/Miller_Camera_Support_Equipment; http://fr.wikipedia.org/wiki/index.htm	 	 	http://en.wikipedia.org/wiki/Miller_Electric; http://en.wikipedia.org/wiki/index.html?curid=6356999	 	5	0.771517	0.30103	1		
0	http://xmlns.com/foaf/0.1/name	Miller Brewing Company	 	 	 	Miller Camera Support Equipment	 	 	 	 	 	2	0.816497	0.69897	1		
1	http://rdf.freebase.com/key/en	 	miller_brewing	 	 	 	miller_camera_support_equipment	 	 	miller_electric	 	3	0.816497	0.522879	1		
0	http://rdf.freebase.com/key/user.avh.ellerdale	 	0080-2cc8	 	 	 	 	 	 	 	 	1	0.57735	1	1		
1	http://rdf.freebase.com/key/wikipedia.en	 	Miller_Brewing_Company; Miller_Genuine_Draft_(beer)	 	 	 	Miller_Camera_Support_Equipment; Miller_fluid_drag	 	 	Miller_Electric	 	3	0.816497	0.522879	1		
1	http://rdf.freebase.com/key/wikipedia.en_title	 	Miller_Brewing_Company	 	 	 	Miller_Camera_Support_Equipment	 	 	Miller_Electric	 	3	0.816497	0.522879	1		
0	http://rdf.freebase.com/ns/base.ontologies.ontology_instance.equivalent_instances	 	Miller Brewing Company	 	 	 	 	 	 	 	 	1	0.57735	1	1		
0	http://rdf.freebase.com/ns/business.business_operation.industry	 	Alcoholic beverage	 	 	 	 	 	 	 	 	1	0.57735	1	1		
0	http://rdf.freebase.com/ns/business.consumer_company.products	 	Miller Lite	 	 	 	 	 	 	 	 	1	0.57735	1	1		
0	http://rdf.freebase.com/ns/business.employer.employees	 	Virgis W. Colbert	 	 	 	 	 	 	 	 	1	0.258199	1	1		
0	http://rdf.freebase.com/ns/business.product_endorsee.endorsements	 	http://rdf.freebase.com/ns/m.05sr_d6	 	 	 	 	 	 	 	 	1	0.57735	1	1		
0	http://rdf.freebase.com/ns/business.sponsor.sponsorship	 	Miller Park	 	 	 	 	 	 	 	 	1	0.57735	1	1		
1	http://rdf.freebase.com/ns/common.topic.article;http://schema.org/description	 	The Miller Brewing Company is an American beer brewing company owned by the United Kingdom-based SAB	American brewery and beer company	 	 	Miller Camera Support Equipment is the commercial name of R. E. Miller Pty Ltd, an independent Austr	 	 	Miller Electric is an arc welding and cutting equipment manufacturing company based in Appleton, WI.	 	4	0.816497	0.39794	1		
0	http://rdf.freebase.com/ns/common.topic.notable_for	 	Alcoholic beverage Business	 	 	 	Business Operation	 	 	Business Operation	 	3	0.57735	0.522879	1		
0	http://rdf.freebase.com/ns/common.topic.notable_types	 	Brewery / Brand of beer	 	 	 	Business Operation	 	 	Business Operation	 	3	0.57735	0.522879	1		
0	http://rdf.freebase.com/ns/common.topic.webpage	 	http://rdf.freebase.com/ns/m.07lds9q	 	 	 	http://rdf.freebase.com/ns/m.06zznx1	 	 	 	 	2	0.816497	0.69897	1		
0	http://rdf.freebase.com/ns/food.brewery_brand_of_beer.beers_produced	 	Miller Genuine Draft; Miller Milwaukee's Best	 	 	 	 	 	 	 	 	1	0.816497	1	1		
0	http://rdf.freebase.com/ns/kg.object_profile.prominent_type	 	Brewery / Brand of beer	 	 	 	Business Operation	 	 	Business Operation	 	3	0.57735	0.522879	1		
0	http://rdf.freebase.com/ns/organization.organization.acquired_by	 	http://rdf.freebase.com/ns/m.0bgdl23	 	 	 	 	 	 	 	 	1	0.57735	1	1		
3	http://rdf.freebase.com/ns/organization.organization.date_founded;http://www.wikidata.org/entity/P571c;http://yago-knowledge.org/resource/wasCreatedOnDate	 	1855	1855	1855-01-01	 	1954	1954	1954/1/1	1929	1929	8	0.540062	0.09691	1		
0	http://rdf.freebase.com/ns/organization.organization.founders;http://www.wikidata.org/entity/P112c	 	Frederick Miller	 	 	 	 	Eric Miller	 	 	 	2	0.816497	0.69897	1		
0	http://rdf.freebase.com/ns/organization.organization.headquarters;http://www.wikidata.org/entity/P17c;http://yago-knowledge.org/resource/isLocatedIn;http://www.wikidata.org/entity/P159c	 	http://rdf.freebase.com/ns/m.045mkkw	United States of America	Milwaukee	 	 	Sydney	Australia	http://rdf.freebase.com/ns/m.0b6wn7n	Appleton	7	0.816497	0.154902	1		
1	http://rdf.freebase.com/ns/organization.organization.parent;http://www.wikidata.org/entity/P749c	 	SABMiller	SABMiller	 	 	 	 	 	Illinois Tool Works	 	3	0.57735	0.522879	1		
0	http://rdf.freebase.com/ns/symbols.namesake.named_after	 	Frederick Miller	 	 	 	 	 	 	 	 	1	0.57735	1	1		
0	http://rdf.freebase.com/ns/type.object.key	 	/user/avh/ellerdale/0080-2cc8; /wikipedia/he_id/588513	 	 	 	/wikipedia/en/Miller_fluid_drag; /wikipedia/en_id/23611099	 	 	/wikipedia/en_id/6356999; /wikipedia/en_title/Miller_Electric	 	3	0.816497	0.522879	1		
0	http://rdf.freebase.com/ns/type.object.name	 	Miller Brewing Company	 	 	 	Miller Camera Support Equipment	 	 	Miller Electric	 	3	0.816497	0.522879	1		
0	http://rdf.freebase.com/ns/type.object.type	 	Brewery / Brand of beer; Business Operation	 	 	 	Business Operation; Social network user	 	 	Business Operation	 	3	0.408248	0.522879	1		
0	http://rdf.freebase.com/ns/user.avh.default_domain.ellerdale_topic.ellerdale_id	 	0080-2cc8	 	 	 	 	 	 	 	 	1	0.57735	1	1		
0	http://www.wikidata.org/entity/P214c	 	 	141894791	 	 	 	 	 	 	 	1	0.57735	1	1		
0	http://www.wikidata.org/entity/P646-freebase	 	 	Miller Brewing Company	 	 	 	 	 	 	 	1	0.57735	1	1		
0	http://www.wikidata.org/entity/P646c	 	 	/m/0f511	 	 	 	 	 	 	 	1	0.57735	1	1		
0	http://www.w3.org/2004/02/skos/core#prefLabel	 	 	 	Miller Brewing Company	 	 	 	Miller Camera Support Equipment	 	 	2	0.816497	0.69897	1		
0	http://yago-knowledge.org/resource/hasCitationTitle	 	 	 	Beer Nutrition Facts and Codes; Molson Coors and SABMiller merge U.S. operations	 	 	 	 	 	 	1	0.816497	1	1		
0	http://yago-knowledge.org/resource/hasLatitude	 	 	 	43.784	 	 	 	 	 	 	1	0.57735	1	1		
0	http://yago-knowledge.org/resource/hasLongitude	 	 	 	-88.788	 	 	 	 	 	 	1	0.57735	1	1		
0	http://yago-knowledge.org/resource/hasWikipediaAnchorText	 	 	 	Coors, Miller in U.S. Venture; Albany, Georgia	 	 	 	Company details - Encore Magazine Australia; ACS magazine, June 2006	 	 	2	0.816497	0.69897	1		
0	http://yago-knowledge.org/resource/hasWikipediaArticleLength	 	 	 	14192	 	 	 	 	 	 	1	0.57735	1	1		
0	http://yago-knowledge.org/resource/hasWikipediaUrl	 	 	 	http://en.wikipedia.org/wiki/Miller_Brewing_Company	 	 	 	 	 	 	1	0.57735	1	1		
0	http://yago-knowledge.org/resource/linksTo	 	 	 	United States; Albany, Georgia	 	 	 	 	 	 	1	0.816497	1	1		
0	http://yago-knowledge.org/resource/redirectedFrom	 	 	 	Miller Genuine Draft (beer); Milwaukee's Best Ice	 	 	 	Miller Camera Support; Miller fluid drag	 	 	2	0.816497	0.69897	1		
0	http://dbpedia.org/ontology/location	 	 	 	 	Australia; Sydney, NSW	 	 	 	 	 	1	0.816497	1	1		
