score	dataset	dbpedia	freebase	wikidata	yago-knowledge	dbpedia	freebase	yago-knowledge	dbpedia	wikidata	yago-knowledge						
	entity	http://dbpedia.org/resource/I_Want_You_Back	http://rdf.freebase.com/ns/m.05nm9l	http://www.wikidata.org/entity/Q1445942	http://yago-knowledge.org/resource/I_Want_You_Back	http://dbpedia.org/resource/I_Want_You_Back_(Mel_B_song)	http://rdf.freebase.com/ns/m.0bxjhq	http://yago-knowledge.org/resource/I_Want_You_Back_(Melanie_B_song)	http://dbpedia.org/resource/I_Want_You_Back_(NSYNC_song)	http://www.wikidata.org/entity/Q5979516	http://yago-knowledge.org/resource/I_Want_You_Back_('N_Sync_song)						
1	http://dbpedia.org/ontology/Work/runtime;http://dbpedia.org/ontology/runtime	179	 	 	 	206	 	 	200	 	 	3	0.816497	0.522879	1		
0	http://dbpedia.org/ontology/abstract	I Want You Back is a 1969 song by the Jackson 5 which became a number-one hit for the band and the	 	 	 	I Want You Back is a song by Melanie B, released as her first solo single. It was released as the 	 	 	I Want You Back is the debut single from American boy band NSYNC. It was written and produced by M	 	 	3	0.816497	0.522879	1		
0	http://dbpedia.org/ontology/album	Diana Ross Presents The Jackson 5	 	 	 	Hot (Mel B album)	 	 	NSYNC (album)	 	 	3	0.816497	0.522879	1		
0	http://dbpedia.org/ontology/bSide	Who's Lovin' You	 	 	 	 	 	 	"You Got It ""I Just Wanna Be with You"" ""Everything I Own"" ""Giddy Up"""	 	 	2	0.816497	0.69897	1		
0	http://dbpedia.org/ontology/certification	Platinum(RIAA),Silver(BPIA)	 	 	 	Silver (BPI) 223,419	 	 	Gold	 	 	3	0.816497	0.522879	1		
0	http://dbpedia.org/ontology/format;http://rdf.freebase.com/ns/music.composition.form	Vinyl record	Song	 	 	 	 	 	CD single	 	 	3	0.816497	0.522879	1		
1	http://dbpedia.org/ontology/genre;http://www.wikidata.org/entity/P136c	Pop music	 	soul music	 	 	 	 	Dance-pop	 	 	3	0.816497	0.522879	1		
1	http://dbpedia.org/ontology/musicalArtist;http://www.wikidata.org/entity/P175c	The Jackson 5	 	The Jackson 5	 	Mel B	 	 	NSYNC	'N Sync	 	5	0.68313	0.30103	1		
0	http://dbpedia.org/ontology/musicalBand	The Jackson 5	 	 	 	Mel B	 	 	NSYNC	 	 	3	0.816497	0.522879	1		
0	http://dbpedia.org/ontology/previousWork	Steeltown Records	 	 	 	 	 	 	 	 	 	1	0.57735	1	1		
0	http://dbpedia.org/ontology/producer	The Corporation (record production team)	 	 	 	 	 	 	Denniz Pop; Max Martin	 	 	2	0.816497	0.69897	1		
2	http://dbpedia.org/ontology/recordLabel;http://www.wikidata.org/entity/P264c	Motown Records	 	Motown	 	Virgin Records	 	 	RCA Records	RCA Records	 	5	0.68313	0.30103	1		
0	http://dbpedia.org/ontology/recordedIn	West Hollywood	 	 	 	 	 	 	Cheiron Studios	 	 	2	0.816497	0.69897	1		
2	http://dbpedia.org/ontology/releaseDate;http://www.wikidata.org/entity/P577c;http://yago-knowledge.org/resource/wasCreatedOnDate	1969/10/7	 	Oct-69	1969/7/1	1998/9/14	 	1998/9/14	1996/10/7	 	1996/8/1	7	0.745356	0.154902	1		
0	http://dbpedia.org/ontology/subsequentWork	ABC (song)	 	 	 	 	 	 	Tearin' Up My Heart	 	 	2	0.816497	0.69897	1		
0	http://dbpedia.org/ontology/wikiPageExternalLink	http://www.jackson5abc.com/albums/diana-ross-presents-the-jackson-5/i-want-you-back	 	 	 	 	 	 	 	 	 	1	0.57735	1	1		
2	http://dbpedia.org/ontology/wikiPageID;http://rdf.freebase.com/key/wikipedia.en_id	1689719	1689719	 	 	4331157	4331157	 	13336301	 	 	5	0.516398	0.30103	1		
0	http://dbpedia.org/ontology/wikiPageLength	14703	 	 	 	8057	 	 	6993	 	 	3	0.816497	0.522879	1		
0	http://dbpedia.org/ontology/wikiPageOutDegree	113	 	 	 	41	 	 	35	 	 	3	0.816497	0.522879	1		
0	http://dbpedia.org/ontology/wikiPageRevisionID	744239614	 	 	 	731303981	 	 	731371893	 	 	3	0.816497	0.522879	1		
0	http://dbpedia.org/ontology/writer	Deke Richards; Freddie Perren	 	 	 	 	 	 	Denniz Pop; Max Martin	 	 	2	0.816497	0.69897	1		
0	http://purl.org/dc/terms/subject	Billboard Hot R&B/Hip-Hop Songs number-one singles; Grammy Hall of Fame Award recipients	 	 	 	Missy Elliott songs; Number-one debut singles	 	 	RCA Records singles; Song recordings produced by Denniz Pop	 	 	3	0.794325	0.522879	1		
0	http://www.w3.org/1999/02/22-rdf-syntax-ns#type;http://www.wikidata.org/entity/P31c	CreativeWork; musical work	Award-Winning Work; Cataloged instance	single	wikicat Billboard Hot R&amp;B/Hip-Hop Songs number-one singles; wordnet medium 106254669	CreativeWork; musical work	Composition; Inanimate	wikicat Number-one debut singles; wikicat Virgin Records singles	CreativeWork; musical work	single	wikicat RCA Records singles; wordnet medium 106254669	10	0.27735	0	1		
2	http://www.w3.org/2000/01/rdf-schema#comment;http://rdf.freebase.com/ns/common.topic.description	I Want You Back is a 1969 song by the Jackson 5 which became a number-one hit for the band and the	I Want You Back is a 1969 song, and the debut major-label single for The Jackson 5 which became a 	 	 	I Want You Back is a song by Melanie B, released as her first solo single. It was released as the 	I Want You Back is a song by Melanie B, released as her first solo single. It was released as a si	 	I Want You Back is the debut single from American boy band NSYNC. It was written and produced by M	 	 	5	0.816497	0.30103	1		
2	http://www.w3.org/2000/01/rdf-schema#label	I Want You Back	I Want You Back	I Want You Back	I Want You Back	I Want You Back (Mel B song)	I Want You Back	I Want You Back (Melanie B song)	I Want You Back (NSYNC song)	I Want You Back	I Want You Back ('N Sync song)	10	0.288675	0	1		
0	http://www.w3.org/2002/07/owl#sameAs	 	 	 	 	I Want You Back	 	I Want You Back (Melanie B song)	I Want You Back	 	I Want You Back ('N Sync song)	4	0.645497	0.39794	0		
0	http://www.w3.org/ns/prov#wasDerivedFrom	http://en.wikipedia.org/wiki/I_Want_You_Back?oldid=744239614	 	 	 	http://en.wikipedia.org/wiki/I_Want_You_Back_(Mel_B_song)?oldid=731303981	 	 	http://en.wikipedia.org/wiki/I_Want_You_Back_(NSYNC_song)?oldid=731371893	 	 	3	0.816497	0.522879	1		
1	http://xmlns.com/foaf/0.1/isPrimaryTopicOf;http://rdf.freebase.com/ns/common.topic.topic_equivalent_webpage	http://en.wikipedia.org/wiki/I_Want_You_Back	http://ar.wikipedia.org/wiki/%22%4A_%48%27%46%2A_%4A%48_%28%27%43; http://ja.wikipedia.org/wiki/%30%	 	 	http://en.wikipedia.org/wiki/I_Want_You_Back_(Mel_B_song)	http://bg.wikipedia.org/wiki/I_Want_You_Back_(%3F%35%41%35%3D_%3D%30_%1C%35%3B%30%3D%38_%11%38); htt	 	http://en.wikipedia.org/wiki/I_Want_You_Back_(NSYNC_song)	 	 	5	0.791623	0.30103	1		
0	http://xmlns.com/foaf/0.1/name	I Want You Back	 	 	 	I Want You Back	 	 	I Want You Back	 	 	3	0.57735	0.522879	1		
0	http://rdf.freebase.com/key/authority.musicbrainz	 	59d3350e-0d05-3aa2-813d-0a99224873fd; eacc8c12-389a-343e-bcc1-b165a786c654	 	 	 	9050bc4e-09a0-3fe9-9013-bda86a74dfc6; b27c17b5-c367-3470-bb21-02dc86828e7a	 	 	 	 	2	0.816497	0.69897	1		
1	http://rdf.freebase.com/key/authority.musicbrainz.work;http://www.wikidata.org/entity/P435c	 	59d3350e-0d05-3aa2-813d-0a99224873fd; eacc8c12-389a-343e-bcc1-b165a786c654	958cb297-1409-32c1-ae48-54a425a17795	 	 	9050bc4e-09a0-3fe9-9013-bda86a74dfc6; 9ac4b552-538d-3e0e-9f19-3994a4441b4d	 	 	 	 	3	0.73598	0.522879	1		
0	http://rdf.freebase.com/key/en	 	i_want_you_back	 	 	 	 	 	 	 	 	1	0.57735	1	1		
0	http://rdf.freebase.com/key/user.avh.ellerdale	 	009e-64d2	 	 	 	 	 	 	 	 	1	0.57735	1	1		
0	http://rdf.freebase.com/key/wikipedia.en	 	I_Want_You_Back_(song)	 	 	 	I_Want_You_Back_(Melanie_Brown_song)	 	 	 	 	2	0.816497	0.69897	1		
0	http://rdf.freebase.com/key/wikipedia.en_title	 	I_Want_You_Back	 	 	 	I_Want_You_Back_(Mel_B_song)	 	 	 	 	2	0.816497	0.69897	1		
0	http://rdf.freebase.com/ns/award.ranked_item.appears_in_ranked_lists	 	http://rdf.freebase.com/ns/m.064tzpr	 	 	 	 	 	 	 	 	1	0.57735	1	1		
0	http://rdf.freebase.com/ns/common.topic.alias	 	I Want You Back (Dimitri From Paris Supa Funk Brakes mix); I Want You Back (single version)	 	 	 	I Want You Back (soundtrack version)	 	 	 	 	2	0.816497	0.69897	1		
0	http://rdf.freebase.com/ns/common.topic.article	 	I Want You Back is a 1969 song; the debut major-label single for The Jackson 5 which became a numb	 	 	 	I Want You Back is a song by Melanie Brown, released as her first solo single. It was released as 	 	 	 	 	2	0.816497	0.69897	1		
0	http://rdf.freebase.com/ns/common.topic.notable_for	 	Composition	 	 	 	Composition	 	 	 	 	2	0.57735	0.69897	1		
0	http://rdf.freebase.com/ns/common.topic.notable_types	 	Composition	 	 	 	Composition	 	 	 	 	2	0.57735	0.69897	1		
0	http://rdf.freebase.com/ns/common.topic.webpage	 	Members of Vampire Weekend, Ra Ra Riot form indie super-duo: Who else would you like to see join for	 	 	 	 	 	 	 	 	1	0.707107	1	1		
0	http://rdf.freebase.com/ns/cvg.musical_game_song.games	 	http://rdf.freebase.com/ns/m.062_1mm	 	 	 	 	 	 	 	 	1	0.57735	1	1		
0	http://rdf.freebase.com/ns/kg.object_profile.prominent_type	 	Composition	 	 	 	Composition	 	 	 	 	2	0.57735	0.69897	1		
0	http://rdf.freebase.com/ns/media_common.cataloged_instance.iswc	 	T-070.080.454-1	 	 	 	 	 	 	 	 	1	0.57735	1	1		
0	http://rdf.freebase.com/ns/music.composition.composer	 	Alphonzo Mizell; Berry Gordy	 	 	 	Donald Holmes; Missy Elliott	 	 	 	 	2	0.816497	0.69897	1		
0	http://rdf.freebase.com/ns/music.composition.language	 	English Language	 	 	 	 	 	 	 	 	1	0.57735	1	1		
0	http://rdf.freebase.com/ns/music.composition.lyricist	 	The Jackson 5	 	 	 	 	 	 	 	 	1	0.57735	1	1		
0	http://rdf.freebase.com/ns/music.composition.musical_key	 	A-flat major	 	 	 	 	 	 	 	 	1	0.57735	1	1		
0	http://rdf.freebase.com/ns/music.composition.recorded_as_album	 	I Want You Back	 	 	 	I Want You Back	 	 	 	 	2	0.57735	0.69897	1		
0	http://rdf.freebase.com/ns/music.composition.recordings	 	"I Want You Back (88) (12"" remix); The Jackson 5 Medley (Immortal version)"	 	 	 	I Want You Back (radio edit)	 	 	 	 	2	0.252523	0.69897	1		
0	http://rdf.freebase.com/ns/type.object.key	 	/authority/musicbrainz/59d3350e-0d05-3aa2-813d-0a99224873fd; /user/avh/ellerdale/009e-64d2	 	 	 	/authority/musicbrainz/9050bc4e-09a0-3fe9-9013-bda86a74dfc6; /wikipedia/bg_id/375502	 	 	 	 	2	0.816497	0.69897	1		
0	http://rdf.freebase.com/ns/type.object.name	 	I Want You Back	 	 	 	I Want You Back	 	 	 	 	2	0.57735	0.69897	1		
0	http://rdf.freebase.com/ns/type.object.type	 	Award-Winning Work; Cataloged instance	 	 	 	Composition; Inanimate	 	 	 	 	2	0.556349	0.69897	1		
0	http://rdf.freebase.com/ns/user.avh.default_domain.ellerdale_topic.ellerdale_id	 	009e-64d2	 	 	 	 	 	 	 	 	1	0.57735	1	1		
0	http://www.wikidata.org/entity/P156c	 	 	ABC	 	 	 	 	 	Tearin' Up My Heart	 	2	0.816497	0.69897	1		
0	http://www.wikidata.org/entity/P1954c	 	 	121877	 	 	 	 	 	73047	 	2	0.816497	0.69897	1		
0	http://www.wikidata.org/entity/P436c	 	 	7c0c9d49-9e5f-4d0d-a1bc-5128e8352533	 	 	 	 	 	95128a3f-6e3d-3714-af81-8bd287d5eb0f	 	2	0.816497	0.69897	1		
0	http://www.wikidata.org/entity/P495c	 	 	United States of America	 	 	 	 	 	United States of America	 	2	0.57735	0.69897	1		
0	http://www.wikidata.org/entity/P646-freebase	 	 	I Want You Back	 	 	 	 	 	 	 	1	0.57735	1	1		
0	http://www.wikidata.org/entity/P646c	 	 	/m/05nm9l	 	 	 	 	 	 	 	1	0.57735	1	1		
0	http://www.w3.org/2004/02/skos/core#prefLabel	 	 	 	I Want You Back	 	 	I Want You Back (Melanie B song)	 	 	I Want You Back ('N Sync song)	3	0.816497	0.522879	1		
0	http://yago-knowledge.org/resource/hasCitationTitle	 	 	 	Download French Single Top 50; The Jackson 5 - I Want You Back	 	 	I Want You Back <nowiki>[UK CD]</nowiki>; [[British Hit Singles & Albums]]	 	 	Billboard Top 100 - 1998	3	0.816497	0.522879	1		
0	http://yago-knowledge.org/resource/hasWikipediaAnchorText	 	 	 	Hitsville U.S.A.; 500 Greatest Songs of All Time	 	 	Billboard Hot 100; Here We Come	 	 	Alan Calzatti; Cheiron Studios	3	0.796333	0.522879	1		
0	http://yago-knowledge.org/resource/hasWikipediaArticleLength	 	 	 	11200	 	 	8807	 	 	6048	3	0.816497	0.522879	1		
0	http://yago-knowledge.org/resource/hasWikipediaUrl	 	 	 	http://en.wikipedia.org/wiki/I_Want_You_Back	 	 	http://en.wikipedia.org/wiki/I_Want_You_Back_%28Melanie_B_song%29	 	 	http://en.wikipedia.org/wiki/I_Want_You_Back_%28%27N_Sync_song%29	3	0.816497	0.522879	1		
0	http://yago-knowledge.org/resource/linksTo	 	 	 	Billboard Hot 100; Freddie Perren	 	 	Amazon.com; Contemporary R&B	 	 	Alan Calzatti; Billboard (magazine)	3	0.785674	0.522879	1		
0	http://yago-knowledge.org/resource/redirectedFrom	 	 	 	I Want You Back (song)	 	 	I Want You Back (Melanie Brown song)	 	 	I Want You Back (*NSYNC song)	3	0.816497	0.522879	1		
0	http://dbpedia.org/ontology/recordDate	 	 	 	 	1998/6/24	 	 	 	 	 	1	0.57735	1	1		
