score	dataset	dbpedia	wikidata	yago-knowledge	dbpedia	wikidata	yago-knowledge	dbpedia	freebase	wikidata	yago-knowledge						
	entity	http://dbpedia.org/resource/Miracle_(Foo_Fighters_song)	http://www.wikidata.org/entity/Q962346	http://yago-knowledge.org/resource/Miracle_(Foo_Fighters_song)	http://dbpedia.org/resource/Miracle_(Hurts_song)	http://www.wikidata.org/entity/Q4502430	http://yago-knowledge.org/resource/Miracle_(Hurts_song)	http://dbpedia.org/resource/Miracles_(Pet_Shop_Boys_song)	http://rdf.freebase.com/ns/m.0dgjz5	http://www.wikidata.org/entity/Q3858703	http://yago-knowledge.org/resource/Miracles_(Pet_Shop_Boys_song)						
1	http://dbpedia.org/ontology/Work/runtime;http://dbpedia.org/ontology/runtime	209	 	 	3.75	 	 	3.95	 	 	 	3	0.816497	0.522879	1		
0	http://dbpedia.org/ontology/abstract	Miracle is the fifth single released from the fifth Foo Fighters album, In Your Honor. It was rele	 	 	"Miracle is the lead single by British duo Hurts taken off their second studio album ""Exile"", which"	 	 	Miracles is a single by Pet Shop Boys, released in 2003. It was the first single, and one of two n	 	 	 	3	0.816497	0.522879	1		
0	http://dbpedia.org/ontology/album	In Your Honor	 	 	Exile (Hurts album)	 	 	PopArt: Pet Shop Boys �?The Hits	 	 	 	3	0.816497	0.522879	1		
0	http://dbpedia.org/ontology/format;http://rdf.freebase.com/ns/music.composition.form	Compact Disc	 	 	Music download	 	 	12-inch single	Song	 	 	4	0.816497	0.39794	1		
1	http://dbpedia.org/ontology/genre	Acoustic rock	 	 	Electronic rock; New wave music	 	 	Dance-pop	 	 	 	3	0.816497	0.522879	1		
2	http://dbpedia.org/ontology/musicalArtist;http://www.wikidata.org/entity/P175c	Foo Fighters	Foo Fighters	 	Hurts	Hurts	 	Pet Shop Boys	 	Pet Shop Boys	 	6	0.408248	0.221849	1		
0	http://dbpedia.org/ontology/musicalBand	Foo Fighters	 	 	Hurts	 	 	Pet Shop Boys	 	 	 	3	0.816497	0.522879	1		
0	http://dbpedia.org/ontology/previousWork	No Way Back/Cold Day in the Sun	 	 	Blood, Tears & Gold	 	 	London (Pet Shop Boys song)	 	 	 	3	0.816497	0.522879	1		
0	http://dbpedia.org/ontology/producer	Foo Fighters; Nick Raskulinecz	 	 	Hurts	 	 	Narcotic Thrust	 	 	 	3	0.816497	0.522879	1		
2	http://dbpedia.org/ontology/recordLabel;http://www.wikidata.org/entity/P264c	RCA Records	RCA Records	 	Record label; Sony Music Entertainment	Sony Music Entertainment; record label	 	Parlophone	 	Parlophone Records	 	6	0.516398	0.221849	1		
2	http://dbpedia.org/ontology/releaseDate;http://www.wikidata.org/entity/P577c;http://yago-knowledge.org/resource/wasCreatedOnDate	2006/9/18	2006/9/18	2005/3/1	2013/1/11	 	2013/1/11	2003/11/17	 	 	2003/11/17	7	0.48795	0.154902	1		
0	http://dbpedia.org/ontology/subsequentWork	The Pretender (Foo Fighters song)	 	 	Blind (Hurts song)	 	 	Flamboyant (song)	 	 	 	3	0.816497	0.522879	1		
2	http://dbpedia.org/ontology/wikiPageID;http://rdf.freebase.com/key/wikipedia.en_id	5944917	 	 	38496919	 	 	5342972	5342972	 	 	4	0.645497	0.39794	1		
0	http://dbpedia.org/ontology/wikiPageLength	2200	 	 	6062	 	 	4059	 	 	 	3	0.816497	0.522879	1		
0	http://dbpedia.org/ontology/wikiPageOutDegree	32	 	 	43	 	 	54	 	 	 	3	0.816497	0.522879	1		
0	http://dbpedia.org/ontology/wikiPageRevisionID	717394867	 	 	722475647	 	 	725158706	 	 	 	3	0.816497	0.522879	1		
1	http://dbpedia.org/ontology/writer	Chris Shiflett; Dave Grohl	 	 	Hurts	 	 	Chris Lowe; Fresh (musician)	 	 	 	3	0.816497	0.522879	1		
0	http://purl.org/dc/terms/subject	Foo Fighters songs; RCA Records singles	 	 	2013 singles; Hurts songs	 	 	Pet Shop Boys songs; Songs written by Neil Tennant	 	 	 	3	0.816497	0.522879	1		
3	http://www.w3.org/1999/02/22-rdf-syntax-ns#type;http://www.wikidata.org/entity/P31c	CreativeWork; musical work	single	wikicat RCA Records singles; wordnet medium 106254669	CreativeWork; musical work	single	wikicat 2013 singles; wordnet artifact 100021939	CreativeWork; musical work	Cataloged instance; Composition	single	wikicat UK Dance Singles Chart number-one singles; wordnet medium 106254669	10	0.18524	0	1		
1	http://www.w3.org/2000/01/rdf-schema#comment;http://rdf.freebase.com/ns/common.topic.description	Miracle is the fifth single released from the fifth Foo Fighters album, In Your Honor. It was rele	 	 	"Miracle is the lead single by British duo Hurts taken off their second studio album ""Exile"", which"	 	 	Miracles is a single by Pet Shop Boys, released in 2003. It was the first single, and one of two n	Miracles is a single by Pet Shop Boys, released in 2003. It was the first single, and one of two n	 	 	4	0.645497	0.39794	1		
2	http://www.w3.org/2000/01/rdf-schema#label	Miracle (Foo Fighters song)	Miracle	Miracle (Foo Fighters song)	Miracle (Hurts song)	Miracle	Miracle (Hurts song)	Miracles (Pet Shop Boys song)	Miracles	Miracles	Miracles (Pet Shop Boys song)	10	0.226455	0	1		
0	http://www.w3.org/2002/07/owl#sameAs	Miracle	 	 	Miracle	 	 	 	 	 	 	2	0.57735	0.69897	0		
0	http://www.w3.org/ns/prov#wasDerivedFrom	http://en.wikipedia.org/wiki/Miracle_(Foo_Fighters_song)?oldid=717394867	 	 	http://en.wikipedia.org/wiki/Miracle_(Hurts_song)?oldid=722475647	 	 	http://en.wikipedia.org/wiki/Miracles_(Pet_Shop_Boys_song)?oldid=725158706	 	 	 	3	0.816497	0.522879	1		
1	http://xmlns.com/foaf/0.1/isPrimaryTopicOf;http://rdf.freebase.com/ns/common.topic.topic_equivalent_webpage	http://en.wikipedia.org/wiki/Miracle_(Foo_Fighters_song)	 	 	http://en.wikipedia.org/wiki/Miracle_(Hurts_song)	 	 	http://en.wikipedia.org/wiki/Miracles_(Pet_Shop_Boys_song)	http://en.wikipedia.org/wiki/Miracles_(Pet_Shop_Boys_song); http://en.wikipedia.org/wiki/index.html?	 	 	4	0.763763	0.39794	1		
0	http://xmlns.com/foaf/0.1/name	Miracle	 	 	Miracle	 	 	Miracles	 	 	 	3	0.57735	0.522879	1		
1	http://schema.org/description;http://rdf.freebase.com/ns/common.topic.article	 	song by Foo Fighters	 	 	song by Hurts	 	 	Miracles is a single by Pet Shop Boys, released in 2003. It was the first single, and one of two n	Pet Shop Boys.	 	4	0.816497	0.39794	1		
1	http://www.wikidata.org/entity/P155c	 	No Way Back/Cold Day in the Sun	 	 	Blood, Tears & Gold	 	 	 	London	 	3	0.816497	0.522879	1		
1	http://www.wikidata.org/entity/P156c	 	The Pretender	 	 	Blind	 	 	 	Flamboyant	 	3	0.816497	0.522879	1		
1	http://www.wikidata.org/entity/P2624c	 	miracle-lyrics-foo-fighters	 	 	miracle-lyrics-hurts	 	 	 	miracles-lyrics-pet-shop-boys	 	3	0.816497	0.522879	1		
0	http://www.wikidata.org/entity/P495c	 	United States of America	 	 	 	 	 	 	 	 	1	0.57735	1	1		
0	http://www.wikidata.org/entity/P646-freebase	 	Miracle	 	 	Miracle	 	 	 	 	 	2	0.57735	0.69897	1		
0	http://www.wikidata.org/entity/P646c	 	/m/0ffvm_	 	 	/m/0r4q211	 	 	 	 	 	2	0.816497	0.69897	1		
0	http://www.w3.org/2004/02/skos/core#prefLabel	 	 	Miracle (Foo Fighters song)	 	 	Miracle (Hurts song)	 	 	 	Miracles (Pet Shop Boys song)	3	0.816497	0.522879	1		
0	http://yago-knowledge.org/resource/hasWikipediaAnchorText	 	 	Acoustic rock; Chris Shiflett	 	 	Blood, Tears & Gold; Dan Grech-Marguerat	 	 	 	Anne Dudley; music video	3	0.7981	0.522879	1		
0	http://yago-knowledge.org/resource/hasWikipediaArticleLength	 	 	2423	 	 	 	 	 	 	3946	2	0.816497	0.69897	1		
0	http://yago-knowledge.org/resource/hasWikipediaUrl	 	 	http://en.wikipedia.org/wiki/Miracle_%28Foo_Fighters_song%29	 	 	 	 	 	 	http://en.wikipedia.org/wiki/Miracles_%28Pet_Shop_Boys_song%29	2	0.816497	0.69897	1		
0	http://yago-knowledge.org/resource/linksTo	 	 	Adult Top 40; Chris Shiflett	 	 	 	 	 	 	Anne Dudley; Chris Lowe	2	0.816497	0.69897	1		
0	http://dbpedia.org/ontology/recordedIn	 	 	 	Gothenburg	 	 	 	 	 	 	1	0.57735	1	1		
0	http://dbpedia.org/ontology/thumbnail	 	 	 	http://commons.wikimedia.org/wiki/Special:FilePath/HURTS-Miracle-2013-white-1200x1200.png?width=300	 	 	 	 	 	 	1	0.57735	1	1		
0	http://xmlns.com/foaf/0.1/depiction	 	 	 	http://commons.wikimedia.org/wiki/Special:FilePath/HURTS-Miracle-2013-white-1200x1200.png	 	 	 	 	 	 	1	0.57735	1	1		
0	http://yago-knowledge.org/resource/hasCitationTitle	 	 	 	 	 	CHART: CLUK Update 23.03.2013 (wk11)	 	 	 	 	1	0.57735	1	1		
0	http://dbpedia.org/ontology/bSide	 	 	 	 	 	 	"We're the Pet Shop Boys, ""Transparent"""	 	 	 	1	0.57735	1	1		
0	http://dbpedia.org/ontology/wikiPageExternalLink	 	 	 	 	 	 	http://www.petshopboys.co.uk/	 	 	 	1	0.57735	1	1		
0	http://xmlns.com/foaf/0.1/homepage	 	 	 	 	 	 	http://www.petshopboys.co.uk/	 	 	 	1	0.57735	1	1		
0	http://rdf.freebase.com/key/authority.musicbrainz.work	 	 	 	 	 	 	 	d8605d76-f716-41c7-8e30-dd3e06e5136f	 	 	1	0.57735	1	1		
0	http://rdf.freebase.com/key/wikipedia.en	 	 	 	 	 	 	 	Miracles_(Pet_Shop_Boys_song)	 	 	1	0.57735	1	1		
0	http://rdf.freebase.com/key/wikipedia.en_title	 	 	 	 	 	 	 	Miracles_(Pet_Shop_Boys_song)	 	 	1	0.57735	1	1		
0	http://rdf.freebase.com/ns/common.topic.notable_for	 	 	 	 	 	 	 	Composition	 	 	1	0.57735	1	1		
0	http://rdf.freebase.com/ns/common.topic.notable_types	 	 	 	 	 	 	 	Composition	 	 	1	0.57735	1	1		
0	http://rdf.freebase.com/ns/kg.object_profile.prominent_type	 	 	 	 	 	 	 	Composition	 	 	1	0.57735	1	1		
0	http://rdf.freebase.com/ns/media_common.cataloged_instance.iswc	 	 	 	 	 	 	 	T-900.150.594-8; T-913.076.322-3	 	 	1	0.816497	1	1		
0	http://rdf.freebase.com/ns/music.composition.composer	 	 	 	 	 	 	 	Chris Lowe; Neil Tennant	 	 	1	0.816497	1	1		
0	http://rdf.freebase.com/ns/music.composition.language	 	 	 	 	 	 	 	English Language	 	 	1	0.57735	1	1		
0	http://rdf.freebase.com/ns/music.composition.recordings	 	 	 	 	 	 	 	"Miracles (12"" version); Miracles (Eric Prydz mix)"	 	 	1	0.645497	1	1		
0	http://rdf.freebase.com/ns/type.object.key	 	 	 	 	 	 	 	/authority/musicbrainz/work/d8605d76-f716-41c7-8e30-dd3e06e5136f; /wikipedia/en_id/5342972	 	 	1	0.816497	1	1		
0	http://rdf.freebase.com/ns/type.object.name	 	 	 	 	 	 	 	Miracles	 	 	1	0.57735	1	1		
0	http://rdf.freebase.com/ns/type.object.type	 	 	 	 	 	 	 	Cataloged instance; Composition	 	 	1	0.816497	1	1		
0	http://www.wikidata.org/entity/P436c	 	 	 	 	 	 	 	 	8c435531-f5a4-3d68-82dc-966555a52a0b	 	1	0.57735	1	1		
