score	dataset	dbpedia	freebase	wikidata	dbpedia	freebase	wikidata	dbpedia	freebase	wikidata	yago-knowledge						
	entity	http://dbpedia.org/resource/Time_(Pink_Floyd_song)	http://rdf.freebase.com/ns/m.0427sl	http://www.wikidata.org/entity/Q641913	http://dbpedia.org/resource/Time_Has_Come_Today	http://rdf.freebase.com/ns/m.02qxkmf	http://www.wikidata.org/entity/Q3528937	http://dbpedia.org/resource/Time_(David_Bowie_song)	http://rdf.freebase.com/ns/m.0bm_z5	http://www.wikidata.org/entity/Q3118968	http://yago-knowledge.org/resource/Time_(David_Bowie_song)						
1	http://dbpedia.org/ontology/Work/runtime;http://dbpedia.org/ontology/runtime	3.55	 	 	11.1	 	 	3	 	 	 	3	0.73598	0.522879	1		
0	http://dbpedia.org/ontology/aSide	Us and Them	 	 	 	 	 	 	 	 	 	1	0.57735	1	1		
0	http://dbpedia.org/ontology/abstract	Time is the fourth track from the English progressive rock band Pink Floyd's 1973 album The Dark S	 	 	Time Has Come Today is a hit single by the American soul group the Chambers Brothers, written by W	 	 	Time is a song by David Bowie. Written in New Orleans in November 1972 during the American leg of 	 	 	 	3	0.816497	0.522879	1		
0	http://dbpedia.org/ontology/album	The Dark Side of the Moon	 	 	 	 	 	Aladdin Sane	 	 	 	2	0.816497	0.69897	1		
0	http://dbpedia.org/ontology/format;http://rdf.freebase.com/ns/music.composition.form	Gramophone record	Song	 	"7"""	Song	 	Single (music)	Song	 	 	6	0.57735	0.221849	1		
1	http://dbpedia.org/ontology/genre	Progressive rock	 	 	Psychedelic rock	 	 	Avant-garde jazz; Glam rock	 	 	 	3	0.816497	0.522879	1		
2	http://dbpedia.org/ontology/musicalArtist;http://www.wikidata.org/entity/P175c	Pink Floyd	 	Pink Floyd	The Chambers Brothers	 	The Chambers Brothers	David Bowie	 	David Bowie	 	6	0.408248	0.221849	1		
0	http://dbpedia.org/ontology/musicalBand	Pink Floyd	 	 	The Chambers Brothers	 	 	David Bowie	 	 	 	3	0.816497	0.522879	1		
0	http://dbpedia.org/ontology/previousWork	Money (Pink Floyd song)	 	 	 	 	 	Drive-In Saturday	 	 	 	2	0.816497	0.69897	1		
0	http://dbpedia.org/ontology/producer	Pink Floyd	 	 	David Rubinson	 	 	Ken Scott	 	 	 	3	0.816497	0.522879	1		
2	http://dbpedia.org/ontology/recordLabel;http://www.wikidata.org/entity/P264c	Harvest Records	 	EMI	Columbia Records	 	 	RCA Records	 	RCA Records	 	5	0.68313	0.30103	1		
0	http://dbpedia.org/ontology/recordedIn	Abbey Road Studios	 	 	 	 	 	Trident Studios	 	 	 	2	0.816497	0.69897	1		
1	http://dbpedia.org/ontology/releaseDate;http://www.wikidata.org/entity/P577c;http://yago-knowledge.org/resource/wasCreatedOnDate	1974/2/4	 	1973	 	 	 	1973/4/13	 	 	1972/12/9	4	0.816497	0.39794	1		
0	http://dbpedia.org/ontology/subsequentWork	Have a Cigar	 	 	 	 	 	Let's Spend the Night Together	 	 	 	2	0.816497	0.69897	1		
2	http://dbpedia.org/ontology/wikiPageID;http://rdf.freebase.com/key/wikipedia.en_id	1057179	1057179	 	10994763	10994763	 	4171610	4171610	 	 	6	0.408248	0.221849	1		
0	http://dbpedia.org/ontology/wikiPageLength	11089	 	 	10533	 	 	7574	 	 	 	3	0.816497	0.522879	1		
0	http://dbpedia.org/ontology/wikiPageOutDegree	89	 	 	105	 	 	79	 	 	 	3	0.816497	0.522879	1		
0	http://dbpedia.org/ontology/wikiPageRevisionID	744366348	 	 	745258764	 	 	732233592	 	 	 	3	0.816497	0.522879	1		
1	http://dbpedia.org/ontology/writer	David Gilmour; Richard Wright (musician)	 	 	Willie Chambers	 	 	David Bowie	 	 	 	3	0.816497	0.522879	1		
0	http://purl.org/dc/terms/subject	Pink Floyd songs; Psychedelic rock songs	 	 	Columbia Records singles; Psychedelic soul songs	 	 	1973 singles; David Bowie songs	 	 	 	3	0.816497	0.522879	1		
3	http://www.w3.org/1999/02/22-rdf-syntax-ns#type;http://www.wikidata.org/entity/P31c	CreativeWork; musical work	Composition; Inanimate	single	CreativeWork; musical work	Composition; Inanimate	single	CreativeWork; musical work	Cataloged instance; Composition	single	wikicat 1973 singles; wordnet artifact 100021939	10	0.075165	0	1		
2	http://www.w3.org/2000/01/rdf-schema#comment;http://rdf.freebase.com/ns/common.topic.description	Time is the fourth track from the English progressive rock band Pink Floyd's 1973 album The Dark S	Time is the fourth track from the English progressive rock band Pink Floyd's 1973 album The Dark S	 	Time Has Come Today is a hit single by the American soul group the Chambers Brothers, written by W	Time Has Come Today is a song recorded by The Chambers Brothers in 1966 and released on the album 	 	Time is a song by David Bowie. Written in New Orleans in November 1972 during the American leg of 	Time is a song by David Bowie. Written in New Orleans in November 1972 during the American leg of 	 	 	6	0.57735	0.221849	1		
3	http://www.w3.org/2000/01/rdf-schema#label	Time (Pink Floyd song)	Time	Time	Time Has Come Today	Time Has Come Today	Time Has Come Today	Time (David Bowie song)	Time	Time	Time (David Bowie song)	10	0.174078	0	1		
0	http://www.w3.org/2002/07/owl#sameAs	 	 	 	 	 	 	 	 	 	 	0	NaN	Infinity	0		
0	http://www.w3.org/ns/prov#wasDerivedFrom	http://en.wikipedia.org/wiki/Time_(Pink_Floyd_song)?oldid=744366348	 	 	http://en.wikipedia.org/wiki/Time_Has_Come_Today?oldid=745258764	 	 	http://en.wikipedia.org/wiki/Time_(David_Bowie_song)?oldid=732233592	 	 	 	3	0.816497	0.522879	1		
1	http://xmlns.com/foaf/0.1/isPrimaryTopicOf;http://rdf.freebase.com/ns/common.topic.topic_equivalent_webpage	http://en.wikipedia.org/wiki/Time_(Pink_Floyd_song)	http://cs.wikipedia.org/wiki/Time_(p%EDse%48,_Pink_Floyd)	 	http://en.wikipedia.org/wiki/Time_Has_Come_Today	http://en.wikipedia.org/wiki/Time_Has_Come_Today; http://musicbrainz.org/work/42496370-4ada-3d9d-83d	 	http://en.wikipedia.org/wiki/Time_(David_Bowie_song)	http://en.wikipedia.org/wiki/Time_(David_Bowie_song); http://pt.wikipedia.org/wiki/Time_(can%E7%E3o_	 	 	6	0.785281	0.221849	1		
0	http://xmlns.com/foaf/0.1/name	Time	 	 	Time Has Come Today	 	 	Time	 	 	 	3	0.57735	0.522879	1		
0	http://rdf.freebase.com/key/authority.musicbrainz	 	435547ac-50e5-409b-a063-0dd6f51dd56a; 521dcdf8-fc2e-3ec2-9532-b38317cfc5d2	 	 	 	 	 	 	 	 	1	0.816497	1	1		
2	http://rdf.freebase.com/key/authority.musicbrainz.work;http://www.wikidata.org/entity/P435c	 	435547ac-50e5-409b-a063-0dd6f51dd56a; 521dcdf8-fc2e-3ec2-9532-b38317cfc5d2	afc11c49-d370-39f5-bed7-47975501ee32	 	42496370-4ada-3d9d-83da-92ceea0ffc78	42496370-4ada-3d9d-83da-92ceea0ffc78	 	c1e1ba9b-dd54-37ce-a9cd-ac9593ed0925	c1e1ba9b-dd54-37ce-a9cd-ac9593ed0925	 	6	0.540062	0.221849	1		
0	http://rdf.freebase.com/key/user.avh.ellerdale	 	0083-9974	 	 	 	 	 	 	 	 	1	0.57735	1	1		
1	http://rdf.freebase.com/key/wikipedia.en	 	Time_(song,_Pink_Floyd); Time_-_Pink_Floyd(song)	 	 	Time_(Has_Come_Today)_(The_Chamber_Brothers_song)	 	 	Time_(David_Bowie_song)	 	 	3	0.816497	0.522879	1		
1	http://rdf.freebase.com/key/wikipedia.en_title	 	Time_(Pink_Floyd_song)	 	 	Time_Has_Come_Today	 	 	Time_(David_Bowie_song)	 	 	3	0.816497	0.522879	1		
1	http://rdf.freebase.com/ns/common.topic.article;http://schema.org/description	 	Time is the fourth track from English progressive rock band Pink Floyd's 1973 album The Dark Side 	song by English progressive rock band Pink Floyd	 	Time Has Come Today is a song recorded by The Chambers Brothers in 1966. It was then released on a	 	 	Time is a song by David Bowie. Written in New Orleans in November 1972 during the American leg of 	song by David Bowie	 	5	0.816497	0.30103	1		
0	http://rdf.freebase.com/ns/common.topic.image	 	Pink Floyd-Time	 	 	 	 	 	 	 	 	1	0.57735	1	1		
0	http://rdf.freebase.com/ns/common.topic.notable_for	 	Composition	 	 	Composition	 	 	Composition	 	 	3	0.57735	0.522879	1		
0	http://rdf.freebase.com/ns/common.topic.notable_types	 	Composition	 	 	Composition	 	 	Composition	 	 	3	0.57735	0.522879	1		
0	http://rdf.freebase.com/ns/kg.object_profile.prominent_type	 	Composition	 	 	Composition	 	 	Composition	 	 	3	0.57735	0.522879	1		
1	http://rdf.freebase.com/ns/music.composition.composer;http://www.wikidata.org/entity/P86c	 	David Gilmour; Nick Mason	David Gilmour	 	Willie Chambers	 	 	David Bowie	 	 	4	0.73598	0.39794	1		
0	http://rdf.freebase.com/ns/music.composition.language	 	English Language	 	 	English Language	 	 	English Language	 	 	3	0.57735	0.522879	1		
1	http://rdf.freebase.com/ns/music.composition.lyricist;http://www.wikidata.org/entity/P676c	 	Roger Waters	 	 	 	 	 	David Bowie	David Bowie	 	3	0.57735	0.522879	1		
0	http://rdf.freebase.com/ns/music.composition.musical_key	 	A major	 	 	 	 	 	 	 	 	1	0.57735	1	1		
0	http://rdf.freebase.com/ns/music.composition.recordings	 	Time (1974 British tour concert screen film); Time (Pretty Lights remix)	 	 	Time Has Come Today (Single version one); Time Has Come Today (Stereo radio version)	 	 	Time (single edit)	 	 	3	0.442043	0.522879	1		
0	http://rdf.freebase.com/ns/type.object.key	 	/wikipedia/pl_id/793449; /authority/musicbrainz/435547ac-50e5-409b-a063-0dd6f51dd56a	 	 	/authority/musicbrainz/work/42496370-4ada-3d9d-83da-92ceea0ffc78; /wikipedia/en/Time_(Has_Come_Today	 	 	/authority/musicbrainz/work/c1e1ba9b-dd54-37ce-a9cd-ac9593ed0925; /wikipedia/en_id/4171610	 	 	3	0.816497	0.522879	1		
0	http://rdf.freebase.com/ns/type.object.name	 	Time	 	 	Time Has Come Today	 	 	Time	 	 	3	0.57735	0.522879	1		
0	http://rdf.freebase.com/ns/type.object.type	 	Composition; Inanimate	 	 	Composition; Inanimate	 	 	Cataloged instance; Composition	 	 	3	0.204124	0.522879	1		
0	http://rdf.freebase.com/ns/user.avh.default_domain.ellerdale_topic.ellerdale_id	 	0083-9974	 	 	 	 	 	 	 	 	1	0.57735	1	1		
0	http://www.wikidata.org/entity/P155c	 	 	Money	 	 	 	 	 	Drive-In Saturday	 	2	0.816497	0.69897	1		
0	http://www.wikidata.org/entity/P156c	 	 	Have a Cigar	 	 	 	 	 	Life on Mars?	 	2	0.816497	0.69897	1		
0	http://www.wikidata.org/entity/P2624c	 	 	time-lyrics-pink-floyd	 	 	 	 	 	time-lyrics-david-bowie	 	2	0.816497	0.69897	1		
0	http://www.wikidata.org/entity/P361c	 	 	The Dark Side of the Moon	 	 	 	 	 	 	 	1	0.57735	1	1		
0	http://www.wikidata.org/entity/P646-freebase	 	 	Time	 	 	Time Has Come Today	 	 	Time	 	3	0.57735	0.522879	1		
0	http://www.wikidata.org/entity/P646c	 	 	/m/0427sl	 	 	/m/02qxkmf	 	 	/m/0bm_z5	 	3	0.816497	0.522879	1		
0	http://dbpedia.org/ontology/bSide	 	 	 	"Dinah (original single); ""People Get Ready"" (hit single)"	 	 	The Prettiest Star	 	 	 	2	0.816497	0.69897	1		
0	http://dbpedia.org/ontology/recordDate	 	 	 	1967/8/9	 	 	 	 	 	 	1	0.57735	1	1		
0	http://rdf.freebase.com/key/en	 	 	 	 	time_has_come_today	 	 	 	 	 	1	0.57735	1	1		
0	http://www.wikidata.org/entity/P495c	 	 	 	 	 	United States of America	 	 	 	 	1	0.57735	1	1		
0	http://rdf.freebase.com/ns/media_common.cataloged_instance.iswc	 	 	 	 	 	 	 	T-900.014.086-3	 	 	1	0.57735	1	1		
0	http://www.w3.org/2004/02/skos/core#prefLabel	 	 	 	 	 	 	 	 	 	Time (David Bowie song)	1	0.57735	1	1		
0	http://yago-knowledge.org/resource/hasCitationTitle	 	 	 	 	 	 	 	 	 	Aladdin Sane (1973)	1	0.57735	1	1		
0	http://yago-knowledge.org/resource/hasWikipediaAnchorText	 	 	 	 	 	 	 	 	 	A Bit of Fry and Laurie; Bertolt Brecht	1	0.816497	1	1		
0	http://yago-knowledge.org/resource/hasWikipediaArticleLength	 	 	 	 	 	 	 	 	 	8006	1	0.57735	1	1		
0	http://yago-knowledge.org/resource/hasWikipediaUrl	 	 	 	 	 	 	 	 	 	http://en.wikipedia.org/wiki/Time_%28David_Bowie_song%29	1	0.57735	1	1		
0	http://yago-knowledge.org/resource/linksTo	 	 	 	 	 	 	 	 	 	Aladdin Sane; Nicholas Pegg	1	0.816497	1	1		
