score	dataset	dbpedia	freebase	wikidata	dbpedia	freebase	wikidata	yago-knowledge	dbpedia	wikidata	yago-knowledge						
	entity	http://dbpedia.org/resource/Venus_(Shocking_Blue_song)	http://rdf.freebase.com/ns/m.05q0qm	http://www.wikidata.org/entity/Q749752	http://dbpedia.org/resource/Venus_(Lady_Gaga_song)	http://rdf.freebase.com/ns/m.0ym6s2z	http://www.wikidata.org/entity/Q15068531	http://yago-knowledge.org/resource/Venus_(Lady_Gaga_song)	http://dbpedia.org/resource/Venus_(Frankie_Avalon_song)	http://www.wikidata.org/entity/Q1631481	http://yago-knowledge.org/resource/Venus_(Frankie_Avalon_song)						
1	http://dbpedia.org/ontology/Work/runtime;http://dbpedia.org/ontology/runtime	3.1	 	 	3.9	 	 	 	140	 	 	3	0.816497	0.522879	1		
0	http://dbpedia.org/ontology/abstract	Venus is a 1969 song written by Robbie van Leeuwen. In 1970, the Dutch rock band Shocking Blue too	 	 	Venus is a song by American recording artist Lady Gaga from her third studio album, Artpop (2013).	 	 	 	Venus is a song written by Ed Marshall and Peter DeAngelis. The most successful and best-known rec	 	 	3	0.816497	0.522879	1		
0	http://dbpedia.org/ontology/album	At Home (Shocking Blue album); True Confessions (album)	 	 	Artpop	 	 	 	 	 	 	2	0.816497	0.69897	1		
0	http://dbpedia.org/ontology/bSide	White Train	 	 	 	 	 	 	I'm Broke	 	 	2	0.816497	0.69897	1		
0	http://dbpedia.org/ontology/certification	Gold (RIAA)	 	 	 	 	 	 	 	 	 	1	0.816497	1	1		
0	http://dbpedia.org/ontology/format;http://rdf.freebase.com/ns/music.composition.form	12-inch single	Song	 	 	Song	 	 	 	 	 	3	0.645497	0.522879	1		
1	http://dbpedia.org/ontology/genre	Dance-pop; Psychedelic rock	 	 	Dance-pop	 	 	 	Pop music	 	 	3	0.707107	0.522879	1		
2	http://dbpedia.org/ontology/musicalArtist;http://www.wikidata.org/entity/P175c;http://dbpedia.org/ontology/artist	Bananarama; Shocking Blue	 	Shocking Blue	Lady Gaga	 	Lady Gaga	 	Frankie Avalon	Frankie Avalon	 	6	0.48795	0.221849	1		
0	http://dbpedia.org/ontology/musicalBand	Bananarama; Shocking Blue	 	 	 	 	 	 	Frankie Avalon	 	 	2	0.816497	0.69897	1		
0	http://dbpedia.org/ontology/previousWork	Do Not Disturb (song)	 	 	Aura (song)	 	 	 	I'll Wait for You (Frankie Avalon song)	 	 	3	0.816497	0.522879	1		
0	http://dbpedia.org/ontology/producer	Robbie van Leeuwen; Stock Aitken Waterman	 	 	Lady Gaga	 	 	 	 	 	 	2	0.816497	0.69897	1		
2	http://dbpedia.org/ontology/recordLabel;http://www.wikidata.org/entity/P264c	Colossus Records	 	Colossus Records	Interscope Records	 	Interscope Records	 	Chancellor Records	Chancellor Records	 	6	0.48795	0.221849	1		
2	http://dbpedia.org/ontology/releaseDate;http://www.wikidata.org/entity/P577c;http://yago-knowledge.org/resource/wasCreatedOnDate	1969/10/2	 	 	2013/10/27	 	2013/10/28	2013/10/27	 	 	1959/1/1	5	0.707107	0.30103	1		
0	http://dbpedia.org/ontology/subsequentWork	More Than Physical; http://dbpedia.org/resource/Mighty_Joe	 	 	G.U.Y.	 	 	 	A Boy Without a Girl; Bobby Sox to Stockings	 	 	3	0.816497	0.522879	1		
0	http://dbpedia.org/ontology/thumbnail	http://commons.wikimedia.org/wiki/Special:FilePath/Shocking_Blue_923-1956.jpg?width=300	 	 	http://commons.wikimedia.org/wiki/Special:FilePath/Sandro_Botticelli_-_La_nascita_di_Venere_-_Google	 	 	 	 	 	 	2	0.816497	0.69897	1		
2	http://dbpedia.org/ontology/wikiPageID;http://rdf.freebase.com/key/wikipedia.en_id	1707720	1707720	 	40755543	40755543	 	 	5634609	 	 	5	0.516398	0.30103	1		
0	http://dbpedia.org/ontology/wikiPageLength	22577	 	 	31260	 	 	 	3545	 	 	3	0.816497	0.522879	1		
0	http://dbpedia.org/ontology/wikiPageOutDegree	205	 	 	116	 	 	 	31	 	 	3	0.816497	0.522879	1		
0	http://dbpedia.org/ontology/wikiPageRevisionID	742297155	 	 	740832280	 	 	 	739907295	 	 	3	0.816497	0.522879	1		
0	http://dbpedia.org/ontology/writer	Robbie van Leeuwen	 	 	DJ White Shadow; Lady Gaga	 	 	 	 	 	 	2	0.816497	0.69897	1		
0	http://purl.org/dc/terms/subject	Billboard Dance Club Songs number-one singles; English-language Dutch songs	 	 	Interscope Records singles; Lady Gaga songs	 	 	 	Billboard Adult Contemporary number-one singles; Chancellor Records singles	 	 	3	0.798809	0.522879	1		
0	http://www.w3.org/1999/02/22-rdf-syntax-ns#type;http://www.wikidata.org/entity/P31c	CreativeWork; musical work	Cataloged instance; Composition	single	CreativeWork; MusicRecording	Composition; Inanimate	single	wikicat Lady Gaga songs; wordnet recording 104063661	CreativeWork; musical work	single	wikicat Billboard Adult Contemporary number-one singles; wordnet instrumentality 103575240	10	0.408248	0	1		
2	http://www.w3.org/2000/01/rdf-schema#comment;http://rdf.freebase.com/ns/common.topic.description	Venus is a 1969 song written by Robbie van Leeuwen. In 1970, the Dutch rock band Shocking Blue too	Venus is a 1969 song written by Robbie van Leeuwen. In 1970, the Dutch band Shocking Blue took the	 	Venus is a song by American recording artist Lady Gaga from her third studio album, Artpop (2013).	Venus is a song by American recording artist Lady Gaga from her third studio album, Artpop. It app	 	 	Venus is a song written by Ed Marshall and Peter DeAngelis. The most successful and best-known rec	 	 	5	0.816497	0.30103	1		
3	http://www.w3.org/2000/01/rdf-schema#label	Venus (Shocking Blue song)	Venus	Venus	Venus (Lady Gaga song)	Venus	Venus (Lady Gaga song)	Venus (Lady Gaga song)	Venus (Frankie Avalon song)	Venus	Venus (Frankie Avalon song)	10	0	0	1		
0	http://www.w3.org/2002/07/owl#sameAs	 	 	 	 	 	 	 	Venus	 	 	1	0.57735	1	0		
0	http://www.w3.org/ns/prov#wasDerivedFrom	http://en.wikipedia.org/wiki/Venus_(Shocking_Blue_song)?oldid=742297155	 	 	http://en.wikipedia.org/wiki/Venus_(Lady_Gaga_song)?oldid=740832280	 	 	 	http://en.wikipedia.org/wiki/Venus_(Frankie_Avalon_song)?oldid=739907295	 	 	3	0.816497	0.522879	1		
0	http://xmlns.com/foaf/0.1/depiction	http://commons.wikimedia.org/wiki/Special:FilePath/Shocking_Blue_923-1956.jpg	 	 	http://commons.wikimedia.org/wiki/Special:FilePath/Sandro_Botticelli_-_La_nascita_di_Venere_-_Google	 	 	 	 	 	 	2	0.816497	0.69897	1		
1	http://xmlns.com/foaf/0.1/isPrimaryTopicOf;http://rdf.freebase.com/ns/common.topic.topic_equivalent_webpage	http://en.wikipedia.org/wiki/Venus_(Shocking_Blue_song)	http://de.wikipedia.org/wiki/Venus_(Shocking-Blue-Lied); http://musicbrainz.org/work/8f020cf5-da9b-3	 	http://en.wikipedia.org/wiki/Venus_(Lady_Gaga_song)	http://cs.wikipedia.org/wiki/Venus_(p%EDse%48,_Lady_Gaga); http://tr.wikipedia.org/wiki/Venus_(Lady_	 	 	http://en.wikipedia.org/wiki/Venus_(Frankie_Avalon_song)	 	 	5	0.797432	0.30103	1		
0	http://xmlns.com/foaf/0.1/name	Venus	 	 	Venus	 	 	 	Venus	 	 	3	0.57735	0.522879	1		
0	http://rdf.freebase.com/key/authority.musicbrainz	 	8f020cf5-da9b-316d-aebf-0d11a12b22ab	 	 	 	 	 	 	 	 	1	0.57735	1	1		
1	http://rdf.freebase.com/key/authority.musicbrainz.work;http://www.wikidata.org/entity/P435c	 	8f020cf5-da9b-316d-aebf-0d11a12b22ab; bd1f03d4-f2c5-32fc-891a-cfce16f8b7b8	bd1f03d4-f2c5-32fc-891a-cfce16f8b7b8	 	c26ab5c3-8ad8-4a81-b7ea-c25dcc2e3391	 	 	 	 	 	3	0.645497	0.522879	1		
0	http://rdf.freebase.com/key/user.avh.ellerdale	 	0083-b485	 	 	 	 	 	 	 	 	1	0.57735	1	1		
0	http://rdf.freebase.com/key/wikipedia.en	 	I'm_Your_Venus; Venus_(Shocking_Blue_song)	 	 	Venus_(Lady_GaGa_song)	 	 	 	 	 	2	0.816497	0.69897	1		
0	http://rdf.freebase.com/key/wikipedia.en_title	 	Venus_(Shocking_Blue_song)	 	 	Venus_(Lady_Gaga_song)	 	 	 	 	 	2	0.816497	0.69897	1		
0	http://rdf.freebase.com/ns/award.ranked_item.appears_in_ranked_lists	 	http://rdf.freebase.com/ns/m.064tzpw	 	 	 	 	 	 	 	 	1	0.57735	1	1		
1	http://rdf.freebase.com/ns/common.topic.article;http://schema.org/description	 	Venus is a 1969 song by the Dutch band Shocking Blue which the group took to number one in the U.S	1969 song by the Dutch band Shocking Blue	 	 	 	 	 	song written by Ed Marshall and Peter DeAngelis	 	3	0.816497	0.522879	1		
0	http://rdf.freebase.com/ns/common.topic.notable_for	 	Composition	 	 	Composition	 	 	 	 	 	2	0.57735	0.69897	1		
0	http://rdf.freebase.com/ns/common.topic.notable_types	 	Composition	 	 	Composition	 	 	 	 	 	2	0.57735	0.69897	1		
0	http://rdf.freebase.com/ns/kg.object_profile.prominent_type	 	Composition	 	 	Composition	 	 	 	 	 	2	0.57735	0.69897	1		
0	http://rdf.freebase.com/ns/media_common.cataloged_instance.iswc	 	T-905.051.956-7	 	 	 	 	 	 	 	 	1	0.57735	1	1		
0	http://rdf.freebase.com/ns/music.composition.arrangements	 	Medley	 	 	 	 	 	 	 	 	1	0.57735	1	1		
0	http://rdf.freebase.com/ns/music.composition.composer	 	Robert Van Leeuwen	 	 	 	 	 	 	 	 	1	0.57735	1	1		
0	http://rdf.freebase.com/ns/music.composition.language	 	English Language	 	 	English Language	 	 	 	 	 	2	0.57735	0.69897	1		
0	http://rdf.freebase.com/ns/music.composition.lyricist	 	Robert Van Leeuwen	 	 	DJ White Shadow; Lady Gaga	 	 	 	 	 	2	0.816497	0.69897	1		
0	http://rdf.freebase.com/ns/music.composition.recordings	 	(If Loving You Is Wrong) I Don't Want to Be Right; Polka Party!	 	 	Venus	 	 	 	 	 	2	0.233662	0.69897	1		
0	http://rdf.freebase.com/ns/type.object.key	 	/authority/musicbrainz/8f020cf5-da9b-316d-aebf-0d11a12b22ab; /user/avh/ellerdale/0083-b485	 	 	/authority/musicbrainz/work/c26ab5c3-8ad8-4a81-b7ea-c25dcc2e3391; /wikipedia/ko_id/1002155	 	 	 	 	 	2	0.816497	0.69897	1		
0	http://rdf.freebase.com/ns/type.object.name	 	Venus	 	 	Venus	 	 	 	 	 	2	0.57735	0.69897	1		
0	http://rdf.freebase.com/ns/type.object.type	 	Cataloged instance; Composition	 	 	Composition; Inanimate	 	 	 	 	 	2	0.5	0.69897	1		
0	http://rdf.freebase.com/ns/user.avh.default_domain.ellerdale_topic.ellerdale_id	 	0083-b485	 	 	 	 	 	 	 	 	1	0.57735	1	1		
0	http://www.wikidata.org/entity/P2624c	 	 	venus-lyrics-shocking-blue	 	 	 	 	 	venus-lyrics-frankie-avalon	 	2	0.816497	0.69897	1		
0	http://www.wikidata.org/entity/P436c	 	 	ce631810-9512-3a8b-8c73-5cb8e8c4ece3	 	 	 	 	 	4a628ffc-4080-3462-ae6f-e57d31022f71	 	2	0.816497	0.69897	1		
0	http://www.wikidata.org/entity/P646-freebase	 	 	Venus	 	 	 	 	 	Venus	 	2	0.57735	0.69897	1		
0	http://www.wikidata.org/entity/P646c	 	 	/m/05q0qm	 	 	 	 	 	/m/0dxf7y	 	2	0.816497	0.69897	1		
0	http://dbpedia.org/ontology/trackNumber	 	 	 	2	 	 	 	 	 	 	1	0.57735	1	1		
0	http://dbpedia.org/ontology/type	 	 	 	Promotional recording	 	 	 	 	 	 	1	0.57735	1	1		
0	http://dbpedia.org/ontology/wikiPageExternalLink	 	 	 	http://www.nme.com/news/lady-gaga/73179	 	 	 	 	 	 	1	0.57735	1	1		
0	http://rdf.freebase.com/key/dataworld.freeq	 	 	 	 	job_f05ee8fc-b3a3-4051-8ac0-99c9a0753499_var_en_wikipedia_org_wiki_Venus_(Lady_Gaga_song)	 	 	 	 	 	1	0.57735	1	1		
0	http://rdf.freebase.com/ns/music.composition.recorded_as_album	 	 	 	 	Venus	 	 	 	 	 	1	0.57735	1	1		
0	http://www.w3.org/2004/02/skos/core#prefLabel	 	 	 	 	 	 	Venus (Lady Gaga song)	 	 	Venus (Frankie Avalon song)	2	0.816497	0.69897	1		
0	http://yago-knowledge.org/resource/hasCitationTitle	 	 	 	 	 	 	'ARTPOP' is the album of the millennium, says Lady Gaga; DigiListan 2013-11-10	 	 	Top Adult Contemporary: 1961-2001	2	0.816497	0.69897	1		
0	http://yago-knowledge.org/resource/hasWikipediaAnchorText	 	 	 	 	 	 	9pm watershed; Sveriges Radio	 	 	1959 in music; A Boy Without a Girl	2	0.816497	0.69897	1		
0	http://yago-knowledge.org/resource/redirectedFrom	 	 	 	 	 	 	Venus (Lady GaGa song)	 	 	 	1	0.57735	1	1		
0	http://yago-knowledge.org/resource/hasWikipediaArticleLength	 	 	 	 	 	 	 	 	 	3279	1	0.57735	1	1		
0	http://yago-knowledge.org/resource/hasWikipediaUrl	 	 	 	 	 	 	 	 	 	http://en.wikipedia.org/wiki/Venus_%28Frankie_Avalon_song%29	1	0.57735	1	1		
0	http://yago-knowledge.org/resource/linksTo	 	 	 	 	 	 	 	 	 	1959 in music; A Boy Without a Girl	1	0.816497	1	1		
