score	dataset	dbpedia	freebase	wikidata	yago-knowledge	dbpedia	freebase	wikidata	dbpedia	freebase	wikidata						
	entity	http://dbpedia.org/resource/Crimson_(Edge_of_Sanity_album)	http://rdf.freebase.com/ns/m.0dnttxz	http://www.wikidata.org/entity/Q1934837	http://yago-knowledge.org/resource/Crimson_(Edge_of_Sanity_album)	http://dbpedia.org/resource/Crimson_(Alkaline_Trio_album)	http://rdf.freebase.com/ns/m.01k40dh	http://www.wikidata.org/entity/Q950270	http://dbpedia.org/resource/Crimson_(Sentenced_album)	http://rdf.freebase.com/ns/m.01l3235	http://www.wikidata.org/entity/Q2710147						
1	http://dbpedia.org/ontology/Work/runtime;http://dbpedia.org/ontology/runtime	40	 	 	 	2570	 	 	3287	 	 	3	0.816497	0.522879	1		
0	http://dbpedia.org/ontology/abstract	Crimson is the fifth full-length studio album by Swedish death metal band Edge of Sanity, which is t	 	 	 	Crimson is the fifth album by Alkaline Trio.	 	 	Crimson, released in January 2000 on Century Media, is an album by the Finnish heavy metal band Sent	 	 	3	0.816497	0.522879	1		
3	http://dbpedia.org/ontology/artist;http://rdf.freebase.com/ns/music.album.artist;http://www.wikidata.org/entity/P175c	Edge of Sanity	Edge of Sanity	Edge of Sanity	 	Alkaline Trio	Alkaline Trio	Alkaline Trio	Sentenced	Sentenced	Sentenced	9	0	0.045757	1		
1	http://dbpedia.org/ontology/genre;http://rdf.freebase.com/ns/music.album.genre	Progressive death metal	Progressive metal; Technical death metal	 	 	Pop punk	Alternative rock; Pop punk	 	Gothic metal	Doom metal	 	6	0.672593	0.221849	1		
0	http://dbpedia.org/ontology/previousWork	Purgatory Afterglow	 	 	 	BYO Split Series, Vol. 5	 	 	Frozen (album)	 	 	3	0.816497	0.522879	1		
0	http://dbpedia.org/ontology/producer	Edge of Sanity	 	 	 	Jerry Finn	 	 	 	 	 	2	0.816497	0.69897	1		
2	http://dbpedia.org/ontology/recordLabel;http://www.wikidata.org/entity/P264c	Black Mark Production	 	Black Mark Productions	 	Vagrant Records	 	Vagrant Records	Century Media	 	Century Media Records	6	0.707107	0.221849	1		
0	http://dbpedia.org/ontology/recordedIn	1996 in music; http://dbpedia.org/resource/ProMix	 	 	 	 	 	 	 	 	 	1	0.816497	1	1		
0	http://dbpedia.org/ontology/subsequentWork	Infernal (Edge of Sanity album)	 	 	 	Remains (Alkaline Trio album)	 	 	The Cold White Light	 	 	3	0.816497	0.522879	1		
0	http://dbpedia.org/ontology/type	Studio album	 	 	 	 	 	 	 	 	 	1	0.57735	1	1		
0	http://dbpedia.org/ontology/wikiPageExternalLink	http://www.metalstorm.ee/bands/lyrics.php?album_id=1953&band_id=&bandname=Edge+Of+Sanity	 	 	 	https://www.youtube.com/playlist?list=PLLmds4EcjNUsw2I3k0QQvgRqamIfbTWY7	 	 	 	 	 	2	0.816497	0.69897	1		
2	http://dbpedia.org/ontology/wikiPageID;http://rdf.freebase.com/key/wikipedia.en_id	1196978	1196978	 	 	1675515	1675515	 	6086827	6086827	 	6	0.408248	0.221849	1		
0	http://dbpedia.org/ontology/wikiPageLength	5589	 	 	 	11965	 	 	2699	 	 	3	0.816497	0.522879	1		
0	http://dbpedia.org/ontology/wikiPageOutDegree	39	 	 	 	54	 	 	27	 	 	3	0.816497	0.522879	1		
0	http://dbpedia.org/ontology/wikiPageRevisionID	743477275	 	 	 	727396187	 	 	741975076	 	 	3	0.816497	0.522879	1		
0	http://purl.org/dc/terms/subject	Albums produced by Dan Swanö; Edge of Sanity albums	 	 	 	Albums produced by Jerry Finn; Alkaline Trio albums	 	 	Century Media Records albums	 	 	3	0.816497	0.522879	1		
3	http://www.w3.org/1999/02/22-rdf-syntax-ns#type;http://rdf.freebase.com/ns/music.album.album_content_type;http://rdf.freebase.com/ns/music.album.release_type;http://www.wikidata.org/entity/P31c	CreativeWork; musical work	Inanimate; Musical Album	album	wikicat Concept albums; wordnet artifact 100021939	CreativeWork; musical work	Inanimate; Musical Album	album	CreativeWork; musical work	Inanimate; Musical Album	album	10	0.15772	0	1		
2	http://www.w3.org/2000/01/rdf-schema#comment;http://rdf.freebase.com/ns/common.topic.description	Crimson is the fifth full-length studio album by Swedish death metal band Edge of Sanity, which is t	Crimson is the fifth full-length studio album by Swedish death metal band Edge of Sanity, which is t	 	 	Crimson is the fifth album by Alkaline Trio.	Crimson is the fifth album by Alkaline Trio, released on May 23, 2005. The record is produced by Jer	 	Crimson, released in January 2000 on Century Media, is an album by the Finnish heavy metal band Sent	Crimson, released in January 2000 on Century Media, is an album by the Finnish heavy metal band Sent	 	6	0.57735	0.221849	1		
2	http://www.w3.org/2000/01/rdf-schema#label	Crimson (Edge of Sanity album)	Crimson	Crimson	Crimson (Edge of Sanity album)	Crimson (Alkaline Trio album)	Crimson	Crimson	Crimson (Sentenced album)	Crimson [Reissue]	Crimson	10	0.348155	0	1		
0	http://www.w3.org/2002/07/owl#sameAs	 	 	 	 	 	 	 	 	 	 	0	NaN	Infinity	0		
0	http://www.w3.org/ns/prov#wasDerivedFrom	http://en.wikipedia.org/wiki/Crimson_(Edge_of_Sanity_album)?oldid=743477275	 	 	 	http://en.wikipedia.org/wiki/Crimson_(Alkaline_Trio_album)?oldid=727396187	 	 	http://en.wikipedia.org/wiki/Crimson_(Sentenced_album)?oldid=741975076	 	 	3	0.816497	0.522879	1		
1	http://xmlns.com/foaf/0.1/isPrimaryTopicOf;http://rdf.freebase.com/ns/common.topic.topic_equivalent_webpage	http://en.wikipedia.org/wiki/Crimson_(Edge_of_Sanity_album)	http://cs.wikipedia.org/wiki/index.html?curid=1010513; http://www.discogs.com/master/41139	 	 	http://en.wikipedia.org/wiki/Crimson_(Alkaline_Trio_album)	http://en.wikipedia.org/wiki/Crimson_(Alkaline_Trio_album); http://www.allmusic.com/album/mw00002119	 	http://en.wikipedia.org/wiki/Crimson_(Sentenced_album)	http://en.wikipedia.org/wiki/index.html?curid=6086827; http://tr.wikipedia.org/wiki/Crimson_(Sentenc	 	6	0.780368	0.221849	1		
0	http://xmlns.com/foaf/0.1/name	Crimson	 	 	 	Crimson	 	 	Crimson	 	 	3	0.57735	0.522879	1		
2	http://rdf.freebase.com/key/authority.discogs.master;http://www.wikidata.org/entity/P1954c	 	41139	41139	 	 	85693	85693	 	118675	118675	6	0.408248	0.221849	1		
1	http://rdf.freebase.com/key/authority.musicbrainz	 	06b7b8fa-5594-344a-b66e-2faec89ab76d; 11b01ea3-97ac-3bfe-b933-e80105d599ed	 	 	 	16521034-8046-39e2-b241-72ad50f7971d; c1ceba3b-c09a-3f27-96c1-ad27e357db95	 	 	6b1a8914-0d01-4ae9-a433-2c89f0a64be5; ec73a688-c620-3347-971f-5c38f7119803	 	3	0.816497	0.522879	1		
2	http://rdf.freebase.com/key/authority.musicbrainz.release_group;http://www.wikidata.org/entity/P436c	 	06b7b8fa-5594-344a-b66e-2faec89ab76d; 11b01ea3-97ac-3bfe-b933-e80105d599ed	11b01ea3-97ac-3bfe-b933-e80105d599ed	 	 	16521034-8046-39e2-b241-72ad50f7971d; c1ceba3b-c09a-3f27-96c1-ad27e357db95	16521034-8046-39e2-b241-72ad50f7971d	 	6b1a8914-0d01-4ae9-a433-2c89f0a64be5; ec73a688-c620-3347-971f-5c38f7119803	ec73a688-c620-3347-971f-5c38f7119803	6	0.57735	0.221849	1		
1	http://rdf.freebase.com/key/wikipedia.en	 	Crimson_(Edge_of_Sanity_album)	 	 	 	Crimson_(Alkaline_Trio_album); Crimson_(Special_Edition)	 	 	Crimson_(Sentenced_album)	 	3	0.816497	0.522879	1		
1	http://rdf.freebase.com/key/wikipedia.en_title	 	Crimson_(Edge_of_Sanity_album)	 	 	 	Crimson_(Alkaline_Trio_album)	 	 	Crimson_(Sentenced_album)	 	3	0.816497	0.522879	1		
2	http://rdf.freebase.com/ns/common.topic.article;http://schema.org/description	 	Crimson is the fifth full-length studio album by Swedish death metal band Edge of Sanity, which is t	album by Edge of Sanity	 	 	Crimson is the fifth album by Alkaline Trio, released May 23, 2005. The record is produced by Jerry 	album by Alkaline Trio	 	Crimson, released in January 2000 on Century Media, is an album by the Finnish heavy metal band Sent	album by Sentenced	6	0.816497	0.221849	1		
0	http://rdf.freebase.com/ns/common.topic.image	 	Crimson	 	 	 	 	 	 	 	 	1	0.57735	1	1		
0	http://rdf.freebase.com/ns/common.topic.notable_for	 	Melodic death metal Album	 	 	 	Punk rock Album	 	 	Gothic metal Album	 	3	0.816497	0.522879	1		
0	http://rdf.freebase.com/ns/common.topic.notable_types	 	Musical Album	 	 	 	Musical Album	 	 	Musical Album	 	3	0.57735	0.522879	1		
0	http://rdf.freebase.com/ns/common.topic.topical_webpage	 	http://www.discogs.com/release/394140	 	 	 	 	 	 	http://www.discogs.com/release/371789	 	2	0.816497	0.69897	1		
0	http://rdf.freebase.com/ns/common.topic.webpage	 	http://www.discogs.com/release/394140	 	 	 	 	 	 	http://www.discogs.com/release/371789	 	2	0.816497	0.69897	1		
0	http://rdf.freebase.com/ns/kg.object_profile.prominent_type	 	Musical Album	 	 	 	Musical Album	 	 	Musical Album	 	3	0.57735	0.522879	1		
0	http://rdf.freebase.com/ns/music.album.acquire_webpage	 	http://www.amazon.de/gp/product/B000024WUW	 	 	 	 	 	 	 	 	1	0.57735	1	1		
0	http://rdf.freebase.com/ns/music.album.contributor	 	http://rdf.freebase.com/ns/m.01vs3y6	 	 	 	 	 	 	 	 	1	0.57735	1	1		
0	http://rdf.freebase.com/ns/music.album.primary_release	 	Crimson	 	 	 	Crimson	 	 	Crimson [Reissue]	 	3	0.57735	0.522879	1		
2	http://rdf.freebase.com/ns/music.album.release_date;http://www.wikidata.org/entity/P577c;http://yago-knowledge.org/resource/wasCreatedOnDate;http://dbpedia.org/ontology/releaseDate	 	1996/3/6	1996	1995/1/1	2005/5/23	2005/5/23	 	2000/1/17	2000/1/17	 	7	0.645497	0.154902	1		
0	http://rdf.freebase.com/ns/music.album.releases	 	Crimson	 	 	 	Crimson	 	 	Crimson [Reissue]	 	3	0.436436	0.522879	1		
0	http://rdf.freebase.com/ns/type.object.key	 	/authority/discogs/master/41139; /wikipedia/cs_id/1010513	 	 	 	/authority/discogs/master/85693; /user/avh/ellerdale/01ac-5ceb	 	 	/authority/discogs/master/118675; /wikipedia/en_id/6086827	 	3	0.816497	0.522879	1		
0	http://rdf.freebase.com/ns/type.object.name	 	Crimson	 	 	 	Crimson	 	 	Crimson [Reissue]	 	3	0.57735	0.522879	1		
0	http://rdf.freebase.com/ns/type.object.type	 	Inanimate; Musical Album	 	 	 	Inanimate; Musical Album	 	 	Inanimate; Musical Album	 	3	0	0.522879	1		
1	http://www.wikidata.org/entity/P155c	 	 	Purgatory Afterglow	 	 	 	BYO Split Series Volume V	 	 	Frozen	3	0.816497	0.522879	1		
1	http://www.wikidata.org/entity/P156c	 	 	Infernal	 	 	 	Remains	 	 	The Cold White Light	3	0.816497	0.522879	1		
0	http://www.wikidata.org/entity/P646-freebase	 	 	Crimson	 	 	 	Crimson	 	 	Crimson [Reissue]	3	0.57735	0.522879	1		
0	http://www.wikidata.org/entity/P646c	 	 	/m/0dnttxz	 	 	 	/m/01k40dh	 	 	/m/01l3235	3	0.816497	0.522879	1		
0	http://www.w3.org/2004/02/skos/core#prefLabel	 	 	 	Crimson (Edge of Sanity album)	 	 	 	 	 	 	1	0.57735	1	1		
0	http://yago-knowledge.org/resource/hasWikipediaAnchorText	 	 	 	Andreas Axelsson; Crimson lyrics	 	 	 	 	 	 	1	0.816497	1	1		
0	http://yago-knowledge.org/resource/hasWikipediaArticleLength	 	 	 	4540	 	 	 	 	 	 	1	0.57735	1	1		
0	http://yago-knowledge.org/resource/hasWikipediaUrl	 	 	 	http://en.wikipedia.org/wiki/Crimson_%28Edge_of_Sanity_album%29	 	 	 	 	 	 	1	0.57735	1	1		
0	http://yago-knowledge.org/resource/linksTo	 	 	 	1996 in music; Andreas Axelsson	 	 	 	 	 	 	1	0.816497	1	1		
0	http://rdf.freebase.com/key/authority.rovi.music.album	 	 	 	 	 	mw0000211982	 	 	 	 	1	0.57735	1	1		
0	http://rdf.freebase.com/key/user.avh.ellerdale	 	 	 	 	 	01ac-5ceb	 	 	 	 	1	0.57735	1	1		
0	http://rdf.freebase.com/ns/user.avh.default_domain.ellerdale_topic.ellerdale_id	 	 	 	 	 	01ac-5ceb	 	 	 	 	1	0.57735	1	1		
0	http://www.wikidata.org/entity/P1729c	 	 	 	 	 	 	mw0000211982	 	 	 	1	0.57735	1	1		
0	http://www.wikidata.org/entity/P495c	 	 	 	 	 	 	United States of America	 	 	 	1	0.57735	1	1		
0	http://rdf.freebase.com/key/dataworld.freeq	 	 	 	 	 	 	 	 	job_de825c24-f04b-4af6-ae1c-18b06906de42_var_mb_ngs:release_group_release_group_gid_6b1a8914-0d01-4a	 	1	0.57735	1	1		
0	http://rdf.freebase.com/ns/common.topic.alias	 	 	 	 	 	 	 	 	Crimson	 	1	0.57735	1	1		
