score	dataset	dbpedia	freebase	wikidata	dbpedia	freebase	wikidata	dbpedia	freebase	wikidata	yago-knowledge						
	entity	http://dbpedia.org/resource/Word_of_Mouth_(The_Wanted_album)	http://rdf.freebase.com/ns/m.0wdxzjh	http://www.wikidata.org/entity/Q7784969	http://dbpedia.org/resource/Word_of_Mouth_(The_Kinks_album)	http://rdf.freebase.com/ns/m.01hjxrh	http://www.wikidata.org/entity/Q2137417	http://dbpedia.org/resource/Word_of_Mouth_(Jaco_Pastorius_album)	http://rdf.freebase.com/ns/m.01kwjn0	http://www.wikidata.org/entity/Q1547789	http://yago-knowledge.org/resource/Word_of_Mouth_(Jaco_Pastorius_album)						
0	http://dbpedia.org/ontology/abstract	Word of Mouth is the third studio album by English-Irish boy band The Wanted. The album was released	 	 	"Word of Mouth is the twentieth studio album by the English rock group, The Kinks. ""Do It Again"" was "	 	 	Word of Mouth is the second album by Jaco Pastorius, released in 1981 while the bassist was a member	 	 	 	3	0.816497	0.522879	1		
3	http://dbpedia.org/ontology/artist;http://rdf.freebase.com/ns/music.album.artist;http://www.wikidata.org/entity/P175c	The Wanted	The Wanted	The Wanted	The Kinks	The Kinks	The Kinks	Jaco Pastorius	Jaco Pastorius	Jaco Pastorius	 	9	0	0.045757	1		
0	http://dbpedia.org/ontology/previousWork	The Wanted (EP)	 	 	State of Confusion	 	 	Jaco Pastorius (album)	 	 	 	3	0.816497	0.522879	1		
1	http://dbpedia.org/ontology/producer;http://www.wikidata.org/entity/P162c	Adam Messinger; Fraser T Smith	 	 	Ray Davies	 	Ray Davies	Jaco Pastorius	 	 	 	4	0.774597	0.39794	1		
2	http://dbpedia.org/ontology/recordLabel;http://www.wikidata.org/entity/P264c	Island Records	 	Island Records	Arista Records	 	Arista Records	Warner Bros. Records	 	Warner Bros. Records	 	6	0.408248	0.221849	1		
2	http://dbpedia.org/ontology/releaseDate;http://rdf.freebase.com/ns/music.album.release_date;http://www.wikidata.org/entity/P577c;http://yago-knowledge.org/resource/wasCreatedOnDate	2013/11/4	2013/11/1	 	1984/11/19	1984/11/19	1984/11/19	 	Jul-81	 	1980/1/1	7	0.617213	0.154902	1		
0	http://dbpedia.org/ontology/wikiPageExternalLink	http://www.universalmusicmagazine.com/the-wanted-se-despide-de-mexico-con-disco-de-platino/	 	 	 	 	 	http://www.jacopastorius.com	 	 	 	2	0.816497	0.69897	1		
2	http://dbpedia.org/ontology/wikiPageID;http://rdf.freebase.com/key/wikipedia.en_id	40039228	40039228	 	5985471	5985471	 	372970	372970	 	 	6	0.408248	0.221849	1		
0	http://dbpedia.org/ontology/wikiPageLength	40774	 	 	5310	 	 	5176	 	 	 	3	0.816497	0.522879	1		
0	http://dbpedia.org/ontology/wikiPageOutDegree	158	 	 	44	 	 	51	 	 	 	3	0.816497	0.522879	1		
0	http://dbpedia.org/ontology/wikiPageRevisionID	732557981	 	 	738383106	 	 	731150821	 	 	 	3	0.816497	0.522879	1		
0	http://purl.org/dc/terms/subject	Albums produced by Dr. Luke; English-language albums	 	 	Albums produced by Ray Davies; Arista Records albums	 	 	Jaco Pastorius albums; Warner Bros. Records albums	 	 	 	3	0.816497	0.522879	1		
0	http://www.w3.org/1999/02/22-rdf-syntax-ns#type;http://rdf.freebase.com/ns/music.album.album_content_type;http://rdf.freebase.com/ns/music.album.release_type;http://www.wikidata.org/entity/P31c	CreativeWork; musical work	Award-Nominated Work; Musical Album	album	CreativeWork; musical work	Inanimate; Musical Album	album	CreativeWork; musical work	Inanimate; Musical Album	album	wikicat Jaco Pastorius albums; wordnet album 106591815	10	0.208514	0	1		
2	http://www.w3.org/2000/01/rdf-schema#comment;http://rdf.freebase.com/ns/common.topic.description	Word of Mouth is the third studio album by English-Irish boy band The Wanted. The album was released	Word of Mouth is a 2013 music album by The Wanted.	 	"Word of Mouth is the twentieth studio album by the English rock group, The Kinks. ""Do It Again"" was "	"Word of Mouth is the twentieth studio album by the English rock group, The Kinks. ""Do It Again"" was "	 	Word of Mouth is the second album by Jaco Pastorius, released in 1981 while the bassist was a member	Word of Mouth was the second album by Jaco Pastorius, released in 1981 while the bassist was a membe	 	 	6	0.617213	0.221849	1		
3	http://www.w3.org/2000/01/rdf-schema#label	Word of Mouth (The Wanted album)	Word of Mouth	Word of Mouth	Word of Mouth (The Kinks album)	Word of Mouth	Word of Mouth	Word of Mouth (Jaco Pastorius album)	Word of Mouth	Word of Mouth	Word of Mouth (Jaco Pastorius album)	10	0.174078	0	1		
0	http://www.w3.org/2002/07/owl#sameAs	 	 	 	 	 	 	 	 	 	 	0	NaN	Infinity	0		
0	http://www.w3.org/ns/prov#wasDerivedFrom	http://en.wikipedia.org/wiki/Word_of_Mouth_(The_Wanted_album)?oldid=732557981	 	 	http://en.wikipedia.org/wiki/Word_of_Mouth_(The_Kinks_album)?oldid=738383106	 	 	http://en.wikipedia.org/wiki/Word_of_Mouth_(Jaco_Pastorius_album)?oldid=731150821	 	 	 	3	0.816497	0.522879	1		
1	http://xmlns.com/foaf/0.1/isPrimaryTopicOf;http://rdf.freebase.com/ns/common.topic.topic_equivalent_webpage	http://en.wikipedia.org/wiki/Word_of_Mouth_(The_Wanted_album)	http://en.wikipedia.org/wiki/Word_of_Mouth_(The_Wanted_album); http://rateyourmusic.com/release/albu	 	http://en.wikipedia.org/wiki/Word_of_Mouth_(The_Kinks_album)	http://cs.wikipedia.org/wiki/Word_of_Mouth_(album,_The_Kinks); http://www.allmusic.com/album/mw00001	 	http://en.wikipedia.org/wiki/Word_of_Mouth_(Jaco_Pastorius_album)	http://de.wikipedia.org/wiki/index.html?curid=4563223; http://www.discogs.com/master/49085	 	 	6	0.780368	0.221849	1		
0	http://xmlns.com/foaf/0.1/name	Word of Mouth	 	 	Word of Mouth	 	 	Word of Mouth	 	 	 	3	0.57735	0.522879	1		
2	http://rdf.freebase.com/key/authority.discogs.master;http://www.wikidata.org/entity/P1954c	 	615874	615874	 	101480	101480	 	49085	49085	 	6	0.408248	0.221849	1		
1	http://rdf.freebase.com/key/authority.musicbrainz	 	25dc4e59-9d17-4506-a219-4a4d756044ef	 	 	62fb035e-240b-38e1-af67-3e36950b5b02; 70ddbc75-a108-429a-8ed1-8f29e138a91e	 	 	c7d8088c-1b62-35b8-a3d9-3e46b2b56b0d	 	 	3	0.816497	0.522879	1		
2	http://rdf.freebase.com/key/authority.musicbrainz.release_group;http://www.wikidata.org/entity/P436c	 	25dc4e59-9d17-4506-a219-4a4d756044ef	25dc4e59-9d17-4506-a219-4a4d756044ef	 	62fb035e-240b-38e1-af67-3e36950b5b02; 70ddbc75-a108-429a-8ed1-8f29e138a91e	62fb035e-240b-38e1-af67-3e36950b5b02	 	c7d8088c-1b62-35b8-a3d9-3e46b2b56b0d	c7d8088c-1b62-35b8-a3d9-3e46b2b56b0d	 	6	0.48795	0.221849	1		
0	http://rdf.freebase.com/key/authority.rovi.music.album	 	mw0002572672	 	 	mw0000194486	 	 	 	 	 	2	0.816497	0.69897	1		
0	http://rdf.freebase.com/key/dataworld.freeq	 	job_6efc54c3-f543-48c9-b8d1-b924b6b95df8_var_en_wikipedia_org_wiki_Word_of_Mouth_(The_Wanted_album)	 	 	 	 	 	 	 	 	1	0.816497	1	1		
1	http://rdf.freebase.com/key/wikipedia.en	 	The_Wanted's_third_studio_album; Word_of_Mouth_(The_Wanted_album)	 	 	Word_of_Mouth_(The_Kinks_album)	 	 	Word_of_Mouth_(Jaco_Pastorius_album)	 	 	3	0.816497	0.522879	1		
1	http://rdf.freebase.com/key/wikipedia.en_title	 	Word_of_Mouth_(The_Wanted_album)	 	 	Word_of_Mouth_(The_Kinks_album)	 	 	Word_of_Mouth_(Jaco_Pastorius_album)	 	 	3	0.816497	0.522879	1		
0	http://rdf.freebase.com/ns/award.award_nominated_work.award_nominations	 	World Music Award for World’s Best Album	 	 	 	 	 	 	 	 	1	0.57735	1	1		
0	http://rdf.freebase.com/ns/common.topic.notable_for	 	Adult contemporary Album	 	 	Rock Album	 	 	Jazz Album	 	 	3	0.816497	0.522879	1		
0	http://rdf.freebase.com/ns/common.topic.notable_types	 	Musical Album	 	 	Musical Album	 	 	Musical Album	 	 	3	0.57735	0.522879	1		
0	http://rdf.freebase.com/ns/kg.object_profile.prominent_type	 	Musical Album	 	 	Musical Album	 	 	Musical Album	 	 	3	0.57735	0.522879	1		
1	http://rdf.freebase.com/ns/music.album.genre;http://dbpedia.org/ontology/genre	 	Adult contemporary music	 	Rock music	Rock music	 	Jazz	Jazz	 	 	5	0.617213	0.30103	1		
0	http://rdf.freebase.com/ns/music.album.primary_release	 	Word of Mouth	 	 	Word of Mouth	 	 	Word of Mouth	 	 	3	0.57735	0.522879	1		
0	http://rdf.freebase.com/ns/music.album.releases	 	Word of Mouth	 	 	Word of Mouth	 	 	Word of Mouth	 	 	3	0.57735	0.522879	1		
0	http://rdf.freebase.com/ns/music.album.supporting_tours	 	Word of Mouth World Tour	 	 	 	 	 	 	 	 	1	0.57735	1	1		
0	http://rdf.freebase.com/ns/type.object.key	 	/authority/discogs/master/615874; /wikipedia/en/The_Wanted's_third_studio_album	 	 	/authority/discogs/master/101480; /authority/rovi/music/album/mw0000194486	 	 	/authority/discogs/master/49085; /wikipedia/de_id/4563223	 	 	3	0.816497	0.522879	1		
0	http://rdf.freebase.com/ns/type.object.name	 	Word of Mouth	 	 	Word of Mouth	 	 	Word of Mouth	 	 	3	0.57735	0.522879	1		
0	http://rdf.freebase.com/ns/type.object.type	 	Award-Nominated Work; Musical Album	 	 	Inanimate; Musical Album	 	 	Inanimate; Musical Album	 	 	3	0.204124	0.522879	1		
2	http://schema.org/description;http://rdf.freebase.com/ns/common.topic.article	 	 	album by The Wanted	 	Word of Mouth is a 1984 album by the English rock group, The Kinks. All songs by Ray Davies, except 	1984 album by the English rock group, The Kinks	 	Word of Mouth was the second album by Jaco Pastorius, released in 1981 while the bassist was a membe	second album by Jaco Pastorius	 	5	0.816497	0.30103	1		
1	http://www.wikidata.org/entity/P155c	 	 	The Wanted: The EP	 	 	State of Confusion	 	 	Jaco Pastorius	 	3	0.816497	0.522879	1		
0	http://www.wikidata.org/entity/P1729c	 	 	mw0002572672	 	 	mw0000194486	 	 	 	 	2	0.816497	0.69897	1		
0	http://dbpedia.org/ontology/Work/runtime;http://dbpedia.org/ontology/runtime	 	 	 	43.067	 	 	44.033	 	 	 	2	0.816497	0.69897	1		
0	http://dbpedia.org/ontology/language;http://www.wikidata.org/entity/P407c	 	 	 	English language	 	English	 	 	 	 	2	0.816497	0.69897	1		
0	http://dbpedia.org/ontology/subsequentWork	 	 	 	Think Visual	 	 	Invitation (Jaco Pastorius album)	 	 	 	2	0.816497	0.69897	1		
0	http://dbpedia.org/ontology/type	 	 	 	Album	 	 	Album	 	 	 	2	0.57735	0.69897	1		
0	http://www.wikidata.org/entity/P156c	 	 	 	 	 	Think Visual	 	 	 	 	1	0.57735	1	1		
0	http://www.wikidata.org/entity/P646-freebase	 	 	 	 	 	Word of Mouth	 	 	Word of Mouth	 	2	0.57735	0.69897	1		
0	http://www.wikidata.org/entity/P646c	 	 	 	 	 	/m/01hjxrh	 	 	/m/01kwjn0	 	2	0.816497	0.69897	1		
0	http://xmlns.com/foaf/0.1/homepage	 	 	 	 	 	 	http://www.jacopastorius.com	 	 	 	1	0.57735	1	1		
0	http://rdf.freebase.com/ns/common.topic.image	 	 	 	 	 	 	 	075992352529a	 	 	1	0.57735	1	1		
0	http://www.w3.org/2004/02/skos/core#prefLabel	 	 	 	 	 	 	 	 	 	Word of Mouth (Jaco Pastorius album)	1	0.57735	1	1		
0	http://yago-knowledge.org/resource/hasCitationTitle	 	 	 	 	 	 	 	 	 	Word of Mouth - Jaco Pastorius	1	0.57735	1	1		
0	http://yago-knowledge.org/resource/hasWikipediaAnchorText	 	 	 	 	 	 	 	 	 	Chuck Findley; debut album	1	0.816497	1	1		
0	http://yago-knowledge.org/resource/hasWikipediaArticleLength	 	 	 	 	 	 	 	 	 	4912	1	0.57735	1	1		
0	http://yago-knowledge.org/resource/hasWikipediaUrl	 	 	 	 	 	 	 	 	 	http://en.wikipedia.org/wiki/Word_of_Mouth_%28Jaco_Pastorius_album%29	1	0.57735	1	1		
0	http://yago-knowledge.org/resource/linksTo	 	 	 	 	 	 	 	 	 	Blackbird (song); Chuck Findley	1	0.816497	1	1		
