score	dataset	dbpedia	freebase	wikidata	dbpedia	wikidata	yago-knowledge	dbpedia	yago-knowledge	freebase	wikidata						
	entity	http://dbpedia.org/resource/The_Prayer_(Celine_Dion_and_Andrea_Bocelli_song)	http://rdf.freebase.com/ns/m.0f3mys	http://www.wikidata.org/entity/Q1450954	http://dbpedia.org/resource/The_Prayer_(Bloc_Party_song)	http://www.wikidata.org/entity/Q2410214	http://yago-knowledge.org/resource/The_Prayer_(Bloc_Party_song)	http://dbpedia.org/resource/Prayer_(song)	http://yago-knowledge.org/resource/Prayer_(song)	http://rdf.freebase.com/ns/m.0121r_dt	http://www.wikidata.org/entity/Q18344236						
1	http://dbpedia.org/ontology/Work/runtime;http://dbpedia.org/ontology/runtime	4.267	 	 	224	 	 	3.65	 	 	 	3	0.816497	0.522879	1		
0	http://dbpedia.org/ontology/abstract	The Prayer is a popular song written by David Foster, Carole Bayer Sager, Alberto Testa and Tony R	 	 	The Prayer is a song by English rock band Bloc Party. It was released as the lead single from thei	 	 	Prayer is a song released on August 14, 2002 by the American heavy metal band Disturbed as the fir	 	 	 	3	0.816497	0.522879	1		
0	http://dbpedia.org/ontology/album	Anthony Callea (album); Quest for Camelot	 	 	A Weekend in the City	 	 	Believe (Disturbed album)	 	 	 	3	0.816497	0.522879	1		
0	http://dbpedia.org/ontology/format;http://rdf.freebase.com/ns/music.composition.form	Music download; Promotional recording	Song	 	Gramophone record; Music download	 	 	 	 	 	 	3	0.617213	0.522879	1		
1	http://dbpedia.org/ontology/genre;http://rdf.freebase.com/ns/music.album.genre	Classical crossover	 	 	Alternative dance; Indietronica	 	 	Alternative metal	 	Dance music	 	4	0.816497	0.39794	1		
3	http://dbpedia.org/ontology/musicalArtist;http://www.wikidata.org/entity/P175c;http://rdf.freebase.com/ns/music.album.artist	Andrea Bocelli; Anthony Callea	 	Andrea Bocelli; Celine Dion	Bloc Party	Bloc Party	 	Disturbed (band)	 	Robin Schulz	Robin Schulz	7	0.550482	0.154902	1		
0	http://dbpedia.org/ontology/musicalBand	Andrea Bocelli; Anthony Callea	 	 	Bloc Party	 	 	Disturbed (band)	 	 	 	3	0.816497	0.522879	1		
0	http://dbpedia.org/ontology/producer	Carole Bayer Sager; David Foster	 	 	Jacknife Lee	 	 	 	 	 	 	2	0.816497	0.69897	1		
2	http://dbpedia.org/ontology/recordLabel;http://www.wikidata.org/entity/P264c	Columbia Records; Sony BMG	 	Columbia Records	Wichita Recordings	Wichita Recordings	 	Reprise Records	 	 	 	5	0.540062	0.30103	1		
0	http://dbpedia.org/ontology/recordedIn	Criteria Studios	 	 	 	 	 	Chicago, Illinois	 	 	 	2	0.816497	0.69897	1		
2	http://dbpedia.org/ontology/releaseDate;http://yago-knowledge.org/resource/wasCreatedOnDate;http://rdf.freebase.com/ns/music.album.release_date	1999-03-01; 2004-12-19	 	 	2007/1/29	 	2006/1/1	2002/8/14	2002/4/1	2014/9/14	 	6	0.816497	0.221849	1		
0	http://dbpedia.org/ontology/subsequentWork	Bridge over Troubled Water (song); Rain (Anthony Callea song)	 	 	I Still Remember	 	 	Remember (Disturbed song)	 	 	 	3	0.816497	0.522879	1		
2	http://dbpedia.org/ontology/wikiPageID;http://rdf.freebase.com/key/wikipedia.en_id	5768633	5768633	 	8203175	 	 	7990151	 	44050939	 	5	0.68313	0.30103	1		
0	http://dbpedia.org/ontology/wikiPageLength	17324	 	 	7296	 	 	9567	 	 	 	3	0.816497	0.522879	1		
0	http://dbpedia.org/ontology/wikiPageOutDegree	150	 	 	67	 	 	64	 	 	 	3	0.816497	0.522879	1		
0	http://dbpedia.org/ontology/wikiPageRevisionID	743588290	 	 	718477210	 	 	740725381	 	 	 	3	0.816497	0.522879	1		
1	http://dbpedia.org/ontology/writer	Alberto Testa (lyricist); Carole Bayer Sager	 	 	Gordon Moakes; Kele Okereke	 	 	David Draiman; Mike Wengren	 	 	 	3	0.816497	0.522879	1		
0	http://purl.org/dc/terms/subject	ARIA Award-winning songs; Andrea Bocelli songs	 	 	Bloc Party songs; Songs about drugs	 	 	2002 singles; Disturbed (band) songs	 	 	 	3	0.816497	0.522879	1		
0	http://www.w3.org/1999/02/22-rdf-syntax-ns#type;http://www.wikidata.org/entity/P31c;http://rdf.freebase.com/ns/music.album.album_content_type;http://rdf.freebase.com/ns/music.album.release_type	CreativeWork; musical work	Award-Nominated Work; Composition	single	CreativeWork; musical work	single	wikicat Bloc Party songs; wikicat Songs about drugs	CreativeWork; musical work	wikicat 2002 singles; wordnet artifact 100021939	Compilation album	album	10	0.450443	0	1		
2	http://www.w3.org/2000/01/rdf-schema#comment;http://rdf.freebase.com/ns/common.topic.description	The Prayer is a popular song written by David Foster, Carole Bayer Sager, Alberto Testa and Tony R	The Prayer is a popular song written by David Foster, Carole Bayer Sager, Alberto Testa and Tony R	 	The Prayer is a song by English rock band Bloc Party. It was released as the lead single from thei	 	 	Prayer is a song released on August 14, 2002 by the American heavy metal band Disturbed as the fir	 	Prayer is the debut album by German electronic DJ and producer Robin Schulz, released on 19 Septembe	 	5	0.68313	0.30103	1		
2	http://www.w3.org/2000/01/rdf-schema#label	The Prayer (Celine Dion and Andrea Bocelli song)	The Prayer	The Prayer	The Prayer (Bloc Party song)	The Prayer	The Prayer (Bloc Party song)	Prayer (song)	Prayer (song)	Prayer	Prayer	10	0.288675	0	1		
0	http://www.w3.org/2002/07/owl#sameAs	 	 	 	The Prayer	 	 	Prayer	 	 	 	2	0.57735	0.69897	0		
0	http://www.w3.org/ns/prov#wasDerivedFrom	http://en.wikipedia.org/wiki/The_Prayer_(Celine_Dion_and_Andrea_Bocelli_song)?oldid=743588290	 	 	http://en.wikipedia.org/wiki/The_Prayer_(Bloc_Party_song)?oldid=718477210	 	 	http://en.wikipedia.org/wiki/Prayer_(song)?oldid=740725381	 	 	 	3	0.816497	0.522879	1		
1	http://xmlns.com/foaf/0.1/isPrimaryTopicOf;http://rdf.freebase.com/ns/common.topic.topic_equivalent_webpage	http://en.wikipedia.org/wiki/The_Prayer_(Celine_Dion_and_Andrea_Bocelli_song)	http://en.wikipedia.org/wiki/The_Prayer_(Celine_Dion_and_Andrea_Bocelli_song); http://th.wikipedia.o	 	http://en.wikipedia.org/wiki/The_Prayer_(Bloc_Party_song)	 	 	http://en.wikipedia.org/wiki/Prayer_(song)	 	http://de.wikipedia.org/wiki/index.html?curid=8518119; https://rateyourmusic.com/release/album/robin	 	5	0.791623	0.30103	1		
0	http://xmlns.com/foaf/0.1/name	The Prayer (Live)	 	 	The Prayer	 	 	Prayer	 	 	 	3	0.645497	0.522879	1		
0	http://rdf.freebase.com/key/authority.musicbrainz	 	febcc708-537d-30c2-a3f2-9049ba2aaec8	 	 	 	 	 	 	a60a8632-608f-451c-852b-e03d832432fc	 	2	0.816497	0.69897	1		
1	http://rdf.freebase.com/key/authority.musicbrainz.work;http://www.wikidata.org/entity/P435c	 	d00af20f-46f5-31d8-bcdd-c6eb99bca7f7; febcc708-537d-30c2-a3f2-9049ba2aaec8	d00af20f-46f5-31d8-bcdd-c6eb99bca7f7	 	 	 	 	 	 	 	2	0.57735	0.69897	1		
0	http://rdf.freebase.com/key/en	 	the_prayer	 	 	 	 	 	 	 	 	1	0.57735	1	1		
0	http://rdf.freebase.com/key/user.avh.ellerdale	 	008a-f210	 	 	 	 	 	 	 	 	1	0.57735	1	1		
0	http://rdf.freebase.com/key/wikipedia.en	 	The_Prayer_(Celine_Dion_and_Andrea_Bocelli_song)	 	 	 	 	 	 	Prayer_(Robin_Schulz_album)	 	2	0.816497	0.69897	1		
0	http://rdf.freebase.com/key/wikipedia.en_title	 	The_Prayer_(Celine_Dion_and_Andrea_Bocelli_song)	 	 	 	 	 	 	Prayer_(Robin_Schulz_album)	 	2	0.816497	0.69897	1		
0	http://rdf.freebase.com/ns/award.award_nominated_work.award_nominations	 	Golden Globe Award for Best Original Song	 	 	 	 	 	 	 	 	1	0.816497	1	1		
0	http://rdf.freebase.com/ns/award.award_winning_work.awards_won	 	Golden Globe Award for Best Original Song	 	 	 	 	 	 	 	 	1	0.57735	1	1		
0	http://rdf.freebase.com/ns/common.topic.article;http://schema.org/description	 	The Prayer is most commonly known as a duet between Celine Dion and Andrea Bocelli. This duet is t	single	 	 	 	 	 	 	 	2	0.816497	0.69897	1		
0	http://rdf.freebase.com/ns/common.topic.notable_for	 	Composition	 	 	 	 	 	 	Dance Album	 	2	0.816497	0.69897	1		
0	http://rdf.freebase.com/ns/common.topic.notable_types	 	Composition	 	 	 	 	 	 	Musical Album	 	2	0.816497	0.69897	1		
0	http://rdf.freebase.com/ns/film.film_featured_song.featured_in_film	 	Quest for Camelot	 	 	 	 	 	 	 	 	1	0.57735	1	1		
0	http://rdf.freebase.com/ns/film.film_featured_song.performed_by	 	Andrea Bocelli; Celine Dion	 	 	 	 	 	 	 	 	1	0.816497	1	1		
0	http://rdf.freebase.com/ns/freebase.valuenotation.has_value	 	Language	 	 	 	 	 	 	 	 	1	0.57735	1	1		
0	http://rdf.freebase.com/ns/kg.object_profile.prominent_type	 	Composition	 	 	 	 	 	 	Musical Album	 	2	0.816497	0.69897	1		
0	http://rdf.freebase.com/ns/music.composition.composer	 	Carole Bayer Sager; David Foster	 	 	 	 	 	 	 	 	1	0.816497	1	1		
0	http://rdf.freebase.com/ns/music.composition.lyricist	 	Carole Bayer Sager; David Foster	 	 	 	 	 	 	 	 	1	0.816497	1	1		
0	http://rdf.freebase.com/ns/music.composition.musical_key	 	F major	 	 	 	 	 	 	 	 	1	0.57735	1	1		
0	http://rdf.freebase.com/ns/music.composition.recorded_as_album	 	The Prayer (live)	 	 	 	 	 	 	 	 	1	0.57735	1	1		
0	http://rdf.freebase.com/ns/music.composition.recordings	 	The Prayer (Sterling remix); The Prayer (feat. Celene Dion)	 	 	 	 	 	 	 	 	1	0.429415	1	1		
0	http://rdf.freebase.com/ns/type.object.key	 	/authority/musicbrainz/febcc708-537d-30c2-a3f2-9049ba2aaec8; /user/avh/ellerdale/008a-f210	 	 	 	 	 	 	/authority/discogs/master/780236; /authority/rovi/music/album/mw0002736712	 	2	0.816497	0.69897	1		
0	http://rdf.freebase.com/ns/type.object.name	 	The Prayer	 	 	 	 	 	 	Prayer	 	2	0.816497	0.69897	1		
0	http://rdf.freebase.com/ns/type.object.type	 	Award-Nominated Work; Composition	 	 	 	 	 	 	Inanimate; Musical Album	 	2	0.599145	0.69897	1		
0	http://rdf.freebase.com/ns/user.avh.default_domain.ellerdale_topic.ellerdale_id	 	008a-f210	 	 	 	 	 	 	 	 	1	0.57735	1	1		
0	http://www.wikidata.org/entity/P155c	 	 	On ne change pas	 	Two More Years	 	 	 	 	 	2	0.816497	0.69897	1		
1	http://www.wikidata.org/entity/P156c	 	 	Canto della Terra; Treat Her Like a Lady (Celine Dion song)	 	I Still Remember	 	 	 	 	Sugar	3	0.816497	0.522879	1		
0	http://www.wikidata.org/entity/P646-freebase	 	 	The Prayer	 	 	 	 	 	 	 	1	0.57735	1	1		
0	http://www.wikidata.org/entity/P646c	 	 	/m/0f3mys	 	 	 	 	 	 	 	1	0.57735	1	1		
0	http://dbpedia.org/ontology/bSide	 	 	 	"* ""Version 2.0""; * ""We Were Lovers"""	 	 	 	 	 	 	1	0.816497	1	1		
0	http://dbpedia.org/ontology/previousWork	 	 	 	Pioneers (song)	 	 	The Game (Disturbed song)	 	 	 	2	0.816497	0.69897	1		
0	http://www.wikidata.org/entity/P1729c	 	 	 	 	mw0000477184	 	 	 	 	mw0002736712	2	0.816497	0.69897	1		
1	http://www.wikidata.org/entity/P1954c;http://rdf.freebase.com/key/authority.discogs.master	 	 	 	 	34685	 	 	 	780236	780236	3	0.57735	0.522879	1		
0	http://www.wikidata.org/entity/P2624c	 	 	 	 	prayer-lyrics-bloc-party	 	 	 	 	 	1	0.57735	1	1		
1	http://www.wikidata.org/entity/P436c;http://rdf.freebase.com/key/authority.musicbrainz.release_group	 	 	 	 	81e7e600-d1ec-342f-92e1-3eb414c673d5	 	 	 	a60a8632-608f-451c-852b-e03d832432fc	a60a8632-608f-451c-852b-e03d832432fc	3	0.57735	0.522879	1		
0	http://www.w3.org/2004/02/skos/core#prefLabel	 	 	 	 	 	The Prayer (Bloc Party song)	 	Prayer (song)	 	 	2	0.816497	0.69897	1		
0	http://yago-knowledge.org/resource/hasCitationTitle	 	 	 	 	 	A Comprehensive Guide To 'A WEEKEND IN THE CITY'; Bloc Party - Behind the Scenes	 	"Disturbed conjure fire, earthquakes for ""Prayer"" video"	 	 	2	0.816497	0.69897	1		
0	http://yago-knowledge.org/resource/hasWikipediaAnchorText	 	 	 	 	 	A Weekend in the City; Alternative rock	 	Alternative metal; Andy Wallace	 	 	2	0.809174	0.69897	1		
0	http://yago-knowledge.org/resource/hasWikipediaArticleLength	 	 	 	 	 	6565	 	9839	 	 	2	0.816497	0.69897	1		
0	http://yago-knowledge.org/resource/hasWikipediaUrl	 	 	 	 	 	http://en.wikipedia.org/wiki/The_Prayer_%28Bloc_Party_song%29	 	http://en.wikipedia.org/wiki/Prayer_%28song%29	 	 	2	0.816497	0.69897	1		
0	http://yago-knowledge.org/resource/linksTo	 	 	 	 	 	UK Singles Chart; A Weekend in the City	 	Alternative Songs; Billboard Hot 100	 	 	2	0.806718	0.69897	1		
0	http://yago-knowledge.org/resource/redirectedFrom	 	 	 	 	 	The Prayer (single)	 	Prayer (Disturbed song)	 	 	2	0.816497	0.69897	1		
0	http://rdf.freebase.com/key/authority.rovi.music.album	 	 	 	 	 	 	 	 	mw0002736712	 	1	0.57735	1	1		
0	http://rdf.freebase.com/key/dataworld.freeq	 	 	 	 	 	 	 	 	job_04a7672e-51af-4cf0-9b74-201dea70bf38_var_en_wikipedia_org_wiki_Prayer_(Robin_Schulz_album)	 	1	0.816497	1	1		
0	http://rdf.freebase.com/ns/music.album.primary_release	 	 	 	 	 	 	 	 	Prayer	 	1	0.57735	1	1		
0	http://rdf.freebase.com/ns/music.album.releases	 	 	 	 	 	 	 	 	Prayer	 	1	0.57735	1	1		
