score	dataset	dbpedia	freebase	wikidata	dbpedia	freebase	wikidata	yago-knowledge	dbpedia	freebase	wikidata						
	entity	http://dbpedia.org/resource/The_Days_(song)	http://rdf.freebase.com/ns/m.0120wyb3	http://www.wikidata.org/entity/Q20188946	http://dbpedia.org/resource/Days_(The_Kinks_song)	http://rdf.freebase.com/ns/m.02x2jcf	http://www.wikidata.org/entity/Q3522220	http://yago-knowledge.org/resource/Days_(The_Kinks_song)	http://dbpedia.org/resource/Days_(High_and_Mighty_Color_song)	http://rdf.freebase.com/ns/m.0b89v5	http://www.wikidata.org/entity/Q2471121						
1	http://dbpedia.org/ontology/Work/runtime;http://dbpedia.org/ontology/runtime	3.75	 	 	170	 	 	 	8.4	 	 	3	0.816497	0.522879	1		
0	http://dbpedia.org/ontology/abstract	The Days is a song by Swedish DJ and music producer Avicii, featuring vocals by English recording 	 	 	Days is a song by The Kinks, written by lead singer Ray Davies, released as a single in 1968. It a	 	 	 	Days is a single released by High and Mighty Color on August 17, 2005.	 	 	3	0.816497	0.522879	1		
0	http://dbpedia.org/ontology/album	The Days / Nights EP	 	 	Kite (Kirsty MacColl album)	 	 	 	Go Over	 	 	3	0.816497	0.522879	1		
0	http://dbpedia.org/ontology/format;http://rdf.freebase.com/ns/music.composition.form	Music download	Song	 	3-inch CD single; Cassette single	Song	 	 	 	 	 	4	0.723747	0.39794	1		
1	http://dbpedia.org/ontology/genre;http://www.wikidata.org/entity/P136c	Electronic dance music	 	 	 	 	rock music	 	Pop music	 	J-pop	4	0.816497	0.39794	1		
2	http://dbpedia.org/ontology/musicalArtist;http://www.wikidata.org/entity/P175c	Avicii	 	Avicii	Kirsty MacColl; The Kinks	 	The Kinks	 	High and Mighty Color	 	High and Mighty Color	6	0.48795	0.221849	1		
0	http://dbpedia.org/ontology/musicalBand	Avicii	 	 	Kirsty MacColl; The Kinks	 	 	 	High and Mighty Color	 	 	3	0.816497	0.522879	1		
0	http://dbpedia.org/ontology/previousWork	Dar um Jeito (We Will Find a Way)	 	 	Free World; Wonderboy (The Kinks song)	 	 	 	Run Run Run (High and Mighty Color song)	 	 	3	0.816497	0.522879	1		
1	http://dbpedia.org/ontology/recordLabel;http://www.wikidata.org/entity/P264c	Universal Music Group	 	 	 	 	Reprise Records	 	Sony Music Entertainment Japan	 	Sony Music Entertainment Japan	4	0.645497	0.39794	1		
2	http://dbpedia.org/ontology/releaseDate;http://yago-knowledge.org/resource/wasCreatedOnDate;http://www.wikidata.org/entity/P577c	2014/10/3	 	 	1968/6/28	 	 	1968/5/27	2005/8/17	 	2005/8/17	5	0.68313	0.30103	1		
0	http://dbpedia.org/ontology/subsequentWork	Divine Sorrow	 	 	Lincoln County (song); Picture Book (song)	 	 	 	Style (Get Glory in This Hand)	 	 	3	0.816497	0.522879	1		
2	http://dbpedia.org/ontology/wikiPageID;http://rdf.freebase.com/key/wikipedia.en_id	44040728	44040728	 	12732180	12732180	 	 	3951828	3951828	 	6	0.408248	0.221849	1		
0	http://dbpedia.org/ontology/wikiPageLength	12655	 	 	6911	 	 	 	2574	 	 	3	0.816497	0.522879	1		
0	http://dbpedia.org/ontology/wikiPageOutDegree	50	 	 	51	 	 	 	17	 	 	3	0.816497	0.522879	1		
0	http://dbpedia.org/ontology/wikiPageRevisionID	743211807	 	 	742123174	 	 	 	589818845	 	 	3	0.816497	0.522879	1		
0	http://dbpedia.org/ontology/writer	Robbie Williams; Salem Al Fakir	 	 	Ray Davies	 	 	 	 	 	 	2	0.816497	0.69897	1		
0	http://purl.org/dc/terms/subject	Avicii songs; Number-one singles in Finland	 	 	Kirsty MacColl songs; Petula Clark songs	 	 	 	2005 singles; High and Mighty Color songs	 	 	3	0.816497	0.522879	1		
0	http://www.w3.org/1999/02/22-rdf-syntax-ns#type;http://www.wikidata.org/entity/P31c	CreativeWork; musical work	Cataloged instance; Composition	single	CreativeWork; musical work	Composition; Inanimate	single	wikicat Kirsty MacColl songs; wikicat Petula Clark songs	CreativeWork; musical work	Composition; Inanimate	single	10	0.330944	0	1		
2	http://www.w3.org/2000/01/rdf-schema#comment;http://rdf.freebase.com/ns/common.topic.description	The Days is a song by Swedish DJ and music producer Avicii, featuring vocals by English recording 	The Days is a song by Swedish DJ Avicii, featuring uncredited vocals by English recording artist R	 	Days is a song by The Kinks, written by lead singer Ray Davies, released as a single in 1968. It a	Days is a song by The Kinks, written by Ray Davies, released as a single in 1968. It also appeared	 	 	Days is a single released by High and Mighty Color on August 17, 2005.	Days is a single released by High and Mighty Color on August 17, 2005.	 	6	0.707107	0.221849	1		
2	http://www.w3.org/2000/01/rdf-schema#label	The Days (song)	The Days	The Days	Days (The Kinks song)	Days	Days	Days (The Kinks song)	Days (High and Mighty Color song)	Days	Days	10	0.348155	0	1		
0	http://www.w3.org/2002/07/owl#sameAs	 	 	 	 	 	 	 	 	 	 	0	NaN	Infinity	0		
0	http://www.w3.org/ns/prov#wasDerivedFrom	http://en.wikipedia.org/wiki/The_Days_(song)?oldid=743211807	 	 	http://en.wikipedia.org/wiki/Days_(The_Kinks_song)?oldid=742123174	 	 	 	http://en.wikipedia.org/wiki/Days_(High_and_Mighty_Color_song)?oldid=589818845	 	 	3	0.816497	0.522879	1		
1	http://xmlns.com/foaf/0.1/isPrimaryTopicOf;http://rdf.freebase.com/ns/common.topic.topic_equivalent_webpage	http://en.wikipedia.org/wiki/The_Days_(song)	http://en.wikipedia.org/wiki/index.html?curid=44040728; http://fr.wikipedia.org/wiki/The_Days_(chans	 	http://en.wikipedia.org/wiki/Days_(The_Kinks_song)	http://en.wikipedia.org/wiki/Days_(The_Kinks_song); http://fi.wikipedia.org/wiki/Days_(kappale)	 	 	http://en.wikipedia.org/wiki/Days_(High_and_Mighty_Color_song)	http://en.wikipedia.org/wiki/Days_(High_and_Mighty_Color_song); http://en.wikipedia.org/wiki/index.h	 	6	0.752773	0.221849	1		
0	http://xmlns.com/foaf/0.1/name	The Days	 	 	Days	 	 	 	Days	 	 	3	0.57735	0.522879	1		
1	http://rdf.freebase.com/key/authority.musicbrainz.work;http://www.wikidata.org/entity/P435c	 	e1b0a7da-c3bf-4d54-82f6-2c203a5db5ad	e1b0a7da-c3bf-4d54-82f6-2c203a5db5ad	 	b692a363-ac64-464b-a51d-8e25222cb2e3; b8dfac2d-4b19-3ef7-bbbf-7698064c9123	 	 	 	 	 	3	0.645497	0.522879	1		
0	http://rdf.freebase.com/key/dataworld.freeq	 	job_f11e1567-8ba9-4b47-8b55-79ba364a0eb3_var_en_wikipedia_org_wiki_The_Days_(Avicii_song)	 	 	 	 	 	 	 	 	1	0.57735	1	1		
1	http://rdf.freebase.com/key/wikipedia.en	 	The_Days_(Avicii_song)	 	 	Days_(Ray_Davies_song); Days_(The_Kinks_song)	 	 	 	Days_(High_and_Mighty_Color_song)	 	3	0.816497	0.522879	1		
1	http://rdf.freebase.com/key/wikipedia.en_title	 	The_Days_(song)	 	 	Days_(The_Kinks_song)	 	 	 	Days_(High_and_Mighty_Color_song)	 	3	0.816497	0.522879	1		
0	http://rdf.freebase.com/ns/media_common.cataloged_instance.iswc	 	T-915.417.359-8	 	 	 	 	 	 	 	 	1	0.57735	1	1		
1	http://rdf.freebase.com/ns/music.composition.composer;http://www.wikidata.org/entity/P86c	 	Brandon Flowers; Robbie Williams	Avicii	 	Ray Davies	 	 	 	High and Mighty Color	 	4	0.73598	0.39794	1		
0	http://rdf.freebase.com/ns/music.composition.language	 	English Language	 	 	English Language	 	 	 	 	 	2	0.57735	0.69897	1		
0	http://rdf.freebase.com/ns/music.composition.recordings	 	The Days (Henrik B remix)	 	 	Days (BBC session remix); Days (alternate version)	 	 	 	Days	 	3	0.320256	0.522879	1		
0	http://rdf.freebase.com/ns/type.object.key	 	/authority/musicbrainz/work/e1b0a7da-c3bf-4d54-82f6-2c203a5db5ad; /wikipedia/en_id/44040728	 	 	/authority/musicbrainz/b692a363-ac64-464b-a51d-8e25222cb2e3; /wikipedia/fi_id/1008007	 	 	 	/wikipedia/en_id/3951828; /wikipedia/en_title/Days_(High_and_Mighty_Color_song)	 	3	0.816497	0.522879	1		
0	http://rdf.freebase.com/ns/type.object.name	 	The Days	 	 	Days	 	 	 	Days	 	3	0.57735	0.522879	1		
0	http://rdf.freebase.com/ns/type.object.type	 	Cataloged instance; Composition	 	 	Composition; Inanimate	 	 	 	Composition; Inanimate	 	3	0.280056	0.522879	1		
1	http://schema.org/description;http://rdf.freebase.com/ns/common.topic.article	 	 	song by Avicii	 	Days is a song by The Kinks, written by Ray Davies, released as a single in 1968. It also appeared	song by The Kinks	 	 	"Days is a single released by High and Mighty Color on August 17, 2005. ""Days"" is the band's fourth"	 	4	0.816497	0.39794	1		
1	http://www.wikidata.org/entity/P155c	 	 	Lay Me Down (Avicii song)	 	 	Wonderboy	 	 	 	Run Run Run	3	0.816497	0.522879	1		
1	http://www.wikidata.org/entity/P156c	 	 	The Nights	 	 	Plastic Man	 	 	 	Style	3	0.816497	0.522879	1		
0	http://www.wikidata.org/entity/P1651c	 	 	JDglMK9sgIQ	 	 	 	 	 	 	 	1	0.57735	1	1		
0	http://www.wikidata.org/entity/P1729c	 	 	mw0002759762	 	 	 	 	 	 	 	1	0.57735	1	1		
0	http://www.wikidata.org/entity/P1954c	 	 	741432	 	 	 	 	 	 	 	1	0.57735	1	1		
1	http://www.wikidata.org/entity/P436c	 	 	a4c9e00a-5d6e-40fa-b572-03b21a0ac41a	 	 	3fe47768-3b93-38ba-95cb-10b1bb352709	 	 	 	4caa8914-a2f4-32c1-af5a-5977fc52e8e7	3	0.816497	0.522879	1		
0	http://dbpedia.org/ontology/aSide	 	 	 	Days	 	 	 	 	 	 	1	0.57735	1	1		
0	http://dbpedia.org/ontology/bSide	 	 	 	She's Got Everything	 	 	 	 	 	 	1	0.816497	1	1		
0	http://dbpedia.org/ontology/producer	 	 	 	Ray Davies; Steve Lillywhite	 	 	 	 	 	 	1	0.816497	1	1		
0	http://dbpedia.org/ontology/recordDate	 	 	 	1968/5/27	 	 	 	 	 	 	1	0.57735	1	1		
0	http://dbpedia.org/ontology/thumbnail	 	 	 	http://en.wikipedia.org/wiki/Special:FilePath/Days_cover.jpg?width=300	 	 	 	 	 	 	1	0.57735	1	1		
0	http://xmlns.com/foaf/0.1/depiction	 	 	 	http://en.wikipedia.org/wiki/Special:FilePath/Days_cover.jpg	 	 	 	 	 	 	1	0.57735	1	1		
0	http://rdf.freebase.com/key/authority.musicbrainz	 	 	 	 	b692a363-ac64-464b-a51d-8e25222cb2e3	 	 	 	 	 	1	0.57735	1	1		
0	http://rdf.freebase.com/ns/common.topic.alias	 	 	 	 	Day's	 	 	 	 	 	1	0.57735	1	1		
0	http://rdf.freebase.com/ns/common.topic.notable_for	 	 	 	 	Composition	 	 	 	Composition	 	2	0.57735	0.69897	1		
0	http://rdf.freebase.com/ns/common.topic.notable_types	 	 	 	 	Composition	 	 	 	Composition	 	2	0.57735	0.69897	1		
0	http://rdf.freebase.com/ns/kg.object_profile.prominent_type	 	 	 	 	Composition	 	 	 	Composition	 	2	0.57735	0.69897	1		
0	http://rdf.freebase.com/ns/media_common.quotation_subject.quotations_about_this_subject	 	 	 	 	It is futile to spend time telling stories about the fleetness of each day.	 	 	 	 	 	1	0.57735	1	1		
0	http://rdf.freebase.com/ns/music.composition.lyricist	 	 	 	 	Ray Davies	 	 	 	 	 	1	0.57735	1	1		
0	http://www.wikidata.org/entity/P646-freebase	 	 	 	 	 	Days	 	 	 	Days	2	0.57735	0.69897	1		
0	http://www.wikidata.org/entity/P646c	 	 	 	 	 	/m/02x2jcf	 	 	 	/m/0b89v5	2	0.816497	0.69897	1		
0	http://www.w3.org/2004/02/skos/core#prefLabel	 	 	 	 	 	 	Days (The Kinks song)	 	 	 	1	0.57735	1	1		
0	http://yago-knowledge.org/resource/hasCitationTitle	 	 	 	 	 	 	freeworld - Kirsty MacColl: Official Releases; freeworld - Kirsty MacColl: Release Trivia (singles)	 	 	 	1	0.816497	1	1		
0	http://yago-knowledge.org/resource/hasWikipediaAnchorText	 	 	 	 	 	 	"7"", 10"" and 12"" vinyl; Kirsty MacColl"	 	 	 	1	0.816497	1	1		
0	http://yago-knowledge.org/resource/hasWikipediaArticleLength	 	 	 	 	 	 	7663	 	 	 	1	0.57735	1	1		
0	http://yago-knowledge.org/resource/hasWikipediaUrl	 	 	 	 	 	 	http://en.wikipedia.org/wiki/Days_%28The_Kinks_song%29	 	 	 	1	0.57735	1	1		
0	http://yago-knowledge.org/resource/linksTo	 	 	 	 	 	 	Dedicated Follower of Fashion; Gramophone record	 	 	 	1	0.816497	1	1		
0	http://yago-knowledge.org/resource/redirectedFrom	 	 	 	 	 	 	Days (Ray Davies song)	 	 	 	1	0.57735	1	1		
0	http://rdf.freebase.com/key/en	 	 	 	 	 	 	 	 	days	 	1	0.57735	1	1		
0	http://rdf.freebase.com/ns/base.schemastaging.context_name.pronunciation	 	 	 	 	 	 	 	 	http://rdf.freebase.com/ns/g.125_pz97m	 	1	0.57735	1	1		
