score	dataset	dbpedia	freebase	wikidata	yago-knowledge	dbpedia	freebase	wikidata	dbpedia	freebase	wikidata						
	entity	http://dbpedia.org/resource/Tribute_(Ozzy_Osbourne_album)	http://rdf.freebase.com/ns/m.01hc_5g	http://www.wikidata.org/entity/Q632888	http://yago-knowledge.org/resource/Tribute_(Ozzy_Osbourne_album)	http://dbpedia.org/resource/Tribute_(Yanni_album)	http://rdf.freebase.com/ns/m.01h95z7	http://www.wikidata.org/entity/Q2084992	http://dbpedia.org/resource/Tribute_(song)	http://rdf.freebase.com/ns/m.01hv87j	http://www.wikidata.org/entity/Q3110340						
1	http://dbpedia.org/ontology/Work/runtime;http://dbpedia.org/ontology/runtime;http://www.wikidata.org/entity/P2047c	4228	 	 	 	4033	 	90	4.117	 	 	4	0.816497	0.39794	1		
0	http://dbpedia.org/ontology/abstract	Tribute is a live album by heavy metal vocalist Ozzy Osbourne, featuring his work with hard rock gui	 	 	 	Tribute is the third live album by Yanni, recorded live at the Taj Mahal, India and the Forbidden Ci	 	 	Tribute is the first single of Tenacious D's self-titled debut album. It was released July 16, 200	 	 	3	0.816497	0.522879	1		
3	http://dbpedia.org/ontology/artist;http://rdf.freebase.com/ns/music.album.artist;http://www.wikidata.org/entity/P175c;http://dbpedia.org/ontology/musicalArtist	Ozzy Osbourne; Randy Rhoads	Ozzy Osbourne	Ozzy Osbourne	 	Yanni	Yanni	Yanni	Tenacious D	 	Tenacious D	8	0.333333	0.09691	1		
1	http://dbpedia.org/ontology/genre;http://rdf.freebase.com/ns/music.album.genre;http://www.wikidata.org/entity/P136c	Heavy metal music	Heavy metal	 	 	Instrumental music	Adult contemporary music; Easy listening	documentary film	Comedy rock	 	 	6	0.752773	0.221849	1		
0	http://dbpedia.org/ontology/previousWork	The Ultimate Sin	 	 	 	Nightbird (Yanni album)	 	 	 	 	 	2	0.816497	0.69897	1		
0	http://dbpedia.org/ontology/producer	Max Norman; Ozzy Osbourne	 	 	 	Yanni	 	 	Dust Brothers	 	 	3	0.816497	0.522879	1		
1	http://dbpedia.org/ontology/recordLabel;http://www.wikidata.org/entity/P264c	Columbia Records	 	 	 	Virgin Records	 	 	Epic Records	 	Epic Records	4	0.516398	0.39794	1		
3	http://dbpedia.org/ontology/releaseDate;http://rdf.freebase.com/ns/music.album.release_date;http://yago-knowledge.org/resource/wasCreatedOnDate;http://www.wikidata.org/entity/P577c	1987/3/19	1987/3/19	 	1980/1/1	1997/11/4	1997/11/4	1997/11/4	2002/7/16	 	2002/6/12	8	0.540062	0.09691	1		
0	http://dbpedia.org/ontology/subsequentWork	No Rest for the Wicked (Ozzy Osbourne album)	 	 	 	Forbidden Dreams (Yanni album)	 	 	Wonderboy (Tenacious D song)	 	 	3	0.816497	0.522879	1		
2	http://dbpedia.org/ontology/wikiPageID;http://rdf.freebase.com/key/wikipedia.en_id	177853	177853	 	 	7100197	7100197	 	2074631	2074631	 	6	0.408248	0.221849	1		
0	http://dbpedia.org/ontology/wikiPageLength	11841	 	 	 	10410	 	 	13922	 	 	3	0.816497	0.522879	1		
0	http://dbpedia.org/ontology/wikiPageOutDegree	88	 	 	 	109	 	 	66	 	 	3	0.816497	0.522879	1		
0	http://dbpedia.org/ontology/wikiPageRevisionID	739930226	 	 	 	738432090	 	 	737835355	 	 	3	0.816497	0.522879	1		
0	http://purl.org/dc/terms/subject	Albums produced by Max Norman; Columbia Records live albums	 	 	 	Albums recorded in India; Live instrumental albums	 	 	Epic Records singles; Music videos directed by Liam Lynch	 	 	3	0.816497	0.522879	1		
0	http://www.w3.org/1999/02/22-rdf-syntax-ns#type;http://rdf.freebase.com/ns/music.album.album_content_type;http://rdf.freebase.com/ns/music.album.release_type;http://www.wikidata.org/entity/P31c	CreativeWork; musical work	Inanimate; Musical Album	live album	wikicat Albums produced by Max Norman; wordnet album 106591815	CreativeWork; musical work	Inanimate; Musical Album	live album	CreativeWork; musical work	Cataloged instance; Composition	single	10	0.382971	0	1		
2	http://www.w3.org/2000/01/rdf-schema#comment;http://rdf.freebase.com/ns/common.topic.description	Tribute is a live album by heavy metal vocalist Ozzy Osbourne, featuring his work with hard rock gui	Tribute is a live album by heavy metal vocalist Ozzy Osbourne, featuring his work with hard rock gui	 	 	Tribute is the third live album by Yanni, recorded live at the Taj Mahal, India and the Forbidden Ci	Tribute is the third live album by Yanni, recorded live at the Taj Mahal, India and the Forbidden Ci	 	Tribute is the first single of Tenacious D's self-titled debut album. It was released July 16, 200	Tribute is the first single of Tenacious D's self-titled debut album. It was released July 16, 200	 	6	0.408248	0.221849	1		
3	http://www.w3.org/2000/01/rdf-schema#label	Tribute (Ozzy Osbourne album)	Tribute	Tribute	Tribute (Ozzy Osbourne album)	Tribute (Yanni album)	Tribute	Tribute	Tribute (song)	Tribute	Tribute	10	0.174078	0	1		
0	http://www.w3.org/2002/07/owl#sameAs	 	 	 	 	 	 	 	 	 	 	0	NaN	Infinity	0		
0	http://www.w3.org/ns/prov#wasDerivedFrom	http://en.wikipedia.org/wiki/Tribute_(Ozzy_Osbourne_album)?oldid=739930226	 	 	 	http://en.wikipedia.org/wiki/Tribute_(Yanni_album)?oldid=738432090	 	 	http://en.wikipedia.org/wiki/Tribute_(song)?oldid=737835355	 	 	3	0.816497	0.522879	1		
1	http://xmlns.com/foaf/0.1/isPrimaryTopicOf;http://rdf.freebase.com/ns/common.topic.topic_equivalent_webpage	http://en.wikipedia.org/wiki/Tribute_(Ozzy_Osbourne_album)	http://el.wikipedia.org/wiki/Tribute_(%AC%BB%BC%C0%BF%C5%BC_%C4%BF%C5_Ozzy); http://pt.wikipedia.org	 	 	http://en.wikipedia.org/wiki/Tribute_(Yanni_album)	http://en.wikipedia.org/wiki/Tribute_(Yanni_album); http://fa.wikipedia.org/wiki/%27%2D%2A%31%27%45_	 	http://en.wikipedia.org/wiki/Tribute_(song)	http://de.wikipedia.org/wiki/index.html?curid=8348312; http://musicbrainz.org/work/9f3df3ae-ca6c-340	 	6	0.789423	0.221849	1		
0	http://xmlns.com/foaf/0.1/name	Tribute	 	 	 	Tribute	 	 	Tribute	 	 	3	0.57735	0.522879	1		
1	http://rdf.freebase.com/key/authority.discogs.master;http://www.wikidata.org/entity/P1954c	 	41144	41144	 	 	 	 	 	 	 	2	0.57735	0.69897	1		
0	http://rdf.freebase.com/key/authority.musicbrainz	 	27a9199e-f112-31fb-940e-ffdad14b63c9; 471ff9b2-fca9-311f-8640-11bccc87205b	 	 	 	c19f44cd-8e05-3f0d-8822-e169bbcce46c	 	 	 	 	2	0.816497	0.69897	1		
2	http://rdf.freebase.com/key/authority.musicbrainz.release_group;http://www.wikidata.org/entity/P436c	 	27a9199e-f112-31fb-940e-ffdad14b63c9; 471ff9b2-fca9-311f-8640-11bccc87205b	27a9199e-f112-31fb-940e-ffdad14b63c9	 	 	c19f44cd-8e05-3f0d-8822-e169bbcce46c	c19f44cd-8e05-3f0d-8822-e169bbcce46c	 	 	b337067a-c502-314a-a84c-80e8faae8e49	5	0.617213	0.30103	1		
0	http://rdf.freebase.com/key/user.avh.ellerdale	 	009a-3997	 	 	 	 	 	 	009e-8232	 	2	0.816497	0.69897	1		
1	http://rdf.freebase.com/key/wikipedia.en	 	Randy_Rhoads_Tribute; Tribute_(Ozzy_Osbourne_album)	 	 	 	Tribute_(Yanni_album)	 	 	The_Greatest_Song_in_the_World	 	3	0.816497	0.522879	1		
1	http://rdf.freebase.com/key/wikipedia.en_title	 	Tribute_(Ozzy_Osbourne_album)	 	 	 	Tribute_(Yanni_album)	 	 	Tribute_(song)	 	3	0.816497	0.522879	1		
2	http://rdf.freebase.com/ns/common.topic.article;http://schema.org/description	 	Tribute is a live album by Ozzy Osbourne. It was released on March 19, 1987, five years after the de	live album by Ozzy Osbourne	 	 	Tribute, recorded live at the Taj Mahal, India, and the Forbidden City, Beijing, China from March to	album by Yanni	 	"Tribute is a tribute to ""The Greatest Song in the World"" and is the first single of Tenacious D's "	single by Tenacious D	6	0.816497	0.221849	1		
0	http://rdf.freebase.com/ns/common.topic.image	 	Tribute	 	 	 	 	 	 	 	 	1	0.57735	1	1		
0	http://rdf.freebase.com/ns/common.topic.notable_for	 	Heavy metal Album	 	 	 	Easy listening Album	 	 	Composition	 	3	0.816497	0.522879	1		
0	http://rdf.freebase.com/ns/common.topic.notable_types	 	Musical Album	 	 	 	Musical Album	 	 	Composition	 	3	0.57735	0.522879	1		
0	http://rdf.freebase.com/ns/kg.object_profile.prominent_type	 	Musical Album	 	 	 	Musical Album	 	 	Composition	 	3	0.57735	0.522879	1		
0	http://rdf.freebase.com/ns/music.album.acquire_webpage	 	http://www.amazon.com/gp/product/B000063DGC	 	 	 	 	 	 	 	 	1	0.57735	1	1		
0	http://rdf.freebase.com/ns/music.album.primary_release	 	Tribute	 	 	 	Tribute	 	 	 	 	2	0.57735	0.69897	1		
0	http://rdf.freebase.com/ns/music.album.releases	 	Tribute	 	 	 	Tribute	 	 	 	 	2	0.57735	0.69897	1		
0	http://rdf.freebase.com/ns/type.object.key	 	/authority/discogs/master/41144; /wikipedia/ja_title/トリビュート〜ランディ・ローズに捧ぐ	 	 	 	/authority/musicbrainz/release_group/c19f44cd-8e05-3f0d-8822-e169bbcce46c; /wikipedia/fa/احترام_(الب	 	 	/authority/musicbrainz/work/9f3df3ae-ca6c-340c-90b8-e6c95df9ac58; /user/avh/ellerdale/009e-8232	 	3	0.816497	0.522879	1		
0	http://rdf.freebase.com/ns/type.object.name	 	Tribute	 	 	 	Tribute	 	 	Tribute	 	3	0.57735	0.522879	1		
0	http://rdf.freebase.com/ns/type.object.type	 	Inanimate; Musical Album	 	 	 	Inanimate; Musical Album	 	 	Cataloged instance; Composition	 	3	0.322749	0.522879	1		
0	http://rdf.freebase.com/ns/user.avh.default_domain.ellerdale_topic.ellerdale_id	 	009a-3997	 	 	 	 	 	 	009e-8232	 	2	0.816497	0.69897	1		
0	http://www.wikidata.org/entity/P155c	 	 	The Ultimate Sin	 	 	 	 	 	 	 	1	0.57735	1	1		
0	http://www.wikidata.org/entity/P156c	 	 	No Rest for the Wicked	 	 	 	If I Could Tell You	 	 	 	2	0.816497	0.69897	1		
0	http://www.wikidata.org/entity/P646-freebase	 	 	Tribute	 	 	 	Tribute	 	 	Tribute	3	0.57735	0.522879	1		
0	http://www.wikidata.org/entity/P646c	 	 	/m/01hc_5g	 	 	 	/m/01h95z7	 	 	/m/01hv87j	3	0.816497	0.522879	1		
0	http://www.w3.org/2004/02/skos/core#prefLabel	 	 	 	Tribute (Ozzy Osbourne album)	 	 	 	 	 	 	1	0.57735	1	1		
0	http://yago-knowledge.org/resource/hasCitationTitle	 	 	 	Billboard album chart history-Ozzy Osbourne; CRIA certified awards	 	 	 	 	 	 	1	0.816497	1	1		
0	http://yago-knowledge.org/resource/hasWikipediaAnchorText	 	 	 	Billboard 200; Rolling Stone	 	 	 	 	 	 	1	0.816497	1	1		
0	http://yago-knowledge.org/resource/hasWikipediaArticleLength	 	 	 	9239	 	 	 	 	 	 	1	0.57735	1	1		
0	http://yago-knowledge.org/resource/hasWikipediaUrl	 	 	 	http://en.wikipedia.org/wiki/Tribute_%28Ozzy_Osbourne_album%29	 	 	 	 	 	 	1	0.57735	1	1		
0	http://yago-knowledge.org/resource/linksTo	 	 	 	Tommy Aldridge; Bill Ward (musician)	 	 	 	 	 	 	1	0.816497	1	1		
0	http://yago-knowledge.org/resource/redirectedFrom	 	 	 	Randy Rhoads Tribute; Tribute (Ozzy Osbourne)	 	 	 	 	 	 	1	0.816497	1	1		
0	http://dbpedia.org/ontology/imdbId;http://www.wikidata.org/entity/P345c	 	 	 	 	433488	 	tt0433488	 	 	 	2	0.816497	0.69897	1		
0	http://dbpedia.org/ontology/longtype	 	 	 	 	and Concert film	 	 	 	 	 	1	0.57735	1	1		
0	http://dbpedia.org/ontology/soundRecording	 	 	 	 	http://dbpedia.org/resource/Tribute_(Yanni_album)__1	 	 	 	 	 	1	0.57735	1	1		
0	http://dbpedia.org/ontology/wikiPageExternalLink	 	 	 	 	http://www.allmovie.com/cg/avg.dll?p=avg&sql=1:200624	 	 	 	 	 	1	0.816497	1	1		
0	http://xmlns.com/foaf/0.1/homepage;http://rdf.freebase.com/ns/common.topic.official_website	 	 	 	 	http://www.yanni.com/	http://www.yanni.com/	 	 	 	 	2	0.57735	0.69897	1		
0	http://www.wikidata.org/entity/P86c;http://rdf.freebase.com/ns/music.composition.composer	 	 	 	 	 	 	Yanni	 	Jack Black; Kyle Gass	 	2	0.816497	0.69897	1		
0	http://dbpedia.org/ontology/album	 	 	 	 	 	 	 	Tenacious D (album)	 	 	1	0.57735	1	1		
0	http://dbpedia.org/ontology/certification	 	 	 	 	 	 	 	Platinum (ARIA)	 	 	1	0.57735	1	1		
0	http://dbpedia.org/ontology/format;http://rdf.freebase.com/ns/music.composition.form	 	 	 	 	 	 	 	Compact disc	Song	 	2	0.816497	0.69897	1		
0	http://dbpedia.org/ontology/musicalBand	 	 	 	 	 	 	 	Tenacious D	 	 	1	0.57735	1	1		
0	http://dbpedia.org/ontology/writer	 	 	 	 	 	 	 	Jack Black; Kyle Gass	 	 	1	0.816497	1	1		
1	http://rdf.freebase.com/key/authority.musicbrainz.work;http://www.wikidata.org/entity/P435c	 	 	 	 	 	 	 	 	9f3df3ae-ca6c-340c-90b8-e6c95df9ac58	9f3df3ae-ca6c-340c-90b8-e6c95df9ac58	2	0.57735	0.69897	1		
0	http://rdf.freebase.com/ns/common.topic.alias	 	 	 	 	 	 	 	 	Tribute to the greatest song in the world	 	1	0.57735	1	1		
0	http://rdf.freebase.com/ns/dataworld.gardening_hint.split_to	 	 	 	 	 	 	 	 	Tribute	 	1	0.57735	1	1		
0	http://rdf.freebase.com/ns/media_common.cataloged_instance.iswc	 	 	 	 	 	 	 	 	T-071.349.670-8	 	1	0.57735	1	1		
0	http://rdf.freebase.com/ns/music.composition.language	 	 	 	 	 	 	 	 	English Language	 	1	0.57735	1	1		
0	http://rdf.freebase.com/ns/music.composition.lyricist	 	 	 	 	 	 	 	 	Jack Black; Kyle Gass	 	1	0.816497	1	1		
0	http://rdf.freebase.com/ns/music.composition.recorded_as_album	 	 	 	 	 	 	 	 	Tribute	 	1	0.57735	1	1		
0	http://rdf.freebase.com/ns/music.composition.recordings	 	 	 	 	 	 	 	 	Tribute (Channel V performance); Tribute (radio edit)	 	1	0.381881	1	1		
0	http://www.wikidata.org/entity/P495c	 	 	 	 	 	 	 	 	 	United States of America	1	0.57735	1	1		
