score	dataset	dbpedia	freebase	wikidata	yago-knowledge	dbpedia	freebase	wikidata	dbpedia	freebase	wikidata						
	entity	http://dbpedia.org/resource/Lost_in_Space_(album)	http://rdf.freebase.com/ns/m.01hvnnc	http://www.wikidata.org/entity/Q3259845	http://yago-knowledge.org/resource/Lost_in_Space_(album)	http://dbpedia.org/resource/Lost_in_Space_Part_I	http://rdf.freebase.com/ns/m.03cjb7x	http://www.wikidata.org/entity/Q2538735	http://dbpedia.org/resource/Lost_in_Space_(Lighthouse_Family_song)	http://rdf.freebase.com/ns/m.02rh_nh	http://www.wikidata.org/entity/Q6684423						
1	http://dbpedia.org/ontology/Work/runtime;http://dbpedia.org/ontology/runtime	43.05	 	 	 	17.883	 	 	250	 	 	3	0.816497	0.522879	1		
0	http://dbpedia.org/ontology/abstract	Lost in Space is an album by singer-songwriter Aimee Mann, released in 2002 on her own label, SuperE	 	 	 	Lost in Space (Part I) is an EP to the Avantasia album The Scarecrow.	 	 	Lost in Space is a song by the Lighthouse Family, released as their third pop single for their sec	 	 	3	0.816497	0.522879	1		
2	http://dbpedia.org/ontology/artist;http://rdf.freebase.com/ns/music.album.artist;http://www.wikidata.org/entity/P175c;http://dbpedia.org/ontology/musicalArtist	Aimee Mann	Aimee Mann	Aimee Mann	 	Avantasia	Avantasia	 	Lighthouse Family	 	Lighthouse Family	7	0.308607	0.154902	1		
1	http://dbpedia.org/ontology/genre;http://rdf.freebase.com/ns/music.album.genre	Pop music	Pop music	 	 	Symphonic power metal	Alternative rock; Symphonic metal	 	Pop music	 	 	5	0.60553	0.30103	1		
0	http://dbpedia.org/ontology/previousWork	Ultimate Collection (Aimee Mann album)	 	 	 	The Metal Opera Part II	 	 	High (Lighthouse Family song)	 	 	3	0.816497	0.522879	1		
0	http://dbpedia.org/ontology/producer	Michael Lockwood (guitarist)	 	 	 	Sascha Paeth	 	 	Paul Tucker (musician)	 	 	3	0.816497	0.522879	1		
1	http://dbpedia.org/ontology/recordLabel;http://www.wikidata.org/entity/P264c	V2 Records	 	 	 	Nuclear Blast Records	 	 	Polydor	 	Polydor Records	4	0.816497	0.39794	1		
2	http://dbpedia.org/ontology/releaseDate;http://rdf.freebase.com/ns/music.album.release_date;http://yago-knowledge.org/resource/wasCreatedOnDate	2002/8/27	2002/8/27	 	2002/8/27	2007/11/19	2007/11/15	 	1998/6/22	 	 	6	0.57735	0.221849	1		
0	http://dbpedia.org/ontology/subsequentWork	Live at St. Ann's Warehouse	 	 	 	Lost in Space Part II	 	 	Question of Faith	 	 	3	0.816497	0.522879	1		
2	http://dbpedia.org/ontology/wikiPageID;http://rdf.freebase.com/key/wikipedia.en_id	177710	177710	 	 	13789390	13789390	 	11555693	11555693	 	6	0.408248	0.221849	1		
0	http://dbpedia.org/ontology/wikiPageLength	9383	 	 	 	1723	 	 	4514	 	 	3	0.816497	0.522879	1		
0	http://dbpedia.org/ontology/wikiPageOutDegree	81	 	 	 	22	 	 	40	 	 	3	0.816497	0.522879	1		
0	http://dbpedia.org/ontology/wikiPageRevisionID	743923726	 	 	 	690715754	 	 	738600812	 	 	3	0.816497	0.522879	1		
0	http://purl.org/dc/terms/subject	Aimee Mann albums; English-language albums	 	 	 	2007 EPs; Avantasia albums	 	 	Lighthouse Family songs; Polydor Records singles	 	 	3	0.816497	0.522879	1		
0	http://www.w3.org/1999/02/22-rdf-syntax-ns#type;http://rdf.freebase.com/ns/music.album.release_type;http://www.wikidata.org/entity/P31c	CreativeWork; musical work	Inanimate; Musical Album	album	wikicat Albums produced by Michael Lockwood (guitarist); wordnet album 106591815	CreativeWork; musical work	Inanimate; Musical Album	extended play	CreativeWork; musical work	Composition; Inanimate	single	10	0.348155	0	1		
2	http://www.w3.org/2000/01/rdf-schema#comment;http://rdf.freebase.com/ns/common.topic.description	Lost in Space is an album by singer-songwriter Aimee Mann, released in 2002 on her own label, SuperE	Lost in Space is an album by singer-songwriter Aimee Mann, released in 2002 on her own label, SuperE	 	 	Lost in Space (Part I) is an EP to the Avantasia album The Scarecrow.	Lost in Space is an EP to the Avantasia album The Scarecrow.	 	Lost in Space is a song by the Lighthouse Family, released as their third pop single for their sec	Lost in Space is a song by the Lighthouse Family, released as their third pop single for their sec	 	6	0.57735	0.221849	1		
3	http://www.w3.org/2000/01/rdf-schema#label	Lost in Space (album)	Lost in Space	Lost in Space	Lost in Space (album)	Lost in Space Part I	Lost in Space Part I	Lost in Space Part I	Lost in Space (Lighthouse Family song)	Lost in Space	Lost in Space	10	0.174078	0	1		
0	http://www.w3.org/2002/07/owl#sameAs	 	 	 	 	 	 	 	 	 	 	0	NaN	Infinity	0		
0	http://www.w3.org/ns/prov#wasDerivedFrom	http://en.wikipedia.org/wiki/Lost_in_Space_(album)?oldid=743923726	 	 	 	http://en.wikipedia.org/wiki/Lost_in_Space_Part_I?oldid=690715754	 	 	http://en.wikipedia.org/wiki/Lost_in_Space_(Lighthouse_Family_song)?oldid=738600812	 	 	3	0.816497	0.522879	1		
1	http://xmlns.com/foaf/0.1/isPrimaryTopicOf;http://rdf.freebase.com/ns/common.topic.topic_equivalent_webpage	http://en.wikipedia.org/wiki/Lost_in_Space_(album)	http://en.wikipedia.org/wiki/Lost_in_Space_(album); http://fr.wikipedia.org/wiki/index.html?curid=66	 	 	http://en.wikipedia.org/wiki/Lost_in_Space_Part_I	http://en.wikipedia.org/wiki/Lost_in_Space_Part_I; http://it.wikipedia.org/wiki/index.html?curid=145	 	http://en.wikipedia.org/wiki/Lost_in_Space_(Lighthouse_Family_song)	http://en.wikipedia.org/wiki/Lost_in_Space_(Lighthouse_Family_song); http://musicbrainz.org/work/d4d	 	6	0.770387	0.221849	1		
0	http://xmlns.com/foaf/0.1/name	Lost in Space	 	 	 	Lost in Space (Part I)	 	 	Lost in Space	 	 	3	0.57735	0.522879	1		
1	http://rdf.freebase.com/key/authority.discogs.master;http://www.wikidata.org/entity/P1954c	 	107209	107209	 	 	 	 	 	 	 	2	0.57735	0.69897	1		
0	http://rdf.freebase.com/key/authority.musicbrainz	 	1785c1a9-3ba1-3b02-b790-d2757621a575; 56539750-5aee-47ef-8cf3-d0b400f1c1fa	 	 	 	833ee5fd-a199-31a0-b510-99f6a63dc80d; ecb33435-fe64-38f1-ae42-15057d1b67d4	 	 	 	 	2	0.816497	0.69897	1		
1	http://rdf.freebase.com/key/authority.musicbrainz.release_group;http://www.wikidata.org/entity/P436c	 	1785c1a9-3ba1-3b02-b790-d2757621a575; 56539750-5aee-47ef-8cf3-d0b400f1c1fa	719e5d6c-2b64-3136-8aa0-538dbac94b61	 	 	833ee5fd-a199-31a0-b510-99f6a63dc80d; ecb33435-fe64-38f1-ae42-15057d1b67d4	 	 	 	 	3	0.745356	0.522879	1		
0	http://rdf.freebase.com/key/en	 	lost_in_space_special_edition	 	 	 	lost_in_space_chapter_1	 	 	 	 	2	0.816497	0.69897	1		
1	http://rdf.freebase.com/key/wikipedia.en	 	Lost_in_Space_(album)	 	 	 	Lost_in_Space_Part_I	 	 	Lost_In_Space_(Lighthouse_Family_song)	 	3	0.816497	0.522879	1		
1	http://rdf.freebase.com/key/wikipedia.en_title	 	Lost_in_Space_(album)	 	 	 	Lost_in_Space_Part_I	 	 	Lost_in_Space_(Lighthouse_Family_song)	 	3	0.816497	0.522879	1		
0	http://rdf.freebase.com/ns/common.topic.alias	 	Lost in Space: Special Edition	 	 	 	Lost in Space, Part 1	 	 	 	 	2	0.816497	0.69897	1		
0	http://rdf.freebase.com/ns/common.topic.article	 	Lost in Space is an album by singer-songwriter Aimee Mann, released on her own label SuperEgo Record	 	 	 	Lost in Space (Part I) is an EP to the Avantasia album The Scarecrow.	 	 	Lost in Space is a song by the Lighthouse Family, released as their third pop single for their sec	 	3	0.816497	0.522879	1		
0	http://rdf.freebase.com/ns/common.topic.notable_for	 	Rock Album	 	 	 	Symphonic metal Album	 	 	Composition	 	3	0.816497	0.522879	1		
0	http://rdf.freebase.com/ns/common.topic.notable_types	 	Musical Album	 	 	 	Musical Album	 	 	Composition	 	3	0.57735	0.522879	1		
0	http://rdf.freebase.com/ns/kg.object_profile.prominent_type	 	Musical Album	 	 	 	Musical Album	 	 	Composition	 	3	0.57735	0.522879	1		
0	http://rdf.freebase.com/ns/music.album.contributor	 	http://rdf.freebase.com/ns/m.01tjf4r	 	 	 	 	 	 	 	 	1	0.57735	1	1		
0	http://rdf.freebase.com/ns/music.album.primary_release	 	Lost in Space	 	 	 	Lost in Space, Part 1	 	 	 	 	2	0.816497	0.69897	1		
0	http://rdf.freebase.com/ns/music.album.releases	 	Lost in Space: Special Edition	 	 	 	Lost in Space, Part 1	 	 	 	 	2	0	0.69897	1		
0	http://rdf.freebase.com/ns/type.object.key	 	/authority/discogs/master/107209; /en/lost_in_space_special_edition	 	 	 	/authority/musicbrainz/release_group/833ee5fd-a199-31a0-b510-99f6a63dc80d; /en/lost_in_space_chapter	 	 	/authority/musicbrainz/work/d4d868fa-3d0b-3363-9d12-bc64c2324bb2; /wikipedia/es_id/2444311	 	3	0.816497	0.522879	1		
0	http://rdf.freebase.com/ns/type.object.name	 	Lost in Space	 	 	 	Lost in Space Part I	 	 	Lost in Space	 	3	0.57735	0.522879	1		
0	http://rdf.freebase.com/ns/type.object.type	 	Inanimate; Musical Album	 	 	 	Inanimate; Musical Album	 	 	Composition; Inanimate	 	3	0.258199	0.522879	1		
1	http://www.wikidata.org/entity/P155c	 	 	Ultimate Collection	 	 	 	The Metal Opera Part II	 	 	High	3	0.816497	0.522879	1		
1	http://www.wikidata.org/entity/P156c	 	 	Live at St. Ann's Warehouse	 	 	 	Lost in Space Part II	 	 	Question of Faith	3	0.816497	0.522879	1		
0	http://www.wikidata.org/entity/P1712c	 	 	music/lost-in-space/aimee-mann	 	 	 	 	 	 	 	1	0.57735	1	1		
0	http://www.wikidata.org/entity/P646-freebase	 	 	Lost in Space	 	 	 	Lost in Space Part I	 	 	 	2	0.816497	0.69897	1		
0	http://www.wikidata.org/entity/P646c	 	 	/m/01hvnnc	 	 	 	/m/03cjb7x	 	 	 	2	0.816497	0.69897	1		
0	http://www.w3.org/2004/02/skos/core#prefLabel	 	 	 	Lost in Space (album)	 	 	 	 	 	 	1	0.57735	1	1		
0	http://yago-knowledge.org/resource/hasCitationTitle	 	 	 	Not Hop, Stomp	 	 	 	 	 	 	1	0.57735	1	1		
0	http://yago-knowledge.org/resource/hasWikipediaAnchorText	 	 	 	Buffy the Vampire Slayer; Michael Lockwood	 	 	 	 	 	 	1	0.816497	1	1		
0	http://yago-knowledge.org/resource/hasWikipediaArticleLength	 	 	 	8259	 	 	 	 	 	 	1	0.57735	1	1		
0	http://yago-knowledge.org/resource/hasWikipediaUrl	 	 	 	http://en.wikipedia.org/wiki/Lost_in_Space_%28album%29	 	 	 	 	 	 	1	0.57735	1	1		
0	http://yago-knowledge.org/resource/linksTo	 	 	 	Billboard (magazine); Pitchfork Media	 	 	 	 	 	 	1	0.816497	1	1		
0	http://www.wikidata.org/entity/P373c	 	 	 	 	 	 	Avantasia	 	 	 	1	0.57735	1	1		
0	http://dbpedia.org/ontology/album	 	 	 	 	 	 	 	Postcards from Heaven	 	 	1	0.57735	1	1		
0	http://dbpedia.org/ontology/format	 	 	 	 	 	 	 	"12"""	 	 	1	0.816497	1	1		
0	http://dbpedia.org/ontology/musicalBand	 	 	 	 	 	 	 	Lighthouse Family	 	 	1	0.57735	1	1		
0	http://dbpedia.org/ontology/recordedIn	 	 	 	 	 	 	 	Sarm West Studios; Studio Miraval	 	 	1	0.816497	1	1		
0	http://dbpedia.org/ontology/wikiPageExternalLink	 	 	 	 	 	 	 	http://jove.prohosting.com/euro100/archive/1998/1998-29.txt; http://www.chartstats.com/songinfo.php?	 	 	1	0.816497	1	1		
0	http://dbpedia.org/ontology/writer	 	 	 	 	 	 	 	Paul Tucker (musician)	 	 	1	0.57735	1	1		
0	http://rdf.freebase.com/key/authority.musicbrainz.work	 	 	 	 	 	 	 	 	d4d868fa-3d0b-3363-9d12-bc64c2324bb2	 	1	0.57735	1	1		
0	http://rdf.freebase.com/ns/music.composition.composer	 	 	 	 	 	 	 	 	Paul Tucker; Tim Laws	 	1	0.816497	1	1		
0	http://rdf.freebase.com/ns/music.composition.lyricist	 	 	 	 	 	 	 	 	Paul Tucker	 	1	0.57735	1	1		
0	http://rdf.freebase.com/ns/music.composition.recordings	 	 	 	 	 	 	 	 	Lost In Space (Itaal Shur's Full Mix); Lost In Space (Tuff Jam's Classic Garage Main Mix)	 	1	0.550482	1	1		
0	http://www.wikidata.org/entity/P2624c	 	 	 	 	 	 	 	 	 	lost-in-space-lyrics-lighthouse-family	1	0.57735	1	1		
