score	dataset	dbpedia	wikidata	dbpedia	freebase	wikidata	dbpedia	freebase	wikidata	freebase	wikidata						
	entity	http://dbpedia.org/resource/Twist_and_Shout	http://www.wikidata.org/entity/Q786778	http://dbpedia.org/resource/Twist_and_Shout_(EP)	http://rdf.freebase.com/ns/m.07_5jn	http://www.wikidata.org/entity/Q1940919	http://dbpedia.org/resource/Twist_and_Shout_(album)	http://rdf.freebase.com/ns/m.03fz9qs	http://www.wikidata.org/entity/Q1940281	http://rdf.freebase.com/ns/m.0c7d90c	http://www.wikidata.org/entity/Q4310546						
1	http://dbpedia.org/ontology/Work/runtime;http://dbpedia.org/ontology/runtime;http://rdf.freebase.com/ns/film.film.runtime	2.083	 	512	 	 	1903	 	 	108	 	4	0.816497	0.39794	1		
0	http://dbpedia.org/ontology/abstract	"Twist and Shout is a 1961 song written by Phil Medley and Bert Berns (later credited as ""Bert Russ"	 	The Twist and Shout EP by the Beatles is the band's first British EP, released by Parlophone (catalo	 	 	Twist and Shout was the Beatles' second album released in Canada, in mono by Capitol Records (catalo	 	 	 	 	3	0.816497	0.522879	1		
0	http://dbpedia.org/ontology/album	Introducing... The Beatles; The Isle of Wight Festival	 	 	 	 	 	 	 	 	 	1	0.816497	1	1		
0	http://dbpedia.org/ontology/bSide	"Always Late (Why Lead Me On); ""I Can't Explain"""	 	 	 	 	 	 	 	 	 	1	0.816497	1	1		
0	http://dbpedia.org/ontology/certification	Platinum (RIAA)	 	 	 	 	 	 	 	 	 	1	0.57735	1	1		
0	http://dbpedia.org/ontology/format	Gramophone Record; Single (music)	 	 	 	 	 	 	 	 	 	1	0.816497	1	1		
2	http://dbpedia.org/ontology/genre;http://www.wikidata.org/entity/P136c;http://rdf.freebase.com/ns/music.album.genre;http://rdf.freebase.com/ns/film.film.genre;http://rdf.freebase.com/ns/media_common.netflix_title.netflix_genres	Rock and roll	rhythm and blues; rock music	Merseybeat	Rock and roll	 	Rock and roll	Beat music; Rock and roll	 	Danish Language; Romantic Foreign Movies	 	7	0.698638	0.154902	1		
2	http://dbpedia.org/ontology/musicalArtist;http://www.wikidata.org/entity/P175c;http://dbpedia.org/ontology/artist;http://rdf.freebase.com/ns/music.album.artist	The Isley Brothers	The Beatles	The Beatles	The Beatles	 	The Beatles	The Beatles	The Beatles	 	 	7	0.258199	0.154902	1		
0	http://dbpedia.org/ontology/musicalBand	The Isley Brothers	 	 	 	 	 	 	 	 	 	1	0.816497	1	1		
0	http://dbpedia.org/ontology/previousWork	I Want to Hold Your Hand; Shout (The Isley Brothers song)	 	My Bonnie	 	 	Meet the Beatles!	 	 	 	 	3	0.816497	0.522879	1		
1	http://dbpedia.org/ontology/producer;http://www.wikidata.org/entity/P162c	Bert Russell; George Martin	 	George Martin	 	 	George Martin	 	 	 	Per Holst	4	0.57735	0.39794	1		
0	http://dbpedia.org/ontology/recordDate	1961/2/23	 	1963/2/11	 	 	 	 	 	 	 	2	0.816497	0.69897	1		
1	http://dbpedia.org/ontology/recordLabel;http://www.wikidata.org/entity/P264c	Atlantic Records	RCA Records	Parlophone	 	 	Capitol Records	 	 	 	 	4	0.723747	0.39794	1		
0	http://dbpedia.org/ontology/recordedIn	Atlantic Studios; Maple Leaf Gardens	 	Abbey Road Studios	 	 	 	 	 	 	 	2	0.816497	0.69897	1		
3	http://dbpedia.org/ontology/releaseDate;http://www.wikidata.org/entity/P577c;http://rdf.freebase.com/ns/music.album.release_date;http://rdf.freebase.com/ns/film.film.initial_release_date	1962/6/16	1962/6/16	1963/7/12	1963/7/12	 	1964/2/3	1963/7/12	 	1984	1984	8	0.471405	0.09691	1		
0	http://dbpedia.org/ontology/subsequentWork	Can't Buy Me Love; Real Good Looking Boy	 	The Beatles' Hits	 	 	The Beatles' Second Album	 	 	 	 	3	0.816497	0.522879	1		
0	http://dbpedia.org/ontology/thumbnail	http://en.wikipedia.org/wiki/Special:FilePath/Twist_and_Shout_Top_Notes.jpg?width=300	 	 	 	 	 	 	 	 	 	1	0.57735	1	1		
2	http://dbpedia.org/ontology/wikiPageID;http://rdf.freebase.com/key/wikipedia.en_id	716985	 	2725265	2725265	 	1216061	1216061	 	38462522	 	6	0.57735	0.221849	1		
0	http://dbpedia.org/ontology/wikiPageLength	24355	 	2695	 	 	4530	 	 	 	 	3	0.816497	0.522879	1		
0	http://dbpedia.org/ontology/wikiPageOutDegree	210	 	31	 	 	56	 	 	 	 	3	0.816497	0.522879	1		
0	http://dbpedia.org/ontology/wikiPageRevisionID	742752252	 	741962247	 	 	723947463	 	 	 	 	3	0.816497	0.522879	1		
0	http://dbpedia.org/ontology/writer;http://rdf.freebase.com/ns/film.film.written_by	Bert Berns; Phil Medley	 	 	 	 	 	 	 	Bjarne Reuter	 	2	0.816497	0.69897	1		
0	http://purl.org/dc/terms/subject	Atlantic Records singles; Salt-N-Pepa songs	 	Albums produced by George Martin; Albums recorded at Abbey Road Studios	 	 	Albums produced by George Martin; Capitol Records albums	 	 	 	 	3	0.796498	0.522879	1		
3	http://www.w3.org/1999/02/22-rdf-syntax-ns#type;http://www.wikidata.org/entity/P31c;http://rdf.freebase.com/ns/music.album.release_type;http://rdf.freebase.com/ns/music.album.album_content_type	CreativeWork; musical work	single	CreativeWork; musical work	Inanimate; Musical Album	album	CreativeWork; musical work	Inanimate; Musical Album	album	Netflix Title; Processed with Review Queue	film	10	0.07581	0	1		
2	http://www.w3.org/2000/01/rdf-schema#comment;http://rdf.freebase.com/ns/common.topic.description	"Twist and Shout is a 1961 song written by Phil Medley and Bert Berns (later credited as ""Bert Russ"	 	The Twist and Shout EP by the Beatles is the band's first British EP, released by Parlophone (catalo	The Twist and Shout EP by the Beatles is the band's first British EP, released by Parlophone on 12 J	 	Twist and Shout was the Beatles' second album released in Canada, in mono by Capitol Records (catalo	Twist and Shout was the Beatles' second album released in Canada, in mono by Capitol Records. It con	 	Tro, håb og kærlighed is a 1984 film directed by Bille August.	 	6	0.816497	0.221849	1		
3	http://www.w3.org/2000/01/rdf-schema#label	Twist and Shout	Twist and Shout	Twist and Shout (EP)	Twist and Shout	Twist and Shout	Twist and Shout (album)	Twist and Shout	Twist and Shout	Twist and Shout	Twist and Shout	10	0.182574	0	1		
0	http://www.w3.org/2002/07/owl#sameAs	Twist and Shout	 	 	 	 	 	 	 	 	 	1	0.57735	1	0		
0	http://www.w3.org/ns/prov#wasDerivedFrom	http://en.wikipedia.org/wiki/Twist_and_Shout?oldid=742752252	 	http://en.wikipedia.org/wiki/Twist_and_Shout_(EP)?oldid=741962247	 	 	http://en.wikipedia.org/wiki/Twist_and_Shout_(album)?oldid=723947463	 	 	 	 	3	0.816497	0.522879	1		
0	http://xmlns.com/foaf/0.1/depiction	http://en.wikipedia.org/wiki/Special:FilePath/Twist_and_Shout_Top_Notes.jpg	 	 	 	 	 	 	 	 	 	1	0.57735	1	1		
1	http://xmlns.com/foaf/0.1/isPrimaryTopicOf;http://rdf.freebase.com/ns/common.topic.topic_equivalent_webpage	http://en.wikipedia.org/wiki/Twist_and_Shout	 	http://en.wikipedia.org/wiki/Twist_and_Shout_(EP)	http://de.wikipedia.org/wiki/index.html?curid=7743429; http://ru.wikipedia.org/wiki/Twist_and_Shout_	 	http://en.wikipedia.org/wiki/Twist_and_Shout_(album)	http://en.wikipedia.org/wiki/index.html?curid=1216061; http://ru.wikipedia.org/wiki/index.html?curid	 	http://da.wikipedia.org/wiki/Tro,_h%E5b_og_k%E6rlighed; http://www.imdb.com/title/tt0088299/	 	6	0.782696	0.221849	1		
0	http://xmlns.com/foaf/0.1/name	Twist & Shout	 	Twist and Shout	 	 	Twist and Shout	 	 	 	 	3	0.408248	0.522879	1		
1	http://schema.org/description;http://rdf.freebase.com/ns/common.topic.article	 	single	 	The Twist and Shout EP by The Beatles is the band's first British EP, released by Parlophone (catalo	 	 	Twist and Shout was The Beatles' second album released in Canada by Capitol Records in mono (catalog	 	Tro, håb og kærlighed is a 1984 film directed by Bille August.; http://rdf.freebase.com/ns/m.0r3sqjd	 	4	0.816497	0.39794	1		
0	http://www.wikidata.org/entity/P155c	 	The Beatles Movie Medley	 	 	 	 	 	Beatlemania! With the Beatles	 	 	2	0.816497	0.69897	1		
1	http://www.wikidata.org/entity/P156c	 	Expression	 	 	The Beatles' Hits	 	 	The Beatles' Long Tall Sally	 	 	3	0.816497	0.522879	1		
2	http://www.wikidata.org/entity/P1954c;http://rdf.freebase.com/key/authority.discogs.master	 	199451	 	 	45697	 	45697	230677	 	 	4	0.645497	0.39794	1		
0	http://www.wikidata.org/entity/P2624c	 	twist-and-shout-lyrics-the-isley-brothers	 	 	 	 	 	 	 	 	1	0.57735	1	1		
0	http://www.wikidata.org/entity/P435c	 	7e2dedbb-5be0-32d4-8985-079d6df1e78b	 	 	 	 	 	 	 	 	1	0.57735	1	1		
2	http://www.wikidata.org/entity/P436c;http://rdf.freebase.com/key/authority.musicbrainz.release_group	 	5861e353-fad4-3828-a84b-9bfbfb7afab1	 	 	bf44e69d-bbc0-34a4-bce3-6b56aa2804ef	 	bf44e69d-bbc0-34a4-bce3-6b56aa2804ef	31770e0a-e537-376d-a7c0-48e507f3105e	 	 	4	0.645497	0.39794	1		
1	http://www.wikidata.org/entity/P495c;http://rdf.freebase.com/ns/film.film.country	 	United States of America	 	 	 	 	 	 	Denmark	Denmark	3	0.57735	0.522879	1		
0	http://www.wikidata.org/entity/P646-freebase	 	Twist and Shout	 	 	Twist and Shout	 	 	Twist and Shout	 	 	3	0.57735	0.522879	1		
0	http://www.wikidata.org/entity/P646c	 	/m/035c55	 	 	/m/07_5jn	 	 	/m/03fz9qs	 	 	3	0.816497	0.522879	1		
0	http://www.wikidata.org/entity/P676c	 	Bert Berns; Phil Medley	 	 	 	 	 	 	 	 	1	0.816497	1	1		
0	http://www.wikidata.org/entity/P86c	 	Phil Medley	 	 	 	 	 	 	 	 	1	0.57735	1	1		
0	http://dbpedia.org/ontology/type	 	 	Extended play	 	 	 	 	 	 	 	1	0.57735	1	1		
0	http://dbpedia.org/ontology/wikiPageExternalLink	 	 	http://beatles.murashev.com/disk.php?category=4&id=131	 	 	http://www.capitol6000.com/beatlesdiscs.html; http://www.math.mcgill.ca/rags/music/beatcan.html	 	 	 	 	2	0.816497	0.69897	1		
1	http://rdf.freebase.com/key/wikipedia.en	 	 	 	Twist_and_Shout_(EP)	 	 	Twist_and_Shout_(The_Beatles_Canadian_album)	 	Tro,_hab_og_kærlighed; Twist_and_Shout_(film)	 	3	0.816497	0.522879	1		
1	http://rdf.freebase.com/key/wikipedia.en_title	 	 	 	Twist_and_Shout_(EP)	 	 	Twist_and_Shout_(album)	 	Twist_and_Shout_(film)	 	3	0.816497	0.522879	1		
0	http://rdf.freebase.com/ns/common.topic.notable_for	 	 	 	Rock and roll Album	 	 	Rock Album	 	Romantic comedy Film	 	3	0.816497	0.522879	1		
0	http://rdf.freebase.com/ns/common.topic.notable_types	 	 	 	Musical Album	 	 	Musical Album	 	Film	 	3	0.57735	0.522879	1		
0	http://rdf.freebase.com/ns/kg.object_profile.prominent_type	 	 	 	Musical Album	 	 	Musical Album	 	Film	 	3	0.57735	0.522879	1		
0	http://rdf.freebase.com/ns/music.album.compositions	 	 	 	Twist and Shout	 	 	 	 	 	 	1	0.57735	1	1		
0	http://rdf.freebase.com/ns/type.object.key	 	 	 	/wikipedia/de_id/7743429; /wikipedia/fr_id/5443344	 	 	/authority/discogs/master/45697; /user/avh/ellerdale/009d-ea34	 	/authority/imdb/title/tt0088299; /wikipedia/ja_id/1177016	 	3	0.816497	0.522879	1		
0	http://rdf.freebase.com/ns/type.object.name	 	 	 	Twist and Shout	 	 	Twist and Shout	 	Twist and Shout	 	3	0.57735	0.522879	1		
0	http://rdf.freebase.com/ns/type.object.type	 	 	 	Inanimate; Musical Album	 	 	Inanimate; Musical Album	 	Netflix Title; Processed with Review Queue	 	3	0.370479	0.522879	1		
0	http://rdf.freebase.com/key/authority.musicbrainz	 	 	 	 	 	 	bf44e69d-bbc0-34a4-bce3-6b56aa2804ef	 	 	 	1	0.57735	1	1		
0	http://rdf.freebase.com/key/user.avh.ellerdale	 	 	 	 	 	 	009d-ea34	 	 	 	1	0.57735	1	1		
0	http://rdf.freebase.com/ns/music.album.primary_release	 	 	 	 	 	 	Twist and Shout	 	 	 	1	0.57735	1	1		
0	http://rdf.freebase.com/ns/music.album.releases	 	 	 	 	 	 	Twist and Shout	 	 	 	1	0.57735	1	1		
0	http://rdf.freebase.com/ns/user.avh.default_domain.ellerdale_topic.ellerdale_id	 	 	 	 	 	 	009d-ea34	 	 	 	1	0.57735	1	1		
1	http://rdf.freebase.com/key/authority.imdb.title;http://rdf.freebase.com/ns/imdb.topic.title_id;http://www.wikidata.org/entity/P345c	 	 	 	 	 	 	 	 	tt0088299	tt0088299	2	0.57735	0.69897	1		
0	http://rdf.freebase.com/key/authority.netflix.api	 	 	 	 	 	 	 	 	http://api.netflix.com/catalog/titles/movies/60037001	 	1	0.57735	1	1		
0	http://rdf.freebase.com/key/authority.netflix.movie;http://rdf.freebase.com/ns/film.film.netflix_id	 	 	 	 	 	 	 	 	60037001	 	1	0.57735	1	1		
0	http://rdf.freebase.com/key/authority.netflix.tiny	 	 	 	 	 	 	 	 	ApUvx	 	1	0.57735	1	1		
0	http://rdf.freebase.com/ns/film.film.costume_design_by	 	 	 	 	 	 	 	 	Manon Rasmussen	 	1	0.57735	1	1		
0	http://rdf.freebase.com/ns/film.film.directed_by;http://www.wikidata.org/entity/P57c	 	 	 	 	 	 	 	 	Bille August	Bille August	2	0.57735	0.69897	1		
0	http://rdf.freebase.com/ns/film.film.language;http://www.wikidata.org/entity/P364c	 	 	 	 	 	 	 	 	Danish Language	Danish	2	0.816497	0.69897	1		
0	http://rdf.freebase.com/ns/film.film.starring	 	 	 	 	 	 	 	 	Bent Mejding; Camilla Soeberg	 	1	0.816497	1	1		
0	http://rdf.freebase.com/ns/user.alust.default_domain.processed_with_review_queue.question_id	 	 	 	 	 	 	 	 	/rabj/store/questions/question_312814815bac8e8b	 	1	0.57735	1	1		
0	http://www.wikidata.org/entity/P1804c	 	 	 	 	 	 	 	 	 	347	1	0.57735	1	1		
0	http://www.wikidata.org/entity/P2346c	 	 	 	 	 	 	 	 	 	140042	1	0.57735	1	1		
0	http://www.wikidata.org/entity/P2465c	 	 	 	 	 	 	 	 	 	14855	1	0.57735	1	1		
