score	dataset	dbpedia	freebase	wikidata	yago-knowledge	dbpedia	freebase	yago-knowledge	dbpedia	freebase	wikidata						
	entity	http://dbpedia.org/resource/The_Boxer	http://rdf.freebase.com/ns/m.05qr9x	http://www.wikidata.org/entity/Q180128	http://yago-knowledge.org/resource/The_Boxer	http://dbpedia.org/resource/Boxer_(album)	http://rdf.freebase.com/ns/m.03g2wtg	http://yago-knowledge.org/resource/Boxer_(album)	http://dbpedia.org/resource/The_Boxer_(The_Chemical_Brothers_song)	http://rdf.freebase.com/ns/m.06pc5f	http://www.wikidata.org/entity/Q1424829						
1	http://dbpedia.org/ontology/Work/runtime;http://dbpedia.org/ontology/runtime	310	 	 	 	2587	 	 	3.7	 	 	3	0.816497	0.522879	1		
0	http://dbpedia.org/ontology/abstract	The Boxer is a song by the American music duo Simon & Garfunkel from their fifth studio album, Bri	 	 	 	Boxer is the fourth studio album by American indie rock band The National, released on May 22, 2007 	 	 	The Boxer is a song recorded by English electronic music duo The Chemical Brothers for their fifth	 	 	3	0.816497	0.522879	1		
0	http://dbpedia.org/ontology/album	Bridge over Troubled Water	 	 	 	 	 	 	Push the Button (The Chemical Brothers album)	 	 	2	0.816497	0.69897	1		
0	http://dbpedia.org/ontology/bSide	Baby Driver	 	 	 	 	 	 	Swiper	 	 	2	0.816497	0.69897	1		
0	http://dbpedia.org/ontology/format;http://rdf.freebase.com/ns/music.composition.form	"7"" single"	Song	 	 	 	 	 	 	Song	 	3	0.57735	0.522879	1		
1	http://dbpedia.org/ontology/genre;http://rdf.freebase.com/ns/music.album.genre	Folk rock	 	 	 	Indie rock; Post-punk revival	Indie rock; Post-punk revival	 	 	 	 	3	0.516398	0.522879	1		
2	http://dbpedia.org/ontology/musicalArtist;http://www.wikidata.org/entity/P175c;http://dbpedia.org/ontology/artist;http://rdf.freebase.com/ns/music.album.artist	Simon & Garfunkel	 	Simon & Garfunkel	 	The National (band)	The National	 	The Chemical Brothers	 	The Chemical Brothers	6	0.57735	0.221849	1		
0	http://dbpedia.org/ontology/musicalBand	Simon & Garfunkel	 	 	 	 	 	 	The Chemical Brothers	 	 	2	0.816497	0.69897	1		
0	http://dbpedia.org/ontology/previousWork	Mrs. Robinson	 	 	 	Alligator (The National album)	 	 	Believe (The Chemical Brothers song)	 	 	3	0.816497	0.522879	1		
0	http://dbpedia.org/ontology/producer	Art Garfunkel; Paul Simon	 	 	 	The National (band)	 	 	The Chemical Brothers	 	 	3	0.816497	0.522879	1		
1	http://dbpedia.org/ontology/recordLabel;http://www.wikidata.org/entity/P264c	Columbia Records	 	Columbia Records	 	Beggars Banquet Records	 	 	 	 	Virgin Records	4	0.645497	0.39794	1		
2	http://dbpedia.org/ontology/releaseDate;http://www.wikidata.org/entity/P577c;http://yago-knowledge.org/resource/wasCreatedOnDate;http://rdf.freebase.com/ns/music.album.release_date	1969/3/21	 	Apr-69	1968/11/1	2007/5/22	2007/5/21	2007/5/22	2005/7/11	 	 	7	0.723747	0.154902	1		
0	http://dbpedia.org/ontology/subsequentWork	Bridge over Troubled Water (song)	 	 	 	The Virginia EP	 	 	Do It Again (The Chemical Brothers song)	 	 	3	0.816497	0.522879	1		
2	http://dbpedia.org/ontology/wikiPageID;http://rdf.freebase.com/key/wikipedia.en_id	1716940	1716940	 	 	10410296	10410296	 	2134376	2134376	 	6	0.408248	0.221849	1		
0	http://dbpedia.org/ontology/wikiPageLength	16623	 	 	 	14918	 	 	27608	 	 	3	0.816497	0.522879	1		
0	http://dbpedia.org/ontology/wikiPageOutDegree	111	 	 	 	87	 	 	140	 	 	3	0.816497	0.522879	1		
0	http://dbpedia.org/ontology/wikiPageRevisionID	742940368	 	 	 	714881006	 	 	743836735	 	 	3	0.816497	0.522879	1		
0	http://dbpedia.org/ontology/writer	Paul Simon	 	 	 	 	 	 	 	 	 	1	0.57735	1	1		
0	http://purl.org/dc/terms/subject	1960s ballads; Emmylou Harris songs	 	 	 	Albums produced by Aaron Dessner; Albums produced by Peter Katis	 	 	Astralwerks singles; The Chemical Brothers songs	 	 	3	0.816497	0.522879	1		
0	http://www.w3.org/1999/02/22-rdf-syntax-ns#type;http://www.wikidata.org/entity/P31c;http://rdf.freebase.com/ns/music.album.album_content_type;http://rdf.freebase.com/ns/music.album.release_type	CreativeWork; musical work	Cataloged instance; Composition	single	wikicat Emmylou Harris songs; wikicat Folk ballads	CreativeWork; musical work	Film subject; Inanimate	wikicat Albums produced by Peter Katis; wikicat The National albums	CreativeWork; musical work	Cataloged instance; Composition	single	10	0.518594	0	1		
2	http://www.w3.org/2000/01/rdf-schema#comment;http://rdf.freebase.com/ns/common.topic.description	The Boxer is a song by the American music duo Simon & Garfunkel from their fifth studio album, Bri	The Boxer is a song by the American music duo Simon & Garfunkel from their fifth studio album, Bri	 	 	Boxer is the fourth studio album by American indie rock band The National, released on May 22, 2007 	Boxer is the fourth studio album by American indie rock band The National, released on May 22, 2007 	 	The Boxer is a song recorded by English electronic music duo The Chemical Brothers for their fifth	The Boxer is the third single from The Chemical Brothers 2005 album Push the Button, released in e	 	6	0.57735	0.221849	1		
3	http://www.w3.org/2000/01/rdf-schema#label	The Boxer	The Boxer	The Boxer	The Boxer	Boxer (album)	Boxer	Boxer (album)	The Boxer (The Chemical Brothers song)	The Boxer	The Boxer	10	0.174078	0	1		
0	http://www.w3.org/2002/07/owl#sameAs	 	 	 	 	Boxer	 	 	 	 	 	1	0.57735	1	0		
0	http://www.w3.org/ns/prov#wasDerivedFrom	http://en.wikipedia.org/wiki/The_Boxer?oldid=742940368	 	 	 	http://en.wikipedia.org/wiki/Boxer_(album)?oldid=714881006	 	 	http://en.wikipedia.org/wiki/The_Boxer_(The_Chemical_Brothers_song)?oldid=743836735	 	 	3	0.816497	0.522879	1		
1	http://xmlns.com/foaf/0.1/isPrimaryTopicOf;http://rdf.freebase.com/ns/common.topic.topic_equivalent_webpage	http://en.wikipedia.org/wiki/The_Boxer	http://en.wikipedia.org/wiki/index.html?curid=1716940; http://it.wikipedia.org/wiki/The_Boxer_(Simon	 	 	http://en.wikipedia.org/wiki/Boxer_(album)	http://en.wikipedia.org/wiki/Boxer_(album); http://ru.wikipedia.org/wiki/Boxer_(%30%3B%4C%31%3E%3C)	 	http://en.wikipedia.org/wiki/The_Boxer_(The_Chemical_Brothers_song)	http://en.wikipedia.org/wiki/The_Boxer_(The_Chemical_Brothers_song); http://musicbrainz.org/work/920	 	6	0.783004	0.221849	1		
0	http://xmlns.com/foaf/0.1/name	The Boxer	 	 	 	Boxer	 	 	The Boxer	 	 	3	0.57735	0.522879	1		
0	http://rdf.freebase.com/key/authority.musicbrainz	 	648222fa-4acf-3144-95b7-1e5d03746479; 7b45fc59-cd11-3e33-a1d5-2ce5f61d399b	 	 	 	9facb475-4c5f-369b-9b93-1280e6669090; ade003f0-6dab-3085-a11d-5d8350d5fedd	 	 	 	 	2	0.816497	0.69897	1		
1	http://rdf.freebase.com/key/authority.musicbrainz.work;http://www.wikidata.org/entity/P435c	 	648222fa-4acf-3144-95b7-1e5d03746479; 7b45fc59-cd11-3e33-a1d5-2ce5f61d399b	d45cd2ac-52d2-3469-b9c3-985dc15523ef	 	 	 	 	 	920c242c-9142-4d4e-ba8e-a0449396e11c	 	3	0.758787	0.522879	1		
0	http://rdf.freebase.com/key/en	 	the_boxer	 	 	 	 	 	 	 	 	1	0.57735	1	1		
0	http://rdf.freebase.com/key/user.avh.ellerdale	 	0084-285b	 	 	 	 	 	 	 	 	1	0.57735	1	1		
1	http://rdf.freebase.com/key/wikipedia.en	 	The_Boxer_(Simon_&_Garfunkel_song)	 	 	 	Boxer_(The_National_album)	 	 	The_Boxer_(Chemical_Brothers_song)	 	3	0.816497	0.522879	1		
1	http://rdf.freebase.com/key/wikipedia.en_title	 	The_Boxer	 	 	 	Boxer_(album)	 	 	The_Boxer_(The_Chemical_Brothers_song)	 	3	0.816497	0.522879	1		
1	http://rdf.freebase.com/ns/common.topic.article;http://schema.org/description	 	The Boxer is a folk rock ballad written by Paul Simon in 1968 and first recorded by Simon & Garfun	1969 Simon and Garfunkel song	 	 	Boxer is the fourth studio album by Brooklyn-based indie rock band The National. It was released on 	 	 	The Boxer is the third single from The Chemical Brothers 2005 album Push the Button, released in e	single	5	0.816497	0.30103	1		
0	http://rdf.freebase.com/ns/common.topic.notable_for	 	Composition	 	 	 	Indie rock Album	 	 	Composition	 	3	0.57735	0.522879	1		
0	http://rdf.freebase.com/ns/common.topic.notable_types	 	Composition	 	 	 	Musical Album	 	 	Composition	 	3	0.57735	0.522879	1		
0	http://rdf.freebase.com/ns/kg.object_profile.prominent_type	 	Composition	 	 	 	Musical Album	 	 	Composition	 	3	0.57735	0.522879	1		
0	http://rdf.freebase.com/ns/media_common.cataloged_instance.iswc	 	T-070.880.909-9	 	 	 	 	 	 	T-011.254.407-6	 	2	0.816497	0.69897	1		
0	http://rdf.freebase.com/ns/music.composition.composer	 	Paul Simon	 	 	 	 	 	 	Tim Burgess; Tom Rowlands	 	2	0.816497	0.69897	1		
0	http://rdf.freebase.com/ns/music.composition.date_completed	 	1968	 	 	 	 	 	 	 	 	1	0.57735	1	1		
0	http://rdf.freebase.com/ns/music.composition.language	 	English Language	 	 	 	 	 	 	English Language	 	2	0.57735	0.69897	1		
0	http://rdf.freebase.com/ns/music.composition.lyricist;http://www.wikidata.org/entity/P676c	 	Paul Simon	Paul Simon	 	 	 	 	 	 	 	2	0.57735	0.69897	1		
0	http://rdf.freebase.com/ns/music.composition.recorded_as_album	 	The Boxer	 	 	 	 	 	 	The Boxer	 	2	0.57735	0.69897	1		
0	http://rdf.freebase.com/ns/music.composition.recordings	 	The Boxer (Bonus Track); The Boxer (live Central Park)	 	 	 	 	 	 	The Boxer (DFA version)	 	2	0.453939	0.69897	1		
0	http://rdf.freebase.com/ns/type.object.key	 	/authority/musicbrainz/648222fa-4acf-3144-95b7-1e5d03746479; /user/avh/ellerdale/0084-285b	 	 	 	/authority/discogs/master/15110; /wikipedia/fr_id/2751279	 	 	/authority/musicbrainz/work/920c242c-9142-4d4e-ba8e-a0449396e11c; /wikipedia/en_title/The_Boxer_(The	 	3	0.816497	0.522879	1		
0	http://rdf.freebase.com/ns/type.object.name	 	The Boxer	 	 	 	Boxer	 	 	The Boxer	 	3	0.57735	0.522879	1		
0	http://rdf.freebase.com/ns/type.object.type	 	Cataloged instance; Composition	 	 	 	Film subject; Inanimate	 	 	Cataloged instance; Composition	 	3	0.333333	0.522879	1		
0	http://rdf.freebase.com/ns/user.avh.default_domain.ellerdale_topic.ellerdale_id	 	0084-285b	 	 	 	 	 	 	 	 	1	0.57735	1	1		
0	http://www.wikidata.org/entity/P155c	 	 	Mrs. Robinson	 	 	 	 	 	 	Believe	2	0.816497	0.69897	1		
0	http://www.wikidata.org/entity/P156c	 	 	Bridge over Troubled Water	 	 	 	 	 	 	Do It Again	2	0.816497	0.69897	1		
1	http://www.wikidata.org/entity/P1954c;http://rdf.freebase.com/key/authority.discogs.master	 	 	27901	 	 	15110	 	 	 	 	2	0.816497	0.69897	1		
0	http://www.wikidata.org/entity/P2624c	 	 	the-boxer-lyrics-simon-and-garfunkel	 	 	 	 	 	 	the-boxer-lyrics-chemical-brothers	2	0.816497	0.69897	1		
1	http://www.wikidata.org/entity/P436c;http://rdf.freebase.com/key/authority.musicbrainz.release_group	 	 	a25ac2bb-6ff2-3ac4-b43d-e5e72e8b5ce5	 	 	9facb475-4c5f-369b-9b93-1280e6669090; ade003f0-6dab-3085-a11d-5d8350d5fedd	 	 	 	7f001818-13a9-3eb8-a533-52c431a0feee	3	0.816497	0.522879	1		
0	http://www.wikidata.org/entity/P495c	 	 	United States of America	 	 	 	 	 	 	 	1	0.57735	1	1		
0	http://www.wikidata.org/entity/P646-freebase	 	 	The Boxer	 	 	 	 	 	 	The Boxer	2	0.57735	0.69897	1		
0	http://www.wikidata.org/entity/P646c	 	 	/m/05qr9x	 	 	 	 	 	 	/m/06pc5f	2	0.816497	0.69897	1		
0	http://www.w3.org/2004/02/skos/core#prefLabel	 	 	 	The Boxer	 	 	Boxer (album)	 	 	 	2	0.816497	0.69897	1		
0	http://yago-knowledge.org/resource/hasCitationTitle	 	 	 	ChartArchive - Simon And Garfunkel; Paul Simon: A Life	 	 	Decade :: The National, Boxer (2007); Metacritic Score	 	 	 	2	0.816497	0.69897	1		
0	http://yago-knowledge.org/resource/hasWikipediaAnchorText	 	 	 	Alison Krauss; Rolling Stone	 	 	"Sufjan Stevens; ""Maroon 5 Nudges Linkin Park From Atop Billboard 200"""	 	 	 	2	0.806639	0.69897	1		
0	http://yago-knowledge.org/resource/hasWikipediaArticleLength	 	 	 	14106	 	 	15300	 	 	 	2	0.816497	0.69897	1		
0	http://yago-knowledge.org/resource/hasWikipediaUrl	 	 	 	http://en.wikipedia.org/wiki/The_Boxer	 	 	http://en.wikipedia.org/wiki/Boxer_%28album%29	 	 	 	2	0.816497	0.69897	1		
0	http://yago-knowledge.org/resource/linksTo	 	 	 	Bridge over Troubled Water (song); Bruce Hornsby	 	 	A Skin, A Night; Sputnikmusic	 	 	 	2	0.802773	0.69897	1		
0	http://yago-knowledge.org/resource/redirectedFrom	 	 	 	The Boxer (song)	 	 	Boxer (The National album)	 	 	 	2	0.816497	0.69897	1		
0	http://dbpedia.org/ontology/recordedIn	 	 	 	 	Bridgeport, Connecticut	 	 	Miloco Studios	 	 	2	0.816497	0.69897	1		
0	http://dbpedia.org/ontology/wikiPageExternalLink	 	 	 	 	http://sixeyes.blogspot.com/2007/05/national-sixeyes-interview-with-matt.html; http://www.americanma	 	 	 	 	 	1	0.816497	1	1		
0	http://xmlns.com/foaf/0.1/homepage	 	 	 	 	http://www.americanmary.com/	 	 	 	 	 	1	0.57735	1	1		
0	http://rdf.freebase.com/ns/film.film_subject.films	 	 	 	 	 	The National: A Skin, A Night	 	 	 	 	1	0.57735	1	1		
0	http://rdf.freebase.com/ns/music.album.primary_release	 	 	 	 	 	Boxer	 	 	 	 	1	0.57735	1	1		
0	http://rdf.freebase.com/ns/music.album.releases	 	 	 	 	 	Boxer	 	 	 	 	1	0.57735	1	1		
0	http://dbpedia.org/ontology/soundRecording	 	 	 	 	 	 	 	http://dbpedia.org/resource/The_Boxer_(The_Chemical_Brothers_song)__1	 	 	1	0.57735	1	1		
0	http://dbpedia.org/ontology/thumbnail	 	 	 	 	 	 	 	http://commons.wikimedia.org/wiki/Special:FilePath/Tim_Burgess_(The_Charlatans)_-_Salon_Livres_et_Mu	 	 	1	0.57735	1	1		
0	http://xmlns.com/foaf/0.1/depiction	 	 	 	 	 	 	 	http://commons.wikimedia.org/wiki/Special:FilePath/Tim_Burgess_(The_Charlatans)_-_Salon_Livres_et_Mu	 	 	1	0.57735	1	1		
