score	dataset	dbpedia	freebase	wikidata	dbpedia	freebase	wikidata	dbpedia	wikidata	dbpedia	wikidata						
	entity	http://dbpedia.org/resource/Freedom_(Akon_album)	http://rdf.freebase.com/ns/m.04n59t8	http://www.wikidata.org/entity/Q909787	http://dbpedia.org/resource/Freedom_(Neil_Young_album)	http://rdf.freebase.com/ns/m.01hq0vt	http://www.wikidata.org/entity/Q607661	http://dbpedia.org/resource/Freedom_(Erasure_song)	http://www.wikidata.org/entity/Q5500455	http://dbpedia.org/resource/Freedom_(Jimi_Hendrix_song)	http://www.wikidata.org/entity/Q3752919						
1	http://dbpedia.org/ontology/Work/runtime;http://dbpedia.org/ontology/runtime	2930	 	 	61.183	 	 	3.15	 	3.4	 	4	0.816497	0.39794	1		
0	http://dbpedia.org/ontology/abstract	Freedom is the third studio album by hip hop and R&B Senegalese-American singer and record producer 	 	 	Freedom is the eighteenth studio album by Canadian rock musician Neil Young, released on October 2, 	 	 	Freedom is a song by British synthpop duo Erasure. It was the first single released from Erasure's	 	Freedom is a Jimi Hendrix song released in 1971 from the album The Cry of Love. The album was rele	 	4	0.816497	0.39794	1		
3	http://dbpedia.org/ontology/artist;http://rdf.freebase.com/ns/music.album.artist;http://www.wikidata.org/entity/P175c;http://dbpedia.org/ontology/musicalArtist	Akon	Akon	Akon	Neil Young	Bernard Shakey	Neil Young	Erasure	Erasure	Jimi Hendrix	Jimi Hendrix	10	0.408248	0	1		
2	http://dbpedia.org/ontology/genre;http://rdf.freebase.com/ns/music.album.genre;http://www.wikidata.org/entity/P136c	Contemporary R&B; Hip hop music	Contemporary R&B; Electronic dance music	rhythm and blues	Hard rock	Heartland rock; Rock music	rock music	Synthpop	 	Rock music	 	8	0.662868	0.09691	1		
0	http://dbpedia.org/ontology/previousWork	Konvicted	 	 	Eldorado (EP)	 	 	Rain (Erasure song)	 	Stepping Stone (Jimi Hendrix song)	 	4	0.816497	0.39794	1		
1	http://dbpedia.org/ontology/producer;http://www.wikidata.org/entity/P162c	Akon	 	Akon	Neil Young; Niko Bolas	 	 	Flood (producer)	 	Eddie Kramer; Jimi Hendrix	 	5	0.752773	0.30103	1		
3	http://dbpedia.org/ontology/recordLabel;http://www.wikidata.org/entity/P264c	Konvict Muzik; Universal Motown	 	Konvict Muzik; Universal Motown Records	Reprise Records	 	Reprise Records	Mute Records	Mute Records	Reprise Records	 	7	0.447214	0.154902	1		
3	http://dbpedia.org/ontology/releaseDate;http://rdf.freebase.com/ns/music.album.release_date;http://www.wikidata.org/entity/P577c	2008/12/2	2008/11/25	2008/12/2	1989/10/2	1989/10/2	1989/10/2	2000/10/9	 	1971/3/8	 	8	0.540062	0.09691	1		
2	http://dbpedia.org/ontology/wikiPageID;http://rdf.freebase.com/key/wikipedia.en_id	19398562	19398562	 	453716	453716	 	4841937	 	12000998	 	6	0.57735	0.221849	1		
0	http://dbpedia.org/ontology/wikiPageLength	22860	 	 	8768	 	 	3172	 	3209	 	4	0.816497	0.39794	1		
0	http://dbpedia.org/ontology/wikiPageOutDegree	134	 	 	73	 	 	33	 	34	 	4	0.816497	0.39794	1		
0	http://dbpedia.org/ontology/wikiPageRevisionID	738919491	 	 	711913547	 	 	707175537	 	734437437	 	4	0.816497	0.39794	1		
0	http://purl.org/dc/terms/subject	"Albums produced by Noel ""Detail"" Fisher"	 	 	Albums produced by Neil Young; English-language albums	 	 	Mute Records singles; Songs written by Andy Bell (singer)	 	Jimi Hendrix songs; Song recordings produced by Jimi Hendrix	 	4	0.816497	0.39794	1		
0	http://www.w3.org/1999/02/22-rdf-syntax-ns#type;http://rdf.freebase.com/ns/music.album.album_content_type;http://rdf.freebase.com/ns/music.album.release_type;http://www.wikidata.org/entity/P31c	CreativeWork; musical work	Inanimate; Musical Album	album	CreativeWork; musical work	Award-Nominated Work; Musical Album	album	CreativeWork; musical work	single	CreativeWork; musical work	song	10	0.251976	0	1		
2	http://www.w3.org/2000/01/rdf-schema#comment;http://rdf.freebase.com/ns/common.topic.description	Freedom is the third studio album by hip hop and R&B Senegalese-American singer and record producer 	Freedom is the third studio album by hip hop and R&B Senegalese-American singer and record producer 	 	Freedom is the eighteenth studio album by Canadian rock musician Neil Young, released on October 2, 	Freedom is the eighteenth studio album by Canadian rock musician Neil Young, released on October 2, 	 	Freedom is a song by British synthpop duo Erasure. It was the first single released from Erasure's	 	Freedom is a Jimi Hendrix song released in 1971 from the album The Cry of Love. The album was rele	 	6	0.57735	0.221849	1		
2	http://www.w3.org/2000/01/rdf-schema#label	Freedom (Akon album)	Freedom	Freedom	Freedom (Neil Young album)	Freedom	Freedom	Freedom (Erasure song)	Freedom	Freedom (Jimi Hendrix song)	Freedom	10	0.408248	0	1		
0	http://www.w3.org/2002/07/owl#sameAs	 	 	 	 	 	 	Freedom	 	Freedom	 	2	0.57735	0.69897	0		
0	http://www.w3.org/ns/prov#wasDerivedFrom	http://en.wikipedia.org/wiki/Freedom_(Akon_album)?oldid=738919491	 	 	http://en.wikipedia.org/wiki/Freedom_(Neil_Young_album)?oldid=711913547	 	 	http://en.wikipedia.org/wiki/Freedom_(Erasure_song)?oldid=707175537	 	http://en.wikipedia.org/wiki/Freedom_(Jimi_Hendrix_song)?oldid=734437437	 	4	0.816497	0.39794	1		
1	http://xmlns.com/foaf/0.1/isPrimaryTopicOf;http://rdf.freebase.com/ns/common.topic.topic_equivalent_webpage	http://en.wikipedia.org/wiki/Freedom_(Akon_album)	http://en.wikipedia.org/wiki/Freedom_(Akon_album); http://ru.wikipedia.org/wiki/Freedom_(%30%3B%4C%3	 	http://en.wikipedia.org/wiki/Freedom_(Neil_Young_album)	http://en.wikipedia.org/wiki/Freedom_(Neil_Young_album); http://sv.wikipedia.org/wiki/Freedom_(musik	 	http://en.wikipedia.org/wiki/Freedom_(Erasure_song)	 	http://en.wikipedia.org/wiki/Freedom_(Jimi_Hendrix_song)	 	6	0.795467	0.221849	1		
0	http://xmlns.com/foaf/0.1/name	Freedom	 	 	Freedom	 	 	Freedom	 	Freedom	 	4	0.57735	0.39794	1		
0	http://rdf.freebase.com/key/authority.musicbrainz	 	60a08e84-f9da-3347-926a-8f70a9b2c395; ea2687ed-ae65-30ec-b475-bfc7a3d6be7b	 	 	6ae11dfd-4dc8-3b0b-be8c-456d6254ac9f	 	 	 	 	 	2	0.816497	0.69897	1		
2	http://rdf.freebase.com/key/authority.musicbrainz.release_group;http://www.wikidata.org/entity/P436c	 	60a08e84-f9da-3347-926a-8f70a9b2c395; ea2687ed-ae65-30ec-b475-bfc7a3d6be7b	ea2687ed-ae65-30ec-b475-bfc7a3d6be7b	 	6ae11dfd-4dc8-3b0b-be8c-456d6254ac9f	6ae11dfd-4dc8-3b0b-be8c-456d6254ac9f	 	e4539ab9-3d1f-348d-84a6-bb96062b416e	 	 	5	0.57735	0.30103	1		
0	http://rdf.freebase.com/key/authority.rovi.music.album	 	mw0000802592	 	 	mw0000200291	 	 	 	 	 	2	0.816497	0.69897	1		
0	http://rdf.freebase.com/key/user.avh.ellerdale	 	0097-7128	 	 	0082-36bc	 	 	 	 	 	2	0.816497	0.69897	1		
0	http://rdf.freebase.com/key/wikipedia.en	 	Freedom_(Akon_Album); Holla_holla_(akon_song)	 	 	Freedom_(Neil_Young_album); No_More_(Neil_Young_song)	 	 	 	 	 	2	0.816497	0.69897	1		
0	http://rdf.freebase.com/key/wikipedia.en_title	 	Freedom_(Akon_album)	 	 	Freedom_(Neil_Young_album)	 	 	 	 	 	2	0.816497	0.69897	1		
2	http://rdf.freebase.com/ns/common.topic.article;http://schema.org/description	 	Freedom is the third studio album by hip hop and R&B Senegalese-American singer and record producer 	album by Akon	 	Freedom is the eighteenth studio album by Canadian musician Neil Young, released in 1989. Freedom ef	album by Neil Young	 	song by Erasure	 	song by Jimi Hendrix	6	0.816497	0.221849	1		
0	http://rdf.freebase.com/ns/common.topic.notable_for	 	Contemporary R&B Album	 	 	Rock Album	 	 	 	 	 	2	0.816497	0.69897	1		
0	http://rdf.freebase.com/ns/common.topic.notable_types	 	Musical Album	 	 	Musical Album	 	 	 	 	 	2	0.57735	0.69897	1		
0	http://rdf.freebase.com/ns/kg.object_profile.prominent_type	 	Musical Album	 	 	Musical Album	 	 	 	 	 	2	0.57735	0.69897	1		
0	http://rdf.freebase.com/ns/music.album.primary_release	 	Freedom	 	 	Freedom	 	 	 	 	 	2	0.57735	0.69897	1		
0	http://rdf.freebase.com/ns/music.album.releases	 	Freedom	 	 	Freedom	 	 	 	 	 	2	0.57735	0.69897	1		
0	http://rdf.freebase.com/ns/type.object.key	 	/authority/musicbrainz/release_group/60a08e84-f9da-3347-926a-8f70a9b2c395; /wikipedia/en/Holla_holla	 	 	/authority/discogs/master/38468; /wikipedia/en/No_More_(Neil_Young_song)	 	 	 	 	 	2	0.816497	0.69897	1		
0	http://rdf.freebase.com/ns/type.object.name	 	Freedom	 	 	Freedom	 	 	 	 	 	2	0.57735	0.69897	1		
0	http://rdf.freebase.com/ns/type.object.type	 	Inanimate; Musical Album	 	 	Award-Nominated Work; Musical Album	 	 	 	 	 	2	0.460566	0.69897	1		
0	http://rdf.freebase.com/ns/user.avh.default_domain.ellerdale_topic.ellerdale_id	 	0097-7128	 	 	0082-36bc	 	 	 	 	 	2	0.816497	0.69897	1		
1	http://www.wikidata.org/entity/P155c	 	 	Konvicted	 	 	Eldorado	 	Rain	 	Angel	4	0.816497	0.39794	1		
0	http://www.wikidata.org/entity/P1712c	 	 	music/freedom/akon	 	 	 	 	 	 	 	1	0.57735	1	1		
0	http://www.wikidata.org/entity/P1729c	 	 	mw0000802592	 	 	mw0000200291	 	 	 	 	2	0.816497	0.69897	1		
0	http://www.wikidata.org/entity/P646-freebase	 	 	Freedom	 	 	Freedom	 	 	 	 	2	0.57735	0.69897	1		
0	http://www.wikidata.org/entity/P646c	 	 	/m/04n59t8	 	 	/m/01hq0vt	 	 	 	 	2	0.816497	0.69897	1		
0	http://dbpedia.org/ontology/recordDate	 	 	 	1988/7/25	 	 	 	 	 	 	1	0.57735	1	1		
0	http://dbpedia.org/ontology/recordedIn	 	 	 	Jones Beach State Park; The Hit Factory	 	 	 	 	Electric Lady Studios	 	2	0.816497	0.69897	1		
0	http://dbpedia.org/ontology/subsequentWork	 	 	 	Ragged Glory	 	 	Moon & the Sky	 	Dolly Dagger	 	3	0.816497	0.522879	1		
1	http://rdf.freebase.com/key/authority.discogs.master;http://www.wikidata.org/entity/P1954c	 	 	 	 	38468	38468	 	19170	 	 	3	0.57735	0.522879	1		
0	http://rdf.freebase.com/ns/award.award_nominated_work.award_nominations	 	 	 	 	Grammy Award for Best Male Rock Vocal Performance	 	 	 	 	 	1	0.57735	1	1		
0	http://rdf.freebase.com/ns/common.topic.webpage	 	 	 	 	Snap Judgment: Neil Young's 'Living With War'	 	 	 	 	 	1	0.57735	1	1		
0	http://rdf.freebase.com/ns/music.album.acquire_webpage	 	 	 	 	http://www.amazon.com/gp/product/B000002LHM	 	 	 	 	 	1	0.57735	1	1		
1	http://www.wikidata.org/entity/P156c	 	 	 	 	 	Ragged Glory	 	Moon & the Sky	 	Dolly Dagger	3	0.816497	0.522879	1		
0	http://www.wikidata.org/entity/P407c	 	 	 	 	 	English	 	 	 	 	1	0.57735	1	1		
0	http://dbpedia.org/ontology/album	 	 	 	 	 	 	Loveboat (album)	 	The Cry of Love	 	2	0.816497	0.69897	1		
0	http://dbpedia.org/ontology/bSide	 	 	 	 	 	 	Better	 	Angel	 	2	0.816497	0.69897	1		
0	http://dbpedia.org/ontology/format	 	 	 	 	 	 	"12"" Single"	 	Gramophone record	 	2	0.816497	0.69897	1		
0	http://dbpedia.org/ontology/musicalBand	 	 	 	 	 	 	Erasure	 	Jimi Hendrix	 	2	0.816497	0.69897	1		
0	http://dbpedia.org/ontology/wikiPageExternalLink	 	 	 	 	 	 	http://www.hitsound.co.uk	 	 	 	1	0.57735	1	1		
0	http://dbpedia.org/ontology/writer	 	 	 	 	 	 	Andy Bell (singer); Vince Clarke	 	Jimi Hendrix	 	2	0.816497	0.69897	1		
0	http://www.wikidata.org/entity/P2624c	 	 	 	 	 	 	 	freedom-lyrics-erasure	 	 	1	0.57735	1	1		
