score	dataset	dbpedia	wikidata	yago-knowledge	dbpedia	freebase	wikidata	dbpedia	freebase	wikidata	yago-knowledge						
	entity	http://dbpedia.org/resource/Childhood_(journal)	http://www.wikidata.org/entity/Q5097961	http://yago-knowledge.org/resource/Childhood_(journal)	http://dbpedia.org/resource/The_Childhood_of_Jesus	http://rdf.freebase.com/ns/m.0qfsj_8	http://www.wikidata.org/entity/Q7722445	http://dbpedia.org/resource/Childhood_(novel)	http://rdf.freebase.com/ns/m.02x8nk	http://www.wikidata.org/entity/Q1766899	http://yago-knowledge.org/resource/Childhood_(novel)						
0	http://dbpedia.org/ontology/abbreviation	Childhood	 	 	 	 	 	 	 	 	 	1	0.57735	1	1		
0	http://dbpedia.org/ontology/abstract	Childhood,, subtitled A journal of global child research, is a quarterly peer-reviewed academic jour	 	 	The Childhood of Jesus is a 2013 novel by South African-born Nobel laureate J. M. Coetzee. The book 	 	 	Childhood (Russian: Детство, Detstvo) is the first published novel by Leo Tolstoy, released under th	 	 	 	3	0.816497	0.522879	1		
0	http://dbpedia.org/ontology/academicDiscipline	Childhood studies	 	 	 	 	 	 	 	 	 	1	0.57735	1	1		
2	http://dbpedia.org/ontology/firstPublicationYear;http://yago-knowledge.org/resource/wasCreatedOnDate;http://www.wikidata.org/entity/P577c;http://rdf.freebase.com/ns/book.written_work.date_of_first_publication	1993	 	1993/1/1	 	 	2013/9/3	 	1852	 	1852-01-01	5	0.816497	0.30103	1		
0	http://dbpedia.org/ontology/frequencyOfPublication	Quarterly	 	 	 	 	 	 	 	 	 	1	0.57735	1	1		
0	http://dbpedia.org/ontology/impactFactor	1.061	 	 	 	 	 	 	 	 	 	1	0.57735	1	1		
0	http://dbpedia.org/ontology/impactFactorAsOf	2010	 	 	 	 	 	 	 	 	 	1	0.57735	1	1		
0	http://dbpedia.org/ontology/issn;http://www.wikidata.org/entity/P236c	0907-5682	0907-5682; 1461-7013	 	 	 	 	 	 	 	 	2	0.57735	0.69897	1		
0	http://dbpedia.org/ontology/lccn	94645087	 	 	 	 	 	 	 	 	 	1	0.57735	1	1		
0	http://dbpedia.org/ontology/oclc;http://www.wikidata.org/entity/P243c	41963991	41963991	 	2013016960	 	819521161	 	 	467773389	 	5	0.68313	0.30103	1		
1	http://dbpedia.org/ontology/publisher;http://www.wikidata.org/entity/P123c;http://purl.org/dc/elements/1.1/publisher	SAGE Publications	SAGE Publications	 	Jonathan Cape;Viking Press (U.S. edition)	 	Jonathan Cape	Sovremennik	 	Sovremennik	 	6	0.471405	0.221849	1		
0	http://dbpedia.org/ontology/wikiPageExternalLink	http://chd.sagepub.com/content/by/year; http://www.ntnu.edu/noseb	 	 	 	 	 	http://ilibrary.ru/text/1179/p.1/	 	 	 	2	0.816497	0.69897	1		
2	http://dbpedia.org/ontology/wikiPageID;http://rdf.freebase.com/key/wikipedia.en_id	32853841	 	 	37278845	37278845	 	618986	618986	 	 	5	0.516398	0.30103	1		
0	http://dbpedia.org/ontology/wikiPageLength	2627	 	 	5766	 	 	3177	 	 	 	3	0.816497	0.522879	1		
0	http://dbpedia.org/ontology/wikiPageOutDegree	26	 	 	26	 	 	16	 	 	 	3	0.57735	0.522879	1		
0	http://dbpedia.org/ontology/wikiPageRevisionID	742341565	 	 	696390271	 	 	723805982	 	 	 	3	0.816497	0.522879	1		
0	http://purl.org/dc/terms/subject	Articles created via the Article Wizard; English-language journals	 	 	Jonathan Cape books; Novels by J. M. Coetzee	 	 	19th-century Russian novels; Autobiographical novels	 	 	 	3	0.816497	0.522879	1		
0	http://www.w3.org/1999/02/22-rdf-syntax-ns#type;http://www.wikidata.org/entity/P31c	academic journal; http://www.wikidata.org/entity/Q1092563	scientific journal	wikicat English-language journals; wikicat Quarterly journals	http://purl.org/ontology/bibo/Book; written work	Inanimate; Written Work	book	http://purl.org/ontology/bibo/Book; written work	Inanimate; Work of Fiction	book	wikicat Autobiographical novels; wikicat Novels by Leo Tolstoy	10	0.476095	0	1		
2	http://www.w3.org/2000/01/rdf-schema#comment;http://rdf.freebase.com/ns/common.topic.description	Childhood,, subtitled A journal of global child research, is a quarterly peer-reviewed academic jour	 	 	The Childhood of Jesus is a 2013 novel by South African-born Nobel laureate J. M. Coetzee. The book 	The Childhood of Jesus is a 2013 novel by South African-born Nobel laureate J. M. Coetzee. The book 	 	Childhood (Russian: Детство, Detstvo) is the first published novel by Leo Tolstoy, released under th	Childhood is the first published novel by Leo Tolstoy, released under the initials L. N. in the Nove	 	 	5	0.68313	0.30103	1		
3	http://www.w3.org/2000/01/rdf-schema#label	Childhood (journal)	Childhood	Childhood (journal)	The Childhood of Jesus	The Childhood of Jesus	The Childhood of Jesus	Childhood (novel)	Childhood	Childhood	Childhood (novel)	10	0	0	1		
0	http://www.w3.org/2002/07/owl#sameAs	Childhood	 	 	 	 	 	 	 	 	 	1	0.57735	1	0		
0	http://www.w3.org/ns/prov#wasDerivedFrom	http://en.wikipedia.org/wiki/Childhood_(journal)?oldid=742341565	 	 	http://en.wikipedia.org/wiki/The_Childhood_of_Jesus?oldid=696390271	 	 	http://en.wikipedia.org/wiki/Childhood_(novel)?oldid=723805982	 	 	 	3	0.816497	0.522879	1		
0	http://xmlns.com/foaf/0.1/homepage;http://www.wikidata.org/entity/P856c	http://www.uk.sagepub.com/journals/Journal200932	http://chd.sagepub.com/	 	 	 	 	 	 	 	 	2	0.816497	0.69897	1		
1	http://xmlns.com/foaf/0.1/isPrimaryTopicOf;http://rdf.freebase.com/ns/common.topic.topic_equivalent_webpage	http://en.wikipedia.org/wiki/Childhood_(journal)	 	 	http://en.wikipedia.org/wiki/The_Childhood_of_Jesus	http://en.wikipedia.org/wiki/The_Childhood_of_Jesus; http://sv.wikipedia.org/wiki/Jesus_barndom	 	http://en.wikipedia.org/wiki/Childhood_(novel)	http://ca.wikipedia.org/wiki/La_infantesa_(novel%B7la); http://no.wikipedia.org/wiki/Barndom_(roman)	 	 	5	0.767948	0.30103	1		
0	http://xmlns.com/foaf/0.1/name	Childhood	 	 	The Childhood of Jesus	 	 	Childhood; Детство (Detstvo)	 	 	 	3	0.645497	0.522879	1		
2	http://schema.org/description;http://rdf.freebase.com/ns/common.topic.article	 	journal	 	 	http://rdf.freebase.com/ns/m.0qfsj_b	novel by J. M. Coetzee	 	Childhood (Russian: Детство, Detstvo) is the first published novel by Leo Tolstoy, released under th	First published novel by Leo Tolstoy	 	5	0.816497	0.30103	1		
0	http://www.wikidata.org/entity/P1058c	 	39968	 	 	 	 	 	 	 	 	1	0.57735	1	1		
0	http://www.wikidata.org/entity/P1144c	 	94645087	 	 	 	 	 	 	 	 	1	0.57735	1	1		
0	http://www.wikidata.org/entity/P1156c	 	24470	 	 	 	 	 	 	 	 	1	0.57735	1	1		
0	http://www.wikidata.org/entity/P1160c	 	Childhood	 	 	 	 	 	 	 	 	1	0.57735	1	1		
0	http://www.wikidata.org/entity/P1240c	 	2	 	 	 	 	 	 	 	 	1	0.57735	1	1		
0	http://www.wikidata.org/entity/P1250c	 	1844	 	 	 	 	 	 	 	 	1	0.57735	1	1		
0	http://www.wikidata.org/entity/P1476c	 	Childhood	 	 	 	 	 	 	 	 	1	0.57735	1	1		
0	http://www.wikidata.org/entity/P364c;http://dbpedia.org/ontology/language;http://rdf.freebase.com/ns/book.written_work.original_language	 	English	 	English language	English Language	English	 	Russian Language	 	 	5	0.68313	0.30103	1		
0	http://www.w3.org/2004/02/skos/core#prefLabel	 	 	Childhood (journal)	 	 	 	 	 	 	Childhood (novel)	2	0.816497	0.69897	1		
0	http://yago-knowledge.org/resource/hasCitationTitle	 	 	2010 [[Journal Citation Reports]]	 	 	 	 	 	 	Translator's Note in Childhood, Boyhood, Youth	2	0.816497	0.69897	1		
0	http://yago-knowledge.org/resource/hasWikipediaAnchorText	 	 	British Humanities Index; Childhood studies	 	 	 	 	 	 	Audiobook of Childhood in the original Russian; Ivan Turgenev	2	0.816497	0.69897	1		
2	http://dbpedia.org/ontology/author;http://rdf.freebase.com/ns/book.written_work.author;http://www.wikidata.org/entity/P50c	 	 	 	J. M. Coetzee	J. M. Coetzee	J. M. Coetzee	Leo Tolstoy	Leo Tolstoy	Leo Tolstoy	 	6	0	0.221849	1		
1	http://dbpedia.org/ontology/country;http://www.wikidata.org/entity/P495c	 	 	 	Australia	 	Australia	 	 	Russia	 	3	0.57735	0.522879	1		
1	http://dbpedia.org/ontology/isbn;http://www.wikidata.org/entity/P957c;http://www.wikidata.org/entity/P212c	 	 	 	9780000000000	 	1-84655-726-7	978-1-84749-142-8	 	978-1-84749-142-8	 	4	0.645497	0.39794	1		
1	http://dbpedia.org/ontology/literaryGenre;http://rdf.freebase.com/ns/book.book.genre;http://www.wikidata.org/entity/P136c	 	 	 	Novel	Novel	novel	 	Autobiographical novel	novel	 	5	0.516398	0.30103	1		
0	http://dbpedia.org/ontology/numberOfPages	 	 	 	288	 	 	358	 	 	 	2	0.816497	0.69897	1		
0	http://dbpedia.org/ontology/publicationDate	 	 	 	2013/3/7	 	 	 	 	 	 	1	0.816497	1	1		
0	http://rdf.freebase.com/key/wikipedia.en	 	 	 	 	Childhood_of_Jesus	 	 	Childhood_(novel)	 	 	2	0.816497	0.69897	1		
0	http://rdf.freebase.com/key/wikipedia.en_title	 	 	 	 	The_Childhood_of_Jesus	 	 	Childhood_(novel)	 	 	2	0.816497	0.69897	1		
0	http://rdf.freebase.com/ns/common.topic.notable_for	 	 	 	 	Book	 	 	Autobiographical Novel	 	 	2	0.816497	0.69897	1		
0	http://rdf.freebase.com/ns/common.topic.notable_types	 	 	 	 	Book	 	 	Book	 	 	2	0.57735	0.69897	1		
0	http://rdf.freebase.com/ns/kg.object_profile.prominent_type	 	 	 	 	Book	 	 	Book	 	 	2	0.57735	0.69897	1		
0	http://rdf.freebase.com/ns/type.object.key	 	 	 	 	/wikipedia/en_title/The_Childhood_of_Jesus; /wikipedia/sv_title/Jesus_barndom	 	 	/wikipedia/ca_id/773663; /wikipedia/en_id/618986	 	 	2	0.816497	0.69897	1		
0	http://rdf.freebase.com/ns/type.object.name	 	 	 	 	The Childhood of Jesus	 	 	Childhood	 	 	2	0.816497	0.69897	1		
0	http://rdf.freebase.com/ns/type.object.type	 	 	 	 	Inanimate; Written Work	 	 	Inanimate; Work of Fiction	 	 	2	0.452911	0.69897	1		
0	http://dbpedia.org/ontology/subsequentWork	 	 	 	 	 	 	Boyhood (novel)	 	 	 	1	0.57735	1	1		
0	http://dbpedia.org/ontology/thumbnail	 	 	 	 	 	 	http://commons.wikimedia.org/wiki/Special:FilePath/Tolstoi_avec_ses_petits-enfants.jpg?width=300	 	 	 	1	0.57735	1	1		
0	http://xmlns.com/foaf/0.1/depiction	 	 	 	 	 	 	http://commons.wikimedia.org/wiki/Special:FilePath/Tolstoi_avec_ses_petits-enfants.jpg	 	 	 	1	0.57735	1	1		
0	http://rdf.freebase.com/ns/book.written_work.next_in_series;http://www.wikidata.org/entity/P156c	 	 	 	 	 	 	 	Boyhood	Boyhood	 	2	0.57735	0.69897	1		
0	http://rdf.freebase.com/ns/common.topic.image	 	 	 	 	 	 	 	Tolstoy and his grandchildrens	 	 	1	0.57735	1	1		
0	http://www.wikidata.org/entity/P18c	 	 	 	 	 	 	 	 	http://commons.wikimedia.org/wiki/File:Tolstoi_avec_ses_petits-enfants.jpg	 	1	0.57735	1	1		
0	http://www.wikidata.org/entity/P2034c	 	 	 	 	 	 	 	 	2142	 	1	0.57735	1	1		
0	http://www.wikidata.org/entity/P227c	 	 	 	 	 	 	 	 	4383525-9	 	1	0.57735	1	1		
0	http://www.wikidata.org/entity/P357c	 	 	 	 	 	 	 	 	Детство	 	1	0.57735	1	1		
0	http://www.wikidata.org/entity/P646-freebase	 	 	 	 	 	 	 	 	Childhood	 	1	0.57735	1	1		
0	http://www.wikidata.org/entity/P646c	 	 	 	 	 	 	 	 	/m/02x8nk	 	1	0.57735	1	1		
0	http://yago-knowledge.org/resource/hasPages	 	 	 	 	 	 	 	 	 	358	1	0.57735	1	1		
0	http://yago-knowledge.org/resource/hasWikipediaArticleLength	 	 	 	 	 	 	 	 	 	3163	1	0.57735	1	1		
0	http://yago-knowledge.org/resource/hasWikipediaUrl	 	 	 	 	 	 	 	 	 	http://en.wikipedia.org/wiki/Childhood_%28novel%29	1	0.57735	1	1		
0	http://yago-knowledge.org/resource/linksTo	 	 	 	 	 	 	 	 	 	Ivan Turgenev; Sovremennik	1	0.816497	1	1		
