score	dataset	dbpedia	freebase	wikidata	yago-knowledge	dbpedia	wikidata	yago-knowledge	dbpedia	wikidata	yago-knowledge						
	entity	http://dbpedia.org/resource/The_Nation	http://rdf.freebase.com/ns/m.01ljlg	http://www.wikidata.org/entity/Q1897630	http://yago-knowledge.org/resource/The_Nation	http://dbpedia.org/resource/The_Nation_(Thailand)	http://www.wikidata.org/entity/Q2305581	http://yago-knowledge.org/resource/The_Nation_(Thailand)	http://dbpedia.org/resource/Nation_(novel)	http://www.wikidata.org/entity/Q2640690	http://yago-knowledge.org/resource/Nation_(novel)						
0	http://dbpedia.org/ontology/abstract	The Nation is the oldest continuously published weekly magazine in the United States, and the most w	 	 	 	The Nation is a broadsheet, English-language daily newspaper founded in 1971 and published in Bangko	 	 	Nation is a novel by Terry Pratchett, published in the UK on 11 September 2008. It was the first non	 	 	3	0.816497	0.522879	1		
0	http://dbpedia.org/ontology/circulation	103478	 	 	 	 	 	 	 	 	 	1	0.57735	1	1		
1	http://dbpedia.org/ontology/city;http://dbpedia.org/ontology/headquarter;http://www.wikidata.org/entity/P17c;http://www.wikidata.org/entity/P495c	New York City	 	 	 	Thailand	Thailand	 	 	United Kingdom	 	4	0.68313	0.39794	1		
0	http://dbpedia.org/ontology/depictionDescription	The Nation, cover dated May 3, 2010	 	 	 	 	 	 	 	 	 	1	0.57735	1	1		
0	http://dbpedia.org/ontology/editor	Katrina vanden Heuvel	 	 	 	 	 	 	 	 	 	1	0.57735	1	1		
0	http://dbpedia.org/ontology/editorTitle	Editor	 	 	 	 	 	 	 	 	 	1	0.57735	1	1		
1	http://dbpedia.org/ontology/genre;http://dbpedia.org/ontology/literaryGenre;http://www.wikidata.org/entity/P136c	Progressivism; Social liberalism	 	 	 	 	 	 	Alternate history	alternate history	 	3	0.816497	0.522879	1		
0	http://dbpedia.org/ontology/issn;http://www.wikidata.org/entity/P236c	0027-8378	 	0027-8378	 	 	 	 	 	 	 	2	0.57735	0.69897	1		
0	http://dbpedia.org/ontology/previousEditor	Carey McWilliams (journalist); Freda Kirchwey	 	 	 	 	 	 	 	 	 	1	0.816497	1	1		
1	http://dbpedia.org/ontology/publisher;http://rdf.freebase.com/ns/book.periodical.publisher;http://purl.org/dc/elements/1.1/publisher;http://www.wikidata.org/entity/P123c	Katrina vanden Heuvel	The Nation Company, L.P.	 	 	 	 	 	Doubleday (publisher)	Doubleday	 	4	0.68313	0.39794	1		
0	http://dbpedia.org/ontology/wikiPageExternalLink	http://associates.thenation.com/; http://www.thenation.com/archive/	 	 	 	http://www.cockatoo.com/english/thailand/thailand_media.htm; http://www.nationmultimedia.com/	 	 	 	 	 	2	0.816497	0.69897	1		
2	http://dbpedia.org/ontology/wikiPageID;http://rdf.freebase.com/key/wikipedia.en_id	39902584	39902584	 	 	3166168	 	 	15318692	 	 	4	0.645497	0.39794	1		
0	http://dbpedia.org/ontology/wikiPageLength	21418	 	 	 	6425	 	 	16740	 	 	3	0.816497	0.522879	1		
0	http://dbpedia.org/ontology/wikiPageOutDegree	119	 	 	 	29	 	 	75	 	 	3	0.816497	0.522879	1		
0	http://dbpedia.org/ontology/wikiPageRevisionID	727116797	 	 	 	730267743	 	 	740202504	 	 	3	0.816497	0.522879	1		
0	http://dbpedia.org/ontology/year	2015	 	 	 	 	 	 	 	 	 	1	0.57735	1	1		
0	http://purl.org/dc/terms/subject	1865 establishments in New York; American political magazines	 	 	 	1971 establishments in Thailand; English-language newspapers	 	 	2008 British novels; Alternate history novels	 	 	3	0.816497	0.522879	1		
0	http://www.w3.org/1999/02/22-rdf-syntax-ns#type;http://www.wikidata.org/entity/P31c	http://www.wikidata.org/entity/Q1092563; periodical literature	Award-Nominated Work; Column Publisher	periodical literature	wikicat American political magazines; wordnet magazine 106595351	http://www.wikidata.org/entity/Q1092563; periodical literature	daily newspaper	wikicat English-language newspapers; wikicat Newspapers published in Thailand	http://purl.org/ontology/bibo/Book; written work	book	wikicat Alternate history novels; wikicat Novels by Terry Pratchett	10	0.508432	0	1		
1	http://www.w3.org/2000/01/rdf-schema#comment;http://rdf.freebase.com/ns/common.topic.description	The Nation is the oldest continuously published weekly magazine in the United States, and the most w	The Nation is the oldest continuously published weekly magazine in the United States, a successor to	 	 	The Nation is a broadsheet, English-language daily newspaper founded in 1971 and published in Bangko	 	 	Nation is a novel by Terry Pratchett, published in the UK on 11 September 2008. It was the first non	 	 	4	0.816497	0.39794	1		
3	http://www.w3.org/2000/01/rdf-schema#label	The Nation	The Nation	The Nation	The Nation	The Nation (Thailand)	The Nation	The Nation (Thailand)	Nation (novel)	Nation	Nation (novel)	10	0.160128	0	1		
0	http://www.w3.org/2002/07/owl#sameAs	 	 	 	 	The Nation	 	 	Nation	 	 	2	0.816497	0.69897	0		
0	http://www.w3.org/ns/prov#wasDerivedFrom	http://en.wikipedia.org/wiki/The_Nation?oldid=727116797	 	 	 	http://en.wikipedia.org/wiki/The_Nation_(Thailand)?oldid=730267743	 	 	http://en.wikipedia.org/wiki/Nation_(novel)?oldid=740202504	 	 	3	0.816497	0.522879	1		
2	http://xmlns.com/foaf/0.1/homepage;http://rdf.freebase.com/ns/common.topic.official_website;http://www.wikidata.org/entity/P856c	http://www.thenation.com/	http://www.thenation.com/	http://www.thenation.com/	 	http://www.nationmultimedia.com/	http://www.nationmultimedia.com/	 	 	 	 	5	0.258199	0.30103	1		
1	http://xmlns.com/foaf/0.1/isPrimaryTopicOf;http://rdf.freebase.com/ns/common.topic.topic_equivalent_webpage	http://en.wikipedia.org/wiki/The_Nation	http://ar.wikipedia.org/wiki/%30%27_%46%4A%34%46_(%45%2C%44%29); http://ar.wikipedia.org/wiki/index.	 	 	http://en.wikipedia.org/wiki/The_Nation_(Thailand)	 	 	http://en.wikipedia.org/wiki/Nation_(novel)	 	 	4	0.789423	0.39794	1		
0	http://xmlns.com/foaf/0.1/name	The Nation	 	 	 	The Nation	 	 	Nation	 	 	3	0.57735	0.522879	1		
0	http://rdf.freebase.com/key/authority.google.google_plus_page	 	1.15E+020	 	 	 	 	 	 	 	 	1	0.57735	1	1		
0	http://rdf.freebase.com/key/en	 	the_nation	 	 	 	 	 	 	 	 	1	0.57735	1	1		
0	http://rdf.freebase.com/key/user.avh.ellerdale	 	0080-0cc8	 	 	 	 	 	 	 	 	1	0.57735	1	1		
0	http://rdf.freebase.com/key/user.ovguide.sid	 	6113	 	 	 	 	 	 	 	 	1	0.57735	1	1		
0	http://rdf.freebase.com/key/wikipedia.en	 	The_Nation_(U.S._periodical); The_Nation_(United_States)	 	 	 	 	 	 	 	 	1	0.816497	1	1		
0	http://rdf.freebase.com/key/wikipedia.en_title	 	The_Nation	 	 	 	 	 	 	 	 	1	0.57735	1	1		
0	http://rdf.freebase.com/ns/award.award_nominated_work.award_nominations	 	GLAAD Media Award for Outstanding Magazine Overall Coverage	 	 	 	 	 	 	 	 	1	0.57735	1	1		
0	http://rdf.freebase.com/ns/base.column.column_publisher.featured_column	 	Beneath the Radar; Diary of a Mad Law Professor	 	 	 	 	 	 	 	 	1	0.816497	1	1		
0	http://rdf.freebase.com/ns/book.periodical.editorial_staff	 	Joseph Wood Krutch; Katrina vanden Heuvel	 	 	 	 	 	 	 	 	1	0.816497	1	1		
2	http://rdf.freebase.com/ns/book.periodical.first_issue_date;http://yago-knowledge.org/resource/wasCreatedOnDate;http://dbpedia.org/ontology/foundingDate;http://www.wikidata.org/entity/P577c	 	1865-07	 	1865-01-01	1971/7/1	 	1971/7/1	 	2008/9/11	2008/9/11	6	0.57735	0.221849	1		
0	http://rdf.freebase.com/ns/book.periodical.frequency_or_issues_per_year	 	Weekly	 	 	 	 	 	 	 	 	1	0.57735	1	1		
0	http://rdf.freebase.com/ns/book.periodical.language	 	English Language	 	 	 	 	 	 	 	 	1	0.57735	1	1		
0	http://rdf.freebase.com/ns/book.periodical.subjects	 	Politics of the United States	 	 	 	 	 	 	 	 	1	0.57735	1	1		
1	http://rdf.freebase.com/ns/common.topic.article;http://schema.org/description	 	http://rdf.freebase.com/ns/m.01ljln	American weekly magazine	 	 	Thai daily newspaper	 	 	2008 novel by Terry Pratchett	 	4	0.816497	0.39794	1		
0	http://rdf.freebase.com/ns/common.topic.notable_for	 	Magazine	 	 	 	 	 	 	 	 	1	0.57735	1	1		
0	http://rdf.freebase.com/ns/common.topic.notable_types	 	Magazine	 	 	 	 	 	 	 	 	1	0.57735	1	1		
0	http://rdf.freebase.com/ns/common.topic.social_media_presence	 	http://plus.google.com/115353072514985205151	 	 	 	 	 	 	 	 	1	0.57735	1	1		
0	http://rdf.freebase.com/ns/common.topic.webpage	 	Attention, Sarah Palin bashers: Lookalike book 'Going Rouge' is coming!; http://rdf.freebase.com/ns/	 	 	 	 	 	 	 	 	1	0.816497	1	1		
0	http://rdf.freebase.com/ns/kg.object_profile.prominent_type	 	Magazine	 	 	 	 	 	 	 	 	1	0.57735	1	1		
0	http://rdf.freebase.com/ns/type.object.key	 	/authority/google/google_plus_page/115353072514985205151; /user/avh/ellerdale/0080-0cc8	 	 	 	 	 	 	 	 	1	0.816497	1	1		
0	http://rdf.freebase.com/ns/type.object.name	 	The Nation	 	 	 	 	 	 	 	 	1	0.57735	1	1		
0	http://rdf.freebase.com/ns/type.object.type	 	Award-Nominated Work; Column Publisher	 	 	 	 	 	 	 	 	1	0.745356	1	1		
0	http://rdf.freebase.com/ns/user.avh.default_domain.ellerdale_topic.ellerdale_id	 	0080-0cc8	 	 	 	 	 	 	 	 	1	0.57735	1	1		
0	http://www.wikidata.org/entity/P1156c	 	 	4700153008	 	 	 	 	 	 	 	1	0.57735	1	1		
0	http://www.wikidata.org/entity/P1476c	 	 	The Nation	 	 	The Nation	 	 	 	 	2	0.57735	0.69897	1		
0	http://www.wikidata.org/entity/P1844c	 	 	495577	 	 	 	 	 	 	 	1	0.816497	1	1		
0	http://www.wikidata.org/entity/P2735c	 	 	Nation	 	 	 	 	 	 	 	1	0.57735	1	1		
1	http://www.wikidata.org/entity/P364c;http://dbpedia.org/ontology/language;http://www.wikidata.org/entity/P407c	 	 	English	 	English language	English	 	 	 	 	3	0.57735	0.522879	1		
0	http://www.wikidata.org/entity/P646-freebase	 	 	The Nation	 	 	The Nation	 	 	Nation	 	3	0.57735	0.522879	1		
0	http://www.wikidata.org/entity/P646c	 	 	/m/01ljlg	 	 	/m/08wly3	 	 	/m/03m4sv9	 	3	0.816497	0.522879	1		
0	http://www.wikidata.org/entity/P910c	 	 	Category:The Nation (U.S. magazine)	 	 	 	 	 	 	 	1	0.57735	1	1		
0	http://www.w3.org/2004/02/skos/core#prefLabel	 	 	 	The Nation	 	 	The Nation (Thailand)	 	 	Nation (novel)	3	0.816497	0.522879	1		
0	http://yago-knowledge.org/resource/hasCitationTitle	 	 	 	Albert Jay Nock and the Anarchist Elitist Tradition in America; The Merger that Wasn't	 	 	The Nation creates history; Who Do We Wrongly Think Is Behind NTN?	 	 	Michael L. Printz Winners and Honor Books	3	0.816497	0.522879	1		
0	http://yago-knowledge.org/resource/hasWikipediaAnchorText	 	 	 	Bad News for Liberals May be Good News for a Liberal Magazine; Randall Kennedy	 	 	Bhumibol Adulyadej; Gunpoint Democracy	 	 	Albert Einstein; Washington Post	3	0.811583	0.522879	1		
0	http://yago-knowledge.org/resource/redirectedFrom	 	 	 	Nation associates; The Nation (U.S. periodical)	 	 	 	 	 	Nation (Discworld Novel)	2	0.816497	0.69897	1		
0	http://dbpedia.org/ontology/format	 	 	 	 	Broadsheet	 	 	 	 	 	1	0.57735	1	1		
0	http://dbpedia.org/ontology/owner	 	 	 	 	Nation Multimedia Group	 	 	 	 	 	1	0.57735	1	1		
0	http://dbpedia.org/ontology/type	 	 	 	 	Newspaper	 	 	 	 	 	1	0.57735	1	1		
0	http://yago-knowledge.org/resource/hasWikipediaArticleLength	 	 	 	 	 	 	5792	 	 	17737	2	0.816497	0.69897	1		
0	http://yago-knowledge.org/resource/hasWikipediaUrl	 	 	 	 	 	 	http://en.wikipedia.org/wiki/The_Nation_%28Thailand%29	 	 	http://en.wikipedia.org/wiki/Nation_%28novel%29	2	0.816497	0.69897	1		
0	http://yago-knowledge.org/resource/linksTo	 	 	 	 	 	 	Asia News Network; Bangkok Post	 	 	Albert Einstein; Charles Darwin	2	0.816497	0.69897	1		
0	http://dbpedia.org/ontology/author;http://www.wikidata.org/entity/P50c	 	 	 	 	 	 	 	Terry Pratchett	Terry Pratchett	 	2	0.57735	0.69897	1		
0	http://dbpedia.org/ontology/coverArtist	 	 	 	 	 	 	 	http://dbpedia.org/resource/Jonny_Duddle	 	 	1	0.57735	1	1		
0	http://dbpedia.org/ontology/isbn;http://www.wikidata.org/entity/P212c;http://www.wikidata.org/entity/P957c	 	 	 	 	 	 	 	978-0-385-61370-5	978-0-385-61370-5	 	2	0.57735	0.69897	1		
0	http://dbpedia.org/ontology/numberOfPages	 	 	 	 	 	 	 	416	 	 	1	0.57735	1	1		
0	http://dbpedia.org/ontology/oclc;http://www.wikidata.org/entity/P243c	 	 	 	 	 	 	 	231884187	231884187	 	2	0.57735	0.69897	1		
0	http://dbpedia.org/ontology/publicationDate	 	 	 	 	 	 	 	2008/9/11	 	 	1	0.57735	1	1		
0	http://www.wikidata.org/entity/P435c	 	 	 	 	 	 	 	 	7eb58e08-a690-494d-bfb5-bf9d0804bc60	 	1	0.57735	1	1		
0	http://yago-knowledge.org/resource/hasPages	 	 	 	 	 	 	 	 	 	416	1	0.57735	1	1		
