score	dataset	dbpedia	freebase	wikidata	yago-knowledge	dbpedia	freebase	wikidata	dbpedia	freebase	wikidata						
	entity	http://dbpedia.org/resource/Empire_(film_magazine)	http://rdf.freebase.com/ns/m.03mx7h	http://www.wikidata.org/entity/Q1122760	http://yago-knowledge.org/resource/Empire_(film_magazine)	http://dbpedia.org/resource/Empire_(Negri_and_Hardt_book)	http://rdf.freebase.com/ns/m.06mc3r	http://www.wikidata.org/entity/Q978370	http://dbpedia.org/resource/The_Empire_(play)	http://rdf.freebase.com/ns/m.0gg4rnd	http://www.wikidata.org/entity/Q7731943						
0	http://dbpedia.org/ontology/abstract	Empire is a British film magazine published monthly by Bauer Consumer Media of Hamburg based Bauer M	 	 	 	Empire is a book by post-Marxist philosophers Antonio Negri and Michael Hardt. Written in the mid-19	 	 	The Empire is a 2010 play by British playwright DC Moore set during the War in Afghanistan. It was f	 	 	3	0.816497	0.522879	1		
0	http://dbpedia.org/ontology/circulation	145117	 	 	 	 	 	 	 	 	 	1	0.57735	1	1		
0	http://dbpedia.org/ontology/depictionDescription	Cover of the July 2011 issue, featuringEmma Watson,Daniel Radcliffe, andRupert Grint	 	 	 	 	 	 	 	 	 	1	0.57735	1	1		
0	http://dbpedia.org/ontology/imageSize	220	 	 	 	 	 	 	 	 	 	1	0.57735	1	1		
0	http://dbpedia.org/ontology/issn;http://www.wikidata.org/entity/P236c	0957-4948	 	0957-4948	 	 	 	 	 	 	 	2	0.57735	0.69897	1		
0	http://dbpedia.org/ontology/publisher;http://www.wikidata.org/entity/P123c	Bauer Verlagsgruppe	 	 	 	 	 	Harvard University Press	 	 	 	2	0.816497	0.69897	1		
0	http://dbpedia.org/ontology/wikiPageExternalLink	http://www.empireonline.com/500	 	 	 	http://libcom.org/files/Empire.pdf; http://www.lacan.com/zizek-empire.htm	 	 	 	 	 	2	0.816497	0.69897	1		
2	http://dbpedia.org/ontology/wikiPageID;http://rdf.freebase.com/key/wikipedia.en_id	898017	898017	 	 	2103722	2103722	 	30996440	30996440	 	6	0.408248	0.221849	1		
0	http://dbpedia.org/ontology/wikiPageLength	29818	 	 	 	11007	 	 	9939	 	 	3	0.816497	0.522879	1		
0	http://dbpedia.org/ontology/wikiPageOutDegree	432	 	 	 	51	 	 	33	 	 	3	0.816497	0.522879	1		
0	http://dbpedia.org/ontology/wikiPageRevisionID	744567127	 	 	 	697692904	 	 	736256180	 	 	3	0.816497	0.522879	1		
1	http://purl.org/dc/terms/subject;http://rdf.freebase.com/ns/book.written_work.subjects;http://www.wikidata.org/entity/P921c	1989 establishments in the United Kingdom; Bauer Group (UK)	 	 	 	Books about globalization; Books about imperialism	Current events; International relations	Society of control	British plays; Plays about the War in Afghanistan (2001�?014)	 	 	5	0.816497	0.30103	1		
0	http://www.w3.org/1999/02/22-rdf-syntax-ns#type;http://www.wikidata.org/entity/P31c	http://www.wikidata.org/entity/Q1092563; periodical literature	Award Presenting Organization; Quotation Source	magazine	wikicat British monthly magazines; wordnet artifact 100021939	http://purl.org/ontology/bibo/Book; written work	Inanimate; Written Work	book	written work	Inanimate; Written Work	play	10	0.498944	0	1		
2	http://www.w3.org/2000/01/rdf-schema#comment;http://rdf.freebase.com/ns/common.topic.description	Empire is a British film magazine published monthly by Bauer Consumer Media of Hamburg based Bauer M	Empire is a British film magazine published monthly by Bauer Consumer Media. From the first issue in	 	 	Empire is a book by post-Marxist philosophers Antonio Negri and Michael Hardt. Written in the mid-19	Empire is a book by post-Marxist philosophers Antonio Negri and Michael Hardt. Written in the mid-19	 	The Empire is a 2010 play by British playwright DC Moore set during the War in Afghanistan. It was f	The Empire is a 2010 play by British playwright DC Moore set during the War in Afghanistan. It was f	 	6	0.57735	0.221849	1		
2	http://www.w3.org/2000/01/rdf-schema#label	Empire (film magazine)	Empire	Empire	Empire (film magazine)	Empire (Negri and Hardt book)	Empire	Empire	The Empire (play)	The Empire	The Empire	10	0.348155	0	1		
0	http://www.w3.org/2002/07/owl#sameAs	 	 	 	 	 	 	 	 	 	 	0	NaN	Infinity	0		
0	http://www.w3.org/ns/prov#wasDerivedFrom	http://en.wikipedia.org/wiki/Empire_(film_magazine)?oldid=744567127	 	 	 	http://en.wikipedia.org/wiki/Empire_(Negri_and_Hardt_book)?oldid=697692904	 	 	http://en.wikipedia.org/wiki/The_Empire_(play)?oldid=736256180	 	 	3	0.816497	0.522879	1		
1	http://xmlns.com/foaf/0.1/homepage;http://rdf.freebase.com/ns/common.topic.official_website;http://www.wikidata.org/entity/P856c	http://empireonline.com	http://www.empireonline.com/	http://www.empireonline.com/	 	 	 	 	 	 	 	3	0.57735	0.522879	1		
1	http://xmlns.com/foaf/0.1/isPrimaryTopicOf;http://rdf.freebase.com/ns/common.topic.topic_equivalent_webpage	http://en.wikipedia.org/wiki/Empire_(film_magazine)	http://ar.wikipedia.org/wiki/%25%45%28%27%4A%31_(%45%2C%44%29); http://zh.wikipedia.org/zh-cn/%1D%0B	 	 	http://en.wikipedia.org/wiki/Empire_(Negri_and_Hardt_book)	http://de.wikipedia.org/wiki/Empire_%13_die_neue_Weltordnung; http://fi.wikipedia.org/wiki/Imperiumi	 	http://en.wikipedia.org/wiki/The_Empire_(play)	http://en.wikipedia.org/wiki/The_Empire_(play); http://en.wikipedia.org/wiki/index.html?curid=309964	 	6	0.789423	0.221849	1		
0	http://xmlns.com/foaf/0.1/name	Empire	 	 	 	Empire	 	 	The Empire	 	 	3	0.57735	0.522879	1		
0	http://rdf.freebase.com/key/user.avh.ellerdale	 	0083-5dcc	 	 	 	 	 	 	 	 	1	0.57735	1	1		
0	http://rdf.freebase.com/key/user.ovguide.sid	 	8888	 	 	 	 	 	 	 	 	1	0.57735	1	1		
1	http://rdf.freebase.com/key/wikipedia.en	 	Empire_(film_magazine); Empireonline.co.uk	 	 	 	Empire_(Negri_and_Hardt_book)	 	 	The_Empire_(play)	 	3	0.816497	0.522879	1		
1	http://rdf.freebase.com/key/wikipedia.en_title	 	Empire_(film_magazine)	 	 	 	Empire_(Negri_and_Hardt_book)	 	 	The_Empire_(play)	 	3	0.816497	0.522879	1		
0	http://rdf.freebase.com/ns/award.award_presenting_organization.awards_presented	 	Empire Awards	 	 	 	 	 	 	 	 	1	0.57735	1	1		
0	http://rdf.freebase.com/ns/book.periodical.ISSN	 	0957-4948	 	 	 	 	 	 	 	 	1	0.57735	1	1		
1	http://rdf.freebase.com/ns/book.periodical.first_issue_date;http://yago-knowledge.org/resource/wasCreatedOnDate;http://rdf.freebase.com/ns/book.written_work.date_of_first_publication	 	Jul-89	 	1989/1/1	 	2000	 	 	 	 	3	0.816497	0.522879	1		
0	http://rdf.freebase.com/ns/book.periodical.frequency_or_issues_per_year	 	Monthly	 	 	 	 	 	 	 	 	1	0.57735	1	1		
0	http://rdf.freebase.com/ns/book.periodical.language	 	English Language	 	 	 	 	 	 	 	 	1	0.57735	1	1		
0	http://rdf.freebase.com/ns/book.periodical.subjects	 	Film	 	 	 	 	 	 	 	 	1	0.57735	1	1		
1	http://rdf.freebase.com/ns/common.topic.article;http://schema.org/description	 	Empire is a British film magazine published monthly by Bauer Consumer Media. From the first issue in	British monthly film magazine	 	 	Empire is a book by post-Marxist philosophers Antonio Negri and Michael Hardt. Written in the mid-19	book by Antonio Negri and Michael Hardt	 	The Empire is a 2010 play by British playwright DC Moore set during the War in Afghanistan. It was f	 	5	0.816497	0.30103	1		
0	http://rdf.freebase.com/ns/common.topic.notable_for	 	Magazine	 	 	 	Book	 	 	Play	 	3	0.816497	0.522879	1		
0	http://rdf.freebase.com/ns/common.topic.notable_types	 	Magazine	 	 	 	Book	 	 	Play	 	3	0.816497	0.522879	1		
0	http://rdf.freebase.com/ns/common.topic.webpage	 	'Avatar' premieres in London, early reviews are out; Bill Murray joins 'Passion Play'	 	 	 	 	 	 	 	 	1	0.816497	1	1		
0	http://rdf.freebase.com/ns/kg.object_profile.prominent_type	 	Magazine	 	 	 	Book	 	 	Play	 	3	0.816497	0.522879	1		
0	http://rdf.freebase.com/ns/media_common.quotation_source.quotations	 	I stand on my mark and say my lines and I try no to look like an idiot, and if that's no good then b	 	 	 	 	 	 	 	 	1	0.57735	1	1		
0	http://rdf.freebase.com/ns/type.object.key	 	/user/avh/ellerdale/0083-5dcc; /user/ovguide/sid/8888	 	 	 	/base/ranker/rankerurlname/empire/3061176; /wikipedia/pl/Imperium_M._Hardt,_A._Negri	 	 	/wikipedia/en_id/30996440; /wikipedia/en_title/The_Empire_(play)	 	3	0.816497	0.522879	1		
0	http://rdf.freebase.com/ns/type.object.name	 	Empire	 	 	 	Empire	 	 	The Empire	 	3	0.57735	0.522879	1		
0	http://rdf.freebase.com/ns/type.object.type	 	Award Presenting Organization; Quotation Source	 	 	 	Inanimate; Written Work	 	 	Inanimate; Written Work	 	3	0.48795	0.522879	1		
0	http://rdf.freebase.com/ns/user.avh.default_domain.ellerdale_topic.ellerdale_id	 	0083-5dcc	 	 	 	 	 	 	 	 	1	0.57735	1	1		
0	http://www.wikidata.org/entity/P1476c	 	 	Empire	 	 	 	Empire	 	 	 	2	0.57735	0.69897	1		
0	http://www.wikidata.org/entity/P646-freebase	 	 	Empire	 	 	 	Empire	 	 	 	2	0.57735	0.69897	1		
0	http://www.wikidata.org/entity/P646c	 	 	/m/03mx7h	 	 	 	/m/06mc3r	 	 	 	2	0.816497	0.69897	1		
0	http://www.w3.org/2004/02/skos/core#prefLabel	 	 	 	Empire (film magazine)	 	 	 	 	 	 	1	0.57735	1	1		
0	http://yago-knowledge.org/resource/hasCitationTitle	 	 	 	ABC Certificates and Reports: Empire; Empire’s 20th Anniversary Edition	 	 	 	 	 	 	1	0.816497	1	1		
0	http://yago-knowledge.org/resource/hasWikipediaAnchorText	 	 	 	A Clockwork Orange; Akira Kurosawa	 	 	 	 	 	 	1	0.816497	1	1		
0	http://yago-knowledge.org/resource/hasWikipediaArticleLength	 	 	 	23429	 	 	 	 	 	 	1	0.57735	1	1		
0	http://yago-knowledge.org/resource/hasWikipediaUrl	 	 	 	http://en.wikipedia.org/wiki/Empire_%28film_magazine%29	 	 	 	 	 	 	1	0.57735	1	1		
0	http://yago-knowledge.org/resource/linksTo	 	 	 	A Clockwork Orange (film); Akira Kurosawa	 	 	 	 	 	 	1	0.816497	1	1		
0	http://yago-knowledge.org/resource/redirectedFrom	 	 	 	Empire (magazine); Empireonline.com	 	 	 	 	 	 	1	0.816497	1	1		
2	http://dbpedia.org/ontology/author;http://rdf.freebase.com/ns/book.written_work.author;http://www.wikidata.org/entity/P50c	 	 	 	 	Antonio Negri; Michael Hardt	Antonio Negri; Michael Hardt	Antonio Negri; Michael Hardt	D. C. Moore	D. C. Moore	D. C. Moore	6	0	0.221849	1		
0	http://dbpedia.org/ontology/dcc	 	 	 	 	325/.32/09045 21	 	 	 	 	 	1	0.57735	1	1		
0	http://dbpedia.org/ontology/isbn;http://www.wikidata.org/entity/P957c	 	 	 	 	0-674-25121-0	 	0-674-25121-0	 	 	 	2	0.57735	0.69897	1		
0	http://dbpedia.org/ontology/lcc	 	 	 	 	JC359 .H279 2000	 	 	 	 	 	1	0.57735	1	1		
0	http://dbpedia.org/ontology/nonFictionSubject	 	 	 	 	International relations	 	 	 	 	 	1	0.816497	1	1		
0	http://dbpedia.org/ontology/oclc;http://www.wikidata.org/entity/P243c	 	 	 	 	41967081	 	186433503	 	 	 	2	0.57735	0.69897	1		
0	http://dbpedia.org/ontology/previousWork	 	 	 	 	http://dbpedia.org/resource/Labor_of_Dionysus:_A_Critique_of_the_State-Form	 	 	 	 	 	1	0.57735	1	1		
0	http://dbpedia.org/ontology/subsequentWork	 	 	 	 	Multitude: War and Democracy in the Age of Empire	 	 	 	 	 	1	0.57735	1	1		
0	http://rdf.freebase.com/key/base.ranker.rankerurlname	 	 	 	 	 	empire/3061176	 	 	 	 	1	0.57735	1	1		
0	http://rdf.freebase.com/ns/book.book.editions	 	 	 	 	 	Empire	 	 	 	 	1	0.57735	1	1		
0	http://rdf.freebase.com/ns/book.written_work.next_in_series;http://www.wikidata.org/entity/P156c	 	 	 	 	 	Multitude: War and Democracy in the Age of Empire	Multitude: War and Democracy in the Age of Empire	 	 	 	2	0.57735	0.69897	1		
0	http://rdf.freebase.com/ns/book.written_work.original_language;http://www.wikidata.org/entity/P364c	 	 	 	 	 	English Language	English	 	 	 	2	0.816497	0.69897	1		
0	http://rdf.freebase.com/ns/freebase.valuenotation.has_no_value	 	 	 	 	 	Characters; Official website	 	 	 	 	1	0.816497	1	1		
0	http://rdf.freebase.com/ns/freebase.valuenotation.has_value	 	 	 	 	 	Genre	 	 	 	 	1	0.57735	1	1		
0	http://www.wikidata.org/entity/P1149c	 	 	 	 	 	 	JC359 .H279 2000	 	 	 	1	0.57735	1	1		
0	http://www.wikidata.org/entity/P136c	 	 	 	 	 	 	essay	 	 	 	1	0.57735	1	1		
0	http://www.wikidata.org/entity/P138c	 	 	 	 	 	 	empire	 	 	 	1	0.57735	1	1		
0	http://www.wikidata.org/entity/P155c	 	 	 	 	 	 	Labor of Dionysus: A Critique of the State-Form	 	 	 	1	0.57735	1	1		
0	http://dbpedia.org/ontology/characterInPlay	 	 	 	 	 	 	 	Gary, British Lance Corporal; Hafizullah, ANA soldier	 	 	1	0.816497	1	1		
0	http://dbpedia.org/ontology/premierePlace	 	 	 	 	 	 	 	Royal Court Theatre	 	 	1	0.816497	1	1		
0	http://dbpedia.org/ontology/settingOfPlay	 	 	 	 	 	 	 	Helmand Province,Afghanistan,; summer 2006	 	 	1	0.816497	1	1		
0	http://dbpedia.org/ontology/subjectOfPlay	 	 	 	 	 	 	 	TheWar in Afghanistan	 	 	1	0.57735	1	1		
0	http://rdf.freebase.com/ns/theater.play.country_of_origin	 	 	 	 	 	 	 	 	United Kingdom	 	1	0.57735	1	1		
0	http://rdf.freebase.com/ns/theater.play.date_of_first_performance	 	 	 	 	 	 	 	 	2010/3/31	 	1	0.57735	1	1		
0	http://rdf.freebase.com/ns/theater.play.productions	 	 	 	 	 	 	 	 	The Empire	 	1	0.57735	1	1		
