score	dataset	dbpedia	wikidata	yago-knowledge	dbpedia	freebase	wikidata	dbpedia	freebase	wikidata	yago-knowledge						
	entity	http://dbpedia.org/resource/Q_(magazine)	http://www.wikidata.org/entity/Q217629	http://yago-knowledge.org/resource/Q_magazine	http://dbpedia.org/resource/Q_(novel)	http://rdf.freebase.com/ns/m.037hcd	http://www.wikidata.org/entity/Q1734076	http://dbpedia.org/resource/The_True_Story_of_Ah_Q	http://rdf.freebase.com/ns/m.066qtq	http://www.wikidata.org/entity/Q613121	http://yago-knowledge.org/resource/The_True_Story_of_Ah_Q						
0	http://dbpedia.org/ontology/abstract	Q is a popular music magazine published monthly in the United Kingdom. Q was founded in 1986 by Mark	 	 	Q is a novel by Luther Blissett first published in Italian in 1999. The novel is set in Europe durin	 	 	The True Story of Ah Q is an episodic novella written by Lu Xun, first published as a serial between	 	 	 	3	0.816497	0.522879	1		
0	http://dbpedia.org/ontology/circulation	44050	 	 	 	 	 	 	 	 	 	1	0.57735	1	1		
0	http://dbpedia.org/ontology/editorTitle	Editor	 	 	 	 	 	 	 	 	 	1	0.57735	1	1		
1	http://dbpedia.org/ontology/genre;http://dbpedia.org/ontology/literaryGenre;http://rdf.freebase.com/ns/book.book.genre;http://www.wikidata.org/entity/P136c	Music magazine	 	 	Historical novel	Historical novel	historical novel	 	 	novella	 	5	0.707107	0.30103	1		
0	http://dbpedia.org/ontology/imageSize	100	 	 	 	 	 	 	 	 	 	1	0.57735	1	1		
0	http://dbpedia.org/ontology/issn;http://www.wikidata.org/entity/P236c	0955-4955	0955-4955	 	 	 	 	 	 	 	 	2	0.57735	0.69897	1		
0	http://dbpedia.org/ontology/logo	Q LOGOweb.jpg	 	 	 	 	 	 	 	 	 	1	0.57735	1	1		
0	http://dbpedia.org/ontology/publisher;http://purl.org/dc/elements/1.1/publisher	Bauer Media Group	 	 	Einaudi	 	 	 	 	 	 	2	0.816497	0.69897	1		
0	http://dbpedia.org/ontology/thumbnail	http://commons.wikimedia.org/wiki/Special:FilePath/Q_LOGOweb.jpg?width=300	 	 	 	 	 	 	 	 	 	1	0.57735	1	1		
0	http://dbpedia.org/ontology/wikiPageExternalLink	http://www.rocklistmusic.co.uk/qlists.html	 	 	http://www.complete-review.com/reviews/italia/wuming1.htm; http://www.guardian.co.uk/uk/2003/aug/28/	 	 	http://capturingchinese.com/; http://www.jstor.org/stable/189209	 	 	 	3	0.816497	0.522879	1		
2	http://dbpedia.org/ontology/wikiPageID;http://rdf.freebase.com/key/wikipedia.en_id	511253	 	 	741901	741901	 	1927113	1927113	 	 	5	0.516398	0.30103	1		
0	http://dbpedia.org/ontology/wikiPageLength	13744	 	 	10769	 	 	19565	 	 	 	3	0.816497	0.522879	1		
0	http://dbpedia.org/ontology/wikiPageOutDegree	115	 	 	80	 	 	52	 	 	 	3	0.816497	0.522879	1		
0	http://dbpedia.org/ontology/wikiPageRevisionID	727811804	 	 	668094801	 	 	742871370	 	 	 	3	0.816497	0.522879	1		
0	http://purl.org/dc/terms/subject	Bauer Group (UK); British monthly magazines	 	 	Collaborative fiction; Heinemann (publisher) books	 	 	Chinese Republican era short stories; Novels set in the Qing dynasty	 	 	 	3	0.816497	0.522879	1		
0	http://www.w3.org/1999/02/22-rdf-syntax-ns#type;http://www.wikidata.org/entity/P31c	http://www.wikidata.org/entity/Q1092563; periodical literature	magazine	wikicat British monthly magazines; wordnet creation 103129123	http://purl.org/ontology/bibo/Book; written work	Inanimate; Work of Fiction	book	http://purl.org/ontology/bibo/Book; written work	Inanimate; Written Work	book	wikicat Chinese Republican era short stories; wordnet literary composition 106364329	10	0.504878	0	1		
2	http://www.w3.org/2000/01/rdf-schema#comment;http://rdf.freebase.com/ns/common.topic.description	Q is a popular music magazine published monthly in the United Kingdom. Q was founded in 1986 by Mark	 	 	Q is a novel by Luther Blissett first published in Italian in 1999. The novel is set in Europe durin	Q is a novel by Luther Blissett first published in Italian in 1999. The novel is set in Europe durin	 	The True Story of Ah Q is an episodic novella written by Lu Xun, first published as a serial between	The True Story of Ah Q, is an episodic novella written by Lu Xun, first published as a serial betwee	 	 	5	0.68313	0.30103	1		
2	http://www.w3.org/2000/01/rdf-schema#label	Q (magazine)	Q	Q magazine	Q (novel)	Q	Q	The True Story of Ah Q	The True Story of Ah Q	The True Story of Ah Q	The True Story of Ah Q	10	0.408248	0	1		
0	http://www.w3.org/2002/07/owl#sameAs	Q	 	Q magazine	 	 	 	 	 	 	 	2	0.816497	0.69897	0		
0	http://www.w3.org/ns/prov#wasDerivedFrom	http://en.wikipedia.org/wiki/Q_(magazine)?oldid=727811804	 	 	http://en.wikipedia.org/wiki/Q_(novel)?oldid=668094801	 	 	http://en.wikipedia.org/wiki/The_True_Story_of_Ah_Q?oldid=742871370	 	 	 	3	0.816497	0.522879	1		
0	http://xmlns.com/foaf/0.1/depiction	http://commons.wikimedia.org/wiki/Special:FilePath/Q_LOGOweb.jpg	 	 	 	 	 	 	 	 	 	1	0.57735	1	1		
1	http://xmlns.com/foaf/0.1/homepage;http://www.wikidata.org/entity/P856c	http://qthemusic.com	http://www.qthemusic.com/	 	http://www.wumingfoundation.com/english/englishmenu.htm	 	 	 	 	 	 	3	0.816497	0.522879	1		
1	http://xmlns.com/foaf/0.1/isPrimaryTopicOf;http://rdf.freebase.com/ns/common.topic.topic_equivalent_webpage	http://en.wikipedia.org/wiki/Q_(magazine)	 	 	http://en.wikipedia.org/wiki/Q_(novel)	http://ca.wikipedia.org/wiki/Q_(novel%B7la); http://fr.wikipedia.org/wiki/L'%52il_de_Carafa	 	http://en.wikipedia.org/wiki/The_True_Story_of_Ah_Q	http://de.wikipedia.org/wiki/Die_wahre_Geschichte_des_Ah_Q; http://ja.wikipedia.org/wiki/%3FQ%63%1D	 	 	5	0.779643	0.30103	1		
0	http://xmlns.com/foaf/0.1/name	Q	 	 	Q	 	 	The True Story of Ah Q	 	 	 	3	0.645497	0.522879	1		
2	http://schema.org/description;http://rdf.freebase.com/ns/common.topic.article	 	British music magazine	 	 	Q is a novel by Luther Blissett first published in Italian in 1999. The novel is set in Europe durin	novel by Luther Blissett	 	The True Story of Ah Q (Traditional Chinese: 阿Q正傳; Simplified Chinese: 阿Q正传; pinyin: Ā Q Zhèngzhuàn)	book by Lu Xun	 	5	0.816497	0.30103	1		
0	http://www.wikidata.org/entity/P1476c	 	Q	 	 	 	 	 	 	 	 	1	0.57735	1	1		
0	http://www.wikidata.org/entity/P646-freebase	 	Q	 	 	 	Q	 	 	The True Story of Ah Q	 	3	0.57735	0.522879	1		
0	http://www.wikidata.org/entity/P646c	 	/m/02k1sj	 	 	 	/m/037hcd	 	 	/m/066qtq	 	3	0.816497	0.522879	1		
0	http://www.wikidata.org/entity/P966c	 	a8d2892b-a2e8-483c-8552-6fe5f81a27b3	 	 	 	 	 	 	 	 	1	0.57735	1	1		
0	http://www.w3.org/2004/02/skos/core#prefLabel	 	 	Q magazine	 	 	 	 	 	 	The True Story of Ah Q	2	0.816497	0.69897	1		
0	http://yago-knowledge.org/resource/hasCitationTitle	 	 	ABC Certificates and Reports: Q; BBC - Q Awards Play Safe	 	 	 	 	 	 	 	1	0.816497	1	1		
0	http://yago-knowledge.org/resource/hasWikipediaAnchorText	 	 	'Imitation of Life'; Jian Ghomeshi	 	 	 	 	 	 	Also available at; Xinhai Revolution	2	0.816497	0.69897	1		
0	http://yago-knowledge.org/resource/hasWikipediaArticleLength	 	 	13509	 	 	 	 	 	 	20674	2	0.816497	0.69897	1		
0	http://yago-knowledge.org/resource/hasWikipediaUrl	 	 	http://en.wikipedia.org/wiki/Q_magazine	 	 	 	 	 	 	http://en.wikipedia.org/wiki/The_True_Story_of_Ah_Q	2	0.816497	0.69897	1		
0	http://yago-knowledge.org/resource/linksTo	 	 	Afraid of Sunlight; Arctic Monkeys	 	 	 	 	 	 	Chinese literature; Northern Expedition	2	0.816497	0.69897	1		
0	http://yago-knowledge.org/resource/redirectedFrom	 	 	Q magazine's 50 worst albums of all time	 	 	 	 	 	 	A Q Cheng-chuan; The Real Story of Ah Q	2	0.816497	0.69897	1		
2	http://yago-knowledge.org/resource/wasCreatedOnDate;http://rdf.freebase.com/ns/book.written_work.date_of_first_publication;http://www.wikidata.org/entity/P577c	 	 	1986/1/1	 	1999	Mar-99	 	1921	1921	1921/1/1	6	0.707107	0.221849	1		
2	http://dbpedia.org/ontology/author;http://rdf.freebase.com/ns/book.written_work.author;http://www.wikidata.org/entity/P50c	 	 	 	Luther Blissett (nom de plume)	Luther Blissett	Luther Blissett	Lu Xun	Lu Xun	Lu Xun	 	6	0.408248	0.221849	1		
1	http://dbpedia.org/ontology/country;http://www.wikidata.org/entity/P495c	 	 	 	Italy	 	Italy	Republic of China (1912�?949)	 	People's Republic of China	 	4	0.645497	0.39794	1		
0	http://dbpedia.org/ontology/language;http://rdf.freebase.com/ns/book.written_work.original_language;http://www.wikidata.org/entity/P364c	 	 	 	Italian language	Italian Language	Italian	Vernacular Chinese	 	Chinese	 	5	0.816497	0.30103	1		
0	http://dbpedia.org/ontology/translator	 	 	 	Shaun Whiteside	 	 	 	 	 	 	1	0.57735	1	1		
0	http://rdf.freebase.com/key/authority.openlibrary.book	 	 	 	 	qroman_9202a8c04000641f800000000bd25f24	 	 	qchngchu_9202a8c04000641f800000000bae8300; truestor_9202a8c04000641f800000000bae8300	 	 	2	0.816497	0.69897	1		
0	http://rdf.freebase.com/key/en	 	 	 	 	q_roman	 	 	the_true_story_of_ah_q; ying_han_dui_zhao_a_q_zheng_zhuan	 	 	2	0.816497	0.69897	1		
0	http://rdf.freebase.com/key/wikipedia.en	 	 	 	 	Q,_the_book; Q_(novel)	 	 	A_Q_Cheng-chuan; The_Real_Story_of_Ah-Q	 	 	2	0.816497	0.69897	1		
0	http://rdf.freebase.com/key/wikipedia.en_title	 	 	 	 	Q_(novel)	 	 	The_True_Story_of_Ah_Q	 	 	2	0.816497	0.69897	1		
0	http://rdf.freebase.com/ns/common.topic.alias	 	 	 	 	Q. Roman	 	 	Ying Han dui zhao A Q zheng zhuan; true story of Ah	 	 	2	0.816497	0.69897	1		
0	http://rdf.freebase.com/ns/common.topic.notable_for	 	 	 	 	Historical Novel	 	 	Book	 	 	2	0.816497	0.69897	1		
0	http://rdf.freebase.com/ns/common.topic.notable_types	 	 	 	 	Book	 	 	Book	 	 	2	0.57735	0.69897	1		
0	http://rdf.freebase.com/ns/kg.object_profile.prominent_type	 	 	 	 	Book	 	 	Book	 	 	2	0.57735	0.69897	1		
0	http://rdf.freebase.com/ns/type.object.key	 	 	 	 	/authority/openlibrary/book/qroman_9202a8c04000641f800000000bd25f24; /wikipedia/de_id/1146663	 	 	/authority/openlibrary/book/qchngchu_9202a8c04000641f800000000bae8300; /wikipedia/en/A_Q_Cheng-chuan	 	 	2	0.816497	0.69897	1		
0	http://rdf.freebase.com/ns/type.object.name	 	 	 	 	Q	 	 	The True Story of Ah Q	 	 	2	0.816497	0.69897	1		
0	http://rdf.freebase.com/ns/type.object.type	 	 	 	 	Inanimate; Work of Fiction	 	 	Inanimate; Written Work	 	 	2	0.408248	0.69897	1		
0	http://www.wikidata.org/entity/P227c	 	 	 	 	 	4763968-4	 	 	 	 	1	0.57735	1	1		
0	http://www.wikidata.org/entity/P243c	 	 	 	 	 	49181422	 	 	 	 	1	0.57735	1	1		
0	http://www.wikidata.org/entity/P957c	 	 	 	 	 	2-02-040066-9	 	 	 	 	1	0.57735	1	1		
0	http://rdf.freebase.com/ns/base.schemastaging.context_name.pronunciation	 	 	 	 	 	 	 	http://rdf.freebase.com/ns/g.125_lr1q7	 	 	1	0.57735	1	1		
0	http://rdf.freebase.com/ns/book.book.editions	 	 	 	 	 	 	 	The true story of Ah Q	 	 	1	0.57735	1	1		
0	http://www.wikidata.org/entity/P357c	 	 	 	 	 	 	 	 	阿Q正傳	 	1	0.57735	1	1		
