score	dataset	dbpedia	freebase	wikidata	freebase	wikidata	yago-knowledge	dbpedia	freebase	wikidata	yago-knowledge						
	entity	http://dbpedia.org/resource/Dawn_(McLaughlin_novel)	http://rdf.freebase.com/ns/m.02r9wb5	http://www.wikidata.org/entity/Q5242407	http://rdf.freebase.com/ns/m.04jbj3m	http://www.wikidata.org/entity/Q1947770	http://yago-knowledge.org/resource/The_Dawn_(book)	http://dbpedia.org/resource/Dawn_(Hunter_novel)	http://rdf.freebase.com/ns/m.02qs6v1	http://www.wikidata.org/entity/Q5242410	http://yago-knowledge.org/resource/Dawn_(Warriors)						
0	http://dbpedia.org/ontology/abstract	Dawn is a science fiction novel written in 1980 by Dean McLaughlin. A re-imagining of Isaac Asimov's	 	 	 	 	 	Dawn is a children's fantasy novel, the third book in the Warriors: The New Prophecy series. Dawn wa	 	 	 	2	0.816497	0.69897	1		
3	http://dbpedia.org/ontology/author;http://rdf.freebase.com/ns/book.written_work.author;http://www.wikidata.org/entity/P50c	Dean McLaughlin	Dean McLaughlin	Dean McLaughlin	Friedrich Nietzsche	Friedrich Nietzsche	 	Erin Hunter	Cherith Baldry; Erin Hunter	Erin Hunter; Kate Cary	 	8	0.348155	0.09691	1		
0	http://dbpedia.org/ontology/dcc	813/.6 22	 	 	 	 	 	 	 	 	 	1	0.57735	1	1		
1	http://dbpedia.org/ontology/isbn;http://www.wikidata.org/entity/P212c	978-1-59414-350-2	 	978-1-59414-350-2	 	 	 	978-0-06-074457-1	 	978-0-06-074457-1	 	4	0.408248	0.39794	1		
0	http://dbpedia.org/ontology/lcc	PS3563.A31794 D39 2006	 	 	 	 	 	 	 	 	 	1	0.57735	1	1		
2	http://dbpedia.org/ontology/literaryGenre;http://rdf.freebase.com/ns/book.book.genre;http://www.wikidata.org/entity/P136c	Science fiction	Speculative fiction	science fiction	Philosophy	philosophy	 	Children's literature; Fantasy novel	Children's literature; Speculative fiction	children's literature; fantasy novel	 	8	0.713283	0.09691	1		
0	http://dbpedia.org/ontology/mediaType	Hardcover	 	 	 	 	 	 	 	 	 	1	0.57735	1	1		
0	http://dbpedia.org/ontology/numberOfPages	307	 	 	 	 	 	368	 	 	 	2	0.816497	0.69897	1		
1	http://dbpedia.org/ontology/oclc;http://www.wikidata.org/entity/P243c	70673204	 	70673204	 	 	 	 	 	174066115	 	3	0.57735	0.522879	1		
1	http://dbpedia.org/ontology/publisher;http://purl.org/dc/elements/1.1/publisher;http://www.wikidata.org/entity/P123c	Analog & Five Star; Analog Science Fiction and Fact	 	Analog Science Fiction and Fact	 	 	 	HarperTrophy	 	HarperCollins	 	4	0.57735	0.39794	1		
3	http://dbpedia.org/ontology/releaseDate;http://rdf.freebase.com/ns/book.written_work.date_of_first_publication;http://yago-knowledge.org/resource/wasCreatedOnDate;http://www.wikidata.org/entity/P577c	1981-04-27; 2006-11-15	1981/4/27	 	1881	 	1881-01-01	2005/12/27	2005/12/27	2005/12/27	2005/12/27	8	0.471405	0.09691	1		
2	http://dbpedia.org/ontology/wikiPageID;http://rdf.freebase.com/key/wikipedia.en_id	11389995	11389995	 	18917779	 	 	10858273	10858273	 	 	5	0.516398	0.30103	1		
0	http://dbpedia.org/ontology/wikiPageLength	5488	 	 	 	 	 	11145	 	 	 	2	0.816497	0.69897	1		
0	http://dbpedia.org/ontology/wikiPageOutDegree	31	 	 	 	 	 	31	 	 	 	2	0.57735	0.69897	1		
0	http://dbpedia.org/ontology/wikiPageRevisionID	733202604	 	 	 	 	 	734861686	 	 	 	2	0.816497	0.69897	1		
0	http://purl.org/dc/terms/subject;http://rdf.freebase.com/ns/book.written_work.subjects	1980s science fiction novels; Novels first published in serial form	 	 	Existentialism; Modern philosophy	 	 	American fantasy novels; HarperCollins books	 	 	 	3	0.816497	0.522879	1		
0	http://www.w3.org/1999/02/22-rdf-syntax-ns#type;http://www.wikidata.org/entity/P31c	http://purl.org/ontology/bibo/Book; written work	Inanimate; Work of Fiction	book	Inanimate; Processed with Review Queue	book	wikicat Books by Friedrich Nietzsche; wikicat German books	http://purl.org/ontology/bibo/Book; written work	Inanimate; Quotation Source	book	wikicat HarperCollins books; wordnet book 106410904	10	0.308607	0	1		
2	http://www.w3.org/2000/01/rdf-schema#comment;http://rdf.freebase.com/ns/common.topic.description	Dawn is a science fiction novel written in 1980 by Dean McLaughlin. A re-imagining of Isaac Asimov's	Dawn is a science fiction novel written in 1980 by Dean McLaughlin. A re-imagining of Isaac Asimov's	 	The Dawn is a 1881 book by the German philosopher Friedrich Nietzsche. Nietzsche de-emphasizes the r	 	 	Dawn is a children's fantasy novel, the third book in the Warriors: The New Prophecy series. Dawn wa	Dawn is a children's fantasy novel, the third book in the Warriors: The New Prophecy series. Dawn wa	 	 	5	0.516398	0.30103	1		
2	http://www.w3.org/2000/01/rdf-schema#label	Dawn (McLaughlin novel)	Dawn	Dawn	The Dawn	The Dawn	The Dawn (book)	Dawn (Hunter novel)	Dawn	Dawn	Dawn (Warriors)	10	0.408248	0	1		
0	http://www.w3.org/2002/07/owl#sameAs	 	 	 	 	 	The Dawn (book)	 	 	 	Dawn (Warriors)	2	0.816497	0.69897	0		
0	http://www.w3.org/ns/prov#wasDerivedFrom	http://en.wikipedia.org/wiki/Dawn_(McLaughlin_novel)?oldid=733202604	 	 	 	 	 	http://en.wikipedia.org/wiki/Dawn_(Hunter_novel)?oldid=734861686	 	 	 	2	0.816497	0.69897	1		
1	http://xmlns.com/foaf/0.1/isPrimaryTopicOf;http://rdf.freebase.com/ns/common.topic.topic_equivalent_webpage	http://en.wikipedia.org/wiki/Dawn_(McLaughlin_novel)	http://en.wikipedia.org/wiki/Dawn_(McLaughlin_novel); http://www.isfdb.org/cgi-bin/title.cgi?21445	 	http://de.wikipedia.org/wiki/Morgenr%F6te._Gedanken_%FCber_die_moralischen_Vorurteile; http://he.wik	 	 	http://en.wikipedia.org/wiki/Dawn_(Hunter_novel)	http://en.wikipedia.org/wiki/Dawn_(Warriors); http://www.isfdb.org/cgi-bin/title.cgi?676349	 	 	5	0.796498	0.30103	1		
0	http://xmlns.com/foaf/0.1/name	Dawn	 	 	 	 	 	Dawn	 	 	 	2	0.57735	0.69897	1		
0	http://rdf.freebase.com/key/authority.isfdb.title_id	 	21445	 	 	 	 	 	676349	 	 	2	0.816497	0.69897	1		
1	http://rdf.freebase.com/key/wikipedia.en	 	Dawn_(McLaughlin_novel)	 	Daybreak:_Reflections_on_Moral_Prejudices; Morgenrote:_Gedanken_uber_die_moralischen	 	 	 	Dawn_(Warriors)	 	 	3	0.816497	0.522879	1		
1	http://rdf.freebase.com/key/wikipedia.en_title	 	Dawn_(McLaughlin_novel)	 	The_Dawn_(book)	 	 	 	Dawn_(Warriors)	 	 	3	0.816497	0.522879	1		
0	http://rdf.freebase.com/ns/book.book.editions	 	Dawn (Five Star Science Fiction and Fantasy Series)	 	The dawn of day	 	 	 	Warriors: The New Prophecy #3: Dawn (Warriors: The New Prophecy)	 	 	3	0.516398	0.522879	1		
0	http://rdf.freebase.com/ns/book.written_work.copyright_date	 	6-Nov	 	 	 	 	 	2005/12/27	 	 	2	0.816497	0.69897	1		
0	http://rdf.freebase.com/ns/book.written_work.isfdb_id	 	21445	 	 	 	 	 	676349	 	 	2	0.816497	0.69897	1		
0	http://rdf.freebase.com/ns/book.written_work.original_language;http://www.wikidata.org/entity/P364c	 	English Language	English	German Language	German	 	 	English Language	English	 	6	0.57735	0.221849	1		
1	http://rdf.freebase.com/ns/common.topic.article;http://schema.org/description	 	Dawn is a science fiction novel written in 1980 by Dean McLaughlin. A re-imagining of Isaac Asimov's	1980 novel by Dean McLaughlin	The Dawn (Morgenröte. Gedanken über die moralischen Vorurteile) is a book written by the German phil	 	 	 	Dawn is a children's fantasy novel, the third book in the Warriors: The New Prophecy series. Dawn wa	children's fantasy novel by Erin Hunter, part of the series Warriors: The New Prophecy	 	5	0.816497	0.30103	1		
0	http://rdf.freebase.com/ns/common.topic.notable_for	 	Science Fiction Book	 	Philosophy Book	 	 	 	Fantasy Book	 	 	3	0.816497	0.522879	1		
0	http://rdf.freebase.com/ns/common.topic.notable_types	 	Book	 	Book	 	 	 	Book	 	 	3	0.57735	0.522879	1		
0	http://rdf.freebase.com/ns/kg.object_profile.prominent_type	 	Book	 	Book	 	 	 	Book	 	 	3	0.57735	0.522879	1		
0	http://rdf.freebase.com/ns/type.object.key	 	/authority/isfdb/title_id/21445; /wikipedia/en_id/11389995	 	/authority/openlibrary/book/dawnofda_9202a8c04000641f8000000000016de0; /wikipedia/de_id/5544641	 	 	 	/authority/isfdb/title_id/676349; /wikipedia/zh-cn_id/1213693	 	 	3	0.816497	0.522879	1		
0	http://rdf.freebase.com/ns/type.object.name	 	Dawn	 	The Dawn	 	 	 	Dawn	 	 	3	0.57735	0.522879	1		
0	http://rdf.freebase.com/ns/type.object.type	 	Inanimate; Work of Fiction	 	Inanimate; Processed with Review Queue	 	 	 	Inanimate; Quotation Source	 	 	3	0.275241	0.522879	1		
0	http://rdf.freebase.com/key/authority.openlibrary.book	 	 	 	dawnofda_9202a8c04000641f8000000000016de0; morgenro_9202a8c04000641f8000000000016de0	 	 	 	 	 	 	1	0.816497	1	1		
0	http://rdf.freebase.com/key/en	 	 	 	the_dawn_of_day	 	 	 	 	 	 	1	0.57735	1	1		
1	http://rdf.freebase.com/ns/book.written_work.next_in_series;http://www.wikidata.org/entity/P156c	 	 	 	The Gay Science	The Gay Science	 	 	Starlight	Starlight	 	4	0.408248	0.39794	1		
0	http://rdf.freebase.com/ns/common.topic.image	 	 	 	MorgenrÃ¶the	 	 	 	 	 	 	1	0.57735	1	1		
0	http://rdf.freebase.com/ns/user.alust.default_domain.processed_with_review_queue.question_id	 	 	 	/rabj/store/questions/question_943eb3d97e06883b; /rabj/store/questions/question_9f21dc8a4698a063	 	 	 	 	 	 	1	0.816497	1	1		
1	http://www.wikidata.org/entity/P155c;http://rdf.freebase.com/ns/book.written_work.previous_in_series	 	 	 	 	Human, All Too Human	 	 	Moonrise	Moonrise	 	3	0.57735	0.522879	1		
0	http://www.wikidata.org/entity/P646-freebase	 	 	 	 	The Dawn	 	 	 	 	 	1	0.57735	1	1		
0	http://www.wikidata.org/entity/P646c	 	 	 	 	/m/04jbj3m	 	 	 	 	 	1	0.57735	1	1		
0	http://www.w3.org/2004/02/skos/core#prefLabel	 	 	 	 	 	The Dawn (book)	 	 	 	Dawn (Warriors)	2	0.816497	0.69897	1		
0	http://yago-knowledge.org/resource/hasWikipediaAnchorText	 	 	 	 	 	Friedrich Nietzsche; Human, All Too Human	 	 	 	AccessMyLibrary; Amazon.com	2	0.816497	0.69897	1		
0	http://yago-knowledge.org/resource/hasWikipediaArticleLength	 	 	 	 	 	1894	 	 	 	11604	2	0.816497	0.69897	1		
0	http://yago-knowledge.org/resource/hasWikipediaUrl	 	 	 	 	 	http://en.wikipedia.org/wiki/The_Dawn_%28book%29	 	 	 	http://en.wikipedia.org/wiki/Dawn_%28Warriors%29	2	0.816497	0.69897	1		
0	http://yago-knowledge.org/resource/linksTo	 	 	 	 	 	Friedrich Nietzsche; Human, All Too Human	 	 	 	AccessMyLibrary; Amazon.com	2	0.816497	0.69897	1		
0	http://yago-knowledge.org/resource/redirectedFrom	 	 	 	 	 	Daybreak: Reflections on Moral Prejudices; Morgenrote: Gedanken uber die moralischen	 	 	 	 	1	0.816497	1	1		
0	http://dbpedia.org/ontology/coverArtist	 	 	 	 	 	 	Wayne McLoughlin	 	 	 	1	0.57735	1	1		
0	http://dbpedia.org/ontology/previousWork	 	 	 	 	 	 	Moonrise (Warriors)	 	 	 	1	0.57735	1	1		
0	http://dbpedia.org/ontology/series	 	 	 	 	 	 	Warriors (novel series)	 	 	 	1	0.57735	1	1		
0	http://dbpedia.org/ontology/subsequentWork	 	 	 	 	 	 	Starlight (Warriors)	 	 	 	1	0.57735	1	1		
0	http://rdf.freebase.com/ns/book.book.characters	 	 	 	 	 	 	 	Brambleclaw; Brightheart	 	 	1	0.816497	1	1		
0	http://rdf.freebase.com/ns/book.written_work.part_of_series;http://www.wikidata.org/entity/P179c	 	 	 	 	 	 	 	Warriors: The New Prophecy	Warriors cats	 	2	0.816497	0.69897	1		
0	http://rdf.freebase.com/ns/media_common.quotation_source.quotations	 	 	 	 	 	 	 	This is not an end. It is a beginning. You will need the courage of a lion to face this journey.	 	 	1	0.57735	1	1		
0	http://www.wikidata.org/entity/P495c	 	 	 	 	 	 	 	 	United States of America	 	1	0.57735	1	1		
0	http://yago-knowledge.org/resource/hasCitationTitle	 	 	 	 	 	 	 	 	 	Dawn (Warriors, Warriors: The New Prophecy Series, Erin Hunter, Book �?Barnes & Noble; Transcript of	1	0.816497	1	1		
0	http://yago-knowledge.org/resource/hasPages	 	 	 	 	 	 	 	 	 	368	1	0.57735	1	1		
