score	dataset	dbpedia	freebase	wikidata	yago-knowledge	dbpedia	wikidata	dbpedia	freebase	wikidata	yago-knowledge						
	entity	http://dbpedia.org/resource/Lost_Horizon	http://rdf.freebase.com/ns/m.0gnsh	http://www.wikidata.org/entity/Q1199794	http://yago-knowledge.org/resource/Lost_Horizon	http://dbpedia.org/resource/Horizons:_The_Journal_of_the_College_Theology_Society	http://www.wikidata.org/entity/Q15764166	http://dbpedia.org/resource/Horizon_(novel)	http://rdf.freebase.com/ns/m.05f847_	http://www.wikidata.org/entity/Q5903322	http://yago-knowledge.org/resource/Horizon_(novel)						
0	http://dbpedia.org/ontology/abstract	Lost Horizon is a 1933 novel by English writer James Hilton. The book was turned into a movie, also 	 	 	 	Horizons: The Journal of the College Theology Society is a biannual peer-reviewed academic journal e	 	Horizon is a fantasy novel by Lois McMaster Bujold. It is the fourth in the tetralogy The Sharing Kn	 	 	 	3	0.816497	0.522879	1		
2	http://dbpedia.org/ontology/author;http://rdf.freebase.com/ns/book.written_work.author;http://www.wikidata.org/entity/P50c	James Hilton (novelist)	James Hilton	James Hilton	 	 	 	Lois McMaster Bujold	Lois McMaster Bujold	Lois McMaster Bujold	 	6	0.408248	0.221849	1		
1	http://dbpedia.org/ontology/isbn;http://www.wikidata.org/entity/P212c	978-1840243536	 	978-0-06-059452-7; 978-1-84024-353-6	 	 	 	978-0-06-137536-1	 	978-0-06-137536-1	 	4	0.68313	0.39794	1		
1	http://dbpedia.org/ontology/literaryGenre;http://rdf.freebase.com/ns/book.book.genre;http://www.wikidata.org/entity/P136c	Adventure novel; Non-fiction novel	Adventure fiction; Children's literature	fantasy literature	 	 	 	Fantasy novel	Fantasy	fantasy novel	 	6	0.692219	0.221849	1		
1	http://dbpedia.org/ontology/publisher;http://purl.org/dc/elements/1.1/publisher;http://www.wikidata.org/entity/P123c	Macmillan Publishers	 	Macmillan Publishers	 	Cambridge University Press; Villanova University	Villanova University	Eos (HarperCollins)	 	HarperCollins	 	6	0.57735	0.221849	1		
0	http://dbpedia.org/ontology/wikiPageExternalLink	http://gutenberg.net.au/ebooks05/0500141h.html; http://www.sfsite.com/~silverag/hilton.html	 	 	 	http://journals.cambridge.org/action/displayIssue?jid=HOR&tab=currentissue; http://journals.cambridg	 	http://browseinside.harpercollins.com/index.aspx?isbn13=9780061375361	 	 	 	3	0.816497	0.522879	1		
2	http://dbpedia.org/ontology/wikiPageID;http://rdf.freebase.com/key/wikipedia.en_id	61528	61528	 	 	42572309	 	21364710	21364710	 	 	5	0.516398	0.30103	1		
0	http://dbpedia.org/ontology/wikiPageLength	11336	 	 	 	2480	 	3566	 	 	 	3	0.816497	0.522879	1		
0	http://dbpedia.org/ontology/wikiPageOutDegree	67	 	 	 	26	 	12	 	 	 	3	0.816497	0.522879	1		
0	http://dbpedia.org/ontology/wikiPageRevisionID	744609201	 	 	 	713351574	 	734707064	 	 	 	3	0.816497	0.522879	1		
1	http://purl.org/dc/terms/subject;http://rdf.freebase.com/ns/book.written_work.subjects	British novels adapted into films; English fantasy novels	Classics; Literature	 	 	Academic journals associated with universities and colleges of the United States; Catholic studies j	 	American fantasy novels; HarperCollins books	 	 	 	4	0.816497	0.39794	1		
0	http://www.w3.org/1999/02/22-rdf-syntax-ns#type;http://www.wikidata.org/entity/P31c	http://purl.org/ontology/bibo/Book; written work	Work of Fiction; Written Work	book	wikicat Adventure novels; wikicat Lost world novels	academic journal; http://www.wikidata.org/entity/Q1092563	scientific journal	http://purl.org/ontology/bibo/Book; written work	Inanimate; Work of Fiction	book	wikicat HarperCollins books; wordnet book 106410904	10	0.489732	0	1		
2	http://www.w3.org/2000/01/rdf-schema#comment;http://rdf.freebase.com/ns/common.topic.description	Lost Horizon is a 1933 novel by English writer James Hilton. The book was turned into a movie, also 	Lost Horizon is a 1933 novel by English writer James Hilton. The book was turned into a movie, also 	 	 	Horizons: The Journal of the College Theology Society is a biannual peer-reviewed academic journal e	 	Horizon is a fantasy novel by Lois McMaster Bujold. It is the fourth in the tetralogy The Sharing Kn	Horizon is a fantasy novel by Lois McMaster Bujold. It is the fourth in the tetralogy The Sharing Kn	 	 	5	0.516398	0.30103	1		
2	http://www.w3.org/2000/01/rdf-schema#label	Lost Horizon	Lost Horizon	Lost Horizon	Lost Horizon	Horizons: The Journal of the College Theology Society	Horizons	Horizon (novel)	Horizon	Horizon	Horizon (novel)	10	0.288675	0	1		
0	http://www.w3.org/2002/07/owl#sameAs	 	 	 	 	Horizons: The Journal of the College Theology Society	 	 	 	 	 	1	0.57735	1	0		
0	http://www.w3.org/ns/prov#wasDerivedFrom	http://en.wikipedia.org/wiki/Lost_Horizon?oldid=744609201	 	 	 	http://en.wikipedia.org/wiki/Horizons:_The_Journal_of_the_College_Theology_Society?oldid=713351574	 	http://en.wikipedia.org/wiki/Horizon_(novel)?oldid=734707064	 	 	 	3	0.816497	0.522879	1		
1	http://xmlns.com/foaf/0.1/isPrimaryTopicOf;http://rdf.freebase.com/ns/common.topic.topic_equivalent_webpage	http://en.wikipedia.org/wiki/Lost_Horizon	http://ar.wikipedia.org/wiki/%27%44%23%41%42_%27%44%45%41%42%48%2F; http://www.isfdb.org/cgi-bin/tit	 	 	http://en.wikipedia.org/wiki/Horizons:_The_Journal_of_the_College_Theology_Society	 	http://en.wikipedia.org/wiki/Horizon_(novel)	http://en.wikipedia.org/wiki/Horizon_(novel); http://en.wikipedia.org/wiki/index.html?curid=21364710	 	 	5	0.777282	0.30103	1		
0	http://xmlns.com/foaf/0.1/name	Lost Horizon	 	 	 	Horizons: The Journal of the College Theology Society	 	Horizon	 	 	 	3	0.816497	0.522879	1		
0	http://rdf.freebase.com/key/authority.isfdb.title_id	 	17608	 	 	 	 	 	 	 	 	1	0.57735	1	1		
0	http://rdf.freebase.com/key/authority.openlibrary.book	 	horizont_9202a8c04000641f8000000000077d07	 	 	 	 	 	 	 	 	1	0.816497	1	1		
0	http://rdf.freebase.com/key/base.ranker.rankerurlname	 	lost-horizon/191864	 	 	 	 	 	 	 	 	1	0.57735	1	1		
0	http://rdf.freebase.com/key/en	 	horizontes_perdidos	 	 	 	 	 	 	 	 	1	0.57735	1	1		
0	http://rdf.freebase.com/key/user.avh.ellerdale	 	0080-d22b	 	 	 	 	 	 	 	 	1	0.57735	1	1		
0	http://rdf.freebase.com/key/wikipedia.en	 	Lost_Horizon_(novel)	 	 	 	 	 	Horizon_(2009_novel)	 	 	2	0.816497	0.69897	1		
0	http://rdf.freebase.com/key/wikipedia.en_title	 	Lost_Horizon	 	 	 	 	 	Horizon_(novel)	 	 	2	0.816497	0.69897	1		
0	http://rdf.freebase.com/ns/base.schemastaging.context_name.pronunciation	 	http://rdf.freebase.com/ns/m.01315brb	 	 	 	 	 	 	 	 	1	0.57735	1	1		
0	http://rdf.freebase.com/ns/book.book.characters	 	Charles Mallinson; Henry D. Barnard	 	 	 	 	 	 	 	 	1	0.816497	1	1		
0	http://rdf.freebase.com/ns/book.book.editions	 	Lost Horizon (An Enriched Classic); Lost Horizon (NBC Theater Presents)	 	 	 	 	 	 	 	 	1	0.414781	1	1		
0	http://rdf.freebase.com/ns/book.written_work.copyright_date	 	1933	 	 	 	 	 	2009	 	 	2	0.816497	0.69897	1		
2	http://rdf.freebase.com/ns/book.written_work.date_of_first_publication;http://www.wikidata.org/entity/P577c;http://yago-knowledge.org/resource/wasCreatedOnDate;http://dbpedia.org/ontology/firstPublicationYear	 	1933	1933	1933/1/1	1974	 	 	2009/1/27	2009/1/27	2009/1/27	7	0.48795	0.154902	1		
0	http://rdf.freebase.com/ns/book.written_work.isfdb_id	 	17608	 	 	 	 	 	 	 	 	1	0.57735	1	1		
0	http://rdf.freebase.com/ns/book.written_work.original_language;http://www.wikidata.org/entity/P364c	 	English Language	English	 	 	English	 	English Language	English	 	5	0.258199	0.30103	1		
0	http://rdf.freebase.com/ns/common.topic.alias	 	Horizontes Perdidos	 	 	 	 	 	 	 	 	1	0.57735	1	1		
1	http://rdf.freebase.com/ns/common.topic.article;http://schema.org/description	 	Lost Horizon is a 1933 novel by English writer James Hilton. The book was turned into a movie in 193	book	 	 	journal	 	Horizon is a fantasy novel by Lois McMaster Bujold. It is the fourth in the tetralogy The Sharing Kn	novel by Lois McMaster Bujold	 	5	0.816497	0.30103	1		
0	http://rdf.freebase.com/ns/common.topic.notable_for	 	Fantasy Book	 	 	 	 	 	Fantasy Book	 	 	2	0.57735	0.69897	1		
0	http://rdf.freebase.com/ns/common.topic.notable_types	 	Book	 	 	 	 	 	Book	 	 	2	0.57735	0.69897	1		
0	http://rdf.freebase.com/ns/kg.object_profile.prominent_type	 	Book	 	 	 	 	 	Book	 	 	2	0.57735	0.69897	1		
0	http://rdf.freebase.com/ns/media_common.adapted_work.adaptations	 	Lost Horizon	 	 	 	 	 	 	 	 	1	0.57735	1	1		
0	http://rdf.freebase.com/ns/type.object.key	 	/authority/isfdb/title_id/17608; /wikipedia/pt_id/3643329	 	 	 	 	 	/wikipedia/en_id/21364710; /wikipedia/en_title/Horizon_(novel)	 	 	2	0.816497	0.69897	1		
0	http://rdf.freebase.com/ns/type.object.name	 	Lost Horizon	 	 	 	 	 	Horizon	 	 	2	0.816497	0.69897	1		
0	http://rdf.freebase.com/ns/type.object.type	 	Work of Fiction; Written Work	 	 	 	 	 	Inanimate; Work of Fiction	 	 	2	0.442807	0.69897	1		
0	http://rdf.freebase.com/ns/user.avh.default_domain.ellerdale_topic.ellerdale_id	 	0080-d22b	 	 	 	 	 	 	 	 	1	0.57735	1	1		
1	http://www.wikidata.org/entity/P243c;http://dbpedia.org/ontology/oclc	 	 	472979557	 	858609197	 	232977544	 	232977544	 	4	0.645497	0.39794	1		
0	http://www.wikidata.org/entity/P495c	 	 	United Kingdom	 	 	 	 	 	United States of America	 	2	0.816497	0.69897	1		
0	http://www.wikidata.org/entity/P646-freebase	 	 	Lost Horizon	 	 	 	 	 	 	 	1	0.57735	1	1		
0	http://www.wikidata.org/entity/P646c	 	 	/m/0gnsh	 	 	 	 	 	 	 	1	0.57735	1	1		
0	http://www.w3.org/2004/02/skos/core#prefLabel	 	 	 	Lost Horizon	 	 	 	 	 	Horizon (novel)	2	0.816497	0.69897	1		
0	http://yago-knowledge.org/resource/hasCitationTitle	 	 	 	MAD MEN: TIME ZONES	 	 	 	 	 	 	1	0.57735	1	1		
0	http://yago-knowledge.org/resource/hasWikipediaAnchorText	 	 	 	mass-market paperback; Adventure novel	 	 	 	 	 	Fantasy novel; HarperCollins	2	0.816497	0.69897	1		
0	http://yago-knowledge.org/resource/hasWikipediaArticleLength	 	 	 	11246	 	 	 	 	 	3560	2	0.816497	0.69897	1		
0	http://yago-knowledge.org/resource/hasWikipediaUrl	 	 	 	http://en.wikipedia.org/wiki/Lost_Horizon	 	 	 	 	 	http://en.wikipedia.org/wiki/Horizon_%28novel%29	2	0.816497	0.69897	1		
0	http://yago-knowledge.org/resource/linksTo	 	 	 	Alan Wheatley; World War II	 	 	 	 	 	English language; HarperCollins	2	0.816497	0.69897	1		
0	http://yago-knowledge.org/resource/redirectedFrom	 	 	 	Lost Horizon (novel)	 	 	 	 	 	Horizon (2009 novel)	2	0.816497	0.69897	1		
0	http://dbpedia.org/ontology/abbreviation	 	 	 	 	Horizons	 	 	 	 	 	1	0.57735	1	1		
0	http://dbpedia.org/ontology/academicDiscipline	 	 	 	 	Religious studies	 	 	 	 	 	1	0.816497	1	1		
0	http://dbpedia.org/ontology/frequencyOfPublication	 	 	 	 	Biannual	 	 	 	 	 	1	0.57735	1	1		
0	http://dbpedia.org/ontology/issn;http://www.wikidata.org/entity/P236c	 	 	 	 	0360-9669; 2050-8557	0360-9669; 2050-8557	 	 	 	 	2	0.408248	0.69897	1		
0	http://dbpedia.org/ontology/lccn	 	 	 	 	77648693	 	 	 	 	 	1	0.57735	1	1		
0	http://xmlns.com/foaf/0.1/homepage;http://www.wikidata.org/entity/P856c	 	 	 	 	http://journals.cambridge.org/action/displayJournal?jid=HOR	http://journals.cambridge.org/action/displayJournal?jid=HOR	 	 	 	 	2	0.57735	0.69897	1		
0	http://www.w3.org/2004/02/skos/core#altLabel	 	 	 	 	 	Horizons (Villanova)	 	 	 	 	1	0.57735	1	1		
0	http://www.wikidata.org/entity/P1058c	 	 	 	 	 	12738	 	 	 	 	1	0.57735	1	1		
0	http://www.wikidata.org/entity/P1160c	 	 	 	 	 	Horizons	 	 	 	 	1	0.57735	1	1		
0	http://www.wikidata.org/entity/P1240c	 	 	 	 	 	1	 	 	 	 	1	0.57735	1	1		
0	http://www.wikidata.org/entity/P1250c	 	 	 	 	 	10762	 	 	 	 	1	0.57735	1	1		
0	http://www.wikidata.org/entity/P1476c	 	 	 	 	 	Horizons	 	 	 	 	1	0.57735	1	1		
0	http://www.wikidata.org/entity/P1680c	 	 	 	 	 	The Journal of the College Theology Society	 	 	 	 	1	0.57735	1	1		
0	http://dbpedia.org/ontology/dcc	 	 	 	 	 	 	813/.54 22	 	 	 	1	0.57735	1	1		
0	http://dbpedia.org/ontology/lcc	 	 	 	 	 	 	PS3552.U397 S57 2009	 	 	 	1	0.57735	1	1		
0	http://dbpedia.org/ontology/mediaType	 	 	 	 	 	 	Hardbound	 	 	 	1	0.57735	1	1		
0	http://dbpedia.org/ontology/numberOfPages	 	 	 	 	 	 	453	 	 	 	1	0.57735	1	1		
0	http://dbpedia.org/ontology/previousWork	 	 	 	 	 	 	Passage (2008 novel)	 	 	 	1	0.57735	1	1		
0	http://dbpedia.org/ontology/publicationDate	 	 	 	 	 	 	2009/1/27	 	 	 	1	0.57735	1	1		
0	http://dbpedia.org/ontology/series	 	 	 	 	 	 	http://www.harpercollins.com/books/9780061375361/The_Sharing_Knife_Volume_Four/index.aspx	 	 	 	1	0.57735	1	1		
0	http://rdf.freebase.com/ns/book.written_work.part_of_series	 	 	 	 	 	 	 	The Sharing Knife	 	 	1	0.57735	1	1		
0	http://rdf.freebase.com/ns/book.written_work.previous_in_series;http://www.wikidata.org/entity/P155c	 	 	 	 	 	 	 	Passage	Passage	 	2	0.57735	0.69897	1		
0	http://rdf.freebase.com/ns/freebase.valuenotation.has_no_value	 	 	 	 	 	 	 	Next in series	 	 	1	0.57735	1	1		
0	http://rdf.freebase.com/ns/freebase.valuenotation.has_value	 	 	 	 	 	 	 	Date written	 	 	1	0.57735	1	1		
0	http://yago-knowledge.org/resource/hasPages	 	 	 	 	 	 	 	 	 	453	1	0.57735	1	1		
