score	dataset	dbpedia	freebase	wikidata	yago-knowledge	dbpedia	freebase	wikidata	dbpedia	freebase	wikidata						
	entity	http://dbpedia.org/resource/Pantheon-Sorbonne_University	http://rdf.freebase.com/ns/m.086hxz	http://www.wikidata.org/entity/Q999763	http://yago-knowledge.org/resource/Pantheon-Sorbonne_University	http://dbpedia.org/resource/Sorbonne_University_(alliance)	http://rdf.freebase.com/ns/m.0km409l	http://www.wikidata.org/entity/Q3491150	http://dbpedia.org/resource/University_of_Paris_III:_Sorbonne_Nouvelle	http://rdf.freebase.com/ns/m.027njzd	http://www.wikidata.org/entity/Q571293						
0	http://dbpedia.org/ontology/abstract	Pantheon-Sorbonne University (French: Université Paris I Panthéon-Sorbonne), also known as Paris 1, 	 	 	 	Sorbonne University (French: Sorbonne Universités [sɔʁbɔn ynivɛʁsite]) is an alliance of 11 universi	 	 	The New Sorbonne University (French: Université de la Sorbonne Nouvelle, also known as Paris III) is	 	 	3	0.816497	0.522879	1		
0	http://dbpedia.org/ontology/affiliation	University of Paris; http://www.sorbonne.fr/en/	 	 	 	 	 	 	University of Paris	 	 	2	0.645497	0.69897	1		
2	http://dbpedia.org/ontology/city;http://dbpedia.org/ontology/country;http://rdf.freebase.com/ns/organization.organization.headquarters;http://www.wikidata.org/entity/P131c;http://www.wikidata.org/entity/P17c;http://yago-knowledge.org/resource/isLocatedIn	Paris	http://rdf.freebase.com/ns/m.0h72df0	Paris	Île-de-France	Paris	 	Pôle de recherche et d'enseignement supérieur	Paris	http://rdf.freebase.com/ns/m.0h8b2jc	Paris	9	0.258199	0.045757	1		
0	http://dbpedia.org/ontology/numberOfStudents	40483	 	 	 	57800	 	 	19360	 	 	3	0.816497	0.522879	1		
0	http://dbpedia.org/ontology/officialSchoolColour	Blue,White,Gold	 	 	 	 	 	 	 	 	 	1	0.57735	1	1		
0	http://dbpedia.org/ontology/staff	2770	 	 	 	 	 	 	 	 	 	1	0.57735	1	1		
0	http://dbpedia.org/ontology/thumbnail	http://commons.wikimedia.org/wiki/Special:FilePath/Universite_de_Paris_Faculte_de_droit_DSC_1945w.jp	 	 	 	http://commons.wikimedia.org/wiki/Special:FilePath/Sorbonne-University-alliance.jpg?width=300	 	 	http://commons.wikimedia.org/wiki/Special:FilePath/Sorbonne_17thc.jpg?width=300	 	 	3	0.816497	0.522879	1		
0	http://dbpedia.org/ontology/type	Public university	 	 	 	Établissement public à caractère scientifique, culturel et professionnel	 	 	Public university	 	 	3	0.408248	0.522879	1		
0	http://dbpedia.org/ontology/wikiPageExternalLink	http://www.sorbonne.fr/en/; http://www.univ-paris1.fr	 	 	 	http://www.sorbonne-university.com/	 	 	http://p3-online.actifforum.com/; http://recherche.univ-paris3.fr/	 	 	3	0.816497	0.522879	1		
2	http://dbpedia.org/ontology/wikiPageID;http://rdf.freebase.com/key/wikipedia.en_id	2846518	2846518	 	 	36646653	36646653	 	8891695	8891695	 	6	0.408248	0.221849	1		
0	http://dbpedia.org/ontology/wikiPageLength	26296	 	 	 	45620	 	 	11325	 	 	3	0.816497	0.522879	1		
0	http://dbpedia.org/ontology/wikiPageOutDegree	112	 	 	 	266	 	 	71	 	 	3	0.816497	0.522879	1		
0	http://dbpedia.org/ontology/wikiPageRevisionID	743367080	 	 	 	741513665	 	 	725859618	 	 	3	0.816497	0.522879	1		
0	http://purl.org/dc/terms/subject	1971 establishments in France; Business schools in France	 	 	 	University associations and consortia in France	 	 	1971 establishments in France; Universities in Île-de-France	 	 	3	0.599145	0.522879	1		
0	http://www.georss.org/georss/point	48.84861111111111 2.3433333333333333	 	 	 	 	 	 	 	 	 	1	0.57735	1	1		
0	http://www.w3.org/1999/02/22-rdf-syntax-ns#type;http://www.wikidata.org/entity/P31c	CollegeOrUniversity; EducationalOrganization	College/University; Educational Institution Campus	university	wikicat Business schools in France; wordnet abstraction 100002137	CollegeOrUniversity; EducationalOrganization	Educational Institution; Periodical Publisher	Pôle de recherche et d'enseignement supérieur	CollegeOrUniversity; EducationalOrganization	College/University; Educational Institution Campus	university press	10	0.310762	0	1		
2	http://www.w3.org/2000/01/rdf-schema#comment;http://rdf.freebase.com/ns/common.topic.description	Pantheon-Sorbonne University (French: Université Paris I Panthéon-Sorbonne), also known as Paris 1, 	"Pantheon-Sorbonne University, also known as ""La Sorbonne"" and ""Paris I"", is a public research univer"	 	 	Sorbonne University (French: Sorbonne Universités [sɔʁbɔn ynivɛʁsite]) is an alliance of 11 universi	Sorbonne Universities is an alliance of 11 university institutions founded by Paris-Sorbonne Univers	 	The New Sorbonne University (French: Université de la Sorbonne Nouvelle, also known as Paris III) is	The New Sorbonne University is a public university in Paris, France. The French cultural revolution 	 	6	0.816497	0.221849	1		
2	http://www.w3.org/2000/01/rdf-schema#label	Pantheon-Sorbonne University	Pantheon-Sorbonne University; Університет Париж I Пантеон-Сорбонна	Pantheon-Sorbonne University	Pantheon-Sorbonne University; Université Paris 1	Sorbonne University (alliance)	Sorbonne University	Sorbonne University	University of Paris III: Sorbonne Nouvelle	University of Paris III: Sorbonne Nouvelle; جامعة باريس 3 - السوربون الجديدة	University of Paris III: Sorbonne Nouvelle	10	0.452911	0	1		
0	http://www.w3.org/2002/07/owl#differentFrom	Academies; Law schools	 	 	 	 	 	 	 	 	 	1	0.816497	1	1		
0	http://www.w3.org/2002/07/owl#sameAs	Université Paris 1 Panthéon-Sorbonne	 	 	 	 	 	 	 	 	 	1	0.57735	1	0		
1	http://www.w3.org/2003/01/geo/wgs84_pos#lat;http://yago-knowledge.org/resource/hasLatitude	48.849	48.849	 	48.849	 	 	 	 	48.84	 	4	0.408248	0.39794	1		
1	http://www.w3.org/2003/01/geo/wgs84_pos#long;http://yago-knowledge.org/resource/hasLongitude	2.343	2.343	 	2.343	 	 	 	 	2.354	 	4	0.408248	0.39794	1		
0	http://www.w3.org/ns/prov#wasDerivedFrom	http://en.wikipedia.org/wiki/Pantheon-Sorbonne_University?oldid=743367080	 	 	 	http://en.wikipedia.org/wiki/Sorbonne_University_(alliance)?oldid=741513665	 	 	http://en.wikipedia.org/wiki/University_of_Paris_III:_Sorbonne_Nouvelle?oldid=725859618	 	 	3	0.816497	0.522879	1		
0	http://xmlns.com/foaf/0.1/depiction	http://commons.wikimedia.org/wiki/Special:FilePath/Universite_de_Paris_Faculte_de_droit_DSC_1945w.jp	 	 	 	http://commons.wikimedia.org/wiki/Special:FilePath/Sorbonne-University-alliance.jpg	 	 	http://commons.wikimedia.org/wiki/Special:FilePath/Sorbonne_17thc.jpg	 	 	3	0.816497	0.522879	1		
3	http://xmlns.com/foaf/0.1/homepage;http://rdf.freebase.com/ns/common.topic.official_website;http://www.wikidata.org/entity/P856c;http://yago-knowledge.org/resource/hasWebsite	http://www.univ-paris1.fr	http://www.univ-paris1.fr/	http://www.univ-paris1.fr/	http://www.univ-paris1.fr	http://www.sorbonne-university.com/	 	http://www.sorbonne-universites.fr/	http://www.univ-paris3.fr	http://www.univ-paris3.fr/	http://www.univ-paris3.fr	9	0.57735	0.045757	1		
1	http://xmlns.com/foaf/0.1/isPrimaryTopicOf;http://rdf.freebase.com/ns/common.topic.topic_equivalent_webpage	http://en.wikipedia.org/wiki/Pantheon-Sorbonne_University	http://vi.wikipedia.org/wiki/Tr%B0%DDng_%10%A1i_h%CDc_Paris_I; http://ar.wikipedia.org/wiki/%2C%27%4	 	 	http://en.wikipedia.org/wiki/Sorbonne_University_(alliance)	http://en.wikipedia.org/wiki/Sorbonne_University_(alliance); http://fa.wikipedia.org/wiki/%2F%27%46%	 	http://en.wikipedia.org/wiki/University_of_Paris_III:_Sorbonne_Nouvelle	http://zh.wikipedia.org/zh-cn/%F4%CE%2C%09%27%66; http://ar.wikipedia.org/wiki/%2C%27%45%39%29_%28%2	 	6	0.793492	0.221849	1		
0	http://xmlns.com/foaf/0.1/name	Pantheon-Sorbonne University; Université Paris I Panthéon-Sorbonne	 	 	 	Sorbonne University	 	 	New Sorbonne University; Université de la Sorbonne Nouvelle	 	 	3	0.816497	0.522879	1		
0	http://rdf.freebase.com/key/en	 	university_of_paris_i_pantheon_sorbonne	 	 	 	 	 	 	university_of_paris_iii_sorbonne_nouvelle	 	2	0.816497	0.69897	1		
1	http://rdf.freebase.com/key/wikipedia.en	 	Paris_1_Pantheon-Sorbonne_University; Sorbonne_Law_School	 	 	 	Sorbonne_University_(alliance)	 	 	Paris_III:_Sorbonne_University; Sorbonne_Nouvelle_University	 	3	0.816497	0.522879	1		
1	http://rdf.freebase.com/key/wikipedia.en_title	 	Pantheon-Sorbonne_University	 	 	 	Sorbonne_University_(alliance)	 	 	University_of_Paris_III:_Sorbonne_Nouvelle	 	3	0.816497	0.522879	1		
0	http://rdf.freebase.com/ns/award.ranked_item.appears_in_ranked_lists	 	http://rdf.freebase.com/ns/m.0h72f0g	 	 	 	 	 	 	 	 	1	0.57735	1	1		
0	http://rdf.freebase.com/ns/base.schemastaging.context_name.pronunciation	 	http://rdf.freebase.com/ns/m.01316psd	 	 	 	 	 	 	 	 	1	0.57735	1	1		
0	http://rdf.freebase.com/ns/business.employer.employees	 	Michèle Alliot-Marie	 	 	 	 	 	 	Constant Mews	 	2	0.816497	0.69897	1		
0	http://rdf.freebase.com/ns/common.topic.alias	 	University of Paris I: Panthéon-Sorbonne, main campus	 	 	 	 	 	 	University of Paris III: Sorbonne Nouvelle, main campus	 	2	0.816497	0.69897	1		
1	http://rdf.freebase.com/ns/common.topic.article;http://schema.org/description	 	Pantheon-Sorbonne University or Paris 1 is a university in Paris, France. The University of Paris 1 	French university located place du Panthéon, in Paris	 	 	http://rdf.freebase.com/ns/m.0km409q	 	 	The New Sorbonne University (Université de la Sorbonne Nouvelle, also known as Paris III) is a publi	 	4	0.816497	0.39794	1		
0	http://rdf.freebase.com/ns/common.topic.image	 	Central Sorbonne Building; Logo univ paris I	 	 	 	 	 	 	Central Sorbonne Building	 	2	0.57735	0.69897	1		
0	http://rdf.freebase.com/ns/common.topic.notable_for	 	College/University	 	 	 	Educational Institution	 	 	College/University	 	3	0.57735	0.522879	1		
0	http://rdf.freebase.com/ns/common.topic.notable_types	 	College/University	 	 	 	Educational Institution	 	 	College/University	 	3	0.57735	0.522879	1		
0	http://rdf.freebase.com/ns/common.topic.webpage	 	http://rdf.freebase.com/ns/m.03lc91h	 	 	 	 	 	 	http://rdf.freebase.com/ns/m.03lxpbs	 	2	0.816497	0.69897	1		
0	http://rdf.freebase.com/ns/education.educational_institution.campuses	 	Pantheon-Sorbonne University	 	 	 	 	 	 	University of Paris III: Sorbonne Nouvelle	 	2	0.816497	0.69897	1		
0	http://rdf.freebase.com/ns/education.educational_institution.colors	 	Blue	 	 	 	 	 	 	 	 	1	0.816497	1	1		
0	http://rdf.freebase.com/ns/education.educational_institution.honorary_degrees_awarded	 	http://rdf.freebase.com/ns/m.0w_fgkn	 	 	 	 	 	 	 	 	1	0.57735	1	1		
0	http://rdf.freebase.com/ns/education.educational_institution.phone_number	 	01.44.07.80.00	 	 	 	 	 	 	1 40 46 28 97	 	2	0.816497	0.69897	1		
0	http://rdf.freebase.com/ns/education.educational_institution.school_type	 	Public university	 	 	 	 	 	 	Public university	 	2	0.57735	0.69897	1		
0	http://rdf.freebase.com/ns/education.educational_institution.students_graduates	 	Pantheon-Sorbonne University	 	 	 	Sorbonne University	 	 	University of Paris III: Sorbonne Nouvelle	 	3	0.537175	0.522879	1		
0	http://rdf.freebase.com/ns/education.educational_institution.total_enrollment	 	39234	 	 	 	 	 	 	18411	 	2	0.816497	0.69897	1		
0	http://rdf.freebase.com/ns/education.educational_institution_campus.educational_institution	 	Pantheon-Sorbonne University	 	 	 	 	 	 	University of Paris III: Sorbonne Nouvelle	 	2	0.816497	0.69897	1		
0	http://rdf.freebase.com/ns/education.university.number_of_postgraduates	 	15546	 	 	 	 	 	 	11156	 	2	0.816497	0.69897	1		
0	http://rdf.freebase.com/ns/education.university.number_of_undergraduates	 	23688	 	 	 	 	 	 	7572	 	2	0.816497	0.69897	1		
0	http://rdf.freebase.com/ns/kg.object_profile.prominent_type	 	College/University	 	 	 	Educational Institution	 	 	College/University	 	3	0.57735	0.522879	1		
0	http://rdf.freebase.com/ns/location.location.containedby	 	Europe	 	 	 	 	 	 	Paris	 	2	0.516398	0.69897	1		
0	http://rdf.freebase.com/ns/organization.endowed_organization.endowment	 	http://rdf.freebase.com/ns/m.0h72dz3	 	 	 	 	 	 	 	 	1	0.57735	1	1		
2	http://rdf.freebase.com/ns/organization.organization.date_founded;http://www.wikidata.org/entity/P571c;http://yago-knowledge.org/resource/wasCreatedOnDate	 	1971	1971	1971/1/1	 	2010	2010	 	1971/1/1	1971	7	0.308607	0.154902	1		
0	http://rdf.freebase.com/ns/organization.organization.leadership	 	Jean-Claude Colliard	 	 	 	 	 	 	Marie-Christine Lemardeley	 	2	0.816497	0.69897	1		
0	http://rdf.freebase.com/ns/organization.organization.parent	 	Paris Centre Universités	 	 	 	 	 	 	 	 	1	0.57735	1	1		
0	http://rdf.freebase.com/ns/type.object.key	 	/wikipedia/ar_id/1038750; /wikipedia/de_id/1757465	 	 	 	/wikipedia/en_id/36646653; /wikipedia/fa_id/2229929	 	 	/wikipedia/ar_id/1071143; /wikipedia/en/Sorbonne_Nouvelle_University	 	3	0.816497	0.522879	1		
0	http://rdf.freebase.com/ns/type.object.name	 	Pantheon-Sorbonne University	 	 	 	Sorbonne University	 	 	University of Paris III: Sorbonne Nouvelle	 	3	0.816497	0.522879	1		
0	http://rdf.freebase.com/ns/type.object.type	 	College/University; Educational Institution Campus	 	 	 	Educational Institution; Periodical Publisher	 	 	College/University; Educational Institution Campus	 	3	0.301511	0.522879	1		
0	http://rdf.freebase.com/ns/user.maxim75.default_domain.dbpedia_import.geocode_checked	 	2010/7/25	 	 	 	 	 	 	2010/7/25	 	2	0.57735	0.69897	1		
0	http://www.wikidata.org/entity/P1207c	 	 	n99074068	 	 	 	 	 	 	 	1	0.57735	1	1		
0	http://www.wikidata.org/entity/P1273c	 	 	a10172270	 	 	 	 	 	 	 	1	0.57735	1	1		
0	http://www.wikidata.org/entity/P1368c	 	 	81958	 	 	 	 	 	 	 	1	0.57735	1	1		
0	http://www.wikidata.org/entity/P1375c	 	 	653495	 	 	 	 	 	 	 	1	0.57735	1	1		
0	http://www.wikidata.org/entity/P1566c	 	 	6945579	 	 	 	 	 	 	 	1	0.57735	1	1		
0	http://www.wikidata.org/entity/P1670c	 	 	0014J1137	 	 	 	 	 	 	 	1	0.57735	1	1		
0	http://www.wikidata.org/entity/P18c	 	 	http://commons.wikimedia.org/wiki/File:Universite_de_Paris_Faculte_de_droit_DSC_1945w.jpg	 	 	 	http://commons.wikimedia.org/wiki/File:Paris-Sorbonne.jpg	 	 	 	2	0.816497	0.69897	1		
0	http://www.wikidata.org/entity/P213c	 	 	0000 0001 2173 743X	 	 	 	 	 	 	 	1	0.57735	1	1		
0	http://www.wikidata.org/entity/P214c	 	 	143080305	 	 	 	 	 	 	123886017	2	0.816497	0.69897	1		
0	http://www.wikidata.org/entity/P227c	 	 	1019538-5	 	 	 	 	 	 	 	1	0.57735	1	1		
1	http://www.wikidata.org/entity/P2427c	 	 	grid.10988.38	 	 	 	grid.462844.8	 	 	grid.17689.31	3	0.816497	0.522879	1		
0	http://www.wikidata.org/entity/P244c	 	 	n79129802	 	 	 	 	 	 	 	1	0.57735	1	1		
0	http://www.wikidata.org/entity/P268c	 	 	11865815c	 	 	 	 	 	 	118657211	2	0.816497	0.69897	1		
0	http://www.wikidata.org/entity/P269c	 	 	27361802	 	 	 	 	 	 	27361837	2	0.816497	0.69897	1		
0	http://www.wikidata.org/entity/P373c	 	 	Université Panthéon-Sorbonne	 	 	 	 	 	 	Université Sorbonne Nouvelle	2	0.816497	0.69897	1		
0	http://www.wikidata.org/entity/P396c	 	 	IT\ICCU\IEIV\019263	 	 	 	 	 	 	 	1	0.57735	1	1		
0	http://www.wikidata.org/entity/P463c	 	 	European University Association	 	 	 	 	 	 	European University Association	2	0.57735	0.69897	1		
0	http://www.wikidata.org/entity/P646-freebase	 	 	Pantheon-Sorbonne University	 	 	 	 	 	 	University of Paris III: Sorbonne Nouvelle	2	0.816497	0.69897	1		
0	http://www.wikidata.org/entity/P646c	 	 	/m/086hxz	 	 	 	 	 	 	/m/027njzd	2	0.816497	0.69897	1		
0	http://www.wikidata.org/entity/P691c	 	 	ko2003183515	 	 	 	 	 	 	 	1	0.57735	1	1		
0	http://www.wikidata.org/entity/P949c	 	 	136006	 	 	 	 	 	 	 	1	0.57735	1	1		
0	http://www.wikidata.org/entity/P950c	 	 	XX130418	 	 	 	 	 	 	 	1	0.57735	1	1		
0	http://www.w3.org/2004/02/skos/core#prefLabel	 	 	 	Pantheon-Sorbonne University	 	 	 	 	 	 	1	0.57735	1	1		
0	http://yago-knowledge.org/resource/hasCitationTitle	 	 	 	300 BEST WORLD UNIVERSITIES 2011; QS World University Rankings 2010	 	 	 	 	 	 	1	0.816497	1	1		
0	http://yago-knowledge.org/resource/hasWikipediaAnchorText	 	 	 	13th arrondissement; Abdullah Ensour	 	 	 	 	 	 	1	0.816497	1	1		
0	http://yago-knowledge.org/resource/hasWikipediaArticleLength	 	 	 	25333	 	 	 	 	 	 	1	0.57735	1	1		
0	http://yago-knowledge.org/resource/hasWikipediaUrl	 	 	 	http://en.wikipedia.org/wiki/Pantheon-Sorbonne_University	 	 	 	 	 	 	1	0.57735	1	1		
0	http://yago-knowledge.org/resource/linksTo	 	 	 	Hervé Gaymard; 13th arrondissement of Paris	 	 	 	 	 	 	1	0.816497	1	1		
0	http://yago-knowledge.org/resource/redirectedFrom	 	 	 	Paris 1 Pantheon-Sorbonne University; Sorbonne Law School	 	 	 	 	 	 	1	0.816497	1	1		
0	http://dbpedia.org/ontology/campus	 	 	 	 	Urban area	 	 	 	 	 	1	0.57735	1	1		
0	http://dbpedia.org/ontology/facultySize	 	 	 	 	7700	 	 	 	 	 	1	0.816497	1	1		
0	http://dbpedia.org/ontology/numberOfPostgraduateStudents	 	 	 	 	23000	 	 	7904	 	 	2	0.816497	0.69897	1		
0	http://dbpedia.org/ontology/numberOfUndergraduateStudents	 	 	 	 	23000	 	 	7572	 	 	2	0.816497	0.69897	1		
0	http://dbpedia.org/ontology/president	 	 	 	 	http://dbpedia.org/resource/Thierry_Tuot	 	 	 	 	 	1	0.57735	1	1		
0	http://www.w3.org/2000/01/rdf-schema#seeAlso	 	 	 	 	University of Paris	 	 	 	 	 	1	0.57735	1	1		
0	http://rdf.freebase.com/ns/book.periodical_publisher.periodicals_published	 	 	 	 	 	http://rdf.freebase.com/ns/m.010b9syh	 	 	 	 	1	0.57735	1	1		
0	http://www.wikidata.org/entity/P154c	 	 	 	 	 	 	http://commons.wikimedia.org/wiki/File:Sorbonne-Universites-newlogo.png	 	 	 	1	0.57735	1	1		
0	http://dbpedia.org/ontology/motto	 	 	 	 	 	 	 	Here and anywhere on Earth; Hic et ubique terrarum (Latin)	 	 	1	0.816497	1	1		
0	http://dbpedia.org/ontology/numberOfDoctoralStudents	 	 	 	 	 	 	 	3252	 	 	1	0.57735	1	1		
