score	dataset	freebase	wikidata	yago-knowledge	dbpedia	freebase	wikidata	dbpedia	freebase	wikidata	yago-knowledge						
	entity	http://rdf.freebase.com/ns/m.06pcq_	http://www.wikidata.org/entity/Q5061651	http://yago-knowledge.org/resource/Central_Piedmont_Community_College	http://dbpedia.org/resource/Georgia_Piedmont_Technical_College	http://rdf.freebase.com/ns/m.0h_b74j	http://www.wikidata.org/entity/Q5547660	http://dbpedia.org/resource/Piedmont_College	http://rdf.freebase.com/ns/m.06xp6f	http://www.wikidata.org/entity/Q7191499	http://yago-knowledge.org/resource/Piedmont_College						
2	http://rdf.freebase.com/key/authority.nces.ipeds;http://www.wikidata.org/entity/P1771c	198260	198260	 	 	 	 	 	140818	140818	 	4	0.408248	0.39794	1		
0	http://rdf.freebase.com/key/authority.us.gov.irs.ein	56-0890420	 	 	 	 	 	 	58-0566212	 	 	2	0.816497	0.69897	1		
0	http://rdf.freebase.com/key/en	central_piedmont_community_college	 	 	 	 	 	 	piedmont_college	 	 	2	0.816497	0.69897	1		
1	http://rdf.freebase.com/key/wikipedia.en	Central_Piedmont_Community_College	 	 	 	Georgia_Piedmont_Technical_College	 	 	J.S._Green_Collegiate_Institute; Piedmont_College	 	 	3	0.816497	0.522879	1		
2	http://rdf.freebase.com/key/wikipedia.en_id;http://dbpedia.org/ontology/wikiPageID	2134610	 	 	34383400	34383400	 	2229214	2229214	 	 	5	0.516398	0.30103	1		
1	http://rdf.freebase.com/key/wikipedia.en_title	Central_Piedmont_Community_College	 	 	 	Georgia_Piedmont_Technical_College	 	 	Piedmont_College	 	 	3	0.816497	0.522879	1		
0	http://rdf.freebase.com/ns/base.schemastaging.educational_institution_extra.libraries	Central Piedmont Community College Central Campus Library; Phyllis Allran Barber Library	 	 	 	 	 	 	Athens Campus Library	 	 	2	0.816497	0.69897	1		
0	http://rdf.freebase.com/ns/business.employer.employees	Ruth G. Shaw	 	 	 	 	 	 	 	 	 	1	0.57735	1	1		
0	http://rdf.freebase.com/ns/common.topic.alias	Central Piedmont Community College, main campus	 	 	 	 	 	 	Piedmont College, Demorest; Piedmont College, main campus	 	 	2	0.816497	0.69897	1		
0	http://rdf.freebase.com/ns/common.topic.article	Central Piedmont Community College (CPCC) is a large community college in Charlotte, North Carolina.	 	 	 	Georgia Piedmont Technical College (CGTC) is a unit of the Technical College System of Georgia (TCSG	 	 	Piedmont College is a private liberal arts institution founded in 1897 to serve residents of the App	 	 	3	0.816497	0.522879	1		
2	http://rdf.freebase.com/ns/common.topic.description;http://www.w3.org/2000/01/rdf-schema#comment	Central Piedmont Community College is a large community college in Charlotte, North Carolina. Named 	 	 	Georgia Piedmont Technical College (GPTC) is a unit of the Technical College System of Georgia (TCSG	Georgia Piedmont Technical College is a unit of the Technical College System of Georgia and provides	 	Piedmont College is a private, comprehensive, liberal arts institution located in Demorest and Athen	Piedmont College is a private, comprehensive, liberal arts institution located in Demorest and Athen	 	 	5	0.68313	0.30103	1		
0	http://rdf.freebase.com/ns/common.topic.notable_for	College/University	 	 	 	Educational Institution	 	 	College/University	 	 	3	0.57735	0.522879	1		
0	http://rdf.freebase.com/ns/common.topic.notable_types	College/University	 	 	 	Educational Institution	 	 	College/University	 	 	3	0.57735	0.522879	1		
3	http://rdf.freebase.com/ns/common.topic.official_website;http://www.wikidata.org/entity/P856c;http://yago-knowledge.org/resource/hasWebsite;http://xmlns.com/foaf/0.1/homepage	http://www.cpcc.edu/	http://www.cpcc.edu	http://www.cpcc.edu	http://www.gptc.edu/	 	http://www.gptc.edu/	http://www.piedmont.edu	http://www.piedmont.edu/	http://www.piedmont.edu	http://www.piedmont.edu	9	0.471405	0.045757	1		
1	http://rdf.freebase.com/ns/common.topic.topic_equivalent_webpage;http://xmlns.com/foaf/0.1/isPrimaryTopicOf	http://en.wikipedia.org/wiki/Central_Piedmont_Community_College; http://nces.ed.gov/globallocator/co	 	 	http://en.wikipedia.org/wiki/Georgia_Piedmont_Technical_College	http://en.wikipedia.org/wiki/Georgia_Piedmont_Technical_College; http://en.wikipedia.org/wiki/index.	 	http://en.wikipedia.org/wiki/Piedmont_College	http://en.wikipedia.org/wiki/Piedmont_College; http://nces.ed.gov/globallocator/col_info_popup.asp?I	 	 	5	0.68313	0.30103	1		
0	http://rdf.freebase.com/ns/common.topic.webpage	Official Website; http://rdf.freebase.com/ns/m.0j9w1p2	 	 	 	http://rdf.freebase.com/ns/m.0h_h7cb	 	 	Official Website	 	 	3	0.645497	0.522879	1		
0	http://rdf.freebase.com/ns/education.educational_institution.campuses	Central Piedmont Community College	 	 	 	 	 	 	Piedmont College	 	 	2	0.816497	0.69897	1		
0	http://rdf.freebase.com/ns/education.educational_institution.colors	Black	 	 	 	Blue	 	 	Dark green	 	 	3	0.816497	0.522879	1		
0	http://rdf.freebase.com/ns/education.educational_institution.faculty	http://rdf.freebase.com/ns/m.0k7yq30	 	 	 	 	 	 	http://rdf.freebase.com/ns/m.0k7g5np	 	 	2	0.816497	0.69897	1		
0	http://rdf.freebase.com/ns/education.educational_institution.phone_number	(704) 330-2722	 	 	 	 	 	 	706-778-3000	 	 	2	0.816497	0.69897	1		
0	http://rdf.freebase.com/ns/education.educational_institution.school_type	Community college; Public school	 	 	 	 	 	 	Liberal arts college; Private university	 	 	2	0.816497	0.69897	1		
0	http://rdf.freebase.com/ns/education.educational_institution.students_graduates	Central Piedmont Community College	 	 	 	 	 	 	Piedmont College	 	 	2	0.389249	0.69897	1		
0	http://rdf.freebase.com/ns/education.educational_institution_campus.educational_institution	Central Piedmont Community College	 	 	 	 	 	 	Piedmont College	 	 	2	0.816497	0.69897	1		
0	http://rdf.freebase.com/ns/education.university.domestic_tuition	http://rdf.freebase.com/ns/m.0k7gzlb	 	 	 	 	 	 	http://rdf.freebase.com/ns/m.0h6_bv5; http://rdf.freebase.com/ns/m.0k7kl8g	 	 	2	0.816497	0.69897	1		
0	http://rdf.freebase.com/ns/education.university.local_tuition	http://rdf.freebase.com/ns/m.0k7dstg	 	 	 	 	 	 	http://rdf.freebase.com/ns/m.0h6_btz	 	 	2	0.816497	0.69897	1		
0	http://rdf.freebase.com/ns/education.university.number_of_undergraduates	19921	 	 	 	 	 	 	1256	 	 	2	0.816497	0.69897	1		
0	http://rdf.freebase.com/ns/kg.object_profile.prominent_type	College/University	 	 	 	Educational Institution	 	 	College/University	 	 	3	0.57735	0.522879	1		
0	http://rdf.freebase.com/ns/location.location.containedby	North Carolina; United States of America	 	 	 	 	 	 	United States of America	 	 	2	0.707107	0.69897	1		
0	http://rdf.freebase.com/ns/organization.endowed_organization.endowment	http://rdf.freebase.com/ns/m.0hzcyzb	 	 	 	 	 	 	http://rdf.freebase.com/ns/m.0h81tgy	 	 	2	0.816497	0.69897	1		
0	http://rdf.freebase.com/ns/organization.organization.child;http://yago-knowledge.org/resource/owns	WTVI	 	WTVI	 	 	 	 	 	 	 	2	0.57735	0.69897	1		
2	http://rdf.freebase.com/ns/organization.organization.date_founded;http://yago-knowledge.org/resource/wasCreatedOnDate;http://dbpedia.org/ontology/foundingDate	1963	 	1963/1/1	 	1961	 	1897-09-01	1897-09-01	 	1897-09-01	6	0.57735	0.221849	1		
3	http://rdf.freebase.com/ns/organization.organization.headquarters;http://www.wikidata.org/entity/P17c;http://yago-knowledge.org/resource/isLocatedIn;http://dbpedia.org/ontology/city;http://dbpedia.org/ontology/country;http://www.wikidata.org/entity/P131c	http://rdf.freebase.com/ns/m.0cnpm0t	United States of America	Charlotte, North Carolina; United States	Clarkston, Georgia; United States	http://rdf.freebase.com/ns/m.0wytx0j	 	Demorest, Georgia; United States	http://rdf.freebase.com/ns/m.0cnn4k8	United States of America	Demorest, Georgia; Georgia (U.S. state)	9	0.610368	0.045757	1		
0	http://rdf.freebase.com/ns/organization.organization.leadership	Tony Zeiss	 	 	 	 	 	 	Danny P. Hollingsworth	 	 	2	0.816497	0.69897	1		
0	http://rdf.freebase.com/ns/organization.organization.parent	North Carolina Community College System	 	 	 	 	 	 	 	 	 	1	0.57735	1	1		
0	http://rdf.freebase.com/ns/type.object.key	/authority/nces/ipeds/198260; /authority/us/gov/irs/ein/56-0890420	 	 	 	/wikipedia/en_id/34383400; /wikipedia/en_title/Georgia_Piedmont_Technical_College	 	 	/authority/nces/ipeds/140818; /wikipedia/en/J.S._Green_Collegiate_Institute	 	 	3	0.816497	0.522879	1		
0	http://rdf.freebase.com/ns/type.object.name	Central Piedmont Community College	 	 	 	Georgia Piedmont Technical College	 	 	Piedmont College	 	 	3	0.816497	0.522879	1		
0	http://rdf.freebase.com/ns/type.object.type	College/University; Educational institution extra	 	 	 	Educational Institution	 	 	Business Operation; College/University	 	 	3	0.333333	0.522879	1		
1	http://www.w3.org/1999/02/22-rdf-syntax-ns#type;http://www.wikidata.org/entity/P31c	College/University; Educational institution extra	community college; public educational institution of the United States	wikicat Educational institutions established in 1963; wordnet abstraction 100002137	CollegeOrUniversity; EducationalOrganization	Educational Institution	university	CollegeOrUniversity; EducationalOrganization	Business Operation; College/University	private not-for-profit educational institution	wikicat Educational institutions established in 1897; wordnet abstraction 100002137	10	0.353002	0	1		
3	http://www.w3.org/2000/01/rdf-schema#label	Central Piedmont Community College	Central Piedmont Community College	Central Piedmont Community College	Georgia Piedmont Technical College	Georgia Piedmont Technical College	Georgia Piedmont Technical College	Piedmont College	Piedmont College	Piedmont College	Piedmont College	10	0.160128	0	1		
2	http://www.w3.org/2003/01/geo/wgs84_pos#lat;http://yago-knowledge.org/resource/hasLatitude	35.217	 	 	 	 	 	34.566	34.566	34.566	34.566	5	0.258199	0.30103	1		
2	http://www.w3.org/2003/01/geo/wgs84_pos#long;http://yago-knowledge.org/resource/hasLongitude	-80.829	 	 	 	 	 	-83.542	-83.542	-83.542	-83.542	5	0.258199	0.30103	1		
0	http://www.wikidata.org/entity/P1566c	 	4460051	 	 	 	 	 	 	4215676	 	2	0.816497	0.69897	1		
0	http://www.wikidata.org/entity/P2427c	 	grid.462320.1	 	 	 	 	 	 	grid.454636.6	 	2	0.816497	0.69897	1		
0	http://www.wikidata.org/entity/P281c	 	28204	 	 	 	 	 	 	30535-0010	 	2	0.816497	0.69897	1		
0	http://www.w3.org/2002/07/owl#sameAs	 	 	Central Piedmont Community College	 	 	 	Piedmont College	 	 	 	2	0.816497	0.69897	0		
0	http://www.w3.org/2004/02/skos/core#prefLabel	 	 	Central Piedmont Community College	 	 	 	 	 	 	Piedmont College	2	0.816497	0.69897	1		
0	http://yago-knowledge.org/resource/hasCitationTitle	 	 	$5 Million Gift to Aid CPCC Students; CPCC renames North Campus	 	 	 	 	 	 	America's Best Colleges 2008: Piedmont College; Lillian Smith (1897-1966)	2	0.816497	0.69897	1		
0	http://yago-knowledge.org/resource/hasWikipediaAnchorText	 	 	Center City Corridor; Grady Cole Center	 	 	 	 	 	 	1996 Summer Olympics; 2004 All-Star Game	2	0.811809	0.69897	1		
0	http://yago-knowledge.org/resource/hasWikipediaArticleLength	 	 	12986	 	 	 	 	 	 	30954	2	0.816497	0.69897	1		
0	http://yago-knowledge.org/resource/hasWikipediaUrl	 	 	http://en.wikipedia.org/wiki/Central_Piedmont_Community_College	 	 	 	 	 	 	http://en.wikipedia.org/wiki/Piedmont_College	2	0.816497	0.69897	1		
0	http://yago-knowledge.org/resource/linksTo	 	 	2012 State of the Union Address; Garinger High School	 	 	 	 	 	 	1996 Summer Olympics; Phillip M. Landrum	2	0.807165	0.69897	1		
0	http://yago-knowledge.org/resource/redirectedFrom	 	 	CPCC	 	 	 	 	 	 	J.S. Green Collegiate Institute	2	0.816497	0.69897	1		
0	http://dbpedia.org/ontology/abstract	 	 	 	Georgia Piedmont Technical College (GPTC) is a unit of the Technical College System of Georgia (TCSG	 	 	Piedmont College is a private, comprehensive, liberal arts institution located in Demorest and Athen	 	 	 	2	0.816497	0.69897	1		
0	http://dbpedia.org/ontology/formerName	 	 	 	DeKalb Technical College, DeKalb Community College, DeKalb Area Vocational School	 	 	J.S. Green Collegiate Institute (1897-1899), J.S. Green College (1899-1902)	 	 	 	2	0.816497	0.69897	1		
0	http://dbpedia.org/ontology/officialSchoolColour	 	 	 	Red,YellowandBlue	 	 	Dark GreenandGold	 	 	 	2	0.816497	0.69897	1		
0	http://dbpedia.org/ontology/president	 	 	 	http://dbpedia.org/resource/Dr._Jabari_Simama	 	 	http://dbpedia.org/resource/James_F._Mellichamp	 	 	 	2	0.816497	0.69897	1		
0	http://dbpedia.org/ontology/state	 	 	 	Georgia (U.S. state)	 	 	Georgia (U.S. state)	 	 	 	2	0.57735	0.69897	1		
0	http://dbpedia.org/ontology/type	 	 	 	Community colleges in the United States	 	 	Private university	 	 	 	2	0.816497	0.69897	1		
0	http://dbpedia.org/ontology/wikiPageExternalLink	 	 	 	http://www.gptc.edu/	 	 	http://www.georgiaencyclopedia.org/nge/Article.jsp?id=h-2961; http://www.piedmontnavigator.com	 	 	 	2	0.816497	0.69897	1		
0	http://dbpedia.org/ontology/wikiPageLength	 	 	 	4520	 	 	31918	 	 	 	2	0.816497	0.69897	1		
0	http://dbpedia.org/ontology/wikiPageOutDegree	 	 	 	24	 	 	100	 	 	 	2	0.816497	0.69897	1		
0	http://dbpedia.org/ontology/wikiPageRevisionID	 	 	 	706404104	 	 	742588063	 	 	 	2	0.816497	0.69897	1		
0	http://purl.org/dc/terms/subject	 	 	 	Buildings and structures in DeKalb County, Georgia; Education in Rockdale County, Georgia	 	 	1897 establishments in the United States; Educational institutions established in 1897	 	 	 	2	0.745356	0.69897	1		
0	http://www.w3.org/ns/prov#wasDerivedFrom	 	 	 	http://en.wikipedia.org/wiki/Georgia_Piedmont_Technical_College?oldid=706404104	 	 	http://en.wikipedia.org/wiki/Piedmont_College?oldid=742588063	 	 	 	2	0.816497	0.69897	1		
0	http://xmlns.com/foaf/0.1/name	 	 	 	Georgia Piedmont Technical College	 	 	Piedmont College	 	 	 	2	0.816497	0.69897	1		
0	http://dbpedia.org/ontology/affiliation	 	 	 	 	 	 	National Association of Congregational Christian Churches; United Church of Christ	 	 	 	1	0.816497	1	1		
0	http://dbpedia.org/ontology/athletics	 	 	 	 	 	 	National Collegiate Athletic Association; USA South Athletic Conference	 	 	 	1	0.816497	1	1		
0	http://dbpedia.org/ontology/campus	 	 	 	 	 	 	Rural area	 	 	 	1	0.57735	1	1		
0	http://dbpedia.org/ontology/endowment	 	 	 	 	 	 	52552848	 	 	 	1	0.57735	1	1		
0	http://dbpedia.org/ontology/facultySize	 	 	 	 	 	 	142	 	 	 	1	0.57735	1	1		
0	http://dbpedia.org/ontology/mascot	 	 	 	 	 	 	Lion,	 	 	 	1	0.57735	1	1		
0	http://dbpedia.org/ontology/motto	 	 	 	 	 	 	Lux (Light)	 	 	 	1	0.57735	1	1		
0	http://dbpedia.org/ontology/numberOfPostgraduateStudents	 	 	 	 	 	 	910	 	 	 	1	0.57735	1	1		
0	http://dbpedia.org/ontology/numberOfStudents	 	 	 	 	 	 	2127	 	 	 	1	0.57735	1	1		
0	http://dbpedia.org/ontology/numberOfUndergraduateStudents	 	 	 	 	 	 	1217	 	 	 	1	0.57735	1	1		
0	http://www.georss.org/georss/point	 	 	 	 	 	 	34.566 -83.542	 	 	 	1	0.57735	1	1		
0	http://xmlns.com/foaf/0.1/nick	 	 	 	 	 	 	Lions	 	 	 	1	0.57735	1	1		
0	http://rdf.freebase.com/ns/award.ranked_item.appears_in_ranked_lists	 	 	 	 	 	 	 	http://rdf.freebase.com/ns/m.0h81tjc	 	 	1	0.57735	1	1		
0	http://rdf.freebase.com/ns/base.schemastaging.non_profit_extra.classification	 	 	 	 	 	 	 	Undergraduate College (4-year)	 	 	1	0.57735	1	1		
0	http://rdf.freebase.com/ns/education.educational_institution.mascot	 	 	 	 	 	 	 	Piedmont College Lion	 	 	1	0.57735	1	1		
0	http://rdf.freebase.com/ns/education.university.acceptance_rate	 	 	 	 	 	 	 	http://rdf.freebase.com/ns/m.0h74d5r	 	 	1	0.57735	1	1		
0	http://rdf.freebase.com/ns/education.university.number_of_postgraduates	 	 	 	 	 	 	 	1420	 	 	1	0.57735	1	1		
0	http://rdf.freebase.com/ns/organization.non_profit_organization.registered_with	 	 	 	 	 	 	 	http://rdf.freebase.com/ns/m.0pqgk6p	 	 	1	0.57735	1	1		
0	http://www.wikidata.org/entity/P140c	 	 	 	 	 	 	 	 	United Church of Christ	 	1	0.57735	1	1		
0	http://www.wikidata.org/entity/P2643c	 	 	 	 	 	 	 	 	master's colleges and universities: larger programs	 	1	0.57735	1	1		
0	http://www.wikidata.org/entity/P373c	 	 	 	 	 	 	 	 	Piedmont College	 	1	0.57735	1	1		
0	http://www.wikidata.org/entity/P910c	 	 	 	 	 	 	 	 	Category:Piedmont College	 	1	0.57735	1	1		
