score	dataset	dbpedia	freebase	wikidata	yago-knowledge	dbpedia	wikidata	dbpedia	freebase	wikidata	yago-knowledge						
	entity	http://dbpedia.org/resource/Cornell_University	http://rdf.freebase.com/ns/m.01w3v	http://www.wikidata.org/entity/Q49115	http://yago-knowledge.org/resource/Cornell_University	http://dbpedia.org/resource/Cornell_School_District_(Allegheny_County,_Pennsylvania)	http://www.wikidata.org/entity/Q5171551	http://dbpedia.org/resource/Cornell_College	http://rdf.freebase.com/ns/m.02szcs	http://www.wikidata.org/entity/Q5171517	http://yago-knowledge.org/resource/Cornell_College						
0	http://dbpedia.org/ontology/abstract	Cornell University (/kɔːrˈnɛl/ kor-NEL) is an American private Ivy League and public federal land-gr	 	 	 	Cornell School District is a diminutive, suburban public school district in Allegheny County, Pennsy	 	Cornell College is a private liberal arts college in Mount Vernon, Iowa. Originally called the Iowa 	 	 	 	3	0.816497	0.522879	1		
0	http://dbpedia.org/ontology/affiliation	Association of Public and Land-Grant Universities	 	 	 	 	 	United Methodist Church	 	 	 	2	0.816497	0.69897	1		
0	http://dbpedia.org/ontology/athletics	NCAA Division I	 	 	 	 	 	 	 	 	 	1	0.57735	1	1		
0	http://dbpedia.org/ontology/campus	City	 	 	 	 	 	Rural area	 	 	 	2	0.816497	0.69897	1		
2	http://dbpedia.org/ontology/city;http://rdf.freebase.com/ns/organization.organization.headquarters;http://www.wikidata.org/entity/P131c;http://www.wikidata.org/entity/P17c;http://yago-knowledge.org/resource/isLocatedIn;http://dbpedia.org/ontology/country	Ithaca, New York	http://rdf.freebase.com/ns/m.0cnp5jg	United States of America	Tompkins County, New York; United States	Coraopolis, Pennsylvania	United States of America	Mount Vernon, Iowa; United States	http://rdf.freebase.com/ns/m.0cnpqqb	Linn County; Mount Vernon	Linn County, Iowa; Mount Vernon, Iowa	10	0.562731	0	1		
0	http://dbpedia.org/ontology/endowment	6030000000	 	 	 	 	 	74500000	 	 	 	2	0.816497	0.69897	1		
0	http://dbpedia.org/ontology/facultySize	1235	 	 	 	60	 	 	 	 	 	2	0.816497	0.69897	1		
0	http://dbpedia.org/ontology/mascot	Touchdownthe Bear (unofficial)	 	 	 	Raiders	 	 	 	 	 	2	0.816497	0.69897	1		
0	http://dbpedia.org/ontology/motto	I would found an institution where any person can find instruction in any study.; —Ezra Cornell, 1	 	 	 	Pursuing Excellence in Public Education	 	Deus et Humanitas; God and Humanity	 	 	 	3	0.816497	0.522879	1		
0	http://dbpedia.org/ontology/numberOfPostgraduateStudents	7589	 	 	 	 	 	 	 	 	 	1	0.57735	1	1		
0	http://dbpedia.org/ontology/numberOfStudents	21904	 	 	 	676	 	 	 	 	 	2	0.816497	0.69897	1		
0	http://dbpedia.org/ontology/numberOfUndergraduateStudents	14315	 	 	 	 	 	1077	 	 	 	2	0.816497	0.69897	1		
0	http://dbpedia.org/ontology/officialSchoolColour	Carnelian, white, black	 	 	 	 	 	Purple & White	 	 	 	2	0.816497	0.69897	1		
0	http://dbpedia.org/ontology/president	Hunter R. Rawlings III	 	 	 	 	 	http://dbpedia.org/resource/Jonathan_Brand	 	 	 	2	0.816497	0.69897	1		
0	http://dbpedia.org/ontology/provost	Michael Kotlikoff	 	 	 	 	 	 	 	 	 	1	0.57735	1	1		
0	http://dbpedia.org/ontology/state	New York (state)	 	 	 	 	 	Iowa	 	 	 	2	0.816497	0.69897	1		
0	http://dbpedia.org/ontology/thumbnail	http://commons.wikimedia.org/wiki/Special:FilePath/Cornell_University_seal.svg?width=300	 	 	 	http://commons.wikimedia.org/wiki/Special:FilePath/Map_of_Allegheny_County_Pennsylvania_School_Distr	 	http://commons.wikimedia.org/wiki/Special:FilePath/KingChapel1.jpg?width=300	 	 	 	3	0.816497	0.522879	1		
0	http://dbpedia.org/ontology/type	Land-grant university; Statutory college	 	 	 	 	 	Private school	 	 	 	2	0.816497	0.69897	1		
0	http://dbpedia.org/ontology/wikiPageExternalLink	http://www.cornellastrosociety.org/; http://www.cornellbigred.com/	 	 	 	http://cearock.info; http://www.cornell.k12.pa.us/cornell/site/default.asp	 	http://news.cornellcollege.edu/2011/09/second-year-of-record-enrollment/	 	 	 	3	0.816497	0.522879	1		
2	http://dbpedia.org/ontology/wikiPageID;http://rdf.freebase.com/key/wikipedia.en_id	7954422	7954422	 	 	10127460	 	589217	589217	 	 	5	0.516398	0.30103	1		
0	http://dbpedia.org/ontology/wikiPageLength	144337	 	 	 	63341	 	22352	 	 	 	3	0.816497	0.522879	1		
0	http://dbpedia.org/ontology/wikiPageOutDegree	659	 	 	 	49	 	105	 	 	 	3	0.816497	0.522879	1		
0	http://dbpedia.org/ontology/wikiPageRevisionID	744663804	 	 	 	743627179	 	745108994	 	 	 	3	0.816497	0.522879	1		
0	http://purl.org/dc/terms/subject	1865 establishments in New York; Cornell University	 	 	 	1972 establishments in Pennsylvania; Education in Pittsburgh area	 	1853 establishments in Iowa; Liberal arts colleges in Iowa	 	 	 	3	0.816497	0.522879	1		
0	http://www.georss.org/georss/point	42.45 -76.48	 	 	 	 	 	41.92611111111111 -91.42583333333333	 	 	 	2	0.816497	0.69897	1		
1	http://www.w3.org/1999/02/22-rdf-syntax-ns#type;http://www.wikidata.org/entity/P31c	CollegeOrUniversity; EducationalOrganization	Architectural structure owner; Endowed Organization	private not-for-profit educational institution; research university	wikicat Educational institutions established in 1865; wikicat Land-grant universities and colleges	EducationalOrganization; educational institution	school district	CollegeOrUniversity; EducationalOrganization	Business Operation; College/University	Colleges That Change Lives; liberal arts colleges in the United States	wikicat Educational institutions established in 1853; wikicat Universities and colleges in Iowa	10	0.442326	0	1		
2	http://www.w3.org/2000/01/rdf-schema#comment;http://rdf.freebase.com/ns/common.topic.description	Cornell University (/kɔːrˈnɛl/ kor-NEL) is an American private Ivy League and public federal land-gr	Cornell University is an American private Ivy League and federal land-grant research university loca	 	 	Cornell School District is a diminutive, suburban public school district in Allegheny County, Pennsy	 	Cornell College is a private liberal arts college in Mount Vernon, Iowa. Originally called the Iowa 	Cornell College is a private liberal arts college in Mount Vernon, Iowa. Originally called the Iowa 	 	 	5	0.68313	0.30103	1		
3	http://www.w3.org/2000/01/rdf-schema#label	Cornell University	Cornell University	Cornell University	Cornell University; Ivy League	Cornell School District (Allegheny County, Pennsylvania)	Cornell School District	Cornell College	Cornell College; کالج کرنل	Cornell College	Cornell College	10	0.48795	0	1		
0	http://www.w3.org/2000/01/rdf-schema#seeAlso	List of Nobel laureates affiliated with Cornell University	 	 	 	 	 	 	 	 	 	1	0.57735	1	1		
0	http://www.w3.org/2002/07/owl#differentFrom	Cornell College	 	 	 	 	 	Cornell University	 	 	 	2	0.816497	0.69897	1		
0	http://www.w3.org/2002/07/owl#sameAs	Cornell University	 	 	http://sws.geonames.org/5113752	 	 	Cornell College	 	 	http://sws.geonames.org/4852685	4	0.816497	0.39794	0		
3	http://www.w3.org/2003/01/geo/wgs84_pos#lat;http://yago-knowledge.org/resource/hasLatitude	42.45	42.449	 	42.449	 	 	41.926	41.926	41.926	41.926	7	0.308607	0.154902	1		
3	http://www.w3.org/2003/01/geo/wgs84_pos#long;http://yago-knowledge.org/resource/hasLongitude	-76.48	-76.479	 	-76.479	 	 	-91.426	-91.426	-91.425	-91.426	7	0.48795	0.154902	1		
0	http://www.w3.org/ns/prov#wasDerivedFrom	http://en.wikipedia.org/wiki/Cornell_University?oldid=744663804	 	 	 	http://en.wikipedia.org/wiki/Cornell_School_District_(Allegheny_County,_Pennsylvania)?oldid=74362717	 	http://en.wikipedia.org/wiki/Cornell_College?oldid=745108994	 	 	 	3	0.816497	0.522879	1		
0	http://xmlns.com/foaf/0.1/depiction	http://commons.wikimedia.org/wiki/Special:FilePath/Cornell_University_seal.svg	 	 	 	http://commons.wikimedia.org/wiki/Special:FilePath/Map_of_Allegheny_County_Pennsylvania_School_Distr	 	http://commons.wikimedia.org/wiki/Special:FilePath/KingChapel1.jpg	 	 	 	3	0.816497	0.522879	1		
3	http://xmlns.com/foaf/0.1/homepage;http://rdf.freebase.com/ns/common.topic.official_website;http://www.wikidata.org/entity/P856c;http://yago-knowledge.org/resource/hasWebsite	http://www.cornell.edu	http://www.cornell.edu/	http://www.cornell.edu	http://www.cornell.edu	http://www.cornell.k12.pa.us/	http://www.cornell.k12.pa.us/	https://www.cornellcollege.edu/	http://www.cornellcollege.edu/	https://www.cornellcollege.edu	http://www.cornellcollege.edu/	10	0.516398	0	1		
1	http://xmlns.com/foaf/0.1/isPrimaryTopicOf;http://rdf.freebase.com/ns/common.topic.topic_equivalent_webpage	http://en.wikipedia.org/wiki/Cornell_University	http://ar.wikipedia.org/wiki/%2C%27%45%39%29_%43%48%31%46%4A%44; http://openlibrary.org/authors/OL11	 	 	http://en.wikipedia.org/wiki/Cornell_School_District_(Allegheny_County,_Pennsylvania)	 	http://en.wikipedia.org/wiki/Cornell_College	http://en.wikipedia.org/wiki/Cornell_College; http://www.ranker.com/review/cornell-college/775797	 	 	5	0.801958	0.30103	1		
0	http://xmlns.com/foaf/0.1/name	Cornell University	 	 	 	Cornell Educational Center; Cornell School District	 	Cornell College	 	 	 	3	0.816497	0.522879	1		
0	http://xmlns.com/foaf/0.1/nick	Big Red	 	 	 	 	 	Rams	 	 	 	2	0.816497	0.69897	1		
0	http://rdf.freebase.com/key/authority.daylife.topic	 	03qJbRK2PCh0i	 	 	 	 	 	 	 	 	1	0.57735	1	1		
0	http://rdf.freebase.com/key/authority.google.google_plus_page	 	1.17E+020	 	 	 	 	 	1.08E+020	 	 	2	0.816497	0.69897	1		
2	http://rdf.freebase.com/key/authority.nces.ipeds;http://www.wikidata.org/entity/P1771c	 	190415	190415	 	 	 	 	153162	153162	 	4	0.408248	0.39794	1		
0	http://rdf.freebase.com/key/authority.openlibrary.author;http://rdf.freebase.com/ns/book.author.openlibrary_id	 	OL1108981A	 	 	 	 	 	 	 	 	1	0.408248	1	1		
0	http://rdf.freebase.com/key/base.ranker.rankerurlname	 	cornell-university/775835	 	 	 	 	 	cornell-college/775797	 	 	2	0.816497	0.69897	1		
0	http://rdf.freebase.com/key/en	 	cornell_university	 	 	 	 	 	cornell_college	 	 	2	0.816497	0.69897	1		
0	http://rdf.freebase.com/key/user.avh.ellerdale	 	00a7-1290	 	 	 	 	 	 	 	 	1	0.57735	1	1		
0	http://rdf.freebase.com/key/user.jamie.nytdataid	 	8.19E+019	 	 	 	 	 	 	 	 	1	0.57735	1	1		
0	http://rdf.freebase.com/key/wikipedia.en	 	Cornell_Information_Technologies; Cornell_University_historic_sites	 	 	 	 	 	Cornell_College	 	 	2	0.816497	0.69897	1		
0	http://rdf.freebase.com/key/wikipedia.en_title	 	Cornell_University	 	 	 	 	 	Cornell_College	 	 	2	0.816497	0.69897	1		
0	http://rdf.freebase.com/ns/architecture.architectural_structure_owner.structures_owned	 	Cornell Lab of Ornithology	 	 	 	 	 	 	 	 	1	0.57735	1	1		
0	http://rdf.freebase.com/ns/architecture.building_complex.buildings_in_complex	 	Cornell Lab of Ornithology	 	 	 	 	 	 	 	 	1	0.57735	1	1		
0	http://rdf.freebase.com/ns/award.ranked_item.appears_in_ranked_lists	 	http://rdf.freebase.com/ns/m.0czf94f; http://rdf.freebase.com/ns/m.0ggmq55	 	 	 	 	 	http://rdf.freebase.com/ns/m.0h6kq9p	 	 	2	0.816497	0.69897	1		
0	http://rdf.freebase.com/ns/base.jewlib.parent_institution.judaica_owning_units	 	Martin P. Catherwood Library	 	 	 	 	 	 	 	 	1	0.57735	1	1		
0	http://rdf.freebase.com/ns/base.ontologies.ontology_instance.equivalent_instances	 	Cornell University	 	 	 	 	 	 	 	 	1	0.57735	1	1		
0	http://rdf.freebase.com/ns/base.schemastaging.educational_institution_extra.libraries	 	John Henrik Clarke Africana Library; Martin P. Catherwood Library	 	 	 	 	 	 	 	 	1	0.816497	1	1		
0	http://rdf.freebase.com/ns/base.schemastaging.organization_extra.contact_webpage	 	http://www.cornell.edu/contact/	 	 	 	 	 	 	 	 	1	0.57735	1	1		
0	http://rdf.freebase.com/ns/base.schemastaging.organization_extra.contact_webpages	 	http://rdf.freebase.com/ns/m.010d9bbl	 	 	 	 	 	 	 	 	1	0.57735	1	1		
0	http://rdf.freebase.com/ns/base.schemastaging.organization_extra.phone_number	 	607 254 4636	 	 	 	 	 	 	 	 	1	0.57735	1	1		
0	http://rdf.freebase.com/ns/book.author.works_written	 	5.25 PC Lab Man-Comp for Peopl; Visual Basic 5 in a Box	 	 	 	 	 	 	 	 	1	0.816497	1	1		
0	http://rdf.freebase.com/ns/book.book_subject.works	 	Cornell '69: Liberalism and the Crisis of the American University; The 100 Most Notable Cornellians	 	 	 	 	 	 	 	 	1	0.816497	1	1		
0	http://rdf.freebase.com/ns/book.periodical_publisher.periodicals_published	 	http://rdf.freebase.com/ns/m.0104pkgd	 	 	 	 	 	 	 	 	1	0.816497	1	1		
0	http://rdf.freebase.com/ns/book.publishing_company.books_published	 	Fringe benefits: wages or social obligation?: an analysis with historical perspectives from paid vac	 	 	 	 	 	 	 	 	1	0.816497	1	1		
0	http://rdf.freebase.com/ns/business.employer.employees	 	Albert Frey-Wyssling; Boyce McDaniel	 	 	 	 	 	 	 	 	1	0.793274	1	1		
0	http://rdf.freebase.com/ns/common.identity.daylife_topic	 	03qJbRK2PCh0i	 	 	 	 	 	 	 	 	1	0.57735	1	1		
0	http://rdf.freebase.com/ns/common.topic.alias	 	Cornell University, main campus	 	 	 	 	 	Cornell College, Mount Vernon; Cornell College, main campus	 	 	2	0.816497	0.69897	1		
1	http://rdf.freebase.com/ns/common.topic.article;http://schema.org/description	 	Cornell University ( /kɔrˈnɛl/ kor-NEL) is a private Ivy League research university located in Ithac	private university in Ithaca, New York, United States	 	 	 	 	Cornell College is a private liberal arts college in Mount Vernon, Iowa. Originally called the Iowa 	liberal arts college in Mount Vernon, Iowa	 	4	0.816497	0.39794	1		
0	http://rdf.freebase.com/ns/common.topic.notable_for	 	College/University	 	 	 	 	 	College/University	 	 	2	0.57735	0.69897	1		
0	http://rdf.freebase.com/ns/common.topic.notable_types	 	College/University	 	 	 	 	 	College/University	 	 	2	0.57735	0.69897	1		
0	http://rdf.freebase.com/ns/common.topic.social_media_presence	 	http://plus.google.com/116871314286286422580	 	 	 	 	 	http://plus.google.com/107700971748043041221	 	 	2	0.816497	0.69897	1		
0	http://rdf.freebase.com/ns/common.topic.topical_webpage	 	http://topics.nytimes.com/top/reference/timestopics/organizations/c/cornell_university/index.html	 	 	 	 	 	 	 	 	1	0.57735	1	1		
0	http://rdf.freebase.com/ns/common.topic.webpage	 	New York Times; Official Website	 	 	 	 	 	Official Website	 	 	2	0.57735	0.69897	1		
0	http://rdf.freebase.com/ns/computer.software_developer.software	 	DPubS	 	 	 	 	 	 	 	 	1	0.816497	1	1		
0	http://rdf.freebase.com/ns/education.academic_institution.visiting_scholars_fellows_etc	 	http://rdf.freebase.com/ns/m.0bnr9xs; http://rdf.freebase.com/ns/m.0yq0p3q	 	 	 	 	 	 	 	 	1	0.816497	1	1		
0	http://rdf.freebase.com/ns/education.educational_institution.athletics_brand	 	Cornell Big Red	 	 	 	 	 	 	 	 	1	0.57735	1	1		
0	http://rdf.freebase.com/ns/education.educational_institution.campuses	 	Cornell University, main campus	 	 	 	 	 	Cornell College	 	 	2	0.816497	0.69897	1		
0	http://rdf.freebase.com/ns/education.educational_institution.colors	 	Carnelian	 	 	 	 	 	White	 	 	2	0.645497	0.69897	1		
0	http://rdf.freebase.com/ns/education.educational_institution.faculty	 	http://rdf.freebase.com/ns/m.0k7cw_b	 	 	 	 	 	http://rdf.freebase.com/ns/m.0k8pjkv	 	 	2	0.816497	0.69897	1		
0	http://rdf.freebase.com/ns/education.educational_institution.mascot	 	Cornell University Big Red Bear	 	 	 	 	 	Ram	 	 	2	0.816497	0.69897	1		
0	http://rdf.freebase.com/ns/education.educational_institution.motto	 	“I would found an institution where any person can find instruction in any study.�? 	 	 	 	 	Deus Et Humanitas; God and Humanity	 	 	2	0.816497	0.69897	1			
0	http://rdf.freebase.com/ns/education.educational_institution.newspaper	 	Bully pulpit; The Cornell Daily Sun	 	 	 	 	 	The Cornellian	 	 	2	0.816497	0.69897	1		
0	http://rdf.freebase.com/ns/education.educational_institution.nickname	 	Big Red	 	 	 	 	 	 	 	 	1	0.57735	1	1		
0	http://rdf.freebase.com/ns/education.educational_institution.phone_number	 	(607) 254-4636	 	 	 	 	 	319 895 4000	 	 	2	0.816497	0.69897	1		
0	http://rdf.freebase.com/ns/education.educational_institution.school_type	 	Land-grant university; Statutory college	 	 	 	 	 	Liberal arts college; Private school	 	 	2	0.816497	0.69897	1		
0	http://rdf.freebase.com/ns/education.educational_institution.sports_teams	 	Cornell Big Red men's basketball; Cornell Big Red men's ice hockey	 	 	 	 	 	 	 	 	1	0.816497	1	1		
0	http://rdf.freebase.com/ns/education.educational_institution.students_graduates	 	Cornell University	 	 	 	 	 	Cornell College	 	 	2	0.576803	0.69897	1		
0	http://rdf.freebase.com/ns/education.educational_institution.subsidiary_or_constituent_schools	 	Cornell University College of Agriculture and Life Sciences; Cornell University Graduate School	 	 	 	 	 	 	 	 	1	0.816497	1	1		
0	http://rdf.freebase.com/ns/education.educational_institution.total_enrollment	 	18906	 	 	 	 	 	1200	 	 	2	0.816497	0.69897	1		
0	http://rdf.freebase.com/ns/education.university.acceptance_rate	 	http://rdf.freebase.com/ns/m.0110yy56; http://rdf.freebase.com/ns/m.0h743_r	 	 	 	 	 	http://rdf.freebase.com/ns/m.0h747w6	 	 	2	0.816497	0.69897	1		
0	http://rdf.freebase.com/ns/education.university.departments	 	Charles H. Dyson School of Applied Economics and Management	 	 	 	 	 	 	 	 	1	0.816497	1	1		
0	http://rdf.freebase.com/ns/education.university.domestic_tuition	 	http://rdf.freebase.com/ns/m.0h6zh92; http://rdf.freebase.com/ns/m.0k7dtpv	 	 	 	 	 	http://rdf.freebase.com/ns/m.0h6zh8m; http://rdf.freebase.com/ns/m.0k7dpcr	 	 	2	0.816497	0.69897	1		
0	http://rdf.freebase.com/ns/education.university.fraternities_and_sororities	 	Alpha Sigma Phi; Kappa Alpha Society	 	 	 	 	 	 	 	 	1	0.816497	1	1		
0	http://rdf.freebase.com/ns/education.university.local_tuition	 	http://rdf.freebase.com/ns/m.0h6zh8w	 	 	 	 	 	http://rdf.freebase.com/ns/m.0h6zh8d	 	 	2	0.816497	0.69897	1		
0	http://rdf.freebase.com/ns/education.university.number_of_postgraduates	 	4971	 	 	 	 	 	0	 	 	2	0.816497	0.69897	1		
0	http://rdf.freebase.com/ns/education.university.number_of_undergraduates	 	13914	 	 	 	 	 	1142	 	 	2	0.816497	0.69897	1		
0	http://rdf.freebase.com/ns/fictional_universe.school_in_fiction.students_graduates	 	Andy Bernard	 	 	 	 	 	 	 	 	1	0.816497	1	1		
0	http://rdf.freebase.com/ns/freebase.valuenotation.has_value	 	International tuition	 	 	 	 	 	 	 	 	1	0.57735	1	1		
0	http://rdf.freebase.com/ns/kg.object_profile.prominent_type	 	College/University	 	 	 	 	 	College/University	 	 	2	0.57735	0.69897	1		
0	http://rdf.freebase.com/ns/organization.endowed_organization.endowment	 	http://rdf.freebase.com/ns/m.0h6jfx2; http://rdf.freebase.com/ns/m.0zp39g8	 	 	 	 	 	http://rdf.freebase.com/ns/m.0h6kq8n	 	 	2	0.816497	0.69897	1		
0	http://rdf.freebase.com/ns/organization.organization.board_members	 	Anand Chandrasekher; Charles R. Lee	 	 	 	 	 	 	 	 	1	0.816497	1	1		
1	http://rdf.freebase.com/ns/organization.organization.child;http://www.wikidata.org/entity/P355c;http://yago-knowledge.org/resource/owns	 	Cornell Center for the Study of Economy and Society	Cornell University Library	Barton Hall; Newman Arena	 	 	 	 	 	KRNL-FM	4	0.752773	0.39794	1		
3	http://rdf.freebase.com/ns/organization.organization.date_founded;http://www.wikidata.org/entity/P571c;http://yago-knowledge.org/resource/wasCreatedOnDate	 	1865	1865	1865-01-01	 	1972	 	1853	1853	1853-01-01	7	0.617213	0.154902	1		
0	http://rdf.freebase.com/ns/organization.organization.founders	 	Andrew Dickson White; Ezra Cornell	 	 	 	 	 	 	 	 	1	0.816497	1	1		
0	http://rdf.freebase.com/ns/organization.organization.leadership	 	David J. Skorton	 	 	 	 	 	Jonathan Brand	 	 	2	0.816497	0.69897	1		
0	http://rdf.freebase.com/ns/organization.organization_founder.organizations_founded	 	Association of American Universities	 	 	 	 	 	 	 	 	1	0.57735	1	1		
0	http://rdf.freebase.com/ns/organization.organization_member.member_of	 	Association of American Universities	 	 	 	 	 	 	 	 	1	0.816497	1	1		
0	http://rdf.freebase.com/ns/symbols.name_source.namesakes	 	8250 Cornell	 	 	 	 	 	 	 	 	1	0.57735	1	1		
1	http://rdf.freebase.com/ns/symbols.namesake.named_after;http://www.wikidata.org/entity/P138c	 	Ezra Cornell	Ezra Cornell	 	 	 	 	 	 	 	2	0.57735	0.69897	1		
0	http://rdf.freebase.com/ns/type.object.key	 	/authority/daylife/topic/03qJbRK2PCh0i; /wikipedia/zh-cn_id/26643	 	 	 	 	 	/authority/google/google_plus_page/107700971748043041221; /authority/us/gov/irs/ein/42-0680335	 	 	2	0.816497	0.69897	1		
0	http://rdf.freebase.com/ns/type.object.name	 	Cornell University	 	 	 	 	 	Cornell College	 	 	2	0.816497	0.69897	1		
0	http://rdf.freebase.com/ns/type.object.type	 	Architectural structure owner; Endowed Organization	 	 	 	 	 	Business Operation; College/University	 	 	2	0.632456	0.69897	1		
0	http://rdf.freebase.com/ns/user.avh.default_domain.ellerdale_topic.ellerdale_id	 	00a7-1290	 	 	 	 	 	 	 	 	1	0.57735	1	1		
0	http://rdf.freebase.com/ns/user.patrick.default_domain.tagged_topic.tags	 	Ivy League	 	 	 	 	 	 	 	 	1	0.57735	1	1		
0	http://rdf.freebase.com/ns/user.robert.default_domain.daylife.hero_image_id	 	082x9Yz6ckeFC	 	 	 	 	 	 	 	 	1	0.57735	1	1		
0	http://www.wikidata.org/entity/P1017c	 	 	ADV10166887	 	 	 	 	 	 	 	1	0.57735	1	1		
0	http://www.wikidata.org/entity/P1207c	 	 	n2012042399	 	 	 	 	 	 	 	1	0.57735	1	1		
0	http://www.wikidata.org/entity/P1566c	 	 	5113752	 	 	 	 	 	4852685	 	2	0.816497	0.69897	1		
0	http://www.wikidata.org/entity/P1670c	 	 	0004H6682	 	 	 	 	 	 	 	1	0.57735	1	1		
0	http://www.wikidata.org/entity/P1695c	 	 	A26573805	 	 	 	 	 	 	 	1	0.57735	1	1		
0	http://www.wikidata.org/entity/P18c	 	 	http://commons.wikimedia.org/wiki/File:Risley_hall,_backyard_(cropped).PNG	 	 	 	 	 	 	 	1	0.57735	1	1		
0	http://www.wikidata.org/entity/P213c	 	 	0000 0004 1936 877X	 	 	 	 	 	0000 0004 0436 344X	 	2	0.816497	0.69897	1		
0	http://www.wikidata.org/entity/P214c	 	 	126293486	 	 	 	 	 	233639387	 	2	0.816497	0.69897	1		
0	http://www.wikidata.org/entity/P227c	 	 	275-6	 	 	 	 	 	 	 	1	0.57735	1	1		
0	http://www.wikidata.org/entity/P2427c	 	 	grid.5386.8	 	 	 	 	 	grid.254690.c	 	2	0.816497	0.69897	1		
0	http://www.wikidata.org/entity/P244c	 	 	n79021621	 	 	 	 	 	n82039992	 	2	0.816497	0.69897	1		
0	http://www.wikidata.org/entity/P2643c	 	 	doctoral university: highest research activity	 	 	 	 	 	baccalaureate colleges: arts and sciences focus	 	2	0.816497	0.69897	1		
0	http://www.wikidata.org/entity/P268c	 	 	119842648	 	 	 	 	 	 	 	1	0.57735	1	1		
0	http://www.wikidata.org/entity/P269c	 	 	27900177	 	 	 	 	 	 	 	1	0.57735	1	1		
0	http://www.wikidata.org/entity/P281c	 	 	14853	 	 	 	 	 	52314-1098	 	2	0.816497	0.69897	1		
0	http://www.wikidata.org/entity/P373c	 	 	Cornell University	 	 	 	 	 	 	 	1	0.57735	1	1		
0	http://www.wikidata.org/entity/P409c	 	 	35031231	 	 	 	 	 	 	 	1	0.57735	1	1		
0	http://www.wikidata.org/entity/P463c	 	 	Ivy League	 	 	 	 	 	 	 	1	0.57735	1	1		
0	http://www.wikidata.org/entity/P646-freebase	 	 	Cornell University	 	 	 	 	 	 	 	1	0.57735	1	1		
0	http://www.wikidata.org/entity/P646c	 	 	/m/01w3v	 	 	 	 	 	 	 	1	0.57735	1	1		
0	http://www.wikidata.org/entity/P691c	 	 	ko2006341759	 	 	 	 	 	 	 	1	0.57735	1	1		
0	http://www.wikidata.org/entity/P910c	 	 	Category:Cornell University	 	 	 	 	 	Category:Cornell College	 	2	0.816497	0.69897	1		
0	http://www.w3.org/2004/02/skos/core#prefLabel	 	 	 	Cornell University	 	 	 	 	 	Cornell College	2	0.816497	0.69897	1		
0	http://yago-knowledge.org/resource/created	 	 	 	PL/C	 	 	 	 	 	 	1	0.57735	1	1		
0	http://yago-knowledge.org/resource/hasCitationTitle	 	 	 	The Sphinx Head: A Senior Society Recently Formed Cornell Daily Sun, January 13th, 1891, p.3; CARD	 	 	 	 	 	Charles Wesley Flint; Dale O. Thomas	2	0.816497	0.69897	1		
0	http://yago-knowledge.org/resource/hasMotto	 	 	 	Ezra Cornell	 	 	 	 	 	DEUS ET HUMANITAS	2	0.816497	0.69897	1		
0	http://yago-knowledge.org/resource/hasWikipediaAnchorText	 	 	 	America's most beautiful college campuses Travel+Leisure (September 2011); 111 Eighth Avenue	 	 	 	 	 	2002 article about the Cornell-Coe rivalry; John Q. Tufts	2	0.80823	0.69897	1		
0	http://yago-knowledge.org/resource/hasWikipediaArticleLength	 	 	 	155322	 	 	 	 	 	26876	2	0.816497	0.69897	1		
0	http://yago-knowledge.org/resource/hasWikipediaUrl	 	 	 	http://en.wikipedia.org/wiki/Cornell_University	 	 	 	 	 	http://en.wikipedia.org/wiki/Cornell_College	2	0.816497	0.69897	1		
0	http://yago-knowledge.org/resource/linksTo	 	 	 	111 Eighth Avenue; Alpha Delta Phi	 	 	 	 	 	Amateur Athletic Union; Annie Sprinkle	2	0.810553	0.69897	1		
0	http://yago-knowledge.org/resource/redirectedFrom	 	 	 	Cornell Information Technologies; Cornell University historic sites	 	 	 	 	 	 	1	0.816497	1	1		
0	http://dbpedia.org/ontology/address	 	 	 	 	1099 Maple Street	 	 	 	 	 	1	0.57735	1	1		
0	http://dbpedia.org/ontology/budget	 	 	 	 	12000000	 	 	 	 	 	1	0.57735	1	1		
0	http://dbpedia.org/ontology/foundingYear	 	 	 	 	1972	 	 	 	 	 	1	0.57735	1	1		
0	http://dbpedia.org/ontology/postalCode	 	 	 	 	15108	 	 	 	 	 	1	0.57735	1	1		
0	http://rdf.freebase.com/key/authority.us.gov.irs.ein	 	 	 	 	 	 	 	42-0680335	 	 	1	0.57735	1	1		
0	http://rdf.freebase.com/ns/base.schemastaging.non_profit_extra.classification	 	 	 	 	 	 	 	Undergraduate College (4-year)	 	 	1	0.57735	1	1		
0	http://rdf.freebase.com/ns/common.topic.image	 	 	 	 	 	 	 	KingChapel1	 	 	1	0.57735	1	1		
0	http://rdf.freebase.com/ns/education.educational_institution_campus.educational_institution	 	 	 	 	 	 	 	Cornell College	 	 	1	0.57735	1	1		
0	http://rdf.freebase.com/ns/education.university.number_of_doctoral_candidates	 	 	 	 	 	 	 	http://rdf.freebase.com/ns/m.03z8xb7	 	 	1	0.57735	1	1		
0	http://rdf.freebase.com/ns/location.location.containedby	 	 	 	 	 	 	 	Mount Vernon; United States of America	 	 	1	0.816497	1	1		
0	http://rdf.freebase.com/ns/organization.non_profit_organization.registered_with	 	 	 	 	 	 	 	http://rdf.freebase.com/ns/m.0pqsg9w	 	 	1	0.57735	1	1		
0	http://www.w3.org/2004/02/skos/core#altLabel	 	 	 	 	 	 	 	 	CC	 	1	0.57735	1	1		
0	http://www.wikidata.org/entity/P140c	 	 	 	 	 	 	 	 	United Methodist Church	 	1	0.57735	1	1		
0	http://www.wikidata.org/entity/P2002c	 	 	 	 	 	 	 	 	CornellCollege	 	1	0.57735	1	1		
0	http://www.wikidata.org/entity/P2003c	 	 	 	 	 	 	 	 	cornellcollege	 	1	0.57735	1	1		
0	http://www.wikidata.org/entity/P2013c	 	 	 	 	 	 	 	 	CornellCollege	 	1	0.57735	1	1		
0	http://www.wikidata.org/entity/P590c	 	 	 	 	 	 	 	 	455633	 	1	0.57735	1	1		
