score	dataset	dbpedia	freebase	wikidata	yago-knowledge	dbpedia	wikidata	dbpedia	freebase	wikidata	yago-knowledge						
	entity	http://dbpedia.org/resource/Faculty_of_Arts,_Banaras_Hindu_University	http://rdf.freebase.com/ns/m.0gky31f	http://www.wikidata.org/entity/Q5428907	http://yago-knowledge.org/resource/Faculty_of_Arts,_BHU	http://dbpedia.org/resource/Faculty_of_Arts,_University_of_Colombo	http://www.wikidata.org/entity/Q5428911	http://dbpedia.org/resource/Faculty_of_Arts,_University_of_Peradeniya	http://rdf.freebase.com/ns/m.0c4170b	http://www.wikidata.org/entity/Q5428912	http://yago-knowledge.org/resource/Faculty_of_Arts,_University_of_Peradeniya						
0	http://dbpedia.org/ontology/abstract	(For other uses, see Faculty of Arts (disambiguation).) Faculty of Arts, (a.k.a. Arts Faculty) is a 	 	 	 	Faculty of Arts is one of seven faculties of the University of Colombo. It conducts both undergradua	 	Faculty of Arts, University of Peradeniya is the largest single faculty in the entire university sys	 	 	 	3	0.816497	0.522879	1		
0	http://dbpedia.org/ontology/affiliation	University Grants Commission (India)	 	 	 	 	 	 	 	 	 	1	0.57735	1	1		
0	http://dbpedia.org/ontology/campus	Urban areas	 	 	 	 	 	Suburban area	 	 	 	2	0.816497	0.69897	1		
1	http://dbpedia.org/ontology/city;http://dbpedia.org/ontology/country;http://www.wikidata.org/entity/P131c;http://www.wikidata.org/entity/P17c	Varanasi	 	Varanasi	 	Colombo; Sri Lanka	 	Peradeniya	 	Sri Lanka	 	5	0.471405	0.30103	1		
0	http://dbpedia.org/ontology/dean	http://dbpedia.org/resource/Pro._Kumar_Pankaj	 	 	 	 	 	Doctor (title)	 	 	 	2	0.816497	0.69897	1		
0	http://dbpedia.org/ontology/state	Uttar Pradesh	 	 	 	 	 	 	 	 	 	1	0.57735	1	1		
0	http://dbpedia.org/ontology/thumbnail	http://commons.wikimedia.org/wiki/Special:FilePath/Faculty_of_Arts,_BHU.JPG?width=300	 	 	 	 	 	 	 	 	 	1	0.57735	1	1		
0	http://dbpedia.org/ontology/type	Faculty (division)	 	 	 	Public university	 	Public university	 	 	 	3	0.57735	0.522879	1		
0	http://dbpedia.org/ontology/wikiPageExternalLink	http://www.bhu.ac.in/; https://www.wikidata.org/wiki/Talk:Q20751388	 	 	 	http://www.cmb.ac.lk/academic/arts/Home/index.htm	 	http://www.arts.pdn.ac.lk/	 	 	 	3	0.816497	0.522879	1		
2	http://dbpedia.org/ontology/wikiPageID;http://rdf.freebase.com/key/wikipedia.en_id	31140992	31140992	 	 	28786290	 	27682817	27682817	 	 	5	0.516398	0.30103	1		
0	http://dbpedia.org/ontology/wikiPageLength	11251	 	 	 	2207	 	7847	 	 	 	3	0.816497	0.522879	1		
0	http://dbpedia.org/ontology/wikiPageOutDegree	120	 	 	 	16	 	16	 	 	 	3	0.57735	0.522879	1		
0	http://dbpedia.org/ontology/wikiPageRevisionID	734469239	 	 	 	710399486	 	735359226	 	 	 	3	0.816497	0.522879	1		
0	http://purl.org/dc/terms/subject	1898 establishments in India; Banaras Hindu University	 	 	 	Art schools in Sri Lanka; Departments and faculties of the University of Colombo	 	Faculties and departments of the University of Peradeniya	 	 	 	3	0.816497	0.522879	1		
0	http://www.georss.org/georss/point	25.26987 82.995167	 	 	 	 	 	7.254166666666666 80.59666666666666	 	 	 	2	0.816497	0.69897	1		
0	http://www.w3.org/1999/02/22-rdf-syntax-ns#type;http://www.wikidata.org/entity/P31c	CollegeOrUniversity; EducationalOrganization	Employer; Organization	university	wikicat Universities and colleges in Uttar Pradesh; wordnet administrative unit 108077292	CollegeOrUniversity; EducationalOrganization	university	CollegeOrUniversity; EducationalOrganization	Organization	Item	wordnet abstraction 100002137; wordnet university 108286569	10	0.220656	0	1		
2	http://www.w3.org/2000/01/rdf-schema#comment;http://rdf.freebase.com/ns/common.topic.description	(For other uses, see Faculty of Arts (disambiguation).) Faculty of Arts, (a.k.a. Arts Faculty) is a 	Faculty of Arts, is a faculty in the Banaras Hindu University, Varanasi, India which offers courses 	 	 	Faculty of Arts is one of seven faculties of the University of Colombo. It conducts both undergradua	 	Faculty of Arts, University of Peradeniya is the largest single faculty in the entire university sys	Faculty of Arts, University of Peradeniya is the largest single faculty in the entire university sys	 	 	5	0.68313	0.30103	1		
2	http://www.w3.org/2000/01/rdf-schema#label	Faculty of Arts, Banaras Hindu University	Faculty of Arts, Banaras Hindu University	Faculty of Arts, BHU	Faculty of Arts	Faculty of Arts, University of Colombo	Faculty of Arts, University of Colombo	Faculty of Arts, University of Peradeniya	Faculty of Arts, University of Peradeniya	Faculty of Arts, University of Peradeniya	Faculty of Arts, University of Peradeniya	10	0.288675	0	1		
0	http://www.w3.org/2002/07/owl#sameAs	 	 	 	Faculty of Arts, BHU	Faculty of Arts, University of Colombo	 	 	 	 	 	2	0.816497	0.69897	0		
2	http://www.w3.org/2003/01/geo/wgs84_pos#lat;http://yago-knowledge.org/resource/hasLatitude	25.27	 	25.27	 	 	 	7.254	7.254	7.254	7.254	6	0	0.221849	1		
2	http://www.w3.org/2003/01/geo/wgs84_pos#long;http://yago-knowledge.org/resource/hasLongitude	82.995	 	82.995	 	 	 	80.597	80.597	80.597	80.597	6	0	0.221849	1		
0	http://www.w3.org/ns/prov#wasDerivedFrom	http://en.wikipedia.org/wiki/Faculty_of_Arts,_Banaras_Hindu_University?oldid=734469239	 	 	 	http://en.wikipedia.org/wiki/Faculty_of_Arts,_University_of_Colombo?oldid=710399486	 	http://en.wikipedia.org/wiki/Faculty_of_Arts,_University_of_Peradeniya?oldid=735359226	 	 	 	3	0.816497	0.522879	1		
0	http://xmlns.com/foaf/0.1/depiction	http://commons.wikimedia.org/wiki/Special:FilePath/Faculty_of_Arts,_BHU.JPG	 	 	 	 	 	 	 	 	 	1	0.57735	1	1		
2	http://xmlns.com/foaf/0.1/homepage;http://rdf.freebase.com/ns/common.topic.official_website;http://www.wikidata.org/entity/P856c	http://www.bhu.ac.in/arts/	http://www.bhu.ac.in/arts/index.html	http://www.bhu.ac.in/arts/	 	http://www.cmb.ac.lk/academic/arts/Home/index.htm	http://www.cmb.ac.lk/academic/arts/Home/index.htm	http://www.arts.pdn.ac.lk/	http://www.arts.pdn.ac.lk/	 	 	7	0.48795	0.154902	1		
1	http://xmlns.com/foaf/0.1/isPrimaryTopicOf;http://rdf.freebase.com/ns/common.topic.topic_equivalent_webpage	http://en.wikipedia.org/wiki/Faculty_of_Arts,_Banaras_Hindu_University	http://en.wikipedia.org/wiki/Faculty_of_Arts,_Banaras_Hindu_University; http://en.wikipedia.org/wiki	 	 	http://en.wikipedia.org/wiki/Faculty_of_Arts,_University_of_Colombo	 	http://en.wikipedia.org/wiki/Faculty_of_Arts,_University_of_Peradeniya	http://en.wikipedia.org/wiki/Faculty_of_Arts,_University_of_Peradeniya; http://en.wikipedia.org/wiki	 	 	5	0.617213	0.30103	1		
0	http://xmlns.com/foaf/0.1/name	Faculty of Arts, Banaras Hindu University	 	 	 	Faculty of Arts	 	Faculty of Arts, University of Peradeniya	 	 	 	3	0.816497	0.522879	1		
0	http://rdf.freebase.com/key/wikipedia.en	 	Faculty_of_Arts,_Banaras_Hindu_University	 	 	 	 	 	Faculty_of_Arts,_University_of_Peradeniya	 	 	2	0.816497	0.69897	1		
0	http://rdf.freebase.com/key/wikipedia.en_title	 	Faculty_of_Arts,_Banaras_Hindu_University	 	 	 	 	 	Faculty_of_Arts,_University_of_Peradeniya	 	 	2	0.816497	0.69897	1		
0	http://rdf.freebase.com/ns/common.topic.article	 	Faculty of Arts, Banaras Hindu University (FOA,BHU), Varanasi, India is among the oldest department 	 	 	 	 	 	Faculty of Arts, University of Peradeniya is the largest single faculty in the entire university sys	 	 	2	0.816497	0.69897	1		
0	http://rdf.freebase.com/ns/common.topic.notable_for	 	Organization	 	 	 	 	 	Location	 	 	2	0.816497	0.69897	1		
0	http://rdf.freebase.com/ns/common.topic.notable_types	 	Organization	 	 	 	 	 	Location	 	 	2	0.816497	0.69897	1		
0	http://rdf.freebase.com/ns/kg.object_profile.prominent_type	 	Organization	 	 	 	 	 	Location	 	 	2	0.816497	0.69897	1		
2	http://rdf.freebase.com/ns/organization.organization.date_founded;http://www.wikidata.org/entity/P571c;http://yago-knowledge.org/resource/wasCreatedOnDate	 	1898	1898	1898-01-01	 	 	 	1942	 	1942/1/1	5	0.68313	0.30103	1		
0	http://rdf.freebase.com/ns/type.object.key	 	/wikipedia/en_id/31140992; /wikipedia/en_title/Faculty_of_Arts,_Banaras_Hindu_University	 	 	 	 	 	/wikipedia/en_id/27682817; /wikipedia/en_title/Faculty_of_Arts,_University_of_Peradeniya	 	 	2	0.816497	0.69897	1		
0	http://rdf.freebase.com/ns/type.object.name	 	Faculty of Arts, Banaras Hindu University	 	 	 	 	 	Faculty of Arts, University of Peradeniya	 	 	2	0.816497	0.69897	1		
0	http://rdf.freebase.com/ns/type.object.type	 	Employer; Organization	 	 	 	 	 	Organization	 	 	2	0.452911	0.69897	1		
0	http://www.w3.org/2004/02/skos/core#prefLabel	 	 	 	Faculty of Arts, BHU	 	 	 	 	 	Faculty of Arts, University of Peradeniya	2	0.816497	0.69897	1		
0	http://yago-knowledge.org/resource/hasWikipediaAnchorText	 	 	 	Archaeology; Faculty of Arts, B.H.U	 	 	 	 	 	Ivor Jennings; Official website	2	0.79713	0.69897	1		
0	http://dbpedia.org/ontology/facultySize	 	 	 	 	 	 	201	 	 	 	1	0.57735	1	1		
0	http://dbpedia.org/ontology/numberOfPostgraduateStudents	 	 	 	 	 	 	709	 	 	 	1	0.57735	1	1		
0	http://dbpedia.org/ontology/numberOfStudents	 	 	 	 	 	 	3614	 	 	 	1	0.57735	1	1		
0	http://dbpedia.org/ontology/numberOfUndergraduateStudents	 	 	 	 	 	 	2905	 	 	 	1	0.57735	1	1		
0	http://rdf.freebase.com/ns/common.topic.image	 	 	 	 	 	 	 	Campus lion UoP	 	 	1	0.57735	1	1		
0	http://yago-knowledge.org/resource/hasCitationTitle	 	 	 	 	 	 	 	 	 	Education Guide: Sri Lanka; Historical Background: Faculty of Arts	1	0.816497	1	1		
