score	dataset	dbpedia	freebase	wikidata	yago-knowledge	dbpedia	wikidata	dbpedia	freebase	wikidata	yago-knowledge						
	entity	http://dbpedia.org/resource/The_Beacon_School	http://rdf.freebase.com/ns/m.07qdh6	http://www.wikidata.org/entity/Q7715990	http://yago-knowledge.org/resource/The_Beacon_School	http://dbpedia.org/resource/Beacon_School_(Stamford,_Connecticut)	http://www.wikidata.org/entity/Q4875905	http://dbpedia.org/resource/New_Beacon_School	http://rdf.freebase.com/ns/m.0fbhw9	http://www.wikidata.org/entity/Q7005449	http://yago-knowledge.org/resource/New_Beacon_School						
0	http://dbpedia.org/ontology/abstract	The Beacon School (also called Beacon High School) is a selective college-preparatory public high sc	 	 	 	The Beacon School is an independent preparatory day and boarding school for intellectually curious s	 	The New Beacon Preparatory School is an independent all-boys preparatory school, located in Sevenoak	 	 	 	3	0.816497	0.522879	1		
0	http://dbpedia.org/ontology/address	522 West 44th Street	 	 	 	111 West North Street	 	 	 	 	 	2	0.816497	0.69897	1		
2	http://dbpedia.org/ontology/city;http://dbpedia.org/ontology/country;http://dbpedia.org/ontology/district;http://www.wikidata.org/entity/P131c;http://www.wikidata.org/entity/P17c;http://dbpedia.org/ontology/county;http://yago-knowledge.org/resource/isLocatedIn	New York City Department of Education; New York City, New York	 	United States of America	 	Stamford, Connecticut	 	Sevenoaks; United Kingdom	 	United Kingdom	England	6	0.758787	0.221849	1		
0	http://dbpedia.org/ontology/facultySize	59	 	 	 	15	 	 	 	 	 	2	0.816497	0.69897	1		
1	http://dbpedia.org/ontology/foundingYear	1993	 	 	 	2009	 	1863	 	 	 	3	0.816497	0.522879	1		
0	http://dbpedia.org/ontology/grades	Ninth grade	 	 	 	 	 	 	 	 	 	1	0.57735	1	1		
0	http://dbpedia.org/ontology/mascot	Blue demons	 	 	 	Eagle Owl	 	 	 	 	 	2	0.816497	0.69897	1		
0	http://dbpedia.org/ontology/numberOfStudents	1276	 	 	 	 	 	 	 	 	 	1	0.57735	1	1		
1	http://dbpedia.org/ontology/postalCode	10036	 	 	 	6902	 	TN13 2PB	 	 	 	3	0.816497	0.522879	1		
0	http://dbpedia.org/ontology/state	New York (state)	 	 	 	Connecticut	 	 	 	 	 	2	0.816497	0.69897	1		
0	http://dbpedia.org/ontology/thumbnail	http://en.wikipedia.org/wiki/Special:FilePath/BeaconSchoolFront.jpg?width=300	 	 	 	 	 	 	 	 	 	1	0.57735	1	1		
0	http://dbpedia.org/ontology/type	High School	 	 	 	 	 	Independent school (UK)	 	 	 	2	0.816497	0.69897	1		
0	http://dbpedia.org/ontology/wikiPageExternalLink	http://www.beaconschool.org/	 	 	 	http://beacon-ct.org; http://www.greenwichedgroup.com	 	http://www.newbeacon.org.uk/	 	 	 	3	0.816497	0.522879	1		
2	http://dbpedia.org/ontology/wikiPageID;http://rdf.freebase.com/key/wikipedia.en_id	2593646	2593646	 	 	28106753	 	5880091	5880091	 	 	5	0.516398	0.30103	1		
0	http://dbpedia.org/ontology/wikiPageLength	20452	 	 	 	3006	 	6732	 	 	 	3	0.816497	0.522879	1		
0	http://dbpedia.org/ontology/wikiPageOutDegree	88	 	 	 	10	 	34	 	 	 	3	0.816497	0.522879	1		
0	http://dbpedia.org/ontology/wikiPageRevisionID	738358679	 	 	 	712702449	 	738709088	 	 	 	3	0.816497	0.522879	1		
0	http://purl.org/dc/terms/subject	1993 establishments in New York; Lincoln Square, Manhattan	 	 	 	Education in Fairfield County, Connecticut	 	Preparatory schools in Kent; Sevenoaks	 	 	 	3	0.816497	0.522879	1		
0	http://www.georss.org/georss/point	40.7614235 -73.9957164	 	 	 	 	 	51.20007 0.27645	 	 	 	2	0.816497	0.69897	1		
0	http://www.w3.org/1999/02/22-rdf-syntax-ns#type;http://www.wikidata.org/entity/P31c	EducationalOrganization; educational institution	Employer; Organization	Item	wikicat Educational institutions established in 1993; wikicat Schools in Manhattan	EducationalOrganization; educational institution	business enterprise	EducationalOrganization; educational institution	Educational Institution	school	wikicat Preparatory schools in Kent; wordnet secondary school 108284481	10	0.226455	0	1		
2	http://www.w3.org/2000/01/rdf-schema#comment;http://rdf.freebase.com/ns/common.topic.description	The Beacon School (also called Beacon High School) is a selective college-preparatory public high sc	The Beacon School is a college-preparatory public high school on the Upper West Side of Manhattan in	 	 	The Beacon School is an independent preparatory day and boarding school for intellectually curious s	 	The New Beacon Preparatory School is an independent all-boys preparatory school, located in Sevenoak	The New Beacon Preparatory School is a fee-paying preparatory school, or prep school, located in Sev	 	 	5	0.816497	0.30103	1		
3	http://www.w3.org/2000/01/rdf-schema#label	The Beacon School	The Beacon School	The Beacon School	The Beacon School	Beacon School (Stamford, Connecticut)	Beacon	New Beacon School	New Beacon School	New Beacon School	New Beacon School	10	0.174078	0	1		
0	http://www.w3.org/2002/07/owl#differentFrom	Beacon (school)	 	 	 	 	 	 	 	 	 	1	0.816497	1	1		
0	http://www.w3.org/2002/07/owl#sameAs	 	 	 	 	Beacon School	 	 	 	 	 	1	0.57735	1	0		
2	http://www.w3.org/2003/01/geo/wgs84_pos#lat;http://yago-knowledge.org/resource/hasLatitude	40.761	40.773	40.773	40.773	 	 	51.2	51.2	51.2	 	7	0.308607	0.154902	1		
3	http://www.w3.org/2003/01/geo/wgs84_pos#long;http://yago-knowledge.org/resource/hasLongitude	-73.996	-73.988	-73.989	-73.988	 	 	0.276	0.276	0.276	 	7	0.48795	0.154902	1		
0	http://www.w3.org/ns/prov#wasDerivedFrom	http://en.wikipedia.org/wiki/The_Beacon_School?oldid=738358679	 	 	 	http://en.wikipedia.org/wiki/Beacon_School_(Stamford,_Connecticut)?oldid=712702449	 	http://en.wikipedia.org/wiki/New_Beacon_School?oldid=738709088	 	 	 	3	0.816497	0.522879	1		
0	http://xmlns.com/foaf/0.1/depiction	http://en.wikipedia.org/wiki/Special:FilePath/BeaconSchoolFront.jpg	 	 	 	 	 	 	 	 	 	1	0.57735	1	1		
2	http://xmlns.com/foaf/0.1/homepage;http://rdf.freebase.com/ns/common.topic.official_website;http://yago-knowledge.org/resource/hasWebsite	http://www.beaconschool.org/	http://www.beaconschool.org	 	http://beaconschool.org	http://beacon-ct.org	 	http://www.newbeacon.org.uk/	http://www.newbeacon.org.uk/	 	http://www.newbeacon.org.uk/	7	0.617213	0.154902	1		
1	http://xmlns.com/foaf/0.1/isPrimaryTopicOf;http://rdf.freebase.com/ns/common.topic.topic_equivalent_webpage	http://en.wikipedia.org/wiki/The_Beacon_School	http://en.wikipedia.org/wiki/The_Beacon_School; http://en.wikipedia.org/wiki/index.html?curid=259364	 	 	http://en.wikipedia.org/wiki/Beacon_School_(Stamford,_Connecticut)	 	http://en.wikipedia.org/wiki/New_Beacon_School	http://en.wikipedia.org/wiki/New_Beacon_School; http://en.wikipedia.org/wiki/index.html?curid=588009	 	 	5	0.617213	0.30103	1		
0	http://xmlns.com/foaf/0.1/name	The Beacon School	 	 	 	Beacon School	 	The New Beacon Preparatory School	 	 	 	3	0.816497	0.522879	1		
0	http://rdf.freebase.com/key/en	 	the_beacon_school	 	 	 	 	 	the_new_beacon_preparatory_school	 	 	2	0.816497	0.69897	1		
0	http://rdf.freebase.com/key/wikipedia.en	 	The_Beacon_School	 	 	 	 	 	The_New_Beacon_Preparatory_School	 	 	2	0.816497	0.69897	1		
0	http://rdf.freebase.com/key/wikipedia.en_title	 	The_Beacon_School	 	 	 	 	 	New_Beacon_School	 	 	2	0.816497	0.69897	1		
0	http://rdf.freebase.com/ns/common.topic.article	 	"The Beacon School is a formerly alternative assessment, now ""performance-based assessment"" public hi"	 	 	 	 	 	The New Beacon Preparatory School is a fee-paying preparatory school, or prep school, located in Sev	 	 	2	0.816497	0.69897	1		
0	http://rdf.freebase.com/ns/common.topic.notable_for	 	Location	 	 	 	 	 	Independent school	 	 	2	0.816497	0.69897	1		
0	http://rdf.freebase.com/ns/common.topic.notable_types	 	Location	 	 	 	 	 	Educational Institution	 	 	2	0.816497	0.69897	1		
0	http://rdf.freebase.com/ns/common.topic.webpage	 	http://rdf.freebase.com/ns/m.0gk8600	 	 	 	 	 	http://rdf.freebase.com/ns/m.045z2gk	 	 	2	0.816497	0.69897	1		
0	http://rdf.freebase.com/ns/kg.object_profile.prominent_type	 	Location	 	 	 	 	 	Educational Institution	 	 	2	0.816497	0.69897	1		
2	http://rdf.freebase.com/ns/organization.organization.date_founded;http://www.wikidata.org/entity/P571c;http://yago-knowledge.org/resource/wasCreatedOnDate	 	1993	1993	1993/1/1	 	 	 	1882	 	1882-01-01	5	0.68313	0.30103	1		
0	http://rdf.freebase.com/ns/type.object.key	 	/wikipedia/en_id/2593646; /wikipedia/en_title/The_Beacon_School	 	 	 	 	 	/wikipedia/en/The_New_Beacon_Preparatory_School; /wikipedia/en_id/5880091	 	 	2	0.816497	0.69897	1		
0	http://rdf.freebase.com/ns/type.object.name	 	The Beacon School	 	 	 	 	 	New Beacon School	 	 	2	0.816497	0.69897	1		
0	http://rdf.freebase.com/ns/type.object.type	 	Employer; Organization	 	 	 	 	 	Educational Institution	 	 	2	0.478714	0.69897	1		
0	http://www.w3.org/2004/02/skos/core#prefLabel	 	 	 	The Beacon School	 	 	 	 	 	New Beacon School	2	0.816497	0.69897	1		
0	http://yago-knowledge.org/resource/hasCitationTitle	 	 	 	A National Championship for Beacon Tennis; Alumni Seethe at Club Red	 	 	 	 	 	 	1	0.816497	1	1		
0	http://yago-knowledge.org/resource/hasWikipediaAnchorText	 	 	 	community service; 41st Street and 10th Avenue	 	 	 	 	 	Tonbridge School; Anne, Princess Royal	2	0.804518	0.69897	1		
0	http://yago-knowledge.org/resource/hasWikipediaArticleLength	 	 	 	18112	 	 	 	 	 	6252	2	0.816497	0.69897	1		
0	http://yago-knowledge.org/resource/hasWikipediaUrl	 	 	 	http://en.wikipedia.org/wiki/The_Beacon_School	 	 	 	 	 	http://en.wikipedia.org/wiki/New_Beacon_School	2	0.816497	0.69897	1		
0	http://yago-knowledge.org/resource/linksTo	 	 	 	10th Avenue (IRT Flushing Line); 7 Subway Extension	 	 	 	 	 	Anne, Princess Royal; Anthony Powell	2	0.802773	0.69897	1		
0	http://yago-knowledge.org/resource/redirectedFrom	 	 	 	The beacon school	 	 	 	 	 	The New Beacon Preparatory School	2	0.816497	0.69897	1		
0	http://dbpedia.org/ontology/motto	 	 	 	 	Find Your Own Light; Lux Tua Inveniatur	 	(Give light out of darkness); Dare Exfumo Lucem	 	 	 	2	0.816497	0.69897	1		
0	http://dbpedia.org/ontology/staff	 	 	 	 	20	 	 	 	 	 	1	0.57735	1	1		
0	http://dbpedia.org/ontology/headLabel	 	 	 	 	 	 	Headmaster	 	 	 	1	0.57735	1	1		
0	http://dbpedia.org/ontology/lowerAge	 	 	 	 	 	 	4	 	 	 	1	0.57735	1	1		
0	http://dbpedia.org/ontology/officialSchoolColour	 	 	 	 	 	 	Red and Navy	 	 	 	1	0.57735	1	1		
0	http://dbpedia.org/ontology/upperAge	 	 	 	 	 	 	13	 	 	 	1	0.57735	1	1		
0	http://rdf.freebase.com/ns/education.educational_institution.school_type	 	 	 	 	 	 	 	Independent school	 	 	1	0.57735	1	1		
0	http://rdf.freebase.com/ns/education.educational_institution.students_graduates	 	 	 	 	 	 	 	New Beacon School	 	 	1	0.57735	1	1		
0	http://yago-knowledge.org/resource/hasMotto	 	 	 	 	 	 	 	 	 	Dare Exfumo Lucem	1	0.57735	1	1		
