score	dataset	dbpedia	freebase	wikidata	yago-knowledge	freebase	wikidata	yago-knowledge	dbpedia	wikidata	yago-knowledge						
	entity	http://dbpedia.org/resource/Exeter_High_School_(New_Hampshire)	http://rdf.freebase.com/ns/m.02pl_hf	http://www.wikidata.org/entity/Q5420122	http://yago-knowledge.org/resource/Exeter_High_School_(New_Hampshire)	http://rdf.freebase.com/ns/m.0ylvj	http://www.wikidata.org/entity/Q81173	http://yago-knowledge.org/resource/Exeter_College,_Oxford	http://dbpedia.org/resource/University_of_Exeter	http://www.wikidata.org/entity/Q1414861	http://yago-knowledge.org/resource/University_of_Exeter_Debating_Society						
0	http://dbpedia.org/ontology/abstract	Exeter High School is a public high school in Exeter, New Hampshire, in the United States. It serves	 	 	 	 	 	 	The University of Exeter is a public research university located in Exeter, Devon, South West Englan	 	 	2	0.816497	0.69897	1		
0	http://dbpedia.org/ontology/address	1 Blue Hawk Dr.	 	 	 	 	 	 	 	 	 	1	0.57735	1	1		
0	http://dbpedia.org/ontology/city;http://rdf.freebase.com/ns/organization.organization.headquarters;http://www.wikidata.org/entity/P131c;http://www.wikidata.org/entity/P17c;http://yago-knowledge.org/resource/isLocatedIn	Exeter, New Hampshire	http://rdf.freebase.com/ns/m.0dhh2z9	New Hampshire; United States of America	Exeter, New Hampshire; United States	http://rdf.freebase.com/ns/m.0h80jnm	United Kingdom	Turl Street	Penryn, Cornwall	United Kingdom	 	9	0.645497	0.045757	1		
0	http://dbpedia.org/ontology/facultySize	204	 	 	 	 	 	 	1257	 	 	2	0.816497	0.69897	1		
2	http://dbpedia.org/ontology/foundingDate;http://rdf.freebase.com/ns/organization.organization.date_founded;http://yago-knowledge.org/resource/wasCreatedOnDate;http://www.wikidata.org/entity/P571c	1912/9/9	1954	 	1912/9/9	 	1314	1314-01-01	 	1955	1893-01-01	7	0.723747	0.154902	1		
0	http://dbpedia.org/ontology/foundingYear	1912	 	 	 	 	 	 	 	 	 	1	0.57735	1	1		
0	http://dbpedia.org/ontology/grades	High school	 	 	 	 	 	 	 	 	 	1	0.57735	1	1		
0	http://dbpedia.org/ontology/mascot	The Blue Hawk	 	 	 	 	 	 	 	 	 	1	0.57735	1	1		
0	http://dbpedia.org/ontology/numberOfStudents	1704	 	 	 	 	 	 	 	 	 	1	0.57735	1	1		
0	http://dbpedia.org/ontology/state	New Hampshire	 	 	 	 	 	 	 	 	 	1	0.57735	1	1		
0	http://dbpedia.org/ontology/thumbnail	http://commons.wikimedia.org/wiki/Special:FilePath/Tuck_High_School_Building,_Exeter,_NH.jpg?width=3	 	 	 	 	 	 	http://commons.wikimedia.org/wiki/Special:FilePath/Exeter_Phoenix_-_geograph.org.uk_-_315723.jpg?wid	 	 	2	0.816497	0.69897	1		
0	http://dbpedia.org/ontology/type	Public school (government funded)	 	 	 	 	 	 	Public university	 	 	2	0.816497	0.69897	1		
0	http://dbpedia.org/ontology/wikiPageExternalLink	http://ehs.sau16.org/; http://wikipedia.org/wiki/New_Hampshire_Interscholastic_Athletic_Association	 	 	 	 	 	 	http://www.britishpathe.com/record.php?id=15008; http://www.exeter.ac.uk	 	 	2	0.816497	0.69897	1		
2	http://dbpedia.org/ontology/wikiPageID;http://rdf.freebase.com/key/wikipedia.en_id	9617494	9617494	 	 	128331	 	 	33719893	 	 	4	0.645497	0.39794	1		
0	http://dbpedia.org/ontology/wikiPageLength	17181	 	 	 	 	 	 	60987	 	 	2	0.816497	0.69897	1		
0	http://dbpedia.org/ontology/wikiPageOutDegree	77	 	 	 	 	 	 	288	 	 	2	0.816497	0.69897	1		
0	http://dbpedia.org/ontology/wikiPageRevisionID	745117664	 	 	 	 	 	 	745314678	 	 	2	0.816497	0.69897	1		
0	http://purl.org/dc/terms/subject	1954 establishments in New Hampshire; Public high schools in New Hampshire	 	 	 	 	 	 	Buildings and structures in Exeter; Russell Group	 	 	2	0.816497	0.69897	1		
0	http://www.georss.org/georss/point	43.01677 -71.00042	 	 	 	 	 	 	 	 	 	1	0.57735	1	1		
0	http://www.w3.org/1999/02/22-rdf-syntax-ns#type;http://www.wikidata.org/entity/P31c	EducationalOrganization; educational institution	Educational Institution	high school	wikicat Educational institutions established in 1954; wordnet secondary school 108284481	Architectural structure owner; Building complex	college of the University of Oxford; university building	wikicat Buildings and structures of the University of Oxford; wordnet building 102913152	CollegeOrUniversity; EducationalOrganization	university	wikicat Clubs and societies of Exeter University; wordnet association 108049401	10	0.51266	0	1		
1	http://www.w3.org/2000/01/rdf-schema#comment;http://rdf.freebase.com/ns/common.topic.description	Exeter High School is a public high school in Exeter, New Hampshire, in the United States. It serves	Exeter High School is a public high school in Exeter, New Hampshire, in the United States. It serves	 	 	Exeter College is one of the constituent colleges of the University of Oxford in England and the fou	 	 	The University of Exeter is a public research university located in Exeter, Devon, South West Englan	 	 	4	0.645497	0.39794	1		
2	http://www.w3.org/2000/01/rdf-schema#label	Exeter High School (New Hampshire)	Exeter High School	Exeter High School	Exeter High School (New Hampshire)	Exeter College, Oxford	Exeter College	The Rector and Scholars of Exeter College in the University of Oxford	University of Exeter	University of Exeter	University of Exeter Debating Society	10	0.452911	0	1		
1	http://www.w3.org/2002/07/owl#sameAs	Exeter High School	 	 	 	 	 	Exeter College, Oxford	University of Exeter Debating Society	 	University of Exeter Debating Society	4	0.57735	0.39794	0		
2	http://www.w3.org/2003/01/geo/wgs84_pos#lat;http://yago-knowledge.org/resource/hasLatitude	43.017	43.017	43.017	43.017	51.754	 	 	 	50.737	 	6	0.408248	0.221849	1		
2	http://www.w3.org/2003/01/geo/wgs84_pos#long;http://yago-knowledge.org/resource/hasLongitude	-71	-71	-71	-71	-1.256	 	 	 	-3.534	 	6	0.408248	0.221849	1		
0	http://www.w3.org/ns/prov#wasDerivedFrom	http://en.wikipedia.org/wiki/Exeter_High_School_(New_Hampshire)?oldid=745117664	 	 	 	 	 	 	http://en.wikipedia.org/wiki/University_of_Exeter?oldid=745314678	 	 	2	0.816497	0.69897	1		
0	http://xmlns.com/foaf/0.1/depiction	http://commons.wikimedia.org/wiki/Special:FilePath/Tuck_High_School_Building,_Exeter,_NH.jpg	 	 	 	 	 	 	http://commons.wikimedia.org/wiki/Special:FilePath/Exeter_Phoenix_-_geograph.org.uk_-_315723.jpg	 	 	2	0.816497	0.69897	1		
3	http://xmlns.com/foaf/0.1/homepage;http://rdf.freebase.com/ns/common.topic.official_website;http://www.wikidata.org/entity/P856c;http://yago-knowledge.org/resource/hasWebsite	http://ehs.sau16.org/	http://www.ehs.sau16.org/	http://ehs.sau16.org/	http://ehs.sau16.org/	http://www.exeter.ox.ac.uk/	http://www.exeter.ox.ac.uk/	 	http://www.exeter.ac.uk	http://www.ex.ac.uk	 	8	0.540062	0.09691	1		
1	http://xmlns.com/foaf/0.1/isPrimaryTopicOf;http://rdf.freebase.com/ns/common.topic.topic_equivalent_webpage	http://en.wikipedia.org/wiki/Exeter_High_School_(New_Hampshire)	http://en.wikipedia.org/wiki/Exeter_High_School_(New_Hampshire)	 	 	http://de.wikipedia.org/wiki/index.html?curid=426677; http://fr.wikipedia.org/wiki/Coll%E8ge_d'Exete	 	 	http://en.wikipedia.org/wiki/University_of_Exeter	 	 	4	0.791623	0.39794	1		
0	http://xmlns.com/foaf/0.1/name	Exeter High School	 	 	 	 	 	 	University of Exeter	 	 	2	0.816497	0.69897	1		
0	http://rdf.freebase.com/key/authority.nces.nces_id	 	330000000000	 	 	 	 	 	 	 	 	1	0.57735	1	1		
0	http://rdf.freebase.com/key/en	 	exeter_high_school	 	 	exeter_college_oxford	 	 	 	 	 	2	0.816497	0.69897	1		
0	http://rdf.freebase.com/key/wikipedia.en	 	Exeter_High_School_(Exeter,_New_Hampshire)	 	 	Exeter_College,_Oxford; Stapeldon_Hall	 	 	 	 	 	2	0.816497	0.69897	1		
0	http://rdf.freebase.com/key/wikipedia.en_title	 	Exeter_High_School_(New_Hampshire)	 	 	Exeter_College,_Oxford	 	 	 	 	 	2	0.816497	0.69897	1		
1	http://rdf.freebase.com/ns/common.topic.article;http://schema.org/description	 	Exeter High School is a public high school located in Exeter, New Hampshire, in the United States. I	 	 	Exeter College (in full: The Rector and Scholars of Exeter College in the University of Oxford) is o	constituent college of the University of Oxford	 	 	public research university located in South West England, United Kingdom	 	4	0.816497	0.39794	1		
0	http://rdf.freebase.com/ns/common.topic.image	 	The Talon 4.1	 	 	Exeter College Oxford crest	 	 	 	 	 	2	0.816497	0.69897	1		
0	http://rdf.freebase.com/ns/common.topic.notable_for	 	High school	 	 	College/University	 	 	 	 	 	2	0.816497	0.69897	1		
0	http://rdf.freebase.com/ns/common.topic.notable_types	 	School	 	 	College/University	 	 	 	 	 	2	0.816497	0.69897	1		
0	http://rdf.freebase.com/ns/common.topic.topical_webpage	 	http://ehs.sau16.org/	 	 	 	 	 	 	 	 	1	0.57735	1	1		
0	http://rdf.freebase.com/ns/common.topic.webpage	 	http://rdf.freebase.com/ns/m.040gs4x	 	 	http://rdf.freebase.com/ns/m.04lyydn	 	 	 	 	 	2	0.816497	0.69897	1		
0	http://rdf.freebase.com/ns/education.educational_institution.phone_number	 	(603) 775-8402	 	 	01865 279600	 	 	 	 	 	2	0.816497	0.69897	1		
0	http://rdf.freebase.com/ns/education.educational_institution.school_type	 	Public school	 	 	 	 	 	 	 	 	1	0.816497	1	1		
0	http://rdf.freebase.com/ns/education.educational_institution.students_graduates	 	Exeter High School	 	 	Exeter College, Oxford	 	 	 	 	 	2	0.571699	0.69897	1		
0	http://rdf.freebase.com/ns/education.school.nces_school_id	 	330000000000	 	 	 	 	 	 	 	 	1	0.57735	1	1		
0	http://rdf.freebase.com/ns/education.school.school_district	 	Exeter Region Cooperative School District	 	 	 	 	 	 	 	 	1	0.57735	1	1		
0	http://rdf.freebase.com/ns/kg.object_profile.prominent_type	 	School	 	 	College/University	 	 	 	 	 	2	0.816497	0.69897	1		
0	http://rdf.freebase.com/ns/type.object.key	 	/authority/nces/nces_id/330001700106; /wikipedia/en_id/9617494	 	 	/user/avh/ellerdale/0080-4609; /wikipedia/de_id/426677	 	 	 	 	 	2	0.816497	0.69897	1		
0	http://rdf.freebase.com/ns/type.object.name	 	Exeter High School	 	 	Exeter College, Oxford	 	 	 	 	 	2	0.816497	0.69897	1		
0	http://rdf.freebase.com/ns/type.object.type	 	Educational Institution	 	 	Architectural structure owner; Building complex	 	 	 	 	 	2	0.57735	0.69897	1		
0	http://www.wikidata.org/entity/P1566c	 	 	7534240	 	 	 	 	 	6324524	 	2	0.816497	0.69897	1		
0	http://www.wikidata.org/entity/P158c	 	 	http://commons.wikimedia.org/wiki/File:Exeter_High_Seal.jpg	 	 	 	 	 	 	 	1	0.57735	1	1		
0	http://www.wikidata.org/entity/P18c	 	 	http://commons.wikimedia.org/wiki/File:Exeter_High_School_(New_Hampshire).jpg	 	 	http://commons.wikimedia.org/wiki/File:Exeter_College_as_viewed_on_Broad_Street.jpg	 	 	 	 	2	0.816497	0.69897	1		
0	http://www.w3.org/2004/02/skos/core#prefLabel	 	 	 	Exeter High School (New Hampshire)	 	 	Exeter College, Oxford	 	 	University of Exeter Debating Society	3	0.816497	0.522879	1		
0	http://yago-knowledge.org/resource/hasCitationTitle	 	 	 	Exeter Paralympian Victoria Arlen working in bid to walk again; Exeter, New Hampshire: 1888 - 1988	 	 	Filming locations for His Dark Materials: The Golden Compass; Undergraduate numbers by college 2011-	 	 	 	2	0.816497	0.69897	1		
0	http://yago-knowledge.org/resource/hasWikipediaAnchorText	 	 	 	Boys and Girls Indoor Track; High school (9-12)	 	 	John Maddicott; Benjamin Britten	 	 	Ben Bradshaw; Patrick Mayhew	3	0.802328	0.522879	1		
0	http://yago-knowledge.org/resource/hasWikipediaArticleLength	 	 	 	15840	 	 	16108	 	 	 	2	0.816497	0.69897	1		
0	http://yago-knowledge.org/resource/hasWikipediaUrl	 	 	 	http://en.wikipedia.org/wiki/Exeter_High_School_%28New_Hampshire%29	 	 	http://en.wikipedia.org/wiki/Exeter_College%2C_Oxford	 	 	 	2	0.816497	0.69897	1		
0	http://yago-knowledge.org/resource/linksTo	 	 	 	American football; Julie Dubela	 	 	Raymond Dwek; Benjamin Britten	 	 	 	2	0.816497	0.69897	1		
0	http://yago-knowledge.org/resource/redirectedFrom	 	 	 	Exeter High School (Exeter, New Hampshire)	 	 	Exeter college oxford; Stapeldon Hall	 	 	 	2	0.816497	0.69897	1		
0	http://rdf.freebase.com/key/user.avh.ellerdale	 	 	 	 	0080-4609	 	 	 	 	 	1	0.57735	1	1		
0	http://rdf.freebase.com/ns/architecture.architectural_structure_owner.structures_owned	 	 	 	 	Exeter College Chapel	 	 	 	 	 	1	0.57735	1	1		
0	http://rdf.freebase.com/ns/architecture.structure.architect;http://www.wikidata.org/entity/P84c	 	 	 	 	George Gilbert Scott	George Gilbert Scott	 	 	 	 	2	0.57735	0.69897	1		
0	http://rdf.freebase.com/ns/common.topic.alias	 	 	 	 	The Rector and Scholars of Exeter College in the University of Oxford	 	 	 	 	 	1	0.57735	1	1		
0	http://rdf.freebase.com/ns/education.educational_institution.campuses	 	 	 	 	Exeter College, Oxford, main campus	 	 	 	 	 	1	0.57735	1	1		
0	http://rdf.freebase.com/ns/education.educational_institution.parent_institution	 	 	 	 	University of Oxford	 	 	 	 	 	1	0.57735	1	1		
0	http://rdf.freebase.com/ns/education.educational_institution.total_enrollment	 	 	 	 	540	 	 	 	 	 	1	0.816497	1	1		
0	http://rdf.freebase.com/ns/education.university.domestic_tuition	 	 	 	 	http://rdf.freebase.com/ns/m.0h80lr8	 	 	 	 	 	1	0.57735	1	1		
0	http://rdf.freebase.com/ns/education.university.international_tuition	 	 	 	 	http://rdf.freebase.com/ns/m.0h80ljt	 	 	 	 	 	1	0.57735	1	1		
0	http://rdf.freebase.com/ns/education.university.local_tuition	 	 	 	 	http://rdf.freebase.com/ns/m.0h80kf2	 	 	 	 	 	1	0.57735	1	1		
0	http://rdf.freebase.com/ns/education.university.number_of_postgraduates	 	 	 	 	200	 	 	 	 	 	1	0.57735	1	1		
0	http://rdf.freebase.com/ns/education.university.number_of_undergraduates	 	 	 	 	340	 	 	 	 	 	1	0.816497	1	1		
0	http://rdf.freebase.com/ns/freebase.valuenotation.has_value	 	 	 	 	Acceptance rate	 	 	 	 	 	1	0.57735	1	1		
0	http://rdf.freebase.com/ns/organization.endowed_organization.endowment	 	 	 	 	http://rdf.freebase.com/ns/m.010l0w5t	 	 	 	 	 	1	0.57735	1	1		
0	http://rdf.freebase.com/ns/organization.organization.founders;http://www.wikidata.org/entity/P112c	 	 	 	 	Walter de Stapledon	Walter de Stapledon	 	 	 	 	2	0.57735	0.69897	1		
0	http://rdf.freebase.com/ns/organization.organization.leadership	 	 	 	 	Frances Cairncross	 	 	 	 	 	1	0.57735	1	1		
0	http://rdf.freebase.com/ns/user.avh.default_domain.ellerdale_topic.ellerdale_id	 	 	 	 	0080-4609	 	 	 	 	 	1	0.57735	1	1		
0	http://rdf.freebase.com/ns/user.maxim75.default_domain.dbpedia_import.geocode_checked	 	 	 	 	2010/8/30	 	 	 	 	 	1	0.57735	1	1		
0	http://rdf.freebase.com/ns/visual_art.art_owner.artworks_owned	 	 	 	 	http://rdf.freebase.com/ns/m.09k15kt	 	 	 	 	 	1	0.57735	1	1		
0	http://www.w3.org/2004/02/skos/core#altLabel	 	 	 	 	 	The Rector and Scholars of Exeter College in the University of Oxford	 	 	Exeter University	 	2	0.816497	0.69897	1		
0	http://www.wikidata.org/entity/P1216c	 	 	 	 	 	1199140	 	 	 	 	1	0.57735	1	1		
0	http://www.wikidata.org/entity/P138c	 	 	 	 	 	Walter de Stapledon	 	 	 	 	1	0.57735	1	1		
0	http://www.wikidata.org/entity/P1435c	 	 	 	 	 	Grade I listed building	 	 	 	 	1	0.57735	1	1		
0	http://www.wikidata.org/entity/P214c	 	 	 	 	 	127801450	 	 	126295033	 	2	0.816497	0.69897	1		
0	http://www.wikidata.org/entity/P268c	 	 	 	 	 	12531462t	 	 	118680496	 	2	0.816497	0.69897	1		
0	http://www.wikidata.org/entity/P269c	 	 	 	 	 	66512727	 	 	26431823	 	2	0.816497	0.69897	1		
0	http://www.wikidata.org/entity/P373c	 	 	 	 	 	Exeter College, Oxford	 	 	University of Exeter	 	2	0.816497	0.69897	1		
0	http://www.wikidata.org/entity/P646-freebase	 	 	 	 	 	Exeter College, Oxford	 	 	University of Exeter	 	2	0.816497	0.69897	1		
0	http://www.wikidata.org/entity/P646c	 	 	 	 	 	/m/0ylvj	 	 	/m/01jvxb	 	2	0.816497	0.69897	1		
0	http://www.wikidata.org/entity/P910c	 	 	 	 	 	Category:Exeter College, Oxford	 	 	Category:University of Exeter	 	2	0.816497	0.69897	1		
0	http://dbpedia.org/ontology/affiliation	 	 	 	 	 	 	 	Association of Commonwealth Universities; European University Association	 	 	1	0.816497	1	1		
0	http://dbpedia.org/ontology/campus	 	 	 	 	 	 	 	Penryn, Cornwall; St Luke's Campus	 	 	1	0.816497	1	1		
0	http://dbpedia.org/ontology/chancellor	 	 	 	 	 	 	 	Paul Myners, Baron Myners	 	 	1	0.57735	1	1		
0	http://dbpedia.org/ontology/endowment	 	 	 	 	 	 	 	33200000	 	 	1	0.57735	1	1		
0	http://dbpedia.org/ontology/head	 	 	 	 	 	 	 	Elizabeth II	 	 	1	0.57735	1	1		
0	http://dbpedia.org/ontology/motto	 	 	 	 	 	 	 	Lucem sequimur; We follow the light	 	 	1	0.816497	1	1		
0	http://dbpedia.org/ontology/officialSchoolColour	 	 	 	 	 	 	 	Green and white	 	 	1	0.57735	1	1		
0	http://dbpedia.org/ontology/staff	 	 	 	 	 	 	 	2020	 	 	1	0.57735	1	1		
0	http://dbpedia.org/ontology/viceChancellor	 	 	 	 	 	 	 	Steve Smith (academic)	 	 	1	0.57735	1	1		
0	http://www.wikidata.org/entity/P1207c	 	 	 	 	 	 	 	 	n2011050956	 	1	0.57735	1	1		
0	http://www.wikidata.org/entity/P1602c	 	 	 	 	 	 	 	 	university-of-exeter-5082	 	1	0.57735	1	1		
0	http://www.wikidata.org/entity/P213c	 	 	 	 	 	 	 	 	0000 0004 1936 8024	 	1	0.57735	1	1		
0	http://www.wikidata.org/entity/P227c	 	 	 	 	 	 	 	 	4078500	 	1	0.57735	1	1		
0	http://www.wikidata.org/entity/P2427c	 	 	 	 	 	 	 	 	grid.8391.3	 	1	0.57735	1	1		
0	http://www.wikidata.org/entity/P244c	 	 	 	 	 	 	 	 	n80051817	 	1	0.57735	1	1		
0	http://www.wikidata.org/entity/P409c	 	 	 	 	 	 	 	 	35072601	 	1	0.57735	1	1		
0	http://www.wikidata.org/entity/P463c	 	 	 	 	 	 	 	 	Russell Group	 	1	0.57735	1	1		
0	http://www.wikidata.org/entity/P691c	 	 	 	 	 	 	 	 	kn20071202001	 	1	0.57735	1	1		
0	http://www.wikidata.org/entity/P935c	 	 	 	 	 	 	 	 	University of Exeter	 	1	0.57735	1	1		
0	http://www.wikidata.org/entity/P950c	 	 	 	 	 	 	 	 	XX103055	 	1	0.57735	1	1		
