score	dataset	dbpedia	freebase	wikidata	yago-knowledge	dbpedia	freebase	wikidata	yago-knowledge	freebase	wikidata						
	entity	http://dbpedia.org/resource/University_of_Victoria	http://rdf.freebase.com/ns/m.07wlt	http://www.wikidata.org/entity/Q1458113	http://yago-knowledge.org/resource/University_of_Victoria	http://dbpedia.org/resource/University_of_Vienna	http://rdf.freebase.com/ns/m.0dy04	http://www.wikidata.org/entity/Q165980	http://yago-knowledge.org/resource/University_of_Vienna	http://rdf.freebase.com/ns/m.0g8rj	http://www.wikidata.org/entity/Q213439						
0	http://dbpedia.org/ontology/abstract	The University of Victoria (UVic or Victoria) is a public research university located in Saanich and	 	 	 	The University of Vienna (German: Universität Wien) is a public university located in Vienna, Austri	 	 	 	 	 	2	0.816497	0.69897	1		
0	http://dbpedia.org/ontology/affiliation	Association of Universities and Colleges of Canada; Canadian Bureau for International Education	 	 	 	European University Foundation - Campus Europae	 	 	 	 	 	2	0.816497	0.69897	1		
0	http://dbpedia.org/ontology/athletics	Canada West Universities Athletic Association; Canadian Interuniversity Sport	 	 	 	 	 	 	 	 	 	1	0.816497	1	1		
0	http://dbpedia.org/ontology/campus	Urban area	 	 	 	 	 	 	 	 	 	1	0.57735	1	1		
1	http://dbpedia.org/ontology/city;http://rdf.freebase.com/ns/organization.organization.headquarters;http://www.wikidata.org/entity/P131c;http://www.wikidata.org/entity/P17c;http://yago-knowledge.org/resource/isLocatedIn;http://dbpedia.org/ontology/country	Greater Victoria	http://rdf.freebase.com/ns/m.05gnm72	Victoria	Victoria, British Columbia	Vienna	http://rdf.freebase.com/ns/m.0h9990k	Vienna	Austria	http://rdf.freebase.com/ns/m.0cnnmf6	Charlottesville; United States of America	10	0.65679	0	1		
0	http://dbpedia.org/ontology/endowment	374000000	 	 	 	 	 	 	 	 	 	1	0.57735	1	1		
0	http://dbpedia.org/ontology/facultySize	886	 	 	 	6765	 	 	 	 	 	2	0.816497	0.69897	1		
0	http://dbpedia.org/ontology/formerName	Victoria College	 	 	 	 	 	 	 	 	 	1	0.57735	1	1		
0	http://dbpedia.org/ontology/mascot	Thunder	 	 	 	 	 	 	 	 	 	1	0.57735	1	1		
0	http://dbpedia.org/ontology/motto	"A multitude of the wise is the health of the world; ""multitudo sapientium sanitas orbis"" (Latin)"	 	 	 	 	 	 	 	 	 	1	0.816497	1	1		
0	http://dbpedia.org/ontology/numberOfPostgraduateStudents	3412	 	 	 	16490	 	 	 	 	 	2	0.816497	0.69897	1		
0	http://dbpedia.org/ontology/numberOfStudents	21209	 	 	 	94000	 	 	 	 	 	2	0.816497	0.69897	1		
0	http://dbpedia.org/ontology/numberOfUndergraduateStudents	17797	 	 	 	 	 	 	 	 	 	1	0.57735	1	1		
0	http://dbpedia.org/ontology/officialSchoolColour	Blue	 	 	 	BlueandWhite	 	 	 	 	 	2	0.816497	0.69897	1		
0	http://dbpedia.org/ontology/president	Queen's Counsel; http://dbpedia.org/resource/Jamie_Cassels	 	 	 	Heinz Engl	 	 	 	 	 	2	0.816497	0.69897	1		
0	http://dbpedia.org/ontology/provost	PhD	 	 	 	 	 	 	 	 	 	1	0.57735	1	1		
0	http://dbpedia.org/ontology/staff	4606	 	 	 	3106	 	 	 	 	 	2	0.816497	0.69897	1		
0	http://dbpedia.org/ontology/state	British Columbia	 	 	 	 	 	 	 	 	 	1	0.57735	1	1		
0	http://dbpedia.org/ontology/thumbnail	http://commons.wikimedia.org/wiki/Special:FilePath/Craigdarroch_ext_01.jpg?width=300	 	 	 	http://commons.wikimedia.org/wiki/Special:FilePath/Austria_50_Schilling_1965_Vienna_University_Silve	 	 	 	 	 	2	0.816497	0.69897	1		
0	http://dbpedia.org/ontology/type	Public university	 	 	 	Public University	 	 	 	 	 	2	0.816497	0.69897	1		
0	http://dbpedia.org/ontology/wikiPageExternalLink	http://oncampus.macleans.ca/education/2013/10/31/2014-university-rankings-comprehensive-category-res	 	 	 	http://studieren.univie.ac.at/index.php?id=364	 	 	 	 	 	2	0.816497	0.69897	1		
2	http://dbpedia.org/ontology/wikiPageID;http://rdf.freebase.com/key/wikipedia.en_id	32098	32098	 	 	53049	53049	 	 	59801	 	5	0.516398	0.30103	1		
0	http://dbpedia.org/ontology/wikiPageLength	66480	 	 	 	27193	 	 	 	 	 	2	0.816497	0.69897	1		
0	http://dbpedia.org/ontology/wikiPageOutDegree	254	 	 	 	263	 	 	 	 	 	2	0.816497	0.69897	1		
0	http://dbpedia.org/ontology/wikiPageRevisionID	743035464	 	 	 	744022896	 	 	 	 	 	2	0.816497	0.69897	1		
0	http://purl.org/dc/terms/subject	Educational institutions established in 1903; Saanich, British Columbia	 	 	 	1365 establishments in Austria; Buildings and structures in Vienna	 	 	 	 	 	2	0.816497	0.69897	1		
0	http://www.georss.org/georss/point	48.463325 -123.311751	 	 	 	48.213055555555556 16.35972222222222	 	 	 	 	 	2	0.816497	0.69897	1		
0	http://www.w3.org/1999/02/22-rdf-syntax-ns#type;http://www.wikidata.org/entity/P31c	CollegeOrUniversity; EducationalOrganization	College/University; Educational institution extra	university	wikicat Educational institutions established in 1903; wikicat Organizations based in British Columbi	CollegeOrUniversity; EducationalOrganization	College/University; Educational Institution Campus	university	wikicat Educational institutions established in the 14th century; wordnet university 108286569	Architectural structure owner; Ontology Instance	Original Public Ivy; public educational institution of the United States	10	0.361478	0	1		
2	http://www.w3.org/2000/01/rdf-schema#comment;http://rdf.freebase.com/ns/common.topic.description	The University of Victoria (UVic or Victoria) is a public research university located in Saanich and	The University of Victoria is a public research university located in Saanich and Oak Bay within Gre	 	 	The University of Vienna (German: Universität Wien) is a public university located in Vienna, Austri	The University of Vienna is a public university located in Vienna, Austria. It was founded by Duke R	 	 	The University of Virginia, often referred to as simply Virginia, is a public research university in	 	5	0.816497	0.30103	1		
2	http://www.w3.org/2000/01/rdf-schema#label	University of Victoria	University of Victoria	University of Victoria	University of Victoria; Victoria University	University of Vienna	University of Vienna; Πανεπιστήμιο της Βιέννης	University of Vienna	Universiteit van Wenen; University of Vienna	University of Virginia; Вірджинський університет	University of Virginia	10	0.478714	0	1		
0	http://www.w3.org/2002/07/owl#sameAs	 	 	 	 	Universität Wien	 	 	 	 	 	1	0.57735	1	0		
3	http://www.w3.org/2003/01/geo/wgs84_pos#lat;http://yago-knowledge.org/resource/hasLatitude	48.463	48.463	48.463	48.463	48.213	48.213	48.213	48.213	38.035	38.035	10	0.182574	0	1		
3	http://www.w3.org/2003/01/geo/wgs84_pos#long;http://yago-knowledge.org/resource/hasLongitude	-123.312	-123.312	-123.312	-123.312	16.36	16.36	16.36	16.36	-78.505	-78.505	10	0.182574	0	1		
0	http://www.w3.org/ns/prov#wasDerivedFrom	http://en.wikipedia.org/wiki/University_of_Victoria?oldid=743035464	 	 	 	http://en.wikipedia.org/wiki/University_of_Vienna?oldid=744022896	 	 	 	 	 	2	0.816497	0.69897	1		
0	http://xmlns.com/foaf/0.1/depiction	http://commons.wikimedia.org/wiki/Special:FilePath/Craigdarroch_ext_01.jpg	 	 	 	http://commons.wikimedia.org/wiki/Special:FilePath/Austria_50_Schilling_1965_Vienna_University_Silve	 	 	 	 	 	2	0.816497	0.69897	1		
3	http://xmlns.com/foaf/0.1/homepage;http://rdf.freebase.com/ns/common.topic.official_website;http://www.wikidata.org/entity/P856c;http://yago-knowledge.org/resource/hasWebsite	http://www.uvic.ca	http://www.uvic.ca/	http://www.uvic.ca	http://www.uvic.ca/	http://www.univie.ac.at/en	http://www.univie.ac.at/	http://www.univie.ac.at/	http://www.univie.ac.at/en	http://www.virginia.edu/	http://www.virginia.edu/	10	0.348155	0	1		
1	http://xmlns.com/foaf/0.1/isPrimaryTopicOf;http://rdf.freebase.com/ns/common.topic.topic_equivalent_webpage	http://en.wikipedia.org/wiki/University_of_Victoria	http://de.wikipedia.org/wiki/index.html?curid=4901975; http://vi.wikipedia.org/wiki/%10%A1i_h%CDc_Vi	 	 	http://en.wikipedia.org/wiki/University_of_Vienna	http://ar.wikipedia.org/wiki/%2C%27%45%39%29_%41%4A%4A%46%27; http://sl.wikipedia.org/wiki/Univerza_	 	 	http://ar.wikipedia.org/wiki/%2C%27%45%39%29_%41%31%2C%4A%46%4A%27; http://www.ranker.com/review/uni	 	5	0.808757	0.30103	1		
0	http://xmlns.com/foaf/0.1/name	University of Victoria	 	 	 	University of Vienna	 	 	 	 	 	2	0.816497	0.69897	1		
0	http://xmlns.com/foaf/0.1/nick	Victoria Vikes	 	 	 	 	 	 	 	 	 	1	0.57735	1	1		
0	http://rdf.freebase.com/key/authority.google.google_plus_page	 	1.07E+020	 	 	 	 	 	 	1.05E+020	 	2	0.816497	0.69897	1		
1	http://rdf.freebase.com/key/en	 	university_of_victoria	 	 	 	university_of_vienna	 	 	university_of_virginia	 	3	0.816497	0.522879	1		
1	http://rdf.freebase.com/key/user.avh.ellerdale	 	0080-3771	 	 	 	0080-de1b	 	 	0080-d8ff	 	3	0.816497	0.522879	1		
1	http://rdf.freebase.com/key/wikipedia.en	 	University_of_Victoria_in_British_Columbia	 	 	 	The_University_of_Vienna	 	 	Summer_Enrichment_Program_(University_of_Virginia); Thomas_Jefferson_Building_university_of_virginia	 	3	0.816497	0.522879	1		
1	http://rdf.freebase.com/key/wikipedia.en_title	 	University_of_Victoria	 	 	 	University_of_Vienna	 	 	University_of_Virginia	 	3	0.816497	0.522879	1		
0	http://rdf.freebase.com/ns/award.ranked_item.appears_in_ranked_lists	 	http://rdf.freebase.com/ns/m.0h6y8cq	 	 	 	http://rdf.freebase.com/ns/m.0h6szy3	 	 	http://rdf.freebase.com/ns/m.0ggmrby; http://rdf.freebase.com/ns/m.0h6l6sf	 	3	0.816497	0.522879	1		
0	http://rdf.freebase.com/ns/base.schemastaging.educational_institution_extra.libraries	 	Diana M. Priestly Law Library	 	 	 	 	 	 	Charles L. Brown Science And Engineering Library	 	2	0.816497	0.69897	1		
0	http://rdf.freebase.com/ns/business.employer.employees	 	Andrew Rippin; Angus Taylor	 	 	 	Adam František Kollár; Sigmund Freud	 	 	Alexander Hugh Holmes Stuart; Béatrix Beck	 	3	0.805076	0.522879	1		
0	http://rdf.freebase.com/ns/common.topic.alias	 	University of Victoria, main campus	 	 	 	University of Vienna, main campus	 	 	University of Virginia, Charlottesville; University of Virginia, main campus	 	3	0.816497	0.522879	1		
2	http://rdf.freebase.com/ns/common.topic.article;http://schema.org/description	 	The University of Victoria, often referred to as UVic, is the second oldest public research universi	university in Victoria, British Columbia	 	 	The University of Vienna (German: Universität Wien) is a public university located in Vienna, Austri	public university located in Vienna, Austria	 	The University of Virginia (often abbreviated as UVA or Virginia) is a public research university lo	public research university in Charlottesville, Virginia, United States	6	0.816497	0.221849	1		
0	http://rdf.freebase.com/ns/common.topic.notable_for	 	College/University	 	 	 	College/University	 	 	College/University	 	3	0.57735	0.522879	1		
0	http://rdf.freebase.com/ns/common.topic.notable_types	 	College/University	 	 	 	College/University	 	 	College/University	 	3	0.57735	0.522879	1		
0	http://rdf.freebase.com/ns/common.topic.social_media_presence	 	http://plus.google.com/107452859233271758742	 	 	 	 	 	 	http://plus.google.com/104748549139955579230	 	2	0.816497	0.69897	1		
0	http://rdf.freebase.com/ns/common.topic.webpage	 	http://rdf.freebase.com/ns/m.03ldlbp	 	 	 	http://rdf.freebase.com/ns/m.02h8myz	 	 	New York Times; http://rdf.freebase.com/ns/m.03lp05z	 	3	0.816497	0.522879	1		
0	http://rdf.freebase.com/ns/education.educational_institution.athletics_brand	 	Victoria Vikes	 	 	 	 	 	 	Virginia Cavaliers	 	2	0.816497	0.69897	1		
0	http://rdf.freebase.com/ns/education.educational_institution.campuses	 	University of Victoria Main Campus	 	 	 	University of Vienna	 	 	University of Virginia	 	3	0.816497	0.522879	1		
0	http://rdf.freebase.com/ns/education.educational_institution.colors	 	Blue	 	 	 	Blue	 	 	Blue	 	3	0.617213	0.522879	1		
0	http://rdf.freebase.com/ns/education.educational_institution.faculty	 	http://rdf.freebase.com/ns/m.05gnm7v	 	 	 	 	 	 	http://rdf.freebase.com/ns/m.0k905b6	 	2	0.816497	0.69897	1		
0	http://rdf.freebase.com/ns/education.educational_institution.mascot	 	University of Victoria Thunder	 	 	 	 	 	 	University of Virginia Cavalier	 	2	0.816497	0.69897	1		
0	http://rdf.freebase.com/ns/education.educational_institution.newspaper	 	The Martlet	 	 	 	 	 	 	The Cavalier Daily	 	2	0.816497	0.69897	1		
0	http://rdf.freebase.com/ns/education.educational_institution.number_of_staff	 	http://rdf.freebase.com/ns/m.05gnm89	 	 	 	 	 	 	 	 	1	0.57735	1	1		
1	http://rdf.freebase.com/ns/education.educational_institution.phone_number	 	250-721-7211	 	 	 	1/4277-10001	 	 	(434) 924-0311	 	3	0.816497	0.522879	1		
0	http://rdf.freebase.com/ns/education.educational_institution.school_type	 	Public university	 	 	 	Public university	 	 	Public university	 	3	0.57735	0.522879	1		
0	http://rdf.freebase.com/ns/education.educational_institution.students_graduates	 	University of Victoria	 	 	 	University of Vienna	 	 	University of Virginia	 	3	0.576395	0.522879	1		
0	http://rdf.freebase.com/ns/education.educational_institution.subsidiary_or_constituent_schools	 	University of Victoria Division of Continuing Studies; University of Victoria Division of Medical Sc	 	 	 	 	 	 	Batten School of Leadership and Public Policy; University of Virginia School of Architecture	 	2	0.816497	0.69897	1		
0	http://rdf.freebase.com/ns/education.educational_institution.total_enrollment	 	19905	 	 	 	87691	 	 	21095	 	3	0.816497	0.522879	1		
0	http://rdf.freebase.com/ns/education.university.domestic_tuition	 	http://rdf.freebase.com/ns/m.010c_cwx	 	 	 	http://rdf.freebase.com/ns/m.0zw1rrx	 	 	http://rdf.freebase.com/ns/m.0h6_wsb	 	3	0.816497	0.522879	1		
0	http://rdf.freebase.com/ns/education.university.international_tuition	 	http://rdf.freebase.com/ns/m.010c_dvv	 	 	 	http://rdf.freebase.com/ns/m.0zw1rz7	 	 	 	 	2	0.816497	0.69897	1		
0	http://rdf.freebase.com/ns/education.university.local_tuition	 	http://rdf.freebase.com/ns/m.010c_bvf	 	 	 	http://rdf.freebase.com/ns/m.0zw1rj3	 	 	http://rdf.freebase.com/ns/m.0h6_ws3; http://rdf.freebase.com/ns/m.0k7nv51	 	3	0.816497	0.522879	1		
0	http://rdf.freebase.com/ns/education.university.number_of_postgraduates	 	3042	 	 	 	 	 	 	6454	 	2	0.816497	0.69897	1		
0	http://rdf.freebase.com/ns/education.university.number_of_undergraduates	 	16777	 	 	 	 	 	 	14641	 	2	0.816497	0.69897	1		
0	http://rdf.freebase.com/ns/freebase.valuenotation.has_value	 	Acceptance rate	 	 	 	Acceptance rate; Number of undergraduates	 	 	International tuition	 	3	0.68313	0.522879	1		
0	http://rdf.freebase.com/ns/kg.object_profile.prominent_type	 	College/University	 	 	 	College/University	 	 	College/University	 	3	0.57735	0.522879	1		
0	http://rdf.freebase.com/ns/organization.endowed_organization.endowment	 	http://rdf.freebase.com/ns/m.010bz44h	 	 	 	 	 	 	http://rdf.freebase.com/ns/m.0h6l6qb	 	2	0.816497	0.69897	1		
3	http://rdf.freebase.com/ns/organization.organization.date_founded;http://www.wikidata.org/entity/P571c;http://yago-knowledge.org/resource/wasCreatedOnDate	 	1963	1903	1963/1/1	 	1365-03-12	1365-03-12	1365-01-01	1819	1819	8	0.666667	0.09691	1		
0	http://rdf.freebase.com/ns/organization.organization.leadership	 	David H. Turpin; Jamie Cassels	 	 	 	Georg Winckler; Heinz Werner Engl	 	 	Colgate Darden; Edwin Alderman	 	3	0.816497	0.522879	1		
0	http://rdf.freebase.com/ns/organization.organization_member.member_of	 	Canadian Council on Africa	 	 	 	 	 	 	Association of American Universities	 	2	0.816497	0.69897	1		
0	http://rdf.freebase.com/ns/type.object.key	 	/authority/google/google_plus_page/107452859233271758742; /wikipedia/ru_title/Викторианский_универси	 	 	 	/user/avh/ellerdale/0080-de1b; /wikipedia/sv/Högskolan_i_Wien	 	 	/authority/google/google_plus_page/104748549139955579230; /authority/nces/ipeds/234076	 	3	0.816497	0.522879	1		
0	http://rdf.freebase.com/ns/type.object.name	 	University of Victoria	 	 	 	University of Vienna	 	 	University of Virginia	 	3	0.816497	0.522879	1		
0	http://rdf.freebase.com/ns/type.object.type	 	College/University; Educational institution extra	 	 	 	College/University; Educational Institution Campus	 	 	Architectural structure owner; Ontology Instance	 	3	0.383974	0.522879	1		
0	http://rdf.freebase.com/ns/user.ajain.default_domain.academic_institution_extra.application_deadline	 	http://rdf.freebase.com/ns/m.010g2c0h	 	 	 	 	 	 	 	 	1	0.816497	1	1		
1	http://rdf.freebase.com/ns/user.avh.default_domain.ellerdale_topic.ellerdale_id	 	0080-3771	 	 	 	0080-de1b	 	 	0080-d8ff	 	3	0.816497	0.522879	1		
1	http://www.wikidata.org/entity/P227c	 	 	1030198-7	 	 	 	2024703-5	 	 	36636-5	3	0.816497	0.522879	1		
1	http://www.wikidata.org/entity/P2427c	 	 	grid.143640.4	 	 	 	grid.10420.37	 	 	grid.27755.32	3	0.816497	0.522879	1		
1	http://www.wikidata.org/entity/P373c	 	 	University of Victoria	 	 	 	University of Vienna	 	 	University of Virginia	3	0.816497	0.522879	1		
0	http://www.wikidata.org/entity/P646-freebase	 	 	University of Victoria	 	 	 	University of Vienna	 	 	University of Virginia	3	0.816497	0.522879	1		
0	http://www.wikidata.org/entity/P646c	 	 	/m/07wlt	 	 	 	/m/0dy04	 	 	/m/0g8rj	3	0.816497	0.522879	1		
1	http://www.wikidata.org/entity/P910c	 	 	Category:University of Victoria	 	 	 	Category:University of Vienna	 	 	Category:University of Virginia	3	0.816497	0.522879	1		
0	http://www.w3.org/2004/02/skos/core#prefLabel	 	 	 	University of Victoria	 	 	 	University of Vienna	 	 	2	0.816497	0.69897	1		
0	http://yago-knowledge.org/resource/created	 	 	 	Adaptive Public License	 	 	 	 	 	 	1	0.57735	1	1		
0	http://yago-knowledge.org/resource/hasCitationTitle	 	 	 	'Fitzhenry and Whiteside Book of Canadian Facts and Dates'; C3dsp.westjet.com	 	 	 	An Historical Tour of the University of Vienna; University of Vienna Subject Rankings	 	 	2	0.816497	0.69897	1		
0	http://yago-knowledge.org/resource/hasMotto	 	 	 	Eine Vielzahl von Weisen ist die Gesundheit der Welt; multitudo sapientium sanitas orbis	 	 	 	 	 	 	1	0.816497	1	1		
0	http://yago-knowledge.org/resource/hasWikipediaAnchorText	 	 	 	150145 Uvic; Eva Markvoort	 	 	 	Adalbert Stifter; Moritz Schlick	 	 	2	0.815002	0.69897	1		
0	http://yago-knowledge.org/resource/hasWikipediaArticleLength	 	 	 	59472	 	 	 	24166	 	 	2	0.816497	0.69897	1		
0	http://yago-knowledge.org/resource/hasWikipediaUrl	 	 	 	http://en.wikipedia.org/wiki/University_of_Victoria	 	 	 	http://en.wikipedia.org/wiki/University_of_Vienna	 	 	2	0.816497	0.69897	1		
0	http://yago-knowledge.org/resource/linksTo	 	 	 	150145 Uvic; Papua New Guinea	 	 	 	Adam František Kollár; Felix Ehrenhaft	 	 	2	0.816497	0.69897	1		
1	http://yago-knowledge.org/resource/owns;http://rdf.freebase.com/ns/organization.organization.child;http://www.wikidata.org/entity/P355c	 	 	 	Centennial Stadium	 	 	 	 	The Papers of George Washington	The Papers of George Washington	3	0.645497	0.522879	1		
0	http://yago-knowledge.org/resource/redirectedFrom	 	 	 	University of Victoria in British Columbia	 	 	 	The University of Vienna	 	 	2	0.816497	0.69897	1		
0	http://dbpedia.org/ontology/numberOfDoctoralStudents	 	 	 	 	8945	 	 	 	 	 	1	0.57735	1	1		
0	http://rdf.freebase.com/ns/common.topic.image	 	 	 	 	 	UniversitÃ¤t Vienna June 2006 164	 	 	 	 	1	0.57735	1	1		
0	http://rdf.freebase.com/ns/education.educational_institution_campus.educational_institution	 	 	 	 	 	University of Vienna	 	 	University of Virginia	 	2	0.816497	0.69897	1		
0	http://rdf.freebase.com/ns/internet.website_owner.websites_owned	 	 	 	 	 	Constructivist Foundations	 	 	 	 	1	0.57735	1	1		
1	http://rdf.freebase.com/ns/location.location.containedby;http://www.wikidata.org/entity/P361c	 	 	 	 	 	Vienna	 	 	Charlottesville; United States of America	Monticello and the University of Virginia in Charlottesville	3	0.816497	0.522879	1		
1	http://rdf.freebase.com/ns/organization.organization.founders;http://www.wikidata.org/entity/P112c	 	 	 	 	 	Rudolf IV, Duke of Austria	Albert III, Duke of Austria; Rudolf IV, Duke of Austria	 	Thomas Jefferson	Thomas Jefferson	4	0.57735	0.39794	1		
0	http://www.wikidata.org/entity/P1566c	 	 	 	 	 	 	6354993	 	 	4790772	2	0.816497	0.69897	1		
0	http://www.wikidata.org/entity/P18c	 	 	 	 	 	 	http://commons.wikimedia.org/wiki/File:Wien_-_Universität_(2).JPG	 	 	http://commons.wikimedia.org/wiki/File:UVa_Rotunda.jpg	2	0.816497	0.69897	1		
0	http://www.wikidata.org/entity/P2002c	 	 	 	 	 	 	univienna	 	 	 	1	0.57735	1	1		
0	http://www.wikidata.org/entity/P2003c	 	 	 	 	 	 	univienna	 	 	 	1	0.57735	1	1		
0	http://www.wikidata.org/entity/P2013c	 	 	 	 	 	 	univienna	 	 	 	1	0.57735	1	1		
0	http://www.wikidata.org/entity/P213c	 	 	 	 	 	 	0000 0001 2286 1424	 	 	 	1	0.57735	1	1		
0	http://www.wikidata.org/entity/P214c	 	 	 	 	 	 	131901031	 	 	126085929	2	0.816497	0.69897	1		
0	http://www.wikidata.org/entity/P244c	 	 	 	 	 	 	n80126255	 	 	n79053979	2	0.816497	0.69897	1		
0	http://www.wikidata.org/entity/P268c	 	 	 	 	 	 	11867986n	 	 	11868081p	2	0.816497	0.69897	1		
0	http://www.wikidata.org/entity/P269c	 	 	 	 	 	 	28059700	 	 	26432234	2	0.816497	0.69897	1		
0	http://www.wikidata.org/entity/P2740c	 	 	 	 	 	 	University_of_Vienna	 	 	 	1	0.57735	1	1		
0	http://yago-knowledge.org/resource/hasBudget	 	 	 	 	 	 	 	522000000	 	 	1	0.57735	1	1		
1	http://rdf.freebase.com/key/authority.nces.ipeds;http://www.wikidata.org/entity/P1771c	 	 	 	 	 	 	 	 	234076	234076	2	0.57735	0.69897	1		
0	http://rdf.freebase.com/key/authority.us.gov.irs.ein	 	 	 	 	 	 	 	 	54-1682176	 	1	0.57735	1	1		
0	http://rdf.freebase.com/key/base.ranker.rankerurlname	 	 	 	 	 	 	 	 	university-of-virginia/2308181	 	1	0.57735	1	1		
0	http://rdf.freebase.com/key/user.jamie.nytdataid	 	 	 	 	 	 	 	 	N87682694617450011992	 	1	0.57735	1	1		
0	http://rdf.freebase.com/ns/architecture.architectural_structure_owner.structures_owned	 	 	 	 	 	 	 	 	International Residential College; John Paul Jones Arena	 	1	0.816497	1	1		
0	http://rdf.freebase.com/ns/base.jewlib.parent_institution.jewish_studies_research_units	 	 	 	 	 	 	 	 	Jewish Studies Program at the University of Virginia	 	1	0.57735	1	1		
0	http://rdf.freebase.com/ns/base.ontologies.ontology_instance.equivalent_instances	 	 	 	 	 	 	 	 	http://rdf.freebase.com/ns/m.09km165	 	1	0.57735	1	1		
0	http://rdf.freebase.com/ns/base.schemastaging.organization_extra.contact_webpages	 	 	 	 	 	 	 	 	http://rdf.freebase.com/ns/m.010bv55y	 	1	0.57735	1	1		
0	http://rdf.freebase.com/ns/base.schemastaging.organization_extra.phone_number	 	 	 	 	 	 	 	 	(434) 924-0311	 	1	0.57735	1	1		
0	http://rdf.freebase.com/ns/book.periodical_publisher.periodicals_published	 	 	 	 	 	 	 	 	http://rdf.freebase.com/ns/m.0101mq90	 	1	0.57735	1	1		
0	http://rdf.freebase.com/ns/common.topic.topical_webpage	 	 	 	 	 	 	 	 	http://topics.nytimes.com/top/reference/timestopics/organizations/u/university_of_virginia/index.htm	 	1	0.57735	1	1		
0	http://rdf.freebase.com/ns/computer.software_developer.software	 	 	 	 	 	 	 	 	blacklight	 	1	0.57735	1	1		
0	http://rdf.freebase.com/ns/education.educational_institution.nickname	 	 	 	 	 	 	 	 	Cavaliers	 	1	0.816497	1	1		
0	http://rdf.freebase.com/ns/education.educational_institution.school_magazines	 	 	 	 	 	 	 	 	The Yellow Journal	 	1	0.57735	1	1		
0	http://rdf.freebase.com/ns/education.educational_institution.sexes_accepted	 	 	 	 	 	 	 	 	http://rdf.freebase.com/ns/m.0h8mk7g	 	1	0.816497	1	1		
0	http://rdf.freebase.com/ns/education.educational_institution.sports_teams	 	 	 	 	 	 	 	 	Virginia Cavaliers Women's Soccer; Virginia Lady Cavaliers Softball	 	1	0.816497	1	1		
0	http://rdf.freebase.com/ns/education.university.acceptance_rate	 	 	 	 	 	 	 	 	http://rdf.freebase.com/ns/m.0h7448q; http://rdf.freebase.com/ns/m.0n99l1d	 	1	0.816497	1	1		
0	http://rdf.freebase.com/ns/education.university.fraternities_and_sororities	 	 	 	 	 	 	 	 	Alpha Delta Pi; St. Anthony Hall	 	1	0.816497	1	1		
0	http://rdf.freebase.com/ns/location.location.events	 	 	 	 	 	 	 	 	1990 Virginia Film Festival	 	1	0.816497	1	1		
0	http://rdf.freebase.com/ns/location.location.people_born_here	 	 	 	 	 	 	 	 	Charles Pollard Olivier	 	1	0.57735	1	1		
0	http://rdf.freebase.com/ns/organization.organization.board_members	 	 	 	 	 	 	 	 	Daniel Mudd	 	1	0.57735	1	1		
0	http://rdf.freebase.com/ns/organization.organization.geographic_scope	 	 	 	 	 	 	 	 	Charlottesville	 	1	0.57735	1	1		
0	http://rdf.freebase.com/ns/organization.organization.place_founded	 	 	 	 	 	 	 	 	Charlottesville	 	1	0.57735	1	1		
0	http://rdf.freebase.com/ns/organization.organization_scope.organizations_with_this_scope	 	 	 	 	 	 	 	 	Upsilon Chapter of St. Anthony Hall	 	1	0.57735	1	1		
0	http://rdf.freebase.com/ns/protected_sites.listed_site.designation_as_natural_or_cultural_site;http://www.wikidata.org/entity/P1435c	 	 	 	 	 	 	 	 	http://rdf.freebase.com/ns/m.02h90z4	World Heritage Site	2	0.816497	0.69897	1		
0	http://rdf.freebase.com/ns/user.chabot_bernard.semantic_cartography.organization.authors	 	 	 	 	 	 	 	 	Jambalaya	 	1	0.57735	1	1		
0	http://www.w3.org/2004/02/skos/core#altLabel	 	 	 	 	 	 	 	 	 	U of V	1	0.816497	1	1		
0	http://www.wikidata.org/entity/P1273c	 	 	 	 	 	 	 	 	 	a10894068	1	0.57735	1	1		
0	http://www.wikidata.org/entity/P1417c	 	 	 	 	 	 	 	 	 	topic/University-of-Virginia	1	0.57735	1	1		
0	http://www.wikidata.org/entity/P2643c	 	 	 	 	 	 	 	 	 	doctoral university: highest research activity	1	0.57735	1	1		
0	http://www.wikidata.org/entity/P281c	 	 	 	 	 	 	 	 	 	22903-2628	1	0.57735	1	1		
0	http://www.wikidata.org/entity/P463c	 	 	 	 	 	 	 	 	 	Innovative Multicultural Curricula for the Young European and US Engineers and Scientists	1	0.816497	1	1		
0	http://www.wikidata.org/entity/P935c	 	 	 	 	 	 	 	 	 	University of Virginia	1	0.57735	1	1		
