score	dataset	dbpedia	freebase	wikidata	dbpedia	freebase	wikidata	dbpedia	freebase	wikidata	wikidata						
	entity	http://dbpedia.org/resource/Defence_Services_Command_and_Staff_College	http://rdf.freebase.com/ns/m.026sq5m	http://www.wikidata.org/entity/Q5251260	http://dbpedia.org/resource/Joint_Services_Command_and_Staff_College	http://rdf.freebase.com/ns/m.0778ty	http://www.wikidata.org/entity/Q6269376	http://dbpedia.org/resource/Command_and_Staff_College	http://rdf.freebase.com/ns/m.09k_4t	http://www.wikidata.org/entity/Q4218660	http://www.wikidata.org/entity/Q4697817						
0	http://dbpedia.org/ontology/abstract	The Defence Services Command and Staff College (DSCSC) is situated at Batalanda, Makola (South) 12 K	 	 	Joint Services Command and Staff College (JSCSC) is a British military academic establishment provid	 	 	The Pakistan Army Command and Staff College is a prestigious Pakistani military educational institut	 	 	 	3	0.816497	0.522879	1		
0	http://dbpedia.org/ontology/country;http://rdf.freebase.com/ns/organization.organization.headquarters;http://dbpedia.org/ontology/city;http://dbpedia.org/ontology/province;http://www.wikidata.org/entity/P17c;http://www.wikidata.org/entity/P131c	Sri Lanka	http://rdf.freebase.com/ns/m.0jj_p7v	 	Oxfordshire; United Kingdom	http://rdf.freebase.com/ns/m.0jv06k8	United Kingdom	Pakistan	http://rdf.freebase.com/ns/m.0h775rb	Pakistan	United States of America	9	0.716115	0.045757	1		
0	http://dbpedia.org/ontology/formerName	Army Command and Staff College - Sri Lanka	 	 	Army Command and Staff College at Camberley; RAF Staff College, Bracknell	 	 	 	 	 	 	2	0.816497	0.69897	1		
1	http://dbpedia.org/ontology/foundingDate;http://rdf.freebase.com/ns/organization.organization.date_founded	1997/1/1	1997/1/1	 	 	1997	 	 	1905	 	 	4	0.645497	0.39794	1		
0	http://dbpedia.org/ontology/motto	To War With Wisdom and Knowledge	 	 	Unity is Strength	 	 	Pir Sho Biyamooz - Saadi	 	 	 	3	0.816497	0.522879	1		
0	http://dbpedia.org/ontology/type	Staff College	 	 	Staff college	 	 	National Defence University, Islamabad	 	 	 	3	0.816497	0.522879	1		
0	http://dbpedia.org/ontology/wikiPageExternalLink	http://www.dscsc.lk	 	 	http://www.da.mod.uk/colleges/jscsc/courses	 	 	http://www.cscquetta.com/	 	 	 	3	0.816497	0.522879	1		
2	http://dbpedia.org/ontology/wikiPageID;http://rdf.freebase.com/key/wikipedia.en_id	8130339	8130339	 	2372767	2372767	 	3550632	3550632	 	 	6	0.408248	0.221849	1		
0	http://dbpedia.org/ontology/wikiPageLength	11405	 	 	9239	 	 	13384	 	 	 	3	0.816497	0.522879	1		
0	http://dbpedia.org/ontology/wikiPageOutDegree	42	 	 	62	 	 	55	 	 	 	3	0.816497	0.522879	1		
0	http://dbpedia.org/ontology/wikiPageRevisionID	711482531	 	 	744124034	 	 	666006638	 	 	 	3	0.816497	0.522879	1		
0	http://purl.org/dc/terms/subject	Military education and training in Sri Lanka; Staff colleges	 	 	Joint Services Command and Staff College; Military education and training in the United Kingdom	 	 	Military of British India; Training formations of Pakistan Army	 	 	 	3	0.696311	0.522879	1		
3	http://www.w3.org/1999/02/22-rdf-syntax-ns#type;http://www.wikidata.org/entity/P31c	CollegeOrUniversity; EducationalOrganization	Educational Institution; dbpedia_import	staff college	CollegeOrUniversity; EducationalOrganization	Educational Institution Campus	staff college	CollegeOrUniversity; EducationalOrganization	Building Occupant; Employer	staff college	staff college	10	0.196116	0	1		
2	http://www.w3.org/2000/01/rdf-schema#comment;http://rdf.freebase.com/ns/common.topic.description	The Defence Services Command and Staff College (DSCSC) is situated at Batalanda, Makola (South) 12 K	The Defence Services Command and Staff College is situated at Batalanda, Makola 12 Kilometers away f	 	Joint Services Command and Staff College (JSCSC) is a British military academic establishment provid	Joint Services Command and Staff College is a British military academic establishment providing trai	 	The Pakistan Army Command and Staff College is a prestigious Pakistani military educational institut	The Pakistan Army Command and Staff College is a prestigious Pakistani military educational institut	 	 	6	0.707107	0.221849	1		
3	http://www.w3.org/2000/01/rdf-schema#label	Defence Services Command and Staff College	Defence Services Command and Staff College	Defence Services Command and Staff College	Joint Services Command and Staff College	Joint Services Command and Staff College	Joint Services Command and Staff College	Command and Staff College	Command and Staff College	Command and Staff College	Air Command and Staff College	10	0.174078	0	1		
0	http://www.w3.org/2002/07/owl#sameAs	 	 	 	 	 	 	 	 	 	 	0	NaN	Infinity	0		
0	http://www.w3.org/ns/prov#wasDerivedFrom	http://en.wikipedia.org/wiki/Defence_Services_Command_and_Staff_College?oldid=711482531	 	 	http://en.wikipedia.org/wiki/Joint_Services_Command_and_Staff_College?oldid=744124034	 	 	http://en.wikipedia.org/wiki/Command_and_Staff_College?oldid=666006638	 	 	 	3	0.816497	0.522879	1		
1	http://xmlns.com/foaf/0.1/isPrimaryTopicOf;http://rdf.freebase.com/ns/common.topic.topic_equivalent_webpage	http://en.wikipedia.org/wiki/Defence_Services_Command_and_Staff_College	http://en.wikipedia.org/wiki/Defence_Services_Command_and_Staff_College; http://en.wikipedia.org/wik	 	http://en.wikipedia.org/wiki/Joint_Services_Command_and_Staff_College	http://en.wikipedia.org/wiki/Joint_Services_Command_and_Staff_College; http://en.wikipedia.org/wiki/	 	http://en.wikipedia.org/wiki/Command_and_Staff_College	http://en.wikipedia.org/wiki/Command_and_Staff_College; http://ru.wikipedia.org/wiki/index.html?curi	 	 	6	0.627646	0.221849	1		
0	http://xmlns.com/foaf/0.1/name	Defence Services Command and Staff College - Sri Lanka	 	 	Joint Services Command and Staff College	 	 	Command and Staff College	 	 	 	3	0.816497	0.522879	1		
1	http://rdf.freebase.com/key/en	 	sri_lanka_army_command_and_staff_college	 	 	joint_services_command_and_staff_college	 	 	command_and_staff_college	 	 	3	0.816497	0.522879	1		
1	http://rdf.freebase.com/key/wikipedia.en	 	Defence_Services_Command_and_Staff_College; Sri_Lanka_Army_Command_and_Staff_College	 	 	Joint_Service_Command_and_Staff_College	 	 	Command_and_Staff_College,_Quetta; Quetta_cadet_college	 	 	3	0.816497	0.522879	1		
1	http://rdf.freebase.com/key/wikipedia.en_title	 	Defence_Services_Command_and_Staff_College	 	 	Joint_Services_Command_and_Staff_College	 	 	Command_and_Staff_College	 	 	3	0.816497	0.522879	1		
0	http://rdf.freebase.com/ns/common.topic.alias	 	Sri Lanka Army Command and Staff College	 	 	Joint Services Command and Staff College, Watchfield	 	 	Command and Staff College, main campus	 	 	3	0.816497	0.522879	1		
1	http://rdf.freebase.com/ns/common.topic.article;http://schema.org/description	 	The Defence Services Command and Staff College (DSCSC) is situated at Batalanda, Makola (South) 12 K	 	 	Joint Services Command and Staff College (JSCSC) is a British military academic establishment provid	 	 	The Command and Staff College was established in 1907 at Quetta, Baluchistan, British India, now in 	Pakistan Army's brigade and division level staff officers training institution	 	4	0.816497	0.39794	1		
0	http://rdf.freebase.com/ns/common.topic.image	 	Crest dscsc	 	 	 	 	 	Command and Staff College Emblem	 	 	2	0.816497	0.69897	1		
0	http://rdf.freebase.com/ns/common.topic.notable_for	 	Organization	 	 	Educational Institution Campus	 	 	Organization	 	 	3	0.57735	0.522879	1		
0	http://rdf.freebase.com/ns/common.topic.notable_types	 	Organization	 	 	Educational Institution Campus	 	 	Organization	 	 	3	0.57735	0.522879	1		
2	http://rdf.freebase.com/ns/common.topic.official_website;http://xmlns.com/foaf/0.1/homepage;http://www.wikidata.org/entity/P856c	 	http://www.dscsc.lk	 	http://www.da.mod.uk/colleges/jscsc	http://www.da.mod.uk/colleges/jscsc	http://www.da.mod.uk/colleges/jscsc	http://www.cscquetta.com/	http://www.cscquetta.com/	http://www.cscquetta.com/	 	7	0.308607	0.154902	1		
0	http://rdf.freebase.com/ns/common.topic.webpage	 	http://rdf.freebase.com/ns/m.0jydmb0	 	 	http://rdf.freebase.com/ns/m.040qgry	 	 	http://rdf.freebase.com/ns/m.0bd4kt7	 	 	3	0.816497	0.522879	1		
0	http://rdf.freebase.com/ns/education.educational_institution.students_graduates	 	Defence Services Command and Staff College	 	 	Joint Services Command and Staff College	 	 	 	 	 	2	0.57735	0.69897	1		
0	http://rdf.freebase.com/ns/kg.object_profile.prominent_type	 	Organization	 	 	Educational Institution Campus	 	 	Organization	 	 	3	0.57735	0.522879	1		
0	http://rdf.freebase.com/ns/type.object.key	 	/wikipedia/en/Sri_Lanka_Army_Command_and_Staff_College; /wikipedia/en_id/8130339	 	 	/wikipedia/en_id/2372767; /wikipedia/en_title/Joint_Services_Command_and_Staff_College	 	 	/wikipedia/en/Command_and_Staff_College,_Quetta; /wikipedia/en/Quetta_cadet_college	 	 	3	0.816497	0.522879	1		
0	http://rdf.freebase.com/ns/type.object.name	 	Defence Services Command and Staff College	 	 	Joint Services Command and Staff College	 	 	Command and Staff College	 	 	3	0.816497	0.522879	1		
0	http://rdf.freebase.com/ns/type.object.type	 	Educational Institution; dbpedia_import	 	 	Educational Institution Campus	 	 	Building Occupant; Employer	 	 	3	0.326599	0.522879	1		
0	http://rdf.freebase.com/ns/user.maxim75.default_domain.dbpedia_import.geocode_checked	 	2010/8/30	 	 	 	 	 	 	 	 	1	0.57735	1	1		
0	http://dbpedia.org/ontology/affiliation	 	 	 	International Association for Military Pedagogy	 	 	 	 	 	 	1	0.57735	1	1		
0	http://dbpedia.org/ontology/campus	 	 	 	Rural	 	 	 	 	 	 	1	0.57735	1	1		
0	http://dbpedia.org/ontology/head	 	 	 	Major general	 	 	 	 	 	 	1	0.57735	1	1		
0	http://dbpedia.org/ontology/thumbnail	 	 	 	http://commons.wikimedia.org/wiki/Special:FilePath/MinistryofDefence.svg?width=300	 	 	http://commons.wikimedia.org/wiki/Special:FilePath/Iqra_Monogram.png?width=300	 	 	 	2	0.816497	0.69897	1		
0	http://www.georss.org/georss/point	 	 	 	51.60794444444444 -1.6336249999999999	 	 	30.2218 67.06	 	 	 	2	0.816497	0.69897	1		
3	http://www.w3.org/2003/01/geo/wgs84_pos#lat	 	 	 	51.608	51.608	51.608	30.222	30.222	30.222	32.384	7	0.308607	0.154902	1		
3	http://www.w3.org/2003/01/geo/wgs84_pos#long	 	 	 	-1.634	-1.634	-1.634	67.06	67.06	67.06	-86.344	7	0.308607	0.154902	1		
0	http://xmlns.com/foaf/0.1/depiction	 	 	 	http://commons.wikimedia.org/wiki/Special:FilePath/MinistryofDefence.svg	 	 	http://commons.wikimedia.org/wiki/Special:FilePath/Iqra_Monogram.png	 	 	 	2	0.816497	0.69897	1		
0	http://rdf.freebase.com/ns/business.employer.employees	 	 	 	 	Jon Latimer	 	 	Pervez Musharraf	 	 	2	0.816497	0.69897	1		
0	http://rdf.freebase.com/ns/education.educational_institution.campuses	 	 	 	 	Joint Services Command and Staff College	 	 	 	 	 	1	0.57735	1	1		
0	http://rdf.freebase.com/ns/education.educational_institution_campus.educational_institution	 	 	 	 	Joint Services Command and Staff College	 	 	 	 	 	1	0.57735	1	1		
0	http://rdf.freebase.com/ns/location.location.containedby	 	 	 	 	Watchfield	 	 	Pakistan	 	 	2	0.816497	0.69897	1		
0	http://www.wikidata.org/entity/P910c	 	 	 	 	 	Category:Joint Services Command and Staff College	 	 	 	 	1	0.57735	1	1		
0	http://dbpedia.org/ontology/facultySize	 	 	 	 	 	 	55	 	 	 	1	0.57735	1	1		
0	http://dbpedia.org/ontology/numberOfStudents	 	 	 	 	 	 	400	 	 	 	1	0.57735	1	1		
0	http://dbpedia.org/ontology/staff	 	 	 	 	 	 	25	 	 	 	1	0.57735	1	1		
0	http://rdf.freebase.com/ns/architecture.building_occupant.buildings_occupied	 	 	 	 	 	 	 	Command and Staff College	 	 	1	0.57735	1	1		
0	http://rdf.freebase.com/ns/organization.organization.leadership	 	 	 	 	 	 	 	Khalid Rabbani	 	 	1	0.57735	1	1		
0	http://rdf.freebase.com/ns/organization.organization.parent	 	 	 	 	 	 	 	National Defence University, Pakistan	 	 	1	0.57735	1	1		
0	http://www.wikidata.org/entity/P154c	 	 	 	 	 	 	 	 	http://commons.wikimedia.org/wiki/File:Iqra_Monogram.png	 	1	0.57735	1	1		
