score	dataset	dbpedia	freebase	wikidata	freebase	wikidata	yago-knowledge	dbpedia	freebase	wikidata	yago-knowledge						
	entity	http://dbpedia.org/resource/Marist_College_Canberra	http://rdf.freebase.com/ns/m.0gt841	http://www.wikidata.org/entity/Q6765669	http://rdf.freebase.com/ns/m.02r32qy	http://www.wikidata.org/entity/Q6765670	http://yago-knowledge.org/resource/Marist_College_Eastwood	http://dbpedia.org/resource/Marist_College_Kogarah	http://rdf.freebase.com/ns/m.0fgw9t	http://www.wikidata.org/entity/Q6765674	http://yago-knowledge.org/resource/Marist_College_Kogarah						
0	http://dbpedia.org/ontology/abstract	Marist College Canberra is a Roman Catholic independent school for boys, founded in 1968 by the Mari	 	 	 	 	 	Marist College Kogarah is an independent Catholic College for boys from Years 7 to 12, located in Be	 	 	 	2	0.816497	0.69897	1		
1	http://dbpedia.org/ontology/city;http://dbpedia.org/ontology/country;http://rdf.freebase.com/ns/organization.organization.headquarters;http://www.wikidata.org/entity/P131c;http://www.wikidata.org/entity/P17c;http://yago-knowledge.org/resource/isLocatedIn	Australia	http://rdf.freebase.com/ns/m.0jwm66y	Australian Capital Territory	http://rdf.freebase.com/ns/m.0jn9vk2	New South Wales	Eastwood, New South Wales	Bexley, New South Wales	http://rdf.freebase.com/ns/m.0h8c5cm	New South Wales	Bexley, New South Wales	10	0.478714	0	1		
0	http://dbpedia.org/ontology/foundingYear	1968	 	 	 	 	 	1909	 	 	 	2	0.816497	0.69897	1		
0	http://dbpedia.org/ontology/motto	I keep the Faith; Servo Fidem	 	 	 	 	 	The end crowns the work.	 	 	 	2	0.816497	0.69897	1		
0	http://dbpedia.org/ontology/officialSchoolColour	Blue and Light-Blue	 	 	 	 	 	Blue, red and white	 	 	 	2	0.816497	0.69897	1		
0	http://dbpedia.org/ontology/state	Australian Capital Territory	 	 	 	 	 	New South Wales	 	 	 	2	0.816497	0.69897	1		
0	http://dbpedia.org/ontology/wikiPageExternalLink	http://www.maristc.act.edu.au/	 	 	 	 	 	http://www.mck.nsw.edu.au/	 	 	 	2	0.816497	0.69897	1		
2	http://dbpedia.org/ontology/wikiPageID;http://rdf.freebase.com/key/wikipedia.en_id	6865489	6865489	 	11189855	 	 	5962612	5962612	 	 	5	0.516398	0.30103	1		
0	http://dbpedia.org/ontology/wikiPageLength	8493	 	 	 	 	 	11443	 	 	 	2	0.816497	0.69897	1		
0	http://dbpedia.org/ontology/wikiPageOutDegree	24	 	 	 	 	 	107	 	 	 	2	0.816497	0.69897	1		
0	http://dbpedia.org/ontology/wikiPageRevisionID	744292254	 	 	 	 	 	742957968	 	 	 	2	0.816497	0.69897	1		
0	http://purl.org/dc/terms/subject	1968 establishments in Australia; Private schools in the Australian Capital Territory	 	 	 	 	 	1909 establishments in Australia; Metropolitan Catholic Colleges Sports Association	 	 	 	2	0.730297	0.69897	1		
0	http://www.georss.org/georss/point	-35.3597 149.0889	 	 	 	 	 	-33.95805555555555 151.1302777777778	 	 	 	2	0.816497	0.69897	1		
0	http://www.w3.org/1999/02/22-rdf-syntax-ns#type	EducationalOrganization; educational institution	Educational Institution Campus; dbpedia_import	Item	Educational Institution; dbpedia_import	Item	wikicat Educational institutions established in 1937; wordnet secondary school 108284481	EducationalOrganization; educational institution	Educational Institution	Item	wikicat Boys' schools in Australia; wordnet private school 108411170	10	0.343918	0	1		
2	http://www.w3.org/2000/01/rdf-schema#comment;http://rdf.freebase.com/ns/common.topic.description	Marist College Canberra is a Roman Catholic independent school for boys, founded in 1968 by the Mari	Marist College Canberra is an all-boys independent Catholic school founded in 1969. The College is s	 	Marist College Eastwood is a Catholic male-only high school in Eastwood, New South Wales, Australia.	 	 	Marist College Kogarah is an independent Catholic College for boys from Years 7 to 12, located in Be	Marist College Kogarah is an independent Catholic College for boys from Years 7 to 12, located in Be	 	 	5	0.68313	0.30103	1		
3	http://www.w3.org/2000/01/rdf-schema#label	Marist College Canberra	Marist College Canberra	Marist College Canberra	Marist College Eastwood	Marist College Eastwood	Marist College Eastwood	Marist College Kogarah	Marist College Kogarah	Marist College Kogarah	Marist College Kogarah	10	0	0	1		
0	http://www.w3.org/2002/07/owl#sameAs	 	 	 	 	 	Marist College Eastwood	 	 	 	 	1	0.57735	1	0		
3	http://www.w3.org/2003/01/geo/wgs84_pos#lat;http://yago-knowledge.org/resource/hasLatitude	-35.36	-35.36	-35.36	 	-33.789	-33.789	-33.958	 	-33.958	-33.958	8	0.204124	0.09691	1		
3	http://www.w3.org/2003/01/geo/wgs84_pos#long;http://yago-knowledge.org/resource/hasLongitude	149.089	149.089	149.089	 	151.077	151.077	151.13	 	151.13	151.13	8	0.204124	0.09691	1		
0	http://www.w3.org/ns/prov#wasDerivedFrom	http://en.wikipedia.org/wiki/Marist_College_Canberra?oldid=744292254	 	 	 	 	 	http://en.wikipedia.org/wiki/Marist_College_Kogarah?oldid=742957968	 	 	 	2	0.816497	0.69897	1		
3	http://xmlns.com/foaf/0.1/homepage;http://rdf.freebase.com/ns/common.topic.official_website;http://www.wikidata.org/entity/P856c;http://yago-knowledge.org/resource/hasWebsite	http://www.maristc.act.edu.au/	http://www.maristc.act.edu.au/	http://www.maristc.act.edu.au/	http://www.mce.nsw.edu.au/	http://www.mce.nsw.edu.au/	http://www.mce.nsw.edu.au/	http://www.mck.nsw.edu.au/	http://www.mck.nsw.edu.au/	 	http://www.mck.nsw.edu.au/	9	0	0.045757	1		
1	http://xmlns.com/foaf/0.1/isPrimaryTopicOf;http://rdf.freebase.com/ns/common.topic.topic_equivalent_webpage	http://en.wikipedia.org/wiki/Marist_College_Canberra	http://en.wikipedia.org/wiki/Marist_College_Canberra; http://en.wikipedia.org/wiki/index.html?curid=	 	http://en.wikipedia.org/wiki/Marist_College_Eastwood; http://en.wikipedia.org/wiki/index.html?curid=	 	 	http://en.wikipedia.org/wiki/Marist_College_Kogarah	http://en.wikipedia.org/wiki/Marist_College_Kogarah; http://en.wikipedia.org/wiki/index.html?curid=5	 	 	5	0.645497	0.30103	1		
0	http://xmlns.com/foaf/0.1/name	Marist College Canberra	 	 	 	 	 	Marist College Kogarah	 	 	 	2	0.816497	0.69897	1		
1	http://rdf.freebase.com/key/en	 	marist_college_canberra	 	marist_college_eastwood	 	 	 	marist_college_kogarah	 	 	3	0.816497	0.522879	1		
1	http://rdf.freebase.com/key/wikipedia.en	 	Marist_College,_Canberra	 	Marist_College_Eastwood	 	 	 	Kogarah_Marist; Marist_College_Kogarah	 	 	3	0.816497	0.522879	1		
1	http://rdf.freebase.com/key/wikipedia.en_title	 	Marist_College_Canberra	 	Marist_College_Eastwood	 	 	 	Marist_College_Kogarah	 	 	3	0.816497	0.522879	1		
0	http://rdf.freebase.com/ns/common.topic.alias	 	Marist College Canberra, main campus	 	 	 	 	 	 	 	 	1	0.57735	1	1		
0	http://rdf.freebase.com/ns/common.topic.article	 	Marist College Canberra is an all-boys independent Catholic school school founded in 1968. The colle	 	Marist College Eastwood is a Catholic male-only high school in Eastwood, New South Wales, Australia.	 	 	 	Marist College Kogarah is a systemic Catholic College for boys from Years 7 to 12, located in Bexley	 	 	3	0.816497	0.522879	1		
0	http://rdf.freebase.com/ns/common.topic.notable_for	 	School	 	School	 	 	 	Day school	 	 	3	0.57735	0.522879	1		
0	http://rdf.freebase.com/ns/common.topic.notable_types	 	School	 	School	 	 	 	School	 	 	3	0.57735	0.522879	1		
0	http://rdf.freebase.com/ns/common.topic.webpage	 	http://rdf.freebase.com/ns/m.03ls21j	 	http://rdf.freebase.com/ns/m.05nr2bs	 	 	 	http://rdf.freebase.com/ns/m.03lnzl7	 	 	3	0.816497	0.522879	1		
0	http://rdf.freebase.com/ns/education.educational_institution.campuses	 	Marist College Canberra	 	 	 	 	 	 	 	 	1	0.57735	1	1		
0	http://rdf.freebase.com/ns/education.educational_institution.colors	 	Sky Blue	 	Black	 	 	 	Blue	 	 	3	0.73598	0.522879	1		
1	http://rdf.freebase.com/ns/education.educational_institution.phone_number	 	2 6298 7200	 	2 9858 1644	 	 	 	9587 3211	 	 	3	0.816497	0.522879	1		
0	http://rdf.freebase.com/ns/education.educational_institution.students_graduates	 	Marist College Canberra	 	Marist College Eastwood	 	 	 	Marist College Kogarah	 	 	3	0.288675	0.522879	1		
0	http://rdf.freebase.com/ns/education.educational_institution.total_enrollment	 	1511	 	746	 	 	 	1200	 	 	3	0.816497	0.522879	1		
0	http://rdf.freebase.com/ns/education.educational_institution_campus.educational_institution	 	Marist College Canberra	 	 	 	 	 	 	 	 	1	0.57735	1	1		
0	http://rdf.freebase.com/ns/kg.object_profile.prominent_type	 	School	 	School	 	 	 	School	 	 	3	0.57735	0.522879	1		
0	http://rdf.freebase.com/ns/location.location.containedby	 	Australia	 	 	 	 	 	 	 	 	1	0.816497	1	1		
2	http://rdf.freebase.com/ns/organization.organization.date_founded;http://yago-knowledge.org/resource/wasCreatedOnDate	 	1968	 	1937	 	1937/1/1	 	1869	 	1909/1/1	5	0.816497	0.30103	1		
0	http://rdf.freebase.com/ns/organization.organization.leadership	 	Richard Sidorko	 	Daniel Delmage	 	 	 	John Riordan	 	 	3	0.816497	0.522879	1		
0	http://rdf.freebase.com/ns/type.object.key	 	/wikipedia/en_id/6865489; /wikipedia/en_title/Marist_College_Canberra	 	/wikipedia/en_id/11189855; /wikipedia/en_title/Marist_College_Eastwood	 	 	 	/wikipedia/en/Kogarah_Marist; /wikipedia/en_id/5962612	 	 	3	0.816497	0.522879	1		
0	http://rdf.freebase.com/ns/type.object.name	 	Marist College Canberra	 	Marist College Eastwood	 	 	 	Marist College Kogarah	 	 	3	0.816497	0.522879	1		
0	http://rdf.freebase.com/ns/type.object.type	 	Educational Institution Campus; dbpedia_import	 	Educational Institution; dbpedia_import	 	 	 	Educational Institution	 	 	3	0.243975	0.522879	1		
0	http://rdf.freebase.com/ns/user.maxim75.default_domain.dbpedia_import.geocode_checked	 	2010/7/25	 	2010/8/30	 	 	 	 	 	 	2	0.816497	0.69897	1		
0	http://www.wikidata.org/entity/P373c	 	 	 	 	Eastwood, New South Wales	 	 	 	 	 	1	0.57735	1	1		
0	http://www.w3.org/2004/02/skos/core#prefLabel	 	 	 	 	 	Marist College Eastwood	 	 	 	Marist College Kogarah	2	0.816497	0.69897	1		
0	http://yago-knowledge.org/resource/hasCitationTitle	 	 	 	 	 	DEATH OF MR. E. TERRY.	 	 	 	Gavin Bell	2	0.816497	0.69897	1		
0	http://yago-knowledge.org/resource/hasMotto	 	 	 	 	 	Respice Finem	 	 	 	Finis Coronat Opus	2	0.816497	0.69897	1		
0	http://yago-knowledge.org/resource/hasWikipediaAnchorText	 	 	 	 	 	Aziz Shavershian; Bodybuilder	 	 	 	Australian Catholic University; Vice-Chancellor	2	0.804859	0.69897	1		
0	http://yago-knowledge.org/resource/hasWikipediaArticleLength	 	 	 	 	 	5029	 	 	 	11771	2	0.816497	0.69897	1		
0	http://yago-knowledge.org/resource/hasWikipediaUrl	 	 	 	 	 	http://en.wikipedia.org/wiki/Marist_College_Eastwood	 	 	 	http://en.wikipedia.org/wiki/Marist_College_Kogarah	2	0.816497	0.69897	1		
0	http://yago-knowledge.org/resource/linksTo	 	 	 	 	 	Aziz Shavershian; Dave Gilbert (cricketer)	 	 	 	Order of Australia; 1956 Summer Olympics	2	0.796498	0.69897	1		
0	http://yago-knowledge.org/resource/redirectedFrom	 	 	 	 	 	Marist college eastwood	 	 	 	Kogarah Marist	2	0.816497	0.69897	1		
0	http://dbpedia.org/ontology/affiliation	 	 	 	 	 	 	Association of Marist Schools of Australia	 	 	 	1	0.57735	1	1		
0	http://dbpedia.org/ontology/gender	 	 	 	 	 	 	Single-sex education	 	 	 	1	0.57735	1	1		
0	http://dbpedia.org/ontology/grades	 	 	 	 	 	 	Year Seven	 	 	 	1	0.57735	1	1		
0	http://dbpedia.org/ontology/religion	 	 	 	 	 	 	Roman Catholicism in Australia	 	 	 	1	0.57735	1	1		
0	http://dbpedia.org/ontology/staff	 	 	 	 	 	 	96	 	 	 	1	0.57735	1	1		
0	http://dbpedia.org/ontology/type	 	 	 	 	 	 	Day school	 	 	 	1	0.57735	1	1		
0	http://rdf.freebase.com/ns/education.educational_institution.school_type	 	 	 	 	 	 	 	Independent school	 	 	1	0.816497	1	1		
0	http://www.wikidata.org/entity/P18c	 	 	 	 	 	 	 	 	http://commons.wikimedia.org/wiki/File:Kogarah_Marist_College.JPG	 	1	0.57735	1	1		
