score	dataset	dbpedia	freebase	wikidata	dbpedia	freebase	wikidata	dbpedia	freebase	wikidata	yago-knowledge						
	entity	http://dbpedia.org/resource/Fantastic_Four:_Rise_of_the_Silver_Surfer	http://rdf.freebase.com/ns/m.09sh8k	http://www.wikidata.org/entity/Q390063	http://dbpedia.org/resource/Fantastic_Four_(2015_film)	http://rdf.freebase.com/ns/m.0_rf7h_	http://www.wikidata.org/entity/Q16795448	http://dbpedia.org/resource/Fantastic_Four_(1994_TV_series)	http://rdf.freebase.com/ns/m.09wfjf	http://www.wikidata.org/entity/Q785025	http://yago-knowledge.org/resource/Fantastic_Four_(1994_TV_series)						
2	http://dbpedia.org/ontology/Work/runtime;http://dbpedia.org/ontology/runtime;http://rdf.freebase.com/ns/film.film.runtime;http://www.wikidata.org/entity/P2047c	92	92	88	100	 	100	22	 	 	 	6	0.745356	0.221849	1		
0	http://dbpedia.org/ontology/abstract	Fantastic Four: Rise of the Silver Surfer (also known as Fantastic Four 2 or stylized as Fantastic 4	 	 	Fantastic Four (stylized as FANT4STIC) is a 2015 American superhero film loosely based on the Marvel	 	 	Fantastic Four, also known as Fantastic Four: The Animated Series, is the third animated television 	 	 	 	3	0.816497	0.522879	1		
0	http://dbpedia.org/ontology/basedOn	Fantastic Four; Jack Kirby	 	 	 	 	 	 	 	 	 	1	0.816497	1	1		
0	http://dbpedia.org/ontology/budget	130000000	 	 	120000000	 	 	 	 	 	 	2	0.816497	0.69897	1		
2	http://dbpedia.org/ontology/director;http://rdf.freebase.com/ns/film.film.directed_by;http://www.wikidata.org/entity/P57c	Tim Story	Tim Story	Tim Story	Josh Trank	Josh Trank	Josh Trank	 	 	 	 	6	0	0.221849	1		
0	http://dbpedia.org/ontology/distributor;http://rdf.freebase.com/ns/film.film.distributors;http://www.wikidata.org/entity/P750c	20th Century Fox	Fox Searchlight Pictures; Twentieth Century Fox Film Corp	 	20th Century Fox	Twentieth Century Fox Film Corp	20th Century Fox	Genesis Entertainment; New World Television	 	New World Pictures	 	7	0.57735	0.154902	1		
1	http://dbpedia.org/ontology/editing;http://rdf.freebase.com/ns/film.film.edited_by;http://www.wikidata.org/entity/P1040c	William Hoy	Peter S. Elliot; William Hoy	Peter S. Elliot	Stephen E. Rivkin	 	 	 	 	 	 	4	0.516398	0.39794	1		
0	http://dbpedia.org/ontology/gross	289000000	 	 	168000000	 	 	 	 	 	 	2	0.816497	0.69897	1		
3	http://dbpedia.org/ontology/musicComposer;http://rdf.freebase.com/ns/film.film.music;http://www.wikidata.org/entity/P86c	John Ottman	John Ottman	John Ottman	Marco Beltrami; Philip Glass	Marco Beltrami; Philip Glass	Marco Beltrami; Philip Glass	 	 	Giorgio Moroder	 	7	0.258199	0.154902	1		
2	http://dbpedia.org/ontology/producer;http://rdf.freebase.com/ns/film.film.produced_by;http://www.wikidata.org/entity/P162c;http://rdf.freebase.com/ns/tv.tv_program.tv_producer	Bernd Eichinger; Ralph Winter (producer)	Bernd Eichinger; Ralph Winter	Bernd Eichinger; Ralph Winter	 	Gregory Goodman; Matthew Vaughn	Gregory Goodman; Matthew Vaughn	 	Bernd Eichinger	 	 	6	0.322749	0.221849	1		
2	http://dbpedia.org/ontology/starring;http://rdf.freebase.com/ns/film.film.starring;http://www.wikidata.org/entity/P161c;http://rdf.freebase.com/ns/tv.tv_program.regular_cast	Andre Braugher; Beau Garrett	Andre Braugher; Beau Garrett	Andre Braugher; Brian Posehn	Michael B. Jordan; Miles Teller	Michael B. Jordan; Miles Teller	Brittney Alger; Dan Castellaneta	 	Brian Austin Green; Chuck McCann	 	 	7	0.57735	0.154902	1		
0	http://dbpedia.org/ontology/wikiPageExternalLink	http://madeinatlantis.com/movies_central/2007/fantastic_four.htm	 	 	http://www.fantasticfourmovie.com	 	 	http://marvel.toonzone.net/fanfourtas/; http://www.drg4.dancemania-ex.com/ffx.html	 	 	 	3	0.816497	0.522879	1		
2	http://dbpedia.org/ontology/wikiPageID;http://rdf.freebase.com/key/wikipedia.en_id	3654271	3654271	 	39321638	39321638	 	3706729	3706729	 	 	6	0.408248	0.221849	1		
0	http://dbpedia.org/ontology/wikiPageLength	28945	 	 	68540	 	 	21393	 	 	 	3	0.816497	0.522879	1		
0	http://dbpedia.org/ontology/wikiPageOutDegree	218	 	 	230	 	 	243	 	 	 	3	0.816497	0.522879	1		
0	http://dbpedia.org/ontology/wikiPageRevisionID	743521765	 	 	743749079	 	 	738767673	 	 	 	3	0.816497	0.522879	1		
2	http://dbpedia.org/ontology/writer;http://rdf.freebase.com/ns/film.film.story_by;http://rdf.freebase.com/ns/film.film.written_by;http://www.wikidata.org/entity/P58c	Don Payne (writer); Mark Frost	Jack Kirby; John Turman	Michael France	Jeremy Slater	Jack Kirby; Simon Kinberg	Jeremy Slater; Josh Trank	 	 	 	 	6	0.471405	0.221849	1		
0	http://purl.org/dc/terms/subject	1492 Pictures films; American superhero films	 	 	20th Century Fox films; Film scores by Marco Beltrami	 	 	1990s American animated television series; Animated superhero television series	 	 	 	3	0.7698	0.522879	1		
0	http://www.w3.org/1999/02/22-rdf-syntax-ns#type;http://www.wikidata.org/entity/P31c	CreativeWork; http://dbpedia.org/ontology/Wikidata:Q11424	Award-Nominated Work; Netflix Title	film	CreativeWork; http://dbpedia.org/ontology/Wikidata:Q11424	Inanimate	film	CreativeWork; television program	Netflix Title; TV Program	television series	wikicat 1996 American television series endings; wikicat UPN network shows	10	0.525759	0	1		
2	http://www.w3.org/2000/01/rdf-schema#comment;http://rdf.freebase.com/ns/common.topic.description	Fantastic Four: Rise of the Silver Surfer (also known as Fantastic Four 2 or stylized as Fantastic 4	Fantastic Four: Rise of the Silver Surfer is a 2007 science fiction superhero film, based on the Fan	 	Fantastic Four (stylized as FANT4STIC) is a 2015 American superhero film loosely based on the Marvel	Fantastic Four is a 2015 American superhero film based on the Marvel Comics superhero team of the sa	 	Fantastic Four, also known as Fantastic Four: The Animated Series, is the third animated television 	Fantastic Four, also known as Fantastic Four: The Animated Series, is the third animated television 	 	 	6	0.73598	0.221849	1		
2	http://www.w3.org/2000/01/rdf-schema#label	Fantastic Four: Rise of the Silver Surfer	Fantastic Four: Rise of the Silver Surfer	Fantastic Four: Rise of the Silver Surfer	Fantastic Four (2015 film)	The Fantastic Four	Fantastic Four	Fantastic Four (1994 TV series)	Fantastic Four	Fantastic Four	Fantastic Four (1994 TV series)	10	0.348155	0	1		
0	http://www.w3.org/2002/07/owl#sameAs	 	 	 	 	 	 	 	 	 	 	0	NaN	Infinity	0		
0	http://www.w3.org/ns/prov#wasDerivedFrom	http://en.wikipedia.org/wiki/Fantastic_Four:_Rise_of_the_Silver_Surfer?oldid=743521765	 	 	http://en.wikipedia.org/wiki/Fantastic_Four_(2015_film)?oldid=743749079	 	 	http://en.wikipedia.org/wiki/Fantastic_Four_(1994_TV_series)?oldid=738767673	 	 	 	3	0.816497	0.522879	1		
1	http://xmlns.com/foaf/0.1/isPrimaryTopicOf;http://rdf.freebase.com/ns/common.topic.topic_equivalent_webpage	http://en.wikipedia.org/wiki/Fantastic_Four:_Rise_of_the_Silver_Surfer	http://ar.wikipedia.org/wiki/%23%31%28%39%29_%45%30%47%44%48%46:_%38%47%48%31_%27%44%45%2A%32%44%2C_	 	http://en.wikipedia.org/wiki/Fantastic_Four_(2015_film)	http://en.wikipedia.org/wiki/index.html?curid=39321638; http://www.imdb.com/title/tt1502712/	 	http://en.wikipedia.org/wiki/Fantastic_Four_(1994_TV_series)	http://bg.wikipedia.org/wiki/%24%30%3D%42%30%41%42%38%47%3D%30%42%30_%47%35%42%32%3E%40%3A%30_(%41%3	 	 	6	0.802875	0.221849	1		
0	http://xmlns.com/foaf/0.1/name	Fantastic Four:; Rise of the Silver Surfer	 	 	Fantastic Four	 	 	Fantastic Four	 	 	 	3	0.645497	0.522879	1		
2	http://rdf.freebase.com/key/authority.imdb.title;http://rdf.freebase.com/ns/imdb.topic.title_id;http://www.wikidata.org/entity/P345c	 	tt0486576	tt0486576	 	tt1502712	tt1502712	 	tt0187635	tt0187635	 	6	0	0.221849	1		
0	http://rdf.freebase.com/key/authority.netflix.api	 	http://api.netflix.com/catalog/titles/movies/70047104	 	 	 	 	 	http://api.netflix.com/catalog/titles/series/70033133	 	 	2	0.816497	0.69897	1		
1	http://rdf.freebase.com/key/authority.netflix.movie;http://rdf.freebase.com/ns/film.film.netflix_id;http://www.wikidata.org/entity/P1874c	 	70047104	70047104	 	 	 	 	70033133	 	 	3	0.258199	0.522879	1		
0	http://rdf.freebase.com/key/authority.netflix.tiny	 	BVV1E	 	 	 	 	 	VoD5Z	 	 	2	0.816497	0.69897	1		
0	http://rdf.freebase.com/key/base.ranker.rankerurlname	 	fantastic-four-rise-of-the-silver-surfer/976823	 	 	 	 	 	 	 	 	1	0.57735	1	1		
0	http://rdf.freebase.com/key/en	 	fantastic_four_and_the_silver_surfer	 	 	 	 	 	 	 	 	1	0.57735	1	1		
1	http://rdf.freebase.com/key/source.allocine.ca.film;http://rdf.freebase.com/key/source.allocine.fr.film;http://rdf.freebase.com/key/source.beyazperde.filmler;http://rdf.freebase.com/key/source.screenrush.films;http://www.wikidata.org/entity/P1265c	 	109443	109443	 	 	180999	 	 	 	 	3	0	0.522879	1		
0	http://rdf.freebase.com/key/source.cine21.movie	 	19496	 	 	 	 	 	 	 	 	1	0.57735	1	1		
0	http://rdf.freebase.com/key/source.cineseoul.cinemaid	 	36960	 	 	 	 	 	 	 	 	1	0.57735	1	1		
0	http://rdf.freebase.com/key/source.clicker.film	 	fantastic-four-rise-of-the-silver-surfer	 	 	 	 	 	 	 	 	1	0.57735	1	1		
0	http://rdf.freebase.com/key/source.daum.movieid	 	42804	 	 	 	 	 	 	 	 	1	0.57735	1	1		
0	http://rdf.freebase.com/key/source.filmstarts.kritiken	 	45131-Fantastic-Four-Rise-Of-The-Silver-Surfer	 	 	 	 	 	 	 	 	1	0.57735	1	1		
0	http://rdf.freebase.com/key/source.maxmovie.m_id	 	M000037975	 	 	 	 	 	 	 	 	1	0.57735	1	1		
0	http://rdf.freebase.com/key/source.metacritic.movie	 	fantasticfourriseofthesilversurfer	 	 	 	 	 	 	 	 	1	0.57735	1	1		
0	http://rdf.freebase.com/key/source.movist.mid	 	32453	 	 	 	 	 	 	 	 	1	0.57735	1	1		
0	http://rdf.freebase.com/key/source.nate.cinema_id	 	36960	 	 	 	 	 	 	 	 	1	0.57735	1	1		
0	http://rdf.freebase.com/key/source.traileraddict.movie	 	silver-surfer	 	 	 	 	 	 	 	 	1	0.57735	1	1		
0	http://rdf.freebase.com/key/source.videosurf	 	18927	 	 	 	 	 	 	 	 	1	0.57735	1	1		
0	http://rdf.freebase.com/key/user.avh.ellerdale	 	00a2-30ff	 	 	 	 	 	0088-687c	 	 	2	0.816497	0.69897	1		
1	http://rdf.freebase.com/key/wikipedia.en	 	Fantastic_Four:_The_Next_Chapter; Fantastic_Four_(2007_film)	 	 	Fantastic_Four_(2015_reboot); The_Fantastic_Four_(2015_film)	 	 	Fantastic_Four_(1994_animated_series)	 	 	3	0.816497	0.522879	1		
1	http://rdf.freebase.com/key/wikipedia.en_title	 	Fantastic_Four:_Rise_of_the_Silver_Surfer	 	 	Fantastic_Four_(2015_film)	 	 	Fantastic_Four_(1994_TV_series)	 	 	3	0.816497	0.522879	1		
0	http://rdf.freebase.com/ns/award.award_nominated_work.award_nominations	 	Kids' Choice Award for Favorite Movie Actress; Teen Choice Award for Choice Hissy Fit: Film	 	 	 	 	 	 	 	 	1	0.816497	1	1		
0	http://rdf.freebase.com/ns/award.award_winning_work.awards_won	 	Kids' Choice Award for Favorite Movie Actress	 	 	 	 	 	 	 	 	1	0.57735	1	1		
0	http://rdf.freebase.com/ns/base.schemastaging.topic_extra.review_webpage	 	http://ae.charlotte.com/entertainment/ui/charlotte/movie.html?id=895597&reviewId=22500&startDate=NEX	 	 	 	 	 	 	 	 	1	0.816497	1	1		
0	http://rdf.freebase.com/ns/base.wfilmbase.film.w_id	 	http://rdf.freebase.com/ns/m.0599w6k	 	 	 	 	 	 	 	 	1	0.57735	1	1		
0	http://rdf.freebase.com/ns/common.topic.alias	 	Fantastic Four 2: Rise of the Silver Surfer; Fantastic Four: Galaxy Crisis	 	 	Untitled Fantastic Four reboot	 	 	 	 	 	2	0.816497	0.69897	1		
1	http://rdf.freebase.com/ns/common.topic.article;http://schema.org/description	 	Fantastic Four: Rise of the Silver Surfer is a 2007 American superhero film, and the sequel to the 2	2007 film by Tim Story	 	 	2015 movie	 	Fantastic Four, also known as Fantastic Four: The Animated Series, is the third animated television 	1994 TV series	 	5	0.816497	0.30103	1		
0	http://rdf.freebase.com/ns/common.topic.notable_for	 	Thriller Film	 	 	Action Film	 	 	Science Fiction TV Program	 	 	3	0.816497	0.522879	1		
0	http://rdf.freebase.com/ns/common.topic.notable_types	 	Award-Winning Work	 	 	Film	 	 	TV Program	 	 	3	0.816497	0.522879	1		
1	http://rdf.freebase.com/ns/common.topic.official_website;http://xmlns.com/foaf/0.1/homepage;http://www.wikidata.org/entity/P856c	 	http://www.fantasticfourmovie.com/	 	http://www.fantasticfourmovie.com	 	http://www.fantasticfourmovie.com	 	http://members.aol.com/drg4/ffx.html	 	 	4	0.645497	0.39794	1		
0	http://rdf.freebase.com/ns/common.topic.webpage	 	Blu-ray technology blah-blah-blah...zzzzz; Why you sorta oughta care about the MTV Movie Awards	 	 	 	 	 	http://rdf.freebase.com/ns/m.045ymss	 	 	2	0.816497	0.69897	1		
0	http://rdf.freebase.com/ns/film.film.cinematography	 	Larry Blanford	 	 	 	 	 	 	 	 	1	0.57735	1	1		
0	http://rdf.freebase.com/ns/film.film.costume_design_by	 	Mary E. Vogt	 	 	George L. Little	 	 	 	 	 	2	0.816497	0.69897	1		
2	http://rdf.freebase.com/ns/film.film.country;http://www.wikidata.org/entity/P495c;http://rdf.freebase.com/ns/tv.tv_program.country_of_origin;http://yago-knowledge.org/resource/isLocatedIn	 	United States of America	United States of America	 	United States of America	United States of America	 	United States of America	United States of America	United States	7	0.333333	0.154902	1		
0	http://rdf.freebase.com/ns/film.film.estimated_budget	 	130000000	 	 	 	 	 	 	 	 	1	0.57735	1	1		
0	http://rdf.freebase.com/ns/film.film.executive_produced_by	 	Chris Columbus; Kevin Feige	 	 	 	 	 	 	 	 	1	0.816497	1	1		
0	http://rdf.freebase.com/ns/film.film.featured_film_locations	 	New York City; Vancouver	 	 	 	 	 	 	 	 	1	0.816497	1	1		
0	http://rdf.freebase.com/ns/film.film.film_art_direction_by	 	Daniel T. Dorrance	 	 	 	 	 	 	 	 	1	0.816497	1	1		
0	http://rdf.freebase.com/ns/film.film.film_production_design_by	 	Kirk M. Petruccelli	 	 	 	 	 	 	 	 	1	0.57735	1	1		
0	http://rdf.freebase.com/ns/film.film.film_series	 	Fantastic Four film series	 	 	 	 	 	 	 	 	1	0.57735	1	1		
0	http://rdf.freebase.com/ns/film.film.film_set_decoration_by	 	Elizabeth Wilcox	 	 	 	 	 	 	 	 	1	0.57735	1	1		
2	http://rdf.freebase.com/ns/film.film.genre;http://rdf.freebase.com/ns/media_common.netflix_title.netflix_genres;http://www.wikidata.org/entity/P136c;http://dbpedia.org/ontology/genre;http://rdf.freebase.com/ns/tv.tv_program.genre	 	Action Thriller; Action/Adventure	science fiction film	 	Science fiction film; Superhero movie	adventure film; science fiction film	Action (fiction); Adventure	Animated cartoon; Comic Books and Superheroes	superhero fiction	 	7	0.713283	0.154902	1		
2	http://rdf.freebase.com/ns/film.film.initial_release_date;http://www.wikidata.org/entity/P577c;http://dbpedia.org/ontology/releaseDate;http://rdf.freebase.com/ns/tv.tv_program.air_date_of_first_episode;http://yago-knowledge.org/resource/wasCreatedOnDate	 	2007/6/12	 	 	2015/8/7	2015	1994/9/24	1994/9/24	1994	1994/9/24	7	0.617213	0.154902	1		
0	http://rdf.freebase.com/ns/film.film.language;http://www.wikidata.org/entity/P364c;http://rdf.freebase.com/ns/tv.tv_program.languages	 	Chinese language	English	 	English Language	English	 	English Language	English	 	6	0.471405	0.221849	1		
0	http://rdf.freebase.com/ns/film.film.metacritic_id	 	fantasticfourriseofthesilversurfer	 	 	 	 	 	 	 	 	1	0.57735	1	1		
0	http://rdf.freebase.com/ns/film.film.other_crew	 	http://rdf.freebase.com/ns/m.0b68971	 	 	 	 	 	 	 	 	1	0.816497	1	1		
0	http://rdf.freebase.com/ns/film.film.prequel;http://www.wikidata.org/entity/P155c	 	Fantastic Four	Fantastic Four	 	 	 	 	 	 	 	2	0.57735	0.69897	1		
1	http://rdf.freebase.com/ns/film.film.production_companies;http://www.wikidata.org/entity/P272c	 	1492 Pictures; Ingenious Media	1492 Pictures; 20th Century Fox	 	Marvel Entertainment; Twentieth Century Fox Film Corp	20th Century Fox; Marvel Entertainment	 	 	 	 	4	0.504878	0.39794	1		
0	http://rdf.freebase.com/ns/film.film.rating	 	PG (USA)	 	 	 	 	 	 	 	 	1	0.57735	1	1		
0	http://rdf.freebase.com/ns/film.film.release_date_s	 	2007/6/12	 	 	2015/7/27	 	 	 	 	 	2	0.816497	0.69897	1		
0	http://rdf.freebase.com/ns/film.film.soundtrack	 	Fantastic Four: Rise of the Silver Surfer	 	 	 	 	 	 	 	 	1	0.57735	1	1		
0	http://rdf.freebase.com/ns/film.film.tagline	 	Rise	 	 	 	 	 	 	 	 	1	0.57735	1	1		
0	http://rdf.freebase.com/ns/film.film.traileraddict_id	 	silver-surfer	 	 	 	 	 	 	 	 	1	0.57735	1	1		
0	http://rdf.freebase.com/ns/freebase.valuenotation.has_no_value	 	Sequel	 	 	 	 	 	 	 	 	1	0.57735	1	1		
0	http://rdf.freebase.com/ns/freebase.valuenotation.is_reviewed	 	Directed by; Initial release date	 	 	 	 	 	 	 	 	1	0.816497	1	1		
0	http://rdf.freebase.com/ns/kg.object_profile.prominent_type	 	Award-Winning Work	 	 	Film	 	 	TV Program	 	 	3	0.816497	0.522879	1		
0	http://rdf.freebase.com/ns/type.object.key	 	/authority/imdb/title/tt0486576; /wikipedia/it_id/4669222	 	 	/authority/google/google_plus_page/115834276889866931992; /wikipedia/tr_title/Fantastik_Dörtlü_(2015	 	 	/authority/imdb/title/tt0187635; /authority/thetvdb/series/76299	 	 	3	0.816497	0.522879	1		
0	http://rdf.freebase.com/ns/type.object.name	 	Fantastic Four: Rise of the Silver Surfer	 	 	The Fantastic Four	 	 	Fantastic Four	 	 	3	0.816497	0.522879	1		
0	http://rdf.freebase.com/ns/type.object.type	 	Award-Nominated Work; Netflix Title	 	 	Inanimate	 	 	Netflix Title; TV Program	 	 	3	0.318511	0.522879	1		
0	http://rdf.freebase.com/ns/user.avh.default_domain.ellerdale_topic.ellerdale_id	 	00a2-30ff	 	 	 	 	 	0088-687c	 	 	2	0.816497	0.69897	1		
0	http://rdf.freebase.com/ns/user.robert.default_domain.rated_film.ew_rating	 	38	 	 	 	 	 	 	 	 	1	0.57735	1	1		
0	http://www.wikidata.org/entity/P1237c	 	 	fantasticfour2	 	 	fantasticfour15	 	 	 	 	2	0.816497	0.69897	1		
0	http://www.wikidata.org/entity/P1258c	 	 	m/fantastic_four_2_rise_of_the_silver_surfer	 	 	m/the_fantastic_four	 	 	 	 	2	0.816497	0.69897	1		
0	http://www.wikidata.org/entity/P1476c	 	 	Fantastic Four: Rise of the Silver Surfer	 	 	Fantastic Four	 	 	 	 	2	0.816497	0.69897	1		
0	http://www.wikidata.org/entity/P1562c	 	 	v346942	 	 	v569323	 	 	 	 	2	0.816497	0.69897	1		
0	http://www.wikidata.org/entity/P1712c	 	 	movie/4-rise-of-the-silver-surfer	 	 	movie/fantastic-four-2015	 	 	 	 	2	0.816497	0.69897	1		
0	http://www.wikidata.org/entity/P1804c	 	 	51001	 	 	92446	 	 	 	 	2	0.816497	0.69897	1		
0	http://www.wikidata.org/entity/P18c	 	 	http://commons.wikimedia.org/wiki/File:Fantastic_Four_logo_(blue_and_white).svg	 	 	 	 	 	 	 	1	0.57735	1	1		
0	http://www.wikidata.org/entity/P1970c	 	 	40425	 	 	86743	 	 	 	 	2	0.816497	0.69897	1		
0	http://www.wikidata.org/entity/P2465c	 	 	327000	 	 	352382	 	 	 	 	2	0.816497	0.69897	1		
0	http://www.wikidata.org/entity/P2508c	 	 	38138	 	 	 	 	 	 	 	1	0.57735	1	1		
0	http://www.wikidata.org/entity/P2755c	 	 	117437	 	 	 	 	 	 	 	1	0.57735	1	1		
0	http://www.wikidata.org/entity/P2758c	 	 	no age restriction (U)	 	 	 	 	 	 	 	1	0.57735	1	1		
0	http://www.wikidata.org/entity/P462c	 	 	color	 	 	color	 	 	 	 	2	0.57735	0.69897	1		
0	http://www.wikidata.org/entity/P646-freebase	 	 	Fantastic Four: Rise of the Silver Surfer	 	 	 	 	 	Fantastic Four	 	2	0.816497	0.69897	1		
0	http://www.wikidata.org/entity/P646c	 	 	/m/09sh8k	 	 	 	 	 	/m/09wfjf	 	2	0.816497	0.69897	1		
0	http://www.wikidata.org/entity/P840c	 	 	Los Angeles; New York City	 	 	 	 	 	 	 	1	0.816497	1	1		
0	http://www.wikidata.org/entity/P905c	 	 	86868	 	 	 	 	 	 	 	1	0.57735	1	1		
0	http://www.wikidata.org/entity/P915c	 	 	Coquitlam; New York City	 	 	 	 	 	 	 	1	0.816497	1	1		
0	http://dbpedia.org/ontology/thumbnail	 	 	 	http://en.wikipedia.org/wiki/Special:FilePath/The_Fantastic_Four_poster.jpg?width=300	 	 	 	 	 	 	1	0.57735	1	1		
0	http://xmlns.com/foaf/0.1/depiction	 	 	 	http://en.wikipedia.org/wiki/Special:FilePath/The_Fantastic_Four_poster.jpg	 	 	 	 	 	 	1	0.57735	1	1		
0	http://rdf.freebase.com/key/authority.google.google_plus_page	 	 	 	 	1.16E+020	 	 	 	 	 	1	0.57735	1	1		
0	http://rdf.freebase.com/key/dataworld.freeq	 	 	 	 	job_801a7f7c-419a-49c8-8ef2-661da18ce98a_var_en_wikipedia_org_wiki_Untitled_Fantastic_Four_reboot	 	 	 	 	 	1	0.57735	1	1		
0	http://rdf.freebase.com/ns/common.topic.social_media_presence	 	 	 	 	http://plus.google.com/115834276889866931992	 	 	 	 	 	1	0.57735	1	1		
0	http://rdf.freebase.com/ns/film.film.rottentomatoes_id	 	 	 	 	the_fantastic_four	 	 	 	 	 	1	0.57735	1	1		
0	http://www.w3.org/2004/02/skos/core#altLabel	 	 	 	 	 	Fant4stic	 	 	 	 	1	0.57735	1	1		
0	http://www.wikidata.org/entity/P2334c	 	 	 	 	 	81550	 	 	 	 	1	0.57735	1	1		
0	http://www.wikidata.org/entity/P480c	 	 	 	 	 	375488	 	 	 	 	1	0.57735	1	1		
0	http://dbpedia.org/ontology/author	 	 	 	 	 	 	Ron Friedman	 	 	 	1	0.57735	1	1		
1	http://dbpedia.org/ontology/completionDate;http://rdf.freebase.com/ns/tv.tv_program.air_date_of_final_episode;http://yago-knowledge.org/resource/wasDestroyedOnDate	 	 	 	 	 	 	1996/2/24	1996/2/24	 	1996/2/24	3	0.57735	0.522879	1		
0	http://dbpedia.org/ontology/creator;http://rdf.freebase.com/ns/tv.tv_program.program_creator;http://www.wikidata.org/entity/P170c	 	 	 	 	 	 	Jack Kirby; Stan Lee	Jack Kirby; Stan Lee	Stan Lee	 	3	0.258199	0.522879	1		
0	http://dbpedia.org/ontology/network	 	 	 	 	 	 	Broadcast syndication; The Marvel Action Hour	 	 	 	1	0.816497	1	1		
1	http://dbpedia.org/ontology/numberOfEpisodes;http://rdf.freebase.com/ns/tv.tv_program.number_of_episodes;http://www.wikidata.org/entity/P1113c	 	 	 	 	 	 	26	26	26	 	3	0.57735	0.522879	1		
0	http://dbpedia.org/ontology/numberOfSeasons;http://www.wikidata.org/entity/P2437c	 	 	 	 	 	 	2	 	2	 	2	0.57735	0.69897	1		
0	http://dbpedia.org/ontology/previousWork	 	 	 	 	 	 	The New Fantastic Four	 	 	 	1	0.57735	1	1		
0	http://dbpedia.org/ontology/subsequentWork	 	 	 	 	 	 	Fantastic Four: World's Greatest Heroes	 	 	 	1	0.57735	1	1		
0	http://www.w3.org/2000/01/rdf-schema#seeAlso	 	 	 	 	 	 	The Incredible Hulk (1996 TV series)	 	 	 	1	0.57735	1	1		
0	http://rdf.freebase.com/key/authority.thetvdb.series	 	 	 	 	 	 	 	76299	 	 	1	0.57735	1	1		
0	http://rdf.freebase.com/key/authority.tvrage.series	 	 	 	 	 	 	 	The_Fantastic_Four_1994	 	 	1	0.57735	1	1		
0	http://rdf.freebase.com/key/authority.tvrage.series_numeric	 	 	 	 	 	 	 	5771	 	 	1	0.57735	1	1		
0	http://rdf.freebase.com/key/user.ovguide.tvdb_show_id	 	 	 	 	 	 	 	76299	 	 	1	0.57735	1	1		
0	http://rdf.freebase.com/ns/tv.tv_program.currently_in_production	 	 	 	 	 	 	 	TRUE	 	 	1	0.57735	1	1		
0	http://rdf.freebase.com/ns/tv.tv_program.episode_running_time	 	 	 	 	 	 	 	22	 	 	1	0.816497	1	1		
0	http://rdf.freebase.com/ns/tv.tv_program.episodes	 	 	 	 	 	 	 	Worlds Within Worlds; And a Blind Man Shall Lead Them	 	 	1	0.816497	1	1		
0	http://rdf.freebase.com/ns/tv.tv_program.hulu_id	 	 	 	 	 	 	 	the-fantastic-four	 	 	1	0.57735	1	1		
0	http://rdf.freebase.com/ns/tv.tv_program.seasons	 	 	 	 	 	 	 	The Fantastic Four (1994) - Season 1	 	 	1	0.816497	1	1		
0	http://rdf.freebase.com/ns/tv.tv_program.thetvdb_id	 	 	 	 	 	 	 	76299	 	 	1	0.57735	1	1		
0	http://rdf.freebase.com/ns/tv.tv_program.tvrage_id	 	 	 	 	 	 	 	5771	 	 	1	0.57735	1	1		
0	http://www.wikidata.org/entity/P1267c	 	 	 	 	 	 	 	 	5037	 	1	0.57735	1	1		
0	http://www.wikidata.org/entity/P2638c	 	 	 	 	 	 	 	 	shows/the-fantastic-four	 	1	0.57735	1	1		
0	http://www.wikidata.org/entity/P449c	 	 	 	 	 	 	 	 	broadcast syndication	 	1	0.57735	1	1		
0	http://www.w3.org/2004/02/skos/core#prefLabel	 	 	 	 	 	 	 	 	 	Fantastic Four (1994 TV series)	1	0.57735	1	1		
0	http://yago-knowledge.org/resource/hasCitationTitle	 	 	 	 	 	 	 	 	 	A Bedrock of U.S. Cartoon Production; The Fantastic Four Comic Book Ridicules The Show	1	0.816497	1	1		
0	http://yago-knowledge.org/resource/hasWikipediaAnchorText	 	 	 	 	 	 	 	 	 	Baxter Building; Bill Smitrovich	1	0.816497	1	1		
0	http://yago-knowledge.org/resource/hasWikipediaArticleLength	 	 	 	 	 	 	 	 	 	20295	1	0.57735	1	1		
0	http://yago-knowledge.org/resource/hasWikipediaUrl	 	 	 	 	 	 	 	 	 	http://en.wikipedia.org/wiki/Fantastic_Four_%281994_TV_series%29	1	0.57735	1	1		
0	http://yago-knowledge.org/resource/linksTo	 	 	 	 	 	 	 	 	 	Rocky Carroll; Action (fiction)	1	0.816497	1	1		
0	http://yago-knowledge.org/resource/redirectedFrom	 	 	 	 	 	 	 	 	 	Fantastic Four (1994 animated series)	1	0.57735	1	1		
