score	dataset	dbpedia	freebase	wikidata	dbpedia	freebase	wikidata	dbpedia	freebase	wikidata	yago-knowledge						
	entity	http://dbpedia.org/resource/Heat_(1995_film)	http://rdf.freebase.com/ns/m.0bxsk	http://www.wikidata.org/entity/Q42198	http://dbpedia.org/resource/The_Heat_(film)	http://rdf.freebase.com/ns/m.0k95mpr	http://www.wikidata.org/entity/Q135156	http://dbpedia.org/resource/WWE_Heat	http://rdf.freebase.com/ns/m.036f04	http://www.wikidata.org/entity/Q2363314	http://yago-knowledge.org/resource/WWE_Heat						
2	http://dbpedia.org/ontology/Work/runtime;http://dbpedia.org/ontology/runtime;http://rdf.freebase.com/ns/film.film.runtime;http://www.wikidata.org/entity/P2047c	170	159	171	117	117	117	35	 	 	 	7	0.723747	0.154902	1		
0	http://dbpedia.org/ontology/abstract	Heat is a 1995 American crime film written, produced and directed by Michael Mann, and starring Robe	 	 	The Heat is a 2013 American comedy film directed by Paul Feig and written by Katie Dippold. The plot	 	 	WWE Heat (formerly known as Sunday Night Heat also known as Heat) was a professional wrestling telev	 	 	 	3	0.816497	0.522879	1		
0	http://dbpedia.org/ontology/budget	60000000	 	 	43000000	 	 	 	 	 	 	2	0.816497	0.69897	1		
2	http://dbpedia.org/ontology/cinematography;http://rdf.freebase.com/ns/film.film.cinematography;http://www.wikidata.org/entity/P344c	Dante Spinotti	Dante Spinotti	Dante Spinotti	Robert Yeoman	Robert Yeoman	Robert Yeoman	 	 	 	 	6	0	0.221849	1		
2	http://dbpedia.org/ontology/director;http://rdf.freebase.com/ns/film.film.directed_by;http://www.wikidata.org/entity/P57c	Michael Mann (director)	Michael Mann	Michael Mann	Paul Feig	Paul Feig	Paul Feig	 	 	 	 	6	0.408248	0.221849	1		
0	http://dbpedia.org/ontology/distributor;http://rdf.freebase.com/ns/film.film.distributors;http://www.wikidata.org/entity/P750c	Warner Bros.	Warner Bros. Entertainment	 	20th Century Fox	Twentieth Century Fox Film Corp	20th Century Fox	 	 	 	 	5	0.68313	0.30103	1		
1	http://dbpedia.org/ontology/editing;http://rdf.freebase.com/ns/film.film.edited_by;http://www.wikidata.org/entity/P1040c	William Goldenberg	Pasquale Buba; William Goldenberg	 	 	Brent White; Jay Deuby	Brent White	 	 	 	 	4	0.57735	0.39794	1		
0	http://dbpedia.org/ontology/gross	187400000	 	 	229900000	 	 	 	 	 	 	2	0.816497	0.69897	1		
2	http://dbpedia.org/ontology/musicComposer;http://rdf.freebase.com/ns/film.film.music;http://www.wikidata.org/entity/P86c	Elliot Goldenthal	Elliot Goldenthal	Elliot Goldenthal	Michael Andrews (musician)	Michael Andrews	Michael Andrews	 	 	 	 	6	0.408248	0.221849	1		
1	http://dbpedia.org/ontology/producer;http://rdf.freebase.com/ns/film.film.produced_by;http://www.wikidata.org/entity/P162c	Art Linson	Art Linson; Michael Mann	Art Linson; Michael Mann	 	Jenno Topping; Peter Chernin	Peter Chernin	 	 	 	 	5	0.333333	0.30103	1		
2	http://dbpedia.org/ontology/starring;http://rdf.freebase.com/ns/film.film.starring;http://www.wikidata.org/entity/P161c;http://rdf.freebase.com/ns/tv.tv_program.regular_cast	Amy Brenneman; Ashley Judd	Amanda Graves; Kenny Endoso	Amy Brenneman; Ashley Judd	 	Brandon Richardson; Demián Bichir	Demián Bichir; Kaitlin Olson	List of World Wrestling Entertainment employees	Dwayne Johnson	 	 	7	0.6032	0.154902	1		
0	http://dbpedia.org/ontology/wikiPageExternalLink	http://query.nytimes.com/gst/fullpage.html?res=990CE2D61231F934A15754C0A963958260; http://www.ejumpc	 	 	http://thejournalist.ie/entertainment/film-review-the-bling-ring/	 	 	 	 	 	 	2	0.816497	0.69897	1		
2	http://dbpedia.org/ontology/wikiPageID;http://rdf.freebase.com/key/wikipedia.en_id	43566	43566	 	36389682	36389682	 	730510	730510	 	 	6	0.408248	0.221849	1		
0	http://dbpedia.org/ontology/wikiPageLength	37816	 	 	25509	 	 	14143	 	 	 	3	0.816497	0.522879	1		
0	http://dbpedia.org/ontology/wikiPageOutDegree	192	 	 	149	 	 	133	 	 	 	3	0.816497	0.522879	1		
0	http://dbpedia.org/ontology/wikiPageRevisionID	744230767	 	 	744832319	 	 	736170508	 	 	 	3	0.816497	0.522879	1		
2	http://dbpedia.org/ontology/writer;http://rdf.freebase.com/ns/film.film.written_by;http://www.wikidata.org/entity/P58c	Michael Mann (director)	Michael Mann	Michael Mann	Katie Dippold	Katie Dippold	Katie Dippold	 	 	 	 	6	0.408248	0.221849	1		
1	http://purl.org/dc/terms/subject;http://www.wikidata.org/entity/P921c	American crime thriller films; Films set in Los Angeles	 	Los Angeles Police Department	20th Century Fox films; Dolby Atmos films	 	 	1998 American television series debuts; Spike (TV network) shows	 	 	 	4	0.781065	0.39794	1		
0	http://www.w3.org/1999/02/22-rdf-syntax-ns#type;http://www.wikidata.org/entity/P31c	CreativeWork; http://dbpedia.org/ontology/Wikidata:Q11424	Award-Nominated Work; Netflix Title	film	CreativeWork; http://dbpedia.org/ontology/Wikidata:Q11424	Award-Nominated Work	film	CreativeWork; television program	Inanimate; TV Program	television program	wikicat 1998 American television series debuts; wordnet activity 100407535	10	0.508696	0	1		
2	http://www.w3.org/2000/01/rdf-schema#comment;http://rdf.freebase.com/ns/common.topic.description	Heat is a 1995 American crime film written, produced and directed by Michael Mann, and starring Robe	Heat is a 1995 American crime film written, produced and directed by Michael Mann, and starring Robe	 	The Heat is a 2013 American comedy film directed by Paul Feig and written by Katie Dippold. The plot	The Heat is a 2013 American buddy cop comedy film written by Katie Dippold and directed by Paul Feig	 	WWE Heat (formerly known as Sunday Night Heat also known as Heat) was a professional wrestling telev	WWE Heat was a professional wrestling television program produced by World Wrestling Entertainment. 	 	 	6	0.707107	0.221849	1		
2	http://www.w3.org/2000/01/rdf-schema#label	Heat (1995 film)	Heat	Heat	The Heat (film)	The Heat	The Heat	WWE Heat	WWE Heat	WWE Heat	WWE Heat	10	0.348155	0	1		
0	http://www.w3.org/2000/01/rdf-schema#seeAlso	L.A. Takedown	 	 	 	 	 	 	 	 	 	1	0.57735	1	1		
0	http://www.w3.org/2002/07/owl#sameAs	 	 	 	 	 	 	 	 	 	 	0	NaN	Infinity	0		
0	http://www.w3.org/ns/prov#wasDerivedFrom	http://en.wikipedia.org/wiki/Heat_(1995_film)?oldid=744230767	 	 	http://en.wikipedia.org/wiki/The_Heat_(film)?oldid=744832319	 	 	http://en.wikipedia.org/wiki/WWE_Heat?oldid=736170508	 	 	 	3	0.816497	0.522879	1		
1	http://xmlns.com/foaf/0.1/isPrimaryTopicOf;http://rdf.freebase.com/ns/common.topic.topic_equivalent_webpage	http://en.wikipedia.org/wiki/Heat_(1995_film)	http://ar.wikipedia.org/wiki/%2D%31%27%31%29_(%41%4A%44%45); http://www.netflix.com/Movie/70020509	 	http://en.wikipedia.org/wiki/The_Heat_(film)	http://ar.wikipedia.org/wiki/%27%44%2D%31%27%31%29_(%41%4A%44%45_2013); http://cs.wikipedia.org/wiki	 	http://en.wikipedia.org/wiki/WWE_Heat	http://es.wikipedia.org/wiki/index.html?curid=1332122; http://thetvdb.com/?tab=series&id=72174	 	 	6	0.804156	0.221849	1		
0	http://xmlns.com/foaf/0.1/name	Heat	 	 	The Heat	 	 	WWE Heat	 	 	 	3	0.816497	0.522879	1		
2	http://rdf.freebase.com/key/authority.imdb.title;http://rdf.freebase.com/ns/imdb.topic.title_id;http://www.wikidata.org/entity/P345c	 	tt0113277	tt0113277	 	tt2404463	tt2404463	 	tt0257324	tt0257324	 	6	0	0.221849	1		
0	http://rdf.freebase.com/key/authority.netflix.api	 	http://api.netflix.com/catalog/titles/movies/70020509	 	 	 	 	 	 	 	 	1	0.57735	1	1		
1	http://rdf.freebase.com/key/authority.netflix.movie;http://rdf.freebase.com/ns/film.film.netflix_id;http://www.wikidata.org/entity/P1874c	 	70020509	70020509	 	 	 	 	 	 	 	2	0.57735	0.69897	1		
0	http://rdf.freebase.com/key/authority.netflix.tiny	 	BVO6H	 	 	 	 	 	 	 	 	1	0.57735	1	1		
0	http://rdf.freebase.com/key/base.ranker.rankerurlname	 	heat/1141854	 	 	 	 	 	 	 	 	1	0.57735	1	1		
0	http://rdf.freebase.com/key/en	 	heat_1995	 	 	 	 	 	wwe_heat	 	 	2	0.816497	0.69897	1		
1	http://rdf.freebase.com/key/source.allocine.ca.film;http://rdf.freebase.com/key/source.allocine.fr.film;http://rdf.freebase.com/key/source.screenrush.films;http://www.wikidata.org/entity/P1265c	 	14046	14046	 	 	207813	 	 	 	 	3	0.258199	0.522879	1		
0	http://rdf.freebase.com/key/source.cine21.movie	 	1	 	 	 	 	 	 	 	 	1	0.57735	1	1		
0	http://rdf.freebase.com/key/source.cineseoul.cinemaid	 	973	 	 	 	 	 	 	 	 	1	0.57735	1	1		
0	http://rdf.freebase.com/key/source.clicker.film	 	heat-1995	 	 	 	 	 	 	 	 	1	0.57735	1	1		
0	http://rdf.freebase.com/key/source.daum.movieid	 	17301	 	 	 	 	 	 	 	 	1	0.57735	1	1		
0	http://rdf.freebase.com/key/source.entertainmentweekly.mediaproduct	 	MovieHeat	 	 	 	 	 	 	 	 	1	0.57735	1	1		
0	http://rdf.freebase.com/key/source.filmstarts.kritiken	 	35779-Heat	 	 	 	 	 	 	 	 	1	0.57735	1	1		
0	http://rdf.freebase.com/key/source.maxmovie.m_id	 	M000018287	 	 	 	 	 	 	 	 	1	0.57735	1	1		
0	http://rdf.freebase.com/key/source.metacritic.movie	 	heat	 	 	 	 	 	 	 	 	1	0.57735	1	1		
0	http://rdf.freebase.com/key/source.movist.mid	 	2383	 	 	 	 	 	 	 	 	1	0.57735	1	1		
0	http://rdf.freebase.com/key/source.nate.cinema_id	 	973	 	 	 	 	 	 	 	 	1	0.57735	1	1		
0	http://rdf.freebase.com/key/source.rottentomatoes.movie	 	1068182-heat	 	 	 	 	 	 	 	 	1	0.57735	1	1		
0	http://rdf.freebase.com/key/source.showtimes.intl.movie	 	0xe09bb9f2afb48e9c	 	 	0x68ee41fa65c2aa99	 	 	 	 	 	2	0.816497	0.69897	1		
0	http://rdf.freebase.com/key/source.traileraddict.embed	 	1140	 	 	 	 	 	 	 	 	1	0.57735	1	1		
0	http://rdf.freebase.com/key/source.traileraddict.movie	 	heat	 	 	 	 	 	 	 	 	1	0.57735	1	1		
0	http://rdf.freebase.com/key/source.videosurf	 	77021	 	 	 	 	 	206931	 	 	2	0.816497	0.69897	1		
0	http://rdf.freebase.com/key/user.avh.ellerdale	 	009a-a2aa	 	 	 	 	 	009b-3916	 	 	2	0.816497	0.69897	1		
1	http://rdf.freebase.com/key/wikipedia.en	 	Heat_(1995_film)	 	 	The_Heat_(2013_film)	 	 	Sunday_Night_HEAT	 	 	3	0.816497	0.522879	1		
1	http://rdf.freebase.com/key/wikipedia.en_title	 	Heat_(1995_film)	 	 	The_Heat_(film)	 	 	WWE_Heat	 	 	3	0.816497	0.522879	1		
0	http://rdf.freebase.com/ns/award.award_nominated_work.award_nominations	 	MTV Movie Award for Most Desirable Male	 	 	BFCA Critics' Choice Award for Best Actress in a Comedy; MTV Movie Award for Best Comedic Performanc	 	 	 	 	 	2	0.68313	0.69897	1		
0	http://rdf.freebase.com/ns/award.ranked_item.appears_in_ranked_lists	 	http://rdf.freebase.com/ns/m.0bqszbs	 	 	 	 	 	 	 	 	1	0.57735	1	1		
1	http://rdf.freebase.com/ns/common.topic.article;http://schema.org/description	 	Heat is a 1995 American crime film written and directed by Michael Mann. It stars Al Pacino, Robert 	1995 film	 	http://rdf.freebase.com/ns/m.0k95mpw	2013 American comedy film	 	WWE Heat (formerly known as Sunday Night Heat and stylized as SuNDAY NiGHT HeAT or HEAT) is a profes	 	 	5	0.816497	0.30103	1		
0	http://rdf.freebase.com/ns/common.topic.image	 	9120_front.jpg	 	 	 	 	 	 	 	 	1	0.57735	1	1		
0	http://rdf.freebase.com/ns/common.topic.notable_for	 	Psychological thriller Film	 	 	Crime Fiction Film	 	 	Sports TV Program	 	 	3	0.816497	0.522879	1		
0	http://rdf.freebase.com/ns/common.topic.notable_types	 	Film	 	 	Award-Winning Work	 	 	TV Program	 	 	3	0.816497	0.522879	1		
0	http://rdf.freebase.com/ns/common.topic.webpage	 	Deals: Lindsay Lohan, Robert De Niro, 'Dreamgirls'; http://rdf.freebase.com/ns/m.0cj6ft4	 	 	 	 	 	http://rdf.freebase.com/ns/m.02sg0j3	 	 	2	0.745356	0.69897	1		
0	http://rdf.freebase.com/ns/film.film.costume_design_by	 	Deborah Lynn Scott	 	 	Catherine Marie Thomas	 	 	 	 	 	2	0.816497	0.69897	1		
2	http://rdf.freebase.com/ns/film.film.country;http://www.wikidata.org/entity/P495c;http://rdf.freebase.com/ns/tv.tv_program.country_of_origin;http://yago-knowledge.org/resource/isLocatedIn	 	United States of America	United States of America	 	United States of America	United States of America	 	United States of America	United States of America	United States	7	0.218218	0.154902	1		
0	http://rdf.freebase.com/ns/film.film.estimated_budget	 	60000000	 	 	 	 	 	 	 	 	1	0.57735	1	1		
0	http://rdf.freebase.com/ns/film.film.executive_produced_by	 	Arnon Milchan; Pieter Jan Brugge	 	 	Dylan Clark; Michele Imperato	 	 	 	 	 	2	0.816497	0.69897	1		
0	http://rdf.freebase.com/ns/film.film.film_art_direction_by	 	Margie Stone McShirley	 	 	 	 	 	 	 	 	1	0.57735	1	1		
0	http://rdf.freebase.com/ns/film.film.film_casting_director	 	Bonnie Timmermann	 	 	 	 	 	 	 	 	1	0.57735	1	1		
0	http://rdf.freebase.com/ns/film.film.film_format	 	35 mm film	 	 	 	 	 	 	 	 	1	0.57735	1	1		
0	http://rdf.freebase.com/ns/film.film.film_production_design_by	 	Neil Spisak	 	 	Jefferson Sage	 	 	 	 	 	2	0.816497	0.69897	1		
0	http://rdf.freebase.com/ns/film.film.film_set_decoration_by	 	Anne H. Ahrens	 	 	Kyra Friedman Curcio	 	 	 	 	 	2	0.816497	0.69897	1		
1	http://rdf.freebase.com/ns/film.film.genre;http://rdf.freebase.com/ns/media_common.netflix_title.netflix_genres;http://www.wikidata.org/entity/P136c;http://rdf.freebase.com/ns/tv.tv_program.genre	 	Crime Action & Adventure; Police procedural	drama film	 	Action Film; Crime Fiction	buddy cop film	 	Sports films	 	 	5	0.666667	0.30103	1		
2	http://rdf.freebase.com/ns/film.film.initial_release_date;http://www.wikidata.org/entity/P577c;http://dbpedia.org/ontology/releaseDate;http://rdf.freebase.com/ns/tv.tv_program.air_date_of_first_episode;http://yago-knowledge.org/resource/wasCreatedOnDate	 	1995/12/15	1995	 	2013/6/27	2013	1998/8/2	1998/8/2	 	1998/8/2	7	0.617213	0.154902	1		
0	http://rdf.freebase.com/ns/film.film.language;http://www.wikidata.org/entity/P364c;http://rdf.freebase.com/ns/tv.tv_program.languages	 	English Language	English	 	Bulgarian Language	English	 	English Language	English	 	6	0.333333	0.221849	1		
0	http://rdf.freebase.com/ns/film.film.metacritic_id	 	heat	 	 	 	 	 	 	 	 	1	0.57735	1	1		
0	http://rdf.freebase.com/ns/film.film.other_crew	 	http://rdf.freebase.com/ns/m.0gv3n60	 	 	http://rdf.freebase.com/ns/m.0vt1_m7	 	 	 	 	 	2	0.816497	0.69897	1		
0	http://rdf.freebase.com/ns/film.film.other_film_companies	 	http://rdf.freebase.com/ns/m.0cm448n	 	 	 	 	 	 	 	 	1	0.57735	1	1		
1	http://rdf.freebase.com/ns/film.film.production_companies;http://www.wikidata.org/entity/P272c	 	Regency Enterprises; Warner Bros. Entertainment	Regency Enterprises	 	Heyday Films; TSG Entertainment	20th Century Fox; RatPac-Dune Entertainment	 	 	 	 	4	0.73598	0.39794	1		
0	http://rdf.freebase.com/ns/film.film.rating	 	R (USA)	 	 	R (USA)	 	 	 	 	 	2	0.57735	0.69897	1		
0	http://rdf.freebase.com/ns/film.film.release_date_s	 	1995-12-15; 2007-05-15	 	 	2013/6/27	 	 	 	 	 	2	0.816497	0.69897	1		
0	http://rdf.freebase.com/ns/film.film.rottentomatoes_id	 	1068182-heat	 	 	the_heat	 	 	 	 	 	2	0.816497	0.69897	1		
0	http://rdf.freebase.com/ns/film.film.soundtrack	 	Heat	 	 	 	 	 	 	 	 	1	0.57735	1	1		
0	http://rdf.freebase.com/ns/film.film.traileraddict_id	 	heat	 	 	 	 	 	 	 	 	1	0.57735	1	1		
0	http://rdf.freebase.com/ns/kg.object_profile.prominent_type	 	Film	 	 	Award-Winning Work	 	 	TV Program	 	 	3	0.816497	0.522879	1		
0	http://rdf.freebase.com/ns/type.object.key	 	/authority/imdb/title/tt0113277; /source/allocine/ca/film/14046	 	 	/authority/google/google_plus_page/117357119496568548639; /wikipedia/cs_title/Drsňačky	 	 	/authority/imdb/title/tt0257324; /authority/thetvdb/series/72174	 	 	3	0.816497	0.522879	1		
0	http://rdf.freebase.com/ns/type.object.name	 	Heat	 	 	The Heat	 	 	WWE Heat	 	 	3	0.816497	0.522879	1		
0	http://rdf.freebase.com/ns/type.object.type	 	Award-Nominated Work; Netflix Title	 	 	Award-Nominated Work	 	 	Inanimate; TV Program	 	 	3	0.377964	0.522879	1		
0	http://rdf.freebase.com/ns/user.avh.default_domain.ellerdale_topic.ellerdale_id	 	009a-a2aa	 	 	 	 	 	009b-3916	 	 	2	0.816497	0.69897	1		
0	http://www.w3.org/2004/02/skos/core#altLabel	 	 	'' Heat ''	 	 	 	 	 	 	 	1	0.57735	1	1		
0	http://www.wikidata.org/entity/P1237c	 	 	heat	 	 	bullockmccarthy	 	 	 	 	2	0.816497	0.69897	1		
0	http://www.wikidata.org/entity/P1258c	 	 	m/1068182-heat	 	 	m/the_heat	 	 	 	 	2	0.816497	0.69897	1		
0	http://www.wikidata.org/entity/P1476c	 	 	Heat	 	 	The Heat	 	 	 	 	2	0.816497	0.69897	1		
0	http://www.wikidata.org/entity/P1562c	 	 	v135459	 	 	 	 	 	 	 	1	0.57735	1	1		
0	http://www.wikidata.org/entity/P1712c	 	 	movie/heat	 	 	movie/the-heat	 	 	 	 	2	0.816497	0.69897	1		
0	http://www.wikidata.org/entity/P1804c	 	 	11969	 	 	84202	 	 	 	 	2	0.816497	0.69897	1		
0	http://www.wikidata.org/entity/P1970c	 	 	237	 	 	88743	 	 	 	 	2	0.816497	0.69897	1		
0	http://www.wikidata.org/entity/P214c	 	 	191534378	 	 	 	 	 	 	 	1	0.57735	1	1		
0	http://www.wikidata.org/entity/P227c	 	 	4718421-8	 	 	 	 	 	 	 	1	0.57735	1	1		
0	http://www.wikidata.org/entity/P2346c	 	 	167606	 	 	 	 	 	 	 	1	0.57735	1	1		
0	http://www.wikidata.org/entity/P2465c	 	 	28698	 	 	348938	 	 	 	 	2	0.816497	0.69897	1		
0	http://www.wikidata.org/entity/P2508c	 	 	10530	 	 	74061	 	 	 	 	2	0.816497	0.69897	1		
0	http://www.wikidata.org/entity/P2529c	 	 	6444	 	 	321344	 	 	 	 	2	0.816497	0.69897	1		
0	http://www.wikidata.org/entity/P268c	 	 	16969939g	 	 	 	 	 	 	 	1	0.57735	1	1		
0	http://www.wikidata.org/entity/P269c	 	 	178774537	 	 	 	 	 	 	 	1	0.57735	1	1		
0	http://www.wikidata.org/entity/P480c	 	 	267267	 	 	839748	 	 	 	 	2	0.816497	0.69897	1		
0	http://www.wikidata.org/entity/P646-freebase	 	 	Heat	 	 	The Heat	 	 	WWE Heat	 	3	0.816497	0.522879	1		
0	http://www.wikidata.org/entity/P646c	 	 	/m/0bxsk	 	 	/m/0k95mpr	 	 	/m/036f04	 	3	0.816497	0.522879	1		
0	http://www.wikidata.org/entity/P840c	 	 	Los Angeles	 	 	Manhattan	 	 	 	 	2	0.816497	0.69897	1		
0	http://www.wikidata.org/entity/P905c	 	 	2295	 	 	 	 	 	 	 	1	0.57735	1	1		
0	http://www.wikidata.org/entity/P915c	 	 	Long Beach; Santa Monica	 	 	 	 	 	 	 	1	0.816497	1	1		
1	http://xmlns.com/foaf/0.1/homepage;http://rdf.freebase.com/ns/common.topic.official_website;http://www.wikidata.org/entity/P856c	 	 	 	http://www.theheatmovie.com/	http://www.theheatmovie.com/	http://www.theheatmovie.com/	 	 	 	 	3	0.408248	0.522879	1		
0	http://rdf.freebase.com/key/authority.google.google_plus_page	 	 	 	 	1.17E+020	 	 	 	 	 	1	0.57735	1	1		
0	http://rdf.freebase.com/key/source.showtimes.local.movie	 	 	 	 	0xec611c9a871340e7	 	 	 	 	 	1	0.57735	1	1		
0	http://rdf.freebase.com/ns/award.award_winning_work.awards_won	 	 	 	 	People's Choice Award for Favorite Comedic Movie Actress	 	 	 	 	 	1	0.816497	1	1		
0	http://rdf.freebase.com/ns/common.topic.social_media_presence	 	 	 	 	http://plus.google.com/117357119496568548639	 	 	 	 	 	1	0.57735	1	1		
0	http://rdf.freebase.com/ns/common.topic.topical_webpage	 	 	 	 	http://secure.traversecityfilmfest.org/websales/pages/info.aspx?evtinfo=61414~4d61cd53-466a-4a38-9b0	 	 	http://www.wwe.com/broadband/heat/	 	 	2	0.816497	0.69897	1		
0	http://rdf.freebase.com/ns/film.film.film_festivals	 	 	 	 	2013 Traverse City Film Festival	 	 	 	 	 	1	0.57735	1	1		
0	http://rdf.freebase.com/ns/film.film.trailers	 	 	 	 	http://www.theheatmovie.com/#videos; http://www.youtube.com/embed/5i0FnsL3-4k	 	 	 	 	 	1	0.816497	1	1		
0	http://rdf.freebase.com/ns/freebase.valuenotation.has_no_value	 	 	 	 	Film Series	 	 	 	 	 	1	0.816497	1	1		
0	http://rdf.freebase.com/ns/freebase.valuenotation.has_value	 	 	 	 	Featured Song	 	 	 	 	 	1	0.57735	1	1		
0	http://rdf.freebase.com/ns/freebase.valuenotation.is_reviewed	 	 	 	 	Directed by; Initial release date	 	 	 	 	 	1	0.816497	1	1		
0	http://www.wikidata.org/entity/P1981c	 	 	 	 	 	FSK 12	 	 	 	 	1	0.57735	1	1		
0	http://www.wikidata.org/entity/P373c	 	 	 	 	 	The Heat (film)	 	 	 	 	1	0.57735	1	1		
0	http://www.wikidata.org/entity/P462c	 	 	 	 	 	color	 	 	 	 	1	0.57735	1	1		
1	http://dbpedia.org/ontology/completionDate;http://rdf.freebase.com/ns/tv.tv_program.air_date_of_final_episode;http://yago-knowledge.org/resource/wasDestroyedOnDate	 	 	 	 	 	 	2008/5/30	2008/5/30	 	2008/5/30	3	0.57735	0.522879	1		
1	http://dbpedia.org/ontology/creator;http://rdf.freebase.com/ns/tv.tv_program.program_creator;http://www.wikidata.org/entity/P170c	 	 	 	 	 	 	Vince McMahon	Vince McMahon	Vince McMahon	 	3	0.57735	0.522879	1		
0	http://dbpedia.org/ontology/network;http://rdf.freebase.com/ns/tv.tv_program.original_network	 	 	 	 	 	 	Spike (TV channel); USA Network	http://rdf.freebase.com/ns/m.04m1rf_	 	 	2	0.816497	0.69897	1		
1	http://dbpedia.org/ontology/numberOfEpisodes;http://rdf.freebase.com/ns/tv.tv_program.number_of_episodes;http://www.wikidata.org/entity/P1113c	 	 	 	 	 	 	513	513	513	 	3	0.57735	0.522879	1		
0	http://rdf.freebase.com/key/authority.thetvdb.series	 	 	 	 	 	 	 	72174	 	 	1	0.57735	1	1		
0	http://rdf.freebase.com/ns/tv.tv_program.regular_personal_appearances	 	 	 	 	 	 	 	http://rdf.freebase.com/ns/m.0w0w9f4	 	 	1	0.57735	1	1		
0	http://rdf.freebase.com/ns/tv.tv_program.spun_off_from	 	 	 	 	 	 	 	WWE Raw	 	 	1	0.57735	1	1		
0	http://rdf.freebase.com/ns/tv.tv_program.thetvdb_id	 	 	 	 	 	 	 	72174	 	 	1	0.57735	1	1		
0	http://www.wikidata.org/entity/P18c	 	 	 	 	 	 	 	 	http://commons.wikimedia.org/wiki/File:WWEHeatHD.jpg	 	1	0.57735	1	1		
0	http://www.wikidata.org/entity/P2638c	 	 	 	 	 	 	 	 	shows/sunday-night-heat	 	1	0.57735	1	1		
0	http://www.wikidata.org/entity/P449c	 	 	 	 	 	 	 	 	USA Network	 	1	0.816497	1	1		
0	http://www.w3.org/2004/02/skos/core#prefLabel	 	 	 	 	 	 	 	 	 	WWE Heat	1	0.57735	1	1		
0	http://yago-knowledge.org/resource/hasWikipediaAnchorText	 	 	 	 	 	 	 	 	 	2000 WWF results; pay-per-view	1	0.816497	1	1		
0	http://yago-knowledge.org/resource/hasWikipediaArticleLength	 	 	 	 	 	 	 	 	 	14001	1	0.57735	1	1		
0	http://yago-knowledge.org/resource/hasWikipediaUrl	 	 	 	 	 	 	 	 	 	http://en.wikipedia.org/wiki/WWE_Heat	1	0.57735	1	1		
0	http://yago-knowledge.org/resource/linksTo	 	 	 	 	 	 	 	 	 	D'Lo Brown; Tommy Dreamer	1	0.816497	1	1		
0	http://yago-knowledge.org/resource/redirectedFrom	 	 	 	 	 	 	 	 	 	Sunday Night HEAT	1	0.816497	1	1		
