score	dataset	dbpedia	freebase	wikidata	dbpedia	freebase	wikidata	dbpedia	freebase	wikidata	yago-knowledge						
	entity	http://dbpedia.org/resource/Star_Trek:_The_Animated_Series	http://rdf.freebase.com/ns/m.06r1k	http://www.wikidata.org/entity/Q20922	http://dbpedia.org/resource/Star_Trek:_The_Motion_Picture	http://rdf.freebase.com/ns/m.01pg1t	http://www.wikidata.org/entity/Q107940	http://dbpedia.org/resource/Star_Trek_(film)	http://rdf.freebase.com/ns/m.08phg9	http://www.wikidata.org/entity/Q213081	http://yago-knowledge.org/resource/Star_Trek_(film)						
2	http://dbpedia.org/ontology/Work/runtime;http://dbpedia.org/ontology/runtime;http://rdf.freebase.com/ns/film.film.runtime;http://www.wikidata.org/entity/P2047c	24	 	 	132	132	132	127	126	127	 	7	0.730297	0.154902	1		
0	http://dbpedia.org/ontology/abstract	Star Trek: The Animated Series (originally known simply as Star Trek but also known as The Animated 	 	 	Star Trek: The Motion Picture is a 1979 American science fiction film released by Paramount Pictures	 	 	Star Trek is a 2009 American science fiction adventure film directed by J. J. Abrams, written by Rob	 	 	 	3	0.816497	0.522879	1		
0	http://dbpedia.org/ontology/company	Norway Corporation	 	 	 	 	 	 	 	 	 	1	0.816497	1	1		
0	http://dbpedia.org/ontology/completionDate;http://rdf.freebase.com/ns/tv.tv_program.air_date_of_final_episode	1974/10/12	1974/10/12	 	 	 	 	 	 	 	 	2	0.57735	0.69897	1		
1	http://dbpedia.org/ontology/creator;http://rdf.freebase.com/ns/tv.tv_program.program_creator;http://www.wikidata.org/entity/P170c	Gene Roddenberry	Gene Roddenberry	Gene Roddenberry	 	 	 	 	 	 	 	3	0.57735	0.522879	1		
3	http://dbpedia.org/ontology/director;http://www.wikidata.org/entity/P57c;http://rdf.freebase.com/ns/film.film.directed_by	Hal Sutherland	 	Hal Sutherland	Robert Wise	Robert Wise	Robert Wise	J. J. Abrams	J.J. Abrams	J. J. Abrams	 	8	0.408248	0.09691	1		
0	http://dbpedia.org/ontology/distributor;http://rdf.freebase.com/ns/film.film.distributors;http://www.wikidata.org/entity/P750c	CBS Television Distribution; Paramount Television	 	 	Paramount Pictures	FilmFlex; Paramount Pictures	Paramount Pictures	Paramount Pictures	FilmFlex; Paramount Pictures	Paramount Pictures	 	7	0.258199	0.154902	1		
0	http://dbpedia.org/ontology/executiveProducer	D. C. Fontana; Gene Roddenberry	 	 	 	 	 	 	 	 	 	1	0.816497	1	1		
0	http://dbpedia.org/ontology/format	Monaural	 	 	 	 	 	 	 	 	 	1	0.816497	1	1		
0	http://dbpedia.org/ontology/network;http://rdf.freebase.com/ns/tv.tv_program.original_network	NBC	http://rdf.freebase.com/ns/m.04lsw8b	 	 	 	 	 	 	 	 	2	0.816497	0.69897	1		
0	http://dbpedia.org/ontology/numberOfEpisodes;http://rdf.freebase.com/ns/tv.tv_program.number_of_episodes;http://www.wikidata.org/entity/P1113c	22	22	22	 	 	 	 	 	 	 	3	0.57735	0.522879	1		
0	http://dbpedia.org/ontology/numberOfSeasons;http://rdf.freebase.com/ns/tv.tv_program.number_of_seasons;http://www.wikidata.org/entity/P2437c	2	2	2	 	 	 	 	 	 	 	3	0.57735	0.522879	1		
0	http://dbpedia.org/ontology/previousWork	Star Trek: The Original Series	 	 	 	 	 	 	 	 	 	1	0.57735	1	1		
2	http://dbpedia.org/ontology/producer;http://rdf.freebase.com/ns/tv.tv_program.tv_producer;http://rdf.freebase.com/ns/film.film.produced_by;http://www.wikidata.org/entity/P162c	Lou Scheimer; Norm Prescott	D. C. Fontana; Gene Roddenberry	 	Gene Roddenberry	Gene Roddenberry	Gene Roddenberry	 	Damon Lindelof; J.J. Abrams	Damon Lindelof; J. J. Abrams	 	7	0.452911	0.154902	1		
0	http://dbpedia.org/ontology/related	Star Trek	 	 	 	 	 	 	 	 	 	1	0.57735	1	1		
3	http://dbpedia.org/ontology/releaseDate;http://rdf.freebase.com/ns/tv.tv_program.air_date_of_first_episode;http://www.wikidata.org/entity/P577c;http://rdf.freebase.com/ns/film.film.initial_release_date;http://yago-knowledge.org/resource/wasCreatedOnDate	1973/9/8	1973/9/8	1973	 	1979/12/7	1979/12/7	 	2009/4/6	2009	2009/4/7	8	0.645497	0.09691	1		
0	http://dbpedia.org/ontology/subsequentWork	Star Trek: Phase II	 	 	 	 	 	 	 	 	 	1	0.57735	1	1		
0	http://dbpedia.org/ontology/voice	DeForest Kelley; James Doohan	 	 	 	 	 	 	 	 	 	1	0.816497	1	1		
0	http://dbpedia.org/ontology/wikiPageExternalLink	http://andorfiles.blogspot.com/2009/10/toon-trek.html; http://www.ex-astris-scientia.org/tas.htm	 	 	http://www.startrek.com/page/star-trek-the-motion-picture	 	 	http://www.startrek.com/page/star-trek-2009	 	 	 	3	0.816497	0.522879	1		
2	http://dbpedia.org/ontology/wikiPageID;http://rdf.freebase.com/key/wikipedia.en_id	27092	27092	 	277006	277006	 	3071743	3071743	 	 	6	0.408248	0.221849	1		
0	http://dbpedia.org/ontology/wikiPageLength	31281	 	 	131002	 	 	119495	 	 	 	3	0.816497	0.522879	1		
0	http://dbpedia.org/ontology/wikiPageOutDegree	220	 	 	360	 	 	487	 	 	 	3	0.816497	0.522879	1		
0	http://dbpedia.org/ontology/wikiPageRevisionID	742197711	 	 	743212943	 	 	744922187	 	 	 	3	0.816497	0.522879	1		
1	http://purl.org/dc/terms/subject;http://www.wikidata.org/entity/P921c	1970s American animated television series; 1974 American television series endings	 	 	American science fiction films; English-language films	 	 	Alternate timeline films; Titan (moon) in film	 	space warfare; time travel	 	4	0.77908	0.39794	1		
0	http://www.w3.org/1999/02/22-rdf-syntax-ns#type;http://www.wikidata.org/entity/P31c	CreativeWork; television program	Award-Nominated Work; Broadcast Content	animated series	CreativeWork; http://dbpedia.org/ontology/Wikidata:Q11424	Award-Nominated Work; Netflix Title	film	CreativeWork; http://dbpedia.org/ontology/Wikidata:Q11424	Award-Nominated Work; Netflix Title	film	wikicat American science fiction films; wikicat Time travel films	10	0.46889	0	1		
2	http://www.w3.org/2000/01/rdf-schema#comment;http://rdf.freebase.com/ns/common.topic.description	Star Trek: The Animated Series (originally known simply as Star Trek but also known as The Animated 	Star Trek: The Animated Series is an animated science fiction television series set in the Star Trek	 	Star Trek: The Motion Picture is a 1979 American science fiction film released by Paramount Pictures	Star Trek: The Motion Picture is a 1979 American science fiction film released by Paramount Pictures	 	Star Trek is a 2009 American science fiction adventure film directed by J. J. Abrams, written by Rob	Star Trek is a 2009 American science fiction action film directed by J. J. Abrams, written by Robert	 	 	6	0.723747	0.221849	1		
3	http://www.w3.org/2000/01/rdf-schema#label	Star Trek: The Animated Series	Star Trek: The Animated Series	Star Trek: The Animated Series	Star Trek: The Motion Picture	Star Trek: The Motion Picture	Star Trek: The Motion Picture	Star Trek (film)	Star Trek	Star Trek	Star Trek (film)	10	0.174078	0	1		
0	http://www.w3.org/2002/07/owl#sameAs	 	 	 	 	 	 	 	 	 	 	0	NaN	Infinity	0		
0	http://www.w3.org/ns/prov#wasDerivedFrom	http://en.wikipedia.org/wiki/Star_Trek:_The_Animated_Series?oldid=742197711	 	 	http://en.wikipedia.org/wiki/Star_Trek:_The_Motion_Picture?oldid=743212943	 	 	http://en.wikipedia.org/wiki/Star_Trek_(film)?oldid=744922187	 	 	 	3	0.816497	0.522879	1		
3	http://xmlns.com/foaf/0.1/homepage;http://rdf.freebase.com/ns/common.topic.official_website;http://www.wikidata.org/entity/P856c	http://www.startrek.com/page/star-trek-the-animated-series	http://www.startrek.com/page/star-trek-the-animated-series	http://www.startrek.com/startrek/view/library/episodes/ANI/index.html	http://www.startrek.com/page/star-trek-the-motion-picture	 	http://www.startrek.com/page/star-trek-the-motion-picture	http://www.startrek.com/page/star-trek-2009	http://www.startrekmovie.com/	http://www.startrek.com/page/star-trek-2009	 	8	0.540062	0.09691	1		
1	http://xmlns.com/foaf/0.1/isPrimaryTopicOf;http://rdf.freebase.com/ns/common.topic.topic_equivalent_webpage	http://en.wikipedia.org/wiki/Star_Trek:_The_Animated_Series	http://bg.wikipedia.org/wiki/%21%42%30%40_%22%40%35%3A:_%10%3D%38%3C%30%46%38%3E%3D%3D%38%4F%42_%41%	 	http://en.wikipedia.org/wiki/Star_Trek:_The_Motion_Picture	http://movie.nate.com/movie/movieinfo?cinema_id=15170; http://ar.wikipedia.org/wiki/%33%2A%27%31_%2A	 	http://en.wikipedia.org/wiki/Star_Trek_(film)	http://ar.wikipedia.org/wiki/%33%2A%27%31_%2A%31%4A%43_(%41%4A%44%45); http://www.netflix.com/Movie/	 	 	6	0.808363	0.221849	1		
0	http://xmlns.com/foaf/0.1/name	Star Trek: The Animated Series	 	 	The Motion Picture	 	 	Star Trek	 	 	 	3	0.816497	0.522879	1		
2	http://rdf.freebase.com/key/authority.imdb.title;http://rdf.freebase.com/ns/imdb.topic.title_id;http://www.wikidata.org/entity/P345c	 	tt0069637	tt0069637	 	tt0079945	tt0079945	 	tt0796366	tt0796366	 	6	0	0.221849	1		
1	http://rdf.freebase.com/key/authority.netflix.api	 	http://api.netflix.com/catalog/titles/series/70056227	 	 	http://api.netflix.com/catalog/titles/movies/60011737	 	 	http://api.netflix.com/catalog/titles/movies/70101276	 	 	3	0.816497	0.522879	1		
1	http://rdf.freebase.com/key/authority.netflix.tiny	 	VoJ63	 	 	ApOMT	 	 	BVj6y	 	 	3	0.816497	0.522879	1		
0	http://rdf.freebase.com/key/authority.thetvdb.series	 	73566	 	 	 	 	 	 	 	 	1	0.57735	1	1		
0	http://rdf.freebase.com/key/authority.tvrage.series	 	Star_Trek-The_Animated_Series	 	 	 	 	 	 	 	 	1	0.57735	1	1		
0	http://rdf.freebase.com/key/authority.tvrage.series_numeric	 	5336	 	 	 	 	 	 	 	 	1	0.57735	1	1		
1	http://rdf.freebase.com/key/base.ranker.rankerurlname	 	star-trek-the-animated-series/2087227	 	 	star-trek-the-motion-picture/2087234	 	 	star-trek/2087278	 	 	3	0.816497	0.522879	1		
1	http://rdf.freebase.com/key/en	 	star_trek_the_animated_series	 	 	star_trek_the_motion_picture	 	 	star_trek_xi	 	 	3	0.816497	0.522879	1		
0	http://rdf.freebase.com/key/source.videosurf	 	207783	 	 	 	 	 	88545	 	 	2	0.816497	0.69897	1		
1	http://rdf.freebase.com/key/user.avh.ellerdale	 	0080-b0e1	 	 	009b-0459	 	 	0099-c99d	 	 	3	0.816497	0.522879	1		
0	http://rdf.freebase.com/key/user.ovguide.tvdb_show_id	 	73566	 	 	 	 	 	 	 	 	1	0.57735	1	1		
1	http://rdf.freebase.com/key/wikipedia.en	 	Star_Trek/Star_Trek_ANI; Star_Trek:The_Animated_Series	 	 	Star_Trek:The_Motion_Picture; Voyager_VI	 	 	Corporare_Headquarters; Narada_(Star_Trek)	 	 	3	0.816497	0.522879	1		
1	http://rdf.freebase.com/key/wikipedia.en_title	 	Star_Trek:_The_Animated_Series	 	 	Star_Trek:_The_Motion_Picture	 	 	Star_Trek_(film)	 	 	3	0.816497	0.522879	1		
0	http://rdf.freebase.com/ns/award.award_nominated_work.award_nominations	 	Daytime Emmy Award for Outstanding Children's Entertainment Series	 	 	Academy Award for Best Original Musical; Academy Award for Best Visual Effects	 	 	ADG Excellence in Production Design Awards - Fantasy Film; SFX Award for Best Film Director	 	 	3	0.791623	0.522879	1		
0	http://rdf.freebase.com/ns/award.award_winning_work.awards_won	 	Daytime Emmy Award for Outstanding Children's Entertainment Series	 	 	 	 	 	Academy Award for Best Makeup and Hairstyling; SFX Award for Best Film Director	 	 	2	0.816497	0.69897	1		
0	http://rdf.freebase.com/ns/base.schemastaging.context_name.pronunciation	 	http://rdf.freebase.com/ns/g.125_q1mm_	 	 	 	 	 	 	 	 	1	0.57735	1	1		
0	http://rdf.freebase.com/ns/broadcast.content.producer	 	Filmation	 	 	 	 	 	 	 	 	1	0.57735	1	1		
0	http://rdf.freebase.com/ns/common.topic.alias	 	Raumschiff Enterprise - Animated	 	 	ST:TMP	 	 	Corporate Headquarters; Star Trek (IMAX DMR version)	 	 	3	0.816497	0.522879	1		
2	http://rdf.freebase.com/ns/common.topic.article;http://schema.org/description	 	Star Trek: The Animated Series (originally known as simply Star Trek, but also known as The Animated	Animated science fiction television series	 	Star Trek: The Motion Picture is a 1979 American science fiction film released by Paramount Pictures	1979 American science fiction film	 	<p>Star Trek is a 2009 science fiction film directed by J. J. Abrams, written by Roberto Orci and Al	2009 American science fiction film	 	6	0.816497	0.221849	1		
0	http://rdf.freebase.com/ns/common.topic.notable_for	 	Science Fiction TV Program	 	 	Science Fiction Film	 	 	Science Fiction Film	 	 	3	0.57735	0.522879	1		
0	http://rdf.freebase.com/ns/common.topic.notable_types	 	TV Program	 	 	Film	 	 	Film	 	 	3	0.57735	0.522879	1		
0	http://rdf.freebase.com/ns/common.topic.topical_webpage	 	http://www.startrek.com/startrek/view/library/episodes/ANI/index.html	 	 	 	 	 	http://www.chicagoreader.com/features/stories/moviereviews/090507/	 	 	2	0.816497	0.69897	1		
0	http://rdf.freebase.com/ns/common.topic.webpage	 	http://rdf.freebase.com/ns/m.02sfvvm	 	 	1979: ''Star Trek: The Motion Picture'' premiered; A 'Star' Is Born	 	 	'Angels & Demons' uncovers a $16.6 million box office haul on Friday; The Next Files: Chris Pine	 	 	3	0.782382	0.522879	1		
0	http://rdf.freebase.com/ns/kg.object_profile.prominent_type	 	TV Program	 	 	Film	 	 	Film	 	 	3	0.57735	0.522879	1		
1	http://rdf.freebase.com/ns/media_common.netflix_title.netflix_genres;http://rdf.freebase.com/ns/tv.tv_program.genre;http://www.wikidata.org/entity/P136c;http://rdf.freebase.com/ns/film.film.genre	 	Action/Adventure; Animated cartoon	science fiction	 	Action Sci-Fi & Fantasy; Movies/TV for ages 8 to 10	adventure film; science fiction film	 	Action Sci-Fi & Fantasy; Blockbuster	adventure film; science fiction film	 	6	0.620174	0.221849	1		
2	http://rdf.freebase.com/ns/tv.tv_program.country_of_origin;http://www.wikidata.org/entity/P495c;http://rdf.freebase.com/ns/film.film.country;http://yago-knowledge.org/resource/isLocatedIn	 	United States of America	United States of America	 	United States of America	United States of America	 	United States of America	United States of America	United States	7	0.204124	0.154902	1		
0	http://rdf.freebase.com/ns/tv.tv_program.currently_in_production	 	FALSE	 	 	 	 	 	 	 	 	1	0.57735	1	1		
0	http://rdf.freebase.com/ns/tv.tv_program.episode_running_time	 	24	 	 	 	 	 	 	 	 	1	0.816497	1	1		
0	http://rdf.freebase.com/ns/tv.tv_program.episodes	 	Beyond the Farthest Star; Mudd's Passion	 	 	 	 	 	 	 	 	1	0.816497	1	1		
0	http://rdf.freebase.com/ns/tv.tv_program.hulu_id	 	star-trek-the-animated-series	 	 	 	 	 	 	 	 	1	0.57735	1	1		
0	http://rdf.freebase.com/ns/tv.tv_program.languages;http://www.wikidata.org/entity/P364c;http://rdf.freebase.com/ns/film.film.language	 	English Language	English	 	English Language	English	 	English Language	English	 	6	0.308607	0.221849	1		
0	http://rdf.freebase.com/ns/tv.tv_program.recurring_writers	 	Gene Roddenberry	 	 	 	 	 	 	 	 	1	0.57735	1	1		
1	http://rdf.freebase.com/ns/tv.tv_program.regular_cast;http://www.wikidata.org/entity/P161c;http://dbpedia.org/ontology/starring;http://rdf.freebase.com/ns/film.film.starring	 	DeForest Kelley; James Doohan	William Shatner	DeForest Kelley; James Doohan	DeForest Kelley; Grace Lee Whitney	Franklyn Seales; Grace Lee Whitney	 	Akiva Goldsman; T. J. Storm	Tyler Perry; Akiva Goldsman	 	7	0.672365	0.154902	1		
0	http://rdf.freebase.com/ns/tv.tv_program.seasons	 	Star Trek: The Animated Series - Season 2	 	 	 	 	 	 	 	 	1	0.816497	1	1		
0	http://rdf.freebase.com/ns/tv.tv_program.soundtrack	 	Star Trek, Volume 1: The Cage / Where No Man Has Gone Before	 	 	 	 	 	 	 	 	1	0.57735	1	1		
0	http://rdf.freebase.com/ns/tv.tv_program.spun_off_from	 	Star Trek: The Original Series	 	 	 	 	 	 	 	 	1	0.57735	1	1		
0	http://rdf.freebase.com/ns/tv.tv_program.thetvdb_id	 	73566	 	 	 	 	 	 	 	 	1	0.57735	1	1		
0	http://rdf.freebase.com/ns/tv.tv_program.tvrage_id	 	5336	 	 	 	 	 	 	 	 	1	0.57735	1	1		
0	http://rdf.freebase.com/ns/type.object.key	 	/authority/imdb/title/tt0069637; /wikipedia/ja_title/まんが宇宙大作戦	 	 	/authority/imdb/title/tt0079945; /source/beyazperde/filmler/13022	 	 	/authority/imdb/title/tt0796366; /source/cine21/movie/20649	 	 	3	0.816497	0.522879	1		
0	http://rdf.freebase.com/ns/type.object.name	 	Star Trek: The Animated Series	 	 	Star Trek: The Motion Picture	 	 	Star Trek	 	 	3	0.816497	0.522879	1		
0	http://rdf.freebase.com/ns/type.object.type	 	Award-Nominated Work; Broadcast Content	 	 	Award-Nominated Work; Netflix Title	 	 	Award-Nominated Work; Netflix Title	 	 	3	0.247797	0.522879	1		
1	http://rdf.freebase.com/ns/user.avh.default_domain.ellerdale_topic.ellerdale_id	 	0080-b0e1	 	 	009b-0459	 	 	0099-c99d	 	 	3	0.816497	0.522879	1		
0	http://www.w3.org/2004/02/skos/core#altLabel	 	 	TAS	 	 	Star Trek 1	 	 	Star Trek 11	 	3	0.816497	0.522879	1		
0	http://www.wikidata.org/entity/P1267c	 	 	3406	 	 	 	 	 	 	 	1	0.57735	1	1		
0	http://www.wikidata.org/entity/P155c	 	 	Star Trek: The Original Series	 	 	 	 	 	Star Trek: Nemesis	 	2	0.816497	0.69897	1		
2	http://www.wikidata.org/entity/P156c;http://rdf.freebase.com/ns/film.film.sequel	 	 	Star Trek: The Next Generation	 	Star Trek II: The Wrath of Khan	Star Trek II: The Wrath of Khan	 	Star Trek Into Darkness	Star Trek Into Darkness	 	5	0.516398	0.30103	1		
0	http://www.wikidata.org/entity/P1811c	 	 	list of Star Trek: The Animated Series episodes	 	 	 	 	 	 	 	1	0.57735	1	1		
1	http://www.wikidata.org/entity/P2529c	 	 	73672	 	 	9834	 	 	222972	 	3	0.816497	0.522879	1		
0	http://www.wikidata.org/entity/P2638c	 	 	shows/star-trek-the-animated-series	 	 	 	 	 	 	 	1	0.57735	1	1		
0	http://www.wikidata.org/entity/P361c	 	 	Star Trek	 	 	 	 	 	 	 	1	0.57735	1	1		
0	http://www.wikidata.org/entity/P373c	 	 	Star Trek: The Animated Series	 	 	 	 	 	Star Trek (film)	 	2	0.816497	0.69897	1		
0	http://www.wikidata.org/entity/P449c	 	 	NBC	 	 	 	 	 	 	 	1	0.57735	1	1		
0	http://www.wikidata.org/entity/P646-freebase	 	 	Star Trek: The Animated Series	 	 	Star Trek: The Motion Picture	 	 	Star Trek	 	3	0.816497	0.522879	1		
0	http://www.wikidata.org/entity/P646c	 	 	/m/06r1k	 	 	/m/01pg1t	 	 	/m/08phg9	 	3	0.816497	0.522879	1		
0	http://www.wikidata.org/entity/P910c	 	 	Category:Star Trek: The Animated Series	 	 	 	 	 	 	 	1	0.57735	1	1		
0	http://dbpedia.org/ontology/budget	 	 	 	46000000	 	 	150000000	 	 	 	2	0.816497	0.69897	1		
2	http://dbpedia.org/ontology/cinematography;http://rdf.freebase.com/ns/film.film.cinematography;http://www.wikidata.org/entity/P344c	 	 	 	Richard H. Kline	Richard H. Kline	Richard H. Kline	Dan Mindel	Daniel Mindel	Daniel Mindel	 	6	0.408248	0.221849	1		
0	http://dbpedia.org/ontology/gross	 	 	 	139000000	 	 	385700000	 	 	 	2	0.816497	0.69897	1		
2	http://dbpedia.org/ontology/musicComposer;http://rdf.freebase.com/ns/film.film.music;http://www.wikidata.org/entity/P86c	 	 	 	Jerry Goldsmith	Jerry Goldsmith	Jerry Goldsmith	Michael Giacchino	Michael Giacchino	Michael Giacchino	 	6	0	0.221849	1		
2	http://dbpedia.org/ontology/writer;http://rdf.freebase.com/ns/film.film.story_by;http://rdf.freebase.com/ns/film.film.written_by;http://www.wikidata.org/entity/P58c	 	 	 	Harold Livingston	Alan Dean Foster; Gene Roddenberry	Alan Dean Foster; Gene Roddenberry	 	Alex Kurtzman; Gene Roddenberry	Alex Kurtzman; Roberto Orci	 	5	0.288675	0.30103	1		
2	http://rdf.freebase.com/key/authority.netflix.movie;http://rdf.freebase.com/ns/film.film.netflix_id;http://www.wikidata.org/entity/P1874c	 	 	 	 	60011737	60011737	 	70101276	70101276	 	4	0	0.39794	1		
2	http://rdf.freebase.com/key/source.allocine.ca.film;http://rdf.freebase.com/key/source.allocine.fr.film;http://rdf.freebase.com/key/source.beyazperde.filmler;http://rdf.freebase.com/key/source.screenrush.films;http://www.wikidata.org/entity/P1265c	 	 	 	 	13022	13022	 	114887	114887	 	4	0.333333	0.39794	1		
0	http://rdf.freebase.com/key/source.cine21.movie	 	 	 	 	18347	 	 	20649	 	 	2	0.816497	0.69897	1		
0	http://rdf.freebase.com/key/source.cineseoul.cinemaid	 	 	 	 	15170	 	 	38297	 	 	2	0.816497	0.69897	1		
0	http://rdf.freebase.com/key/source.clicker.film	 	 	 	 	star-trek-the-motion-picture-the-directors-edition	 	 	star-trek	 	 	2	0.816497	0.69897	1		
0	http://rdf.freebase.com/key/source.daum.movieid	 	 	 	 	10074	 	 	44494	 	 	2	0.816497	0.69897	1		
0	http://rdf.freebase.com/key/source.entertainmentweekly.mediaproduct	 	 	 	 	MovieStarTrekTheMotionPicture	 	 	MovieStarTrek	 	 	2	0.816497	0.69897	1		
0	http://rdf.freebase.com/key/source.filmstarts.kritiken	 	 	 	 	39215-Star-Trek-Der-Film	 	 	41383-Star-Trek-Die-Zukunft-hat-begonnen	 	 	2	0.816497	0.69897	1		
0	http://rdf.freebase.com/key/source.movist.mid	 	 	 	 	6241	 	 	40853	 	 	2	0.816497	0.69897	1		
0	http://rdf.freebase.com/key/source.nate.cinema_id	 	 	 	 	15170	 	 	 	 	 	1	0.57735	1	1		
0	http://rdf.freebase.com/key/source.rottentomatoes.movie	 	 	 	 	star_trek_the_motion_picture	 	 	 	 	 	1	0.57735	1	1		
0	http://rdf.freebase.com/key/source.showtimes.intl.movie	 	 	 	 	0x0190f50ec8113e7a	 	 	0xce09a23490c77f6d	 	 	2	0.816497	0.69897	1		
0	http://rdf.freebase.com/key/source.traileraddict.embed	 	 	 	 	1409	 	 	7408	 	 	2	0.816497	0.69897	1		
0	http://rdf.freebase.com/key/source.traileraddict.movie	 	 	 	 	star-trek-the-motion-picture	 	 	star-trek-xi	 	 	2	0.816497	0.69897	1		
0	http://rdf.freebase.com/ns/award.ranked_item.appears_in_ranked_lists	 	 	 	 	http://rdf.freebase.com/ns/m.0bvq06_	 	 	 	 	 	1	0.57735	1	1		
0	http://rdf.freebase.com/ns/fictional_universe.work_of_fiction.part_of_these_fictional_universes	 	 	 	 	Star Trek	 	 	Star Trek	 	 	2	0.57735	0.69897	1		
0	http://rdf.freebase.com/ns/film.film.costume_design_by	 	 	 	 	Robert Fletcher	 	 	Michael Kaplan	 	 	2	0.816497	0.69897	1		
1	http://rdf.freebase.com/ns/film.film.edited_by;http://www.wikidata.org/entity/P1040c	 	 	 	 	Todd Ramsay	Todd Ramsay	 	Mary Jo Markey; Maryann Brandon	Maryann Brandon	 	4	0.516398	0.39794	1		
0	http://rdf.freebase.com/ns/film.film.estimated_budget	 	 	 	 	35000000	 	 	150000000	 	 	2	0.816497	0.69897	1		
0	http://rdf.freebase.com/ns/film.film.featured_film_locations	 	 	 	 	Golden Gate Bridge	 	 	California State University, Northridge; Dodger Stadium	 	 	2	0.752773	0.69897	1		
0	http://rdf.freebase.com/ns/film.film.film_art_direction_by	 	 	 	 	John Vallone; Joseph R. Jennings	 	 	Beat Frutiger; Curt Beech	 	 	2	0.816497	0.69897	1		
0	http://rdf.freebase.com/ns/film.film.film_production_design_by	 	 	 	 	Harold Michelson	 	 	Scott Chambliss	 	 	2	0.816497	0.69897	1		
1	http://rdf.freebase.com/ns/film.film.film_series;http://www.wikidata.org/entity/P179c	 	 	 	 	Star Trek	Star Trek	 	Star Trek	 	 	3	0.57735	0.522879	1		
0	http://rdf.freebase.com/ns/film.film.film_set_decoration_by	 	 	 	 	Linda DeScenna	 	 	Karen Manthey	 	 	2	0.816497	0.69897	1		
0	http://rdf.freebase.com/ns/film.film.production_companies;http://www.wikidata.org/entity/P272c	 	 	 	 	Paramount Pictures	 	 	Bad Robot Productions; Paramount Pictures	Bad Robot Productions; Paramount Pictures	 	3	0.308607	0.522879	1		
0	http://rdf.freebase.com/ns/film.film.rating	 	 	 	 	PG (USA)	 	 	PG-13 (USA)	 	 	2	0.816497	0.69897	1		
0	http://rdf.freebase.com/ns/film.film.release_date_s	 	 	 	 	1979/12/7	 	 	2009/4/6	 	 	2	0.816497	0.69897	1		
0	http://rdf.freebase.com/ns/film.film.rottentomatoes_id	 	 	 	 	star_trek_the_motion_picture	 	 	star_trek_11	 	 	2	0.816497	0.69897	1		
0	http://rdf.freebase.com/ns/film.film.soundtrack	 	 	 	 	Star Trek: The Motion Picture	 	 	The Music of Star Trek (The City of Prague Philharmonic Orchestra)	 	 	2	0.816497	0.69897	1		
0	http://rdf.freebase.com/ns/film.film.tagline	 	 	 	 	The human adventure is just beginning.; There is no comparison.	 	 	The Future Begins	 	 	2	0.816497	0.69897	1		
0	http://rdf.freebase.com/ns/film.film.traileraddict_id	 	 	 	 	star-trek-the-motion-picture	 	 	star-trek-xi	 	 	2	0.816497	0.69897	1		
0	http://www.wikidata.org/entity/P1237c	 	 	 	 	 	startrek	 	 	startrek11	 	2	0.816497	0.69897	1		
0	http://www.wikidata.org/entity/P1258c	 	 	 	 	 	m/star_trek_the_motion_picture	 	 	m/star_trek_11	 	2	0.816497	0.69897	1		
0	http://www.wikidata.org/entity/P144c	 	 	 	 	 	Star Trek	 	 	Star Trek	 	2	0.57735	0.69897	1		
0	http://www.wikidata.org/entity/P1476c	 	 	 	 	 	Star Trek: The Motion Picture	 	 	Star Trek	 	2	0.816497	0.69897	1		
0	http://www.wikidata.org/entity/P1562c	 	 	 	 	 	v46515	 	 	v356492	 	2	0.816497	0.69897	1		
0	http://www.wikidata.org/entity/P1804c	 	 	 	 	 	1028	 	 	60757	 	2	0.816497	0.69897	1		
0	http://www.wikidata.org/entity/P18c	 	 	 	 	 	http://commons.wikimedia.org/wiki/File:Star_trek_der_film.svg	 	 	http://commons.wikimedia.org/wiki/File:Star_Trek_movie_logo.svg	 	2	0.816497	0.69897	1		
0	http://www.wikidata.org/entity/P1981c	 	 	 	 	 	FSK 12	 	 	 	 	1	0.57735	1	1		
0	http://www.wikidata.org/entity/P214c	 	 	 	 	 	176600833	 	 	 	 	1	0.57735	1	1		
0	http://www.wikidata.org/entity/P2334c	 	 	 	 	 	7930	 	 	 	 	1	0.57735	1	1		
0	http://www.wikidata.org/entity/P2408c	 	 	 	 	 	23rd century	 	 	23rd century	 	2	0.57735	0.69897	1		
0	http://www.wikidata.org/entity/P2465c	 	 	 	 	 	11857	 	 	329887	 	2	0.816497	0.69897	1		
0	http://www.wikidata.org/entity/P2508c	 	 	 	 	 	4745	 	 	40019	 	2	0.816497	0.69897	1		
0	http://www.wikidata.org/entity/P2518c	 	 	 	 	 	1220	 	 	5601	 	2	0.816497	0.69897	1		
0	http://www.wikidata.org/entity/P462c	 	 	 	 	 	color	 	 	color	 	2	0.57735	0.69897	1		
0	http://www.wikidata.org/entity/P480c	 	 	 	 	 	770715	 	 	138466	 	2	0.816497	0.69897	1		
0	http://www.wikidata.org/entity/P905c	 	 	 	 	 	8705	 	 	100597	 	2	0.816497	0.69897	1		
0	http://dbpedia.org/ontology/thumbnail	 	 	 	 	 	 	http://commons.wikimedia.org/wiki/Special:FilePath/ChrisPineatCampArifjan_cropped.jpg?width=300	 	 	 	1	0.57735	1	1		
0	http://www.w3.org/2000/01/rdf-schema#seeAlso	 	 	 	 	 	 	Star Trek: Countdown	 	 	 	1	0.57735	1	1		
0	http://xmlns.com/foaf/0.1/depiction	 	 	 	 	 	 	http://commons.wikimedia.org/wiki/Special:FilePath/ChrisPineatCampArifjan_cropped.jpg	 	 	 	1	0.57735	1	1		
0	http://rdf.freebase.com/key/source.fandango.movie	 	 	 	 	 	 	 	112813	 	 	1	0.57735	1	1		
0	http://rdf.freebase.com/key/source.maxmovie.m_id	 	 	 	 	 	 	 	M000059875	 	 	1	0.57735	1	1		
0	http://rdf.freebase.com/key/source.metacritic.movie	 	 	 	 	 	 	 	startrek2009	 	 	1	0.57735	1	1		
0	http://rdf.freebase.com/ns/base.reviews.reviewed_topic.reviews	 	 	 	 	 	 	 	Review of Star Trek at blog.oregonlive.com; Review of Star Trek at rogerebert.suntimes.com	 	 	1	0.816497	1	1		
0	http://rdf.freebase.com/ns/business.product_theme.product_lines	 	 	 	 	 	 	 	Barbie Collection: Star Trek figures; Star Trek: Command Figures	 	 	1	0.816497	1	1		
0	http://rdf.freebase.com/ns/business.product_theme.products	 	 	 	 	 	 	 	Star Trek Captain Kirk Ken; Star Trek Mr. Spock Ken	 	 	1	0.816497	1	1		
0	http://rdf.freebase.com/ns/common.topic.image	 	 	 	 	 	 	 	http://rdf.freebase.com/ns/m.07sgb67; l_796366_5cb14bde.jpg	 	 	1	0.707107	1	1		
0	http://rdf.freebase.com/ns/fictional_universe.work_of_fiction.setting	 	 	 	 	 	 	 	Risa	 	 	1	0.57735	1	1		
0	http://rdf.freebase.com/ns/film.film.executive_produced_by	 	 	 	 	 	 	 	Alex Kurtzman; Bryan Burk	 	 	1	0.816497	1	1		
0	http://rdf.freebase.com/ns/film.film.fandango_id	 	 	 	 	 	 	 	112813	 	 	1	0.57735	1	1		
0	http://rdf.freebase.com/ns/film.film.featured_song	 	 	 	 	 	 	 	Back From Black; Hella Bar Talk	 	 	1	0.816497	1	1		
0	http://rdf.freebase.com/ns/film.film.film_casting_director	 	 	 	 	 	 	 	Alyssa Weisberg	 	 	1	0.816497	1	1		
0	http://rdf.freebase.com/ns/film.film.film_festivals	 	 	 	 	 	 	 	2010 Shanghai International Film Festival; 2013 Gérardmer Fantasticarts Film Festival	 	 	1	0.816497	1	1		
0	http://rdf.freebase.com/ns/film.film.film_format	 	 	 	 	 	 	 	IMAX	 	 	1	0.57735	1	1		
0	http://rdf.freebase.com/ns/film.film.gross_revenue	 	 	 	 	 	 	 	http://rdf.freebase.com/ns/m.0h5rt8s	 	 	1	0.57735	1	1		
0	http://rdf.freebase.com/ns/film.film.metacritic_id	 	 	 	 	 	 	 	startrek2009	 	 	1	0.57735	1	1		
0	http://rdf.freebase.com/ns/film.film.other_crew	 	 	 	 	 	 	 	http://rdf.freebase.com/ns/m.09vx45_; http://rdf.freebase.com/ns/m.0tkssnb	 	 	1	0.816497	1	1		
0	http://rdf.freebase.com/ns/film.film.subjects	 	 	 	 	 	 	 	Time travel	 	 	1	0.57735	1	1		
0	http://rdf.freebase.com/ns/film.film.trailers	 	 	 	 	 	 	 	http://www.youtube.com/watch?v=8ETDE0VGJY4	 	 	1	0.57735	1	1		
0	http://rdf.freebase.com/ns/freebase.valuenotation.is_reviewed	 	 	 	 	 	 	 	Initial release date; Screenplay by	 	 	1	0.816497	1	1		
0	http://rdf.freebase.com/ns/user.alust.default_domain.processed_with_review_queue.question_id	 	 	 	 	 	 	 	/rabj/store/questions/question_01635bdaf33c6da0	 	 	1	0.57735	1	1		
0	http://rdf.freebase.com/ns/user.mikeshwe.default_domain.fandango_film.currently_in_theatres	 	 	 	 	 	 	 	FALSE	 	 	1	0.57735	1	1		
0	http://rdf.freebase.com/ns/user.robert.default_domain.rated_film.ew_rating	 	 	 	 	 	 	 	85	 	 	1	0.57735	1	1		
0	http://www.wikidata.org/entity/P1712c	 	 	 	 	 	 	 	 	movie/star-trek	 	1	0.57735	1	1		
0	http://www.wikidata.org/entity/P1970c	 	 	 	 	 	 	 	 	45768	 	1	0.57735	1	1		
0	http://www.wikidata.org/entity/P840c	 	 	 	 	 	 	 	 	San Francisco	 	1	0.57735	1	1		
0	http://www.wikidata.org/entity/P915c	 	 	 	 	 	 	 	 	Los Angeles; San Francisco	 	1	0.816497	1	1		
0	http://www.w3.org/2004/02/skos/core#prefLabel	 	 	 	 	 	 	 	 	 	Star Trek (film)	1	0.57735	1	1		
0	http://yago-knowledge.org/resource/hasCitationTitle	 	 	 	 	 	 	 	 	 	"Man on Wire, ""The Wrestler"" Among 2009 Golden Trailer Winners; Young Chekov Talks Trek"	1	0.816497	1	1		
0	http://yago-knowledge.org/resource/hasWikipediaAnchorText	 	 	 	 	 	 	 	 	 	'Star Trek' Sequel Will Deal With 'Unpredictable Future'; Varèse Sarabande	1	0.816497	1	1		
0	http://yago-knowledge.org/resource/hasWikipediaArticleLength	 	 	 	 	 	 	 	 	 	124882	1	0.57735	1	1		
0	http://yago-knowledge.org/resource/hasWikipediaUrl	 	 	 	 	 	 	 	 	 	http://en.wikipedia.org/wiki/Star_Trek_%28film%29	1	0.57735	1	1		
0	http://yago-knowledge.org/resource/linksTo	 	 	 	 	 	 	 	 	 	36th People's Choice Awards; Monopoly (game)	1	0.816497	1	1		
0	http://yago-knowledge.org/resource/redirectedFrom	 	 	 	 	 	 	 	 	 	Corporare Headquarters; Narada (Star Trek)	1	0.816497	1	1		
