score	dataset	dbpedia	freebase	wikidata	dbpedia	freebase	wikidata	yago-knowledge	dbpedia	freebase	wikidata						
	entity	http://dbpedia.org/resource/Aladdin_(TV_series)	http://rdf.freebase.com/ns/m.057v8r	http://www.wikidata.org/entity/Q27120	http://dbpedia.org/resource/Aladdin_(1992_Disney_film)	http://rdf.freebase.com/ns/m.0jnwx	http://www.wikidata.org/entity/Q215518	http://yago-knowledge.org/resource/Aladdin_(1992_Disney_film)	http://dbpedia.org/resource/Aladdin_and_the_King_of_Thieves	http://rdf.freebase.com/ns/m.01_5px	http://www.wikidata.org/entity/Q817003						
2	http://dbpedia.org/ontology/Work/runtime;http://dbpedia.org/ontology/runtime;http://rdf.freebase.com/ns/film.film.runtime;http://www.wikidata.org/entity/P2047c	22	 	 	90	90	91	 	81	http://rdf.freebase.com/ns/g.11bxwd8p7l	71	7	0.763763	0.154902	1		
0	http://dbpedia.org/ontology/abstract	Aladdin is an animated television series made by Walt Disney Television Animation which aired from 1	 	 	Aladdin is a 1992 American animated musical fantasy film produced by Walt Disney Feature Animation a	 	 	 	Aladdin and the King of Thieves (also known as Aladdin 3: Aladdin and the King of Thieves) is a 1996	 	 	3	0.816497	0.522879	1		
0	http://dbpedia.org/ontology/company	Disney Television Animation	 	 	 	 	 	 	 	 	 	1	0.57735	1	1		
0	http://dbpedia.org/ontology/completionDate;http://rdf.freebase.com/ns/tv.tv_program.air_date_of_final_episode	1995/11/25	1995/11/25	 	 	 	 	 	 	 	 	2	0.57735	0.69897	1		
2	http://dbpedia.org/ontology/composer;http://www.wikidata.org/entity/P86c;http://dbpedia.org/ontology/musicComposer;http://rdf.freebase.com/ns/film.film.music	Harvey Cohen; Mark Watters	 	Mark Watters	Alan Menken	Alan Menken	Alan Menken	 	 	 	 	5	0.408248	0.30103	1		
1	http://dbpedia.org/ontology/creator;http://rdf.freebase.com/ns/tv.tv_program.program_creator;http://www.wikidata.org/entity/P170c	Walt Disney Television	Walt Disney Television	Walt Disney Television	 	 	 	 	 	 	 	3	0.57735	0.522879	1		
3	http://dbpedia.org/ontology/director;http://www.wikidata.org/entity/P57c;http://rdf.freebase.com/ns/film.film.directed_by	Alan Zaslove	 	Alan Zaslove	John Musker; Ron Clements	John Musker; Ron Clements	John Musker; Ron Clements	 	Tad Stones	Tad Stones	Tad Stones	8	0.160128	0.09691	1		
0	http://dbpedia.org/ontology/distributor;http://rdf.freebase.com/ns/film.film.distributors;http://www.wikidata.org/entity/P750c	Disney–ABC Domestic Television	 	 	Walt Disney Studios Motion Pictures	Walt Disney Studios Motion Pictures	 	 	Walt Disney Studios Home Entertainment	Walt Disney Studios Home Entertainment; http://rdf.freebase.com/ns/m.0fpqw58	Walt Disney Studios Motion Pictures	6	0.540062	0.221849	1		
0	http://dbpedia.org/ontology/format	Dolby Surround; Standard-definition television	 	 	 	 	 	 	 	 	 	1	0.816497	1	1		
1	http://dbpedia.org/ontology/genre;http://rdf.freebase.com/ns/tv.tv_program.genre;http://rdf.freebase.com/ns/film.film.genre;http://rdf.freebase.com/ns/media_common.netflix_title.netflix_genres;http://www.wikidata.org/entity/P136c	Adventure (genre); Fantasy film	Adventure Film; Animated cartoon	 	 	Contemporary Movie Musicals; Family Sci-Fi & Fantasy	musical film	 	 	Children's/Family; Family Animation	 	5	0.619393	0.30103	1		
0	http://dbpedia.org/ontology/network;http://rdf.freebase.com/ns/tv.tv_program.original_network	Broadcast syndication; Disney Channel	http://rdf.freebase.com/ns/m.010nrlk8; http://rdf.freebase.com/ns/m.0125j6__	 	 	 	 	 	 	 	 	2	0.816497	0.69897	1		
0	http://dbpedia.org/ontology/numberOfEpisodes;http://rdf.freebase.com/ns/tv.tv_program.number_of_episodes;http://www.wikidata.org/entity/P1113c	86	86	86	 	 	 	 	 	 	 	3	0.57735	0.522879	1		
0	http://dbpedia.org/ontology/numberOfSeasons;http://rdf.freebase.com/ns/tv.tv_program.number_of_seasons;http://www.wikidata.org/entity/P2437c	3	3	3	 	 	 	 	 	 	 	3	0.57735	0.522879	1		
0	http://dbpedia.org/ontology/previousWork	The Return of Jafar	 	 	 	 	 	 	 	 	 	1	0.57735	1	1		
3	http://dbpedia.org/ontology/releaseDate;http://rdf.freebase.com/ns/tv.tv_program.air_date_of_first_episode;http://www.wikidata.org/entity/P577c;http://rdf.freebase.com/ns/film.film.initial_release_date;http://yago-knowledge.org/resource/wasCreatedOnDate	1994/9/5	1994/9/5	1994	 	1992/11/11	1992/11/25	1992/11/25	 	1996/8/13	1996/8/23	8	0.645497	0.09691	1		
1	http://dbpedia.org/ontology/starring;http://rdf.freebase.com/ns/tv.tv_program.regular_cast;http://www.wikidata.org/entity/P161c;http://rdf.freebase.com/ns/film.film.starring	Dan Castellaneta; Frank Welker	Dan Castellaneta; Frank Welker	Dan Castellaneta; Frank Welker	Douglas Seale; Frank Welker	Douglas Seale; Jim Cummings	Douglas Seale; Frank Welker	 	Frank Welker; Gilbert Gottfried	C. C. H. Pounder; Frank Welker	Frank Welker; Gilbert Gottfried	9	0.205412	0.045757	1		
0	http://dbpedia.org/ontology/subsequentWork	Aladdin and the King of Thieves	 	 	 	 	 	 	 	 	 	1	0.57735	1	1		
2	http://dbpedia.org/ontology/wikiPageID;http://rdf.freebase.com/key/wikipedia.en_id	1523081	1523081	 	73170	73170	 	 	358688	358688	 	6	0.408248	0.221849	1		
0	http://dbpedia.org/ontology/wikiPageLength	18408	 	 	63697	 	 	 	19327	 	 	3	0.816497	0.522879	1		
0	http://dbpedia.org/ontology/wikiPageOutDegree	176	 	 	287	 	 	 	96	 	 	3	0.816497	0.522879	1		
0	http://dbpedia.org/ontology/wikiPageRevisionID	743762700	 	 	744871360	 	 	 	737128607	 	 	3	0.816497	0.522879	1		
0	http://purl.org/dc/terms/subject	1990s American animated television series; CBS network shows	 	 	1990s American animated films; Animated musical films	 	 	 	1990s American animated films; Animated fantasy films	 	 	3	0.710565	0.522879	1		
0	http://www.w3.org/1999/02/22-rdf-syntax-ns#type;http://www.wikidata.org/entity/P31c	CreativeWork; television program	Award-Nominated Work; TV Program	television series	CreativeWork; http://dbpedia.org/ontology/Wikidata:Q11424	Amusement Ride Theme; Award-Nominated Work	animated film	wordnet show 106619065; wikicat American children's fantasy films	CreativeWork; http://dbpedia.org/ontology/Wikidata:Q11424	Netflix Title	animated film	10	0.536056	0	1		
2	http://www.w3.org/2000/01/rdf-schema#comment;http://rdf.freebase.com/ns/common.topic.description	Aladdin is an animated television series made by Walt Disney Television Animation which aired from 1	Aladdin is an animated television series made by Walt Disney Television Animation which aired from 1	 	Aladdin is a 1992 American animated musical fantasy film produced by Walt Disney Feature Animation a	Aladdin is a 1992 American animated musical fantasy film produced by Walt Disney Feature Animation a	 	 	Aladdin and the King of Thieves (also known as Aladdin 3: Aladdin and the King of Thieves) is a 1996	Aladdin and the King of Thieves is a 1996 animated film that is the second direct-to-video sequel to	 	6	0.57735	0.221849	1		
3	http://www.w3.org/2000/01/rdf-schema#label	Aladdin (TV series)	Aladdin	Aladdin	Aladdin (1992 Disney film)	Aladdin	Aladdin	Aladdin (1992 Disney film)	Aladdin and the King of Thieves	Aladdin and the King of Thieves	Aladdin and the King of Thieves	10	0.174078	0	1		
0	http://www.w3.org/2002/07/owl#sameAs	 	 	 	 	 	 	 	 	 	 	0	NaN	Infinity	0		
0	http://www.w3.org/ns/prov#wasDerivedFrom	http://en.wikipedia.org/wiki/Aladdin_(TV_series)?oldid=743762700	 	 	http://en.wikipedia.org/wiki/Aladdin_(1992_Disney_film)?oldid=744871360	 	 	 	http://en.wikipedia.org/wiki/Aladdin_and_the_King_of_Thieves?oldid=737128607	 	 	3	0.816497	0.522879	1		
1	http://xmlns.com/foaf/0.1/isPrimaryTopicOf;http://rdf.freebase.com/ns/common.topic.topic_equivalent_webpage	http://en.wikipedia.org/wiki/Aladdin_(TV_series)	http://thetvdb.com/?tab=series&id=73981; http://ar.wikipedia.org/wiki/%39%44%27%21_%27%44%2F%4A%46_(	 	http://en.wikipedia.org/wiki/Aladdin_(1992_Disney_film)	http://ar.wikipedia.org/wiki/%39%44%27%21_%27%44%2F%4A%46_(%41%4A%44%45_1992); http://www.beyazperde	 	 	http://en.wikipedia.org/wiki/Aladdin_and_the_King_of_Thieves	http://ar.wikipedia.org/wiki/%39%44%27%21_%27%44%2F%4A%46_%48%45%44%43_%27%44%44%35%48%35; http://ww	 	6	0.80611	0.221849	1		
0	http://xmlns.com/foaf/0.1/name	Aladdin	 	 	Aladdin	 	 	 	Aladdin and the King of Thieves	 	 	3	0.57735	0.522879	1		
2	http://rdf.freebase.com/key/authority.imdb.title;http://rdf.freebase.com/ns/imdb.topic.title_id;http://www.wikidata.org/entity/P345c	 	tt0105935	tt0105935	 	tt0103639	tt0103639	 	 	tt0115491	tt0115491	6	0	0.221849	1		
0	http://rdf.freebase.com/key/authority.thetvdb.series	 	73981	 	 	 	 	 	 	 	 	1	0.57735	1	1		
0	http://rdf.freebase.com/key/authority.tvrage.series	 	Aladdin	 	 	 	 	 	 	 	 	1	0.57735	1	1		
0	http://rdf.freebase.com/key/authority.tvrage.series_numeric	 	2528	 	 	 	 	 	 	 	 	1	0.57735	1	1		
1	http://rdf.freebase.com/key/base.ranker.rankerurlname	 	aladdin/2926741	 	 	aladdin/417657	 	 	 	aladdin-and-the-king-of-thieves/417660	 	3	0.816497	0.522879	1		
1	http://rdf.freebase.com/key/user.avh.ellerdale	 	0083-22b0	 	 	0080-2b4f	 	 	 	0081-2831	 	3	0.816497	0.522879	1		
0	http://rdf.freebase.com/key/user.ovguide.tvdb_show_id	 	73981	 	 	 	 	 	 	 	 	1	0.57735	1	1		
1	http://rdf.freebase.com/key/wikipedia.en	 	Aladdin_(television_series); Ayam_Aghoul	 	 	Abu_the_Monkey; Aladdin_(1992_Disney_film)	 	 	 	Aladdin_&_the_King_of_Thieves	 	3	0.816497	0.522879	1		
1	http://rdf.freebase.com/key/wikipedia.en_title	 	Aladdin_(TV_series)	 	 	Aladdin_(1992_Disney_film)	 	 	 	Aladdin_and_the_King_of_Thieves	 	3	0.816497	0.522879	1		
0	http://rdf.freebase.com/ns/award.award_nominated_work.award_nominations	 	Daytime Emmy Award for Outstanding Achievement in Music Direction And Composition; Kids' Choice Awar	 	 	Academy Award for Best Original Music Score; Golden Globe Special Achievement Award	 	 	 	 	 	2	0.816497	0.69897	1		
0	http://rdf.freebase.com/ns/award.award_winning_work.awards_won;http://www.wikidata.org/entity/P166c	 	Daytime Emmy Award for Outstanding Achievement in Music Direction And Composition	 	 	Academy Award for Best Original Music Score; Golden Globe Award for Best Original Score	 	 	 	 	Annie Award	3	0.816497	0.522879	1		
0	http://rdf.freebase.com/ns/base.schemastaging.context_name.pronunciation	 	http://rdf.freebase.com/ns/m.0131vb9g	 	 	 	 	 	 	http://rdf.freebase.com/ns/g.125_r6y_d	 	2	0.816497	0.69897	1		
2	http://rdf.freebase.com/ns/common.topic.article;http://schema.org/description	 	Aladdin is an animated television series made by Walt Disney Television which aired from 1994 to 199	animated television series made by Walt Disney Television	 	Aladdin is a 1992 American animated musical family film produced by Walt Disney Feature Animation an	1992 American animated musical family film produced by Walt Disney Feature Animation	 	 	Aladdin and the King of Thieves is a 1996 animated film that is the second direct-to-video sequel to	film	6	0.816497	0.221849	1		
0	http://rdf.freebase.com/ns/common.topic.notable_for	 	Animated TV Program	 	 	Animation Film	 	 	 	Children's/Family Film	 	3	0.816497	0.522879	1		
0	http://rdf.freebase.com/ns/common.topic.notable_types	 	TV Program	 	 	Award-Winning Work	 	 	 	Film	 	3	0.816497	0.522879	1		
0	http://rdf.freebase.com/ns/kg.object_profile.prominent_type	 	TV Program	 	 	Award-Winning Work	 	 	 	Film	 	3	0.816497	0.522879	1		
2	http://rdf.freebase.com/ns/tv.tv_program.country_of_origin;http://www.wikidata.org/entity/P495c;http://rdf.freebase.com/ns/film.film.country;http://yago-knowledge.org/resource/isLocatedIn	 	United States of America	United States of America	 	United States of America	United States of America	United States	 	United States of America	United States of America	7	0.218218	0.154902	1		
0	http://rdf.freebase.com/ns/tv.tv_program.currently_in_production	 	FALSE	 	 	 	 	 	 	 	 	1	0.57735	1	1		
0	http://rdf.freebase.com/ns/tv.tv_program.episode_running_time	 	22	 	 	 	 	 	 	 	 	1	0.816497	1	1		
0	http://rdf.freebase.com/ns/tv.tv_program.episodes	 	A Clockwork Hero; Sneeze The Day	 	 	 	 	 	 	 	 	1	0.816497	1	1		
0	http://rdf.freebase.com/ns/tv.tv_program.languages;http://www.wikidata.org/entity/P364c;http://rdf.freebase.com/ns/film.film.language	 	English Language	English	 	English Language	English	 	 	English Language	English	6	0	0.221849	1		
0	http://rdf.freebase.com/ns/tv.tv_program.seasons	 	Aladdin - Season 1	 	 	 	 	 	 	 	 	1	0.816497	1	1		
0	http://rdf.freebase.com/ns/tv.tv_program.thetvdb_id	 	73981	 	 	 	 	 	 	 	 	1	0.57735	1	1		
0	http://rdf.freebase.com/ns/tv.tv_program.tvrage_id	 	2528	 	 	 	 	 	 	 	 	1	0.57735	1	1		
0	http://rdf.freebase.com/ns/type.object.key	 	/authority/imdb/title/tt0105935; /authority/thetvdb/series/73981	 	 	/authority/imdb/title/tt0103639; /wikipedia/en/Abu_the_Monkey	 	 	 	/authority/imdb/title/tt0115491; /wikipedia/pt/Aladdin_e_os_40_Ladrões	 	3	0.816497	0.522879	1		
0	http://rdf.freebase.com/ns/type.object.name	 	Aladdin	 	 	Aladdin	 	 	 	Aladdin and the King of Thieves	 	3	0.57735	0.522879	1		
0	http://rdf.freebase.com/ns/type.object.type	 	Award-Nominated Work; TV Program	 	 	Amusement Ride Theme; Award-Nominated Work	 	 	 	Netflix Title	 	3	0.382971	0.522879	1		
1	http://rdf.freebase.com/ns/user.avh.default_domain.ellerdale_topic.ellerdale_id	 	0083-22b0	 	 	0080-2b4f	 	 	 	0081-2831	 	3	0.816497	0.522879	1		
3	http://www.wikidata.org/entity/P162c;http://dbpedia.org/ontology/producer;http://rdf.freebase.com/ns/film.film.produced_by	 	 	Alan Zaslove	John Musker; Ron Clements	John Musker; Ron Clements	John Musker; Ron Clements	 	Tad Stones	Jeannine Roussel; Tad Stones	Tad Stones	7	0.288675	0.154902	1		
0	http://www.wikidata.org/entity/P1811c	 	 	List of Aladdin episodes	 	 	 	 	 	 	 	1	0.57735	1	1		
0	http://www.wikidata.org/entity/P214c	 	 	220507846	 	 	 	 	 	 	 	1	0.57735	1	1		
0	http://www.wikidata.org/entity/P2603c	 	 	229178	 	 	 	 	 	 	 	1	0.57735	1	1		
0	http://www.wikidata.org/entity/P2638c	 	 	shows/aladdin	 	 	movies/aladdin	 	 	 	 	2	0.816497	0.69897	1		
0	http://www.wikidata.org/entity/P449c	 	 	Disney Channel	 	 	 	 	 	 	 	1	0.57735	1	1		
0	http://www.wikidata.org/entity/P646-freebase	 	 	Aladdin	 	 	Aladdin	 	 	 	Aladdin and the King of Thieves	3	0.57735	0.522879	1		
0	http://www.wikidata.org/entity/P646c	 	 	/m/057v8r	 	 	/m/0jnwx	 	 	 	/m/01_5px	3	0.816497	0.522879	1		
0	http://dbpedia.org/ontology/basedOn	 	 	 	Aladdin and the Magic Lamp	 	 	 	 	 	 	1	0.57735	1	1		
0	http://dbpedia.org/ontology/budget	 	 	 	28000000	 	 	 	 	 	 	1	0.57735	1	1		
0	http://dbpedia.org/ontology/gross	 	 	 	504100000	 	 	 	 	 	 	1	0.57735	1	1		
0	http://dbpedia.org/ontology/wikiPageExternalLink	 	 	 	http://movies.disney.com/aladdin; http://toonopedia.com/aladdin.htm	 	 	 	http://movies.disney.com/aladdin-and-the-king-of-thieves	 	 	2	0.816497	0.69897	1		
2	http://dbpedia.org/ontology/writer;http://rdf.freebase.com/ns/film.film.story_by;http://rdf.freebase.com/ns/film.film.written_by;http://www.wikidata.org/entity/P58c	 	 	 	John Musker; Ted Elliott (screenwriter)	Brian Pimental; Chris Sanders	John Musker; Ron Clements	 	Bob Schooley; Mark McCorkle	Bob Schooley; Mark McCorkle	Mark McCorkle	6	0.593617	0.221849	1		
0	http://www.w3.org/2000/01/rdf-schema#seeAlso	 	 	 	Aladdin (Disney franchise)	 	 	 	 	 	 	1	0.57735	1	1		
2	http://xmlns.com/foaf/0.1/homepage;http://rdf.freebase.com/ns/common.topic.official_website;http://www.wikidata.org/entity/P856c	 	 	 	http://movies.disney.com/aladdin	http://movies.disney.com/aladdin	http://movies.disney.com/aladdin	 	http://movies.disney.com/aladdin-and-the-king-of-thieves	http://movies.disney.com/aladdin-and-the-king-of-thieves	http://movies.disney.com/aladdin-and-the-king-of-thieves	6	0	0.221849	1		
0	http://rdf.freebase.com/key/authority.netflix.api	 	 	 	 	http://api.netflix.com/catalog/titles/movies/60010064	 	 	 	http://api.netflix.com/catalog/titles/movies/70018526	 	2	0.816497	0.69897	1		
2	http://rdf.freebase.com/key/authority.netflix.movie;http://rdf.freebase.com/ns/film.film.netflix_id;http://www.wikidata.org/entity/P1874c	 	 	 	 	60010064	60010064	 	 	70018526	70018526	4	0	0.39794	1		
0	http://rdf.freebase.com/key/authority.netflix.tiny	 	 	 	 	ApNvU	 	 	 	BVNaI	 	2	0.816497	0.69897	1		
0	http://rdf.freebase.com/key/en	 	 	 	 	aladdin_1992	 	 	 	aladdin_and_the_king_of_thieves	 	2	0.816497	0.69897	1		
2	http://rdf.freebase.com/key/source.allocine.ca.film;http://rdf.freebase.com/key/source.allocine.fr.film;http://rdf.freebase.com/key/source.beyazperde.filmler;http://rdf.freebase.com/key/source.screenrush.films;http://www.wikidata.org/entity/P1265c	 	 	 	 	8640	8640	 	 	133393	133393	4	0.218218	0.39794	1		
0	http://rdf.freebase.com/key/source.cine21.movie	 	 	 	 	6725	 	 	 	17295	 	2	0.816497	0.69897	1		
0	http://rdf.freebase.com/key/source.cineseoul.cinemaid	 	 	 	 	5872	 	 	 	 	 	1	0.57735	1	1		
0	http://rdf.freebase.com/key/source.clicker.film	 	 	 	 	aladdin	 	 	 	 	 	1	0.57735	1	1		
0	http://rdf.freebase.com/key/source.daum.movieid	 	 	 	 	1930	 	 	 	25319	 	2	0.816497	0.69897	1		
0	http://rdf.freebase.com/key/source.entertainmentweekly.mediaproduct	 	 	 	 	MovieAladdin	 	 	 	MovieAladdinandtheKingofThieves	 	2	0.816497	0.69897	1		
0	http://rdf.freebase.com/key/source.filmstarts.kritiken	 	 	 	 	102742-Aladdin	 	 	 	 	 	1	0.57735	1	1		
0	http://rdf.freebase.com/key/source.movist.mid	 	 	 	 	7551	 	 	 	26487	 	2	0.816497	0.69897	1		
0	http://rdf.freebase.com/key/source.nate.cinema_id	 	 	 	 	5872	 	 	 	 	 	1	0.57735	1	1		
0	http://rdf.freebase.com/key/source.rottentomatoes.movie	 	 	 	 	1042582-aladdin	 	 	 	aladdin_and_the_king_of_thieves	 	2	0.816497	0.69897	1		
0	http://rdf.freebase.com/key/source.showtimes.intl.movie	 	 	 	 	0x0aa988ba1c4066a9	 	 	 	 	 	1	0.57735	1	1		
0	http://rdf.freebase.com/key/source.videosurf	 	 	 	 	67329	 	 	 	67328	 	2	0.816497	0.69897	1		
0	http://rdf.freebase.com/ns/amusement_parks.ride_theme.rides	 	 	 	 	The Magic Carpets of Aladdin	 	 	 	 	 	1	0.57735	1	1		
0	http://rdf.freebase.com/ns/common.topic.alias	 	 	 	 	Aladin; Аладдин	 	 	 	 	 	1	0.816497	1	1		
0	http://rdf.freebase.com/ns/common.topic.webpage	 	 	 	 	''Aladdin'''s inspirations; 'Arabian Nights' offends	 	 	 	Aladdin and the King of Thieves; Disney scores big with new ''Aladdin''	 	2	0.752773	0.69897	1		
0	http://rdf.freebase.com/ns/film.film.estimated_budget	 	 	 	 	28000000	 	 	 	 	 	1	0.57735	1	1		
0	http://rdf.freebase.com/ns/film.film.featured_song	 	 	 	 	A Whole New World; Friend Like Me	 	 	 	 	 	1	0.816497	1	1		
0	http://rdf.freebase.com/ns/film.film.film_art_direction_by	 	 	 	 	Bill Perkins	 	 	 	 	 	1	0.57735	1	1		
0	http://rdf.freebase.com/ns/film.film.film_casting_director	 	 	 	 	Albert Tavares	 	 	 	 	 	1	0.57735	1	1		
0	http://rdf.freebase.com/ns/film.film.film_production_design_by	 	 	 	 	Richard Vander Wende	 	 	 	 	 	1	0.57735	1	1		
0	http://rdf.freebase.com/ns/film.film.film_series	 	 	 	 	Aladdin Film series; Walt Disney Animated Classics	 	 	 	 	 	1	0.816497	1	1		
0	http://rdf.freebase.com/ns/film.film.other_crew	 	 	 	 	http://rdf.freebase.com/ns/m.0cc2t4_	 	 	 	 	 	1	0.816497	1	1		
0	http://rdf.freebase.com/ns/film.film.production_companies;http://www.wikidata.org/entity/P272c	 	 	 	 	The Walt Disney Company; Walt Disney Animation Studios	Walt Disney Animation Studios	 	 	 	 	2	0.645497	0.69897	1		
0	http://rdf.freebase.com/ns/film.film.rating	 	 	 	 	G (USA)	 	 	 	G (USA)	 	2	0.57735	0.69897	1		
0	http://rdf.freebase.com/ns/film.film.release_date_s	 	 	 	 	1992-11-11; 2002-08-06	 	 	 	2005/1/18	 	2	0.816497	0.69897	1		
0	http://rdf.freebase.com/ns/film.film.rottentomatoes_id	 	 	 	 	1042582-aladdin	 	 	 	aladdin_and_the_king_of_thieves	 	2	0.816497	0.69897	1		
0	http://rdf.freebase.com/ns/film.film.sequel;http://www.wikidata.org/entity/P156c	 	 	 	 	The Return of Jafar	The Return of Jafar	 	 	 	 	2	0.57735	0.69897	1		
0	http://rdf.freebase.com/ns/film.film.soundtrack	 	 	 	 	Aladdin	 	 	 	 	 	1	0.57735	1	1		
0	http://rdf.freebase.com/ns/film.film.subjects	 	 	 	 	Fairy tale	 	 	 	 	 	1	0.57735	1	1		
0	http://rdf.freebase.com/ns/film.film.tagline	 	 	 	 	Wish granted!	 	 	 	 	 	1	0.57735	1	1		
0	http://rdf.freebase.com/ns/freebase.valuenotation.is_reviewed	 	 	 	 	Directed by; Initial release date	 	 	 	 	 	1	0.816497	1	1		
0	http://rdf.freebase.com/ns/media_common.adapted_work.adaptations	 	 	 	 	Aladdin	 	 	 	 	 	1	0.57735	1	1		
0	http://www.wikidata.org/entity/P1237c	 	 	 	 	 	aladdin	 	 	 	 	1	0.57735	1	1		
0	http://www.wikidata.org/entity/P1258c	 	 	 	 	 	m/1042582	 	 	 	m/aladdin_and_the_king_of_thieves	2	0.816497	0.69897	1		
0	http://www.wikidata.org/entity/P1476c	 	 	 	 	 	Aladdin	 	 	 	Aladdin and the King of Thieves	2	0.816497	0.69897	1		
0	http://www.wikidata.org/entity/P1562c	 	 	 	 	 	v1338	 	 	 	v154397	2	0.816497	0.69897	1		
0	http://www.wikidata.org/entity/P1804c	 	 	 	 	 	9306	 	 	 	 	1	0.57735	1	1		
0	http://www.wikidata.org/entity/P1970c	 	 	 	 	 	459	 	 	 	12184	2	0.816497	0.69897	1		
0	http://www.wikidata.org/entity/P227c	 	 	 	 	 	4467352-8	 	 	 	 	1	0.57735	1	1		
0	http://www.wikidata.org/entity/P2346c	 	 	 	 	 	145759	 	 	 	171542	2	0.816497	0.69897	1		
0	http://www.wikidata.org/entity/P2465c	 	 	 	 	 	1362	 	 	 	54795	2	0.816497	0.69897	1		
0	http://www.wikidata.org/entity/P2508c	 	 	 	 	 	10125	 	 	 	 	1	0.57735	1	1		
0	http://www.wikidata.org/entity/P2529c	 	 	 	 	 	18248	 	 	 	15670	2	0.816497	0.69897	1		
0	http://www.wikidata.org/entity/P2631c	 	 	 	 	 	66955	 	 	 	453796	2	0.816497	0.69897	1		
0	http://www.wikidata.org/entity/P373c	 	 	 	 	 	Aladdin (1992 film)	 	 	 	 	1	0.57735	1	1		
0	http://www.wikidata.org/entity/P462c	 	 	 	 	 	color	 	 	 	 	1	0.57735	1	1		
0	http://www.wikidata.org/entity/P905c	 	 	 	 	 	99540	 	 	 	23641	2	0.816497	0.69897	1		
0	http://www.w3.org/2004/02/skos/core#prefLabel	 	 	 	 	 	 	Aladdin (1992 Disney film)	 	 	 	1	0.57735	1	1		
0	http://yago-knowledge.org/resource/hasCitationTitle	 	 	 	 	 	 	Aladdin Platinum Edition sets the gold standard for Disney DVD; 1993 MTV Movie Awards	 	 	 	1	0.816497	1	1		
0	http://yago-knowledge.org/resource/hasWikipediaAnchorText	 	 	 	 	 	 	"Arabic calligraphy; ""Disney's 'Aladdin' May Fly Into Broadway's New Amsterdam Theatre Following 'Mar"	 	 	 	1	0.816497	1	1		
0	http://yago-knowledge.org/resource/hasWikipediaArticleLength	 	 	 	 	 	 	70831	 	 	 	1	0.57735	1	1		
0	http://yago-knowledge.org/resource/hasWikipediaUrl	 	 	 	 	 	 	http://en.wikipedia.org/wiki/Aladdin_%281992_Disney_film%29	 	 	 	1	0.57735	1	1		
0	http://yago-knowledge.org/resource/linksTo	 	 	 	 	 	 	20th Century Fox; Michael J. Fox	 	 	 	1	0.816497	1	1		
0	http://yago-knowledge.org/resource/redirectedFrom	 	 	 	 	 	 	Abu the Monkey; Aladdin (Disney film)	 	 	 	1	0.816497	1	1		
0	http://rdf.freebase.com/ns/film.film.prequel;http://www.wikidata.org/entity/P155c	 	 	 	 	 	 	 	 	The Return of Jafar	The Return of Jafar	2	0.57735	0.69897	1		
0	http://www.wikidata.org/entity/P1981c	 	 	 	 	 	 	 	 	 	FSK 6	1	0.57735	1	1		
