score	dataset	dbpedia	freebase	wikidata	yago-knowledge	dbpedia	freebase	wikidata	dbpedia	freebase	wikidata						
	entity	http://dbpedia.org/resource/Young_Frankenstein	http://rdf.freebase.com/ns/m.0291ck	http://www.wikidata.org/entity/Q651923	http://yago-knowledge.org/resource/Young_Frankenstein	http://dbpedia.org/resource/The_Curse_of_Frankenstein	http://rdf.freebase.com/ns/m.05wq1m	http://www.wikidata.org/entity/Q1444756	http://dbpedia.org/resource/Victor_Frankenstein_(film)	http://rdf.freebase.com/ns/m.0tlcbfx	http://www.wikidata.org/entity/Q16637004						
3	http://dbpedia.org/ontology/Work/runtime;http://dbpedia.org/ontology/runtime;http://rdf.freebase.com/ns/film.film.runtime;http://www.wikidata.org/entity/P2047c	105	105	106	 	83	83	82	110	 	109	8	0.716115	0.09691	1		
0	http://dbpedia.org/ontology/abstract	Young Frankenstein is a 1974 American horror comedy film directed by Mel Brooks and starring Gene Wi	 	 	 	The Curse of Frankenstein is a 1957 British horror film by Hammer Film Productions, loosely based on	 	 	Victor Frankenstein is a 2015 American science fiction fantasy horror film based on contemporary ada	 	 	3	0.816497	0.522879	1		
0	http://dbpedia.org/ontology/budget	2780000	 	 	 	270000	 	 	40000000	 	 	3	0.816497	0.522879	1		
3	http://dbpedia.org/ontology/director;http://rdf.freebase.com/ns/film.film.directed_by;http://www.wikidata.org/entity/P57c	Mel Brooks	Mel Brooks	Gene Wilder; Mel Brooks	 	Terence Fisher	Terence Fisher	Terence Fisher	Paul McGuigan (filmmaker)	Paul McGuigan	Paul McGuigan	9	0.408248	0.045757	1		
0	http://dbpedia.org/ontology/distributor;http://rdf.freebase.com/ns/film.film.distributors;http://www.wikidata.org/entity/P750c	20th Century Fox	Twentieth Century Fox Film Corp	20th Century Fox	 	Warner Bros.	Warner Bros. Entertainment	 	20th Century Fox	Twentieth Century Fox Film Corp	20th Century Fox	8	0.408248	0.09691	1		
0	http://dbpedia.org/ontology/gross	86200000	 	 	 	8000000	 	 	34200000	 	 	3	0.816497	0.522879	1		
3	http://dbpedia.org/ontology/musicComposer;http://rdf.freebase.com/ns/film.film.music;http://www.wikidata.org/entity/P86c	John Morris (composer)	John Morris	John Morris	 	James Bernard (composer)	James Bernard	James Bernard	Craig Armstrong (composer)	Craig Armstrong	Craig Armstrong	9	0.57735	0.045757	1		
3	http://dbpedia.org/ontology/producer;http://rdf.freebase.com/ns/film.film.produced_by;http://www.wikidata.org/entity/P162c	Michael Gruskoff	Michael Gruskoff	Gene Wilder	 	Anthony Hinds	Anthony Hinds; Max Rosenberg	Anthony Hinds; Max Rosenberg	John Davis (producer)	 	John Davis	8	0.516398	0.09691	1		
3	http://dbpedia.org/ontology/starring;http://rdf.freebase.com/ns/film.film.starring;http://www.wikidata.org/entity/P161c	Cloris Leachman; Gene Wilder	Arthur Malet; Danny Goldman	Arthur Malet; Berry Kroeger	 	Christopher Lee; Peter Cushing	Christopher Lee; Hazel Court	Christopher Lee; Hazel Court	Andrew Scott (actor); Charles Dance	Daniel Radcliffe; Jessica Brown Findlay	Daniel Radcliffe	9	0.427546	0.045757	1		
2	http://dbpedia.org/ontology/wikiPageID;http://rdf.freebase.com/key/wikipedia.en_id	442647	442647	 	 	1785123	1785123	 	41188920	41188920	 	6	0.408248	0.221849	1		
0	http://dbpedia.org/ontology/wikiPageLength	24327	 	 	 	15548	 	 	18447	 	 	3	0.816497	0.522879	1		
0	http://dbpedia.org/ontology/wikiPageOutDegree	173	 	 	 	104	 	 	97	 	 	3	0.816497	0.522879	1		
0	http://dbpedia.org/ontology/wikiPageRevisionID	744813426	 	 	 	743503581	 	 	744231490	 	 	3	0.816497	0.522879	1		
3	http://dbpedia.org/ontology/writer;http://rdf.freebase.com/ns/film.film.story_by;http://rdf.freebase.com/ns/film.film.written_by;http://www.wikidata.org/entity/P58c	Gene Wilder; Mel Brooks	Gene Wilder; Mary Shelley	Gene Wilder; Mel Brooks	 	James Sangster	Jimmy Sangster; Mary Shelley	Jimmy Sangster; Mary Shelley	Max Landis	Mary Shelley	Max Landis	9	0.140028	0.045757	1		
1	http://purl.org/dc/terms/subject;http://www.wikidata.org/entity/P921c	20th Century Fox films; Film scores by John Morris	 	 	 	1950s science fiction films; Films adapted into comics	 	capital punishment	20th Century Fox films; Films about reincarnation	 	 	4	0.73598	0.39794	1		
0	http://www.w3.org/1999/02/22-rdf-syntax-ns#type;http://www.wikidata.org/entity/P31c	CreativeWork; http://dbpedia.org/ontology/Wikidata:Q11424	Award-Nominated Work; Netflix Title	film	wikicat 20th Century Fox films; wordnet movie 106613686	CreativeWork; http://dbpedia.org/ontology/Wikidata:Q11424	Netflix Title; Non-Agent	film	CreativeWork; http://dbpedia.org/ontology/Wikidata:Q11424	Inanimate	film	10	0.466078	0	1		
2	http://www.w3.org/2000/01/rdf-schema#comment;http://rdf.freebase.com/ns/common.topic.description	Young Frankenstein is a 1974 American horror comedy film directed by Mel Brooks and starring Gene Wi	Young Frankenstein is a 1974 American comedy film directed by Mel Brooks and starring Gene Wilder as	 	 	The Curse of Frankenstein is a 1957 British horror film by Hammer Film Productions, loosely based on	The Curse of Frankenstein is a 1957 British horror film by Hammer Film Productions, loosely based on	 	Victor Frankenstein is a 2015 American science fiction fantasy horror film based on contemporary ada	James McAvoy is Victor Frankenstein and Daniel Radcliffe stars as Igor in a unique, never-before-see	 	6	0.723747	0.221849	1		
2	http://www.w3.org/2000/01/rdf-schema#label	Young Frankenstein	Young Frankenstein	Young Frankenstein	Young Frankenstein	The Curse of Frankenstein	The Curse of Frankenstein	The Curse of Frankenstein	Victor Frankenstein (film)	Victor Frankenstein	Victor Frankenstein	10	0.258199	0	1		
0	http://www.w3.org/2002/07/owl#sameAs	 	 	 	 	 	 	 	 	 	 	0	NaN	Infinity	0		
0	http://www.w3.org/ns/prov#wasDerivedFrom	http://en.wikipedia.org/wiki/Young_Frankenstein?oldid=744813426	 	 	 	http://en.wikipedia.org/wiki/The_Curse_of_Frankenstein?oldid=743503581	 	 	http://en.wikipedia.org/wiki/Victor_Frankenstein_(film)?oldid=744231490	 	 	3	0.816497	0.522879	1		
1	http://xmlns.com/foaf/0.1/isPrimaryTopicOf;http://rdf.freebase.com/ns/common.topic.topic_equivalent_webpage	http://en.wikipedia.org/wiki/Young_Frankenstein	http://ar.wikipedia.org/wiki/%41%31%27%46%43%34%2A%27%4A%46_%27%44%35%3A%4A%31; http://www.beyazperd	 	 	http://en.wikipedia.org/wiki/The_Curse_of_Frankenstein	http://ca.wikipedia.org/wiki/La_maledicci%F3_de_Frankenstein; http://www.movist.com/movies/movie.asp	 	http://en.wikipedia.org/wiki/Victor_Frankenstein_(film)	http://en.wikipedia.org/wiki/index.html?curid=41188920; http://ko.wikipedia.org/wiki/%45%30_%04%91%0	 	6	0.80117	0.221849	1		
0	http://xmlns.com/foaf/0.1/name	Young Frankenstein	 	 	 	The Curse of Frankenstein	 	 	Victor Frankenstein	 	 	3	0.816497	0.522879	1		
0	http://rdf.freebase.com/key/authority.daylife.topic	 	066j9J251D7Qt	 	 	 	 	 	 	 	 	1	0.57735	1	1		
2	http://rdf.freebase.com/key/authority.imdb.title;http://rdf.freebase.com/ns/imdb.topic.title_id;http://www.wikidata.org/entity/P345c	 	tt0072431	tt0072431	 	 	tt0050280	tt0050280	 	tt1976009	tt1976009	6	0	0.221849	1		
0	http://rdf.freebase.com/key/authority.netflix.api	 	http://api.netflix.com/catalog/titles/movies/70046294	 	 	 	http://api.netflix.com/catalog/titles/movies/60023417	 	 	 	 	2	0.816497	0.69897	1		
2	http://rdf.freebase.com/key/authority.netflix.movie;http://rdf.freebase.com/ns/film.film.netflix_id;http://www.wikidata.org/entity/P1874c	 	70046294	70046294	 	 	60023417	60023417	 	 	 	4	0	0.39794	1		
0	http://rdf.freebase.com/key/authority.netflix.tiny	 	BVUoA	 	 	 	ApROr	 	 	 	 	2	0.816497	0.69897	1		
0	http://rdf.freebase.com/key/base.ranker.rankerurlname	 	young-frankenstein/2430641	 	 	 	the-curse-of-frankenstein/2186104	 	 	 	 	2	0.816497	0.69897	1		
0	http://rdf.freebase.com/key/en	 	young_frankenstein	 	 	 	the_curse_of_frankenstein	 	 	 	 	2	0.816497	0.69897	1		
2	http://rdf.freebase.com/key/source.allocine.ca.film;http://rdf.freebase.com/key/source.allocine.fr.film;http://rdf.freebase.com/key/source.beyazperde.filmler;http://rdf.freebase.com/key/source.screenrush.films;http://www.wikidata.org/entity/P1265c	 	556	556	 	 	 	27668	 	 	197064	4	0.308607	0.39794	1		
0	http://rdf.freebase.com/key/source.clicker.film	 	young-frankenstein	 	 	 	the-curse-of-frankenstein	 	 	 	 	2	0.816497	0.69897	1		
0	http://rdf.freebase.com/key/source.entertainmentweekly.mediaproduct	 	MovieYoungFrankenstein	 	 	 	MovieTheCurseofFrankenstein	 	 	 	 	2	0.816497	0.69897	1		
0	http://rdf.freebase.com/key/source.filmstarts.kritiken	 	103748-Frankenstein-Junior	 	 	 	 	 	 	 	 	1	0.57735	1	1		
0	http://rdf.freebase.com/key/source.rottentomatoes.movie	 	young_frankenstein	 	 	 	curse_of_frankenstein	 	 	 	 	2	0.816497	0.69897	1		
0	http://rdf.freebase.com/key/source.showtimes.intl.movie	 	0x627c02009713679f	 	 	 	0x16084432cdeb3791	 	 	 	 	2	0.816497	0.69897	1		
0	http://rdf.freebase.com/key/user.avh.ellerdale	 	009a-cc5b	 	 	 	 	 	 	 	 	1	0.57735	1	1		
1	http://rdf.freebase.com/key/wikipedia.en	 	Abby_Normal; Beaufort_Frankenstein	 	 	 	Curse_of_Frankenstein	 	 	Victor_Frankenstein_(film)	 	3	0.816497	0.522879	1		
1	http://rdf.freebase.com/key/wikipedia.en_title	 	Young_Frankenstein	 	 	 	The_Curse_of_Frankenstein	 	 	Victor_Frankenstein_(film)	 	3	0.816497	0.522879	1		
0	http://rdf.freebase.com/ns/award.award_nominated_work.award_nominations	 	Academy Award for Best Sound Mixing; Saturn Award for Set Decoration	 	 	 	 	 	 	 	 	1	0.816497	1	1		
0	http://rdf.freebase.com/ns/award.award_winning_work.awards_won	 	Hugo Award for Best Dramatic Presentation; Nebula Award for Best Script	 	 	 	 	 	 	 	 	1	0.816497	1	1		
0	http://rdf.freebase.com/ns/award.ranked_item.appears_in_ranked_lists	 	http://rdf.freebase.com/ns/m.09p5yzv; http://rdf.freebase.com/ns/m.0bqsw_x	 	 	 	http://rdf.freebase.com/ns/m.0bsl1x_	 	 	 	 	2	0.816497	0.69897	1		
0	http://rdf.freebase.com/ns/base.parody.parody.parody_of	 	Bride of Frankenstein	 	 	 	 	 	 	 	 	1	0.816497	1	1		
0	http://rdf.freebase.com/ns/common.identity.daylife_topic	 	066j9J251D7Qt	 	 	 	 	 	 	 	 	1	0.57735	1	1		
0	http://rdf.freebase.com/ns/common.topic.alias	 	Frankenstein Jr.	 	 	 	 	 	 	Victor Frankenstein	 	2	0.816497	0.69897	1		
1	http://rdf.freebase.com/ns/common.topic.article;http://schema.org/description	 	Young Frankenstein is a 1974 American comedy film directed by Mel Brooks and starring Gene Wilder as	film	 	 	The Curse of Frankenstein is a 1957 British horror film by Hammer Film Productions, based on the nov	film	 	 	2015 film by Paul McGuigan	5	0.68313	0.30103	1		
0	http://rdf.freebase.com/ns/common.topic.image	 	http://rdf.freebase.com/ns/m.07vclxj	 	 	 	 	 	 	 	 	1	0.57735	1	1		
0	http://rdf.freebase.com/ns/common.topic.notable_for	 	Horror Film	 	 	 	Horror Film	 	 	Movie	 	3	0.57735	0.522879	1		
0	http://rdf.freebase.com/ns/common.topic.notable_types	 	Award-Winning Work	 	 	 	Film	 	 	Film	 	3	0.57735	0.522879	1		
0	http://rdf.freebase.com/ns/common.topic.topical_webpage	 	http://indiememphis.festivalgenius.com/2013/films/youngfrankenstein_melbrooks_indiememphis2013; http	 	 	 	http://www.berlinale.de/en/archiv/jahresarchive/2000/02_programm_2000/02_Filmdatenblatt_2000_2000200	 	 	 	 	2	0.816497	0.69897	1		
0	http://rdf.freebase.com/ns/common.topic.webpage	 	'Heights' is tops with Tony; Peter Boyle, R.I.P.	 	 	 	2000 Berlin International Film Festival; Find your favorite 'Frankenstein'	 	 	 	 	2	0.745356	0.69897	1		
3	http://rdf.freebase.com/ns/film.film.cinematography;http://www.wikidata.org/entity/P344c;http://dbpedia.org/ontology/cinematography	 	Gerald Hirschfeld	Gerald Hirschfeld	 	Jack Asher	Jack Asher	Jack Asher	Fabian Wagner	 	Fabian Wagner	7	0.308607	0.154902	1		
0	http://rdf.freebase.com/ns/film.film.costume_design_by	 	Dorothy Jeakins	 	 	 	Molly Arbuthnot	 	 	 	 	2	0.816497	0.69897	1		
2	http://rdf.freebase.com/ns/film.film.country;http://www.wikidata.org/entity/P495c;http://yago-knowledge.org/resource/isLocatedIn	 	United States of America	United States of America	United States	 	United Kingdom	United Kingdom	 	United States of America	United States of America	7	0.308607	0.154902	1		
1	http://rdf.freebase.com/ns/film.film.edited_by;http://www.wikidata.org/entity/P1040c;http://dbpedia.org/ontology/editing	 	John C. Howard	John C. Howard	 	James Needs	James Needs	 	 	 	 	4	0.408248	0.39794	1		
0	http://rdf.freebase.com/ns/film.film.estimated_budget	 	2800000	 	 	 	500000	 	 	 	 	2	0.816497	0.69897	1		
0	http://rdf.freebase.com/ns/film.film.film_casting_director	 	Jane Feinberg; Mike Fenton	 	 	 	 	 	 	 	 	1	0.816497	1	1		
0	http://rdf.freebase.com/ns/film.film.film_festivals	 	2013 Indie Memphis Film Festival	 	 	 	2000 Berlin International Film Festival	 	 	 	 	2	0.816497	0.69897	1		
0	http://rdf.freebase.com/ns/film.film.film_production_design_by	 	Dale Hennesy	 	 	 	 	 	 	 	 	1	0.57735	1	1		
0	http://rdf.freebase.com/ns/film.film.film_set_decoration_by	 	Robert De Vestel	 	 	 	 	 	 	 	 	1	0.57735	1	1		
1	http://rdf.freebase.com/ns/film.film.genre;http://rdf.freebase.com/ns/media_common.netflix_title.netflix_genres;http://www.wikidata.org/entity/P136c	 	Classic Comedies; Horror comedy	horror film	 	 	Classic Horror Movies; Creature Film	monster film	 	Horror	horror film	6	0.65679	0.221849	1		
2	http://rdf.freebase.com/ns/film.film.initial_release_date;http://www.wikidata.org/entity/P577c;http://yago-knowledge.org/resource/wasCreatedOnDate	 	1974/12/15	1974	1974/12/15	 	1957/5/2	1957	 	 	2015	6	0.707107	0.221849	1		
0	http://rdf.freebase.com/ns/film.film.language;http://www.wikidata.org/entity/P364c	 	English Language	English	 	 	English Language	English	 	English Language	English	6	0.308607	0.221849	1		
0	http://rdf.freebase.com/ns/film.film.other_crew	 	http://rdf.freebase.com/ns/m.010p4r80	 	 	 	 	 	 	 	 	1	0.816497	1	1		
1	http://rdf.freebase.com/ns/film.film.production_companies;http://www.wikidata.org/entity/P272c	 	Twentieth Century Fox Film Corp	 	 	 	Hammer Film Productions	Hammer Film Productions	 	Davis Entertainment	 	4	0.645497	0.39794	1		
0	http://rdf.freebase.com/ns/film.film.rating	 	PG (USA)	 	 	 	 	 	 	 	 	1	0.57735	1	1		
1	http://rdf.freebase.com/ns/film.film.release_date_s	 	1974-12-15; 2006-09-05	 	 	 	2002/10/1	 	 	2015/10/2	 	3	0.816497	0.522879	1		
1	http://rdf.freebase.com/ns/film.film.rottentomatoes_id	 	young_frankenstein	 	 	 	curse_of_frankenstein	 	 	untitled_frankenstein_project	 	3	0.816497	0.522879	1		
0	http://rdf.freebase.com/ns/film.film.soundtrack	 	Young Frankenstein	 	 	 	 	 	 	 	 	1	0.57735	1	1		
0	http://rdf.freebase.com/ns/film.film.trailers	 	http://www.youtube.com/watch?v=IRh2a85fPAA	 	 	 	http://www.youtube.com/watch?v=ON71xzKGujY	 	 	 	 	2	0.816497	0.69897	1		
0	http://rdf.freebase.com/ns/freebase.valuenotation.has_no_value	 	Film Series	 	 	 	 	 	 	 	 	1	0.816497	1	1		
0	http://rdf.freebase.com/ns/freebase.valuenotation.is_reviewed	 	Initial release date; Screenplay by	 	 	 	 	 	 	 	 	1	0.816497	1	1		
0	http://rdf.freebase.com/ns/kg.object_profile.prominent_type	 	Award-Winning Work	 	 	 	Film	 	 	Film	 	3	0.57735	0.522879	1		
0	http://rdf.freebase.com/ns/media_common.adapted_work.adaptations	 	Young Frankenstein	 	 	 	 	 	 	 	 	1	0.57735	1	1		
0	http://rdf.freebase.com/ns/type.object.key	 	/authority/daylife/topic/066j9J251D7Qt; /wikipedia/en/Abby_Normal	 	 	 	/authority/imdb/title/tt0050280; /source/cineseoul/cinemaid/17017	 	 	/authority/google/google_plus_page/107108563091142591303; /wikipedia/fr/Victor_Frankenstein_(film,_2	 	3	0.816497	0.522879	1		
0	http://rdf.freebase.com/ns/type.object.name	 	Young Frankenstein	 	 	 	The Curse of Frankenstein	 	 	Victor Frankenstein	 	3	0.816497	0.522879	1		
0	http://rdf.freebase.com/ns/type.object.type	 	Award-Nominated Work; Netflix Title	 	 	 	Netflix Title; Non-Agent	 	 	Inanimate	 	3	0.308607	0.522879	1		
0	http://rdf.freebase.com/ns/user.avh.default_domain.ellerdale_topic.ellerdale_id	 	009a-cc5b	 	 	 	 	 	 	 	 	1	0.57735	1	1		
0	http://www.wikidata.org/entity/P1237c	 	 	youngfrankenstein	 	 	 	 	 	 	frankenstein2014	2	0.816497	0.69897	1		
1	http://www.wikidata.org/entity/P1258c	 	 	m/young_frankenstein	 	 	 	m/curse_of_frankenstein	 	 	m/victor_frankenstein_2015	3	0.816497	0.522879	1		
0	http://www.wikidata.org/entity/P135c	 	 	New Hollywood	 	 	 	 	 	 	 	1	0.57735	1	1		
0	http://www.wikidata.org/entity/P144c	 	 	Frankenstein	 	 	 	 	 	 	 	1	0.57735	1	1		
1	http://www.wikidata.org/entity/P1476c	 	 	Young Frankenstein	 	 	 	The Curse of Frankenstein	 	 	Victor Frankenstein	3	0.816497	0.522879	1		
0	http://www.wikidata.org/entity/P1562c	 	 	v55978	 	 	 	v11806	 	 	 	2	0.816497	0.69897	1		
0	http://www.wikidata.org/entity/P1804c	 	 	6779	 	 	 	 	 	 	 	1	0.57735	1	1		
0	http://www.wikidata.org/entity/P1970c	 	 	2560	 	 	 	 	 	 	 	1	0.57735	1	1		
1	http://www.wikidata.org/entity/P2465c	 	 	23899	 	 	 	20407	 	 	356728	3	0.816497	0.522879	1		
0	http://www.wikidata.org/entity/P2529c	 	 	17218	 	 	 	 	 	 	 	1	0.57735	1	1		
0	http://www.wikidata.org/entity/P2631c	 	 	96522	 	 	 	 	 	 	 	1	0.57735	1	1		
1	http://www.wikidata.org/entity/P480c	 	 	367692	 	 	 	474913	 	 	131324	3	0.816497	0.522879	1		
0	http://www.wikidata.org/entity/P646-freebase	 	 	Young Frankenstein	 	 	 	The Curse of Frankenstein	 	 	 	2	0.816497	0.69897	1		
0	http://www.wikidata.org/entity/P646c	 	 	/m/0291ck	 	 	 	/m/05wq1m	 	 	 	2	0.816497	0.69897	1		
0	http://www.wikidata.org/entity/P840c	 	 	Transylvania	 	 	 	Switzerland	 	 	 	2	0.816497	0.69897	1		
0	http://www.wikidata.org/entity/P915c	 	 	Santa Monica	 	 	 	 	 	 	 	1	0.57735	1	1		
0	http://www.w3.org/2004/02/skos/core#prefLabel	 	 	 	Young Frankenstein	 	 	 	 	 	 	1	0.57735	1	1		
0	http://yago-knowledge.org/resource/hasCitationTitle	 	 	 	AFI's 100 Years... 100 Laughs; Bravo's 100 Funniest Movies	 	 	 	 	 	 	1	0.816497	1	1		
0	http://yago-knowledge.org/resource/hasWikipediaAnchorText	 	 	 	"The Sunday Conversation: Mel Brooks on his 'Young Frankenstein' musical; ""walk this way"" gag"	 	 	 	 	 	 	1	0.816497	1	1		
0	http://yago-knowledge.org/resource/hasWikipediaArticleLength	 	 	 	21617	 	 	 	 	 	 	1	0.57735	1	1		
0	http://yago-knowledge.org/resource/hasWikipediaUrl	 	 	 	http://en.wikipedia.org/wiki/Young_Frankenstein	 	 	 	 	 	 	1	0.57735	1	1		
0	http://yago-knowledge.org/resource/linksTo	 	 	 	20th Century Fox; Max Delbrück	 	 	 	 	 	 	1	0.816497	1	1		
0	http://yago-knowledge.org/resource/redirectedFrom	 	 	 	Abby Normal; Beaufort Frankenstein	 	 	 	 	 	 	1	0.816497	1	1		
0	http://dbpedia.org/ontology/wikiPageExternalLink	 	 	 	 	http://www.virtual-history.com/movie/film/8888/the-curse-of-frankenstein	 	 	http://www.foxmovies.com/movies/victor-frankenstein	 	 	2	0.816497	0.69897	1		
0	http://rdf.freebase.com/key/source.cine21.movie	 	 	 	 	 	5671	 	 	 	 	1	0.57735	1	1		
0	http://rdf.freebase.com/key/source.cineseoul.cinemaid	 	 	 	 	 	17017	 	 	 	 	1	0.57735	1	1		
0	http://rdf.freebase.com/key/source.daum.movieid	 	 	 	 	 	39949	 	 	 	 	1	0.57735	1	1		
0	http://rdf.freebase.com/key/source.movist.mid	 	 	 	 	 	6928	 	 	 	 	1	0.57735	1	1		
0	http://rdf.freebase.com/key/source.nate.cinema_id	 	 	 	 	 	17017	 	 	 	 	1	0.57735	1	1		
0	http://rdf.freebase.com/ns/film.film.film_series	 	 	 	 	 	Frankenstein	 	 	 	 	1	0.57735	1	1		
0	http://rdf.freebase.com/ns/film.film.sequel	 	 	 	 	 	The Revenge of Frankenstein	 	 	 	 	1	0.57735	1	1		
0	http://rdf.freebase.com/ns/film.film.tagline	 	 	 	 	 	The Curse of Frankenstein will haunt you forever!; All new and never dared before!	 	 	 	 	1	0.816497	1	1		
0	http://www.wikidata.org/entity/P2508c	 	 	 	 	 	 	12749	 	 	 	1	0.57735	1	1		
0	http://www.wikidata.org/entity/P2518c	 	 	 	 	 	 	4385	 	 	 	1	0.57735	1	1		
0	http://www.wikidata.org/entity/P462c	 	 	 	 	 	 	color	 	 	color	2	0.57735	0.69897	1		
0	http://xmlns.com/foaf/0.1/homepage;http://www.wikidata.org/entity/P856c	 	 	 	 	 	 	 	http://www.foxmovies.com/movies/victor-frankenstein	 	http://www.foxmovies.com/movies/victor-frankenstein	2	0.57735	0.69897	1		
0	http://rdf.freebase.com/key/authority.google.google_plus_page	 	 	 	 	 	 	 	 	1.07E+020	 	1	0.57735	1	1		
0	http://rdf.freebase.com/key/dataworld.freeq	 	 	 	 	 	 	 	 	job_b0a54d8c-dd03-4d3b-b32d-112bad0f98b5_var_en_wikipedia_org_wiki_Frankenstein_(2015_film)	 	1	0.816497	1	1		
0	http://rdf.freebase.com/ns/common.topic.social_media_presence	 	 	 	 	 	 	 	 	http://plus.google.com/107108563091142591303	 	1	0.57735	1	1		
0	http://www.w3.org/2004/02/skos/core#altLabel	 	 	 	 	 	 	 	 	 	Frankenstein	1	0.57735	1	1		
0	http://www.wikidata.org/entity/P1712c	 	 	 	 	 	 	 	 	 	movie/victor-frankenstein	1	0.57735	1	1		
0	http://www.wikidata.org/entity/P2554c	 	 	 	 	 	 	 	 	 	Eve Stewart	1	0.57735	1	1		
0	http://www.wikidata.org/entity/P905c	 	 	 	 	 	 	 	 	 	163028	1	0.57735	1	1		
