score	dataset	dbpedia	freebase	wikidata	dbpedia	freebase	wikidata	dbpedia	freebase	wikidata	yago-knowledge						
	entity	http://dbpedia.org/resource/Primeval	http://rdf.freebase.com/ns/m.0drdh7	http://www.wikidata.org/entity/Q837316	http://dbpedia.org/resource/Primeval:_New_World	http://rdf.freebase.com/ns/m.0h68xzf	http://www.wikidata.org/entity/Q1296556	http://dbpedia.org/resource/Primeval_(film)	http://rdf.freebase.com/ns/m.0f12l0	http://www.wikidata.org/entity/Q188019	http://yago-knowledge.org/resource/Primeval_(film)						
2	http://dbpedia.org/ontology/Work/runtime;http://dbpedia.org/ontology/runtime;http://rdf.freebase.com/ns/film.film.runtime;http://www.wikidata.org/entity/P2047c	45	 	 	42	 	 	94	94	93	 	5	0.73598	0.30103	1		
0	http://dbpedia.org/ontology/abstract	Primeval is a British science fiction, drama television programme produced for ITV by Impossible Pic	 	 	Primeval: New World is a Canadian–British science fiction television program, set in Vancouver, Brit	 	 	Primeval is a 2007 American horror film which was released on January 12, 2007. The film stars Domin	 	 	 	3	0.816497	0.522879	1		
0	http://dbpedia.org/ontology/company	ITV Studios; M6 (TV channel)	 	 	Impossible Pictures; Omni Film Productions	 	 	 	 	 	 	2	0.816497	0.69897	1		
1	http://dbpedia.org/ontology/completionDate;http://rdf.freebase.com/ns/tv.tv_program.air_date_of_final_episode;http://yago-knowledge.org/resource/wasDestroyedOnDate	2011/6/28	 	 	2013/2/19	2013/2/19	 	 	 	 	2007/4/26	4	0.645497	0.39794	1		
1	http://dbpedia.org/ontology/composer;http://dbpedia.org/ontology/musicComposer;http://rdf.freebase.com/ns/film.film.music;http://www.wikidata.org/entity/P86c	Dominik Scherrer; James Hannigan	 	 	Andrew Lockington	 	 	John Frizzell	John Frizzell	John Frizzell	 	5	0.617213	0.30103	1		
1	http://dbpedia.org/ontology/creator;http://rdf.freebase.com/ns/tv.tv_program.program_creator;http://www.wikidata.org/entity/P170c	Adrian Hodges	Adrian Hodges	Adrian Hodges	Judith and Garfield Reeves-Stevens	 	 	 	 	 	 	4	0.408248	0.39794	1		
0	http://dbpedia.org/ontology/network;http://rdf.freebase.com/ns/tv.tv_program.original_network	ITV (TV network); Watch (TV channel)	http://rdf.freebase.com/ns/m.04m9vd8	 	Space (TV channel)	http://rdf.freebase.com/ns/m.0j3kc3z	 	 	 	 	 	4	0.816497	0.39794	1		
2	http://dbpedia.org/ontology/numberOfEpisodes;http://rdf.freebase.com/ns/tv.tv_program.number_of_episodes;http://www.wikidata.org/entity/P1113c	36	36	36	13	13	13	 	 	 	 	6	0	0.221849	1		
2	http://dbpedia.org/ontology/numberOfSeasons;http://rdf.freebase.com/ns/tv.tv_program.number_of_seasons;http://www.wikidata.org/entity/P2437c	5	5	5	1	1	1	 	 	 	 	6	0	0.221849	1		
2	http://dbpedia.org/ontology/producer;http://rdf.freebase.com/ns/tv.tv_program.tv_producer;http://rdf.freebase.com/ns/film.film.produced_by;http://www.wikidata.org/entity/P162c	Cameron McAllister	Cameron McAllister	 	 	Martin Wood; Tim Haines	 	Gavin Polone	Gavin Polone	Gavin Polone	 	6	0.408248	0.221849	1		
2	http://dbpedia.org/ontology/releaseDate;http://rdf.freebase.com/ns/music.album.release_date;http://rdf.freebase.com/ns/tv.tv_program.air_date_of_first_episode;http://rdf.freebase.com/ns/film.film.initial_release_date;http://www.wikidata.org/entity/P577c;http://yago-knowledge.org/resource/wasCreatedOnDate	2007/2/10	2011/9/20	 	2012/10/29	2012/10/29	 	 	2007/1/12	2007	2007/1/12	7	0.540062	0.154902	1		
1	http://dbpedia.org/ontology/starring;http://rdf.freebase.com/ns/tv.tv_program.regular_cast;http://rdf.freebase.com/ns/film.film.starring;http://www.wikidata.org/entity/P161c	Alexander Siddig; Ben Mansfield	Alexander Siddig; Ben Mansfield	 	Andrew-Lee Potts; Crystal Lowe	Andrew-Lee Potts; Crystal Lowe	 	Brooke Langton; Dominic Purcell	Andrew Whaley; Azeez Danmola	Brooke Langton; Dominic Purcell	 	7	0.584523	0.154902	1		
0	http://dbpedia.org/ontology/subsequentWork	Primeval: New World	 	 	 	 	 	 	 	 	 	1	0.57735	1	1		
0	http://dbpedia.org/ontology/wikiPageExternalLink	http://www.bbcamerica.com/primeval/	 	 	http://impossiblepictures.co.uk/production/primeval-new-world/; http://www.space.ca/PrimevalNewWorld	 	 	http://video.movies.go.com/primeval/	 	 	 	3	0.816497	0.522879	1		
2	http://dbpedia.org/ontology/wikiPageID;http://rdf.freebase.com/key/wikipedia.en_id	5535906	5535906	 	33097150	33097150	 	5720909	5720909	 	 	6	0.408248	0.221849	1		
0	http://dbpedia.org/ontology/wikiPageLength	53707	 	 	37955	 	 	10540	 	 	 	3	0.816497	0.522879	1		
0	http://dbpedia.org/ontology/wikiPageOutDegree	233	 	 	136	 	 	70	 	 	 	3	0.816497	0.522879	1		
0	http://dbpedia.org/ontology/wikiPageRevisionID	740057504	 	 	745071706	 	 	728410967	 	 	 	3	0.816497	0.522879	1		
0	http://purl.org/dc/terms/subject	2007 British television programme debuts; Television series about dinosaurs	 	 	2013 British television programme endings; 2013 Canadian television series endings	 	 	American horror films; Directorial debut films	 	 	 	3	0.752773	0.522879	1		
0	http://www.w3.org/1999/02/22-rdf-syntax-ns#type;http://www.wikidata.org/entity/P31c	CreativeWork; television program	Award-Nominated Work; Netflix Title	television series	CreativeWork; television program	Award-Nominated Work; TV Program	television series	CreativeWork; http://dbpedia.org/ontology/Wikidata:Q11424	Netflix Title	film	wikicat American adventure films; wordnet movie 106613686	10	0.519044	0	1		
2	http://www.w3.org/2000/01/rdf-schema#comment;http://rdf.freebase.com/ns/common.topic.description	Primeval is a British science fiction, drama television programme produced for ITV by Impossible Pic	Primeval is a British science fiction drama television programme produced for ITV by Impossible Pict	 	Primeval: New World is a Canadian–British science fiction television program, set in Vancouver, Brit	Primeval: New World is a Canadian–British science fiction television program, set in Vancouver, Brit	 	Primeval is a 2007 American horror film which was released on January 12, 2007. The film stars Domin	Primeval is a 2007 American horror film which was released on January 12, 2007. The film, starring D	 	 	6	0.707107	0.221849	1		
2	http://www.w3.org/2000/01/rdf-schema#label	Primeval	Primeval	Primeval	Primeval: New World	Primeval: New World	Primeval: New World	Primeval (film)	Primeval	Primeval	Primeval (film)	10	0.246183	0	1		
0	http://www.w3.org/2002/07/owl#sameAs	 	 	 	 	 	 	 	 	 	 	0	NaN	Infinity	0		
0	http://www.w3.org/ns/prov#wasDerivedFrom	http://en.wikipedia.org/wiki/Primeval?oldid=740057504	 	 	http://en.wikipedia.org/wiki/Primeval:_New_World?oldid=745071706	 	 	http://en.wikipedia.org/wiki/Primeval_(film)?oldid=728410967	 	 	 	3	0.816497	0.522879	1		
2	http://xmlns.com/foaf/0.1/homepage;http://rdf.freebase.com/ns/common.topic.official_website;http://www.wikidata.org/entity/P856c	http://www.itv.com/primeval	http://www.primeval.tv/	 	http://www.space.ca/PrimevalNewWorld.aspx	 	http://www.space.ca/PrimevalNewWorld.aspx	http://video.movies.go.com/primeval/	http://primeval.movies.go.com/	 	 	6	0.73598	0.221849	1		
1	http://xmlns.com/foaf/0.1/isPrimaryTopicOf;http://rdf.freebase.com/ns/common.topic.topic_equivalent_webpage	http://en.wikipedia.org/wiki/Primeval	http://cs.wikipedia.org/wiki/Prav%1Bk_%FAto%0D%ED; http://thetvdb.com/?tab=series&id=79809	 	http://en.wikipedia.org/wiki/Primeval:_New_World	http://de.wikipedia.org/wiki/Primeval:_New_World; http://fr.wikipedia.org/wiki/Les_Portes_du_temps_:	 	http://en.wikipedia.org/wiki/Primeval_(film)	http://de.wikipedia.org/wiki/Die_F%E4hrte_des_Grauens; http://www.movli.com/movie/primeval-12549	 	 	6	0.798809	0.221849	1		
0	http://xmlns.com/foaf/0.1/name	Primeval	 	 	Primeval: New World	 	 	Primeval	 	 	 	3	0.57735	0.522879	1		
3	http://rdf.freebase.com/key/authority.imdb.title;http://rdf.freebase.com/ns/imdb.topic.title_id;http://www.wikidata.org/entity/P345c;http://dbpedia.org/ontology/imdbId	 	tt0808096	tt0808096	 	tt2295953	tt2295953	772193	tt0772193	tt0772193	 	7	0.258199	0.154902	1		
0	http://rdf.freebase.com/key/authority.netflix.api	 	http://api.netflix.com/catalog/titles/series/70104256	 	 	 	 	 	http://api.netflix.com/catalog/titles/movies/70053827	 	 	2	0.816497	0.69897	1		
0	http://rdf.freebase.com/key/authority.netflix.tiny	 	VoVai	 	 	 	 	 	BVWlf	 	 	2	0.816497	0.69897	1		
0	http://rdf.freebase.com/key/authority.thetvdb.series	 	79809	 	 	253042	 	 	 	 	 	2	0.816497	0.69897	1		
0	http://rdf.freebase.com/key/authority.tvrage.series_numeric	 	15138	 	 	 	 	 	 	 	 	1	0.57735	1	1		
0	http://rdf.freebase.com/key/base.ranker.rankerurlname	 	primeval/1836465	 	 	 	 	 	primeval/1836467	 	 	2	0.816497	0.69897	1		
0	http://rdf.freebase.com/key/en	 	primeval	 	 	 	 	 	primeval_2007	 	 	2	0.816497	0.69897	1		
0	http://rdf.freebase.com/key/source.clicker.tv	 	primeval	 	 	 	 	 	 	 	 	1	0.57735	1	1		
0	http://rdf.freebase.com/key/source.videosurf	 	203115	 	 	 	 	 	 	 	 	1	0.57735	1	1		
0	http://rdf.freebase.com/key/user.avh.ellerdale	 	0089-f476	 	 	 	 	 	00a2-db28	 	 	2	0.816497	0.69897	1		
0	http://rdf.freebase.com/key/user.ovguide.tvdb_show_id	 	79809	 	 	253042	 	 	 	 	 	2	0.816497	0.69897	1		
1	http://rdf.freebase.com/key/wikipedia.en	 	Anomaly_(Primeval); Primaeval_(TV_series)	 	 	Primeval:_New_Order	 	 	Gustave_(film); Primeval_(film)	 	 	3	0.816497	0.522879	1		
1	http://rdf.freebase.com/key/wikipedia.en_title	 	Primeval	 	 	Primeval:_New_World	 	 	Primeval_(film)	 	 	3	0.816497	0.522879	1		
0	http://rdf.freebase.com/ns/award.award_nominated_work.award_nominations	 	British Academy Television Award for Best New Media; Satellite Award for Best Television Series �?Dr	 	 	Canadian Screen Award for Best Visual Effects	 	 	 	 	 	2	0.707107	0.69897	1		
0	http://rdf.freebase.com/ns/award.award_winning_work.awards_won	 	http://rdf.freebase.com/ns/m.010b38xc	 	 	 	 	 	 	 	 	1	0.57735	1	1		
0	http://rdf.freebase.com/ns/common.identity.clicker_tv_id	 	primeval	 	 	 	 	 	 	 	 	1	0.57735	1	1		
2	http://rdf.freebase.com/ns/common.topic.article;http://schema.org/description	 	Primeval is a British science fiction television programme produced for ITV by Impossible Pictures. 	television series	 	Primeval: New World is a forthcoming Canadian science fiction television programme, set in Vancouver	television series	 	Primeval is a 2007 horror film which was released on January 12, 2007. The film was inspired by the 	2007 film by Michael Katleman	 	6	0.707107	0.221849	1		
0	http://rdf.freebase.com/ns/common.topic.image	 	The ARC team	 	 	 	 	 	 	 	 	1	0.57735	1	1		
0	http://rdf.freebase.com/ns/common.topic.notable_for	 	Science Fiction TV Program	 	 	Science Fiction TV Program	 	 	Natural horror Film	 	 	3	0.57735	0.522879	1		
0	http://rdf.freebase.com/ns/common.topic.notable_types	 	Award-Winning Work	 	 	TV Program	 	 	Film	 	 	3	0.816497	0.522879	1		
0	http://rdf.freebase.com/ns/common.topic.topical_webpage	 	http://www.itv.com/primeval	 	 	 	 	 	 	 	 	1	0.57735	1	1		
0	http://rdf.freebase.com/ns/common.topic.webpage	 	'Primeval': I'm glad it ended last season...at least for me; Bits and Bobs (Vol. 18 1/2): Are you so	 	 	http://rdf.freebase.com/ns/m.0j4m4rc	 	 	PopWatch Public Service Announcement: 'Primeval''s 'serial killer'; Review of Primeval by Dennis Har	 	 	3	0.816497	0.522879	1		
0	http://rdf.freebase.com/ns/kg.object_profile.prominent_type	 	Award-Winning Work	 	 	TV Program	 	 	Film	 	 	3	0.816497	0.522879	1		
2	http://rdf.freebase.com/ns/media_common.netflix_title.netflix_genres;http://rdf.freebase.com/ns/tv.tv_program.genre;http://www.wikidata.org/entity/P136c;http://dbpedia.org/ontology/genre;http://rdf.freebase.com/ns/film.film.genre	 	British TV; Science Fiction	science fiction	Science fiction	Adventure Film; Science Fiction	science fiction	 	Action Thriller; Action/Adventure	horror film	 	7	0.58757	0.154902	1		
2	http://rdf.freebase.com/ns/tv.tv_program.country_of_origin;http://www.wikidata.org/entity/P495c;http://rdf.freebase.com/ns/film.film.country;http://yago-knowledge.org/resource/isLocatedIn	 	United Kingdom	United Kingdom	 	United Kingdom	Canada	 	United States of America	United States of America	United States	7	0.408248	0.154902	1		
0	http://rdf.freebase.com/ns/tv.tv_program.currently_in_production	 	FALSE	 	 	 	 	 	 	 	 	1	0.57735	1	1		
0	http://rdf.freebase.com/ns/tv.tv_program.episode_running_time	 	45	 	 	42	 	 	 	 	 	2	0.516398	0.69897	1		
0	http://rdf.freebase.com/ns/tv.tv_program.episodes	 	Silurian Sands; A Gigantic Problem	 	 	Angry Birds; Breakthrough	 	 	 	 	 	2	0.816497	0.69897	1		
0	http://rdf.freebase.com/ns/tv.tv_program.languages;http://www.wikidata.org/entity/P364c;http://dbpedia.org/ontology/language;http://rdf.freebase.com/ns/film.film.language	 	English Language	English	 	English Language	 	Swahili language	English Language	English	 	6	0.540062	0.221849	1		
0	http://rdf.freebase.com/ns/tv.tv_program.seasons	 	Primeval - Season 2	 	 	Primeval: New World - Season 0	 	 	 	 	 	2	0.816497	0.69897	1		
0	http://rdf.freebase.com/ns/tv.tv_program.thetvdb_id	 	79809	 	 	253042	 	 	 	 	 	2	0.816497	0.69897	1		
0	http://rdf.freebase.com/ns/tv.tv_program.tvrage_id	 	15138	 	 	 	 	 	 	 	 	1	0.57735	1	1		
0	http://rdf.freebase.com/ns/type.object.key	 	/authority/imdb/title/tt0808096; /wikipedia/zh-tw/侏罗纪奇�? 	 	/authority/imdb/title/tt2295953; /wikipedia/de_title/Primeval:_New_World	 	 	/authority/imdb/title/tt0772193; /source/daum/movieid/42823	 	 	3	0.816497	0.522879	1			
0	http://rdf.freebase.com/ns/type.object.name	 	Primeval	 	 	Primeval: New World	 	 	Primeval	 	 	3	0.57735	0.522879	1		
0	http://rdf.freebase.com/ns/type.object.type	 	Award-Nominated Work; Netflix Title	 	 	Award-Nominated Work; TV Program	 	 	Netflix Title	 	 	3	0.341565	0.522879	1		
0	http://rdf.freebase.com/ns/user.avh.default_domain.ellerdale_topic.ellerdale_id	 	0089-f476	 	 	 	 	 	00a2-db28	 	 	2	0.816497	0.69897	1		
0	http://www.wikidata.org/entity/P1267c	 	 	3123	 	 	11006	 	 	 	 	2	0.816497	0.69897	1		
0	http://www.wikidata.org/entity/P1562c	 	 	v467585	 	 	 	 	 	v345718	 	2	0.816497	0.69897	1		
0	http://www.wikidata.org/entity/P18c	 	 	http://commons.wikimedia.org/wiki/File:Primeval_logo.svg	 	 	 	 	 	 	 	1	0.57735	1	1		
0	http://www.wikidata.org/entity/P2512c	 	 	Primeval: New World	 	 	 	 	 	 	 	1	0.57735	1	1		
0	http://www.wikidata.org/entity/P2529c	 	 	231219	 	 	 	 	 	 	 	1	0.57735	1	1		
0	http://www.wikidata.org/entity/P2638c	 	 	shows/primeval	 	 	 	 	 	 	 	1	0.57735	1	1		
0	http://www.wikidata.org/entity/P449c	 	 	ITV	 	 	Space	 	 	 	 	2	0.816497	0.69897	1		
0	http://www.wikidata.org/entity/P646-freebase	 	 	Primeval	 	 	Primeval: New World	 	 	Primeval	 	3	0.57735	0.522879	1		
0	http://www.wikidata.org/entity/P646c	 	 	/m/0drdh7	 	 	/m/0h68xzf	 	 	/m/0f12l0	 	3	0.816497	0.522879	1		
0	http://www.wikidata.org/entity/P910c	 	 	Category:Primeval	 	 	 	 	 	 	 	1	0.57735	1	1		
0	http://dbpedia.org/ontology/developer	 	 	 	Gillian Horvath	 	 	 	 	 	 	1	0.57735	1	1		
0	http://dbpedia.org/ontology/distributor;http://rdf.freebase.com/ns/film.film.distributors	 	 	 	Entertainment One	 	 	Walt Disney Studios Motion Pictures	Walt Disney Studios Motion Pictures	 	 	3	0.645497	0.522879	1		
0	http://dbpedia.org/ontology/executiveProducer	 	 	 	Gillian Horvath; Martin Wood (director)	 	 	 	 	 	 	1	0.816497	1	1		
0	http://dbpedia.org/ontology/previousWork	 	 	 	Primeval	 	 	 	 	 	 	1	0.57735	1	1		
0	http://rdf.freebase.com/ns/freebase.valuenotation.has_value	 	 	 	 	Program creator	 	 	 	 	 	1	0.57735	1	1		
0	http://www.wikidata.org/entity/P2061c	 	 	 	 	 	16:09	 	 	 	 	1	0.57735	1	1		
1	http://dbpedia.org/ontology/director;http://rdf.freebase.com/ns/film.film.directed_by;http://www.wikidata.org/entity/P57c	 	 	 	 	 	 	Michael Katleman	Michael Katleman	Michael Katleman	 	3	0.57735	0.522879	1		
0	http://dbpedia.org/ontology/gross	 	 	 	 	 	 	15291277	 	 	 	1	0.57735	1	1		
1	http://dbpedia.org/ontology/writer;http://rdf.freebase.com/ns/film.film.written_by;http://www.wikidata.org/entity/P58c	 	 	 	 	 	 	John Brancato and Michael Ferris	John Brancato; Michael Ferris	John D. Brancato; Michael Ferris	 	3	0.68313	0.522879	1		
1	http://rdf.freebase.com/key/authority.netflix.movie;http://rdf.freebase.com/ns/film.film.netflix_id;http://www.wikidata.org/entity/P1874c	 	 	 	 	 	 	 	70053827	70053827	 	2	0.57735	0.69897	1		
1	http://rdf.freebase.com/key/source.allocine.ca.film;http://rdf.freebase.com/key/source.allocine.fr.film;http://rdf.freebase.com/key/source.beyazperde.filmler;http://rdf.freebase.com/key/source.screenrush.films;http://www.wikidata.org/entity/P1265c	 	 	 	 	 	 	 	110505	110505	 	2	0.57735	0.69897	1		
0	http://rdf.freebase.com/key/source.cineseoul.cinemaid	 	 	 	 	 	 	 	39096	 	 	1	0.57735	1	1		
0	http://rdf.freebase.com/key/source.clicker.film	 	 	 	 	 	 	 	primeval	 	 	1	0.57735	1	1		
0	http://rdf.freebase.com/key/source.daum.movieid	 	 	 	 	 	 	 	42823	 	 	1	0.57735	1	1		
0	http://rdf.freebase.com/key/source.entertainmentweekly.mediaproduct	 	 	 	 	 	 	 	MoviePrimeval	 	 	1	0.57735	1	1		
0	http://rdf.freebase.com/key/source.metacritic.movie	 	 	 	 	 	 	 	primeval	 	 	1	0.57735	1	1		
0	http://rdf.freebase.com/key/source.movist.mid	 	 	 	 	 	 	 	40070	 	 	1	0.57735	1	1		
0	http://rdf.freebase.com/key/source.nate.cinema_id	 	 	 	 	 	 	 	39545	 	 	1	0.57735	1	1		
0	http://rdf.freebase.com/key/source.traileraddict.embed	 	 	 	 	 	 	 	1075	 	 	1	0.57735	1	1		
0	http://rdf.freebase.com/key/source.traileraddict.movie	 	 	 	 	 	 	 	primeval	 	 	1	0.57735	1	1		
0	http://rdf.freebase.com/ns/base.schemastaging.context_name.pronunciation	 	 	 	 	 	 	 	http://rdf.freebase.com/ns/g.125_pg67t	 	 	1	0.57735	1	1		
0	http://rdf.freebase.com/ns/base.schemastaging.topic_extra.review_webpage	 	 	 	 	 	 	 	http://movies2.nytimes.com/2007/01/13/movies/13prim.html?ref=movies; http://www.avclub.com/content/n	 	 	1	0.816497	1	1		
0	http://rdf.freebase.com/ns/common.topic.alias	 	 	 	 	 	 	 	Gustave	 	 	1	0.57735	1	1		
0	http://rdf.freebase.com/ns/film.film.costume_design_by	 	 	 	 	 	 	 	Diana Cilliers	 	 	1	0.57735	1	1		
0	http://rdf.freebase.com/ns/film.film.film_art_direction_by	 	 	 	 	 	 	 	Fred Du Preez	 	 	1	0.57735	1	1		
0	http://rdf.freebase.com/ns/film.film.metacritic_id	 	 	 	 	 	 	 	primeval	 	 	1	0.57735	1	1		
0	http://rdf.freebase.com/ns/film.film.production_companies	 	 	 	 	 	 	 	Hollywood Pictures	 	 	1	0.57735	1	1		
0	http://rdf.freebase.com/ns/film.film.rating	 	 	 	 	 	 	 	R (USA)	 	 	1	0.57735	1	1		
0	http://rdf.freebase.com/ns/film.film.release_date_s	 	 	 	 	 	 	 	2007/1/12	 	 	1	0.816497	1	1		
0	http://rdf.freebase.com/ns/film.film.traileraddict_id	 	 	 	 	 	 	 	primeval	 	 	1	0.57735	1	1		
0	http://rdf.freebase.com/ns/user.robert.default_domain.rated_film.ew_rating	 	 	 	 	 	 	 	62	 	 	1	0.57735	1	1		
0	http://www.wikidata.org/entity/P1258c	 	 	 	 	 	 	 	 	m/primeval	 	1	0.57735	1	1		
0	http://www.wikidata.org/entity/P1476c	 	 	 	 	 	 	 	 	Primeval	 	1	0.57735	1	1		
0	http://www.wikidata.org/entity/P1712c	 	 	 	 	 	 	 	 	movie/primeval	 	1	0.57735	1	1		
0	http://www.wikidata.org/entity/P2465c	 	 	 	 	 	 	 	 	329714	 	1	0.57735	1	1		
0	http://www.wikidata.org/entity/P462c	 	 	 	 	 	 	 	 	color	 	1	0.57735	1	1		
0	http://www.wikidata.org/entity/P480c	 	 	 	 	 	 	 	 	309688	 	1	0.57735	1	1		
0	http://www.w3.org/2004/02/skos/core#prefLabel	 	 	 	 	 	 	 	 	 	Primeval (film)	1	0.57735	1	1		
0	http://yago-knowledge.org/resource/hasCitationTitle	 	 	 	 	 	 	 	 	 	Burundi's not so gentle giant	1	0.57735	1	1		
0	http://yago-knowledge.org/resource/hasWikipediaAnchorText	 	 	 	 	 	 	 	 	 	Brooke Langton; Dominic Purcell	1	0.816497	1	1		
0	http://yago-knowledge.org/resource/hasWikipediaArticleLength	 	 	 	 	 	 	 	 	 	7997	1	0.57735	1	1		
0	http://yago-knowledge.org/resource/hasWikipediaUrl	 	 	 	 	 	 	 	 	 	http://en.wikipedia.org/wiki/Primeval_%28film%29	1	0.57735	1	1		
0	http://yago-knowledge.org/resource/linksTo	 	 	 	 	 	 	 	 	 	Brooke Langton; Jack the Ripper	1	0.816497	1	1		
0	http://yago-knowledge.org/resource/redirectedFrom	 	 	 	 	 	 	 	 	 	Gustave (film); Primeval.	1	0.816497	1	1		
