score	dataset	dbpedia	freebase	wikidata	yago-knowledge	dbpedia	freebase	wikidata	dbpedia	freebase	wikidata						
	entity	http://dbpedia.org/resource/My_Camp_Rock	http://rdf.freebase.com/ns/m.05p47w9	http://www.wikidata.org/entity/Q2517238	http://yago-knowledge.org/resource/My_Camp_Rock	http://dbpedia.org/resource/Camp_Rock	http://rdf.freebase.com/ns/m.02w4by3	http://www.wikidata.org/entity/Q217250	http://dbpedia.org/resource/Camp_Rock_2:_The_Final_Jam	http://rdf.freebase.com/ns/m.080b54x	http://www.wikidata.org/entity/Q276279						
2	http://dbpedia.org/ontology/Work/runtime;http://dbpedia.org/ontology/runtime;http://rdf.freebase.com/ns/film.film.runtime;http://www.wikidata.org/entity/P2047c	25	 	 	 	94	94	90	104	104	104	7	0.599145	0.154902	1		
0	http://dbpedia.org/ontology/abstract	My Camp Rock is a singing competition based on the Disney Channel Original Movie Camp Rock and its s	 	 	 	Camp Rock is a 2008 Disney Channel Original Movie starring the Jonas Brothers and Demi Lovato. The m	 	 	Camp Rock 2: The Final Jam is a 2010 Disney Channel Original Movie and the sequel to the 2008 film C	 	 	3	0.816497	0.522879	1		
1	http://dbpedia.org/ontology/completionDate;http://rdf.freebase.com/ns/tv.tv_program.air_date_of_final_episode;http://yago-knowledge.org/resource/wasDestroyedOnDate	2009/5/1	2010	 	2009/1/1	 	 	 	 	 	 	3	0.816497	0.522879	1		
2	http://dbpedia.org/ontology/country;http://www.wikidata.org/entity/P495c;http://rdf.freebase.com/ns/film.film.country	Luxembourg; Netherlands	 	Netherlands	 	 	United States of America	United States of America	 	United States of America	United States of America	6	0.617213	0.221849	1		
2	http://dbpedia.org/ontology/network;http://rdf.freebase.com/ns/tv.tv_program.original_network	Disney Channel (Netherlands/Flanders); Disney Channel Scandinavia	http://rdf.freebase.com/ns/m.062wqh8	 	 	Disney Channel	 	 	Disney Channel	 	 	4	0.763763	0.39794	1		
0	http://dbpedia.org/ontology/numberOfEpisodes;http://rdf.freebase.com/ns/tv.tv_program.number_of_episodes;http://www.wikidata.org/entity/P1113c	10	6	10	 	 	 	 	 	 	 	3	0.57735	0.522879	1		
0	http://dbpedia.org/ontology/numberOfSeasons;http://rdf.freebase.com/ns/tv.tv_program.number_of_seasons	1	2	 	 	 	 	 	 	 	 	2	0.57735	0.69897	1		
0	http://dbpedia.org/ontology/previousWork	http://dbpedia.org/resource/My_School_Musical	 	 	 	 	 	 	Camp Rock	 	 	2	0.816497	0.69897	1		
2	http://dbpedia.org/ontology/releaseDate;http://yago-knowledge.org/resource/wasCreatedOnDate;http://rdf.freebase.com/ns/film.film.initial_release_date	2009/4/3	 	 	2009/1/1	2008/6/20	2008/6/20	 	2010/9/3	2010/8/18	 	6	0.707107	0.221849	1		
1	http://dbpedia.org/ontology/starring;http://rdf.freebase.com/ns/tv.tv_program.regular_cast;http://rdf.freebase.com/ns/film.film.starring;http://www.wikidata.org/entity/P161c	Holly Hull; JK and Joel	Sarah-Jane Crawford; Zoë Tyler	 	 	Alyson Stoner; Daniel Fathers	Alyson Stoner; Demi Lovato	Demi Lovato	Alyson Stoner; Daniel Fathers	Janaye Upshaw; Alex 'Shorty' Welch	Demi Lovato	8	0.632456	0.09691	1		
2	http://dbpedia.org/ontology/wikiPageID;http://rdf.freebase.com/key/wikipedia.en_id	21859611	21859611	 	 	12414587	12414587	 	23615900	23615900	 	6	0.408248	0.221849	1		
0	http://dbpedia.org/ontology/wikiPageLength	20463	 	 	 	15503	 	 	9120	 	 	3	0.816497	0.522879	1		
0	http://dbpedia.org/ontology/wikiPageOutDegree	96	 	 	 	87	 	 	77	 	 	3	0.816497	0.522879	1		
0	http://dbpedia.org/ontology/wikiPageRevisionID	739923610	 	 	 	735433742	 	 	739480706	 	 	3	0.816497	0.522879	1		
0	http://purl.org/dc/terms/subject	Singing competitions	 	 	 	American musical comedy films; American television films	 	 	American musical comedy films; English-language films	 	 	3	0.60553	0.522879	1		
0	http://www.w3.org/1999/02/22-rdf-syntax-ns#type;http://www.wikidata.org/entity/P31c	CreativeWork; television program	Inanimate; TV Program	Item	wordnet artifact 100021939; wordnet medium 106254669	CreativeWork; television program	Award-Nominated Work; Netflix Title	television film	CreativeWork; television program	Award-Nominated Work; Netflix Title	television film	10	0.352553	0	1		
2	http://www.w3.org/2000/01/rdf-schema#comment;http://rdf.freebase.com/ns/common.topic.description	My Camp Rock is a singing competition based on the Disney Channel Original Movie Camp Rock and its s	My Camp Rock is a singing competition based on the Disney Channel Original Movie Camp Rock and its s	 	 	Camp Rock is a 2008 Disney Channel Original Movie starring the Jonas Brothers and Demi Lovato. The m	Camp Rock is a 2008 Disney Channel Original Movie starring the Jonas Brothers and Demi Lovato. The m	 	Camp Rock 2: The Final Jam is a 2010 Disney Channel Original Movie and the sequel to the 2008 film C	Camp Rock 2: The Final Jam is a 2010 Disney Channel Original Movie and the sequel to the 2008 film C	 	6	0.408248	0.221849	1		
2	http://www.w3.org/2000/01/rdf-schema#label	My Camp Rock	My Camp Rock	My Camp Rock	Camp Rock	Camp Rock	Camp Rock	Camp Rock	Camp Rock 2: The Final Jam	Camp Rock 2: The Final Jam	Camp Rock 2: The Final Jam	10	0.246183	0	1		
0	http://www.w3.org/2002/07/owl#sameAs	 	 	 	 	 	 	 	 	 	 	0	NaN	Infinity	0		
0	http://www.w3.org/ns/prov#wasDerivedFrom	http://en.wikipedia.org/wiki/My_Camp_Rock?oldid=739923610	 	 	 	http://en.wikipedia.org/wiki/Camp_Rock?oldid=735433742	 	 	http://en.wikipedia.org/wiki/Camp_Rock_2:_The_Final_Jam?oldid=739480706	 	 	3	0.816497	0.522879	1		
1	http://xmlns.com/foaf/0.1/isPrimaryTopicOf;http://rdf.freebase.com/ns/common.topic.topic_equivalent_webpage	http://en.wikipedia.org/wiki/My_Camp_Rock	http://en.wikipedia.org/wiki/My_Camp_Rock; http://it.wikipedia.org/wiki/index.html?curid=2573353	 	 	http://en.wikipedia.org/wiki/Camp_Rock	http://www.filmstarts.de/kritiken/137308.html; http://ar.wikipedia.org/wiki/%43%27%45%28_%31%48%43	 	http://en.wikipedia.org/wiki/Camp_Rock_2:_The_Final_Jam	http://ar.wikipedia.org/wiki/%45%39%33%43%31_%27%44%31%48%43_2_:_%27%44%2D%41%44_%27%44%2E%2A%27%45%	 	6	0.803902	0.221849	1		
0	http://xmlns.com/foaf/0.1/name	My Camp Rock Benelux; My Camp Rock Scandinavia	 	 	 	Camp Rock	 	 	Camp Rock 2: The Final Jam	 	 	3	0.816497	0.522879	1		
1	http://rdf.freebase.com/key/en	 	my_camp_rock	 	 	 	camp_rock	 	 	camp_rock_2_the_final_jam	 	3	0.816497	0.522879	1		
1	http://rdf.freebase.com/key/wikipedia.en	 	My_Camp_Rock; Reece_Cook	 	 	 	Connect_Three; List_of_characters_from_Camp_Rock	 	 	Camp_Rock_2:_The_Final_Jam; Junior_Rocker	 	3	0.816497	0.522879	1		
1	http://rdf.freebase.com/key/wikipedia.en_title	 	My_Camp_Rock	 	 	 	Camp_Rock	 	 	Camp_Rock_2:_The_Final_Jam	 	3	0.816497	0.522879	1		
1	http://rdf.freebase.com/ns/common.topic.article;http://schema.org/description	 	My Camp Rock is a singing competition based on the Disney Channel Original Movie, Camp Rock. Two ser	 	 	 	Camp Rock is a 2008 Disney Channel Original Movie (DCOM) starring the Jonas Brothers and Demi Lovato	television film	 	Camp Rock 2 is the sequel to the successful hit Disney Channel Original Movie, Camp Rock. It is the 	television film	5	0.707107	0.30103	1		
0	http://rdf.freebase.com/ns/common.topic.notable_for	 	Reality TV Program	 	 	 	Musical comedy Film	 	 	Musical comedy Film	 	3	0.57735	0.522879	1		
0	http://rdf.freebase.com/ns/common.topic.notable_types	 	TV Program	 	 	 	Award-Winning Work	 	 	Award-Winning Work	 	3	0.57735	0.522879	1		
0	http://rdf.freebase.com/ns/kg.object_profile.prominent_type	 	TV Program	 	 	 	Award-Winning Work	 	 	Award-Winning Work	 	3	0.57735	0.522879	1		
1	http://rdf.freebase.com/ns/tv.tv_program.genre;http://rdf.freebase.com/ns/film.film.genre;http://rdf.freebase.com/ns/media_common.netflix_title.netflix_genres;http://www.wikidata.org/entity/P136c	 	Reality television	 	 	 	Backstage Musical; Children's/Family	musical film	 	Backstage Musical; Family Comedies	musical film	5	0.534522	0.30103	1		
0	http://rdf.freebase.com/ns/tv.tv_program.languages;http://rdf.freebase.com/ns/film.film.language;http://www.wikidata.org/entity/P364c	 	English Language	 	 	 	English Language	English	 	English Language	English	5	0.258199	0.30103	1		
0	http://rdf.freebase.com/ns/type.object.key	 	/wikipedia/en/Reece_Cook; /wikipedia/en_title/My_Camp_Rock	 	 	 	/authority/imdb/title/tt1055366; /source/movist/mid/41847	 	 	/authority/imdb/title/tt1252380; /wikipedia/pt/Here_for_Now	 	3	0.816497	0.522879	1		
0	http://rdf.freebase.com/ns/type.object.name	 	My Camp Rock	 	 	 	Camp Rock	 	 	Camp Rock 2: The Final Jam	 	3	0.816497	0.522879	1		
0	http://rdf.freebase.com/ns/type.object.type	 	Inanimate; TV Program	 	 	 	Award-Nominated Work; Netflix Title	 	 	Award-Nominated Work; Netflix Title	 	3	0.348155	0.522879	1		
0	http://www.wikidata.org/entity/P646-freebase	 	 	My Camp Rock	 	 	 	Camp Rock	 	 	Camp Rock 2: The Final Jam	3	0.816497	0.522879	1		
0	http://www.wikidata.org/entity/P646c	 	 	/m/05p47w9	 	 	 	/m/02w4by3	 	 	/m/080b54x	3	0.816497	0.522879	1		
2	http://www.wikidata.org/entity/P856c;http://xmlns.com/foaf/0.1/homepage;http://rdf.freebase.com/ns/common.topic.official_website	 	 	http://disney.nl/DisneyChannel/supersites/my-camp-rock/	 	http://disneychannel.disney.com/camp-rock	http://disneychannel.disney.com/camp-rock	http://disneychannel.disney.com/camp-rock	http://disneychannel.disney.com/camp-rock-2-the-final-jam	http://disneychannel.disney.com/camp-rock-2-the-final-jam	http://disneychannel.disney.com/camp-rock-2-the-final-jam	7	0.408248	0.154902	1		
0	http://www.w3.org/2004/02/skos/core#prefLabel	 	 	 	My Camp Rock	 	 	 	 	 	 	1	0.57735	1	1		
0	http://yago-knowledge.org/resource/hasWikipediaAnchorText	 	 	 	April 3, 2009; Covent Garden	 	 	 	 	 	 	1	0.816497	1	1		
0	http://yago-knowledge.org/resource/redirectedFrom	 	 	 	Reece Cook	 	 	 	 	 	 	1	0.57735	1	1		
0	http://dbpedia.org/ontology/author	 	 	 	 	Julie Brown	 	 	Dan Berendsen	 	 	2	0.816497	0.69897	1		
1	http://dbpedia.org/ontology/composer;http://rdf.freebase.com/ns/film.film.music;http://www.wikidata.org/entity/P86c	 	 	 	 	Adam Watts (musician); Antonia Armato	David Kitay; Matthew Gerrard	David Kitay	 	Christopher Lennertz	Christopher Lennertz	5	0.627646	0.30103	1		
2	http://dbpedia.org/ontology/director;http://rdf.freebase.com/ns/film.film.directed_by;http://www.wikidata.org/entity/P57c	 	 	 	 	Matthew Diamond	Matthew Diamond	Matthew Diamond	Paul Hoen	Paul Hoen	Paul Hoen	6	0	0.221849	1		
0	http://dbpedia.org/ontology/distributor;http://rdf.freebase.com/ns/film.film.distributors	 	 	 	 	Disney-ABC Domestic Television	Disney Channel	 	Disney-ABC Domestic Television	Walt Disney Studios Home Entertainment	 	4	0.516398	0.39794	1		
2	http://dbpedia.org/ontology/imdbId;http://rdf.freebase.com/key/authority.imdb.title;http://rdf.freebase.com/ns/imdb.topic.title_id;http://www.wikidata.org/entity/P345c	 	 	 	 	1055366	tt1055366	tt1055366	1252380	tt1252380	tt1252380	6	0.408248	0.221849	1		
0	http://dbpedia.org/ontology/person	 	 	 	 	Dean Cundey	 	 	 	 	 	1	0.57735	1	1		
0	http://dbpedia.org/ontology/subsequentWork	 	 	 	 	Camp Rock 2: The Final Jam	 	 	 	 	 	1	0.57735	1	1		
0	http://dbpedia.org/ontology/wikiPageExternalLink	 	 	 	 	http://disneychannel.disney.com/camp-rock; http://www.npr.org/templates/story/story.php?storyId=9172	 	 	http://disneychannel.disney.com/camp-rock-2-the-final-jam	 	 	2	0.816497	0.69897	1		
0	http://rdf.freebase.com/key/authority.netflix.api	 	 	 	 	 	http://api.netflix.com/catalog/titles/movies/70096414	 	 	http://api.netflix.com/catalog/titles/movies/70122632	 	2	0.816497	0.69897	1		
2	http://rdf.freebase.com/key/authority.netflix.movie;http://rdf.freebase.com/ns/film.film.netflix_id;http://www.wikidata.org/entity/P1874c	 	 	 	 	 	70096414	70096414	 	70122632	70122632	4	0	0.39794	1		
0	http://rdf.freebase.com/key/authority.netflix.tiny	 	 	 	 	 	BVhqY	 	 	BVofQ	 	2	0.816497	0.69897	1		
0	http://rdf.freebase.com/key/base.ranker.rankerurlname	 	 	 	 	 	camp-rock/662974	 	 	 	 	1	0.57735	1	1		
1	http://rdf.freebase.com/key/source.allocine.ca.film;http://rdf.freebase.com/key/source.allocine.fr.film;http://rdf.freebase.com/key/source.beyazperde.filmler;http://rdf.freebase.com/key/source.screenrush.films;http://www.wikidata.org/entity/P1265c	 	 	 	 	 	137308	137308	 	 	147213	3	0	0.522879	1		
0	http://rdf.freebase.com/key/source.clicker.film	 	 	 	 	 	camp-rock	 	 	 	 	1	0.57735	1	1		
0	http://rdf.freebase.com/key/source.daum.movieid	 	 	 	 	 	47485	 	 	 	 	1	0.57735	1	1		
0	http://rdf.freebase.com/key/source.filmstarts.kritiken	 	 	 	 	 	137308	 	 	 	 	1	0.57735	1	1		
0	http://rdf.freebase.com/key/source.movist.mid	 	 	 	 	 	41847	 	 	 	 	1	0.57735	1	1		
0	http://rdf.freebase.com/key/source.nate.cinema_id	 	 	 	 	 	46827	 	 	 	 	1	0.57735	1	1		
0	http://rdf.freebase.com/key/source.videosurf	 	 	 	 	 	17723	 	 	 	 	1	0.57735	1	1		
0	http://rdf.freebase.com/key/user.avh.ellerdale	 	 	 	 	 	0090-7d2d	 	 	00e3-2f12	 	2	0.816497	0.69897	1		
0	http://rdf.freebase.com/ns/award.award_nominated_work.award_nominations	 	 	 	 	 	ASTRA Awards for Favourite International Personality or Actor; TCA Award for Outstanding Achievement	 	 	Directors Guild of America Award for Outstanding Directing �?Children's Programs; People's Choice Aw	 	2	0.68313	0.69897	1		
0	http://rdf.freebase.com/ns/award.award_winning_work.awards_won	 	 	 	 	 	Young Artist Award for Best Performance in a TV Movie/Pilot/Mini-Series or Series - Leading Young Ac	 	 	People's Choice Award for Favorite Family TV Movie	 	2	0.816497	0.69897	1		
0	http://rdf.freebase.com/ns/common.topic.alias	 	 	 	 	 	Rock Camp Rules	 	 	Camp Rock 2	 	2	0.816497	0.69897	1		
0	http://rdf.freebase.com/ns/common.topic.webpage	 	 	 	 	 	'High School Musical' writer goes to summer camp; Coldplay enjoys another huge bow	 	 	http://rdf.freebase.com/ns/m.0fpk8zl	 	2	0.758787	0.69897	1		
1	http://rdf.freebase.com/ns/film.film.cinematography;http://www.wikidata.org/entity/P344c	 	 	 	 	 	Dean Cundey	Dean Cundey	 	David A. Makin	 	3	0.57735	0.522879	1		
0	http://rdf.freebase.com/ns/film.film.costume_design_by	 	 	 	 	 	Shelley Mansell	 	 	Shelley Mansell	 	2	0.57735	0.69897	1		
0	http://rdf.freebase.com/ns/film.film.edited_by	 	 	 	 	 	Girish Bhargava	 	 	 	 	1	0.816497	1	1		
1	http://rdf.freebase.com/ns/film.film.executive_produced_by;http://www.wikidata.org/entity/P1431c	 	 	 	 	 	Alan Sacks	Alan Sacks	 	Alan Sacks	Alan Sacks	4	0.57735	0.39794	1		
0	http://rdf.freebase.com/ns/film.film.film_art_direction_by	 	 	 	 	 	Marion Pon	 	 	Marion Pon	 	2	0.57735	0.69897	1		
0	http://rdf.freebase.com/ns/film.film.film_casting_director	 	 	 	 	 	Jason La Padura; Natalie Hart	 	 	Jason La Padura; Natalie Hart	 	2	0.408248	0.69897	1		
0	http://rdf.freebase.com/ns/film.film.film_production_design_by	 	 	 	 	 	Doug McCullough	 	 	Doug McCullough	 	2	0.57735	0.69897	1		
0	http://rdf.freebase.com/ns/film.film.film_set_decoration_by	 	 	 	 	 	Jeff Fruitman	 	 	Rosalie Board	 	2	0.816497	0.69897	1		
1	http://rdf.freebase.com/ns/film.film.produced_by;http://www.wikidata.org/entity/P162c	 	 	 	 	 	Kevin Lafferty	Kevin Lafferty	 	Kevin Lafferty	Kevin Lafferty	4	0.57735	0.39794	1		
0	http://rdf.freebase.com/ns/film.film.release_date_s	 	 	 	 	 	2008/6/20	 	 	2010/9/3	 	2	0.816497	0.69897	1		
0	http://rdf.freebase.com/ns/film.film.sequel;http://www.wikidata.org/entity/P156c	 	 	 	 	 	Camp Rock 2: The Final Jam	Camp Rock 2: The Final Jam	 	 	 	2	0.57735	0.69897	1		
0	http://rdf.freebase.com/ns/film.film.soundtrack	 	 	 	 	 	Camp Rock	 	 	Camp Rock 2: The Final Jam	 	2	0.816497	0.69897	1		
1	http://rdf.freebase.com/ns/film.film.written_by;http://www.wikidata.org/entity/P58c;http://rdf.freebase.com/ns/film.film.story_by	 	 	 	 	 	Julie Brown; Regina Y. Hicks	Paul Brown; Regina Hicks	 	Dan Berendsen; Julie Brown	Daniel Berendsen; Regina Hicks	4	0.235702	0.39794	1		
0	http://rdf.freebase.com/ns/user.avh.default_domain.ellerdale_topic.ellerdale_id	 	 	 	 	 	0090-7d2d	 	 	00e3-2f12	 	2	0.816497	0.69897	1		
0	http://www.wikidata.org/entity/P1258c	 	 	 	 	 	 	m/camp_rock	 	 	 	1	0.57735	1	1		
0	http://www.wikidata.org/entity/P1476c	 	 	 	 	 	 	Camp Rock	 	 	Camp Rock 2: The Final Jam	2	0.816497	0.69897	1		
0	http://www.wikidata.org/entity/P1562c	 	 	 	 	 	 	v447814	 	 	 	1	0.57735	1	1		
0	http://www.wikidata.org/entity/P1970c	 	 	 	 	 	 	49427	 	 	63435	2	0.816497	0.69897	1		
0	http://www.wikidata.org/entity/P2529c	 	 	 	 	 	 	248313	 	 	 	1	0.57735	1	1		
0	http://www.wikidata.org/entity/P2826c	 	 	 	 	 	 	943681	 	 	 	1	0.57735	1	1		
0	http://www.wikidata.org/entity/P462c	 	 	 	 	 	 	color	 	 	color	2	0.57735	0.69897	1		
0	http://www.wikidata.org/entity/P905c	 	 	 	 	 	 	97974	 	 	113231	2	0.816497	0.69897	1		
0	http://www.wikidata.org/entity/P910c	 	 	 	 	 	 	Category:Camp Rock	 	 	 	1	0.57735	1	1		
0	http://rdf.freebase.com/ns/dataworld.gardening_hint.split_to	 	 	 	 	 	 	 	 	Camp Rock 2: The Final Jam Cast	 	1	0.57735	1	1		
0	http://rdf.freebase.com/ns/film.film.other_crew	 	 	 	 	 	 	 	 	http://rdf.freebase.com/ns/m.0w2f__5	 	1	0.816497	1	1		
0	http://rdf.freebase.com/ns/film.film.prequel;http://www.wikidata.org/entity/P155c	 	 	 	 	 	 	 	 	Camp Rock	Camp Rock	2	0.57735	0.69897	1		
0	http://rdf.freebase.com/ns/film.film.production_companies	 	 	 	 	 	 	 	 	The Walt Disney Company; Walt Disney Television	 	1	0.816497	1	1		
0	http://rdf.freebase.com/ns/freebase.valuenotation.has_no_value	 	 	 	 	 	 	 	 	Edited by	 	1	0.57735	1	1		
0	http://rdf.freebase.com/ns/tv.tv_episode_segment.performances	 	 	 	 	 	 	 	 	http://rdf.freebase.com/ns/m.0cvb9m4	 	1	0.57735	1	1		
0	http://www.wikidata.org/entity/P144c	 	 	 	 	 	 	 	 	 	Camp Rock	1	0.57735	1	1		
0	http://www.wikidata.org/entity/P18c	 	 	 	 	 	 	 	 	 	http://commons.wikimedia.org/wiki/File:Nick_and_Kevin_Jonas.jpg	1	0.57735	1	1		
0	http://www.wikidata.org/entity/P2061c	 	 	 	 	 	 	 	 	 	16:09	1	0.57735	1	1		
