score	dataset	dbpedia	wikidata	dbpedia	freebase	wikidata	yago-knowledge	dbpedia	freebase	wikidata	yago-knowledge						
	entity	http://dbpedia.org/resource/Pirates_of_the_Caribbean_(film_series)	http://www.wikidata.org/entity/Q194318	http://dbpedia.org/resource/Pirates_(1986_film)	http://rdf.freebase.com/ns/m.0941q7	http://www.wikidata.org/entity/Q1673923	http://yago-knowledge.org/resource/Pirates_(1986_film)	http://dbpedia.org/resource/The_Pirate	http://rdf.freebase.com/ns/m.086_5y	http://www.wikidata.org/entity/Q960349	http://yago-knowledge.org/resource/The_Pirate						
2	http://dbpedia.org/ontology/Work/runtime;http://dbpedia.org/ontology/runtime;http://rdf.freebase.com/ns/film.film.runtime;http://www.wikidata.org/entity/P2047c	600	 	112	124	124	 	102	101	102	 	7	0.758787	0.154902	1		
0	http://dbpedia.org/ontology/abstract	Pirates of the Caribbean is a series of fantasy swashbuckler films produced by Jerry Bruckheimer and	 	Pirates is a 1986 Franco-Tunisian adventure comedy film written by Gérard Brach, John Brownjohn, and	 	 	 	The Pirate is a 1948 American musical film produced by Metro-Goldwyn-Mayer. With songs by Cole Porte	 	 	 	3	0.816497	0.522879	1		
0	http://dbpedia.org/ontology/basedOn;http://rdf.freebase.com/ns/media_common.adaptation.adapted_from	On Stranger Tides; Pirates of the Caribbean (attraction)	 	 	 	 	 	 	The Pirate	 	 	2	0.816497	0.69897	1		
0	http://dbpedia.org/ontology/budget	1000000000	 	40000000	 	 	 	3768000	 	 	 	3	0.816497	0.522879	1		
3	http://dbpedia.org/ontology/director;http://www.wikidata.org/entity/P57c;http://rdf.freebase.com/ns/film.film.directed_by	Espen Sandberg; Gore Verbinski	Gore Verbinski	Roman Polanski	Roman Polanski	Roman Polanski	 	Vincente Minnelli	Vincente Minnelli	Vincente Minnelli	 	8	0.460566	0.09691	1		
0	http://dbpedia.org/ontology/distributor;http://www.wikidata.org/entity/P750c;http://rdf.freebase.com/ns/film.film.distributors	Walt Disney Studios Motion Pictures	Walt Disney Studios Motion Pictures	Cannon Films	The Cannon Group	 	 	Loews Cineplex Entertainment	 	Loews Cineplex Entertainment	 	6	0.57735	0.221849	1		
0	http://dbpedia.org/ontology/gross	3700000000	 	1641825	 	 	 	2656000	 	 	 	3	0.816497	0.522879	1		
2	http://dbpedia.org/ontology/musicComposer;http://www.wikidata.org/entity/P86c;http://rdf.freebase.com/ns/film.film.music	Eric Whitacre; Geoff Zanelli	Hans Zimmer	Philippe Sarde	Philippe Sarde	Philippe Sarde	 	Cole Porter; Lennie Hayton	Cole Porter; Lennie Hayton	Lennie Hayton	 	8	0.48795	0.09691	1		
3	http://dbpedia.org/ontology/producer;http://www.wikidata.org/entity/P162c;http://rdf.freebase.com/ns/film.film.produced_by	Jerry Bruckheimer	Jerry Bruckheimer	Tarak Ben Ammar	Tarak Ben Ammar	Tarak Ben Ammar	 	Arthur Freed	Arthur Freed	Arthur Freed	 	8	0.204124	0.09691	1		
1	http://dbpedia.org/ontology/starring;http://www.wikidata.org/entity/P161c;http://rdf.freebase.com/ns/film.film.starring	Brenton Thwaites; Chow Yun-Fat	Johnny Depp	Damien Thomas; Walter Matthau	Charlotte Lewis; Cris Campion	Charlotte Lewis; Cris Campion	 	Gene Kelly; Judy Garland	Gene Kelly; George Zucco	Fayard Nicholas; George Zucco	 	8	0.565445	0.09691	1		
0	http://dbpedia.org/ontology/thumbnail	http://commons.wikimedia.org/wiki/Special:FilePath/JohnnyDeppByArnoldWells2011.jpg?width=300	 	 	 	 	 	 	 	 	 	1	0.57735	1	1		
0	http://dbpedia.org/ontology/wikiPageExternalLink	http://pirates.disney.com/pirates-of-the-caribbean-dead-mans-chest	 	http://yachts.monacoeye.com/pages/neptune001.html	 	 	 	http://www.love-and-learning.info/The%20Pirate.htm	 	 	 	3	0.816497	0.522879	1		
2	http://dbpedia.org/ontology/wikiPageID;http://rdf.freebase.com/key/wikipedia.en_id	8770750	 	3297470	3297470	 	 	2853895	2853895	 	 	5	0.516398	0.30103	1		
0	http://dbpedia.org/ontology/wikiPageLength	61470	 	10696	 	 	 	9941	 	 	 	3	0.816497	0.522879	1		
0	http://dbpedia.org/ontology/wikiPageOutDegree	354	 	79	 	 	 	68	 	 	 	3	0.816497	0.522879	1		
0	http://dbpedia.org/ontology/wikiPageRevisionID	744812108	 	727245104	 	 	 	740724753	 	 	 	3	0.816497	0.522879	1		
2	http://dbpedia.org/ontology/writer;http://rdf.freebase.com/ns/film.film.written_by;http://www.wikidata.org/entity/P58c;http://rdf.freebase.com/ns/film.film.story_by	Jeff Nathanson; Ted Elliott (screenwriter)	 	Gérard Brach; John Brownjohn	Gérard Brach; John Brownjohn	Gérard Brach; Roman Polanski	 	Albert Hackett; Frances Goodrich	Albert Hackett; Frances Goodrich	Albert Hackett; Frances Goodrich	 	7	0.408248	0.154902	1		
1	http://purl.org/dc/terms/subject;http://www.wikidata.org/entity/P921c	18th century in fiction; Films based on theme-park attractions	 	Adventure comedy films; English-language films	 	piracy	 	1940s musical films; Films based on plays	 	piracy	 	5	0.784465	0.30103	1		
0	http://www.w3.org/1999/02/22-rdf-syntax-ns#type;http://www.wikidata.org/entity/P31c	CreativeWork; http://dbpedia.org/ontology/Wikidata:Q11424	film series	CreativeWork; http://dbpedia.org/ontology/Wikidata:Q11424	Award-Nominated Work; Film with tall ships	film	wikicat Adventure comedy films; wikicat English-language films	CreativeWork; http://dbpedia.org/ontology/Wikidata:Q11424	Award-Nominated Work; Netflix Title	film	wikicat American musical films; wikicat Films based on plays	10	0.469111	0	1		
2	http://www.w3.org/2000/01/rdf-schema#comment;http://rdf.freebase.com/ns/common.topic.description	Pirates of the Caribbean is a series of fantasy swashbuckler films produced by Jerry Bruckheimer and	 	Pirates is a 1986 Franco-Tunisian adventure comedy film written by Gérard Brach, John Brownjohn, and	Pirates is a 1986 Franco-Tunisian adventure comedy film written by Gérard Brach, John Brownjohn, and	 	 	The Pirate is a 1948 American musical film produced by Metro-Goldwyn-Mayer. With songs by Cole Porte	The Pirate is a 1948 American Technicolor musical feature film from Metro-Goldwyn-Mayer. With songs 	 	 	5	0.68313	0.30103	1		
2	http://www.w3.org/2000/01/rdf-schema#label	Pirates of the Caribbean (film series)	Pirates of the Caribbean	Pirates (1986 film)	Pirates	Pirates	Pirates (1986 film)	The Pirate	The Pirate	The Pirate	The Pirate	10	0.348155	0	1		
0	http://www.w3.org/2002/07/owl#sameAs	Pirates of the Caribbean	 	 	 	 	 	 	 	 	 	1	0.57735	1	0		
0	http://www.w3.org/ns/prov#wasDerivedFrom	http://en.wikipedia.org/wiki/Pirates_of_the_Caribbean_(film_series)?oldid=744812108	 	http://en.wikipedia.org/wiki/Pirates_(1986_film)?oldid=727245104	 	 	 	http://en.wikipedia.org/wiki/The_Pirate?oldid=740724753	 	 	 	3	0.816497	0.522879	1		
0	http://xmlns.com/foaf/0.1/depiction	http://commons.wikimedia.org/wiki/Special:FilePath/JohnnyDeppByArnoldWells2011.jpg	 	 	 	 	 	 	 	 	 	1	0.57735	1	1		
0	http://xmlns.com/foaf/0.1/homepage;http://www.wikidata.org/entity/P856c	http://pirates.disney.com/pirates-of-the-caribbean-dead-mans-chest	http://pirates.disney.com/pirates-of-the-caribbean-dead-mans-chest	 	 	 	 	 	 	 	 	2	0.57735	0.69897	1		
1	http://xmlns.com/foaf/0.1/isPrimaryTopicOf;http://rdf.freebase.com/ns/common.topic.topic_equivalent_webpage	http://en.wikipedia.org/wiki/Pirates_of_the_Caribbean_(film_series)	 	http://en.wikipedia.org/wiki/Pirates_(1986_film)	http://de.wikipedia.org/wiki/index.html?curid=1792869; http://www.imdb.com/title/tt0091757/	 	 	http://en.wikipedia.org/wiki/The_Pirate	http://de.wikipedia.org/wiki/Der_Pirat_(Film); http://www.rottentomatoes.com/m/pirate/	 	 	5	0.797724	0.30103	1		
0	http://xmlns.com/foaf/0.1/name	Pirates of the Caribbean	 	Pirates	 	 	 	The Pirate	 	 	 	3	0.816497	0.522879	1		
2	http://schema.org/description;http://rdf.freebase.com/ns/common.topic.article	 	series of fantasy adventure films	 	Pirates is a 1986 adventure-comedy film written by Gérard Brach, John Brownjohn, and Roman Polanski 	1986 Franco-Tunisian adventure comedy film	 	 	The Pirate is a 1948 American musical feature film from Metro-Goldwyn-Mayer. With songs by Cole Port	film	 	5	0.816497	0.30103	1		
1	http://www.wikidata.org/entity/P136c;http://rdf.freebase.com/ns/film.film.genre;http://rdf.freebase.com/ns/media_common.netflix_title.netflix_genres	 	action film	 	Adventure Film; Swashbuckler film	adventure film; swashbuckler film	 	 	Backstage Musical; Classic Movie Musicals	musical film	 	5	0.749269	0.30103	1		
0	http://www.wikidata.org/entity/P1434c	 	Pirates of the Caribbean	 	 	 	 	 	 	 	 	1	0.57735	1	1		
0	http://www.wikidata.org/entity/P2530c	 	piratesofthecaribbean	 	 	 	 	 	 	 	 	1	0.57735	1	1		
0	http://www.wikidata.org/entity/P361c	 	Pirates of the Caribbean	 	 	 	 	 	 	 	 	1	0.57735	1	1		
0	http://www.wikidata.org/entity/P364c;http://rdf.freebase.com/ns/film.film.language	 	English	 	English Language	Spanish	 	 	English Language	English	 	5	0.471405	0.30103	1		
1	http://www.wikidata.org/entity/P373c	 	Pirates of the Caribbean	 	 	Pirates (movie)	 	 	 	The Pirate	 	3	0.816497	0.522879	1		
0	http://www.wikidata.org/entity/P462c	 	color	 	 	 	 	 	 	 	 	1	0.57735	1	1		
3	http://www.wikidata.org/entity/P495c;http://dbpedia.org/ontology/country;http://rdf.freebase.com/ns/film.film.country;http://yago-knowledge.org/resource/isLocatedIn	 	United States of America	Tunisia	Tunisia	United States of America	Tunisia	 	United States of America	United States of America	United States	8	0.174078	0.09691	1		
2	http://www.wikidata.org/entity/P577c;http://rdf.freebase.com/ns/film.film.initial_release_date;http://yago-knowledge.org/resource/wasCreatedOnDate	 	2003	 	1986/5/8	1986	1986/5/8	 	1948/3/27	1948	1948/5/20	7	0.723747	0.154902	1		
0	http://www.wikidata.org/entity/P646-freebase	 	Pirates of the Caribbean	 	 	Pirates	 	 	 	The Pirate	 	3	0.816497	0.522879	1		
0	http://www.wikidata.org/entity/P646c	 	/m/027j3vt	 	 	/m/0941q7	 	 	 	/m/086_5y	 	3	0.816497	0.522879	1		
0	http://www.wikidata.org/entity/P910c	 	Category:Pirates of the Caribbean	 	 	 	 	 	 	 	 	1	0.57735	1	1		
2	http://dbpedia.org/ontology/cinematography;http://rdf.freebase.com/ns/film.film.cinematography;http://www.wikidata.org/entity/P344c	 	 	Witold Sobocinski	Witold Sobociński	Witold Sobociński	 	Harry Stradling Sr.	Harry Stradling	Harry Stradling	 	6	0.57735	0.221849	1		
2	http://dbpedia.org/ontology/editing;http://rdf.freebase.com/ns/film.film.edited_by;http://www.wikidata.org/entity/P1040c	 	 	Hervé de Luze	Hervé de Luze; William H. Reynolds	Hervé de Luze	 	Blanche Sewell	Blanche Sewell	Blanche Sewell	 	6	0.308607	0.221849	1		
2	http://rdf.freebase.com/key/authority.imdb.title;http://rdf.freebase.com/ns/imdb.topic.title_id;http://www.wikidata.org/entity/P345c;http://dbpedia.org/ontology/imdbId	 	 	 	tt0091757	tt0091757	 	40694	tt0040694	tt0040694	 	5	0.308607	0.30103	1		
0	http://rdf.freebase.com/key/base.ranker.rankerurlname	 	 	 	pirates/1807011	 	 	 	the-pirate/2213898	 	 	2	0.816497	0.69897	1		
0	http://rdf.freebase.com/key/en	 	 	 	pirates	 	 	 	the_pirate	 	 	2	0.816497	0.69897	1		
2	http://rdf.freebase.com/key/source.allocine.fr.film;http://www.wikidata.org/entity/P1265c;http://rdf.freebase.com/key/source.allocine.ca.film;http://rdf.freebase.com/key/source.screenrush.films	 	 	 	1764	1764	 	 	3505	3505	 	4	0	0.39794	1		
0	http://rdf.freebase.com/key/source.cineseoul.cinemaid	 	 	 	17049	 	 	 	31078	 	 	2	0.816497	0.69897	1		
0	http://rdf.freebase.com/key/source.daum.movieid	 	 	 	31985	 	 	 	45208	 	 	2	0.816497	0.69897	1		
0	http://rdf.freebase.com/key/source.movist.mid	 	 	 	2690	 	 	 	 	 	 	1	0.57735	1	1		
0	http://rdf.freebase.com/key/source.nate.cinema_id	 	 	 	17049	 	 	 	31078	 	 	2	0.816497	0.69897	1		
0	http://rdf.freebase.com/key/user.avh.ellerdale	 	 	 	009f-5c66	 	 	 	 	 	 	1	0.57735	1	1		
0	http://rdf.freebase.com/key/wikipedia.en	 	 	 	Pirates_(1986_film)	 	 	 	Love_of_My_Life_(Judy_Garland_song)	 	 	2	0.816497	0.69897	1		
0	http://rdf.freebase.com/key/wikipedia.en_title	 	 	 	Pirates_(1986_film)	 	 	 	The_Pirate	 	 	2	0.816497	0.69897	1		
0	http://rdf.freebase.com/ns/award.award_nominated_work.award_nominations	 	 	 	Academy Award for Best Costume Design; César Award for Best Production Design	 	 	 	Academy Award for Best Original Musical; Satellite Award for Best Classic DVD	 	 	2	0.816497	0.69897	1		
0	http://rdf.freebase.com/ns/award.award_winning_work.awards_won	 	 	 	César Award for Best Production Design	 	 	 	 	 	 	1	0.816497	1	1		
0	http://rdf.freebase.com/ns/base.tallships.film_with_tall_ships.tall_ships	 	 	 	Neptune	 	 	 	 	 	 	1	0.57735	1	1		
0	http://rdf.freebase.com/ns/common.topic.notable_for	 	 	 	Comedy Film	 	 	 	Musical Film	 	 	2	0.816497	0.69897	1		
0	http://rdf.freebase.com/ns/common.topic.notable_types	 	 	 	Award-Winning Work	 	 	 	Film	 	 	2	0.816497	0.69897	1		
0	http://rdf.freebase.com/ns/film.film.costume_design_by	 	 	 	Anthony Powell	 	 	 	Barbara Karinska	 	 	2	0.816497	0.69897	1		
0	http://rdf.freebase.com/ns/film.film.executive_produced_by	 	 	 	Thom Mount	 	 	 	 	 	 	1	0.57735	1	1		
0	http://rdf.freebase.com/ns/film.film.featured_film_locations	 	 	 	Seychelles; Tunisia	 	 	 	 	 	 	1	0.816497	1	1		
0	http://rdf.freebase.com/ns/film.film.film_casting_director	 	 	 	Dominique Besnehard; Mary Selway	 	 	 	 	 	 	1	0.816497	1	1		
0	http://rdf.freebase.com/ns/film.film.film_festivals	 	 	 	1986 Cannes Film Festival	 	 	 	 	 	 	1	0.57735	1	1		
0	http://rdf.freebase.com/ns/film.film.film_production_design_by	 	 	 	Pierre Guffroy	 	 	 	 	 	 	1	0.57735	1	1		
0	http://rdf.freebase.com/ns/film.film.film_set_decoration_by	 	 	 	Bruno Cesari	 	 	 	Edwin B. Willis	 	 	2	0.816497	0.69897	1		
0	http://rdf.freebase.com/ns/film.film.release_date_s	 	 	 	1986/7/18	 	 	 	1948-06-11; 2007-07-24	 	 	2	0.816497	0.69897	1		
0	http://rdf.freebase.com/ns/film.film.subjects	 	 	 	Piracy	 	 	 	Piracy	 	 	2	0.57735	0.69897	1		
0	http://rdf.freebase.com/ns/kg.object_profile.prominent_type	 	 	 	Award-Winning Work	 	 	 	Film	 	 	2	0.816497	0.69897	1		
0	http://rdf.freebase.com/ns/type.object.key	 	 	 	/authority/imdb/title/tt0091757; /source/movist/mid/2690	 	 	 	/authority/imdb/title/tt0040694; /wikipedia/ja_title/踊る海賊	 	 	2	0.816497	0.69897	1		
0	http://rdf.freebase.com/ns/type.object.name	 	 	 	Pirates	 	 	 	The Pirate	 	 	2	0.816497	0.69897	1		
0	http://rdf.freebase.com/ns/type.object.type	 	 	 	Award-Nominated Work; Film with tall ships	 	 	 	Award-Nominated Work; Netflix Title	 	 	2	0.465475	0.69897	1		
0	http://rdf.freebase.com/ns/user.avh.default_domain.ellerdale_topic.ellerdale_id	 	 	 	009f-5c66	 	 	 	 	 	 	1	0.57735	1	1		
0	http://www.wikidata.org/entity/P1237c	 	 	 	 	pirates	 	 	 	pirate	 	2	0.816497	0.69897	1		
0	http://www.wikidata.org/entity/P1562c	 	 	 	 	v38224	 	 	 	v38220	 	2	0.816497	0.69897	1		
0	http://www.wikidata.org/entity/P1804c	 	 	 	 	5562	 	 	 	 	 	1	0.57735	1	1		
0	http://www.wikidata.org/entity/P18c	 	 	 	 	http://commons.wikimedia.org/wiki/File:Pirates,_Roman_Polanski,_boat_Genova.jpg	 	 	 	 	 	1	0.57735	1	1		
0	http://www.wikidata.org/entity/P1970c	 	 	 	 	4534	 	 	 	9444	 	2	0.816497	0.69897	1		
0	http://www.wikidata.org/entity/P214c	 	 	 	 	269182858	 	 	 	 	 	1	0.57735	1	1		
0	http://www.wikidata.org/entity/P227c	 	 	 	 	4316807-3	 	 	 	 	 	1	0.57735	1	1		
0	http://www.wikidata.org/entity/P2465c	 	 	 	 	21677	 	 	 	3745	 	2	0.816497	0.69897	1		
0	http://www.wikidata.org/entity/P2554c	 	 	 	 	Pierre Guffroy	 	 	 	Cedric Gibbons	 	2	0.816497	0.69897	1		
0	http://www.wikidata.org/entity/P268c	 	 	 	 	16461278n	 	 	 	 	 	1	0.57735	1	1		
0	http://www.wikidata.org/entity/P915c	 	 	 	 	Malta	 	 	 	 	 	1	0.57735	1	1		
0	http://www.w3.org/2004/02/skos/core#prefLabel	 	 	 	 	 	Pirates (1986 film)	 	 	 	The Pirate	2	0.816497	0.69897	1		
0	http://yago-knowledge.org/resource/hasCitationTitle	 	 	 	 	 	Festival de Cannes: Pirates	 	 	 	The Eddie Mannix Ledger	2	0.816497	0.69897	1		
0	http://yago-knowledge.org/resource/hasWikipediaAnchorText	 	 	 	 	 	1986 Cannes Film Festival; Academy Award	 	 	 	The Cinematic Voyage of The Pirate: Kelly, Garland, and Minnelli at Work (A book with the complete	2	0.816497	0.69897	1		
0	http://yago-knowledge.org/resource/hasWikipediaArticleLength	 	 	 	 	 	8255	 	 	 	8674	2	0.816497	0.69897	1		
0	http://yago-knowledge.org/resource/hasWikipediaUrl	 	 	 	 	 	http://en.wikipedia.org/wiki/Pirates_%281986_film%29	 	 	 	http://en.wikipedia.org/wiki/The_Pirate	2	0.816497	0.69897	1		
0	http://yago-knowledge.org/resource/linksTo	 	 	 	 	 	Philippe Sarde; 1986 Cannes Film Festival	 	 	 	1948 in film; Albert Hackett	2	0.816497	0.69897	1		
0	http://rdf.freebase.com/key/authority.netflix.api	 	 	 	 	 	 	 	http://api.netflix.com/catalog/titles/movies/60011297	 	 	1	0.57735	1	1		
1	http://rdf.freebase.com/key/authority.netflix.movie;http://rdf.freebase.com/ns/film.film.netflix_id;http://www.wikidata.org/entity/P1874c	 	 	 	 	 	 	 	60011297	60011297	 	2	0.57735	0.69897	1		
0	http://rdf.freebase.com/key/authority.netflix.tiny	 	 	 	 	 	 	 	ApOFN	 	 	1	0.57735	1	1		
0	http://rdf.freebase.com/key/source.cine21.movie	 	 	 	 	 	 	 	9794	 	 	1	0.57735	1	1		
0	http://rdf.freebase.com/key/source.entertainmentweekly.mediaproduct	 	 	 	 	 	 	 	DVDThePirate	 	 	1	0.57735	1	1		
0	http://rdf.freebase.com/key/source.filmstarts.kritiken	 	 	 	 	 	 	 	3505	 	 	1	0.57735	1	1		
0	http://rdf.freebase.com/key/source.rottentomatoes.movie	 	 	 	 	 	 	 	pirate	 	 	1	0.57735	1	1		
0	http://rdf.freebase.com/key/source.sensacine.peliculas	 	 	 	 	 	 	 	3505	 	 	1	0.57735	1	1		
0	http://rdf.freebase.com/ns/award.ranked_item.appears_in_ranked_lists	 	 	 	 	 	 	 	http://rdf.freebase.com/ns/m.0bsl4bq	 	 	1	0.57735	1	1		
0	http://rdf.freebase.com/ns/base.schemastaging.context_name.pronunciation	 	 	 	 	 	 	 	http://rdf.freebase.com/ns/g.125_kvbl7	 	 	1	0.57735	1	1		
0	http://rdf.freebase.com/ns/common.topic.webpage	 	 	 	 	 	 	 	http://rdf.freebase.com/ns/m.0cj8z1g	 	 	1	0.816497	1	1		
0	http://rdf.freebase.com/ns/film.film.estimated_budget	 	 	 	 	 	 	 	3700000	 	 	1	0.57735	1	1		
0	http://rdf.freebase.com/ns/film.film.film_art_direction_by	 	 	 	 	 	 	 	Cedric Gibbons; Jack Martin Smith	 	 	1	0.816497	1	1		
0	http://rdf.freebase.com/ns/film.film.production_companies;http://www.wikidata.org/entity/P272c	 	 	 	 	 	 	 	Metro-Goldwyn-Mayer	Metro-Goldwyn-Mayer	 	2	0.57735	0.69897	1		
0	http://rdf.freebase.com/ns/film.film.rottentomatoes_id	 	 	 	 	 	 	 	pirate	 	 	1	0.57735	1	1		
0	http://rdf.freebase.com/ns/film.film.tagline	 	 	 	 	 	 	 	The great MGM musical romance.	 	 	1	0.57735	1	1		
0	http://www.w3.org/2004/02/skos/core#altLabel	 	 	 	 	 	 	 	 	'' The Pirate ''	 	1	0.57735	1	1		
0	http://www.wikidata.org/entity/P1476c	 	 	 	 	 	 	 	 	The Pirate	 	1	0.57735	1	1		
0	http://www.wikidata.org/entity/P2508c	 	 	 	 	 	 	 	 	1457	 	1	0.57735	1	1		
0	http://www.wikidata.org/entity/P2631c	 	 	 	 	 	 	 	 	374	 	1	0.57735	1	1		
0	http://yago-knowledge.org/resource/hasDuration	 	 	 	 	 	 	 	 	 	6120	1	0.57735	1	1		
0	http://yago-knowledge.org/resource/redirectedFrom	 	 	 	 	 	 	 	 	 	Love of My Life (Judy Garland song)	1	0.816497	1	1		
