score	dataset	dbpedia	freebase	wikidata	dbpedia	freebase	wikidata	dbpedia	wikidata	freebase	wikidata						
	entity	http://dbpedia.org/resource/Ice_Age:_Continental_Drift	http://rdf.freebase.com/ns/m.0fpgp26	http://www.wikidata.org/entity/Q35951	http://dbpedia.org/resource/Ice_Age:_The_Meltdown	http://rdf.freebase.com/ns/m.0729rh	http://www.wikidata.org/entity/Q190910	http://dbpedia.org/resource/Ice_Age:_Collision_Course	http://www.wikidata.org/entity/Q15965953	http://rdf.freebase.com/ns/m.06w839_	http://www.wikidata.org/entity/Q305250						
3	http://dbpedia.org/ontology/Work/runtime;http://dbpedia.org/ontology/runtime;http://rdf.freebase.com/ns/film.film.runtime;http://www.wikidata.org/entity/P2047c	88	88	84	91	90	86	94	100	81	81	10	0.730297	0	1		
0	http://dbpedia.org/ontology/abstract	Ice Age: Continental Drift is a 2012 American 3D computer-animated comedy adventure film directed by	 	 	Ice Age: The Meltdown (also known as Ice Age 2: The Meltdown or simply as Ice Age 2) is a 2006 Ameri	 	 	Ice Age: Collision Course is a 2016 American 3D computer-animated comedy adventure film produced by 	 	 	 	3	0.816497	0.522879	1		
0	http://dbpedia.org/ontology/budget	95000000	 	 	80000000	 	 	105000000	 	 	 	3	0.816497	0.522879	1		
3	http://dbpedia.org/ontology/director;http://rdf.freebase.com/ns/film.film.directed_by;http://www.wikidata.org/entity/P57c	Michael Thurmeier; Steve Martino	Mike Thurmeier; Steve Martino	Mike Thurmeier	Carlos Saldanha	Carlos Saldanha	Carlos Saldanha	Mike Thurmeier	Galen T. Chu; Mike Thurmeier	Carlos Saldanha; Chris Wedge	Carlos Saldanha; Chris Wedge	10	0.258199	0	1		
0	http://dbpedia.org/ontology/distributor;http://rdf.freebase.com/ns/film.film.distributors;http://www.wikidata.org/entity/P750c	20th Century Fox	Twentieth Century Fox Film Corp	 	20th Century Fox	DreamWorks Studios; Twentieth Century Fox Film Corp	 	20th Century Fox	20th Century Fox	Twentieth Century Fox Film Corp	 	7	0.348155	0.154902	1		
3	http://dbpedia.org/ontology/editing;http://rdf.freebase.com/ns/film.film.edited_by;http://www.wikidata.org/entity/P1040c	David Ian Salter; James Palumbo	David Ian Salter; James Palumbo	James Palumbo	 	Harry Hitner	 	James Palumbo	James Palumbo	John Carnochan	John Carnochan	8	0.258199	0.09691	1		
0	http://dbpedia.org/ontology/gross	877000000	 	 	660900000	 	 	403400000	 	 	 	3	0.816497	0.522879	1		
3	http://dbpedia.org/ontology/musicComposer;http://rdf.freebase.com/ns/film.film.music;http://www.wikidata.org/entity/P86c	John Powell (composer)	John Powell	John Powell	John Powell (composer)	John Powell; Will Edwards	John Powell	John Debney	Mark Mothersbaugh	David Newman	David Newman	10	0.460566	0	1		
3	http://dbpedia.org/ontology/starring;http://rdf.freebase.com/ns/film.film.starring;http://www.wikidata.org/entity/P161c	Drake (entertainer); Jennifer Lopez	Aimée Castle; Kunal Nayyar	Alain Chabat; Aziz Ansari	Denis Leary; John Leguizamo	Jess Harnell; Alex Sullivan	Chris Wedge; Denis Leary	Jennifer Lopez; John Leguizamo	Chris Wedge; John Leguizamo	Alan Tudyk; Denny Dillon	Alan Tudyk; Denny Dillon	10	0.510572	0	1		
0	http://dbpedia.org/ontology/wikiPageExternalLink	http://www.iceagemovie.com/	 	 	http://www.eurocom.co.uk/index.php/video-games/ice-age-2-the-meltdown; http://www.iceage2game.com/us	 	 	http://www.iceagemovie.com	 	 	 	3	0.816497	0.522879	1		
2	http://dbpedia.org/ontology/wikiPageID;http://rdf.freebase.com/key/wikipedia.en_id	29609480	29609480	 	2303174	2303174	 	47460310	 	34044456	 	6	0.57735	0.221849	1		
0	http://dbpedia.org/ontology/wikiPageLength	34956	 	 	21974	 	 	33040	 	 	 	3	0.816497	0.522879	1		
0	http://dbpedia.org/ontology/wikiPageOutDegree	191	 	 	161	 	 	173	 	 	 	3	0.816497	0.522879	1		
0	http://dbpedia.org/ontology/wikiPageRevisionID	744457219	 	 	742599510	 	 	744669894	 	 	 	3	0.816497	0.522879	1		
2	http://dbpedia.org/ontology/writer;http://rdf.freebase.com/ns/film.film.story_by;http://rdf.freebase.com/ns/film.film.written_by;http://www.wikidata.org/entity/P58c	Jason Fuchs	Jason Fuchs; Lori Forte	Jason Fuchs; Michael Berg	 	Gerry Swallow; Jim Hecht	 	 	 	Doug Compton; Galen T. Chu	 	5	0.550482	0.30103	1		
1	http://purl.org/dc/terms/subject;http://www.wikidata.org/entity/P921c	2012 American animated films; 20th Century Fox animated films	 	piracy	2000s American animated films; 2006 computer-animated films	 	 	20th Century Fox films; American science fiction films	 	 	 	4	0.623045	0.39794	1		
0	http://www.w3.org/1999/02/22-rdf-syntax-ns#type;http://www.wikidata.org/entity/P31c	CreativeWork; http://dbpedia.org/ontology/Wikidata:Q11424	Award-Nominated Work; Netflix Title	animated film	CreativeWork; http://dbpedia.org/ontology/Wikidata:Q11424	Award-Nominated Work; Netflix Title	animated film	CreativeWork; http://dbpedia.org/ontology/Wikidata:Q11424	animated film	Award-Nominated Work; Netflix Title	animated film	10	0.233762	0	1		
2	http://www.w3.org/2000/01/rdf-schema#comment;http://rdf.freebase.com/ns/common.topic.description	Ice Age: Continental Drift is a 2012 American 3D computer-animated comedy adventure film directed by	Ice Age: Continental Drift is a 2012 American 3D computer-animated comedy adventure film directed by	 	Ice Age: The Meltdown (also known as Ice Age 2: The Meltdown or simply as Ice Age 2) is a 2006 Ameri	Ice Age: The Meltdown is a 2006 American computer-animated comedy adventure film and a sequel to the	 	Ice Age: Collision Course is a 2016 American 3D computer-animated comedy adventure film produced by 	 	Ice Age is a 2002 American computer-animated comedy adventure film directed by Carlos Saldanha and C	 	6	0.707107	0.221849	1		
2	http://www.w3.org/2000/01/rdf-schema#label	Ice Age: Continental Drift	Ice Age: Continental Drift	Ice Age: Continental Drift	Ice Age: The Meltdown	Ice Age: The Meltdown	Ice Age: The Meltdown	Ice Age: Collision Course	Ice Age: Collision Course	Ice Age	Ice Age	10	0.258199	0	1		
0	http://www.w3.org/2000/01/rdf-schema#seeAlso	List of Ice Age characters	 	 	 	 	 	 	 	 	 	1	0.57735	1	1		
0	http://www.w3.org/2002/07/owl#sameAs	 	 	 	 	 	 	 	 	 	 	0	NaN	Infinity	0		
0	http://www.w3.org/ns/prov#wasDerivedFrom	http://en.wikipedia.org/wiki/Ice_Age:_Continental_Drift?oldid=744457219	 	 	http://en.wikipedia.org/wiki/Ice_Age:_The_Meltdown?oldid=742599510	 	 	http://en.wikipedia.org/wiki/Ice_Age:_Collision_Course?oldid=744669894	 	 	 	3	0.816497	0.522879	1		
3	http://xmlns.com/foaf/0.1/homepage;http://rdf.freebase.com/ns/common.topic.official_website;http://www.wikidata.org/entity/P856c	http://www.iceagemovie.com/	http://www.iceagemovies.com/us/	http://www.iceagemovie.com/	http://www.iceage2game.com/us/	http://www.iceage2dvd.com/main.html	http://www.iceage2dvd.com/main.html	http://www.iceagemovie.com	http://www.iceagemovies.com/films/ice-age-collision-course	http://www.iceagemovie.com/	http://www.iceagemovie.com/	10	0.516398	0	1		
1	http://xmlns.com/foaf/0.1/isPrimaryTopicOf;http://rdf.freebase.com/ns/common.topic.topic_equivalent_webpage	http://en.wikipedia.org/wiki/Ice_Age:_Continental_Drift	http://ar.wikipedia.org/wiki/%27%44%39%35%31_%27%44%2C%44%4A%2F%4A:_%2A%28%27%39%2F_%27%44%42%27%31%	 	http://en.wikipedia.org/wiki/Ice_Age:_The_Meltdown	http://ar.wikipedia.org/wiki/%27%44%39%35%31_%27%44%2C%44%4A%2F%4A:_%27%44%30%48%28%27%46; http://ww	 	http://en.wikipedia.org/wiki/Ice_Age:_Collision_Course	 	http://ar.wikipedia.org/wiki/%27%44%39%35%31_%27%44%2C%44%4A%2F%4A_(%41%4A%44%45); http://www.rotten	 	6	0.809055	0.221849	1		
0	http://xmlns.com/foaf/0.1/name	Ice Age: Continental Drift	 	 	Ice Age: The Meltdown	 	 	Ice Age: Collision Course	 	 	 	3	0.816497	0.522879	1		
3	http://rdf.freebase.com/key/authority.imdb.title;http://rdf.freebase.com/ns/imdb.topic.title_id;http://www.wikidata.org/entity/P345c	 	tt1667889	tt1667889	 	tt0438097	tt0438097	 	tt3416828	tt0268380	tt0268380	7	0.258199	0.154902	1		
1	http://rdf.freebase.com/key/authority.netflix.api	 	http://api.netflix.com/catalog/titles/movies/70171580	 	 	http://api.netflix.com/catalog/titles/movies/70038134	 	 	 	http://api.netflix.com/catalog/titles/movies/60022702	 	3	0.816497	0.522879	1		
2	http://rdf.freebase.com/key/authority.netflix.movie;http://rdf.freebase.com/ns/film.film.netflix_id;http://www.wikidata.org/entity/P1874c	 	70171580	70171580	 	70038134	70038134	 	 	60022702	 	5	0.258199	0.30103	1		
1	http://rdf.freebase.com/key/authority.netflix.tiny	 	BW1Ou	 	 	BVSgY	 	 	 	ApRDK	 	3	0.816497	0.522879	1		
1	http://rdf.freebase.com/key/base.ranker.rankerurlname	 	ice-age-continental-drift/62795086	 	 	ice-age-the-meltdown/1206302	 	 	 	ice-age/160774	 	3	0.816497	0.522879	1		
3	http://rdf.freebase.com/key/source.allocine.ca.film;http://rdf.freebase.com/key/source.allocine.fr.film;http://rdf.freebase.com/key/source.screenrush.films;http://www.wikidata.org/entity/P1265c	 	181059	181059	 	60180	60180	 	226078	35784	35784	7	0.160128	0.154902	1		
1	http://rdf.freebase.com/key/source.filmstarts.kritiken	 	102624-Ice-Age-4-Th4w	 	 	38802-Ice-Age-2	 	 	 	35656-Ice-Age	 	3	0.816497	0.522879	1		
1	http://rdf.freebase.com/key/source.showtimes.intl.movie	 	0x1e11b6e34f974d99	 	 	0x63d86d4869b339c3	 	 	 	0xb31331b548fdc0dd	 	3	0.816497	0.522879	1		
1	http://rdf.freebase.com/key/wikipedia.en	 	Ice_Age:_Continental_Drift/redirects; Ice_Age:_Continental_Drift_(2012)	 	 	Ice_Age_2:_The_Meltdown_(film)	 	 	 	Ice_Age_(2002_film)	 	3	0.816497	0.522879	1		
1	http://rdf.freebase.com/key/wikipedia.en_title	 	Ice_Age:_Continental_Drift	 	 	Ice_Age:_The_Meltdown	 	 	 	Ice_Age_(2002_film)	 	3	0.816497	0.522879	1		
0	http://rdf.freebase.com/ns/award.award_nominated_work.award_nominations	 	Blimp Award for Favorite Animated Movie; Satellite Award for Best Animated or Mixed Media Feature	 	 	Kids' Choice Awards for Favorite Voice from an Animated Movie; People's Choice Award for Favorite Fa	 	 	 	Academy Award for Best Animated Feature Film; Critics' Choice Movie Award for Best Animated Feature	 	3	0.540062	0.522879	1		
0	http://rdf.freebase.com/ns/common.topic.alias	 	A Era do Gelo 4: Deriva Continental; Ice Age 4 - Voll verschoben	 	 	Ice Age 2 - Jetzt taut's; Ice Age 2 - Jäätikkö sulaa	 	 	 	Epoka lodowcowa; I epohi ton pagetonon	 	3	0.816497	0.522879	1		
2	http://rdf.freebase.com/ns/common.topic.article;http://schema.org/description	 	Ice Age: Continental Drift (also known as Ice Age 4: Continental Drift or simply Ice Age 4) is an up	2012 film	 	Ice Age: The Meltdown (also known as Ice Age 2: The Meltdown or simply as Ice Age 2) is a 2006 Ameri	2006 film	 	2016 American 3D computer-animated family adventure film	Ice Age is a 2002 American computer-animated adventure comedy film created by Blue Sky Studios and r	2002 animated film	7	0.816497	0.154902	1		
0	http://rdf.freebase.com/ns/common.topic.notable_for	 	Animation Film	 	 	Children's/Family Film	 	 	 	Animation Film	 	3	0.57735	0.522879	1		
0	http://rdf.freebase.com/ns/common.topic.notable_types	 	Film	 	 	Award-Winning Work	 	 	 	Film	 	3	0.57735	0.522879	1		
0	http://rdf.freebase.com/ns/common.topic.webpage	 	http://rdf.freebase.com/ns/m.0gbw94s	 	 	''Ice Age 2'' snows the competition; ''Ice'' floats to the top again	 	 	 	''Blade 2'' is the weekend's surprise winner; A sneak peek at Fox's ''Ice Age''	 	3	0.791368	0.522879	1		
0	http://rdf.freebase.com/ns/film.film.cinematography	 	Renato Falcão	 	 	Craig Anthony Grasso	 	 	 	 	 	2	0.816497	0.69897	1		
2	http://rdf.freebase.com/ns/film.film.country;http://www.wikidata.org/entity/P495c;http://dbpedia.org/ontology/country	 	United States of America	United States of America	United States	United States of America	United States of America	 	United States of America	United States of America	United States of America	8	0.288675	0.09691	1		
0	http://rdf.freebase.com/ns/film.film.dubbing_performances	 	http://rdf.freebase.com/ns/m.0w20rh3	 	 	http://rdf.freebase.com/ns/m.0vy4cpy	 	 	 	 	 	2	0.816497	0.69897	1		
0	http://rdf.freebase.com/ns/film.film.executive_produced_by	 	Carlos Saldanha; Chris Wedge	 	 	Christopher Meledandri	 	 	 	Christopher Meledandri	 	3	0.516398	0.522879	1		
0	http://rdf.freebase.com/ns/film.film.film_art_direction_by	 	Nash Dunnigan	 	 	 	 	 	 	 	 	1	0.57735	1	1		
0	http://rdf.freebase.com/ns/film.film.film_casting_director	 	Christian Kaplan	 	 	Christian Kaplan	 	 	 	 	 	2	0.57735	0.69897	1		
0	http://rdf.freebase.com/ns/film.film.film_series	 	Ice Age	 	 	Ice Age	 	 	 	Ice Age	 	3	0.57735	0.522879	1		
0	http://rdf.freebase.com/ns/film.film.film_set_decoration_by	 	Isaac Holze	 	 	 	 	 	 	 	 	1	0.57735	1	1		
1	http://rdf.freebase.com/ns/film.film.genre;http://rdf.freebase.com/ns/media_common.netflix_title.netflix_genres;http://www.wikidata.org/entity/P136c	 	Adventure Film	children's film	 	Children's Fantasy; Family Feature Animation	adventure game; children's film	 	 	Family Feature Animation; Movies/TV for ages 8 to 10	children's film	6	0.421076	0.221849	1		
2	http://rdf.freebase.com/ns/film.film.initial_release_date;http://www.wikidata.org/entity/P577c	 	2012/6/26	2012/6/27	 	2006/3/1	2006/12/6	 	2016	2002/3/12	2002	7	0.816497	0.154902	1		
0	http://rdf.freebase.com/ns/film.film.language;http://www.wikidata.org/entity/P364c	 	English Language	English	 	English Language	English	 	English	Croatian language; English Language	English	7	0.204124	0.154902	1		
0	http://rdf.freebase.com/ns/film.film.other_crew	 	http://rdf.freebase.com/ns/m.0gwh4x5	 	 	http://rdf.freebase.com/ns/m.0ct2csj	 	 	 	http://rdf.freebase.com/ns/m.0bdpf_3	 	3	0.816497	0.522879	1		
1	http://rdf.freebase.com/ns/film.film.prequel;http://www.wikidata.org/entity/P155c	 	Ice Age: Dawn of the Dinosaurs	Ice Age: Dawn of the Dinosaurs	 	Ice Age	 	 	 	 	 	3	0.57735	0.522879	1		
2	http://rdf.freebase.com/ns/film.film.produced_by;http://www.wikidata.org/entity/P162c	 	John C. Donkin; Lori Forte	Jason Fuchs; Michael Berg	 	Lori Forte	 	 	 	Lori Forte	Catherine Winder	5	0.617213	0.30103	1		
1	http://rdf.freebase.com/ns/film.film.production_companies;http://www.wikidata.org/entity/P272c	 	20th Century Fox Animation; Blue Sky Studios	20th Century Fox Animation; Blue Sky Studios	 	20th Century Fox Animation; Blue Sky Studios	20th Century Fox; Blue Sky Studios	 	 	Blue Sky Studios; Twentieth Century Fox Film Corp	Blue Sky Studios	6	0	0.221849	1		
0	http://rdf.freebase.com/ns/film.film.rating	 	PG (USA)	 	 	PG (USA)	 	 	 	PG (USA)	 	3	0.408248	0.522879	1		
1	http://rdf.freebase.com/ns/film.film.release_date_s	 	2012/6/26	 	 	2006/3/31	 	 	 	2002/3/12	 	3	0.816497	0.522879	1		
0	http://rdf.freebase.com/ns/film.film.rottentomatoes_id	 	ice_age_continental_drift_3d	 	 	 	 	 	 	ice_age	 	2	0.816497	0.69897	1		
0	http://rdf.freebase.com/ns/freebase.valuenotation.has_no_value	 	Costume design by	 	 	 	 	 	 	Prequel	 	2	0.816497	0.69897	1		
0	http://rdf.freebase.com/ns/freebase.valuenotation.is_reviewed	 	Directed by; Initial release date	 	 	 	 	 	 	Film Series	 	2	0.816497	0.69897	1		
0	http://rdf.freebase.com/ns/kg.object_profile.prominent_type	 	Film	 	 	Award-Winning Work	 	 	 	Film	 	3	0.57735	0.522879	1		
0	http://rdf.freebase.com/ns/type.object.key	 	/wikipedia/zh-cn/冰河世紀4：玩轉新大陸; /authority/imdb/title/tt1667889	 	 	/authority/imdb/title/tt0438097; /authority/youtube/title/xF2yxopwTw0	 	 	 	/authority/imdb/title/tt0268380; /wikipedia/pt/A_Era_do_Gelo_1	 	3	0.816497	0.522879	1		
0	http://rdf.freebase.com/ns/type.object.name	 	Ice Age: Continental Drift	 	 	Ice Age: The Meltdown	 	 	 	Ice Age	 	3	0.816497	0.522879	1		
0	http://rdf.freebase.com/ns/type.object.type	 	Award-Nominated Work; Netflix Title	 	 	Award-Nominated Work; Netflix Title	 	 	 	Award-Nominated Work; Netflix Title	 	3	0.109109	0.522879	1		
0	http://www.w3.org/2004/02/skos/core#altLabel	 	 	ice age 4:Continental Drift	 	 	 	 	Ice Age 5	 	 	2	0.816497	0.69897	1		
1	http://www.wikidata.org/entity/P1237c	 	 	iceage4	 	 	iceage2	 	iceage5	 	iceage	4	0.816497	0.39794	1		
1	http://www.wikidata.org/entity/P1258c	 	 	m/ice_age_continental_drift	 	 	m/ice_age_2	 	m/ice_age_collision_course	 	m/ice_age	4	0.816497	0.39794	1		
1	http://www.wikidata.org/entity/P1476c	 	 	Ice Age: Continental Drift	 	 	Ice Age: The Meltdown	 	Ice Age: Collision Course	 	Ice Age	4	0.816497	0.39794	1		
1	http://www.wikidata.org/entity/P1562c	 	 	v516738	 	 	v324948	 	v636846	 	v258954	4	0.816497	0.39794	1		
1	http://www.wikidata.org/entity/P1712c	 	 	movie/ice-age-continental-drift	 	 	movie/iceagethemeltdown	 	movie/ice-age-5	 	movie/ice-age	4	0.816497	0.39794	1		
1	http://www.wikidata.org/entity/P1804c	 	 	77880	 	 	47619	 	 	 	33276	3	0.816497	0.522879	1		
1	http://www.wikidata.org/entity/P18c	 	 	http://commons.wikimedia.org/wiki/File:Ice_Age_Continental_Drift_logo.svg	 	 	http://commons.wikimedia.org/wiki/File:Ice_Age_logo.svg	 	 	 	http://commons.wikimedia.org/wiki/File:Iceage-logo.svg	3	0.816497	0.522879	1		
1	http://www.wikidata.org/entity/P1970c	 	 	73212	 	 	31098	 	 	 	1409	3	0.816497	0.522879	1		
1	http://www.wikidata.org/entity/P2518c	 	 	8536	 	 	4567	 	 	 	1619	3	0.816497	0.522879	1		
1	http://www.wikidata.org/entity/P2529c	 	 	281739	 	 	205733	 	 	 	19838	3	0.816497	0.522879	1		
1	http://www.wikidata.org/entity/P462c	 	 	color	 	 	color	 	 	 	color	3	0.57735	0.522879	1		
0	http://www.wikidata.org/entity/P646-freebase	 	 	Ice Age: Continental Drift	 	 	Ice Age: The Meltdown	 	 	 	Ice Age	3	0.816497	0.522879	1		
0	http://www.wikidata.org/entity/P646c	 	 	/m/0fpgp26	 	 	/m/0729rh	 	 	 	/m/06w839_	3	0.816497	0.522879	1		
1	http://www.wikidata.org/entity/P905c	 	 	127114	 	 	75032	 	170781	 	43700	4	0.816497	0.39794	1		
0	http://rdf.freebase.com/key/authority.youtube.title	 	 	 	 	xF2yxopwTw0	 	 	 	 	 	1	0.57735	1	1		
0	http://rdf.freebase.com/key/en	 	 	 	 	ice_age_the_meltdown_2006	 	 	 	ice_age_2002	 	2	0.816497	0.69897	1		
0	http://rdf.freebase.com/key/source.cine21.movie	 	 	 	 	18487	 	 	 	5929	 	2	0.816497	0.69897	1		
0	http://rdf.freebase.com/key/source.cineseoul.cinemaid	 	 	 	 	35474	 	 	 	16078	 	2	0.816497	0.69897	1		
0	http://rdf.freebase.com/key/source.clicker.film	 	 	 	 	ice-age-the-meltdown	 	 	 	ice-age	 	2	0.816497	0.69897	1		
0	http://rdf.freebase.com/key/source.daum.movieid	 	 	 	 	41274	 	 	 	3615	 	2	0.816497	0.69897	1		
0	http://rdf.freebase.com/key/source.entertainmentweekly.mediaproduct	 	 	 	 	MovieIceAgeTheMeltdown	 	 	 	MovieIceAge	 	2	0.816497	0.69897	1		
0	http://rdf.freebase.com/key/source.maxmovie.m_id	 	 	 	 	M000033962	 	 	 	M000010525	 	2	0.816497	0.69897	1		
0	http://rdf.freebase.com/key/source.metacritic.movie	 	 	 	 	iceagethemeltdown	 	 	 	iceage	 	2	0.816497	0.69897	1		
0	http://rdf.freebase.com/key/source.movist.mid	 	 	 	 	22335	 	 	 	4327	 	2	0.816497	0.69897	1		
0	http://rdf.freebase.com/key/source.nate.cinema_id	 	 	 	 	35474	 	 	 	16078	 	2	0.816497	0.69897	1		
0	http://rdf.freebase.com/key/source.traileraddict.embed	 	 	 	 	878	 	 	 	3008	 	2	0.816497	0.69897	1		
0	http://rdf.freebase.com/key/source.traileraddict.movie	 	 	 	 	ice-age-meltdown	 	 	 	ice-age	 	2	0.816497	0.69897	1		
0	http://rdf.freebase.com/key/source.videosurf	 	 	 	 	77875	 	 	 	77874	 	2	0.816497	0.69897	1		
0	http://rdf.freebase.com/key/user.avh.ellerdale	 	 	 	 	009e-b30c	 	 	 	0080-1ecd	 	2	0.816497	0.69897	1		
0	http://rdf.freebase.com/ns/award.award_winning_work.awards_won	 	 	 	 	Kids' Choice Awards for Favorite Voice from an Animated Movie	 	 	 	 	 	1	0.57735	1	1		
0	http://rdf.freebase.com/ns/base.schemastaging.topic_extra.review_webpage	 	 	 	 	http://ae.charlotte.com/entertainment/ui/charlotte/movie.html?id=564233&reviewId=20428&startDate=NEX	 	 	 	http://ae.boston.com/movies/display?display=movie&id=1211; http://www.nytimes.com/2002/03/15/movies/	 	2	0.816497	0.69897	1		
0	http://rdf.freebase.com/ns/base.wfilmbase.film.w_id	 	 	 	 	http://rdf.freebase.com/ns/m.0599q8j	 	 	 	http://rdf.freebase.com/ns/m.0599v8v	 	2	0.816497	0.69897	1		
0	http://rdf.freebase.com/ns/common.topic.image	 	 	 	 	Ice Age: The Meltdown	 	 	 	ice.jpg	 	2	0.816497	0.69897	1		
0	http://rdf.freebase.com/ns/common.topic.topical_webpage	 	 	 	 	http://www.trickfilm-zeit.de/Film/17362/ICE-AGE-2/	 	 	 	http://www.trickfilm-zeit.de/Film/21644/ICE-AGE/	 	2	0.816497	0.69897	1		
0	http://rdf.freebase.com/ns/film.film.estimated_budget	 	 	 	 	80000000	 	 	 	60000000	 	2	0.816497	0.69897	1		
0	http://rdf.freebase.com/ns/film.film.film_production_design_by	 	 	 	 	Thomas Cardone	 	 	 	Brian McEntee	 	2	0.816497	0.69897	1		
0	http://rdf.freebase.com/ns/film.film.metacritic_id	 	 	 	 	iceagethemeltdown	 	 	 	iceage	 	2	0.816497	0.69897	1		
0	http://rdf.freebase.com/ns/film.film.sequel	 	 	 	 	Ice Age: Dawn of the Dinosaurs	 	 	 	Ice Age: The Meltdown	 	2	0.816497	0.69897	1		
0	http://rdf.freebase.com/ns/film.film.soundtrack	 	 	 	 	Ice Age: The Meltdown	 	 	 	Ice Age	 	2	0.816497	0.69897	1		
0	http://rdf.freebase.com/ns/film.film.tagline	 	 	 	 	Kiss Your Ice Goodbye	 	 	 	 	 	1	0.57735	1	1		
0	http://rdf.freebase.com/ns/film.film.traileraddict_id	 	 	 	 	ice-age-meltdown	 	 	 	ice-age	 	2	0.816497	0.69897	1		
0	http://rdf.freebase.com/ns/user.avh.default_domain.ellerdale_topic.ellerdale_id	 	 	 	 	009e-b30c	 	 	 	0080-1ecd	 	2	0.816497	0.69897	1		
0	http://rdf.freebase.com/ns/user.robert.default_domain.rated_film.ew_rating	 	 	 	 	77	 	 	 	77	 	2	0.57735	0.69897	1		
0	http://www.wikidata.org/entity/P123c	 	 	 	 	 	Sierra Entertainment	 	 	 	 	1	0.57735	1	1		
0	http://www.wikidata.org/entity/P178c	 	 	 	 	 	Vivendi Games	 	 	 	 	1	0.57735	1	1		
0	http://www.wikidata.org/entity/P2465c	 	 	 	 	 	324145	 	 	 	238839	2	0.816497	0.69897	1		
0	http://www.wikidata.org/entity/P2508c	 	 	 	 	 	37169	 	 	 	33578	2	0.816497	0.69897	1		
0	http://www.wikidata.org/entity/P400c	 	 	 	 	 	Game Boy Advance	 	 	 	 	1	0.57735	1	1		
0	http://www.wikidata.org/entity/P2970c	 	 	 	 	 	 	 	D1454000012PLXMQDD	 	 	1	0.57735	1	1		
0	http://www.wikidata.org/entity/P480c	 	 	 	 	 	 	 	999575	 	 	1	0.57735	1	1		
0	http://rdf.freebase.com/key/source.rottentomatoes.movie	 	 	 	 	 	 	 	 	ice_age	 	1	0.57735	1	1		
0	http://www.wikidata.org/entity/P214c	 	 	 	 	 	 	 	 	 	224411637	1	0.57735	1	1		
0	http://www.wikidata.org/entity/P227c	 	 	 	 	 	 	 	 	 	7519304-8	1	0.57735	1	1		
0	http://www.wikidata.org/entity/P2603c	 	 	 	 	 	 	 	 	 	707	1	0.57735	1	1		
0	http://www.wikidata.org/entity/P268c	 	 	 	 	 	 	 	 	 	16652572s	1	0.57735	1	1		
0	http://www.wikidata.org/entity/P910c	 	 	 	 	 	 	 	 	 	Category:Ice Age (franchise) films	1	0.57735	1	1		
