score	dataset	dbpedia	freebase	wikidata	yago-knowledge	dbpedia	freebase	yago-knowledge	dbpedia	freebase	wikidata						
	entity	http://dbpedia.org/resource/Gravity_(film)	http://rdf.freebase.com/ns/m.0g5rm7s	http://www.wikidata.org/entity/Q2579784	http://yago-knowledge.org/resource/Gravity_(film)	http://dbpedia.org/resource/Defying_Gravity_(TV_series)	http://rdf.freebase.com/ns/m.056_vc8	http://yago-knowledge.org/resource/Defying_Gravity_(TV_series)	http://dbpedia.org/resource/Gravity_(TV_series)	http://rdf.freebase.com/ns/m.09gds0j	http://www.wikidata.org/entity/Q1771276						
1	http://dbpedia.org/ontology/Work/runtime;http://dbpedia.org/ontology/runtime;http://rdf.freebase.com/ns/film.film.runtime;http://www.wikidata.org/entity/P2047c	91	91	91	 	 	 	 	30	 	 	4	0.707107	0.39794	1		
0	http://dbpedia.org/ontology/abstract	Gravity is a 2013 British-American science fiction action film co-written, co-edited, produced and d	 	 	 	Defying Gravity is a multi-nationally produced space travel television science fiction drama series 	 	 	Gravity is an American comedy-drama television series created by Jill Franklyn and Eric Schaeffer. I	 	 	3	0.816497	0.522879	1		
0	http://dbpedia.org/ontology/budget	100000000	 	 	 	 	 	 	 	 	 	1	0.57735	1	1		
1	http://dbpedia.org/ontology/cinematography;http://rdf.freebase.com/ns/film.film.cinematography;http://www.wikidata.org/entity/P344c	Emmanuel Lubezki	Emmanuel Lubezki	Emmanuel Lubezki; Michael Seresin	 	 	 	 	 	 	 	3	0.408248	0.522879	1		
2	http://dbpedia.org/ontology/country;http://rdf.freebase.com/ns/film.film.country;http://www.wikidata.org/entity/P495c;http://rdf.freebase.com/ns/tv.tv_program.country_of_origin;http://yago-knowledge.org/resource/isLocatedIn	United Kingdom	United States of America	United States of America	 	 	United States of America	United Kingdom; United States	 	United States of America	United States of America	7	0.204124	0.154902	1		
1	http://dbpedia.org/ontology/director;http://rdf.freebase.com/ns/film.film.directed_by;http://www.wikidata.org/entity/P57c	Alfonso Cuarón	Alfonso Cuarón	Alfonso Cuarón	 	 	 	 	 	 	 	3	0.57735	0.522879	1		
1	http://dbpedia.org/ontology/distributor;http://rdf.freebase.com/ns/film.film.distributors;http://www.wikidata.org/entity/P750c	Warner Bros. Pictures	Magnolia Pictures; Warner Bros. Entertainment	Warner Bros.	 	 	 	 	 	 	 	3	0.816497	0.522879	1		
0	http://dbpedia.org/ontology/editing;http://rdf.freebase.com/ns/film.film.edited_by	Alfonso Cuarón; Mark Sanger	Alfonso Cuarón; Mark Sanger	 	 	 	 	 	 	 	 	2	0.408248	0.69897	1		
0	http://dbpedia.org/ontology/gross	723200000	 	 	 	 	 	 	 	 	 	1	0.57735	1	1		
2	http://dbpedia.org/ontology/musicComposer;http://rdf.freebase.com/ns/film.film.music;http://www.wikidata.org/entity/P86c;http://dbpedia.org/ontology/composer	Steven Price (composer)	Steven Price	Steven Price	 	Shawn Pierce	 	 	Matthew Puckett	 	 	5	0.68313	0.30103	1		
2	http://dbpedia.org/ontology/producer;http://rdf.freebase.com/ns/film.film.produced_by;http://www.wikidata.org/entity/P162c;http://rdf.freebase.com/ns/tv.tv_program.tv_producer	Alfonso Cuarón; David Heyman	Alfonso Cuarón; David Heyman	Alfonso Cuarón; David Heyman	 	http://dbpedia.org/resource/Ron_French	Michael Edelstein	 	Daniel Hank	Daniel Hank; Eric Schaeffer	 	7	0.460566	0.154902	1		
2	http://dbpedia.org/ontology/starring;http://rdf.freebase.com/ns/film.film.starring;http://www.wikidata.org/entity/P161c;http://rdf.freebase.com/ns/tv.tv_program.regular_cast	George Clooney; Sandra Bullock	Amy Warren; Basher Savage	George Clooney; Paul Sharma	 	Andrew Airlie; Christina Cox	Andrew Airlie; Christina Cox	 	Eric Schaeffer; Krysten Ritter	Eric Schaeffer; Ivan Sergei	 	7	0.502865	0.154902	1		
0	http://dbpedia.org/ontology/thumbnail	http://commons.wikimedia.org/wiki/Special:FilePath/Sandra_Bullock,_The_Heat,_London,_2013_(crop).jpg	 	 	 	 	 	 	 	 	 	1	0.57735	1	1		
0	http://dbpedia.org/ontology/wikiPageExternalLink	http://www.gravitymovie.com	 	 	 	http://cliqueclack.com/tv/2009/10/29/how-defying-gravity-would-have-progressed-straight-from-the-cre	 	 	http://www.starz.com/originals/Gravity; http://www.thefutoncritic.com/showatch/gravity/listings/	 	 	3	0.816497	0.522879	1		
2	http://dbpedia.org/ontology/wikiPageID;http://rdf.freebase.com/key/wikipedia.en_id	30294906	30294906	 	 	20855803	20855803	 	25159893	25159893	 	6	0.408248	0.221849	1		
0	http://dbpedia.org/ontology/wikiPageLength	81067	 	 	 	43565	 	 	15590	 	 	3	0.816497	0.522879	1		
0	http://dbpedia.org/ontology/wikiPageOutDegree	302	 	 	 	158	 	 	54	 	 	3	0.816497	0.522879	1		
0	http://dbpedia.org/ontology/wikiPageRevisionID	745305392	 	 	 	738971917	 	 	739115736	 	 	3	0.816497	0.522879	1		
1	http://dbpedia.org/ontology/writer;http://rdf.freebase.com/ns/film.film.written_by;http://www.wikidata.org/entity/P58c	Alfonso Cuarón	George Clooney; Jonás Cuarón	Alfonso Cuarón; Rodrigo García	 	 	 	 	 	 	 	3	0.48795	0.522879	1		
1	http://purl.org/dc/terms/subject;http://www.wikidata.org/entity/P921c	2010s psychological thriller films; Heyday Films films	 	solitude	 	2009 American television series debuts; CTV Television Network shows	 	 	2010 American television series debuts; Starz network shows	 	 	4	0.808708	0.39794	1		
0	http://www.w3.org/1999/02/22-rdf-syntax-ns#type;http://www.wikidata.org/entity/P31c	CreativeWork; http://dbpedia.org/ontology/Wikidata:Q11424	Award-Nominated Work	feature film	wikicat 2010s psychological thriller films; wordnet movie 106613686	CreativeWork; television program	Netflix Title; TV Program	wordnet message 106598915; wikicat 2009 American television series debuts	CreativeWork; television program	Netflix Title; TV Program	television series	10	0.658471	0	1		
2	http://www.w3.org/2000/01/rdf-schema#comment;http://rdf.freebase.com/ns/common.topic.description	Gravity is a 2013 British-American science fiction action film co-written, co-edited, produced and d	Gravity is a 2013 science fiction thriller film directed, co-written, and produced by Alfonso Cuarón	 	 	Defying Gravity is a multi-nationally produced space travel television science fiction drama series 	Defying Gravity is a multi-nationally produced space travel television science fiction drama series 	 	Gravity is an American comedy-drama television series created by Jill Franklyn and Eric Schaeffer. I	Gravity is an American comedy-drama television series created by Jill Franklyn and Eric Schaeffer. I	 	6	0.57735	0.221849	1		
2	http://www.w3.org/2000/01/rdf-schema#label	Gravity (film)	Gravity	Gravity	Gravity (film)	Defying Gravity (TV series)	Defying Gravity	Defying Gravity (TV series)	Gravity (TV series)	Gravity	Gravity	10	0.288675	0	1		
0	http://www.w3.org/2002/07/owl#sameAs	 	 	 	 	Defying Gravity	 	 	 	 	 	1	0.57735	1	0		
0	http://www.w3.org/ns/prov#wasDerivedFrom	http://en.wikipedia.org/wiki/Gravity_(film)?oldid=745305392	 	 	 	http://en.wikipedia.org/wiki/Defying_Gravity_(TV_series)?oldid=738971917	 	 	http://en.wikipedia.org/wiki/Gravity_(TV_series)?oldid=739115736	 	 	3	0.816497	0.522879	1		
0	http://xmlns.com/foaf/0.1/depiction	http://commons.wikimedia.org/wiki/Special:FilePath/Sandra_Bullock,_The_Heat,_London,_2013_(crop).jpg	 	 	 	 	 	 	 	 	 	1	0.57735	1	1		
2	http://xmlns.com/foaf/0.1/homepage;http://rdf.freebase.com/ns/common.topic.official_website;http://www.wikidata.org/entity/P856c	http://www.gravitymovie.com	http://gravidadeofilme.com.br; http://gravitymovie.warnerbros.com/index.html	http://www.warnerbros.com/gravity	 	 	http://abc.go.com/primetime/defyinggravity	 	http://www.starz.com/originals/Gravity	http://www.starz.com/originals/Gravity	http://www.starz.com/originals/Gravity	7	0.68313	0.154902	1		
1	http://xmlns.com/foaf/0.1/isPrimaryTopicOf;http://rdf.freebase.com/ns/common.topic.topic_equivalent_webpage	http://en.wikipedia.org/wiki/Gravity_(film)	http://www.sinemalar.com/film/74900/gravity; http://ar.wikipedia.org/wiki/%2C%27%30%28%4A%29_(%41%4A	 	 	http://en.wikipedia.org/wiki/Defying_Gravity_(TV_series)	http://de.wikipedia.org/wiki/Defying_Gravity_%13_Liebe_im_Weltall; http://movi.es/Voalb	 	http://en.wikipedia.org/wiki/Gravity_(TV_series)	http://de.wikipedia.org/wiki/Gravity_(Fernsehserie); http://movi.es/VobxT	 	6	0.800641	0.221849	1		
0	http://xmlns.com/foaf/0.1/name	Gravity	 	 	 	Defying Gravity	 	 	Gravity	 	 	3	0.57735	0.522879	1		
0	http://rdf.freebase.com/key/authority.google.google_plus_page	 	1.05E+020	 	 	 	 	 	 	 	 	1	0.57735	1	1		
2	http://rdf.freebase.com/key/authority.imdb.title;http://rdf.freebase.com/ns/imdb.topic.title_id;http://www.wikidata.org/entity/P345c;http://dbpedia.org/ontology/imdbId	 	tt1454468	tt1454468	 	1319690	tt1319690	 	1548669	 	tt1548669	6	0.540062	0.221849	1		
0	http://rdf.freebase.com/key/source.cine21.movie	 	38124	 	 	 	 	 	 	 	 	1	0.57735	1	1		
0	http://rdf.freebase.com/key/source.daum.movieid	 	59546	 	 	 	 	 	 	 	 	1	0.57735	1	1		
0	http://rdf.freebase.com/key/source.nate.cinema_id	 	50675	 	 	 	 	 	 	 	 	1	0.57735	1	1		
0	http://rdf.freebase.com/key/source.showtimes.intl.movie	 	0x0c2b215f429db92d; 0x11da1359da9c57dd	 	 	 	 	 	 	 	 	1	0.816497	1	1		
0	http://rdf.freebase.com/key/source.showtimes.local.movie	 	0x681ee9f56dedaedf; 0xb65b50b4e10478af	 	 	 	 	 	 	 	 	1	0.816497	1	1		
1	http://rdf.freebase.com/key/wikipedia.en	 	Gravity_(2013_film)	 	 	 	Defying_Gravity_(TV_series)	 	 	Gravity_(TV_series)	 	3	0.816497	0.522879	1		
1	http://rdf.freebase.com/key/wikipedia.en_title	 	Gravity_(film)	 	 	 	Defying_Gravity_(TV_series)	 	 	Gravity_(TV_series)	 	3	0.816497	0.522879	1		
0	http://rdf.freebase.com/ns/award.award_nominated_work.award_nominations	 	César Award for Best Foreign Film; AACTA International Award for Best Direction	 	 	 	 	 	 	 	 	1	0.807305	1	1		
0	http://rdf.freebase.com/ns/award.award_winning_work.awards_won	 	AACTA International Award for Best Direction; Satellite Award for Best Original Score	 	 	 	 	 	 	 	 	1	0.816497	1	1		
1	http://rdf.freebase.com/ns/common.topic.article;http://schema.org/description	 	Gravity is a 2013 US drama film directed by Alfonso Cuarón. The film stars George Clooney and Sandra	2013 British-produced British and American 3D science-fiction thriller and space drama film	 	 	Defying Gravity is a multi-nationally produced space travel television science fiction drama series,	 	 	Gravity is an American comedy-drama television series created by Jill Franklyn and Eric Schaeffer. I	American comedy-drama television series	5	0.816497	0.30103	1		
0	http://rdf.freebase.com/ns/common.topic.notable_for	 	Thriller Film	 	 	 	Science Fiction TV Program	 	 	TV Drama	 	3	0.816497	0.522879	1		
0	http://rdf.freebase.com/ns/common.topic.notable_types	 	Award-Winning Work	 	 	 	TV Program	 	 	TV Program	 	3	0.57735	0.522879	1		
0	http://rdf.freebase.com/ns/common.topic.social_media_presence	 	http://plus.google.com/104518476962915543468	 	 	 	 	 	 	 	 	1	0.57735	1	1		
0	http://rdf.freebase.com/ns/common.topic.topical_webpage	 	Https://zff.com/en/programme/movies/3458/gravity/; http://www.festivaldorio.com.br/en/films/gravity	 	 	 	 	 	 	 	 	1	0.816497	1	1		
0	http://rdf.freebase.com/ns/film.film.costume_design_by	 	Jany Temime	 	 	 	 	 	 	 	 	1	0.57735	1	1		
0	http://rdf.freebase.com/ns/film.film.estimated_budget	 	100000000	 	 	 	 	 	 	 	 	1	0.57735	1	1		
0	http://rdf.freebase.com/ns/film.film.executive_produced_by	 	Christopher DeFaria; Nikki Penny	 	 	 	 	 	 	 	 	1	0.816497	1	1		
0	http://rdf.freebase.com/ns/film.film.featured_song	 	Angels Are Hard to Find; Destination Anywhere	 	 	 	 	 	 	 	 	1	0.816497	1	1		
0	http://rdf.freebase.com/ns/film.film.film_art_direction_by	 	Mark Scruton	 	 	 	 	 	 	 	 	1	0.57735	1	1		
0	http://rdf.freebase.com/ns/film.film.film_casting_director	 	David Rubin; Lucinda Syson	 	 	 	 	 	 	 	 	1	0.816497	1	1		
0	http://rdf.freebase.com/ns/film.film.film_festivals	 	2013 Donostia-San Sebastián International Film Festival; 2013 Flanders International Film Festival G	 	 	 	 	 	 	 	 	1	0.816497	1	1		
0	http://rdf.freebase.com/ns/film.film.film_format	 	IMAX	 	 	 	 	 	 	 	 	1	0.57735	1	1		
0	http://rdf.freebase.com/ns/film.film.film_production_design_by	 	Andy Nicholson	 	 	 	 	 	 	 	 	1	0.57735	1	1		
0	http://rdf.freebase.com/ns/film.film.film_set_decoration_by	 	Joanne Woollard; Rosie Goodwin	 	 	 	 	 	 	 	 	1	0.816497	1	1		
1	http://rdf.freebase.com/ns/film.film.genre;http://www.wikidata.org/entity/P136c;http://dbpedia.org/ontology/genre;http://rdf.freebase.com/ns/media_common.netflix_title.netflix_genres;http://rdf.freebase.com/ns/tv.tv_program.genre	 	Science Fiction; Thriller	adventure film; science fiction film	 	Science fiction	Science Fiction; TV Sci-Fi & Fantasy	 	Comedy-drama	Comedy-drama; TV Comedies	 	6	0.627646	0.221849	1		
3	http://rdf.freebase.com/ns/film.film.initial_release_date;http://www.wikidata.org/entity/P577c;http://yago-knowledge.org/resource/wasCreatedOnDate;http://rdf.freebase.com/ns/tv.tv_program.air_date_of_first_episode;http://dbpedia.org/ontology/releaseDate	 	2013/8/28	2013	2013/8/28	 	2009/8/2	2009/1/1	2010/4/23	2010/4/23	2010/4/23	8	0.540062	0.09691	1		
0	http://rdf.freebase.com/ns/film.film.language;http://www.wikidata.org/entity/P364c;http://rdf.freebase.com/ns/tv.tv_program.languages	 	Greenlandic language	English	 	 	English Language	 	 	English Language	English	5	0.48795	0.30103	1		
0	http://rdf.freebase.com/ns/film.film.other_crew	 	http://rdf.freebase.com/ns/m.0_08mhq; http://rdf.freebase.com/ns/m.0zws64j	 	 	 	 	 	 	 	 	1	0.816497	1	1		
0	http://rdf.freebase.com/ns/film.film.production_companies;http://www.wikidata.org/entity/P272c	 	Esperanto Filmoj; Regency Enterprises	Heyday Films; Warner Bros.	 	 	 	 	 	 	 	2	0.707107	0.69897	1		
0	http://rdf.freebase.com/ns/film.film.rating	 	PG-13 (USA)	 	 	 	 	 	 	 	 	1	0.816497	1	1		
0	http://rdf.freebase.com/ns/film.film.release_date_s	 	2013/8/28	 	 	 	 	 	 	 	 	1	0.816497	1	1		
0	http://rdf.freebase.com/ns/film.film.rottentomatoes_id	 	gravity_2013	 	 	 	 	 	 	 	 	1	0.57735	1	1		
0	http://rdf.freebase.com/ns/film.film.trailers	 	http://gravitymovie.warnerbros.com/#/videos/main-trailer; http://www.youtube.com/embed/IehvVwFxVEE	 	 	 	 	 	 	 	 	1	0.816497	1	1		
0	http://rdf.freebase.com/ns/freebase.valuenotation.has_no_value	 	Film Series	 	 	 	 	 	 	 	 	1	0.816497	1	1		
0	http://rdf.freebase.com/ns/freebase.valuenotation.is_reviewed	 	Casting director; Country of origin	 	 	 	 	 	 	 	 	1	0.816497	1	1		
0	http://rdf.freebase.com/ns/kg.object_profile.prominent_type	 	Award-Winning Work	 	 	 	TV Program	 	 	TV Program	 	3	0.57735	0.522879	1		
0	http://rdf.freebase.com/ns/type.object.key	 	/authority/google/google_plus_page/104518476962915543468; /source/cine21/movie/38124	 	 	 	/authority/hulu/show/defying-gravity; /source/tvguide/show/298131	 	 	/authority/netflix/api/http://api.netflix.com/catalog/titles/series/70128731; /authority/tvrage/seri	 	3	0.816497	0.522879	1		
0	http://rdf.freebase.com/ns/type.object.name	 	Gravity	 	 	 	Defying Gravity	 	 	Gravity	 	3	0.57735	0.522879	1		
0	http://rdf.freebase.com/ns/type.object.type	 	Award-Nominated Work	 	 	 	Netflix Title; TV Program	 	 	Netflix Title; TV Program	 	3	0.374634	0.522879	1		
0	http://www.wikidata.org/entity/P1237c	 	 	gravity	 	 	 	 	 	 	 	1	0.57735	1	1		
0	http://www.wikidata.org/entity/P1258c	 	 	m/gravity_2013	 	 	 	 	 	 	 	1	0.57735	1	1		
0	http://www.wikidata.org/entity/P1265c	 	 	178496	 	 	 	 	 	 	 	1	0.57735	1	1		
0	http://www.wikidata.org/entity/P1476c	 	 	Gravity	 	 	 	 	 	 	 	1	0.57735	1	1		
0	http://www.wikidata.org/entity/P154c	 	 	http://commons.wikimedia.org/wiki/File:Gravity_(movie_logo).jpg	 	 	 	 	 	 	 	1	0.57735	1	1		
0	http://www.wikidata.org/entity/P1562c	 	 	v523235	 	 	 	 	 	 	 	1	0.57735	1	1		
0	http://www.wikidata.org/entity/P1712c	 	 	movie/gravity	 	 	 	 	 	 	 	1	0.57735	1	1		
0	http://www.wikidata.org/entity/P1804c	 	 	85380	 	 	 	 	 	 	 	1	0.57735	1	1		
0	http://www.wikidata.org/entity/P1970c	 	 	87558	 	 	 	 	 	 	 	1	0.57735	1	1		
0	http://www.wikidata.org/entity/P2465c	 	 	346608	 	 	 	 	 	 	 	1	0.57735	1	1		
0	http://www.wikidata.org/entity/P2518c	 	 	9357	 	 	 	 	 	 	 	1	0.57735	1	1		
0	http://www.wikidata.org/entity/P2529c	 	 	275420	 	 	 	 	 	 	 	1	0.57735	1	1		
0	http://www.wikidata.org/entity/P373c	 	 	Gravity (film)	 	 	 	 	 	 	 	1	0.57735	1	1		
0	http://www.wikidata.org/entity/P462c	 	 	color	 	 	 	 	 	 	 	1	0.57735	1	1		
0	http://www.wikidata.org/entity/P480c	 	 	883807	 	 	 	 	 	 	 	1	0.57735	1	1		
0	http://www.wikidata.org/entity/P646-freebase	 	 	Gravity	 	 	 	 	 	 	Gravity	2	0.57735	0.69897	1		
0	http://www.wikidata.org/entity/P646c	 	 	/m/0g5rm7s	 	 	 	 	 	 	/m/09gds0j	2	0.816497	0.69897	1		
0	http://www.wikidata.org/entity/P840c	 	 	International Space Station; low Earth orbit	 	 	 	 	 	 	New York City	2	0.816497	0.69897	1		
0	http://www.wikidata.org/entity/P905c	 	 	132301	 	 	 	 	 	 	 	1	0.57735	1	1		
0	http://www.wikidata.org/entity/P915c	 	 	London	 	 	 	 	 	 	 	1	0.57735	1	1		
0	http://www.w3.org/2004/02/skos/core#prefLabel	 	 	 	Gravity (film)	 	 	Defying Gravity (TV series)	 	 	 	2	0.816497	0.69897	1		
0	http://yago-knowledge.org/resource/hasCitationTitle	 	 	 	Gravity Exerts Cosmic Pull; The 50 Best Films of 2013	 	 	'Defying Gravity' lifts off August 2 on CTV, A and ABC; ABC Picks Up Gravity	 	 	 	2	0.816497	0.69897	1		
0	http://yago-knowledge.org/resource/hasWikipediaAnchorText	 	 	 	Space thriller Gravity takes £10.23 million at UK box office on opening weekend; The New York Time	 	 	Solar System; British Columbia	 	 	 	2	0.812031	0.69897	1		
0	http://yago-knowledge.org/resource/redirectedFrom	 	 	 	Gravity (2013 film)	 	 	 	 	 	 	1	0.816497	1	1		
0	http://dbpedia.org/ontology/channel	 	 	 	 	American Broadcasting Company; CTV Television Network	 	 	Starz (TV channel)	 	 	2	0.816497	0.69897	1		
0	http://dbpedia.org/ontology/company	 	 	 	 	CTV Television Network; Fox 21 Television Studios	 	 	 	 	 	1	0.816497	1	1		
2	http://dbpedia.org/ontology/completionDate;http://rdf.freebase.com/ns/tv.tv_program.air_date_of_final_episode;http://yago-knowledge.org/resource/wasDestroyedOnDate	 	 	 	 	2009/10/23	2009/10/23	2009/10/23	2010/6/25	2010/6/25	 	5	0.258199	0.30103	1		
1	http://dbpedia.org/ontology/creator;http://rdf.freebase.com/ns/tv.tv_program.program_creator	 	 	 	 	James D. Parriott	James D. Parriott	 	Eric Schaeffer; Jill Franklyn	Eric Schaeffer	 	4	0.516398	0.39794	1		
0	http://dbpedia.org/ontology/executiveProducer	 	 	 	 	James Parriott; Michael Edelstein	 	 	Eric Schaeffer; Jill Franklyn	 	 	2	0.816497	0.69897	1		
0	http://dbpedia.org/ontology/location	 	 	 	 	British Columbia; Vancouver	 	 	New York (state)	 	 	2	0.816497	0.69897	1		
2	http://dbpedia.org/ontology/numberOfEpisodes;http://rdf.freebase.com/ns/tv.tv_program.number_of_episodes;http://www.wikidata.org/entity/P1113c	 	 	 	 	13	13	 	10	10	10	5	0.258199	0.30103	1		
0	http://dbpedia.org/ontology/numberOfSeasons;http://rdf.freebase.com/ns/tv.tv_program.number_of_seasons;http://www.wikidata.org/entity/P2437c	 	 	 	 	1	1	 	1	1	1	5	0.57735	0.30103	1		
0	http://dbpedia.org/ontology/person	 	 	 	 	http://dbpedia.org/resource/Stephen_McNutt	 	 	 	 	 	1	0.57735	1	1		
0	http://rdf.freebase.com/key/authority.hulu.show	 	 	 	 	 	defying-gravity	 	 	 	 	1	0.57735	1	1		
0	http://rdf.freebase.com/key/authority.netflix.api	 	 	 	 	 	http://api.netflix.com/catalog/titles/series/70124151	 	 	http://api.netflix.com/catalog/titles/series/70128731	 	2	0.816497	0.69897	1		
0	http://rdf.freebase.com/key/authority.netflix.tiny	 	 	 	 	 	Voalb	 	 	VobxT	 	2	0.816497	0.69897	1		
0	http://rdf.freebase.com/key/authority.thetvdb.series	 	 	 	 	 	104581	 	 	142861	 	2	0.816497	0.69897	1		
0	http://rdf.freebase.com/key/authority.tvrage.series	 	 	 	 	 	Defying_Gravity	 	 	 	 	1	0.57735	1	1		
0	http://rdf.freebase.com/key/authority.tvrage.series_numeric	 	 	 	 	 	23125	 	 	24920	 	2	0.816497	0.69897	1		
0	http://rdf.freebase.com/key/source.clicker.tv	 	 	 	 	 	defying-gravity	 	 	 	 	1	0.57735	1	1		
0	http://rdf.freebase.com/key/source.tvguide.show	 	 	 	 	 	298131	 	 	 	 	1	0.57735	1	1		
0	http://rdf.freebase.com/key/user.avh.ellerdale	 	 	 	 	 	0097-cbba	 	 	 	 	1	0.57735	1	1		
0	http://rdf.freebase.com/key/user.ovguide.tvdb_show_id	 	 	 	 	 	104581	 	 	142861	 	2	0.816497	0.69897	1		
0	http://rdf.freebase.com/ns/common.identity.clicker_tv_id	 	 	 	 	 	defying-gravity	 	 	 	 	1	0.57735	1	1		
0	http://rdf.freebase.com/ns/common.topic.webpage	 	 	 	 	 	'Defying Gravity' star Ron Livingston: Space sex and The EW Pop Culture Personality Test; ABC adds '	 	 	http://rdf.freebase.com/ns/m.0bx0xkt	 	2	0.816497	0.69897	1		
0	http://rdf.freebase.com/ns/tv.tv_program.currently_in_production	 	 	 	 	 	TRUE	 	 	TRUE	 	2	0.57735	0.69897	1		
0	http://rdf.freebase.com/ns/tv.tv_program.episode_running_time	 	 	 	 	 	60	 	 	30	 	2	0.816497	0.69897	1		
0	http://rdf.freebase.com/ns/tv.tv_program.episodes	 	 	 	 	 	Deleted Scenes; Eve Ate the Apple	 	 	Are We All Just Dead?; Damn Skippy	 	2	0.816497	0.69897	1		
0	http://rdf.freebase.com/ns/tv.tv_program.hulu_id	 	 	 	 	 	defying-gravity	 	 	 	 	1	0.57735	1	1		
0	http://rdf.freebase.com/ns/tv.tv_program.original_network	 	 	 	 	 	http://rdf.freebase.com/ns/m.06zdc13; http://rdf.freebase.com/ns/m.0wlw7sg	 	 	http://rdf.freebase.com/ns/m.0kwf_8d	 	2	0.816497	0.69897	1		
0	http://rdf.freebase.com/ns/tv.tv_program.seasons	 	 	 	 	 	Defying Gravity - Season 1	 	 	Gravity - Season 1	 	2	0.816497	0.69897	1		
0	http://rdf.freebase.com/ns/tv.tv_program.thetvdb_id	 	 	 	 	 	104581	 	 	142861	 	2	0.816497	0.69897	1		
0	http://rdf.freebase.com/ns/tv.tv_program.tvguide_id	 	 	 	 	 	298131	 	 	 	 	1	0.57735	1	1		
0	http://rdf.freebase.com/ns/tv.tv_program.tvrage_id	 	 	 	 	 	23125	 	 	24920	 	2	0.816497	0.69897	1		
0	http://rdf.freebase.com/ns/user.avh.default_domain.ellerdale_topic.ellerdale_id	 	 	 	 	 	0097-cbba	 	 	 	 	1	0.57735	1	1		
0	http://yago-knowledge.org/resource/hasWikipediaArticleLength	 	 	 	 	 	 	41911	 	 	 	1	0.57735	1	1		
0	http://yago-knowledge.org/resource/hasWikipediaUrl	 	 	 	 	 	 	http://en.wikipedia.org/wiki/Defying_Gravity_%28TV_series%29	 	 	 	1	0.57735	1	1		
0	http://yago-knowledge.org/resource/linksTo	 	 	 	 	 	 	American Broadcasting Company; Andrew Airlie	 	 	 	1	0.816497	1	1		
0	http://dbpedia.org/ontology/editor	 	 	 	 	 	 	 	http://dbpedia.org/resource/Lisa_Bromwell	 	 	1	0.57735	1	1		
0	http://dbpedia.org/ontology/format	 	 	 	 	 	 	 	1080i	 	 	1	0.57735	1	1		
0	http://www.wikidata.org/entity/P1267c	 	 	 	 	 	 	 	 	 	7230	1	0.57735	1	1		
0	http://www.wikidata.org/entity/P2061c	 	 	 	 	 	 	 	 	 	16:09	1	0.57735	1	1		
0	http://www.wikidata.org/entity/P449c	 	 	 	 	 	 	 	 	 	Starz	1	0.57735	1	1		
