score	dataset	freebase	yago-knowledge	dbpedia	freebase	wikidata	dbpedia	freebase	freebase	wikidata	wikidata						
	entity	http://rdf.freebase.com/ns/m.0gx_lw6	http://yago-knowledge.org/resource/The_Spirits_of_Love	http://dbpedia.org/resource/Love_(2015_film)	http://rdf.freebase.com/ns/m.0134py4v	http://www.wikidata.org/entity/Q19829024	http://dbpedia.org/resource/Love_(TV_series)	http://rdf.freebase.com/ns/m.03bxgk5	http://rdf.freebase.com/ns/m.012brfy4	http://www.wikidata.org/entity/Q1872389	http://www.wikidata.org/entity/Q18643718						
1	http://rdf.freebase.com/key/wikipedia.en	Love_(Taiwanese_Formosa_TV_drama); The_Spirit_of_Love	 	 	Love_(2015_film)	 	 	I-Empire(The_Motion_Picture); Love_(Angels_&_Airwaves_film)	Love_(TV_Series)	 	 	4	0.816497	0.39794	1		
2	http://rdf.freebase.com/key/wikipedia.en_id;http://dbpedia.org/ontology/wikiPageID	32221331	 	46501469	46501469	 	9873457	4845813	9873457	 	 	6	0.57735	0.221849	1		
1	http://rdf.freebase.com/key/wikipedia.en_title	Love_(Formosa_TV_drama)	 	 	Love_(2015_film)	 	 	Love_(2011_film)	Love_(TV_series)	 	 	4	0.816497	0.39794	1		
1	http://rdf.freebase.com/ns/common.topic.article;http://schema.org/description	"The Spirits of Love or Love (Chinese: �? Pe̍h-ōe-jī: Ài; literally ""love"") is a Taiwanese-language t"	 	 	 	2015 film	 	Love is a 2011 science fiction drama film produced and scored by the alternative rock band Angels & 	 	2011 film	American TV series	5	0.816497	0.30103	1		
2	http://rdf.freebase.com/ns/common.topic.description;http://www.w3.org/2000/01/rdf-schema#comment	The Spirits of Love or Love is a Taiwanese Hokkien television drama that aired on Formosa TV in Taiw	 	Love is a 2015 French 3D erotic romantic drama film written and directed by Gaspar Noé. The film mar	Love is a 2015 French 3D drama film written and directed by Gaspar Noé. The film revolves around the	 	Love is an American romantic comedy web television series created by Judd Apatow, Paul Rust, and Les	Love is a 2011 science fiction drama film produced and scored by the alternative rock band Angels & 	Love is an upcoming American comedy television series set to premiere in 2016. The show is created b	 	 	6	0.816497	0.221849	1		
0	http://rdf.freebase.com/ns/common.topic.notable_for	TV Program	 	 	 	 	 	Science Fiction Film	 	 	 	2	0.816497	0.69897	1		
0	http://rdf.freebase.com/ns/common.topic.notable_types	TV Program	 	 	 	 	 	Film	 	 	 	2	0.816497	0.69897	1		
1	http://rdf.freebase.com/ns/common.topic.topic_equivalent_webpage;http://xmlns.com/foaf/0.1/isPrimaryTopicOf	http://en.wikipedia.org/wiki/Love_(Formosa_TV_drama); http://zh.wikipedia.org/zh-cn/%1B_(%11%96%FB%9	 	http://en.wikipedia.org/wiki/Love_(2015_film)	http://ar.wikipedia.org/wiki/%27%44%39%34%42_(%41%4A%44%45_2015)	 	http://en.wikipedia.org/wiki/Love_(TV_series)	http://de.wikipedia.org/wiki/index.html?curid=6061527; http://www.imdb.com/title/tt1541874/	http://en.wikipedia.org/wiki/Love_(TV_series); http://en.wikipedia.org/wiki/index.html?curid=9873457	 	 	6	0.783604	0.221849	1		
0	http://rdf.freebase.com/ns/kg.object_profile.prominent_type	TV Program	 	 	 	 	 	Film	 	 	 	2	0.816497	0.69897	1		
0	http://rdf.freebase.com/ns/tv.tv_program.air_date_of_final_episode;http://yago-knowledge.org/resource/wasDestroyedOnDate	2008/5/21	2008/5/21	 	 	 	 	 	 	 	 	2	0.57735	0.69897	1		
2	http://rdf.freebase.com/ns/tv.tv_program.air_date_of_first_episode;http://yago-knowledge.org/resource/wasCreatedOnDate;http://dbpedia.org/ontology/releaseDate;http://rdf.freebase.com/ns/film.film.initial_release_date;http://www.wikidata.org/entity/P577c	2006/11/28	2004/1/1	 	 	 	2016/2/19	2011/2/2	2016	2011	2016/2/19	7	0.723747	0.154902	1		
2	http://rdf.freebase.com/ns/tv.tv_program.country_of_origin;http://rdf.freebase.com/ns/film.film.country;http://www.wikidata.org/entity/P495c	Taiwan	 	 	France	Belgium	 	United States of America	United States of America	United States of America	United States of America	7	0.408248	0.154902	1		
0	http://rdf.freebase.com/ns/tv.tv_program.languages;http://rdf.freebase.com/ns/film.film.language;http://www.wikidata.org/entity/P364c	Chinese language	 	 	English Language	French	 	English Language	 	English	English	6	0.57735	0.221849	1		
0	http://rdf.freebase.com/ns/tv.tv_program.original_network;http://dbpedia.org/ontology/network	http://rdf.freebase.com/ns/m.0j3k56q; http://rdf.freebase.com/ns/m.0mzl8wg	 	 	 	 	Netflix	 	 	 	 	2	0.816497	0.69897	1		
0	http://rdf.freebase.com/ns/type.object.key	/wikipedia/en/Love_(Taiwanese_Formosa_TV_drama); /wikipedia/en/The_Spirit_of_Love	 	 	/dataworld/freeq/job_9e0a94e6-4af4-4a24-8f27-13392264feae_var_wikipedia_en_46501469; /wikipedia/ar_i	 	 	/wikipedia/it_id/2766786; /authority/imdb/title/tt1541874	/dataworld/freeq/job_1bb56b61-2db0-4323-9a84-31e14553715d_var_en_wikipedia_org_wiki_Love_(TV_Series)	 	 	4	0.816497	0.39794	1		
0	http://rdf.freebase.com/ns/type.object.name	Love	 	 	Love	 	 	Love	Love	 	 	4	0.57735	0.39794	1		
0	http://rdf.freebase.com/ns/type.object.type	Inanimate; TV Program	 	 	Inanimate	 	 	Netflix Title	Inanimate; TV Program	 	 	4	0	0.39794	1		
0	http://www.w3.org/1999/02/22-rdf-syntax-ns#type;http://www.wikidata.org/entity/P31c	Inanimate; TV Program	wikicat 2006 Taiwanese television series endings; wikicat Formosa TV dramas	CreativeWork; http://dbpedia.org/ontology/Wikidata:Q11424	Inanimate	film	CreativeWork; television program	Netflix Title	Inanimate; TV Program	film	television series	10	0.533211	0	1		
2	http://www.w3.org/2000/01/rdf-schema#label	Love	The Spirits of Love	Love (2015 film)	Love	Love	Love (TV series)	Love	Love	Love	Love	10	0.258199	0	1		
0	http://www.w3.org/2002/07/owl#sameAs	 	The Spirits of Love	 	 	 	 	 	 	 	 	1	0.57735	1	0		
0	http://www.w3.org/2004/02/skos/core#prefLabel	 	The Spirits of Love	 	 	 	 	 	 	 	 	1	0.57735	1	1		
0	http://yago-knowledge.org/resource/hasWikipediaAnchorText	 	A Place Called Home; Astro Hua Hee Dai	 	 	 	 	 	 	 	 	1	0.816497	1	1		
0	http://yago-knowledge.org/resource/redirectedFrom	 	Love (Taiwanese Formosa TV drama); The Spirit of Love	 	 	 	 	 	 	 	 	1	0.816497	1	1		
2	http://dbpedia.org/ontology/Work/runtime;http://dbpedia.org/ontology/runtime;http://www.wikidata.org/entity/P2047c;http://rdf.freebase.com/ns/film.film.runtime	 	 	135	 	141	-45	86	 	84	 	5	0.816497	0.30103	1		
0	http://dbpedia.org/ontology/abstract	 	 	Love is a 2015 French 3D erotic romantic drama film written and directed by Gaspar Noé. The film mar	 	 	Love is an American romantic comedy web television series created by Judd Apatow, Paul Rust, and Les	 	 	 	 	2	0.816497	0.69897	1		
0	http://dbpedia.org/ontology/budget	 	 	3000000	 	 	 	 	 	 	 	1	0.57735	1	1		
2	http://dbpedia.org/ontology/cinematography;http://rdf.freebase.com/ns/film.film.cinematography;http://www.wikidata.org/entity/P344c	 	 	Benoît Debie	Benoît Debie	Benoît Debie	 	William Eubank	 	William Eubank	 	5	0.258199	0.30103	1		
2	http://dbpedia.org/ontology/director;http://rdf.freebase.com/ns/film.film.directed_by;http://www.wikidata.org/entity/P57c	 	 	Gaspar Noé	Gaspar Noé	Gaspar Noé	 	William Eubank	 	William Eubank	 	5	0.258199	0.30103	1		
1	http://dbpedia.org/ontology/distributor;http://rdf.freebase.com/ns/film.film.distributors;http://www.wikidata.org/entity/P750c	 	 	Wild Bunch (film company)	 	 	Netflix	Lions Gate Entertainment; National CineMedia	 	 	Netflix	4	0.707107	0.39794	1		
0	http://dbpedia.org/ontology/gross	 	 	827625	 	 	 	 	 	 	 	1	0.57735	1	1		
0	http://dbpedia.org/ontology/musicComposer;http://rdf.freebase.com/ns/film.film.music	 	 	John Carpenter	 	 	 	Angels & Airwaves	 	 	 	2	0.816497	0.69897	1		
1	http://dbpedia.org/ontology/starring;http://www.wikidata.org/entity/P161c;http://rdf.freebase.com/ns/film.film.starring	 	 	Aomi Muyock; Karl Glusman	 	Benoît Debie; Déborah Révy	Claudia O'Doherty; Gillian Jacobs	Akiva David; Jessica Rizo	 	Ambyr Childers; Gunner Wright	Briga Heelan; Chantal Claret	6	0.768581	0.221849	1		
0	http://dbpedia.org/ontology/wikiPageLength	 	 	7551	 	 	13538	 	 	 	 	2	0.816497	0.69897	1		
0	http://dbpedia.org/ontology/wikiPageOutDegree	 	 	43	 	 	64	 	 	 	 	2	0.816497	0.69897	1		
0	http://dbpedia.org/ontology/wikiPageRevisionID	 	 	739058635	 	 	743506195	 	 	 	 	2	0.816497	0.69897	1		
1	http://dbpedia.org/ontology/writer;http://www.wikidata.org/entity/P58c;http://rdf.freebase.com/ns/film.film.written_by	 	 	Gaspar Noé	 	Gaspar Noé	 	William Eubank	 	William Eubank	 	4	0.408248	0.39794	1		
1	http://purl.org/dc/terms/subject;http://www.wikidata.org/entity/P921c	 	 	2010s pornographic films; Bisexual pornography	 	 	2016 American television series debuts; Alcohol abuse in television	 	 	solitude	 	3	0.816497	0.522879	1		
0	http://www.w3.org/ns/prov#wasDerivedFrom	 	 	http://en.wikipedia.org/wiki/Love_(2015_film)?oldid=739058635	 	 	http://en.wikipedia.org/wiki/Love_(TV_series)?oldid=743506195	 	 	 	 	2	0.816497	0.69897	1		
0	http://xmlns.com/foaf/0.1/name	 	 	Love	 	 	Love	 	 	 	 	2	0.57735	0.69897	1		
0	http://rdf.freebase.com/key/dataworld.freeq	 	 	 	job_9e0a94e6-4af4-4a24-8f27-13392264feae_var_wikipedia_en_46501469	 	 	 	job_1bb56b61-2db0-4323-9a84-31e14553715d_var_en_wikipedia_org_wiki_Love_(TV_Series)	 	 	2	0.816497	0.69897	1		
1	http://rdf.freebase.com/ns/film.film.edited_by;http://www.wikidata.org/entity/P1040c	 	 	 	Gaspar Noé	Gaspar Noé	 	Brian Berdan; Scott Chestnut	 	 	 	3	0.645497	0.522879	1		
0	http://www.wikidata.org/entity/P1237c	 	 	 	 	lovenoe	 	 	 	 	 	1	0.57735	1	1		
0	http://www.wikidata.org/entity/P1258c	 	 	 	 	m/love_2015	 	 	 	 	tv/love	2	0.816497	0.69897	1		
1	http://www.wikidata.org/entity/P136c;http://dbpedia.org/ontology/genre;http://rdf.freebase.com/ns/film.film.genre;http://rdf.freebase.com/ns/media_common.netflix_title.netflix_genres	 	 	 	 	drama film	Romantic comedy	Contemporary Movie Musicals; Independent Movies	 	adventure film; science fiction film	comedy	5	0.774597	0.30103	1		
0	http://www.wikidata.org/entity/P1476c	 	 	 	 	Love	 	 	 	Love	 	2	0.57735	0.69897	1		
0	http://www.wikidata.org/entity/P1562c	 	 	 	 	v638647	 	 	 	 	 	1	0.57735	1	1		
0	http://www.wikidata.org/entity/P1712c	 	 	 	 	movie/love-2015	 	 	 	 	tv/love-2016	2	0.816497	0.69897	1		
0	http://www.wikidata.org/entity/P1970c	 	 	 	 	104307	 	 	 	 	 	1	0.57735	1	1		
2	http://www.wikidata.org/entity/P345c;http://rdf.freebase.com/key/authority.imdb.title;http://rdf.freebase.com/ns/imdb.topic.title_id	 	 	 	 	tt3774694	 	tt1541874	 	tt1541874	tt4061080	4	0.516398	0.39794	1		
0	http://www.wikidata.org/entity/P462c	 	 	 	 	color	 	 	 	 	 	1	0.57735	1	1		
0	http://www.wikidata.org/entity/P480c	 	 	 	 	334997	 	 	 	 	 	1	0.57735	1	1		
0	http://www.wikidata.org/entity/P915c	 	 	 	 	Paris	 	 	 	California; San Diego	 	2	0.816497	0.69897	1		
0	http://dbpedia.org/ontology/company	 	 	 	 	 	Apatow Productions; Legendary Pictures	 	 	 	 	1	0.816497	1	1		
0	http://dbpedia.org/ontology/creator;http://rdf.freebase.com/ns/tv.tv_program.program_creator;http://www.wikidata.org/entity/P170c	 	 	 	 	 	Judd Apatow; Paul Rust	 	Judd Apatow	 	Judd Apatow; Paul Rust	3	0.258199	0.522879	1		
0	http://dbpedia.org/ontology/executiveProducer	 	 	 	 	 	Brent Forrester; Dean Holland	 	 	 	 	1	0.816497	1	1		
0	http://dbpedia.org/ontology/numberOfEpisodes;http://www.wikidata.org/entity/P1113c	 	 	 	 	 	10	 	 	 	10	2	0.57735	0.69897	1		
0	http://dbpedia.org/ontology/numberOfSeasons;http://rdf.freebase.com/ns/tv.tv_program.number_of_seasons;http://www.wikidata.org/entity/P2437c	 	 	 	 	 	1	 	1	 	1	3	0.57735	0.522879	1		
0	http://dbpedia.org/ontology/wikiPageExternalLink	 	 	 	 	 	https://www.netflix.com/title/80026506	 	 	 	 	1	0.57735	1	1		
0	http://xmlns.com/foaf/0.1/homepage;http://www.wikidata.org/entity/P856c	 	 	 	 	 	https://www.netflix.com/title/80026506	 	 	http://www.angelsandairwaves.com/	 	2	0.816497	0.69897	1		
0	http://rdf.freebase.com/key/authority.netflix.api	 	 	 	 	 	 	http://api.netflix.com/catalog/titles/movies/70131762	 	 	 	1	0.57735	1	1		
1	http://rdf.freebase.com/key/authority.netflix.movie;http://rdf.freebase.com/ns/film.film.netflix_id;http://www.wikidata.org/entity/P1874c	 	 	 	 	 	 	70131762	 	70131762	80026506	3	0.408248	0.522879	1		
0	http://rdf.freebase.com/key/authority.netflix.tiny	 	 	 	 	 	 	BVr2g	 	 	 	1	0.57735	1	1		
0	http://rdf.freebase.com/key/source.cine21.movie	 	 	 	 	 	 	33795	 	 	 	1	0.57735	1	1		
0	http://rdf.freebase.com/key/source.daum.movieid	 	 	 	 	 	 	67377	 	 	 	1	0.57735	1	1		
0	http://rdf.freebase.com/key/source.kinopoisk.film	 	 	 	 	 	 	484642	 	 	 	1	0.57735	1	1		
0	http://rdf.freebase.com/key/source.videosurf	 	 	 	 	 	 	77946	 	 	 	1	0.57735	1	1		
0	http://rdf.freebase.com/key/user.avh.ellerdale	 	 	 	 	 	 	00a2-d853	 	 	 	1	0.57735	1	1		
0	http://rdf.freebase.com/ns/common.topic.alias	 	 	 	 	 	 	Angels & Airwaves presents LOVE	 	 	 	1	0.816497	1	1		
0	http://rdf.freebase.com/ns/common.topic.image	 	 	 	 	 	 	MV5BNzQ0ODY3MDA0Ml5BMl5BanBnXkFtZTcwMzcxNDY2NA@@._V1._SY317_CR0,0,214,317_.jpg	 	 	 	1	0.816497	1	1		
0	http://rdf.freebase.com/ns/common.topic.topical_webpage	 	 	 	 	 	 	http://www.fantasiafest.com/2011/en/films/film_detail.php?id=604; http://www.youtube.com/watch?v=4HB	 	 	 	1	0.816497	1	1		
0	http://rdf.freebase.com/ns/common.topic.webpage	 	 	 	 	 	 	2011 Fantasia International Film Festival; Official trailer #2 on youtube	 	 	 	1	0.816497	1	1		
0	http://rdf.freebase.com/ns/film.film.estimated_budget	 	 	 	 	 	 	500000	 	 	 	1	0.57735	1	1		
0	http://rdf.freebase.com/ns/film.film.executive_produced_by	 	 	 	 	 	 	Jon Humphrey; Thomas DeLonge	 	 	 	1	0.816497	1	1		
0	http://rdf.freebase.com/ns/film.film.film_art_direction_by	 	 	 	 	 	 	Kevin Maistros	 	 	 	1	0.57735	1	1		
0	http://rdf.freebase.com/ns/film.film.film_festivals	 	 	 	 	 	 	2011 Fantasia Film Festival	 	 	 	1	0.57735	1	1		
0	http://rdf.freebase.com/ns/film.film.film_production_design_by	 	 	 	 	 	 	William Eubank	 	 	 	1	0.57735	1	1		
0	http://rdf.freebase.com/ns/film.film.other_crew	 	 	 	 	 	 	http://rdf.freebase.com/ns/m.0j1v2wy	 	 	 	1	0.816497	1	1		
0	http://rdf.freebase.com/ns/film.film.produced_by;http://www.wikidata.org/entity/P162c	 	 	 	 	 	 	Angels & Airwaves; Nate Kolbeck	 	Angels & Airwaves; Tom DeLonge	 	2	0.707107	0.69897	1		
1	http://rdf.freebase.com/ns/film.film.production_companies;http://www.wikidata.org/entity/P272c	 	 	 	 	 	 	MTV	 	Company 3; Zoic Studios	Apatow Productions; Legendary Pictures	3	0.816497	0.522879	1		
0	http://rdf.freebase.com/ns/film.film.release_date_s	 	 	 	 	 	 	2011/2/2	 	 	 	1	0.816497	1	1		
0	http://rdf.freebase.com/ns/film.film.rottentomatoes_id	 	 	 	 	 	 	771249048	 	 	 	1	0.57735	1	1		
0	http://rdf.freebase.com/ns/film.film.subjects	 	 	 	 	 	 	American Civil War	 	 	 	1	0.57735	1	1		
0	http://rdf.freebase.com/ns/film.film.trailers	 	 	 	 	 	 	http://www.youtube.com/watch?v=4HBLoBCOg-A; http://www.youtube.com/watch?v=znTtUwZRMPU	 	 	 	1	0.816497	1	1		
0	http://rdf.freebase.com/ns/user.alust.default_domain.processed_with_review_queue.internal_question_id	 	 	 	 	 	 	rabj/store/questions/question_96e02581ad906105	 	 	 	1	0.57735	1	1		
0	http://rdf.freebase.com/ns/user.avh.default_domain.ellerdale_topic.ellerdale_id	 	 	 	 	 	 	00a2-d853	 	 	 	1	0.57735	1	1		
0	http://rdf.freebase.com/ns/tv.tv_program.episode_running_time	 	 	 	 	 	 	 	60	 	 	1	0.57735	1	1		
0	http://www.wikidata.org/entity/P1265c	 	 	 	 	 	 	 	 	175082	 	1	0.57735	1	1		
0	http://www.wikidata.org/entity/P646-freebase	 	 	 	 	 	 	 	 	Love	 	1	0.57735	1	1		
0	http://www.wikidata.org/entity/P646c	 	 	 	 	 	 	 	 	/m/03bxgk5	 	1	0.57735	1	1		
0	http://www.wikidata.org/entity/P1267c	 	 	 	 	 	 	 	 	 	18144	1	0.57735	1	1		
0	http://www.wikidata.org/entity/P2003c	 	 	 	 	 	 	 	 	 	loveonnetflix	1	0.57735	1	1		
0	http://www.wikidata.org/entity/P2061c	 	 	 	 	 	 	 	 	 	16:09	1	0.57735	1	1		
0	http://www.wikidata.org/entity/P2529c	 	 	 	 	 	 	 	 	 	421130	1	0.57735	1	1		
0	http://www.wikidata.org/entity/P449c	 	 	 	 	 	 	 	 	 	Netflix	1	0.57735	1	1		
