score	dataset	dbpedia	freebase	wikidata	dbpedia	freebase	wikidata	yago-knowledge	dbpedia	freebase	yago-knowledge						
	entity	http://dbpedia.org/resource/Angel_(1999_TV_series)	http://rdf.freebase.com/ns/m.0123qq	http://www.wikidata.org/entity/Q212156	http://dbpedia.org/resource/Angel_(2007_film)	http://rdf.freebase.com/ns/m.03h39gy	http://www.wikidata.org/entity/Q532064	http://yago-knowledge.org/resource/Angel_(2007_film)	http://dbpedia.org/resource/Angel_(1937_film)	http://rdf.freebase.com/ns/m.026q7dp	http://yago-knowledge.org/resource/Angel_(1937_film)						
0	http://dbpedia.org/ontology/Work/runtime;http://dbpedia.org/ontology/runtime;http://rdf.freebase.com/ns/film.film.runtime;http://www.wikidata.org/entity/P2047c	-45	 	 	134	119	134	 	91	91	 	6	0.696311	0.221849	1		
0	http://dbpedia.org/ontology/abstract	Angel is an American television series, a spin-off from the television series Buffy the Vampire Slay	 	 	Angel, also known as the Real Life of Angel Deverell, is a 2007 British film based on the novel of t	 	 	 	Angel is a 1937 American comedy-drama film made by Paramount Pictures. It was produced and directed 	 	 	3	0.816497	0.522879	1		
0	http://dbpedia.org/ontology/company	20th Century Fox Television; Mutant Enemy Productions	 	 	 	 	 	 	 	 	 	1	0.816497	1	1		
1	http://dbpedia.org/ontology/completionDate;http://rdf.freebase.com/ns/tv.tv_program.air_date_of_final_episode;http://www.wikidata.org/entity/P582c	2004/5/19	2004/5/19	2004/5/19	 	 	 	 	 	 	 	3	0.57735	0.522879	1		
3	http://dbpedia.org/ontology/composer;http://www.wikidata.org/entity/P86c;http://dbpedia.org/ontology/musicComposer;http://rdf.freebase.com/ns/film.film.music	Christophe Beck; Darling Violetta	 	Christophe Beck	Philippe Rombi	Philippe Rombi	Philippe Rombi	 	Frederick Hollander; Gioacchino Rossini	Friedrich Hollaender; Gioacchino Rossini	 	7	0.556349	0.154902	1		
0	http://dbpedia.org/ontology/creator;http://rdf.freebase.com/ns/tv.tv_program.program_creator;http://www.wikidata.org/entity/P170c	David Greenwalt; Joss Whedon	David Greenwalt; Joss Whedon	Joss Whedon	 	 	 	 	 	 	 	3	0.258199	0.522879	1		
0	http://dbpedia.org/ontology/distributor;http://rdf.freebase.com/ns/film.film.distributors;http://www.wikidata.org/entity/P750c	20th Television	 	 	Wild Bunch Distribution	Lions Gate Entertainment	Wild Bunch	 	Paramount Pictures	Paramount Pictures	 	6	0.745356	0.221849	1		
0	http://dbpedia.org/ontology/executiveProducer	David Greenwalt; Fran Rubel Kuzui	 	 	 	 	 	 	 	 	 	1	0.816497	1	1		
0	http://dbpedia.org/ontology/format	1080i	 	 	 	 	 	 	 	 	 	1	0.816497	1	1		
1	http://dbpedia.org/ontology/genre;http://rdf.freebase.com/ns/media_common.netflix_title.netflix_genres;http://rdf.freebase.com/ns/tv.tv_program.genre;http://www.wikidata.org/entity/P136c;http://rdf.freebase.com/ns/film.film.genre	Action (fiction); Supernatural	Comedy-drama; Supernatural drama	supernatural drama	 	20th Century Period Pieces; British Movies	 	 	 	Black-and-white; Romance Film	 	5	0.701964	0.30103	1		
0	http://dbpedia.org/ontology/network;http://rdf.freebase.com/ns/tv.tv_program.original_network	The WB	http://rdf.freebase.com/ns/m.04jsdg9	 	 	 	 	 	 	 	 	2	0.816497	0.69897	1		
1	http://dbpedia.org/ontology/numberOfEpisodes;http://rdf.freebase.com/ns/tv.tv_program.number_of_episodes;http://www.wikidata.org/entity/P1113c	110	110	110	 	 	 	 	 	 	 	3	0.57735	0.522879	1		
1	http://dbpedia.org/ontology/numberOfSeasons;http://rdf.freebase.com/ns/tv.tv_program.number_of_seasons;http://www.wikidata.org/entity/P2437c	5	5	5	 	 	 	 	 	 	 	3	0.57735	0.522879	1		
0	http://dbpedia.org/ontology/related	Buffy the Vampire Slayer	 	 	 	 	 	 	 	 	 	1	0.57735	1	1		
3	http://dbpedia.org/ontology/releaseDate;http://rdf.freebase.com/ns/tv.tv_program.air_date_of_first_episode;http://www.wikidata.org/entity/P580c;http://rdf.freebase.com/ns/film.film.initial_release_date;http://www.wikidata.org/entity/P577c;http://yago-knowledge.org/resource/wasCreatedOnDate	1999/10/5	1999/10/5	1999/10/5	 	2007/3/14	2007	2007/2/17	 	1937	1937/10/29	8	0.645497	0.09691	1		
1	http://dbpedia.org/ontology/starring;http://rdf.freebase.com/ns/tv.tv_program.regular_cast;http://rdf.freebase.com/ns/film.film.starring;http://www.wikidata.org/entity/P161c	Alexis Denisof; Andy Hallett	Alexis Denisof; Andy Hallett	 	Charlotte Rampling; Lucy Russell (actress)	Alice Hubball; Simon Shrimpton Smith	Una Stubbs; Alison Pargeter	 	Herbert Marshall; Marlene Dietrich	Dennie Moore; Edward Everett Horton	 	7	0.461712	0.154902	1		
0	http://dbpedia.org/ontology/subsequentWork	Angel: After the Fall	 	 	 	 	 	 	 	 	 	1	0.57735	1	1		
2	http://dbpedia.org/ontology/wikiPageID;http://rdf.freebase.com/key/wikipedia.en_id	143433	143433	 	14969658	14969658	 	 	8066629	8066629	 	6	0.408248	0.221849	1		
0	http://dbpedia.org/ontology/wikiPageLength	65422	 	 	6926	 	 	 	6710	 	 	3	0.816497	0.522879	1		
0	http://dbpedia.org/ontology/wikiPageOutDegree	331	 	 	55	 	 	 	57	 	 	3	0.816497	0.522879	1		
0	http://dbpedia.org/ontology/wikiPageRevisionID	744222547	 	 	736135161	 	 	 	695818207	 	 	3	0.816497	0.522879	1		
0	http://purl.org/dc/terms/subject	1999 American television series debuts; Apocalyptic television series	 	 	British drama films; Films shot in Belgium	 	 	 	American black-and-white films; American comedy-drama films	 	 	3	0.816497	0.522879	1		
0	http://www.w3.org/1999/02/22-rdf-syntax-ns#type;http://www.wikidata.org/entity/P31c	CreativeWork; television program	Award-Nominated Work; Netflix Title	television series	CreativeWork; http://dbpedia.org/ontology/Wikidata:Q11424	Adaptation; Netflix Title	film	wikicat British drama films; wikicat Lions Gate Entertainment films	CreativeWork; http://dbpedia.org/ontology/Wikidata:Q11424	Adaptation; Non-Agent	wikicat American romantic drama films; wikicat Black-and-white films	10	0.485071	0	1		
2	http://www.w3.org/2000/01/rdf-schema#comment;http://rdf.freebase.com/ns/common.topic.description	Angel is an American television series, a spin-off from the television series Buffy the Vampire Slay	Angel is an American television series, a spin-off from the television series Buffy the Vampire Slay	 	Angel, also known as the Real Life of Angel Deverell, is a 2007 British film based on the novel of t	Angel, also known as the Real Life of Angel Deverell, is a 2007 British film based on the novel of t	 	 	Angel is a 1937 American comedy-drama film made by Paramount Pictures. It was produced and directed 	Angel is a 1937 American comedy-drama film made by Paramount Pictures. It was produced and directed 	 	6	0.408248	0.221849	1		
3	http://www.w3.org/2000/01/rdf-schema#label	Angel (1999 TV series)	Angel	Angel	Angel (2007 film)	Angel	Angel	Angel (2007 film)	Angel (1937 film)	Angel	Angel (1937 film)	10	0	0	1		
0	http://www.w3.org/2000/01/rdf-schema#seeAlso	List of Angel characters; List of Angel episodes	 	 	 	 	 	 	 	 	 	1	0.816497	1	1		
0	http://www.w3.org/2002/07/owl#sameAs	 	 	 	 	 	 	 	Angel	 	 	1	0.57735	1	0		
0	http://www.w3.org/ns/prov#wasDerivedFrom	http://en.wikipedia.org/wiki/Angel_(1999_TV_series)?oldid=744222547	 	 	http://en.wikipedia.org/wiki/Angel_(2007_film)?oldid=736135161	 	 	 	http://en.wikipedia.org/wiki/Angel_(1937_film)?oldid=695818207	 	 	3	0.816497	0.522879	1		
1	http://xmlns.com/foaf/0.1/isPrimaryTopicOf;http://rdf.freebase.com/ns/common.topic.topic_equivalent_webpage	http://en.wikipedia.org/wiki/Angel_(1999_TV_series)	http://bg.wikipedia.org/wiki/%15%39%3D%34%36%4A%3B_(%41%35%40%38%30%3B); http://thetvdb.com/?tab=ser	 	http://en.wikipedia.org/wiki/Angel_(2007_film)	http://de.wikipedia.org/wiki/Angel_%13_Ein_Leben_wie_im_Traum; http://www.netflix.com/Movie/70081081	 	 	http://en.wikipedia.org/wiki/Angel_(1937_film)	http://de.wikipedia.org/wiki/index.html?curid=6519590; http://www.rottentomatoes.com/m/1053043-angel	 	6	0.80267	0.221849	1		
0	http://xmlns.com/foaf/0.1/name	Angel	 	 	Angel	 	 	 	Angel	 	 	3	0.57735	0.522879	1		
0	http://rdf.freebase.com/key/authority.hulu.show	 	angel	 	 	 	 	 	 	 	 	1	0.57735	1	1		
3	http://rdf.freebase.com/key/authority.imdb.title;http://rdf.freebase.com/ns/imdb.topic.title_id;http://www.wikidata.org/entity/P345c;http://dbpedia.org/ontology/imdbId	 	tt0162065	tt0162065	783767	tt0783767	tt0783767	 	28575	tt0028575	 	7	0.408248	0.154902	1		
0	http://rdf.freebase.com/key/authority.netflix.api	 	http://api.netflix.com/catalog/titles/series/60030597	 	 	http://api.netflix.com/catalog/titles/movies/70081081	 	 	 	 	 	2	0.816497	0.69897	1		
0	http://rdf.freebase.com/key/authority.netflix.tiny	 	V8EyL	 	 	BVdrF	 	 	 	 	 	2	0.816497	0.69897	1		
0	http://rdf.freebase.com/key/authority.thetvdb.series	 	71035	 	 	 	 	 	 	 	 	1	0.57735	1	1		
0	http://rdf.freebase.com/key/authority.tvrage.series	 	Angel	 	 	 	 	 	 	 	 	1	0.57735	1	1		
0	http://rdf.freebase.com/key/authority.tvrage.series_numeric	 	2610	 	 	 	 	 	 	 	 	1	0.57735	1	1		
1	http://rdf.freebase.com/key/base.ranker.rankerurlname	 	angel/2536446	 	 	angel/167806	 	 	 	angel/7134109	 	3	0.816497	0.522879	1		
0	http://rdf.freebase.com/key/source.clicker.tv	 	angel	 	 	 	 	 	 	 	 	1	0.57735	1	1		
0	http://rdf.freebase.com/key/source.videosurf	 	207642	 	 	 	 	 	 	 	 	1	0.57735	1	1		
0	http://rdf.freebase.com/key/user.avh.ellerdale	 	0080-c8d2	 	 	 	 	 	 	 	 	1	0.57735	1	1		
0	http://rdf.freebase.com/key/user.ovguide.tvdb_show_id	 	71035	 	 	 	 	 	 	 	 	1	0.57735	1	1		
1	http://rdf.freebase.com/key/wikipedia.en	 	Angel_(Angel_television_show); Angel_by_joss_whedon	 	 	Angel_(2007_film)	 	 	 	Angel_(1937_film); Anthony_Halton	 	3	0.816497	0.522879	1		
1	http://rdf.freebase.com/key/wikipedia.en_title	 	Angel_(1999_TV_series)	 	 	Angel_(2007_film)	 	 	 	Angel_(1937_film)	 	3	0.816497	0.522879	1		
0	http://rdf.freebase.com/ns/award.award_nominated_work.award_nominations	 	Hugo Award for Best Dramatic Presentation, Short Form; Primetime Emmy Award for Outstanding Makeup -	 	 	 	 	 	 	 	 	1	0.672593	1	1		
0	http://rdf.freebase.com/ns/broadcast.broadcast.distributor	 	20th Television	 	 	 	 	 	 	 	 	1	0.57735	1	1		
0	http://rdf.freebase.com/ns/common.identity.clicker_tv_id	 	angel	 	 	 	 	 	 	 	 	1	0.57735	1	1		
1	http://rdf.freebase.com/ns/common.topic.article;http://schema.org/description	 	Angel is an American television series, a spin-off of the television series Buffy the Vampire Slayer	1999 American television series	 	Angel, also known as the Real Life of Angel Deverell, is a 2007 British film based on novel of the s	2007 Film directed by François Ozon	 	 	Angel is a 1937 American comedy-drama film made by Paramount Pictures. It was produced and directed 	 	5	0.816497	0.30103	1		
0	http://rdf.freebase.com/ns/common.topic.notable_for	 	Action/Adventure TV Program	 	 	World cinema Film	 	 	 	Romantic comedy Film	 	3	0.816497	0.522879	1		
0	http://rdf.freebase.com/ns/common.topic.notable_types	 	TV Program	 	 	Film	 	 	 	Film	 	3	0.57735	0.522879	1		
0	http://rdf.freebase.com/ns/common.topic.official_website	 	http://www.tntdrama.com/series/angel/	 	 	 	 	 	 	 	 	1	0.57735	1	1		
0	http://rdf.freebase.com/ns/common.topic.topical_webpage	 	http://www.foxhome.com/angel/	 	 	http://www.berlinale.de/en/archiv/jahresarchive/2007/02_programm_2007/02_Filmdatenblatt_2007_2007370	 	 	 	http://www.imdb.com/title/tt0028575/trailers	 	3	0.816497	0.522879	1		
0	http://rdf.freebase.com/ns/common.topic.webpage	 	First Look: 'X3'; 'Angel' star Andy Hallett, 33, dies of heart failure	 	 	2007 Karlovy Vary International Film Festival; Trailer on Youtube	 	 	 	Locarno International Film Festival; Trailer on IMDb	 	3	0.805286	0.522879	1		
0	http://rdf.freebase.com/ns/fictional_universe.work_of_fiction.part_of_these_fictional_universes	 	Buffyverse	 	 	 	 	 	 	 	 	1	0.57735	1	1		
0	http://rdf.freebase.com/ns/fictional_universe.work_of_fiction.setting	 	Los Angeles	 	 	 	 	 	 	 	 	1	0.816497	1	1		
0	http://rdf.freebase.com/ns/freebase.valuenotation.is_reviewed	 	Program creator	 	 	 	 	 	 	 	 	1	0.57735	1	1		
0	http://rdf.freebase.com/ns/kg.object_profile.prominent_type	 	TV Program	 	 	Film	 	 	 	Film	 	3	0.57735	0.522879	1		
0	http://rdf.freebase.com/ns/media_common.adapted_work.adaptations	 	Redemption	 	 	 	 	 	 	 	 	1	0.57735	1	1		
2	http://rdf.freebase.com/ns/tv.tv_program.country_of_origin;http://www.wikidata.org/entity/P495c;http://rdf.freebase.com/ns/film.film.country;http://yago-knowledge.org/resource/isLocatedIn	 	United States of America	United States of America	 	United Kingdom	United Kingdom	United Kingdom	 	United States of America	United States	7	0.348155	0.154902	1		
0	http://rdf.freebase.com/ns/tv.tv_program.currently_in_production	 	FALSE	 	 	 	 	 	 	 	 	1	0.57735	1	1		
0	http://rdf.freebase.com/ns/tv.tv_program.episode_running_time	 	42	 	 	 	 	 	 	 	 	1	0.816497	1	1		
0	http://rdf.freebase.com/ns/tv.tv_program.episodes	 	A Hole in the World; You're Welcome	 	 	 	 	 	 	 	 	1	0.816497	1	1		
0	http://rdf.freebase.com/ns/tv.tv_program.hulu_id	 	angel	 	 	 	 	 	 	 	 	1	0.57735	1	1		
0	http://rdf.freebase.com/ns/tv.tv_program.languages;http://www.wikidata.org/entity/P364c;http://rdf.freebase.com/ns/film.film.language	 	English Language	English	 	English Language	English	 	 	English Language	 	5	0.408248	0.30103	1		
0	http://rdf.freebase.com/ns/tv.tv_program.recurring_writers	 	Ben Edlund; David Fury	 	 	 	 	 	 	 	 	1	0.816497	1	1		
0	http://rdf.freebase.com/ns/tv.tv_program.seasons	 	Angel Season 1	 	 	 	 	 	 	 	 	1	0.816497	1	1		
0	http://rdf.freebase.com/ns/tv.tv_program.soundtrack	 	Angel: Live Fast, Die Never	 	 	 	 	 	 	 	 	1	0.57735	1	1		
0	http://rdf.freebase.com/ns/tv.tv_program.spun_off_from	 	Buffy the Vampire Slayer	 	 	 	 	 	 	 	 	1	0.57735	1	1		
0	http://rdf.freebase.com/ns/tv.tv_program.theme_song	 	Catharsis of Sufferance	 	 	 	 	 	 	 	 	1	0.57735	1	1		
0	http://rdf.freebase.com/ns/tv.tv_program.thetvdb_id	 	71035	 	 	 	 	 	 	 	 	1	0.57735	1	1		
1	http://rdf.freebase.com/ns/tv.tv_program.tv_producer;http://rdf.freebase.com/ns/film.film.produced_by;http://www.wikidata.org/entity/P162c;http://dbpedia.org/ontology/producer	 	David Greenwalt; Gail Berman	 	 	Marc Missonnier; Olivier Delbosc	Olivier Delbosc	 	Ernst Lubitsch	Ernst Lubitsch	 	5	0.68313	0.30103	1		
0	http://rdf.freebase.com/ns/tv.tv_program.tvrage_id	 	2610	 	 	 	 	 	 	 	 	1	0.57735	1	1		
0	http://rdf.freebase.com/ns/type.object.key	 	/authority/hulu/show/angel; /source/clicker/tv/angel	 	 	/authority/imdb/title/tt0783767; /source/cine21/movie/21230	 	 	 	/authority/imdb/title/tt0028575; /wikipedia/en/Anthony_Halton	 	3	0.816497	0.522879	1		
0	http://rdf.freebase.com/ns/type.object.name	 	Angel	 	 	Angel	 	 	 	Angel	 	3	0.57735	0.522879	1		
0	http://rdf.freebase.com/ns/type.object.type	 	Award-Nominated Work; Netflix Title	 	 	Adaptation; Netflix Title	 	 	 	Adaptation; Non-Agent	 	3	0.3849	0.522879	1		
0	http://rdf.freebase.com/ns/user.avh.default_domain.ellerdale_topic.ellerdale_id	 	0080-c8d2	 	 	 	 	 	 	 	 	1	0.57735	1	1		
0	http://www.wikidata.org/entity/P1267c	 	 	68	 	 	 	 	 	 	 	1	0.57735	1	1		
0	http://www.wikidata.org/entity/P1434c	 	 	Buffyverse	 	 	 	 	 	 	 	1	0.57735	1	1		
0	http://www.wikidata.org/entity/P1562c	 	 	v181391	 	 	 	 	 	 	 	1	0.57735	1	1		
0	http://www.wikidata.org/entity/P1811c	 	 	List of Angel episodes	 	 	 	 	 	 	 	1	0.57735	1	1		
0	http://www.wikidata.org/entity/P18c	 	 	http://commons.wikimedia.org/wiki/File:David_Boreanaz_May_2004.jpg	 	 	 	 	 	 	 	1	0.57735	1	1		
0	http://www.wikidata.org/entity/P227c	 	 	4668509-1	 	 	 	 	 	 	 	1	0.57735	1	1		
0	http://www.wikidata.org/entity/P2529c	 	 	68983	 	 	 	 	 	 	 	1	0.57735	1	1		
0	http://www.wikidata.org/entity/P2638c	 	 	shows/angel	 	 	 	 	 	 	 	1	0.57735	1	1		
0	http://www.wikidata.org/entity/P373c	 	 	Angel (TV series)	 	 	 	 	 	 	 	1	0.57735	1	1		
0	http://www.wikidata.org/entity/P449c	 	 	The WB	 	 	 	 	 	 	 	1	0.57735	1	1		
0	http://www.wikidata.org/entity/P646-freebase	 	 	Angel	 	 	Angel	 	 	 	 	2	0.57735	0.69897	1		
0	http://www.wikidata.org/entity/P646c	 	 	/m/0123qq	 	 	/m/03h39gy	 	 	 	 	2	0.816497	0.69897	1		
0	http://www.wikidata.org/entity/P840c	 	 	Los Angeles	 	 	 	 	 	 	 	1	0.57735	1	1		
0	http://www.wikidata.org/entity/P905c	 	 	38917	 	 	 	 	 	 	 	1	0.57735	1	1		
0	http://www.wikidata.org/entity/P910c	 	 	Category:Angel (TV series)	 	 	 	 	 	 	 	1	0.57735	1	1		
0	http://www.wikidata.org/entity/P915c	 	 	Ambassador Hotel	 	 	 	 	 	 	 	1	0.57735	1	1		
0	http://www.wikidata.org/entity/P935c	 	 	Angel (TV series)	 	 	 	 	 	 	 	1	0.57735	1	1		
2	http://dbpedia.org/ontology/cinematography;http://rdf.freebase.com/ns/film.film.cinematography;http://www.wikidata.org/entity/P344c	 	 	 	Denis Lenoir	Denis Lenoir	Denis Lenoir	 	Charles Lang	Charles Lang	 	5	0.258199	0.30103	1		
2	http://dbpedia.org/ontology/director;http://rdf.freebase.com/ns/film.film.directed_by;http://www.wikidata.org/entity/P57c	 	 	 	François Ozon	François Ozon	François Ozon	 	Ernst Lubitsch	Ernst Lubitsch	 	5	0.258199	0.30103	1		
0	http://dbpedia.org/ontology/gross	 	 	 	2822161	 	 	 	 	 	 	1	0.57735	1	1		
0	http://dbpedia.org/ontology/wikiPageExternalLink	 	 	 	http://www.francois-ozon.com/en/interviews-angel	 	 	 	 	 	 	1	0.57735	1	1		
2	http://dbpedia.org/ontology/writer;http://rdf.freebase.com/ns/film.film.story_by;http://rdf.freebase.com/ns/film.film.written_by;http://www.wikidata.org/entity/P58c	 	 	 	François Ozon	Elizabeth Taylor; François Ozon	Elizabeth Taylor; François Ozon	 	Frederick Lonsdale; Guy Bolton	Frederick Lonsdale; Guy Bolton	 	5	0.447214	0.30103	1		
1	http://rdf.freebase.com/key/authority.netflix.movie;http://rdf.freebase.com/ns/film.film.netflix_id;http://www.wikidata.org/entity/P1874c	 	 	 	 	70081081	70081081	 	 	 	 	2	0.57735	0.69897	1		
1	http://rdf.freebase.com/key/source.beyazperde.filmler;http://www.wikidata.org/entity/P1265c	 	 	 	 	110567	110567	 	 	 	 	2	0.57735	0.69897	1		
0	http://rdf.freebase.com/key/source.cine21.movie	 	 	 	 	21230	 	 	 	 	 	1	0.57735	1	1		
0	http://rdf.freebase.com/key/source.cineseoul.cinemaid	 	 	 	 	40492	 	 	 	 	 	1	0.57735	1	1		
0	http://rdf.freebase.com/key/source.daum.movieid	 	 	 	 	43047	 	 	 	 	 	1	0.57735	1	1		
0	http://rdf.freebase.com/key/source.maxmovie.m_id	 	 	 	 	M000046535	 	 	 	 	 	1	0.57735	1	1		
0	http://rdf.freebase.com/key/source.movist.mid	 	 	 	 	40153	 	 	 	 	 	1	0.57735	1	1		
0	http://rdf.freebase.com/key/source.nate.cinema_id	 	 	 	 	39866	 	 	 	 	 	1	0.57735	1	1		
0	http://rdf.freebase.com/key/source.sensacine.peliculas	 	 	 	 	110567	 	 	 	 	 	1	0.57735	1	1		
0	http://rdf.freebase.com/key/source.traileraddict.movie	 	 	 	 	angel	 	 	 	 	 	1	0.57735	1	1		
0	http://rdf.freebase.com/ns/common.topic.alias	 	 	 	 	Real Life of Angel Deverell	 	 	 	 	 	1	0.816497	1	1		
0	http://rdf.freebase.com/ns/common.topic.image	 	 	 	 	Angel poster	 	 	 	 	 	1	0.57735	1	1		
0	http://rdf.freebase.com/ns/film.film.costume_design_by	 	 	 	 	Pascaline Chavanne	 	 	 	Travis Banton	 	2	0.816497	0.69897	1		
0	http://rdf.freebase.com/ns/film.film.edited_by;http://dbpedia.org/ontology/editing	 	 	 	 	Muriel Breton	 	 	http://dbpedia.org/resource/William_Shea_(film_editor)	William Shea	 	3	0.816497	0.522879	1		
0	http://rdf.freebase.com/ns/film.film.estimated_budget	 	 	 	 	15000000	 	 	 	 	 	1	0.57735	1	1		
0	http://rdf.freebase.com/ns/film.film.film_festivals	 	 	 	 	2007 Karlovy Vary International Film Festival	 	 	 	2010 Locarno International Film Festival	 	2	0.816497	0.69897	1		
0	http://rdf.freebase.com/ns/film.film.film_format	 	 	 	 	35 mm film	 	 	 	 	 	1	0.57735	1	1		
0	http://rdf.freebase.com/ns/film.film.film_production_design_by	 	 	 	 	Katia Wyszkop	 	 	 	 	 	1	0.57735	1	1		
0	http://rdf.freebase.com/ns/film.film.release_date_s	 	 	 	 	2007	 	 	 	1937	 	2	0.816497	0.69897	1		
0	http://rdf.freebase.com/ns/film.film.soundtrack	 	 	 	 	Angel	 	 	 	 	 	1	0.57735	1	1		
0	http://rdf.freebase.com/ns/film.film.traileraddict_id	 	 	 	 	angel	 	 	 	 	 	1	0.57735	1	1		
0	http://rdf.freebase.com/ns/film.film.trailers	 	 	 	 	http://www.youtube.com/watch?v=ZLaQ4cOB6Fo	 	 	 	http://www.imdb.com/title/tt0028575/trailers	 	2	0.816497	0.69897	1		
1	http://rdf.freebase.com/ns/media_common.adaptation.adapted_from;http://www.wikidata.org/entity/P144c	 	 	 	 	Angel	Angel	 	 	Angyal	 	3	0.57735	0.522879	1		
0	http://www.w3.org/2004/02/skos/core#altLabel	 	 	 	 	 	Real Life of Angel Deverell	 	 	 	 	1	0.57735	1	1		
0	http://www.wikidata.org/entity/P1476c	 	 	 	 	 	Angel	 	 	 	 	1	0.57735	1	1		
0	http://www.wikidata.org/entity/P1804c	 	 	 	 	 	55240	 	 	 	 	1	0.57735	1	1		
0	http://www.wikidata.org/entity/P1970c	 	 	 	 	 	40702	 	 	 	 	1	0.57735	1	1		
0	http://www.wikidata.org/entity/P2465c	 	 	 	 	 	327564	 	 	 	 	1	0.57735	1	1		
0	http://www.wikidata.org/entity/P2508c	 	 	 	 	 	38267	 	 	 	 	1	0.57735	1	1		
0	http://www.wikidata.org/entity/P480c	 	 	 	 	 	834719	 	 	 	 	1	0.57735	1	1		
0	http://www.w3.org/2004/02/skos/core#prefLabel	 	 	 	 	 	 	Angel (2007 film)	 	 	Angel (1937 film)	2	0.816497	0.69897	1		
0	http://yago-knowledge.org/resource/hasCitationTitle	 	 	 	 	 	 	Angel (2007)	 	 	Angel (Ernst Lubitsch, 1937)	2	0.816497	0.69897	1		
0	http://yago-knowledge.org/resource/hasWikipediaAnchorText	 	 	 	 	 	 	Angel - Interview François Ozon - Romola Garai - Michael Fassbender<!-- Bot generated title -->; Ang	 	 	Dennie Moore; William Shea	2	0.816497	0.69897	1		
0	http://yago-knowledge.org/resource/hasWikipediaArticleLength	 	 	 	 	 	 	7111	 	 	6768	2	0.816497	0.69897	1		
0	http://yago-knowledge.org/resource/hasWikipediaUrl	 	 	 	 	 	 	http://en.wikipedia.org/wiki/Angel_%282007_film%29	 	 	http://en.wikipedia.org/wiki/Angel_%281937_film%29	2	0.816497	0.69897	1		
0	http://yago-knowledge.org/resource/linksTo	 	 	 	 	 	 	Alison Pargeter; Cinsyla Key	 	 	Dennie Moore; World War II	2	0.816497	0.69897	1		
0	http://rdf.freebase.com/key/source.rottentomatoes.movie	 	 	 	 	 	 	 	 	1053043-angel	 	1	0.57735	1	1		
0	http://rdf.freebase.com/key/source.showtimes.intl.movie	 	 	 	 	 	 	 	 	0x384b312c1c887f9b	 	1	0.57735	1	1		
0	http://rdf.freebase.com/ns/award.ranked_item.appears_in_ranked_lists	 	 	 	 	 	 	 	 	http://rdf.freebase.com/ns/m.0bsl3vv	 	1	0.57735	1	1		
0	http://rdf.freebase.com/ns/base.schemastaging.context_name.pronunciation	 	 	 	 	 	 	 	 	http://rdf.freebase.com/ns/g.125_q5671	 	1	0.57735	1	1		
0	http://rdf.freebase.com/ns/film.film.film_art_direction_by	 	 	 	 	 	 	 	 	Hans Dreier; Robert Usher	 	1	0.816497	1	1		
0	http://rdf.freebase.com/ns/film.film.production_companies	 	 	 	 	 	 	 	 	Paramount Pictures	 	1	0.57735	1	1		
0	http://rdf.freebase.com/ns/film.film.rottentomatoes_id	 	 	 	 	 	 	 	 	1053043-angel	 	1	0.57735	1	1		
0	http://yago-knowledge.org/resource/redirectedFrom	 	 	 	 	 	 	 	 	 	Anthony Halton; Maria Barker	1	0.816497	1	1		
