score	dataset	dbpedia	freebase	wikidata	dbpedia	freebase	wikidata	dbpedia	freebase	wikidata	yago-knowledge						
	entity	http://dbpedia.org/resource/King_Arthur_and_the_Knights_of_Justice	http://rdf.freebase.com/ns/m.05ybkr	http://www.wikidata.org/entity/Q2574056	http://dbpedia.org/resource/King_Arthur_(film)	http://rdf.freebase.com/ns/m.034r25	http://www.wikidata.org/entity/Q337090	http://dbpedia.org/resource/Arthur_(TV_series)	http://rdf.freebase.com/ns/m.0px0r	http://www.wikidata.org/entity/Q1056342	http://yago-knowledge.org/resource/Arthur_(TV_series)						
0	http://dbpedia.org/ontology/Work/runtime;http://dbpedia.org/ontology/runtime;http://rdf.freebase.com/ns/film.film.runtime;http://www.wikidata.org/entity/P2047c	22	 	 	126	119	125	-26	 	 	 	5	0.767948	0.30103	1		
0	http://dbpedia.org/ontology/abstract	King Arthur and the Knights of Justice is an American cartoon series produced by Golden Films, C&D (	 	 	King Arthur is a 2004 action adventure film directed by Antoine Fuqua and written by David Franzoni.	 	 	Arthur is a Canadian/American animated educational television series for children, created by Cookie	 	 	 	3	0.816497	0.522879	1		
0	http://dbpedia.org/ontology/author	Jean Chalopin	 	 	 	 	 	 	 	 	 	1	0.57735	1	1		
0	http://dbpedia.org/ontology/channel	Television syndication	 	 	 	 	 	 	 	 	 	1	0.57735	1	1		
0	http://dbpedia.org/ontology/company	Golden Films	 	 	 	 	 	9 Story Media Group; Cookie Jar Entertainment	 	 	 	2	0.816497	0.69897	1		
0	http://dbpedia.org/ontology/completionDate;http://rdf.freebase.com/ns/tv.tv_program.air_date_of_final_episode	1993/12/12	1993/12/12	 	 	 	 	 	 	 	 	2	0.57735	0.69897	1		
2	http://dbpedia.org/ontology/composer;http://www.wikidata.org/entity/P86c;http://dbpedia.org/ontology/musicComposer;http://rdf.freebase.com/ns/film.film.music	Shuki Levy	 	Shuki Levy	Hans Zimmer	Hans Zimmer; Lisa Gerrard	Hans Zimmer	 	 	 	 	5	0.48795	0.30103	1		
0	http://dbpedia.org/ontology/creativeDirector	Stephan Martinière	 	 	 	 	 	 	 	 	 	1	0.57735	1	1		
2	http://dbpedia.org/ontology/creator;http://rdf.freebase.com/ns/tv.tv_program.program_creator;http://www.wikidata.org/entity/P170c	Jean Chalopin	Jean Chalopin	Jean Chalopin	 	 	 	Marc Brown (author)	Cookie Jar Group	Cookie Jar Group	 	6	0.471405	0.221849	1		
1	http://dbpedia.org/ontology/director;http://rdf.freebase.com/ns/film.film.directed_by;http://www.wikidata.org/entity/P57c	Michael Donovan; Stephan Martinière	 	 	Antoine Fuqua	Antoine Fuqua	Antoine Fuqua	 	 	 	 	4	0.57735	0.39794	1		
0	http://dbpedia.org/ontology/distributor;http://rdf.freebase.com/ns/film.film.distributors	Golden Films	 	 	Walt Disney Studios Motion Pictures	Walt Disney Studios Motion Pictures	 	 	 	 	 	3	0.68313	0.522879	1		
0	http://dbpedia.org/ontology/executiveProducer	Jean Chalopin	 	 	 	 	 	Micheline Charest	 	 	 	2	0.816497	0.69897	1		
2	http://dbpedia.org/ontology/genre;http://rdf.freebase.com/ns/tv.tv_program.genre;http://www.wikidata.org/entity/P136c;http://rdf.freebase.com/ns/film.film.genre;http://rdf.freebase.com/ns/media_common.netflix_title.netflix_genres	Action (fiction); Adventure fiction	Animation	fantasy television	 	Historical period drama; Military Action & Adventure	action film	 	Animated sitcom; Book Characters	animated sitcom; children's television series	 	7	0.712444	0.154902	1		
2	http://dbpedia.org/ontology/numberOfEpisodes;http://rdf.freebase.com/ns/tv.tv_program.number_of_episodes;http://www.wikidata.org/entity/P1113c	26	26	26	 	 	 	232	195	195	 	6	0.408248	0.221849	1		
2	http://dbpedia.org/ontology/numberOfSeasons;http://rdf.freebase.com/ns/tv.tv_program.number_of_seasons;http://www.wikidata.org/entity/P2437c	2	2	2	 	 	 	21	16	15	 	6	0.57735	0.221849	1		
1	http://dbpedia.org/ontology/producer;http://rdf.freebase.com/ns/tv.tv_program.tv_producer;http://rdf.freebase.com/ns/film.film.produced_by;http://www.wikidata.org/entity/P162c	Mark Taylor (television)	Diane Eskenazi	 	Jerry Bruckheimer	Jerry Bruckheimer	Jerry Bruckheimer	 	Toper Taylor; Andrew Porporino	 	 	6	0.774597	0.221849	1		
3	http://dbpedia.org/ontology/releaseDate;http://rdf.freebase.com/ns/tv.tv_program.air_date_of_first_episode;http://rdf.freebase.com/ns/film.film.initial_release_date;http://www.wikidata.org/entity/P577c;http://www.wikidata.org/entity/P580c;http://yago-knowledge.org/resource/wasCreatedOnDate	1992/9/13	1992/9/13	 	2004/7/7	2004/6/28	2004/7/7	1996/9/2	1996/9/2	1996/9/2	1996/9/2	9	0.333333	0.045757	1		
0	http://dbpedia.org/ontology/voice	Andrew Kavadas; Garry Chalk	 	 	 	 	 	 	 	 	 	1	0.816497	1	1		
0	http://dbpedia.org/ontology/wikiPageExternalLink	http://www.bknkids.com/kingarthur.shtml	 	 	 	 	 	http://pbskids.org/arthur; http://www.bbc.co.uk/cbbc/shows/arthur	 	 	 	2	0.816497	0.69897	1		
2	http://dbpedia.org/ontology/wikiPageID;http://rdf.freebase.com/key/wikipedia.en_id	1804821	1804821	 	709510	709510	 	102210	102210	 	 	6	0.408248	0.221849	1		
0	http://dbpedia.org/ontology/wikiPageLength	18577	 	 	35055	 	 	41337	 	 	 	3	0.816497	0.522879	1		
0	http://dbpedia.org/ontology/wikiPageOutDegree	130	 	 	288	 	 	267	 	 	 	3	0.816497	0.522879	1		
0	http://dbpedia.org/ontology/wikiPageRevisionID	741524248	 	 	744870202	 	 	744487082	 	 	 	3	0.816497	0.522879	1		
0	http://purl.org/dc/terms/subject	1990s American animated television series; 1993 comics debuts	 	 	2000s adventure films; American epic films	 	 	1990s American animated television series; Ici Radio-Canada Télé network shows	 	 	 	3	0.78817	0.522879	1		
0	http://www.w3.org/1999/02/22-rdf-syntax-ns#type;http://www.wikidata.org/entity/P31c	CreativeWork; television program	Inanimate; TV Program	television series	CreativeWork; http://dbpedia.org/ontology/Wikidata:Q11424	Award-Nominated Work; Netflix Title	film	CreativeWork; television program	Award-Nominated Work; Netflix Title	children's television series	wikicat 1996 television series debuts; wordnet message 106598915	10	0.571175	0	1		
2	http://www.w3.org/2000/01/rdf-schema#comment;http://rdf.freebase.com/ns/common.topic.description	King Arthur and the Knights of Justice is an American cartoon series produced by Golden Films, C&D (	King Arthur and the Knights of Justice is an American cartoon series produced by Golden Films, C&D E	 	King Arthur is a 2004 action adventure film directed by Antoine Fuqua and written by David Franzoni.	King Arthur is a 2004 action adventure film directed by Antoine Fuqua and written by David Franzoni.	 	Arthur is a Canadian/American animated educational television series for children, created by Cookie	Arthur is a Canadian/American animated educational television series for children, created by Cookie	 	 	6	0.57735	0.221849	1		
2	http://www.w3.org/2000/01/rdf-schema#label	King Arthur and the Knights of Justice	King Arthur and the Knights of Justice	King Arthur & the Knights of Justice	King Arthur (film)	King Arthur	King Arthur	Arthur (TV series)	Arthur	Arthur	Arthur (TV series)	10	0.460566	0	1		
0	http://www.w3.org/2002/07/owl#sameAs	 	 	 	 	 	 	 	 	 	 	0	NaN	Infinity	0		
0	http://www.w3.org/ns/prov#wasDerivedFrom	http://en.wikipedia.org/wiki/King_Arthur_and_the_Knights_of_Justice?oldid=741524248	 	 	http://en.wikipedia.org/wiki/King_Arthur_(film)?oldid=744870202	 	 	http://en.wikipedia.org/wiki/Arthur_(TV_series)?oldid=744487082	 	 	 	3	0.816497	0.522879	1		
2	http://xmlns.com/foaf/0.1/homepage;http://rdf.freebase.com/ns/common.topic.official_website;http://www.wikidata.org/entity/P856c	http://www.bknkids.com/kingarthur.shtml	 	 	 	http://video.movies.go.com/kingarthur/mainsite.html	http://video.movies.go.com/kingarthur/mainsite.html	http://pbskids.org/arthur/	http://www.pbskids.org/arthur/	http://www.pbskids.org/arthur/	 	6	0.57735	0.221849	1		
1	http://xmlns.com/foaf/0.1/isPrimaryTopicOf;http://rdf.freebase.com/ns/common.topic.topic_equivalent_webpage	http://en.wikipedia.org/wiki/King_Arthur_and_the_Knights_of_Justice	http://en.wikipedia.org/wiki/King_Arthur_and_the_Knights_of_Justice; http://pl.wikipedia.org/wiki/Kr	 	http://en.wikipedia.org/wiki/King_Arthur_(film)	http://ar.wikipedia.org/wiki/%27%44%45%44%43_%22%31%2B%31_(%41%4A%44%45); http://www.movli.com/movie	 	http://en.wikipedia.org/wiki/Arthur_(TV_series)	http://de.wikipedia.org/wiki/Erdferkel_Arthur_und_seine_Freunde; http://www.kinopoisk.ru/level/1/fil	 	 	6	0.801901	0.221849	1		
0	http://xmlns.com/foaf/0.1/name	King Arthur; and the Knights of Justice	 	 	King Arthur	 	 	Arthur	 	 	 	3	0.645497	0.522879	1		
2	http://rdf.freebase.com/key/authority.imdb.title;http://rdf.freebase.com/ns/imdb.topic.title_id;http://www.wikidata.org/entity/P345c	 	tt0292411	tt0292411	 	tt0349683	tt0349683	 	tt0169414	tt0169414	 	6	0	0.221849	1		
0	http://rdf.freebase.com/key/authority.thetvdb.series	 	70453	 	 	 	 	 	74678	 	 	2	0.816497	0.69897	1		
0	http://rdf.freebase.com/key/authority.tvrage.series_numeric	 	4131	 	 	 	 	 	2652	 	 	2	0.816497	0.69897	1		
1	http://rdf.freebase.com/key/en	 	king_arthur_and_the_knights_of_justice	 	 	king_arthur_2004	 	 	arthur	 	 	3	0.816497	0.522879	1		
0	http://rdf.freebase.com/key/user.ovguide.tvdb_show_id	 	70453	 	 	 	 	 	74678	 	 	2	0.816497	0.69897	1		
1	http://rdf.freebase.com/key/wikipedia.en	 	King_Arthur_&_The_Knights_of_Justice	 	 	King_Arthur_(2004_movie)	 	 	Arthur_(children's_literature); Arthur_the_tv_show	 	 	3	0.816497	0.522879	1		
1	http://rdf.freebase.com/key/wikipedia.en_title	 	King_Arthur_and_the_Knights_of_Justice	 	 	King_Arthur_(film)	 	 	Arthur_(TV_series)	 	 	3	0.816497	0.522879	1		
0	http://rdf.freebase.com/ns/common.topic.alias	 	King Arthur & the Knights of Justice	 	 	King Arthur: Director's Cut	 	 	 	 	 	2	0.816497	0.69897	1		
2	http://rdf.freebase.com/ns/common.topic.article;http://schema.org/description	 	King Arthur & the Knights of Justice is a Sunday morning, syndicated animated series which lasted fo	US 1992-1993 animated TV series	 	King Arthur is a 2004 film directed by Antoine Fuqua and written by David Franzoni. It stars Clive O	2004 American film	 	Arthur is an American/Canadian animated educational television series for children, created by Cooki	Canadian/American animated educational television series for children	 	6	0.816497	0.221849	1		
0	http://rdf.freebase.com/ns/common.topic.notable_for	 	Animated TV Program	 	 	Action/Adventure Film	 	 	Children's TV Program	 	 	3	0.816497	0.522879	1		
0	http://rdf.freebase.com/ns/common.topic.notable_types	 	TV Program	 	 	Film	 	 	TV Program	 	 	3	0.57735	0.522879	1		
0	http://rdf.freebase.com/ns/kg.object_profile.prominent_type	 	TV Program	 	 	Film	 	 	TV Program	 	 	3	0.57735	0.522879	1		
3	http://rdf.freebase.com/ns/tv.tv_program.country_of_origin;http://www.wikidata.org/entity/P495c;http://dbpedia.org/ontology/country;http://rdf.freebase.com/ns/film.film.country;http://yago-knowledge.org/resource/isLocatedIn	 	United States of America	United States of America	Republic of Ireland	Republic of Ireland; United States of America	United States of America	 	United States of America	United States of America	United States	8	0.154303	0.09691	1		
0	http://rdf.freebase.com/ns/tv.tv_program.currently_in_production	 	TRUE	 	 	 	 	 	TRUE	 	 	2	0.57735	0.69897	1		
0	http://rdf.freebase.com/ns/tv.tv_program.episode_running_time	 	22	 	 	 	 	 	30	 	 	2	0.57735	0.69897	1		
0	http://rdf.freebase.com/ns/tv.tv_program.episodes	 	Winter Campaign; A Matter of Honor	 	 	 	 	 	1001 Dads / Prunella's Prediction; All Thumbs / Kidonia	 	 	2	0.816497	0.69897	1		
0	http://rdf.freebase.com/ns/tv.tv_program.languages;http://www.wikidata.org/entity/P364c;http://dbpedia.org/ontology/language;http://rdf.freebase.com/ns/film.film.language	 	English Language	English	Scottish Gaelic language	English Language; Scottish Gaelic	English	 	English Language	English	 	7	0.550482	0.154902	1		
2	http://rdf.freebase.com/ns/tv.tv_program.regular_cast;http://dbpedia.org/ontology/starring;http://rdf.freebase.com/ns/film.film.starring;http://www.wikidata.org/entity/P161c	 	Andrew Kavadas; Garry Chalk	 	Clive Owen; Ioan Gruffudd	Brian McGuinness; Daire McCormack	Charlie Creed-Miles; Ioan Gruffudd	 	A.J. Henderson; Alan Cumming	A.J. Henderson; Alan Cumming	 	6	0.543557	0.221849	1		
0	http://rdf.freebase.com/ns/tv.tv_program.seasons	 	King Arthur & the Knights of Justice - Season 2	 	 	 	 	 	Arthur - Season 20; List of Arthur episodes	 	 	2	0.816497	0.69897	1		
0	http://rdf.freebase.com/ns/tv.tv_program.thetvdb_id	 	70453	 	 	 	 	 	74678	 	 	2	0.816497	0.69897	1		
0	http://rdf.freebase.com/ns/tv.tv_program.tvrage_id	 	4131	 	 	 	 	 	2652	 	 	2	0.816497	0.69897	1		
0	http://rdf.freebase.com/ns/type.object.key	 	/authority/imdb/title/tt0292411; /authority/thetvdb/series/70453	 	 	/authority/imdb/title/tt0349683; /source/cine21/movie/8721	 	 	/wikipedia/en/Button_island; /authority/daylife/topic/04fd429eti9Ee	 	 	3	0.816497	0.522879	1		
0	http://rdf.freebase.com/ns/type.object.name	 	King Arthur and the Knights of Justice	 	 	King Arthur	 	 	Arthur	 	 	3	0.816497	0.522879	1		
0	http://rdf.freebase.com/ns/type.object.type	 	Inanimate; TV Program	 	 	Award-Nominated Work; Netflix Title	 	 	Award-Nominated Work; Netflix Title	 	 	3	0.326599	0.522879	1		
0	http://www.wikidata.org/entity/P1267c	 	 	5485	 	 	 	 	 	5973	 	2	0.816497	0.69897	1		
0	http://www.wikidata.org/entity/P646-freebase	 	 	King Arthur and the Knights of Justice	 	 	King Arthur	 	 	Arthur	 	3	0.816497	0.522879	1		
0	http://www.wikidata.org/entity/P646c	 	 	/m/05ybkr	 	 	/m/034r25	 	 	/m/0px0r	 	3	0.816497	0.522879	1		
0	http://dbpedia.org/ontology/budget	 	 	 	120000000	 	 	 	 	 	 	1	0.57735	1	1		
1	http://dbpedia.org/ontology/cinematography;http://rdf.freebase.com/ns/film.film.cinematography;http://www.wikidata.org/entity/P344c	 	 	 	Slawomir Idziak	Sławomir Idziak	Sławomir Idziak	 	 	 	 	3	0.57735	0.522879	1		
1	http://dbpedia.org/ontology/editing;http://rdf.freebase.com/ns/film.film.edited_by;http://www.wikidata.org/entity/P1040c	 	 	 	Conrad Buff	Conrad Buff IV; Jamie Pearson	Conrad Buff IV	 	 	 	 	3	0.645497	0.522879	1		
0	http://dbpedia.org/ontology/gross	 	 	 	203600000	 	 	 	 	 	 	1	0.57735	1	1		
1	http://dbpedia.org/ontology/writer;http://rdf.freebase.com/ns/film.film.written_by;http://www.wikidata.org/entity/P58c	 	 	 	David Franzoni	David Franzoni	David Franzoni	 	 	 	 	3	0.57735	0.522879	1		
0	http://rdf.freebase.com/key/authority.netflix.api	 	 	 	 	http://api.netflix.com/catalog/titles/movies/60036234	 	 	http://api.netflix.com/catalog/titles/series/70090100	 	 	2	0.816497	0.69897	1		
1	http://rdf.freebase.com/key/authority.netflix.movie;http://rdf.freebase.com/ns/film.film.netflix_id;http://www.wikidata.org/entity/P1874c	 	 	 	 	60036234	60036234	 	 	 	 	2	0.57735	0.69897	1		
0	http://rdf.freebase.com/key/authority.netflix.tiny	 	 	 	 	ApUja	 	 	VoRuO	 	 	2	0.816497	0.69897	1		
0	http://rdf.freebase.com/key/base.ranker.rankerurlname	 	 	 	 	king-arthur/1377774	 	 	arthur/495515	 	 	2	0.816497	0.69897	1		
1	http://rdf.freebase.com/key/source.allocine.ca.film;http://rdf.freebase.com/key/source.allocine.fr.film;http://rdf.freebase.com/key/source.screenrush.films;http://www.wikidata.org/entity/P1265c	 	 	 	 	50356	50356	 	 	 	 	2	0.57735	0.69897	1		
0	http://rdf.freebase.com/key/source.cine21.movie	 	 	 	 	8721	 	 	 	 	 	1	0.57735	1	1		
0	http://rdf.freebase.com/key/source.cineseoul.cinemaid	 	 	 	 	19383	 	 	 	 	 	1	0.57735	1	1		
0	http://rdf.freebase.com/key/source.clicker.film	 	 	 	 	king-arthur	 	 	 	 	 	1	0.816497	1	1		
0	http://rdf.freebase.com/key/source.daum.movieid	 	 	 	 	39332	 	 	 	 	 	1	0.57735	1	1		
0	http://rdf.freebase.com/key/source.entertainmentweekly.mediaproduct	 	 	 	 	MovieKingArthur	 	 	 	 	 	1	0.57735	1	1		
0	http://rdf.freebase.com/key/source.filmstarts.kritiken	 	 	 	 	37318-King-Arthur	 	 	 	 	 	1	0.57735	1	1		
0	http://rdf.freebase.com/key/source.maxmovie.m_id	 	 	 	 	M000018799	 	 	 	 	 	1	0.57735	1	1		
0	http://rdf.freebase.com/key/source.metacritic.movie	 	 	 	 	kingarthur	 	 	 	 	 	1	0.57735	1	1		
0	http://rdf.freebase.com/key/source.movist.mid	 	 	 	 	8812	 	 	 	 	 	1	0.57735	1	1		
0	http://rdf.freebase.com/key/source.nate.cinema_id	 	 	 	 	19383	 	 	 	 	 	1	0.57735	1	1		
0	http://rdf.freebase.com/key/source.traileraddict.embed	 	 	 	 	3163	 	 	 	 	 	1	0.57735	1	1		
0	http://rdf.freebase.com/key/source.traileraddict.movie	 	 	 	 	king-arthur	 	 	 	 	 	1	0.57735	1	1		
0	http://rdf.freebase.com/key/source.videosurf	 	 	 	 	79630	 	 	 	 	 	1	0.57735	1	1		
0	http://rdf.freebase.com/key/user.avh.ellerdale	 	 	 	 	009b-dffe	 	 	0080-3563	 	 	2	0.816497	0.69897	1		
0	http://rdf.freebase.com/ns/award.award_nominated_work.award_nominations	 	 	 	 	Teen Choice Award for Choice Movie Actress: Action Adventure/Thriller	 	 	Daytime Emmy Award for Outstanding Achievement in Music Direction And Composition; Gemini Award for 	 	 	2	0	0.69897	1		
0	http://rdf.freebase.com/ns/base.wfilmbase.film.w_id	 	 	 	 	http://rdf.freebase.com/ns/m.0599stw	 	 	 	 	 	1	0.57735	1	1		
0	http://rdf.freebase.com/ns/common.topic.webpage	 	 	 	 	''Spider-Man'' sticks around at No. 1; Meet the new James Bond villain	 	 	http://rdf.freebase.com/ns/m.0djj55x; http://rdf.freebase.com/ns/m.0gb1bp7	 	 	2	0.68313	0.69897	1		
0	http://rdf.freebase.com/ns/film.film.costume_design_by	 	 	 	 	Penny Rose	 	 	 	 	 	1	0.57735	1	1		
0	http://rdf.freebase.com/ns/film.film.estimated_budget	 	 	 	 	90000000	 	 	 	 	 	1	0.57735	1	1		
0	http://rdf.freebase.com/ns/film.film.executive_produced_by	 	 	 	 	Chad Oman; Mike Stenson	 	 	 	 	 	1	0.816497	1	1		
0	http://rdf.freebase.com/ns/film.film.film_art_direction_by	 	 	 	 	Anna Rackard; Yann Biquand	 	 	 	 	 	1	0.816497	1	1		
0	http://rdf.freebase.com/ns/film.film.film_casting_director	 	 	 	 	Michelle Guish; Ronna Kress	 	 	 	 	 	1	0.816497	1	1		
0	http://rdf.freebase.com/ns/film.film.film_format	 	 	 	 	Super 35	 	 	 	 	 	1	0.57735	1	1		
0	http://rdf.freebase.com/ns/film.film.film_production_design_by	 	 	 	 	Dan Weil	 	 	 	 	 	1	0.57735	1	1		
0	http://rdf.freebase.com/ns/film.film.film_set_decoration_by	 	 	 	 	Olivia Bloch-Lainé	 	 	 	 	 	1	0.57735	1	1		
0	http://rdf.freebase.com/ns/film.film.metacritic_id	 	 	 	 	kingarthur	 	 	 	 	 	1	0.57735	1	1		
0	http://rdf.freebase.com/ns/film.film.other_crew	 	 	 	 	http://rdf.freebase.com/ns/m.0chlfd5	 	 	 	 	 	1	0.816497	1	1		
0	http://rdf.freebase.com/ns/film.film.production_companies;http://www.wikidata.org/entity/P272c	 	 	 	 	Jerry Bruckheimer Films; Touchstone Pictures	Jerry Bruckheimer Productions; Walt Disney Studios Motion Pictures	 	 	 	 	2	0.68313	0.69897	1		
0	http://rdf.freebase.com/ns/film.film.release_date_s	 	 	 	 	2004/7/7	 	 	 	 	 	1	0.816497	1	1		
0	http://rdf.freebase.com/ns/film.film.rottentomatoes_id	 	 	 	 	1133964-king_arthur	 	 	 	 	 	1	0.57735	1	1		
0	http://rdf.freebase.com/ns/film.film.soundtrack	 	 	 	 	King Arthur: Original Score	 	 	 	 	 	1	0.57735	1	1		
0	http://rdf.freebase.com/ns/film.film.subjects	 	 	 	 	Anglo-Saxon England	 	 	 	 	 	1	0.816497	1	1		
0	http://rdf.freebase.com/ns/film.film.tagline	 	 	 	 	Rule Your Fate	 	 	 	 	 	1	0.57735	1	1		
0	http://rdf.freebase.com/ns/film.film.traileraddict_id	 	 	 	 	king-arthur	 	 	 	 	 	1	0.57735	1	1		
0	http://rdf.freebase.com/ns/user.avh.default_domain.ellerdale_topic.ellerdale_id	 	 	 	 	009b-dffe	 	 	0080-3563	 	 	2	0.816497	0.69897	1		
0	http://rdf.freebase.com/ns/user.robert.default_domain.rated_film.ew_rating	 	 	 	 	62	 	 	 	 	 	1	0.57735	1	1		
0	http://www.wikidata.org/entity/P1237c	 	 	 	 	 	kingarthur	 	 	 	 	1	0.57735	1	1		
0	http://www.wikidata.org/entity/P1258c	 	 	 	 	 	m/1133964-king_arthur	 	 	 	 	1	0.57735	1	1		
0	http://www.wikidata.org/entity/P1476c	 	 	 	 	 	King Arthur	 	 	 	 	1	0.57735	1	1		
0	http://www.wikidata.org/entity/P154c	 	 	 	 	 	http://commons.wikimedia.org/wiki/File:King_Arthur_Logo.svg	 	 	 	 	1	0.57735	1	1		
0	http://www.wikidata.org/entity/P1562c	 	 	 	 	 	v288380	 	 	 	 	1	0.57735	1	1		
0	http://www.wikidata.org/entity/P1804c	 	 	 	 	 	40619	 	 	 	 	1	0.57735	1	1		
0	http://www.wikidata.org/entity/P1970c	 	 	 	 	 	16867	 	 	 	 	1	0.57735	1	1		
0	http://www.wikidata.org/entity/P2334c	 	 	 	 	 	58562	 	 	 	 	1	0.57735	1	1		
0	http://www.wikidata.org/entity/P2465c	 	 	 	 	 	319430	 	 	 	 	1	0.57735	1	1		
0	http://www.wikidata.org/entity/P2508c	 	 	 	 	 	34865	 	 	 	 	1	0.57735	1	1		
0	http://www.wikidata.org/entity/P2529c	 	 	 	 	 	116485	 	 	 	 	1	0.57735	1	1		
0	http://www.wikidata.org/entity/P480c	 	 	 	 	 	384968	 	 	 	 	1	0.57735	1	1		
0	http://www.wikidata.org/entity/P905c	 	 	 	 	 	64446	 	 	73217	 	2	0.816497	0.69897	1		
0	http://dbpedia.org/ontology/format	 	 	 	 	 	 	Dolby Surround; Standard-definition television	 	 	 	1	0.816497	1	1		
0	http://dbpedia.org/ontology/network;http://rdf.freebase.com/ns/tv.tv_program.original_network	 	 	 	 	 	 	PBS	http://rdf.freebase.com/ns/m.04ltlm8; http://rdf.freebase.com/ns/m.052b2d9	 	 	2	0.816497	0.69897	1		
0	http://dbpedia.org/ontology/openingTheme	 	 	 	 	 	 	Ziggy Marley and the Melody Makers	 	 	 	1	0.57735	1	1		
0	http://dbpedia.org/ontology/related	 	 	 	 	 	 	Postcards from Buster	 	 	 	1	0.57735	1	1		
0	http://dbpedia.org/ontology/thumbnail	 	 	 	 	 	 	http://en.wikipedia.org/wiki/Special:FilePath/Arthurlogo.png?width=300	 	 	 	1	0.57735	1	1		
0	http://xmlns.com/foaf/0.1/depiction	 	 	 	 	 	 	http://en.wikipedia.org/wiki/Special:FilePath/Arthurlogo.png	 	 	 	1	0.57735	1	1		
0	http://rdf.freebase.com/key/authority.daylife.topic	 	 	 	 	 	 	 	04fd429eti9Ee	 	 	1	0.57735	1	1		
0	http://rdf.freebase.com/key/authority.tvrage.series	 	 	 	 	 	 	 	Arthur	 	 	1	0.57735	1	1		
0	http://rdf.freebase.com/key/source.clicker.tv	 	 	 	 	 	 	 	arthur	 	 	1	0.57735	1	1		
0	http://rdf.freebase.com/key/source.kinopoisk.film	 	 	 	 	 	 	 	390383	 	 	1	0.57735	1	1		
0	http://rdf.freebase.com/ns/award.award_winning_work.awards_won;http://www.wikidata.org/entity/P166c	 	 	 	 	 	 	 	Daytime Emmy Award for Outstanding Achievement in Sound Mixing - Live Action and Animation	Daytime Emmy Award for Outstanding Game/Audience Participation Show	 	2	0.57735	0.69897	1		
0	http://rdf.freebase.com/ns/common.identity.clicker_tv_id	 	 	 	 	 	 	 	arthur	 	 	1	0.57735	1	1		
0	http://rdf.freebase.com/ns/common.identity.daylife_topic	 	 	 	 	 	 	 	04fd429eti9Ee	 	 	1	0.57735	1	1		
0	http://rdf.freebase.com/ns/tv.tv_program.recurring_writers	 	 	 	 	 	 	 	Bruce Akiyama; Claudia Silver	 	 	1	0.816497	1	1		
0	http://rdf.freebase.com/ns/tv.tv_program.spin_offs	 	 	 	 	 	 	 	Postcards from Buster	 	 	1	0.57735	1	1		
0	http://www.wikidata.org/entity/P2638c	 	 	 	 	 	 	 	 	shows/arthur	 	1	0.57735	1	1		
0	http://www.wikidata.org/entity/P449c	 	 	 	 	 	 	 	 	PBS	 	1	0.57735	1	1		
0	http://www.wikidata.org/entity/P910c	 	 	 	 	 	 	 	 	Category:Arthur (TV series)	 	1	0.57735	1	1		
0	http://www.w3.org/2004/02/skos/core#prefLabel	 	 	 	 	 	 	 	 	 	Arthur (TV series)	1	0.57735	1	1		
0	http://yago-knowledge.org/resource/hasCitationTitle	 	 	 	 	 	 	 	 	 	Arthur TV Show Review; 9 Story Entertainment	1	0.816497	1	1		
0	http://yago-knowledge.org/resource/hasWikipediaAnchorText	 	 	 	 	 	 	 	 	 	200 30-minute long episodes; Aaron Grunfeld	1	0.816497	1	1		
0	http://yago-knowledge.org/resource/hasWikipediaArticleLength	 	 	 	 	 	 	 	 	 	39235	1	0.57735	1	1		
0	http://yago-knowledge.org/resource/hasWikipediaUrl	 	 	 	 	 	 	 	 	 	http://en.wikipedia.org/wiki/Arthur_%28TV_series%29	1	0.57735	1	1		
0	http://yago-knowledge.org/resource/linksTo	 	 	 	 	 	 	 	 	 	3D computer graphics; A.J. Henderson	1	0.816497	1	1		
0	http://yago-knowledge.org/resource/redirectedFrom	 	 	 	 	 	 	 	 	 	Arthur (children's literature); Arthur the tv show	1	0.816497	1	1		
