score	dataset	dbpedia	freebase	wikidata	dbpedia	freebase	wikidata	dbpedia	freebase	wikidata	wikidata						
	entity	http://dbpedia.org/resource/Underworld:_Evolution	http://rdf.freebase.com/ns/m.0548xg	http://www.wikidata.org/entity/Q646025	http://dbpedia.org/resource/Underworld:_Awakening	http://rdf.freebase.com/ns/m.084h00h	http://www.wikidata.org/entity/Q680989	http://dbpedia.org/resource/Underworld_(film_series)	http://rdf.freebase.com/ns/m.02vzxsf	http://www.wikidata.org/entity/Q164804	http://www.wikidata.org/entity/Q82332						
3	http://dbpedia.org/ontology/Work/runtime;http://dbpedia.org/ontology/runtime;http://rdf.freebase.com/ns/film.film.runtime;http://www.wikidata.org/entity/P2047c	106	105	102	88	88	88	408	116	121	 	9	0.73598	0.045757	1		
0	http://dbpedia.org/ontology/abstract	Underworld: Evolution is a 2006 American action horror film directed by Len Wiseman. The film is a s	 	 	Underworld: Awakening (also known as Underworld 4) is a 2012 American 3D action horror film directed	 	 	Underworld is a series of action horror films directed by Len Wiseman, Patrick Tatopoulos, Måns Mårl	 	 	 	3	0.816497	0.522879	1		
0	http://dbpedia.org/ontology/budget	45000000	 	 	70000000	 	 	177000000	 	 	 	3	0.816497	0.522879	1		
3	http://dbpedia.org/ontology/cinematography;http://rdf.freebase.com/ns/film.film.cinematography;http://www.wikidata.org/entity/P344c	Simon Duggan	Simon Duggan	Simon Duggan	 	Scott Kevan	Scott Kevan	Tony Pierce-Roberts	Tony Pierce-Roberts	Tony Pierce-Roberts	 	8	0.204124	0.09691	1		
3	http://dbpedia.org/ontology/country;http://rdf.freebase.com/ns/film.film.country;http://www.wikidata.org/entity/P495c	United States	United States of America	United States of America	 	United States of America	United States of America	United Kingdom; United States	United States of America	United Kingdom	 	8	0.140028	0.09691	1		
3	http://dbpedia.org/ontology/director;http://rdf.freebase.com/ns/film.film.directed_by;http://www.wikidata.org/entity/P57c	Len Wiseman	Len Wiseman	Len Wiseman	Måns Mårlind	Björn Stein; Måns Mårlind	Måns Mårlind	Anna Foerster; Len Wiseman	Len Wiseman	Len Wiseman	Len Wiseman	10	0.154303	0	1		
0	http://dbpedia.org/ontology/distributor;http://rdf.freebase.com/ns/film.film.distributors;http://www.wikidata.org/entity/P750c	Screen Gems	Sony Pictures Entertainment	Screen Gems	Screen Gems	Columbia Pictures; Sony Pictures Entertainment	Sony Pictures Entertainment	Screen Gems	Columbia Pictures; Sony Pictures Entertainment	Screen Gems	Screen Gems	10	0.365148	0	1		
0	http://dbpedia.org/ontology/gross	111300000	 	 	160000000	 	 	458000000	 	 	 	3	0.816497	0.522879	1		
1	http://dbpedia.org/ontology/language;http://rdf.freebase.com/ns/film.film.language;http://www.wikidata.org/entity/P364c	Hungarian language	Hungarian language	Hungarian	 	English Language; Russian Language	English	Hungary	English Language	English	English	9	0.452911	0.045757	1		
3	http://dbpedia.org/ontology/musicComposer;http://rdf.freebase.com/ns/film.film.music;http://www.wikidata.org/entity/P86c	Marco Beltrami	Marco Beltrami	Marco Beltrami	Paul Haslinger	Paul Haslinger	Paul Haslinger	Marco Beltrami; Paul Haslinger	Paul Haslinger	Paul Haslinger	 	9	0.365148	0.045757	1		
3	http://dbpedia.org/ontology/producer;http://rdf.freebase.com/ns/film.film.produced_by;http://www.wikidata.org/entity/P162c	Danny McBride (writer); Gary Lucchesi	Danny McBride; Gary Lucchesi	Gary Lucchesi; Kevin Grevioux	Gary Lucchesi; Len Wiseman	Gary Lucchesi; Len Wiseman	Gary Lucchesi; Len Wiseman	Gary Lucchesi; Len Wiseman	Gary Lucchesi; Richard S. Wright	Gary Lucchesi; Tom Rosenberg	 	9	0.261968	0.045757	1		
3	http://dbpedia.org/ontology/starring;http://rdf.freebase.com/ns/film.film.starring;http://www.wikidata.org/entity/P161c	Derek Jacobi; Kate Beckinsale	Alexander Grant; Andrew Kavadas	Bill Nighy; Derek Jacobi	Kate Beckinsale; Michael Ealy	Catlin Adams; Christian Tessier	Bill Nighy; Catlin Adams	Kate Beckinsale	Bill Nighy; Kevin Grevioux	Bill Nighy; Kevin Grevioux	 	9	0.458984	0.045757	1		
0	http://dbpedia.org/ontology/wikiPageExternalLink	http://www.alltrailers.net/underworld-evolution.html	 	 	http://www.entertheunderworld.com	 	 	http://www.entertheunderworld.com/	 	 	 	3	0.816497	0.522879	1		
2	http://dbpedia.org/ontology/wikiPageID;http://rdf.freebase.com/key/wikipedia.en_id	1473196	1473196	 	30009835	30009835	 	12311469	452767	 	 	6	0.57735	0.221849	1		
0	http://dbpedia.org/ontology/wikiPageLength	16865	 	 	15458	 	 	59908	 	 	 	3	0.816497	0.522879	1		
0	http://dbpedia.org/ontology/wikiPageOutDegree	117	 	 	97	 	 	263	 	 	 	3	0.816497	0.522879	1		
0	http://dbpedia.org/ontology/wikiPageRevisionID	744895371	 	 	744921293	 	 	744899320	 	 	 	3	0.816497	0.522879	1		
3	http://dbpedia.org/ontology/writer;http://rdf.freebase.com/ns/film.film.story_by;http://rdf.freebase.com/ns/film.film.written_by;http://www.wikidata.org/entity/P58c	Danny McBride (writer)	Danny McBride; Kevin Grevioux	Danny McBride	J. Michael Straczynski; Len Wiseman	Allison Burnett; Danny McBride	J. Michael Straczynski; Len Wiseman	Allison Burnett; Danny McBride (writer)	Danny McBride; Kevin Grevioux	Danny McBride	 	9	0.303239	0.045757	1		
1	http://purl.org/dc/terms/subject;http://www.wikidata.org/entity/P921c	2000s action thriller films; American sequel films	 	 	American action thriller films; Columbia Pictures films	 	 	2003 introductions; Action films by series	 	revenge	 	4	0.672593	0.39794	1		
3	http://www.w3.org/1999/02/22-rdf-syntax-ns#type;http://www.wikidata.org/entity/P31c	CreativeWork; http://dbpedia.org/ontology/Wikidata:Q11424	Award-Nominated Work; Netflix Title	film	CreativeWork; http://dbpedia.org/ontology/Wikidata:Q11424	Netflix Title	film	CreativeWork; http://dbpedia.org/ontology/Wikidata:Q11424	Award-Nominated Work; Netflix Title	film	film series	10	0.132453	0	1		
2	http://www.w3.org/2000/01/rdf-schema#comment;http://rdf.freebase.com/ns/common.topic.description	Underworld: Evolution is a 2006 American action horror film directed by Len Wiseman. The film is a s	Underworld: Evolution is an American action-vampire film directed by Len Wiseman. It is the second i	 	Underworld: Awakening (also known as Underworld 4) is a 2012 American 3D action horror film directed	Underworld 4 is a 2012 action horror film written by J. Michael Straczynski and directed by Björn St	 	Underworld is a series of action horror films directed by Len Wiseman, Patrick Tatopoulos, Måns Mårl	Underworld is a 2003 action horror film directed by Len Wiseman about the secret history of Vampires	 	 	6	0.816497	0.221849	1		
2	http://www.w3.org/2000/01/rdf-schema#label	Underworld: Evolution	Underworld: Evolution	Underworld: Evolution	Underworld: Awakening	Underworld: Awakening	Underworld: Awakening	Underworld (film series)	Underworld	Underworld	Underworld	10	0.258199	0	1		
0	http://www.w3.org/2002/07/owl#sameAs	 	 	 	 	 	 	Underworld	 	 	 	1	0.57735	1	0		
0	http://www.w3.org/ns/prov#wasDerivedFrom	http://en.wikipedia.org/wiki/Underworld:_Evolution?oldid=744895371	 	 	http://en.wikipedia.org/wiki/Underworld:_Awakening?oldid=744921293	 	 	http://en.wikipedia.org/wiki/Underworld_(film_series)?oldid=744899320	 	 	 	3	0.816497	0.522879	1		
3	http://xmlns.com/foaf/0.1/homepage;http://rdf.freebase.com/ns/common.topic.official_website;http://www.wikidata.org/entity/P856c	http://www.sonypictures.com/movies/underworldevolution/site/home.html	http://www.lakeshoreentertainment.com/#21840	http://www.sonypictures.com/movies/underworldevolution/site/home.html	http://www.entertheunderworld.com	http://www.entertheunderworld.com/	http://www.entertheunderworld.com	http://www.entertheunderworld.com/	http://www.lakeshore-records.com/underworld/pop.html	http://www.sonypictures.com/homevideo/underworld/	http://www.entertheunderworld.com/	10	0.550482	0	1		
1	http://xmlns.com/foaf/0.1/isPrimaryTopicOf;http://rdf.freebase.com/ns/common.topic.topic_equivalent_webpage	http://en.wikipedia.org/wiki/Underworld:_Evolution	http://ar.wikipedia.org/wiki/%27%44%39%27%44%45_%27%44%33%41%44%4A:_%2A%37%48%31; http://www.imdb.co	 	http://en.wikipedia.org/wiki/Underworld:_Awakening	http://ar.wikipedia.org/wiki/%27%44%39%27%44%45_%27%44%33%41%44%4A:_%27%44%35%2D%48%29_(%41%4A%44%45	 	http://en.wikipedia.org/wiki/Underworld_(film_series)	http://cs.wikipedia.org/wiki/index.html?curid=1016667; http://fi.wikipedia.org/wiki/Varjojen_valtaku	 	 	6	0.810093	0.221849	1		
0	http://xmlns.com/foaf/0.1/name	Underworld: Evolution	 	 	Underworld: Awakening	 	 	Underworld	 	 	 	3	0.816497	0.522879	1		
2	http://rdf.freebase.com/key/authority.imdb.title;http://rdf.freebase.com/ns/imdb.topic.title_id;http://www.wikidata.org/entity/P345c	 	tt0401855	tt0401855	 	tt1496025	tt1496025	 	tt0320691	tt0320691	 	6	0	0.221849	1		
1	http://rdf.freebase.com/key/authority.netflix.api	 	http://api.netflix.com/catalog/titles/movies/70042678	 	 	http://api.netflix.com/catalog/titles/movies/70206135	 	 	http://api.netflix.com/catalog/titles/movies/60031210	 	 	3	0.816497	0.522879	1		
2	http://rdf.freebase.com/key/authority.netflix.movie;http://rdf.freebase.com/ns/film.film.netflix_id;http://www.wikidata.org/entity/P1874c	 	70042678	70042678	 	70206135	70206135	 	60031210	60031210	 	6	0	0.221849	1		
1	http://rdf.freebase.com/key/authority.netflix.tiny	 	BVTrq	 	 	BWAOF	 	 	ApTQY	 	 	3	0.816497	0.522879	1		
0	http://rdf.freebase.com/key/authority.youtube.title	 	FfWUJ5eWUDY; ZhOjHJstgG0	 	 	 	 	 	 	 	 	1	0.816497	1	1		
1	http://rdf.freebase.com/key/base.ranker.rankerurlname	 	underworld-evolution/2301379	 	 	underworld-4/24505293	 	 	underworld/2301375	 	 	3	0.816497	0.522879	1		
1	http://rdf.freebase.com/key/en	 	underworld_evolution	 	 	underworld_4	 	 	underworld_2003	 	 	3	0.816497	0.522879	1		
2	http://rdf.freebase.com/key/source.allocine.ca.film;http://rdf.freebase.com/key/source.allocine.fr.film;http://rdf.freebase.com/key/source.screenrush.films;http://www.wikidata.org/entity/P1265c;http://rdf.freebase.com/key/source.beyazperde.filmler	 	54103	54103	 	171098	171098	 	45322	45322	 	6	0.320256	0.221849	1		
0	http://rdf.freebase.com/key/source.cine21.movie	 	9954	 	 	 	 	 	8129	 	 	2	0.816497	0.69897	1		
0	http://rdf.freebase.com/key/source.cineseoul.cinemaid	 	30416	 	 	 	 	 	18181	 	 	2	0.816497	0.69897	1		
0	http://rdf.freebase.com/key/source.clicker.film	 	underworld-evolution	 	 	 	 	 	underworld	 	 	2	0.816497	0.69897	1		
0	http://rdf.freebase.com/key/source.daum.movieid	 	41089	 	 	 	 	 	36665	 	 	2	0.816497	0.69897	1		
0	http://rdf.freebase.com/key/source.entertainmentweekly.mediaproduct	 	MovieUnderworldEvolution	 	 	 	 	 	MovieUnderworldMovie2003	 	 	2	0.816497	0.69897	1		
1	http://rdf.freebase.com/key/source.filmstarts.kritiken	 	38126-Underworld-Evolution	 	 	104539-Underworld-4	 	 	36413-Underworld	 	 	3	0.816497	0.522879	1		
0	http://rdf.freebase.com/key/source.maxmovie.m_id	 	M000033758	 	 	 	 	 	 	 	 	1	0.57735	1	1		
0	http://rdf.freebase.com/key/source.metacritic.movie	 	underworldevolution	 	 	 	 	 	underworld	 	 	2	0.816497	0.69897	1		
0	http://rdf.freebase.com/key/source.movist.mid	 	14466	 	 	 	 	 	7935	 	 	2	0.816497	0.69897	1		
0	http://rdf.freebase.com/key/source.nate.cinema_id	 	30416	 	 	 	 	 	18181	 	 	2	0.816497	0.69897	1		
0	http://rdf.freebase.com/key/source.rottentomatoes.movie	 	underworld_evolution	 	 	 	 	 	underworld	 	 	2	0.816497	0.69897	1		
0	http://rdf.freebase.com/key/source.traileraddict.movie	 	underworld-evolution	 	 	 	 	 	underworld	 	 	2	0.816497	0.69897	1		
0	http://rdf.freebase.com/key/user.avh.ellerdale	 	0084-d682	 	 	 	 	 	009b-39c9; 01ac-5258	 	 	2	0.816497	0.69897	1		
1	http://rdf.freebase.com/key/wikipedia.en	 	Thasarine; Underworld:_Evolution_soundtrack	 	 	Underworld:_Awakening; Underworld_4:_New_Dawn	 	 	Underworld_(2003_film); Underworld_soundtrack	 	 	3	0.816497	0.522879	1		
1	http://rdf.freebase.com/key/wikipedia.en_title	 	Underworld:_Evolution	 	 	Underworld:_Awakening	 	 	Underworld_(2003_film)	 	 	3	0.816497	0.522879	1		
0	http://rdf.freebase.com/ns/award.award_nominated_work.award_nominations	 	MTV Movie Award for Best Hero; People's Choice Award for Favorite Female Action Star	 	 	 	 	 	Teen Choice Award for Choice Movie: Horror/Thriller	 	 	2	0.816497	0.69897	1		
0	http://rdf.freebase.com/ns/common.topic.alias	 	Underworld 2: Evolution; Untitled Underworld Sequel	 	 	Underworld 4: New Dawn; Underworld Awakening	 	 	 	 	 	2	0.816497	0.69897	1		
2	http://rdf.freebase.com/ns/common.topic.article;http://schema.org/description	 	Underworld: Evolution (also known as Underworld 2) is the second (chronologically, the third) instal	2006 film by Len Wiseman	 	Underworld 4 is a 2012 action horror film written by J. Michael Straczynski and directed by Björn St	2012 film by Måns Mårlind	 	Underworld is a 2003 action-horror film about the secret history of Vampires and Lycans (an abbrevia	2003 film	series of action horror films	7	0.816497	0.154902	1		
0	http://rdf.freebase.com/ns/common.topic.image	 	underworld-evolution-poster01.jpg	 	 	MV5BMjAxMjc0ODk0OF5BMl5BanBnXkFtZTcwMTc5NDQwNw@@._V1._SY317_CR0,0,214,317_.jpg	 	 	Underworld	 	 	3	0.816497	0.522879	1		
0	http://rdf.freebase.com/ns/common.topic.notable_for	 	Horror Film	 	 	Horror Film	 	 	Horror Film	 	 	3	0.57735	0.522879	1		
0	http://rdf.freebase.com/ns/common.topic.notable_types	 	Film	 	 	Film	 	 	Film	 	 	3	0.57735	0.522879	1		
0	http://rdf.freebase.com/ns/common.topic.topical_webpage	 	http://www.sonypictures.com/homevideo/underworldevolution/index.html	 	 	http://www.critic.de/film/underworld-awakening-3058/; http://www.film-zeit.de/Film/22188/UNDERWORLD-	 	 	 	 	 	2	0.816497	0.69897	1		
0	http://rdf.freebase.com/ns/common.topic.webpage	 	''Momma'' knocks 'em out at multiplexes; ''Underworld: Evolution'' debuts at No. 1	 	 	Underworld 4 (German); Underworld: Awakening - critic.de	 	 	'Twilight' sequel 'New Moon' casts Michael Sheen as Aro; 'Underworld 4': Fangs, but no fangs	 	 	3	0.7886	0.522879	1		
0	http://rdf.freebase.com/ns/dataworld.gardening_hint.split_to	 	Underworld: Evolution	 	 	 	 	 	Underworld	 	 	2	0.816497	0.69897	1		
0	http://rdf.freebase.com/ns/film.film.costume_design_by	 	Wendy Partridge	 	 	Monique Prudhomme	 	 	Wendy Partridge	 	 	3	0.57735	0.522879	1		
1	http://rdf.freebase.com/ns/film.film.edited_by;http://www.wikidata.org/entity/P1040c	 	Nicolas De Toth	Nicolas De Toth	 	Jeff McEvoy	 	 	Martin Hunter	 	 	4	0.645497	0.39794	1		
0	http://rdf.freebase.com/ns/film.film.estimated_budget	 	50000000	 	 	 	 	 	22000000	 	 	2	0.816497	0.69897	1		
0	http://rdf.freebase.com/ns/film.film.executive_produced_by	 	Danny McBride; Henry Winterstern	 	 	David Coatsworth; Henry Winterstern	 	 	Henry Winterstern; James McQuaide	 	 	3	0.504878	0.522879	1		
0	http://rdf.freebase.com/ns/film.film.featured_film_locations	 	Vancouver	 	 	Simon Fraser University	 	 	Budapest	 	 	3	0.645497	0.522879	1		
0	http://rdf.freebase.com/ns/film.film.film_format	 	Super 35	 	 	 	 	 	Super 35	 	 	2	0.57735	0.69897	1		
0	http://rdf.freebase.com/ns/film.film.film_production_design_by	 	Patrick Tatopoulos	 	 	Claude Pare	 	 	Bruton Jones	 	 	3	0.816497	0.522879	1		
0	http://rdf.freebase.com/ns/film.film.film_series;http://www.wikidata.org/entity/P179c	 	Underworld	Underworld	 	Underworld	Underworld	 	Underworld	Underworld	 	6	0.57735	0.221849	1		
0	http://rdf.freebase.com/ns/film.film.film_set_decoration_by	 	Lin MacDonald	 	 	Shane Vieau	 	 	Malcolm Stone	 	 	3	0.816497	0.522879	1		
1	http://rdf.freebase.com/ns/film.film.genre;http://rdf.freebase.com/ns/media_common.netflix_title.netflix_genres;http://www.wikidata.org/entity/P136c	 	Action Sci-Fi & Fantasy; Action/Adventure	action film; girls with guns	 	Action Sci-Fi & Fantasy; Action Thriller	action film; girls with guns	 	Action Sci-Fi & Fantasy; Action Thriller	action thriller; girls with guns	 	6	0.264906	0.221849	1		
2	http://rdf.freebase.com/ns/film.film.initial_release_date;http://www.wikidata.org/entity/P577c	 	2006/1/19	2006	 	2012/1/19	2012	 	2003/9/8	2003	2003	7	0.723747	0.154902	1		
0	http://rdf.freebase.com/ns/film.film.metacritic_id	 	underworldevolution	 	 	 	 	 	underworld	 	 	2	0.816497	0.69897	1		
0	http://rdf.freebase.com/ns/film.film.prequel;http://www.wikidata.org/entity/P155c	 	Underworld	Underworld	 	 	Underworld: Evolution	 	Underworld: Rise of the Lycans	Underworld: Rise of the Lycans	 	5	0.516398	0.30103	1		
0	http://rdf.freebase.com/ns/film.film.production_companies;http://www.wikidata.org/entity/P272c	 	Lakeshore Entertainment	Lakeshore Entertainment	 	Lakeshore Entertainment	Lakeshore Entertainment; Saturn Films	 	Lakeshore Entertainment	Lakeshore Entertainment	 	6	0	0.221849	1		
0	http://rdf.freebase.com/ns/film.film.rating	 	R (USA)	 	 	R (USA)	 	 	R (USA)	 	 	3	0.408248	0.522879	1		
1	http://rdf.freebase.com/ns/film.film.release_date_s	 	2006/1/20	 	 	2012/1/19	 	 	2003/9/8	 	 	3	0.816497	0.522879	1		
0	http://rdf.freebase.com/ns/film.film.rottentomatoes_id	 	underworld_evolution	 	 	 	 	 	underworld	 	 	2	0.816497	0.69897	1		
0	http://rdf.freebase.com/ns/film.film.soundtrack	 	Underworld: Evolution	 	 	 	 	 	Underworld: Music From the Motion Picture	 	 	2	0.816497	0.69897	1		
0	http://rdf.freebase.com/ns/film.film.traileraddict_id	 	underworld-evolution	 	 	 	 	 	underworld	 	 	2	0.816497	0.69897	1		
0	http://rdf.freebase.com/ns/kg.object_profile.prominent_type	 	Film	 	 	Film	 	 	Film	 	 	3	0.57735	0.522879	1		
0	http://rdf.freebase.com/ns/type.object.key	 	/authority/imdb/title/tt0401855; /wikipedia/en/Thasarine	 	 	/authority/imdb/title/tt1496025; /source/kinopoisk/film/472368	 	 	/authority/imdb/title/tt0320691; /wikipedia/pt/Selene_(Underworld)	 	 	3	0.816497	0.522879	1		
0	http://rdf.freebase.com/ns/type.object.name	 	Underworld: Evolution	 	 	Underworld: Awakening	 	 	Underworld	 	 	3	0.816497	0.522879	1		
0	http://rdf.freebase.com/ns/type.object.type	 	Award-Nominated Work; Netflix Title	 	 	Netflix Title	 	 	Award-Nominated Work; Netflix Title	 	 	3	0.353553	0.522879	1		
0	http://rdf.freebase.com/ns/user.avh.default_domain.ellerdale_topic.ellerdale_id	 	0084-d682	 	 	 	 	 	009b-39c9	 	 	2	0.816497	0.69897	1		
0	http://rdf.freebase.com/ns/user.robert.default_domain.rated_film.ew_rating	 	46	 	 	 	 	 	 	 	 	1	0.57735	1	1		
1	http://www.wikidata.org/entity/P1237c	 	 	underworld2	 	 	underworld4	 	 	underworld	 	3	0.816497	0.522879	1		
1	http://www.wikidata.org/entity/P1258c	 	 	m/underworld_evolution	 	 	m/underworld_awakening	 	 	m/underworld	 	3	0.816497	0.522879	1		
1	http://www.wikidata.org/entity/P144c;http://dbpedia.org/ontology/basedOn;http://rdf.freebase.com/ns/media_common.adaptation.adapted_from	 	 	Underworld	 	 	Underworld	Danny McBride (writer); Kevin Grevioux	Romeo and Juliet	 	 	4	0.707107	0.39794	1		
1	http://www.wikidata.org/entity/P1476c	 	 	Underworld: Evolution	 	 	Underworld: Awakening	 	 	Underworld	 	3	0.816497	0.522879	1		
0	http://www.wikidata.org/entity/P1562c	 	 	v316831	 	 	 	 	 	v284680	 	2	0.816497	0.69897	1		
1	http://www.wikidata.org/entity/P156c;http://rdf.freebase.com/ns/film.film.sequel	 	 	Underworld: Awakening	 	 	Underworld: Next Generation	 	Underworld: Evolution	Underworld: Evolution	 	4	0.645497	0.39794	1		
1	http://www.wikidata.org/entity/P1804c	 	 	47494	 	 	79263	 	 	38187	 	3	0.816497	0.522879	1		
1	http://www.wikidata.org/entity/P1970c	 	 	27995	 	 	78193	 	 	8634	 	3	0.816497	0.522879	1		
0	http://www.wikidata.org/entity/P2438c	 	 	Kate Beckinsale	 	 	 	 	 	Kate Beckinsale	 	2	0.57735	0.69897	1		
1	http://www.wikidata.org/entity/P2465c	 	 	324197	 	 	341375	 	 	318642	 	3	0.816497	0.522879	1		
1	http://www.wikidata.org/entity/P2508c	 	 	37182	 	 	42640	 	 	34385	 	3	0.816497	0.522879	1		
1	http://www.wikidata.org/entity/P2603c	 	 	77441	 	 	472368	 	 	8033	 	3	0.816497	0.522879	1		
0	http://www.wikidata.org/entity/P2826c	 	 	1314591	 	 	 	 	 	 	 	1	0.57735	1	1		
0	http://www.wikidata.org/entity/P436c	 	 	ae02892b-95ba-3ab2-a9cf-87e32b4a24b5	 	 	 	 	 	906ba9ff-ffc3-3a9e-8e6e-76936f376247	 	2	0.816497	0.69897	1		
0	http://www.wikidata.org/entity/P462c	 	 	color	 	 	 	 	 	color	 	2	0.57735	0.69897	1		
1	http://www.wikidata.org/entity/P480c	 	 	363337	 	 	918830	 	 	188125	 	3	0.816497	0.522879	1		
0	http://www.wikidata.org/entity/P646-freebase	 	 	Underworld: Evolution	 	 	Underworld: Awakening	 	 	Underworld	Underworld	4	0.645497	0.39794	1		
0	http://www.wikidata.org/entity/P646c	 	 	/m/0548xg	 	 	/m/084h00h	 	 	/m/02vzxsf	/m/0czdfzy	4	0.816497	0.39794	1		
1	http://www.wikidata.org/entity/P905c	 	 	73044	 	 	118998	 	 	59959	 	3	0.816497	0.522879	1		
1	http://www.wikidata.org/entity/P915c	 	 	Budapest; Vancouver	 	 	Vancouver	 	 	Budapest; Czech Republic	 	3	0.516398	0.522879	1		
0	http://rdf.freebase.com/key/source.kinopoisk.film	 	 	 	 	472368	 	 	 	 	 	1	0.57735	1	1		
0	http://rdf.freebase.com/key/source.showtimes.local.movie	 	 	 	 	0xc639a1e0285ad62d	 	 	 	 	 	1	0.57735	1	1		
0	http://rdf.freebase.com/ns/base.schemastaging.context_name.pronunciation	 	 	 	 	http://rdf.freebase.com/ns/m.011wy_37	 	 	 	 	 	1	0.57735	1	1		
0	http://rdf.freebase.com/ns/film.film.film_art_direction_by	 	 	 	 	Gary Myers; Martina Javorova	 	 	Csaba Stork; Kevin Phipps	 	 	2	0.816497	0.69897	1		
0	http://rdf.freebase.com/ns/film.film.film_casting_director	 	 	 	 	Deborah Aquila; Mary Tricia Wood	 	 	 	 	 	1	0.816497	1	1		
0	http://rdf.freebase.com/ns/film.film.other_crew	 	 	 	 	http://rdf.freebase.com/ns/m.0gwdhx_; http://rdf.freebase.com/ns/m.0nz3pbr	 	 	 	 	 	1	0.816497	1	1		
0	http://rdf.freebase.com/ns/film.film.trailers	 	 	 	 	http://www.sonypictures.com/previews/movies/underworldawakening/clips/4295/	 	 	 	 	 	1	0.57735	1	1		
0	http://www.wikidata.org/entity/P1712c	 	 	 	 	 	movie/underworld-awakening	 	 	 	 	1	0.57735	1	1		
0	http://www.wikidata.org/entity/P2518c	 	 	 	 	 	8254	 	 	2501	 	2	0.816497	0.69897	1		
0	http://rdf.freebase.com/key/source.showtimes.intl.movie	 	 	 	 	 	 	 	0x6d2314c9b6abf209	 	 	1	0.57735	1	1		
0	http://rdf.freebase.com/ns/base.schemastaging.topic_extra.review_webpage	 	 	 	 	 	 	 	http://ae.charlotte.com/entertainment/ui/charlotte/movie.html?id=113566&reviewId=13088&startDate=NEX	 	 	1	0.816497	1	1		
0	http://rdf.freebase.com/ns/freebase.valuenotation.is_reviewed	 	 	 	 	 	 	 	Directed by; Initial release date	 	 	1	0.816497	1	1		
0	http://www.wikidata.org/entity/P1729c	 	 	 	 	 	 	 	 	mw0000693019	 	1	0.57735	1	1		
0	http://www.wikidata.org/entity/P18c	 	 	 	 	 	 	 	 	http://commons.wikimedia.org/wiki/File:Underworld_logo.png	 	1	0.57735	1	1		
0	http://www.wikidata.org/entity/P1954c	 	 	 	 	 	 	 	 	106708	 	1	0.57735	1	1		
0	http://www.wikidata.org/entity/P2529c	 	 	 	 	 	 	 	 	45969	 	1	0.57735	1	1		
0	http://www.wikidata.org/entity/P2530c	 	 	 	 	 	 	 	 	 	underworld	1	0.57735	1	1		
