score	dataset	sw.opencyc	dbpedia	freebase	yago-knowledge	dbpedia	freebase	wikidata	yago-knowledge	dbpedia	freebase				
	entity	http://sw.opencyc.org/concept/Mx4rwTvzNJwpEbGdrcN5Y29ycA	http://dbpedia.org/resource/Marie_Curie	http://rdf.freebase.com/ns/m.053_d	http://yago-knowledge.org/resource/Marie_Curie	http://dbpedia.org/resource/Madame_Curie_(film)	http://rdf.freebase.com/ns/m.0kb9y	http://www.wikidata.org/entity/Q621716	http://yago-knowledge.org/resource/Madame_Curie_(film)	http://dbpedia.org/resource/Marie_Curie_(charity)	http://rdf.freebase.com/ns/m.055h1v				
3	http://sw.cyc.com/CycAnnotations_v1#label;http://www.w3.org/2000/01/rdf-schema#label	MarieCurie	Marie Curie	Marie Curie	Maria Salomea Sk艂odowska	Madame Curie (film)	Madame Curie	Madame Curie	Madame Curie (film)	Marie Curie (charity)	Marie Curie	10	0.408248	0	1
1	http://sw.opencyc.org/concept/Mx4rNv0nbm4TTjOp7yhmnzOyqg;http://xmlns.com/foaf/0.1/isPrimaryTopicOf;http://rdf.freebase.com/ns/common.topic.topic_equivalent_webpage	http://en.wikipedia.org/wiki/Marie_Curie	http://en.wikipedia.org/wiki/Marie_Curie	http://ar.wikipedia.org/wiki/%45%27%31%4A_%43%48%31%4A; http://viaf.org/viaf/76353174/	 	http://en.wikipedia.org/wiki/Madame_Curie_(film)	http://www.imdb.com/title/tt0036126/; http://ar.wikipedia.org/wiki/%45%2F%27%45_%43%48%31%4A_(%41%4A	 	 	http://en.wikipedia.org/wiki/Marie_Curie_(charity)	http://en.wikipedia.org/wiki/Marie_Curie_(Charity)	7	0.802875	0.154902	1
0	http://sw.opencyc.org/concept/Mx4rTv-jk9SPTXa991kk5mAvHg	Marie_Curie	 	 	 	 	 	 	 	 	 	1	0.57735	1	1
0	http://sw.opencyc.org/concept/Mx4rwLSVCpwpEbGdrcN5Y29ycA	Maria Sklodowska Curie	 	 	 	 	 	 	 	 	 	1	0.816497	1	1
1	http://www.w3.org/1999/02/22-rdf-syntax-ns#type;http://www.wikidata.org/entity/P31c	dead organism; female person	Natural person; scientist	Chemical Element Discoverer; Deceased Person	wordnet adult 109605289; wikicat 19th-century women scientists	CreativeWork; http://dbpedia.org/ontology/Wikidata:Q11424	Award-Nominated Work; Netflix Title	film	wikicat American biographical films; wikicat Films based on books	Social person; Spatial Thing	Namesake; Organization	10	0.707737	0	1
2	http://www.w3.org/2000/01/rdf-schema#comment;http://rdf.freebase.com/ns/common.topic.description	The first woman to receive a Nobel Prize.  Received the 1903 Nobel Prize in Physics with Pierre Curi	Marie Sk艂odowska Curie (/藞kj蕣ri, kj蕣藞ri藧/; French: [ky蕘i]; Polish: [k什i藞ri]; 7 November 1867 鈥?4 Jul	Marie Sk艂odowska-Curie was a Polish and naturalized-French physicist and chemist who conducted pione	 	Madame Curie is a 1943 biographical film made by MGM. The film was directed by Mervyn LeRoy and prod	Madame Curie is a 1943 biographical film made by MGM. The film was directed by Mervyn LeRoy and prod	 	 	Marie Curie is a registered charitable organisation in the United Kingdom which provides care and su	Marie Curie is a registered charitable organisation in the United Kingdom which provides care and su	7	0.617213	0.154902	1
1	http://www.w3.org/2002/07/owl#sameAs	http://data.linkedmdb.org/resource/film_subject/351	Marie Curie	 	 	 	 	 	 	Marie Curie Cancer Care	 	3	0.816497	0.522879	0
0	http://dbpedia.org/ontology/abstract	 	Marie Sk艂odowska Curie (/藞kj蕣ri, kj蕣藞ri藧/; French: [ky蕘i]; Polish: [k什i藞ri]; 7 November 1867 鈥?4 Jul	 	 	Madame Curie is a 1943 biographical film made by MGM. The film was directed by Mervyn LeRoy and prod	 	 	 	Marie Curie is a registered charitable organisation in the United Kingdom which provides care and su	 	3	0.816497	0.522879	1
0	http://dbpedia.org/ontology/almaMater;http://rdf.freebase.com/ns/people.person.education;http://yago-knowledge.org/resource/graduatedFrom	 	ESPCI	Flying University; University of Paris	fr/Facult茅 des sciences de Paris	 	 	 	 	 	 	3	0.617213	0.522879	1
0	http://dbpedia.org/ontology/award;http://rdf.freebase.com/ns/award.award_winner.awards_won;http://yago-knowledge.org/resource/hasWonPrize	 	Albert Medal (Royal Society of Arts); Elliott Cresson Medal	Benjamin Franklin Medal; Elliott Cresson Medal	Albert Medal (Royal Society of Arts); Elliott Cresson Medal	 	 	 	 	 	 	3	0.308607	0.522879	1
1	http://dbpedia.org/ontology/birthDate;http://rdf.freebase.com/ns/people.person.date_of_birth;http://yago-knowledge.org/resource/wasBornOnDate	 	1867-11-07	1867-11-07	1867-11-07	 	 	 	 	 	 	3	0.57735	0.522879	1
0	http://dbpedia.org/ontology/birthName	 	Maria Salomea Sk艂odowska	 	 	 	 	 	 	 	 	1	0.57735	1	1
1	http://dbpedia.org/ontology/birthPlace;http://rdf.freebase.com/ns/people.person.place_of_birth;http://yago-knowledge.org/resource/wasBornIn	 	Congress Poland; Russian Empire	Warsaw	Warsaw	 	 	 	 	 	 	3	0.516398	0.522879	1
1	http://dbpedia.org/ontology/deathCause;http://rdf.freebase.com/ns/people.deceased_person.cause_of_death	 	Aplastic anemia	Aplastic anemia	 	 	 	 	 	 	 	2	0.57735	0.69897	1
1	http://dbpedia.org/ontology/deathDate;http://rdf.freebase.com/ns/people.deceased_person.date_of_death;http://yago-knowledge.org/resource/diedOnDate	 	1934/7/4	1934/7/4	1934/7/4	 	 	 	 	 	 	3	0.57735	0.522879	1
1	http://dbpedia.org/ontology/deathPlace;http://rdf.freebase.com/ns/people.deceased_person.place_of_death	 	Passy, Haute-Savoie; Sancellemoz	Passy, Haute-Savoie	 	 	 	 	 	 	 	2	0.57735	0.69897	1
0	http://dbpedia.org/ontology/doctoralAdvisor	 	Gabriel Lippmann	 	 	 	 	 	 	 	 	1	0.57735	1	1
0	http://dbpedia.org/ontology/doctoralStudent	 	Andr茅-Louis Debierne; Marguerite Perey	 	 	 	 	 	 	 	 	1	0.816497	1	1
0	http://dbpedia.org/ontology/field	 	Chemistry	 	 	 	 	 	 	 	 	1	0.816497	1	1
2	http://dbpedia.org/ontology/imdbId;http://rdf.freebase.com/key/authority.imdb.name;http://rdf.freebase.com/ns/imdb.topic.name_id;http://rdf.freebase.com/key/authority.imdb.title;http://rdf.freebase.com/ns/imdb.topic.title_id;http://www.wikidata.org/entity/P345c	 	75534	nm1792513	 	 	tt0036126	tt0036126	 	 	 	4	0.540062	0.39794	1
0	http://dbpedia.org/ontology/knownFor	 	Polonium; Radioactivity	 	 	 	 	 	 	 	 	1	0.816497	1	1
1	http://dbpedia.org/ontology/spouse;http://yago-knowledge.org/resource/isMarriedTo	 	Pierre Curie	 	Pierre Curie	 	 	 	 	 	 	2	0.57735	0.69897	1
0	http://dbpedia.org/ontology/thumbnail	 	http://commons.wikimedia.org/wiki/Special:FilePath/Marie_Curie_c1920.jpg?width=300	 	 	http://commons.wikimedia.org/wiki/Special:FilePath/Madame-Curie-LIFE-1944.jpg?width=300	 	 	 	 	 	2	0.816497	0.69897	1
0	http://dbpedia.org/ontology/wikiPageExternalLink	 	http://alsos.wlu.edu/qsearch.aspx?browse=people/Curie,+Marie; http://himetop.wikidot.com/marie-curie	 	 	 	 	 	 	http://www.mariecurie.org.uk/	 	2	0.816497	0.69897	1
2	http://dbpedia.org/ontology/wikiPageID;http://rdf.freebase.com/key/wikipedia.en_id	 	20408	20408	 	77663	77663	 	 	1490700	1490700	6	0.408248	0.221849	1
0	http://dbpedia.org/ontology/wikiPageLength	 	92371	 	 	10240	 	 	 	8755	 	3	0.816497	0.522879	1
0	http://dbpedia.org/ontology/wikiPageOutDegree	 	376	 	 	108	 	 	 	41	 	3	0.816497	0.522879	1
0	http://dbpedia.org/ontology/wikiPageRevisionID	 	745192875	 	 	743069258	 	 	 	744642588	 	3	0.816497	0.522879	1
0	http://purl.org/dc/terms/description	 	French-Polish physicist and chemist	 	 	 	 	 	 	 	 	1	0.57735	1	1
0	http://purl.org/dc/terms/subject	 	19th-century women scientists; 20th-century physicists	 	 	American biographical films; English-language films	 	 	 	1948 establishments in the United Kingdom; Organizations established in 1948	 	3	0.816497	0.522879	1
0	http://www.w3.org/ns/prov#wasDerivedFrom	 	http://en.wikipedia.org/wiki/Marie_Curie?oldid=745192875	 	 	http://en.wikipedia.org/wiki/Madame_Curie_(film)?oldid=743069258	 	 	 	http://en.wikipedia.org/wiki/Marie_Curie_(charity)?oldid=744642588	 	3	0.816497	0.522879	1
0	http://xmlns.com/foaf/0.1/depiction	 	http://commons.wikimedia.org/wiki/Special:FilePath/Marie_Curie_c1920.jpg	 	 	http://commons.wikimedia.org/wiki/Special:FilePath/Madame-Curie-LIFE-1944.jpg	 	 	 	 	 	2	0.816497	0.69897	1
1	http://xmlns.com/foaf/0.1/gender;http://rdf.freebase.com/ns/people.person.gender;http://yago-knowledge.org/resource/hasGender	 	female	female	female	 	 	 	 	 	 	3	0.57735	0.522879	1
0	http://xmlns.com/foaf/0.1/givenName;http://yago-knowledge.org/resource/hasGivenName	 	Maria	 	Marie	 	 	 	 	 	 	2	0.816497	0.69897	1
1	http://xmlns.com/foaf/0.1/homepage;http://rdf.freebase.com/ns/common.topic.official_website	 	https://web.archive.org/web/20081217025156/http:/www.umcs.lublin.pl/articles.php?aid=1113	 	 	 	 	 	 	http://www.mariecurie.org.uk/	http://www.mariecurie.org.uk/	3	0.645497	0.522879	1
0	http://xmlns.com/foaf/0.1/name	 	Marie Sk艂odowska Curie	 	 	Madame Curie	 	 	 	Marie Curie (Charity)	 	3	0.816497	0.522879	1
0	http://xmlns.com/foaf/0.1/surname;http://yago-knowledge.org/resource/hasFamilyName	 	Curie	 	Curie	 	 	 	 	 	 	2	0.57735	0.69897	1
0	http://rdf.freebase.com/key/authority.nndb;http://rdf.freebase.com/ns/user.narphorium.people.nndb_person.nndb_id	 	 	718/000029631	 	 	 	 	 	 	 	1	0.57735	1	1
0	http://rdf.freebase.com/key/authority.openlibrary.author;http://rdf.freebase.com/ns/book.author.openlibrary_id	 	 	OL58151A	 	 	 	 	 	 	 	1	0.57735	1	1
0	http://rdf.freebase.com/key/authority.us.gov.loc.na	 	 	n80155913	 	 	 	 	 	 	 	1	0.57735	1	1
0	http://rdf.freebase.com/key/base.ranker.rankerurlname	 	 	marie-curie/1521500	 	 	madame-curie/1495615	 	 	 	 	2	0.816497	0.69897	1
1	http://rdf.freebase.com/key/en	 	 	marie_curie	 	 	madame_curie	 	 	 	marie_curie_cancer_care	3	0.816497	0.522879	1
0	http://rdf.freebase.com/key/source.videosurf	 	 	46348	 	 	81427	 	 	 	 	2	0.816497	0.69897	1
0	http://rdf.freebase.com/key/user.avh.ellerdale	 	 	0080-081e	 	 	 	 	 	 	 	1	0.57735	1	1
0	http://rdf.freebase.com/key/user.hangy.viaf	 	 	76353174	 	 	 	 	 	 	 	1	0.57735	1	1
1	http://rdf.freebase.com/key/wikipedia.en	 	 	Curie,_Marie_Sklodowska; Maria_Curie-Sklodowska	 	 	Madame_Curie_(1943_film)	 	 	 	Marie_Curie_(Charity); Marie_Curie_Cancer_Care	3	0.816497	0.522879	1
1	http://rdf.freebase.com/key/wikipedia.en_title	 	 	Marie_Curie	 	 	Madame_Curie_(film)	 	 	 	Marie_Curie_(Charity)	3	0.816497	0.522879	1
0	http://rdf.freebase.com/ns/base.kwebbase.kwtopic.assessment	 	 	The first woman to win a Nobel Prize, and one of very few scientists ever to win that award twice.	 	 	 	 	 	 	 	1	0.57735	1	1
0	http://rdf.freebase.com/ns/base.kwebbase.kwtopic.category	 	 	natural sciences and mathematics	 	 	 	 	 	 	 	1	0.57735	1	1
0	http://rdf.freebase.com/ns/base.kwebbase.kwtopic.connections_from	 	 	marie curie a student was dmitri ivanovich mendeleyev; marie curie affair with paul langevin	 	 	 	 	 	 	 	1	0.816497	1	1
0	http://rdf.freebase.com/ns/base.kwebbase.kwtopic.connections_to	 	 	antoine-henri becquerel taught marie curie; fernand cormon painted marie curie	 	 	 	 	 	 	 	1	0.816497	1	1
0	http://rdf.freebase.com/ns/base.kwebbase.kwtopic.disciplines	 	 	radiation chemist	 	 	 	 	 	 	 	1	0.816497	1	1
0	http://rdf.freebase.com/ns/base.kwebbase.kwtopic.has_sentences	 	 	A month later Curie was invited by the University of Paris to take over her husband's teaching post 	 	 	 	 	 	 	 	1	0.816497	1	1
0	http://rdf.freebase.com/ns/base.kwebbase.kwtopic.kwtype	 	 	Person	 	 	 	 	 	 	 	1	0.57735	1	1
0	http://rdf.freebase.com/ns/base.nobelprizes.nobel_prize_winner.nobel_honor	 	 	http://rdf.freebase.com/ns/m.064c8g3	 	 	 	 	 	 	 	1	0.816497	1	1
0	http://rdf.freebase.com/ns/base.ontologies.ontology_instance.equivalent_instances	 	 	Marie Curie	 	 	 	 	 	 	 	1	0.57735	1	1
0	http://rdf.freebase.com/ns/base.schemastaging.context_name.nickname	 	 	Marie Curie	 	 	 	 	 	 	 	1	0.57735	1	1
0	http://rdf.freebase.com/ns/base.schemastaging.context_name.official_name	 	 	Maria Salomea Sk艂odowska	 	 	 	 	 	 	 	1	0.57735	1	1
0	http://rdf.freebase.com/ns/book.author.works_written	 	 	Die Entdeckung des Radiums; La radiologie et la guerre	 	 	 	 	 	 	 	1	0.816497	1	1
0	http://rdf.freebase.com/ns/chemistry.element_discoverer.discovered	 	 	Polonium	 	 	 	 	 	 	 	1	0.816497	1	1
0	http://rdf.freebase.com/ns/common.topic.alias	 	 	Maria Salomea Sk艂odowska-Curie	 	 	 	 	 	 	Marie Curie	2	0.816497	0.69897	1
1	http://rdf.freebase.com/ns/common.topic.article;http://schema.org/description	 	 	Marie Sk艂odowska-Curie (7 November 1867 鈥?4 July 1934) was a French-Polish physicist and chemist, fa	 	 	Madame Curie is a 1943 biographical film made by MGM. It was directed by Mervyn LeRoy and produced b	film	 	 	Marie Curie Cancer Care is a charitable organisation (a Registered Charity) in the United Kingdom wh	4	0.816497	0.39794	1
0	http://rdf.freebase.com/ns/common.topic.image	 	 	Marie Curie c1920	 	 	 	 	 	 	 	1	0.816497	1	1
0	http://rdf.freebase.com/ns/common.topic.notable_for	 	 	Physicist	 	 	Docudrama Film	 	 	 	Non-profit organization	3	0.816497	0.522879	1
0	http://rdf.freebase.com/ns/common.topic.notable_types	 	 	Academic	 	 	Film	 	 	 	Organization	3	0.816497	0.522879	1
0	http://rdf.freebase.com/ns/common.topic.webpage	 	 	EW.com ISO 'Star Wars' Virgin	 	 	http://rdf.freebase.com/ns/m.0cj8nqb	 	 	 	 	2	0.816497	0.69897	1
0	http://rdf.freebase.com/ns/education.academic.advisees	 	 	Andr茅-Louis Debierne; Gioacchino Failla	 	 	 	 	 	 	 	1	0.816497	1	1
0	http://rdf.freebase.com/ns/education.academic.advisors	 	 	Antoine Henri Becquerel; Gabriel Lippmann	 	 	 	 	 	 	 	1	0.816497	1	1
0	http://rdf.freebase.com/ns/film.film_subject.films	 	 	Les Palmes de M. Schutz; Marie Curie, au-del脿 du mythe	 	 	 	 	 	 	 	1	0.816497	1	1
0	http://rdf.freebase.com/ns/freebase.valuenotation.has_value	 	 	Height	 	 	 	 	 	 	 	1	0.57735	1	1
0	http://rdf.freebase.com/ns/freebase.valuenotation.is_reviewed	 	 	Cause of death	 	 	 	 	 	 	Image	2	0.816497	0.69897	1
0	http://rdf.freebase.com/ns/influence.influence_node.influenced	 	 	Henri Poincar茅; Marguerite Appell	 	 	 	 	 	 	 	1	0.816497	1	1
0	http://rdf.freebase.com/ns/kg.object_profile.prominent_type	 	 	Academic	 	 	Film	 	 	 	Organization	3	0.816497	0.522879	1
0	http://rdf.freebase.com/ns/organization.organization_founder.organizations_founded	 	 	Curie Institute, Warsaw	 	 	 	 	 	 	 	1	0.57735	1	1
0	http://rdf.freebase.com/ns/people.deceased_person.place_of_burial	 	 	Panth茅on	 	 	 	 	 	 	 	1	0.57735	1	1
1	http://rdf.freebase.com/ns/people.person.children;http://yago-knowledge.org/resource/hasChild	 	 	Ir猫ne Joliot-Curie	Ir猫ne Joliot-Curie	 	 	 	 	 	 	2	0.408248	0.69897	1
0	http://rdf.freebase.com/ns/people.person.ethnicity	 	 	French people	 	 	 	 	 	 	 	1	0.816497	1	1
2	http://rdf.freebase.com/ns/people.person.nationality;http://yago-knowledge.org/resource/isCitizenOf;http://rdf.freebase.com/ns/film.film.country;http://www.wikidata.org/entity/P495c;http://yago-knowledge.org/resource/isLocatedIn;http://rdf.freebase.com/ns/organization.organization.headquarters	 	 	Poland	Congress Poland	 	United States of America	United States of America	United States	 	http://rdf.freebase.com/ns/m.01163cbd	6	0.57735	0.221849	1
0	http://rdf.freebase.com/ns/people.person.parents	 	 	Bronis艂awa Sk艂odowska; W艂adys艂aw Sk艂odowski	 	 	 	 	 	 	 	1	0.816497	1	1
0	http://rdf.freebase.com/ns/people.person.places_lived;http://yago-knowledge.org/resource/livesIn	 	 	Poland	Paris	 	 	 	 	 	 	2	0.816497	0.69897	1
0	http://rdf.freebase.com/ns/people.person.profession	 	 	Chemist	 	 	 	 	 	 	 	1	0.816497	1	1
0	http://yago-knowledge.org/resource/hasWikipediaArticleLength	 	 	 	91855	 	 	 	9194	 	 	2	0.816497	0.69897	1
0	http://yago-knowledge.org/resource/hasWikipediaUrl	 	 	 	http://en.wikipedia.org/wiki/Marie_Curie	 	 	 	http://en.wikipedia.org/wiki/Madame_Curie_%28film%29	 	 	2	0.816497	0.69897	1
0	http://yago-knowledge.org/resource/influences	 	 	 	Robert Abbe; William Duane (physicist)	 	 	 	 	 	 	1	0.816497	1	1
0	http://yago-knowledge.org/resource/linksTo	 	 	 	Albert Medal (Royal Society of Arts); Autodidacticism	 	 	 	Academy Award for Best Cinematography; Victor Francen	 	 	2	0.799496	0.69897	1
0	http://yago-knowledge.org/resource/redirectedFrom	 	 	 	Curie, Marie Sklodowska; Maria Curie-Sklodowska	 	 	 	Madame Curie (1943 film)	 	 	2	0.816497	0.69897	1
2	http://yago-knowledge.org/resource/wasCreatedOnDate;http://rdf.freebase.com/ns/film.film.initial_release_date;http://www.wikidata.org/entity/P577c;http://dbpedia.org/ontology/foundingDate;http://rdf.freebase.com/ns/organization.organization.date_founded	 	 	 	1984/1/1	 	1943/12/15	1943	1943/12/15	1948/2/4	1948	6	0.707107	0.221849	1
0	http://yago-knowledge.org/resource/worksAt	 	 	 	Curie Institute (Paris); University of Paris	 	 	 	 	 	 	1	0.816497	1	1
1	http://dbpedia.org/ontology/Work/runtime;http://dbpedia.org/ontology/runtime;http://rdf.freebase.com/ns/film.film.runtime;http://www.wikidata.org/entity/P2047c	 	 	 	 	124	124	124	 	 	 	3	0.645497	0.522879	1
0	http://dbpedia.org/ontology/budget	 	 	 	 	1938000	 	 	 	 	 	1	0.57735	1	1
1	http://dbpedia.org/ontology/cinematography;http://rdf.freebase.com/ns/film.film.cinematography;http://www.wikidata.org/entity/P344c	 	 	 	 	Joseph Ruttenberg	Joseph Ruttenberg	Joseph Ruttenberg	 	 	 	3	0.57735	0.522879	1
1	http://dbpedia.org/ontology/director;http://rdf.freebase.com/ns/film.film.directed_by;http://www.wikidata.org/entity/P57c	 	 	 	 	Mervyn LeRoy	Mervyn LeRoy	Mervyn LeRoy	 	 	 	3	0.57735	0.522879	1
1	http://dbpedia.org/ontology/distributor;http://rdf.freebase.com/ns/film.film.distributors;http://www.wikidata.org/entity/P750c	 	 	 	 	Metro-Goldwyn-Mayer	Metro-Goldwyn-Mayer	Metro-Goldwyn-Mayer	 	 	 	3	0.57735	0.522879	1
0	http://dbpedia.org/ontology/editing;http://www.wikidata.org/entity/P1040c	 	 	 	 	Harold F. Kress	 	Harold F. Kress	 	 	 	2	0.57735	0.69897	1
0	http://dbpedia.org/ontology/gross	 	 	 	 	4610000	 	 	 	 	 	1	0.57735	1	1
1	http://dbpedia.org/ontology/musicComposer;http://rdf.freebase.com/ns/film.film.music;http://www.wikidata.org/entity/P86c	 	 	 	 	Herbert Stothart; William Axt	Herbert Stothart; William Axt	Herbert Stothart	 	 	 	3	0.258199	0.522879	1
1	http://dbpedia.org/ontology/producer;http://rdf.freebase.com/ns/film.film.produced_by;http://www.wikidata.org/entity/P162c	 	 	 	 	Sidney Franklin (director)	Sidney Franklin	Sidney Franklin	 	 	 	3	0.57735	0.522879	1
1	http://dbpedia.org/ontology/starring;http://rdf.freebase.com/ns/film.film.starring;http://www.wikidata.org/entity/P161c	 	 	 	 	Greer Garson; Henry Travers	Albert Bassermann; Greer Garson	C. Aubrey Smith; Gigi Perreau	 	 	 	3	0.528744	0.522879	1
1	http://dbpedia.org/ontology/writer;http://rdf.freebase.com/ns/film.film.written_by;http://www.wikidata.org/entity/P58c	 	 	 	 	Aldous Huxley; Paul Osborn	Aldous Huxley; Paul Osborn	Aldous Huxley; Bruno Frank	 	 	 	3	0.540062	0.522879	1
0	http://rdf.freebase.com/key/authority.netflix.api	 	 	 	 	 	http://api.netflix.com/catalog/titles/movies/60011639	 	 	 	 	1	0.57735	1	1
1	http://rdf.freebase.com/key/authority.netflix.movie;http://rdf.freebase.com/ns/film.film.netflix_id;http://www.wikidata.org/entity/P1874c	 	 	 	 	 	60011639	60011639	 	 	 	2	0.57735	0.69897	1
0	http://rdf.freebase.com/key/authority.netflix.tiny	 	 	 	 	 	ApOKt	 	 	 	 	1	0.57735	1	1
0	http://rdf.freebase.com/key/source.cineseoul.cinemaid	 	 	 	 	 	28499	 	 	 	 	1	0.57735	1	1
0	http://rdf.freebase.com/key/source.daum.movieid	 	 	 	 	 	33962	 	 	 	 	1	0.57735	1	1
0	http://rdf.freebase.com/key/source.nate.cinema_id	 	 	 	 	 	28499	 	 	 	 	1	0.57735	1	1
0	http://rdf.freebase.com/key/source.rottentomatoes.movie	 	 	 	 	 	madame_curie	 	 	 	 	1	0.57735	1	1
0	http://rdf.freebase.com/key/source.showtimes.intl.movie	 	 	 	 	 	0x238582084e243c74	 	 	 	 	1	0.57735	1	1
0	http://rdf.freebase.com/ns/award.award_nominated_work.award_nominations	 	 	 	 	 	Academy Award for Best Art Direction-Interior Decoration, Black-and-White; Academy Award for Best Ci	 	 	 	 	1	0.816497	1	1
0	http://rdf.freebase.com/ns/award.ranked_item.appears_in_ranked_lists	 	 	 	 	 	http://rdf.freebase.com/ns/m.09pt5ty	 	 	 	 	1	0.816497	1	1
0	http://rdf.freebase.com/ns/film.film.costume_design_by	 	 	 	 	 	Gile Steele; Irene Sharaff	 	 	 	 	1	0.816497	1	1
0	http://rdf.freebase.com/ns/film.film.film_art_direction_by	 	 	 	 	 	Cedric Gibbons	 	 	 	 	1	0.57735	1	1
0	http://rdf.freebase.com/ns/film.film.film_set_decoration_by	 	 	 	 	 	Edwin B. Willis	 	 	 	 	1	0.57735	1	1
1	http://rdf.freebase.com/ns/film.film.genre;http://rdf.freebase.com/ns/media_common.netflix_title.netflix_genres;http://www.wikidata.org/entity/P136c	 	 	 	 	 	Biographical film; Black-and-white	biographical film; film adaptation	 	 	 	2	0.816497	0.69897	1
1	http://rdf.freebase.com/ns/film.film.language;http://www.wikidata.org/entity/P364c	 	 	 	 	 	English Language	English	 	 	 	2	0.816497	0.69897	1
0	http://rdf.freebase.com/ns/film.film.production_companies	 	 	 	 	 	Metro-Goldwyn-Mayer	 	 	 	 	1	0.57735	1	1
0	http://rdf.freebase.com/ns/film.film.release_date_s	 	 	 	 	 	1943	 	 	 	 	1	0.816497	1	1
0	http://rdf.freebase.com/ns/film.film.rottentomatoes_id	 	 	 	 	 	madame_curie	 	 	 	 	1	0.57735	1	1
0	http://rdf.freebase.com/ns/film.film.subjects	 	 	 	 	 	Marie Curie	 	 	 	 	1	0.57735	1	1
0	http://rdf.freebase.com/ns/film.film.tagline	 	 	 	 	 	MR. and MRS. MINIVER together again!	 	 	 	 	1	0.57735	1	1
0	http://www.wikidata.org/entity/P1417c	 	 	 	 	 	 	topic/Madame-Curie-film-by-LeRoy	 	 	 	1	0.57735	1	1
0	http://www.wikidata.org/entity/P1476c	 	 	 	 	 	 	Madame Curie	 	 	 	1	0.57735	1	1
0	http://www.wikidata.org/entity/P1562c	 	 	 	 	 	 	v30677	 	 	 	1	0.57735	1	1
0	http://www.wikidata.org/entity/P1970c	 	 	 	 	 	 	37085	 	 	 	1	0.57735	1	1
0	http://www.wikidata.org/entity/P2465c	 	 	 	 	 	 	5664	 	 	 	1	0.57735	1	1
0	http://www.wikidata.org/entity/P2508c	 	 	 	 	 	 	2177	 	 	 	1	0.57735	1	1
0	http://www.wikidata.org/entity/P2631c	 	 	 	 	 	 	82296	 	 	 	1	0.57735	1	1
0	http://www.wikidata.org/entity/P462c	 	 	 	 	 	 	black-and-white film	 	 	 	1	0.57735	1	1
0	http://www.wikidata.org/entity/P646-freebase	 	 	 	 	 	 	Madame Curie	 	 	 	1	0.57735	1	1
0	http://www.wikidata.org/entity/P646c	 	 	 	 	 	 	/m/0kb9y	 	 	 	1	0.57735	1	1
0	http://www.wikidata.org/entity/P840c	 	 	 	 	 	 	Paris	 	 	 	1	0.57735	1	1
0	http://dbpedia.org/ontology/foundingYear	 	 	 	 	 	 	 	 	1948	 	1	0.57735	1	1
0	http://dbpedia.org/ontology/keyPerson	 	 	 	 	 	 	 	 	http://dbpedia.org/resource/Dr_Jane_Collins	 	1	0.57735	1	1
0	http://dbpedia.org/ontology/location	 	 	 	 	 	 	 	 	Marie Curie	 	1	0.57735	1	1
0	http://dbpedia.org/ontology/numberOfEmployees	 	 	 	 	 	 	 	 	3964	 	1	0.57735	1	1
0	http://dbpedia.org/ontology/revenue	 	 	 	 	 	 	 	 	634810000	 	1	0.57735	1	1
0	http://www.georss.org/georss/point	 	 	 	 	 	 	 	 	51.487964 -0.123724	 	1	0.57735	1	1
0	http://www.w3.org/2003/01/geo/wgs84_pos#lat	 	 	 	 	 	 	 	 	51.488	 	1	0.57735	1	1
0	http://www.w3.org/2003/01/geo/wgs84_pos#long	 	 	 	 	 	 	 	 	-0.124	 	1	0.57735	1	1
0	http://rdf.freebase.com/key/authority.google.google_plus_page	 	 	 	 	 	 	 	 	 	1.12E+20	1	0.57735	1	1
0	http://rdf.freebase.com/ns/base.patronage.patron.patronized_sector	 	 	 	 	 	 	 	 	 	Charles, Prince of Wales	1	0.57735	1	1
0	http://rdf.freebase.com/ns/common.topic.social_media_presence	 	 	 	 	 	 	 	 	 	http://plus.google.com/112196920876336762328; http://uk.pinterest.com/mariecurieuk/	1	0.816497	1	1
0	http://rdf.freebase.com/ns/common.topic.subjects	 	 	 	 	 	 	 	 	 	End-of-life care; Palliative care	1	0.816497	1	1
0	http://rdf.freebase.com/ns/common.topic.topical_webpage	 	 	 	 	 	 	 	 	 	http://ecards.mariecurie.org.uk/; http://www.palliativecarepsp.org.uk/	1	0.816497	1	1
0	http://rdf.freebase.com/ns/organization.organization.board_members	 	 	 	 	 	 	 	 	 	Andrew Whitehead ACA; Chris Dainty	1	0.816497	1	1
0	http://rdf.freebase.com/ns/organization.organization.founders	 	 	 	 	 	 	 	 	 	T. Bernard Robinson	1	0.57735	1	1
0	http://rdf.freebase.com/ns/organization.organization.geographic_scope	 	 	 	 	 	 	 	 	 	United Kingdom	1	0.57735	1	1
0	http://rdf.freebase.com/ns/organization.organization.leadership	 	 	 	 	 	 	 	 	 	Dr Jane Collins; Thomas Hughes-Hallett	1	0.816497	1	1
0	http://rdf.freebase.com/ns/organization.organization.legal_structure	 	 	 	 	 	 	 	 	 	Non-profit organization	1	0.57735	1	1
0	http://rdf.freebase.com/ns/organization.organization.organization_type	 	 	 	 	 	 	 	 	 	Charitable organization	1	0.57735	1	1
0	http://rdf.freebase.com/ns/organization.organization.previous_names	 	 	 	 	 	 	 	 	 	http://rdf.freebase.com/ns/m.01163n17	1	0.57735	1	1
0	http://rdf.freebase.com/ns/organization.organization.sectors	 	 	 	 	 	 	 	 	 	Health Care	1	0.57735	1	1
0	http://rdf.freebase.com/ns/symbols.namesake.named_after	 	 	 	 	 	 	 	 	 	Marie Curie	1	0.57735	1	1
