score	dataset	sw.opencyc	dbpedia	freebase	yago-knowledge	dbpedia	freebase	yago-knowledge	dbpedia	freebase	yago-knowledge						
	entity	http://sw.opencyc.org/concept/Mx4rvYwpvpwpEbGdrcN5Y29ycA	http://dbpedia.org/resource/Bill_Gates	http://rdf.freebase.com/ns/m.017nt	http://yago-knowledge.org/resource/Bill_Gates	http://dbpedia.org/resource/Bill_Gates_(frontiersman)	http://rdf.freebase.com/ns/m.03yq5g	http://yago-knowledge.org/resource/Bill_Gates_(frontiersman)	http://dbpedia.org/resource/William_H._Gates,_Sr.	http://rdf.freebase.com/ns/m.027z0k	http://yago-knowledge.org/resource/William_H._Gates,_Sr.						
3	http://sw.cyc.com/CycAnnotations_v1#label;http://www.w3.org/2000/01/rdf-schema#label	BillGates	Bill Gates	Bill Gates	Wikipedia:Help desk/Archive 21; Wiliam Henry Gates III	Bill Gates (frontiersman)	Bill Gates	Bill Gates (frontiersman)	William H. Gates, Sr.	William H. Gates, Sr.	William Henri Gates II	10	0.408248	0	1		
3	http://sw.opencyc.org/concept/Mx4rNv0nbm4TTjOp7yhmnzOyqg;http://xmlns.com/foaf/0.1/isPrimaryTopicOf;http://rdf.freebase.com/ns/common.topic.topic_equivalent_webpage	http://en.wikipedia.org/wiki/Bill_Gates	http://en.wikipedia.org/wiki/Bill_Gates	http://ar.wikipedia.org/wiki/%28%4A%44_%3A%4A%2A%33; http://www.tvrage.com/person/id-137945	 	http://en.wikipedia.org/wiki/Bill_Gates_(frontiersman)	http://en.wikipedia.org/wiki/Bill_Gates_(frontiersman); http://en.wikipedia.org/wiki/index.html?curi	 	http://en.wikipedia.org/wiki/William_H._Gates,_Sr.	http://en.wikipedia.org/wiki/William_H._Gates,_Sr.; http://viaf.org/viaf/8940350/	 	7	0.796166	0.154902	1		
0	http://sw.opencyc.org/concept/Mx4rTv-jk9SPTXa991kk5mAvHg	Bill_Gates	 	 	 	 	 	 	 	 	 	1	0.57735	1	1		
0	http://sw.opencyc.org/concept/Mx4rZOAVeiYGEdqAAAACs2IMmw	Microsoft Corp.; the Bill & Melinda Gates Foundation	 	 	 	 	 	 	 	 	 	1	0.816497	1	1		
0	http://sw.opencyc.org/concept/Mx4rwLSVCpwpEbGdrcN5Y29ycA	"William Henry (""Bill"") Gates III"	 	 	 	 	 	 	 	 	 	1	0.816497	1	1		
0	http://www.w3.org/1999/02/22-rdf-syntax-ns#type	United States citizen; billionaire	Natural person	Architectural structure owner; Influence Node	wikicat Giving Pledgers; wikicat American billionaires	person	Deceased Person; Physically Instantiable	wikicat People of the Klondike Gold Rush; wordnet person 100007846	person	Military Person; Organization leader	wikicat American law firm executives; wordnet guard 110150071	10	0.609518	0	1		
0	http://www.w3.org/2002/07/owl#sameAs	http://sw.cyc.com/concept/Mx4rvYwpvpwpEbGdrcN5Y29ycA	Bill Gates	 	 	Bill Gates	 	 	 	 	 	3	0.57735	0.522879	0		
0	http://dbpedia.org/ontology/abstract	 	"William Henry ""Bill"" Gates III (born October 28, 1955) is an American business magnate, investor, au"	 	 	Swiftwater Bill Gates (died 1935) was an American frontiersman and fortune hunter, and a fixture i	 	 	 	 	 	2	0.816497	0.69897	1		
0	http://dbpedia.org/ontology/activeYearsStartYear	 	1975	 	 	 	 	 	 	 	 	1	0.57735	1	1		
2	http://dbpedia.org/ontology/almaMater;http://rdf.freebase.com/ns/people.person.education;http://yago-knowledge.org/resource/graduatedFrom	 	Harvard University	Harvard College; Lakeside School	Harvard University	 	 	 	 	University of Washington	University of Washington	5	0.57735	0.30103	1		
3	http://dbpedia.org/ontology/birthDate;http://dbpedia.org/ontology/birthYear;http://rdf.freebase.com/ns/people.person.date_of_birth;http://yago-knowledge.org/resource/wasBornOnDate	 	1955/10/28	1955/10/28	1955/10/28	 	1860	1860-01-01	 	1925/11/30	1925/11/30	7	0.540062	0.154902	1		
0	http://dbpedia.org/ontology/birthName	 	William Henry Gates III	 	 	 	 	 	 	 	 	1	0.57735	1	1		
2	http://dbpedia.org/ontology/birthPlace;http://rdf.freebase.com/ns/people.person.place_of_birth;http://yago-knowledge.org/resource/wasBornIn	 	Seattle	Seattle	Seattle	 	Idaho	 	 	Bremerton	Bremerton, Washington	6	0.57735	0.221849	1		
0	http://dbpedia.org/ontology/board	 	Berkshire Hathaway; Microsoft	 	 	 	 	 	 	 	 	1	0.816497	1	1		
0	http://dbpedia.org/ontology/networth	 	81700000000	 	 	 	 	 	 	 	 	1	0.57735	1	1		
0	http://dbpedia.org/ontology/parent	 	Mary Maxwell Gates; William H. Gates, Sr.	 	 	 	 	 	 	 	 	1	0.816497	1	1		
0	http://dbpedia.org/ontology/personFunction	 	http://dbpedia.org/resource/Bill_Gates__1	 	 	 	 	 	 	 	 	1	0.57735	1	1		
0	http://dbpedia.org/ontology/residence	 	Medina, Washington	 	 	 	 	 	 	 	 	1	0.57735	1	1		
1	http://dbpedia.org/ontology/spouse;http://yago-knowledge.org/resource/isMarriedTo	 	Melinda Gates	 	Melinda Gates	 	 	 	 	 	Mary Maxwell Gates; Mimi Gardner Gates	3	0.645497	0.522879	1		
0	http://dbpedia.org/ontology/thumbnail	 	http://commons.wikimedia.org/wiki/Special:FilePath/Bill_Gates_June_2015.jpg?width=300	 	 	 	 	 	 	 	 	1	0.57735	1	1		
0	http://dbpedia.org/ontology/title	 	CEOofCascade Investment; Chairmanof theTerraPower	 	 	 	 	 	 	 	 	1	0.816497	1	1		
0	http://dbpedia.org/ontology/wikiPageExternalLink	 	http://openvault.wgbh.org/catalog/V_7C97C4381B7849D791CD357588C2FE89; http://www.gatesfoundation.org	 	 	http://seattletimes.nwsource.com/klondike/html97/gold_071697.html	 	 	 	 	 	2	0.816497	0.69897	1		
2	http://dbpedia.org/ontology/wikiPageID;http://rdf.freebase.com/key/wikipedia.en_id	 	3747	3747	 	1007466	1007466	 	50405379	433453	 	6	0.57735	0.221849	1		
0	http://dbpedia.org/ontology/wikiPageLength	 	87153	 	 	1533	 	 	50	 	 	3	0.816497	0.522879	1		
0	http://dbpedia.org/ontology/wikiPageOutDegree	 	330	 	 	11	 	 	1	 	 	3	0.816497	0.522879	1		
0	http://dbpedia.org/ontology/wikiPageRevisionID	 	745028640	 	 	703701519	 	 	718378258	 	 	3	0.816497	0.522879	1		
0	http://purl.org/dc/terms/description	 	American business magnate and philanthropist	 	 	American frontiersman	 	 	 	 	 	2	0.816497	0.69897	1		
0	http://purl.org/dc/terms/subject	 	American Roman Catholics; American billionaires	 	 	1860 births; 1935 deaths	 	 	 	 	 	2	0.816497	0.69897	1		
2	http://www.w3.org/2000/01/rdf-schema#comment;http://rdf.freebase.com/ns/common.topic.description	 	"William Henry ""Bill"" Gates III (born October 28, 1955) is an American business magnate, investor, au"	"William Henry ""Bill"" Gates III is an American business magnate, philanthropist, investor, computer p"	 	Swiftwater Bill Gates (died 1935) was an American frontiersman and fortune hunter, and a fixture i	Swiftwater Bill Gates was an American frontiersman and fortune hunter, and a fixture in stories of	 	 	"William Henry ""Bill"" Gates, Sr. is a retired American attorney and philanthropist and author of the "	 	5	0.816497	0.30103	1		
0	http://www.w3.org/ns/prov#wasDerivedFrom	 	http://en.wikipedia.org/wiki/Bill_Gates?oldid=745028640	 	 	http://en.wikipedia.org/wiki/Bill_Gates_(frontiersman)?oldid=703701519	 	 	http://en.wikipedia.org/wiki/William_H._Gates,_Sr.?oldid=718378258	 	 	3	0.816497	0.522879	1		
0	http://xmlns.com/foaf/0.1/depiction	 	http://commons.wikimedia.org/wiki/Special:FilePath/Bill_Gates_June_2015.jpg	 	 	 	 	 	 	 	 	1	0.57735	1	1		
0	http://xmlns.com/foaf/0.1/gender;http://rdf.freebase.com/ns/people.person.gender;http://yago-knowledge.org/resource/hasGender	 	male	male	male	male	male	male	 	male	male	8	0.57735	0.09691	1		
0	http://xmlns.com/foaf/0.1/givenName;http://yago-knowledge.org/resource/hasGivenName	 	Bill	 	Bill	Bill	 	Bill	 	 	William	5	0.258199	0.30103	1		
1	http://xmlns.com/foaf/0.1/homepage;http://rdf.freebase.com/ns/common.topic.official_website;http://yago-knowledge.org/resource/hasWebsite	 	http://gatesnotes.com	http://www.microsoft.com/presspass/exec/billg/; http://www.thegatesnotes.com/	http://www.thegatesnotes.com	 	 	 	 	 	 	3	0.816497	0.522879	1		
0	http://xmlns.com/foaf/0.1/name	 	Bill Gates	 	 	Bill Gates	 	 	 	 	 	2	0.57735	0.69897	1		
0	http://xmlns.com/foaf/0.1/surname;http://yago-knowledge.org/resource/hasFamilyName	 	Gates	 	Gates	Gates	 	Gates	 	 	Gates	5	0.57735	0.30103	1		
0	http://rdf.freebase.com/key/authority.crunchbase.person	 	 	bill-gates	 	 	 	 	 	 	 	1	0.57735	1	1		
0	http://rdf.freebase.com/key/authority.daylife.topic	 	 	0fVCdwKdCX6gg	 	 	 	 	 	0cT594E46NgoC	 	2	0.816497	0.69897	1		
0	http://rdf.freebase.com/key/authority.discogs.artist	 	 	1349328; Bill+Gates+(2)	 	 	 	 	 	 	 	1	0.816497	1	1		
0	http://rdf.freebase.com/key/authority.facebook	 	 	BillGates	 	 	 	 	 	 	 	1	0.57735	1	1		
0	http://rdf.freebase.com/key/authority.imdb.name;http://rdf.freebase.com/ns/imdb.topic.name_id	 	 	nm0309540	 	 	 	 	 	nm2305756	 	2	0.408248	0.69897	1		
0	http://rdf.freebase.com/key/authority.musicbrainz	 	 	ef958680-aa07-48d2-8c81-4b9335a86bb9	 	 	 	 	 	 	 	1	0.57735	1	1		
0	http://rdf.freebase.com/key/authority.musicbrainz.artist	 	 	ef958680-aa07-48d2-8c81-4b9335a86bb9	 	 	 	 	 	 	 	1	0.57735	1	1		
0	http://rdf.freebase.com/key/authority.netflix.api	 	 	http://api.netflix.com/catalog/people/30010438	 	 	 	 	 	 	 	1	0.57735	1	1		
0	http://rdf.freebase.com/key/authority.netflix.role	 	 	30010438	 	 	 	 	 	 	 	1	0.57735	1	1		
0	http://rdf.freebase.com/key/authority.openlibrary.author;http://rdf.freebase.com/ns/book.author.openlibrary_id	 	 	OL34537A	 	 	 	 	 	 	 	1	0.57735	1	1		
0	http://rdf.freebase.com/key/authority.tvrage.person	 	 	137945	 	 	 	 	 	 	 	1	0.57735	1	1		
0	http://rdf.freebase.com/key/authority.twitter	 	 	billgates	 	 	 	 	 	 	 	1	0.57735	1	1		
0	http://rdf.freebase.com/key/authority.us.gov.loc.na	 	 	n91008414	 	 	 	 	 	n88160236	 	2	0.816497	0.69897	1		
0	http://rdf.freebase.com/key/base.ranker.rankerurlname	 	 	bill-gates/585095	 	 	 	 	 	 	 	1	0.57735	1	1		
0	http://rdf.freebase.com/key/business.cik	 	 	902012	 	 	 	 	 	 	 	1	0.816497	1	1		
1	http://rdf.freebase.com/key/en	 	 	bill_gates	 	 	bill_gates_idaho	 	 	william_h_gates_sr	 	3	0.816497	0.522879	1		
0	http://rdf.freebase.com/key/source.corpwatch	 	 	9142	 	 	 	 	 	 	 	1	0.57735	1	1		
0	http://rdf.freebase.com/key/source.nytimes	 	 	top/reference/timestopics/people/g/bill_gates	 	 	 	 	 	 	 	1	0.57735	1	1		
0	http://rdf.freebase.com/key/source.videosurf	 	 	10719	 	 	 	 	 	193275	 	2	0.816497	0.69897	1		
0	http://rdf.freebase.com/key/user.avh.ellerdale	 	 	0080-4576	 	 	 	 	 	009b-a7c8	 	2	0.816497	0.69897	1		
0	http://rdf.freebase.com/key/user.hangy.viaf	 	 	102370574	 	 	 	 	 	8940350	 	2	0.816497	0.69897	1		
0	http://rdf.freebase.com/key/user.jamie.nytdataid	 	 	8.7E+019	 	 	 	 	 	 	 	1	0.57735	1	1		
1	http://rdf.freebase.com/key/wikipedia.en	 	 	Bill_Gates_(Microsoft); Bill_Gates_Wealth_Index	 	 	Swiftwater_Bill_Gates; Bill_Gates_(frontiersman)	 	 	William_Henry_Gates,_Jr.	 	3	0.816497	0.522879	1		
1	http://rdf.freebase.com/key/wikipedia.en_title	 	 	Bill_Gates	 	 	Bill_Gates_(frontiersman)	 	 	William_H._Gates,_Sr.	 	3	0.816497	0.522879	1		
0	http://rdf.freebase.com/ns/architecture.architectural_structure_owner.structures_owned	 	 	Bill Gates's house	 	 	 	 	 	 	 	1	0.57735	1	1		
0	http://rdf.freebase.com/ns/award.award_winner.awards_won;http://yago-knowledge.org/resource/hasWonPrize	 	 	Bower Award and Prize for Achievement in Science; Bower Award for Business Leadership	Order of the Aztec Eagle	 	 	 	 	 	 	2	0.816497	0.69897	1		
0	http://rdf.freebase.com/ns/base.billionaires.billionaire.net_worth	 	 	40000000000	 	 	 	 	 	 	 	1	0.57735	1	1		
0	http://rdf.freebase.com/ns/base.ontologies.ontology_instance.equivalent_instances	 	 	Bill Gates; http://rdf.freebase.com/ns/m.04dm8jx	 	 	 	 	 	 	 	1	0.816497	1	1		
0	http://rdf.freebase.com/ns/base.popstra.celebrity.friendship	 	 	Mortimer Zuckerman	 	 	 	 	 	 	 	1	0.57735	1	1		
0	http://rdf.freebase.com/ns/base.rivalries.rival.rivals	 	 	Billionaires' fashion sense	 	 	 	 	 	 	 	1	0.57735	1	1		
0	http://rdf.freebase.com/ns/base.schemastaging.context_name.nickname	 	 	Bill Gates	 	 	 	 	 	 	 	1	0.57735	1	1		
0	http://rdf.freebase.com/ns/base.schemastaging.context_name.official_name	 	 	William Henry Gates III	 	 	 	 	 	 	 	1	0.57735	1	1		
0	http://rdf.freebase.com/ns/base.schemastaging.person_extra.net_worth	 	 	59000000000	 	 	 	 	 	 	 	1	0.816497	1	1		
0	http://rdf.freebase.com/ns/book.author.book_editions_published	 	 	Business @ the Speed of Thought: Using a Digital Nervous System; Der Weg Nach Vorn	 	 	 	 	 	 	 	1	0.540062	1	1		
0	http://rdf.freebase.com/ns/book.author.works_written	 	 	Business @ the Speed of Thought: Using a Digital Nervous System; Open Letter to Hobbyists	 	 	 	 	 	Wealth and Our Commonwealth: Why America Should Tax Accumulated Fortunes	 	2	0.816497	0.69897	1		
0	http://rdf.freebase.com/ns/book.book_subject.works	 	 	Creative Capitalism: A Conversation with Bill Gates, Warren Buffett, and Other Economic Leaders; Pro	 	 	 	 	 	 	 	1	0.816497	1	1		
0	http://rdf.freebase.com/ns/business.board_member.leader_of	 	 	Microsoft Corporation	 	 	 	 	 	 	 	1	0.57735	1	1		
0	http://rdf.freebase.com/ns/business.board_member.organization_board_memberships	 	 	Berkshire Hathaway; Bill & Melinda Gates Foundation	 	 	 	 	 	Bill & Melinda Gates Foundation; Greater Seattle Chamber of Commerce	 	2	0.73598	0.69897	1		
0	http://rdf.freebase.com/ns/common.identity.daylife_topic	 	 	0fVCdwKdCX6gg	 	 	 	 	 	0cT594E46NgoC	 	2	0.816497	0.69897	1		
0	http://rdf.freebase.com/ns/common.topic.alias	 	 	"William Henry ""Bill"" Gates III"	 	 	Swiftwater Bill	 	 	William Henry Gates II	 	3	0.816497	0.522879	1		
0	http://rdf.freebase.com/ns/common.topic.article	 	 	"William Henry ""Bill"" Gates III (born October 28, 1955) is an American business magnate, computer pro"	 	 	Swiftwater Bill Gates (? - 1935) was an American frontiersman and fortune hunter, and a fixture in	 	 	William Henry Gates, Sr. (born William Henry Gates II on November 30, 1925) is a retired American at	 	3	0.816497	0.522879	1		
0	http://rdf.freebase.com/ns/common.topic.image	 	 	Bill Gates - World Economic Forum Annual Meeting Davos 2008 number3	 	 	 	 	 	William-H-Gates-Senior-New-Delhi-Hi-Res	 	2	0.816497	0.69897	1		
0	http://rdf.freebase.com/ns/common.topic.notable_for	 	 	Organization leader	 	 	Deceased Person	 	 	Organization leader	 	3	0.57735	0.522879	1		
0	http://rdf.freebase.com/ns/common.topic.notable_types	 	 	Organization leader	 	 	Deceased Person	 	 	Organization leader	 	3	0.57735	0.522879	1		
0	http://rdf.freebase.com/ns/common.topic.social_media_presence	 	 	http://www.facebook.com/BillGates; http://www.twitter.com/billgates	 	 	 	 	 	 	 	1	0.816497	1	1		
0	http://rdf.freebase.com/ns/common.topic.subjects	 	 	Jiba	 	 	 	 	 	 	 	1	0.57735	1	1		
0	http://rdf.freebase.com/ns/common.topic.webpage	 	 	Apple TV + YouTube = ?; MJ’s Hedcuts Through the Years	 	 	 	 	 	Costco	 	2	0.816497	0.69897	1		
0	http://rdf.freebase.com/ns/cvg.cvg_developer.games_developed	 	 	DONKEY.BAS	 	 	 	 	 	 	 	1	0.57735	1	1		
0	http://rdf.freebase.com/ns/fictional_universe.person_in_fiction.representations_in_fiction	 	 	Bill Gates	 	 	 	 	 	 	 	1	0.57735	1	1		
0	http://rdf.freebase.com/ns/film.film_subject.films	 	 	Pirates of Silicon Valley	 	 	 	 	 	 	 	1	0.57735	1	1		
0	http://rdf.freebase.com/ns/film.person_or_entity_appearing_in_film.films	 	 	Buffett & Gates Go Back to School; Der Geist des Geldes	 	 	 	 	 	The One Percent	 	2	0.816497	0.69897	1		
0	http://rdf.freebase.com/ns/freebase.valuenotation.is_reviewed	 	 	Country of nationality; Date of birth	 	 	 	 	 	 	 	1	0.816497	1	1		
0	http://rdf.freebase.com/ns/influence.influence_node.influenced	 	 	Austin Cameron; Daniel Podgaichenko	 	 	 	 	 	 	 	1	0.816497	1	1		
0	http://rdf.freebase.com/ns/kg.object_profile.prominent_type	 	 	Organization leader	 	 	Deceased Person	 	 	Organization leader	 	3	0.57735	0.522879	1		
0	http://rdf.freebase.com/ns/music.artist.track_contributions	 	 	Die Diskette Hoch	 	 	 	 	 	 	 	1	0.57735	1	1		
0	http://rdf.freebase.com/ns/nytimes.topic.uri	 	 	top/reference/timestopics/people/g/bill_gates	 	 	 	 	 	 	 	1	0.57735	1	1		
0	http://rdf.freebase.com/ns/organization.organization_founder.organizations_founded	 	 	Bill & Melinda Gates Foundation; Cascade Investment	 	 	 	 	 	 	 	1	0.816497	1	1		
0	http://rdf.freebase.com/ns/people.person.children;http://yago-knowledge.org/resource/hasChild	 	 	Jennifer Katharine Gates; Phoebe Adele Gates	 	 	 	 	 	Bill Gates	Bill Gates	3	0.723747	0.522879	1		
0	http://rdf.freebase.com/ns/people.person.employment_history	 	 	http://rdf.freebase.com/ns/m.02t7k19; http://rdf.freebase.com/ns/m.04c_wns	 	 	 	 	 	 	 	1	0.816497	1	1		
0	http://rdf.freebase.com/ns/people.person.ethnicity	 	 	Scottish American	 	 	 	 	 	 	 	1	0.57735	1	1		
0	http://rdf.freebase.com/ns/people.person.height_meters	 	 	1.78	 	 	 	 	 	 	 	1	0.57735	1	1		
0	http://rdf.freebase.com/ns/people.person.nationality	 	 	United States of America	 	 	United States of America	 	 	United States of America	 	3	0.57735	0.522879	1		
0	http://rdf.freebase.com/ns/people.person.parents	 	 	Mary Maxwell Gates; William H. Gates, Sr.	 	 	 	 	 	Lillian Elizabeth Rice; William Henry Gates I	 	2	0.816497	0.69897	1		
0	http://rdf.freebase.com/ns/people.person.profession	 	 	Businessperson; Entrepreneur	 	 	 	 	 	Lawyer	 	2	0.816497	0.69897	1		
0	http://rdf.freebase.com/ns/people.person.quotations	 	 	I believe that if you show people the problems and you show them the solutions they will be moved to	 	 	 	 	 	 	 	1	0.816497	1	1		
0	http://rdf.freebase.com/ns/people.person.sibling_s	 	 	Libby Gates	 	 	 	 	 	 	 	1	0.816497	1	1		
1	http://rdf.freebase.com/ns/people.person.spouse_s	 	 	Melinda Gates	 	 	Bera Beebe; Grace Lamore	 	 	Mary Maxwell Gates; Mimi Gardner Gates	 	3	0.816497	0.522879	1		
0	http://rdf.freebase.com/ns/people.person.weight_kg	 	 	61.37	 	 	 	 	 	 	 	1	0.57735	1	1		
0	http://rdf.freebase.com/ns/royalty.chivalric_order_member.belongs_to_order	 	 	Order of the Aztec Eagle	 	 	 	 	 	 	 	1	0.57735	1	1		
0	http://rdf.freebase.com/ns/symbols.name_source.namesakes	 	 	Bill & Melinda Gates Foundation; Bill Gates' flower fly	 	 	 	 	 	 	 	1	0.816497	1	1		
0	http://rdf.freebase.com/ns/tv.tv_program_guest.appeared_on	 	 	Bill Gates; Just Like Christmas	 	 	 	 	 	 	 	1	0.408248	1	1		
0	http://rdf.freebase.com/ns/type.object.key	 	 	/authority/crunchbase/person/bill-gates; /wikipedia/ja_title/ビル・ゲイツ	 	 	"/wikipedia/en/""Swiftwater""_Bill_Gates; /wikipedia/en_title/Bill_Gates_(frontiersman)"	 	 	/authority/daylife/topic/0cT594E46NgoC; /authority/nndb/600/000122234	 	3	0.816497	0.522879	1		
0	http://rdf.freebase.com/ns/type.object.name	 	 	Bill Gates	 	 	Bill Gates	 	 	William H. Gates, Sr.	 	3	0.57735	0.522879	1		
0	http://rdf.freebase.com/ns/type.object.type	 	 	Architectural structure owner; Influence Node	 	 	Deceased Person; Physically Instantiable	 	 	Military Person; Organization leader	 	3	0.533712	0.522879	1		
0	http://rdf.freebase.com/ns/user.avh.default_domain.ellerdale_topic.ellerdale_id	 	 	0080-4576	 	 	 	 	 	009b-a7c8	 	2	0.816497	0.69897	1		
0	http://rdf.freebase.com/ns/user.narphorium.people.wealthy_person.net_worth	 	 	52000000000	 	 	 	 	 	 	 	1	0.816497	1	1		
0	http://rdf.freebase.com/ns/user.robert.default_domain.daylife.hero_image_id	 	 	0f6deay6t68rm	 	 	 	 	 	 	 	1	0.57735	1	1		
0	http://www.w3.org/2004/02/skos/core#prefLabel	 	 	 	Bill Gates	 	 	Bill Gates (frontiersman)	 	 	William H. Gates, Sr.	3	0.816497	0.522879	1		
0	http://yago-knowledge.org/resource/created	 	 	 	Bill & Melinda Gates Foundation; Cascade Investment	 	 	 	 	 	 	1	0.816497	1	1		
0	http://yago-knowledge.org/resource/hasCitationTitle	 	 	 	"He had come a long way to this blue lawn and his dream must have seemed so close he could hardly fa	 	 	 	 	 	Gates: How Microsoft's Mogul Reinvented an Industry and Made Himself The Richest Man in America; Is 	2	0.811200	0.698970	1.000000
0	http://yago-knowledge.org/resource/hasWikipediaAnchorText	 	 	 	TRS-80 Model 100; The Meaning of Bill Gates: As his reign at Microsoft comes to an end, so does the"	 	 	Archive.org; Klondike Gold Rush	 	 	American Academy of Arts and Sciences; United States Army	3	0.80572	0.522879	1		
0	http://yago-knowledge.org/resource/hasWikipediaArticleLength	 	 	 	77667	 	 	1884	 	 	8476	3	0.816497	0.522879	1		
0	http://yago-knowledge.org/resource/hasWikipediaUrl	 	 	 	http://en.wikipedia.org/wiki/Bill_Gates	 	 	http://en.wikipedia.org/wiki/Bill_Gates_%28frontiersman%29	 	 	http://en.wikipedia.org/wiki/William_H._Gates%2C_Sr.	3	0.816497	0.522879	1		
0	http://yago-knowledge.org/resource/linksTo	 	 	 	Albuquerque, New Mexico; Andrew Carnegie	 	 	Klondike Gold Rush; Microsoft	 	 	Bachelor of Arts; Bremerton, Washington	3	0.791766	0.522879	1		
0	http://yago-knowledge.org/resource/livesIn;http://rdf.freebase.com/ns/people.person.places_lived	 	 	 	Medina, Washington	 	Fairbanks; Nome Census Area	 	 	Bremerton	 	3	0.816497	0.522879	1		
0	http://yago-knowledge.org/resource/owns	 	 	 	GAMCO Investors	 	 	 	 	 	 	1	0.816497	1	1		
0	http://yago-knowledge.org/resource/redirectedFrom	 	 	 	Bill Gates (Microsoft); Bill Gates Wealth Index	 	 	Swiftwater Bill Gates	 	 	William Henry Gates II	3	0.816497	0.522879	1		
0	http://yago-knowledge.org/resource/wasCreatedOnDate	 	 	 	1928/12/18	 	 	 	 	 	1975/1/1	2	0.816497	0.69897	1		
1	http://dbpedia.org/ontology/deathDate;http://rdf.freebase.com/ns/people.deceased_person.date_of_death;http://yago-knowledge.org/resource/diedOnDate	 	 	 	 	1935/1/1	1935	1935/1/1	 	 	 	3	0.57735	0.522879	1		
0	http://rdf.freebase.com/ns/people.deceased_person.place_of_death	 	 	 	 	 	Peru	 	 	 	 	1	0.57735	1	1		
0	http://dbpedia.org/ontology/wikiPageRedirects	 	 	 	 	 	 	 	William H. Gates Sr.	 	 	1	0.57735	1	1		
0	http://rdf.freebase.com/key/authority.nndb;http://rdf.freebase.com/ns/user.narphorium.people.nndb_person.nndb_id	 	 	 	 	 	 	 	 	600/000122234	 	1	0.57735	1	1		
0	http://rdf.freebase.com/ns/common.topic.topical_webpage	 	 	 	 	 	 	 	 	http://phx.corporate-ir.net/phoenix.zhtml?c=83830&p=irol-govBio&ID=89993	 	1	0.57735	1	1		
0	http://rdf.freebase.com/ns/military.military_person.participated_in_conflicts	 	 	 	 	 	 	 	 	World War II	 	1	0.57735	1	1		
