score	dataset	sw.opencyc	dbpedia	freebase	dbpedia	freebase	dbpedia	freebase	dbpedia	freebase	wikidata						
	entity	http://sw.opencyc.org/concept/Mx4rwKx-J5wpEbGdrcN5Y29ycA	http://dbpedia.org/resource/Family_Feud	http://rdf.freebase.com/ns/m.0141wb	http://dbpedia.org/resource/Family_Feud_(1977_Australian_game_show)	http://rdf.freebase.com/ns/m.06w7x47	http://dbpedia.org/resource/Family_Feud_(2014_Australian_game_show)	http://rdf.freebase.com/ns/m.010qnkxw	http://dbpedia.org/resource/Family_Feud_(album)	http://rdf.freebase.com/ns/m.01nx82f	http://www.wikidata.org/entity/Q5433115						
2	http://sw.cyc.com/CycAnnotations_v1#label;http://www.w3.org/2000/01/rdf-schema#label	FamilyFeud-TheGame	Family Feud	Family Feud	Family Feud (1977 Australian game show)	Family Feud	Family Feud (2014 Australian game show)	Family Feud	Family Feud (album)	Family Feud	Family Feud	10	0.348155	0	1		
2	http://sw.opencyc.org/concept/Mx4rNv0nbm4TTjOp7yhmnzOyqg;http://xmlns.com/foaf/0.1/isPrimaryTopicOf;http://rdf.freebase.com/ns/common.topic.topic_equivalent_webpage	http://en.wikipedia.org/wiki/Family_Feud	http://en.wikipedia.org/wiki/Family_Feud	http://ar.wikipedia.org/wiki/%41%27%45%4A%44%4A_%41%4A%48%2F; http://nl.wikipedia.org/wiki/5_tegen_5	http://en.wikipedia.org/wiki/Family_Feud_(1977_Australian_game_show)	http://en.wikipedia.org/wiki/Family_Feud_(1977_Australian_game_show); http://www.imdb.com/title/tt02	http://en.wikipedia.org/wiki/Family_Feud_(2014_Australian_game_show)	http://en.wikipedia.org/wiki/Family_Feud_(2014_Australian_game_show); http://en.wikipedia.org/wiki/i	http://en.wikipedia.org/wiki/Family_Feud_(album)	http://en.wikipedia.org/wiki/Family_Feud_(album); http://musicbrainz.org/release-group/36e5b0f9-96f4	 	9	0.745356	0.045757	1		
0	http://sw.opencyc.org/concept/Mx4rTv-jk9SPTXa991kk5mAvHg	Family_Feud	 	 	 	 	 	 	 	 	 	1	0.57735	1	1		
3	http://www.w3.org/1999/02/22-rdf-syntax-ns#type;http://rdf.freebase.com/ns/music.album.release_type;http://www.wikidata.org/entity/P31c	strategy game; unversioned program	CreativeWork; television program	Award-Nominated Work; Social network user	CreativeWork; television program	Award-Nominated Work; TV Program	CreativeWork; television program	Inanimate; TV Program	CreativeWork; musical work	Inanimate; Musical Album	album	10	0.198867	0	1		
0	http://www.w3.org/2002/07/owl#sameAs	http://sw.cyc.com/concept/Mx4rwKx-J5wpEbGdrcN5Y29ycA	Family Feud	 	Family Feud	 	Family Feud	 	 	 	 	4	0.408248	0.39794	0		
0	http://dbpedia.org/ontology/abstract	 	Family Feud is an American television game show created by Mark Goodson where two families compete t	 	Family Feud was an Australian game show based on the American show of the same name. It ran on the N	 	Family Feud is an Australian game show based on the American show of the same name. It began airing 	 	Family Feud is the fourth album by The Dayton Family released under Fast Life Records on July 12, 20	 	 	4	0.816497	0.39794	1		
2	http://dbpedia.org/ontology/creator;http://rdf.freebase.com/ns/tv.tv_program.program_creator	 	Mark Goodson	Bill Todman; Mark Goodson	Mark Goodson	Bill Todman; Mark Goodson	Bill Todman; Mark Goodson	Bill Todman; Mark Goodson	 	 	 	6	0.365148	0.221849	1		
2	http://dbpedia.org/ontology/genre;http://rdf.freebase.com/ns/tv.tv_program.genre;http://rdf.freebase.com/ns/music.album.genre	 	Game show	Game show	Game show	Game show	 	Game show	Gangsta Rap	Gangsta rap; Hardcore hip hop	 	7	0.471405	0.154902	1		
1	http://dbpedia.org/ontology/imdbId;http://rdf.freebase.com/key/authority.imdb.title;http://rdf.freebase.com/ns/imdb.topic.title_id	 	0073991; 1249208	tt0073991	 	tt0220228	 	 	 	 	 	3	0.666667	0.522879	1		
2	http://dbpedia.org/ontology/releaseDate;http://rdf.freebase.com/ns/tv.tv_program.air_date_of_first_episode;http://rdf.freebase.com/ns/music.album.release_date	 	1976/7/12	1999/9/20	 	1988	2014/7/14	2014/7/14	2005/7/12	2005/7/12	 	7	0.617213	0.154902	1		
0	http://dbpedia.org/ontology/wikiPageExternalLink	 	http://www.fremantlemedia.com/family-feud/	 	 	 	http://tenplay.com.au/channel-ten/family-feud	 	http://www.fastliferecords.com; https://www.myspace.com/thedaytonfamilyflint	 	 	3	0.816497	0.522879	1		
3	http://dbpedia.org/ontology/wikiPageID;http://rdf.freebase.com/key/wikipedia.en_id	 	153689	153689	23451503	23451503	10817318	10817318	9471991	9471991	 	8	0.408248	0.09691	1		
0	http://dbpedia.org/ontology/wikiPageLength	 	40283	 	8229	 	20582	 	1775	 	 	4	0.816497	0.39794	1		
0	http://dbpedia.org/ontology/wikiPageOutDegree	 	149	 	40	 	52	 	12	 	 	4	0.816497	0.39794	1		
0	http://dbpedia.org/ontology/wikiPageRevisionID	 	743434589	 	743434807	 	744954590	 	737143853	 	 	4	0.816497	0.39794	1		
0	http://purl.org/dc/terms/subject	 	1976 American television series debuts; 1985 American television series endings	 	1977 Australian television series debuts; Australian game shows	 	2014 Australian television series debuts; Australian game shows	 	The Dayton Family albums	 	 	4	0.70488	0.39794	1		
3	http://www.w3.org/2000/01/rdf-schema#comment;http://rdf.freebase.com/ns/common.topic.description	 	Family Feud is an American television game show created by Mark Goodson where two families compete t	Famili 100 is a TV program that was aired on ANTV.	Family Feud was an Australian game show based on the American show of the same name. It ran on the N	Family Feud was an Australian game show based on the American show of the same name. It ran on the N	Family Feud is an Australian game show based on the American show of the same name. It began airing 	Family Feud is an Australian game show revival based on the American show of the same name. It began	Family Feud is the fourth album by The Dayton Family released under Fast Life Records on July 12, 20	Family Feud is the fourth album by The Dayton Family released under Fast Life Records on July 12, 20	 	8	0.57735	0.09691	1		
0	http://www.w3.org/ns/prov#wasDerivedFrom	 	http://en.wikipedia.org/wiki/Family_Feud?oldid=743434589	 	http://en.wikipedia.org/wiki/Family_Feud_(1977_Australian_game_show)?oldid=743434807	 	http://en.wikipedia.org/wiki/Family_Feud_(2014_Australian_game_show)?oldid=744954590	 	http://en.wikipedia.org/wiki/Family_Feud_(album)?oldid=737143853	 	 	4	0.816497	0.39794	1		
1	http://xmlns.com/foaf/0.1/homepage;http://rdf.freebase.com/ns/common.topic.official_website	 	http://www.familyfeud.com/	http://www.familyfeud.com/	 	 	https://tenplay.com.au/channel-ten/family-feud	 	 	 	 	3	0.57735	0.522879	1		
0	http://xmlns.com/foaf/0.1/name	 	Family Feud	 	Family Feud	 	Family Feud	 	Family Feud	 	 	4	0.57735	0.39794	1		
0	http://rdf.freebase.com/key/authority.thetvdb.series	 	 	71674	 	 	 	 	 	 	 	1	0.57735	1	1		
0	http://rdf.freebase.com/key/authority.tvrage.series	 	 	Family_Feud	 	Family_Feud_AU	 	 	 	 	 	2	0.816497	0.69897	1		
0	http://rdf.freebase.com/key/authority.tvrage.series_numeric	 	 	7148	 	11776	 	 	 	 	 	2	0.816497	0.69897	1		
0	http://rdf.freebase.com/key/authority.twitter	 	 	family_feud	 	 	 	 	 	 	 	1	0.57735	1	1		
0	http://rdf.freebase.com/key/base.ranker.rankerurlname	 	 	family-feud/975580	 	 	 	 	 	 	 	1	0.57735	1	1		
0	http://rdf.freebase.com/key/en	 	 	family_feud	 	 	 	 	 	 	 	1	0.57735	1	1		
0	http://rdf.freebase.com/key/source.clicker.tv	 	 	family-feud	 	 	 	 	 	 	 	1	0.57735	1	1		
0	http://rdf.freebase.com/key/source.videosurf	 	 	210185	 	 	 	 	 	 	 	1	0.57735	1	1		
0	http://rdf.freebase.com/key/user.avh.ellerdale	 	 	0080-841e	 	 	 	 	 	 	 	1	0.57735	1	1		
0	http://rdf.freebase.com/key/user.ovguide.tvdb_show_id	 	 	71674	 	 	 	 	 	 	 	1	0.57735	1	1		
1	http://rdf.freebase.com/key/wikipedia.en	 	 	Family_Feud_Broadcast_History_(United_States); Family_Feud_rules_and_production	 	Family_Feud_(1977-1996_Australian_game_show)	 	Family_Feud_(2014_Australian_game_show)	 	Family_Feud_(album)	 	4	0.816497	0.39794	1		
1	http://rdf.freebase.com/key/wikipedia.en_title	 	 	Family_Feud	 	Family_Feud_(1977_Australian_game_show)	 	Family_Feud_(2014_Australian_game_show)	 	Family_Feud_(album)	 	4	0.816497	0.39794	1		
0	http://rdf.freebase.com/ns/award.award_nominated_work.award_nominations	 	 	Daytime Emmy Award for Outstanding Achievement in Live & Direct To Tape Sound Mixing; Panasonic Gobe	 	Logie Award for Most Popular Program (Queensland)	 	 	 	 	 	2	0.325669	0.69897	1		
0	http://rdf.freebase.com/ns/award.award_winning_work.awards_won	 	 	Daytime Emmy Award for Outstanding Directing In A Game/Audience Participation Show; Panasonic Gobel 	 	Logie Award for Most Popular Program (Queensland)	 	 	 	 	 	2	0.617213	0.69897	1		
0	http://rdf.freebase.com/ns/base.schemastaging.context_name.pronunciation	 	 	http://rdf.freebase.com/ns/g.125_qdw_4	 	 	 	 	 	 	 	1	0.57735	1	1		
0	http://rdf.freebase.com/ns/broadcast.broadcast.distributor	 	 	Debmar-Mercury; FremantleMedia North America	 	 	 	 	 	 	 	1	0.816497	1	1		
0	http://rdf.freebase.com/ns/common.identity.clicker_tv_id	 	 	family-feud	 	 	 	 	 	 	 	1	0.57735	1	1		
0	http://rdf.freebase.com/ns/common.topic.alias	 	 	Family Feud Challenge; The New Family Feud	 	 	 	 	 	 	 	1	0.816497	1	1		
0	http://rdf.freebase.com/ns/common.topic.article	 	 	Family Feud is an American television game show created by Mark Goodson and Bill Todman. Two familie	 	For information on the most recent Australian version, see Bert's Family Feud. Family Feud was an Au	 	 	 	Family Feud is the fourth album by The Dayton Family released under Fast Life Records on July 12, 20	 	3	0.816497	0.522879	1		
0	http://rdf.freebase.com/ns/common.topic.notable_for	 	 	TV Game Show	 	TV Game Show	 	TV Game Show	 	Hardcore hip hop Album	 	4	0.408248	0.39794	1		
0	http://rdf.freebase.com/ns/common.topic.notable_types	 	 	TV Program	 	Award-Winning Work	 	TV Program	 	Musical Album	 	4	0.645497	0.39794	1		
0	http://rdf.freebase.com/ns/common.topic.social_media_presence	 	 	http://www.twitter.com/family_feud	 	 	 	 	 	 	 	1	0.57735	1	1		
0	http://rdf.freebase.com/ns/common.topic.webpage	 	 	Steve Harvey is new 'Family Feud' host; http://rdf.freebase.com/ns/m.0djj3q4	 	 	 	 	 	 	 	1	0.816497	1	1		
0	http://rdf.freebase.com/ns/dataworld.gardening_hint.split_to	 	 	Sto k odnomu	 	 	 	 	 	 	 	1	0.57735	1	1		
0	http://rdf.freebase.com/ns/freebase.valuenotation.has_no_value	 	 	Air date of final episode	 	 	 	 	 	 	 	1	0.57735	1	1		
0	http://rdf.freebase.com/ns/freebase.valuenotation.has_value	 	 	Recurring writers	 	 	 	 	 	 	 	1	0.57735	1	1		
0	http://rdf.freebase.com/ns/freebase.valuenotation.is_reviewed	 	 	Program creator	 	 	 	Air date of first episode; Country of origin	 	 	 	2	0.68313	0.69897	1		
0	http://rdf.freebase.com/ns/kg.object_profile.prominent_type	 	 	TV Program	 	Award-Winning Work	 	TV Program	 	Musical Album	 	4	0.645497	0.39794	1		
2	http://rdf.freebase.com/ns/tv.tv_program.country_of_origin;http://dbpedia.org/ontology/country	 	 	United States of America	Australia	Australia	Australia	Australia	 	 	 	5	0.258199	0.30103	1		
0	http://rdf.freebase.com/ns/tv.tv_program.currently_in_production	 	 	TRUE	 	TRUE	 	 	 	 	 	2	0.57735	0.69897	1		
1	http://rdf.freebase.com/ns/tv.tv_program.episode_running_time	 	 	22	 	30	 	30	 	 	 	3	0.516398	0.522879	1		
0	http://rdf.freebase.com/ns/tv.tv_program.episodes	 	 	Adventure Stars- Heroines vs Heroes 1; Heroes vs Villains 1	 	 	 	 	 	 	 	1	0.816497	1	1		
0	http://rdf.freebase.com/ns/tv.tv_program.languages	 	 	English Language	 	English Language	 	English Language	 	 	 	3	0.57735	0.522879	1		
0	http://rdf.freebase.com/ns/tv.tv_program.original_network;http://dbpedia.org/ontology/network	 	 	http://rdf.freebase.com/ns/m.0770xws	Nine Network	http://rdf.freebase.com/ns/m.0j3jlqz	Network Ten	 	 	 	 	4	0.816497	0.39794	1		
0	http://rdf.freebase.com/ns/tv.tv_program.regular_personal_appearances	 	 	http://rdf.freebase.com/ns/m.05lzdn3; http://rdf.freebase.com/ns/m.0h4_wc1	 	http://rdf.freebase.com/ns/m.0wk8ff5	 	http://rdf.freebase.com/ns/m.0123vpm2	 	 	 	3	0.816497	0.522879	1		
0	http://rdf.freebase.com/ns/tv.tv_program.seasons	 	 	Family Feud (US) - Season 0	 	 	 	 	 	 	 	1	0.816497	1	1		
0	http://rdf.freebase.com/ns/tv.tv_program.spun_off_from	 	 	Match Game	 	 	 	 	 	 	 	1	0.57735	1	1		
0	http://rdf.freebase.com/ns/tv.tv_program.theme_song	 	 	Family Feud Theme Song #1	 	 	 	 	 	 	 	1	0.816497	1	1		
0	http://rdf.freebase.com/ns/tv.tv_program.thetvdb_id	 	 	71674	 	 	 	 	 	 	 	1	0.57735	1	1		
0	http://rdf.freebase.com/ns/tv.tv_program.tv_producer;http://dbpedia.org/ontology/producer	 	 	Brad Slaight; Brian Hawley	 	 	 	 	http://dbpedia.org/resource/Gee_Peirce	 	 	2	0.816497	0.69897	1		
0	http://rdf.freebase.com/ns/tv.tv_program.tvrage_id	 	 	7148	 	11776	 	 	 	 	 	2	0.816497	0.69897	1		
0	http://rdf.freebase.com/ns/type.object.key	 	 	/authority/imdb/title/tt0073991; /source/videosurf/210185	 	/authority/imdb/title/tt0220228; /authority/tvrage/series/Family_Feud_AU	 	/dataworld/freeq/job_7c0715be-1724-41bf-98de-b71e36cc3777_var_en_wikipedia_org_wiki_Family_Feud_(Aus	 	/authority/musicbrainz/release_group/36e5b0f9-96f4-338d-bb92-dd120dae56b6; /wikipedia/en_id/9471991	 	4	0.816497	0.39794	1		
0	http://rdf.freebase.com/ns/type.object.name	 	 	Family Feud	 	Family Feud	 	Family Feud	 	Family Feud	 	4	0.57735	0.39794	1		
0	http://rdf.freebase.com/ns/type.object.type	 	 	Award-Nominated Work; Social network user	 	Award-Nominated Work; TV Program	 	Inanimate; TV Program	 	Inanimate; Musical Album	 	4	0.226455	0.39794	1		
0	http://rdf.freebase.com/ns/user.avh.default_domain.ellerdale_topic.ellerdale_id	 	 	0080-841e	 	 	 	 	 	 	 	1	0.57735	1	1		
0	http://dbpedia.org/ontology/Work/runtime;http://dbpedia.org/ontology/runtime	 	 	 	30	 	30	 	 	 	 	2	0.408248	0.69897	1		
0	http://dbpedia.org/ontology/format	 	 	 	PAL	 	1080i	 	 	 	 	2	0.816497	0.69897	1		
1	http://dbpedia.org/ontology/numberOfSeasons;http://rdf.freebase.com/ns/tv.tv_program.number_of_seasons	 	 	 	17	17	5	2	 	 	 	4	0.645497	0.39794	1		
0	http://dbpedia.org/ontology/presenter	 	 	 	Daryl Somers; John Deeks	 	Grant Denyer	 	 	 	 	2	0.816497	0.69897	1		
0	http://dbpedia.org/ontology/related	 	 	 	Family Feud	 	All Star Family Feud	 	 	 	 	2	0.816497	0.69897	1		
0	http://dbpedia.org/ontology/subsequentWork	 	 	 	Bert's Family Feud	 	 	 	 	 	 	1	0.57735	1	1		
0	http://rdf.freebase.com/ns/tv.tv_program.air_date_of_final_episode	 	 	 	 	1996	 	 	 	 	 	1	0.57735	1	1		
0	http://rdf.freebase.com/ns/tv.tv_program.regular_cast	 	 	 	 	Daryl Somers; Sandy Scott	 	 	 	 	 	1	0.816497	1	1		
0	http://dbpedia.org/ontology/company	 	 	 	 	 	FremantleMedia Australia	 	 	 	 	1	0.57735	1	1		
0	http://dbpedia.org/ontology/location	 	 	 	 	 	Global Television (Australia)	 	 	 	 	1	0.57735	1	1		
0	http://dbpedia.org/ontology/numberOfEpisodes;http://rdf.freebase.com/ns/tv.tv_program.number_of_episodes	 	 	 	 	 	650	115	 	 	 	2	0.816497	0.69897	1		
0	http://dbpedia.org/ontology/previousWork	 	 	 	 	 	Bert's Family Feud; Family Feud (1977�?6 Australian game show)	 	Welcome to the Dopehouse	 	 	2	0.816497	0.69897	1		
0	http://rdf.freebase.com/key/dataworld.freeq	 	 	 	 	 	 	job_7c0715be-1724-41bf-98de-b71e36cc3777_var_en_wikipedia_org_wiki_Family_Feud_(Australian_game_show	 	 	 	1	0.57735	1	1		
1	http://dbpedia.org/ontology/artist;http://rdf.freebase.com/ns/music.album.artist;http://www.wikidata.org/entity/P175c	 	 	 	 	 	 	 	The Dayton Family	The Dayton Family	The Dayton Family	3	0.57735	0.522879	1		
0	http://rdf.freebase.com/key/authority.musicbrainz	 	 	 	 	 	 	 	 	36e5b0f9-96f4-338d-bb92-dd120dae56b6	 	1	0.57735	1	1		
0	http://rdf.freebase.com/key/authority.musicbrainz.release_group	 	 	 	 	 	 	 	 	36e5b0f9-96f4-338d-bb92-dd120dae56b6	 	1	0.57735	1	1		
0	http://rdf.freebase.com/ns/music.album.primary_release	 	 	 	 	 	 	 	 	Family Feud	 	1	0.57735	1	1		
0	http://rdf.freebase.com/ns/music.album.releases	 	 	 	 	 	 	 	 	Family Feud	 	1	0.57735	1	1		
0	http://www.wikidata.org/entity/P155c	 	 	 	 	 	 	 	 	 	Welcome to the Dopehouse	1	0.57735	1	1		
0	http://www.wikidata.org/entity/P156c	 	 	 	 	 	 	 	 	 	Back on Dayton Ave.	1	0.57735	1	1		
