score	dataset	dbpedia	freebase	dbpedia	freebase	dbpedia	freebase	dbpedia	freebase	dbpedia	freebase						
	entity	http://dbpedia.org/resource/Total_Recall_(1990_film)	http://rdf.freebase.com/ns/m.0fd4x	http://dbpedia.org/resource/Total_Recall_(2012_film)	http://rdf.freebase.com/ns/m.0gvrws1	http://dbpedia.org/resource/Total_Recall_(game_show)	http://rdf.freebase.com/ns/m.0n3zb6d	http://dbpedia.org/resource/Total_Recall_(Negative_Approach_album)	http://rdf.freebase.com/ns/m.02r41pc	http://dbpedia.org/resource/Total_Recall_2070	http://rdf.freebase.com/ns/m.05xftl						
2	http://dbpedia.org/ontology/Work/runtime;http://dbpedia.org/ontology/runtime;http://rdf.freebase.com/ns/film.film.runtime	113	113	118	118	21	 	3080	 	44	 	7	0.73598	0.154902	1		
0	http://dbpedia.org/ontology/abstract	Total Recall is a 1990 American science fiction action film directed by Paul Verhoeven, starring Arn	 	Total Recall is a 2012 American science fiction action film directed by Len Wiseman. The screenplay 	 	Total Recall is an Australian game show aired on the Seven Network, hosted by Michael Pope, also hos	 	Total Recall is a 1992 compilation album by the American hardcore punk band Negative Approach. It in	 	Total Recall 2070 is a science fiction television series first broadcast in 1999 on the Canadian tel	 	5	0.816497	0.30103	1		
0	http://dbpedia.org/ontology/budget	50	 	125000000	 	 	 	 	 	 	 	2	0.816497	0.69897	1		
2	http://dbpedia.org/ontology/cinematography;http://rdf.freebase.com/ns/film.film.cinematography	Jost Vacano	Jost Vacano	Paul Cameron (cinematographer)	Paul Cameron	 	 	 	 	 	 	4	0.645497	0.39794	1		
1	http://dbpedia.org/ontology/director;http://rdf.freebase.com/ns/film.film.directed_by	Paul Verhoeven	Paul Verhoeven	Len Wiseman	Len Wiseman	 	 	 	 	 	 	4	0.408248	0.39794	1		
0	http://dbpedia.org/ontology/distributor;http://rdf.freebase.com/ns/film.film.distributors	TriStar Pictures	Sony Pictures Entertainment; TriStar Pictures	Columbia Pictures	Columbia Pictures	 	 	 	 	 	 	4	0.516398	0.39794	1		
2	http://dbpedia.org/ontology/editing;http://rdf.freebase.com/ns/film.film.edited_by	Frank J. Urioste	Carlos Puente; Frank J. Urioste	Christian Wagner	Christian Wagner	 	 	 	 	 	 	4	0.516398	0.39794	1		
0	http://dbpedia.org/ontology/gross	261300000	 	198500000	 	 	 	 	 	 	 	2	0.816497	0.69897	1		
2	http://dbpedia.org/ontology/musicComposer;http://rdf.freebase.com/ns/film.film.music;http://dbpedia.org/ontology/composer	Jerry Goldsmith	Jerry Goldsmith	Harry Gregson-Williams	Harry Gregson-Williams	 	 	 	 	http://dbpedia.org/resource/Zoran_Borisavljevic	 	5	0.57735	0.30103	1		
1	http://dbpedia.org/ontology/producer;http://rdf.freebase.com/ns/film.film.produced_by	Buzz Feitshans; Ronald Shusett	Buzz Feitshans; Ronald Shusett	Neal H. Moritz	Neal H. Moritz; Toby Jaffe	 	 	 	 	 	 	4	0.48795	0.39794	1		
1	http://dbpedia.org/ontology/starring;http://rdf.freebase.com/ns/film.film.starring;http://rdf.freebase.com/ns/tv.tv_program.regular_cast	Arnold Schwarzenegger; Michael Ironside	Alexia Robinson; Anne Lockhart	Bill Nighy; Bryan Cranston	Adrian Jaworski; Brett Donahue	 	 	 	 	Cynthia Preston; Matthew Bennett	Cynthia Preston; Judith Krant	6	0.721466	0.221849	1		
3	http://dbpedia.org/ontology/wikiPageID;http://rdf.freebase.com/key/wikipedia.en_id	55325	55325	31905391	31905391	37097270	37097270	11220508	11220508	1793131	1793131	10	0.408248	0	1		
0	http://dbpedia.org/ontology/wikiPageLength	35270	 	30232	 	2889	 	2465	 	11678	 	5	0.816497	0.30103	1		
0	http://dbpedia.org/ontology/wikiPageOutDegree	231	 	128	 	14	 	13	 	62	 	5	0.816497	0.30103	1		
0	http://dbpedia.org/ontology/wikiPageRevisionID	744472891	 	744156786	 	732691245	 	734474823	 	745078059	 	5	0.816497	0.30103	1		
1	http://dbpedia.org/ontology/writer;http://rdf.freebase.com/ns/film.film.story_by;http://rdf.freebase.com/ns/film.film.written_by	Dan O'Bannon; Gary Goldman (screenwriter)	Dan O'Bannon; Gary Goldman	Kurt Wimmer; Mark Bomback	Dan O'Bannon; James Vanderbilt	 	 	 	 	 	 	4	0.341565	0.39794	1		
0	http://purl.org/dc/terms/subject	American science fiction action films; Carolco Pictures films	 	American film remakes; Columbia Pictures films	 	1995 Australian television series endings; Australian children's television series	 	Negative Approach albums; Punk rock compilation albums	 	1999 Canadian television series debuts; Cyberpunk television series	 	5	0.740436	0.30103	1		
3	http://www.w3.org/1999/02/22-rdf-syntax-ns#type;http://rdf.freebase.com/ns/music.album.album_content_type;http://rdf.freebase.com/ns/music.album.release_type	CreativeWork; http://dbpedia.org/ontology/Wikidata:Q11424	Award-Nominated Work; Netflix Title	CreativeWork; http://dbpedia.org/ontology/Wikidata:Q11424	Award-Nominated Work	CreativeWork; television program	Inanimate; TV Program	CreativeWork; musical work	Compilation album	CreativeWork; television program	Award-Nominated Work; Netflix Title	10	0.145248	0	1		
3	http://www.w3.org/2000/01/rdf-schema#comment;http://rdf.freebase.com/ns/common.topic.description	Total Recall is a 1990 American science fiction action film directed by Paul Verhoeven, starring Arn	Total Recall is a 1990 American science fiction action film directed by Paul Verhoeven, starring Arn	Total Recall is a 2012 American science fiction action film directed by Len Wiseman. The screenplay 	Total Recall is a 2012 American science fiction action film directed by Len Wiseman. The screenplay 	Total Recall is an Australian game show aired on the Seven Network, hosted by Michael Pope, also hos	Total Recall is an Australian game show aired on the Seven Network, hosted by Michael Pope, also hos	Total Recall is a 1992 compilation album by the American hardcore punk band Negative Approach. It in	Total Recall is a 1992 compilation album by the American hardcore punk band Negative Approach. It in	Total Recall 2070 is a science fiction television series first broadcast in 1999 on the Canadian tel	Total Recall 2070 is a science fiction television series first broadcast in 1999 on the Canadian tel	10	0.408248	0	1		
2	http://www.w3.org/2000/01/rdf-schema#label	Total Recall (1990 film)	Total Recall	Total Recall (2012 film)	Total Recall	Total Recall (game show)	Total Recall	Total Recall (Negative Approach album)	Total Recall	Total Recall 2070	Total Recall 2070	10	0.516398	0	1		
0	http://www.w3.org/2002/07/owl#sameAs	Total Recall	 	Total Recall	 	Total Recall	 	Total Recall	 	Total Recall 2070	 	5	0.258199	0.30103	0		
0	http://www.w3.org/ns/prov#wasDerivedFrom	http://en.wikipedia.org/wiki/Total_Recall_(1990_film)?oldid=744472891	 	http://en.wikipedia.org/wiki/Total_Recall_(2012_film)?oldid=744156786	 	http://en.wikipedia.org/wiki/Total_Recall_(game_show)?oldid=732691245	 	http://en.wikipedia.org/wiki/Total_Recall_(Negative_Approach_album)?oldid=734474823	 	http://en.wikipedia.org/wiki/Total_Recall_2070?oldid=745078059	 	5	0.816497	0.30103	1		
1	http://xmlns.com/foaf/0.1/isPrimaryTopicOf;http://rdf.freebase.com/ns/common.topic.topic_equivalent_webpage	http://en.wikipedia.org/wiki/Total_Recall_(1990_film)	http://ar.wikipedia.org/wiki/%2A%48%2A%27%44_%31%4A%43%48%44_(%41%4A%44%45_1990); http://www.netflix	http://en.wikipedia.org/wiki/Total_Recall_(2012_film)	http://ar.wikipedia.org/wiki/%2A%48%2A%27%44_%31%4A%43%48%44_(%41%4A%44%45_2012); http://www.imdb.co	http://en.wikipedia.org/wiki/Total_Recall_(game_show)	http://en.wikipedia.org/wiki/Total_Recall_(game_show)	http://en.wikipedia.org/wiki/Total_Recall_(Negative_Approach_album)	http://en.wikipedia.org/wiki/Total_Recall_(Negative_Approach_album); http://musicbrainz.org/release-	http://en.wikipedia.org/wiki/Total_Recall_2070	http://en.wikipedia.org/wiki/Total_Recall_2070; http://thetvdb.com/?tab=series&id=76459	10	0.797372	0	1		
0	http://xmlns.com/foaf/0.1/name	Total Recall	 	Total Recall	 	Total Recall	 	Total Recall	 	Total Recall 2070	 	5	0.258199	0.30103	1		
1	http://rdf.freebase.com/key/authority.imdb.title;http://rdf.freebase.com/ns/imdb.topic.title_id	 	tt0100802	 	tt1386703	 	 	 	 	 	tt0159798	3	0.408248	0.522879	1		
0	http://rdf.freebase.com/key/authority.netflix.api	 	http://api.netflix.com/catalog/titles/movies/1057618	 	 	 	 	 	 	 	http://api.netflix.com/catalog/titles/movies/60000330	2	0.816497	0.69897	1		
0	http://rdf.freebase.com/key/authority.netflix.movie;http://rdf.freebase.com/ns/film.film.netflix_id	 	1057618	 	 	 	 	 	 	 	 	1	0.57735	1	1		
0	http://rdf.freebase.com/key/authority.netflix.tiny	 	kOag	 	 	 	 	 	 	 	ApLOU	2	0.816497	0.69897	1		
0	http://rdf.freebase.com/key/base.ranker.rankerurlname	 	total-recall/2266112	 	 	 	 	 	 	 	 	1	0.57735	1	1		
0	http://rdf.freebase.com/key/en	 	total_recall	 	 	 	 	 	 	 	total_recall_2070	2	0.816497	0.69897	1		
0	http://rdf.freebase.com/key/source.allocine.ca.film;http://rdf.freebase.com/key/source.allocine.fr.film;http://rdf.freebase.com/key/source.beyazperde.filmler;http://rdf.freebase.com/key/source.screenrush.films	 	6079	 	144148	 	 	 	 	 	 	2	0.218218	0.69897	1		
0	http://rdf.freebase.com/key/source.cine21.movie	 	67	 	 	 	 	 	 	 	 	1	0.57735	1	1		
0	http://rdf.freebase.com/key/source.cineseoul.cinemaid	 	1970	 	 	 	 	 	 	 	 	1	0.57735	1	1		
0	http://rdf.freebase.com/key/source.clicker.film	 	total-recall	 	 	 	 	 	 	 	 	1	0.57735	1	1		
0	http://rdf.freebase.com/key/source.daum.movieid	 	2446	 	 	 	 	 	 	 	 	1	0.57735	1	1		
0	http://rdf.freebase.com/key/source.entertainmentweekly.mediaproduct	 	MovieTotalRecall	 	 	 	 	 	 	 	 	1	0.57735	1	1		
0	http://rdf.freebase.com/key/source.filmstarts.kritiken	 	40577-Total-Recall	 	144148	 	 	 	 	 	 	2	0.816497	0.69897	1		
0	http://rdf.freebase.com/key/source.metacritic.movie	 	totalrecall	 	 	 	 	 	 	 	 	1	0.57735	1	1		
0	http://rdf.freebase.com/key/source.movist.mid	 	1815	 	 	 	 	 	 	 	 	1	0.57735	1	1		
0	http://rdf.freebase.com/key/source.nate.cinema_id	 	1970	 	 	 	 	 	 	 	 	1	0.57735	1	1		
0	http://rdf.freebase.com/key/source.rottentomatoes.movie	 	total_recall	 	 	 	 	 	 	 	 	1	0.57735	1	1		
0	http://rdf.freebase.com/key/source.showtimes.intl.movie	 	0xc0832f64abbb3858	 	0xf3538320db90f3e9	 	 	 	 	 	 	2	0.816497	0.69897	1		
0	http://rdf.freebase.com/key/source.traileraddict.movie	 	total-recall	 	 	 	 	 	 	 	 	1	0.57735	1	1		
0	http://rdf.freebase.com/key/user.avh.ellerdale	 	0099-9939	 	 	 	 	 	 	 	0083-7b17	2	0.816497	0.69897	1		
1	http://rdf.freebase.com/key/wikipedia.en	 	Douglas_Quaid; Total_Recall_(1990_film)	 	Total_Recall_(upcoming_film)	 	Total_Recall_(game_show)	 	Total_Recall_(Negative_Approach_album)	 	Total_Recall:_The_Series	5	0.816497	0.30103	1		
1	http://rdf.freebase.com/key/wikipedia.en_title	 	Total_Recall_(1990_film)	 	Total_Recall_(2012_film)	 	Total_Recall_(game_show)	 	Total_Recall_(Negative_Approach_album)	 	Total_Recall_2070	5	0.816497	0.30103	1		
0	http://rdf.freebase.com/ns/award.award_nominated_work.award_nominations	 	Academy Award for Best Sound Mixing; Hugo Award for Best Dramatic Presentation	 	Golden Raspberry Award for Worst Supporting Actress; Teen Choice Award for Choice Movie Actress: Act	 	 	 	 	 	Gemini Award for Best Achievement in Make-Up; Gemini Award for Best Visual Effects	3	0.740959	0.522879	1		
0	http://rdf.freebase.com/ns/award.award_winning_work.awards_won	 	Special Achievement Academy Award	 	 	 	 	 	 	 	Gemini Award for Best Overall Sound in a Dramatic Program or Series; Gemini Award for Best Photograp	2	0.816497	0.69897	1		
0	http://rdf.freebase.com/ns/award.ranked_item.appears_in_ranked_lists	 	http://rdf.freebase.com/ns/m.0bsl48r	 	 	 	 	 	 	 	 	1	0.57735	1	1		
0	http://rdf.freebase.com/ns/base.ontologies.ontology_instance.equivalent_instances	 	Total Recall	 	 	 	 	 	 	 	 	1	0.57735	1	1		
0	http://rdf.freebase.com/ns/common.topic.alias	 	El vengador del futuro; Oliki epanafora	 	 	 	 	 	 	 	 	1	0.816497	1	1		
0	http://rdf.freebase.com/ns/common.topic.article	 	Total Recall is a 1990 American science fiction action film. The film stars Arnold Schwarzenegger, R	 	Total Recall is an upcoming 2012 American science fiction action film remake of the 1990 film of the	 	http://rdf.freebase.com/ns/m.0n3zb6j	 	Total Recall is the 1992 discography release of the American hardcore punk band Negative Approach. A	 	Total Recall 2070 is a science fiction television series first broadcast in 1999 on the Canadian tel	5	0.816497	0.30103	1		
0	http://rdf.freebase.com/ns/common.topic.image	 	http://rdf.freebase.com/ns/m.0bfprj_	 	The official logo for Total Recall.	 	 	 	 	 	 	2	0.816497	0.69897	1		
0	http://rdf.freebase.com/ns/common.topic.notable_for	 	Science Fiction Film	 	Science Fiction Film	 	TV Program	 	Hardcore punk Album	 	Science Fiction TV Program	5	0.68313	0.30103	1		
0	http://rdf.freebase.com/ns/common.topic.notable_types	 	Award-Winning Work	 	Film	 	TV Program	 	Musical Album	 	Award-Winning Work	5	0.68313	0.30103	1		
0	http://rdf.freebase.com/ns/common.topic.webpage	 	Arnold Schwarzenegger: Hollywood's next leading man; Grand Delusions	 	Official Website; Total Recall - critic.de	 	 	 	 	 	http://rdf.freebase.com/ns/m.0djsqmb	3	0.774597	0.522879	1		
0	http://rdf.freebase.com/ns/fictional_universe.work_of_fiction.setting	 	Mars	 	 	 	 	 	 	 	 	1	0.57735	1	1		
0	http://rdf.freebase.com/ns/film.film.costume_design_by	 	Erica Edell Phillips	 	Sanja Milkovic Hays	 	 	 	 	 	 	2	0.816497	0.69897	1		
2	http://rdf.freebase.com/ns/film.film.country;http://dbpedia.org/ontology/country;http://rdf.freebase.com/ns/tv.tv_program.country_of_origin	 	United States of America	 	United States of America	Australia	Australia	 	 	Canada	United States of America	6	0.258199	0.221849	1		
0	http://rdf.freebase.com/ns/film.film.estimated_budget	 	65000000	 	 	 	 	 	 	 	 	1	0.57735	1	1		
0	http://rdf.freebase.com/ns/film.film.executive_produced_by	 	Andrew G. Vajna; Mario Kassar	 	Ric Kidney	 	 	 	 	 	 	2	0.816497	0.69897	1		
0	http://rdf.freebase.com/ns/film.film.film_art_direction_by	 	James E. Tocci; Jose Rodriguez Granada	 	Patrick Banister	 	 	 	 	 	 	2	0.816497	0.69897	1		
0	http://rdf.freebase.com/ns/film.film.film_casting_director	 	Judy Taylor; Mike Fenton	 	Debra Zane	 	 	 	 	 	 	2	0.816497	0.69897	1		
0	http://rdf.freebase.com/ns/film.film.film_production_design_by	 	William Sandell	 	Patrick Tatopoulos	 	 	 	 	 	 	2	0.816497	0.69897	1		
0	http://rdf.freebase.com/ns/film.film.film_set_decoration_by	 	Robert Gould	 	Carolyn Loucks	 	 	 	 	 	 	2	0.816497	0.69897	1		
1	http://rdf.freebase.com/ns/film.film.genre;http://rdf.freebase.com/ns/media_common.netflix_title.netflix_genres;http://dbpedia.org/ontology/genre;http://rdf.freebase.com/ns/music.album.genre;http://rdf.freebase.com/ns/tv.tv_program.genre	 	Action Sci-Fi & Fantasy; Action Thriller	 	Adventure Film; Science Fiction	 	 	Hardcore punk	Hardcore punk	 	Action Sci-Fi & Fantasy; Sci-Fi Thrillers	5	0.540062	0.30103	1		
2	http://rdf.freebase.com/ns/film.film.initial_release_date;http://rdf.freebase.com/ns/tv.tv_program.air_date_of_first_episode;http://dbpedia.org/ontology/releaseDate;http://rdf.freebase.com/ns/music.album.release_date	 	1990/6/1	 	2012/8/2	 	1994	1992/9/24	1992/9/24	1999/1/5	1999/1/5	7	0.617213	0.154902	1		
0	http://rdf.freebase.com/ns/film.film.language;http://rdf.freebase.com/ns/tv.tv_program.languages	 	English Language	 	English Language	 	English Language	 	 	 	English Language	4	0.57735	0.39794	1		
0	http://rdf.freebase.com/ns/film.film.metacritic_id	 	totalrecall	 	 	 	 	 	 	 	 	1	0.57735	1	1		
0	http://rdf.freebase.com/ns/film.film.production_companies	 	StudioCanal; TriStar Pictures	 	Original Film	 	 	 	 	 	 	2	0.816497	0.69897	1		
0	http://rdf.freebase.com/ns/film.film.rating	 	R (USA)	 	PG-13 (USA)	 	 	 	 	 	 	2	0.816497	0.69897	1		
0	http://rdf.freebase.com/ns/film.film.release_date_s	 	1990-06-01; 2000-08-29	 	2012/8/2	 	 	 	 	 	 	2	0.816497	0.69897	1		
0	http://rdf.freebase.com/ns/film.film.rottentomatoes_id	 	total_recall	 	total_recall_2010	 	 	 	 	 	 	2	0.816497	0.69897	1		
0	http://rdf.freebase.com/ns/film.film.soundtrack	 	Total Recall	 	 	 	 	 	 	 	 	1	0.57735	1	1		
0	http://rdf.freebase.com/ns/film.film.tagline	 	Get ready for the ride of your life.; They stole his mind, now he wants it back.	 	 	 	 	 	 	 	 	1	0.816497	1	1		
0	http://rdf.freebase.com/ns/film.film.traileraddict_id	 	total-recall	 	 	 	 	 	 	 	 	1	0.57735	1	1		
0	http://rdf.freebase.com/ns/freebase.valuenotation.is_reviewed	 	Initial release date; Screenplay by	 	 	 	 	 	 	 	 	1	0.816497	1	1		
0	http://rdf.freebase.com/ns/kg.object_profile.prominent_type	 	Award-Winning Work	 	Film	 	TV Program	 	Musical Album	 	Award-Winning Work	5	0.68313	0.30103	1		
0	http://rdf.freebase.com/ns/media_common.adaptation.adapted_from	 	We Can Remember It for You Wholesale	 	Total Recall; We Can Remember It for You Wholesale	 	 	 	 	 	 	2	0.57735	0.69897	1		
0	http://rdf.freebase.com/ns/media_common.adapted_work.adaptations	 	Total Recall	 	 	 	 	 	 	 	 	1	0.57735	1	1		
0	http://rdf.freebase.com/ns/type.object.key	 	/authority/imdb/title/tt0100802; /source/beyazperde/filmler/6079	 	/authority/imdb/title/tt1386703; /source/filmstarts/kritiken/144148	 	/wikipedia/en_id/37097270; /wikipedia/en_title/Total_Recall_(game_show)	 	/authority/musicbrainz/release_group/397566ef-7e4c-337b-92f7-7afa1b00b019; /wikipedia/en_id/11220508	 	/authority/daylife/topic/05TDfqI7tp76g; /authority/thetvdb/series/76459	5	0.816497	0.30103	1		
0	http://rdf.freebase.com/ns/type.object.name	 	Total Recall	 	Total Recall	 	Total Recall	 	Total Recall	 	Total Recall 2070	5	0.258199	0.30103	1		
0	http://rdf.freebase.com/ns/type.object.type	 	Award-Nominated Work; Netflix Title	 	Award-Nominated Work	 	Inanimate; TV Program	 	Inanimate; Musical Album	 	Award-Nominated Work; Netflix Title	5	0.154303	0.30103	1		
0	http://rdf.freebase.com/ns/user.alust.default_domain.processed_with_review_queue.question_id	 	/rabj/store/questions/question_c6ce7a983a6450d0	 	 	 	 	 	 	 	 	1	0.57735	1	1		
0	http://rdf.freebase.com/ns/user.avh.default_domain.ellerdale_topic.ellerdale_id	 	0099-9939	 	 	 	 	 	 	 	0083-7b17	2	0.816497	0.69897	1		
0	http://rdf.freebase.com/ns/user.robert.default_domain.rated_film.ew_rating	 	77	 	 	 	 	 	 	 	 	1	0.57735	1	1		
0	http://rdf.freebase.com/key/source.showtimes.local.movie	 	 	 	0x7346d5cd413a768b	 	 	 	 	 	 	1	0.57735	1	1		
0	http://rdf.freebase.com/ns/common.topic.official_website	 	 	 	http://www.sonypictures.com/homevideo/totalrecall/	 	 	 	 	 	 	1	0.57735	1	1		
0	http://rdf.freebase.com/ns/common.topic.topical_webpage	 	 	 	http://www.critic.de/film/total-recall-3875/	 	 	 	 	 	 	1	0.57735	1	1		
0	http://rdf.freebase.com/ns/film.film.other_crew	 	 	 	http://rdf.freebase.com/ns/m.0gwhp8f	 	 	 	 	 	 	1	0.816497	1	1		
0	http://dbpedia.org/ontology/network;http://rdf.freebase.com/ns/tv.tv_program.original_network	 	 	 	 	Seven Network	 	 	 	Showtime (TV network)	http://rdf.freebase.com/ns/m.04m3499; http://rdf.freebase.com/ns/m.0g5dtcz	3	0.816497	0.522879	1		
1	http://dbpedia.org/ontology/numberOfEpisodes;http://rdf.freebase.com/ns/tv.tv_program.number_of_episodes	 	 	 	 	130	130	 	 	22	22	4	0.408248	0.39794	1		
0	http://dbpedia.org/ontology/numberOfSeasons;http://rdf.freebase.com/ns/tv.tv_program.number_of_seasons	 	 	 	 	2	2	 	 	 	 	2	0.57735	0.69897	1		
0	http://dbpedia.org/ontology/presenter	 	 	 	 	Michael Pope (Australian)	 	 	 	 	 	1	0.57735	1	1		
1	http://rdf.freebase.com/ns/tv.tv_program.air_date_of_final_episode;http://dbpedia.org/ontology/completionDate	 	 	 	 	 	1995	 	 	1999/6/8	1999/6/8	3	0.57735	0.522879	1		
0	http://rdf.freebase.com/ns/tv.tv_program.episode_running_time	 	 	 	 	 	21	 	 	 	44	2	0.816497	0.69897	1		
0	http://dbpedia.org/ontology/artist;http://rdf.freebase.com/ns/music.album.artist	 	 	 	 	 	 	Negative Approach	Negative Approach	 	 	2	0.57735	0.69897	1		
0	http://dbpedia.org/ontology/previousWork	 	 	 	 	 	 	Tied Down	 	 	 	1	0.57735	1	1		
0	http://dbpedia.org/ontology/recordLabel	 	 	 	 	 	 	Touch and Go Records	 	 	 	1	0.57735	1	1		
0	http://rdf.freebase.com/key/authority.musicbrainz	 	 	 	 	 	 	 	397566ef-7e4c-337b-92f7-7afa1b00b019	 	 	1	0.57735	1	1		
0	http://rdf.freebase.com/key/authority.musicbrainz.release_group	 	 	 	 	 	 	 	397566ef-7e4c-337b-92f7-7afa1b00b019	 	 	1	0.57735	1	1		
0	http://rdf.freebase.com/ns/music.album.primary_release	 	 	 	 	 	 	 	Total Recall	 	 	1	0.57735	1	1		
0	http://rdf.freebase.com/ns/music.album.releases	 	 	 	 	 	 	 	Total Recall	 	 	1	0.57735	1	1		
0	http://dbpedia.org/ontology/creator	 	 	 	 	 	 	 	 	http://dbpedia.org/resource/Art_Monterastelli	 	1	0.57735	1	1		
0	http://dbpedia.org/ontology/format	 	 	 	 	 	 	 	 	Dolby Surround	 	1	0.57735	1	1		
0	http://rdf.freebase.com/key/authority.daylife.topic	 	 	 	 	 	 	 	 	 	05TDfqI7tp76g	1	0.57735	1	1		
0	http://rdf.freebase.com/key/authority.thetvdb.series	 	 	 	 	 	 	 	 	 	76459	1	0.57735	1	1		
0	http://rdf.freebase.com/key/authority.tvrage.series_numeric	 	 	 	 	 	 	 	 	 	6389	1	0.57735	1	1		
0	http://rdf.freebase.com/key/source.clicker.tv	 	 	 	 	 	 	 	 	 	total-recall-2070	1	0.57735	1	1		
0	http://rdf.freebase.com/key/source.videosurf	 	 	 	 	 	 	 	 	 	211981	1	0.57735	1	1		
0	http://rdf.freebase.com/key/user.ovguide.tvdb_show_id	 	 	 	 	 	 	 	 	 	76459	1	0.57735	1	1		
0	http://rdf.freebase.com/ns/common.identity.clicker_tv_id	 	 	 	 	 	 	 	 	 	total-recall-2070	1	0.57735	1	1		
0	http://rdf.freebase.com/ns/common.identity.daylife_topic	 	 	 	 	 	 	 	 	 	05TDfqI7tp76g	1	0.57735	1	1		
0	http://rdf.freebase.com/ns/tv.tv_program.currently_in_production	 	 	 	 	 	 	 	 	 	FALSE	1	0.57735	1	1		
0	http://rdf.freebase.com/ns/tv.tv_program.episodes	 	 	 	 	 	 	 	 	 	Astral Projections; Baby Lottery	1	0.816497	1	1		
0	http://rdf.freebase.com/ns/tv.tv_program.seasons	 	 	 	 	 	 	 	 	 	Total Recall 2070 - Season 1	1	0.57735	1	1		
0	http://rdf.freebase.com/ns/tv.tv_program.thetvdb_id	 	 	 	 	 	 	 	 	 	76459	1	0.57735	1	1		
0	http://rdf.freebase.com/ns/tv.tv_program.tvrage_id	 	 	 	 	 	 	 	 	 	6389	1	0.57735	1	1		
0	http://rdf.freebase.com/ns/user.robert.default_domain.rated_tv_program.ew_rating	 	 	 	 	 	 	 	 	 	46	1	0.57735	1	1		
