score	dataset	sw.opencyc	dbpedia	freebase	yago-knowledge	dbpedia	freebase	yago-knowledge	dbpedia	dbpedia	freebase						
	entity	http://sw.opencyc.org/concept/Mx4rvWS4CpwpEbGdrcN5Y29ycA	http://dbpedia.org/resource/Czech_Republic	http://rdf.freebase.com/ns/m.01mjq	http://yago-knowledge.org/resource/Czech_Republic	http://dbpedia.org/resource/Czech_Republic_(European_Parliament_constituency)	http://rdf.freebase.com/ns/m.03c3ks2	http://yago-knowledge.org/resource/Czech_Republic_(European_Parliament_constituency)	http://dbpedia.org/resource/Czech_Socialist_Republic	http://dbpedia.org/resource/Czech_and_Slovak_Federal_Republic	http://rdf.freebase.com/ns/m.05yhnw						
2	http://sw.cyc.com/CycAnnotations_v1#label;http://www.w3.org/2000/01/rdf-schema#label	CzechRepublic	Czech Republic	Czech Republic	Freedom Union; République tchèque	Czech Republic (European Parliament constituency)	Czech Republic	Czech Republic (European Parliament constituency)	Czech Socialist Republic	Czech and Slovak Federal Republic	Czech and Slovak Federative Republic	10	0.60553	0	1		
2	http://sw.opencyc.org/concept/Mx4rNv0nbm4TTjOp7yhmnzOyqg;http://xmlns.com/foaf/0.1/isPrimaryTopicOf;http://rdf.freebase.com/ns/common.topic.topic_equivalent_webpage	http://en.wikipedia.org/wiki/Czech_Republic	http://en.wikipedia.org/wiki/Czech_Republic	http://ar.wikipedia.org/wiki/%27%44%2A%34%4A%43; http://statoids.com/ucz.html	 	http://en.wikipedia.org/wiki/Czech_Republic_(European_Parliament_constituency)	http://en.wikipedia.org/wiki/Czech_Republic_(European_Parliament_constituency)	 	http://en.wikipedia.org/wiki/Czech_Socialist_Republic	http://en.wikipedia.org/wiki/Czech_and_Slovak_Federal_Republic	http://ca.wikipedia.org/wiki/Rep%FAblica_Federal_Txeca_i_Eslovaca; http://id.wikipedia.org/wiki/Repu	8	0.801422	0.09691	1		
0	http://sw.opencyc.org/concept/Mx4rTv-jk9SPTXa991kk5mAvHg	Czech_Republic	 	 	 	 	 	 	 	 	 	1	0.57735	1	1		
0	http://sw.opencyc.org/concept/Mx4rZOAVeiYGEdqAAAACs2IMmw	Bank for International Settlements; Council of Europe	 	 	 	 	 	 	 	 	 	1	0.816497	1	1		
0	http://sw.opencyc.org/concept/Mx4rwLSVCpwpEbGdrcN5Y29ycA	Czech Republic	 	 	 	 	 	 	 	 	 	1	0.816497	1	1		
0	http://www.w3.org/1999/02/22-rdf-syntax-ns#type	central european country; industrialized country	Spatial Thing; http://dbpedia.org/ontology/Location	Administrative Division; Taxonomy Subject	wikicat Czech-speaking countries and territories; wordnet location 100027167	country	Dated location; Political District	wikicat Constituencies established in 2004; wordnet body 107965085	Spatial Thing; administrative region	Spatial Thing; http://dbpedia.org/ontology/Location	Dated location; Statistical region	10	0.57735	0	1		
3	http://www.w3.org/2000/01/rdf-schema#comment;http://rdf.freebase.com/ns/common.topic.description	A country in central Europe.	The Czech Republic (/ˈtʃɛk rᵻˈpʌblɪk/ CHEK-rə-PUB-lik; Czech: Česká republika, Czech pronunciation: 	The Czech Republic, is a landlocked country in Central Europe bordered by Germany to the west, Austr	 	In European elections, Czech Republic is a constituency of the European Parliament, currently repres	In European elections, Czech Republic is a constituency of the European Parliament, currently repres	 	The Czech Socialist Republic (Česká socialistická republika in Czech; abbreviated ČSR) was a republi	Czech and Slovak Federal Republic (Czech/Slovak: Česká a Slovenská Federativní/Federatívna Republika	Czech and Slovak Federative Republic was the official name of Czechoslovakia from 23 April 1990 unti	8	0.73598	0.09691	1		
2	http://www.w3.org/2002/07/owl#sameAs	http://sw.cyc.com/concept/Mx4rvWS4CpwpEbGdrcN5Y29ycA; http://umbel.org/umbel/sc/CzechRepublic	Czech Republic	 	http://sws.geonames.org/3077311	Czech Republic	 	 	Czech Socialist Republic	Czech and Slovak Federal Republic	 	6	0.68313	0.221849	0		
0	http://dbpedia.org/ontology/PopulatedPlace/areaTotal;http://dbpedia.org/ontology/areaTotal;http://rdf.freebase.com/ns/location.location.area	 	78865100000	78866	 	 	 	 	 	 	 	2	0.68313	0.69897	1		
0	http://dbpedia.org/ontology/PopulatedPlace/populationDensity	 	131.661	 	 	 	 	 	 	 	 	1	0.816497	1	1		
0	http://dbpedia.org/ontology/abstract	 	The Czech Republic (/ˈtʃɛk rᵻˈpʌblɪk/ CHEK-rə-PUB-lik; Czech: Česká republika, Czech pronunciation: 	 	 	In European elections, Czech Republic is a constituency of the European Parliament, currently repres	 	 	The Czech Socialist Republic (Česká socialistická republika in Czech; abbreviated ČSR) was a republi	Czech and Slovak Federal Republic (Czech/Slovak: Česká a Slovenská Federativní/Federatívna Republika	 	4	0.816497	0.39794	1		
0	http://dbpedia.org/ontology/capital;http://rdf.freebase.com/ns/location.country.capital	 	Prague	Prague	 	 	 	 	Prague	 	Prague	4	0.57735	0.39794	1		
0	http://dbpedia.org/ontology/currency	 	Czech koruna	 	 	 	 	 	 	 	 	1	0.57735	1	1		
0	http://dbpedia.org/ontology/demonym	 	Czech	 	 	 	 	 	 	 	 	1	0.57735	1	1		
0	http://dbpedia.org/ontology/ethnicGroupsInYear	 	2014	 	 	 	 	 	 	 	 	1	0.57735	1	1		
0	http://dbpedia.org/ontology/flag	 	Flag of the Czech Republic.svg	 	 	 	 	 	 	 	 	1	0.57735	1	1		
0	http://dbpedia.org/ontology/governmentType;http://rdf.freebase.com/ns/location.country.form_of_government	 	Constitutional republic; Parliamentary system	Parliamentary republic	 	 	 	 	Parliamentary republic	Federation	Federal republic	5	0.73598	0.30103	1		
0	http://dbpedia.org/ontology/language	 	Czech language	 	 	 	 	 	 	 	 	1	0.57735	1	1		
0	http://dbpedia.org/ontology/leader	 	Bohuslav Sobotka; Miloš Zeman	 	 	 	 	 	 	 	 	1	0.816497	1	1		
0	http://dbpedia.org/ontology/leaderTitle	 	Prime Minister	 	 	 	 	 	 	 	 	1	0.816497	1	1		
0	http://dbpedia.org/ontology/longName	 	Czech Republic	 	 	 	 	 	 	 	 	1	0.57735	1	1		
0	http://dbpedia.org/ontology/percentageOfAreaWater	 	2	 	 	 	 	 	 	 	 	1	0.57735	1	1		
0	http://dbpedia.org/ontology/populationDensity	 	131.661	 	 	 	 	 	 	 	 	1	0.816497	1	1		
1	http://dbpedia.org/ontology/populationTotal;http://rdf.freebase.com/ns/location.statistical_region.population;http://yago-knowledge.org/resource/hasNumberOfPeople	 	10553443	10058620; 9922266	10190213	 	 	 	 	 	 	3	0.816497	0.522879	1		
0	http://dbpedia.org/ontology/thumbnail	 	http://commons.wikimedia.org/wiki/Special:FilePath/Flag_of_the_Czech_Republic.svg?width=300	 	 	 	 	 	http://commons.wikimedia.org/wiki/Special:FilePath/Flag_of_Czechoslovakia.svg?width=300	http://commons.wikimedia.org/wiki/Special:FilePath/Flag_of_Czechoslovakia.svg?width=300	 	3	0.57735	0.522879	1		
0	http://dbpedia.org/ontology/timeZone	 	Central European Time	 	 	 	 	 	 	 	 	1	0.57735	1	1		
0	http://dbpedia.org/ontology/wikiPageExternalLink	 	http://aktualne.centrum.cz/czechnews/; http://www.ceskenoviny.cz/news/	 	 	http://www.europarl.europa.eu/election/newep/en/maps.htm	 	 	https://web.archive.org/web/20060820153544/http:/www.psp.cz/cgi-bin/eng/docs/texts/constitution.1968	http://www.psp.cz/eknih/1986fs/slsn/stenprot/026schuz/s026039.htm	 	4	0.816497	0.39794	1		
3	http://dbpedia.org/ontology/wikiPageID;http://rdf.freebase.com/key/wikipedia.en_id	 	5321	5321	 	13384622	13384622	 	1811131	1806737	1806737	7	0.48795	0.154902	1		
0	http://dbpedia.org/ontology/wikiPageLength	 	148068	 	 	11555	 	 	3806	6476	 	4	0.816497	0.39794	1		
0	http://dbpedia.org/ontology/wikiPageOutDegree	 	1159	 	 	101	 	 	30	44	 	4	0.816497	0.39794	1		
0	http://dbpedia.org/ontology/wikiPageRevisionID	 	743171213	 	 	745128516	 	 	740259545	734352199	 	4	0.816497	0.39794	1		
0	http://purl.org/dc/terms/subject	 	Central European countries; Landlocked countries	 	 	2004 establishments in the Czech Republic; Constituencies established in 2004	 	 	Communism in the Czech Republic; Czechoslovak Socialist Republic	1992 disestablishments; Former Slavic countries	 	4	0.816497	0.39794	1		
0	http://www.georss.org/georss/point	 	49.75 15.5; 50.083333333333336 14.466666666666667	 	 	 	 	 	50.0833 14.4667	50.083333333333336 14.466666666666667	 	3	0.645497	0.522879	1		
0	http://www.w3.org/2000/01/rdf-schema#seeAlso	 	Geography of the Czech Republic; Protected areas of the Czech Republic	 	 	 	 	 	 	 	 	1	0.816497	1	1		
2	http://www.w3.org/2003/01/geo/wgs84_pos#lat;http://yago-knowledge.org/resource/hasLatitude	 	49.75	49.75	49.75	 	 	 	50.083	50.083	50.083	6	0.218218	0.221849	1		
2	http://www.w3.org/2003/01/geo/wgs84_pos#long;http://yago-knowledge.org/resource/hasLongitude	 	14.467	15.75	15.5	 	 	 	14.467	14.467	14.467	6	0.308607	0.221849	1		
0	http://www.w3.org/ns/prov#wasDerivedFrom	 	http://en.wikipedia.org/wiki/Czech_Republic?oldid=743171213	 	 	http://en.wikipedia.org/wiki/Czech_Republic_(European_Parliament_constituency)?oldid=745128516	 	 	http://en.wikipedia.org/wiki/Czech_Socialist_Republic?oldid=740259545	http://en.wikipedia.org/wiki/Czech_and_Slovak_Federal_Republic?oldid=734352199	 	4	0.816497	0.39794	1		
0	http://xmlns.com/foaf/0.1/depiction	 	http://commons.wikimedia.org/wiki/Special:FilePath/Flag_of_the_Czech_Republic.svg	 	 	 	 	 	http://commons.wikimedia.org/wiki/Special:FilePath/Flag_of_Czechoslovakia.svg	http://commons.wikimedia.org/wiki/Special:FilePath/Flag_of_Czechoslovakia.svg	 	3	0.57735	0.522879	1		
0	http://xmlns.com/foaf/0.1/homepage;http://rdf.freebase.com/ns/common.topic.official_website	 	http://www.czechtourism.com/Homepage.aspx?lang=en-GB&selectedculture=en-US	http://www.czech.cz/en/	 	 	 	 	 	 	 	2	0.816497	0.69897	1		
0	http://xmlns.com/foaf/0.1/name	 	the Czech Republic	 	 	 	 	 	(Czech Socialist Republic (1960�?0); (Česká socialistická republikaCzech Republic (1990�?2)	Czech and Slovak Federal Republic; Česká a Slovenská Federativní / Federatívna Republika	 	3	0.816497	0.522879	1		
0	http://rdf.freebase.com/key/authority.daylife.topic	 	 	01VX3SJgUqc4E	 	 	 	 	 	 	 	1	0.57735	1	1		
0	http://rdf.freebase.com/key/authority.eurostat.nuts	 	 	CZ	 	 	 	 	 	 	 	1	0.816497	1	1		
0	http://rdf.freebase.com/key/authority.iso.3166-1.alpha-2	 	 	CZ	 	 	 	 	 	 	 	1	0.57735	1	1		
0	http://rdf.freebase.com/key/authority.iso.3166-1.alpha-3	 	 	CZE	 	 	 	 	 	 	 	1	0.57735	1	1		
0	http://rdf.freebase.com/key/authority.iso.3166-1.numeric	 	 	203	 	 	 	 	 	 	 	1	0.57735	1	1		
0	http://rdf.freebase.com/key/authority.netflix.genre	 	 	Czech_Republic	 	 	 	 	 	 	 	1	0.57735	1	1		
0	http://rdf.freebase.com/key/base.dspl.eurostat.government_debt.country	 	 	cz	 	 	 	 	 	 	 	1	0.57735	1	1		
0	http://rdf.freebase.com/key/base.dspl.eurostat.minimum_wage.country	 	 	cz	 	 	 	 	 	 	 	1	0.57735	1	1		
0	http://rdf.freebase.com/key/base.dspl.eurostat.unemployment.country	 	 	cz	 	 	 	 	 	 	 	1	0.57735	1	1		
0	http://rdf.freebase.com/key/base.ranker.rankerurlname	 	 	czech-republic/800641	 	 	 	 	 	 	 	1	0.57735	1	1		
0	http://rdf.freebase.com/key/en	 	 	czech_republic	 	 	 	 	 	 	czech_and_slovak_federal_republic	2	0.816497	0.69897	1		
0	http://rdf.freebase.com/key/user.avh.ellerdale	 	 	0080-68bb	 	 	 	 	 	 	 	1	0.57735	1	1		
0	http://rdf.freebase.com/key/user.jamie.nytdataid	 	 	3.05E+019	 	 	 	 	 	 	 	1	0.57735	1	1		
1	http://rdf.freebase.com/key/wikipedia.en	 	 	Bohemia-Moravia; Csehorszag	 	 	Czech_Republic_(European_Parliament_constituency)	 	 	 	Czech_and_Slovak_Federal_Republic	3	0.816497	0.522879	1		
1	http://rdf.freebase.com/key/wikipedia.en_title	 	 	Czech_Republic	 	 	Czech_Republic_(European_Parliament_constituency)	 	 	 	Czech_and_Slovak_Federative_Republic	3	0.816497	0.522879	1		
0	http://rdf.freebase.com/ns/base.aareas.schema.administrative_area.adjectival_form	 	 	Czech	 	 	 	 	 	 	 	1	0.57735	1	1		
0	http://rdf.freebase.com/ns/base.aareas.schema.administrative_area.administrative_area_type	 	 	Sovereign state	 	 	 	 	 	 	 	1	0.57735	1	1		
0	http://rdf.freebase.com/ns/base.aareas.schema.administrative_area.administrative_children	 	 	Central Bohemian Region; Hradec Králové Region	 	 	 	 	 	 	 	1	0.816497	1	1		
0	http://rdf.freebase.com/ns/base.aareas.schema.administrative_area.administrative_parent;http://yago-knowledge.org/resource/isLocatedIn	 	 	Earth	Europe	 	 	 	 	 	 	2	0.816497	0.69897	1		
0	http://rdf.freebase.com/ns/base.aareas.schema.administrative_area.pertinent_type	 	 	Czech municipality	 	 	 	 	 	 	 	1	0.816497	1	1		
0	http://rdf.freebase.com/ns/base.aareas.schema.administrative_area.short_name	 	 	cz	 	 	 	 	 	 	 	1	0.57735	1	1		
0	http://rdf.freebase.com/ns/base.aareas.schema.administrative_area.subdividing_type	 	 	Czech region	 	 	 	 	 	 	 	1	0.57735	1	1		
0	http://rdf.freebase.com/ns/base.biblioness.bibs_location.loc_type	 	 	Country	 	 	 	 	 	 	 	1	0.57735	1	1		
0	http://rdf.freebase.com/ns/base.infection.location_of_biosafety_facility.biosafety_facility	 	 	Center of Biological Protection	 	 	 	 	 	 	 	1	0.57735	1	1		
0	http://rdf.freebase.com/ns/base.locations.countries.continent	 	 	Europe	 	 	 	 	 	 	 	1	0.57735	1	1		
0	http://rdf.freebase.com/ns/base.ontologies.ontology_instance.equivalent_instances	 	 	the Czech Republic	 	 	 	 	 	 	 	1	0.57735	1	1		
0	http://rdf.freebase.com/ns/base.uncommon.topic.exceptions	 	 	City/Town/Village should pertain to Ghana, since City/Town/Village subdivides Ghanaian Municipal Dis	 	 	 	 	 	 	 	1	0.816497	1	1		
0	http://rdf.freebase.com/ns/book.book_subject.works	 	 	Classic German Cookbook; Essential Prague	 	 	 	 	 	 	 	1	0.816497	1	1		
0	http://rdf.freebase.com/ns/business.sponsor.sponsorship	 	 	Czech Olympic Committee	 	 	 	 	 	 	 	1	0.57735	1	1		
0	http://rdf.freebase.com/ns/common.identity.daylife_topic	 	 	01VX3SJgUqc4E	 	 	 	 	 	 	 	1	0.57735	1	1		
0	http://rdf.freebase.com/ns/common.topic.alias	 	 	Bohemia	 	 	 	 	 	 	 	1	0.57735	1	1		
0	http://rdf.freebase.com/ns/common.topic.article	 	 	The Czech Republic (/ˈtʃɛk/ CHEK; Czech: Česká republika, pronounced [ˈtʃɛskaː ˈrɛpuˌblɪka] ( listen	 	 	In European elections, Czech Republic is a constituency of the European Parliament, currently repres	 	 	 	Czech and Slovak Federal Republic (Czech/Slovak: Česká a Slovenská Federativní/Federatívna Republika	3	0.816497	0.522879	1		
0	http://rdf.freebase.com/ns/common.topic.image	 	 	Location of Czech Republic	 	 	 	 	 	 	Location of Czechoslovakia	2	0.816497	0.69897	1		
0	http://rdf.freebase.com/ns/common.topic.notable_for	 	 	Country	 	 	Political District	 	 	 	Country	3	0.57735	0.522879	1		
0	http://rdf.freebase.com/ns/common.topic.notable_types	 	 	Country	 	 	Political District	 	 	 	Country	3	0.57735	0.522879	1		
0	http://rdf.freebase.com/ns/common.topic.webpage	 	 	Statoids of Czech Republic; http://rdf.freebase.com/ns/m.0b6rncw	 	 	 	 	 	 	 	1	0.816497	1	1		
0	http://rdf.freebase.com/ns/dataworld.gardening_hint.split_to	 	 	Czechs	 	 	 	 	 	 	 	1	0.57735	1	1		
0	http://rdf.freebase.com/ns/freebase.linguistic_hint.adjectival_form	 	 	Czech	 	 	 	 	 	 	 	1	0.57735	1	1		
0	http://rdf.freebase.com/ns/freebase.valuenotation.is_reviewed	 	 	Currency Used; Date founded	 	 	 	 	 	 	 	1	0.816497	1	1		
0	http://rdf.freebase.com/ns/government.governmental_jurisdiction.governing_officials	 	 	Minister of Education, Youth and Sport of the Czech Republic; Minister of Foreign Affairs	 	 	 	 	 	 	 	1	0.313112	1	1		
0	http://rdf.freebase.com/ns/government.governmental_jurisdiction.government_bodies	 	 	Chamber of Deputies of the Parliament of the Czech Republic	 	 	 	 	 	 	 	1	0.816497	1	1		
0	http://rdf.freebase.com/ns/kg.object_profile.prominent_type	 	 	Country	 	 	Political District	 	 	 	Country	3	0.57735	0.522879	1		
0	http://rdf.freebase.com/ns/location.country.calling_code	 	 	420	 	 	 	 	 	 	 	1	0.57735	1	1		
0	http://rdf.freebase.com/ns/location.country.currency_formerly_used	 	 	Czechoslovak koruna	 	 	 	 	 	 	 	1	0.57735	1	1		
0	http://rdf.freebase.com/ns/location.country.currency_used	 	 	Czech koruna	 	 	 	 	 	 	 	1	0.57735	1	1		
0	http://rdf.freebase.com/ns/location.country.fips10_4	 	 	EZ	 	 	 	 	 	 	 	1	0.57735	1	1		
0	http://rdf.freebase.com/ns/location.country.first_level_divisions	 	 	Central Bohemian Region; Hradec Králové Region	 	 	 	 	 	 	 	1	0.816497	1	1		
0	http://rdf.freebase.com/ns/location.country.internet_tld	 	 	cz	 	 	 	 	 	 	cs	2	0.816497	0.69897	1		
0	http://rdf.freebase.com/ns/location.country.iso3166_1_alpha2	 	 	CZ	 	 	 	 	 	 	 	1	0.57735	1	1		
0	http://rdf.freebase.com/ns/location.country.iso3166_1_shortname	 	 	CZECH REPUBLIC	 	 	 	 	 	 	 	1	0.57735	1	1		
0	http://rdf.freebase.com/ns/location.country.iso_alpha_3	 	 	CZE	 	 	 	 	 	 	 	1	0.57735	1	1		
0	http://rdf.freebase.com/ns/location.country.iso_numeric	 	 	203	 	 	 	 	 	 	 	1	0.57735	1	1		
0	http://rdf.freebase.com/ns/location.country.languages_spoken	 	 	Bulgarian Language	 	 	 	 	 	 	 	1	0.816497	1	1		
0	http://rdf.freebase.com/ns/location.country.national_anthem	 	 	Kde domov můj?	 	 	 	 	 	 	 	1	0.57735	1	1		
0	http://rdf.freebase.com/ns/location.country.official_language	 	 	Czech Language	 	 	 	 	 	 	 	1	0.57735	1	1		
2	http://rdf.freebase.com/ns/location.dated_location.date_founded;http://yago-knowledge.org/resource/wasCreatedOnDate;http://dbpedia.org/ontology/foundingDate	 	 	1993/1/1	1969/1/1	 	 	2004/1/1	 	1990/4/23	1990	5	0.816497	0.30103	1		
0	http://rdf.freebase.com/ns/location.location.adjectival_form	 	 	Czech	 	 	 	 	 	 	 	1	0.57735	1	1		
0	http://rdf.freebase.com/ns/location.location.adjoin_s	 	 	Slovakia	 	 	 	 	 	 	 	1	0.816497	1	1		
0	http://rdf.freebase.com/ns/location.location.containedby	 	 	Central Europe	 	 	 	 	 	 	Czech Republic	2	0.816497	0.69897	1		
0	http://rdf.freebase.com/ns/location.location.contains	 	 	A&W Business School, Prague; Březová-Oleško	 	 	 	 	 	 	 	1	0.750677	1	1		
0	http://rdf.freebase.com/ns/location.location.events	 	 	2001 UEC European Track Championships; 2009 Vítkov arson attack	 	 	 	 	 	 	 	1	0.816497	1	1		
0	http://rdf.freebase.com/ns/location.location.nearby_airports	 	 	Karlovy Vary Airport	 	 	 	 	 	 	 	1	0.57735	1	1		
0	http://rdf.freebase.com/ns/location.location.partially_contains	 	 	Carpathian Mountains; Czantoria Wielka	 	 	 	 	 	 	 	1	0.816497	1	1		
0	http://rdf.freebase.com/ns/location.location.partiallycontains	 	 	Carpathian Mountains; Czantoria Wielka	 	 	 	 	 	 	 	1	0.816497	1	1		
0	http://rdf.freebase.com/ns/location.location.people_born_here	 	 	Adolf Schneeberger; Váša Příhoda	 	 	 	 	 	 	Pavel Moulis	2	0.816497	0.69897	1		
0	http://rdf.freebase.com/ns/location.location.time_zones	 	 	Central European Time Zone	 	 	 	 	 	 	 	1	0.57735	1	1		
0	http://rdf.freebase.com/ns/location.statistical_region.electricity_consumption_per_capita	 	 	3424.202; 3595.797	 	 	 	 	 	 	 	1	0.816497	1	1		
0	http://rdf.freebase.com/ns/location.statistical_region.energy_use_per_capita	 	 	3794.063; 4051.144	 	 	 	 	 	 	 	1	0.816497	1	1		
0	http://rdf.freebase.com/ns/location.statistical_region.gdp_nominal_per_capita	 	 	11667.650; 18333.980	 	 	 	 	 	 	 	1	0.816497	1	1		
0	http://rdf.freebase.com/ns/location.statistical_region.government_debt_percent_gdp	 	 	11.9	 	 	 	 	 	 	 	1	0.816497	1	1		
0	http://rdf.freebase.com/ns/location.statistical_region.long_term_unemployment_rate	 	 	20.2	 	 	 	 	 	 	 	1	0.816497	1	1		
0	http://rdf.freebase.com/ns/location.statistical_region.unemployment_rate	 	 	3.6	 	 	 	 	 	 	 	1	0.816497	1	1		
0	http://rdf.freebase.com/ns/media_common.netflix_genre.titles	 	 	Fruit of Paradise; Late Night Talks with Mother	 	 	 	 	 	 	 	1	0.816497	1	1		
0	http://rdf.freebase.com/ns/olympics.olympic_athlete_affiliation.athlete	 	 	Robert Reichel	 	 	 	 	 	 	 	1	0.57735	1	1		
0	http://rdf.freebase.com/ns/olympics.olympic_participating_country.medals_won	 	 	http://rdf.freebase.com/ns/m.04gbzd4; http://rdf.freebase.com/ns/m.0678ctv	 	 	 	 	 	 	 	1	0.816497	1	1		
0	http://rdf.freebase.com/ns/organization.organization_founder.organizations_founded	 	 	World Trade Organization	 	 	 	 	 	 	 	1	0.57735	1	1		
0	http://rdf.freebase.com/ns/organization.organization_member.member_of	 	 	Council of Europe; Organisation for Economic Co-operation and Development	 	 	 	 	 	 	 	1	0.816497	1	1		
0	http://rdf.freebase.com/ns/organization.organization_scope.organizations_with_this_scope	 	 	3D-interiery.cz - Interior decorator; Friendly Finance Ltd	 	 	 	 	 	 	 	1	0.798282	1	1		
0	http://rdf.freebase.com/ns/sports.sport_country.athletic_performances	 	 	http://rdf.freebase.com/ns/m.08nk32g; http://rdf.freebase.com/ns/m.0p66xtq	 	 	 	 	 	 	 	1	0.816497	1	1		
0	http://rdf.freebase.com/ns/sports.sports_team_location.teams	 	 	Czech Republic men's national volleyball team; ČEZ Basketball Nymburk	 	 	 	 	 	 	 	1	0.816497	1	1		
0	http://rdf.freebase.com/ns/symbols.flag_referent.flag	 	 	Flag of the Czech Republic	 	 	 	 	 	 	 	1	0.57735	1	1		
0	http://rdf.freebase.com/ns/topic_server.population_number	 	 	10058620; 9922266	 	 	 	 	 	 	 	1	0.816497	1	1		
0	http://rdf.freebase.com/ns/type.object.key	 	 	/wikipedia/fa/چِك_(كشور); /wikipedia/bg_title/Чехия	 	 	/wikipedia/en_id/13384622; /wikipedia/en_title/Czech_Republic_(European_Parliament_constituency)	 	 	 	/wikipedia/ca_id/1123683; /wikipedia/de_id/8056411	3	0.816497	0.522879	1		
0	http://rdf.freebase.com/ns/type.object.name	 	 	Czech Republic	 	 	Czech Republic	 	 	 	Czech and Slovak Federative Republic	3	0.57735	0.522879	1		
0	http://rdf.freebase.com/ns/type.object.type	 	 	Administrative Division; Taxonomy Subject	 	 	Dated location; Political District	 	 	 	Dated location; Statistical region	3	0.567807	0.522879	1		
0	http://rdf.freebase.com/ns/user.avh.default_domain.ellerdale_topic.ellerdale_id	 	 	0080-68bb	 	 	 	 	 	 	 	1	0.57735	1	1		
0	http://rdf.freebase.com/ns/user.tsegaran.random.taxonomy_subject.entry	 	 	http://rdf.freebase.com/ns/m.04_8bwd	 	 	 	 	 	 	 	1	0.57735	1	1		
0	http://www.w3.org/2004/02/skos/core#prefLabel	 	 	 	Czech Republic	 	 	Czech Republic (European Parliament constituency)	 	 	 	2	0.816497	0.69897	1		
0	http://yago-knowledge.org/resource/dealsWith	 	 	 	Netherlands; Slovakia	 	 	 	 	 	 	1	0.816497	1	1		
0	http://yago-knowledge.org/resource/exports	 	 	 	wordnet chemical 114806838	 	 	 	 	 	 	1	0.57735	1	1		
0	http://yago-knowledge.org/resource/hasArea	 	 	 	78866	 	 	 	 	 	 	1	0.57735	1	1		
0	http://yago-knowledge.org/resource/hasCapital	 	 	 	Prague	 	 	 	 	 	 	1	0.57735	1	1		
0	http://yago-knowledge.org/resource/hasCitationTitle	 	 	 	GDP per capita in PPS; 'State of the Internet' report reveals the fastest web speeds around the worl	 	 	 	 	 	 	1	0.816497	1	1		
0	http://yago-knowledge.org/resource/hasCurrency	 	 	 	Czech koruna	 	 	 	 	 	 	1	0.57735	1	1		
0	http://yago-knowledge.org/resource/hasEconomicGrowth	 	 	 	2.6	 	 	 	 	 	 	1	0.57735	1	1		
0	http://yago-knowledge.org/resource/hasExpenses	 	 	 	87250000000	 	 	 	 	 	 	1	0.57735	1	1		
0	http://yago-knowledge.org/resource/hasExport	 	 	 	134000000000	 	 	 	 	 	 	1	0.57735	1	1		
0	http://yago-knowledge.org/resource/hasGDP	 	 	 	199000000000	 	 	 	 	 	 	1	0.57735	1	1		
0	http://yago-knowledge.org/resource/hasGini	 	 	 	24.9	 	 	 	 	 	 	1	0.57735	1	1		
0	http://yago-knowledge.org/resource/hasImport	 	 	 	129000000000	 	 	 	 	 	 	1	0.57735	1	1		
0	http://yago-knowledge.org/resource/hasInflation	 	 	 	1	 	 	 	 	 	 	1	0.57735	1	1		
0	http://yago-knowledge.org/resource/hasMotto	 	 	 	Pravda vítězí; Truth prevails	 	 	 	 	 	 	1	0.816497	1	1		
0	http://yago-knowledge.org/resource/hasNeighbor	 	 	 	Germany; Slovakia	 	 	 	 	 	 	1	0.816497	1	1		
0	http://yago-knowledge.org/resource/hasOfficialLanguage	 	 	 	Czech language	 	 	 	 	 	 	1	0.57735	1	1		
0	http://yago-knowledge.org/resource/hasPopulationDensity	 	 	 	134	 	 	 	 	 	 	1	0.57735	1	1		
0	http://yago-knowledge.org/resource/hasPoverty	 	 	 	9	 	 	 	 	 	 	1	0.57735	1	1		
0	http://yago-knowledge.org/resource/hasRevenue	 	 	 	81080000000	 	 	 	 	 	 	1	0.57735	1	1		
0	http://yago-knowledge.org/resource/hasTLD	 	 	 	.cz	 	 	 	 	 	 	1	0.57735	1	1		
0	http://yago-knowledge.org/resource/hasUnemployment	 	 	 	2014	 	 	 	 	 	 	1	0.816497	1	1		
0	http://yago-knowledge.org/resource/hasWikipediaAnchorText	 	 	 	1998 Winter Olympics; Mariánské Lázně	 	 	Communist Party of Bohemia and Moravia; Věra Flasarová	 	 	 	2	0.814941	0.69897	1		
0	http://yago-knowledge.org/resource/hasWikipediaArticleLength	 	 	 	104893	 	 	4446	 	 	 	2	0.816497	0.69897	1		
0	http://yago-knowledge.org/resource/hasWikipediaUrl	 	 	 	http://en.wikipedia.org/wiki/Czech_Republic	 	 	http://en.wikipedia.org/wiki/Czech_Republic_%28European_Parliament_constituency%29	 	 	 	2	0.816497	0.69897	1		
0	http://yago-knowledge.org/resource/imports	 	 	 	wordnet chemical 114806838	 	 	 	 	 	 	1	0.57735	1	1		
0	http://yago-knowledge.org/resource/linksTo	 	 	 	12th meridian east; Phytogeography	 	 	Civic Democratic Party (Czech Republic); Richard Falbr	 	 	 	2	0.813957	0.69897	1		
0	http://yago-knowledge.org/resource/owns	 	 	 	European Space Agency	 	 	 	 	 	 	1	0.57735	1	1		
0	http://yago-knowledge.org/resource/participatedIn	 	 	 	Battle of Koronowo; Operation Desert Thunder	 	 	 	 	 	 	1	0.816497	1	1		
0	http://yago-knowledge.org/resource/redirectedFrom	 	 	 	Bohemia-Moravia; Csehorszag	 	 	 	 	 	 	1	0.816497	1	1		
0	http://rdf.freebase.com/ns/government.political_district.representatives	 	 	 	 	 	Jana Bobošíková; Petr Mach	 	 	 	 	1	0.816497	1	1		
0	http://dbpedia.org/ontology/anthem	 	 	 	 	 	 	 	 	Kde domov můj; Nad Tatrou sa blýska	 	1	0.816497	1	1		
0	http://dbpedia.org/ontology/dissolutionDate	 	 	 	 	 	 	 	 	1992/12/31	 	1	0.57735	1	1		
0	http://dbpedia.org/ontology/dissolutionYear	 	 	 	 	 	 	 	 	1992	 	1	0.57735	1	1		
0	http://dbpedia.org/ontology/foundingYear	 	 	 	 	 	 	 	 	1990	 	1	0.57735	1	1		
0	http://dbpedia.org/ontology/motto	 	 	 	 	 	 	 	 	"Pravda vítězí / Pravda víťazí(Czech/Slovak); ""Truth prevails"""	 	1	0.816497	1	1		
0	http://rdf.freebase.com/ns/location.dated_location.date_dissolved	 	 	 	 	 	 	 	 	 	1992/12/31	1	0.57735	1	1		
