score	dataset	dbpedia	sws.geonames	dbpedia	freebase	dbpedia	freebase	dbpedia	freebase	dbpedia	freebase						
	entity	http://dbpedia.org/resource/Poland	http://sws.geonames.org/798544/	http://dbpedia.org/resource/Poland,_Chautauqua_County,_New_York	http://rdf.freebase.com/ns/m.0xyr0	http://dbpedia.org/resource/Poland,_Herkimer_County,_New_York	http://rdf.freebase.com/ns/m.011q92	http://dbpedia.org/resource/Poland,_Ohio	http://rdf.freebase.com/ns/m.0hg4n	http://dbpedia.org/resource/Poland_Township,_Mahoning_County,_Ohio	http://rdf.freebase.com/ns/m.07kn3k						
3	http://dbpedia.org/ontology/PopulatedPlace/areaTotal;http://dbpedia.org/ontology/areaTotal;http://rdf.freebase.com/ns/location.location.area	313000000000	 	95500000	95.5	 	 	4273480	4.27	55000000	55.167	7	0.730297	0.154902	1		
0	http://dbpedia.org/ontology/PopulatedPlace/populationDensity	123	 	24.8	 	 	 	605.2	 	276.4	 	4	0.816497	0.39794	1		
0	http://dbpedia.org/ontology/abstract	Poland (Polish: Polska [ˈpɔlska] ), officially the Republic of Poland (Polish: Rzeczpospolita Polska	 	Poland is a town in Chautauqua County, New York, United States. The population was 2,356 at the 2010	 	Poland is a village in Herkimer County, New York, United States. The population was 508 at the 2010 	 	Poland is a village located about 7 miles (11 km) southeast of Youngstown in Mahoning County, Ohio, 	 	Poland Township is one of the fourteen townships of Mahoning County, Ohio, United States. The 2010 c	 	5	0.816497	0.30103	1		
0	http://dbpedia.org/ontology/anthem	Dąbrowski's Mazurka	 	 	 	 	 	 	 	 	 	1	0.57735	1	1		
0	http://dbpedia.org/ontology/capital	Warsaw	 	 	 	 	 	 	 	 	 	1	0.57735	1	1		
0	http://dbpedia.org/ontology/currency	Polish złoty	 	 	 	 	 	 	 	 	 	1	0.57735	1	1		
0	http://dbpedia.org/ontology/demonym	Polak	 	 	 	 	 	 	 	 	 	1	0.816497	1	1		
0	http://dbpedia.org/ontology/ethnicGroup	Belarusian minority in Poland	 	 	 	 	 	 	 	 	 	1	0.816497	1	1		
0	http://dbpedia.org/ontology/ethnicGroupsInYear	2011	 	 	 	 	 	 	 	 	 	1	0.57735	1	1		
0	http://dbpedia.org/ontology/flag	Flag of Poland.svg	 	 	 	 	 	 	 	 	 	1	0.57735	1	1		
0	http://dbpedia.org/ontology/foundingDate;http://rdf.freebase.com/ns/location.dated_location.date_founded	0966-04-14	 	 	1832	 	1890	 	 	 	 	3	0.816497	0.522879	1		
0	http://dbpedia.org/ontology/governmentType	Parliamentary republic	 	Town Council	 	 	 	 	 	 	 	2	0.816497	0.69897	1		
0	http://dbpedia.org/ontology/language	Kashubian language	 	 	 	 	 	 	 	 	 	1	0.816497	1	1		
0	http://dbpedia.org/ontology/leader	Andrzej Duda; Beata Szydło	 	 	 	 	 	 	 	 	 	1	0.816497	1	1		
0	http://dbpedia.org/ontology/leaderTitle	Prime minister	 	Town Supervisor	 	 	 	 	 	 	 	2	0.816497	0.69897	1		
0	http://dbpedia.org/ontology/longName	Republic of Poland	 	 	 	 	 	 	 	 	 	1	0.57735	1	1		
0	http://dbpedia.org/ontology/officialLanguage	Polish language	 	 	 	 	 	 	 	 	 	1	0.57735	1	1		
0	http://dbpedia.org/ontology/percentageOfAreaWater	3.07	 	 	 	 	 	 	 	 	 	1	0.57735	1	1		
0	http://dbpedia.org/ontology/populationDensity	123	 	24.8	 	 	 	605.2	 	276.4	 	4	0.816497	0.39794	1		
3	http://dbpedia.org/ontology/populationTotal;http://www.geonames.org/ontology#population;http://rdf.freebase.com/ns/location.statistical_region.population	38483957	38500000	2356	2356	508	418	2555	2503	14960	14711	10	0.774597	0	1		
0	http://dbpedia.org/ontology/soundRecording	http://dbpedia.org/resource/Poland__1	 	 	 	 	 	 	 	 	 	1	0.57735	1	1		
0	http://dbpedia.org/ontology/thumbnail	http://commons.wikimedia.org/wiki/Special:FilePath/Flag_of_Poland_(normative).svg?width=300	 	http://commons.wikimedia.org/wiki/Special:FilePath/Chautauqua_County_NY_Poland_town_highlighted.svg?	 	http://commons.wikimedia.org/wiki/Special:FilePath/New_York_Locator_Map.PNG?width=300	 	http://commons.wikimedia.org/wiki/Special:FilePath/Poland_post_office_44514.jpg?width=300	 	http://commons.wikimedia.org/wiki/Special:FilePath/Hopewell_Furnace_overview.jpg?width=300	 	5	0.816497	0.30103	1		
0	http://dbpedia.org/ontology/timeZone	Central European Time	 	 	 	North American Eastern Time Zone	 	Eastern Time Zone	 	North American Eastern Time Zone	 	4	0.645497	0.39794	1		
0	http://dbpedia.org/ontology/wikiPageExternalLink	http://en.poland.gov.pl/	 	http://polandny.org	 	http://www.herkimercounty.org/content/CommunityCategories/Home/:item=1&field=groups;/content/Communi	 	http://www.polandbulldogs.com/; http://www.towncrieronline.com/	 	http://www.mahoningcountyoh.gov; http://www.polandtownship.org	 	5	0.816497	0.30103	1		
3	http://dbpedia.org/ontology/wikiPageID;http://rdf.freebase.com/key/wikipedia.en_id	22936	 	126255	126255	126523	126523	65865	65865	2521075	2521075	9	0.471405	0.045757	1		
0	http://dbpedia.org/ontology/wikiPageLength	248817	 	10555	 	8857	 	11223	 	6045	 	5	0.816497	0.30103	1		
0	http://dbpedia.org/ontology/wikiPageOutDegree	1726	 	55	 	33	 	50	 	33	 	5	0.68313	0.30103	1		
0	http://dbpedia.org/ontology/wikiPageRevisionID	745308325	 	743139610	 	737624216	 	729260607	 	676410978	 	5	0.816497	0.30103	1		
0	http://purl.org/dc/terms/subject	Central European countries; Liberal democracies	 	Towns in Chautauqua County, New York	 	Utica–Rome metropolitan area; Villages in Herkimer County, New York	 	Populated places established in 1796; Villages in Mahoning County, Ohio	 	Populated places established in 1796; Townships in Mahoning County, Ohio	 	5	0.786796	0.30103	1		
0	http://www.georss.org/georss/point	52.21666666666667 21.033333333333335	 	42.1325 -79.13222222222223	 	43.22611111111111 -75.06138888888889	 	41.02472222222222 -80.61222222222223	 	41.0225 -80.59333333333333	 	5	0.816497	0.30103	1		
3	http://www.w3.org/1999/02/22-rdf-syntax-ns#type	Spatial Thing; http://dbpedia.org/ontology/Location	Feature	Spatial Thing; http://dbpedia.org/ontology/Location	City/Town/Village; Dated location	Spatial Thing; http://dbpedia.org/ontology/Location	City/Town/Village; Dated location	Spatial Thing; http://dbpedia.org/ontology/Location	City/Town/Village; Dated location	Spatial Thing; http://dbpedia.org/ontology/Location	City/Town/Village; Newspaper circulation area	10	0.194625	0	1		
3	http://www.w3.org/2000/01/rdf-schema#comment;http://rdf.freebase.com/ns/common.topic.description	Poland (Polish: Polska [ˈpɔlska] ), officially the Republic of Poland (Polish: Rzeczpospolita Polska	 	Poland is a town in Chautauqua County, New York, United States. The population was 2,356 at the 2010	Poland is a town in Chautauqua County, New York, United States. The population was 2,356 at the 2010	Poland is a village in Herkimer County, New York, United States. The population was 508 at the 2010 	Poland is a village in Herkimer County, New York, United States. The population was 508 at the 2010 	Poland is a village located about 7 miles (11 km) southeast of Youngstown in Mahoning County, Ohio, 	Poland is a village located about 7 miles southeast of Youngstown in Mahoning County, Ohio, United S	Poland Township is one of the fourteen townships of Mahoning County, Ohio, United States. The 2010 c	Poland Township is one of the fourteen townships of Mahoning County, Ohio, United States. The 2010 c	9	0.57735	0.045757	1		
3	http://www.w3.org/2000/01/rdf-schema#label;http://www.geonames.org/ontology#name	Poland	Poland	Poland, Chautauqua County, New York	Poland	Poland, Herkimer County, New York	Poland	Poland, Ohio	Poland, Ohio	Poland Township, Mahoning County, Ohio	Poland Township	10	0.408248	0	1		
1	http://www.w3.org/2002/07/owl#sameAs	Poland	 	Poland	 	Poland	 	Poland Township	 	Poland Township, Mahoning County	 	5	0	0.30103	0		
3	http://www.w3.org/2003/01/geo/wgs84_pos#lat	52	52	42.133	42.133	43.226	43.226	41.025	41.025	41.023	41.023	10	0.550482	0	1		
3	http://www.w3.org/2003/01/geo/wgs84_pos#long	20	20	-79.132	-79.132	-75.061	-75.061	-80.612	-80.612	-80.593	-80.593	10	0.550482	0	1		
0	http://www.w3.org/ns/prov#wasDerivedFrom	http://en.wikipedia.org/wiki/Poland?oldid=745308325	 	http://en.wikipedia.org/wiki/Poland,_Chautauqua_County,_New_York?oldid=743139610	 	http://en.wikipedia.org/wiki/Poland,_Herkimer_County,_New_York?oldid=737624216	 	http://en.wikipedia.org/wiki/Poland,_Ohio?oldid=729260607	 	http://en.wikipedia.org/wiki/Poland_Township,_Mahoning_County,_Ohio?oldid=676410978	 	5	0.816497	0.30103	1		
0	http://xmlns.com/foaf/0.1/depiction	http://commons.wikimedia.org/wiki/Special:FilePath/Flag_of_Poland_(normative).svg	 	http://commons.wikimedia.org/wiki/Special:FilePath/Chautauqua_County_NY_Poland_town_highlighted.svg	 	http://commons.wikimedia.org/wiki/Special:FilePath/New_York_Locator_Map.PNG	 	http://commons.wikimedia.org/wiki/Special:FilePath/Poland_post_office_44514.jpg	 	http://commons.wikimedia.org/wiki/Special:FilePath/Hopewell_Furnace_overview.jpg	 	5	0.816497	0.30103	1		
1	http://xmlns.com/foaf/0.1/isPrimaryTopicOf;http://rdf.freebase.com/ns/common.topic.topic_equivalent_webpage	http://en.wikipedia.org/wiki/Poland	 	http://en.wikipedia.org/wiki/Poland,_Chautauqua_County,_New_York	http://en.wikipedia.org/wiki/Poland,_Chautauqua_County,_New_York; http://sr.wikipedia.org/wiki/%1A%3	http://en.wikipedia.org/wiki/Poland,_Herkimer_County,_New_York	http://en.wikipedia.org/wiki/Poland,_Herkimer_County,_New_York; http://es.wikipedia.org/wiki/Poland_	http://en.wikipedia.org/wiki/Poland,_Ohio	http://ar.wikipedia.org/wiki/%28%48%44%27%46%2F_(%23%48%47%27%4A%48)	http://en.wikipedia.org/wiki/Poland_Township,_Mahoning_County,_Ohio	http://en.wikipedia.org/wiki/Poland_Township,_Mahoning_County,_Ohio; http://vi.wikipedia.org/wiki/X%	9	0.762601	0.045757	1		
0	http://xmlns.com/foaf/0.1/name	Poland	 	Poland, New York	 	Poland	 	Poland, Ohio	 	Poland Township, Mahoning County, Ohio	 	5	0.68313	0.30103	1		
0	http://www.geonames.org/ontology#alternateName	 	Lengyelország; Polish People’s Republic	 	 	 	 	 	 	 	 	1	0.816497	1	1		
0	http://www.geonames.org/ontology#childrenFeatures	 	http://sws.geonames.org/798544/contains.rdf	 	 	 	 	 	 	 	 	1	0.57735	1	1		
0	http://www.geonames.org/ontology#countryCode	 	PL	 	 	 	 	 	 	 	 	1	0.57735	1	1		
0	http://www.geonames.org/ontology#featureClass	 	http://www.geonames.org/ontology#A	 	 	 	 	 	 	 	 	1	0.57735	1	1		
0	http://www.geonames.org/ontology#featureCode	 	http://www.geonames.org/ontology#A.PCLI	 	 	 	 	 	 	 	 	1	0.57735	1	1		
0	http://www.geonames.org/ontology#locationMap	 	http://www.geonames.org/798544/republic-of-poland.html	 	 	 	 	 	 	 	 	1	0.57735	1	1		
0	http://www.geonames.org/ontology#neighbouringFeatures	 	http://sws.geonames.org/798544/neighbours.rdf	 	 	 	 	 	 	 	 	1	0.57735	1	1		
0	http://www.geonames.org/ontology#officialName	 	Poland	 	 	 	 	 	 	 	 	1	0.57735	1	1		
2	http://www.geonames.org/ontology#parentFeature;http://dbpedia.org/ontology/isPartOf;http://rdf.freebase.com/ns/location.location.containedby	 	Europe	New York (state)	Chautauqua County; Herkimer County	 	Herkimer County; United States of America	Mahoning County, Ohio	Mahoning County	Mahoning County, Ohio	Mahoning County	8	0.442807	0.09691	1		
0	http://www.geonames.org/ontology#wikipediaArticle	 	http://en.wikipedia.org/wiki/Poland	 	 	 	 	 	 	 	 	1	0.816497	1	1		
0	http://www.w3.org/2000/01/rdf-schema#seeAlso	 	Poland	 	 	 	 	 	 	 	 	1	0.57735	1	1		
0	http://dbpedia.org/ontology/areaLand	 	 	94800000	 	 	 	4221680	 	54100000	 	3	0.816497	0.522879	1		
0	http://dbpedia.org/ontology/areaWater	 	 	700000	 	 	 	50000	 	900000	 	3	0.816497	0.522879	1		
0	http://dbpedia.org/ontology/elevation	 	 	388.62	 	205.74	 	317.906	 	344	 	4	0.816497	0.39794	1		
0	http://dbpedia.org/ontology/leaderName	 	 	United States Democratic Party	 	 	 	 	 	 	 	1	0.57735	1	1		
1	http://dbpedia.org/ontology/postalCode	 	 	14747 (Kennedy)	 	13431	 	44514	 	44514	 	4	0.645497	0.39794	1		
0	http://dbpedia.org/ontology/type	 	 	Administrative divisions of New York	 	Political subdivisions of New York State	 	Village (United States)	 	Civil township	 	4	0.816497	0.39794	1		
1	http://xmlns.com/foaf/0.1/homepage;http://rdf.freebase.com/ns/common.topic.official_website	 	 	http://polandny.org	 	http://www.herkimercounty.org/content/CommunityCategories/Home/:item=1&field=groups;/content/Communi	http://www.herkimercounty.org/content/CommunityCategories/Home/:item=1&amp;field=groups;/content/Com	 	 	http://www.polandtownship.org	 	4	0.816497	0.39794	1		
0	http://rdf.freebase.com/key/authority.hud.countyplace	 	 	 	3604358937	 	 	 	3909963954	 	 	2	0.816497	0.69897	1		
1	http://rdf.freebase.com/key/en	 	 	 	poland_new_york	 	poland_united_states	 	poland_ohio	 	poland_township	4	0.816497	0.39794	1		
1	http://rdf.freebase.com/key/wikipedia.en	 	 	 	Hartson_Swamp_Wildlife_Management_Area; Poland,_Chautauqua_County,_New_York	 	Poland,_Herkimer_County,_New_York	 	Poland_Middle_School; Poland_Village,_OH	 	Poland_Township,_Mahoning_County,_OH	4	0.816497	0.39794	1		
1	http://rdf.freebase.com/key/wikipedia.en_title	 	 	 	Poland,_Chautauqua_County,_New_York	 	Poland,_Herkimer_County,_New_York	 	Poland,_Ohio	 	Poland_Township,_Mahoning_County,_Ohio	4	0.816497	0.39794	1		
1	http://rdf.freebase.com/ns/common.topic.alias	 	 	 	Herkimer County / Poland village; Poland, Chautauqua County, New York	 	Poland, Herkimer County, New York	 	Mahoning County / Poland village	 	Poland Township, Mahoning County, Ohio	4	0.816497	0.39794	1		
1	http://rdf.freebase.com/ns/common.topic.article	 	 	 	Poland is a town in Chautauqua County, New York, U.S. The population was 2,356 at the 2010 census. T	 	Poland is a village in Herkimer County, New York, United States. The population was 508 at the 2010 	 	Poland is a village in Mahoning County, Ohio, United States. The population was 2,686 at the 2000 ce	 	Poland Township is one of the fourteen townships of Mahoning County, Ohio, United States. The 2000 c	4	0.816497	0.39794	1		
0	http://rdf.freebase.com/ns/common.topic.notable_for	 	 	 	City/Town/Village	 	City/Town/Village	 	City/Town/Village	 	City/Town/Village	4	0.57735	0.39794	1		
0	http://rdf.freebase.com/ns/common.topic.notable_types	 	 	 	City/Town/Village	 	City/Town/Village	 	City/Town/Village	 	City/Town/Village	4	0.57735	0.39794	1		
0	http://rdf.freebase.com/ns/kg.object_profile.prominent_type	 	 	 	City/Town/Village	 	City/Town/Village	 	City/Town/Village	 	City/Town/Village	4	0.57735	0.39794	1		
1	http://rdf.freebase.com/ns/location.hud_county_place.county;http://dbpedia.org/ontology/country	 	 	 	Herkimer County	United States	 	United States	Mahoning County	United States	 	5	0.516398	0.30103	1		
0	http://rdf.freebase.com/ns/location.hud_county_place.countyplace_id	 	 	 	3604358937	 	 	 	3909963954	 	 	2	0.816497	0.69897	1		
0	http://rdf.freebase.com/ns/location.hud_county_place.place	 	 	 	Poland	 	 	 	Poland	 	 	2	0.57735	0.69897	1		
0	http://rdf.freebase.com/ns/location.hud_foreclosure_area.bls_unemployment_rate	 	 	 	0.055	 	 	 	0.071	 	 	2	0.816497	0.69897	1		
0	http://rdf.freebase.com/ns/location.hud_foreclosure_area.estimated_number_foreclosures	 	 	 	2	 	 	 	36	 	 	2	0.816497	0.69897	1		
0	http://rdf.freebase.com/ns/location.hud_foreclosure_area.estimated_number_of_mortgages	 	 	 	66	 	 	 	641	 	 	2	0.816497	0.69897	1		
0	http://rdf.freebase.com/ns/location.hud_foreclosure_area.hhuniv	 	 	 	172	 	 	 	1080	 	 	2	0.816497	0.69897	1		
0	http://rdf.freebase.com/ns/location.hud_foreclosure_area.ofheo_price_change	 	 	 	0	 	 	 	0	 	 	2	0.57735	0.69897	1		
0	http://rdf.freebase.com/ns/location.hud_foreclosure_area.total_90_day_vacant_residential_addresses	 	 	 	0	 	 	 	30	 	 	2	0.816497	0.69897	1		
0	http://rdf.freebase.com/ns/location.hud_foreclosure_area.total_residential_addresses	 	 	 	114	 	 	 	1120	 	 	2	0.816497	0.69897	1		
0	http://rdf.freebase.com/ns/topic_server.population_number	 	 	 	2356	 	418	 	2503	 	14960	4	0.816497	0.39794	1		
0	http://rdf.freebase.com/ns/type.object.key	 	 	 	/authority/hud/countyplace/3604358937; /wikipedia/pl_id/706702	 	/authority/nist/fips/55/3658937; /en/poland_united_states	 	/authority/gnis/1061561; /wikipedia/ca_title/Poland_(Ohio)	 	/wikipedia/en_id/2521075; /wikipedia/pl_id/1190401	4	0.816497	0.39794	1		
0	http://rdf.freebase.com/ns/type.object.name	 	 	 	Poland	 	Poland	 	Poland	 	Poland Township	4	0.408248	0.39794	1		
0	http://rdf.freebase.com/ns/type.object.type	 	 	 	City/Town/Village; Dated location	 	City/Town/Village; Dated location	 	City/Town/Village; Dated location	 	City/Town/Village; Newspaper circulation area	4	0.160128	0.39794	1		
0	http://dbpedia.org/ontology/areaCode	 	 	 	 	315	 	330	 	330	 	3	0.57735	0.522879	1		
0	http://dbpedia.org/ontology/daylightSavingTimeZone	 	 	 	 	Eastern Daylight Time	 	 	 	 	 	1	0.57735	1	1		
0	http://dbpedia.org/ontology/region	 	 	 	 	Herkimer County, New York	 	 	 	 	 	1	0.57735	1	1		
0	http://dbpedia.org/ontology/state	 	 	 	 	New York (state)	 	 	 	 	 	1	0.57735	1	1		
0	http://rdf.freebase.com/key/authority.gnis	 	 	 	 	 	960850	 	1061561	 	 	2	0.816497	0.69897	1		
0	http://rdf.freebase.com/key/authority.nist.fips.55	 	 	 	 	 	3658937	 	3963954	 	 	2	0.816497	0.69897	1		
0	http://rdf.freebase.com/key/base.dspl.us_census.population.place	 	 	 	 	 	3658937	 	3963954	 	 	2	0.816497	0.69897	1		
0	http://rdf.freebase.com/ns/common.topic.webpage	 	 	 	 	 	http://rdf.freebase.com/ns/m.03l1pd5	 	 	 	 	1	0.57735	1	1		
0	http://rdf.freebase.com/ns/location.citytown.postal_codes	 	 	 	 	 	13431	 	 	 	 	1	0.57735	1	1		
0	http://rdf.freebase.com/ns/location.location.gnis_feature_id	 	 	 	 	 	960850	 	1061561	 	 	2	0.816497	0.69897	1		
0	http://dbpedia.org/ontology/utcOffset	 	 	 	 	 	 	-4	 	-4	 	2	0.408248	0.69897	1		
0	http://rdf.freebase.com/ns/base.wikipedia_infobox.settlement.area_code	 	 	 	 	 	 	 	Area codes 234 and 330	 	Area codes 234 and 330	2	0.57735	0.69897	1		
0	http://rdf.freebase.com/ns/common.topic.image	 	 	 	 	 	 	 	Location of Poland, Ohio	 	Map of Mahoning County's municipalities and townships	2	0.816497	0.69897	1		
0	http://rdf.freebase.com/ns/location.location.contains	 	 	 	 	 	 	 	Jared P. Kirtland House; South Main Street District	 	 	1	0.57735	1	1		
0	http://rdf.freebase.com/ns/location.location.people_born_here	 	 	 	 	 	 	 	Cameron Carter; David S. Dennison, Jr.	 	 	1	0.816497	1	1		
0	http://rdf.freebase.com/ns/location.location.time_zones	 	 	 	 	 	 	 	Eastern Time Zone	 	Eastern Time Zone	2	0.57735	0.69897	1		
0	http://rdf.freebase.com/ns/periodicals.newspaper_circulation_area.newspapers	 	 	 	 	 	 	 	 	 	Austintown & Canfield Town Crier	1	0.57735	1	1		
