score	dataset	dbpedia	freebase	dbpedia	freebase	dbpedia	freebase	dbpedia	freebase	dbpedia	freebase						
	entity	http://dbpedia.org/resource/Original_Sin_(2001_film)	http://rdf.freebase.com/ns/m.05ppy	http://dbpedia.org/resource/Original_Sin_(1992_film)	http://rdf.freebase.com/ns/m.026fpdz	http://dbpedia.org/resource/The_Original_Sin_(film)	http://rdf.freebase.com/ns/m.05b5nj6	http://dbpedia.org/resource/Original_Sin_(INXS_album)	http://rdf.freebase.com/ns/m.0drx7vw	http://dbpedia.org/resource/Original_Sin_(INXS_song)	http://rdf.freebase.com/ns/m.02rrj70						
2	http://dbpedia.org/ontology/Work/runtime;http://dbpedia.org/ontology/runtime;http://rdf.freebase.com/ns/film.film.runtime	116	116	117	117	105	105	 	 	0.2	 	7	0.666667	0.154902	1		
0	http://dbpedia.org/ontology/abstract	Original Sin is a 2001 erotic thriller film starring Antonio Banderas and Angelina Jolie. It is base	 	Original Sin (死んでもいい Shinde mo ii) is a 1992 film directed by Japanese director Takashi Ishii. Based	 	The Original Sin (German: Der Apfel ist ab) is a 1948 German comedy film directed by Helmut Käutner.	 	Original Sin is a tribute album by the Australian rock band INXS. It was released on physical media 	 	Original Sin is a song by Australian rock group INXS, released as the first single from the band's	 	5	0.816497	0.30103	1		
0	http://dbpedia.org/ontology/basedOn;http://rdf.freebase.com/ns/media_common.adaptation.adapted_from	Cornell Woolrich	Waltz into Darkness	 	Hi no Ga	 	 	 	 	 	 	3	0.816497	0.522879	1		
0	http://dbpedia.org/ontology/budget	42000000	 	 	 	 	 	 	 	 	 	1	0.57735	1	1		
1	http://dbpedia.org/ontology/cinematography;http://rdf.freebase.com/ns/film.film.cinematography	Rodrigo Prieto	Rodrigo Prieto	http://dbpedia.org/resource/Yasushi_Sasakibara	 	 	Igor Oberberg	 	 	 	 	4	0.645497	0.39794	1		
2	http://dbpedia.org/ontology/director;http://rdf.freebase.com/ns/film.film.directed_by	Michael Cristofer	Michael Cristofer	Takashi Ishii	Takashi Ishii	Helmut Käutner	Helmut Käutner	 	 	 	 	6	0.408248	0.221849	1		
0	http://dbpedia.org/ontology/distributor;http://rdf.freebase.com/ns/film.film.distributors	Metro-Goldwyn-Mayer	Metro-Goldwyn-Mayer	 	 	 	 	 	 	 	 	2	0.57735	0.69897	1		
0	http://dbpedia.org/ontology/gross	36400000	 	 	 	 	 	 	 	 	 	1	0.57735	1	1		
2	http://dbpedia.org/ontology/imdbId;http://rdf.freebase.com/key/authority.imdb.title;http://rdf.freebase.com/ns/imdb.topic.title_id	218922	tt0218922	105389	tt0105389	40105	tt0040105	 	 	 	 	6	0.57735	0.221849	1		
1	http://dbpedia.org/ontology/musicComposer;http://rdf.freebase.com/ns/film.film.music;http://rdf.freebase.com/ns/music.composition.composer	Terence Blanchard	Terence Blanchard	http://dbpedia.org/resource/Goro_Yasukawa	 	 	 	 	 	 	Andrew Farriss; Michael Hutchence	4	0.68313	0.39794	1		
2	http://dbpedia.org/ontology/producer;http://rdf.freebase.com/ns/film.film.produced_by	Denise Di Novi	Carol Lees; Denise Di Novi	http://dbpedia.org/resource/Yasushi_Enomoto	 	http://dbpedia.org/resource/Helmut_Beck-Herzog	 	Jon Farriss	 	Nile Rodgers	 	6	0.752773	0.221849	1		
2	http://dbpedia.org/ontology/releaseDate;http://rdf.freebase.com/ns/film.film.initial_release_date;http://rdf.freebase.com/ns/music.album.release_date	2001/8/3	2001/7/11	 	1992/10/10	 	1948/11/23	2010/11/16	2010/11/16	 	 	6	0.707107	0.221849	1		
1	http://dbpedia.org/ontology/starring;http://rdf.freebase.com/ns/film.film.starring	Angelina Jolie; Antonio Banderas	Allison Mackie; Cordelia Richards	Masatoshi Nagase; Shinobu Otake	Masatoshi Nagase; Shinobu Otake	Bobby Todd	Bobby Todd	 	 	 	 	6	0.57735	0.221849	1		
3	http://dbpedia.org/ontology/wikiPageID;http://rdf.freebase.com/key/wikipedia.en_id	22751	22751	7834545	7834545	21007578	21007578	29497293	29497293	11764934	11764934	10	0.408248	0	1		
0	http://dbpedia.org/ontology/wikiPageLength	7861	 	3258	 	1942	 	5845	 	9158	 	5	0.816497	0.30103	1		
0	http://dbpedia.org/ontology/wikiPageOutDegree	62	 	28	 	32	 	58	 	57	 	5	0.816497	0.30103	1		
0	http://dbpedia.org/ontology/wikiPageRevisionID	744806086	 	740856828	 	721030433	 	736213880	 	738430934	 	5	0.816497	0.30103	1		
2	http://dbpedia.org/ontology/writer;http://rdf.freebase.com/ns/film.film.story_by;http://rdf.freebase.com/ns/film.film.written_by	Michael Cristofer	Cornell Woolrich; Michael Cristofer	Takashi Ishii; http://dbpedia.org/resource/Bo_Nishimura	Bo Nishimura; Takashi Ishii	Bobby Todd; Helmut Käutner	 	 	 	Andrew Farriss; Michael Hutchence	 	6	0.707107	0.221849	1		
0	http://purl.org/dc/terms/subject	American remakes of French films; English-language films	 	1990s romantic drama films; Adultery in films	 	Depictions of Adam and Eve; German black-and-white films	 	Collaborative albums; English-language albums	 	Billboard Dance Club Songs number-one singles; Number-one singles in Australia	 	5	0.816497	0.30103	1		
3	http://www.w3.org/1999/02/22-rdf-syntax-ns#type;http://rdf.freebase.com/ns/music.album.album_content_type;http://rdf.freebase.com/ns/music.album.release_type	CreativeWork; http://dbpedia.org/ontology/Wikidata:Q11424	Award-Nominated Work; Netflix Title	CreativeWork; http://dbpedia.org/ontology/Wikidata:Q11424	Award-Nominated Work	CreativeWork; http://dbpedia.org/ontology/Wikidata:Q11424	Inanimate	CreativeWork; musical work	Inanimate; Musical Album	CreativeWork; musical work	Cataloged instance; Composition	10	0.117851	0	1		
3	http://www.w3.org/2000/01/rdf-schema#comment;http://rdf.freebase.com/ns/common.topic.description	Original Sin is a 2001 erotic thriller film starring Antonio Banderas and Angelina Jolie. It is base	Original Sin is a 2001 erotic thriller film starring Antonio Banderas and Angelina Jolie. It is base	Original Sin (死んでもいい Shinde mo ii) is a 1992 film directed by Japanese director Takashi Ishii. Based	Original Sin is a 1992 film directed by Japanese director Takashi Ishii. Based on a novel by Bo Nish	The Original Sin (German: Der Apfel ist ab) is a 1948 German comedy film directed by Helmut Käutner.	The Original Sin is a 1948 German comedy film directed by Helmut Käutner. It was entered into the 19	Original Sin is a tribute album by the Australian rock band INXS. It was released on physical media 	Original Sin is a tribute album by the Australian rock band INXS. It was released on physical media 	Original Sin is a song by Australian rock group INXS, released as the first single from the band's	Original Sin is a song by Australian rock group INXS, released as the first single from the band's	10	0.60553	0	1		
2	http://www.w3.org/2000/01/rdf-schema#label	Original Sin (2001 film)	Original Sin	Original Sin (1992 film)	Original Sin	The Original Sin (film)	The Original Sin	Original Sin (INXS album)	Original Sin	Original Sin (INXS song)	Original Sin	10	0.60553	0	1		
0	http://www.w3.org/2002/07/owl#sameAs	Original Sin	 	Original Sin	 	The Original Sin	 	Original Sin	 	Original Sin	 	5	0.258199	0.30103	0		
0	http://www.w3.org/ns/prov#wasDerivedFrom	http://en.wikipedia.org/wiki/Original_Sin_(2001_film)?oldid=744806086	 	http://en.wikipedia.org/wiki/Original_Sin_(1992_film)?oldid=740856828	 	http://en.wikipedia.org/wiki/The_Original_Sin_(film)?oldid=721030433	 	http://en.wikipedia.org/wiki/Original_Sin_(INXS_album)?oldid=736213880	 	http://en.wikipedia.org/wiki/Original_Sin_(INXS_song)?oldid=738430934	 	5	0.816497	0.30103	1		
1	http://xmlns.com/foaf/0.1/isPrimaryTopicOf;http://rdf.freebase.com/ns/common.topic.topic_equivalent_webpage	http://en.wikipedia.org/wiki/Original_Sin_(2001_film)	http://ar.wikipedia.org/wiki/%23%48%31%4A%2C%4A%46%27%44_%33%27%4A%46; http://www.netflix.com/Movie/	http://en.wikipedia.org/wiki/Original_Sin_(1992_film)	http://en.wikipedia.org/wiki/Original_Sin_(1992_film); http://ja.wikipedia.org/wiki/%7B%93%67%82%44%	http://en.wikipedia.org/wiki/The_Original_Sin_(film)	http://de.wikipedia.org/wiki/Der_Apfel_ist_ab_(Film); http://www.imdb.com/title/tt0040105/	http://en.wikipedia.org/wiki/Original_Sin_(INXS_album)	http://en.wikipedia.org/wiki/Original_Sin_(INXS_album); http://www.allmusic.com/album/mw0002090191	http://en.wikipedia.org/wiki/Original_Sin_(INXS_song)	http://en.wikipedia.org/wiki/Original_Sin_(INXS_song); http://musicbrainz.org/work/6d830f40-e4c9-36e	10	0.782881	0	1		
0	http://xmlns.com/foaf/0.1/name	Original Sin	 	Original Sin	 	The Original Sin	 	Original Sin	 	Original Sin	 	5	0.258199	0.30103	1		
0	http://rdf.freebase.com/key/authority.netflix.api	 	http://api.netflix.com/catalog/titles/movies/60004449	 	 	 	 	 	 	 	 	1	0.57735	1	1		
0	http://rdf.freebase.com/key/authority.netflix.movie;http://rdf.freebase.com/ns/film.film.netflix_id	 	60004449	 	 	 	 	 	 	 	 	1	0.57735	1	1		
0	http://rdf.freebase.com/key/authority.netflix.tiny	 	ApMSv	 	 	 	 	 	 	 	 	1	0.57735	1	1		
0	http://rdf.freebase.com/key/base.ranker.rankerurlname	 	original-sin/1731444	 	 	 	 	 	 	 	 	1	0.57735	1	1		
0	http://rdf.freebase.com/key/en	 	original_sin_2001	 	 	 	 	 	 	 	 	1	0.57735	1	1		
0	http://rdf.freebase.com/key/source.allocine.fr.film;http://rdf.freebase.com/key/source.screenrush.films	 	35966	 	 	 	 	 	 	 	 	1	0.57735	1	1		
0	http://rdf.freebase.com/key/source.cine21.movie	 	5595	 	 	 	 	 	 	 	 	1	0.57735	1	1		
0	http://rdf.freebase.com/key/source.cineseoul.cinemaid	 	4049	 	 	 	 	 	 	 	 	1	0.57735	1	1		
0	http://rdf.freebase.com/key/source.clicker.film	 	original-sin	 	 	 	 	 	 	 	 	1	0.57735	1	1		
0	http://rdf.freebase.com/key/source.daum.movieid	 	3190	 	 	 	 	 	 	 	 	1	0.57735	1	1		
0	http://rdf.freebase.com/key/source.entertainmentweekly.mediaproduct	 	MovieOriginalSin	 	 	 	 	 	 	 	 	1	0.57735	1	1		
0	http://rdf.freebase.com/key/source.maxmovie.m_id	 	M000007703	 	 	 	 	 	 	 	 	1	0.57735	1	1		
0	http://rdf.freebase.com/key/source.metacritic.movie	 	originalsin	 	 	 	 	 	 	 	 	1	0.57735	1	1		
0	http://rdf.freebase.com/key/source.movist.mid	 	4690	 	 	 	 	 	 	 	 	1	0.57735	1	1		
0	http://rdf.freebase.com/key/source.nate.cinema_id	 	4049	 	 	 	 	 	 	 	 	1	0.57735	1	1		
0	http://rdf.freebase.com/key/source.rottentomatoes.movie	 	original_sin	 	 	 	 	 	 	 	 	1	0.57735	1	1		
0	http://rdf.freebase.com/key/source.showtimes.intl.movie	 	0xa369e9abf8dead1d	 	 	 	 	 	 	 	 	1	0.57735	1	1		
0	http://rdf.freebase.com/key/source.videosurf	 	84234	 	 	 	 	 	 	 	 	1	0.57735	1	1		
0	http://rdf.freebase.com/key/user.avh.ellerdale	 	009a-0fd5	 	 	 	 	 	 	 	 	1	0.57735	1	1		
1	http://rdf.freebase.com/key/wikipedia.en	 	Original_Sin_(2001_film)	 	Original_Sin_(1992_film); Shinde_mo_ii	 	Der_Apfel_ist_ab; The_Original_Sin_(film)	 	Original_Sin_(INXS_cover_album)	 	Original_Sin_(INXS_song)	5	0.816497	0.30103	1		
1	http://rdf.freebase.com/key/wikipedia.en_title	 	Original_Sin_(2001_film)	 	Original_Sin_(1992_film)	 	The_Original_Sin_(film)	 	Original_Sin_(INXS_album)	 	Original_Sin_(INXS_song)	5	0.816497	0.30103	1		
0	http://rdf.freebase.com/ns/award.award_nominated_work.award_nominations	 	Razzie Award for Worst Actress	 	Japan Academy Prize for Outstanding Performance by an Actress in a Leading Role	 	 	 	 	 	 	2	0.816497	0.69897	1		
0	http://rdf.freebase.com/ns/common.topic.alias	 	Dancing in the Dark; Eredendő bűn	 	Shinde mo ii	 	Der Apfel ist ab	 	 	 	 	3	0.816497	0.522879	1		
0	http://rdf.freebase.com/ns/common.topic.article	 	Original Sin is a 2001 movie starring Angelina Jolie and Antonio Banderas. It is based on the novel 	 	Original Sin (死んでもいい, Shinde mo ii) is a 1992 film directed by Japanese director Takashi Ishii. Base	 	The Original Sin (German: Der Apfel ist ab) is a 1948 German comedy film directed by Helmut Käutner.	 	Original Sin is the twelfth studio album by the Australian rock band INXS. It was released on physic	 	Original Sin is a hit single by Australian rock group INXS released in 1984 on their fourth album 	5	0.816497	0.30103	1		
0	http://rdf.freebase.com/ns/common.topic.image	 	Original Sin	 	 	 	 	 	 	 	 	1	0.57735	1	1		
0	http://rdf.freebase.com/ns/common.topic.notable_for	 	Thriller Film	 	Romance Film	 	Comedy Film	 	Alternative rock Album	 	Composition	5	0.816497	0.30103	1		
0	http://rdf.freebase.com/ns/common.topic.notable_types	 	Film	 	Film	 	Film	 	Musical Album	 	Composition	5	0.516398	0.30103	1		
0	http://rdf.freebase.com/ns/common.topic.webpage	 	''Rush Hour 2'' mows down the competition; Which recent films have staying power?	 	 	 	 	 	 	 	 	1	0.57735	1	1		
0	http://rdf.freebase.com/ns/film.film.costume_design_by	 	Donna Zakowska	 	 	 	 	 	 	 	 	1	0.57735	1	1		
1	http://rdf.freebase.com/ns/film.film.country;http://dbpedia.org/ontology/country	 	United States of America	Japan	Japan	 	Germany	 	 	 	 	4	0.68313	0.39794	1		
0	http://rdf.freebase.com/ns/film.film.edited_by;http://dbpedia.org/ontology/editing	 	Eric A. Sears	http://dbpedia.org/resource/Yoshio_Sugano	 	 	Wolfgang Wehrum	 	 	 	 	3	0.816497	0.522879	1		
0	http://rdf.freebase.com/ns/film.film.estimated_budget	 	50000000	 	 	 	 	 	 	 	 	1	0.57735	1	1		
0	http://rdf.freebase.com/ns/film.film.executive_produced_by	 	Ashok Amritraj; David Hoberman	 	 	 	 	 	 	 	 	1	0.816497	1	1		
0	http://rdf.freebase.com/ns/film.film.film_art_direction_by	 	John R. Jensen	 	 	 	 	 	 	 	 	1	0.57735	1	1		
0	http://rdf.freebase.com/ns/film.film.film_casting_director	 	Junie Lowry-Johnson; Libby Goldstein	 	 	 	 	 	 	 	 	1	0.816497	1	1		
0	http://rdf.freebase.com/ns/film.film.film_production_design_by	 	David J. Bomba	 	 	 	 	 	 	 	 	1	0.57735	1	1		
0	http://rdf.freebase.com/ns/film.film.film_set_decoration_by	 	Beth Rubino	 	 	 	 	 	 	 	 	1	0.57735	1	1		
1	http://rdf.freebase.com/ns/film.film.genre;http://rdf.freebase.com/ns/media_common.netflix_title.netflix_genres;http://dbpedia.org/ontology/genre;http://rdf.freebase.com/ns/music.album.genre	 	Crime Thrillers; Steamy Romantic Movies	 	Japanese Movies; Romance Film	 	Black-and-white	Alternative rock	Alternative rock	 	 	5	0.627646	0.30103	1		
1	http://rdf.freebase.com/ns/film.film.language;http://dbpedia.org/ontology/language;http://rdf.freebase.com/ns/music.composition.language	 	Japanese Language	Japanese language	Japanese Language	 	German Language	 	 	 	English Language	5	0.57735	0.30103	1		
0	http://rdf.freebase.com/ns/film.film.metacritic_id	 	originalsin	 	 	 	 	 	 	 	 	1	0.57735	1	1		
0	http://rdf.freebase.com/ns/film.film.production_companies	 	Metro-Goldwyn-Mayer	 	 	 	 	 	 	 	 	1	0.57735	1	1		
0	http://rdf.freebase.com/ns/film.film.rating	 	R (USA)	 	 	 	 	 	 	 	 	1	0.57735	1	1		
0	http://rdf.freebase.com/ns/film.film.release_date_s	 	2001/7/11	 	 	 	 	 	 	 	 	1	0.816497	1	1		
0	http://rdf.freebase.com/ns/film.film.rottentomatoes_id	 	original_sin	 	 	 	 	 	 	 	 	1	0.57735	1	1		
0	http://rdf.freebase.com/ns/film.film.soundtrack	 	Original Sin	 	 	 	 	 	 	 	 	1	0.57735	1	1		
0	http://rdf.freebase.com/ns/freebase.valuenotation.has_no_value	 	Film Series	 	 	 	 	 	 	 	 	1	0.816497	1	1		
0	http://rdf.freebase.com/ns/kg.object_profile.prominent_type	 	Film	 	Film	 	Film	 	Musical Album	 	Composition	5	0.516398	0.30103	1		
0	http://rdf.freebase.com/ns/type.object.key	 	/authority/imdb/title/tt0218922; /source/cine21/movie/5595	 	/authority/imdb/title/tt0105389; /wikipedia/en/Shinde_mo_ii	 	/authority/imdb/title/tt0040105; /wikipedia/de_id/8444320	 	/authority/discogs/master/312989; /authority/rovi/music/album/mw0002090191	 	/authority/musicbrainz/work/6d830f40-e4c9-36ef-af1b-875b628ceaed; /wikipedia/en_id/11764934	5	0.816497	0.30103	1		
0	http://rdf.freebase.com/ns/type.object.name	 	Original Sin	 	Original Sin	 	The Original Sin	 	Original Sin	 	Original Sin	5	0.258199	0.30103	1		
0	http://rdf.freebase.com/ns/type.object.type	 	Award-Nominated Work; Netflix Title	 	Award-Nominated Work	 	Inanimate	 	Inanimate; Musical Album	 	Cataloged instance; Composition	5	0.102062	0.30103	1		
0	http://rdf.freebase.com/ns/user.avh.default_domain.ellerdale_topic.ellerdale_id	 	009a-0fd5	 	 	 	 	 	 	 	 	1	0.57735	1	1		
0	http://rdf.freebase.com/ns/film.film.film_festivals	 	 	 	 	 	1949 Cannes Film Festival	 	 	 	 	1	0.57735	1	1		
0	http://dbpedia.org/ontology/artist;http://rdf.freebase.com/ns/music.album.artist;http://dbpedia.org/ontology/musicalArtist	 	 	 	 	 	 	INXS	INXS	INXS	 	3	0.57735	0.522879	1		
0	http://dbpedia.org/ontology/previousWork	 	 	 	 	 	 	Switch (INXS album)	 	 	 	1	0.57735	1	1		
0	http://dbpedia.org/ontology/recordLabel	 	 	 	 	 	 	Polydor Records	 	Warner Music Group	 	2	0.816497	0.69897	1		
0	http://dbpedia.org/ontology/subsequentWork	 	 	 	 	 	 	The Very Best (INXS album)	 	I Send a Message	 	2	0.816497	0.69897	1		
0	http://rdf.freebase.com/key/authority.discogs.master	 	 	 	 	 	 	 	312989	 	 	1	0.816497	1	1		
0	http://rdf.freebase.com/key/authority.musicbrainz	 	 	 	 	 	 	 	33ba064c-70bb-4937-a0c2-ee3202d5c32a; f1ddb139-e228-4d56-8a0d-087b61236609	 	 	1	0.816497	1	1		
0	http://rdf.freebase.com/key/authority.musicbrainz.release_group	 	 	 	 	 	 	 	33ba064c-70bb-4937-a0c2-ee3202d5c32a; f1ddb139-e228-4d56-8a0d-087b61236609	 	 	1	0.816497	1	1		
0	http://rdf.freebase.com/key/authority.rovi.music.album	 	 	 	 	 	 	 	mw0002090191	 	 	1	0.57735	1	1		
0	http://rdf.freebase.com/ns/dataworld.gardening_hint.split_to	 	 	 	 	 	 	 	Original Sin	 	 	1	0.57735	1	1		
0	http://rdf.freebase.com/ns/music.album.primary_release	 	 	 	 	 	 	 	Original Sin	 	 	1	0.57735	1	1		
0	http://rdf.freebase.com/ns/music.album.releases	 	 	 	 	 	 	 	Original Sin	 	 	1	0.57735	1	1		
0	http://dbpedia.org/ontology/album	 	 	 	 	 	 	 	 	The Swing (INXS album)	 	1	0.57735	1	1		
0	http://dbpedia.org/ontology/bSide	 	 	 	 	 	 	 	 	Just Keep Walking	 	1	0.816497	1	1		
0	http://dbpedia.org/ontology/format;http://rdf.freebase.com/ns/music.composition.form	 	 	 	 	 	 	 	 	Single (music)	Song	2	0.816497	0.69897	1		
0	http://dbpedia.org/ontology/musicalBand	 	 	 	 	 	 	 	 	INXS	 	1	0.57735	1	1		
0	http://rdf.freebase.com/key/authority.musicbrainz.work	 	 	 	 	 	 	 	 	 	6d830f40-e4c9-36ef-af1b-875b628ceaed	1	0.57735	1	1		
0	http://rdf.freebase.com/ns/media_common.cataloged_instance.iswc	 	 	 	 	 	 	 	 	 	T-060.082.092-5	1	0.57735	1	1		
0	http://rdf.freebase.com/ns/music.composition.recorded_as_album	 	 	 	 	 	 	 	 	 	Original Sin	1	0.57735	1	1		
0	http://rdf.freebase.com/ns/music.composition.recordings	 	 	 	 	 	 	 	 	 	Original Sin (Epic Adventure); Original Sin (live in Narara, 1984)	1	0.389249	1	1		
