score	dataset	sw.opencyc	dbpedia	freebase	sws.geonames	yago-knowledge	dbpedia	freebase	dbpedia	freebase	yago-knowledge						
	entity	http://sw.opencyc.org/concept/Mx4rvViD2JwpEbGdrcN5Y29ycA	http://dbpedia.org/resource/Seychelles	http://rdf.freebase.com/ns/m.06sw9	http://sws.geonames.org/241170/	http://yago-knowledge.org/resource/Seychelles	http://dbpedia.org/resource/HMS_Seychelles_(K592)	http://rdf.freebase.com/ns/m.0rpfk9g	http://dbpedia.org/resource/Seychellum	http://rdf.freebase.com/ns/m.0h9443t	http://yago-knowledge.org/resource/Seychellum						
2	http://sw.cyc.com/CycAnnotations_v1#label;http://www.w3.org/2000/01/rdf-schema#label;http://www.geonames.org/ontology#name	Seychelles	Seychelles	Seychelles	Seychelles	République des Seychelles; Victoria	HMS Seychelles (K592)	HMS Seychelles (K592)	Seychellum	Seychellum	Seychellum	10	0.370479	0	1		
2	http://sw.opencyc.org/concept/Mx4rNv0nbm4TTjOp7yhmnzOyqg;http://xmlns.com/foaf/0.1/isPrimaryTopicOf;http://rdf.freebase.com/ns/common.topic.topic_equivalent_webpage	http://en.wikipedia.org/wiki/Seychelles	http://en.wikipedia.org/wiki/Seychelles	http://bg.wikipedia.org/wiki/index.html?curid=96949; http://statoids.com/usc.html	 	 	http://en.wikipedia.org/wiki/HMS_Seychelles_(K592)	http://en.wikipedia.org/wiki/HMS_Seychelles_(K592); http://fa.wikipedia.org/wiki/%27%86%0C%27%45%0C%	http://en.wikipedia.org/wiki/Seychellum	http://en.wikipedia.org/wiki/index.html?curid=33425744; http://nl.wikipedia.org/wiki/Seychellum_allu	 	7	0.790292	0.154902	1		
0	http://sw.opencyc.org/concept/Mx4rTv-jk9SPTXa991kk5mAvHg	Seychelles	 	 	 	 	 	 	 	 	 	1	0.57735	1	1		
0	http://sw.opencyc.org/concept/Mx4rZOAVeiYGEdqAAAACs2IMmw	African Development Bank; Commonwealth of Nations	 	 	 	 	 	 	 	 	 	1	0.816497	1	1		
0	http://sw.opencyc.org/concept/Mx4riWVFR6HJSpaEaHrcWS3MSA	http://www.w3.org/2006/03/wn/wn20/instances/synset-Seychelles-noun-1	 	 	 	 	 	 	 	 	 	1	0.57735	1	1		
0	http://sw.opencyc.org/concept/Mx4rwLSVCpwpEbGdrcN5Y29ycA	Seychellean	 	 	 	 	 	 	 	 	 	1	0.816497	1	1		
0	http://www.w3.org/1999/02/22-rdf-syntax-ns#type	independent country; the intelligence analyst reasoning domain	Spatial Thing; http://dbpedia.org/ontology/Location	Administrative Division; Filming location	Feature	wikicat Archipelagoes of the Indian Ocean; wordnet island 109316454	Designed artifact; mean of transportation	Physically Instantiable	crustacean; eukaryote	Organism Classification	wikicat Monotypic arthropod genera; wordnet abstraction 100002137	10	0.688481	0	1		
3	http://www.w3.org/2000/01/rdf-schema#comment;http://rdf.freebase.com/ns/common.topic.description	physical and political aspects of the island group nation of the Indian Ocean as it has existed thru	Seychelles (/seɪˈʃɛlz/ say-SHELZ; French: [sɛʃɛl]), officially the Republic of Seychelles (French: R	Seychelles, officially the Republic of Seychelles, is an archipelago in the Indian Ocean. The 115-is	 	 	HMS Seychelles (K592) was a Colony-class frigate of the United Kingdom that served during World War 	HMS Seychelles (K592) was a Colony-class frigate of the United Kingdom that served during World War 	Seychellum alluaudi is a species of freshwater crab endemic to the Seychelles, and the only true fre	Seychellum alluaudi is a species of freshwater crab endemic to the Seychelles, and the only true fre	 	7	0.617213	0.154902	1		
0	http://www.w3.org/2002/07/owl#sameAs	http://sw.cyc.com/concept/Mx4rvViD2JwpEbGdrcN5Y29ycA; http://umbel.org/umbel/sc/Seychelles	Seychelles	 	 	http://sws.geonames.org/241170	HMS Seychelles (K592)	 	Seychellum	 	 	5	0.816497	0.30103	0		
0	http://dbpedia.org/ontology/PopulatedPlace/areaTotal;http://dbpedia.org/ontology/areaTotal;http://rdf.freebase.com/ns/location.location.area	 	458428000	455	 	 	 	 	 	 	 	2	0.816497	0.69897	1		
0	http://dbpedia.org/ontology/PopulatedPlace/populationDensity	 	186.2	 	 	 	 	 	 	 	 	1	0.816497	1	1		
0	http://dbpedia.org/ontology/abstract	 	Seychelles (/seɪˈʃɛlz/ say-SHELZ; French: [sɛʃɛl]), officially the Republic of Seychelles (French: R	 	 	 	HMS Seychelles (K592) was a Colony-class frigate of the United Kingdom that served during World War 	 	Seychellum alluaudi is a species of freshwater crab endemic to the Seychelles, and the only true fre	 	 	3	0.816497	0.522879	1		
0	http://dbpedia.org/ontology/anthem	 	Koste Seselwa	 	 	 	 	 	 	 	 	1	0.57735	1	1		
0	http://dbpedia.org/ontology/capital;http://rdf.freebase.com/ns/location.country.capital	 	Victoria, Seychelles	Victoria	 	 	 	 	 	 	 	2	0.816497	0.69897	1		
0	http://dbpedia.org/ontology/currency	 	Seychellois rupee	 	 	 	 	 	 	 	 	1	0.57735	1	1		
0	http://dbpedia.org/ontology/demonym	 	Seychellois	 	 	 	 	 	 	 	 	1	0.816497	1	1		
0	http://dbpedia.org/ontology/ethnicGroup	 	Seychellois Creole people	 	 	 	 	 	 	 	 	1	0.57735	1	1		
0	http://dbpedia.org/ontology/ethnicGroupsInYear	 	2000	 	 	 	 	 	 	 	 	1	0.57735	1	1		
0	http://dbpedia.org/ontology/flag	 	Flag of the Seychelles.svg	 	 	 	 	 	 	 	 	1	0.57735	1	1		
2	http://dbpedia.org/ontology/foundingDate;http://rdf.freebase.com/ns/location.dated_location.date_founded;http://yago-knowledge.org/resource/wasCreatedOnDate;http://rdf.freebase.com/ns/boats.ship.launched	 	1976/6/29	1976/6/29	 	1976/6/29	 	1943/10/30	 	 	1893-01-01	5	0.516398	0.30103	1		
0	http://dbpedia.org/ontology/governmentType;http://rdf.freebase.com/ns/location.country.form_of_government	 	Presidential system	Presidential system; Representative democracy	 	 	 	 	 	 	 	2	0.68313	0.69897	1		
0	http://dbpedia.org/ontology/language	 	English language; Seychellois Creole	 	 	 	 	 	 	 	 	1	0.816497	1	1		
0	http://dbpedia.org/ontology/leader	 	Danny Faure	 	 	 	 	 	 	 	 	1	0.57735	1	1		
0	http://dbpedia.org/ontology/leaderTitle	 	President	 	 	 	 	 	 	 	 	1	0.816497	1	1		
0	http://dbpedia.org/ontology/longName	 	Republic of Seychelles	 	 	 	 	 	 	 	 	1	0.57735	1	1		
0	http://dbpedia.org/ontology/officialLanguage	 	English language; Seychellois Creole	 	 	 	 	 	 	 	 	1	0.816497	1	1		
0	http://dbpedia.org/ontology/populationDensity	 	186.2	 	 	 	 	 	 	 	 	1	0.816497	1	1		
2	http://dbpedia.org/ontology/populationTotal;http://rdf.freebase.com/ns/location.statistical_region.population;http://www.geonames.org/ontology#population;http://yago-knowledge.org/resource/hasNumberOfPeople	 	92000	41700	88340	82247	 	 	 	 	 	4	0.806718	0.39794	1		
0	http://dbpedia.org/ontology/thumbnail	 	http://commons.wikimedia.org/wiki/Special:FilePath/Flag_of_the_Seychelles.svg?width=300	 	 	 	 	 	http://en.wikipedia.org/wiki/Special:FilePath/Deckenia_alluaudi_dorsum.jpg?width=300	 	 	2	0.816497	0.69897	1		
0	http://dbpedia.org/ontology/timeZone	 	Seychelles Time	 	 	 	 	 	 	 	 	1	0.57735	1	1		
0	http://dbpedia.org/ontology/wikiPageExternalLink	 	http://adst.org/2015/04/seychelles-gangstas-paradise/; http://seychellesbirdrecordscommittee.com	 	 	 	http://www.navsource.org/archives/12/08088.htm	 	http://www.caridea.de/archiv/reisen/seychellen/seychellen.htm	 	 	3	0.816497	0.522879	1		
2	http://dbpedia.org/ontology/wikiPageID;http://rdf.freebase.com/key/wikipedia.en_id	 	27288	27288	 	 	38825734	38825734	33425744	33425744	 	6	0.408248	0.221849	1		
0	http://dbpedia.org/ontology/wikiPageLength	 	55172	 	 	 	5487	 	15725	 	 	3	0.816497	0.522879	1		
0	http://dbpedia.org/ontology/wikiPageOutDegree	 	308	 	 	 	39	 	88	 	 	3	0.816497	0.522879	1		
0	http://dbpedia.org/ontology/wikiPageRevisionID	 	744738424	 	 	 	716452685	 	608558132	 	 	3	0.816497	0.522879	1		
0	http://purl.org/dc/terms/subject	 	Archipelagoes of the Indian Ocean; Commonwealth republics	 	 	 	Colony-class frigates; Ships built in Providence, Rhode Island	 	Endemic fauna of Seychelles; Monotypic arthropod genera	 	 	3	0.816497	0.522879	1		
0	http://www.georss.org/georss/point	 	-4.583333333333333 55.666666666666664; -4.616666666666667 55.45	 	 	 	 	 	 	 	 	1	0.816497	1	1		
0	http://www.w3.org/2000/01/rdf-schema#seeAlso	 	Indo-Seychellois	 	Seychelles	 	 	 	 	 	 	2	0.68313	0.69897	1		
1	http://www.w3.org/2003/01/geo/wgs84_pos#lat	 	-4.583	-4.617	-4.583	 	 	 	 	 	 	3	0.408248	0.522879	1		
1	http://www.w3.org/2003/01/geo/wgs84_pos#long	 	55.45	55.45	55.667	 	 	 	 	 	 	3	0.408248	0.522879	1		
0	http://www.w3.org/ns/prov#wasDerivedFrom	 	http://en.wikipedia.org/wiki/Seychelles?oldid=744738424	 	 	 	http://en.wikipedia.org/wiki/HMS_Seychelles_(K592)?oldid=716452685	 	http://en.wikipedia.org/wiki/Seychellum?oldid=608558132	 	 	3	0.816497	0.522879	1		
0	http://xmlns.com/foaf/0.1/depiction	 	http://commons.wikimedia.org/wiki/Special:FilePath/Flag_of_the_Seychelles.svg	 	 	 	 	 	http://en.wikipedia.org/wiki/Special:FilePath/Deckenia_alluaudi_dorsum.jpg	 	 	2	0.816497	0.69897	1		
0	http://xmlns.com/foaf/0.1/name	 	République des Seychelles	 	 	 	HMS Seychelles	 	Seychellum alluaudi	 	 	3	0.816497	0.522879	1		
0	http://rdf.freebase.com/key/authority.daylife.topic	 	 	0bt1afFbru0cf	 	 	 	 	 	 	 	1	0.57735	1	1		
0	http://rdf.freebase.com/key/authority.fifa	 	 	SEY	 	 	 	 	 	 	 	1	0.57735	1	1		
0	http://rdf.freebase.com/key/authority.iso.3166-1.alpha-2	 	 	SC	 	 	 	 	 	 	 	1	0.57735	1	1		
0	http://rdf.freebase.com/key/authority.iso.3166-1.alpha-3	 	 	SYC	 	 	 	 	 	 	 	1	0.57735	1	1		
0	http://rdf.freebase.com/key/authority.iso.3166-1.numeric	 	 	690	 	 	 	 	 	 	 	1	0.57735	1	1		
0	http://rdf.freebase.com/key/base.dspl.world_bank.wdi_gdf.country	 	 	SYC	 	 	 	 	 	 	 	1	0.57735	1	1		
0	http://rdf.freebase.com/key/base.ranker.rankerurlname	 	 	seychelles/2009114	 	 	 	 	 	 	 	1	0.57735	1	1		
0	http://rdf.freebase.com/key/en	 	 	seychelles	 	 	 	 	 	 	 	1	0.57735	1	1		
0	http://rdf.freebase.com/key/user.avh.ellerdale	 	 	0080-639a	 	 	 	 	 	 	 	1	0.57735	1	1		
0	http://rdf.freebase.com/key/user.jamie.nytdataid	 	 	N43899153423573313771	 	 	 	 	 	 	 	1	0.57735	1	1		
1	http://rdf.freebase.com/key/wikipedia.en	 	 	Crown_Colony_of_the_Seychelles; ISO_3166-1:SC	 	 	 	HMS_Seychelles_(K592); USS_Pearl_(PF-88)	 	Deckenia_cristata; Seychellum_alluaudi	 	3	0.816497	0.522879	1		
1	http://rdf.freebase.com/key/wikipedia.en_title	 	 	Seychelles	 	 	 	HMS_Seychelles_(K592)	 	Seychellum	 	3	0.816497	0.522879	1		
0	http://rdf.freebase.com/ns/base.aareas.schema.administrative_area.adjectival_form	 	 	Seychellois	 	 	 	 	 	 	 	1	0.57735	1	1		
0	http://rdf.freebase.com/ns/base.aareas.schema.administrative_area.administrative_area_type	 	 	Sovereign state	 	 	 	 	 	 	 	1	0.57735	1	1		
0	http://rdf.freebase.com/ns/base.aareas.schema.administrative_area.administrative_parent;http://yago-knowledge.org/resource/isLocatedIn;http://dbpedia.org/ontology/country	 	 	Earth	 	Indian Ocean	United Kingdom	 	 	 	 	3	0.816497	0.522879	1		
0	http://rdf.freebase.com/ns/base.aareas.schema.administrative_area.pertinent_type	 	 	Seychellois district	 	 	 	 	 	 	 	1	0.57735	1	1		
0	http://rdf.freebase.com/ns/base.aareas.schema.administrative_area.short_name	 	 	sc	 	 	 	 	 	 	 	1	0.57735	1	1		
0	http://rdf.freebase.com/ns/base.aareas.schema.administrative_area.subdividing_type	 	 	Seychellois district	 	 	 	 	 	 	 	1	0.57735	1	1		
0	http://rdf.freebase.com/ns/base.biblioness.bibs_location.loc_type	 	 	Country	 	 	 	 	 	 	 	1	0.57735	1	1		
0	http://rdf.freebase.com/ns/base.locations.countries.continent	 	 	Africa	 	 	 	 	 	 	 	1	0.57735	1	1		
0	http://rdf.freebase.com/ns/base.ontologies.ontology_instance.equivalent_instances	 	 	Seychelles	 	 	 	 	 	 	 	1	0.57735	1	1		
0	http://rdf.freebase.com/ns/base.scubadiving.ecoregion.contained_by	 	 	Western Indian Ocean	 	 	 	 	 	 	 	1	0.57735	1	1		
0	http://rdf.freebase.com/ns/base.uncommon.topic.exceptions	 	 	City/Town/Village should pertain to Ghana, since City/Town/Village subdivides Ghanaian Municipal Dis	 	 	 	 	 	 	 	1	0.57735	1	1		
0	http://rdf.freebase.com/ns/common.identity.daylife_topic	 	 	0bt1afFbru0cf	 	 	 	 	 	 	 	1	0.57735	1	1		
0	http://rdf.freebase.com/ns/common.topic.alias	 	 	République des Seychelles	 	 	 	 	 	 	 	1	0.816497	1	1		
0	http://rdf.freebase.com/ns/common.topic.article	 	 	Seychelles (/seɪˈʃɛlz/ say-SHELZ; French: [sɛʃɛl]), officially the Republic of Seychelles (French: R	 	 	 	http://rdf.freebase.com/ns/m.0rpfk9k	 	Seychellum alluaudi is a species of freshwater crab endemic to the Seychelles, and the only true fre	 	3	0.816497	0.522879	1		
0	http://rdf.freebase.com/ns/common.topic.image	 	 	LocationSeychelles	 	 	 	 	 	 	 	1	0.57735	1	1		
0	http://rdf.freebase.com/ns/common.topic.notable_for	 	 	Country	 	 	 	Ship	 	Organism Classification	 	3	0.816497	0.522879	1		
0	http://rdf.freebase.com/ns/common.topic.notable_types	 	 	Country	 	 	 	Ship	 	Organism Classification	 	3	0.816497	0.522879	1		
0	http://rdf.freebase.com/ns/common.topic.webpage	 	 	Statoids of Seychelles; http://rdf.freebase.com/ns/m.0b6r9sz	 	 	 	 	 	 	 	1	0.816497	1	1		
0	http://rdf.freebase.com/ns/dataworld.gardening_hint.split_to	 	 	Seychelles Archipelago	 	 	 	 	 	 	 	1	0.57735	1	1		
0	http://rdf.freebase.com/ns/film.film_location.featured_in_films	 	 	Pirates	 	 	 	 	 	 	 	1	0.57735	1	1		
0	http://rdf.freebase.com/ns/freebase.linguistic_hint.adjectival_form	 	 	Seychellois	 	 	 	 	 	 	 	1	0.57735	1	1		
0	http://rdf.freebase.com/ns/freebase.valuenotation.is_reviewed	 	 	Time zone(s)	 	 	 	 	 	 	 	1	0.57735	1	1		
0	http://rdf.freebase.com/ns/government.governmental_jurisdiction.governing_officials	 	 	President of Seychelles; http://rdf.freebase.com/ns/m.010g6j5b	 	 	 	 	 	 	 	1	0.707107	1	1		
0	http://rdf.freebase.com/ns/government.governmental_jurisdiction.government	 	 	Government of the Republic of Seychelles	 	 	 	 	 	 	 	1	0.57735	1	1		
0	http://rdf.freebase.com/ns/government.governmental_jurisdiction.government_bodies	 	 	National Assembly	 	 	 	 	 	 	 	1	0.57735	1	1		
0	http://rdf.freebase.com/ns/kg.object_profile.prominent_type	 	 	Country	 	 	 	Ship	 	Organism Classification	 	3	0.816497	0.522879	1		
0	http://rdf.freebase.com/ns/location.country.administrative_divisions	 	 	Baie Sainte Anne; Beau Vallon, Seychelles	 	 	 	 	 	 	 	1	0.816497	1	1		
0	http://rdf.freebase.com/ns/location.country.calling_code	 	 	248	 	 	 	 	 	 	 	1	0.57735	1	1		
0	http://rdf.freebase.com/ns/location.country.currency_used	 	 	Seychellois rupee	 	 	 	 	 	 	 	1	0.57735	1	1		
0	http://rdf.freebase.com/ns/location.country.fifa_code	 	 	SEY	 	 	 	 	 	 	 	1	0.57735	1	1		
0	http://rdf.freebase.com/ns/location.country.fips10_4	 	 	SE	 	 	 	 	 	 	 	1	0.57735	1	1		
0	http://rdf.freebase.com/ns/location.country.internet_tld	 	 	sc	 	 	 	 	 	 	 	1	0.57735	1	1		
0	http://rdf.freebase.com/ns/location.country.iso3166_1_alpha2	 	 	SC	 	 	 	 	 	 	 	1	0.57735	1	1		
0	http://rdf.freebase.com/ns/location.country.iso3166_1_shortname	 	 	SEYCHELLES	 	 	 	 	 	 	 	1	0.57735	1	1		
0	http://rdf.freebase.com/ns/location.country.iso_alpha_3	 	 	SYC	 	 	 	 	 	 	 	1	0.57735	1	1		
0	http://rdf.freebase.com/ns/location.country.iso_numeric	 	 	690	 	 	 	 	 	 	 	1	0.57735	1	1		
0	http://rdf.freebase.com/ns/location.country.languages_spoken	 	 	French	 	 	 	 	 	 	 	1	0.57735	1	1		
0	http://rdf.freebase.com/ns/location.country.national_anthem	 	 	Koste Seselwa	 	 	 	 	 	 	 	1	0.57735	1	1		
0	http://rdf.freebase.com/ns/location.country.official_language	 	 	Seselwa Creole French Language	 	 	 	 	 	 	 	1	0.816497	1	1		
0	http://rdf.freebase.com/ns/location.location.adjectival_form	 	 	Seychellois	 	 	 	 	 	 	 	1	0.57735	1	1		
0	http://rdf.freebase.com/ns/location.location.containedby;http://www.geonames.org/ontology#parentFeature	 	 	Southern Sun Hotel Group	Africa	 	 	 	 	 	 	2	0.57735	0.69897	1		
0	http://rdf.freebase.com/ns/location.location.contains	 	 	Anse-aux-Pins; Farquhar Airport	 	 	 	 	 	 	 	1	0.816497	1	1		
0	http://rdf.freebase.com/ns/location.location.events	 	 	Action of 1 April 2010; Action of 8 May 1941	 	 	 	 	 	 	 	1	0.816497	1	1		
0	http://rdf.freebase.com/ns/location.location.people_born_here	 	 	Anthony Delpech; Dwayne Didon	 	 	 	 	 	 	 	1	0.816497	1	1		
0	http://rdf.freebase.com/ns/location.location.time_zones	 	 	Seychelles Time Zone	 	 	 	 	 	 	 	1	0.57735	1	1		
0	http://rdf.freebase.com/ns/location.statistical_region.agriculture_as_percent_of_gdp	 	 	2.09	 	 	 	 	 	 	 	1	0.816497	1	1		
0	http://rdf.freebase.com/ns/location.statistical_region.brain_drain_percent	 	 	77.25	 	 	 	 	 	 	 	1	0.816497	1	1		
0	http://rdf.freebase.com/ns/location.statistical_region.co2_emissions_per_capita	 	 	0.14	 	 	 	 	 	 	 	1	0.625543	1	1		
0	http://rdf.freebase.com/ns/location.statistical_region.consumer_price_index	 	 	10.04	 	 	 	 	 	 	 	1	0.816497	1	1		
0	http://rdf.freebase.com/ns/location.statistical_region.cpi_inflation_rate	 	 	-0.24	 	 	 	 	 	 	 	1	0.816497	1	1		
0	http://rdf.freebase.com/ns/location.statistical_region.debt_service_as_percent_of_trade_volume	 	 	10.18	 	 	 	 	 	 	 	1	0.816497	1	1		
0	http://rdf.freebase.com/ns/location.statistical_region.deposit_interest_rate	 	 	http://rdf.freebase.com/ns/g.11b71l32tz; http://rdf.freebase.com/ns/g.12cp_jcjn	 	 	 	 	 	 	 	1	0.816497	1	1		
0	http://rdf.freebase.com/ns/location.statistical_region.energy_use_per_capita	 	 	2410.829; 537.000	 	 	 	 	 	 	 	1	0.816497	1	1		
0	http://rdf.freebase.com/ns/location.statistical_region.external_debt_stock	 	 	1097867000; 2024035000	 	 	 	 	 	 	 	1	0.816497	1	1		
0	http://rdf.freebase.com/ns/location.statistical_region.fertility_rate	 	 	1.98	 	 	 	 	 	 	 	1	0.816497	1	1		
0	http://rdf.freebase.com/ns/location.statistical_region.foreign_direct_investment_net_inflows	 	 	-135322127; -137884911	 	 	 	 	 	 	 	1	0.816497	1	1		
0	http://rdf.freebase.com/ns/location.statistical_region.gdp_growth_rate	 	 	-0.177	 	 	 	 	 	 	 	1	0.779643	1	1		
0	http://rdf.freebase.com/ns/location.statistical_region.gdp_nominal	 	 	1007186292.000; 127308473.000	 	 	 	 	 	 	 	1	0.816497	1	1		
0	http://rdf.freebase.com/ns/location.statistical_region.gdp_nominal_per_capita	 	 	11689.290; 2505.750	 	 	 	 	 	 	 	1	0.816497	1	1		
0	http://rdf.freebase.com/ns/location.statistical_region.gdp_real	 	 	102308669.000; 112678274.000	 	 	 	 	 	 	 	1	0.816497	1	1		
0	http://rdf.freebase.com/ns/location.statistical_region.gender_balance_members_of_parliament	 	 	23.5	 	 	 	 	 	 	 	1	0.816497	1	1		
0	http://rdf.freebase.com/ns/location.statistical_region.gni_in_ppp_dollars	 	 	1101080918.000; 1194682336.000	 	 	 	 	 	 	 	1	0.816497	1	1		
0	http://rdf.freebase.com/ns/location.statistical_region.gni_per_capita_in_ppp_dollars	 	 	http://rdf.freebase.com/ns/g.11b60sjxsc; http://rdf.freebase.com/ns/g.1245_4dmd	 	 	 	 	 	 	 	1	0.816497	1	1		
0	http://rdf.freebase.com/ns/location.statistical_region.gross_savings_as_percent_of_gdp	 	 	-10.05	 	 	 	 	 	 	 	1	0.816497	1	1		
0	http://rdf.freebase.com/ns/location.statistical_region.health_expenditure_as_percent_of_gdp	 	 	2.67	 	 	 	 	 	 	 	1	0.816497	1	1		
0	http://rdf.freebase.com/ns/location.statistical_region.high_tech_as_percent_of_manufactured_exports	 	 	0	 	 	 	 	 	 	 	1	0.816497	1	1		
0	http://rdf.freebase.com/ns/location.statistical_region.internet_users_percent_population	 	 	13.781	 	 	 	 	 	 	 	1	0.816497	1	1		
0	http://rdf.freebase.com/ns/location.statistical_region.life_expectancy	 	 	68.683	 	 	 	 	 	 	 	1	0.816497	1	1		
0	http://rdf.freebase.com/ns/location.statistical_region.literacy_rate	 	 	84.23	 	 	 	 	 	 	 	1	0.816497	1	1		
0	http://rdf.freebase.com/ns/location.statistical_region.merchandise_trade_percent_of_gdp	 	 	103.17	 	 	 	 	 	 	 	1	0.816497	1	1		
0	http://rdf.freebase.com/ns/location.statistical_region.military_expenditure_percent_gdp	 	 	http://rdf.freebase.com/ns/g.11b60rwz8d; http://rdf.freebase.com/ns/g.1245_3vbs	 	 	 	 	 	 	 	1	0.816497	1	1		
0	http://rdf.freebase.com/ns/location.statistical_region.net_migration	 	 	http://rdf.freebase.com/ns/g.1q5hnwrvg; http://rdf.freebase.com/ns/g.1q5jsykll	 	 	 	 	 	 	 	1	0.816497	1	1		
0	http://rdf.freebase.com/ns/location.statistical_region.official_development_assistance	 	 	10180000	 	 	 	 	 	 	 	1	0.816497	1	1		
0	http://rdf.freebase.com/ns/location.statistical_region.population_growth_rate	 	 	-0.36	 	 	 	 	 	 	 	1	0.816497	1	1		
0	http://rdf.freebase.com/ns/location.statistical_region.poverty_rate_2dollars_per_day	 	 	0	 	 	 	 	 	 	 	1	0.816497	1	1		
0	http://rdf.freebase.com/ns/location.statistical_region.prevalence_of_undernourisment	 	 	http://rdf.freebase.com/ns/g.12tb6ft0v; http://rdf.freebase.com/ns/g.1hhc3fl2t	 	 	 	 	 	 	 	1	0.816497	1	1		
0	http://rdf.freebase.com/ns/location.statistical_region.size_of_armed_forces	 	 	1200	 	 	 	 	 	 	 	1	0.816497	1	1		
0	http://rdf.freebase.com/ns/location.statistical_region.time_required_to_start_a_business	 	 	38	 	 	 	 	 	 	 	1	0.816497	1	1		
0	http://rdf.freebase.com/ns/location.statistical_region.trade_balance_as_percent_of_gdp	 	 	-11.38	 	 	 	 	 	 	 	1	0.816497	1	1		
0	http://rdf.freebase.com/ns/olympics.olympic_participating_country.athletes	 	 	Andrique Allisop; Aurelie Fanchette	 	 	 	 	 	 	 	1	0.816497	1	1		
0	http://rdf.freebase.com/ns/olympics.olympic_participating_country.ioc_code	 	 	SEY	 	 	 	 	 	 	 	1	0.57735	1	1		
0	http://rdf.freebase.com/ns/olympics.olympic_participating_country.olympics_participated_in	 	 	2008 Summer Olympics	 	 	 	 	 	 	 	1	0.57735	1	1		
0	http://rdf.freebase.com/ns/organization.organization_member.member_of	 	 	African, Caribbean & Pacific Group of States; Commonwealth of Nations	 	 	 	 	 	 	 	1	0.816497	1	1		
0	http://rdf.freebase.com/ns/organization.organization_scope.organizations_with_this_scope	 	 	Seychelles Democratic Party; Seychelles Movement for Democracy	 	 	 	 	 	 	 	1	0.816497	1	1		
0	http://rdf.freebase.com/ns/periodicals.newspaper_circulation_area.newspapers	 	 	Seychelles Nation	 	 	 	 	 	 	 	1	0.57735	1	1		
0	http://rdf.freebase.com/ns/sports.sport_country.multi_event_tournaments_participated_in	 	 	2010 Commonwealth Games	 	 	 	 	 	 	 	1	0.57735	1	1		
0	http://rdf.freebase.com/ns/sports.sports_team_location.teams	 	 	Seychelles national football team	 	 	 	 	 	 	 	1	0.57735	1	1		
0	http://rdf.freebase.com/ns/symbols.flag_referent.flag	 	 	Flag of Seychelles	 	 	 	 	 	 	 	1	0.57735	1	1		
0	http://rdf.freebase.com/ns/symbols.namesake.named_after	 	 	Jean Moreau de Séchelles	 	 	 	 	 	 	 	1	0.57735	1	1		
0	http://rdf.freebase.com/ns/topic_server.population_number	 	 	41700	 	 	 	 	 	 	 	1	0.816497	1	1		
0	http://rdf.freebase.com/ns/travel.travel_destination.tour_operators	 	 	FOX Vakanties	 	 	 	 	 	 	 	1	0.57735	1	1		
0	http://rdf.freebase.com/ns/travel.travel_destination.tourist_attractions	 	 	Bicentennial Monument; Curieuse Island	 	 	 	 	 	 	 	1	0.816497	1	1		
0	http://rdf.freebase.com/ns/type.object.key	 	 	/authority/daylife/topic/0bt1afFbru0cf; /wikipedia/it_id/2845510	 	 	 	/wikipedia/en/USS_Pearl_(PF-88); /wikipedia/fa/اچ_ام_اس_سيشل_(كي592)	 	/wikipedia/en/Deckenia_cristata; /wikipedia/en_id/33425744	 	3	0.816497	0.522879	1		
0	http://rdf.freebase.com/ns/type.object.name	 	 	Seychelles	 	 	 	HMS Seychelles (K592)	 	Seychellum	 	3	0.816497	0.522879	1		
0	http://rdf.freebase.com/ns/type.object.type	 	 	Administrative Division; Filming location	 	 	 	Physically Instantiable	 	Organism Classification	 	3	0.624557	0.522879	1		
0	http://rdf.freebase.com/ns/user.avh.default_domain.ellerdale_topic.ellerdale_id	 	 	0080-639a	 	 	 	 	 	 	 	1	0.57735	1	1		
0	http://www.geonames.org/ontology#alternateName	 	 	 	Colony of the Seychelles; Republic of Seychelles	 	 	 	 	 	 	1	0.645497	1	1		
0	http://www.geonames.org/ontology#childrenFeatures	 	 	 	http://sws.geonames.org/241170/contains.rdf	 	 	 	 	 	 	1	0.57735	1	1		
0	http://www.geonames.org/ontology#countryCode	 	 	 	SC	 	 	 	 	 	 	1	0.57735	1	1		
0	http://www.geonames.org/ontology#featureClass	 	 	 	http://www.geonames.org/ontology#A	 	 	 	 	 	 	1	0.57735	1	1		
0	http://www.geonames.org/ontology#featureCode	 	 	 	http://www.geonames.org/ontology#A.PCLI	 	 	 	 	 	 	1	0.57735	1	1		
0	http://www.geonames.org/ontology#locationMap	 	 	 	http://www.geonames.org/241170/republic-of-seychelles.html	 	 	 	 	 	 	1	0.57735	1	1		
0	http://www.geonames.org/ontology#neighbouringFeatures	 	 	 	http://sws.geonames.org/241170/neighbours.rdf	 	 	 	 	 	 	1	0.57735	1	1		
0	http://www.geonames.org/ontology#wikipediaArticle	 	 	 	http://en.wikipedia.org/wiki/Seychelles	 	 	 	 	 	 	1	0.816497	1	1		
0	http://www.w3.org/2004/02/skos/core#prefLabel	 	 	 	 	Seychelles	 	 	 	 	Seychellum	2	0.816497	0.69897	1		
0	http://yago-knowledge.org/resource/hasArea	 	 	 	 	459	 	 	 	 	 	1	0.57735	1	1		
0	http://yago-knowledge.org/resource/hasCitationTitle	 	 	 	 	africanhistory.about.com; 2005 International Comparison Program	 	 	 	 	A revision of the family Deckeniidae Ortmann, 1897 (Crustacea: Decapoda: Brachyura: Potamoidea), wit	2	0.800219	0.69897	1		
0	http://yago-knowledge.org/resource/hasCurrency	 	 	 	 	Seychellois rupee	 	 	 	 	 	1	0.57735	1	1		
0	http://yago-knowledge.org/resource/hasGDP	 	 	 	 	1031000000	 	 	 	 	 	1	0.57735	1	1		
0	http://yago-knowledge.org/resource/hasGini	 	 	 	 	65.8	 	 	 	 	 	1	0.57735	1	1		
0	http://yago-knowledge.org/resource/hasMotto	 	 	 	 	Finis Coronat Opus; The End Crowns the Work	 	 	 	 	 	1	0.816497	1	1		
0	http://yago-knowledge.org/resource/hasOfficialLanguage	 	 	 	 	French language; Seychellois Creole phrasebook	 	 	 	 	 	1	0.816497	1	1		
0	http://yago-knowledge.org/resource/hasPopulationDensity	 	 	 	 	186.2	 	 	 	 	 	1	0.57735	1	1		
0	http://yago-knowledge.org/resource/hasTLD	 	 	 	 	.sc	 	 	 	 	 	1	0.57735	1	1		
0	http://yago-knowledge.org/resource/hasWikipediaAnchorText	 	 	 	 	Daily Brief Economics and Financial Market Commentary; Vernacular language	 	 	 	 	Alphonse Milne-Edwards; first described	2	0.800305	0.69897	1		
0	http://yago-knowledge.org/resource/hasWikipediaArticleLength	 	 	 	 	23245	 	 	 	 	 	1	0.816497	1	1		
0	http://yago-knowledge.org/resource/hasWikipediaUrl	 	 	 	 	http://en.wikipedia.org/wiki/Seychelles	 	 	 	 	 	1	0.57735	1	1		
0	http://yago-knowledge.org/resource/linksTo	 	 	 	 	Aldabra Group; United Kingdom	 	 	 	 	 	1	0.816497	1	1		
0	http://yago-knowledge.org/resource/participatedIn	 	 	 	 	Operation Enduring Freedom �?Horn of Africa	 	 	 	 	 	1	0.816497	1	1		
0	http://yago-knowledge.org/resource/redirectedFrom	 	 	 	 	Crown Colony of the Seychelles; ISO 3166-1:SC	 	 	 	 	Deckenia cristata; Seychellum alluaudi	2	0.816497	0.69897	1		
0	http://dbpedia.org/ontology/MeanOfTransportation/length	 	 	 	 	 	92354.4	 	 	 	 	1	0.57735	1	1		
0	http://dbpedia.org/ontology/acquirementDate	 	 	 	 	 	1944/2/12	 	 	 	 	1	0.816497	1	1		
0	http://dbpedia.org/ontology/builder	 	 	 	 	 	Providence, Rhode Island; Walsh-Kaiser Company	 	 	 	 	1	0.816497	1	1		
0	http://dbpedia.org/ontology/class	 	 	 	 	 	Tacoma-class frigate	 	Malacostraca	 	 	2	0.816497	0.69897	1		
0	http://dbpedia.org/ontology/commissioningDate	 	 	 	 	 	1944/2/12	 	 	 	 	1	0.816497	1	1		
0	http://dbpedia.org/ontology/layingDown	 	 	 	 	 	1943/9/28	 	 	 	 	1	0.816497	1	1		
0	http://dbpedia.org/ontology/length	 	 	 	 	 	92.354	 	 	 	 	1	0.57735	1	1		
0	http://dbpedia.org/ontology/shipBeam	 	 	 	 	 	11.278	 	 	 	 	1	0.57735	1	1		
0	http://dbpedia.org/ontology/shipDraft	 	 	 	 	 	3.962	 	 	 	 	1	0.57735	1	1		
0	http://dbpedia.org/ontology/shipLaunch	 	 	 	 	 	1943/10/30	 	 	 	 	1	0.816497	1	1		
0	http://dbpedia.org/ontology/status	 	 	 	 	 	Returned to United States June 1946; Transferred toUnited Kingdom12 February 1944 or 27 June 1944	 	 	 	 	1	0.816497	1	1		
0	http://dbpedia.org/ontology/topSpeed	 	 	 	 	 	37.04	 	 	 	 	1	0.57735	1	1		
0	http://rdf.freebase.com/ns/boats.ship.keel_laid	 	 	 	 	 	 	1943/9/28	 	 	 	1	0.57735	1	1		
0	http://rdf.freebase.com/ns/boats.ship.length_overall	 	 	 	 	 	 	92.63	 	 	 	1	0.57735	1	1		
0	http://dbpedia.org/ontology/binomialAuthority	 	 	 	 	 	 	 	Alphonse Milne-Edwards	 	 	1	0.57735	1	1		
0	http://dbpedia.org/ontology/conservationStatus	 	 	 	 	 	 	 	LC	 	 	1	0.57735	1	1		
0	http://dbpedia.org/ontology/conservationStatusSystem	 	 	 	 	 	 	 	iucn3.1	 	 	1	0.57735	1	1		
0	http://dbpedia.org/ontology/family	 	 	 	 	 	 	 	Potamonautidae; http://dbpedia.org/resource/Deckeniinae	 	 	1	0.816497	1	1		
0	http://dbpedia.org/ontology/kingdom	 	 	 	 	 	 	 	Animal	 	 	1	0.57735	1	1		
0	http://dbpedia.org/ontology/order	 	 	 	 	 	 	 	Decapoda	 	 	1	0.816497	1	1		
0	http://dbpedia.org/ontology/phylum	 	 	 	 	 	 	 	Arthropod; Crustacean	 	 	1	0.816497	1	1		
0	http://dbpedia.org/ontology/synonym	 	 	 	 	 	 	 	*Deckenia alluaudi (A. Milne-Edwards & Bouvier, 1893); *Deckenia cristata (Rathbun, 1894)	 	 	1	0.816497	1	1		
