score	dataset	dbpedia	freebase	sws.geonames	yago-knowledge	dbpedia	freebase	yago-knowledge	dbpedia	freebase	sws.geonames						
	entity	http://dbpedia.org/resource/Texas	http://rdf.freebase.com/ns/m.07b_l	http://sws.geonames.org/4736286/	http://yago-knowledge.org/resource/Texas	http://dbpedia.org/resource/Republic_of_Texas	http://rdf.freebase.com/ns/m.06c5n	http://yago-knowledge.org/resource/Republic_of_Texas	http://dbpedia.org/resource/Texas_City,_Texas	http://rdf.freebase.com/ns/m.013m1p	http://sws.geonames.org/4736134/						
1	http://dbpedia.org/ontology/PopulatedPlace/areaTotal;http://dbpedia.org/ontology/areaTotal;http://rdf.freebase.com/ns/location.location.area	696000000000	696241	 	 	 	 	 	480600000	480.6	 	4	0.57735	0.39794	1		
0	http://dbpedia.org/ontology/abstract	Texas (/ˈtɛksəs/, locally /ˈtɛksɨz/; Spanish: Texas or Tejas [ˈtexas]) is the second largest state i	 	 	 	The Republic of Texas (Spanish: República de Texas) was an independent sovereign country in North Am	 	 	Texas City is a city in Galveston County in the US state of Texas. Located on the southwest shorelin	 	 	3	0.816497	0.522879	1		
0	http://dbpedia.org/ontology/areaLand	678000000000	 	 	 	 	 	 	165200000	 	 	2	0.816497	0.69897	1		
0	http://dbpedia.org/ontology/areaWater	17574000000	 	 	 	 	 	 	315300000	 	 	2	0.816497	0.69897	1		
1	http://dbpedia.org/ontology/capital;http://rdf.freebase.com/ns/location.country.capital	Austin, Texas	 	 	 	Harrisburg, Texas; San Antonio de Bexar	Washington-on-the-Brazos; West Columbia	 	 	 	 	3	0.645497	0.522879	1		
0	http://dbpedia.org/ontology/country;http://www.geonames.org/ontology#parentCountry;http://yago-knowledge.org/resource/isLocatedIn;http://rdf.freebase.com/ns/location.hud_county_place.county;http://www.geonames.org/ontology#parentADM1;http://www.geonames.org/ontology#parentADM2	United States	 	United States	Confederate States of America; Western United States	 	 	North America; United States	 	Galveston County	Galveston County; United States	6	0.460566	0.221849	1		
0	http://dbpedia.org/ontology/demonym	Tejano(Usually only used for Hispanics)	 	 	 	 	 	 	 	 	 	1	0.816497	1	1		
0	http://dbpedia.org/ontology/language	English language; Languages of Texas	 	 	 	 	 	 	 	 	 	1	0.816497	1	1		
0	http://dbpedia.org/ontology/largestCity	Houston	 	 	 	 	 	 	 	 	 	1	0.57735	1	1		
0	http://dbpedia.org/ontology/maximumElevation	2667.4	 	 	 	 	 	 	 	 	 	1	0.57735	1	1		
0	http://dbpedia.org/ontology/minimumElevation	0	 	 	 	 	 	 	 	 	 	1	0.57735	1	1		
0	http://dbpedia.org/ontology/thumbnail	http://commons.wikimedia.org/wiki/Special:FilePath/Flag_of_Texas.svg?width=300	 	 	 	http://commons.wikimedia.org/wiki/Special:FilePath/Flag_of_Mexico_(1823-1864,_1867-1893).svg?width=3	 	 	http://commons.wikimedia.org/wiki/Special:FilePath/Galveston_County_TexasCity.svg?width=300	 	 	3	0.816497	0.522879	1		
0	http://dbpedia.org/ontology/wikiPageExternalLink	http://digital.lib.uh.edu/; http://texasheritagesociety/	 	 	 	http://avalon.law.yale.edu/19th_century/texan04.asp; http://www.sonofthesouth.net/texas/	 	 	http://texashistory.unt.edu/browse/contributor/MMPL/; http://www.local1259iaff.org/annalsoftexascity	 	 	3	0.800219	0.522879	1		
2	http://dbpedia.org/ontology/wikiPageID;http://rdf.freebase.com/key/wikipedia.en_id	29810	 	 	 	25457	25457	 	151131	151131	 	5	0.516398	0.30103	1		
0	http://dbpedia.org/ontology/wikiPageLength	188012	 	 	 	42604	 	 	37238	 	 	3	0.816497	0.522879	1		
0	http://dbpedia.org/ontology/wikiPageOutDegree	1060	 	 	 	255	 	 	154	 	 	3	0.816497	0.522879	1		
0	http://dbpedia.org/ontology/wikiPageRevisionID	741013745	 	 	 	745205227	 	 	739329192	 	 	3	0.816497	0.522879	1		
0	http://purl.org/dc/terms/subject	1845 establishments in the United States; States of the Confederate States of America	 	 	 	1836 establishments in the Republic of Texas; Former countries of the United States	 	 	Cities in Galveston County, Texas; Greater Houston	 	 	3	0.816497	0.522879	1		
0	http://www.georss.org/georss/point	31.0 -100.0	 	 	 	 	 	 	29.399983 -94.933851; 29.4 -94.93388888888889	 	 	2	0.816497	0.69897	1		
0	http://www.w3.org/1999/02/22-rdf-syntax-ns#type	Spatial Thing; administrative region	Administrative Division; Criminal trial	Feature	wikicat States and territories established in 1845; wordnet location 100027167	http://dbpedia.org/ontology/Location; populated place	Dated location; Governmental Jurisdiction	wikicat Former countries in North America; wordnet country 108544813	Spatial Thing; http://dbpedia.org/ontology/Location	City/Town/Village; Filming location	Feature	10	0.517799	0	1		
2	http://www.w3.org/2000/01/rdf-schema#comment;http://rdf.freebase.com/ns/common.topic.description	Texas (/ˈtɛksəs/, locally /ˈtɛksɨz/; Spanish: Texas or Tejas [ˈtexas]) is the second largest state i	Texas /ˈtɛksəs/ is the second most populous and second largest state of the United States of America	 	 	The Republic of Texas (Spanish: República de Texas) was an independent sovereign country in North Am	The Republic of Texas was an independent sovereign country in North America that existed from March 	 	Texas City is a city in Galveston County in the US state of Texas. Located on the southwest shorelin	Texas City is a city in Galveston County in the US state of Texas. Located on the southwest shorelin	 	6	0.707107	0.221849	1		
2	http://www.w3.org/2000/01/rdf-schema#label;http://www.geonames.org/ontology#name	Texas	Texas	Texas	Gordon Elementary School; Lone Star State	Republic of Texas	Republic of Texas	République du Texas; جمهوری تگزاس	Texas City, Texas	Texas City	Texas City	10	0.553775	0	1		
0	http://www.w3.org/2000/01/rdf-schema#seeAlso	Deregulation of the Texas electricity market; List of Texas railroads	 	Texas	 	Spanish Texas	 	 	History of the Galveston Bay Area	 	http://dbpedia.org/resource/Texas_City%2C_Texas	5	0.771517	0.30103	1		
0	http://www.w3.org/2002/07/owl#sameAs	Texas	 	 	 	Republic of Texas	 	 	Texas City	 	 	3	0.816497	0.522879	0		
2	http://www.w3.org/2003/01/geo/wgs84_pos#lat;http://yago-knowledge.org/resource/hasLatitude	31	 	31.25	31	 	 	 	29.4	29.4	29.384	6	0.57735	0.221849	1		
3	http://www.w3.org/2003/01/geo/wgs84_pos#long;http://yago-knowledge.org/resource/hasLongitude	-100	 	-99.251	-100	 	 	 	-94.934	-94.934	-94.903	6	0.57735	0.221849	1		
0	http://www.w3.org/ns/prov#wasDerivedFrom	http://en.wikipedia.org/wiki/Texas?oldid=741013745	 	 	 	http://en.wikipedia.org/wiki/Republic_of_Texas?oldid=745205227	 	 	http://en.wikipedia.org/wiki/Texas_City,_Texas?oldid=739329192	 	 	3	0.816497	0.522879	1		
0	http://xmlns.com/foaf/0.1/depiction	http://commons.wikimedia.org/wiki/Special:FilePath/Flag_of_Texas.svg	 	 	 	http://commons.wikimedia.org/wiki/Special:FilePath/Flag_of_Mexico_(1823-1864,_1867-1893).svg	 	 	http://commons.wikimedia.org/wiki/Special:FilePath/Galveston_County_TexasCity.svg	 	 	3	0.816497	0.522879	1		
1	http://xmlns.com/foaf/0.1/homepage;http://yago-knowledge.org/resource/hasWebsite;http://rdf.freebase.com/ns/common.topic.official_website	http://www.texas.gov/	 	 	http://www.texas.gov/	 	 	 	http://www.texas-city-tx.org/	http://www.texas-city-tx.org/	 	4	0.408248	0.39794	1		
1	http://xmlns.com/foaf/0.1/isPrimaryTopicOf;http://rdf.freebase.com/ns/common.topic.topic_equivalent_webpage	http://en.wikipedia.org/wiki/Texas	http://ar.wikipedia.org/wiki/%2A%43%33%27%33; http://ko.wikipedia.org/wiki/%4D%AC%A4_%FC	 	 	http://en.wikipedia.org/wiki/Republic_of_Texas	http://ar.wikipedia.org/wiki/%2C%45%47%48%31%4A%29_%2A%43%33%27%33; http://tr.wikipedia.org/wiki/Tek	 	http://en.wikipedia.org/wiki/Texas_City,_Texas	http://ar.wikipedia.org/wiki/%2A%43%33%27%33_%33%4A%2A%4A; http://geonames.usgs.gov/pls/gnispublic/f	 	6	0.807069	0.221849	1		
0	http://xmlns.com/foaf/0.1/name	State of Texas	 	 	 	-lone star-->; Republic of Texas	 	 	City of Texas City	 	 	3	0.816497	0.522879	1		
1	http://rdf.freebase.com/key/en	 	texas	 	 	 	republic_of_texas	 	 	texas_city	 	3	0.816497	0.522879	1		
0	http://rdf.freebase.com/ns/book.book_subject.works	 	1001 most asked Texas gardening questions; George W. Bush	 	 	 	True Women	 	 	 	 	2	0.814024	0.69897	1		
0	http://rdf.freebase.com/ns/common.topic.alias	 	Lone Star State	 	 	 	 	 	 	Galveston County / Texas City city	 	2	0.816497	0.69897	1		
0	http://rdf.freebase.com/ns/common.topic.article	 	Texas is the second most populous and the second most extensive of the 50 United States, and the mos	 	 	 	The Republic of Texas was an independent sovereign state in North America which existed from March 2	 	 	Texas City is a city in Chambers and Galveston counties in the U.S. state of Texas. Located on the s	 	3	0.816497	0.522879	1		
0	http://rdf.freebase.com/ns/common.topic.notable_for	 	US State	 	 	 	Presidential State	 	 	City/Town/Village	 	3	0.816497	0.522879	1		
0	http://rdf.freebase.com/ns/common.topic.notable_types	 	US State	 	 	 	Governmental Jurisdiction	 	 	City/Town/Village	 	3	0.816497	0.522879	1		
0	http://rdf.freebase.com/ns/common.topic.webpage	 	'America's Got Talent': The return of Rappin' Granny; 'The O.C.': Anyone for tennis?	 	 	 	 	 	 	 	 	1	0.805487	1	1		
0	http://rdf.freebase.com/ns/government.governmental_jurisdiction.government	 	Government of Texas	 	 	 	 	 	 	 	 	1	0.57735	1	1		
0	http://rdf.freebase.com/ns/kg.object_profile.prominent_type	 	US State	 	 	 	Governmental Jurisdiction	 	 	City/Town/Village	 	3	0.816497	0.522879	1		
0	http://rdf.freebase.com/ns/location.location.containedby;http://www.geonames.org/ontology#parentFeature;http://dbpedia.org/ontology/isPartOf	 	Contiguous United States; Gulf Coast of the United States	United States	 	 	 	 	Galveston County, Texas	Galveston County	Galveston County	5	0.696311	0.30103	1		
0	http://rdf.freebase.com/ns/location.location.contains	 	Who'd Thought It; 11 North-Victoria Road-FM 493 Colonia	 	 	 	 	 	 	Col. Hugh B. and Helen Moore House; College of the Mainland	 	2	0.770219	0.69897	1		
0	http://rdf.freebase.com/ns/organization.organization_scope.organizations_with_this_scope	 	B'nai B'rith District Grand Lodge 7; Champion Church	 	 	 	 	 	 	 	 	1	0.816497	1	1		
0	http://rdf.freebase.com/ns/symbols.flag_referent.flag	 	Flag of Texas	 	 	 	 	 	 	 	 	1	0.57735	1	1		
0	http://rdf.freebase.com/ns/type.object.name	 	Texas	 	 	 	Republic of Texas	 	 	Texas City	 	3	0.816497	0.522879	1		
0	http://rdf.freebase.com/ns/type.object.type	 	Administrative Division; Criminal trial	 	 	 	Dated location; Governmental Jurisdiction	 	 	City/Town/Village; Filming location	 	3	0.552771	0.522879	1		
0	http://www.geonames.org/ontology#alternateName	 	 	Lone Star State; State of Texas	 	 	 	 	 	 	 	1	0.816497	1	1		
0	http://www.geonames.org/ontology#childrenFeatures	 	 	http://sws.geonames.org/4736286/contains.rdf	 	 	 	 	 	 	 	1	0.57735	1	1		
0	http://www.geonames.org/ontology#countryCode	 	 	US	 	 	 	 	 	 	US	2	0.57735	0.69897	1		
0	http://www.geonames.org/ontology#featureClass	 	 	http://www.geonames.org/ontology#A	 	 	 	 	 	 	http://www.geonames.org/ontology#P	2	0.816497	0.69897	1		
0	http://www.geonames.org/ontology#featureCode	 	 	http://www.geonames.org/ontology#A.ADM1	 	 	 	 	 	 	http://www.geonames.org/ontology#P.PPL	2	0.816497	0.69897	1		
0	http://www.geonames.org/ontology#locationMap	 	 	http://www.geonames.org/4736286/texas.html	 	 	 	 	 	 	http://www.geonames.org/4736134/texas-city.html	2	0.816497	0.69897	1		
0	http://www.geonames.org/ontology#officialName	 	 	Texas	 	 	 	 	 	 	 	1	0.57735	1	1		
2	http://www.geonames.org/ontology#population;http://yago-knowledge.org/resource/hasNumberOfPeople;http://dbpedia.org/ontology/populationTotal;http://rdf.freebase.com/ns/location.statistical_region.population	 	 	22875689	25145561	 	 	1840	45099	40989	47618	6	0.798809	0.221849	1		
0	http://www.geonames.org/ontology#wikipediaArticle	 	 	http://en.wikipedia.org/wiki/Texas	 	 	 	 	 	 	http://en.wikipedia.org/wiki/Texas_City%2C_Texas	2	0.816497	0.69897	1		
0	http://www.w3.org/2003/01/geo/wgs84_pos#alt	 	 	559	 	 	 	 	 	 	3	2	0.816497	0.69897	1		
0	http://www.w3.org/2004/02/skos/core#prefLabel	 	 	 	Texas	 	 	Republic of Texas	 	 	 	2	0.816497	0.69897	1		
0	http://yago-knowledge.org/resource/hasCapital	 	 	 	Austin, Texas	 	 	Freeport, Texas; Harrisburg, Pennsylvania	 	 	 	2	0.707107	0.69897	1		
0	http://yago-knowledge.org/resource/hasCitationTitle	 	 	 	10 Great Places for Aviation and Aerospace; Downside of Dominance?	 	 	Captain Phillip Dimmitt's Commandancy of Goliad, 1835�?836: An Episode of the Mexican Federalist War	 	 	 	2	0.808399	0.69897	1		
0	http://yago-knowledge.org/resource/hasMotto	 	 	 	Friendship	 	 	 	 	 	 	1	0.57735	1	1		
0	http://yago-knowledge.org/resource/hasOfficialLanguage	 	 	 	Languages of Texas	 	 	 	 	 	 	1	0.57735	1	1		
0	http://yago-knowledge.org/resource/hasPoverty	 	 	 	15.8	 	 	 	 	 	 	1	0.816497	1	1		
0	http://yago-knowledge.org/resource/hasUnemployment	 	 	 	2014	 	 	 	 	 	 	1	0.816497	1	1		
0	http://yago-knowledge.org/resource/hasWikipediaAnchorText	 	 	 	Nixon v. Condon. Disfranchisement of the Negro in Texas; Gulf Coastal Plains	 	 	Dawson Massacre. Handbook of Texas Online.; Guadalupe River	 	 	 	2	0.792013	0.69897	1		
0	http://yago-knowledge.org/resource/hasWikipediaArticleLength	 	 	 	177166	 	 	36384	 	 	 	2	0.816497	0.69897	1		
0	http://yago-knowledge.org/resource/hasWikipediaUrl	 	 	 	http://en.wikipedia.org/wiki/Texas	 	 	http://en.wikipedia.org/wiki/Republic_of_Texas	 	 	 	2	0.816497	0.69897	1		
0	http://yago-knowledge.org/resource/linksTo	 	 	 	David Dewhurst; 100th meridian west	 	 	Drainage divide; 1824 Constitution of Mexico	 	 	 	2	0.77766	0.69897	1		
0	http://yago-knowledge.org/resource/owns	 	 	 	Permanent University Fund	 	 	 	 	 	 	1	0.57735	1	1		
0	http://yago-knowledge.org/resource/participatedIn	 	 	 	Eric Anundsson; Red River Bridge War	 	 	American Indian Wars; Goliad Campaign	 	 	 	2	0.816497	0.69897	1		
0	http://yago-knowledge.org/resource/redirectedFrom	 	 	 	Lake Ozark, Texas; Lone Star State	 	 	Independent Republic of Texas; Leman kelsey	 	 	 	2	0.816497	0.69897	1		
1	http://yago-knowledge.org/resource/wasCreatedOnDate;http://dbpedia.org/ontology/foundingDate;http://rdf.freebase.com/ns/location.dated_location.date_founded	 	 	 	1845-01-01	1836-03-02	1836	1836-01-01	 	 	 	4	0.816497	0.39794	1		
0	http://dbpedia.org/ontology/currency	 	 	 	 	Texas redbacks	 	 	 	 	 	1	0.57735	1	1		
0	http://dbpedia.org/ontology/dissolutionDate	 	 	 	 	1846-02-19	 	 	 	 	 	1	0.57735	1	1		
0	http://dbpedia.org/ontology/dissolutionYear	 	 	 	 	1846	 	 	 	 	 	1	0.57735	1	1		
0	http://dbpedia.org/ontology/foundingYear	 	 	 	 	1836	 	 	 	 	 	1	0.57735	1	1		
0	http://dbpedia.org/ontology/governmentType;http://rdf.freebase.com/ns/location.country.form_of_government	 	 	 	 	Republic	Presidential system	 	Mayor–council government	 	 	3	0.816497	0.522879	1		
0	http://rdf.freebase.com/key/user.avh.ellerdale	 	 	 	 	 	0080-19d4	 	 	 	 	1	0.57735	1	1		
0	http://rdf.freebase.com/key/wikipedia.en	 	 	 	 	 	Independent_Republic_of_Texas; Leman_kelsey	 	 	Texas_City,_Texas; UN/LOCODE:USTXT	 	2	0.816497	0.69897	1		
0	http://rdf.freebase.com/key/wikipedia.en_title	 	 	 	 	 	Republic_of_Texas	 	 	Texas_City,_Texas	 	2	0.816497	0.69897	1		
0	http://rdf.freebase.com/ns/base.schemastaging.context_name.pronunciation	 	 	 	 	 	http://rdf.freebase.com/ns/g.125_lw0_0	 	 	 	 	1	0.57735	1	1		
0	http://rdf.freebase.com/ns/common.topic.image	 	 	 	 	 	Location of Texas	 	 	Map showing the location of Texas City Prairie Preserve	 	2	0.816497	0.69897	1		
0	http://rdf.freebase.com/ns/government.governmental_jurisdiction.government_bodies	 	 	 	 	 	Congress of the Republic of Texas	 	 	 	 	1	0.57735	1	1		
0	http://rdf.freebase.com/ns/location.dated_location.date_dissolved	 	 	 	 	 	1846	 	 	 	 	1	0.57735	1	1		
0	http://rdf.freebase.com/ns/location.location.events	 	 	 	 	 	Regulator–Moderator War	 	 	Texas City disaster	 	2	0.816497	0.69897	1		
0	http://rdf.freebase.com/ns/type.object.key	 	 	 	 	 	/user/avh/ellerdale/0080-19d4; /wikipedia/ko_title/텍사스_공화�? 	 	/authority/daylife/topic/0aL9gVycmpfM5; /authority/gnis/1376420	 	2	0.816497	0.69897	1			
0	http://rdf.freebase.com/ns/user.avh.default_domain.ellerdale_topic.ellerdale_id	 	 	 	 	 	0080-19d4	 	 	 	 	1	0.57735	1	1		
0	http://yago-knowledge.org/resource/hasCurrency	 	 	 	 	 	 	Texas Dollar	 	 	 	1	0.57735	1	1		
0	http://yago-knowledge.org/resource/wasDestroyedOnDate	 	 	 	 	 	 	1845-01-01	 	 	 	1	0.57735	1	1		
0	http://dbpedia.org/ontology/areaCode	 	 	 	 	 	 	 	409	 	 	1	0.57735	1	1		
0	http://dbpedia.org/ontology/elevation	 	 	 	 	 	 	 	3	 	 	1	0.816497	1	1		
0	http://dbpedia.org/ontology/leaderTitle	 	 	 	 	 	 	 	City Council	 	 	1	0.816497	1	1		
0	http://dbpedia.org/ontology/motto	 	 	 	 	 	 	 	The city that would not die	 	 	1	0.57735	1	1		
0	http://dbpedia.org/ontology/postalCode	 	 	 	 	 	 	 	77590-77592	 	 	1	0.57735	1	1		
0	http://dbpedia.org/ontology/timeZone	 	 	 	 	 	 	 	North American Central Time Zone	 	 	1	0.57735	1	1		
0	http://dbpedia.org/ontology/utcOffset	 	 	 	 	 	 	 	-5	 	 	1	0.816497	1	1		
0	http://rdf.freebase.com/key/authority.daylife.topic	 	 	 	 	 	 	 	 	0aL9gVycmpfM5	 	1	0.57735	1	1		
0	http://rdf.freebase.com/key/authority.gnis	 	 	 	 	 	 	 	 	1376420	 	1	0.57735	1	1		
0	http://rdf.freebase.com/key/authority.hud.countyplace	 	 	 	 	 	 	 	 	485346	 	1	0.57735	1	1		
0	http://rdf.freebase.com/key/authority.nist.fips.55	 	 	 	 	 	 	 	 	4872392	 	1	0.57735	1	1		
0	http://rdf.freebase.com/key/base.dspl.us_bls.unemployment.city	 	 	 	 	 	 	 	 	CT4872392000000	 	1	0.57735	1	1		
0	http://rdf.freebase.com/key/base.dspl.us_census.population.place	 	 	 	 	 	 	 	 	4872392	 	1	0.57735	1	1		
0	http://rdf.freebase.com/ns/base.wikipedia_infobox.settlement.area_code	 	 	 	 	 	 	 	 	Area code 409	 	1	0.57735	1	1		
0	http://rdf.freebase.com/ns/common.identity.daylife_topic	 	 	 	 	 	 	 	 	0aL9gVycmpfM5	 	1	0.57735	1	1		
0	http://rdf.freebase.com/ns/film.film_location.featured_in_films	 	 	 	 	 	 	 	 	Powder	 	1	0.57735	1	1		
0	http://rdf.freebase.com/ns/location.citytown.postal_codes;http://www.geonames.org/ontology#postalCode	 	 	 	 	 	 	 	 	77590	77590	2	0.408248	0.69897	1		
0	http://rdf.freebase.com/ns/location.hud_county_place.countyplace_id	 	 	 	 	 	 	 	 	485346	 	1	0.57735	1	1		
0	http://rdf.freebase.com/ns/location.hud_county_place.place	 	 	 	 	 	 	 	 	Texas City	 	1	0.57735	1	1		
0	http://rdf.freebase.com/ns/location.hud_foreclosure_area.bls_unemployment_rate	 	 	 	 	 	 	 	 	0.07	 	1	0.57735	1	1		
0	http://rdf.freebase.com/ns/location.hud_foreclosure_area.estimated_number_foreclosures	 	 	 	 	 	 	 	 	469	 	1	0.57735	1	1		
0	http://rdf.freebase.com/ns/location.hud_foreclosure_area.estimated_number_of_mortgages	 	 	 	 	 	 	 	 	6581	 	1	0.57735	1	1		
0	http://rdf.freebase.com/ns/location.hud_foreclosure_area.hhuniv	 	 	 	 	 	 	 	 	15482	 	1	0.57735	1	1		
0	http://rdf.freebase.com/ns/location.hud_foreclosure_area.ofheo_price_change	 	 	 	 	 	 	 	 	0	 	1	0.57735	1	1		
0	http://rdf.freebase.com/ns/location.hud_foreclosure_area.total_90_day_vacant_residential_addresses	 	 	 	 	 	 	 	 	1098	 	1	0.57735	1	1		
0	http://rdf.freebase.com/ns/location.hud_foreclosure_area.total_residential_addresses	 	 	 	 	 	 	 	 	18605	 	1	0.57735	1	1		
0	http://rdf.freebase.com/ns/location.location.gnis_feature_id	 	 	 	 	 	 	 	 	1376420	 	1	0.57735	1	1		
0	http://rdf.freebase.com/ns/location.location.people_born_here	 	 	 	 	 	 	 	 	Andy Hassler; Claude Terrell	 	1	0.816497	1	1		
0	http://rdf.freebase.com/ns/location.location.time_zones	 	 	 	 	 	 	 	 	Central Time Zone	 	1	0.57735	1	1		
0	http://rdf.freebase.com/ns/location.statistical_region.unemployment_rate	 	 	 	 	 	 	 	 	10	 	1	0.816497	1	1		
0	http://rdf.freebase.com/ns/periodicals.newspaper_circulation_area.newspapers	 	 	 	 	 	 	 	 	Texas City Post	 	1	0.57735	1	1		
0	http://rdf.freebase.com/ns/sports.sports_team_location.teams	 	 	 	 	 	 	 	 	Bay Area Toros	 	1	0.57735	1	1		
0	http://rdf.freebase.com/ns/topic_server.population_number	 	 	 	 	 	 	 	 	40989	 	1	0.816497	1	1		
0	http://www.geonames.org/ontology#nearbyFeatures	 	 	 	 	 	 	 	 	 	http://sws.geonames.org/4736134/nearby.rdf	1	0.57735	1	1		
