score	dataset	sw.opencyc	dbpedia	freebase	dbpedia	freebase	dbpedia	freebase	yago-knowledge	dbpedia	freebase						
	entity	http://sw.opencyc.org/concept/Mx4r9evqSsmTTAeMbsRA7yM0aw	http://dbpedia.org/resource/Aladdin_(1992_Disney_film)	http://rdf.freebase.com/ns/m.0jnwx	http://dbpedia.org/resource/Aladdin_(1992_Golden_Films_film)	http://rdf.freebase.com/ns/m.0dtyh9	http://dbpedia.org/resource/Aladdin_(TV_series)	http://rdf.freebase.com/ns/m.057v8r	http://yago-knowledge.org/resource/Aladdin_(TV_series)	http://dbpedia.org/resource/Aladin_(film)	http://rdf.freebase.com/ns/m.06_w18q						
2	http://sw.cyc.com/CycAnnotations_v1#label;http://www.w3.org/2000/01/rdf-schema#label	Aladdin-Movie	Aladdin (1992 Disney film)	Aladdin	Aladdin (1992 Golden Films film)	Aladdin	Aladdin (TV series)	Aladdin	Aladdin (TV series)	Aladin (film)	Aladin	10	0.5	0	1		
2	http://sw.opencyc.org/concept/Mx4rNv0nbm4TTjOp7yhmnzOyqg;http://xmlns.com/foaf/0.1/isPrimaryTopicOf;http://rdf.freebase.com/ns/common.topic.topic_equivalent_webpage	http://en.wikipedia.org/wiki/Aladdin_%281992_Disney_film%29	http://en.wikipedia.org/wiki/Aladdin_(1992_Disney_film)	http://ar.wikipedia.org/wiki/%39%44%27%21_%27%44%2F%4A%46_(%41%4A%44%45_1992); http://www.beyazperde	http://en.wikipedia.org/wiki/Aladdin_(1992_Golden_Films_film)	http://en.wikipedia.org/wiki/Aladdin_(1992_Golden_Films_film); http://movi.es/BVX2J	http://en.wikipedia.org/wiki/Aladdin_(TV_series)	http://thetvdb.com/?tab=series&id=73981; http://ar.wikipedia.org/wiki/%39%44%27%21_%27%44%2F%4A%46_(	 	http://en.wikipedia.org/wiki/Aladin_(film)	http://en.wikipedia.org/wiki/index.html?curid=23819161; http://www.apple.com/trailers/independent/al	9	0.800433	0.045757	1		
0	http://sw.opencyc.org/concept/Mx4rTv-jk9SPTXa991kk5mAvHg	Aladdin_(1992_Disney_film)	 	 	 	 	 	 	 	 	 	1	0.57735	1	1		
0	http://www.w3.org/1999/02/22-rdf-syntax-ns#type	movie	CreativeWork; http://dbpedia.org/ontology/Wikidata:Q11424	Amusement Ride Theme; Award-Nominated Work	CreativeWork; http://dbpedia.org/ontology/Wikidata:Q11424	Netflix Title	CreativeWork; television program	Award-Nominated Work; TV Program	wikicat 1995 American television series endings; wikicat CBS network shows	CreativeWork; http://dbpedia.org/ontology/Wikidata:Q11424	Award-Nominated Work; Bollywood Films	10	0.49084	0	1		
0	http://www.w3.org/2002/07/owl#sameAs	http://dbpedia.org/resource/Aladdin_%281992_Disney_film%29; http://sw.cyc.com/concept/Mx4r9evqSsmTTA	Aladdin	 	Aladdin	 	Aladdin	 	 	Aladin	 	5	0.57735	0.30103	0		
2	http://dbpedia.org/ontology/Work/runtime;http://dbpedia.org/ontology/runtime;http://rdf.freebase.com/ns/film.film.runtime	 	90	90	49	49	22	 	 	129	130	7	0.716115	0.154902	1		
0	http://dbpedia.org/ontology/abstract	 	Aladdin is a 1992 American animated musical fantasy film produced by Walt Disney Feature Animation a	 	Aladdin is a 49-minute animated film based on the classic Arabian Nights story, Aladdin and the magi	 	Aladdin is an animated television series made by Walt Disney Television Animation which aired from 1	 	 	Aladin is a 2009 Bollywood fantasy adventure film directed by Sujoy Ghosh, and featuring Amitabh Bac	 	4	0.816497	0.39794	1		
0	http://dbpedia.org/ontology/basedOn	 	Aladdin and the Magic Lamp	 	Aladdin and the magic lamp	 	 	 	 	 	 	2	0.816497	0.69897	1		
0	http://dbpedia.org/ontology/budget	 	28000000	 	 	 	 	 	 	 	 	1	0.57735	1	1		
2	http://dbpedia.org/ontology/director;http://rdf.freebase.com/ns/film.film.directed_by	 	John Musker; Ron Clements	John Musker; Ron Clements	 	Diane Eskenazi; Micky Dolenz	Alan Zaslove	 	 	Sujoy Ghosh	Sujoy Ghosh	6	0.550482	0.221849	1		
0	http://dbpedia.org/ontology/distributor;http://rdf.freebase.com/ns/film.film.distributors	 	Walt Disney Studios Motion Pictures	Walt Disney Studios Motion Pictures	 	 	Disney–ABC Domestic Television	 	 	 	 	3	0.645497	0.522879	1		
0	http://dbpedia.org/ontology/gross	 	504100000	 	 	 	 	 	 	 	 	1	0.57735	1	1		
2	http://dbpedia.org/ontology/musicComposer;http://rdf.freebase.com/ns/film.film.music;http://dbpedia.org/ontology/composer	 	Alan Menken	Alan Menken	 	 	Harvey Cohen; Mark Watters	 	 	Vishal-Shekhar	Jody Jenkins; Shekhar Ravjiani	5	0.666667	0.30103	1		
2	http://dbpedia.org/ontology/producer;http://rdf.freebase.com/ns/film.film.produced_by	 	John Musker; Ron Clements	John Musker; Ron Clements	 	Diane Eskenazi	 	 	 	Sujoy Ghosh	Sujoy Ghosh; Sunil Lulla	5	0.540062	0.30103	1		
1	http://dbpedia.org/ontology/starring;http://rdf.freebase.com/ns/film.film.starring;http://rdf.freebase.com/ns/tv.tv_program.regular_cast	 	Douglas Seale; Frank Welker	Douglas Seale; Frank Welker	 	Barry Bostwick; Derek Jacobi	Dan Castellaneta; Frank Welker	Dan Castellaneta; Frank Welker	 	Amitabh Bachchan; Jacqueline Fernandez	Amitabh Bachchan; Arif Zakaria	7	0.58146	0.154902	1		
0	http://dbpedia.org/ontology/wikiPageExternalLink	 	http://movies.disney.com/aladdin; http://toonopedia.com/aladdin.htm	 	http://www.bcdb.com/cartoon/84884-Aladdin.html	 	 	 	 	http://aladinmovie.webnode.fr/	 	3	0.816497	0.522879	1		
3	http://dbpedia.org/ontology/wikiPageID;http://rdf.freebase.com/key/wikipedia.en_id	 	73170	73170	5587473	5587473	1523081	1523081	 	23819161	23819161	8	0.408248	0.09691	1		
0	http://dbpedia.org/ontology/wikiPageLength	 	63697	 	9296	 	18408	 	 	13010	 	4	0.816497	0.39794	1		
0	http://dbpedia.org/ontology/wikiPageOutDegree	 	287	 	44	 	176	 	 	77	 	4	0.816497	0.39794	1		
0	http://dbpedia.org/ontology/wikiPageRevisionID	 	744871360	 	725937194	 	743762700	 	 	742994469	 	4	0.816497	0.39794	1		
2	http://dbpedia.org/ontology/writer;http://rdf.freebase.com/ns/film.film.story_by;http://rdf.freebase.com/ns/film.film.written_by	 	John Musker; Ted Elliott (screenwriter)	Brian Pimental; Chris Sanders	 	Jack Olesker	 	 	 	Sujoy Ghosh; http://dbpedia.org/resource/Ritesh_Shah	Ritesh Shah; Sujoy Ghosh	5	0.703732	0.30103	1		
0	http://purl.org/dc/terms/subject	 	1990s American animated films; Animated musical films	 	1990s American animated films; Films based on fairy tales	 	1990s American animated television series; CBS network shows	 	 	2000s Hindi-language films; Film scores by Vishal-Shekhar	 	4	0.703732	0.39794	1		
3	http://www.w3.org/2000/01/rdf-schema#comment;http://rdf.freebase.com/ns/common.topic.description	 	Aladdin is a 1992 American animated musical fantasy film produced by Walt Disney Feature Animation a	Aladdin is a 1992 American animated musical fantasy film produced by Walt Disney Feature Animation a	Aladdin is a 49-minute animated film based on the classic Arabian Nights story, Aladdin and the magi	Aladdin is a 49-minute animated film based on the classic Arabian Nights story, Aladdin translated b	Aladdin is an animated television series made by Walt Disney Television Animation which aired from 1	Aladdin is an animated television series made by Walt Disney Television Animation which aired from 1	 	Aladin is a 2009 Bollywood fantasy adventure film directed by Sujoy Ghosh, and featuring Amitabh Bac	Aladin is a 2009 Bollywood fantasy adventure film directed by Sujoy Ghosh. Amitabh Bachchan, Ritesh 	8	0.645497	0.09691	1		
0	http://www.w3.org/2000/01/rdf-schema#seeAlso	 	Aladdin (Disney franchise)	 	 	 	 	 	 	 	 	1	0.57735	1	1		
0	http://www.w3.org/ns/prov#wasDerivedFrom	 	http://en.wikipedia.org/wiki/Aladdin_(1992_Disney_film)?oldid=744871360	 	http://en.wikipedia.org/wiki/Aladdin_(1992_Golden_Films_film)?oldid=725937194	 	http://en.wikipedia.org/wiki/Aladdin_(TV_series)?oldid=743762700	 	 	http://en.wikipedia.org/wiki/Aladin_(film)?oldid=742994469	 	4	0.816497	0.39794	1		
1	http://xmlns.com/foaf/0.1/homepage;http://rdf.freebase.com/ns/common.topic.official_website	 	http://movies.disney.com/aladdin	http://movies.disney.com/aladdin	 	 	 	 	 	http://aladinmovie.webnode.fr/	http://aladin.erosentertainment.com/; http://aladinmovie.webnode.fr/	4	0.516398	0.39794	1		
0	http://xmlns.com/foaf/0.1/name	 	Aladdin	 	Aladdin	 	Aladdin	 	 	Aladin	 	4	0.408248	0.39794	1		
2	http://rdf.freebase.com/key/authority.imdb.title;http://rdf.freebase.com/ns/imdb.topic.title_id;http://dbpedia.org/ontology/imdbId	 	 	tt0103639	827990	tt0827990	 	tt0105935	 	 	tt1227762	5	0.471405	0.30103	1		
1	http://rdf.freebase.com/key/authority.netflix.api	 	 	http://api.netflix.com/catalog/titles/movies/60010064	 	http://api.netflix.com/catalog/titles/movies/70054859	 	 	 	 	http://api.netflix.com/catalog/titles/movies/70127024	3	0.816497	0.522879	1		
1	http://rdf.freebase.com/key/authority.netflix.movie;http://rdf.freebase.com/ns/film.film.netflix_id	 	 	60010064	 	70054859	 	 	 	 	70127024	3	0.408248	0.522879	1		
1	http://rdf.freebase.com/key/authority.netflix.tiny	 	 	ApNvU	 	BVX2J	 	 	 	 	BVpoG	3	0.816497	0.522879	1		
1	http://rdf.freebase.com/key/base.ranker.rankerurlname	 	 	aladdin/417657	 	aladdin/166426	 	aladdin/2926741	 	 	aladin/21706439	4	0.816497	0.39794	1		
0	http://rdf.freebase.com/key/en	 	 	aladdin_1992	 	 	 	 	 	 	 	1	0.57735	1	1		
0	http://rdf.freebase.com/key/source.allocine.ca.film;http://rdf.freebase.com/key/source.allocine.fr.film;http://rdf.freebase.com/key/source.beyazperde.filmler;http://rdf.freebase.com/key/source.screenrush.films	 	 	8640	 	 	 	 	 	 	144633	2	0.308607	0.69897	1		
0	http://rdf.freebase.com/key/source.cine21.movie	 	 	6725	 	 	 	 	 	 	28860	2	0.816497	0.69897	1		
0	http://rdf.freebase.com/key/source.cineseoul.cinemaid	 	 	5872	 	 	 	 	 	 	 	1	0.57735	1	1		
0	http://rdf.freebase.com/key/source.clicker.film	 	 	aladdin	 	 	 	 	 	 	aladin	2	0.816497	0.69897	1		
0	http://rdf.freebase.com/key/source.daum.movieid	 	 	1930	 	 	 	 	 	 	54537	2	0.816497	0.69897	1		
0	http://rdf.freebase.com/key/source.entertainmentweekly.mediaproduct	 	 	MovieAladdin	 	 	 	 	 	 	 	1	0.57735	1	1		
0	http://rdf.freebase.com/key/source.filmstarts.kritiken	 	 	102742-Aladdin	 	 	 	 	 	 	 	1	0.57735	1	1		
0	http://rdf.freebase.com/key/source.movist.mid	 	 	7551	 	 	 	 	 	 	 	1	0.57735	1	1		
0	http://rdf.freebase.com/key/source.nate.cinema_id	 	 	5872	 	 	 	 	 	 	48557	2	0.816497	0.69897	1		
0	http://rdf.freebase.com/key/source.rottentomatoes.movie	 	 	1042582-aladdin	 	 	 	 	 	 	 	1	0.57735	1	1		
0	http://rdf.freebase.com/key/source.showtimes.intl.movie	 	 	0x0aa988ba1c4066a9	 	 	 	 	 	 	 	1	0.57735	1	1		
0	http://rdf.freebase.com/key/source.videosurf	 	 	67329	 	 	 	 	 	 	 	1	0.57735	1	1		
1	http://rdf.freebase.com/key/user.avh.ellerdale	 	 	0080-2b4f	 	 	 	0083-22b0	 	 	0103-004d	3	0.816497	0.522879	1		
1	http://rdf.freebase.com/key/wikipedia.en	 	 	Abu_the_Monkey; Aladdin_(1992_Disney_film)	 	Aladdin_(1992_Golden_Films_film)	 	Aladdin_(television_series); Ayam_Aghoul	 	 	Aladin(2009_film)	4	0.816497	0.39794	1		
1	http://rdf.freebase.com/key/wikipedia.en_title	 	 	Aladdin_(1992_Disney_film)	 	Aladdin_(1992_Golden_Films_film)	 	Aladdin_(TV_series)	 	 	Aladin_(film)	4	0.816497	0.39794	1		
0	http://rdf.freebase.com/ns/amusement_parks.ride_theme.rides	 	 	The Magic Carpets of Aladdin	 	 	 	 	 	 	 	1	0.57735	1	1		
0	http://rdf.freebase.com/ns/award.award_nominated_work.award_nominations	 	 	Academy Award for Best Original Music Score; Golden Globe Special Achievement Award	 	 	 	Daytime Emmy Award for Outstanding Achievement in Music Direction And Composition; Kids' Choice Awar	 	 	Star Guild Award for Best Art Direction; Stardust Award for Exciting New Face	3	0.816497	0.522879	1		
0	http://rdf.freebase.com/ns/award.award_winning_work.awards_won	 	 	Academy Award for Best Original Music Score; Golden Globe Award for Best Original Score	 	 	 	Daytime Emmy Award for Outstanding Achievement in Music Direction And Composition	 	 	IIFA Award for Best Art Direction; IIFA Award for Best Special Effects	3	0.816497	0.522879	1		
0	http://rdf.freebase.com/ns/common.topic.alias	 	 	Aladin; Аладдин	 	 	 	 	 	 	 	1	0.816497	1	1		
0	http://rdf.freebase.com/ns/common.topic.article	 	 	Aladdin is a 1992 American animated musical family film produced by Walt Disney Feature Animation an	 	Aladdin is a 49-minute animated film based on the classic Arabian Nights story, Aladdin translated b	 	Aladdin is an animated television series made by Walt Disney Television which aired from 1994 to 199	 	 	Aladin is a Bollywood film directed by Sujoy Ghosh of Jhankaar Beats fame. Amitabh Bachchan, Ritesh 	4	0.816497	0.39794	1		
0	http://rdf.freebase.com/ns/common.topic.notable_for	 	 	Animation Film	 	Animation Film	 	Animated TV Program	 	 	Bollywood Film	4	0.645497	0.39794	1		
0	http://rdf.freebase.com/ns/common.topic.notable_types	 	 	Award-Winning Work	 	Film	 	TV Program	 	 	Award-Winning Work	4	0.645497	0.39794	1		
0	http://rdf.freebase.com/ns/common.topic.webpage	 	 	''Aladdin'''s inspirations; 'Arabian Nights' offends	 	 	 	 	 	 	http://rdf.freebase.com/ns/m.0cjkr4j	2	0.749269	0.69897	1		
0	http://rdf.freebase.com/ns/film.film.country;http://rdf.freebase.com/ns/tv.tv_program.country_of_origin;http://yago-knowledge.org/resource/isLocatedIn	 	 	United States of America	 	United States of America	 	United States of America	United States	 	India	5	0.57735	0.30103	1		
0	http://rdf.freebase.com/ns/film.film.estimated_budget	 	 	28000000	 	 	 	 	 	 	 	1	0.57735	1	1		
0	http://rdf.freebase.com/ns/film.film.featured_song	 	 	A Whole New World; Friend Like Me	 	 	 	 	 	 	 	1	0.816497	1	1		
0	http://rdf.freebase.com/ns/film.film.film_art_direction_by	 	 	Bill Perkins	 	 	 	 	 	 	Sabu Cyril	2	0.816497	0.69897	1		
0	http://rdf.freebase.com/ns/film.film.film_casting_director	 	 	Albert Tavares	 	 	 	 	 	 	 	1	0.57735	1	1		
0	http://rdf.freebase.com/ns/film.film.film_production_design_by	 	 	Richard Vander Wende	 	 	 	 	 	 	 	1	0.57735	1	1		
0	http://rdf.freebase.com/ns/film.film.film_series	 	 	Aladdin Film series; Walt Disney Animated Classics	 	 	 	 	 	 	 	1	0.816497	1	1		
1	http://rdf.freebase.com/ns/film.film.genre;http://rdf.freebase.com/ns/media_common.netflix_title.netflix_genres;http://dbpedia.org/ontology/genre;http://rdf.freebase.com/ns/tv.tv_program.genre	 	 	Contemporary Movie Musicals; Family Sci-Fi & Fantasy	 	Adventure Film; Book Characters	Adventure (genre); Fantasy film	Adventure Film; Animated cartoon	 	 	Backstage Musical; Bollywood Movies	5	0.645497	0.30103	1		
2	http://rdf.freebase.com/ns/film.film.initial_release_date;http://dbpedia.org/ontology/releaseDate;http://rdf.freebase.com/ns/tv.tv_program.air_date_of_first_episode;http://yago-knowledge.org/resource/wasCreatedOnDate	 	 	1992/11/11	1992/4/27	1994	1994/9/5	1994/9/5	1994/1/1	 	2009/10/30	7	0.723747	0.154902	1		
0	http://rdf.freebase.com/ns/film.film.language;http://rdf.freebase.com/ns/tv.tv_program.languages	 	 	English Language	 	English Language	 	English Language	 	 	Hindi Language	4	0.408248	0.39794	1		
0	http://rdf.freebase.com/ns/film.film.other_crew	 	 	http://rdf.freebase.com/ns/m.0cc2t4_	 	 	 	 	 	 	http://rdf.freebase.com/ns/m.0z8jx1y	2	0.816497	0.69897	1		
0	http://rdf.freebase.com/ns/film.film.production_companies	 	 	The Walt Disney Company; Walt Disney Animation Studios	 	 	 	 	 	 	 	1	0.816497	1	1		
0	http://rdf.freebase.com/ns/film.film.rating	 	 	G (USA)	 	 	 	 	 	 	 	1	0.57735	1	1		
0	http://rdf.freebase.com/ns/film.film.release_date_s	 	 	1992-11-11; 2002-08-06	 	 	 	 	 	 	2009/10/30	2	0.816497	0.69897	1		
0	http://rdf.freebase.com/ns/film.film.rottentomatoes_id	 	 	1042582-aladdin	 	 	 	 	 	 	 	1	0.57735	1	1		
0	http://rdf.freebase.com/ns/film.film.sequel	 	 	The Return of Jafar	 	Pinocchio	 	 	 	 	 	2	0.816497	0.69897	1		
0	http://rdf.freebase.com/ns/film.film.soundtrack	 	 	Aladdin	 	 	 	 	 	 	Aladin	2	0.816497	0.69897	1		
0	http://rdf.freebase.com/ns/film.film.subjects	 	 	Fairy tale	 	 	 	 	 	 	 	1	0.57735	1	1		
0	http://rdf.freebase.com/ns/film.film.tagline	 	 	Wish granted!	 	 	 	 	 	 	 	1	0.57735	1	1		
0	http://rdf.freebase.com/ns/freebase.valuenotation.is_reviewed	 	 	Directed by; Initial release date	 	 	 	 	 	 	 	1	0.816497	1	1		
0	http://rdf.freebase.com/ns/kg.object_profile.prominent_type	 	 	Award-Winning Work	 	Film	 	TV Program	 	 	Award-Winning Work	4	0.645497	0.39794	1		
0	http://rdf.freebase.com/ns/media_common.adapted_work.adaptations	 	 	Aladdin	 	 	 	 	 	 	 	1	0.57735	1	1		
0	http://rdf.freebase.com/ns/type.object.key	 	 	/authority/imdb/title/tt0103639; /wikipedia/uk_id/990938	 	/authority/imdb/title/tt0827990; /wikipedia/en_title/Aladdin_(1992_Golden_Films_film)	 	/authority/imdb/title/tt0105935; /authority/thetvdb/series/73981	 	 	/authority/imdb/title/tt1227762; /source/kinopoisk/film/416269	4	0.816497	0.39794	1		
0	http://rdf.freebase.com/ns/type.object.name	 	 	Aladdin	 	Aladdin	 	Aladdin	 	 	Aladin	4	0.408248	0.39794	1		
0	http://rdf.freebase.com/ns/type.object.type	 	 	Amusement Ride Theme; Award-Nominated Work	 	Netflix Title	 	Award-Nominated Work; TV Program	 	 	Award-Nominated Work; Bollywood Films	4	0.19518	0.39794	1		
1	http://rdf.freebase.com/ns/user.avh.default_domain.ellerdale_topic.ellerdale_id	 	 	0080-2b4f	 	 	 	0083-22b0	 	 	0103-004d	3	0.816497	0.522879	1		
0	http://rdf.freebase.com/ns/common.topic.image	 	 	 	 	Aladdin finds the old oil lamp beneath a waterfall in a beautiful garden.	 	 	 	 	 	1	0.57735	1	1		
0	http://dbpedia.org/ontology/company	 	 	 	 	 	Disney Television Animation	 	 	 	 	1	0.57735	1	1		
0	http://dbpedia.org/ontology/completionDate;http://rdf.freebase.com/ns/tv.tv_program.air_date_of_final_episode	 	 	 	 	 	1995/11/25	1995/11/25	 	 	 	2	0.57735	0.69897	1		
0	http://dbpedia.org/ontology/creator;http://rdf.freebase.com/ns/tv.tv_program.program_creator	 	 	 	 	 	Walt Disney Television	Walt Disney Television	 	 	 	2	0.57735	0.69897	1		
0	http://dbpedia.org/ontology/format	 	 	 	 	 	Dolby Surround; Standard-definition television	 	 	 	 	1	0.816497	1	1		
0	http://dbpedia.org/ontology/network;http://rdf.freebase.com/ns/tv.tv_program.original_network	 	 	 	 	 	Broadcast syndication; Disney Channel	http://rdf.freebase.com/ns/m.010nrlk8; http://rdf.freebase.com/ns/m.0125j6__	 	 	 	2	0.816497	0.69897	1		
0	http://dbpedia.org/ontology/numberOfEpisodes;http://rdf.freebase.com/ns/tv.tv_program.number_of_episodes	 	 	 	 	 	86	86	 	 	 	2	0.57735	0.69897	1		
0	http://dbpedia.org/ontology/numberOfSeasons;http://rdf.freebase.com/ns/tv.tv_program.number_of_seasons	 	 	 	 	 	3	3	 	 	 	2	0.57735	0.69897	1		
0	http://dbpedia.org/ontology/previousWork	 	 	 	 	 	The Return of Jafar	 	 	 	 	1	0.57735	1	1		
0	http://dbpedia.org/ontology/subsequentWork	 	 	 	 	 	Aladdin and the King of Thieves	 	 	 	 	1	0.57735	1	1		
0	http://rdf.freebase.com/key/authority.thetvdb.series	 	 	 	 	 	 	73981	 	 	 	1	0.57735	1	1		
0	http://rdf.freebase.com/key/authority.tvrage.series	 	 	 	 	 	 	Aladdin	 	 	 	1	0.57735	1	1		
0	http://rdf.freebase.com/key/authority.tvrage.series_numeric	 	 	 	 	 	 	2528	 	 	 	1	0.57735	1	1		
0	http://rdf.freebase.com/key/user.ovguide.tvdb_show_id	 	 	 	 	 	 	73981	 	 	 	1	0.57735	1	1		
0	http://rdf.freebase.com/ns/base.schemastaging.context_name.pronunciation	 	 	 	 	 	 	http://rdf.freebase.com/ns/m.0131vb9g	 	 	 	1	0.57735	1	1		
0	http://rdf.freebase.com/ns/tv.tv_program.currently_in_production	 	 	 	 	 	 	FALSE	 	 	 	1	0.57735	1	1		
0	http://rdf.freebase.com/ns/tv.tv_program.episode_running_time	 	 	 	 	 	 	22	 	 	 	1	0.816497	1	1		
0	http://rdf.freebase.com/ns/tv.tv_program.episodes	 	 	 	 	 	 	A Clockwork Hero; Sneeze The Day	 	 	 	1	0.816497	1	1		
0	http://rdf.freebase.com/ns/tv.tv_program.seasons	 	 	 	 	 	 	Aladdin - Season 1	 	 	 	1	0.816497	1	1		
0	http://rdf.freebase.com/ns/tv.tv_program.thetvdb_id	 	 	 	 	 	 	73981	 	 	 	1	0.57735	1	1		
0	http://rdf.freebase.com/ns/tv.tv_program.tvrage_id	 	 	 	 	 	 	2528	 	 	 	1	0.57735	1	1		
0	http://www.w3.org/2004/02/skos/core#prefLabel	 	 	 	 	 	 	 	Aladdin (TV series)	 	 	1	0.57735	1	1		
0	http://yago-knowledge.org/resource/hasCitationTitle	 	 	 	 	 	 	 	'Aladdin' returns home to Disney, which offers ABC a 'Recess'; NBC kicks off 'City Kids,' 'Hang Time	 	 	1	0.816497	1	1		
0	http://yago-knowledge.org/resource/hasWikipediaAnchorText	 	 	 	 	 	 	 	Michael Bell; 1992 Disney film of the same name	 	 	1	0.816497	1	1		
0	http://yago-knowledge.org/resource/hasWikipediaArticleLength	 	 	 	 	 	 	 	14263	 	 	1	0.57735	1	1		
0	http://yago-knowledge.org/resource/hasWikipediaUrl	 	 	 	 	 	 	 	http://en.wikipedia.org/wiki/Aladdin_%28TV_series%29	 	 	1	0.57735	1	1		
0	http://yago-knowledge.org/resource/linksTo	 	 	 	 	 	 	 	22nd Daytime Emmy Awards; Jeff Bennett	 	 	1	0.816497	1	1		
0	http://yago-knowledge.org/resource/redirectedFrom	 	 	 	 	 	 	 	Aladdin (television series); Ayam Aghoul	 	 	1	0.816497	1	1		
0	http://dbpedia.org/ontology/cinematography;http://rdf.freebase.com/ns/film.film.cinematography	 	 	 	 	 	 	 	 	http://dbpedia.org/resource/Shirsha_Roy	Sirsha Ray	2	0.816497	0.69897	1		
0	http://rdf.freebase.com/key/source.apple.movietrailer	 	 	 	 	 	 	 	 	 	independent/aladin	1	0.57735	1	1		
0	http://rdf.freebase.com/key/source.kinopoisk.film	 	 	 	 	 	 	 	 	 	416269	1	0.57735	1	1		
0	http://rdf.freebase.com/ns/dataworld.gardening_hint.split_to	 	 	 	 	 	 	 	 	 	Aladin	1	0.57735	1	1		
0	http://rdf.freebase.com/ns/film.film.apple_movietrailer_id	 	 	 	 	 	 	 	 	 	independent/aladin	1	0.57735	1	1		
0	http://rdf.freebase.com/ns/film.film.costume_design_by	 	 	 	 	 	 	 	 	 	Narendra Kumar Ahmed; Urmilla Lal Motwani	1	0.816497	1	1		
0	http://rdf.freebase.com/ns/film.film.edited_by	 	 	 	 	 	 	 	 	 	Suresh Pai	1	0.57735	1	1		
0	http://rdf.freebase.com/ns/film.film.executive_produced_by	 	 	 	 	 	 	 	 	 	Kamlesh Kumar; Sameer Rajendran	1	0.816497	1	1		
0	http://rdf.freebase.com/ns/freebase.valuenotation.has_no_value	 	 	 	 	 	 	 	 	 	Film Series	1	0.816497	1	1		
0	http://rdf.freebase.com/ns/freebase.valuenotation.has_value	 	 	 	 	 	 	 	 	 	Featured Song	1	0.57735	1	1		
