score	dataset	sw.opencyc	dbpedia	freebase	sws.geonames	wikidata	yago-knowledge	dbpedia	freebase	dbpedia	freebase						
	entity	http://sw.opencyc.org/concept/Mx4rvVifKpwpEbGdrcN5Y29ycA	http://dbpedia.org/resource/Norway	http://rdf.freebase.com/ns/m.05b4w	http://sws.geonames.org/3144096/	http://www.wikidata.org/entity/Q20	http://yago-knowledge.org/resource/Norway	http://dbpedia.org/resource/New_Norway	http://rdf.freebase.com/ns/m.04nc7p	http://dbpedia.org/resource/Norway_House	http://rdf.freebase.com/ns/m.09jchj						
2	http://sw.cyc.com/CycAnnotations_v1#label;http://www.w3.org/2000/01/rdf-schema#label;http://www.geonames.org/ontology#name	Norway	Norway	Norway	Norway	Norway	Coalition Party; Kongeriket Noreg	New Norway	New Norway	Norway House	Norway House	10	0.48795	0	1		
2	http://sw.opencyc.org/concept/Mx4rNv0nbm4TTjOp7yhmnzOyqg;http://xmlns.com/foaf/0.1/isPrimaryTopicOf;http://rdf.freebase.com/ns/common.topic.topic_equivalent_webpage	http://en.wikipedia.org/wiki/Norway	http://en.wikipedia.org/wiki/Norway	http://ar.wikipedia.org/wiki/%27%44%46%31%48%4A%2C; http://statoids.com/uno.html	 	 	 	http://en.wikipedia.org/wiki/New_Norway	http://de.wikipedia.org/wiki/index.html?curid=3270242; http://fr.wikipedia.org/wiki/New_Norway_(Albe	http://en.wikipedia.org/wiki/Norway_House	http://de.wikipedia.org/wiki/Norway_House; http://de.wikipedia.org/wiki/index.html?curid=3988099	7	0.794123	0.154902	1		
0	http://sw.opencyc.org/concept/Mx4rTv-jk9SPTXa991kk5mAvHg	Norway	 	 	 	 	 	 	 	 	 	1	0.57735	1	1		
0	http://sw.opencyc.org/concept/Mx4rZOAVeiYGEdqAAAACs2IMmw	Bank for International Settlements; Customs Cooperation Council	 	 	 	 	 	 	 	 	 	1	0.816497	1	1		
0	http://sw.opencyc.org/concept/Mx4riWVFR6HJSpaEaHrcWS3MSA	http://www.w3.org/2006/03/wn/wn20/instances/synset-Norway-noun-1	 	 	 	 	 	 	 	 	 	1	0.57735	1	1		
0	http://sw.opencyc.org/concept/Mx4rwLSVCpwpEbGdrcN5Y29ycA	Norwegian	 	 	 	 	 	 	 	 	 	1	0.816497	1	1		
0	http://www.w3.org/1999/02/22-rdf-syntax-ns#type;http://www.wikidata.org/entity/P31c	Western European country; the intelligence analyst reasoning domain	Spatial Thing; http://dbpedia.org/ontology/Location	Administrative Division; Taxonomy Subject	Feature	indirect democracy; sovereign state	wikicat Germanic countries and territories; wordnet country 108544813	Spatial Thing; http://dbpedia.org/ontology/Location	City/Town/Village; Dated location	Spatial Thing; http://dbpedia.org/ontology/Location	Inanimate; Location	10	0.551147	0	1		
3	http://www.w3.org/2000/01/rdf-schema#comment;http://rdf.freebase.com/ns/common.topic.description	The country of Norway - both physical and political.	Norway (/ˈnɔːrweɪ/ NAWR-way; Norwegian:  (Bokmål) or  (Nynorsk)), officially the Kingdom of Norway, 	Norway, officially the Kingdom of Norway, is a sovereign and unitary monarchy whose territory compri	 	 	 	New Norway is a hamlet located within Camrose County in central Alberta, Canada. Named in 1895, it i	New Norway is a hamlet located within Camrose County in central Alberta, Canada. Named in 1895, it i	Norway House is a population centre of over 5,000 people some 30 km (19 mi) north of Lake Winnipeg, 	Norway House is a population centre of over 5,000 people some 30 km north of Lake Winnipeg, on the b	7	0.723747	0.154902	1		
0	http://www.w3.org/2002/07/owl#sameAs	http://sw.cyc.com/concept/Mx4rvVifKpwpEbGdrcN5Y29ycA; http://umbel.org/umbel/sc/Norway	 	 	 	 	http://sws.geonames.org/3144096	New Norway	 	Norway House	 	4	0.645497	0.39794	0		
1	http://dbpedia.org/ontology/PopulatedPlace/areaTotal;http://dbpedia.org/ontology/areaTotal;http://rdf.freebase.com/ns/location.location.area	 	385000000000	385178	 	 	 	1120000	1.12	 	 	4	0.617213	0.39794	1		
0	http://dbpedia.org/ontology/PopulatedPlace/populationDensity	 	13.514	 	 	 	 	253.8	 	 	 	2	0.816497	0.69897	1		
0	http://dbpedia.org/ontology/abstract	 	Norway (/ˈnɔːrweɪ/ NAWR-way; Norwegian:  (Bokmål) or  (Nynorsk)), officially the Kingdom of Norway, 	 	 	 	 	New Norway is a hamlet located within Camrose County in central Alberta, Canada. Named in 1895, it i	 	Norway House is a population centre of over 5,000 people some 30 km (19 mi) north of Lake Winnipeg, 	 	3	0.816497	0.522879	1		
0	http://dbpedia.org/ontology/anthem	 	Ja, vi elsker dette landet; Kongesangen	 	 	 	 	 	 	 	 	1	0.816497	1	1		
0	http://dbpedia.org/ontology/capital;http://rdf.freebase.com/ns/location.country.capital	 	Oslo	Oslo	 	 	 	 	 	 	 	2	0.57735	0.69897	1		
0	http://dbpedia.org/ontology/currency	 	Norwegian krone	 	 	 	 	 	 	 	 	1	0.57735	1	1		
0	http://dbpedia.org/ontology/demonym	 	(Norwegian: Nordmann)	 	 	 	 	 	 	 	 	1	0.816497	1	1		
0	http://dbpedia.org/ontology/ethnicGroup	 	History of the Jews in Norway; Immigration to Norway	 	 	 	 	 	 	 	 	1	0.816497	1	1		
0	http://dbpedia.org/ontology/flag	 	Flag of Norway.svg	 	 	 	 	 	 	 	 	1	0.57735	1	1		
1	http://dbpedia.org/ontology/foundingDate;http://rdf.freebase.com/ns/location.dated_location.date_founded;http://yago-knowledge.org/resource/wasCreatedOnDate	 	1940/4/9	872	 	 	1814-05-17	2012/11/1	 	 	 	4	0.816497	0.39794	1		
0	http://dbpedia.org/ontology/governmentType;http://rdf.freebase.com/ns/location.country.form_of_government	 	Unitary state	Constitutional monarchy; Parliamentary system	 	 	 	 	 	 	 	2	0.645497	0.69897	1		
0	http://dbpedia.org/ontology/language	 	Latin alphabet; Scandoromani language	 	 	 	 	 	 	 	 	1	0.816497	1	1		
0	http://dbpedia.org/ontology/leader	 	Erna Solberg; Harald V of Norway	 	 	 	 	 	 	 	 	1	0.816497	1	1		
0	http://dbpedia.org/ontology/leaderTitle	 	Chief Justice; President of the Storting	 	 	 	 	MLA	 	 	 	2	0.816497	0.69897	1		
0	http://dbpedia.org/ontology/longName	 	Kingdom of Norway	 	 	 	 	 	 	 	 	1	0.57735	1	1		
0	http://dbpedia.org/ontology/map	 	Norway (Epcot)	 	 	 	 	 	 	 	 	1	0.57735	1	1		
0	http://dbpedia.org/ontology/officialLanguage	 	Norwegian language	 	 	 	 	 	 	 	 	1	0.57735	1	1		
0	http://dbpedia.org/ontology/percentageOfAreaWater	 	5.2	 	 	 	 	 	 	 	 	1	0.57735	1	1		
0	http://dbpedia.org/ontology/populationDensity	 	13.514	 	 	 	 	253.8	 	 	 	2	0.816497	0.69897	1		
2	http://dbpedia.org/ontology/populationTotal;http://rdf.freebase.com/ns/location.statistical_region.population;http://www.geonames.org/ontology#population;http://yago-knowledge.org/resource/hasNumberOfPeople	 	5214900	3581239; 4099702	5009150	 	5051300	283	283	 	 	6	0.806872	0.221849	1		
0	http://dbpedia.org/ontology/regionalLanguage	 	Scandoromani language	 	 	 	 	 	 	 	 	1	0.816497	1	1		
0	http://dbpedia.org/ontology/thumbnail	 	http://commons.wikimedia.org/wiki/Special:FilePath/Flag_of_Norway.svg?width=300	 	 	 	 	http://commons.wikimedia.org/wiki/Special:FilePath/New_Norway_circa_1915.jpg?width=300	 	http://commons.wikimedia.org/wiki/Special:FilePath/Norway_House_1878.jpg?width=300	 	3	0.816497	0.522879	1		
1	http://dbpedia.org/ontology/timeZone	 	Central European Time	 	 	 	 	Mountain Standard Time	 	Central Standard Time	 	3	0.816497	0.522879	1		
0	http://dbpedia.org/ontology/wikiPageExternalLink	 	http://ucblibraries.colorado.edu/govpubs/for/norway.htm; http://www.ssb.no/fob2001/nos_d316/	 	 	 	 	 	 	http://www.frontiersd.mb.ca/Pages/default.aspx	 	2	0.816497	0.69897	1		
2	http://dbpedia.org/ontology/wikiPageID;http://rdf.freebase.com/key/wikipedia.en_id	 	21241	21241	 	 	 	1264302	1264302	3524638	3524638	6	0.408248	0.221849	1		
0	http://dbpedia.org/ontology/wikiPageLength	 	189528	 	 	 	 	9579	 	17312	 	3	0.816497	0.522879	1		
0	http://dbpedia.org/ontology/wikiPageOutDegree	 	1313	 	 	 	 	51	 	90	 	3	0.816497	0.522879	1		
0	http://dbpedia.org/ontology/wikiPageRevisionID	 	744901175	 	 	 	 	702917646	 	719232594	 	3	0.816497	0.522879	1		
0	http://purl.org/dc/terms/subject	 	Germanic countries and territories; Liberal democracies	 	 	 	 	2012 disestablishments in Alberta; Camrose County	 	Designated places in Manitoba; Hudson's Bay Company trading posts	 	3	0.78817	0.522879	1		
0	http://www.georss.org/georss/point	 	59.93333333333333 10.683333333333334	 	 	 	 	52.869166666666665 -112.95502777777777	 	53.99027777777778 -97.81555555555556	 	3	0.816497	0.522879	1		
0	http://www.w3.org/2000/01/rdf-schema#seeAlso	 	German occupation of Norway; List of Norwegian writers	 	Norway	 	 	 	 	 	 	2	0.771517	0.69897	1		
0	http://www.w3.org/2002/07/owl#differentFrom	 	Noriega	 	 	 	 	 	 	 	 	1	0.57735	1	1		
3	http://www.w3.org/2003/01/geo/wgs84_pos#lat;http://yago-knowledge.org/resource/hasLatitude	 	59.933	61	62	61	61	52.869	52.869	53.99	53.99	9	0.348155	0.045757	1		
3	http://www.w3.org/2003/01/geo/wgs84_pos#long;http://yago-knowledge.org/resource/hasLongitude	 	10.683	8	10	8	8	-112.955	-112.955	-97.816	-97.816	9	0.408248	0.045757	1		
0	http://www.w3.org/ns/prov#wasDerivedFrom	 	http://en.wikipedia.org/wiki/Norway?oldid=744901175	 	 	 	 	http://en.wikipedia.org/wiki/New_Norway?oldid=702917646	 	http://en.wikipedia.org/wiki/Norway_House?oldid=719232594	 	3	0.816497	0.522879	1		
0	http://xmlns.com/foaf/0.1/depiction	 	http://commons.wikimedia.org/wiki/Special:FilePath/Flag_of_Norway.svg	 	 	 	 	http://commons.wikimedia.org/wiki/Special:FilePath/New_Norway_circa_1915.jpg	 	http://commons.wikimedia.org/wiki/Special:FilePath/Norway_House_1878.jpg	 	3	0.816497	0.522879	1		
2	http://xmlns.com/foaf/0.1/homepage;http://rdf.freebase.com/ns/common.topic.official_website	 	https://wayback.archive.org/web/20060209022219/http:/www.norway.no/	http://www.norway.no/	 	 	 	 	http://www.cable-lynx.net/~nnorway/	http://www.norwayhousecc.ca/	http://www.nhcn.ca	5	0.707107	0.30103	1		
0	http://xmlns.com/foaf/0.1/name	 	Norway	 	 	 	 	Hamlet of New Norway	 	Norway House	 	3	0.816497	0.522879	1		
0	http://rdf.freebase.com/key/authority.daylife.topic	 	 	00kjgxu66GeYb	 	 	 	 	 	 	 	1	0.57735	1	1		
0	http://rdf.freebase.com/key/authority.eurostat.nuts	 	 	NO	 	 	 	 	 	 	 	1	0.816497	1	1		
0	http://rdf.freebase.com/key/authority.fifa	 	 	NOR	 	 	 	 	 	 	 	1	0.57735	1	1		
0	http://rdf.freebase.com/key/authority.iso.3166-1.alpha-2	 	 	NO	 	 	 	 	 	 	 	1	0.57735	1	1		
0	http://rdf.freebase.com/key/authority.iso.3166-1.alpha-3	 	 	NOR	 	 	 	 	 	 	 	1	0.57735	1	1		
0	http://rdf.freebase.com/key/authority.iso.3166-1.numeric	 	 	578	 	 	 	 	 	 	 	1	0.57735	1	1		
0	http://rdf.freebase.com/key/base.dspl.eurostat.government_debt.country	 	 	no	 	 	 	 	 	 	 	1	0.57735	1	1		
0	http://rdf.freebase.com/key/base.dspl.eurostat.unemployment.country	 	 	no	 	 	 	 	 	 	 	1	0.57735	1	1		
0	http://rdf.freebase.com/key/base.dspl.world_bank.wdi_gdf.country	 	 	NOR	 	 	 	 	 	 	 	1	0.57735	1	1		
0	http://rdf.freebase.com/key/base.ranker.rankerurlname	 	 	norway/1694958	 	 	 	 	 	 	 	1	0.57735	1	1		
1	http://rdf.freebase.com/key/en	 	 	norway	 	 	 	 	new_norway	 	norway_house_manitoba	3	0.816497	0.522879	1		
0	http://rdf.freebase.com/key/user.avh.ellerdale	 	 	0080-22ca	 	 	 	 	 	 	 	1	0.57735	1	1		
0	http://rdf.freebase.com/key/user.jamie.nytdataid	 	 	5.58E+019	 	 	 	 	 	 	 	1	0.57735	1	1		
1	http://rdf.freebase.com/key/wikipedia.en	 	 	ISO_3166-1:NO; Kongeriket_Noreg	 	 	 	 	New_Norway,_Alberta	 	Norway_House,_Manitoba	3	0.816497	0.522879	1		
1	http://rdf.freebase.com/key/wikipedia.en_title	 	 	Norway	 	 	 	 	New_Norway	 	Norway_House	3	0.816497	0.522879	1		
0	http://rdf.freebase.com/ns/base.aareas.schema.administrative_area.adjectival_form	 	 	Norwegian	 	 	 	 	 	 	 	1	0.57735	1	1		
0	http://rdf.freebase.com/ns/base.aareas.schema.administrative_area.administrative_area_type	 	 	Sovereign state	 	 	 	 	 	 	 	1	0.57735	1	1		
0	http://rdf.freebase.com/ns/base.aareas.schema.administrative_area.administrative_children	 	 	Aust-Agder; Bouvet Island	 	 	 	 	 	 	 	1	0.816497	1	1		
1	http://rdf.freebase.com/ns/base.aareas.schema.administrative_area.administrative_parent;http://www.wikidata.org/entity/P17c;http://yago-knowledge.org/resource/isLocatedIn;http://dbpedia.org/ontology/country	 	 	Earth	 	Norway	Europe	Canada	 	Canada	 	5	0.68313	0.30103	1		
0	http://rdf.freebase.com/ns/base.aareas.schema.administrative_area.pertinent_type	 	 	Norwegian dependency; Norwegian integral overseas territories	 	 	 	 	 	 	 	1	0.816497	1	1		
0	http://rdf.freebase.com/ns/base.aareas.schema.administrative_area.short_name	 	 	no	 	 	 	 	 	 	 	1	0.57735	1	1		
0	http://rdf.freebase.com/ns/base.aareas.schema.administrative_area.subdividing_type	 	 	Norwegian dependency; Norwegian integral overseas territories	 	 	 	 	 	 	 	1	0.816497	1	1		
0	http://rdf.freebase.com/ns/base.biblioness.bibs_location.is_clear	 	 	TRUE	 	 	 	 	 	 	 	1	0.57735	1	1		
0	http://rdf.freebase.com/ns/base.biblioness.bibs_location.loc_type	 	 	Country	 	 	 	 	 	 	 	1	0.57735	1	1		
0	http://rdf.freebase.com/ns/base.locations.counties_parishes_and_boroughs.coninent	 	 	Antarctica	 	 	 	 	 	 	 	1	0.57735	1	1		
0	http://rdf.freebase.com/ns/base.locations.countries.continent	 	 	Europe	 	 	 	 	 	 	 	1	0.57735	1	1		
0	http://rdf.freebase.com/ns/base.mystery.cryptid_area_of_occurrence.cryptid_s_found_here	 	 	Kraken	 	 	 	 	 	 	 	1	0.57735	1	1		
0	http://rdf.freebase.com/ns/base.ontologies.ontology_instance.equivalent_instances	 	 	Norway	 	 	 	 	 	 	 	1	0.57735	1	1		
0	http://rdf.freebase.com/ns/base.schemastaging.context_name.official_name	 	 	Norway	 	 	 	 	 	 	 	1	0.57735	1	1		
0	http://rdf.freebase.com/ns/base.skosbase.vocabulary_equivalent_topic.narrower_concept	 	 	Corporation law--Norway	 	 	 	 	 	 	 	1	0.57735	1	1		
0	http://rdf.freebase.com/ns/biology.breed_origin.breeds_originating_here	 	 	Black Norwegian Elkhound; Nordlandshest/Lyngshest	 	 	 	 	 	 	 	1	0.816497	1	1		
0	http://rdf.freebase.com/ns/book.book_subject.works	 	 	Beneath the aurora; Growth of the Soil	 	 	 	 	 	 	 	1	0.816497	1	1		
0	http://rdf.freebase.com/ns/common.identity.daylife_topic	 	 	00kjgxu66GeYb	 	 	 	 	 	 	 	1	0.57735	1	1		
0	http://rdf.freebase.com/ns/common.topic.alias	 	 	Kingdom of Norway	 	 	 	 	New Norway, Alberta	 	 	2	0.816497	0.69897	1		
1	http://rdf.freebase.com/ns/common.topic.article;http://schema.org/description	 	 	Norway /ˈnɔrweɪ/ (Norwegian:  Norge (Bokmål) or  Noreg (Nynorsk)), officially the Kingdom of Norway,	 	country in Northern Europe	 	 	New Norway is a small rural village located in the central prairies of Alberta, Canada. Named in 189	 	Norway House is a rural community of approximately 5,000-6,000 people some 30 km (19 mi) north of La	4	0.816497	0.39794	1		
0	http://rdf.freebase.com/ns/common.topic.image	 	 	Location of Norway	 	 	 	 	New Norway	 	SS Colvile	3	0.816497	0.522879	1		
0	http://rdf.freebase.com/ns/common.topic.notable_for	 	 	Parliamentary Democracy	 	 	 	 	City/Town/Village	 	Location	3	0.816497	0.522879	1		
0	http://rdf.freebase.com/ns/common.topic.notable_types	 	 	Country	 	 	 	 	City/Town/Village	 	Location	3	0.816497	0.522879	1		
0	http://rdf.freebase.com/ns/common.topic.webpage	 	 	'The Wanted' wants terrorists. 'The Wanted' also wants your love. Make up your minds, boys.; Omer Bh	 	 	 	 	http://rdf.freebase.com/ns/m.03l1nlx	 	 	2	0.816497	0.69897	1		
0	http://rdf.freebase.com/ns/fictional_universe.fictional_setting.fictional_characters_born_here	 	 	Aud Torvingen	 	 	 	 	 	 	 	1	0.57735	1	1		
0	http://rdf.freebase.com/ns/film.film_location.featured_in_films	 	 	Mamma er en superhelt	 	 	 	 	 	 	 	1	0.57735	1	1		
0	http://rdf.freebase.com/ns/food.beer_country_region.beers_from_here	 	 	Berentsens Brygghus Rogalandspils; Hansa Bryggeri Bayer	 	 	 	 	 	 	 	1	0.816497	1	1		
0	http://rdf.freebase.com/ns/freebase.linguistic_hint.adjectival_form	 	 	Norwegian	 	 	 	 	 	 	 	1	0.57735	1	1		
0	http://rdf.freebase.com/ns/freebase.valuenotation.is_reviewed	 	 	Official website	 	 	 	 	 	 	 	1	0.57735	1	1		
0	http://rdf.freebase.com/ns/government.government.agency	 	 	Norwegian Labour and Welfare Administration	 	 	 	 	 	 	 	1	0.57735	1	1		
0	http://rdf.freebase.com/ns/government.governmental_jurisdiction.agencies	 	 	Accident Investigation Board Norway; Brønnøysund Register Centre	 	 	 	 	 	 	 	1	0.813459	1	1		
0	http://rdf.freebase.com/ns/government.governmental_jurisdiction.governing_officials	 	 	Prime Minister of Norway; http://rdf.freebase.com/ns/m.010gg2ht	 	 	 	 	 	 	 	1	0.68313	1	1		
0	http://rdf.freebase.com/ns/government.governmental_jurisdiction.government	 	 	Government of Norway	 	 	 	 	 	 	 	1	0.57735	1	1		
0	http://rdf.freebase.com/ns/government.governmental_jurisdiction.government_bodies	 	 	Storting	 	 	 	 	 	 	 	1	0.57735	1	1		
0	http://rdf.freebase.com/ns/government.governmental_jurisdiction.government_positions	 	 	Office of the Prime Minister	 	 	 	 	 	 	 	1	0.57735	1	1		
0	http://rdf.freebase.com/ns/kg.object_profile.prominent_type	 	 	Country	 	 	 	 	City/Town/Village	 	Location	3	0.816497	0.522879	1		
0	http://rdf.freebase.com/ns/law.court_jurisdiction_area.courts	 	 	District court	 	 	 	 	 	 	 	1	0.57735	1	1		
0	http://rdf.freebase.com/ns/location.country.administrative_divisions	 	 	Møre og Romsdal; Nord-Trøndelag	 	 	 	 	 	 	 	1	0.816497	1	1		
0	http://rdf.freebase.com/ns/location.country.calling_code	 	 	47	 	 	 	 	 	 	 	1	0.57735	1	1		
0	http://rdf.freebase.com/ns/location.country.currency_used	 	 	Norwegian krone	 	 	 	 	 	 	 	1	0.57735	1	1		
0	http://rdf.freebase.com/ns/location.country.fifa_code	 	 	NOR	 	 	 	 	 	 	 	1	0.57735	1	1		
0	http://rdf.freebase.com/ns/location.country.fips10_4	 	 	NO	 	 	 	 	 	 	 	1	0.57735	1	1		
0	http://rdf.freebase.com/ns/location.country.internet_tld	 	 	bv	 	 	 	 	 	 	 	1	0.816497	1	1		
0	http://rdf.freebase.com/ns/location.country.iso3166_1_alpha2	 	 	NO	 	 	 	 	 	 	 	1	0.57735	1	1		
0	http://rdf.freebase.com/ns/location.country.iso3166_1_shortname	 	 	NORWAY	 	 	 	 	 	 	 	1	0.57735	1	1		
0	http://rdf.freebase.com/ns/location.country.iso_alpha_3	 	 	NOR	 	 	 	 	 	 	 	1	0.57735	1	1		
0	http://rdf.freebase.com/ns/location.country.iso_numeric	 	 	578	 	 	 	 	 	 	 	1	0.57735	1	1		
0	http://rdf.freebase.com/ns/location.country.languages_spoken	 	 	Finnish, Kven Language; Norwegian Language	 	 	 	 	 	 	 	1	0.816497	1	1		
0	http://rdf.freebase.com/ns/location.country.national_anthem	 	 	Ja, vi elsker dette landet	 	 	 	 	 	 	 	1	0.57735	1	1		
0	http://rdf.freebase.com/ns/location.country.official_language	 	 	Norwegian Language	 	 	 	 	 	 	 	1	0.816497	1	1		
0	http://rdf.freebase.com/ns/location.location.adjectival_form	 	 	Norwegian	 	 	 	 	 	 	 	1	0.57735	1	1		
0	http://rdf.freebase.com/ns/location.location.adjoin_s	 	 	Norwegian Sea	 	 	 	 	 	 	 	1	0.816497	1	1		
1	http://rdf.freebase.com/ns/location.location.containedby;http://www.geonames.org/ontology#parentFeature;http://dbpedia.org/ontology/isPartOf	 	 	Nordic countries; Northern Europe	Europe	 	 	Camrose County; Central Alberta	Central Alberta; Division No. 10, Alberta	Division No. 22, Manitoba; Northern Region, Manitoba	Manitoba	6	0.65679	0.221849	1		
0	http://rdf.freebase.com/ns/location.location.contains	 	 	Agder og Rogaland; Kjøpmannskjær	 	 	 	 	 	 	 	1	0.798497	1	1		
0	http://rdf.freebase.com/ns/location.location.events	 	 	2002 December solstice; 2012 Tour of Norway	 	 	 	 	 	 	 	1	0.816497	1	1		
0	http://rdf.freebase.com/ns/location.location.partially_contained_by	 	 	Scandinavian Peninsula	 	 	 	 	 	 	 	1	0.816497	1	1		
0	http://rdf.freebase.com/ns/location.location.partially_containedby	 	 	Arctic	 	 	 	 	 	 	 	1	0.57735	1	1		
0	http://rdf.freebase.com/ns/location.location.partially_contains	 	 	Barents Euro-Arctic Council; The Mittnorden Committee	 	 	 	 	 	 	 	1	0.816497	1	1		
0	http://rdf.freebase.com/ns/location.location.partiallycontains	 	 	Barents Euro-Arctic Council; The Mittnorden Committee	 	 	 	 	 	 	 	1	0.816497	1	1		
0	http://rdf.freebase.com/ns/location.location.people_born_here	 	 	Aage Borchgrevink; Brynjulf Bull	 	 	 	 	Gordon Stromberg	 	Eric Robinson; Helen Betty Osborne	3	0.815928	0.522879	1		
0	http://rdf.freebase.com/ns/location.location.primarily_containedby	 	 	Scandinavian Peninsula	 	 	 	 	 	 	 	1	0.57735	1	1		
1	http://rdf.freebase.com/ns/location.location.time_zones;http://www.wikidata.org/entity/P421c	 	 	Central European Time Zone	 	Central European Time	 	 	Mountain Time Zone	 	Central Time Zone	4	0.816497	0.39794	1		
0	http://rdf.freebase.com/ns/location.statistical_region.agriculture_as_percent_of_gdp	 	 	1.17	 	 	 	 	 	 	 	1	0.816497	1	1		
0	http://rdf.freebase.com/ns/location.statistical_region.brain_drain_percent	 	 	6.21	 	 	 	 	 	 	 	1	0.816497	1	1		
0	http://rdf.freebase.com/ns/location.statistical_region.co2_emissions_per_capita	 	 	10.484	 	 	 	 	 	 	 	1	0.816497	1	1		
0	http://rdf.freebase.com/ns/location.statistical_region.consumer_price_index	 	 	10.51	 	 	 	 	 	 	 	1	0.816497	1	1		
0	http://rdf.freebase.com/ns/location.statistical_region.cpi_inflation_rate	 	 	0.47	 	 	 	 	 	 	 	1	0.816497	1	1		
0	http://rdf.freebase.com/ns/location.statistical_region.deposit_interest_rate	 	 	http://rdf.freebase.com/ns/g.1hhc37h0c	 	 	 	 	 	 	 	1	0.816497	1	1		
0	http://rdf.freebase.com/ns/location.statistical_region.diesel_price_liter	 	 	1.09	 	 	 	 	 	 	 	1	0.816497	1	1		
0	http://rdf.freebase.com/ns/location.statistical_region.electricity_consumption_per_capita	 	 	10553.444; 11416.353	 	 	 	 	 	 	 	1	0.816497	1	1		
0	http://rdf.freebase.com/ns/location.statistical_region.energy_use_per_capita	 	 	1906.175; 2182.993	 	 	 	 	 	 	 	1	0.816497	1	1		
0	http://rdf.freebase.com/ns/location.statistical_region.fertility_rate	 	 	1.66	 	 	 	 	 	 	 	1	0.816497	1	1		
0	http://rdf.freebase.com/ns/location.statistical_region.foreign_direct_investment_net_inflows	 	 	-256433055; 13304040508	 	 	 	 	 	 	 	1	0.816497	1	1		
0	http://rdf.freebase.com/ns/location.statistical_region.gdp_growth_rate	 	 	-0.173	 	 	 	 	 	 	 	1	0.567962	1	1		
0	http://rdf.freebase.com/ns/location.statistical_region.gdp_nominal	 	 	100770511985.000; 118168337069	 	 	 	 	 	 	 	1	0.816497	1	1		
0	http://rdf.freebase.com/ns/location.statistical_region.gdp_nominal_per_capita	 	 	100818.500; 14722.290	 	 	 	 	 	 	 	1	0.816497	1	1		
0	http://rdf.freebase.com/ns/location.statistical_region.gdp_real	 	 	102025913370.000; 165337679472	 	 	 	 	 	 	 	1	0.816497	1	1		
0	http://rdf.freebase.com/ns/location.statistical_region.gender_balance_members_of_parliament	 	 	35.8	 	 	 	 	 	 	 	1	0.816497	1	1		
0	http://rdf.freebase.com/ns/location.statistical_region.gni_in_ppp_dollars	 	 	101474991382; 121855738422	 	 	 	 	 	 	 	1	0.816497	1	1		
0	http://rdf.freebase.com/ns/location.statistical_region.gni_per_capita_in_ppp_dollars	 	 	http://rdf.freebase.com/ns/g.11b60yppwq; http://rdf.freebase.com/ns/g.1245_0sjv	 	 	 	 	 	 	 	1	0.816497	1	1		
0	http://rdf.freebase.com/ns/location.statistical_region.government_debt_percent_gdp	 	 	27.8	 	 	 	 	 	 	 	1	0.816497	1	1		
0	http://rdf.freebase.com/ns/location.statistical_region.gross_savings_as_percent_of_gdp	 	 	23.08	 	 	 	 	 	 	 	1	0.816497	1	1		
0	http://rdf.freebase.com/ns/location.statistical_region.health_expenditure_as_percent_of_gdp	 	 	10.03	 	 	 	 	 	 	 	1	0.816497	1	1		
0	http://rdf.freebase.com/ns/location.statistical_region.high_tech_as_percent_of_manufactured_exports	 	 	10.64	 	 	 	 	 	 	 	1	0.816497	1	1		
0	http://rdf.freebase.com/ns/location.statistical_region.internet_users_percent_population	 	 	0.707	 	 	 	 	 	 	 	1	0.761387	1	1		
0	http://rdf.freebase.com/ns/location.statistical_region.labor_participation_rate	 	 	44.62	 	 	 	 	 	 	 	1	0.816497	1	1		
0	http://rdf.freebase.com/ns/location.statistical_region.life_expectancy	 	 	73.078	 	 	 	 	 	 	 	1	0.816497	1	1		
0	http://rdf.freebase.com/ns/location.statistical_region.long_term_unemployment_rate	 	 	10	 	 	 	 	 	 	 	1	0.816497	1	1		
0	http://rdf.freebase.com/ns/location.statistical_region.market_cap_of_listed_companies_as_percent_of_gdp	 	 	13.87	 	 	 	 	 	 	 	1	0.816497	1	1		
0	http://rdf.freebase.com/ns/location.statistical_region.merchandise_trade_percent_of_gdp	 	 	43.44	 	 	 	 	 	 	 	1	0.816497	1	1		
0	http://rdf.freebase.com/ns/location.statistical_region.military_expenditure_percent_gdp	 	 	http://rdf.freebase.com/ns/g.11b60vfr3l; http://rdf.freebase.com/ns/g.1245_1jb7	 	 	 	 	 	 	 	1	0.816497	1	1		
0	http://rdf.freebase.com/ns/location.statistical_region.net_migration	 	 	http://rdf.freebase.com/ns/g.1q5jhf535; http://rdf.freebase.com/ns/g.1s05_dk86	 	 	 	 	 	 	 	1	0.816497	1	1		
0	http://rdf.freebase.com/ns/location.statistical_region.part_time_employment_percent	 	 	19.7	 	 	 	 	 	 	 	1	0.816497	1	1		
0	http://rdf.freebase.com/ns/location.statistical_region.population_growth_rate	 	 	0.28	 	 	 	 	 	 	 	1	0.816497	1	1		
0	http://rdf.freebase.com/ns/location.statistical_region.poverty_rate_2dollars_per_day	 	 	0.34	 	 	 	 	 	 	 	1	0.816497	1	1		
0	http://rdf.freebase.com/ns/location.statistical_region.renewable_freshwater_per_capita	 	 	100936.997; 76117.255	 	 	 	 	 	 	 	1	0.816497	1	1		
0	http://rdf.freebase.com/ns/location.statistical_region.size_of_armed_forces	 	 	16000	 	 	 	 	 	 	 	1	0.816497	1	1		
0	http://rdf.freebase.com/ns/location.statistical_region.time_required_to_start_a_business	 	 	18	 	 	 	 	 	 	 	1	0.816497	1	1		
0	http://rdf.freebase.com/ns/location.statistical_region.trade_balance_as_percent_of_gdp	 	 	-0.3	 	 	 	 	 	 	 	1	0.816497	1	1		
0	http://rdf.freebase.com/ns/location.statistical_region.unemployment_rate	 	 	2.3	 	 	 	 	 	 	 	1	0.816497	1	1		
0	http://rdf.freebase.com/ns/military.military_combatant.military_commanders	 	 	http://rdf.freebase.com/ns/m.07nsytl	 	 	 	 	 	 	 	1	0.816497	1	1		
0	http://rdf.freebase.com/ns/military.military_combatant.military_conflicts	 	 	Battle of Drøbak Sound; Invasion of Hvaler	 	 	 	 	 	 	 	1	0.816497	1	1		
0	http://rdf.freebase.com/ns/olympics.olympic_athlete_affiliation.athlete	 	 	Tormod Knutsen	 	 	 	 	 	 	 	1	0.57735	1	1		
0	http://rdf.freebase.com/ns/olympics.olympic_participating_country.athletes	 	 	Aksel Lund Svindal; Steffen Søberg	 	 	 	 	 	 	 	1	0.616904	1	1		
0	http://rdf.freebase.com/ns/olympics.olympic_participating_country.demonstration_medals_won	 	 	http://rdf.freebase.com/ns/m.04njn7s	 	 	 	 	 	 	 	1	0.57735	1	1		
0	http://rdf.freebase.com/ns/olympics.olympic_participating_country.ioc_code	 	 	NOR	 	 	 	 	 	 	 	1	0.57735	1	1		
0	http://rdf.freebase.com/ns/olympics.olympic_participating_country.medals_won	 	 	http://rdf.freebase.com/ns/m.0110_5tj; http://rdf.freebase.com/ns/m.04h64wk	 	 	 	 	 	 	 	1	0.816497	1	1		
0	http://rdf.freebase.com/ns/olympics.olympic_participating_country.olympics_participated_in	 	 	1900 Summer Olympics; 2010 Winter Olympics	 	 	 	 	 	 	 	1	0.816497	1	1		
0	http://rdf.freebase.com/ns/organization.organization_founder.organizations_founded	 	 	North Atlantic Treaty Organization (NATO); University of Nordland	 	 	 	 	 	 	 	1	0.816497	1	1		
0	http://rdf.freebase.com/ns/organization.organization_member.member_of	 	 	Council of Europe; European Space Agency	 	 	 	 	 	 	 	1	0.816497	1	1		
0	http://rdf.freebase.com/ns/organization.organization_scope.organizations_with_this_scope	 	 	Abortion Opponents' List; EL & IT Forbundet	 	 	 	 	 	 	 	1	0.792118	1	1		
0	http://rdf.freebase.com/ns/periodicals.newspaper_circulation_area.newspapers	 	 	Helsingin Sanomat; Norsk-Tysk Tidsskrift	 	 	 	 	 	 	 	1	0.816497	1	1		
0	http://rdf.freebase.com/ns/royalty.kingdom.rulers	 	 	Christian IV of Denmark; Harald V of Norway	 	 	 	 	 	 	 	1	0.816497	1	1		
0	http://rdf.freebase.com/ns/sports.sport_country.athletes	 	 	Cathrine Noettingnes; Marianne Bruun	 	 	 	 	 	 	 	1	0.816497	1	1		
0	http://rdf.freebase.com/ns/sports.sport_country.athletic_performances	 	 	http://rdf.freebase.com/ns/m.096hnhw; http://rdf.freebase.com/ns/m.0y510p0	 	 	 	 	 	 	 	1	0.816497	1	1		
0	http://rdf.freebase.com/ns/sports.sports_team_location.teams	 	 	Norway women's national beach handball team	 	 	 	 	 	 	 	1	0.816497	1	1		
0	http://rdf.freebase.com/ns/symbols.flag_referent.flag	 	 	Flag of Norway	 	 	 	 	 	 	 	1	0.57735	1	1		
0	http://rdf.freebase.com/ns/topic_server.population_number	 	 	3581239; 4099702	 	 	 	 	283	 	 	2	0.816497	0.69897	1		
0	http://rdf.freebase.com/ns/travel.travel_destination.tour_operators	 	 	Adventures by Disney; Bunnik Tours	 	 	 	 	 	 	 	1	0.816497	1	1		
0	http://rdf.freebase.com/ns/type.object.key	 	 	/authority/daylife/topic/00kjgxu66GeYb; /wikipedia/ja_title/ノルウェ�? 	 	 	 	/wikipedia/de_id/3270242; /wikipedia/fr_id/7790141	 	/wikipedia/de_id/3988099; /wikipedia/de_title/Norway_House	3	0.816497	0.522879	1			
0	http://rdf.freebase.com/ns/type.object.name	 	 	Norway	 	 	 	 	New Norway	 	Norway House	3	0.816497	0.522879	1		
0	http://rdf.freebase.com/ns/type.object.type	 	 	Sovereign state; Administrative Division	 	 	 	 	City/Town/Village; Dated location	 	Inanimate; Location	3	0.568668	0.522879	1		
0	http://rdf.freebase.com/ns/user.avh.default_domain.ellerdale_topic.ellerdale_id	 	 	0080-22ca	 	 	 	 	 	 	 	1	0.57735	1	1		
0	http://rdf.freebase.com/ns/user.robert.military.military_power.military_branches	 	 	Forsvarets Spesialkommando; Marinejegerkommandoen	 	 	 	 	 	 	 	1	0.816497	1	1		
0	http://rdf.freebase.com/ns/user.tsegaran.random.taxonomy_subject.entry	 	 	http://rdf.freebase.com/ns/m.04_4zr3	 	 	 	 	 	 	 	1	0.816497	1	1		
0	http://www.geonames.org/ontology#alternateName	 	 	 	Kingdom of Norway; Kongeriget Norge	 	 	 	 	 	 	1	0.816497	1	1		
0	http://www.geonames.org/ontology#childrenFeatures	 	 	 	http://sws.geonames.org/3144096/contains.rdf	 	 	 	 	 	 	1	0.57735	1	1		
0	http://www.geonames.org/ontology#countryCode	 	 	 	NO	 	 	 	 	 	 	1	0.57735	1	1		
0	http://www.geonames.org/ontology#featureClass	 	 	 	http://www.geonames.org/ontology#A	 	 	 	 	 	 	1	0.57735	1	1		
0	http://www.geonames.org/ontology#featureCode	 	 	 	http://www.geonames.org/ontology#A.PCLI	 	 	 	 	 	 	1	0.57735	1	1		
0	http://www.geonames.org/ontology#locationMap	 	 	 	http://www.geonames.org/3144096/kingdom-of-norway.html	 	 	 	 	 	 	1	0.57735	1	1		
0	http://www.geonames.org/ontology#neighbouringFeatures	 	 	 	http://sws.geonames.org/3144096/neighbours.rdf	 	 	 	 	 	 	1	0.57735	1	1		
0	http://www.geonames.org/ontology#shortName	 	 	 	Norway	 	 	 	 	 	 	1	0.57735	1	1		
0	http://www.geonames.org/ontology#wikipediaArticle	 	 	 	http://en.wikipedia.org/wiki/Norway	 	 	 	 	 	 	1	0.816497	1	1		
0	http://www.w3.org/2004/02/skos/core#altLabel	 	 	 	 	Kingdom of Norway	 	 	 	 	 	1	0.816497	1	1		
0	http://www.wikidata.org/entity/P1036c	 	 	 	 	2--481	 	 	 	 	 	1	0.57735	1	1		
0	http://www.wikidata.org/entity/P1149c	 	 	 	 	JN7401-7695	 	 	 	 	 	1	0.57735	1	1		
0	http://www.wikidata.org/entity/P1151c	 	 	 	 	Portal:Norway	 	 	 	 	 	1	0.57735	1	1		
0	http://www.wikidata.org/entity/P122c	 	 	 	 	constitutional monarchy	 	 	 	 	 	1	0.57735	1	1		
0	http://www.wikidata.org/entity/P1245c	 	 	 	 	6763	 	 	 	 	 	1	0.57735	1	1		
0	http://www.wikidata.org/entity/P1313c	 	 	 	 	Statsminister	 	 	 	 	 	1	0.57735	1	1		
0	http://www.wikidata.org/entity/P138c	 	 	 	 	road	 	 	 	 	 	1	0.816497	1	1		
0	http://www.wikidata.org/entity/P1464c	 	 	 	 	Category:Births in Norway	 	 	 	 	 	1	0.57735	1	1		
0	http://www.wikidata.org/entity/P1465c	 	 	 	 	Category:Death in Norway	 	 	 	 	 	1	0.57735	1	1		
0	http://www.wikidata.org/entity/P150c	 	 	 	 	Aust-Agder; Bouvet Island	 	 	 	 	 	1	0.816497	1	1		
0	http://www.wikidata.org/entity/P1549c	 	 	 	 	Norwegian	 	 	 	 	 	1	0.57735	1	1		
0	http://www.wikidata.org/entity/P1566c	 	 	 	 	3144096	 	 	 	 	 	1	0.57735	1	1		
0	http://www.wikidata.org/entity/P1622c	 	 	 	 	right	 	 	 	 	 	1	0.57735	1	1		
0	http://www.wikidata.org/entity/P163c	 	 	 	 	flag of Norway	 	 	 	 	 	1	0.57735	1	1		
0	http://www.wikidata.org/entity/P1670c	 	 	 	 	0000J8445	 	 	 	 	 	1	0.57735	1	1		
0	http://www.wikidata.org/entity/P1740c	 	 	 	 	Category:Films shot in Norway	 	 	 	 	 	1	0.57735	1	1		
0	http://www.wikidata.org/entity/P1791c	 	 	 	 	Category:Burials in Norway	 	 	 	 	 	1	0.57735	1	1		
0	http://www.wikidata.org/entity/P1792c	 	 	 	 	Category:Norwegian people	 	 	 	 	 	1	0.57735	1	1		
0	http://www.wikidata.org/entity/P194c	 	 	 	 	Parliament of Norway	 	 	 	 	 	1	0.57735	1	1		
0	http://www.wikidata.org/entity/P206c	 	 	 	 	Norwegian Sea	 	 	 	 	 	1	0.816497	1	1		
0	http://www.wikidata.org/entity/P208c	 	 	 	 	Government of Norway	 	 	 	 	 	1	0.57735	1	1		
0	http://www.wikidata.org/entity/P209c	 	 	 	 	Supreme Court of Norway	 	 	 	 	 	1	0.57735	1	1		
0	http://www.wikidata.org/entity/P213c	 	 	 	 	0000 0001 2298 9524	 	 	 	 	 	1	0.57735	1	1		
0	http://www.wikidata.org/entity/P214c	 	 	 	 	155855229	 	 	 	 	 	1	0.57735	1	1		
0	http://www.wikidata.org/entity/P2163c	 	 	 	 	1204556	 	 	 	 	 	1	0.57735	1	1		
0	http://www.wikidata.org/entity/P2184c	 	 	 	 	history of Norway	 	 	 	 	 	1	0.57735	1	1		
0	http://www.wikidata.org/entity/P2258c	 	 	 	 	242	 	 	 	 	 	1	0.57735	1	1		
0	http://www.wikidata.org/entity/P227c	 	 	 	 	4042640-3	 	 	 	 	 	1	0.57735	1	1		
0	http://www.wikidata.org/entity/P237c	 	 	 	 	Coat of arms of Norway	 	 	 	 	 	1	0.57735	1	1		
0	http://www.wikidata.org/entity/P242c	 	 	 	 	http://commons.wikimedia.org/wiki/File:Europe-Norway.svg	 	 	 	 	 	1	0.57735	1	1		
0	http://www.wikidata.org/entity/P244c	 	 	 	 	n79021528	 	 	 	 	 	1	0.57735	1	1		
0	http://www.wikidata.org/entity/P2633c	 	 	 	 	geography of Norway	 	 	 	 	 	1	0.57735	1	1		
0	http://www.wikidata.org/entity/P268c	 	 	 	 	11865124d	 	 	 	 	 	1	0.57735	1	1		
0	http://www.wikidata.org/entity/P269c	 	 	 	 	26396009	 	 	 	 	 	1	0.57735	1	1		
0	http://www.wikidata.org/entity/P2853c	 	 	 	 	Europlug	 	 	 	 	 	1	0.816497	1	1		
0	http://www.wikidata.org/entity/P297c	 	 	 	 	NO	 	 	 	 	 	1	0.57735	1	1		
0	http://www.wikidata.org/entity/P298c	 	 	 	 	NOR	 	 	 	 	 	1	0.57735	1	1		
0	http://www.wikidata.org/entity/P299c	 	 	 	 	578	 	 	 	 	 	1	0.57735	1	1		
0	http://www.wikidata.org/entity/P30c	 	 	 	 	Europe	 	 	 	 	 	1	0.57735	1	1		
0	http://www.wikidata.org/entity/P349c	 	 	 	 	568689	 	 	 	 	 	1	0.57735	1	1		
0	http://www.wikidata.org/entity/P36c	 	 	 	 	Oslo	 	 	 	 	 	1	0.57735	1	1		
0	http://www.wikidata.org/entity/P373c	 	 	 	 	Norway	 	 	 	 	 	1	0.57735	1	1		
0	http://www.wikidata.org/entity/P37c	 	 	 	 	Norwegian; Sami languages	 	 	 	 	 	1	0.816497	1	1		
0	http://www.wikidata.org/entity/P402c	 	 	 	 	1059668	 	 	 	 	 	1	0.57735	1	1		
0	http://www.wikidata.org/entity/P463c	 	 	 	 	Council of the Baltic Sea States; European Economic Area	 	 	 	 	 	1	0.816497	1	1		
0	http://www.wikidata.org/entity/P474c	 	 	 	 	47	 	 	 	 	 	1	0.57735	1	1		
0	http://www.wikidata.org/entity/P530c	 	 	 	 	Italy	 	 	 	 	 	1	0.57735	1	1		
0	http://www.wikidata.org/entity/P605c	 	 	 	 	NO	 	 	 	 	 	1	0.816497	1	1		
0	http://www.wikidata.org/entity/P610c	 	 	 	 	Galdhøpiggen	 	 	 	 	 	1	0.57735	1	1		
0	http://www.wikidata.org/entity/P646-freebase	 	 	 	 	Norway	 	 	 	 	 	1	0.57735	1	1		
0	http://www.wikidata.org/entity/P646c	 	 	 	 	/m/05b4w	 	 	 	 	 	1	0.57735	1	1		
0	http://www.wikidata.org/entity/P691c	 	 	 	 	ge130191	 	 	 	 	 	1	0.57735	1	1		
0	http://www.wikidata.org/entity/P78c	 	 	 	 	.no	 	 	 	 	 	1	0.57735	1	1		
0	http://www.wikidata.org/entity/P832c	 	 	 	 	Feast of the Ascension; Norwegian Constitution Day	 	 	 	 	 	1	0.816497	1	1		
0	http://www.wikidata.org/entity/P85c	 	 	 	 	Ja, vi elsker dette landet	 	 	 	 	 	1	0.57735	1	1		
0	http://www.wikidata.org/entity/P901c	 	 	 	 	NO	 	 	 	 	 	1	0.57735	1	1		
0	http://www.wikidata.org/entity/P910c	 	 	 	 	Category:Norway	 	 	 	 	 	1	0.57735	1	1		
0	http://www.wikidata.org/entity/P935c	 	 	 	 	Norge	 	 	 	 	 	1	0.57735	1	1		
0	http://www.wikidata.org/entity/P948c	 	 	 	 	http://commons.wikimedia.org/wiki/File:Raftsundet_(Lofoten)_banner_Panorama.jpg	 	 	 	 	 	1	0.57735	1	1		
0	http://www.wikidata.org/entity/P949c	 	 	 	 	974597	 	 	 	 	 	1	0.57735	1	1		
0	http://www.wikidata.org/entity/P94c	 	 	 	 	http://commons.wikimedia.org/wiki/File:Blason_Norvège.svg	 	 	 	 	 	1	0.816497	1	1		
0	http://www.wikidata.org/entity/P950c	 	 	 	 	XX451946	 	 	 	 	 	1	0.57735	1	1		
0	http://www.wikidata.org/entity/P982c	 	 	 	 	6743d351-6f37-3049-9724-5041161fff4d	 	 	 	 	 	1	0.57735	1	1		
0	http://www.wikidata.org/entity/P984c	 	 	 	 	NOR	 	 	 	 	 	1	0.57735	1	1		
0	http://www.wikidata.org/entity/P998c	 	 	 	 	Regional/Europe/Norway/	 	 	 	 	 	1	0.57735	1	1		
0	http://www.w3.org/2004/02/skos/core#prefLabel	 	 	 	 	 	Norway	 	 	 	 	1	0.57735	1	1		
0	http://yago-knowledge.org/resource/dealsWith	 	 	 	 	 	Netherlands; United Kingdom	 	 	 	 	1	0.816497	1	1		
0	http://yago-knowledge.org/resource/exports	 	 	 	 	 	wordnet chemical 114806838; wordnet fish 102512053	 	 	 	 	1	0.816497	1	1		
0	http://yago-knowledge.org/resource/hasArea	 	 	 	 	 	385178	 	 	 	 	1	0.57735	1	1		
0	http://yago-knowledge.org/resource/hasCapital	 	 	 	 	 	Oslo	 	 	 	 	1	0.57735	1	1		
0	http://yago-knowledge.org/resource/hasCitationTitle	 	 	 	 	 	Norway's Culture, Encarta; The Black Death in Norway	 	 	 	 	1	0.816497	1	1		
0	http://yago-knowledge.org/resource/hasCurrency	 	 	 	 	 	Norwegian krone	 	 	 	 	1	0.57735	1	1		
0	http://yago-knowledge.org/resource/hasEconomicGrowth	 	 	 	 	 	3.1	 	 	 	 	1	0.57735	1	1		
0	http://yago-knowledge.org/resource/hasExpenses	 	 	 	 	 	207000000000	 	 	 	 	1	0.57735	1	1		
0	http://yago-knowledge.org/resource/hasExport	 	 	 	 	 	163000000000	 	 	 	 	1	0.57735	1	1		
0	http://yago-knowledge.org/resource/hasGDP	 	 	 	 	 	516000000000	 	 	 	 	1	0.57735	1	1		
0	http://yago-knowledge.org/resource/hasGini	 	 	 	 	 	22.3	 	 	 	 	1	0.57735	1	1		
0	http://yago-knowledge.org/resource/hasImport	 	 	 	 	 	84780000000	 	 	 	 	1	0.57735	1	1		
0	http://yago-knowledge.org/resource/hasInflation	 	 	 	 	 	2.7	 	 	 	 	1	0.57735	1	1		
0	http://yago-knowledge.org/resource/hasMotto	 	 	 	 	 	Alt for Norge; Enige og tro til Dovre faller	 	 	 	 	1	0.816497	1	1		
0	http://yago-knowledge.org/resource/hasOfficialLanguage	 	 	 	 	 	Norwegian language; Saami phrasebook	 	 	 	 	1	0.816497	1	1		
0	http://yago-knowledge.org/resource/hasPopulationDensity	 	 	 	 	 	15.5	 	 	 	 	1	0.57735	1	1		
0	http://yago-knowledge.org/resource/hasRevenue	 	 	 	 	 	283000000000	 	 	 	 	1	0.57735	1	1		
0	http://yago-knowledge.org/resource/hasTLD	 	 	 	 	 	.no	 	 	 	 	1	0.57735	1	1		
0	http://yago-knowledge.org/resource/hasUnemployment	 	 	 	 	 	2012	 	 	 	 	1	0.816497	1	1		
0	http://yago-knowledge.org/resource/hasWikipediaAnchorText	 	 	 	 	 	25 Reasons Norway Is The Greatest Place On Earth; multi-party system	 	 	 	 	1	0.816497	1	1		
0	http://yago-knowledge.org/resource/hasWikipediaArticleLength	 	 	 	 	 	164060	 	 	 	 	1	0.816497	1	1		
0	http://yago-knowledge.org/resource/hasWikipediaUrl	 	 	 	 	 	http://en.wikipedia.org/wiki/Norway	 	 	 	 	1	0.57735	1	1		
0	http://yago-knowledge.org/resource/imports	 	 	 	 	 	wordnet chemical 114806838; wordnet foodstuff 107566340	 	 	 	 	1	0.816497	1	1		
0	http://yago-knowledge.org/resource/linksTo	 	 	 	 	 	1904 Summer Olympics; A Doll's House	 	 	 	 	1	0.816497	1	1		
0	http://yago-knowledge.org/resource/owns	 	 	 	 	 	European Space Agency; Norwegian Space Centre	 	 	 	 	1	0.816497	1	1		
0	http://yago-knowledge.org/resource/participatedIn	 	 	 	 	 	Battle of Drøbak Sound; Settling Accounts	 	 	 	 	1	0.816497	1	1		
0	http://yago-knowledge.org/resource/redirectedFrom	 	 	 	 	 	ISO 3166-1:NO; Kongeriket Noreg	 	 	 	 	1	0.816497	1	1		
0	http://dbpedia.org/ontology/areaCode	 	 	 	 	 	 	-779	 	 	 	1	0.57735	1	1		
0	http://dbpedia.org/ontology/elevation	 	 	 	 	 	 	745	 	 	 	1	0.57735	1	1		
0	http://dbpedia.org/ontology/leaderName	 	 	 	 	 	 	Kevin Sorenson; Wes Taylor (politician)	 	 	 	1	0.816497	1	1		
0	http://dbpedia.org/ontology/postalCode	 	 	 	 	 	 	T0B	 	 	 	1	0.57735	1	1		
0	http://dbpedia.org/ontology/utcOffset	 	 	 	 	 	 	-7	 	�?	 	2	0.816497	0.69897	1		
0	http://rdf.freebase.com/ns/base.wikipedia_infobox.settlement.area_code	 	 	 	 	 	 	 	Area code 780	 	 	1	0.57735	1	1		
0	http://rdf.freebase.com/ns/location.location.nearby_airports	 	 	 	 	 	 	 	 	 	Norway House Water Aerodrome	1	0.816497	1	1		
