score	dataset	dbpedia	freebase	yago-knowledge	dbpedia	freebase	yago-knowledge	dbpedia	freebase	dbpedia	freebase						
	entity	http://dbpedia.org/resource/Never_Let_You_Go_(Justin_Bieber_song)	http://rdf.freebase.com/ns/m.0bbvzq2	http://yago-knowledge.org/resource/Never_Let_You_Go_(Justin_Bieber_song)	http://dbpedia.org/resource/Never_Let_You_Go_(album)	http://rdf.freebase.com/ns/m.04gs_b7	http://yago-knowledge.org/resource/Never_Let_You_Go_(album)	http://dbpedia.org/resource/Never_Let_You_Go_(Dima_Bilan_song)	http://rdf.freebase.com/ns/m.0h4vpn	http://dbpedia.org/resource/Never_Let_You_Go_(Evermore_song)	http://rdf.freebase.com/ns/m.02q5fxt						
1	http://dbpedia.org/ontology/Work/runtime;http://dbpedia.org/ontology/runtime	4.4	 	 	 	 	 	3.1	 	260	 	3	0.816497	0.522879	1		
0	http://dbpedia.org/ontology/abstract	Never Let You Go is a song performed by Canadian recording artist Justin Bieber. The track was wri	 	 	Never Let You Go is a 1983 album by Rita Coolidge and was released on the A&M Records label. The alb	 	 	Never Let You Go is a pop/rock song that was performed by Dima Bilan at the 2006 Eurovision Song C	 	Never Let You Go is the fourth single by Evermore, taken from their second studio album Real Life.	 	4	0.816497	0.39794	1		
0	http://dbpedia.org/ontology/album	My World 2.0	 	 	 	 	 	 	 	Real Life (Evermore album)	 	2	0.816497	0.69897	1		
0	http://dbpedia.org/ontology/artist;http://rdf.freebase.com/ns/music.album.artist;http://dbpedia.org/ontology/musicalArtist	Justin Bieber	 	 	Rita Coolidge	Rita Coolidge	 	Dima Bilan	 	Evermore (band)	 	5	0.68313	0.30103	1		
1	http://dbpedia.org/ontology/genre;http://rdf.freebase.com/ns/music.album.genre	Contemporary R&B	 	 	Pop music	Pop music	 	Pop music	 	Alternative rock	 	5	0.57735	0.30103	1		
1	http://dbpedia.org/ontology/previousWork	Runaway Love (Justin Bieber song)	 	 	Heartbreak Radio	 	 	Not That Simple	 	Unbreakable (Evermore song)	 	4	0.816497	0.39794	1		
0	http://dbpedia.org/ontology/producer	Bryan-Michael Cox; Johntá Austin	 	 	Bernie Worrell; David Anderle	 	 	 	 	John Alagía	 	3	0.816497	0.522879	1		
0	http://dbpedia.org/ontology/recordLabel	Teen Island	 	 	A&M Records	 	 	 	 	Warner Music Australasia	 	3	0.816497	0.522879	1		
0	http://dbpedia.org/ontology/recordedIn	Atlanta, Georgia; Doppler Studios	 	 	 	 	 	 	 	 	 	1	0.816497	1	1		
2	http://dbpedia.org/ontology/releaseDate;http://yago-knowledge.org/resource/wasCreatedOnDate;http://rdf.freebase.com/ns/music.album.release_date	2010/3/2	 	2010/1/1	 	Oct-83	1983/10/1	 	 	2007/5/16	 	5	0.816497	0.30103	1		
0	http://dbpedia.org/ontology/soundRecording	http://dbpedia.org/resource/Never_Let_You_Go_(Justin_Bieber_song)__1	 	 	 	 	 	 	 	 	 	1	0.57735	1	1		
0	http://dbpedia.org/ontology/trackNumber	6	 	 	 	 	 	 	 	 	 	1	0.57735	1	1		
0	http://dbpedia.org/ontology/type	Promotional recording	 	 	 	 	 	 	 	 	 	1	0.57735	1	1		
0	http://dbpedia.org/ontology/wikiPageExternalLink	http://www.justinbiebermusic.com/	 	 	 	 	 	http://www.diggiloo.net/?2006ru	 	http://www.youtube.com/watch?v=IuLLckWSpZg	 	3	0.816497	0.522879	1		
3	http://dbpedia.org/ontology/wikiPageID;http://rdf.freebase.com/key/wikipedia.en_id	26087932	26087932	 	18608452	18608452	 	7114458	7114458	10215243	10215243	8	0.408248	0.09691	1		
0	http://dbpedia.org/ontology/wikiPageLength	11997	 	 	1990	 	 	3848	 	3795	 	4	0.816497	0.39794	1		
0	http://dbpedia.org/ontology/wikiPageOutDegree	81	 	 	34	 	 	41	 	30	 	4	0.816497	0.39794	1		
0	http://dbpedia.org/ontology/wikiPageRevisionID	743927250	 	 	703943467	 	 	649450462	 	716385696	 	4	0.816497	0.39794	1		
1	http://dbpedia.org/ontology/writer	Bryan-Michael Cox; Johntá Austin	 	 	 	 	 	Karen Kavaleryan; http://dbpedia.org/resource/Irina_Antonyan	 	Jon Hume	 	3	0.816497	0.522879	1		
0	http://purl.org/dc/terms/subject	Justin Bieber songs; Music videos directed by Colin Tilley	 	 	A&M Records albums; Albums produced by David Anderle	 	 	Dima Bilan songs; Eurovision songs of Russia	 	Evermore (band) songs; Songs written by Dann Hume	 	4	0.786796	0.39794	1		
0	http://www.w3.org/1999/02/22-rdf-syntax-ns#type;http://rdf.freebase.com/ns/music.album.release_type	CreativeWork; MusicRecording	Composition; Inanimate	wikicat Justin Bieber songs; wikicat Pop ballads	CreativeWork; musical work	Inanimate; Musical Album	wikicat A&amp;M Records albums; wikicat Rita Coolidge albums	CreativeWork; musical work	Composition; Inanimate	CreativeWork; musical work	Composition; Inanimate	10	0.400422	0	1		
3	http://www.w3.org/2000/01/rdf-schema#comment;http://rdf.freebase.com/ns/common.topic.description	Never Let You Go is a song performed by Canadian recording artist Justin Bieber. The track was wri	Never Let You Go is a song performed by Canadian recording artist Justin Bieber. The track was wri	 	Never Let You Go is a 1983 album by Rita Coolidge and was released on the A&M Records label. The alb	Never Let You Go is a 1983 album by Rita Coolidge and was released on the A&M Records label. The alb	 	Never Let You Go is a pop/rock song that was performed by Dima Bilan at the 2006 Eurovision Song C	Never Let You Go is a pop/rock song that was performed by Dima Bilan at the 2006 Eurovision Song C	Never Let You Go is the fourth single by Evermore, taken from their second studio album Real Life.	Never Let You Go is the fourth single by Evermore, taken from their second studio album Real Life.	8	0.408248	0.09691	1		
2	http://www.w3.org/2000/01/rdf-schema#label	Never Let You Go (Justin Bieber song)	Never Let You Go	Never Let You Go (Justin Bieber song)	Never Let You Go (album)	Never Let You Go	Never Let You Go (album)	Never Let You Go (Dima Bilan song)	Never Let You Go	Never Let You Go (Evermore song)	Never Let You Go	10	0.288675	0	1		
0	http://www.w3.org/2002/07/owl#sameAs	Never Let You Go	 	 	Never Let You Go	 	 	Never Let You Go	 	Never Let You Go	 	4	0.57735	0.39794	0		
0	http://www.w3.org/ns/prov#wasDerivedFrom	http://en.wikipedia.org/wiki/Never_Let_You_Go_(Justin_Bieber_song)?oldid=743927250	 	 	http://en.wikipedia.org/wiki/Never_Let_You_Go_(album)?oldid=703943467	 	 	http://en.wikipedia.org/wiki/Never_Let_You_Go_(Dima_Bilan_song)?oldid=649450462	 	http://en.wikipedia.org/wiki/Never_Let_You_Go_(Evermore_song)?oldid=716385696	 	4	0.816497	0.39794	1		
0	http://xmlns.com/foaf/0.1/homepage	http://www.justinbiebermusic.com/	 	 	 	 	 	 	 	 	 	1	0.57735	1	1		
1	http://xmlns.com/foaf/0.1/isPrimaryTopicOf;http://rdf.freebase.com/ns/common.topic.topic_equivalent_webpage	http://en.wikipedia.org/wiki/Never_Let_You_Go_(Justin_Bieber_song)	http://en.wikipedia.org/wiki/Never_Let_You_Go_(Justin_Bieber_song); http://fa.wikipedia.org/wiki/%47	 	http://en.wikipedia.org/wiki/Never_Let_You_Go_(album)	http://en.wikipedia.org/wiki/Never_Let_You_Go_(album); http://en.wikipedia.org/wiki/index.html?curid	 	http://en.wikipedia.org/wiki/Never_Let_You_Go_(Dima_Bilan_song)	http://bg.wikipedia.org/wiki/index.html?curid=137937; http://sv.wikipedia.org/wiki/Never_Let_You_Go_	http://en.wikipedia.org/wiki/Never_Let_You_Go_(Evermore_song)	http://en.wikipedia.org/wiki/Never_Let_You_Go_(Evermore_song); http://en.wikipedia.org/wiki/index.ht	8	0.745356	0.09691	1		
0	http://xmlns.com/foaf/0.1/name	Never Let You Go	 	 	Never Let You Go	 	 	Never Let You Go	 	Never Let You Go	 	4	0.57735	0.39794	1		
1	http://rdf.freebase.com/key/wikipedia.en	 	Never_Let_You_Go_(Justin_Bieber)	 	 	Never_Let_You_Go_(album)	 	 	Never_Let_You_Go_(Dima_Bilan_song)	 	Never_Let_You_Go_(Evermore_song)	4	0.816497	0.39794	1		
1	http://rdf.freebase.com/key/wikipedia.en_title	 	Never_Let_You_Go_(Justin_Bieber_song)	 	 	Never_Let_You_Go_(album)	 	 	Never_Let_You_Go_(Dima_Bilan_song)	 	Never_Let_You_Go_(Evermore_song)	4	0.816497	0.39794	1		
0	http://rdf.freebase.com/ns/common.topic.article	 	Never Let You Go is a song performed by Canadian recording artist Justin Bieber. The track was wri	 	 	Never Let You Go is a 1983 album by Rita Coolidge and was released on the A&M Records label. The alb	 	 	Never Let You Go is a pop/rock song that was performed by Dima Bilan at the 2006 Eurovision Song C	 	Never Let You Go is the fourth single by Evermore, taken from their second studio album Real Life.	4	0.816497	0.39794	1		
0	http://rdf.freebase.com/ns/common.topic.notable_for	 	Composition	 	 	Pop Album	 	 	Composition	 	Composition	4	0.408248	0.39794	1		
0	http://rdf.freebase.com/ns/common.topic.notable_types	 	Composition	 	 	Musical Album	 	 	Composition	 	Composition	4	0.408248	0.39794	1		
0	http://rdf.freebase.com/ns/kg.object_profile.prominent_type	 	Composition	 	 	Musical Album	 	 	Composition	 	Composition	4	0.408248	0.39794	1		
0	http://rdf.freebase.com/ns/music.composition.composer	 	Bryan-Michael Cox; Johntá Austin	 	 	 	 	 	Karen Kavaleryan	 	Jon Hume	3	0.816497	0.522879	1		
0	http://rdf.freebase.com/ns/music.composition.lyricist	 	Bryan-Michael Cox; Johntá Austin	 	 	 	 	 	Karen Kavaleryan	 	 	2	0.816497	0.69897	1		
0	http://rdf.freebase.com/ns/music.composition.recordings	 	Never Let You Go	 	 	 	 	 	Never Let You Go (Russia)	 	Never Let You Go	3	0.288675	0.522879	1		
0	http://rdf.freebase.com/ns/type.object.key	 	/wikipedia/en_id/26087932; /wikipedia/fa_title/هرگز_نمی‌زارم_بری	 	 	/wikipedia/en_id/18608452; /wikipedia/en_title/Never_Let_You_Go_(album)	 	 	/wikipedia/bg_id/137937; /wikipedia/en_id/7114458	 	/wikipedia/en_id/10215243; /wikipedia/es_title/Never_Let_You_Go_(canción_de_Evermore)	4	0.816497	0.39794	1		
0	http://rdf.freebase.com/ns/type.object.name	 	Never Let You Go	 	 	Never Let You Go	 	 	Never Let You Go	 	Never Let You Go	4	0.57735	0.39794	1		
0	http://rdf.freebase.com/ns/type.object.type	 	Composition; Inanimate	 	 	Inanimate; Musical Album	 	 	Composition; Inanimate	 	Composition; Inanimate	4	0.182574	0.39794	1		
0	http://www.w3.org/2004/02/skos/core#prefLabel	 	 	Never Let You Go (Justin Bieber song)	 	 	Never Let You Go (album)	 	 	 	 	2	0.816497	0.69897	1		
0	http://yago-knowledge.org/resource/hasCitationTitle	 	 	ARIA Chartifacts; Ask Billboard: Records About Records	 	 	 	 	 	 	 	1	0.816497	1	1		
0	http://yago-knowledge.org/resource/hasWikipediaAnchorText	 	 	Runaway Love; 2010 Haiti earthquake	 	 	A&M Records; All Time High	 	 	 	 	2	0.816497	0.69897	1		
0	http://yago-knowledge.org/resource/redirectedFrom	 	 	Never Let You Go (Justin Bieber)	 	 	 	 	 	 	 	1	0.57735	1	1		
0	http://dbpedia.org/ontology/subsequentWork	 	 	 	Inside the Fire (Rita Coolidge album)	 	 	 	 	Between the Lines (Evermore song)	 	2	0.816497	0.69897	1		
0	http://yago-knowledge.org/resource/hasWikipediaArticleLength	 	 	 	 	 	2092	 	 	 	 	1	0.57735	1	1		
0	http://yago-knowledge.org/resource/hasWikipediaUrl	 	 	 	 	 	http://en.wikipedia.org/wiki/Never_Let_You_Go_%28album%29	 	 	 	 	1	0.57735	1	1		
0	http://yago-knowledge.org/resource/linksTo	 	 	 	 	 	All Time High; Bernie Worrell	 	 	 	 	1	0.816497	1	1		
0	http://dbpedia.org/ontology/format	 	 	 	 	 	 	CD	 	Music download	 	2	0.816497	0.69897	1		
0	http://dbpedia.org/ontology/musicalBand	 	 	 	 	 	 	Dima Bilan	 	Evermore (band)	 	2	0.816497	0.69897	1		
0	http://rdf.freebase.com/ns/music.composition.language	 	 	 	 	 	 	 	English Language	 	 	1	0.57735	1	1		
