score	dataset	dbpedia	freebase	yago-knowledge	dbpedia	freebase	dbpedia	freebase	yago-knowledge	dbpedia	freebase						
	entity	http://dbpedia.org/resource/Mike_Turner	http://rdf.freebase.com/ns/m.03440l	http://yago-knowledge.org/resource/Mike_Turner	http://dbpedia.org/resource/Mick_Turner	http://rdf.freebase.com/ns/m.01nyt_h	http://dbpedia.org/resource/Mike_Turner_(Tennessee_politician)	http://rdf.freebase.com/ns/m.0gvt9x3	http://yago-knowledge.org/resource/Mike_Turner_(Tennessee_politician)	http://dbpedia.org/resource/Mike_Turner_(Oklahoma_politician)	http://rdf.freebase.com/ns/m.0sgh8dq						
0	http://dbpedia.org/ontology/abstract	"Michael R. ""Mike"" Turner (born January 11, 1960) is the U.S. Representative for Ohio's 10th congress"	 	 	"Michael Jonathan ""Mick"" Turner (born 1960) is an Australian musician and artist. He is the founding "	 	Mike Turner (born February 6, 1955) is a Tennessee politician who sat in the Tennessee House of Repr	 	 	Mike Turner (born March 17, 1987) is a Republican politician from the U.S. state of Oklahoma. Turner	 	4	0.816497	0.39794	1		
1	http://dbpedia.org/ontology/almaMater;http://rdf.freebase.com/ns/people.person.education;http://yago-knowledge.org/resource/graduatedFrom	Case Western Reserve University School of Law; Ohio Northern University	Belmont High School; Case Western Reserve University	Case Western Reserve University; Ohio Northern University	 	 	Middle Tennessee State University	Middle Tennessee State University	 	 	 	5	0.408248	0.30103	1		
3	http://dbpedia.org/ontology/birthDate;http://rdf.freebase.com/ns/people.person.date_of_birth;http://yago-knowledge.org/resource/wasBornOnDate	1960/1/11	1960/1/11	1960/1/11	1960/1/1	1960	1955/2/6	1955/2/6	1955/1/1	1987/3/17	1987/3/17	10	0.408248	0	1		
1	http://dbpedia.org/ontology/birthPlace;http://rdf.freebase.com/ns/people.person.place_of_birth;http://yago-knowledge.org/resource/wasBornIn	Dayton, Ohio; United States	Dayton	Dayton, Ohio	Melbourne	Melbourne	 	 	 	 	 	5	0.617213	0.30103	1		
0	http://dbpedia.org/ontology/office	53rdMayor of Dayton; President of theNATO Parliamentary Assembly	 	 	 	 	 	 	 	 	 	1	0.816497	1	1		
1	http://dbpedia.org/ontology/party;http://rdf.freebase.com/ns/government.politician.party;http://yago-knowledge.org/resource/isAffiliatedTo	Republican Party (United States)	Republican Party	Republican Party (United States)	 	 	Democratic Party (United States)	Democratic Party	 	Republican (United States)	Republican Party	7	0.617213	0.154902	1		
0	http://dbpedia.org/ontology/predecessor	Clay Dixon; Dennis Kucinich	 	 	 	 	 	 	 	 	 	1	0.816497	1	1		
0	http://dbpedia.org/ontology/region	Ohio	 	 	 	 	 	 	 	 	 	1	0.57735	1	1		
0	http://dbpedia.org/ontology/religion;http://rdf.freebase.com/ns/people.person.religion	Presbyterianism	Presbyterianism	 	 	 	Methodist	 	 	 	 	3	0.57735	0.522879	1		
0	http://dbpedia.org/ontology/successor	Joyce Beatty; Rhine McLin	 	 	 	 	 	 	 	 	 	1	0.816497	1	1		
0	http://dbpedia.org/ontology/termPeriod	http://dbpedia.org/resource/Mike_Turner__1	 	 	 	 	 	 	 	 	 	1	0.816497	1	1		
0	http://dbpedia.org/ontology/thumbnail	http://commons.wikimedia.org/wiki/Special:FilePath/Congressman_Mike_Turner.jpg?width=300	 	 	http://commons.wikimedia.org/wiki/Special:FilePath/Mick_Turner_of_the_Dirty_Three.jpg?width=300	 	 	 	 	http://commons.wikimedia.org/wiki/Special:FilePath/Mike_Turner_spring_14.jpg?width=300	 	3	0.816497	0.522879	1		
0	http://dbpedia.org/ontology/wikiPageExternalLink	http://thehill.com/resources/lawmaker-ratings/82905-rep-michael-turner-r-ohio%20; http://turner.hous	 	 	http://scheduletwo.com/video/mick-turner; http://www.jessicabilley.com/	 	http://blogs.knoxnews.com/humphrey/2013/04/mike-turner-on-end-of-legislat.html; http://www.repmiketu	 	 	 	 	3	0.816497	0.522879	1		
3	http://dbpedia.org/ontology/wikiPageID;http://rdf.freebase.com/key/wikipedia.en_id	703501	703501	 	3671276	3671276	31908185	31908185	 	39001940	39001940	8	0.408248	0.09691	1		
0	http://dbpedia.org/ontology/wikiPageLength	30794	 	 	24682	 	3018	 	 	5157	 	4	0.816497	0.39794	1		
0	http://dbpedia.org/ontology/wikiPageOutDegree	137	 	 	63	 	17	 	 	34	 	4	0.816497	0.39794	1		
0	http://dbpedia.org/ontology/wikiPageRevisionID	738798333	 	 	738190077	 	720050708	 	 	743589382	 	4	0.816497	0.39794	1		
0	http://purl.org/dc/terms/description	Ohio politician	 	 	Australian musician and artist	 	American politician	 	 	 	 	3	0.816497	0.522879	1		
0	http://purl.org/dc/terms/subject	Case Western Reserve University alumni; Ohio Northern University alumni	 	 	1960 births; Australian artists	 	1955 births; Living people	 	 	1987 births; Oklahoma Republicans	 	4	0.701964	0.39794	1		
0	http://www.w3.org/1999/02/22-rdf-syntax-ns#type	Natural person; office holder	Government position held extra; Physically Instantiable	wikicat American lawyers; wordnet owner 110389398	Natural person; musical artist	Film music contributor; Person or entity appearing in film	Natural person; office holder	Physically Instantiable	wikicat Living people; wordnet leader 109623038	Natural person; politician	Physically Instantiable	10	0.390618	0	1		
3	http://www.w3.org/2000/01/rdf-schema#comment;http://rdf.freebase.com/ns/common.topic.description	"Michael R. ""Mike"" Turner (born January 11, 1960) is the U.S. Representative for Ohio's 10th congress"	"Michael R. ""Mike"" Turner is the U.S. Representative for Ohio's 10th congressional district, serving "	 	"Michael Jonathan ""Mick"" Turner (born 1960) is an Australian musician and artist. He is the founding "	Mick Turner is an Australian musician and artist, best known as the guitarist for Dirty Three and fo	Mike Turner (born February 6, 1955) is a Tennessee politician who sat in the Tennessee House of Repr	Mike Turner is a Tennessee politician who sat in the Tennessee House of Representatives representing	 	Mike Turner (born March 17, 1987) is a Republican politician from the U.S. state of Oklahoma. Turner	Mike Turner is a Republican politician from the U.S. state of Oklahoma. He currently serves in the O	8	0.816497	0.09691	1		
3	http://www.w3.org/2000/01/rdf-schema#label	Mike Turner	Mike Turner	Mike Turner	Mick Turner	Mick Turner	Mike Turner (Tennessee politician)	Mike Turner	Mike Turner (Tennessee politician)	Mike Turner (Oklahoma politician)	Mike Turner	10	0.160128	0	1		
0	http://www.w3.org/2000/01/rdf-schema#seeAlso	United States House of Representatives elections	 	 	 	 	 	 	 	 	 	1	0.816497	1	1		
0	http://www.w3.org/2002/07/owl#sameAs	Mike Turner	 	 	Mick Turner	 	Mike Turner	 	 	Mike Turner	 	4	0.408248	0.39794	0		
0	http://www.w3.org/ns/prov#wasDerivedFrom	http://en.wikipedia.org/wiki/Mike_Turner?oldid=738798333	 	 	http://en.wikipedia.org/wiki/Mick_Turner?oldid=738190077	 	http://en.wikipedia.org/wiki/Mike_Turner_(Tennessee_politician)?oldid=720050708	 	 	http://en.wikipedia.org/wiki/Mike_Turner_(Oklahoma_politician)?oldid=743589382	 	4	0.816497	0.39794	1		
0	http://xmlns.com/foaf/0.1/depiction	http://commons.wikimedia.org/wiki/Special:FilePath/Congressman_Mike_Turner.jpg	 	 	http://commons.wikimedia.org/wiki/Special:FilePath/Mick_Turner_of_the_Dirty_Three.jpg	 	 	 	 	http://commons.wikimedia.org/wiki/Special:FilePath/Mike_Turner_spring_14.jpg	 	3	0.816497	0.522879	1		
0	http://xmlns.com/foaf/0.1/gender;http://rdf.freebase.com/ns/people.person.gender;http://yago-knowledge.org/resource/hasGender	male	male	male	male	male	male	male	male	male	male	10	0.57735	0	1		
0	http://xmlns.com/foaf/0.1/givenName;http://yago-knowledge.org/resource/hasGivenName	Mike	 	Mike	Michael Jonathan Turner	 	Mike	 	Mike	Mike	 	6	0.308607	0.221849	1		
1	http://xmlns.com/foaf/0.1/homepage;http://rdf.freebase.com/ns/common.topic.official_website	http://turner.house.gov/	 	 	http://mickturner.com	http://mickturner.com/	 	 	 	 	 	3	0.816497	0.522879	1		
1	http://xmlns.com/foaf/0.1/isPrimaryTopicOf;http://rdf.freebase.com/ns/common.topic.topic_equivalent_webpage	http://en.wikipedia.org/wiki/Mike_Turner	http://bioguide.congress.gov/scripts/biodisplay.pl?index=T000463; http://fa.wikipedia.org/wiki/%45%2	 	http://en.wikipedia.org/wiki/Mick_Turner	http://en.wikipedia.org/wiki/Mick_Turner; http://www.discogs.com/artist/Marquis+De+Tren%252C+The	http://en.wikipedia.org/wiki/Mike_Turner_(Tennessee_politician)	http://en.wikipedia.org/wiki/Mike_Turner_(Tennessee_politician)	 	http://en.wikipedia.org/wiki/Mike_Turner_(Oklahoma_politician)	http://en.wikipedia.org/wiki/Mike_Turner_(Oklahoma_politician)	8	0.747368	0.09691	1		
0	http://xmlns.com/foaf/0.1/name	Mike Turner	 	 	Mick Turner	 	Mike Turner	 	 	Mike Turner	 	4	0.408248	0.39794	1		
0	http://xmlns.com/foaf/0.1/surname;http://yago-knowledge.org/resource/hasFamilyName	Turner	 	Turner	Turner	 	Turner	 	Turner	Turner	 	6	0.57735	0.221849	1		
0	http://rdf.freebase.com/key/authority.daylife.topic	 	0b009xG91Ye0S	 	 	 	 	 	 	 	 	1	0.57735	1	1		
0	http://rdf.freebase.com/key/authority.imdb.name;http://rdf.freebase.com/ns/imdb.topic.name_id	 	nm5477363	 	 	 	 	 	 	 	 	1	0.57735	1	1		
0	http://rdf.freebase.com/key/base.uspolitician.thomas_id;http://rdf.freebase.com/ns/government.u_s_congressperson.thomas_id	 	T000463	 	 	 	 	 	 	 	 	1	0.57735	1	1		
0	http://rdf.freebase.com/key/en	 	mike_turner	 	 	the_marquis_de_tren_and_bonny_billy	 	 	 	 	 	2	0.816497	0.69897	1		
0	http://rdf.freebase.com/key/source.videosurf	 	115623	 	 	 	 	 	 	 	 	1	0.57735	1	1		
1	http://rdf.freebase.com/key/wikipedia.en	 	Michael_R._(Mike)_Turner	 	 	Bonnevill; Mick_Turner	 	Mike_Turner_(Tennessee_politician)	 	 	Mike_Turner_(Oklahoma_politician)	4	0.816497	0.39794	1		
1	http://rdf.freebase.com/key/wikipedia.en_title	 	Mike_Turner	 	 	Mick_Turner	 	Mike_Turner_(Tennessee_politician)	 	 	Mike_Turner_(Oklahoma_politician)	4	0.816497	0.39794	1		
0	http://rdf.freebase.com/ns/base.schemastaging.government_position_held_extra.politician_web_contact	 	http://turner.house.gov/contact/	 	 	 	 	 	 	 	 	1	0.57735	1	1		
0	http://rdf.freebase.com/ns/common.identity.daylife_topic	 	0b009xG91Ye0S	 	 	 	 	 	 	 	 	1	0.57735	1	1		
0	http://rdf.freebase.com/ns/common.topic.alias	 	"Michael R. ""Mike"" Turner"	 	 	The Marquis de Tren; Turner, Mick	 	 	 	 	 	2	0.816497	0.69897	1		
0	http://rdf.freebase.com/ns/common.topic.article	 	"Michael R. ""Mike"" Turner (born January 11, 1960) is the U.S. Representative for Ohio's 3rd congressi"	 	 	Mick Turner is an Australian musician and artist, best known as the guitarist for Dirty Three and fo	 	Mike Turner is a Tennessee politician who currently sits in the Tennessee House of Representatives r	 	 	http://rdf.freebase.com/ns/m.0sgh8dt	4	0.816497	0.39794	1		
0	http://rdf.freebase.com/ns/common.topic.image	 	Mike Turner	 	 	 	 	 	 	 	 	1	0.57735	1	1		
0	http://rdf.freebase.com/ns/common.topic.notable_for	 	U.S. Congressperson	 	 	Music Composer	 	Firefighter	 	 	Politician	4	0.816497	0.39794	1		
0	http://rdf.freebase.com/ns/common.topic.notable_types	 	U.S. Congressperson	 	 	Composer	 	Person	 	 	Politician	4	0.816497	0.39794	1		
0	http://rdf.freebase.com/ns/common.topic.topical_webpage	 	http://turner.house.gov/	 	 	 	 	 	 	 	 	1	0.57735	1	1		
0	http://rdf.freebase.com/ns/common.topic.webpage	 	U.S. House of Rep., Mike Turner	 	 	http://rdf.freebase.com/ns/m.0n9zz9_	 	 	 	 	 	2	0.816497	0.69897	1		
0	http://rdf.freebase.com/ns/dataworld.gardening_hint.split_to	 	Mike Turner	 	 	 	 	 	 	 	 	1	0.57735	1	1		
0	http://rdf.freebase.com/ns/film.person_or_entity_appearing_in_film.films	 	The Invisible War	 	 	http://rdf.freebase.com/ns/m.0js58pm	 	 	 	 	 	2	0.816497	0.69897	1		
0	http://rdf.freebase.com/ns/freebase.valuenotation.has_value	 	Parents	 	 	 	 	 	 	 	 	1	0.57735	1	1		
0	http://rdf.freebase.com/ns/freebase.valuenotation.is_reviewed	 	Country of nationality; Date of birth	 	 	 	 	 	 	 	 	1	0.816497	1	1		
0	http://rdf.freebase.com/ns/government.politician.government_positions_held	 	United States House of Representatives	 	 	 	 	 	 	 	Oklahoma House of Representatives	2	0.57735	0.69897	1		
0	http://rdf.freebase.com/ns/kg.object_profile.prominent_type	 	U.S. Congressperson	 	 	Composer	 	Person	 	 	Politician	4	0.816497	0.39794	1		
0	http://rdf.freebase.com/ns/people.person.children;http://yago-knowledge.org/resource/hasChild	 	Carolyn Turner	Joyce Beatty	 	 	 	 	 	 	 	2	0.816497	0.69897	1		
0	http://rdf.freebase.com/ns/people.person.nationality	 	United States of America	 	 	 	 	 	 	 	United States of America	2	0.57735	0.69897	1		
0	http://rdf.freebase.com/ns/people.person.places_lived;http://yago-knowledge.org/resource/livesIn	 	Centerville; Middletown	Dayton, Ohio	 	 	 	Old Hickory	 	 	 	3	0.816497	0.522879	1		
2	http://rdf.freebase.com/ns/people.person.profession;http://dbpedia.org/ontology/occupation	 	Politician	 	Visual arts	Guitarist	Firefighter	Firefighter	 	 	Politician	6	0.617213	0.221849	1		
0	http://rdf.freebase.com/ns/people.person.spouse_s	 	Lori Turner	 	 	 	 	 	 	 	 	1	0.57735	1	1		
0	http://rdf.freebase.com/ns/type.object.key	 	/authority/daylife/topic/0b009xG91Ye0S; /authority/imdb/name/nm5477363	 	 	/authority/discogs/artist/Marquis+De+Tren%2C+The; /en/the_marquis_de_tren_and_bonny_billy	 	/wikipedia/en_id/31908185; /wikipedia/en_title/Mike_Turner_(Tennessee_politician)	 	 	/wikipedia/en_id/39001940; /wikipedia/en_title/Mike_Turner_(Oklahoma_politician)	4	0.816497	0.39794	1		
0	http://rdf.freebase.com/ns/type.object.name	 	Mike Turner	 	 	Mick Turner	 	Mike Turner	 	 	Mike Turner	4	0.408248	0.39794	1		
0	http://rdf.freebase.com/ns/type.object.type	 	Government position held extra; Physically Instantiable	 	 	Film music contributor; Person or entity appearing in film	 	Physically Instantiable	 	 	Physically Instantiable	4	0.391348	0.39794	1		
0	http://rdf.freebase.com/ns/user.robert.default_domain.daylife.hero_image_id	 	0faC13c4lie44	 	 	 	 	 	 	 	 	1	0.57735	1	1		
0	http://rdf.freebase.com/ns/user.robert.us_congress.us_representative.committee_memberships	 	House Committee on Armed Services; House Committee on Oversight and Government Reform	 	 	 	 	 	 	 	 	1	0.816497	1	1		
0	http://rdf.freebase.com/ns/user.robert.us_congress.us_representative.congressional_caucus_memberships	 	Congressional Caucus to Fight and Control Methamphetamine; Republican Study Committee	 	 	 	 	 	 	 	 	1	0.816497	1	1		
0	http://rdf.freebase.com/ns/user.robert.us_congress.us_representative.district	 	Ohio's 3rd congressional district	 	 	 	 	 	 	 	 	1	0.57735	1	1		
0	http://rdf.freebase.com/ns/user.robert.us_congress.us_representative.district_number	 	3	 	 	 	 	 	 	 	 	1	0.57735	1	1		
0	http://rdf.freebase.com/ns/user.robert.us_congress.us_representative.state	 	Ohio	 	 	 	 	 	 	 	 	1	0.57735	1	1		
0	http://www.w3.org/2004/02/skos/core#prefLabel	 	 	Mike Turner	 	 	 	 	Mike Turner (Tennessee politician)	 	 	2	0.816497	0.69897	1		
0	http://yago-knowledge.org/resource/hasCitationTitle	 	 	Austria, Turner file for same seat; Overview of Preserve America	 	 	 	 	 	 	 	1	0.816497	1	1		
0	http://yago-knowledge.org/resource/hasWikipediaAnchorText	 	 	GOP plans East Coast missile defense shield to counter Iran.; Advocacy group ratings	 	 	 	 	Davidson County; Firefighter	 	 	2	0.81091	0.69897	1		
0	http://yago-knowledge.org/resource/hasWikipediaArticleLength	 	 	29505	 	 	 	 	 	 	 	1	0.57735	1	1		
0	http://yago-knowledge.org/resource/hasWikipediaUrl	 	 	http://en.wikipedia.org/wiki/Mike_Turner	 	 	 	 	 	 	 	1	0.57735	1	1		
0	http://yago-knowledge.org/resource/linksTo	 	 	Bachelor of Arts; Chris Van Hollen	 	 	 	 	 	 	 	1	0.816497	1	1		
0	http://yago-knowledge.org/resource/redirectedFrom	 	 	Michael R. (Mike) Turner	 	 	 	 	 	 	 	1	0.816497	1	1		
0	http://dbpedia.org/ontology/activeYearsStartYear	 	 	 	1979	 	 	 	 	 	 	1	0.57735	1	1		
0	http://dbpedia.org/ontology/alias	 	 	 	Mick Sick	 	 	 	 	 	 	1	0.57735	1	1		
0	http://dbpedia.org/ontology/associatedBand	 	 	 	Dirty Three; The Moodists	 	 	 	 	 	 	1	0.816497	1	1		
0	http://dbpedia.org/ontology/associatedMusicalArtist	 	 	 	Dirty Three; The Moodists	 	 	 	 	 	 	1	0.816497	1	1		
0	http://dbpedia.org/ontology/background	 	 	 	non_vocal_instrumentalist	 	 	 	 	 	 	1	0.57735	1	1		
0	http://dbpedia.org/ontology/recordLabel	 	 	 	Drag City (record label)	 	 	 	 	 	 	1	0.57735	1	1		
0	http://rdf.freebase.com/key/authority.discogs.artist	 	 	 	 	Marquis+De+Tren%2C+The	 	 	 	 	 	1	0.816497	1	1		
0	http://rdf.freebase.com/key/authority.musicbrainz	 	 	 	 	11b42351-a41f-4e41-a807-5e45b58c47a6; e7e982ca-5ac5-442f-ae49-ba94fbbdd2ae	 	 	 	 	 	1	0.816497	1	1		
0	http://rdf.freebase.com/key/authority.musicbrainz.artist	 	 	 	 	11b42351-a41f-4e41-a807-5e45b58c47a6; fa40d389-1fd7-4f63-8498-0c8487109663	 	 	 	 	 	1	0.816497	1	1		
0	http://rdf.freebase.com/key/authority.rovi.music.artist	 	 	 	 	mn0000889002	 	 	 	 	 	1	0.57735	1	1		
0	http://rdf.freebase.com/ns/film.music_contributor.film	 	 	 	 	Shit Year	 	 	 	 	 	1	0.57735	1	1		
0	http://rdf.freebase.com/ns/music.artist.album	 	 	 	 	Don't Tell the Driver; Get the Fuck On Jolly Live	 	 	 	 	 	1	0.816497	1	1		
0	http://rdf.freebase.com/ns/music.artist.contribution	 	 	 	 	Moon Pix	 	 	 	 	 	1	0.57735	1	1		
0	http://rdf.freebase.com/ns/music.artist.track	 	 	 	 	Beautiful Hairy Cow; Borracho Sol II	 	 	 	 	 	1	0.762601	1	1		
0	http://rdf.freebase.com/ns/music.composer.compositions	 	 	 	 	Enough Legs to Live On	 	 	 	 	 	1	0.57735	1	1		
0	http://rdf.freebase.com/ns/music.group_member.membership	 	 	 	 	Boxhead Ensemble; Sick Things	 	 	 	 	 	1	0.73598	1	1		
0	http://dbpedia.org/ontology/residence	 	 	 	 	 	Old Hickory, Tennessee	 	 	 	 	1	0.57735	1	1		
0	http://dbpedia.org/ontology/orderInOffice	 	 	 	 	 	 	 	 	Oklahoma House of Representatives	 	1	0.57735	1	1		
