score	dataset	dbpedia	freebase	yago-knowledge	sw.opencyc	dbpedia	freebase	dbpedia	freebase	dbpedia	freebase						
	entity	http://dbpedia.org/resource/Joe_Biden	http://rdf.freebase.com/ns/m.012gx2	http://yago-knowledge.org/resource/Joe_Biden	http://sw.opencyc.org/concept/Mx4rFhq4fF9wEd-AZgAhm0kILA	http://dbpedia.org/resource/Beau_Biden	http://rdf.freebase.com/ns/m.026vs7_	http://dbpedia.org/resource/Hunter_Biden	http://rdf.freebase.com/ns/m.04jknwl	http://dbpedia.org/resource/Jill_Biden	http://rdf.freebase.com/ns/m.04jd87h						
0	http://dbpedia.org/ontology/abstract	"Joseph Robinette ""Joe"" Biden Jr. (/ˈdʒoʊsᵻf rɒbᵻˈnɛt ˈbaɪdən/; born November 20, 1942) is the 47th a"	 	 	 	"Joseph Robinette ""Beau"" Biden III (February 3, 1969 �?May 30, 2015) was an American attorney, office"	 	Robert Hunter Biden (born February 4, 1970) is an American lawyer and businessman. The second son fr	 	Jill Tracy Biden (née Jacobs, previously Stevenson; born June 5, 1951) is an American educator who i	 	4	0.816497	0.39794	1		
2	http://dbpedia.org/ontology/almaMater;http://rdf.freebase.com/ns/people.person.education;http://yago-knowledge.org/resource/graduatedFrom	Syracuse University College of Law	Archmere Academy; Syracuse University College of Law	Syracuse University; University of Delaware	 	Syracuse University College of Law; University of Pennsylvania	Archmere Academy; Syracuse University College of Law	Georgetown University; Yale Law School	Georgetown University; Yale Law School	University of Delaware; Villanova University	Villanova University; West Chester University of Pennsylvania	9	0.288675	0.045757	1		
3	http://dbpedia.org/ontology/birthDate;http://rdf.freebase.com/ns/people.person.date_of_birth;http://yago-knowledge.org/resource/wasBornOnDate;http://dbpedia.org/ontology/birthYear	1942/11/20	1942/11/20	1942/11/20	 	1969/2/3	1969/2/3	1970/2/4	1970/2/4	1951/6/3	1951/6/3	9	0.358057	0.045757	1		
3	http://dbpedia.org/ontology/birthPlace;http://rdf.freebase.com/ns/people.person.place_of_birth;http://yago-knowledge.org/resource/wasBornIn	Scranton, Pennsylvania	Scranton	Scranton, Pennsylvania	 	Wilmington, Delaware	Wilmington	Wilmington, Delaware	Wilmington	Hammonton, New Jersey; United States	Hammonton	9	0.627646	0.045757	1		
3	http://dbpedia.org/ontology/child;http://rdf.freebase.com/ns/people.person.children;http://yago-knowledge.org/resource/hasChild	Beau Biden	Beau Biden	Beau Biden; Ted Kaufman	 	Hunter Biden	Hunter Biden	 	Finnegan Biden	Beau Biden	Ashley Biden	8	0.333333	0.09691	1		
0	http://dbpedia.org/ontology/office	47th Vice President of the United States; Chair of theSenate Judiciary Committee	 	 	 	44thAttorney General of Delaware	 	 	 	Second Lady of the United States	 	3	0.816497	0.522879	1		
1	http://dbpedia.org/ontology/party;http://rdf.freebase.com/ns/government.politician.party;http://yago-knowledge.org/resource/isAffiliatedTo	Democratic Party (United States)	Democratic Party	Democratic Party (United States)	 	Democratic Party (United States)	Democratic Party	Democratic Party (United States)	 	Democratic Party (United States)	Democratic Party	8	0.288675	0.09691	1		
0	http://dbpedia.org/ontology/predecessor	Chuck Grassley; Dick Cheney	 	 	 	Carl Danberg	 	 	 	Lynne Cheney	 	3	0.816497	0.522879	1		
0	http://dbpedia.org/ontology/president	Barack Obama	 	 	 	 	 	 	 	Barack Obama	 	2	0.57735	0.69897	1		
0	http://dbpedia.org/ontology/region	Delaware	 	 	 	 	 	 	 	 	 	1	0.57735	1	1		
0	http://dbpedia.org/ontology/religion;http://rdf.freebase.com/ns/people.person.religion	Roman Catholicism	Catholicism	 	 	Catholic Church	Catholicism	Roman Catholic	Catholicism	Catholic Church	Catholicism	8	0.408248	0.09691	1		
0	http://dbpedia.org/ontology/residence	Number One Observatory Circle	 	 	 	 	 	 	 	 	 	1	0.57735	1	1		
0	http://dbpedia.org/ontology/seniority	United States Senator	 	 	 	 	 	 	 	 	 	1	0.57735	1	1		
0	http://dbpedia.org/ontology/signature	Joe Biden Signature.svg	 	 	 	 	 	 	 	Jill Biden Signature.svg	 	2	0.816497	0.69897	1		
1	http://dbpedia.org/ontology/spouse;http://yago-knowledge.org/resource/isMarriedTo	Jill Biden; United States Senate elections, 1972	 	Jill Biden	 	 	 	 	 	Joe Biden	 	3	0.645497	0.522879	1		
0	http://dbpedia.org/ontology/successor	Dianne Feinstein; Jesse Helms	 	 	 	Matthew Denn	 	 	 	 	 	2	0.816497	0.69897	1		
0	http://dbpedia.org/ontology/termPeriod	http://dbpedia.org/resource/Joe_Biden__1	 	 	 	http://dbpedia.org/resource/Beau_Biden__1	 	 	 	http://dbpedia.org/resource/Jill_Biden__1	 	3	0.816497	0.522879	1		
0	http://dbpedia.org/ontology/thumbnail	http://commons.wikimedia.org/wiki/Special:FilePath/Official_portrait_of_Vice_President_Joe_Biden.jpg	 	 	 	http://commons.wikimedia.org/wiki/Special:FilePath/Beau_Biden_2013_(cropped).jpg?width=300	 	 	 	http://commons.wikimedia.org/wiki/Special:FilePath/Jill_Biden_official_portrait_2.jpg?width=300	 	3	0.816497	0.522879	1		
0	http://dbpedia.org/ontology/wikiPageExternalLink	http://frwebgate.access.gpo.gov/cgi-bin/getdoc.cgi?dbname=107_senate_hearings&docid=f:75011.pdf; htt	 	 	 	https://www.c-span.org/video/?326426-1/funeral-mass-beau-biden; https://www.facebook.com/BeauBidenMe	 	https://www.youtube.com/watch?v=7qlxokQRoN0&feature=c4-overview&list=UUJOjpb19OmhMHrfYQGmJ3TQ	 	http://www.bidenbreasthealthinitiative.org/; http://www.whitehouse.gov/joiningforces	 	4	0.816497	0.39794	1		
3	http://dbpedia.org/ontology/wikiPageID;http://rdf.freebase.com/key/wikipedia.en_id	145422	145422	 	 	8194931	8194931	19026387	19026387	18992270	18992270	8	0.408248	0.09691	1		
0	http://dbpedia.org/ontology/wikiPageLength	204477	 	 	 	25530	 	34588	 	38990	 	4	0.816497	0.39794	1		
0	http://dbpedia.org/ontology/wikiPageOutDegree	686	 	 	 	119	 	122	 	134	 	4	0.816497	0.39794	1		
0	http://dbpedia.org/ontology/wikiPageRevisionID	743646031	 	 	 	742500890	 	738902014	 	738900541	 	4	0.816497	0.39794	1		
0	http://purl.org/dc/terms/description	47th Vice President of the United States	 	 	 	lawyer, politician; son of U.S. Vice President Joe Biden	 	Son of U.S.A. vice president Joe Biden	 	American educator and academic; Second Lady of the United States	 	4	0.816497	0.39794	1		
0	http://purl.org/dc/terms/subject	20th-century American politicians; 21st-century American writers	 	 	 	1969 births; American Roman Catholics	 	1970 births; Biden family	 	1951 births; University of Delaware alumni	 	4	0.695514	0.39794	1		
0	http://www.w3.org/1999/02/22-rdf-syntax-ns#type	Natural person; office holder	American football player; Convention Speaker	wikicat 21st-century American writers; yagoLegalActorGeo	public official	military person; office holder	Deceased Person; Film crewmember	Natural person	Organization leader; Physically Instantiable	Natural person; office holder	Physically Instantiable	10	0.509393	0	1		
3	http://www.w3.org/2000/01/rdf-schema#comment;http://rdf.freebase.com/ns/common.topic.description	"Joseph Robinette ""Joe"" Biden Jr. (/ˈdʒoʊsᵻf rɒbᵻˈnɛt ˈbaɪdən/; born November 20, 1942) is the 47th a"	"Joseph Robinette ""Joe"" Biden, Jr. is the 47th and current Vice President of the United States, joint"	 	 	"Joseph Robinette ""Beau"" Biden III (February 3, 1969 �?May 30, 2015) was an American attorney, office"	"Joseph Robinette ""Beau"" Biden III was an American attorney, an officer in the Army Judge Advocate Ge"	Robert Hunter Biden (born February 4, 1970) is an American lawyer and businessman. The second son fr	Robert Hunter Biden is an American lawyer and businessman. The second son and sole surviving child f	Jill Tracy Biden (née Jacobs, previously Stevenson; born June 5, 1951) is an American educator who i	Jill Tracy Biden is an American educator who is married to the 47th and current Vice President of th	8	0.816497	0.09691	1		
2	http://www.w3.org/2000/01/rdf-schema#label;http://sw.cyc.com/CycAnnotations_v1#label	Joe Biden	Joe Biden	Joe Biden	BeauBiden-ThePublicOfficial	Beau Biden	Beau Biden	Hunter Biden	Hunter Biden	Jill Biden	Jill Biden	10	0.358057	0	1		
0	http://www.w3.org/2002/07/owl#sameAs	Joe Biden	 	 	http://sw.cyc.com/concept/Mx4rFhq4fF9wEd-AZgAhm0kILA	Beau Biden	 	Hunter Biden	 	Jill Biden	 	5	0.816497	0.30103	0		
0	http://www.w3.org/ns/prov#wasDerivedFrom	http://en.wikipedia.org/wiki/Joe_Biden?oldid=743646031	 	 	 	http://en.wikipedia.org/wiki/Beau_Biden?oldid=742500890	 	http://en.wikipedia.org/wiki/Hunter_Biden?oldid=738902014	 	http://en.wikipedia.org/wiki/Jill_Biden?oldid=738900541	 	4	0.816497	0.39794	1		
0	http://xmlns.com/foaf/0.1/depiction	http://commons.wikimedia.org/wiki/Special:FilePath/Official_portrait_of_Vice_President_Joe_Biden.jpg	 	 	 	http://commons.wikimedia.org/wiki/Special:FilePath/Beau_Biden_2013_(cropped).jpg	 	 	 	http://commons.wikimedia.org/wiki/Special:FilePath/Jill_Biden_official_portrait_2.jpg	 	3	0.816497	0.522879	1		
0	http://xmlns.com/foaf/0.1/gender;http://rdf.freebase.com/ns/people.person.gender;http://yago-knowledge.org/resource/hasGender	male	male	male	 	male	male	male	male	female	female	9	0.333333	0.045757	1		
1	http://xmlns.com/foaf/0.1/givenName;http://yago-knowledge.org/resource/hasGivenName	Joe	 	Joe	 	Beau	 	Hunter	 	Jill	 	5	0.68313	0.30103	1		
1	http://xmlns.com/foaf/0.1/homepage;http://yago-knowledge.org/resource/hasWebsite	http://www.whitehouse.gov/administration/vice-president-biden	 	http://www.facebook.com/joebiden/; http://www.twitter.com/joebiden/	 	 	 	 	 	http://www.whitehouse.gov/administration/jill_biden/	 	3	0.816497	0.522879	1		
1	http://xmlns.com/foaf/0.1/isPrimaryTopicOf;http://rdf.freebase.com/ns/common.topic.topic_equivalent_webpage;http://sw.opencyc.org/concept/Mx4rNv0nbm4TTjOp7yhmnzOyqg	http://en.wikipedia.org/wiki/Joe_Biden	http://ar.wikipedia.org/wiki/%2C%48_%28%27%4A%2F%46; http://viaf.org/viaf/55438660/	 	http://en.wikipedia.org/wiki/Beau_Biden	http://en.wikipedia.org/wiki/Beau_Biden	http://ar.wikipedia.org/wiki/%28%48_%28%27%4A%2F%46; http://www.imdb.com/name/nm3141944/	http://en.wikipedia.org/wiki/Hunter_Biden	http://de.wikipedia.org/wiki/Hunter_Biden; http://fr.wikipedia.org/wiki/index.html?curid=8181081	http://en.wikipedia.org/wiki/Jill_Biden	http://de.wikipedia.org/wiki/Jill_Biden; http://ja.wikipedia.org/wiki/%B8%EB%FB%D0%A4%C7%F3	9	0.796498	0.045757	1		
0	http://xmlns.com/foaf/0.1/name	Joe Biden	 	 	 	Beau Biden	 	Hunter Biden	 	Jill Biden	 	4	0.816497	0.39794	1		
0	http://xmlns.com/foaf/0.1/surname;http://yago-knowledge.org/resource/hasFamilyName	Biden	 	Biden	 	Biden	 	Biden	 	Biden	 	5	0.57735	0.30103	1		
0	http://rdf.freebase.com/key/authority.daylife.topic	 	086o70QbSG2lM	 	 	 	 	 	 	 	 	1	0.57735	1	1		
0	http://rdf.freebase.com/key/authority.facebook	 	joebiden	 	 	 	beaubiden	 	 	 	 	2	0.816497	0.69897	1		
0	http://rdf.freebase.com/key/authority.imdb.name;http://rdf.freebase.com/ns/imdb.topic.name_id	 	nm0081182	 	 	 	nm3141944	 	 	 	 	2	0.408248	0.69897	1		
0	http://rdf.freebase.com/key/authority.myspace	 	joebiden	 	 	 	 	 	 	 	 	1	0.57735	1	1		
0	http://rdf.freebase.com/key/authority.openlibrary.author;http://rdf.freebase.com/ns/book.author.openlibrary_id	 	OL3506380A	 	 	 	 	 	 	 	 	1	0.57735	1	1		
0	http://rdf.freebase.com/key/authority.twitter	 	joebiden	 	 	 	BeauBiden	 	 	 	 	2	0.816497	0.69897	1		
0	http://rdf.freebase.com/key/authority.us.gov.loc.na	 	n80016125	 	 	 	 	 	 	 	 	1	0.57735	1	1		
0	http://rdf.freebase.com/key/base.ranker.rankerurlname	 	joe-biden/1296209	 	 	 	 	 	 	 	 	1	0.57735	1	1		
0	http://rdf.freebase.com/key/base.uspolitician.thomas_id;http://rdf.freebase.com/ns/government.u_s_congressperson.thomas_id	 	B000444	 	 	 	 	 	 	 	 	1	0.57735	1	1		
1	http://rdf.freebase.com/key/en	 	jr_biden_joseph_r	 	 	 	beau_biden	 	hunter_biden	 	jill_biden	4	0.816497	0.39794	1		
0	http://rdf.freebase.com/key/source.nytimes	 	top/reference/timestopics/people/b/joseph_r_jr_biden	 	 	 	 	 	 	 	 	1	0.57735	1	1		
1	http://rdf.freebase.com/key/source.videosurf	 	9476	 	 	 	118033	 	 	 	217987	3	0.816497	0.522879	1		
1	http://rdf.freebase.com/key/user.avh.ellerdale	 	009a-5f30	 	 	 	008c-caaa	 	 	 	00ae-e708	3	0.816497	0.522879	1		
0	http://rdf.freebase.com/key/user.hangy.viaf	 	55438660	 	 	 	 	 	 	 	 	1	0.57735	1	1		
0	http://rdf.freebase.com/key/user.jamie.nytdataid	 	N57603783940678669923	 	 	 	 	 	 	 	 	1	0.57735	1	1		
1	http://rdf.freebase.com/key/wikipedia.en	 	"Biden,_Joseph_R.,_Jr.; Joseph_Robinette_""Joe""_Biden,_Jr."	 	 	 	"Joseph_Robinette_""Beau""_Biden_III"	 	Robert_Hunter_Biden	 	Jill_Tracy_Jacobs_Biden; Second_Lady_Jill_Biden	4	0.816497	0.39794	1		
1	http://rdf.freebase.com/key/wikipedia.en_title	 	Joe_Biden	 	 	 	Beau_Biden	 	Hunter_Biden	 	Jill_Biden	4	0.816497	0.39794	1		
0	http://rdf.freebase.com/ns/american_football.football_player.position_s	 	Defensive back; Wide receiver	 	 	 	 	 	 	 	 	1	0.816497	1	1		
0	http://rdf.freebase.com/ns/base.obamabase.cabinet_member.cabinet_position	 	Vice President of the United States	 	 	 	 	 	 	 	 	1	0.57735	1	1		
0	http://rdf.freebase.com/ns/base.obamabase.cabinet_member.date_selected	 	2008/8/23	 	 	 	 	 	 	 	 	1	0.57735	1	1		
0	http://rdf.freebase.com/ns/base.politicalconventions.convention_speaker.conventions_spoken_at	 	2008 Democratic National Convention	 	 	 	 	 	 	 	 	1	0.57735	1	1		
0	http://rdf.freebase.com/ns/base.politicalconventions.vice_presidential_nominee.convention_nominated_at	 	2008 Democratic National Convention	 	 	 	 	 	 	 	 	1	0.57735	1	1		
0	http://rdf.freebase.com/ns/base.popstra.celebrity.eats_at	 	Ray's Hell Burger	 	 	 	 	 	 	 	 	1	0.57735	1	1		
0	http://rdf.freebase.com/ns/base.propositions.proposition_issue.against	 	California Proposition 8	 	 	 	 	 	 	 	 	1	0.57735	1	1		
0	http://rdf.freebase.com/ns/base.schemastaging.government_position_held_extra.politician_web_contact	 	http://www.whitehouse.gov/contact/submit-questions-and-comments	 	 	 	 	 	 	 	 	1	0.57735	1	1		
0	http://rdf.freebase.com/ns/book.author.works_written	 	International Campaign Against Terrorism; Political Future of Afghanistan	 	 	 	 	 	 	 	 	1	0.816497	1	1		
0	http://rdf.freebase.com/ns/business.board_member.leader_of	 	White House Task Force to Protect Students from Sexual Assault	 	 	 	 	 	 	 	 	1	0.57735	1	1		
0	http://rdf.freebase.com/ns/celebrities.celebrity.celebrity_rivals	 	Sarah Palin	 	 	 	 	 	 	 	 	1	0.57735	1	1		
0	http://rdf.freebase.com/ns/common.identity.daylife_topic	 	086o70QbSG2lM	 	 	 	 	 	 	 	 	1	0.57735	1	1		
0	http://rdf.freebase.com/ns/common.topic.alias	 	Joseph Robinette Biden; Vice President of the United States Joe Biden	 	 	 	"Joseph Robinette ""Beau"" Biden III"	 	R. Hunter Biden	 	Jill Jacobs Biden; Jill Tracy Stevenson	4	0.816497	0.39794	1		
0	http://rdf.freebase.com/ns/common.topic.article	 	"Joseph Robinette ""Joe"" Biden, Jr. (pronunciation: /ˈdʒoʊsɨf rɒbɨˈnɛt ˈbaɪdən/; born November 20, 194"	 	 	 	"Joseph Robinette ""Beau"" Biden III (born February 3, 1969) is an American lawyer, Army JAG officer, a"	 	Robert Hunter Biden (born February 4, 1970), second son of U.S. Vice President Joe Biden, is a partn	 	Jill Tracy Biden (née Jacobs, previously Stevenson; born June 5, 1951) is an American educator and, 	4	0.816497	0.39794	1		
0	http://rdf.freebase.com/ns/common.topic.image	 	Joe Biden official portrait crop	 	 	 	Beau Biden at charity volleyball game; Beau Biden victory speech cropped	 	 	 	Jill Biden official portrait headshot	3	0.745356	0.522879	1		
0	http://rdf.freebase.com/ns/common.topic.notable_for	 	U.S. Congressperson	 	 	 	Politician	 	Organization leader	 	Politician	4	0.645497	0.39794	1		
0	http://rdf.freebase.com/ns/common.topic.notable_types	 	U.S. Congressperson	 	 	 	Politician	 	Organization leader	 	Politician	4	0.645497	0.39794	1		
0	http://rdf.freebase.com/ns/common.topic.social_media_presence	 	http://www.facebook.com/joebiden; http://www.twitter.com/joebiden	 	 	 	http://www.facebook.com/beaubiden; http://www.twitter.com/BeauBiden	 	 	 	 	2	0.816497	0.69897	1		
0	http://rdf.freebase.com/ns/common.topic.subject_of	 	President Barack Obama and the Message Beyond the Photograph	 	 	 	 	 	 	 	 	1	0.57735	1	1		
0	http://rdf.freebase.com/ns/common.topic.webpage	 	Auto-Tuned! President Obama and VP Biden Belt T-Pain Style; Bristol Palin and Levi Johnston cancel t	 	 	 	http://rdf.freebase.com/ns/m.0hnh22y	 	 	 	 	2	0.816497	0.69897	1		
0	http://rdf.freebase.com/ns/event.public_speaker.speeches_or_presentations	 	Debate	 	 	 	 	 	 	 	 	1	0.57735	1	1		
0	http://rdf.freebase.com/ns/fictional_universe.person_in_fiction.representations_in_fiction	 	Joe Biden	 	 	 	 	 	 	 	 	1	0.57735	1	1		
0	http://rdf.freebase.com/ns/film.person_or_entity_appearing_in_film.films	 	2016: Obama's America; Bigger, Stronger, Faster*	 	 	 	 	 	 	 	 	1	0.816497	1	1		
0	http://rdf.freebase.com/ns/freebase.valuenotation.has_value	 	Weight	 	 	 	 	 	 	 	Height	2	0.816497	0.69897	1		
0	http://rdf.freebase.com/ns/government.political_appointer.appointees	 	http://rdf.freebase.com/ns/m.0527kzw	 	 	 	 	 	 	 	 	1	0.57735	1	1		
0	http://rdf.freebase.com/ns/government.politician.election_campaigns	 	Joe Biden vice-presidential campaign, 2012	 	 	 	 	 	 	 	 	1	0.816497	1	1		
0	http://rdf.freebase.com/ns/government.politician.government_positions_held	 	New Castle County Council; United States Senate	 	 	 	http://rdf.freebase.com/ns/m.0hzbxh3	 	 	 	http://rdf.freebase.com/ns/m.0nbvyfg	3	0.816497	0.522879	1		
0	http://rdf.freebase.com/ns/government.politician.legislative_committees_served_on	 	International Narcotics Control Caucus; United States Senate Committee on the Judiciary	 	 	 	 	 	 	 	 	1	0.816497	1	1		
0	http://rdf.freebase.com/ns/government.us_vice_president.to_president	 	Barack Obama	 	 	 	 	 	 	 	 	1	0.57735	1	1		
0	http://rdf.freebase.com/ns/government.us_vice_president.vice_president_number	 	47	 	 	 	 	 	 	 	 	1	0.57735	1	1		
0	http://rdf.freebase.com/ns/kg.object_profile.prominent_type	 	U.S. Congressperson	 	 	 	Politician	 	Organization leader	 	Politician	4	0.645497	0.39794	1		
0	http://rdf.freebase.com/ns/nytimes.topic.uri	 	top/reference/timestopics/people/b/joseph_r_jr_biden	 	 	 	 	 	 	 	 	1	0.57735	1	1		
0	http://rdf.freebase.com/ns/organization.organization_founder.organizations_founded	 	Biden and Walsh	 	 	 	 	 	 	 	 	1	0.57735	1	1		
0	http://rdf.freebase.com/ns/people.person.employment_history	 	http://rdf.freebase.com/ns/m.052n2bm	 	 	 	 	 	 	 	http://rdf.freebase.com/ns/m.04lrfj3	2	0.816497	0.69897	1		
0	http://rdf.freebase.com/ns/people.person.ethnicity	 	Irish American; White people	 	 	 	 	 	 	 	 	1	0.816497	1	1		
0	http://rdf.freebase.com/ns/people.person.height_meters	 	1.83	 	 	 	 	 	 	 	 	1	0.57735	1	1		
2	http://rdf.freebase.com/ns/people.person.nationality;http://dbpedia.org/ontology/country	 	United States of America	 	 	United States	United States of America	 	United States of America	 	United States of America	5	0.258199	0.30103	1		
1	http://rdf.freebase.com/ns/people.person.parents	 	Catherine Eugenia Finnegan; Joseph R. Biden Sr.	 	 	 	Joe Biden; Neilla Hunter	 	Joe Biden; Neilla Hunter	 	Bonny Jean Jacobs; Donald C. Jacobs	4	0.645497	0.39794	1		
1	http://rdf.freebase.com/ns/people.person.places_lived;http://yago-knowledge.org/resource/livesIn	 	Number One Observatory Circle; Wilmington	Wilmington, Delaware	 	 	Wilmington	 	 	 	Number One Observatory Circle	4	0.617213	0.39794	1		
1	http://rdf.freebase.com/ns/people.person.profession;http://dbpedia.org/ontology/occupation	 	Politician	 	 	 	Military Officer	http://dbpedia.org/resource/Hunter_Biden__1	Lobbyist	 	Professor	5	0.550482	0.30103	1		
0	http://rdf.freebase.com/ns/people.person.sibling_s	 	Francis W. Biden; James Brian Biden	 	 	 	Ashley Biden	 	Ashley Biden	 	 	3	0.666667	0.522879	1		
1	http://rdf.freebase.com/ns/people.person.spouse_s	 	Neilla Hunter	 	 	 	Hallie Biden	 	Kathleen Biden	 	Joe Biden	4	0.816497	0.39794	1		
0	http://rdf.freebase.com/ns/royalty.chivalric_order_member.belongs_to_order	 	Order of the Cross of Terra Mariana; Order of the Three Stars	 	 	 	 	 	 	 	 	1	0.816497	1	1		
0	http://rdf.freebase.com/ns/sports.pro_athlete.sports_played_professionally	 	American football	 	 	 	 	 	 	 	 	1	0.57735	1	1		
0	http://rdf.freebase.com/ns/sports.pro_athlete.teams	 	Delaware Fightin' Blue Hens football	 	 	 	 	 	 	 	 	1	0.57735	1	1		
0	http://rdf.freebase.com/ns/type.object.key	 	/wikipedia/sv/Huey_Richardson; /authority/daylife/topic/086o70QbSG2lM	 	 	 	/authority/facebook/beaubiden; /authority/tvrage/person/244031	 	/wikipedia/de_title/Hunter_Biden; /wikipedia/en/Robert_Hunter_Biden	 	/base/chickipedia/chickipedia_id/jill-biden; /wikipedia/sv/Biden,_Jill	4	0.816497	0.39794	1		
0	http://rdf.freebase.com/ns/type.object.name	 	Joe Biden	 	 	 	Beau Biden	 	Hunter Biden	 	Jill Biden	4	0.816497	0.39794	1		
0	http://rdf.freebase.com/ns/type.object.type	 	American football player; Convention Speaker	 	 	 	Deceased Person; Film crewmember	 	Organization leader; Physically Instantiable	 	Physically Instantiable	4	0.427546	0.39794	1		
1	http://rdf.freebase.com/ns/user.avh.default_domain.ellerdale_topic.ellerdale_id	 	009a-5f30	 	 	 	008c-caaa	 	 	 	00ae-e708	3	0.816497	0.522879	1		
0	http://rdf.freebase.com/ns/user.robert.default_domain.daylife.hero_image_id	 	05Ic4qp7KV80M	 	 	 	 	 	 	 	 	1	0.57735	1	1		
0	http://rdf.freebase.com/ns/visual_art.art_subject.artwork_on_the_subject	 	White House Situation Room during Operation Neptune's Spear	 	 	 	 	 	 	 	 	1	0.57735	1	1		
0	http://www.w3.org/2004/02/skos/core#prefLabel	 	 	Joe Biden	 	 	 	 	 	 	 	1	0.57735	1	1		
0	http://yago-knowledge.org/resource/hasCitationTitle	 	 	'Amtrak Joe' Biden Gets His Own Train Station; 200 Faces for the Future	 	 	 	 	 	 	 	1	0.816497	1	1		
0	http://yago-knowledge.org/resource/hasWikipediaAnchorText	 	 	Crown Publishers; 1972 U.S. Senate election in Delaware	 	 	 	 	 	 	 	1	0.816497	1	1		
0	http://yago-knowledge.org/resource/hasWikipediaArticleLength	 	 	198054	 	 	 	 	 	 	 	1	0.57735	1	1		
0	http://yago-knowledge.org/resource/hasWikipediaUrl	 	 	http://en.wikipedia.org/wiki/Joe_Biden	 	 	 	 	 	 	 	1	0.57735	1	1		
0	http://yago-knowledge.org/resource/isLeaderOf	 	 	Democratic Party (United States)	 	 	 	 	 	 	 	1	0.816497	1	1		
0	http://yago-knowledge.org/resource/isPoliticianOf	 	 	United States	 	 	 	 	 	 	 	1	0.57735	1	1		
0	http://yago-knowledge.org/resource/linksTo	 	 	2008 Democratic National Convention; Muammar Gaddafi	 	 	 	 	 	 	 	1	0.816497	1	1		
0	http://yago-knowledge.org/resource/redirectedFrom	 	 	Biden, Joseph R., Jr.; Big fucking deal	 	 	 	 	 	 	 	1	0.816497	1	1		
0	http://sw.opencyc.org/concept/Mx4rTv-jk9SPTXa991kk5mAvHg	 	 	 	Beau_Biden	 	 	 	 	 	 	1	0.57735	1	1		
0	http://dbpedia.org/ontology/battle	 	 	 	 	Iraq War	 	 	 	 	 	1	0.57735	1	1		
0	http://dbpedia.org/ontology/deathDate;http://rdf.freebase.com/ns/people.deceased_person.date_of_death	 	 	 	 	2015/5/30	2015/5/30	 	 	 	 	2	0.57735	0.69897	1		
0	http://dbpedia.org/ontology/deathPlace;http://rdf.freebase.com/ns/people.deceased_person.place_of_death	 	 	 	 	Bethesda, Maryland	Bethesda	 	 	 	 	2	0.816497	0.69897	1		
0	http://dbpedia.org/ontology/governor	 	 	 	 	Jack Markell; Ruth Ann Minner	 	 	 	 	 	1	0.816497	1	1		
0	http://dbpedia.org/ontology/militaryRank	 	 	 	 	Major (United States)	 	 	 	 	 	1	0.57735	1	1		
0	http://dbpedia.org/ontology/militaryUnit	 	 	 	 	Delaware Army National Guard	 	 	 	 	 	1	0.57735	1	1		
0	http://dbpedia.org/ontology/serviceEndYear	 	 	 	 	2015	 	 	 	 	 	1	0.57735	1	1		
0	http://dbpedia.org/ontology/serviceStartYear	 	 	 	 	2002	 	 	 	 	 	1	0.57735	1	1		
0	http://rdf.freebase.com/key/authority.tvrage.person	 	 	 	 	 	244031	 	 	 	 	1	0.57735	1	1		
0	http://rdf.freebase.com/ns/common.topic.topical_webpage	 	 	 	 	 	http://attorneygeneral.delaware.gov/	 	 	 	 	1	0.57735	1	1		
0	http://rdf.freebase.com/ns/film.film_crewmember.films_crewed	 	 	 	 	 	http://rdf.freebase.com/ns/m.0qtbzc9	 	 	 	 	1	0.57735	1	1		
0	http://rdf.freebase.com/ns/freebase.valuenotation.is_reviewed	 	 	 	 	 	Country of nationality; Date of birth	 	 	 	 	1	0.816497	1	1		
0	http://dbpedia.org/ontology/birthName	 	 	 	 	 	 	Robert Hunter Biden	 	 	 	1	0.57735	1	1		
0	http://dbpedia.org/ontology/relative	 	 	 	 	 	 	Beau Biden	 	 	 	1	0.816497	1	1		
0	http://rdf.freebase.com/ns/business.board_member.organization_board_memberships	 	 	 	 	 	 	 	Amtrak	 	 	1	0.57735	1	1		
0	http://rdf.freebase.com/key/base.chickipedia.chickipedia_id	 	 	 	 	 	 	 	 	 	jill-biden	1	0.57735	1	1		
0	http://rdf.freebase.com/ns/base.chickipedia.topic.chickipedia_id	 	 	 	 	 	 	 	 	 	jill-biden	1	0.57735	1	1		
