score	dataset	dbpedia	freebase	wikidata	freebase	wikidata	dbpedia	freebase	wikidata	dbpedia	wikidata						
	entity	http://dbpedia.org/resource/Baywatch	http://rdf.freebase.com/ns/m.01plyx	http://www.wikidata.org/entity/Q223320	http://rdf.freebase.com/ns/m.0hz78nr	http://www.wikidata.org/entity/Q3023608	http://dbpedia.org/resource/Bay,_Arkansas	http://rdf.freebase.com/ns/m.0qsh8	http://www.wikidata.org/entity/Q79481	http://dbpedia.org/resource/The_Bay_(web_series)	http://www.wikidata.org/entity/Q21160980						
0	http://dbpedia.org/ontology/Work/runtime;http://dbpedia.org/ontology/runtime;http://rdf.freebase.com/ns/film.film.runtime;http://www.wikidata.org/entity/P2047c	-48	 	 	84	85	 	 	 	 	 	3	0.816497	0.522879	1		
0	http://dbpedia.org/ontology/abstract	Baywatch is an American action drama series about the Los Angeles County Lifeguards who patrol the b	 	 	 	 	Bay is a city in Craighead County, Arkansas, United States. The population was 1,801 at the 2010 cen	 	 	The Bay is a soap opera web series that premiered on September 15, 2010 at Blip.tv. Starring Mary Be	 	3	0.816497	0.522879	1		
0	http://dbpedia.org/ontology/completionDate;http://rdf.freebase.com/ns/tv.tv_program.air_date_of_final_episode	2001/5/14	2001/5/14	 	 	 	 	 	 	 	 	2	0.57735	0.69897	1		
1	http://dbpedia.org/ontology/creator;http://rdf.freebase.com/ns/tv.tv_program.program_creator;http://www.wikidata.org/entity/P170c	Douglas Schwartz; Gregory J. Bonann	Douglas Schwartz; Gregory J. Bonann	Michael Berk	 	 	 	 	 	Gregori J. Martin	 	4	0.408248	0.39794	1		
0	http://dbpedia.org/ontology/executiveProducer	David Hasselhoff; Douglas Schwartz	 	 	 	 	 	 	 	 	 	1	0.816497	1	1		
0	http://dbpedia.org/ontology/format	Monophonic sound	 	 	 	 	 	 	 	 	 	1	0.816497	1	1		
1	http://dbpedia.org/ontology/genre;http://rdf.freebase.com/ns/media_common.netflix_title.netflix_genres;http://rdf.freebase.com/ns/tv.tv_program.genre;http://www.wikidata.org/entity/P136c;http://rdf.freebase.com/ns/film.film.genre	Action (genre)	Soap opera; TV Action & Adventure	television drama	Science Fiction; Thriller	found footage; horror film	 	 	 	 	 	5	0.816497	0.30103	1		
0	http://dbpedia.org/ontology/network;http://rdf.freebase.com/ns/tv.tv_program.original_network	Broadcast syndication	http://rdf.freebase.com/ns/m.04m0vyy	 	 	 	 	 	 	Blip.tv	 	3	0.816497	0.522879	1		
2	http://dbpedia.org/ontology/numberOfEpisodes;http://rdf.freebase.com/ns/tv.tv_program.number_of_episodes;http://www.wikidata.org/entity/P1113c	242	242	242	 	 	 	 	 	62	62	5	0.258199	0.30103	1		
2	http://dbpedia.org/ontology/numberOfSeasons;http://rdf.freebase.com/ns/tv.tv_program.number_of_seasons;http://www.wikidata.org/entity/P2437c	11	11	11	 	 	 	 	 	3	3	5	0.258199	0.30103	1		
0	http://dbpedia.org/ontology/related	Baywatch Nights	 	 	 	 	 	 	 	 	 	1	0.57735	1	1		
2	http://dbpedia.org/ontology/releaseDate;http://rdf.freebase.com/ns/tv.tv_program.air_date_of_first_episode;http://rdf.freebase.com/ns/film.film.initial_release_date;http://www.wikidata.org/entity/P577c	1989/9/22	1991/9/23	 	2012/9/13	2012/9/13	 	 	 	2010/9/15	 	5	0.57735	0.30103	1		
1	http://dbpedia.org/ontology/starring;http://rdf.freebase.com/ns/tv.tv_program.regular_cast;http://www.wikidata.org/entity/P161c;http://rdf.freebase.com/ns/film.film.starring	Carmen Electra; David Hasselhoff	Nicole Eggert; Angelica Bridges	David Hasselhoff	Andrew Stahl; Anthony Reynolds	Andrew Stahl; Jane McNeill	 	 	 	Mary Beth Evans	 	6	0.660225	0.221849	1		
0	http://dbpedia.org/ontology/thumbnail	http://commons.wikimedia.org/wiki/Special:FilePath/Baywatch-logo.svg?width=300	 	 	 	 	http://commons.wikimedia.org/wiki/Special:FilePath/Bay_AR_012.jpg?width=300	 	 	http://commons.wikimedia.org/wiki/Special:FilePath/The_Bay_TV_title.png?width=300	 	3	0.816497	0.522879	1		
0	http://dbpedia.org/ontology/wikiPageExternalLink	http://www.gotchamovies.com/baywatch-movie-news-the-rock-zac-efron/	 	 	 	 	 	 	 	http://daytimeconfidential.com/2015/05/28/vanessa-williams-and-thomas-calabro-join-the-bay; http://t	 	2	0.816497	0.69897	1		
2	http://dbpedia.org/ontology/wikiPageID;http://rdf.freebase.com/key/wikipedia.en_id	278442	278442	 	36956637	 	106918	106918	 	47973936	 	6	0.57735	0.221849	1		
0	http://dbpedia.org/ontology/wikiPageLength	28527	 	 	 	 	7418	 	 	32333	 	3	0.816497	0.522879	1		
0	http://dbpedia.org/ontology/wikiPageOutDegree	231	 	 	 	 	39	 	 	114	 	3	0.816497	0.522879	1		
0	http://dbpedia.org/ontology/wikiPageRevisionID	743505395	 	 	 	 	728955881	 	 	734230945	 	3	0.816497	0.522879	1		
0	http://purl.org/dc/terms/subject	1990 American television series endings; American action television series	 	 	 	 	Cities in Craighead County, Arkansas; Jonesboro metropolitan area	 	 	2000s American television series; 2010 web series debuts	 	3	0.777282	0.522879	1		
0	http://www.w3.org/1999/02/22-rdf-syntax-ns#type;http://www.wikidata.org/entity/P31c	CreativeWork; television program	Award-Nominated Work; Netflix Title	television series	Inanimate	Class	Spatial Thing; http://dbpedia.org/ontology/Location	Administrative Area; City/Town/Village	city	CreativeWork; television program	television series	10	0.483561	0	1		
2	http://www.w3.org/2000/01/rdf-schema#comment;http://rdf.freebase.com/ns/common.topic.description	Baywatch is an American action drama series about the Los Angeles County Lifeguards who patrol the b	Baywatch is an American action drama series about the Los Angeles County Lifeguards who patrol the b	 	Chaos breaks out in a small Maryland town after an ecological disaster occurs.	 	Bay is a city in Craighead County, Arkansas, United States. The population was 1,801 at the 2010 cen	Bay is a city in Craighead County, Arkansas, United States. The population was 1,801 at the 2010 cen	 	The Bay is a soap opera web series that premiered on September 15, 2010 at Blip.tv. Starring Mary Be	 	6	0.645497	0.221849	1		
2	http://www.w3.org/2000/01/rdf-schema#label	Baywatch	Baywatch	Baywatch	The Bay	The Bay	Bay, Arkansas	Bay, Arkansas	Bay	The Bay (web series)	The Bay	10	0.348155	0	1		
0	http://www.w3.org/2002/07/owl#sameAs	 	 	 	 	 	Bay	 	 	 	 	1	0.57735	1	0		
0	http://www.w3.org/ns/prov#wasDerivedFrom	http://en.wikipedia.org/wiki/Baywatch?oldid=743505395	 	 	 	 	http://en.wikipedia.org/wiki/Bay,_Arkansas?oldid=728955881	 	 	http://en.wikipedia.org/wiki/The_Bay_(web_series)?oldid=734230945	 	3	0.816497	0.522879	1		
0	http://xmlns.com/foaf/0.1/depiction	http://commons.wikimedia.org/wiki/Special:FilePath/Baywatch-logo.svg	 	 	 	 	http://commons.wikimedia.org/wiki/Special:FilePath/Bay_AR_012.jpg	 	 	http://commons.wikimedia.org/wiki/Special:FilePath/The_Bay_TV_title.png	 	3	0.816497	0.522879	1		
2	http://xmlns.com/foaf/0.1/homepage;http://rdf.freebase.com/ns/common.topic.official_website;http://www.wikidata.org/entity/P856c	http://baywatchtv.org/	http://www.baywatch.com/	http://www.baywatch.com	http://qualite.musashino-k.jp/quali-colle/thebay/; http://thebay-movie.com/	http://thebay-movie.com/	 	 	 	http://thebaytheseries.com/	http://thebaytheseries.com	7	0.73598	0.154902	1		
1	http://xmlns.com/foaf/0.1/isPrimaryTopicOf;http://rdf.freebase.com/ns/common.topic.topic_equivalent_webpage	http://en.wikipedia.org/wiki/Baywatch	http://bg.wikipedia.org/wiki/%21%3F%30%41%38%42%35%3B%38_%3D%30_%3F%3B%30%36%30; http://thetvdb.com/	 	http://de.wikipedia.org/wiki/The_Bay_%13_Nach_Angst_kommt_Panik; http://www.movli.com/movie/the-bay-	 	http://en.wikipedia.org/wiki/Bay,_Arkansas	http://ar.wikipedia.org/wiki/%28%27%4A_(%23%31%43%46%33%27%33); http://geonames.usgs.gov/pls/gnispub	 	http://en.wikipedia.org/wiki/The_Bay_(web_series)	 	6	0.805776	0.221849	1		
0	http://xmlns.com/foaf/0.1/name	Baywatch	 	 	 	 	Bay, Arkansas	 	 	The Bay	 	3	0.816497	0.522879	1		
2	http://rdf.freebase.com/key/authority.imdb.title;http://rdf.freebase.com/ns/imdb.topic.title_id;http://www.wikidata.org/entity/P345c	 	tt0096542	tt0096542	tt1713476	tt1713476	 	 	 	 	tt1688612	5	0.308607	0.30103	1		
0	http://rdf.freebase.com/key/authority.netflix.api	 	http://api.netflix.com/catalog/titles/series/70054210	 	 	 	 	 	 	 	 	1	0.57735	1	1		
0	http://rdf.freebase.com/key/authority.netflix.tiny	 	VoIZW	 	 	 	 	 	 	 	 	1	0.57735	1	1		
0	http://rdf.freebase.com/key/authority.thetvdb.series	 	70874	 	 	 	 	 	 	 	 	1	0.57735	1	1		
0	http://rdf.freebase.com/key/authority.tvrage.series	 	Baywatch	 	 	 	 	 	 	 	 	1	0.57735	1	1		
0	http://rdf.freebase.com/key/authority.tvrage.series_numeric	 	2733	 	 	 	 	 	 	 	 	1	0.57735	1	1		
0	http://rdf.freebase.com/key/base.ranker.rankerurlname	 	baywatch/555442	 	 	 	 	 	 	 	 	1	0.57735	1	1		
0	http://rdf.freebase.com/key/en	 	baywatch	 	 	 	 	bay_arkansas	 	 	 	2	0.816497	0.69897	1		
0	http://rdf.freebase.com/key/source.clicker.tv	 	baywatch	 	 	 	 	 	 	 	 	1	0.57735	1	1		
0	http://rdf.freebase.com/key/source.nate.cinema_id	 	34658	 	 	 	 	 	 	 	 	1	0.57735	1	1		
0	http://rdf.freebase.com/key/source.videosurf	 	18254	 	 	 	 	 	 	 	 	1	0.57735	1	1		
0	http://rdf.freebase.com/key/user.avh.ellerdale	 	0081-5290	 	 	 	 	 	 	 	 	1	0.57735	1	1		
0	http://rdf.freebase.com/key/user.ovguide.tvdb_show_id	 	70874	 	 	 	 	 	 	 	 	1	0.57735	1	1		
1	http://rdf.freebase.com/key/wikipedia.en	 	Baywatch_Hawaii; I'm_Always_Here	 	The_Bay_(film)	 	 	Bay,_Arkansas	 	 	 	3	0.816497	0.522879	1		
1	http://rdf.freebase.com/key/wikipedia.en_title	 	Baywatch	 	The_Bay_(film)	 	 	Bay,_Arkansas	 	 	 	3	0.816497	0.522879	1		
0	http://rdf.freebase.com/ns/award.award_nominated_work.award_nominations	 	ALMA Award for Outstanding Individual Performance in a Nationally Syndicated Drama Series	 	 	 	 	 	 	 	 	1	0.57735	1	1		
0	http://rdf.freebase.com/ns/award.ranked_item.appears_in_ranked_lists	 	http://rdf.freebase.com/ns/m.0h79vb2	 	 	 	 	 	 	 	 	1	0.57735	1	1		
0	http://rdf.freebase.com/ns/base.pinball.pinball_machine_basis.pinball_machines	 	Baywatch	 	 	 	 	 	 	 	 	1	0.57735	1	1		
0	http://rdf.freebase.com/ns/broadcast.broadcast.distributor	 	FremantleMedia North America	 	 	 	 	 	 	 	 	1	0.57735	1	1		
0	http://rdf.freebase.com/ns/common.identity.clicker_tv_id	 	baywatch	 	 	 	 	 	 	 	 	1	0.57735	1	1		
1	http://rdf.freebase.com/ns/common.topic.article;http://schema.org/description	 	Baywatch is an American action drama series about the Los Angeles County Lifeguards who patrol the b	 	Chaos breaks out in a small Maryland town after an ecological disaster occurs.; http://rdf.freebase.	 	 	Bay is a city in Craighead County, Arkansas, United States. The population was 1,800 at the 2000 cen	city in Craighead County, Arkansas, United States	 	 	4	0.816497	0.39794	1		
0	http://rdf.freebase.com/ns/common.topic.notable_for	 	Action/Adventure TV Program	 	Horror Film	 	 	City/Town/Village	 	 	 	3	0.816497	0.522879	1		
0	http://rdf.freebase.com/ns/common.topic.notable_types	 	TV Program	 	Film	 	 	City/Town/Village	 	 	 	3	0.816497	0.522879	1		
0	http://rdf.freebase.com/ns/common.topic.webpage	 	'America's Got Talent' recap: The season premiere!; 'Simpsons' no, 'Baywatch' sí	 	 	 	 	 	 	 	 	1	0.816497	1	1		
0	http://rdf.freebase.com/ns/freebase.valuenotation.is_reviewed	 	Air date of first episode; Program creator	 	 	 	 	 	 	 	 	1	0.816497	1	1		
0	http://rdf.freebase.com/ns/kg.object_profile.prominent_type	 	TV Program	 	Film	 	 	City/Town/Village	 	 	 	3	0.816497	0.522879	1		
3	http://rdf.freebase.com/ns/tv.tv_program.country_of_origin;http://www.wikidata.org/entity/P495c;http://rdf.freebase.com/ns/film.film.country;http://dbpedia.org/ontology/country;http://rdf.freebase.com/ns/location.hud_county_place.county;http://www.wikidata.org/entity/P131c;http://www.wikidata.org/entity/P17c	 	United States of America	United States of America	United States of America	United States of America	United States	Craighead County	Craighead County; United States of America	 	United States of America	8	0	0.09691	1		
0	http://rdf.freebase.com/ns/tv.tv_program.currently_in_production	 	FALSE	 	 	 	 	 	 	 	 	1	0.57735	1	1		
0	http://rdf.freebase.com/ns/tv.tv_program.episode_running_time	 	60	 	 	 	 	 	 	 	 	1	0.57735	1	1		
0	http://rdf.freebase.com/ns/tv.tv_program.episodes	 	Dolphin Quest; A Good Man in a Storm	 	 	 	 	 	 	 	 	1	0.811602	1	1		
1	http://rdf.freebase.com/ns/tv.tv_program.languages;http://www.wikidata.org/entity/P364c;http://rdf.freebase.com/ns/film.film.language	 	English Language	English	English Language	English	 	 	 	 	 	4	0.408248	0.39794	1		
0	http://rdf.freebase.com/ns/tv.tv_program.seasons	 	Baywatch - Season 1	 	 	 	 	 	 	 	 	1	0.816497	1	1		
0	http://rdf.freebase.com/ns/tv.tv_program.soundtrack	 	Baywatch	 	 	 	 	 	 	 	 	1	0.57735	1	1		
0	http://rdf.freebase.com/ns/tv.tv_program.spin_offs	 	Baywatch the Movie: Forbidden Paradise; Baywatch: Hawaiian Wedding	 	 	 	 	 	 	 	 	1	0.816497	1	1		
0	http://rdf.freebase.com/ns/tv.tv_program.theme_song	 	Current of Love; I'm Always Here	 	 	 	 	 	 	 	 	1	0.816497	1	1		
0	http://rdf.freebase.com/ns/tv.tv_program.thetvdb_id	 	70874	 	 	 	 	 	 	 	 	1	0.57735	1	1		
1	http://rdf.freebase.com/ns/tv.tv_program.tv_producer;http://rdf.freebase.com/ns/film.film.produced_by;http://www.wikidata.org/entity/P162c	 	David Hasselhoff	 	Barry Levinson; Jason Blum	Barry Levinson; Jason Blum	 	 	 	 	 	3	0.471405	0.522879	1		
0	http://rdf.freebase.com/ns/tv.tv_program.tvrage_id	 	2733	 	 	 	 	 	 	 	 	1	0.57735	1	1		
0	http://rdf.freebase.com/ns/type.object.key	 	/authority/imdb/title/tt0096542; /source/clicker/tv/baywatch	 	/authority/imdb/title/tt1713476; /source/sensacine/peliculas/185284	 	 	/authority/hud/countyplace/0503104180; /authority/nist/fips/55/0504180	 	 	 	3	0.816497	0.522879	1		
0	http://rdf.freebase.com/ns/type.object.name	 	Baywatch	 	The Bay	 	 	Bay	 	 	 	3	0.816497	0.522879	1		
0	http://rdf.freebase.com/ns/type.object.type	 	Award-Nominated Work; Netflix Title	 	Inanimate	 	 	Administrative Area; City/Town/Village	 	 	 	3	0.558416	0.522879	1		
0	http://rdf.freebase.com/ns/user.avh.default_domain.ellerdale_topic.ellerdale_id	 	0081-5290	 	 	 	 	 	 	 	 	1	0.57735	1	1		
0	http://rdf.freebase.com/ns/user.robert.default_domain.rated_tv_program.ew_rating	 	62	 	 	 	 	 	 	 	 	1	0.57735	1	1		
0	http://www.wikidata.org/entity/P1267c	 	 	321	 	 	 	 	 	 	 	1	0.57735	1	1		
0	http://www.wikidata.org/entity/P166c	 	 	Genesis Award	 	 	 	 	 	 	 	1	0.57735	1	1		
0	http://www.wikidata.org/entity/P214c	 	 	190918978	 	 	 	 	 	 	 	1	0.57735	1	1		
0	http://www.wikidata.org/entity/P227c	 	 	4326925-4	 	 	 	 	 	 	 	1	0.57735	1	1		
0	http://www.wikidata.org/entity/P2529c	 	 	69418	 	 	 	 	 	 	 	1	0.57735	1	1		
0	http://www.wikidata.org/entity/P2638c	 	 	shows/baywatch	 	 	 	 	 	 	 	1	0.57735	1	1		
1	http://www.wikidata.org/entity/P272c;http://rdf.freebase.com/ns/film.film.production_companies	 	 	FremantleMedia	Blumhouse Productions; IM Global	Alliance Films; Blumhouse Productions	 	 	 	 	 	3	0.617213	0.522879	1		
0	http://www.wikidata.org/entity/P373c	 	 	Baywatch	 	 	 	 	Bay, Arkansas	 	 	2	0.816497	0.69897	1		
0	http://www.wikidata.org/entity/P449c	 	 	NBC	 	 	 	 	 	 	 	1	0.57735	1	1		
0	http://www.wikidata.org/entity/P646-freebase	 	 	Baywatch	 	The Bay	 	 	Bay	 	 	3	0.816497	0.522879	1		
0	http://www.wikidata.org/entity/P646c	 	 	/m/01plyx	 	/m/0hz78nr	 	 	/m/0qsh8	 	 	3	0.816497	0.522879	1		
0	http://www.wikidata.org/entity/P840c	 	 	Los Angeles	 	 	 	 	 	 	 	1	0.57735	1	1		
0	http://www.wikidata.org/entity/P905c	 	 	9539979	 	 	 	 	 	 	 	1	0.57735	1	1		
0	http://www.wikidata.org/entity/P910c	 	 	Category:Baywatch	 	 	 	 	 	 	 	1	0.57735	1	1		
0	http://rdf.freebase.com/key/source.sensacine.peliculas	 	 	 	185284	 	 	 	 	 	 	1	0.57735	1	1		
0	http://rdf.freebase.com/key/source.showtimes.local.movie	 	 	 	0x4f295ca70522ad67	 	 	 	 	 	 	1	0.57735	1	1		
0	http://rdf.freebase.com/ns/common.topic.topical_webpage	 	 	 	http://www.festival-gerardmer.com/wordpress/portfoliomovie/the-bay/	 	 	 	 	 	 	1	0.816497	1	1		
0	http://rdf.freebase.com/ns/film.film.cinematography	 	 	 	Josh Nussbaum	 	 	 	 	 	 	1	0.57735	1	1		
0	http://rdf.freebase.com/ns/film.film.costume_design_by	 	 	 	Emmie Holmes	 	 	 	 	 	 	1	0.57735	1	1		
1	http://rdf.freebase.com/ns/film.film.directed_by;http://www.wikidata.org/entity/P57c;http://dbpedia.org/ontology/director	 	 	 	Barry Levinson	Barry Levinson	 	 	 	Gregori J. Martin	 	3	0.57735	0.522879	1		
0	http://rdf.freebase.com/ns/film.film.distributors	 	 	 	Lions Gate Entertainment; Roadside Attractions	 	 	 	 	 	 	1	0.816497	1	1		
0	http://rdf.freebase.com/ns/film.film.edited_by	 	 	 	Aaron Yanes	 	 	 	 	 	 	1	0.57735	1	1		
0	http://rdf.freebase.com/ns/film.film.executive_produced_by;http://www.wikidata.org/entity/P1431c	 	 	 	Brian Kavanaugh Jones; Colin Strause	Brian Kavanaugh-Jones; Greg Strause	 	 	 	 	 	2	0.617213	0.69897	1		
0	http://rdf.freebase.com/ns/film.film.film_art_direction_by	 	 	 	Stan Flint	 	 	 	 	 	 	1	0.57735	1	1		
0	http://rdf.freebase.com/ns/film.film.film_casting_director	 	 	 	Ellen Chenoweth; Tracy Kilpatrick	 	 	 	 	 	 	1	0.816497	1	1		
0	http://rdf.freebase.com/ns/film.film.film_festivals	 	 	 	2012 Donostia-San Sebastián International Film Festival; 2013 Gérardmer Fantasticarts Film Festival	 	 	 	 	 	 	1	0.816497	1	1		
0	http://rdf.freebase.com/ns/film.film.film_production_design_by	 	 	 	Lee Bonner	 	 	 	 	 	 	1	0.57735	1	1		
0	http://rdf.freebase.com/ns/film.film.film_set_decoration_by	 	 	 	Glenn Peison	 	 	 	 	 	 	1	0.57735	1	1		
0	http://rdf.freebase.com/ns/film.film.music;http://www.wikidata.org/entity/P86c	 	 	 	Marcello Zavros	Marcelo Zarvos	 	 	 	 	 	2	0.816497	0.69897	1		
0	http://rdf.freebase.com/ns/film.film.other_crew	 	 	 	http://rdf.freebase.com/ns/m.0101p345	 	 	 	 	 	 	1	0.816497	1	1		
0	http://rdf.freebase.com/ns/film.film.release_date_s	 	 	 	2012/9/13	 	 	 	 	 	 	1	0.816497	1	1		
0	http://rdf.freebase.com/ns/film.film.story_by;http://rdf.freebase.com/ns/film.film.written_by;http://www.wikidata.org/entity/P58c	 	 	 	Barry Levinson; Michael Wallach	Barry Levinson	 	 	 	 	 	2	0.408248	0.69897	1		
0	http://rdf.freebase.com/ns/film.film.trailers	 	 	 	http://thebay-movie.com; http://www.youtube.com/watch?v=XcaQQZVjXQs	 	 	 	 	 	 	1	0.816497	1	1		
0	http://rdf.freebase.com/ns/freebase.valuenotation.has_no_value	 	 	 	Film Series	 	 	 	 	 	 	1	0.816497	1	1		
0	http://www.wikidata.org/entity/P1258c	 	 	 	 	m/the_bay_2012	 	 	 	 	 	1	0.57735	1	1		
0	http://www.wikidata.org/entity/P1265c	 	 	 	 	185284	 	 	 	 	 	1	0.57735	1	1		
0	http://www.wikidata.org/entity/P1476c	 	 	 	 	The Bay	 	 	 	 	 	1	0.57735	1	1		
0	http://www.wikidata.org/entity/P1712c	 	 	 	 	movie/the-bay	 	 	 	 	 	1	0.57735	1	1		
0	http://www.wikidata.org/entity/P1970c	 	 	 	 	88116	 	 	 	 	 	1	0.57735	1	1		
0	http://www.wikidata.org/entity/P2465c	 	 	 	 	348344	 	 	 	 	 	1	0.57735	1	1		
0	http://dbpedia.org/ontology/PopulatedPlace/areaTotal;http://dbpedia.org/ontology/areaTotal;http://rdf.freebase.com/ns/location.location.area	 	 	 	 	 	8700000	8.806	 	 	 	2	0.68313	0.69897	1		
0	http://dbpedia.org/ontology/PopulatedPlace/populationDensity	 	 	 	 	 	204.402	 	 	 	 	1	0.816497	1	1		
0	http://dbpedia.org/ontology/areaCode	 	 	 	 	 	870	 	 	 	 	1	0.57735	1	1		
0	http://dbpedia.org/ontology/areaLand	 	 	 	 	 	8700000	 	 	 	 	1	0.816497	1	1		
0	http://dbpedia.org/ontology/areaWater	 	 	 	 	 	0	 	 	 	 	1	0.57735	1	1		
0	http://dbpedia.org/ontology/elevation	 	 	 	 	 	70	 	 	 	 	1	0.816497	1	1		
0	http://dbpedia.org/ontology/isPartOf;http://rdf.freebase.com/ns/location.location.containedby	 	 	 	 	 	Craighead County, Arkansas	Craighead County; United States of America	 	 	 	2	0.68313	0.69897	1		
0	http://dbpedia.org/ontology/populationDensity	 	 	 	 	 	204.402	 	 	 	 	1	0.816497	1	1		
0	http://dbpedia.org/ontology/populationTotal;http://rdf.freebase.com/ns/location.statistical_region.population	 	 	 	 	 	2058	1707	 	 	 	2	0.793492	0.69897	1		
0	http://dbpedia.org/ontology/postalCode	 	 	 	 	 	72411	 	 	 	 	1	0.57735	1	1		
0	http://dbpedia.org/ontology/timeZone	 	 	 	 	 	Central Time Zone (North America)	 	 	 	 	1	0.57735	1	1		
0	http://dbpedia.org/ontology/type	 	 	 	 	 	City	 	 	 	 	1	0.57735	1	1		
0	http://dbpedia.org/ontology/utcOffset	 	 	 	 	 	-5	 	 	 	 	1	0.816497	1	1		
0	http://www.georss.org/georss/point	 	 	 	 	 	35.74527777777778 -90.56277777777778	 	 	 	 	1	0.57735	1	1		
1	http://www.w3.org/2003/01/geo/wgs84_pos#lat	 	 	 	 	 	35.745	35.745	35.745	 	 	3	0.57735	0.522879	1		
1	http://www.w3.org/2003/01/geo/wgs84_pos#long	 	 	 	 	 	-90.563	-90.563	-90.563	 	 	3	0.57735	0.522879	1		
1	http://rdf.freebase.com/key/authority.gnis;http://www.wikidata.org/entity/P590c	 	 	 	 	 	 	76250	76250	 	 	2	0.57735	0.69897	1		
0	http://rdf.freebase.com/key/authority.hud.countyplace	 	 	 	 	 	 	503104180	 	 	 	1	0.57735	1	1		
0	http://rdf.freebase.com/key/authority.nist.fips.55	 	 	 	 	 	 	504180	 	 	 	1	0.57735	1	1		
0	http://rdf.freebase.com/key/base.dspl.us_census.population.place	 	 	 	 	 	 	504180	 	 	 	1	0.57735	1	1		
0	http://rdf.freebase.com/ns/base.wikipedia_infobox.settlement.area_code	 	 	 	 	 	 	Area code 870	 	 	 	1	0.57735	1	1		
0	http://rdf.freebase.com/ns/common.topic.alias	 	 	 	 	 	 	Bay, Arkansas; Craighead County / Bay city	 	 	 	1	0.816497	1	1		
0	http://rdf.freebase.com/ns/common.topic.image	 	 	 	 	 	 	Location of Bay, Arkansas	 	 	 	1	0.57735	1	1		
0	http://rdf.freebase.com/ns/location.citytown.postal_codes	 	 	 	 	 	 	72411	 	 	 	1	0.57735	1	1		
0	http://rdf.freebase.com/ns/location.hud_county_place.countyplace_id	 	 	 	 	 	 	503104180	 	 	 	1	0.57735	1	1		
0	http://rdf.freebase.com/ns/location.hud_county_place.place	 	 	 	 	 	 	Bay	 	 	 	1	0.57735	1	1		
0	http://rdf.freebase.com/ns/location.hud_foreclosure_area.bls_unemployment_rate	 	 	 	 	 	 	0.048	 	 	 	1	0.57735	1	1		
0	http://rdf.freebase.com/ns/location.hud_foreclosure_area.estimated_number_foreclosures	 	 	 	 	 	 	13	 	 	 	1	0.57735	1	1		
0	http://rdf.freebase.com/ns/location.hud_foreclosure_area.estimated_number_of_mortgages	 	 	 	 	 	 	253	 	 	 	1	0.57735	1	1		
0	http://rdf.freebase.com/ns/location.hud_foreclosure_area.hhuniv	 	 	 	 	 	 	694	 	 	 	1	0.57735	1	1		
0	http://rdf.freebase.com/ns/location.hud_foreclosure_area.ofheo_price_change	 	 	 	 	 	 	0	 	 	 	1	0.57735	1	1		
0	http://rdf.freebase.com/ns/location.hud_foreclosure_area.total_90_day_vacant_residential_addresses	 	 	 	 	 	 	0	 	 	 	1	0.57735	1	1		
0	http://rdf.freebase.com/ns/location.hud_foreclosure_area.total_residential_addresses	 	 	 	 	 	 	510	 	 	 	1	0.57735	1	1		
0	http://rdf.freebase.com/ns/location.location.gnis_feature_id	 	 	 	 	 	 	76250	 	 	 	1	0.57735	1	1		
0	http://rdf.freebase.com/ns/location.location.people_born_here	 	 	 	 	 	 	Wally Moon	 	 	 	1	0.57735	1	1		
0	http://rdf.freebase.com/ns/location.location.time_zones	 	 	 	 	 	 	Central Time Zone	 	 	 	1	0.57735	1	1		
0	http://rdf.freebase.com/ns/topic_server.population_number	 	 	 	 	 	 	1707	 	 	 	1	0.816497	1	1		
0	http://www.w3.org/2004/02/skos/core#altLabel	 	 	 	 	 	 	 	Bay, Arkansas	 	 	1	0.816497	1	1		
0	http://www.wikidata.org/entity/P1566c	 	 	 	 	 	 	 	4100592	 	 	1	0.57735	1	1		
0	http://www.wikidata.org/entity/P18c	 	 	 	 	 	 	 	http://commons.wikimedia.org/wiki/File:Bay_AR_012.jpg	 	 	1	0.57735	1	1		
0	http://www.wikidata.org/entity/P2044c	 	 	 	 	 	 	 	70	 	 	1	0.57735	1	1		
0	http://www.wikidata.org/entity/P2046c	 	 	 	 	 	 	 	8805959	 	 	1	0.57735	1	1		
0	http://dbpedia.org/ontology/author	 	 	 	 	 	 	 	 	Gregori J. Martin	 	1	0.57735	1	1		
