score	dataset	dbpedia	freebase	dbpedia	freebase	yago-knowledge	dbpedia	freebase	yago-knowledge	dbpedia	freebase						
	entity	http://dbpedia.org/resource/Elsewhere_(Blatty_novel)	http://rdf.freebase.com/ns/m.04yd19b	http://dbpedia.org/resource/Elsewhere_(anthology)	http://rdf.freebase.com/ns/m.0gjwkv	http://yago-knowledge.org/resource/Elsewhere_(anthology)	http://dbpedia.org/resource/Elsewhere_(Zevin_novel)	http://rdf.freebase.com/ns/m.0287bn6	http://yago-knowledge.org/resource/Elsewhere_(Zevin_novel)	http://dbpedia.org/resource/Elsewhere_(band)	http://rdf.freebase.com/ns/m.01q43ss						
0	http://dbpedia.org/ontology/abstract	Elsewhere (2009) is a novel by William Peter Blatty, released on May 15, 2009 through Cemetery Dance	 	Elsewhere: An Anthology of Incredible Places is the third short story anthology published by the Can	 	 	Elsewhere is a 2005 young adult magical realist novel by Gabrielle Zevin.	 	 	Elsewhere is a band from Brisbane, Australia. They formed in 2000, & released a self-titled EP in 20	 	4	0.816497	0.39794	1		
2	http://dbpedia.org/ontology/author;http://rdf.freebase.com/ns/book.written_work.author	William Peter Blatty	William Peter Blatty	http://dbpedia.org/resource/Michael_Barry_(writer)	 	 	Gabrielle Zevin	Gabrielle Zevin	 	 	 	5	0.516398	0.30103	1		
0	http://dbpedia.org/ontology/country	United States	 	 	 	 	 	 	 	 	 	1	0.57735	1	1		
0	http://dbpedia.org/ontology/isbn	1-58767-083-6	 	0-9581390-1-6	 	 	 	 	 	 	 	2	0.816497	0.69897	1		
0	http://dbpedia.org/ontology/language;http://rdf.freebase.com/ns/book.written_work.original_language	English language	English Language	 	English Language	 	 	English Language	 	 	 	4	0.408248	0.39794	1		
2	http://dbpedia.org/ontology/literaryGenre;http://rdf.freebase.com/ns/book.book.genre;http://dbpedia.org/ontology/genre;http://rdf.freebase.com/ns/music.artist.genre	Horror fiction	Horror fiction	Speculative fiction	Anthology; Speculative fiction	 	Magic realism	Magic realism; Speculative fiction	 	Acoustic music	Acoustic music	8	0.516398	0.09691	1		
0	http://dbpedia.org/ontology/mediaType	Hardcover	 	Paperback	 	 	 	 	 	 	 	2	0.816497	0.69897	1		
1	http://dbpedia.org/ontology/numberOfPages	220	 	218	 	 	288	 	 	 	 	3	0.816497	0.522879	1		
0	http://dbpedia.org/ontology/oclc	310401734	 	 	 	 	 	 	 	 	 	1	0.57735	1	1		
0	http://dbpedia.org/ontology/publisher;http://purl.org/dc/elements/1.1/publisher	Cemetery Dance Publications	 	http://dbpedia.org/resource/CSFG_Publishing	 	 	Farrar Straus Giroux	 	 	 	 	3	0.57735	0.522879	1		
0	http://dbpedia.org/ontology/wikiPageExternalLink	http://www.cemeterydance.com/sh/blatty01.html; http://www.theninthconfiguration.com	 	http://www.asif.dreamhosters.com/doku.php?id=elsewhere	 	 	http://elsewherethenovel.tumblr.com/; http://www.gabriellezevin.com/	 	 	 	 	3	0.816497	0.522879	1		
3	http://dbpedia.org/ontology/wikiPageID;http://rdf.freebase.com/key/wikipedia.en_id	18690819	18690819	6714260	6714260	 	9401410	9401410	 	42433936	42433936	8	0.408248	0.09691	1		
0	http://dbpedia.org/ontology/wikiPageLength	6762	 	5023	 	 	6525	 	 	1444	 	4	0.816497	0.39794	1		
0	http://dbpedia.org/ontology/wikiPageOutDegree	18	 	52	 	 	24	 	 	15	 	4	0.816497	0.39794	1		
0	http://dbpedia.org/ontology/wikiPageRevisionID	734993050	 	740337828	 	 	740125203	 	 	739359650	 	4	0.816497	0.39794	1		
1	http://purl.org/dc/terms/subject;http://rdf.freebase.com/ns/book.written_work.subjects	American horror novels; Novels by William Peter Blatty	 	Australian books; Science fiction anthologies	 	 	American young adult novels	Death	 	2000 establishments in Australia; Australian pop music groups	 	5	0.816497	0.30103	1		
1	http://www.w3.org/1999/02/22-rdf-syntax-ns#type	http://purl.org/ontology/bibo/Book; written work	Inanimate; Work of Fiction	http://purl.org/ontology/bibo/Book; written work	Inanimate; Written Work	wikicat Australian books; wordnet object 100002684	http://purl.org/ontology/bibo/Book; written work	Award-Nominated Work; Work of Fiction	 	MusicGroup; Social person	Physically Instantiable	9	0.443607	0.045757	1		
3	http://www.w3.org/2000/01/rdf-schema#comment;http://rdf.freebase.com/ns/common.topic.description	Elsewhere (2009) is a novel by William Peter Blatty, released on May 15, 2009 through Cemetery Dance	Elsewhere is a novel by William Peter Blatty, released on May 15, 2009 through Cemetery Dance Public	Elsewhere: An Anthology of Incredible Places is the third short story anthology published by the Can	Elsewhere: An Anthology of Incredible Places is the third short story anthology published by the Can	 	Elsewhere is a 2005 young adult magical realist novel by Gabrielle Zevin.	Elsewhere is a 2005 young adult magical realist novel by Gabrielle Zevin.	 	Elsewhere is a band from Brisbane, Australia. They formed in 2000, & released a self-titled EP in 20	Elsewhere is a band from Brisbane, Australia. They formed in 2000, & released a self-titled EP in 20	8	0.540062	0.09691	1		
1	http://www.w3.org/2000/01/rdf-schema#label	Elsewhere (Blatty novel)	Elsewhere	Elsewhere (anthology)	Elsewhere	Elsewhere (anthology)	Elsewhere (Zevin novel)	Elsewhere	 	Elsewhere (band)	Elsewhere	9	0.408248	0.045757	1		
0	http://www.w3.org/2002/07/owl#sameAs	Elsewhere	 	Elsewhere	 	 	Elsewhere	 	 	Elsewhere	 	4	0.57735	0.39794	0		
0	http://www.w3.org/ns/prov#wasDerivedFrom	http://en.wikipedia.org/wiki/Elsewhere_(Blatty_novel)?oldid=734993050	 	http://en.wikipedia.org/wiki/Elsewhere_(anthology)?oldid=740337828	 	 	http://en.wikipedia.org/wiki/Elsewhere_(Zevin_novel)?oldid=740125203	 	 	http://en.wikipedia.org/wiki/Elsewhere_(band)?oldid=739359650	 	4	0.816497	0.39794	1		
1	http://xmlns.com/foaf/0.1/isPrimaryTopicOf;http://rdf.freebase.com/ns/common.topic.topic_equivalent_webpage	http://en.wikipedia.org/wiki/Elsewhere_(Blatty_novel)	http://en.wikipedia.org/wiki/Elsewhere_(Blatty_novel); http://en.wikipedia.org/wiki/index.html?curid	http://en.wikipedia.org/wiki/Elsewhere_(anthology)	http://en.wikipedia.org/wiki/Elsewhere_(anthology); http://en.wikipedia.org/wiki/index.html?curid=67	 	http://en.wikipedia.org/wiki/Elsewhere_(Zevin_novel)	http://en.wikipedia.org/wiki/Elsewhere_(Zevin_novel); http://it.wikipedia.org/wiki/Benvenuti_ad_Altr	 	http://en.wikipedia.org/wiki/Elsewhere_(band)	http://en.wikipedia.org/wiki/Elsewhere_(band); http://www.discogs.com/artist/24687	8	0.666667	0.09691	1		
0	http://xmlns.com/foaf/0.1/name	Elsewhere	 	Elsewhere	 	 	Elsewhere	 	 	Elsewhere	 	4	0.57735	0.39794	1		
0	http://rdf.freebase.com/key/dataworld.freeq	 	job_1fd95176-50b6-4ba0-86d6-ef34dfdf2b5f_var_en_wikipedia_org_wiki_Elsewhere_(Blatty_novel)	 	 	 	 	 	 	 	job_4a31e6c8-179d-47ec-8bd9-6bfedbd6a3e5_var_en_wikipedia_org_wiki_Elsewhere_(band)	2	0.816497	0.69897	1		
1	http://rdf.freebase.com/key/wikipedia.en	 	Elsewhere_(Blatty_novel)	 	Elsewhere:_An_Anthology_of_Incredible_Places	 	 	Elsewhere_(2005_novel)	 	 	Elsewhere_(band)	4	0.816497	0.39794	1		
1	http://rdf.freebase.com/key/wikipedia.en_title	 	Elsewhere_(Blatty_novel)	 	Elsewhere_(anthology)	 	 	Elsewhere_(Zevin_novel)	 	 	Elsewhere_(band)	4	0.816497	0.39794	1		
1	http://rdf.freebase.com/ns/book.written_work.date_of_first_publication;http://yago-knowledge.org/resource/wasCreatedOnDate	 	2009/5/15	 	3-Oct	2003/10/1	 	2005	 	 	 	4	0.816497	0.39794	1		
0	http://rdf.freebase.com/ns/common.topic.article	 	Elsewhere (2009) is a novel by William Peter Blatty, released on May 15, 2009 through Cemetery Dance	 	Elsewhere: An Anthology of Incredible Places is the third short story anthology published by the Can	 	 	Elsewhere is a 2005 young adult fantasy novel by Gabrielle Zevin. Elsewhere tells the story of a fif	 	 	 	3	0.816497	0.522879	1		
0	http://rdf.freebase.com/ns/common.topic.notable_for	 	Horror Book	 	Speculative Fiction Book	 	 	Fantasy Book	 	 	Music Artist	4	0.816497	0.39794	1		
0	http://rdf.freebase.com/ns/common.topic.notable_types	 	Book	 	Book	 	 	Book	 	 	Musical Artist	4	0.408248	0.39794	1		
0	http://rdf.freebase.com/ns/kg.object_profile.prominent_type	 	Book	 	Book	 	 	Book	 	 	Musical Artist	4	0.408248	0.39794	1		
0	http://rdf.freebase.com/ns/type.object.key	 	/dataworld/freeq/job_1fd95176-50b6-4ba0-86d6-ef34dfdf2b5f_var_en_wikipedia_org_wiki_Elsewhere_(Blatt	 	/wikipedia/en/Elsewhere:_An_Anthology_of_Incredible_Places; /wikipedia/en_id/6714260	 	 	/authority/isfdb/title_id/886032; /authority/openlibrary/book/OL3308687M	 	 	/authority/discogs/artist/24687; /authority/facebook/elsewhere808	4	0.816497	0.39794	1		
0	http://rdf.freebase.com/ns/type.object.name	 	Elsewhere	 	Elsewhere	 	 	Elsewhere	 	 	Elsewhere	4	0.57735	0.39794	1		
0	http://rdf.freebase.com/ns/type.object.type	 	Inanimate; Work of Fiction	 	Inanimate; Written Work	 	 	Award-Nominated Work; Work of Fiction	 	 	Physically Instantiable	4	0.408248	0.39794	1		
0	http://dbpedia.org/ontology/coverArtist	 	 	http://dbpedia.org/resource/Les_Petersen	 	 	 	 	 	 	 	1	0.57735	1	1		
0	http://rdf.freebase.com/key/en	 	 	 	elsewhere	 	 	 	 	 	 	1	0.57735	1	1		
0	http://www.w3.org/2004/02/skos/core#prefLabel	 	 	 	 	Elsewhere (anthology)	 	 	 	 	 	1	0.57735	1	1		
0	http://yago-knowledge.org/resource/hasCitationTitle	 	 	 	 	Bibliography: Elsewhere: An Anthology of Incredible Places; Publication Listing	 	 	 	 	 	1	0.816497	1	1		
0	http://yago-knowledge.org/resource/hasPages	 	 	 	 	218	 	 	 	 	 	1	0.57735	1	1		
0	http://yago-knowledge.org/resource/hasWikipediaAnchorText	 	 	 	 	Agog! Terrific Tales; CSFG Publishing	 	 	Elsewhere (2005 novel)	 	 	2	0.816497	0.69897	1		
0	http://yago-knowledge.org/resource/hasWikipediaArticleLength	 	 	 	 	5388	 	 	 	 	 	1	0.57735	1	1		
0	http://yago-knowledge.org/resource/hasWikipediaUrl	 	 	 	 	http://en.wikipedia.org/wiki/Elsewhere_%28anthology%29	 	 	 	 	 	1	0.57735	1	1		
0	http://yago-knowledge.org/resource/linksTo	 	 	 	 	Aurealis Award for best science fiction short story; Chuck McKenzie	 	 	 	 	 	1	0.816497	1	1		
0	http://yago-knowledge.org/resource/redirectedFrom	 	 	 	 	Elsewhere: An Anthology of Incredible Places	 	 	 	 	 	1	0.816497	1	1		
0	http://xmlns.com/foaf/0.1/homepage	 	 	 	 	 	http://elsewherethenovel.tumblr.com/	 	 	 	 	1	0.57735	1	1		
0	http://rdf.freebase.com/key/authority.isfdb.title_id	 	 	 	 	 	 	886032	 	 	 	1	0.57735	1	1		
0	http://rdf.freebase.com/key/authority.openlibrary.book	 	 	 	 	 	 	OL3308687M	 	 	 	1	0.816497	1	1		
0	http://rdf.freebase.com/ns/award.award_nominated_work.award_nominations	 	 	 	 	 	 	Carnegie Medal	 	 	 	1	0.57735	1	1		
0	http://rdf.freebase.com/ns/book.book.editions	 	 	 	 	 	 	En Otro Lugar/ Elsewhere	 	 	 	1	0.218218	1	1		
0	http://rdf.freebase.com/ns/book.written_work.isfdb_id	 	 	 	 	 	 	886032	 	 	 	1	0.57735	1	1		
0	http://rdf.freebase.com/ns/common.topic.alias	 	 	 	 	 	 	En Otro Lugar/ Elsewhere	 	 	 	1	0.57735	1	1		
0	http://dbpedia.org/ontology/activeYearsEndYear	 	 	 	 	 	 	 	 	2003	 	1	0.57735	1	1		
0	http://dbpedia.org/ontology/activeYearsStartYear	 	 	 	 	 	 	 	 	2002	 	1	0.57735	1	1		
0	http://dbpedia.org/ontology/associatedBand	 	 	 	 	 	 	 	 	Kate Miller-Heidke	 	1	0.57735	1	1		
0	http://dbpedia.org/ontology/associatedMusicalArtist	 	 	 	 	 	 	 	 	Kate Miller-Heidke	 	1	0.57735	1	1		
0	http://dbpedia.org/ontology/background	 	 	 	 	 	 	 	 	group_or_band	 	1	0.57735	1	1		
0	http://dbpedia.org/ontology/formerBandMember	 	 	 	 	 	 	 	 	Kate Miller-Heidke	 	1	0.57735	1	1		
0	http://dbpedia.org/ontology/hometown	 	 	 	 	 	 	 	 	Brisbane	 	1	0.57735	1	1		
0	http://rdf.freebase.com/key/authority.discogs.artist	 	 	 	 	 	 	 	 	 	24687	1	0.57735	1	1		
0	http://rdf.freebase.com/key/authority.facebook	 	 	 	 	 	 	 	 	 	elsewhere808	1	0.57735	1	1		
0	http://rdf.freebase.com/key/authority.musicbrainz	 	 	 	 	 	 	 	 	 	3c4ead86-cbfd-4756-9858-bc122762b4df	1	0.57735	1	1		
0	http://rdf.freebase.com/key/authority.musicbrainz.artist	 	 	 	 	 	 	 	 	 	3c4ead86-cbfd-4756-9858-bc122762b4df	1	0.57735	1	1		
0	http://rdf.freebase.com/ns/common.topic.social_media_presence	 	 	 	 	 	 	 	 	 	http://www.facebook.com/elsewhere808	1	0.57735	1	1		
0	http://rdf.freebase.com/ns/music.artist.album	 	 	 	 	 	 	 	 	 	Elsewhere; Karaoke Echo No. 1	1	0.57735	1	1		
0	http://rdf.freebase.com/ns/music.artist.label	 	 	 	 	 	 	 	 	 	Independent record label	1	0.57735	1	1		
0	http://rdf.freebase.com/ns/music.artist.origin	 	 	 	 	 	 	 	 	 	Brisbane	1	0.57735	1	1		
0	http://rdf.freebase.com/ns/music.artist.track	 	 	 	 	 	 	 	 	 	A Portrait of a Very Extraordinary City; Butterfly Wings	1	0.816497	1	1		
