score	dataset	sw.opencyc	dbpedia	freebase	wikidata	dbpedia	freebase	wikidata	yago-knowledge	dbpedia	wikidata				
	entity	http://sw.opencyc.org/concept/Mx4rvVjfjpwpEbGdrcN5Y29ycA	http://dbpedia.org/resource/Apple_Inc.	http://rdf.freebase.com/ns/m.0k8z	http://www.wikidata.org/entity/Q312	http://dbpedia.org/resource/Apple_Corps	http://rdf.freebase.com/ns/m.02_7z_	http://www.wikidata.org/entity/Q621231	http://yago-knowledge.org/resource/Apple_Corps	http://dbpedia.org/resource/Apple_Store	http://www.wikidata.org/entity/Q421253				
3	http://sw.cyc.com/CycAnnotations_v1#label;http://www.w3.org/2000/01/rdf-schema#label	Apple Computer	Apple Inc.	Apple Inc.; アップルコンピュータ	Apple Inc.	Apple Corps	Apple Corps	Apple Corps	Apple Corps	Apple Store	Apple Store	10	0.358057	0	1
2	http://sw.opencyc.org/concept/Mx4rNv0nbm4TTjOp7yhmnzOyqg;http://xmlns.com/foaf/0.1/isPrimaryTopicOf;http://rdf.freebase.com/ns/common.topic.topic_equivalent_webpage	http://en.wikipedia.org/wiki/Apple_Inc.	http://en.wikipedia.org/wiki/Apple_Inc.	http://bg.wikipedia.org/wiki/%10%3F%4A%3B_(%3A%3E%3C%3F%30%3D%38%4F); http://openlibrary.org/authors	 	http://en.wikipedia.org/wiki/Apple_Corps	http://de.wikipedia.org/wiki/Apple_Corps; http://de.wikipedia.org/wiki/index.html?curid=1066601	 	 	http://en.wikipedia.org/wiki/Apple_Store	 	6	0.800362	0.221849	1
0	http://sw.opencyc.org/concept/Mx4rTv-jk9SPTXa991kk5mAvHg	Apple_Inc.	 	 	 	 	 	 	 	 	 	1	0.57735	1	1
0	http://sw.opencyc.org/concept/Mx4rwLSVCpwpEbGdrcN5Y29ycA	Apple Computer, Inc.	 	 	 	 	 	 	 	 	 	1	0.816497	1	1
1	http://www.w3.org/1999/02/22-rdf-syntax-ns#type;http://www.wikidata.org/entity/P31c	S&P 500 corporation; computer manufacturer	Social person; Spatial Thing	Typeface Foundry; Architectural structure owner	business enterprise; public company	Social person; organisation	Award Nominee; Business Operation	business enterprise	wikicat British record labels; wordnet company 108058098	Social person; organisation	business enterprise	10	0.536543	0	1
3	http://www.w3.org/2000/01/rdf-schema#comment;http://rdf.freebase.com/ns/common.topic.description	Developer of the MacIntosh PC.	Apple Inc. is an American multinational technology company headquartered in Cupertino, California, t	Apple Inc. is an American multinational technology company headquartered in Cupertino, California, t	 	Apple Corps Ltd (informally known as Apple) is a multi-armed multimedia corporation founded in Londo	Apple Corps Ltd is a multi-armed multimedia corporation founded in London in January 1968 by the mem	 	 	Apple Store is a chain of retail stores owned and operated by Apple Inc., dealing with computers and	 	6	0.723747	0.221849	1
0	http://www.w3.org/2002/07/owl#sameAs	http://sw.cyc.com/concept/Mx4rvVjfjpwpEbGdrcN5Y29ycA	 	 	 	 	 	 	 	Apple Store	 	2	0.816497	0.69897	0
0	http://dbpedia.org/ontology/abstract	 	Apple Inc. is an American multinational technology company headquartered in Cupertino, California, t	 	 	Apple Corps Ltd (informally known as Apple) is a multi-armed multimedia corporation founded in Londo	 	 	 	Apple Store is a chain of retail stores owned and operated by Apple Inc., dealing with computers and	 	3	0.816497	0.522879	1
0	http://dbpedia.org/ontology/assets	 	3.05E+11	 	 	 	 	 	 	 	 	1	0.57735	1	1
0	http://dbpedia.org/ontology/equity	 	1.75E+11	 	 	 	 	 	 	 	 	1	0.57735	1	1
1	http://dbpedia.org/ontology/industry;http://www.wikidata.org/entity/P452c	 	Computer hardware; Corporate Venture Capital	 	computer hardware; consumer electronics	Entertainment	 	 	 	Computer hardware; Consumer electronics	retail	5	0.740959	0.30103	1
0	http://dbpedia.org/ontology/keyPerson	 	Arthur D. Levinson; Jeff Williams (Apple)	 	 	Jeff Jones (music industry executive)	 	 	 	Angela Ahrendts; Phil Schiller	 	3	0.745356	0.522879	1
0	http://dbpedia.org/ontology/locationCity	 	Apple Campus; Cupertino, California	 	 	 	 	 	 	 	 	1	0.816497	1	1
0	http://dbpedia.org/ontology/netIncome	 	53394000000	 	 	 	 	 	 	 	 	1	0.57735	1	1
0	http://dbpedia.org/ontology/numberOfEmployees	 	115000	 	 	 	 	 	 	 	 	1	0.57735	1	1
0	http://dbpedia.org/ontology/numberOfLocations	 	478	 	 	 	 	 	 	1	 	2	0.816497	0.69897	1
0	http://dbpedia.org/ontology/operatingIncome	 	71230000000	 	 	 	 	 	 	 	 	1	0.57735	1	1
0	http://dbpedia.org/ontology/product	 	Apple TV; Macintosh	 	 	 	 	 	 	Apple TV; Macintosh	 	2	0.62361	0.69897	1
0	http://dbpedia.org/ontology/revenue	 	2.34E+11	 	 	 	 	 	 	 	 	1	0.57735	1	1
0	http://dbpedia.org/ontology/service	 	Apple Store (online); IBooks Store	 	 	 	 	 	 	 	 	1	0.816497	1	1
0	http://dbpedia.org/ontology/subsidiary	 	Beats Electronics; Braeburn Capital	 	 	 	 	 	 	 	 	1	0.816497	1	1
0	http://dbpedia.org/ontology/thumbnail	 	http://commons.wikimedia.org/wiki/Special:FilePath/Apple_Headquarters_in_Cupertino.jpg?width=300	 	 	 	 	 	 	http://commons.wikimedia.org/wiki/Special:FilePath/Apple_Store_LA.jpg?width=300	 	2	0.816497	0.69897	1
0	http://dbpedia.org/ontology/type	 	Public company	 	 	Limited company	 	 	 	 	 	2	0.816497	0.69897	1
0	http://dbpedia.org/ontology/wikiPageExternalLink	 	http://www.apple.com	 	 	http://www.rockmine.com/Beatles/BeatleCo.html	 	 	 	http://www.roughlydrafted.com/RD/Q4.06/1DDD598A-7CE0-479E-A6F9-912777CAB484.html; https://www.apple.	 	3	0.816497	0.522879	1
2	http://dbpedia.org/ontology/wikiPageID;http://rdf.freebase.com/key/wikipedia.en_id	 	856	856	 	646886	646886	 	 	501016	 	5	0.516398	0.30103	1
0	http://dbpedia.org/ontology/wikiPageLength	 	215352	 	 	48365	 	 	 	49536	 	3	0.816497	0.522879	1
0	http://dbpedia.org/ontology/wikiPageOutDegree	 	786	 	 	231	 	 	 	216	 	3	0.816497	0.522879	1
0	http://dbpedia.org/ontology/wikiPageRevisionID	 	745255457	 	 	700546536	 	 	 	745235602	 	3	0.816497	0.522879	1
0	http://purl.org/dc/terms/subject	 	1976 establishments in California; Computer hardware companies	 	 	1968 establishments in England; Apple Corps	 	 	 	2001 establishments in California; American companies established in 2001	 	3	0.816497	0.522879	1
0	http://www.georss.org/georss/point	 	37.33182 -122.03118	 	 	 	 	 	 	 	 	1	0.57735	1	1
0	http://www.w3.org/2000/01/rdf-schema#seeAlso	 	List of Macintosh software; Timeline of Macintosh models	 	 	 	 	 	 	 	 	1	0.816497	1	1
0	http://www.w3.org/2003/01/geo/wgs84_pos#lat	 	37.332	 	 	 	 	 	 	 	 	1	0.57735	1	1
0	http://www.w3.org/2003/01/geo/wgs84_pos#long	 	-122.031	 	 	 	 	 	 	 	 	1	0.57735	1	1
0	http://www.w3.org/ns/prov#wasDerivedFrom	 	http://en.wikipedia.org/wiki/Apple_Inc.?oldid=745255457	 	 	http://en.wikipedia.org/wiki/Apple_Corps?oldid=700546536	 	 	 	http://en.wikipedia.org/wiki/Apple_Store?oldid=745235602	 	3	0.816497	0.522879	1
0	http://xmlns.com/foaf/0.1/depiction	 	http://commons.wikimedia.org/wiki/Special:FilePath/Apple_Headquarters_in_Cupertino.jpg	 	 	 	 	 	 	http://commons.wikimedia.org/wiki/Special:FilePath/Apple_Store_LA.jpg	 	2	0.816497	0.69897	1
2	http://xmlns.com/foaf/0.1/homepage;http://rdf.freebase.com/ns/common.topic.official_website;http://yago-knowledge.org/resource/hasWebsite	 	http://www.apple.com	http://www.apple.com/	 	 	http://www.thebeatles.com/	 	http://www.applecorps.com/	http://www.apple.com/retail	 	5	0.816497	0.30103	1
0	http://xmlns.com/foaf/0.1/name	 	Apple Inc.	 	 	Apple Corps Ltd.	 	 	 	Apple Store	 	3	0.816497	0.522879	1
0	http://rdf.freebase.com/key/authority.crunchbase.company	 	 	apple	 	 	 	 	 	 	 	1	0.57735	1	1
0	http://rdf.freebase.com/key/authority.daylife.topic	 	 	0gFaagJ8AT2kA	 	 	 	 	 	 	 	1	0.57735	1	1
0	http://rdf.freebase.com/key/authority.giantbomb.company	 	 	65-5815	 	 	 	 	 	 	 	1	0.57735	1	1
0	http://rdf.freebase.com/key/authority.mobygames.company	 	 	apple-inc	 	 	 	 	 	 	 	1	0.57735	1	1
1	http://rdf.freebase.com/key/authority.openlibrary.author;http://rdf.freebase.com/ns/book.author.openlibrary_id;http://www.wikidata.org/entity/P648c	 	 	OL2669746A	OL2669746A	 	 	 	 	 	 	2	0.370479	0.69897	1
0	http://rdf.freebase.com/key/base.ranker.rankerurlname	 	 	apple-inc-/481290	 	 	 	 	 	 	 	1	0.57735	1	1
0	http://rdf.freebase.com/key/business.cik	 	 	320193	 	 	 	 	 	 	 	1	0.57735	1	1
0	http://rdf.freebase.com/key/en	 	 	apple_computer	 	 	apple_corps	 	 	 	 	2	0.816497	0.69897	1
0	http://rdf.freebase.com/key/source.corpwatch	 	 	2660	 	 	 	 	 	 	 	1	0.57735	1	1
0	http://rdf.freebase.com/key/user.avh.ellerdale	 	 	0080-0088	 	 	009c-3241	 	 	 	 	2	0.816497	0.69897	1
0	http://rdf.freebase.com/key/user.jamie.nytdataid	 	 	6.15E+18	 	 	 	 	 	 	 	1	0.57735	1	1
0	http://rdf.freebase.com/key/wikipedia.en	 	 	Apple_(technology_company); Apple_Computer_Incorporated	 	 	Apple_recording_studio; Beatles,_Ltd.	 	 	 	 	2	0.816497	0.69897	1
0	http://rdf.freebase.com/key/wikipedia.en_title	 	 	Apple_Inc.	 	 	Apple_Corps	 	 	 	 	2	0.816497	0.69897	1
0	http://rdf.freebase.com/ns/architecture.architectural_structure_owner.structures_owned	 	 	Apple Store, Fifth Avenue	 	 	 	 	 	 	 	1	0.57735	1	1
0	http://rdf.freebase.com/ns/award.award_nominee.award_nominations	 	 	Clio Award for Design	 	 	BAFTA Games Award for Best Family and Social Game; BAFTA Games Award for Best Game (Public Vote)	 	 	 	 	2	0.516398	0.69897	1
0	http://rdf.freebase.com/ns/award.award_winner.awards_won	 	 	Technology & Engineering Emmy Award for Streaming Media Architectures and Components; Technology & E	 	 	 	 	 	 	 	1	0.57735	1	1
0	http://rdf.freebase.com/ns/award.ranked_item.appears_in_ranked_lists	 	 	http://rdf.freebase.com/ns/m.07y9dw2	 	 	 	 	 	 	 	1	0.816497	1	1
0	http://rdf.freebase.com/ns/base.engineeringdraft.product_designer.product	 	 	iPod	 	 	 	 	 	 	 	1	0.57735	1	1
0	http://rdf.freebase.com/ns/base.giftcards.gift_card_issuer.gift_cards	 	 	iTunes Gift Card	 	 	 	 	 	 	 	1	0.816497	1	1
0	http://rdf.freebase.com/ns/base.popstra.company.product_endorser	 	 	Justin Long	 	 	 	 	 	 	 	1	0.57735	1	1
0	http://rdf.freebase.com/ns/base.popstra.company.shopping_choice	 	 	Clive Owen; Jimmy Fallon	 	 	 	 	 	 	 	1	0.816497	1	1
0	http://rdf.freebase.com/ns/base.popstra.product.sold_to	 	 	Matthew McConaughey	 	 	 	 	 	 	 	1	0.57735	1	1
0	http://rdf.freebase.com/ns/base.schemastaging.organization_extra.contact_webpage	 	 	http://support.apple.com/kb/HE57	 	 	 	 	 	 	 	1	0.57735	1	1
0	http://rdf.freebase.com/ns/base.schemastaging.organization_extra.contact_webpages	 	 	http://rdf.freebase.com/ns/m.010wyb92	 	 	 	 	 	 	 	1	0.57735	1	1
0	http://rdf.freebase.com/ns/base.schemastaging.organization_extra.phone_number	 	 	(020) 100 529; (408) 974-2042	 	 	 	 	 	 	 	1	0.816497	1	1
0	http://rdf.freebase.com/ns/base.technologyofdoing.proposal_agent.practices	 	 	Directly Responsible Individual	 	 	 	 	 	 	 	1	0.57735	1	1
0	http://rdf.freebase.com/ns/base.typefaces.typeface_foundry.typefaces	 	 	San Francisco	 	 	 	 	 	 	 	1	0.816497	1	1
0	http://rdf.freebase.com/ns/book.author.works_written	 	 	Apple Guide Complete; Inside AppleTalk	 	 	 	 	 	 	 	1	0.816497	1	1
0	http://rdf.freebase.com/ns/book.book_subject.works	 	 	Apple: The Inside Story of Intrigue, Egomania, and Business Blunders; Computer networks	 	 	 	 	 	 	 	1	0.816497	1	1
0	http://rdf.freebase.com/ns/book.publishing_company.books_published	 	 	So Far: The First Ten Years of a Vision	 	 	 	 	 	 	 	1	0.57735	1	1
0	http://rdf.freebase.com/ns/business.business_operation.assets	 	 	1.16E+11	 	 	 	 	 	 	 	1	0.816497	1	1
0	http://rdf.freebase.com/ns/business.business_operation.competitive_space	 	 	Smartphone	 	 	 	 	 	 	 	1	0.57735	1	1
0	http://rdf.freebase.com/ns/business.business_operation.current_assets	 	 	36265000000	 	 	 	 	 	 	 	1	0.816497	1	1
0	http://rdf.freebase.com/ns/business.business_operation.current_liabilities	 	 	19282000000	 	 	 	 	 	 	 	1	0.816497	1	1
0	http://rdf.freebase.com/ns/business.business_operation.industry	 	 	Consumer electronics; Digital distribution	 	 	Arts, Entertainment, and Recreation	 	 	 	 	2	0.816497	0.69897	1
0	http://rdf.freebase.com/ns/business.business_operation.liabilities	 	 	26019000000	 	 	 	 	 	 	 	1	0.816497	1	1
0	http://rdf.freebase.com/ns/business.business_operation.net_profit	 	 	1989000000	 	 	 	 	 	 	 	1	0.816497	1	1
0	http://rdf.freebase.com/ns/business.business_operation.operating_income	 	 	33790000000	 	 	 	 	 	 	 	1	0.816497	1	1
0	http://rdf.freebase.com/ns/business.business_operation.retained_earnings	 	 	19538000000	 	 	 	 	 	 	 	1	0.816497	1	1
0	http://rdf.freebase.com/ns/business.business_operation.revenue	 	 	1.08E+11	 	 	 	 	 	 	 	1	0.816497	1	1
0	http://rdf.freebase.com/ns/business.consumer_company.brands	 	 	Macintosh; Retina Display	 	 	 	 	 	 	 	1	0.816497	1	1
0	http://rdf.freebase.com/ns/business.consumer_company.product_lines	 	 	Apple Watch; MacBook family	 	 	 	 	 	 	 	1	0.816497	1	1
0	http://rdf.freebase.com/ns/business.consumer_company.products	 	 	Apple 8GB 4th Generation iPod Nano; Apple Battery Charger	 	 	 	 	 	 	 	1	0.816497	1	1
0	http://rdf.freebase.com/ns/business.employer.employees	 	 	Doug Cutting; Rob Schoeben	 	 	Jeff Jones	 	 	 	 	2	0.723747	0.69897	1
0	http://rdf.freebase.com/ns/business.employer.number_of_employees	 	 	80000	 	 	 	 	 	 	 	1	0.57735	1	1
0	http://rdf.freebase.com/ns/business.issuer.issue	 	 	APPLE INC Common Stock	 	 	 	 	 	 	 	1	0.57735	1	1
0	http://rdf.freebase.com/ns/common.identity.daylife_topic	 	 	0gFaagJ8AT2kA	 	 	 	 	 	 	 	1	0.57735	1	1
0	http://rdf.freebase.com/ns/common.topic.alias	 	 	Apple Computer Company	 	 	 	 	 	 	 	1	0.816497	1	1
1	http://rdf.freebase.com/ns/common.topic.article;http://schema.org/description	 	 	Apple Inc. (NASDAQ: AAPL; formerly Apple Computer, Inc.) is an American multinational corporation th	American multinational technology corporation	 	Apple Corps Ltd (informally known as Apple) is a multi-armed multimedia corporation founded in Londo	company formed by The Beatles	 	 	chain of retail stores	5	0.816497	0.30103	1
0	http://rdf.freebase.com/ns/common.topic.image	 	 	200px-Apple_Computer_Logo_rainbow_svg.png	 	 	 	 	 	 	 	1	0.816497	1	1
0	http://rdf.freebase.com/ns/common.topic.notable_for	 	 	Computer hardware Business	 	 	Music Business	 	 	 	 	2	0.816497	0.69897	1
0	http://rdf.freebase.com/ns/common.topic.notable_types	 	 	Publisher	 	 	Production company	 	 	 	 	2	0.816497	0.69897	1
0	http://rdf.freebase.com/ns/common.topic.topical_webpage	 	 	http://topics.nytimes.com/top/news/business/companies/apple_computer_inc/index.html; http://www.geot	 	 	 	 	 	 	 	1	0.816497	1	1
0	http://rdf.freebase.com/ns/common.topic.webpage	 	 	Apple Inc.; New York Times	 	 	Beatles videogame slated for 2009, but still no iTunes; Coming soon to your iPod: the Beatles?	 	 	 	 	2	0.816497	0.69897	1
0	http://rdf.freebase.com/ns/common.webpage.topic	 	 	Apple Inc.	 	 	 	 	 	 	 	1	0.57735	1	1
0	http://rdf.freebase.com/ns/computer.computer_manufacturer_brand.computer_lines	 	 	Apple II; Macintosh	 	 	 	 	 	 	 	1	0.816497	1	1
0	http://rdf.freebase.com/ns/computer.computer_manufacturer_brand.computer_models	 	 	Apple II Plus; Macintosh Quadra 605	 	 	 	 	 	 	 	1	0.809956	1	1
0	http://rdf.freebase.com/ns/computer.operating_system_developer.operating_systems_developed	 	 	Mac OS X Server 1.0; Mac OS X Snow Leopard	 	 	 	 	 	 	 	1	0.816497	1	1
0	http://rdf.freebase.com/ns/computer.processor_manufacturer.processors_manufactured	 	 	Apple A4	 	 	 	 	 	 	 	1	0.57735	1	1
0	http://rdf.freebase.com/ns/computer.programming_language_designer.languages_designed	 	 	NewtonScript; Object Pascal	 	 	 	 	 	 	 	1	0.816497	1	1
0	http://rdf.freebase.com/ns/computer.programming_language_developer.programming_languages_developed	 	 	NewtonScript; Objective-C	 	 	 	 	 	 	 	1	0.816497	1	1
0	http://rdf.freebase.com/ns/computer.software_developer.software	 	 	OS X Yosemite; Accessibility Inspector	 	 	 	 	 	 	 	1	0.816497	1	1
0	http://rdf.freebase.com/ns/cvg.cvg_developer.game_versions_developed	 	 	Chinese Checkers; Music Quiz	 	 	 	 	 	 	 	1	0.816497	1	1
0	http://rdf.freebase.com/ns/cvg.cvg_developer.games_developed	 	 	Chess	 	 	 	 	 	 	 	1	0.816497	1	1
0	http://rdf.freebase.com/ns/cvg.cvg_publisher.game_versions_published	 	 	Alternate Endings; Chinese Checkers	 	 	 	 	 	 	 	1	0.816497	1	1
0	http://rdf.freebase.com/ns/cvg.cvg_publisher.games_published	 	 	Apple Trek; Fieldrunners	 	 	 	 	 	 	 	1	0.816497	1	1
0	http://rdf.freebase.com/ns/dataworld.gardening_hint.split_to	 	 	Criticism of Apple Inc.	 	 	 	 	 	 	 	1	0.57735	1	1
0	http://rdf.freebase.com/ns/freebase.valuenotation.is_reviewed	 	 	Date founded; Headquarters	 	 	Place founded	 	 	 	 	2	0.816497	0.69897	1
0	http://rdf.freebase.com/ns/internet.top_level_domain_sponsor.domains	 	 	local	 	 	 	 	 	 	 	1	0.57735	1	1
0	http://rdf.freebase.com/ns/internet.website_category.sites	 	 	iPadizate	 	 	 	 	 	 	 	1	0.57735	1	1
0	http://rdf.freebase.com/ns/internet.website_owner.websites_owned	 	 	Apple Store	 	 	 	 	 	 	 	1	0.816497	1	1
0	http://rdf.freebase.com/ns/internet.website_owner.websites_owned_new	 	 	Apple Store; Beats Music	 	 	 	 	 	 	 	1	0.816497	1	1
0	http://rdf.freebase.com/ns/kg.object_profile.prominent_type	 	 	Publisher	 	 	Production company	 	 	 	 	2	0.816497	0.69897	1
0	http://rdf.freebase.com/ns/law.inventor.inventions	 	 	Apple Lisa	 	 	 	 	 	 	 	1	0.57735	1	1
0	http://rdf.freebase.com/ns/law.litigant.party_to_cases	 	 	Motorola Mobility v. Apple Inc.	 	 	 	 	 	 	 	1	0.816497	1	1
0	http://rdf.freebase.com/ns/organization.organization.board_members	 	 	Andrea Jung; Eric Schmidt	 	 	Jeff Jones; Neil Aspinall	 	 	 	 	2	0.745356	0.69897	1
0	http://rdf.freebase.com/ns/organization.organization.child;http://www.wikidata.org/entity/P355c;http://yago-knowledge.org/resource/owns	 	 	Apple Sales International; Authentec, Inc.	Apple Store; FingerWorks	 	Apple Boutique; Apple Electronics	Apple Records	Apple Boutique	 	 	5	0.632456	0.30103	1
0	http://rdf.freebase.com/ns/organization.organization.companies_acquired	 	 	Beats Electronics; Power Computing Corporation	 	 	 	 	 	 	 	1	0.816497	1	1
2	http://rdf.freebase.com/ns/organization.organization.date_founded;http://www.wikidata.org/entity/P571c;http://yago-knowledge.org/resource/wasCreatedOnDate	 	 	1976/4/1	1976/4/1	 	1967	1967	1967/1/1	 	2001/5/19	6	0.57735	0.221849	1
2	http://rdf.freebase.com/ns/organization.organization.founders;http://www.wikidata.org/entity/P112c;http://dbpedia.org/ontology/foundedBy	 	 	Ronald Wayne; Steve Wozniak	Ronald Wayne; Steve Wozniak	 	George Harrison; John Lennon	The Beatles	 	Ron Johnson (businessman)	Ron Johnson	6	0.660225	0.221849	1
1	http://rdf.freebase.com/ns/organization.organization.headquarters;http://www.wikidata.org/entity/P17c;http://www.wikidata.org/entity/P159c;http://yago-knowledge.org/resource/isLocatedIn	 	 	http://rdf.freebase.com/ns/m.0235p25	United States of America	 	http://rdf.freebase.com/ns/m.06wgbr1	London	United Kingdom	 	United States of America	6	0.617213	0.221849	1
0	http://rdf.freebase.com/ns/organization.organization.leadership	 	 	Angela Ahrendts; Bertrand Serlet	 	 	 	 	 	 	 	1	0.816497	1	1
0	http://rdf.freebase.com/ns/organization.organization.legal_structure	 	 	Publicly listed company	 	 	Limited company	 	 	 	 	2	0.816497	0.69897	1
0	http://rdf.freebase.com/ns/organization.organization.locations	 	 	Apple Inc., Barton Creek Square; Apple Inc., Burlington Mall	 	 	 	 	 	 	 	1	0.816497	1	1
0	http://rdf.freebase.com/ns/organization.organization.phone_number	 	 	1-800-676-2775	 	 	 	 	 	 	 	1	0.57735	1	1
0	http://rdf.freebase.com/ns/organization.organization.place_founded	 	 	Cupertino	 	 	London	 	 	 	 	2	0.816497	0.69897	1
0	http://rdf.freebase.com/ns/organization.organization.previous_names	 	 	http://rdf.freebase.com/ns/m.0_8tj8y	 	 	 	 	 	 	 	1	0.816497	1	1
0	http://rdf.freebase.com/ns/organization.organization.sectors	 	 	Technology	 	 	 	 	 	 	 	1	0.57735	1	1
0	http://rdf.freebase.com/ns/organization.organization.slogan	 	 	The Computer for The Rest of Us; Think Different	 	 	 	 	 	 	 	1	0.816497	1	1
0	http://rdf.freebase.com/ns/organization.organization.spin_offs	 	 	Claris	 	 	Apple Boutique	 	 	 	 	2	0.816497	0.69897	1
0	http://rdf.freebase.com/ns/organization.organization_partnership.members	 	 	Burberry	 	 	 	 	 	 	 	1	0.816497	1	1
0	http://rdf.freebase.com/ns/projects.project_participant.projects	 	 	Design and Creation of the Stanford Hospital Corporate Partners Program; Founding of Cooligy	 	 	 	 	 	 	 	1	0.816497	1	1
0	http://rdf.freebase.com/ns/topic_server.webref_cluster_members_type	 	 	Business Operation; Computer Manufacturer/Brand	 	 	 	 	 	 	 	1	0.816497	1	1
0	http://rdf.freebase.com/ns/type.object.key	 	 	/wikipedia/tl/Macintosh; /authority/crunchbase/company/apple	 	 	/user/avh/ellerdale/009c-3241; /wikipedia/de_id/1066601	 	 	 	 	2	0.816497	0.69897	1
0	http://rdf.freebase.com/ns/type.object.name	 	 	Apple Inc.	 	 	Apple Corps	 	 	 	 	2	0.816497	0.69897	1
0	http://rdf.freebase.com/ns/type.object.type	 	 	Typeface Foundry; Architectural structure owner	 	 	Award Nominee; Business Operation	 	 	 	 	2	0.63994	0.69897	1
0	http://rdf.freebase.com/ns/user.avh.default_domain.ellerdale_topic.ellerdale_id	 	 	0080-0088	 	 	009c-3241	 	 	 	 	2	0.816497	0.69897	1
0	http://rdf.freebase.com/ns/user.micahsaul.advertising.advertiser.ad_campaigns	 	 	Apple Switch ad campaign; Think different	 	 	 	 	 	 	 	1	0.816497	1	1
0	http://rdf.freebase.com/ns/user.robert.default_domain.daylife.hero_image_id	 	 	0fgR0WtctScjM	 	 	 	 	 	 	 	1	0.57735	1	1
0	http://rdf.freebase.com/ns/user.robert.mobile_phones.product_brand.products	 	 	Macintosh; PowerBook	 	 	 	 	 	 	 	1	0.816497	1	1
0	http://rdf.freebase.com/ns/venture_capital.venture_funded_company.venture_investors	 	 	Mike Markkula; Sequoia Capital	 	 	 	 	 	 	 	1	0.816497	1	1
0	http://rdf.freebase.com/ns/venture_capital.venture_investment.company	 	 	Matrix Partners	 	 	 	 	 	 	 	1	0.57735	1	1
0	http://www.w3.org/2004/02/skos/core#altLabel	 	 	 	Apple Computer, Inc.	 	 	 	 	 	Apple Retail Store	2	0.816497	0.69897	1
0	http://www.wikidata.org/entity/P1005c	 	 	 	197517	 	 	 	 	 	 	1	0.57735	1	1
0	http://www.wikidata.org/entity/P1056c	 	 	 	Apple Watch; Mac Mini	 	 	 	 	 	 	1	0.816497	1	1
0	http://www.wikidata.org/entity/P1151c	 	 	 	Portal:Apple Inc.	 	 	 	 	 	 	1	0.57735	1	1
0	http://www.wikidata.org/entity/P1167c	 	 	 	05ac	 	 	 	 	 	 	1	0.57735	1	1
0	http://www.wikidata.org/entity/P1278c	 	 	 	HWUPKR0MPOU8FGXBT394	 	 	 	 	 	 	1	0.57735	1	1
0	http://www.wikidata.org/entity/P1297c	 	 	 	94-2404110	 	 	 	 	 	 	1	0.57735	1	1
0	http://www.wikidata.org/entity/P1454c	 	 	 	joint-stock company	 	 	private company limited by shares	 	 	 	2	0.816497	0.69897	1
0	http://www.wikidata.org/entity/P154c	 	 	 	http://commons.wikimedia.org/wiki/File:Apple_logo_black.svg	 	 	 	 	 	http://commons.wikimedia.org/wiki/File:Apple.svg	2	0.816497	0.69897	1
0	http://www.wikidata.org/entity/P199c	 	 	 	Braeburn Capital	 	 	Apple Boutique; Apple Records	 	 	 	2	0.816497	0.69897	1
0	http://www.wikidata.org/entity/P2037c	 	 	 	apple	 	 	 	 	 	 	1	0.57735	1	1
0	http://www.wikidata.org/entity/P213c	 	 	 	0000 0001 1958 1886	 	 	 	 	 	 	1	0.57735	1	1
0	http://www.wikidata.org/entity/P214c	 	 	 	154701873	 	 	309575701	 	 	 	2	0.816497	0.69897	1
0	http://www.wikidata.org/entity/P2174c	 	 	 	10295	 	 	 	 	 	 	1	0.57735	1	1
0	http://www.wikidata.org/entity/P227c	 	 	 	1095305-X	 	 	 	 	 	 	1	0.57735	1	1
0	http://www.wikidata.org/entity/P2397c	 	 	 	UCE_M8A5yxnLfW0KghEeajjw	 	 	 	 	 	 	1	0.57735	1	1
0	http://www.wikidata.org/entity/P2427c	 	 	 	grid.455360.1	 	 	 	 	 	 	1	0.57735	1	1
0	http://www.wikidata.org/entity/P244c	 	 	 	n84040978	 	 	 	 	 	 	1	0.57735	1	1
0	http://www.wikidata.org/entity/P245c	 	 	 	500335330	 	 	 	 	 	 	1	0.57735	1	1
0	http://www.wikidata.org/entity/P268c	 	 	 	11991592t	 	 	14276119n	 	 	 	2	0.816497	0.69897	1
0	http://www.wikidata.org/entity/P269c	 	 	 	02800261X	 	 	 	 	 	 	1	0.57735	1	1
0	http://www.wikidata.org/entity/P2740c	 	 	 	Apple_Inc	 	 	 	 	 	 	1	0.57735	1	1
0	http://www.wikidata.org/entity/P349c	 	 	 	276548	 	 	 	 	 	 	1	0.57735	1	1
0	http://www.wikidata.org/entity/P373c	 	 	 	Apple Inc.	 	 	 	 	 	Apple Store	2	0.816497	0.69897	1
0	http://www.wikidata.org/entity/P409c	 	 	 	36551832	 	 	 	 	 	 	1	0.57735	1	1
0	http://www.wikidata.org/entity/P434c	 	 	 	9b502a85-104b-4489-beff-ecedca81741c	 	 	 	 	 	 	1	0.57735	1	1
0	http://www.wikidata.org/entity/P488c	 	 	 	Arthur D. Levinson	 	 	 	 	 	 	1	0.57735	1	1
0	http://www.wikidata.org/entity/P646-freebase	 	 	 	Apple Inc.	 	 	Apple Corps	 	 	Apple Store	3	0.816497	0.522879	1
0	http://www.wikidata.org/entity/P646c	 	 	 	/m/0k8z	 	 	/m/02_7z_	 	 	/m/02hwrl	3	0.816497	0.522879	1
0	http://www.wikidata.org/entity/P691c	 	 	 	olak2003164541	 	 	 	 	 	 	1	0.57735	1	1
0	http://www.wikidata.org/entity/P740c	 	 	 	Cupertino	 	 	 	 	 	 	1	0.57735	1	1
0	http://www.wikidata.org/entity/P906c	 	 	 	352120	 	 	 	 	 	 	1	0.57735	1	1
0	http://www.wikidata.org/entity/P910c	 	 	 	Category:Apple Inc.	 	 	Category:Apple Corps	 	 	 	2	0.816497	0.69897	1
0	http://www.wikidata.org/entity/P935c	 	 	 	Apple Inc.	 	 	 	 	 	 	1	0.57735	1	1
0	http://www.wikidata.org/entity/P946c	 	 	 	US0378331005	 	 	 	 	 	 	1	0.57735	1	1
0	http://www.wikidata.org/entity/P949c	 	 	 	1690054	 	 	 	 	 	 	1	0.57735	1	1
0	http://dbpedia.org/ontology/foundingYear	 	 	 	 	1968	 	 	 	 	 	1	0.57735	1	1
0	http://dbpedia.org/ontology/location	 	 	 	 	UK	 	 	 	 	 	1	0.57735	1	1
0	http://dbpedia.org/ontology/owner	 	 	 	 	George Harrison; John Lennon	 	 	 	 	 	1	0.816497	1	1
0	http://dbpedia.org/ontology/owningCompany	 	 	 	 	George Harrison; John Lennon	 	 	 	 	 	1	0.816497	1	1
0	http://www.w3.org/2002/07/owl#differentFrom	 	 	 	 	Apple Inc.	 	 	 	 	 	1	0.57735	1	1
0	http://rdf.freebase.com/ns/film.production_company.films	 	 	 	 	 	Magical Mystery Tour; Sgt. Pepper's Lonely Hearts Club Band	 	 	 	 	1	0.816497	1	1
0	http://rdf.freebase.com/ns/freebase.valuenotation.has_no_value	 	 	 	 	 	Parent	 	 	 	 	1	0.57735	1	1
0	http://www.wikidata.org/entity/P169c	 	 	 	 	 	 	Neil Aspinall	 	 	 	1	0.57735	1	1
0	http://www.wikidata.org/entity/P966c	 	 	 	 	 	 	0a005898-0789-489a-925d-b7e17667be6b	 	 	 	1	0.57735	1	1
0	http://www.w3.org/2004/02/skos/core#prefLabel	 	 	 	 	 	 	 	Apple Corps	 	 	1	0.57735	1	1
0	http://yago-knowledge.org/resource/hasCitationTitle	 	 	 	 	 	 	 	94 Baker Street: The Pop Psych Sounds of the Apple Era ; Most Innovative Companies	 	 	1	0.816497	1	1
0	http://yago-knowledge.org/resource/hasWikipediaAnchorText	 	 	 	 	 	 	 	20th Century Fox; soundproofing	 	 	1	0.816497	1	1
0	http://yago-knowledge.org/resource/hasWikipediaArticleLength	 	 	 	 	 	 	 	50202	 	 	1	0.57735	1	1
0	http://yago-knowledge.org/resource/hasWikipediaUrl	 	 	 	 	 	 	 	http://en.wikipedia.org/wiki/Apple_Corps	 	 	1	0.57735	1	1
0	http://yago-knowledge.org/resource/linksTo	 	 	 	 	 	 	 	20th Century Fox; Ethan Russell	 	 	1	0.816497	1	1
0	http://yago-knowledge.org/resource/redirectedFrom	 	 	 	 	 	 	 	Apple recording studio; Beatles Ltd.	 	 	1	0.816497	1	1
0	http://dbpedia.org/ontology/parentCompany	 	 	 	 	 	 	 	 	Apple Inc.	 	1	0.57735	1	1
0	http://www.wikidata.org/entity/P18c	 	 	 	 	 	 	 	 	 	http://commons.wikimedia.org/wiki/File:Apple_Store_Opera_Paris.jpg	1	0.57735	1	1
