http://creativecommons.org/ns#attributionURL,attribution URL
http://www.w3.org/ns/prov#wasDerivedFrom,was derived from
http://purl.org/dc/terms/subject,subject
http://purl.org/dc/terms/date,date
http://purl.org/dc/terms/term,term
http://purl.org/dc/terms/title,title
http://www.georss.org/georss/point,point
http://sw.cyc.com/CycAnnotations_v1#label,label
http://sw.opencyc.org/concept/Mx4rBVVEokNxEdaAAACgydogAg,Quoted Isa
http://sw.opencyc.org/concept/Mx4rTv-jk9SPTXa991kk5mAvHg,Wikipedia Article Name Canonical
http://sw.opencyc.org/concept/Mx4rNv0nbm4TTjOp7yhmnzOyqg,Wikipedia Article URL
http://sw.opencyc.org/concept/Mx4rwLSVCpwpEbGdrcN5Y29ycA,Pretty String
http://sw.opencyc.org/concept/Mx4rZOAVeiYGEdqAAAACs2IMmw,BT
http://sw.opencyc.org/concept/Mx4riWVFR6HJSpaEaHrcWS3MSA,See Also URI
http://purl.org/dc/elements/1.1/description,description
http://www.wikidata.org/entity/P646-freebase,Freebase ID
http://www.wikidata.org/entity/P646-freebas,Freebase ID
http://rdvocab.info/RDARelationshipsWEMI/manifestationOfWork,manifestation of work
http://www.geonames.org/ontology#alternateName,alternate name
http://dbpedia.org/ontology/soundRecording,sound recording
http://umbel.org/umbel#isLike,is like
http://rdf.freebase.com/ns/kg.object_profile.prominent_type,prominent type
http://rdf.freebase.com/ns/topic_server.webref_cluster_members_type,webrdf cluster members type