sub	subl	prop	propl	obj	obj_t	obj_l
http://dbpedia.org/resource/Ezra_Carpenter_House	Ezra Carpenter House	http://dbpedia.org/ontology/abstract	has abstract	The Ezra Carpenter House is a historic house at 168 South Street in Foxborough, Massachusetts. The 1-1/2 story Cape style house was built in 1800 by Ezra Carpenter, a veteran of the American Revolutionary War. Later generations of Carpenters also played significant roles in the civic life of the town. The main block of the house is five bays wide, with a centered entry, and an original central chimney. The ell to the right is a later 19th century addition. The house was listed on the National Register of Historic Places in 1985.	http://www.w3.org/1999/02/22-rdf-syntax-ns#langString	
http://dbpedia.org/resource/Ezra_Carpenter_House	Ezra Carpenter House	http://dbpedia.org/ontology/added	added	1985-01-03	http://www.w3.org/2001/XMLSchema#date	
http://dbpedia.org/resource/Ezra_Carpenter_House	Ezra Carpenter House	http://dbpedia.org/ontology/location	location	http://dbpedia.org/resource/Foxborough,_Massachusetts	entity	Foxborough, Massachusetts
http://dbpedia.org/resource/Ezra_Carpenter_House	Ezra Carpenter House	http://dbpedia.org/ontology/nrhpReferenceNumber	NRHP Reference Number	85000029	http://www.w3.org/2001/XMLSchema#string	
http://dbpedia.org/resource/Ezra_Carpenter_House	Ezra Carpenter House	http://dbpedia.org/ontology/thumbnail	thumbnail	http://commons.wikimedia.org/wiki/Special:FilePath/Ezra_Carpenter_House,_Foxborough_MA.jpg?width=300	uri	null
http://dbpedia.org/resource/Ezra_Carpenter_House	Ezra Carpenter House	http://dbpedia.org/ontology/wikiPageID	Wikipage page ID	18678280	http://www.w3.org/2001/XMLSchema#integer	
http://dbpedia.org/resource/Ezra_Carpenter_House	Ezra Carpenter House	http://dbpedia.org/ontology/wikiPageLength	page length (characters) of wiki page	1771	http://www.w3.org/2001/XMLSchema#nonNegativeInteger	
http://dbpedia.org/resource/Ezra_Carpenter_House	Ezra Carpenter House	http://dbpedia.org/ontology/wikiPageOutDegree	Wiki page out degree	9	http://www.w3.org/2001/XMLSchema#nonNegativeInteger	
http://dbpedia.org/resource/Ezra_Carpenter_House	Ezra Carpenter House	http://dbpedia.org/ontology/wikiPageRevisionID	Wikipage revision ID	742256535	http://www.w3.org/2001/XMLSchema#integer	
http://dbpedia.org/resource/Ezra_Carpenter_House	Ezra Carpenter House	http://dbpedia.org/ontology/yearOfConstruction	year of construction	1800	http://www.w3.org/2001/XMLSchema#gYear	
http://dbpedia.org/resource/Ezra_Carpenter_House	Ezra Carpenter House	http://purl.org/dc/terms/subject	Subject	http://dbpedia.org/resource/Category:Foxborough,_Massachusetts	entity	Foxborough, Massachusetts
http://dbpedia.org/resource/Ezra_Carpenter_House	Ezra Carpenter House	http://purl.org/dc/terms/subject	Subject	http://dbpedia.org/resource/Category:Houses_in_Norfolk_County,_Massachusetts	entity	Houses in Norfolk County, Massachusetts
http://dbpedia.org/resource/Ezra_Carpenter_House	Ezra Carpenter House	http://purl.org/dc/terms/subject	Subject	http://dbpedia.org/resource/Category:Houses_on_the_National_Register_of_Historic_Places_in_Norfolk_County,_Massachusetts	entity	Houses on the National Register of Historic Places in Norfolk County, Massachusetts
http://dbpedia.org/resource/Ezra_Carpenter_House	Ezra Carpenter House	http://www.georss.org/georss/point	null	42.051944444444445 -71.25472222222223	http://www.w3.org/2001/XMLSchema#string	
http://dbpedia.org/resource/Ezra_Carpenter_House	Ezra Carpenter House	http://www.w3.org/1999/02/22-rdf-syntax-ns#type	type	http://dbpedia.org/ontology/ArchitecturalStructure	entity	architectural structure
http://dbpedia.org/resource/Ezra_Carpenter_House	Ezra Carpenter House	http://www.w3.org/1999/02/22-rdf-syntax-ns#type	type	http://dbpedia.org/ontology/Building	entity	building
http://dbpedia.org/resource/Ezra_Carpenter_House	Ezra Carpenter House	http://www.w3.org/1999/02/22-rdf-syntax-ns#type	type	http://dbpedia.org/ontology/Location	uri	null
http://dbpedia.org/resource/Ezra_Carpenter_House	Ezra Carpenter House	http://www.w3.org/1999/02/22-rdf-syntax-ns#type	type	http://dbpedia.org/ontology/Place	entity	place
http://dbpedia.org/resource/Ezra_Carpenter_House	Ezra Carpenter House	http://www.w3.org/1999/02/22-rdf-syntax-ns#type	type	http://schema.org/Place	entity	Place
http://dbpedia.org/resource/Ezra_Carpenter_House	Ezra Carpenter House	http://www.w3.org/1999/02/22-rdf-syntax-ns#type	type	http://www.w3.org/2002/07/owl#Thing	entity	Thing
http://dbpedia.org/resource/Ezra_Carpenter_House	Ezra Carpenter House	http://www.w3.org/1999/02/22-rdf-syntax-ns#type	type	http://www.w3.org/2003/01/geo/wgs84_pos#SpatialThing	entity	Spatial Thing
http://dbpedia.org/resource/Ezra_Carpenter_House	Ezra Carpenter House	http://www.w3.org/1999/02/22-rdf-syntax-ns#type	type	http://www.wikidata.org/entity/Q41176	entity	building
http://dbpedia.org/resource/Ezra_Carpenter_House	Ezra Carpenter House	http://www.w3.org/2000/01/rdf-schema#comment	comment	The Ezra Carpenter House is a historic house at 168 South Street in Foxborough, Massachusetts. The 1-1/2 story Cape style house was built in 1800 by Ezra Carpenter, a veteran of the American Revolutionary War. Later generations of Carpenters also played significant roles in the civic life of the town. The main block of the house is five bays wide, with a centered entry, and an original central chimney. The ell to the right is a later 19th century addition. The house was listed on the National Register of Historic Places in 1985.	http://www.w3.org/1999/02/22-rdf-syntax-ns#langString	
http://dbpedia.org/resource/Ezra_Carpenter_House	Ezra Carpenter House	http://www.w3.org/2000/01/rdf-schema#label	label	Ezra Carpenter House	http://www.w3.org/1999/02/22-rdf-syntax-ns#langString	
http://dbpedia.org/resource/Ezra_Carpenter_House	Ezra Carpenter House	http://www.w3.org/2002/07/owl#sameAs	sameAs	http://dbpedia.org/resource/Ezra_Carpenter_House	entity	Ezra Carpenter House
http://dbpedia.org/resource/Ezra_Carpenter_House	Ezra Carpenter House	http://www.w3.org/2002/07/owl#sameAs	sameAs	http://rdf.freebase.com/ns/m.04gkpqq	entity	Ezra Carpenter House
http://dbpedia.org/resource/Ezra_Carpenter_House	Ezra Carpenter House	http://www.w3.org/2002/07/owl#sameAs	sameAs	http://www.wikidata.org/entity/Q5423337	entity	Ezra Carpenter House
http://dbpedia.org/resource/Ezra_Carpenter_House	Ezra Carpenter House	http://www.w3.org/2003/01/geo/wgs84_pos#lat	latitude	42.0519	http://www.w3.org/2001/XMLSchema#float	
http://dbpedia.org/resource/Ezra_Carpenter_House	Ezra Carpenter House	http://www.w3.org/2003/01/geo/wgs84_pos#long	longtitude	-71.2547	http://www.w3.org/2001/XMLSchema#float	
http://dbpedia.org/resource/Ezra_Carpenter_House	Ezra Carpenter House	http://www.w3.org/ns/prov#wasDerivedFrom	wasDerivedFrom	http://en.wikipedia.org/wiki/Ezra_Carpenter_House?oldid=742256535	uri	null
http://dbpedia.org/resource/Ezra_Carpenter_House	Ezra Carpenter House	http://xmlns.com/foaf/0.1/depiction	depiction	http://commons.wikimedia.org/wiki/Special:FilePath/Ezra_Carpenter_House,_Foxborough_MA.jpg	uri	null
http://dbpedia.org/resource/Ezra_Carpenter_House	Ezra Carpenter House	http://xmlns.com/foaf/0.1/isPrimaryTopicOf	is primary topic of	http://en.wikipedia.org/wiki/Ezra_Carpenter_House	uri	null
http://dbpedia.org/resource/Ezra_Carpenter_House	Ezra Carpenter House	http://xmlns.com/foaf/0.1/name	name	Ezra Carpenter House	http://www.w3.org/1999/02/22-rdf-syntax-ns#langString	
