sub	subl	prop	propl	obj	obj_t	obj_l
http://rdf.freebase.com/ns/m.04gkpqq	Ezra Carpenter House	http://rdf.freebase.com/key/base.usnris.item	item	85000029	http://www.w3.org/2001/XMLSchema#string	
http://rdf.freebase.com/ns/m.04gkpqq	Ezra Carpenter House	http://rdf.freebase.com/key/en	com/key/en	ezra_carpenter_house	http://www.w3.org/2001/XMLSchema#string	
http://rdf.freebase.com/ns/m.04gkpqq	Ezra Carpenter House	http://rdf.freebase.com/key/wikipedia.en	en	Ezra_Carpenter_House	http://www.w3.org/2001/XMLSchema#string	
http://rdf.freebase.com/ns/m.04gkpqq	Ezra Carpenter House	http://rdf.freebase.com/key/wikipedia.en_id	en_id	18678280	http://www.w3.org/2001/XMLSchema#string	
http://rdf.freebase.com/ns/m.04gkpqq	Ezra Carpenter House	http://rdf.freebase.com/key/wikipedia.en_title	en_title	Ezra_Carpenter_House	http://www.w3.org/2001/XMLSchema#string	
http://rdf.freebase.com/ns/m.04gkpqq	Ezra Carpenter House	http://rdf.freebase.com/ns/architecture.structure.architectural_style	Architectural Style	http://rdf.freebase.com/ns/m.05nssg	entity	Federal architecture
http://rdf.freebase.com/ns/m.04gkpqq	Ezra Carpenter House	http://rdf.freebase.com/ns/architecture.structure.opened	Opened	1800	http://www.w3.org/2001/XMLSchema#gYear	
http://rdf.freebase.com/ns/m.04gkpqq	Ezra Carpenter House	http://rdf.freebase.com/ns/base.usnris.nris_listing.item_number	item number	85000029	http://www.w3.org/2001/XMLSchema#string	
http://rdf.freebase.com/ns/m.04gkpqq	Ezra Carpenter House	http://rdf.freebase.com/ns/base.usnris.nris_listing.significance_level	Significance Level	http://rdf.freebase.com/ns/m.05gk2hl	entity	Local
http://rdf.freebase.com/ns/m.04gkpqq	Ezra Carpenter House	http://rdf.freebase.com/ns/base.usnris.nris_listing.significant_year	Significant Year	1800	http://www.w3.org/2001/XMLSchema#gYear	
http://rdf.freebase.com/ns/m.04gkpqq	Ezra Carpenter House	http://rdf.freebase.com/ns/common.topic.alias	Also known as	Ezra Carpenter House, Foxborough	http://www.w3.org/1999/02/22-rdf-syntax-ns#langString	
http://rdf.freebase.com/ns/m.04gkpqq	Ezra Carpenter House	http://rdf.freebase.com/ns/common.topic.alias	Also known as	Witchie House	http://www.w3.org/1999/02/22-rdf-syntax-ns#langString	
http://rdf.freebase.com/ns/m.04gkpqq	Ezra Carpenter House	http://rdf.freebase.com/ns/common.topic.article	Article	Ezra Carpenter House is a historic house at 168 South Street in Foxborough, Massachusetts. The house was built in 1800 and added to the National Register of Historic Places in 1985.	http://www.w3.org/1999/02/22-rdf-syntax-ns#langString	
http://rdf.freebase.com/ns/m.04gkpqq	Ezra Carpenter House	http://rdf.freebase.com/ns/common.topic.description	Description	The Ezra Carpenter House is a historic house at 168 South Street in Foxborough, Massachusetts. The 1-1/2 story Cape style house was built in 1800 by Ezra Carpenter, a veteran of the American Revolutionary War. Later generations of Carpenters also played significant roles in the civic life of the town. The main block of the house is five bays wide, with a centered entry, and an original central chimney. The ell to the right is a later 19th century addition. The house was listed on the National Register of Historic Places in 1985.	http://www.w3.org/1999/02/22-rdf-syntax-ns#langString	
http://rdf.freebase.com/ns/m.04gkpqq	Ezra Carpenter House	http://rdf.freebase.com/ns/common.topic.notable_for	Notable for	National Register of Historic Places Location	http://www.w3.org/1999/02/22-rdf-syntax-ns#langString	
http://rdf.freebase.com/ns/m.04gkpqq	Ezra Carpenter House	http://rdf.freebase.com/ns/common.topic.notable_types	Notable types	http://rdf.freebase.com/ns/m.02h850x	entity	Listed Site
http://rdf.freebase.com/ns/m.04gkpqq	Ezra Carpenter House	http://rdf.freebase.com/ns/common.topic.topic_equivalent_webpage	Topic equivalent webpage	http://en.wikipedia.org/wiki/Ezra_Carpenter_House	uri	null
http://rdf.freebase.com/ns/m.04gkpqq	Ezra Carpenter House	http://rdf.freebase.com/ns/common.topic.topic_equivalent_webpage	Topic equivalent webpage	http://en.wikipedia.org/wiki/index.html?curid=18678280	uri	null
http://rdf.freebase.com/ns/m.04gkpqq	Ezra Carpenter House	http://rdf.freebase.com/ns/common.topic.topic_equivalent_webpage	Topic equivalent webpage	http://pdfhost.focus.nps.gov/docs/NRHP/Text/85000029.pdf	uri	null
http://rdf.freebase.com/ns/m.04gkpqq	Ezra Carpenter House	http://rdf.freebase.com/ns/kg.object_profile.prominent_type	prominent type	http://rdf.freebase.com/ns/protected_sites.listed_site	entity	Listed Site
http://rdf.freebase.com/ns/m.04gkpqq	Ezra Carpenter House	http://rdf.freebase.com/ns/location.location.area	Area	0.004047	http://www.w3.org/2001/XMLSchema#string	
http://rdf.freebase.com/ns/m.04gkpqq	Ezra Carpenter House	http://rdf.freebase.com/ns/location.location.containedby	Contained by	http://rdf.freebase.com/ns/m.01m85v	entity	Foxborough
http://rdf.freebase.com/ns/m.04gkpqq	Ezra Carpenter House	http://rdf.freebase.com/ns/location.location.containedby	Contained by	http://rdf.freebase.com/ns/m.05k7sb	entity	Massachusetts
http://rdf.freebase.com/ns/m.04gkpqq	Ezra Carpenter House	http://rdf.freebase.com/ns/location.location.street_address	Street address	http://rdf.freebase.com/ns/m.05hkh9j	uri	null
http://rdf.freebase.com/ns/m.04gkpqq	Ezra Carpenter House	http://rdf.freebase.com/ns/protected_sites.listed_site.designation_as_natural_or_cultural_site	Designation as Natural or Cultural Site	http://rdf.freebase.com/ns/m.05hkh9q	uri	null
http://rdf.freebase.com/ns/m.04gkpqq	Ezra Carpenter House	http://rdf.freebase.com/ns/type.object.key	Key	/base/usnris/item/85000029	http://www.w3.org/2001/XMLSchema#string	
http://rdf.freebase.com/ns/m.04gkpqq	Ezra Carpenter House	http://rdf.freebase.com/ns/type.object.key	Key	/en/ezra_carpenter_house	http://www.w3.org/2001/XMLSchema#string	
http://rdf.freebase.com/ns/m.04gkpqq	Ezra Carpenter House	http://rdf.freebase.com/ns/type.object.key	Key	/wikipedia/en/Ezra_Carpenter_House	http://www.w3.org/2001/XMLSchema#string	
http://rdf.freebase.com/ns/m.04gkpqq	Ezra Carpenter House	http://rdf.freebase.com/ns/type.object.key	Key	/wikipedia/en_id/18678280	http://www.w3.org/2001/XMLSchema#string	
http://rdf.freebase.com/ns/m.04gkpqq	Ezra Carpenter House	http://rdf.freebase.com/ns/type.object.key	Key	/wikipedia/en_title/Ezra_Carpenter_House	http://www.w3.org/2001/XMLSchema#string	
http://rdf.freebase.com/ns/m.04gkpqq	Ezra Carpenter House	http://rdf.freebase.com/ns/type.object.name	Name	Ezra Carpenter House	http://www.w3.org/1999/02/22-rdf-syntax-ns#langString	
http://rdf.freebase.com/ns/m.04gkpqq	Ezra Carpenter House	http://rdf.freebase.com/ns/type.object.type	Type	http://rdf.freebase.com/ns/architecture.building	entity	Building
http://rdf.freebase.com/ns/m.04gkpqq	Ezra Carpenter House	http://rdf.freebase.com/ns/type.object.type	Type	http://rdf.freebase.com/ns/architecture.structure	entity	Structure
http://rdf.freebase.com/ns/m.04gkpqq	Ezra Carpenter House	http://rdf.freebase.com/ns/type.object.type	Type	http://rdf.freebase.com/ns/base.type_ontology.inanimate	entity	Inanimate
http://rdf.freebase.com/ns/m.04gkpqq	Ezra Carpenter House	http://rdf.freebase.com/ns/type.object.type	Type	http://rdf.freebase.com/ns/base.type_ontology.non_agent	entity	Non-Agent
http://rdf.freebase.com/ns/m.04gkpqq	Ezra Carpenter House	http://rdf.freebase.com/ns/type.object.type	Type	http://rdf.freebase.com/ns/base.type_ontology.physically_instantiable	entity	Physically Instantiable
http://rdf.freebase.com/ns/m.04gkpqq	Ezra Carpenter House	http://rdf.freebase.com/ns/type.object.type	Type	http://rdf.freebase.com/ns/base.usnris.nris_listing	entity	NRIS Listing
http://rdf.freebase.com/ns/m.04gkpqq	Ezra Carpenter House	http://rdf.freebase.com/ns/type.object.type	Type	http://rdf.freebase.com/ns/base.usnris.topic	entity	Topic
http://rdf.freebase.com/ns/m.04gkpqq	Ezra Carpenter House	http://rdf.freebase.com/ns/type.object.type	Type	http://rdf.freebase.com/ns/common.topic	entity	Topic
http://rdf.freebase.com/ns/m.04gkpqq	Ezra Carpenter House	http://rdf.freebase.com/ns/type.object.type	Type	http://rdf.freebase.com/ns/location.location	entity	Location
http://rdf.freebase.com/ns/m.04gkpqq	Ezra Carpenter House	http://rdf.freebase.com/ns/type.object.type	Type	http://rdf.freebase.com/ns/projects.project_focus	entity	Project focus
http://rdf.freebase.com/ns/m.04gkpqq	Ezra Carpenter House	http://rdf.freebase.com/ns/type.object.type	Type	http://rdf.freebase.com/ns/protected_sites.listed_site	entity	Listed Site
http://rdf.freebase.com/ns/m.04gkpqq	Ezra Carpenter House	http://www.w3.org/1999/02/22-rdf-syntax-ns#type	type	http://rdf.freebase.com/ns/architecture.building	entity	Building
http://rdf.freebase.com/ns/m.04gkpqq	Ezra Carpenter House	http://www.w3.org/1999/02/22-rdf-syntax-ns#type	type	http://rdf.freebase.com/ns/architecture.structure	entity	Structure
http://rdf.freebase.com/ns/m.04gkpqq	Ezra Carpenter House	http://www.w3.org/1999/02/22-rdf-syntax-ns#type	type	http://rdf.freebase.com/ns/base.type_ontology.inanimate	entity	Inanimate
http://rdf.freebase.com/ns/m.04gkpqq	Ezra Carpenter House	http://www.w3.org/1999/02/22-rdf-syntax-ns#type	type	http://rdf.freebase.com/ns/base.type_ontology.non_agent	entity	Non-Agent
http://rdf.freebase.com/ns/m.04gkpqq	Ezra Carpenter House	http://www.w3.org/1999/02/22-rdf-syntax-ns#type	type	http://rdf.freebase.com/ns/base.type_ontology.physically_instantiable	entity	Physically Instantiable
http://rdf.freebase.com/ns/m.04gkpqq	Ezra Carpenter House	http://www.w3.org/1999/02/22-rdf-syntax-ns#type	type	http://rdf.freebase.com/ns/base.usnris.nris_listing	entity	NRIS Listing
http://rdf.freebase.com/ns/m.04gkpqq	Ezra Carpenter House	http://www.w3.org/1999/02/22-rdf-syntax-ns#type	type	http://rdf.freebase.com/ns/base.usnris.topic	entity	Topic
http://rdf.freebase.com/ns/m.04gkpqq	Ezra Carpenter House	http://www.w3.org/1999/02/22-rdf-syntax-ns#type	type	http://rdf.freebase.com/ns/common.topic	entity	Topic
http://rdf.freebase.com/ns/m.04gkpqq	Ezra Carpenter House	http://www.w3.org/1999/02/22-rdf-syntax-ns#type	type	http://rdf.freebase.com/ns/location.location	entity	Location
http://rdf.freebase.com/ns/m.04gkpqq	Ezra Carpenter House	http://www.w3.org/1999/02/22-rdf-syntax-ns#type	type	http://rdf.freebase.com/ns/projects.project_focus	entity	Project focus
http://rdf.freebase.com/ns/m.04gkpqq	Ezra Carpenter House	http://www.w3.org/1999/02/22-rdf-syntax-ns#type	type	http://rdf.freebase.com/ns/protected_sites.listed_site	entity	Listed Site
http://rdf.freebase.com/ns/m.04gkpqq	Ezra Carpenter House	http://www.w3.org/2000/01/rdf-schema#label	label	Ezra Carpenter House	http://www.w3.org/1999/02/22-rdf-syntax-ns#langString	
http://rdf.freebase.com/ns/m.04gkpqq	Ezra Carpenter House	http://www.w3.org/2003/01/geo/wgs84_pos#lat	latitude	42.051944	http://www.w3.org/2001/XMLSchema#float	
http://rdf.freebase.com/ns/m.04gkpqq	Ezra Carpenter House	http://www.w3.org/2003/01/geo/wgs84_pos#long	longitude	-71.254722	http://www.w3.org/2001/XMLSchema#float	
