sub	subl	prop	propl	obj	obj_t	obj_l
http://yago-knowledge.org/resource/Mase	Mase	http://www.w3.org/1999/02/22-rdf-syntax-ns#type	type	http://www.w3.org/2002/07/owl#Thing	entity	Thing
http://yago-knowledge.org/resource/Mase	Mase	http://www.w3.org/1999/02/22-rdf-syntax-ns#type	type	http://yago-knowledge.org/resource/wikicat_African-American_male_actors	entity	African-American male actors
http://yago-knowledge.org/resource/Mase	Mase	http://www.w3.org/1999/02/22-rdf-syntax-ns#type	type	http://yago-knowledge.org/resource/wikicat_African-American_male_rappers	entity	African-American male rappers
http://yago-knowledge.org/resource/Mase	Mase	http://www.w3.org/1999/02/22-rdf-syntax-ns#type	type	http://yago-knowledge.org/resource/wikicat_American_male_film_actors	entity	American male film actors
http://yago-knowledge.org/resource/Mase	Mase	http://www.w3.org/1999/02/22-rdf-syntax-ns#type	type	http://yago-knowledge.org/resource/wikicat_American_people	entity	American people
http://yago-knowledge.org/resource/Mase	Mase	http://www.w3.org/1999/02/22-rdf-syntax-ns#type	type	http://yago-knowledge.org/resource/wikicat_American_singers	entity	American singers
http://yago-knowledge.org/resource/Mase	Mase	http://www.w3.org/1999/02/22-rdf-syntax-ns#type	type	http://yago-knowledge.org/resource/wikicat_Bad_Boy_Records_artists	entity	Bad Boy Records artists
http://yago-knowledge.org/resource/Mase	Mase	http://www.w3.org/1999/02/22-rdf-syntax-ns#type	type	http://yago-knowledge.org/resource/wikicat_Clark_Atlanta_University_alumni	entity	Clark Atlanta University alumni
http://yago-knowledge.org/resource/Mase	Mase	http://www.w3.org/1999/02/22-rdf-syntax-ns#type	type	http://yago-knowledge.org/resource/wikicat_East_Coast_hip_hop_musicians	entity	East Coast hip hop musicians
http://yago-knowledge.org/resource/Mase	Mase	http://www.w3.org/1999/02/22-rdf-syntax-ns#type	type	http://yago-knowledge.org/resource/wikicat_Living_people	entity	Living people
http://yago-knowledge.org/resource/Mase	Mase	http://www.w3.org/1999/02/22-rdf-syntax-ns#type	type	http://yago-knowledge.org/resource/wikicat_Male_actors_from_New_York_City	entity	Male actors from New York City
http://yago-knowledge.org/resource/Mase	Mase	http://www.w3.org/1999/02/22-rdf-syntax-ns#type	type	http://yago-knowledge.org/resource/wikicat_Musicians_from_Jacksonville,_Florida	entity	Musicians from Jacksonville, Florida
http://yago-knowledge.org/resource/Mase	Mase	http://www.w3.org/1999/02/22-rdf-syntax-ns#type	type	http://yago-knowledge.org/resource/wikicat_People_from_Harlem	entity	People from Harlem
http://yago-knowledge.org/resource/Mase	Mase	http://www.w3.org/1999/02/22-rdf-syntax-ns#type	type	http://yago-knowledge.org/resource/wikicat_Rappers_from_Florida	entity	Rappers from Florida
http://yago-knowledge.org/resource/Mase	Mase	http://www.w3.org/1999/02/22-rdf-syntax-ns#type	type	http://yago-knowledge.org/resource/wikicat_Rappers_from_New_York_City	entity	Rappers from New York City
http://yago-knowledge.org/resource/Mase	Mase	http://www.w3.org/1999/02/22-rdf-syntax-ns#type	type	http://yago-knowledge.org/resource/wikicat_Songwriters_from_New_York	entity	Songwriters from New York
http://yago-knowledge.org/resource/Mase	Mase	http://www.w3.org/1999/02/22-rdf-syntax-ns#type	type	http://yago-knowledge.org/resource/wordnet_actor_109765278	entity	actor
http://yago-knowledge.org/resource/Mase	Mase	http://www.w3.org/1999/02/22-rdf-syntax-ns#type	type	http://yago-knowledge.org/resource/wordnet_alumnus_109786338	entity	alumnus
http://yago-knowledge.org/resource/Mase	Mase	http://www.w3.org/1999/02/22-rdf-syntax-ns#type	type	http://yago-knowledge.org/resource/wordnet_artist_109812338	entity	artist
http://yago-knowledge.org/resource/Mase	Mase	http://www.w3.org/1999/02/22-rdf-syntax-ns#type	type	http://yago-knowledge.org/resource/wordnet_causal_agent_100007347	entity	causal agent
http://yago-knowledge.org/resource/Mase	Mase	http://www.w3.org/1999/02/22-rdf-syntax-ns#type	type	http://yago-knowledge.org/resource/wordnet_composer_109947232	entity	composer
http://yago-knowledge.org/resource/Mase	Mase	http://www.w3.org/1999/02/22-rdf-syntax-ns#type	type	http://yago-knowledge.org/resource/wordnet_creator_109614315	entity	creator
http://yago-knowledge.org/resource/Mase	Mase	http://www.w3.org/1999/02/22-rdf-syntax-ns#type	type	http://yago-knowledge.org/resource/wordnet_entertainer_109616922	entity	entertainer
http://yago-knowledge.org/resource/Mase	Mase	http://www.w3.org/1999/02/22-rdf-syntax-ns#type	type	http://yago-knowledge.org/resource/wordnet_intellectual_109621545	entity	intellectual
http://yago-knowledge.org/resource/Mase	Mase	http://www.w3.org/1999/02/22-rdf-syntax-ns#type	type	http://yago-knowledge.org/resource/wordnet_living_thing_100004258	entity	living thing
http://yago-knowledge.org/resource/Mase	Mase	http://www.w3.org/1999/02/22-rdf-syntax-ns#type	type	http://yago-knowledge.org/resource/wordnet_musician_110339966	entity	musician
http://yago-knowledge.org/resource/Mase	Mase	http://www.w3.org/1999/02/22-rdf-syntax-ns#type	type	http://yago-knowledge.org/resource/wordnet_musician_110340312	entity	musician
http://yago-knowledge.org/resource/Mase	Mase	http://www.w3.org/1999/02/22-rdf-syntax-ns#type	type	http://yago-knowledge.org/resource/wordnet_object_100002684	entity	object
http://yago-knowledge.org/resource/Mase	Mase	http://www.w3.org/1999/02/22-rdf-syntax-ns#type	type	http://yago-knowledge.org/resource/wordnet_organism_100004475	entity	organism
http://yago-knowledge.org/resource/Mase	Mase	http://www.w3.org/1999/02/22-rdf-syntax-ns#type	type	http://yago-knowledge.org/resource/wordnet_performer_110415638	entity	performer
http://yago-knowledge.org/resource/Mase	Mase	http://www.w3.org/1999/02/22-rdf-syntax-ns#type	type	http://yago-knowledge.org/resource/wordnet_person_100007846	entity	person
http://yago-knowledge.org/resource/Mase	Mase	http://www.w3.org/1999/02/22-rdf-syntax-ns#type	type	http://yago-knowledge.org/resource/wordnet_physical_entity_100001930	entity	physical entity
http://yago-knowledge.org/resource/Mase	Mase	http://www.w3.org/1999/02/22-rdf-syntax-ns#type	type	http://yago-knowledge.org/resource/wordnet_rapper_110507482	entity	rapper
http://yago-knowledge.org/resource/Mase	Mase	http://www.w3.org/1999/02/22-rdf-syntax-ns#type	type	http://yago-knowledge.org/resource/wordnet_scholar_110557854	entity	scholar
http://yago-knowledge.org/resource/Mase	Mase	http://www.w3.org/1999/02/22-rdf-syntax-ns#type	type	http://yago-knowledge.org/resource/wordnet_singer_110599806	entity	singer
http://yago-knowledge.org/resource/Mase	Mase	http://www.w3.org/1999/02/22-rdf-syntax-ns#type	type	http://yago-knowledge.org/resource/wordnet_songwriter_110624540	entity	songwriter
http://yago-knowledge.org/resource/Mase	Mase	http://www.w3.org/1999/02/22-rdf-syntax-ns#type	type	http://yago-knowledge.org/resource/wordnet_whole_100003553	entity	whole
http://yago-knowledge.org/resource/Mase	Mase	http://www.w3.org/1999/02/22-rdf-syntax-ns#type	type	http://yago-knowledge.org/resource/yagoLegalActor	entity	legal actor
http://yago-knowledge.org/resource/Mase	Mase	http://www.w3.org/1999/02/22-rdf-syntax-ns#type	type	http://yago-knowledge.org/resource/yagoLegalActorGeo	entity	legal actor or geographic entity
http://yago-knowledge.org/resource/Mase	Mase	http://www.w3.org/2000/01/rdf-schema#label	label	Mase	http://www.w3.org/1999/02/22-rdf-syntax-ns#langString	
http://yago-knowledge.org/resource/Mase	Mase	http://www.w3.org/2000/01/rdf-schema#label	label	Mason Durrell Betha	http://www.w3.org/2001/XMLSchema#string	
http://yago-knowledge.org/resource/Mase	Mase	http://www.w3.org/2002/07/owl#sameAs	sameAs	http://dbpedia.org/resource/Mase	entity	Mase
http://yago-knowledge.org/resource/Mase	Mase	http://www.w3.org/2004/02/skos/core#prefLabel	preferred label	Mase	http://www.w3.org/1999/02/22-rdf-syntax-ns#langString	
http://yago-knowledge.org/resource/Mase	Mase	http://yago-knowledge.org/resource/created	null	http://yago-knowledge.org/resource/Breathe,_Stretch,_Shake	entity	Breathe, Stretch, Shake
http://yago-knowledge.org/resource/Mase	Mase	http://yago-knowledge.org/resource/created	null	http://yago-knowledge.org/resource/Can't_Nobody_Hold_Me_Down	entity	Can't Nobody Hold Me Down
http://yago-knowledge.org/resource/Mase	Mase	http://yago-knowledge.org/resource/created	null	http://yago-knowledge.org/resource/Crush_on_You_(Lil'_Kim_song)	entity	Crush on You (Lil' Kim song)
http://yago-knowledge.org/resource/Mase	Mase	http://yago-knowledge.org/resource/created	null	http://yago-knowledge.org/resource/Double_Up_(Mase_album)	entity	Double Up (Mase album)
http://yago-knowledge.org/resource/Mase	Mase	http://yago-knowledge.org/resource/created	null	http://yago-knowledge.org/resource/Harlem_World	entity	Harlem World
http://yago-knowledge.org/resource/Mase	Mase	http://yago-knowledge.org/resource/created	null	http://yago-knowledge.org/resource/I_Just_Wanna_Love_U_(Give_It_2_Me)	entity	I Just Wanna Love U (Give It 2 Me)
http://yago-knowledge.org/resource/Mase	Mase	http://yago-knowledge.org/resource/created	null	http://yago-knowledge.org/resource/Mase_discography	entity	Mase discography
http://yago-knowledge.org/resource/Mase	Mase	http://yago-knowledge.org/resource/created	null	http://yago-knowledge.org/resource/Mo_Money_Mo_Problems	entity	Mo Money Mo Problems
http://yago-knowledge.org/resource/Mase	Mase	http://yago-knowledge.org/resource/created	null	http://yago-knowledge.org/resource/Take_Me_There_(Blackstreet_&_Mýa_song)	entity	Take Me There (Blackstreet & Mýa song)
http://yago-knowledge.org/resource/Mase	Mase	http://yago-knowledge.org/resource/created	null	http://yago-knowledge.org/resource/Top_of_the_World_(Brandy_Norwood_song)	entity	Top of the World (Brandy Norwood song)
http://yago-knowledge.org/resource/Mase	Mase	http://yago-knowledge.org/resource/created	null	http://yago-knowledge.org/resource/Welcome_Back_(Mase_album)	entity	Welcome Back (Mase album)
http://yago-knowledge.org/resource/Mase	Mase	http://yago-knowledge.org/resource/created	null	http://yago-knowledge.org/resource/Welcome_Back_(Mase_song)	entity	Welcome Back (Mase song)
http://yago-knowledge.org/resource/Mase	Mase	http://yago-knowledge.org/resource/hasCitationTitle	null	Bad boy: the influence of Sean "Puffy" Combs on the music industry	http://www.w3.org/1999/02/22-rdf-syntax-ns#langString	
http://yago-knowledge.org/resource/Mase	Mase	http://yago-knowledge.org/resource/hasCitationTitle	null	Ma$e Leaves Bad Boy, Explains Why G-Unit Deal Was Blocked By Diddy	http://www.w3.org/1999/02/22-rdf-syntax-ns#langString	
http://yago-knowledge.org/resource/Mase	Mase	http://yago-knowledge.org/resource/hasCitationTitle	null	Mase	http://www.w3.org/1999/02/22-rdf-syntax-ns#langString	
http://yago-knowledge.org/resource/Mase	Mase	http://yago-knowledge.org/resource/hasCitationTitle	null	Mase Asks Diddy To Release Him From Bad Boy	http://www.w3.org/1999/02/22-rdf-syntax-ns#langString	
http://yago-knowledge.org/resource/Mase	Mase	http://yago-knowledge.org/resource/hasGender	sex or gender	http://yago-knowledge.org/resource/male	entity	male
http://yago-knowledge.org/resource/Mase	Mase	http://yago-knowledge.org/resource/hasWikipediaAnchorText	null	112	http://www.w3.org/1999/02/22-rdf-syntax-ns#langString	
http://yago-knowledge.org/resource/Mase	Mase	http://yago-knowledge.org/resource/hasWikipediaAnchorText	null	2 Chainz	http://www.w3.org/1999/02/22-rdf-syntax-ns#langString	
http://yago-knowledge.org/resource/Mase	Mase	http://yago-knowledge.org/resource/hasWikipediaAnchorText	null	50 Cent	http://www.w3.org/1999/02/22-rdf-syntax-ns#langString	
http://yago-knowledge.org/resource/Mase	Mase	http://yago-knowledge.org/resource/hasWikipediaAnchorText	null	A&R	http://www.w3.org/1999/02/22-rdf-syntax-ns#langString	
http://yago-knowledge.org/resource/Mase	Mase	http://yago-knowledge.org/resource/hasWikipediaAnchorText	null	All Of Us	http://www.w3.org/1999/02/22-rdf-syntax-ns#langString	
http://yago-knowledge.org/resource/Mase	Mase	http://yago-knowledge.org/resource/hasWikipediaAnchorText	null	All That	http://www.w3.org/1999/02/22-rdf-syntax-ns#langString	
http://yago-knowledge.org/resource/Mase	Mase	http://yago-knowledge.org/resource/hasWikipediaAnchorText	null	Ambition	http://www.w3.org/1999/02/22-rdf-syntax-ns#langString	
http://yago-knowledge.org/resource/Mase	Mase	http://yago-knowledge.org/resource/hasWikipediaAnchorText	null	Ariana Grande	http://www.w3.org/1999/02/22-rdf-syntax-ns#langString	
http://yago-knowledge.org/resource/Mase	Mase	http://yago-knowledge.org/resource/hasWikipediaAnchorText	null	BET	http://www.w3.org/1999/02/22-rdf-syntax-ns#langString	
http://yago-knowledge.org/resource/Mase	Mase	http://yago-knowledge.org/resource/hasWikipediaAnchorText	null	Bad Boy Records	http://www.w3.org/1999/02/22-rdf-syntax-ns#langString	
http://yago-knowledge.org/resource/Mase	Mase	http://yago-knowledge.org/resource/hasWikipediaAnchorText	null	Bad Boy Records/Atlantic Records	http://www.w3.org/1999/02/22-rdf-syntax-ns#langString	
http://yago-knowledge.org/resource/Mase	Mase	http://yago-knowledge.org/resource/hasWikipediaAnchorText	null	Batman	http://www.w3.org/1999/02/22-rdf-syntax-ns#langString	
http://yago-knowledge.org/resource/Mase	Mase	http://yago-knowledge.org/resource/hasWikipediaAnchorText	null	Best I Ever Had	http://www.w3.org/1999/02/22-rdf-syntax-ns#langString	
http://yago-knowledge.org/resource/Mase	Mase	http://yago-knowledge.org/resource/hasWikipediaAnchorText	null	Beyonce Knowles	http://www.w3.org/1999/02/22-rdf-syntax-ns#langString	
http://yago-knowledge.org/resource/Mase	Mase	http://yago-knowledge.org/resource/hasWikipediaAnchorText	null	Big L	http://www.w3.org/1999/02/22-rdf-syntax-ns#langString	
http://yago-knowledge.org/resource/Mase	Mase	http://yago-knowledge.org/resource/hasWikipediaAnchorText	null	Billboard	http://www.w3.org/1999/02/22-rdf-syntax-ns#langString	
http://yago-knowledge.org/resource/Mase	Mase	http://yago-knowledge.org/resource/hasWikipediaAnchorText	null	Billboard Hot 100	http://www.w3.org/1999/02/22-rdf-syntax-ns#langString	
http://yago-knowledge.org/resource/Mase	Mase	http://yago-knowledge.org/resource/hasWikipediaAnchorText	null	Breathe, Stretch, Shake	http://www.w3.org/1999/02/22-rdf-syntax-ns#langString	
http://yago-knowledge.org/resource/Mase	Mase	http://yago-knowledge.org/resource/hasWikipediaAnchorText	null	Cam'ron	http://www.w3.org/1999/02/22-rdf-syntax-ns#langString	
http://yago-knowledge.org/resource/Mase	Mase	http://yago-knowledge.org/resource/hasWikipediaAnchorText	null	CeeLo Green	http://www.w3.org/1999/02/22-rdf-syntax-ns#langString	
http://yago-knowledge.org/resource/Mase	Mase	http://yago-knowledge.org/resource/hasWikipediaAnchorText	null	Children of the Corn	http://www.w3.org/1999/02/22-rdf-syntax-ns#langString	
http://yago-knowledge.org/resource/Mase	Mase	http://yago-knowledge.org/resource/hasWikipediaAnchorText	null	Cruel Summer	http://www.w3.org/1999/02/22-rdf-syntax-ns#langString	
http://yago-knowledge.org/resource/Mase	Mase	http://yago-knowledge.org/resource/hasWikipediaAnchorText	null	DJ Funkmaster Flex	http://www.w3.org/1999/02/22-rdf-syntax-ns#langString	
http://yago-knowledge.org/resource/Mase	Mase	http://yago-knowledge.org/resource/hasWikipediaAnchorText	null	DJ Whoo Kid	http://www.w3.org/1999/02/22-rdf-syntax-ns#langString	
http://yago-knowledge.org/resource/Mase	Mase	http://yago-knowledge.org/resource/hasWikipediaAnchorText	null	Diddy	http://www.w3.org/1999/02/22-rdf-syntax-ns#langString	
http://yago-knowledge.org/resource/Mase	Mase	http://yago-knowledge.org/resource/hasWikipediaAnchorText	null	Diddy-Dirty Money	http://www.w3.org/1999/02/22-rdf-syntax-ns#langString	
http://yago-knowledge.org/resource/Mase	Mase	http://yago-knowledge.org/resource/hasWikipediaAnchorText	null	Dipset	http://www.w3.org/1999/02/22-rdf-syntax-ns#langString	
http://yago-knowledge.org/resource/Mase	Mase	http://yago-knowledge.org/resource/hasWikipediaAnchorText	null	Double Up	http://www.w3.org/1999/02/22-rdf-syntax-ns#langString	
http://yago-knowledge.org/resource/Mase	Mase	http://yago-knowledge.org/resource/hasWikipediaAnchorText	null	Drake	http://www.w3.org/1999/02/22-rdf-syntax-ns#langString	
http://yago-knowledge.org/resource/Mase	Mase	http://yago-knowledge.org/resource/hasWikipediaAnchorText	null	Drake Says He Would "Love To Be Involved" With Mase's Comeback - XXL<!-- Bot generated title -->	http://www.w3.org/1999/02/22-rdf-syntax-ns#langString	
http://yago-knowledge.org/resource/Mase	Mase	http://yago-knowledge.org/resource/hasWikipediaAnchorText	null	E1 Music/Ice Age Entertainment	http://www.w3.org/1999/02/22-rdf-syntax-ns#langString	
http://yago-knowledge.org/resource/Mase	Mase	http://yago-knowledge.org/resource/hasWikipediaAnchorText	null	Excuse My French	http://www.w3.org/1999/02/22-rdf-syntax-ns#langString	
http://yago-knowledge.org/resource/Mase	Mase	http://yago-knowledge.org/resource/hasWikipediaAnchorText	null	Fabolous	http://www.w3.org/1999/02/22-rdf-syntax-ns#langString	
http://yago-knowledge.org/resource/Mase	Mase	http://yago-knowledge.org/resource/hasWikipediaAnchorText	null	Fat Joe	http://www.w3.org/1999/02/22-rdf-syntax-ns#langString	
http://yago-knowledge.org/resource/Mase	Mase	http://yago-knowledge.org/resource/hasWikipediaAnchorText	null	Feel So Good	http://www.w3.org/1999/02/22-rdf-syntax-ns#langString	
http://yago-knowledge.org/resource/Mase	Mase	http://yago-knowledge.org/resource/hasWikipediaAnchorText	null	Florida	http://www.w3.org/1999/02/22-rdf-syntax-ns#langString	
http://yago-knowledge.org/resource/Mase	Mase	http://yago-knowledge.org/resource/hasWikipediaAnchorText	null	French Montana	http://www.w3.org/1999/02/22-rdf-syntax-ns#langString	
http://yago-knowledge.org/resource/Mase	Mase	http://yago-knowledge.org/resource/hasWikipediaAnchorText	null	Funkmaster Flex	http://www.w3.org/1999/02/22-rdf-syntax-ns#langString	
http://yago-knowledge.org/resource/Mase	Mase	http://yago-knowledge.org/resource/hasWikipediaAnchorText	null	G-Unit	http://www.w3.org/1999/02/22-rdf-syntax-ns#langString	
http://yago-knowledge.org/resource/Mase	Mase	http://yago-knowledge.org/resource/hasWikipediaAnchorText	null	GOOD Music	http://www.w3.org/1999/02/22-rdf-syntax-ns#langString	
http://yago-knowledge.org/resource/Mase	Mase	http://yago-knowledge.org/resource/hasWikipediaAnchorText	null	Harlem	http://www.w3.org/1999/02/22-rdf-syntax-ns#langString	
http://yago-knowledge.org/resource/Mase	Mase	http://yago-knowledge.org/resource/hasWikipediaAnchorText	null	Harlem World	http://www.w3.org/1999/02/22-rdf-syntax-ns#langString	
http://yago-knowledge.org/resource/Mase	Mase	http://yago-knowledge.org/resource/hasWikipediaAnchorText	null	Harlem, New York City	http://www.w3.org/1999/02/22-rdf-syntax-ns#langString	
http://yago-knowledge.org/resource/Mase	Mase	http://yago-knowledge.org/resource/hasWikipediaAnchorText	null	Hip hop	http://www.w3.org/1999/02/22-rdf-syntax-ns#langString	
http://yago-knowledge.org/resource/Mase	Mase	http://yago-knowledge.org/resource/hasWikipediaAnchorText	null	Hot 97	http://www.w3.org/1999/02/22-rdf-syntax-ns#langString	
http://yago-knowledge.org/resource/Mase	Mase	http://yago-knowledge.org/resource/hasWikipediaAnchorText	null	I Need A Girl	http://www.w3.org/1999/02/22-rdf-syntax-ns#langString	
http://yago-knowledge.org/resource/Mase	Mase	http://yago-knowledge.org/resource/hasWikipediaAnchorText	null	Jacksonville	http://www.w3.org/1999/02/22-rdf-syntax-ns#langString	
http://yago-knowledge.org/resource/Mase	Mase	http://yago-knowledge.org/resource/hasWikipediaAnchorText	null	Jacksonville, Florida	http://www.w3.org/1999/02/22-rdf-syntax-ns#langString	
http://yago-knowledge.org/resource/Mase	Mase	http://yago-knowledge.org/resource/hasWikipediaAnchorText	null	Jay-Z	http://www.w3.org/1999/02/22-rdf-syntax-ns#langString	
http://yago-knowledge.org/resource/Mase	Mase	http://yago-knowledge.org/resource/hasWikipediaAnchorText	null	Jim Jones	http://www.w3.org/1999/02/22-rdf-syntax-ns#langString	
http://yago-knowledge.org/resource/Mase	Mase	http://yago-knowledge.org/resource/hasWikipediaAnchorText	null	Kanye West	http://www.w3.org/1999/02/22-rdf-syntax-ns#langString	
http://yago-knowledge.org/resource/Mase	Mase	http://yago-knowledge.org/resource/hasWikipediaAnchorText	null	Lauryn Hill	http://www.w3.org/1999/02/22-rdf-syntax-ns#langString	
http://yago-knowledge.org/resource/Mase	Mase	http://yago-knowledge.org/resource/hasWikipediaAnchorText	null	Lean Back	http://www.w3.org/1999/02/22-rdf-syntax-ns#langString	
http://yago-knowledge.org/resource/Mase	Mase	http://yago-knowledge.org/resource/hasWikipediaAnchorText	null	Life After Death	http://www.w3.org/1999/02/22-rdf-syntax-ns#langString	
http://yago-knowledge.org/resource/Mase	Mase	http://yago-knowledge.org/resource/hasWikipediaAnchorText	null	Lookin' at Me	http://www.w3.org/1999/02/22-rdf-syntax-ns#langString	
http://yago-knowledge.org/resource/Mase	Mase	http://yago-knowledge.org/resource/hasWikipediaAnchorText	null	MTV	http://www.w3.org/1999/02/22-rdf-syntax-ns#langString	
http://yago-knowledge.org/resource/Mase	Mase	http://yago-knowledge.org/resource/hasWikipediaAnchorText	null	Ma$e Says Beef With Jay-Z Was Over A Woman, Recalls Almost Fighting Dame Dash [Video	http://www.w3.org/1999/02/22-rdf-syntax-ns#langString	
http://yago-knowledge.org/resource/Mase	Mase	http://yago-knowledge.org/resource/hasWikipediaAnchorText	null	Mac Dre	http://www.w3.org/1999/02/22-rdf-syntax-ns#langString	
http://yago-knowledge.org/resource/Mase	Mase	http://yago-knowledge.org/resource/hasWikipediaAnchorText	null	Manhattan Center High School	http://www.w3.org/1999/02/22-rdf-syntax-ns#langString	
http://yago-knowledge.org/resource/Mase	Mase	http://yago-knowledge.org/resource/hasWikipediaAnchorText	null	Master P	http://www.w3.org/1999/02/22-rdf-syntax-ns#langString	
http://yago-knowledge.org/resource/Mase	Mase	http://yago-knowledge.org/resource/hasWikipediaAnchorText	null	Maybach Music Group	http://www.w3.org/1999/02/22-rdf-syntax-ns#langString	
http://yago-knowledge.org/resource/Mase	Mase	http://yago-knowledge.org/resource/hasWikipediaAnchorText	null	McGruff	http://www.w3.org/1999/02/22-rdf-syntax-ns#langString	
http://yago-knowledge.org/resource/Mase	Mase	http://yago-knowledge.org/resource/hasWikipediaAnchorText	null	Meek Mill	http://www.w3.org/1999/02/22-rdf-syntax-ns#langString	
http://yago-knowledge.org/resource/Mase	Mase	http://yago-knowledge.org/resource/hasWikipediaAnchorText	null	Michael Jackson	http://www.w3.org/1999/02/22-rdf-syntax-ns#langString	
http://yago-knowledge.org/resource/Mase	Mase	http://yago-knowledge.org/resource/hasWikipediaAnchorText	null	Mo' Money, Mo' Problems	http://www.w3.org/1999/02/22-rdf-syntax-ns#langString	
http://yago-knowledge.org/resource/Mase	Mase	http://yago-knowledge.org/resource/hasWikipediaAnchorText	null	Nelly	http://www.w3.org/1999/02/22-rdf-syntax-ns#langString	
http://yago-knowledge.org/resource/Mase	Mase	http://yago-knowledge.org/resource/hasWikipediaAnchorText	null	New York	http://www.w3.org/1999/02/22-rdf-syntax-ns#langString	
http://yago-knowledge.org/resource/Mase	Mase	http://yago-knowledge.org/resource/hasWikipediaAnchorText	null	New York City	http://www.w3.org/1999/02/22-rdf-syntax-ns#langString	
http://yago-knowledge.org/resource/Mase	Mase	http://yago-knowledge.org/resource/hasWikipediaAnchorText	null	No Way Out	http://www.w3.org/1999/02/22-rdf-syntax-ns#langString	
http://yago-knowledge.org/resource/Mase	Mase	http://yago-knowledge.org/resource/hasWikipediaAnchorText	null	OJ da Juiceman	http://www.w3.org/1999/02/22-rdf-syntax-ns#langString	
http://yago-knowledge.org/resource/Mase	Mase	http://yago-knowledge.org/resource/hasWikipediaAnchorText	null	OVO Sound	http://www.w3.org/1999/02/22-rdf-syntax-ns#langString	
http://yago-knowledge.org/resource/Mase	Mase	http://yago-knowledge.org/resource/hasWikipediaAnchorText	null	Omarion	http://www.w3.org/1999/02/22-rdf-syntax-ns#langString	
http://yago-knowledge.org/resource/Mase	Mase	http://yago-knowledge.org/resource/hasWikipediaAnchorText	null	Only You	http://www.w3.org/1999/02/22-rdf-syntax-ns#langString	
http://yago-knowledge.org/resource/Mase	Mase	http://yago-knowledge.org/resource/hasWikipediaAnchorText	null	Power 105.1	http://www.w3.org/1999/02/22-rdf-syntax-ns#langString	
http://yago-knowledge.org/resource/Mase	Mase	http://yago-knowledge.org/resource/hasWikipediaAnchorText	null	Pusha T	http://www.w3.org/1999/02/22-rdf-syntax-ns#langString	
http://yago-knowledge.org/resource/Mase	Mase	http://yago-knowledge.org/resource/hasWikipediaAnchorText	null	RIAA	http://www.w3.org/1999/02/22-rdf-syntax-ns#langString	
http://yago-knowledge.org/resource/Mase	Mase	http://yago-knowledge.org/resource/hasWikipediaAnchorText	null	Rapper	http://www.w3.org/1999/02/22-rdf-syntax-ns#langString	
http://yago-knowledge.org/resource/Mase	Mase	http://yago-knowledge.org/resource/hasWikipediaAnchorText	null	Rick Ross	http://www.w3.org/1999/02/22-rdf-syntax-ns#langString	
http://yago-knowledge.org/resource/Mase	Mase	http://yago-knowledge.org/resource/hasWikipediaAnchorText	null	Rico Love	http://www.w3.org/1999/02/22-rdf-syntax-ns#langString	
http://yago-knowledge.org/resource/Mase	Mase	http://yago-knowledge.org/resource/hasWikipediaAnchorText	null	Ron Browz	http://www.w3.org/1999/02/22-rdf-syntax-ns#langString	
http://yago-knowledge.org/resource/Mase	Mase	http://yago-knowledge.org/resource/hasWikipediaAnchorText	null	SUNY Purchase	http://www.w3.org/1999/02/22-rdf-syntax-ns#langString	
http://yago-knowledge.org/resource/Mase	Mase	http://yago-knowledge.org/resource/hasWikipediaAnchorText	null	Seal	http://www.w3.org/1999/02/22-rdf-syntax-ns#langString	
http://yago-knowledge.org/resource/Mase	Mase	http://yago-knowledge.org/resource/hasWikipediaAnchorText	null	Sean "Diddy" Combs	http://www.w3.org/1999/02/22-rdf-syntax-ns#langString	
http://yago-knowledge.org/resource/Mase	Mase	http://yago-knowledge.org/resource/hasWikipediaAnchorText	null	Sean Combs	http://www.w3.org/1999/02/22-rdf-syntax-ns#langString	
http://yago-knowledge.org/resource/Mase	Mase	http://yago-knowledge.org/resource/hasWikipediaAnchorText	null	Shawty Lo	http://www.w3.org/1999/02/22-rdf-syntax-ns#langString	
http://yago-knowledge.org/resource/Mase	Mase	http://yago-knowledge.org/resource/hasWikipediaAnchorText	null	Teairra Marí	http://www.w3.org/1999/02/22-rdf-syntax-ns#langString	
http://yago-knowledge.org/resource/Mase	Mase	http://yago-knowledge.org/resource/hasWikipediaAnchorText	null	The Inc. Records	http://www.w3.org/1999/02/22-rdf-syntax-ns#langString	
http://yago-knowledge.org/resource/Mase	Mase	http://yago-knowledge.org/resource/hasWikipediaAnchorText	null	The LOX	http://www.w3.org/1999/02/22-rdf-syntax-ns#langString	
http://yago-knowledge.org/resource/Mase	Mase	http://yago-knowledge.org/resource/hasWikipediaAnchorText	null	The Notorious B.I.G.	http://www.w3.org/1999/02/22-rdf-syntax-ns#langString	
http://yago-knowledge.org/resource/Mase	Mase	http://yago-knowledge.org/resource/hasWikipediaAnchorText	null	The-Dream	http://www.w3.org/1999/02/22-rdf-syntax-ns#langString	
http://yago-knowledge.org/resource/Mase	Mase	http://yago-knowledge.org/resource/hasWikipediaAnchorText	null	Total	http://www.w3.org/1999/02/22-rdf-syntax-ns#langString	
http://yago-knowledge.org/resource/Mase	Mase	http://yago-knowledge.org/resource/hasWikipediaAnchorText	null	Trey Songz	http://www.w3.org/1999/02/22-rdf-syntax-ns#langString	
http://yago-knowledge.org/resource/Mase	Mase	http://yago-knowledge.org/resource/hasWikipediaAnchorText	null	V-103	http://www.w3.org/1999/02/22-rdf-syntax-ns#langString	
http://yago-knowledge.org/resource/Mase	Mase	http://yago-knowledge.org/resource/hasWikipediaAnchorText	null	Wale	http://www.w3.org/1999/02/22-rdf-syntax-ns#langString	
http://yago-knowledge.org/resource/Mase	Mase	http://yago-knowledge.org/resource/hasWikipediaAnchorText	null	Welcome Back	http://www.w3.org/1999/02/22-rdf-syntax-ns#langString	
http://yago-knowledge.org/resource/Mase	Mase	http://yago-knowledge.org/resource/hasWikipediaAnchorText	null	What You Want	http://www.w3.org/1999/02/22-rdf-syntax-ns#langString	
http://yago-knowledge.org/resource/Mase	Mase	http://yago-knowledge.org/resource/hasWikipediaAnchorText	null	crossover	http://www.w3.org/1999/02/22-rdf-syntax-ns#langString	
http://yago-knowledge.org/resource/Mase	Mase	http://yago-knowledge.org/resource/hasWikipediaAnchorText	null	crowds	http://www.w3.org/1999/02/22-rdf-syntax-ns#langString	
http://yago-knowledge.org/resource/Mase	Mase	http://yago-knowledge.org/resource/hasWikipediaAnchorText	null	hit single	http://www.w3.org/1999/02/22-rdf-syntax-ns#langString	
http://yago-knowledge.org/resource/Mase	Mase	http://yago-knowledge.org/resource/hasWikipediaAnchorText	null	lead single	http://www.w3.org/1999/02/22-rdf-syntax-ns#langString	
http://yago-knowledge.org/resource/Mase	Mase	http://yago-knowledge.org/resource/hasWikipediaAnchorText	null	pastor	http://www.w3.org/1999/02/22-rdf-syntax-ns#langString	
http://yago-knowledge.org/resource/Mase	Mase	http://yago-knowledge.org/resource/hasWikipediaAnchorText	null	songwriter	http://www.w3.org/1999/02/22-rdf-syntax-ns#langString	
http://yago-knowledge.org/resource/Mase	Mase	http://yago-knowledge.org/resource/hasWikipediaAnchorText	null	stage name	http://www.w3.org/1999/02/22-rdf-syntax-ns#langString	
http://yago-knowledge.org/resource/Mase	Mase	http://yago-knowledge.org/resource/hasWikipediaAnchorText	null	television personality	http://www.w3.org/1999/02/22-rdf-syntax-ns#langString	
http://yago-knowledge.org/resource/Mase	Mase	http://yago-knowledge.org/resource/hasWikipediaArticleLength	null	18815	http://www.w3.org/2001/XMLSchema#integer	
http://yago-knowledge.org/resource/Mase	Mase	http://yago-knowledge.org/resource/hasWikipediaUrl	null	http://en.wikipedia.org/wiki/Mase	uri	null
http://yago-knowledge.org/resource/Mase	Mase	http://yago-knowledge.org/resource/linksTo	null	http://yago-knowledge.org/resource/2_Chainz	entity	2 Chainz
http://yago-knowledge.org/resource/Mase	Mase	http://yago-knowledge.org/resource/linksTo	null	http://yago-knowledge.org/resource/50_Cent	entity	50 Cent
http://yago-knowledge.org/resource/Mase	Mase	http://yago-knowledge.org/resource/linksTo	null	http://yago-knowledge.org/resource/All_That	entity	All That
http://yago-knowledge.org/resource/Mase	Mase	http://yago-knowledge.org/resource/linksTo	null	http://yago-knowledge.org/resource/Ambition_(Wale_album)	entity	Ambition (Wale album)
http://yago-knowledge.org/resource/Mase	Mase	http://yago-knowledge.org/resource/linksTo	null	http://yago-knowledge.org/resource/Ariana_Grande	entity	Ariana Grande
http://yago-knowledge.org/resource/Mase	Mase	http://yago-knowledge.org/resource/linksTo	null	http://yago-knowledge.org/resource/Bad_Boy_Records	entity	Bad Boy Records
http://yago-knowledge.org/resource/Mase	Mase	http://yago-knowledge.org/resource/linksTo	null	http://yago-knowledge.org/resource/Best_I_Ever_Had_(Drake_song)	entity	Best I Ever Had (Drake song)
http://yago-knowledge.org/resource/Mase	Mase	http://yago-knowledge.org/resource/linksTo	null	http://yago-knowledge.org/resource/Big_L	entity	Big L
http://yago-knowledge.org/resource/Mase	Mase	http://yago-knowledge.org/resource/linksTo	null	http://yago-knowledge.org/resource/Billboard_(magazine)	entity	Billboard (magazine)
http://yago-knowledge.org/resource/Mase	Mase	http://yago-knowledge.org/resource/linksTo	null	http://yago-knowledge.org/resource/Billboard_Hot_100	entity	Billboard Hot 100
http://yago-knowledge.org/resource/Mase	Mase	http://yago-knowledge.org/resource/linksTo	null	http://yago-knowledge.org/resource/Black_Entertainment_Television	entity	Black Entertainment Television
http://yago-knowledge.org/resource/Mase	Mase	http://yago-knowledge.org/resource/linksTo	null	http://yago-knowledge.org/resource/Breathe,_Stretch,_Shake	entity	Breathe, Stretch, Shake
http://yago-knowledge.org/resource/Mase	Mase	http://yago-knowledge.org/resource/linksTo	null	http://yago-knowledge.org/resource/Cam'ron	entity	Cam'ron
http://yago-knowledge.org/resource/Mase	Mase	http://yago-knowledge.org/resource/linksTo	null	http://yago-knowledge.org/resource/CeeLo_Green	entity	CeeLo Green
http://yago-knowledge.org/resource/Mase	Mase	http://yago-knowledge.org/resource/linksTo	null	http://yago-knowledge.org/resource/Children_of_the_Corn_(group)	entity	Children of the Corn (group)
http://yago-knowledge.org/resource/Mase	Mase	http://yago-knowledge.org/resource/linksTo	null	http://yago-knowledge.org/resource/Crossover_(music)	entity	Crossover (music)
http://yago-knowledge.org/resource/Mase	Mase	http://yago-knowledge.org/resource/linksTo	null	http://yago-knowledge.org/resource/Crowds_(adolescence)	entity	Crowds (adolescence)
http://yago-knowledge.org/resource/Mase	Mase	http://yago-knowledge.org/resource/linksTo	null	http://yago-knowledge.org/resource/Cruel_Summer_(GOOD_Music_album)	entity	Cruel Summer (GOOD Music album)
http://yago-knowledge.org/resource/Mase	Mase	http://yago-knowledge.org/resource/linksTo	null	http://yago-knowledge.org/resource/DJ_Whoo_Kid	entity	DJ Whoo Kid
http://yago-knowledge.org/resource/Mase	Mase	http://yago-knowledge.org/resource/linksTo	null	http://yago-knowledge.org/resource/Double_Up_(Mase_album)	entity	Double Up (Mase album)
http://yago-knowledge.org/resource/Mase	Mase	http://yago-knowledge.org/resource/linksTo	null	http://yago-knowledge.org/resource/Drake_(entertainer)	entity	Drake (entertainer)
http://yago-knowledge.org/resource/Mase	Mase	http://yago-knowledge.org/resource/linksTo	null	http://yago-knowledge.org/resource/Drake_(rapper)	entity	Drake (rapper)
http://yago-knowledge.org/resource/Mase	Mase	http://yago-knowledge.org/resource/linksTo	null	http://yago-knowledge.org/resource/Excuse_My_French_(album)	entity	Excuse My French (album)
http://yago-knowledge.org/resource/Mase	Mase	http://yago-knowledge.org/resource/linksTo	null	http://yago-knowledge.org/resource/Fabolous	entity	Fabolous
http://yago-knowledge.org/resource/Mase	Mase	http://yago-knowledge.org/resource/linksTo	null	http://yago-knowledge.org/resource/Fat_Joe	entity	Fat Joe
http://yago-knowledge.org/resource/Mase	Mase	http://yago-knowledge.org/resource/linksTo	null	http://yago-knowledge.org/resource/Feel_So_Good_(song)	entity	Feel So Good (song)
http://yago-knowledge.org/resource/Mase	Mase	http://yago-knowledge.org/resource/linksTo	null	http://yago-knowledge.org/resource/Florida	entity	Florida
http://yago-knowledge.org/resource/Mase	Mase	http://yago-knowledge.org/resource/linksTo	null	http://yago-knowledge.org/resource/French_Montana	entity	French Montana
http://yago-knowledge.org/resource/Mase	Mase	http://yago-knowledge.org/resource/linksTo	null	http://yago-knowledge.org/resource/Funkmaster_Flex	entity	Funkmaster Flex
http://yago-knowledge.org/resource/Mase	Mase	http://yago-knowledge.org/resource/linksTo	null	http://yago-knowledge.org/resource/G-Unit	entity	G-Unit
http://yago-knowledge.org/resource/Mase	Mase	http://yago-knowledge.org/resource/linksTo	null	http://yago-knowledge.org/resource/GOOD_Music	entity	GOOD Music
http://yago-knowledge.org/resource/Mase	Mase	http://yago-knowledge.org/resource/linksTo	null	http://yago-knowledge.org/resource/Harlem	entity	Harlem
http://yago-knowledge.org/resource/Mase	Mase	http://yago-knowledge.org/resource/linksTo	null	http://yago-knowledge.org/resource/Harlem_World	entity	Harlem World
http://yago-knowledge.org/resource/Mase	Mase	http://yago-knowledge.org/resource/linksTo	null	http://yago-knowledge.org/resource/Harlem_World_(group)	entity	Harlem World (group)
http://yago-knowledge.org/resource/Mase	Mase	http://yago-knowledge.org/resource/linksTo	null	http://yago-knowledge.org/resource/Hip_hop_music	entity	Hip hop music
http://yago-knowledge.org/resource/Mase	Mase	http://yago-knowledge.org/resource/linksTo	null	http://yago-knowledge.org/resource/I_Need_a_Girl_(Trey_Songz_song)	entity	I Need a Girl (Trey Songz song)
http://yago-knowledge.org/resource/Mase	Mase	http://yago-knowledge.org/resource/linksTo	null	http://yago-knowledge.org/resource/Jacksonville,_Florida	entity	Jacksonville, Florida
http://yago-knowledge.org/resource/Mase	Mase	http://yago-knowledge.org/resource/linksTo	null	http://yago-knowledge.org/resource/Jay-Z	entity	Jay-Z
http://yago-knowledge.org/resource/Mase	Mase	http://yago-knowledge.org/resource/linksTo	null	http://yago-knowledge.org/resource/Jim_Jones_(rapper)	entity	Jim Jones (rapper)
http://yago-knowledge.org/resource/Mase	Mase	http://yago-knowledge.org/resource/linksTo	null	http://yago-knowledge.org/resource/Kanye_West	entity	Kanye West
http://yago-knowledge.org/resource/Mase	Mase	http://yago-knowledge.org/resource/linksTo	null	http://yago-knowledge.org/resource/Lauryn_Hill	entity	Lauryn Hill
http://yago-knowledge.org/resource/Mase	Mase	http://yago-knowledge.org/resource/linksTo	null	http://yago-knowledge.org/resource/Lean_Back	entity	Lean Back
http://yago-knowledge.org/resource/Mase	Mase	http://yago-knowledge.org/resource/linksTo	null	http://yago-knowledge.org/resource/Life_After_Death	entity	Life After Death
http://yago-knowledge.org/resource/Mase	Mase	http://yago-knowledge.org/resource/linksTo	null	http://yago-knowledge.org/resource/Lookin'_at_Me	entity	Lookin' at Me
http://yago-knowledge.org/resource/Mase	Mase	http://yago-knowledge.org/resource/linksTo	null	http://yago-knowledge.org/resource/MTV	entity	MTV
http://yago-knowledge.org/resource/Mase	Mase	http://yago-knowledge.org/resource/linksTo	null	http://yago-knowledge.org/resource/Mac_Dre	entity	Mac Dre
http://yago-knowledge.org/resource/Mase	Mase	http://yago-knowledge.org/resource/linksTo	null	http://yago-knowledge.org/resource/Master_P	entity	Master P
http://yago-knowledge.org/resource/Mase	Mase	http://yago-knowledge.org/resource/linksTo	null	http://yago-knowledge.org/resource/Maybach_Music_Group	entity	Maybach Music Group
http://yago-knowledge.org/resource/Mase	Mase	http://yago-knowledge.org/resource/linksTo	null	http://yago-knowledge.org/resource/McGruff_(rapper)	entity	McGruff (rapper)
http://yago-knowledge.org/resource/Mase	Mase	http://yago-knowledge.org/resource/linksTo	null	http://yago-knowledge.org/resource/Meek_Mill	entity	Meek Mill
http://yago-knowledge.org/resource/Mase	Mase	http://yago-knowledge.org/resource/linksTo	null	http://yago-knowledge.org/resource/Michael_Jackson	entity	Michael Jackson
http://yago-knowledge.org/resource/Mase	Mase	http://yago-knowledge.org/resource/linksTo	null	http://yago-knowledge.org/resource/Mo_Money_Mo_Problems	entity	Mo Money Mo Problems
http://yago-knowledge.org/resource/Mase	Mase	http://yago-knowledge.org/resource/linksTo	null	http://yago-knowledge.org/resource/Nelly	entity	Nelly
http://yago-knowledge.org/resource/Mase	Mase	http://yago-knowledge.org/resource/linksTo	null	http://yago-knowledge.org/resource/New_York	entity	New York
http://yago-knowledge.org/resource/Mase	Mase	http://yago-knowledge.org/resource/linksTo	null	http://yago-knowledge.org/resource/New_York_City	entity	New York City
http://yago-knowledge.org/resource/Mase	Mase	http://yago-knowledge.org/resource/linksTo	null	http://yago-knowledge.org/resource/No_Way_Out_(album)	entity	No Way Out (album)
http://yago-knowledge.org/resource/Mase	Mase	http://yago-knowledge.org/resource/linksTo	null	http://yago-knowledge.org/resource/OJ_da_Juiceman	entity	OJ da Juiceman
http://yago-knowledge.org/resource/Mase	Mase	http://yago-knowledge.org/resource/linksTo	null	http://yago-knowledge.org/resource/OVO_Sound	entity	OVO Sound
http://yago-knowledge.org/resource/Mase	Mase	http://yago-knowledge.org/resource/linksTo	null	http://yago-knowledge.org/resource/Omarion	entity	Omarion
http://yago-knowledge.org/resource/Mase	Mase	http://yago-knowledge.org/resource/linksTo	null	http://yago-knowledge.org/resource/Only_You_(112_song)	entity	Only You (112 song)
http://yago-knowledge.org/resource/Mase	Mase	http://yago-knowledge.org/resource/linksTo	null	http://yago-knowledge.org/resource/Pusha_T	entity	Pusha T
http://yago-knowledge.org/resource/Mase	Mase	http://yago-knowledge.org/resource/linksTo	null	http://yago-knowledge.org/resource/Rapping	entity	Rapping
http://yago-knowledge.org/resource/Mase	Mase	http://yago-knowledge.org/resource/linksTo	null	http://yago-knowledge.org/resource/Rick_Ross	entity	Rick Ross
http://yago-knowledge.org/resource/Mase	Mase	http://yago-knowledge.org/resource/linksTo	null	http://yago-knowledge.org/resource/Rico_Love	entity	Rico Love
http://yago-knowledge.org/resource/Mase	Mase	http://yago-knowledge.org/resource/linksTo	null	http://yago-knowledge.org/resource/Ron_Browz	entity	Ron Browz
http://yago-knowledge.org/resource/Mase	Mase	http://yago-knowledge.org/resource/linksTo	null	http://yago-knowledge.org/resource/Seal_(musician)	entity	Seal (musician)
http://yago-knowledge.org/resource/Mase	Mase	http://yago-knowledge.org/resource/linksTo	null	http://yago-knowledge.org/resource/Sean_Combs	entity	Sean Combs
http://yago-knowledge.org/resource/Mase	Mase	http://yago-knowledge.org/resource/linksTo	null	http://yago-knowledge.org/resource/Shawty_Lo	entity	Shawty Lo
http://yago-knowledge.org/resource/Mase	Mase	http://yago-knowledge.org/resource/linksTo	null	http://yago-knowledge.org/resource/Teairra_Marí	entity	Teairra Marí
http://yago-knowledge.org/resource/Mase	Mase	http://yago-knowledge.org/resource/linksTo	null	http://yago-knowledge.org/resource/The-Dream	entity	The-Dream
http://yago-knowledge.org/resource/Mase	Mase	http://yago-knowledge.org/resource/linksTo	null	http://yago-knowledge.org/resource/The_Inc._Records	entity	The Inc. Records
http://yago-knowledge.org/resource/Mase	Mase	http://yago-knowledge.org/resource/linksTo	null	http://yago-knowledge.org/resource/The_Notorious_B.I.G.	entity	The Notorious B.I.G.
http://yago-knowledge.org/resource/Mase	Mase	http://yago-knowledge.org/resource/linksTo	null	http://yago-knowledge.org/resource/Total_(group)	entity	Total (group)
http://yago-knowledge.org/resource/Mase	Mase	http://yago-knowledge.org/resource/linksTo	null	http://yago-knowledge.org/resource/Trey_Songz	entity	Trey Songz
http://yago-knowledge.org/resource/Mase	Mase	http://yago-knowledge.org/resource/linksTo	null	http://yago-knowledge.org/resource/WQHT	entity	WQHT
http://yago-knowledge.org/resource/Mase	Mase	http://yago-knowledge.org/resource/linksTo	null	http://yago-knowledge.org/resource/WWPR-FM	entity	WWPR-FM
http://yago-knowledge.org/resource/Mase	Mase	http://yago-knowledge.org/resource/linksTo	null	http://yago-knowledge.org/resource/Wale_(rapper)	entity	Wale (rapper)
http://yago-knowledge.org/resource/Mase	Mase	http://yago-knowledge.org/resource/linksTo	null	http://yago-knowledge.org/resource/Welcome_Back_(Mase_album)	entity	Welcome Back (Mase album)
http://yago-knowledge.org/resource/Mase	Mase	http://yago-knowledge.org/resource/linksTo	null	http://yago-knowledge.org/resource/Welcome_Back_(Mase_song)	entity	Welcome Back (Mase song)
http://yago-knowledge.org/resource/Mase	Mase	http://yago-knowledge.org/resource/linksTo	null	http://yago-knowledge.org/resource/What_You_Want_(Mase_song)	entity	What You Want (Mase song)
http://yago-knowledge.org/resource/Mase	Mase	http://yago-knowledge.org/resource/redirectedFrom	null	Karma (Mase album)	http://www.w3.org/1999/02/22-rdf-syntax-ns#langString	
http://yago-knowledge.org/resource/Mase	Mase	http://yago-knowledge.org/resource/redirectedFrom	null	MA$E	http://www.w3.org/1999/02/22-rdf-syntax-ns#langString	
http://yago-knowledge.org/resource/Mase	Mase	http://yago-knowledge.org/resource/redirectedFrom	null	Ma$E	http://www.w3.org/1999/02/22-rdf-syntax-ns#langString	
http://yago-knowledge.org/resource/Mase	Mase	http://yago-knowledge.org/resource/redirectedFrom	null	Ma$e	http://www.w3.org/1999/02/22-rdf-syntax-ns#langString	
http://yago-knowledge.org/resource/Mase	Mase	http://yago-knowledge.org/resource/redirectedFrom	null	Mason Betha	http://www.w3.org/1999/02/22-rdf-syntax-ns#langString	
http://yago-knowledge.org/resource/Mase	Mase	http://yago-knowledge.org/resource/redirectedFrom	null	Mason Durell Betha	http://www.w3.org/1999/02/22-rdf-syntax-ns#langString	
http://yago-knowledge.org/resource/Mase	Mase	http://yago-knowledge.org/resource/redirectedFrom	null	Murda Ma$e	http://www.w3.org/1999/02/22-rdf-syntax-ns#langString	
http://yago-knowledge.org/resource/Mase	Mase	http://yago-knowledge.org/resource/redirectedFrom	null	Murda Mase	http://www.w3.org/1999/02/22-rdf-syntax-ns#langString	
http://yago-knowledge.org/resource/Mase	Mase	http://yago-knowledge.org/resource/redirectedFrom	null	Murder Mase	http://www.w3.org/1999/02/22-rdf-syntax-ns#langString	
http://yago-knowledge.org/resource/Mase	Mase	http://yago-knowledge.org/resource/redirectedFrom	null	Now We Even	http://www.w3.org/1999/02/22-rdf-syntax-ns#langString	
http://yago-knowledge.org/resource/Mase	Mase	http://yago-knowledge.org/resource/redirectedFrom	null	Officially Back	http://www.w3.org/1999/02/22-rdf-syntax-ns#langString	
http://yago-knowledge.org/resource/Mase	Mase	http://yago-knowledge.org/resource/wasBornIn	birthPlace	http://yago-knowledge.org/resource/Jacksonville,_Florida	entity	Jacksonville, Florida
http://yago-knowledge.org/resource/Mase	Mase	http://yago-knowledge.org/resource/wasBornOnDate	date of birth	1977-08-27	http://www.w3.org/2001/XMLSchema#date	
