sub	subl	prop	propl	obj	obj_t	obj_l
http://www.wikidata.org/entity/Q126927	Mase	http://schema.org/description	description	rapper, songwriter, television personality	http://www.w3.org/1999/02/22-rdf-syntax-ns#langString	
http://www.wikidata.org/entity/Q126927	Mase	http://www.w3.org/1999/02/22-rdf-syntax-ns#type	type	http://www.wikidata.org/entity/Q5	entity	human
http://www.wikidata.org/entity/Q126927	Mase	http://www.w3.org/1999/02/22-rdf-syntax-ns#type	type	http://www.wikidata.org/ontology#Item	entity	Item
http://www.wikidata.org/entity/Q126927	Mase	http://www.w3.org/2000/01/rdf-schema#label	label	Mase	http://www.w3.org/1999/02/22-rdf-syntax-ns#langString	
http://www.wikidata.org/entity/Q126927	Mase	http://www.w3.org/2004/02/skos/core#altLabel	alternative label	Ma$e	http://www.w3.org/1999/02/22-rdf-syntax-ns#langString	
http://www.wikidata.org/entity/Q126927	Mase	http://www.wikidata.org/entity/P106c	occupation	http://www.wikidata.org/entity/Q177220	entity	singer
http://www.wikidata.org/entity/Q126927	Mase	http://www.wikidata.org/entity/P106c	occupation	http://www.wikidata.org/entity/Q2252262	entity	rapper
http://www.wikidata.org/entity/Q126927	Mase	http://www.wikidata.org/entity/P106c	occupation	http://www.wikidata.org/entity/Q33999	entity	actor
http://www.wikidata.org/entity/Q126927	Mase	http://www.wikidata.org/entity/P106c	occupation	http://www.wikidata.org/entity/Q639669	entity	musician
http://www.wikidata.org/entity/Q126927	Mase	http://www.wikidata.org/entity/P136c	genre	http://www.wikidata.org/entity/Q6010	entity	rapping
http://www.wikidata.org/entity/Q126927	Mase	http://www.wikidata.org/entity/P1728c	AllMusic artist ID	mn0000386234	http://www.w3.org/2001/XMLSchema#string	
http://www.wikidata.org/entity/Q126927	Mase	http://www.wikidata.org/entity/P18c	image	http://commons.wikimedia.org/wiki/File:Mason_Durrell_Betha.jpg	uri	null
http://www.wikidata.org/entity/Q126927	Mase	http://www.wikidata.org/entity/P1953c	Discogs artist ID	97658	http://www.w3.org/2001/XMLSchema#string	
http://www.wikidata.org/entity/Q126927	Mase	http://www.wikidata.org/entity/P19c	place of birth	http://www.wikidata.org/entity/Q16568	entity	Jacksonville
http://www.wikidata.org/entity/Q126927	Mase	http://www.wikidata.org/entity/P2002c	Twitter username	MasonBetha	http://www.w3.org/2001/XMLSchema#string	
http://www.wikidata.org/entity/Q126927	Mase	http://www.wikidata.org/entity/P213c	ISNI	0000 0000 8360 7369	http://www.w3.org/2001/XMLSchema#string	
http://www.wikidata.org/entity/Q126927	Mase	http://www.wikidata.org/entity/P214c	VIAF ID	17419857	http://www.w3.org/2001/XMLSchema#string	
http://www.wikidata.org/entity/Q126927	Mase	http://www.wikidata.org/entity/P2163c	FAST-ID	398713	http://www.w3.org/2001/XMLSchema#string	
http://www.wikidata.org/entity/Q126927	Mase	http://www.wikidata.org/entity/P21c	sex or gender	http://www.wikidata.org/entity/Q6581097	entity	male
http://www.wikidata.org/entity/Q126927	Mase	http://www.wikidata.org/entity/P227c	GND ID	128962402	http://www.w3.org/2001/XMLSchema#string	
http://www.wikidata.org/entity/Q126927	Mase	http://www.wikidata.org/entity/P244c	LCAuth ID	no97059579	http://www.w3.org/2001/XMLSchema#string	
http://www.wikidata.org/entity/Q126927	Mase	http://www.wikidata.org/entity/P268c	BnF ID	14011602h	http://www.w3.org/2001/XMLSchema#string	
http://www.wikidata.org/entity/Q126927	Mase	http://www.wikidata.org/entity/P27c	country of citizenship	http://www.wikidata.org/entity/Q30	entity	United States of America
http://www.wikidata.org/entity/Q126927	Mase	http://www.wikidata.org/entity/P31c	instance of	http://www.wikidata.org/entity/Q5	entity	human
http://www.wikidata.org/entity/Q126927	Mase	http://www.wikidata.org/entity/P345c	IMDb ID	nm0556234	http://www.w3.org/2001/XMLSchema#string	
http://www.wikidata.org/entity/Q126927	Mase	http://www.wikidata.org/entity/P358c	discography	http://www.wikidata.org/entity/Q6782942	entity	Mase discography
http://www.wikidata.org/entity/Q126927	Mase	http://www.wikidata.org/entity/P434c	MusicBrainz artist ID	76716b81-e361-427e-a931-19373388387d	http://www.w3.org/2001/XMLSchema#string	
http://www.wikidata.org/entity/Q126927	Mase	http://www.wikidata.org/entity/P569c	date of birth	1975-08-27	http://www.w3.org/2001/XMLSchema#date	
http://www.wikidata.org/entity/Q126927	Mase	http://www.wikidata.org/entity/P646-freebase	Freebase ID	http://rdf.freebase.com/ns/m.0brxvv	entity	Mase
http://www.wikidata.org/entity/Q126927	Mase	http://www.wikidata.org/entity/P646c	Freebase ID	/m/0brxvv	http://www.w3.org/2001/XMLSchema#string	
http://www.wikidata.org/entity/Q126927	Mase	http://www.wikidata.org/entity/P69c	educated at	http://www.wikidata.org/entity/Q4359408	entity	State University of New York at Purchase
