sub	subl	prop	propl	obj	obj_t	obj_l
http://dbpedia.org/resource/Chigaya_Mase	Chigaya Mase	http://dbpedia.org/ontology/abstract	has abstract	Chigaya Mase (間瀬ちがや Mase Chigaya, born December 5, 1967) is a Japanese ski mountaineer and ultramarathon runner. She lives in Tokyo.	http://www.w3.org/1999/02/22-rdf-syntax-ns#langString	
http://dbpedia.org/resource/Chigaya_Mase	Chigaya Mase	http://dbpedia.org/ontology/birthDate	birth date	1967-12-05	http://www.w3.org/2001/XMLSchema#date	
http://dbpedia.org/resource/Chigaya_Mase	Chigaya Mase	http://dbpedia.org/ontology/birthDate	birth date	1967-12-05	http://www.w3.org/2001/XMLSchema#date	
http://dbpedia.org/resource/Chigaya_Mase	Chigaya Mase	http://dbpedia.org/ontology/wikiPageExternalLink	Link from a Wikipage to an external page	http://statistik.d-u-v.org/getresultperson.php?&runner=37165&Language=EN	uri	null
http://dbpedia.org/resource/Chigaya_Mase	Chigaya Mase	http://dbpedia.org/ontology/wikiPageExternalLink	Link from a Wikipage to an external page	http://www.skimountaineering.org/node/241?IdRacer=656	uri	null
http://dbpedia.org/resource/Chigaya_Mase	Chigaya Mase	http://dbpedia.org/ontology/wikiPageID	Wikipage page ID	35365191	http://www.w3.org/2001/XMLSchema#integer	
http://dbpedia.org/resource/Chigaya_Mase	Chigaya Mase	http://dbpedia.org/ontology/wikiPageLength	page length (characters) of wiki page	4279	http://www.w3.org/2001/XMLSchema#nonNegativeInteger	
http://dbpedia.org/resource/Chigaya_Mase	Chigaya Mase	http://dbpedia.org/ontology/wikiPageOutDegree	Wiki page out degree	32	http://www.w3.org/2001/XMLSchema#nonNegativeInteger	
http://dbpedia.org/resource/Chigaya_Mase	Chigaya Mase	http://dbpedia.org/ontology/wikiPageRevisionID	Wikipage revision ID	735526733	http://www.w3.org/2001/XMLSchema#integer	
http://dbpedia.org/resource/Chigaya_Mase	Chigaya Mase	http://purl.org/dc/terms/description	Description	Japanese ski mountaineer and ultramarathon runner	http://www.w3.org/1999/02/22-rdf-syntax-ns#langString	
http://dbpedia.org/resource/Chigaya_Mase	Chigaya Mase	http://purl.org/dc/terms/subject	Subject	http://dbpedia.org/resource/Category:1967_births	entity	1967 births
http://dbpedia.org/resource/Chigaya_Mase	Chigaya Mase	http://purl.org/dc/terms/subject	Subject	http://dbpedia.org/resource/Category:Female_ultramarathon_runners	entity	Female ultramarathon runners
http://dbpedia.org/resource/Chigaya_Mase	Chigaya Mase	http://purl.org/dc/terms/subject	Subject	http://dbpedia.org/resource/Category:Japanese_female_long-distance_runners	entity	Japanese female long-distance runners
http://dbpedia.org/resource/Chigaya_Mase	Chigaya Mase	http://purl.org/dc/terms/subject	Subject	http://dbpedia.org/resource/Category:Japanese_ski_mountaineers	entity	Japanese ski mountaineers
http://dbpedia.org/resource/Chigaya_Mase	Chigaya Mase	http://purl.org/dc/terms/subject	Subject	http://dbpedia.org/resource/Category:Japanese_ultramarathon_runners	entity	Japanese ultramarathon runners
http://dbpedia.org/resource/Chigaya_Mase	Chigaya Mase	http://purl.org/dc/terms/subject	Subject	http://dbpedia.org/resource/Category:Living_people	entity	Living people
http://dbpedia.org/resource/Chigaya_Mase	Chigaya Mase	http://www.w3.org/1999/02/22-rdf-syntax-ns#type	type	http://dbpedia.org/ontology/Agent	entity	agent
http://dbpedia.org/resource/Chigaya_Mase	Chigaya Mase	http://www.w3.org/1999/02/22-rdf-syntax-ns#type	type	http://dbpedia.org/ontology/Athlete	entity	athlete
http://dbpedia.org/resource/Chigaya_Mase	Chigaya Mase	http://www.w3.org/1999/02/22-rdf-syntax-ns#type	type	http://dbpedia.org/ontology/Person	entity	person
http://dbpedia.org/resource/Chigaya_Mase	Chigaya Mase	http://www.w3.org/1999/02/22-rdf-syntax-ns#type	type	http://dbpedia.org/ontology/Skier	entity	skier
http://dbpedia.org/resource/Chigaya_Mase	Chigaya Mase	http://www.w3.org/1999/02/22-rdf-syntax-ns#type	type	http://dbpedia.org/ontology/WinterSportPlayer	entity	winter sport Player
http://dbpedia.org/resource/Chigaya_Mase	Chigaya Mase	http://www.w3.org/1999/02/22-rdf-syntax-ns#type	type	http://schema.org/Person	entity	Person
http://dbpedia.org/resource/Chigaya_Mase	Chigaya Mase	http://www.w3.org/1999/02/22-rdf-syntax-ns#type	type	http://www.ontologydesignpatterns.org/ont/dul/DUL.owl#Agent	entity	Agent
http://dbpedia.org/resource/Chigaya_Mase	Chigaya Mase	http://www.w3.org/1999/02/22-rdf-syntax-ns#type	type	http://www.ontologydesignpatterns.org/ont/dul/DUL.owl#NaturalPerson	entity	Natural person
http://dbpedia.org/resource/Chigaya_Mase	Chigaya Mase	http://www.w3.org/1999/02/22-rdf-syntax-ns#type	type	http://www.w3.org/2002/07/owl#Thing	entity	Thing
http://dbpedia.org/resource/Chigaya_Mase	Chigaya Mase	http://www.w3.org/1999/02/22-rdf-syntax-ns#type	type	http://www.wikidata.org/entity/Q215627	entity	person
http://dbpedia.org/resource/Chigaya_Mase	Chigaya Mase	http://www.w3.org/1999/02/22-rdf-syntax-ns#type	type	http://www.wikidata.org/entity/Q24229398	entity	agent
http://dbpedia.org/resource/Chigaya_Mase	Chigaya Mase	http://www.w3.org/1999/02/22-rdf-syntax-ns#type	type	http://www.wikidata.org/entity/Q4270517	entity	skier
http://dbpedia.org/resource/Chigaya_Mase	Chigaya Mase	http://www.w3.org/1999/02/22-rdf-syntax-ns#type	type	http://www.wikidata.org/entity/Q5	entity	human
http://dbpedia.org/resource/Chigaya_Mase	Chigaya Mase	http://www.w3.org/1999/02/22-rdf-syntax-ns#type	type	http://xmlns.com/foaf/0.1/Person	entity	Person
http://dbpedia.org/resource/Chigaya_Mase	Chigaya Mase	http://www.w3.org/2000/01/rdf-schema#comment	comment	Chigaya Mase (間瀬ちがや Mase Chigaya, born December 5, 1967) is a Japanese ski mountaineer and ultramarathon runner. She lives in Tokyo.	http://www.w3.org/1999/02/22-rdf-syntax-ns#langString	
http://dbpedia.org/resource/Chigaya_Mase	Chigaya Mase	http://www.w3.org/2000/01/rdf-schema#label	label	Chigaya Mase	http://www.w3.org/1999/02/22-rdf-syntax-ns#langString	
http://dbpedia.org/resource/Chigaya_Mase	Chigaya Mase	http://www.w3.org/2002/07/owl#sameAs	sameAs	http://dbpedia.org/resource/Chigaya_Mase	entity	Chigaya Mase
http://dbpedia.org/resource/Chigaya_Mase	Chigaya Mase	http://www.w3.org/2002/07/owl#sameAs	sameAs	http://rdf.freebase.com/ns/m.0j9kxtv	entity	Chigaya Mase
http://dbpedia.org/resource/Chigaya_Mase	Chigaya Mase	http://www.w3.org/2002/07/owl#sameAs	sameAs	http://www.wikidata.org/entity/Q5097204	entity	Chigaya Mase
http://dbpedia.org/resource/Chigaya_Mase	Chigaya Mase	http://www.w3.org/ns/prov#wasDerivedFrom	wasDerivedFrom	http://en.wikipedia.org/wiki/Chigaya_Mase?oldid=735526733	uri	null
http://dbpedia.org/resource/Chigaya_Mase	Chigaya Mase	http://xmlns.com/foaf/0.1/gender	gender	female	http://www.w3.org/1999/02/22-rdf-syntax-ns#langString	
http://dbpedia.org/resource/Chigaya_Mase	Chigaya Mase	http://xmlns.com/foaf/0.1/isPrimaryTopicOf	is primary topic of	http://en.wikipedia.org/wiki/Chigaya_Mase	uri	null
http://dbpedia.org/resource/Chigaya_Mase	Chigaya Mase	http://xmlns.com/foaf/0.1/name	name	Chigaya Mase	http://www.w3.org/1999/02/22-rdf-syntax-ns#langString	
http://dbpedia.org/resource/Chigaya_Mase	Chigaya Mase	http://xmlns.com/foaf/0.1/name	name	間瀬ちがや (Mase Chigaya)	http://www.w3.org/1999/02/22-rdf-syntax-ns#langString	
