sub	subl	prop	propl	obj	obj_t	obj_l
http://www.wikidata.org/entity/Q5097204	Chigaya Mase	http://schema.org/description	description	Japanese ski mountaineer and ultramarathon runner	http://www.w3.org/1999/02/22-rdf-syntax-ns#langString	
http://www.wikidata.org/entity/Q5097204	Chigaya Mase	http://www.w3.org/1999/02/22-rdf-syntax-ns#type	type	http://www.wikidata.org/entity/Q5	entity	human
http://www.wikidata.org/entity/Q5097204	Chigaya Mase	http://www.w3.org/1999/02/22-rdf-syntax-ns#type	type	http://www.wikidata.org/ontology#Item	entity	Item
http://www.wikidata.org/entity/Q5097204	Chigaya Mase	http://www.w3.org/2000/01/rdf-schema#label	label	Chigaya Mase	http://www.w3.org/1999/02/22-rdf-syntax-ns#langString	
http://www.wikidata.org/entity/Q5097204	Chigaya Mase	http://www.wikidata.org/entity/P106c	occupation	http://www.wikidata.org/entity/Q19827218	entity	ultramarathon runner
http://www.wikidata.org/entity/Q5097204	Chigaya Mase	http://www.wikidata.org/entity/P2162c	Deutsche Ultramarathon-Vereinigung ID	37165	http://www.w3.org/2001/XMLSchema#string	
http://www.wikidata.org/entity/Q5097204	Chigaya Mase	http://www.wikidata.org/entity/P21c	sex or gender	http://www.wikidata.org/entity/Q6581072	entity	female
http://www.wikidata.org/entity/Q5097204	Chigaya Mase	http://www.wikidata.org/entity/P27c	country of citizenship	http://www.wikidata.org/entity/Q17	entity	Japan
http://www.wikidata.org/entity/Q5097204	Chigaya Mase	http://www.wikidata.org/entity/P31c	instance of	http://www.wikidata.org/entity/Q5	entity	human
http://www.wikidata.org/entity/Q5097204	Chigaya Mase	http://www.wikidata.org/entity/P569c	date of birth	1967-12-05	http://www.w3.org/2001/XMLSchema#date	
