sub	subl	prop	propl	obj	obj_t	obj_l
http://dbpedia.org/resource/Tower_House_(Alexandria,_Virginia)	Tower House (Alexandria, Virginia)	http://dbpedia.org/ontology/abstract	has abstract	Tower House, also known as Edgewater and Marsland-on-the-Potomac, is a historic home located near Alexandria, Fairfax County, Virginia. It was built in 1888, in the Italian Villa style. The house was remodeled to its present form in 1900-1901. It is a 2 1/2-story frame dwelling in a transitional Queen Anne-Colonial Revival style. It features a steeply pitched hipped roof and a prominent, semi-circular corner tower. It was listed on the National Register of Historic Places in 2006.	http://www.w3.org/1999/02/22-rdf-syntax-ns#langString	
http://dbpedia.org/resource/Tower_House_(Alexandria,_Virginia)	Tower House (Alexandria, Virginia)	http://dbpedia.org/ontology/added	added	2006-05-02	http://www.w3.org/2001/XMLSchema#date	
http://dbpedia.org/resource/Tower_House_(Alexandria,_Virginia)	Tower House (Alexandria, Virginia)	http://dbpedia.org/ontology/architecturalStyle	architectural style	http://dbpedia.org/resource/Colonial_Revival_architecture	entity	Colonial Revival architecture
http://dbpedia.org/resource/Tower_House_(Alexandria,_Virginia)	Tower House (Alexandria, Virginia)	http://dbpedia.org/ontology/architecturalStyle	architectural style	http://dbpedia.org/resource/Queen_Anne_Style_architecture	entity	Queen Anne Style architecture
http://dbpedia.org/resource/Tower_House_(Alexandria,_Virginia)	Tower House (Alexandria, Virginia)	http://dbpedia.org/ontology/area	area (m2)	4856.23	http://www.w3.org/2001/XMLSchema#double	
http://dbpedia.org/resource/Tower_House_(Alexandria,_Virginia)	Tower House (Alexandria, Virginia)	http://dbpedia.org/ontology/location	location	http://dbpedia.org/resource/Alexandria,_Virginia	entity	Alexandria, Virginia
http://dbpedia.org/resource/Tower_House_(Alexandria,_Virginia)	Tower House (Alexandria, Virginia)	http://dbpedia.org/ontology/nrhpReferenceNumber	NRHP Reference Number	06000341	http://www.w3.org/2001/XMLSchema#string	
http://dbpedia.org/resource/Tower_House_(Alexandria,_Virginia)	Tower House (Alexandria, Virginia)	http://dbpedia.org/ontology/thumbnail	thumbnail	http://commons.wikimedia.org/wiki/Special:FilePath/Tower_House.jpg?width=300	uri	null
http://dbpedia.org/resource/Tower_House_(Alexandria,_Virginia)	Tower House (Alexandria, Virginia)	http://dbpedia.org/ontology/wikiPageID	Wikipage page ID	39803779	http://www.w3.org/2001/XMLSchema#integer	
http://dbpedia.org/resource/Tower_House_(Alexandria,_Virginia)	Tower House (Alexandria, Virginia)	http://dbpedia.org/ontology/wikiPageLength	page length (characters) of wiki page	2694	http://www.w3.org/2001/XMLSchema#nonNegativeInteger	
http://dbpedia.org/resource/Tower_House_(Alexandria,_Virginia)	Tower House (Alexandria, Virginia)	http://dbpedia.org/ontology/wikiPageOutDegree	Wiki page out degree	13	http://www.w3.org/2001/XMLSchema#nonNegativeInteger	
http://dbpedia.org/resource/Tower_House_(Alexandria,_Virginia)	Tower House (Alexandria, Virginia)	http://dbpedia.org/ontology/wikiPageRevisionID	Wikipage revision ID	724449621	http://www.w3.org/2001/XMLSchema#integer	
http://dbpedia.org/resource/Tower_House_(Alexandria,_Virginia)	Tower House (Alexandria, Virginia)	http://dbpedia.org/ontology/yearOfConstruction	year of construction	1888	http://www.w3.org/2001/XMLSchema#gYear	
http://dbpedia.org/resource/Tower_House_(Alexandria,_Virginia)	Tower House (Alexandria, Virginia)	http://purl.org/dc/terms/subject	Subject	http://dbpedia.org/resource/Category:Colonial_Revival_architecture_in_Virginia	entity	Colonial Revival architecture in Virginia
http://dbpedia.org/resource/Tower_House_(Alexandria,_Virginia)	Tower House (Alexandria, Virginia)	http://purl.org/dc/terms/subject	Subject	http://dbpedia.org/resource/Category:Houses_completed_in_1901	entity	Houses completed in 1901
http://dbpedia.org/resource/Tower_House_(Alexandria,_Virginia)	Tower House (Alexandria, Virginia)	http://purl.org/dc/terms/subject	Subject	http://dbpedia.org/resource/Category:Houses_in_Fairfax_County,_Virginia	entity	Houses in Fairfax County, Virginia
http://dbpedia.org/resource/Tower_House_(Alexandria,_Virginia)	Tower House (Alexandria, Virginia)	http://purl.org/dc/terms/subject	Subject	http://dbpedia.org/resource/Category:Houses_on_the_National_Register_of_Historic_Places_in_Virginia	entity	Houses on the National Register of Historic Places in Virginia
http://dbpedia.org/resource/Tower_House_(Alexandria,_Virginia)	Tower House (Alexandria, Virginia)	http://purl.org/dc/terms/subject	Subject	http://dbpedia.org/resource/Category:National_Register_of_Historic_Places_in_Fairfax_County,_Virginia	entity	National Register of Historic Places in Fairfax County, Virginia
http://dbpedia.org/resource/Tower_House_(Alexandria,_Virginia)	Tower House (Alexandria, Virginia)	http://purl.org/dc/terms/subject	Subject	http://dbpedia.org/resource/Category:Queen_Anne_architecture_in_Virginia	entity	Queen Anne architecture in Virginia
http://dbpedia.org/resource/Tower_House_(Alexandria,_Virginia)	Tower House (Alexandria, Virginia)	http://www.georss.org/georss/point	null	38.71138888888889 -77.06722222222223	http://www.w3.org/2001/XMLSchema#string	
http://dbpedia.org/resource/Tower_House_(Alexandria,_Virginia)	Tower House (Alexandria, Virginia)	http://www.w3.org/1999/02/22-rdf-syntax-ns#type	type	http://dbpedia.org/ontology/ArchitecturalStructure	entity	architectural structure
http://dbpedia.org/resource/Tower_House_(Alexandria,_Virginia)	Tower House (Alexandria, Virginia)	http://www.w3.org/1999/02/22-rdf-syntax-ns#type	type	http://dbpedia.org/ontology/Building	entity	building
http://dbpedia.org/resource/Tower_House_(Alexandria,_Virginia)	Tower House (Alexandria, Virginia)	http://www.w3.org/1999/02/22-rdf-syntax-ns#type	type	http://dbpedia.org/ontology/Location	uri	null
http://dbpedia.org/resource/Tower_House_(Alexandria,_Virginia)	Tower House (Alexandria, Virginia)	http://www.w3.org/1999/02/22-rdf-syntax-ns#type	type	http://dbpedia.org/ontology/Place	entity	place
http://dbpedia.org/resource/Tower_House_(Alexandria,_Virginia)	Tower House (Alexandria, Virginia)	http://www.w3.org/1999/02/22-rdf-syntax-ns#type	type	http://schema.org/Place	entity	Place
http://dbpedia.org/resource/Tower_House_(Alexandria,_Virginia)	Tower House (Alexandria, Virginia)	http://www.w3.org/1999/02/22-rdf-syntax-ns#type	type	http://www.w3.org/2002/07/owl#Thing	entity	Thing
http://dbpedia.org/resource/Tower_House_(Alexandria,_Virginia)	Tower House (Alexandria, Virginia)	http://www.w3.org/1999/02/22-rdf-syntax-ns#type	type	http://www.w3.org/2003/01/geo/wgs84_pos#SpatialThing	entity	Spatial Thing
http://dbpedia.org/resource/Tower_House_(Alexandria,_Virginia)	Tower House (Alexandria, Virginia)	http://www.w3.org/1999/02/22-rdf-syntax-ns#type	type	http://www.wikidata.org/entity/Q41176	entity	building
http://dbpedia.org/resource/Tower_House_(Alexandria,_Virginia)	Tower House (Alexandria, Virginia)	http://www.w3.org/2000/01/rdf-schema#comment	comment	Tower House, also known as Edgewater and Marsland-on-the-Potomac, is a historic home located near Alexandria, Fairfax County, Virginia. It was built in 1888, in the Italian Villa style. The house was remodeled to its present form in 1900-1901. It is a 2 1/2-story frame dwelling in a transitional Queen Anne-Colonial Revival style. It features a steeply pitched hipped roof and a prominent, semi-circular corner tower. It was listed on the National Register of Historic Places in 2006.	http://www.w3.org/1999/02/22-rdf-syntax-ns#langString	
http://dbpedia.org/resource/Tower_House_(Alexandria,_Virginia)	Tower House (Alexandria, Virginia)	http://www.w3.org/2000/01/rdf-schema#label	label	Tower House (Alexandria, Virginia)	http://www.w3.org/1999/02/22-rdf-syntax-ns#langString	
http://dbpedia.org/resource/Tower_House_(Alexandria,_Virginia)	Tower House (Alexandria, Virginia)	http://www.w3.org/2002/07/owl#sameAs	sameAs	http://dbpedia.org/resource/Tower_House_(Alexandria,_Virginia)	entity	Tower House (Alexandria, Virginia)
http://dbpedia.org/resource/Tower_House_(Alexandria,_Virginia)	Tower House (Alexandria, Virginia)	http://www.w3.org/2002/07/owl#sameAs	sameAs	http://rdf.freebase.com/ns/m.0w329lf	entity	Tower House
http://dbpedia.org/resource/Tower_House_(Alexandria,_Virginia)	Tower House (Alexandria, Virginia)	http://www.w3.org/2002/07/owl#sameAs	sameAs	http://www.wikidata.org/entity/Q18755147	entity	Tower House
http://dbpedia.org/resource/Tower_House_(Alexandria,_Virginia)	Tower House (Alexandria, Virginia)	http://www.w3.org/2003/01/geo/wgs84_pos#lat	latitude	38.7114	http://www.w3.org/2001/XMLSchema#float	
http://dbpedia.org/resource/Tower_House_(Alexandria,_Virginia)	Tower House (Alexandria, Virginia)	http://www.w3.org/2003/01/geo/wgs84_pos#long	longtitude	-77.0672	http://www.w3.org/2001/XMLSchema#float	
http://dbpedia.org/resource/Tower_House_(Alexandria,_Virginia)	Tower House (Alexandria, Virginia)	http://www.w3.org/ns/prov#wasDerivedFrom	wasDerivedFrom	http://en.wikipedia.org/wiki/Tower_House_(Alexandria,_Virginia)?oldid=724449621	uri	null
http://dbpedia.org/resource/Tower_House_(Alexandria,_Virginia)	Tower House (Alexandria, Virginia)	http://xmlns.com/foaf/0.1/depiction	depiction	http://commons.wikimedia.org/wiki/Special:FilePath/Tower_House.jpg	uri	null
http://dbpedia.org/resource/Tower_House_(Alexandria,_Virginia)	Tower House (Alexandria, Virginia)	http://xmlns.com/foaf/0.1/isPrimaryTopicOf	is primary topic of	http://en.wikipedia.org/wiki/Tower_House_(Alexandria,_Virginia)	uri	null
http://dbpedia.org/resource/Tower_House_(Alexandria,_Virginia)	Tower House (Alexandria, Virginia)	http://xmlns.com/foaf/0.1/name	name	Tower House	http://www.w3.org/1999/02/22-rdf-syntax-ns#langString	
