sub	subl	prop	propl	obj	obj_t	obj_l
http://dbpedia.org/resource/Horatio_Tower_House	Horatio Tower House	http://dbpedia.org/ontology/abstract	has abstract	The Horatio Tower House is a historic house at 71 Pleasant Street in Worcester, Massachusetts. It is one of the few relatively intact surviving instances of Italianate styling on the west side of the city. This two story frame house was built for Horatio Tower, a local builder whose work included the American Antiquarian Society hall and Mechanics Hall. Although the building has some Greek Revival features (such as the corner pilasters), its significant Italianate features include the deep cornice with brackets, and a front entry porch supported by Corinthian columns and a similarly-styled roof. The house was listed on the National Register of Historic Places in 1980.	http://www.w3.org/1999/02/22-rdf-syntax-ns#langString	
http://dbpedia.org/resource/Horatio_Tower_House	Horatio Tower House	http://dbpedia.org/ontology/added	added	1980-03-05	http://www.w3.org/2001/XMLSchema#date	
http://dbpedia.org/resource/Horatio_Tower_House	Horatio Tower House	http://dbpedia.org/ontology/architect	architect	http://dbpedia.org/resource/Elias_Carter	entity	Elias Carter
http://dbpedia.org/resource/Horatio_Tower_House	Horatio Tower House	http://dbpedia.org/ontology/location	location	http://dbpedia.org/resource/Worcester,_Massachusetts	entity	Worcester, Massachusetts
http://dbpedia.org/resource/Horatio_Tower_House	Horatio Tower House	http://dbpedia.org/ontology/nrhpReferenceNumber	NRHP Reference Number	80000600	http://www.w3.org/2001/XMLSchema#string	
http://dbpedia.org/resource/Horatio_Tower_House	Horatio Tower House	http://dbpedia.org/ontology/thumbnail	thumbnail	http://commons.wikimedia.org/wiki/Special:FilePath/Horatio_Tower_House_Worcester_MA.jpg?width=300	uri	null
http://dbpedia.org/resource/Horatio_Tower_House	Horatio Tower House	http://dbpedia.org/ontology/wikiPageID	Wikipage page ID	21554160	http://www.w3.org/2001/XMLSchema#integer	
http://dbpedia.org/resource/Horatio_Tower_House	Horatio Tower House	http://dbpedia.org/ontology/wikiPageLength	page length (characters) of wiki page	2246	http://www.w3.org/2001/XMLSchema#nonNegativeInteger	
http://dbpedia.org/resource/Horatio_Tower_House	Horatio Tower House	http://dbpedia.org/ontology/wikiPageOutDegree	Wiki page out degree	13	http://www.w3.org/2001/XMLSchema#nonNegativeInteger	
http://dbpedia.org/resource/Horatio_Tower_House	Horatio Tower House	http://dbpedia.org/ontology/wikiPageRevisionID	Wikipage revision ID	742263193	http://www.w3.org/2001/XMLSchema#integer	
http://dbpedia.org/resource/Horatio_Tower_House	Horatio Tower House	http://dbpedia.org/ontology/yearOfConstruction	year of construction	1848	http://www.w3.org/2001/XMLSchema#gYear	
http://dbpedia.org/resource/Horatio_Tower_House	Horatio Tower House	http://purl.org/dc/terms/subject	Subject	http://dbpedia.org/resource/Category:Houses_completed_in_1848	entity	Houses completed in 1848
http://dbpedia.org/resource/Horatio_Tower_House	Horatio Tower House	http://purl.org/dc/terms/subject	Subject	http://dbpedia.org/resource/Category:Houses_in_Worcester,_Massachusetts	entity	Houses in Worcester, Massachusetts
http://dbpedia.org/resource/Horatio_Tower_House	Horatio Tower House	http://purl.org/dc/terms/subject	Subject	http://dbpedia.org/resource/Category:Houses_on_the_National_Register_of_Historic_Places_in_Worcester_County,_Massachusetts	entity	Houses on the National Register of Historic Places in Worcester County, Massachusetts
http://dbpedia.org/resource/Horatio_Tower_House	Horatio Tower House	http://purl.org/dc/terms/subject	Subject	http://dbpedia.org/resource/Category:Italianate_architecture_in_Massachusetts	entity	Italianate architecture in Massachusetts
http://dbpedia.org/resource/Horatio_Tower_House	Horatio Tower House	http://purl.org/dc/terms/subject	Subject	http://dbpedia.org/resource/Category:National_Register_of_Historic_Places_in_Worcester,_Massachusetts	entity	National Register of Historic Places in Worcester, Massachusetts
http://dbpedia.org/resource/Horatio_Tower_House	Horatio Tower House	http://www.georss.org/georss/point	null	42.26361111111111 -71.80527777777777	http://www.w3.org/2001/XMLSchema#string	
http://dbpedia.org/resource/Horatio_Tower_House	Horatio Tower House	http://www.w3.org/1999/02/22-rdf-syntax-ns#type	type	http://dbpedia.org/ontology/ArchitecturalStructure	entity	architectural structure
http://dbpedia.org/resource/Horatio_Tower_House	Horatio Tower House	http://www.w3.org/1999/02/22-rdf-syntax-ns#type	type	http://dbpedia.org/ontology/Building	entity	building
http://dbpedia.org/resource/Horatio_Tower_House	Horatio Tower House	http://www.w3.org/1999/02/22-rdf-syntax-ns#type	type	http://dbpedia.org/ontology/Location	uri	null
http://dbpedia.org/resource/Horatio_Tower_House	Horatio Tower House	http://www.w3.org/1999/02/22-rdf-syntax-ns#type	type	http://dbpedia.org/ontology/Place	entity	place
http://dbpedia.org/resource/Horatio_Tower_House	Horatio Tower House	http://www.w3.org/1999/02/22-rdf-syntax-ns#type	type	http://schema.org/Place	entity	Place
http://dbpedia.org/resource/Horatio_Tower_House	Horatio Tower House	http://www.w3.org/1999/02/22-rdf-syntax-ns#type	type	http://www.w3.org/2002/07/owl#Thing	entity	Thing
http://dbpedia.org/resource/Horatio_Tower_House	Horatio Tower House	http://www.w3.org/1999/02/22-rdf-syntax-ns#type	type	http://www.w3.org/2003/01/geo/wgs84_pos#SpatialThing	entity	Spatial Thing
http://dbpedia.org/resource/Horatio_Tower_House	Horatio Tower House	http://www.w3.org/1999/02/22-rdf-syntax-ns#type	type	http://www.wikidata.org/entity/Q41176	entity	building
http://dbpedia.org/resource/Horatio_Tower_House	Horatio Tower House	http://www.w3.org/2000/01/rdf-schema#comment	comment	The Horatio Tower House is a historic house at 71 Pleasant Street in Worcester, Massachusetts. It is one of the few relatively intact surviving instances of Italianate styling on the west side of the city. This two story frame house was built for Horatio Tower, a local builder whose work included the American Antiquarian Society hall and Mechanics Hall. Although the building has some Greek Revival features (such as the corner pilasters), its significant Italianate features include the deep cornice with brackets, and a front entry porch supported by Corinthian columns and a similarly-styled roof.	http://www.w3.org/1999/02/22-rdf-syntax-ns#langString	
http://dbpedia.org/resource/Horatio_Tower_House	Horatio Tower House	http://www.w3.org/2000/01/rdf-schema#label	label	Horatio Tower House	http://www.w3.org/1999/02/22-rdf-syntax-ns#langString	
http://dbpedia.org/resource/Horatio_Tower_House	Horatio Tower House	http://www.w3.org/2002/07/owl#sameAs	sameAs	http://dbpedia.org/resource/Horatio_Tower_House	entity	Horatio Tower House
http://dbpedia.org/resource/Horatio_Tower_House	Horatio Tower House	http://www.w3.org/2002/07/owl#sameAs	sameAs	http://rdf.freebase.com/ns/m.05h3g8k	entity	Horatio Tower House
http://dbpedia.org/resource/Horatio_Tower_House	Horatio Tower House	http://www.w3.org/2002/07/owl#sameAs	sameAs	http://www.wikidata.org/entity/Q14715559	entity	Horatio Tower House
http://dbpedia.org/resource/Horatio_Tower_House	Horatio Tower House	http://www.w3.org/2003/01/geo/wgs84_pos#lat	latitude	42.2636	http://www.w3.org/2001/XMLSchema#float	
http://dbpedia.org/resource/Horatio_Tower_House	Horatio Tower House	http://www.w3.org/2003/01/geo/wgs84_pos#long	longtitude	-71.8053	http://www.w3.org/2001/XMLSchema#float	
http://dbpedia.org/resource/Horatio_Tower_House	Horatio Tower House	http://www.w3.org/ns/prov#wasDerivedFrom	wasDerivedFrom	http://en.wikipedia.org/wiki/Horatio_Tower_House?oldid=742263193	uri	null
http://dbpedia.org/resource/Horatio_Tower_House	Horatio Tower House	http://xmlns.com/foaf/0.1/depiction	depiction	http://commons.wikimedia.org/wiki/Special:FilePath/Horatio_Tower_House_Worcester_MA.jpg	uri	null
http://dbpedia.org/resource/Horatio_Tower_House	Horatio Tower House	http://xmlns.com/foaf/0.1/isPrimaryTopicOf	is primary topic of	http://en.wikipedia.org/wiki/Horatio_Tower_House	uri	null
http://dbpedia.org/resource/Horatio_Tower_House	Horatio Tower House	http://xmlns.com/foaf/0.1/name	name	Horatio Tower House	http://www.w3.org/1999/02/22-rdf-syntax-ns#langString	
