sub	subl	prop	propl	obj	obj_t	obj_l
http://dbpedia.org/resource/Lewis_Tower_House	Lewis Tower House	http://dbpedia.org/ontology/abstract	has abstract	The Lewis Tower House is an historic house at 2199 Mendon Road in Cumberland, Rhode Island. Built c. 1825, it is a Federal style house that is two-and-one-half-stories with a flank gable roof and an L-plan. The house is set into a small hill and has a one-and-one half-story, gabled ell at the rear. An original, two-story, hip-roof veranda extends across the front; its second story level continues along the side and ell. The veranda roof slope is integral with those of the main house and ell. There is a central entrance on each story in the five-bay facade beneath the veranda; the second-story entrance has sidelights and decorative trim. The house was probably standing when Lewis Tower purchased a 19-acre farmstead here from Philip Thomas in 1833. The house was added to the National Register of Historic Places in 1982.	http://www.w3.org/1999/02/22-rdf-syntax-ns#langString	
http://dbpedia.org/resource/Lewis_Tower_House	Lewis Tower House	http://dbpedia.org/ontology/added	added	1982-08-30	http://www.w3.org/2001/XMLSchema#date	
http://dbpedia.org/resource/Lewis_Tower_House	Lewis Tower House	http://dbpedia.org/ontology/architecturalStyle	architectural style	http://dbpedia.org/resource/Federal_architecture	entity	Federal architecture
http://dbpedia.org/resource/Lewis_Tower_House	Lewis Tower House	http://dbpedia.org/ontology/location	location	http://dbpedia.org/resource/Cumberland,_Rhode_Island	entity	Cumberland, Rhode Island
http://dbpedia.org/resource/Lewis_Tower_House	Lewis Tower House	http://dbpedia.org/ontology/nrhpReferenceNumber	NRHP Reference Number	82000010	http://www.w3.org/2001/XMLSchema#string	
http://dbpedia.org/resource/Lewis_Tower_House	Lewis Tower House	http://dbpedia.org/ontology/thumbnail	thumbnail	http://commons.wikimedia.org/wiki/Special:FilePath/CumberlandRI_LewisTowerHouse.jpg?width=300	uri	null
http://dbpedia.org/resource/Lewis_Tower_House	Lewis Tower House	http://dbpedia.org/ontology/wikiPageID	Wikipage page ID	17364901	http://www.w3.org/2001/XMLSchema#integer	
http://dbpedia.org/resource/Lewis_Tower_House	Lewis Tower House	http://dbpedia.org/ontology/wikiPageLength	page length (characters) of wiki page	2247	http://www.w3.org/2001/XMLSchema#nonNegativeInteger	
http://dbpedia.org/resource/Lewis_Tower_House	Lewis Tower House	http://dbpedia.org/ontology/wikiPageOutDegree	Wiki page out degree	18	http://www.w3.org/2001/XMLSchema#nonNegativeInteger	
http://dbpedia.org/resource/Lewis_Tower_House	Lewis Tower House	http://dbpedia.org/ontology/wikiPageRevisionID	Wikipage revision ID	726045198	http://www.w3.org/2001/XMLSchema#integer	
http://dbpedia.org/resource/Lewis_Tower_House	Lewis Tower House	http://dbpedia.org/ontology/yearOfConstruction	year of construction	1825	http://www.w3.org/2001/XMLSchema#gYear	
http://dbpedia.org/resource/Lewis_Tower_House	Lewis Tower House	http://purl.org/dc/terms/subject	Subject	http://dbpedia.org/resource/Category:Houses_completed_in_1825	entity	Houses completed in 1825
http://dbpedia.org/resource/Lewis_Tower_House	Lewis Tower House	http://purl.org/dc/terms/subject	Subject	http://dbpedia.org/resource/Category:Houses_in_Cumberland,_Rhode_Island	entity	Houses in Cumberland, Rhode Island
http://dbpedia.org/resource/Lewis_Tower_House	Lewis Tower House	http://purl.org/dc/terms/subject	Subject	http://dbpedia.org/resource/Category:Houses_on_the_National_Register_of_Historic_Places_in_Rhode_Island	entity	Houses on the National Register of Historic Places in Rhode Island
http://dbpedia.org/resource/Lewis_Tower_House	Lewis Tower House	http://purl.org/dc/terms/subject	Subject	http://dbpedia.org/resource/Category:National_Register_of_Historic_Places_in_Providence_County,_Rhode_Island	entity	National Register of Historic Places in Providence County, Rhode Island
http://dbpedia.org/resource/Lewis_Tower_House	Lewis Tower House	http://www.georss.org/georss/point	null	41.95388888888889 -71.4425	http://www.w3.org/2001/XMLSchema#string	
http://dbpedia.org/resource/Lewis_Tower_House	Lewis Tower House	http://www.w3.org/1999/02/22-rdf-syntax-ns#type	type	http://dbpedia.org/ontology/ArchitecturalStructure	entity	architectural structure
http://dbpedia.org/resource/Lewis_Tower_House	Lewis Tower House	http://www.w3.org/1999/02/22-rdf-syntax-ns#type	type	http://dbpedia.org/ontology/Building	entity	building
http://dbpedia.org/resource/Lewis_Tower_House	Lewis Tower House	http://www.w3.org/1999/02/22-rdf-syntax-ns#type	type	http://dbpedia.org/ontology/Location	uri	null
http://dbpedia.org/resource/Lewis_Tower_House	Lewis Tower House	http://www.w3.org/1999/02/22-rdf-syntax-ns#type	type	http://dbpedia.org/ontology/Place	entity	place
http://dbpedia.org/resource/Lewis_Tower_House	Lewis Tower House	http://www.w3.org/1999/02/22-rdf-syntax-ns#type	type	http://schema.org/Place	entity	Place
http://dbpedia.org/resource/Lewis_Tower_House	Lewis Tower House	http://www.w3.org/1999/02/22-rdf-syntax-ns#type	type	http://www.w3.org/2002/07/owl#Thing	entity	Thing
http://dbpedia.org/resource/Lewis_Tower_House	Lewis Tower House	http://www.w3.org/1999/02/22-rdf-syntax-ns#type	type	http://www.w3.org/2003/01/geo/wgs84_pos#SpatialThing	entity	Spatial Thing
http://dbpedia.org/resource/Lewis_Tower_House	Lewis Tower House	http://www.w3.org/1999/02/22-rdf-syntax-ns#type	type	http://www.wikidata.org/entity/Q41176	entity	building
http://dbpedia.org/resource/Lewis_Tower_House	Lewis Tower House	http://www.w3.org/2000/01/rdf-schema#comment	comment	The Lewis Tower House is an historic house at 2199 Mendon Road in Cumberland, Rhode Island. Built c. 1825, it is a Federal style house that is two-and-one-half-stories with a flank gable roof and an L-plan. The house is set into a small hill and has a one-and-one half-story, gabled ell at the rear. An original, two-story, hip-roof veranda extends across the front; its second story level continues along the side and ell. The veranda roof slope is integral with those of the main house and ell. There is a central entrance on each story in the five-bay facade beneath the veranda; the second-story entrance has sidelights and decorative trim. The house was probably standing when Lewis Tower purchased a 19-acre farmstead here from Philip Thomas in 1833.	http://www.w3.org/1999/02/22-rdf-syntax-ns#langString	
http://dbpedia.org/resource/Lewis_Tower_House	Lewis Tower House	http://www.w3.org/2000/01/rdf-schema#label	label	Lewis Tower House	http://www.w3.org/1999/02/22-rdf-syntax-ns#langString	
http://dbpedia.org/resource/Lewis_Tower_House	Lewis Tower House	http://www.w3.org/2002/07/owl#sameAs	sameAs	http://dbpedia.org/resource/Lewis_Tower_House	entity	Lewis Tower House
http://dbpedia.org/resource/Lewis_Tower_House	Lewis Tower House	http://www.w3.org/2002/07/owl#sameAs	sameAs	http://rdf.freebase.com/ns/m.043ntg0	entity	Lewis Tower House
http://dbpedia.org/resource/Lewis_Tower_House	Lewis Tower House	http://www.w3.org/2002/07/owl#sameAs	sameAs	http://www.wikidata.org/entity/Q6537113	entity	Lewis Tower House
http://dbpedia.org/resource/Lewis_Tower_House	Lewis Tower House	http://www.w3.org/2003/01/geo/wgs84_pos#lat	latitude	41.9539	http://www.w3.org/2001/XMLSchema#float	
http://dbpedia.org/resource/Lewis_Tower_House	Lewis Tower House	http://www.w3.org/2003/01/geo/wgs84_pos#long	longtitude	-71.4425	http://www.w3.org/2001/XMLSchema#float	
http://dbpedia.org/resource/Lewis_Tower_House	Lewis Tower House	http://www.w3.org/ns/prov#wasDerivedFrom	wasDerivedFrom	http://en.wikipedia.org/wiki/Lewis_Tower_House?oldid=726045198	uri	null
http://dbpedia.org/resource/Lewis_Tower_House	Lewis Tower House	http://xmlns.com/foaf/0.1/depiction	depiction	http://commons.wikimedia.org/wiki/Special:FilePath/CumberlandRI_LewisTowerHouse.jpg	uri	null
http://dbpedia.org/resource/Lewis_Tower_House	Lewis Tower House	http://xmlns.com/foaf/0.1/isPrimaryTopicOf	is primary topic of	http://en.wikipedia.org/wiki/Lewis_Tower_House	uri	null
http://dbpedia.org/resource/Lewis_Tower_House	Lewis Tower House	http://xmlns.com/foaf/0.1/name	name	Lewis Tower House	http://www.w3.org/1999/02/22-rdf-syntax-ns#langString	
