sub	subl	prop	propl	obj	obj_t	obj_l
http://www.wikidata.org/entity/Q6537113	Lewis Tower House	http://www.w3.org/1999/02/22-rdf-syntax-ns#type	type	http://www.wikidata.org/entity/Q3947	entity	house
http://www.wikidata.org/entity/Q6537113	Lewis Tower House	http://www.w3.org/1999/02/22-rdf-syntax-ns#type	type	http://www.wikidata.org/ontology#Item	entity	Item
http://www.wikidata.org/entity/Q6537113	Lewis Tower House	http://www.w3.org/2000/01/rdf-schema#label	label	Lewis Tower House	http://www.w3.org/1999/02/22-rdf-syntax-ns#langString	
http://www.wikidata.org/entity/Q6537113	Lewis Tower House	http://www.w3.org/2003/01/geo/wgs84_pos#lat	latitude	41.9539	http://www.w3.org/2001/XMLSchema#float	
http://www.wikidata.org/entity/Q6537113	Lewis Tower House	http://www.w3.org/2003/01/geo/wgs84_pos#long	longitude	-71.4425	http://www.w3.org/2001/XMLSchema#float	
http://www.wikidata.org/entity/Q6537113	Lewis Tower House	http://www.wikidata.org/entity/P131c	located in the administrative territorial entity	http://www.wikidata.org/entity/Q1387	entity	Rhode Island
http://www.wikidata.org/entity/Q6537113	Lewis Tower House	http://www.wikidata.org/entity/P1435c	heritage status	http://www.wikidata.org/entity/Q19558910	entity	place listed on the National Register of Historic Places
http://www.wikidata.org/entity/Q6537113	Lewis Tower House	http://www.wikidata.org/entity/P17c	country	http://www.wikidata.org/entity/Q30	entity	United States of America
http://www.wikidata.org/entity/Q6537113	Lewis Tower House	http://www.wikidata.org/entity/P18c	image	http://commons.wikimedia.org/wiki/File:CumberlandRI_LewisTowerHouse.jpg	uri	null
http://www.wikidata.org/entity/Q6537113	Lewis Tower House	http://www.wikidata.org/entity/P31c	instance of	http://www.wikidata.org/entity/Q3947	entity	house
http://www.wikidata.org/entity/Q6537113	Lewis Tower House	http://www.wikidata.org/entity/P649c	NRHP reference number	82000010	http://www.w3.org/2001/XMLSchema#string	
