,cate,fam,worker
0,Company,1,1
1,WrittenWork,1,1
2,MusicalWork,5,1
3,City,1,1
4,Building,1,1
5,Person,1,1
6,Person,5,1
7,WrittenWork,1,1
8,Building,2,1
9,NaturalPlace,1,1
10,Person,1,1
11,Person,1,1
12,MusicalWork,1,1
13,EducationalInstitution,1,1
14,City,2,1
15,Person,1,1
16,Person,1,1
17,WrittenWork,3,1
18,EducationalInstitution,1,1
19,City,1,1
20,Person,1,1
21,WrittenWork,1,1
22,Movie,3,1
23,Person,1,1
24,NaturalPlace,2,1
25,Person,1,1
26,Person,1,1
27,Company,1,1
28,Company,1,1
29,NaturalPlace,1,1
30,Person,1,2
31,Person,1,2
32,MusicalWork,1,2
33,EducationalInstitution,1,2
34,City,2,2
35,Person,1,2
36,Person,1,2
37,WrittenWork,3,2
38,EducationalInstitution,1,2
39,City,1,2
40,Person,1,2
41,WrittenWork,1,2
42,Movie,3,2
43,Person,1,2
44,NaturalPlace,2,2
45,Person,1,2
46,Person,1,2
47,Company,1,2
48,Company,1,2
49,NaturalPlace,1,2
50,Person,1,2
51,Person,1,2
52,Movie,2,2
53,City,1,2
54,NaturalPlace,1,2
55,Company,1,2
56,Person,1,2
57,Company,1,2
58,EducationalInstitution,1,2
59,City,1,2
60,Person,1,3
61,WrittenWork,1,3
62,Movie,5,3
63,Person,1,3
64,NaturalPlace,2,3
65,Person,1,3
66,Person,1,3
67,Company,1,3
68,Company,1,3
69,NaturalPlace,1,3
70,Person,1,3
71,Person,1,3
72,Movie,3,3
73,City,1,3
74,NaturalPlace,1,3
75,Company,1,3
76,Person,1,3
77,Company,1,3
78,EducationalInstitution,1,3
79,City,1,3
80,Person,1,3
81,Person,2,3
82,Movie,1,3
83,SportsTeam,1,3
84,Building,1,3
85,Person,1,3
86,Person,1,3
87,Movie,1,3
88,Company,2,3
89,City,1,3
90,Person,1,4
91,Person,1,4
92,Movie,1,4
93,SportsTeam,1,4
94,Building,1,4
95,Person,1,4
96,Person,1,4
97,Movie,1,4
98,Company,1,4
99,City,1,4
100,Company,1,4
101,WrittenWork,1,4
102,MusicalWork,1,4
103,City,1,4
104,Building,1,4
105,Person,1,4
106,Person,5,4
107,WrittenWork,1,4
108,Building,1,4
109,NaturalPlace,1,4
110,Person,1,4
111,Person,1,4
112,MusicalWork,1,4
113,EducationalInstitution,1,4
114,City,1,4
115,Person,1,4
116,Person,1,4
117,WrittenWork,3,4
118,EducationalInstitution,1,4
119,City,1,4
120,Person,1,5
121,Person,1,5
122,Movie,2,5
123,City,1,5
124,NaturalPlace,1,5
125,Company,1,5
126,Person,1,5
127,Company,1,5
128,EducationalInstitution,1,5
129,City,1,5
130,Person,1,5
131,Person,2,5
132,Movie,1,5
133,SportsTeam,1,5
134,Building,1,5
135,Person,1,5
136,Person,1,5
137,Movie,1,5
138,Company,1,5
139,City,1,5
140,Company,1,5
141,WrittenWork,1,5
142,MusicalWork,1,5
143,City,1,5
144,Building,1,5
145,Person,1,5
146,Person,5,5
147,WrittenWork,1,5
148,Building,3,5
149,NaturalPlace,1,5
150,Person,1,6
151,WrittenWork,1,6
152,Movie,3,6
153,EducationalInstitution,1,6
154,City,1,6
155,Company,1,6
156,Person,1,6
157,Company,1,6
158,SportsTeam,1,6
159,NaturalPlace,2,6
160,Person,1,6
161,Person,1,6
162,WrittenWork,3,6
163,EducationalInstitution,1,6
164,Building,1,6
165,Person,1,6
166,Person,1,6
167,Company,1,6
168,Person,1,6
169,City,2,6
170,Company,1,6
171,Person,1,6
172,MusicalWork,1,6
173,Company,1,6
174,NaturalPlace,1,6
175,Person,1,6
176,Person,2,6
177,Movie,1,6
178,EducationalInstitution,1,6
179,NaturalPlace,1,6
180,Person,1,7
181,Person,1,7
182,MusicalWork,1,7
183,Building,2,7
184,Building,1,7
185,Person,1,7
186,Person,5,7
187,WrittenWork,1,7
188,City,1,7
189,City,1,7
190,Person,1,7
191,WrittenWork,1,7
192,Movie,2,7
193,Company,1,7
194,City,1,7
195,Person,2,7
196,Person,1,7
197,Movie,1,7
198,City,1,7
199,NaturalPlace,1,7
200,Person,1,7
201,WrittenWork,1,7
202,Movie,3,7
203,EducationalInstitution,1,7
204,City,1,7
205,Company,1,7
206,Person,1,7
207,Company,1,7
208,SportsTeam,1,7
209,NaturalPlace,2,7
210,Person,1,8
211,WrittenWork,1,8
212,Movie,3,8
213,Company,1,8
214,City,1,8
215,Person,1,8
216,Person,1,8
217,Movie,1,8
218,City,1,8
219,NaturalPlace,1,8
220,Person,1,8
221,WrittenWork,1,8
222,Movie,4,8
223,EducationalInstitution,1,8
224,City,1,8
225,Company,1,8
226,Person,1,8
227,Company,1,8
228,SportsTeam,1,8
229,NaturalPlace,2,8
230,Person,1,8
231,Person,1,8
232,WrittenWork,1,8
233,EducationalInstitution,1,8
234,Building,2,8
235,Person,1,8
236,Person,1,8
237,Company,1,8
238,Person,1,8
239,City,3,8
240,Company,1,9
241,Person,1,9
242,MusicalWork,1,9
243,Company,1,9
244,NaturalPlace,1,9
245,Person,1,9
246,Person,2,9
247,Movie,1,9
248,EducationalInstitution,1,9
249,NaturalPlace,1,9
250,Person,2,9
251,Person,1,9
252,MusicalWork,1,9
253,Building,2,9
254,Building,1,9
255,Person,1,9
256,Person,5,9
257,WrittenWork,1,9
258,City,1,9
259,City,1,9
260,Person,2,9
261,WrittenWork,1,9
262,Movie,1,9
263,Company,1,9
264,City,1,9
265,Person,1,9
266,Person,1,9
267,Movie,1,9
268,City,1,9
269,NaturalPlace,1,9
270,Person,1,10
271,Person,1,10
272,WrittenWork,3,10
273,EducationalInstitution,1,10
274,Building,1,10
275,Person,1,10
276,Person,1,10
277,Company,1,10
278,Person,1,10
279,City,2,10
280,Company,1,10
281,Person,1,10
282,MusicalWork,1,10
283,Company,1,10
284,NaturalPlace,1,10
285,Person,1,10
286,Person,2,10
287,Movie,1,10
288,EducationalInstitution,1,10
289,NaturalPlace,1,10
290,Person,1,10
291,Person,1,10
292,MusicalWork,1,10
293,Building,2,10
294,Building,1,10
295,Person,1,10
296,Person,5,10
297,WrittenWork,1,10
298,City,1,10
299,City,1,10
300,Company,1,11
301,Person,2,11
302,Movie,1,11
303,Company,1,11
304,NaturalPlace,1,11
305,Person,1,11
306,Person,5,11
307,WrittenWork,1,11
308,EducationalInstitution,1,11
309,City,1,11
310,Person,1,11
311,WrittenWork,1,11
312,Movie,2,11
313,City,1,11
314,City,2,11
315,Person,1,11
316,Person,1,11
317,Movie,1,11
318,City,1,11
319,NaturalPlace,2,11
320,Person,1,11
321,Person,1,11
322,WrittenWork,3,11
323,EducationalInstitution,1,11
324,Building,1,11
325,Person,1,11
326,WrittenWork,1,11
327,Company,1,11
328,SportsTeam,1,11
329,NaturalPlace,1,11
330,Person,1,12
331,WrittenWork,1,12
332,Movie,2,12
333,City,1,12
334,City,2,12
335,Person,1,12
336,Person,1,12
337,Movie,1,12
338,City,1,12
339,NaturalPlace,2,12
340,Person,1,12
341,Person,1,12
342,WrittenWork,3,12
343,EducationalInstitution,1,12
344,Building,1,12
345,Person,1,12
346,WrittenWork,1,12
347,Company,1,12
348,SportsTeam,1,12
349,NaturalPlace,1,12
350,Company,1,12
351,Person,1,12
352,Company,1,12
353,EducationalInstitution,1,12
354,Building,1,12
355,Person,1,12
356,Person,1,12
357,MusicalWork,1,12
358,Person,1,12
359,City,1,12
360,Person,1,13
361,Person,2,13
362,WrittenWork,3,13
363,EducationalInstitution,1,13
364,Building,2,13
365,Person,1,13
366,WrittenWork,1,13
367,Company,1,13
368,SportsTeam,1,13
369,NaturalPlace,1,13
370,Company,1,13
371,Person,1,13
372,Company,1,13
373,EducationalInstitution,1,13
374,Building,1,13
375,Person,1,13
376,Person,1,13
377,MusicalWork,1,13
378,Person,1,13
379,City,1,13
380,Person,1,13
381,Person,1,13
382,Movie,3,13
383,Building,2,13
384,NaturalPlace,1,13
385,Person,1,13
386,Person,2,13
387,MusicalWork,1,13
388,Company,1,13
389,City,1,13
390,Company,1,14
391,Person,1,14
392,Company,1,14
393,EducationalInstitution,1,14
394,Building,1,14
395,Person,1,14
396,Person,1,14
397,MusicalWork,1,14
398,Person,1,14
399,City,1,14
400,Person,1,14
401,Person,1,14
402,Movie,2,14
403,Building,2,14
404,NaturalPlace,3,14
405,Person,1,14
406,Person,1,14
407,MusicalWork,1,14
408,Company,2,14
409,City,1,14
410,Company,1,14
411,Person,1,14
412,Movie,1,14
413,Company,1,14
414,NaturalPlace,1,14
415,Person,1,14
416,Person,5,14
417,WrittenWork,1,14
418,EducationalInstitution,1,14
419,City,1,14
420,Person,1,15
421,Person,1,15
422,Movie,2,15
423,Building,1,15
424,NaturalPlace,1,15
425,Person,1,15
426,Person,1,15
427,MusicalWork,1,15
428,Company,1,15
429,City,1,15
430,Company,1,15
431,Person,4,15
432,Movie,1,15
433,Company,3,15
434,NaturalPlace,1,15
435,Person,1,15
436,Person,5,15
437,WrittenWork,1,15
438,EducationalInstitution,1,15
439,City,1,15
440,Person,1,15
441,WrittenWork,1,15
442,Movie,1,15
443,City,1,15
444,City,4,15
445,Person,1,15
446,Person,1,15
447,Movie,1,15
448,City,1,15
449,NaturalPlace,2,15
450,Person,1,16
451,Person,2,16
452,Movie,1,16
453,Building,3,16
454,City,1,16
455,Person,1,16
456,Person,5,16
457,Movie,4,16
458,SportsTeam,4,16
459,NaturalPlace,4,16
460,Person,1,16
461,WrittenWork,1,16
462,WrittenWork,4,16
463,Person,4,16
464,Building,1,16
465,Person,1,16
466,WrittenWork,1,16
467,WrittenWork,5,16
468,City,1,16
469,City,2,16
470,Person,1,16
471,Person,4,16
472,Movie,4,16
473,EducationalInstitution,1,16
474,City,1,16
475,Company,1,16
476,Person,4,16
477,MusicalWork,2,16
478,Company,2,16
479,Building,1,16
480,Company,1,17
481,Person,1,17
482,Movie,1,17
483,Company,1,17
484,NaturalPlace,1,17
485,Person,1,17
486,Person,1,17
487,Company,1,17
488,City,1,17
489,NaturalPlace,2,17
490,Person,1,17
491,Person,2,17
492,Movie,1,17
493,Building,3,17
494,City,2,17
495,Person,1,17
496,Person,4,17
497,Movie,3,17
498,SportsTeam,1,17
499,NaturalPlace,1,17
500,Person,1,17
501,WrittenWork,1,17
502,WrittenWork,2,17
503,Person,1,17
504,Building,1,17
505,Person,1,17
506,WrittenWork,3,17
507,WrittenWork,3,17
508,City,1,17
509,City,2,17
510,Person,1,18
511,WrittenWork,3,18
512,WrittenWork,1,18
513,Person,2,18
514,Building,1,18
515,Person,1,18
516,WrittenWork,1,18
517,WrittenWork,2,18
518,City,1,18
519,City,3,18
520,Person,1,18
521,Person,1,18
522,Movie,2,18
523,EducationalInstitution,1,18
524,City,1,18
525,Company,1,18
526,Person,1,18
527,MusicalWork,5,18
528,Company,1,18
529,Building,1,18
530,Person,1,18
531,Person,1,18
532,Company,1,18
533,EducationalInstitution,1,18
534,NaturalPlace,2,18
535,Person,1,18
536,Person,1,18
537,MusicalWork,1,18
538,EducationalInstitution,1,18
539,City,1,18
540,Person,1,19
541,Person,1,19
542,Company,2,19
543,EducationalInstitution,1,19
544,NaturalPlace,1,19
545,Person,1,19
546,Person,1,19
547,MusicalWork,1,19
548,EducationalInstitution,1,19
549,City,1,19
550,Company,1,19
551,Person,1,19
552,Movie,1,19
553,Company,1,19
554,NaturalPlace,1,19
555,Person,1,19
556,Person,1,19
557,Company,5,19
558,City,1,19
559,NaturalPlace,1,19
560,Person,1,19
561,Person,2,19
562,Movie,1,19
563,Building,2,19
564,City,1,19
565,Person,1,19
566,Person,5,19
567,Movie,3,19
568,SportsTeam,1,19
569,NaturalPlace,1,19
570,Person,1,20
571,Person,1,20
572,Movie,2,20
573,EducationalInstitution,1,20
574,City,1,20
575,Company,1,20
576,Person,1,20
577,MusicalWork,1,20
578,Company,1,20
579,Building,1,20
580,Person,1,20
581,Person,1,20
582,Company,1,20
583,EducationalInstitution,1,20
584,NaturalPlace,1,20
585,Person,1,20
586,Person,1,20
587,MusicalWork,1,20
588,EducationalInstitution,1,20
589,City,1,20
590,Company,1,20
591,Person,1,20
592,Movie,1,20
593,Company,1,20
594,NaturalPlace,1,20
595,Person,1,20
596,Person,1,20
597,Company,1,20
598,City,1,20
599,NaturalPlace,2,20
600,Person,1,21
601,Person,1,21
602,WrittenWork,3,21
603,SportsTeam,1,21
604,City,1,21
605,Person,1,21
606,Person,1,21
607,Company,1,21
608,Company,1,21
609,Building,1,21
610,Person,1,21
611,Person,1,21
612,Movie,3,21
613,City,1,21
614,City,1,21
615,Person,1,21
616,Person,1,21
617,Movie,1,21
618,Building,1,21
619,City,2,21
620,Company,1,21
621,Person,4,21
622,Movie,1,21
623,EducationalInstitution,1,21
624,NaturalPlace,1,21
625,Company,1,21
626,WrittenWork,1,21
627,Movie,2,21
628,EducationalInstitution,1,21
629,NaturalPlace,2,21
630,Company,1,22
631,Person,1,22
632,Movie,1,22
633,EducationalInstitution,1,22
634,NaturalPlace,1,22
635,Company,1,22
636,WrittenWork,1,22
637,Movie,2,22
638,EducationalInstitution,1,22
639,NaturalPlace,2,22
640,Person,1,22
641,Person,1,22
642,MusicalWork,1,22
643,EducationalInstitution,1,22
644,Building,1,22
645,Person,1,22
646,Person,1,22
647,WrittenWork,3,22
648,Company,1,22
649,NaturalPlace,1,22
650,Person,1,22
651,WrittenWork,1,22
652,Company,1,22
653,Person,1,22
654,NaturalPlace,1,22
655,Person,1,22
656,Person,2,22
657,MusicalWork,1,22
658,City,1,22
659,City,1,22
660,Person,1,23
661,WrittenWork,2,23
662,Company,2,23
663,Person,1,23
664,NaturalPlace,1,23
665,Person,2,23
666,Person,2,23
667,MusicalWork,1,23
668,City,1,23
669,City,3,23
670,Person,1,23
671,Person,5,23
672,WrittenWork,3,23
673,SportsTeam,2,23
674,City,2,23
675,Person,2,23
676,Person,3,23
677,Company,3,23
678,Company,3,23
679,Building,1,23
680,Person,2,23
681,Person,1,23
682,Movie,3,23
683,City,3,23
684,City,1,23
685,Person,1,23
686,Person,1,23
687,Movie,3,23
688,Building,2,23
689,City,2,23
690,Person,1,24
691,Person,1,24
692,MusicalWork,1,24
693,EducationalInstitution,1,24
694,Building,1,24
695,Person,1,24
696,Person,1,24
697,WrittenWork,5,24
698,Company,1,24
699,NaturalPlace,1,24
700,Person,2,24
701,WrittenWork,1,24
702,Company,1,24
703,Person,2,24
704,NaturalPlace,1,24
705,Person,1,24
706,Person,2,24
707,MusicalWork,1,24
708,City,1,24
709,City,1,24
710,Person,1,24
711,Person,5,24
712,WrittenWork,2,24
713,SportsTeam,1,24
714,City,1,24
715,Person,1,24
716,Person,1,24
717,Company,1,24
718,Company,1,24
719,Building,1,24
720,Person,1,25
721,Person,3,25
722,Movie,4,25
723,City,1,25
724,City,1,25
725,Person,1,25
726,Person,1,25
727,Movie,1,25
728,Building,2,25
729,City,2,25
730,Company,1,25
731,Person,2,25
732,Movie,3,25
733,EducationalInstitution,1,25
734,NaturalPlace,1,25
735,Company,1,25
736,WrittenWork,1,25
737,Movie,2,25
738,EducationalInstitution,1,25
739,NaturalPlace,1,25
740,Person,1,25
741,Person,1,25
742,MusicalWork,1,25
743,EducationalInstitution,1,25
744,Building,1,25
745,Person,1,25
746,Person,1,25
747,WrittenWork,3,25
748,Company,1,25
749,NaturalPlace,1,25
750,Person,1,26
751,Person,1,26
752,WrittenWork,3,26
753,Company,1,26
754,Building,1,26
755,Person,1,26
756,Person,1,26
757,MusicalWork,1,26
758,City,1,26
759,NaturalPlace,2,26
760,Person,1,26
761,WrittenWork,1,26
762,Movie,1,26
763,EducationalInstitution,1,26
764,City,1,26
765,Company,1,26
766,Person,1,26
767,Company,1,26
768,EducationalInstitution,1,26
769,NaturalPlace,1,26
770,Company,1,26
771,Person,1,26
772,Company,1,26
773,EducationalInstitution,1,26
774,City,1,26
775,Person,1,26
776,Person,5,26
777,Movie,1,26
778,City,1,26
779,NaturalPlace,1,26
780,Person,1,27
781,WrittenWork,1,27
782,Movie,3,27
783,EducationalInstitution,1,27
784,City,5,27
785,Company,2,27
786,Person,4,27
787,Company,1,27
788,EducationalInstitution,2,27
789,NaturalPlace,2,27
790,Company,2,27
791,Person,1,27
792,Company,1,27
793,EducationalInstitution,1,27
794,City,2,27
795,Person,2,27
796,Person,1,27
797,Movie,1,27
798,City,3,27
799,NaturalPlace,1,27
800,Person,2,27
801,Person,2,27
802,Movie,2,27
803,Company,2,27
804,Building,2,27
805,Person,1,27
806,WrittenWork,1,27
807,WrittenWork,1,27
808,Person,3,27
809,NaturalPlace,2,27
810,Company,1,28
811,Person,1,28
812,Company,1,28
813,EducationalInstitution,1,28
814,City,1,28
815,Person,1,28
816,Person,5,28
817,Movie,1,28
818,City,1,28
819,NaturalPlace,1,28
820,Person,1,28
821,Person,1,28
822,Movie,2,28
823,Company,1,28
824,Building,1,28
825,Person,1,28
826,WrittenWork,1,28
827,WrittenWork,1,28
828,Person,1,28
829,NaturalPlace,1,28
830,Person,1,28
831,Person,2,28
832,MusicalWork,1,28
833,Building,2,28
834,City,2,28
835,Person,1,28
836,Person,1,28
837,Movie,3,28
838,SportsTeam,1,28
839,City,1,28
840,Person,1,29
841,Person,2,29
842,MusicalWork,1,29
843,Building,2,29
844,City,1,29
845,Person,2,29
846,Person,1,29
847,Movie,3,29
848,SportsTeam,1,29
849,City,1,29
850,Person,1,29
851,Person,1,29
852,WrittenWork,3,29
853,Company,1,29
854,Building,1,29
855,Person,1,29
856,Person,1,29
857,MusicalWork,1,29
858,City,1,29
859,NaturalPlace,2,29
860,Person,1,29
861,WrittenWork,1,29
862,Movie,1,29
863,EducationalInstitution,1,29
864,City,1,29
865,Company,1,29
866,Person,1,29
867,Company,1,29
868,EducationalInstitution,1,29
869,NaturalPlace,1,29
870,Person,1,30
871,Person,1,30
872,Movie,2,30
873,Company,1,30
874,Building,1,30
875,Person,1,30
876,WrittenWork,1,30
877,WrittenWork,1,30
878,Person,1,30
879,NaturalPlace,1,30
880,Person,1,30
881,Person,2,30
882,MusicalWork,1,30
883,Building,2,30
884,City,2,30
885,Person,1,30
886,Person,1,30
887,Movie,3,30
888,SportsTeam,1,30
889,City,1,30
890,Person,1,30
891,Person,1,30
892,WrittenWork,3,30
893,Company,1,30
894,Building,1,30
895,Person,1,30
896,Person,1,30
897,MusicalWork,1,30
898,City,1,30
899,NaturalPlace,2,30
