0,1
http://rdf.freebase.com/ns/common.topic.official_website,http://www.wikidata.org/entity/P856c
http://rdf.freebase.com/ns/tv.tv_program.air_date_of_first_episode,http://www.wikidata.org/entity/P571c
http://rdf.freebase.com/ns/organization.organization.headquarters,http://dbpedia.org/ontology/headquarter
http://dbpedia.org/ontology/battle,http://rdf.freebase.com/ns/military.military_person.participated_in_conflicts
http://rdf.freebase.com/ns/people.person.nationality,http://dbpedia.org/ontology/citizenship
http://purl.org/dc/elements/1.1/publisher,http://rdf.freebase.com/ns/cvg.computer_videogame.publisher
http://dbpedia.org/ontology/distributor,http://www.wikidata.org/entity/P750c
http://dbpedia.org/ontology/religion,http://rdf.freebase.com/ns/people.person.religion
http://yago-knowledge.org/resource/hasFamilyName,http://xmlns.com/foaf/0.1/surname
http://rdf.freebase.com/ns/location.country.form_of_government,http://dbpedia.org/ontology/governmentType
http://dbpedia.org/ontology/architect,http://www.wikidata.org/entity/P84c
http://www.wikidata.org/entity/P407c,http://rdf.freebase.com/ns/tv.tv_program.languages
http://rdf.freebase.com/ns/sports.sports_team.arena_stadium,http://www.wikidata.org/entity/P115c
http://dbpedia.org/ontology/imdbId,http://www.wikidata.org/entity/P345c
http://dbpedia.org/ontology/icaoLocationIdentifier,http://rdf.freebase.com/ns/aviation.airport.icao
http://dbpedia.org/ontology/deathDate,http://www.wikidata.org/entity/P570c
http://rdf.freebase.com/ns/military.military_person.service,http://www.wikidata.org/entity/P241c
http://dbpedia.org/ontology/occupation,http://www.wikidata.org/entity/P106c
http://rdf.freebase.com/ns/film.film.netflix_id,http://www.wikidata.org/entity/P1874c
http://rdf.freebase.com/ns/visual_art.artwork.artist,http://dbpedia.org/ontology/creator
http://rdf.freebase.com/ns/organization.organization.founders,http://dbpedia.org/ontology/founder
http://www.wikidata.org/entity/P21c,http://yago-knowledge.org/resource/hasGender
http://www.wikidata.org/entity/P276c,http://yago-knowledge.org/resource/isLocatedIn
http://rdf.freebase.com/ns/film.film.music,http://www.wikidata.org/entity/P86c
http://dbpedia.org/ontology/spouse,http://www.wikidata.org/entity/P26c
http://rdf.freebase.com/ns/cvg.computer_videogame.release_date,http://www.wikidata.org/entity/P585c
http://www.wikidata.org/entity/P40c,http://yago-knowledge.org/resource/hasChild
http://rdf.freebase.com/ns/book.written_work.date_of_first_publication,http://www.wikidata.org/entity/P577c
http://rdf.freebase.com/ns/fictional_universe.fictional_character.gender,http://yago-knowledge.org/resource/hasGender
http://rdf.freebase.com/ns/imdb.topic.title_id,http://dbpedia.org/ontology/imdbId
http://rdf.freebase.com/ns/people.person.gender,http://yago-knowledge.org/resource/hasGender
http://rdf.freebase.com/key/authority.ctbuh.tsc,http://www.wikidata.org/entity/P1305c
http://rdf.freebase.com/ns/architecture.structure.opened,http://www.wikidata.org/entity/P1619c
http://rdf.freebase.com/key/authority.musicbrainz.artist,http://www.wikidata.org/entity/P434c
http://rdf.freebase.com/ns/boats.ship.launched,http://www.wikidata.org/entity/P585c
http://dbpedia.org/ontology/genre,http://www.wikidata.org/entity/P136c
http://dbpedia.org/ontology/nationality,http://www.wikidata.org/entity/P17c
http://dbpedia.org/ontology/populationTotal,http://yago-knowledge.org/resource/hasNumberOfPeople
http://rdf.freebase.com/ns/cvg.computer_videogame.developer,http://dbpedia.org/ontology/developer
http://rdf.freebase.com/ns/people.person.place_of_birth,http://dbpedia.org/ontology/birthPlace
http://dbpedia.org/ontology/composer,http://rdf.freebase.com/ns/film.film.music
http://rdf.freebase.com/ns/imdb.topic.name_id,http://dbpedia.org/ontology/imdbId
http://rdf.freebase.com/ns/organization.organization.date_founded,http://www.wikidata.org/entity/P571c
http://rdf.freebase.com/ns/sports.sports_team.sport,http://www.wikidata.org/entity/P641c
http://yago-knowledge.org/resource/happenedIn,http://www.wikidata.org/entity/P607c
http://dbpedia.org/ontology/county,http://www.wikidata.org/entity/P131c
http://dbpedia.org/ontology/genre,http://rdf.freebase.com/ns/tv.tv_program.genre
http://dbpedia.org/ontology/instrument,http://yago-knowledge.org/resource/hasMusicalRole
http://rdf.freebase.com/ns/tv.tv_program.air_date_of_final_episode,http://dbpedia.org/ontology/completionDate
http://rdf.freebase.com/ns/media_common.netflix_title.netflix_genres,http://www.wikidata.org/entity/P136c
http://rdf.freebase.com/key/authority.nist.fips.10_4.adm_div,http://www.wikidata.org/entity/P901c
http://dbpedia.org/ontology/founder,http://www.wikidata.org/entity/P112c
http://dbpedia.org/ontology/composer,http://www.wikidata.org/entity/P86c
http://rdf.freebase.com/ns/music.album.release_date,http://www.wikidata.org/entity/P580c
http://rdf.freebase.com/ns/music.album.artist,http://www.wikidata.org/entity/P175c
http://rdf.freebase.com/ns/location.administrative_division.iso_3166_2_code,http://www.wikidata.org/entity/P300c
http://rdf.freebase.com/ns/film.film.edited_by,http://dbpedia.org/ontology/editing
http://rdf.freebase.com/ns/tv.tv_program.original_network,http://dbpedia.org/ontology/network
http://www.wikidata.org/entity/P102c,http://yago-knowledge.org/resource/isAffiliatedTo
http://rdf.freebase.com/ns/aviation.airline.hubs,http://www.wikidata.org/entity/P113c
http://rdf.freebase.com/ns/fictional_universe.fictional_character.gender,http://xmlns.com/foaf/0.1/gender
http://rdf.freebase.com/ns/government.u_s_congressperson.thomas_id,http://www.wikidata.org/entity/P1157c
http://dbpedia.org/ontology/recordLabel,http://www.wikidata.org/entity/P264c
http://rdf.freebase.com/ns/common.topic.official_website,http://xmlns.com/foaf/0.1/homepage
http://dbpedia.org/ontology/party,http://www.wikidata.org/entity/P102c
http://rdf.freebase.com/ns/cvg.computer_videogame.cvg_genre,http://www.wikidata.org/entity/P136c
http://rdf.freebase.com/key/authority.imdb.company,http://dbpedia.org/ontology/imdbId
http://rdf.freebase.com/key/authority.imdb.name,http://dbpedia.org/ontology/imdbId
http://rdf.freebase.com/ns/base.aareas.schema.administrative_area.administrative_parent,http://www.wikidata.org/entity/P131c
http://rdf.freebase.com/key/authority.musicbrainz.release_group,http://www.wikidata.org/entity/P436c
http://dbpedia.org/ontology/iataAirlineCode,http://www.wikidata.org/entity/P229c
http://www.wikidata.org/entity/P20c,http://yago-knowledge.org/resource/diedIn
http://www.wikidata.org/entity/P1303c,http://yago-knowledge.org/resource/hasMusicalRole
http://yago-knowledge.org/resource/hasLongitude,http://www.w3.org/2003/01/geo/wgs84_pos#long
http://rdf.freebase.com/ns/sports.sports_team.founded,http://dbpedia.org/ontology/formationDate
http://rdf.freebase.com/key/source.screenrush.films,http://www.wikidata.org/entity/P1265c
http://xmlns.com/foaf/0.1/isPrimaryTopicOf,http://rdf.freebase.com/ns/common.topic.topic_equivalent_webpage
http://rdf.freebase.com/ns/cvg.computer_videogame.release_date,http://www.wikidata.org/entity/P580c
http://rdf.freebase.com/ns/organization.organization.founders,http://dbpedia.org/ontology/foundedBy
http://rdf.freebase.com/ns/location.location.geolocation,http://www.wikidata.org/entity/P625c
http://dbpedia.org/ontology/musicalArtist,http://www.wikidata.org/entity/P175c
http://rdf.freebase.com/ns/music.album.album_content_type,http://www.wikidata.org/entity/P31c
http://rdf.freebase.com/ns/people.deceased_person.date_of_death,http://www.wikidata.org/entity/P570c
http://xmlns.com/foaf/0.1/gender,http://rdf.freebase.com/ns/people.person.gender
http://rdf.freebase.com/ns/book.written_work.part_of_series,http://www.wikidata.org/entity/P179c
http://dbpedia.org/ontology/computingPlatform,http://www.wikidata.org/entity/P400c
http://rdf.freebase.com/key/source.beyazperde.filmler,http://www.wikidata.org/entity/P1265c
http://rdf.freebase.com/ns/geography.river.basin_countries,http://www.wikidata.org/entity/P17c
http://rdf.freebase.com/ns/base.biblioness.bibs_location.country,http://yago-knowledge.org/resource/isLocatedIn
http://rdf.freebase.com/ns/people.person.children,http://www.wikidata.org/entity/P40c
http://rdf.freebase.com/key/authority.imdb.title,http://www.wikidata.org/entity/P345c
http://dbpedia.org/ontology/battle,http://www.wikidata.org/entity/P607c
http://dbpedia.org/ontology/date,http://www.wikidata.org/entity/P580c
http://rdf.freebase.com/ns/film.film.language,http://dbpedia.org/ontology/language
http://rdf.freebase.com/ns/architecture.structure.architectural_style,http://www.wikidata.org/entity/P149c
http://rdf.freebase.com/ns/boats.ship.launched,http://www.wikidata.org/entity/P571c
http://dbpedia.org/ontology/publisher,http://rdf.freebase.com/ns/book.periodical.publisher
http://rdf.freebase.com/ns/people.person.gender,http://www.wikidata.org/entity/P21c
http://rdf.freebase.com/ns/organization.organization.child,http://www.wikidata.org/entity/P355c
http://rdf.freebase.com/ns/geography.river.basin_countries,http://yago-knowledge.org/resource/isLocatedIn
http://rdf.freebase.com/ns/base.usnris.nris_listing.significant_year,http://www.wikidata.org/entity/P585c
http://rdf.freebase.com/ns/imdb.topic.name_id,http://www.wikidata.org/entity/P345c
http://rdf.freebase.com/ns/film.film.story_by,http://www.wikidata.org/entity/P58c
http://rdf.freebase.com/ns/people.person.ethnicity,http://www.wikidata.org/entity/P172c
http://dbpedia.org/ontology/editor,http://www.wikidata.org/entity/P98c
http://rdf.freebase.com/ns/tv.tv_program.number_of_seasons,http://dbpedia.org/ontology/numberOfSeasons
http://rdf.freebase.com/ns/people.person.nationality,http://www.wikidata.org/entity/P17c
http://dbpedia.org/ontology/country,http://www.wikidata.org/entity/P17c
http://rdf.freebase.com/ns/film.film.country,http://www.wikidata.org/entity/P495c
http://xmlns.com/foaf/0.1/homepage,http://yago-knowledge.org/resource/hasWebsite
http://rdf.freebase.com/ns/location.hud_county_place.county,http://www.wikidata.org/entity/P131c
http://rdf.freebase.com/ns/organization.organization.date_founded,http://dbpedia.org/ontology/formationDate
http://www.wikidata.org/entity/P27c,http://yago-knowledge.org/resource/isCitizenOf
http://dbpedia.org/ontology/religion,http://www.wikidata.org/entity/P140c
http://rdf.freebase.com/ns/music.album.release_date,http://www.wikidata.org/entity/P577c
http://rdf.freebase.com/ns/music.album.artist,http://dbpedia.org/ontology/artist
http://rdf.freebase.com/ns/boats.ship.launched,http://dbpedia.org/ontology/foundingDate
http://rdf.freebase.com/key/source.allocine.ca.film,http://www.wikidata.org/entity/P1265c
http://www.wikidata.org/entity/P86c,http://dbpedia.org/ontology/musicComposer
http://rdf.freebase.com/ns/film.film.language,http://dbpedia.org/ontology/originalLanguage
http://dbpedia.org/ontology/distributor,http://rdf.freebase.com/ns/film.film.distributors
http://dbpedia.org/ontology/creator,http://www.wikidata.org/entity/P170c
http://rdf.freebase.com/ns/location.administrative_division.country,http://www.wikidata.org/entity/P27c
http://www.wikidata.org/entity/P123c,http://dbpedia.org/ontology/publisher
http://rdf.freebase.com/ns/boats.ship.launched,http://yago-knowledge.org/resource/wasCreatedOnDate
http://dbpedia.org/ontology/deathDate,http://yago-knowledge.org/resource/diedOnDate
http://dbpedia.org/ontology/birthPlace,http://www.wikidata.org/entity/P19c
http://rdf.freebase.com/ns/people.person.height_meters,http://www.wikidata.org/entity/P2048c
http://rdf.freebase.com/ns/protected_sites.listed_site.designation_as_natural_or_cultural_site,http://www.wikidata.org/entity/P1435c
http://www.wikidata.org/entity/P2047c,http://dbpedia.org/ontology/runtime
http://rdf.freebase.com/ns/music.album.artist,http://dbpedia.org/ontology/musicalArtist
http://rdf.freebase.com/key/base.usnris.item,http://www.wikidata.org/entity/P649c
http://rdf.freebase.com/ns/base.biblioness.bibs_location.country,http://dbpedia.org/ontology/country
http://dbpedia.org/ontology/numberOfEpisodes,http://www.wikidata.org/entity/P1113c
http://rdf.freebase.com/ns/tv.tv_program.country_of_origin,http://www.wikidata.org/entity/P495c
http://rdf.freebase.com/ns/tv.tv_program.air_date_of_final_episode,http://www.wikidata.org/entity/P582c
http://rdf.freebase.com/ns/location.administrative_division.country,http://www.wikidata.org/entity/P17c
http://dbpedia.org/ontology/basedOn,http://www.wikidata.org/entity/P144c
http://rdf.freebase.com/key/base.uspolitician.thomas_id,http://www.wikidata.org/entity/P1157c
http://rdf.freebase.com/ns/location.dated_location.date_founded,http://yago-knowledge.org/resource/wasCreatedOnDate
http://yago-knowledge.org/resource/hasLatitude,http://www.w3.org/2003/01/geo/wgs84_pos#lat
http://dbpedia.org/ontology/almaMater,http://www.wikidata.org/entity/P69c
http://rdf.freebase.com/ns/film.film.film_series,http://www.wikidata.org/entity/P179c
http://rdf.freebase.com/ns/award.award_winning_work.awards_won,http://yago-knowledge.org/resource/hasWonPrize
http://rdf.freebase.com/ns/location.statistical_region.population,http://dbpedia.org/ontology/populationTotal
http://rdf.freebase.com/ns/tv.tv_program.tv_producer,http://www.wikidata.org/entity/P162c
http://rdf.freebase.com/ns/sports.sports_team.founded,http://www.wikidata.org/entity/P571c
http://dbpedia.org/ontology/date,http://www.wikidata.org/entity/P571c
http://rdf.freebase.com/ns/music.artist.label,http://www.wikidata.org/entity/P264c
http://www.wikidata.org/entity/P159c,http://yago-knowledge.org/resource/isLocatedIn
http://dbpedia.org/ontology/originalLanguage,http://www.wikidata.org/entity/P407c
http://rdf.freebase.com/ns/film.film.written_by,http://www.wikidata.org/entity/P58c
http://rdf.freebase.com/ns/music.album.genre,http://www.wikidata.org/entity/P136c
http://rdf.freebase.com/ns/music.album.genre,http://dbpedia.org/ontology/genre
http://rdf.freebase.com/ns/people.person.places_lived,http://yago-knowledge.org/resource/livesIn
http://dbpedia.org/ontology/birthYear,http://www.wikidata.org/entity/P569c
http://rdf.freebase.com/ns/award.award_winning_work.awards_won,http://www.wikidata.org/entity/P166c
http://rdf.freebase.com/ns/people.person.places_lived,http://www.wikidata.org/entity/P551c
http://rdf.freebase.com/ns/film.film.genre,http://www.wikidata.org/entity/P136c
http://rdf.freebase.com/ns/book.book.editions,http://www.wikidata.org/entity/P747c
http://rdf.freebase.com/ns/tv.tv_program.program_creator,http://dbpedia.org/ontology/creator
http://dbpedia.org/ontology/starring,http://rdf.freebase.com/ns/film.film.starring
http://rdf.freebase.com/ns/film.film.produced_by,http://www.wikidata.org/entity/P162c
http://yago-knowledge.org/resource/isCitizenOf,http://www.wikidata.org/entity/P17c
http://rdf.freebase.com/ns/location.administrative_division.country,http://dbpedia.org/ontology/citizenship
http://rdf.freebase.com/ns/cvg.computer_videogame.release_date,http://www.wikidata.org/entity/P577c
http://rdf.freebase.com/ns/award.award_winner.awards_won,http://yago-knowledge.org/resource/hasWonPrize
http://dbpedia.org/ontology/child,http://yago-knowledge.org/resource/hasChild
http://rdf.freebase.com/ns/tv.tv_series_episode.series,http://www.wikidata.org/entity/P179c
http://dbpedia.org/ontology/publisher,http://purl.org/dc/elements/1.1/publisher
http://dbpedia.org/ontology/artist,http://www.wikidata.org/entity/P175c
http://rdf.freebase.com/key/user.metaweb.datasource.geonames,http://www.wikidata.org/entity/P1566c
http://rdf.freebase.com/ns/book.book.genre,http://dbpedia.org/ontology/literaryGenre
http://rdf.freebase.com/ns/people.person.education,http://www.wikidata.org/entity/P69c
http://rdf.freebase.com/ns/fictional_universe.fictional_character.gender,http://www.wikidata.org/entity/P21c
http://www.wikidata.org/entity/P17c,http://yago-knowledge.org/resource/isLocatedIn
http://rdf.freebase.com/ns/fictional_universe.fictional_character.character_created_by,http://dbpedia.org/ontology/creator
http://rdf.freebase.com/ns/book.written_work.previous_in_series,http://www.wikidata.org/entity/P155c
http://rdf.freebase.com/ns/film.film.sequel,http://www.wikidata.org/entity/P156c
http://dbpedia.org/ontology/originalLanguage,http://rdf.freebase.com/ns/book.written_work.original_language
http://rdf.freebase.com/ns/people.person.date_of_birth,http://www.wikidata.org/entity/P569c
http://rdf.freebase.com/key/authority.facebook,http://www.wikidata.org/entity/P2013c
http://rdf.freebase.com/ns/people.person.nationality,http://yago-knowledge.org/resource/isCitizenOf
http://dbpedia.org/ontology/foundedBy,http://www.wikidata.org/entity/P112c
http://rdf.freebase.com/ns/organization.organization.date_founded,http://yago-knowledge.org/resource/wasCreatedOnDate
http://rdf.freebase.com/ns/book.written_work.date_of_first_publication,http://yago-knowledge.org/resource/wasCreatedOnDate
http://rdf.freebase.com/ns/music.album.release_date,http://www.wikidata.org/entity/P571c
http://rdf.freebase.com/ns/music.album.release_type,http://www.wikidata.org/entity/P31c
http://dbpedia.org/ontology/league,http://www.wikidata.org/entity/P118c
http://dbpedia.org/ontology/manager,http://www.wikidata.org/entity/P286c
http://rdf.freebase.com/ns/music.composition.language,http://www.wikidata.org/entity/P407c
http://rdf.freebase.com/key/authority.nces.ipeds,http://www.wikidata.org/entity/P1771c
http://dbpedia.org/ontology/team,http://www.wikidata.org/entity/P463c
http://dbpedia.org/ontology/country,http://rdf.freebase.com/ns/location.administrative_division.country
http://dbpedia.org/ontology/child,http://www.wikidata.org/entity/P40c
http://www.wikidata.org/entity/P364c,http://rdf.freebase.com/ns/music.composition.language
http://www.wikidata.org/entity/P571c,http://yago-knowledge.org/resource/wasCreatedOnDate
http://rdf.freebase.com/key/authority.gnis,http://www.wikidata.org/entity/P590c
http://yago-knowledge.org/resource/wasDestroyedOnDate,http://rdf.freebase.com/ns/tv.tv_program.air_date_of_final_episode
http://dbpedia.org/ontology/employer,http://www.wikidata.org/entity/P108c
http://rdf.freebase.com/ns/organization.organization.date_founded,http://dbpedia.org/ontology/foundingDate
http://dbpedia.org/ontology/numberOfSeasons,http://www.wikidata.org/entity/P2437c
http://rdf.freebase.com/ns/award.award_winning_work.awards_won,http://dbpedia.org/ontology/award
http://dbpedia.org/ontology/country,http://www.wikidata.org/entity/P27c
http://rdf.freebase.com/ns/tv.tv_program.languages,http://www.wikidata.org/entity/P364c
http://rdf.freebase.com/ns/book.written_work.subjects,http://purl.org/dc/terms/subject
http://rdf.freebase.com/key/authority.us.gov.loc.na,http://www.wikidata.org/entity/P244c
http://rdf.freebase.com/ns/people.deceased_person.date_of_death,http://dbpedia.org/ontology/deathDate
http://rdf.freebase.com/ns/people.person.employment_history,http://www.wikidata.org/entity/P108c
http://dbpedia.org/ontology/education,http://rdf.freebase.com/ns/people.person.education
http://rdf.freebase.com/key/authority.isfdb.publisher_id,http://www.wikidata.org/entity/P1239c
http://rdf.freebase.com/ns/location.location.time_zones,http://www.wikidata.org/entity/P421c
http://rdf.freebase.com/ns/military.military_person.participated_in_conflicts,http://www.wikidata.org/entity/P607c
http://rdf.freebase.com/ns/symbols.namesake.named_after,http://www.wikidata.org/entity/P138c
http://www.wikidata.org/entity/P551c,http://yago-knowledge.org/resource/livesIn
http://rdf.freebase.com/ns/music.composition.lyricist,http://www.wikidata.org/entity/P676c
http://rdf.freebase.com/ns/people.person.place_of_birth,http://yago-knowledge.org/resource/wasBornIn
http://dbpedia.org/ontology/occupation,http://rdf.freebase.com/ns/people.person.profession
http://dbpedia.org/ontology/icaoAirlineCode,http://www.wikidata.org/entity/P230c
http://dbpedia.org/ontology/city,http://yago-knowledge.org/resource/isLocatedIn
http://rdf.freebase.com/ns/organization.organization.parent,http://www.wikidata.org/entity/P749c
http://rdf.freebase.com/ns/music.composition.form,http://dbpedia.org/ontology/format
http://dbpedia.org/ontology/headquarter,http://www.wikidata.org/entity/P159c
http://rdf.freebase.com/ns/tv.tv_program.air_date_of_first_episode,http://yago-knowledge.org/resource/wasCreatedOnDate
http://dbpedia.org/ontology/producer,http://rdf.freebase.com/ns/film.film.produced_by
http://dbpedia.org/ontology/producer,http://rdf.freebase.com/ns/tv.tv_program.tv_producer
http://rdf.freebase.com/ns/award.award_winner.awards_won,http://www.wikidata.org/entity/P166c
http://rdf.freebase.com/ns/film.film.initial_release_date,http://www.wikidata.org/entity/P571c
http://dbpedia.org/ontology/recordLabel,http://rdf.freebase.com/ns/music.artist.label
http://www.wikidata.org/entity/P856c,http://xmlns.com/foaf/0.1/homepage
http://dbpedia.org/ontology/starring,http://www.wikidata.org/entity/P161c
http://www.wikidata.org/entity/P569c,http://yago-knowledge.org/resource/wasBornOnDate
http://dbpedia.org/ontology/date,http://www.wikidata.org/entity/P585c
http://yago-knowledge.org/resource/happenedIn,http://dbpedia.org/ontology/battle
http://rdf.freebase.com/key/authority.iso.3166-2,http://www.wikidata.org/entity/P300c
http://dbpedia.org/ontology/foundingDate,http://www.wikidata.org/entity/P571c
http://rdf.freebase.com/ns/book.written_work.author,http://www.wikidata.org/entity/P50c
http://dbpedia.org/ontology/deathCause,http://www.wikidata.org/entity/P509c
http://rdf.freebase.com/key/authority.openlibrary.author,http://www.wikidata.org/entity/P648c
http://rdf.freebase.com/key/authority.nndb,http://www.wikidata.org/entity/P1263c
http://rdf.freebase.com/ns/architecture.structure.architect,http://www.wikidata.org/entity/P84c
http://rdf.freebase.com/ns/base.biblioness.bibs_location.country,http://www.wikidata.org/entity/P17c
http://dbpedia.org/ontology/award,http://yago-knowledge.org/resource/hasWonPrize
http://rdf.freebase.com/ns/people.deceased_person.place_of_death,http://dbpedia.org/ontology/deathPlace
http://rdf.freebase.com/ns/american_football.football_player.position_s,http://www.wikidata.org/entity/P413c
http://rdf.freebase.com/key/authority.imdb.company,http://www.wikidata.org/entity/P345c
http://dbpedia.org/ontology/ceo,http://www.wikidata.org/entity/P169c
http://dbpedia.org/ontology/editing,http://www.wikidata.org/entity/P1040c
http://www.wikidata.org/entity/P407c,http://dbpedia.org/ontology/language
http://rdf.freebase.com/ns/location.location.containedby,http://dbpedia.org/ontology/isPartOf
http://www.wikidata.org/entity/P735c,http://xmlns.com/foaf/0.1/givenName
http://rdf.freebase.com/ns/location.statistical_region.population,http://yago-knowledge.org/resource/hasNumberOfPeople
http://rdf.freebase.com/ns/film.film.edited_by,http://www.wikidata.org/entity/P1040c
http://rdf.freebase.com/ns/film.film.directed_by,http://www.wikidata.org/entity/P57c
http://rdf.freebase.com/key/authority.rovi.music.artist,http://www.wikidata.org/entity/P1728c
http://rdf.freebase.com/ns/music.album.release_date,http://www.wikidata.org/entity/P585c
http://www.wikidata.org/entity/P69c,http://yago-knowledge.org/resource/graduatedFrom
http://dbpedia.org/ontology/architect,http://rdf.freebase.com/ns/architecture.structure.architect
http://rdf.freebase.com/ns/government.politician.government_positions_held,http://www.wikidata.org/entity/P39c
http://rdf.freebase.com/ns/geography.river.mouth,http://www.wikidata.org/entity/P403c
http://rdf.freebase.com/ns/tv.tv_program.languages,http://dbpedia.org/ontology/language
http://rdf.freebase.com/ns/geography.river.basin_countries,http://dbpedia.org/ontology/country
http://rdf.freebase.com/key/authority.youtube.title,http://www.wikidata.org/entity/P1651c
http://rdf.freebase.com/ns/geography.lake.basin_countries,http://www.wikidata.org/entity/P17c
http://rdf.freebase.com/ns/music.composition.language,http://dbpedia.org/ontology/language
http://rdf.freebase.com/key/authority.musicbrainz.work,http://www.wikidata.org/entity/P435c
http://yago-knowledge.org/resource/playsFor,http://www.wikidata.org/entity/P463c
http://dbpedia.org/ontology/district,http://www.wikidata.org/entity/P131c
http://rdf.freebase.com/ns/location.citytown.postal_codes,http://www.wikidata.org/entity/P281c
http://rdf.freebase.com/ns/film.film.production_companies,http://www.wikidata.org/entity/P272c
http://dbpedia.org/ontology/cinematography,http://www.wikidata.org/entity/P344c
http://dbpedia.org/ontology/isbn,http://www.wikidata.org/entity/P212c
http://rdf.freebase.com/ns/organization.organization.date_founded,http://www.wikidata.org/entity/P577c
http://www.w3.org/2000/01/rdf-schema#comment,http://rdf.freebase.com/ns/common.topic.article
http://rdf.freebase.com/ns/common.topic.official_website,http://yago-knowledge.org/resource/hasWebsite
http://dbpedia.org/ontology/releaseDate,http://rdf.freebase.com/ns/film.film.initial_release_date
http://dbpedia.org/ontology/musicComposer,http://rdf.freebase.com/ns/music.composition.composer
http://rdf.freebase.com/ns/tv.tv_series_episode.season,http://www.wikidata.org/entity/P361c
http://www.wikidata.org/entity/P2048c,http://yago-knowledge.org/resource/hasHeight
http://rdf.freebase.com/ns/media_common.adaptation.adapted_from,http://dbpedia.org/ontology/basedOn
http://rdf.freebase.com/ns/people.deceased_person.cause_of_death,http://www.wikidata.org/entity/P509c
http://rdf.freebase.com/ns/cvg.computer_videogame.publisher,http://www.wikidata.org/entity/P123c
http://dbpedia.org/ontology/flag,http://www.wikidata.org/entity/P41c
http://dbpedia.org/ontology/owner,http://www.wikidata.org/entity/P127c
http://dbpedia.org/ontology/country,http://rdf.freebase.com/ns/geography.lake.basin_countries
http://rdf.freebase.com/key/authority.nist.fips.55,http://www.wikidata.org/entity/P774c
http://rdf.freebase.com/ns/location.location.street_address,http://www.wikidata.org/entity/P276c
http://rdf.freebase.com/ns/book.written_work.subjects,http://www.wikidata.org/entity/P921c
http://rdf.freebase.com/ns/people.person.education,http://dbpedia.org/ontology/almaMater
http://rdf.freebase.com/key/authority.discogs.master,http://www.wikidata.org/entity/P1954c
http://rdf.freebase.com/ns/visual_art.artwork.artist,http://www.wikidata.org/entity/P170c
http://dbpedia.org/ontology/address,http://www.wikidata.org/entity/P969c
http://rdf.freebase.com/ns/film.film.cinematography,http://www.wikidata.org/entity/P344c
http://rdf.freebase.com/key/wikipedia.en_id,http://dbpedia.org/ontology/wikiPageID
http://www.wikidata.org/entity/P463c,http://rdf.freebase.com/ns/sports.pro_athlete.teams
http://dbpedia.org/ontology/issn,http://www.wikidata.org/entity/P236c
http://rdf.freebase.com/key/authority.musicbrainz.label,http://www.wikidata.org/entity/P966c
http://www.wikidata.org/entity/P580c,http://yago-knowledge.org/resource/wasCreatedOnDate
http://rdf.freebase.com/ns/soccer.football_player.position_s,http://www.wikidata.org/entity/P413c
http://dbpedia.org/ontology/province,http://www.wikidata.org/entity/P131c
http://rdf.freebase.com/ns/tv.tv_series_episode.director,http://www.wikidata.org/entity/P57c
http://dbpedia.org/ontology/deathPlace,http://yago-knowledge.org/resource/diedIn
http://dbpedia.org/ontology/releaseDate,http://www.wikidata.org/entity/P577c
http://rdf.freebase.com/ns/film.film.language,http://www.wikidata.org/entity/P364c
http://dbpedia.org/ontology/award,http://www.wikidata.org/entity/P166c
http://www.wikidata.org/entity/P131c,http://yago-knowledge.org/resource/isLocatedIn
http://dbpedia.org/ontology/isPartOf,http://rdf.freebase.com/ns/tv.tv_series_episode.season
http://rdf.freebase.com/ns/people.person.employment_history,http://dbpedia.org/ontology/employer
http://dbpedia.org/ontology/birthDate,http://www.wikidata.org/entity/P569c
http://yago-knowledge.org/resource/hasGivenName,http://xmlns.com/foaf/0.1/givenName
http://rdf.freebase.com/ns/tv.tv_program.genre,http://www.wikidata.org/entity/P136c
http://rdf.freebase.com/ns/sports.sports_team.founded,http://yago-knowledge.org/resource/wasCreatedOnDate
http://rdf.freebase.com/ns/book.written_work.next_in_series,http://www.wikidata.org/entity/P156c
http://dbpedia.org/ontology/city,http://www.wikidata.org/entity/P131c
http://rdf.freebase.com/key/authority.imdb.title,http://dbpedia.org/ontology/imdbId
http://www.wikidata.org/entity/P856c,http://yago-knowledge.org/resource/hasWebsite
http://yago-knowledge.org/resource/hasGender,http://xmlns.com/foaf/0.1/gender
http://rdf.freebase.com/ns/location.hud_county_place.county,http://yago-knowledge.org/resource/isLocatedIn
http://rdf.freebase.com/ns/location.location.area,http://dbpedia.org/ontology/PopulatedPlace/areaTotal
http://dbpedia.org/ontology/releaseDate,http://rdf.freebase.com/ns/cvg.computer_videogame.release_date
http://rdf.freebase.com/ns/location.administrative_division.fips_10_4_region_code,http://www.wikidata.org/entity/P901c
http://rdf.freebase.com/ns/cvg.computer_videogame.cvg_genre,http://dbpedia.org/ontology/genre
http://dbpedia.org/ontology/instrument,http://www.wikidata.org/entity/P1303c
http://dbpedia.org/ontology/publisher,http://rdf.freebase.com/ns/cvg.computer_videogame.publisher
http://rdf.freebase.com/ns/people.person.nationality,http://www.wikidata.org/entity/P27c
http://rdf.freebase.com/ns/film.film.prequel,http://www.wikidata.org/entity/P155c
http://rdf.freebase.com/ns/film.film.country,http://dbpedia.org/ontology/country
http://rdf.freebase.com/ns/film.film.starring,http://www.wikidata.org/entity/P161c
http://dbpedia.org/ontology/iataLocationIdentifier,http://rdf.freebase.com/key/authority.iata
http://dbpedia.org/ontology/formationDate,http://yago-knowledge.org/resource/wasCreatedOnDate
http://rdf.freebase.com/ns/people.deceased_person.place_of_death,http://www.wikidata.org/entity/P20c
http://rdf.freebase.com/ns/book.periodical.format,http://dbpedia.org/ontology/format
http://dbpedia.org/ontology/birthDate,http://yago-knowledge.org/resource/wasBornOnDate
http://dbpedia.org/ontology/deathPlace,http://www.wikidata.org/entity/P20c
http://dbpedia.org/ontology/formationDate,http://www.wikidata.org/entity/P571c
http://rdf.freebase.com/key/authority.twitter,http://www.wikidata.org/entity/P2002c
http://dbpedia.org/ontology/birthDate,http://rdf.freebase.com/ns/people.person.date_of_birth
http://rdf.freebase.com/ns/tv.tv_program.regular_cast,http://dbpedia.org/ontology/starring
http://dbpedia.org/ontology/nationality,http://yago-knowledge.org/resource/isCitizenOf
http://dbpedia.org/ontology/releaseDate,http://rdf.freebase.com/ns/tv.tv_program.air_date_of_first_episode
http://rdf.freebase.com/key/user.hangy.viaf,http://www.wikidata.org/entity/P214c
http://dbpedia.org/ontology/nationality,http://www.wikidata.org/entity/P27c
http://rdf.freebase.com/ns/location.country.capital,http://dbpedia.org/ontology/capital
http://www.wikidata.org/entity/P921c,http://purl.org/dc/terms/subject
http://rdf.freebase.com/ns/book.periodical.first_issue_date,http://yago-knowledge.org/resource/wasCreatedOnDate
http://yago-knowledge.org/resource/wasCreatedOnDate,http://dbpedia.org/ontology/firstPublicationYear
http://dbpedia.org/ontology/almaMater,http://yago-knowledge.org/resource/graduatedFrom
http://rdf.freebase.com/ns/film.film.distributors,http://www.wikidata.org/entity/P750c
http://rdf.freebase.com/ns/music.album.release_date,http://yago-knowledge.org/resource/wasCreatedOnDate
http://rdf.freebase.com/ns/people.person.profession,http://www.wikidata.org/entity/P106c
http://www.wikidata.org/entity/P585c,http://yago-knowledge.org/resource/wasCreatedOnDate
http://dbpedia.org/ontology/county,http://yago-knowledge.org/resource/isLocatedIn
http://rdf.freebase.com/key/source.allocine.fr.film,http://www.wikidata.org/entity/P1265c
http://rdf.freebase.com/ns/people.person.children,http://dbpedia.org/ontology/child
http://rdf.freebase.com/key/authority.icao.airline,http://www.wikidata.org/entity/P230c
http://www.wikidata.org/entity/P123c,http://purl.org/dc/elements/1.1/publisher
http://dbpedia.org/ontology/nationality,http://rdf.freebase.com/ns/people.person.nationality
http://rdf.freebase.com/ns/music.composition.composer,http://www.wikidata.org/entity/P86c
http://rdf.freebase.com/ns/music.group_member.instruments_played,http://dbpedia.org/ontology/instrument
http://rdf.freebase.com/ns/sports.sports_team.founded,http://dbpedia.org/ontology/foundingDate
http://rdf.freebase.com/ns/book.written_work.original_language,http://dbpedia.org/ontology/language
http://rdf.freebase.com/ns/tv.tv_program.air_date_of_first_episode,http://www.wikidata.org/entity/P580c
http://rdf.freebase.com/ns/government.politician.party,http://yago-knowledge.org/resource/isAffiliatedTo
http://rdf.freebase.com/ns/location.administrative_division.first_level_division_of,http://yago-knowledge.org/resource/isLocatedIn
http://rdf.freebase.com/ns/film.film.runtime,http://dbpedia.org/ontology/Work/runtime
http://rdf.freebase.com/ns/film.film.language,http://www.wikidata.org/entity/P407c
http://rdf.freebase.com/ns/book.written_work.author,http://dbpedia.org/ontology/author
http://rdf.freebase.com/ns/organization.organization.child,http://yago-knowledge.org/resource/owns
http://dbpedia.org/ontology/dcc,http://www.wikidata.org/entity/P1036c
http://rdf.freebase.com/ns/media_common.netflix_title.netflix_genres,http://dbpedia.org/ontology/genre
http://dbpedia.org/ontology/award,http://rdf.freebase.com/ns/award.award_winner.awards_won
http://dbpedia.org/ontology/spouse,http://rdf.freebase.com/ns/people.person.spouse_s
http://rdf.freebase.com/ns/government.politician.party,http://dbpedia.org/ontology/party
http://dbpedia.org/ontology/originalLanguage,http://rdf.freebase.com/ns/music.composition.language
http://rdf.freebase.com/ns/music.group_member.instruments_played,http://yago-knowledge.org/resource/hasMusicalRole
http://rdf.freebase.com/ns/book.written_work.original_language,http://www.wikidata.org/entity/P364c
http://dbpedia.org/ontology/producer,http://www.wikidata.org/entity/P162c
http://rdf.freebase.com/ns/organization.organization.founders,http://www.wikidata.org/entity/P112c
http://rdf.freebase.com/ns/people.person.date_of_birth,http://yago-knowledge.org/resource/wasBornOnDate
http://rdf.freebase.com/ns/people.person.religion,http://www.wikidata.org/entity/P140c
http://rdf.freebase.com/ns/people.person.nationality,http://dbpedia.org/ontology/country
http://dbpedia.org/ontology/team,http://yago-knowledge.org/resource/playsFor
http://yago-knowledge.org/resource/graduatedFrom,http://dbpedia.org/ontology/education
http://rdf.freebase.com/ns/organization.organization.date_founded,http://www.wikidata.org/entity/P580c
http://www.wikidata.org/entity/P577c,http://yago-knowledge.org/resource/wasCreatedOnDate
http://www.wikidata.org/entity/P355c,http://yago-knowledge.org/resource/owns
http://rdf.freebase.com/ns/location.administrative_division.second_level_division_of,http://www.wikidata.org/entity/P17c
http://dbpedia.org/ontology/architecturalStyle,http://www.wikidata.org/entity/P149c
http://www.wikidata.org/entity/P582c,http://yago-knowledge.org/resource/wasDestroyedOnDate
http://rdf.freebase.com/ns/imdb.topic.title_id,http://www.wikidata.org/entity/P345c
http://rdf.freebase.com/ns/architecture.structure.architectural_style,http://dbpedia.org/ontology/architecturalStyle
http://dbpedia.org/ontology/country,http://yago-knowledge.org/resource/isCitizenOf
http://dbpedia.org/ontology/education,http://www.wikidata.org/entity/P69c
http://dbpedia.org/ontology/team,http://rdf.freebase.com/ns/royalty.monarch.royal_line
http://dbpedia.org/ontology/developer,http://www.wikidata.org/entity/P178c
http://dbpedia.org/ontology/originalLanguage,http://www.wikidata.org/entity/P364c
http://rdf.freebase.com/key/authority.discogs.artist,http://www.wikidata.org/entity/P1953c
http://yago-knowledge.org/resource/playsFor,http://rdf.freebase.com/ns/sports.pro_athlete.teams
http://rdf.freebase.com/ns/film.film.executive_produced_by,http://www.wikidata.org/entity/P1431c
http://dbpedia.org/ontology/citizenship,http://yago-knowledge.org/resource/isCitizenOf
http://dbpedia.org/ontology/releaseDate,http://www.wikidata.org/entity/P571c
http://www.wikidata.org/entity/P17c,http://dbpedia.org/ontology/citizenship
http://rdf.freebase.com/ns/book.written_work.date_of_first_publication,http://www.wikidata.org/entity/P571c
http://www.wikidata.org/entity/P19c,http://yago-knowledge.org/resource/wasBornIn
http://rdf.freebase.com/ns/people.deceased_person.place_of_death,http://yago-knowledge.org/resource/diedIn
http://rdf.freebase.com/ns/people.person.place_of_birth,http://www.wikidata.org/entity/P19c
http://dbpedia.org/ontology/composer,http://rdf.freebase.com/ns/music.composition.composer
http://rdf.freebase.com/key/authority.netflix.movie,http://www.wikidata.org/entity/P1874c
http://dbpedia.org/ontology/district,http://yago-knowledge.org/resource/isLocatedIn
http://rdf.freebase.com/ns/people.person.education,http://yago-knowledge.org/resource/graduatedFrom
http://dbpedia.org/ontology/industry,http://www.wikidata.org/entity/P452c
http://www.wikidata.org/entity/P407c,http://rdf.freebase.com/ns/book.written_work.original_language
http://dbpedia.org/ontology/party,http://yago-knowledge.org/resource/isAffiliatedTo
http://rdf.freebase.com/ns/cvg.computer_videogame.release_date,http://www.wikidata.org/entity/P571c
http://sw.opencyc.org/concept/Mx4rNv0nbm4TTjOp7yhmnzOyqg,http://rdf.freebase.com/ns/common.topic.topic_equivalent_webpage
http://dbpedia.org/ontology/isPartOf,http://www.wikidata.org/entity/P361c
http://rdf.freebase.com/ns/location.administrative_division.country,http://yago-knowledge.org/resource/isLocatedIn
http://rdf.freebase.com/ns/base.usnris.nris_listing.item_number,http://www.wikidata.org/entity/P649c
http://rdf.freebase.com/ns/location.administrative_division.first_level_division_of,http://www.wikidata.org/entity/P17c
http://dbpedia.org/ontology/picture,http://www.wikidata.org/entity/P18c
http://rdf.freebase.com/ns/base.biblioness.bibs_location.country,http://www.wikidata.org/entity/P27c
http://rdf.freebase.com/ns/military.military_person.participated_in_conflicts,http://yago-knowledge.org/resource/happenedIn
http://dbpedia.org/ontology/releaseDate,http://yago-knowledge.org/resource/wasCreatedOnDate
http://rdf.freebase.com/ns/people.deceased_person.date_of_death,http://yago-knowledge.org/resource/diedOnDate
http://rdf.freebase.com/ns/user.narphorium.people.nndb_person.nndb_id,http://www.wikidata.org/entity/P1263c
http://rdf.freebase.com/key/authority.imdb.name,http://www.wikidata.org/entity/P345c
http://dbpedia.org/ontology/originalLanguage,http://rdf.freebase.com/ns/tv.tv_program.languages
http://dbpedia.org/ontology/citizenship,http://www.wikidata.org/entity/P27c
http://rdf.freebase.com/ns/cvg.computer_videogame.designers,http://dbpedia.org/ontology/designer
http://dbpedia.org/ontology/country,http://yago-knowledge.org/resource/isLocatedIn
http://rdf.freebase.com/ns/cvg.computer_videogame.release_date,http://yago-knowledge.org/resource/wasCreatedOnDate
http://www.wikidata.org/entity/P26c,http://yago-knowledge.org/resource/isMarriedTo
http://dbpedia.org/ontology/locatedInArea,http://www.wikidata.org/entity/P131c
http://dbpedia.org/ontology/musicComposer,http://rdf.freebase.com/ns/film.film.music
http://rdf.freebase.com/ns/organization.organization.headquarters,http://www.wikidata.org/entity/P159c
http://rdf.freebase.com/ns/film.film.cinematography,http://dbpedia.org/ontology/cinematography
http://rdf.freebase.com/ns/film.film.initial_release_date,http://yago-knowledge.org/resource/wasCreatedOnDate
http://rdf.freebase.com/ns/people.person.height_meters,http://yago-knowledge.org/resource/hasHeight
http://www.wikidata.org/entity/P21c,http://xmlns.com/foaf/0.1/gender
http://rdf.freebase.com/ns/sports.sports_team.league,http://www.wikidata.org/entity/P118c
http://dbpedia.org/ontology/spouse,http://yago-knowledge.org/resource/isMarriedTo
http://rdf.freebase.com/ns/people.person.children,http://yago-knowledge.org/resource/hasChild
http://www.wikidata.org/entity/P243c,http://dbpedia.org/ontology/oclc
http://dbpedia.org/ontology/iataLocationIdentifier,http://rdf.freebase.com/ns/aviation.airport.iata
http://dbpedia.org/ontology/Work/runtime,http://www.wikidata.org/entity/P2047c
http://dbpedia.org/ontology/foundingDate,http://yago-knowledge.org/resource/wasCreatedOnDate
http://www.wikidata.org/entity/P364c,http://dbpedia.org/ontology/language
http://dbpedia.org/ontology/author,http://www.wikidata.org/entity/P50c
http://dbpedia.org/ontology/numberOfEpisodes,http://rdf.freebase.com/ns/tv.tv_program.number_of_episodes
http://dbpedia.org/ontology/icaoAirlineCode,http://rdf.freebase.com/key/authority.icao.airline
http://rdf.freebase.com/ns/tv.tv_program.program_creator,http://www.wikidata.org/entity/P170c
http://dbpedia.org/ontology/alias,http://www.wikidata.org/entity/P742c
http://dbpedia.org/ontology/birthPlace,http://yago-knowledge.org/resource/wasBornIn
http://www.wikidata.org/entity/P570c,http://yago-knowledge.org/resource/diedOnDate
http://rdf.freebase.com/ns/book.author.openlibrary_id,http://www.wikidata.org/entity/P648c
http://rdf.freebase.com/ns/film.film.genre,http://dbpedia.org/ontology/genre
http://dbpedia.org/ontology/coden,http://www.wikidata.org/entity/P1159c
http://rdf.freebase.com/ns/book.book.genre,http://www.wikidata.org/entity/P136c
http://rdf.freebase.com/ns/book.book.genre,http://dbpedia.org/ontology/genre
http://schema.org/description,http://rdf.freebase.com/ns/common.topic.article
http://dbpedia.org/ontology/deathCause,http://rdf.freebase.com/ns/people.deceased_person.cause_of_death
http://www.wikidata.org/entity/P166c,http://yago-knowledge.org/resource/hasWonPrize
http://rdf.freebase.com/ns/media_common.adaptation.adapted_from,http://www.wikidata.org/entity/P144c
http://dbpedia.org/ontology/releaseDate,http://rdf.freebase.com/ns/music.album.release_date
http://rdf.freebase.com/ns/sports.pro_athlete.sports_played_professionally,http://www.wikidata.org/entity/P641c
http://dbpedia.org/ontology/isbn,http://www.wikidata.org/entity/P957c
http://www.wikidata.org/entity/P31c,http://www.w3.org/1999/02/22-rdf-syntax-ns#type
http://rdf.freebase.com/ns/tv.tv_program.number_of_episodes,http://www.wikidata.org/entity/P1113c
http://dbpedia.org/ontology/locatedInArea,http://yago-knowledge.org/resource/isLocatedIn
http://rdf.freebase.com/ns/music.artist.genre,http://dbpedia.org/ontology/genre
http://rdf.freebase.com/ns/geography.river.basin_countries,http://dbpedia.org/ontology/citizenship
http://rdf.freebase.com/ns/music.artist.genre,http://www.wikidata.org/entity/P136c
http://rdf.freebase.com/ns/book.written_work.date_of_first_publication,http://dbpedia.org/ontology/releaseDate
http://rdf.freebase.com/ns/tv.tv_program.air_date_of_first_episode,http://www.wikidata.org/entity/P585c
http://rdf.freebase.com/ns/music.group_member.instruments_played,http://www.wikidata.org/entity/P1303c
http://www.wikidata.org/entity/P1476c,http://purl.org/dc/terms/title
http://rdf.freebase.com/ns/film.film.initial_release_date,http://www.wikidata.org/entity/P577c
http://rdf.freebase.com/ns/tv.tv_program.regular_cast,http://www.wikidata.org/entity/P161c
http://rdf.freebase.com/ns/fictional_universe.fictional_character.character_created_by,http://www.wikidata.org/entity/P170c
http://rdf.freebase.com/ns/government.politician.party,http://www.wikidata.org/entity/P102c
http://rdf.freebase.com/ns/film.film.written_by,http://dbpedia.org/ontology/writer
http://dbpedia.org/ontology/team,http://rdf.freebase.com/ns/sports.pro_athlete.teams
http://rdf.freebase.com/ns/cvg.computer_videogame.developer,http://www.wikidata.org/entity/P178c
http://dbpedia.org/ontology/director,http://www.wikidata.org/entity/P57c
