sub	subl	prop	propl	obj	obj_t	obj_l
http://www.wikidata.org/entity/Q4766177	Ann-Maree Putney	http://schema.org/description	description	Australian ten-pin bowler	http://www.w3.org/1999/02/22-rdf-syntax-ns#langString	
http://www.wikidata.org/entity/Q4766177	Ann-Maree Putney	http://www.w3.org/1999/02/22-rdf-syntax-ns#type	type	http://www.wikidata.org/entity/Q5	entity	human
http://www.wikidata.org/entity/Q4766177	Ann-Maree Putney	http://www.w3.org/1999/02/22-rdf-syntax-ns#type	type	http://www.wikidata.org/ontology#Item	entity	Item
http://www.wikidata.org/entity/Q4766177	Ann-Maree Putney	http://www.w3.org/2000/01/rdf-schema#label	label	Ann-Maree Putney	http://www.w3.org/1999/02/22-rdf-syntax-ns#langString	
http://www.wikidata.org/entity/Q4766177	Ann-Maree Putney	http://www.wikidata.org/entity/P106c	occupation	http://www.wikidata.org/entity/Q4951095	entity	bowler
http://www.wikidata.org/entity/Q4766177	Ann-Maree Putney	http://www.wikidata.org/entity/P21c	sex or gender	http://www.wikidata.org/entity/Q6581072	entity	female
http://www.wikidata.org/entity/Q4766177	Ann-Maree Putney	http://www.wikidata.org/entity/P27c	country of citizenship	http://www.wikidata.org/entity/Q408	entity	Australia
http://www.wikidata.org/entity/Q4766177	Ann-Maree Putney	http://www.wikidata.org/entity/P31c	instance of	http://www.wikidata.org/entity/Q5	entity	human
