sub	subl	prop	propl	obj	obj_t	obj_l
http://www.wikidata.org/entity/Q6253590	John Putney	http://schema.org/description	description	American politician	http://www.w3.org/1999/02/22-rdf-syntax-ns#langString	
http://www.wikidata.org/entity/Q6253590	John Putney	http://www.w3.org/1999/02/22-rdf-syntax-ns#type	type	http://www.wikidata.org/entity/Q5	entity	human
http://www.wikidata.org/entity/Q6253590	John Putney	http://www.w3.org/1999/02/22-rdf-syntax-ns#type	type	http://www.wikidata.org/ontology#Item	entity	Item
http://www.wikidata.org/entity/Q6253590	John Putney	http://www.w3.org/2000/01/rdf-schema#label	label	John Putney	http://www.w3.org/1999/02/22-rdf-syntax-ns#langString	
http://www.wikidata.org/entity/Q6253590	John Putney	http://www.wikidata.org/entity/P102c	member of political party	http://www.wikidata.org/entity/Q29468	entity	Republican Party
http://www.wikidata.org/entity/Q6253590	John Putney	http://www.wikidata.org/entity/P102c	member of political party	http://www.wikidata.org/entity/Q7314655	entity	Republican Party of Iowa
http://www.wikidata.org/entity/Q6253590	John Putney	http://www.wikidata.org/entity/P106c	occupation	http://www.wikidata.org/entity/Q82955	entity	politician
http://www.wikidata.org/entity/Q6253590	John Putney	http://www.wikidata.org/entity/P18c	image	http://commons.wikimedia.org/wiki/File:John_Putney_-_Official_Portrait_-_82nd_GA.jpg	uri	null
http://www.wikidata.org/entity/Q6253590	John Putney	http://www.wikidata.org/entity/P21c	sex or gender	http://www.wikidata.org/entity/Q6581097	entity	male
http://www.wikidata.org/entity/Q6253590	John Putney	http://www.wikidata.org/entity/P27c	country of citizenship	http://www.wikidata.org/entity/Q30	entity	United States of America
http://www.wikidata.org/entity/Q6253590	John Putney	http://www.wikidata.org/entity/P31c	instance of	http://www.wikidata.org/entity/Q5	entity	human
http://www.wikidata.org/entity/Q6253590	John Putney	http://www.wikidata.org/entity/P373c	Commons category	John Putney	http://www.w3.org/2001/XMLSchema#string	
http://www.wikidata.org/entity/Q6253590	John Putney	http://www.wikidata.org/entity/P39c	position held	http://www.wikidata.org/entity/Q18707052	entity	member of the Iowa Senate
http://www.wikidata.org/entity/Q6253590	John Putney	http://www.wikidata.org/entity/P569c	date of birth	1944-03-06	http://www.w3.org/2001/XMLSchema#date	
http://www.wikidata.org/entity/Q6253590	John Putney	http://www.wikidata.org/entity/P69c	educated at	http://www.wikidata.org/entity/Q1136919	entity	Iowa State University
http://www.wikidata.org/entity/Q6253590	John Putney	http://www.wikidata.org/entity/P735c	given name	http://www.wikidata.org/entity/Q4925477	entity	John
