sub	subl	prop	propl	obj	obj_t	obj_l
http://rdf.freebase.com/ns/m.026zrln	John Putney	http://rdf.freebase.com/key/en	com/key/en	john_putney	http://www.w3.org/2001/XMLSchema#string	
http://rdf.freebase.com/ns/m.026zrln	John Putney	http://rdf.freebase.com/key/source.videosurf	videosurf	128825	http://www.w3.org/2001/XMLSchema#string	
http://rdf.freebase.com/ns/m.026zrln	John Putney	http://rdf.freebase.com/key/wikipedia.en	en	John_Putney	http://www.w3.org/2001/XMLSchema#string	
http://rdf.freebase.com/ns/m.026zrln	John Putney	http://rdf.freebase.com/key/wikipedia.en_id	en_id	8304932	http://www.w3.org/2001/XMLSchema#string	
http://rdf.freebase.com/ns/m.026zrln	John Putney	http://rdf.freebase.com/key/wikipedia.en_title	en_title	John_Putney	http://www.w3.org/2001/XMLSchema#string	
http://rdf.freebase.com/ns/m.026zrln	John Putney	http://rdf.freebase.com/ns/common.topic.article	Article	John Putney (born March 6, 1944) was the Iowa State Senator from the 20th District and minority whip. A Republican, he served in the Iowa Senate from 2003 until his 2009 retirement. He attended the University of Nebraska and received his Bachelors in Farm Operations from Iowa State University. Putney served on several committees in the Iowa Senate during his last term - the Agriculture committee; the Appropriations committee; the Commerce committee; the Ethics committee; the Transportation committee; and the Ways and Means committee. He was the ranking member of the Transportation, Infrastructure, and Capitals Appropriations Subcommittee. Putney was re-elected in 2004 with 21,784 votes in an uncontested election.  He did not be seek re-election to the Senate in 2008.	http://www.w3.org/1999/02/22-rdf-syntax-ns#langString	
http://rdf.freebase.com/ns/m.026zrln	John Putney	http://rdf.freebase.com/ns/common.topic.description	Description	John Putney was the Iowa State Senator from the 20th District and minority whip. A Republican, he served in the Iowa Senate from 2003 until his 2009 retirement. He attended the University of Nebraska and received his Bachelors in Farm Operations from Iowa State University. Putney served on several committees in the Iowa Senate during his last term - the Agriculture committee; the Appropriations committee; the Commerce committee; the Ethics committee; the Transportation committee; and the Ways and Means committee. He was the ranking member of the Transportation, Infrastructure, and Capitals Appropriations Subcommittee. Putney was re-elected in 2004 with 21,784 votes in an uncontested election. He did not be seek re-election to the Senate in 2008.	http://www.w3.org/1999/02/22-rdf-syntax-ns#langString	
http://rdf.freebase.com/ns/m.026zrln	John Putney	http://rdf.freebase.com/ns/common.topic.notable_for	Notable for	Politician	http://www.w3.org/1999/02/22-rdf-syntax-ns#langString	
http://rdf.freebase.com/ns/m.026zrln	John Putney	http://rdf.freebase.com/ns/common.topic.notable_types	Notable types	http://rdf.freebase.com/ns/m.02xlh55	entity	Politician
http://rdf.freebase.com/ns/m.026zrln	John Putney	http://rdf.freebase.com/ns/common.topic.official_website	Official website	http://www3.legis.state.ia.us/ga/member.do?id=271&amp;ga=82	uri	null
http://rdf.freebase.com/ns/m.026zrln	John Putney	http://rdf.freebase.com/ns/common.topic.topic_equivalent_webpage	Topic equivalent webpage	http://en.wikipedia.org/wiki/John_Putney	uri	null
http://rdf.freebase.com/ns/m.026zrln	John Putney	http://rdf.freebase.com/ns/common.topic.topic_equivalent_webpage	Topic equivalent webpage	http://en.wikipedia.org/wiki/index.html?curid=8304932	uri	null
http://rdf.freebase.com/ns/m.026zrln	John Putney	http://rdf.freebase.com/ns/common.topic.webpage	Web Link(s)	http://rdf.freebase.com/ns/m.03lw8kz	uri	null
http://rdf.freebase.com/ns/m.026zrln	John Putney	http://rdf.freebase.com/ns/government.politician.party	Party	http://rdf.freebase.com/ns/m.08ct5cx	entity	Republican Party
http://rdf.freebase.com/ns/m.026zrln	John Putney	http://rdf.freebase.com/ns/government.politician.party	Party	http://rdf.freebase.com/ns/m.0j4mb09	entity	Republican Party of Iowa
http://rdf.freebase.com/ns/m.026zrln	John Putney	http://rdf.freebase.com/ns/kg.object_profile.prominent_type	prominent type	http://rdf.freebase.com/ns/government.politician	entity	Politician
http://rdf.freebase.com/ns/m.026zrln	John Putney	http://rdf.freebase.com/ns/people.person.date_of_birth	Date of birth	1944-03-06	http://www.w3.org/2001/XMLSchema#date	
http://rdf.freebase.com/ns/m.026zrln	John Putney	http://rdf.freebase.com/ns/people.person.education	Education	http://rdf.freebase.com/ns/m.07lhc27	entity	Iowa State University
http://rdf.freebase.com/ns/m.026zrln	John Putney	http://rdf.freebase.com/ns/people.person.education	Education	http://rdf.freebase.com/ns/m.0jr7qt5	entity	University of Nebraska–Lincoln
http://rdf.freebase.com/ns/m.026zrln	John Putney	http://rdf.freebase.com/ns/people.person.gender	Gender	http://rdf.freebase.com/ns/m.05zppz	entity	Male
http://rdf.freebase.com/ns/m.026zrln	John Putney	http://rdf.freebase.com/ns/people.person.place_of_birth	Place of birth	http://rdf.freebase.com/ns/m.0t3k8	entity	Gladbrook
http://rdf.freebase.com/ns/m.026zrln	John Putney	http://rdf.freebase.com/ns/people.person.places_lived	Places lived	http://rdf.freebase.com/ns/m.0whzt2c	entity	Gladbrook
http://rdf.freebase.com/ns/m.026zrln	John Putney	http://rdf.freebase.com/ns/people.person.spouse_s	Spouse (or domestic partner)	http://rdf.freebase.com/ns/m.0j69d9c	entity	Emily Putney
http://rdf.freebase.com/ns/m.026zrln	John Putney	http://rdf.freebase.com/ns/type.object.key	Key	/en/john_putney	http://www.w3.org/2001/XMLSchema#string	
http://rdf.freebase.com/ns/m.026zrln	John Putney	http://rdf.freebase.com/ns/type.object.key	Key	/source/videosurf/128825	http://www.w3.org/2001/XMLSchema#string	
http://rdf.freebase.com/ns/m.026zrln	John Putney	http://rdf.freebase.com/ns/type.object.key	Key	/wikipedia/en/John_Putney	http://www.w3.org/2001/XMLSchema#string	
http://rdf.freebase.com/ns/m.026zrln	John Putney	http://rdf.freebase.com/ns/type.object.key	Key	/wikipedia/en_id/8304932	http://www.w3.org/2001/XMLSchema#string	
http://rdf.freebase.com/ns/m.026zrln	John Putney	http://rdf.freebase.com/ns/type.object.key	Key	/wikipedia/en_title/John_Putney	http://www.w3.org/2001/XMLSchema#string	
http://rdf.freebase.com/ns/m.026zrln	John Putney	http://rdf.freebase.com/ns/type.object.name	Name	John Putney	http://www.w3.org/1999/02/22-rdf-syntax-ns#langString	
http://rdf.freebase.com/ns/m.026zrln	John Putney	http://rdf.freebase.com/ns/type.object.type	Type	http://rdf.freebase.com/ns/base.type_ontology.agent	entity	Agent
http://rdf.freebase.com/ns/m.026zrln	John Putney	http://rdf.freebase.com/ns/type.object.type	Type	http://rdf.freebase.com/ns/base.type_ontology.animate	entity	Animate
http://rdf.freebase.com/ns/m.026zrln	John Putney	http://rdf.freebase.com/ns/type.object.type	Type	http://rdf.freebase.com/ns/base.type_ontology.physically_instantiable	entity	Physically Instantiable
http://rdf.freebase.com/ns/m.026zrln	John Putney	http://rdf.freebase.com/ns/type.object.type	Type	http://rdf.freebase.com/ns/common.topic	entity	Topic
http://rdf.freebase.com/ns/m.026zrln	John Putney	http://rdf.freebase.com/ns/type.object.type	Type	http://rdf.freebase.com/ns/government.politician	entity	Politician
http://rdf.freebase.com/ns/m.026zrln	John Putney	http://rdf.freebase.com/ns/type.object.type	Type	http://rdf.freebase.com/ns/people.person	entity	Person
http://rdf.freebase.com/ns/m.026zrln	John Putney	http://www.w3.org/1999/02/22-rdf-syntax-ns#type	type	http://rdf.freebase.com/ns/base.type_ontology.agent	entity	Agent
http://rdf.freebase.com/ns/m.026zrln	John Putney	http://www.w3.org/1999/02/22-rdf-syntax-ns#type	type	http://rdf.freebase.com/ns/base.type_ontology.animate	entity	Animate
http://rdf.freebase.com/ns/m.026zrln	John Putney	http://www.w3.org/1999/02/22-rdf-syntax-ns#type	type	http://rdf.freebase.com/ns/base.type_ontology.physically_instantiable	entity	Physically Instantiable
http://rdf.freebase.com/ns/m.026zrln	John Putney	http://www.w3.org/1999/02/22-rdf-syntax-ns#type	type	http://rdf.freebase.com/ns/common.topic	entity	Topic
http://rdf.freebase.com/ns/m.026zrln	John Putney	http://www.w3.org/1999/02/22-rdf-syntax-ns#type	type	http://rdf.freebase.com/ns/government.politician	entity	Politician
http://rdf.freebase.com/ns/m.026zrln	John Putney	http://www.w3.org/1999/02/22-rdf-syntax-ns#type	type	http://rdf.freebase.com/ns/people.person	entity	Person
http://rdf.freebase.com/ns/m.026zrln	John Putney	http://www.w3.org/2000/01/rdf-schema#label	label	John Putney	http://www.w3.org/1999/02/22-rdf-syntax-ns#langString	
